id,years_experience,skills,education_level,location,preferred_work_mode,gender,race,suitability_score
CAND_00000,3.0,68.0,Bacharelado,Região Metropolitana,Presencial,Feminino,Branca,0.4521782688191039
CAND_00001,2.7,40.0,Mestrado,Região Metropolitana,Híbrido,Feminino,Amarela,0.3141023820529159
CAND_00002,3.6,66.0,Bacharelado,Capitais,Presencial,Feminino,Indígena,0.4080104721218359
CAND_00003,0.6,50.0,Bacharelado,Capitais,Híbrido,Feminino,Branca,0.5041646038842191
CAND_00004,8.2,47.0,Mestrado,Região Metropolitana,Remoto,Masculino,Branca,0.7661098462365837
CAND_00005,0.0,25.0,Ensino Médio,Região Metropolitana,Presencial,Feminino,Branca,0.25607510301227276
CAND_00006,5.5,68.0,Bacharelado,Capitais,Remoto,Masculino,Branca,0.9298360907523354
CAND_00007,2.5,52.0,Mestrado,Região Metropolitana,Presencial,Não-binário,Preta,0.297701351208827
CAND_00008,11.0,26.0,Bacharelado,Região Metropolitana,Presencial,Masculino,Branca,0.6205734650120094
CAND_00009,5.1,56.0,Mestrado,Capitais,Híbrido,Masculino,Parda,0.8188404028777488
CAND_00010,0.0,41.0,Mestrado,Região Metropolitana,Presencial,Masculino,Preta,0.2530804244106932
CAND_00011,6.6,51.0,Bacharelado,Capitais,Presencial,Feminino,Branca,0.6154868850626661
CAND_00012,1.7,54.0,Bacharelado,Capitais,Remoto,Feminino,Parda,0.3867435542480782
CAND_00013,8.0,68.0,Bacharelado,Região Metropolitana,Híbrido,Masculino,Parda,0.581161215542681
CAND_00014,6.9,33.0,Mestrado,Capitais,Remoto,Masculino,Preta,0.49895573002273347
CAND_00015,9.4,59.0,Mestrado,Capitais,Presencial,Masculino,Branca,0.9790590631399001
CAND_00016,5.6,70.0,Bacharelado,Capitais,Híbrido,Feminino,Branca,0.6523106282223454
CAND_00017,7.5,88.0,Mestrado,Capitais,Híbrido,Masculino,Branca,0.8656823410190237
CAND_00018,5.1,66.0,Doutorado,Região Metropolitana,Presencial,Masculino,Branca,0.8429366500014923
CAND_00019,3.2,55.0,Ensino Médio,Capitais,Remoto,Masculino,Indígena,0.470715114004633
CAND_00020,8.2,54.0,Bacharelado,Capitais,Híbrido,Masculino,Preta,0.6111747308472895
CAND_00021,1.3,73.0,Mestrado,Capitais,Remoto,Feminino,Branca,0.6714163827794652
CAND_00022,4.9,46.0,Bacharelado,Capitais,Presencial,Não-binário,Branca,0.3025111772356093
CAND_00023,3.3,62.0,Bacharelado,Região Metropolitana,Híbrido,Masculino,Amarela,0.47379948996413956
CAND_00024,7.5,83.0,Mestrado,Região Metropolitana,Híbrido,Masculino,Branca,0.7918071678769063
CAND_00025,2.2,48.0,Mestrado,Capitais,Híbrido,Masculino,Branca,0.7058582593450707
CAND_00026,3.8,20.0,Bacharelado,Região Metropolitana,Híbrido,Masculino,Amarela,0.16733311793114322
CAND_00027,5.1,37.0,Bacharelado,Região Metropolitana,Presencial,Feminino,Branca,0.39387725069151314
CAND_00028,9.5,54.0,Bacharelado,Capitais,Presencial,Masculino,Branca,0.8343382041996364
CAND_00029,3.4,37.0,Bacharelado,Região Metropolitana,Híbrido,Masculino,Branca,0.33721555463372255
CAND_00030,3.8,45.0,Mestrado,Região Metropolitana,Presencial,Masculino,Indígena,0.47919472457275125
CAND_00031,1.0,46.0,Bacharelado,Capitais,Híbrido,Masculino,Branca,0.45429494950829663
CAND_00032,2.1,58.0,Bacharelado,Região Metropolitana,Presencial,Masculino,Indígena,0.5570071521078902
CAND_00033,6.2,36.0,Bacharelado,Região Metropolitana,Presencial,Masculino,Branca,0.4237637631246476
CAND_00034,5.1,41.0,Ensino Médio,Capitais,Híbrido,Não-binário,Branca,0.33065609090445613
CAND_00035,5.1,71.0,Bacharelado,Região Metropolitana,Remoto,Masculino,Branca,0.8673972842443157
CAND_00036,10.2,43.0,Bacharelado,Capitais,Híbrido,Masculino,Branca,0.6713418701657768
CAND_00037,0.0,61.0,Ensino Médio,Região Metropolitana,Presencial,Masculino,Indígena,0.32059687770461115
CAND_00038,12.0,50.0,Bacharelado,Capitais,Híbrido,Masculino,Indígena,0.6824898291064381
CAND_00039,8.5,50.0,Mestrado,Capitais,Presencial,Feminino,Branca,0.6253072415022226
CAND_00040,4.0,61.0,Bacharelado,Região Metropolitana,Híbrido,Feminino,Branca,0.2416484468628024
CAND_00041,6.2,22.0,Bacharelado,Capitais,Presencial,Feminino,Branca,0.38581537431508534
CAND_00042,3.0,57.0,Bacharelado,Capitais,Presencial,Masculino,Branca,0.7573635754602775
CAND_00043,6.0,58.0,Bacharelado,Capitais,Híbrido,Feminino,Preta,0.5171314344006748
CAND_00044,11.4,63.0,Bacharelado,Capitais,Presencial,Masculino,Amarela,0.6038130594253327
CAND_00045,3.1,44.0,Bacharelado,Capitais,Remoto,Feminino,Preta,0.15837806510603136
CAND_00046,4.3,50.0,Ensino Médio,Interior,Presencial,Não-binário,Branca,0.2766358795042434
CAND_00047,2.7,13.0,Bacharelado,Região Metropolitana,Presencial,Masculino,Parda,0.32448510386599433
CAND_00048,3.2,40.0,Bacharelado,Capitais,Híbrido,Masculino,Amarela,0.5721797103199086
CAND_00049,3.8,53.0,Bacharelado,Região Metropolitana,Híbrido,Masculino,Branca,0.6344252639666188
CAND_00050,1.7,72.0,Mestrado,Capitais,Remoto,Masculino,Branca,0.7940299079235751
CAND_00051,4.2,78.0,Mestrado,Capitais,Presencial,Feminino,Branca,0.6996401393269003
CAND_00052,5.2,45.0,Bacharelado,Região Metropolitana,Híbrido,Feminino,Preta,0.01288463444590554
CAND_00053,3.8,63.0,Bacharelado,Capitais,Híbrido,Masculino,Amarela,0.5554891606947878
CAND_00054,0.0,48.0,Doutorado,Região Metropolitana,Híbrido,Feminino,Amarela,0.17891927960101567
CAND_00055,4.5,26.0,Bacharelado,Região Metropolitana,Remoto,Masculino,Parda,0.4069167231090059
CAND_00056,4.9,59.0,Mestrado,Região Metropolitana,Híbrido,Masculino,Branca,0.7799139644414341
CAND_00057,10.7,77.0,Bacharelado,Região Metropolitana,Remoto,Masculino,Branca,0.9849150931339138
CAND_00058,5.1,44.0,Bacharelado,Interior,Presencial,Masculino,Preta,0.2779055256022015
CAND_00059,7.8,36.0,Doutorado,Região Metropolitana,Remoto,Masculino,Preta,0.6536413039762144
CAND_00060,3.7,51.0,Bacharelado,Região Metropolitana,Presencial,Feminino,Amarela,0.20445969039346604
CAND_00061,8.9,48.0,Bacharelado,Capitais,Presencial,Feminino,Parda,0.3477897027381487
CAND_00062,2.2,89.0,Bacharelado,Capitais,Híbrido,Feminino,Indígena,0.333479602881835
CAND_00063,6.5,65.0,Mestrado,Região Metropolitana,Presencial,Feminino,Branca,0.7425613093681462
CAND_00064,7.5,52.0,Bacharelado,Interior,Híbrido,Masculino,Amarela,0.586219700211431
CAND_00065,7.1,7.0,Bacharelado,Região Metropolitana,Remoto,Masculino,Indígena,0.40629472392246324
CAND_00066,11.5,48.0,Bacharelado,Capitais,Presencial,Masculino,Amarela,0.560326159548304
CAND_00067,3.2,78.0,Bacharelado,Capitais,Presencial,Masculino,Branca,0.7453436459979945
CAND_00068,9.2,51.0,Ensino Médio,Interior,Híbrido,Não-binário,Amarela,0.13368677543397736
CAND_00069,8.5,62.0,Bacharelado,Região Metropolitana,Híbrido,Feminino,Parda,0.5194272524029494
CAND_00070,5.1,56.0,Mestrado,Capitais,Presencial,Masculino,Branca,0.8317968177270755
CAND_00071,10.5,43.0,Mestrado,Região Metropolitana,Híbrido,Masculino,Branca,0.8163143559600632
CAND_00072,4.6,75.0,Bacharelado,Interior,Híbrido,Feminino,Branca,0.3228108330911227
CAND_00073,5.1,53.0,Bacharelado,Capitais,Híbrido,Masculino,Branca,0.6012002837179965
CAND_00074,5.0,39.0,Bacharelado,Capitais,Presencial,Masculino,Branca,0.7103633003598512
CAND_00075,1.2,50.0,Bacharelado,Capitais,Híbrido,Feminino,Preta,0.13401906768644678
CAND_00076,7.3,71.0,Mestrado,Interior,Presencial,Feminino,Branca,0.5219397455263977
CAND_00077,6.8,28.0,Bacharelado,Capitais,Híbrido,Feminino,Amarela,0.2496814030212644
CAND_00078,4.7,54.0,Ensino Médio,Interior,Presencial,Feminino,Preta,0.005813236178825176
CAND_00079,10.3,51.0,Bacharelado,Capitais,Presencial,Masculino,Parda,0.7731972229077009
CAND_00080,3.7,27.0,Bacharelado,Interior,Híbrido,Masculino,Parda,0.45097810937467686
CAND_00081,0.0,62.0,Mestrado,Capitais,Híbrido,Masculino,Branca,0.6850588548798068
CAND_00082,10.7,54.0,Mestrado,Capitais,Presencial,Masculino,Parda,0.9671721201157168
CAND_00083,8.0,63.0,Bacharelado,Capitais,Híbrido,Feminino,Branca,0.7682692050775174
CAND_00084,6.9,67.0,Mestrado,Capitais,Híbrido,Não-binário,Branca,0.5214749567924508
CAND_00085,4.0,49.0,Ensino Médio,Capitais,Presencial,Masculino,Branca,0.666869224695013
CAND_00086,6.0,42.0,Bacharelado,Capitais,Remoto,Feminino,Branca,0.4640689628363862
CAND_00087,1.2,29.0,Ensino Médio,Região Metropolitana,Presencial,Não-binário,Indígena,0.0
CAND_00088,4.3,40.0,Ensino Médio,Região Metropolitana,Híbrido,Masculino,Branca,0.5422896009016834
CAND_00089,2.3,50.0,Ensino Médio,Capitais,Presencial,Masculino,Branca,0.3824489365762705
CAND_00090,5.8,36.0,Bacharelado,Capitais,Presencial,Masculino,Parda,0.6877740360273998
CAND_00091,7.8,59.0,Mestrado,Capitais,Híbrido,Masculino,Branca,0.928757743958059
CAND_00092,1.9,36.0,Bacharelado,Região Metropolitana,Remoto,Não-binário,Parda,0.25495456896832946
CAND_00093,7.2,24.0,Bacharelado,Capitais,Híbrido,Masculino,Branca,0.7366346057058841
CAND_00094,5.6,41.0,Bacharelado,Capitais,Presencial,Masculino,Branca,0.6061363422808552
CAND_00095,7.1,53.0,Doutorado,Região Metropolitana,Híbrido,Feminino,Amarela,0.12558134001587817
CAND_00096,4.3,31.0,Bacharelado,Capitais,Presencial,Feminino,Branca,0.36185080768492495
CAND_00097,7.1,37.0,Bacharelado,Capitais,Remoto,Masculino,Amarela,0.36827427547279945
CAND_00098,2.9,41.0,Doutorado,Região Metropolitana,Híbrido,Masculino,Branca,0.673061944625289
CAND_00099,0.0,43.0,Bacharelado,Região Metropolitana,Remoto,Masculino,Branca,0.6660197971949076
CAND_00100,0.6,54.0,Bacharelado,Capitais,Híbrido,Masculino,Parda,0.6075386245321441
CAND_00101,3.5,60.0,Bacharelado,Capitais,Remoto,Masculino,Branca,0.6841939431312997
CAND_00102,0.2,43.0,Ensino Médio,Capitais,Presencial,Feminino,Preta,0.18709886925448782
CAND_00103,9.7,34.0,Bacharelado,Interior,Remoto,Feminino,Branca,0.5492092568093686
CAND_00104,4.8,52.0,Mestrado,Capitais,Presencial,Masculino,Indígena,0.6483985412482465
CAND_00105,7.8,58.0,Bacharelado,Capitais,Remoto,Masculino,Branca,0.7232458981824317
CAND_00106,7.4,74.0,Mestrado,Região Metropolitana,Presencial,Masculino,Amarela,0.6563199378575512
CAND_00107,5.0,67.0,Bacharelado,Capitais,Híbrido,Feminino,Preta,0.3336473389135178
CAND_00108,15.6,31.0,Bacharelado,Capitais,Híbrido,Masculino,Branca,0.8171315779282375
CAND_00109,13.8,48.0,Bacharelado,Capitais,Híbrido,Masculino,Preta,0.7469136247091278
CAND_00110,9.2,57.0,Bacharelado,Região Metropolitana,Híbrido,Feminino,Preta,0.39650471295689316
CAND_00111,2.3,37.0,Bacharelado,Região Metropolitana,Híbrido,Feminino,Indígena,0.07864891586055234
CAND_00112,9.3,45.0,Doutorado,Região Metropolitana,Híbrido,Masculino,Branca,0.6896570691624482
CAND_00113,0.0,60.0,Bacharelado,Capitais,Híbrido,Feminino,Branca,0.38660465819350665
CAND_00114,9.2,54.0,Bacharelado,Capitais,Remoto,Feminino,Preta,0.2505953308996808
CAND_00115,0.0,50.0,Bacharelado,Capitais,Híbrido,Masculino,Preta,0.30323617396539493
CAND_00116,4.0,40.0,Bacharelado,Região Metropolitana,Remoto,Masculino,Preta,0.33986798751503217
CAND_00117,8.6,28.0,Bacharelado,Capitais,Híbrido,Masculino,Branca,0.6661561135198355
CAND_00118,6.2,45.0,Bacharelado,Capitais,Híbrido,Masculino,Parda,0.671125066998257
CAND_00119,0.6,49.0,Ensino Médio,Capitais,Remoto,Masculino,Branca,0.5246178270120827
CAND_00120,5.5,28.0,Mestrado,Capitais,Híbrido,Masculino,Branca,0.5324049379357734
CAND_00121,6.2,51.0,Bacharelado,Capitais,Presencial,Feminino,Amarela,0.23136148981323318
CAND_00122,5.6,56.0,Bacharelado,Interior,Híbrido,Masculino,Amarela,0.280548420089784
CAND_00123,3.8,40.0,Mestrado,Capitais,Híbrido,Masculino,Preta,0.35656988524256106
CAND_00124,7.6,56.0,Bacharelado,Capitais,Presencial,Masculino,Branca,0.8165938533575947
CAND_00125,8.4,54.0,Bacharelado,Capitais,Remoto,Feminino,Branca,0.5442286884557133
CAND_00126,4.5,45.0,Bacharelado,Capitais,Híbrido,Masculino,Branca,0.5770315187252902
CAND_00127,9.6,44.0,Mestrado,Interior,Híbrido,Masculino,Branca,0.6590084385061277
CAND_00128,4.5,45.0,Bacharelado,Capitais,Presencial,Feminino,Branca,0.4990741372449722
CAND_00129,3.5,37.0,Mestrado,Região Metropolitana,Híbrido,Masculino,Branca,0.6436928403423856
CAND_00130,9.1,55.0,Bacharelado,Região Metropolitana,Presencial,Feminino,Branca,0.792618135604934
CAND_00131,9.0,37.0,Mestrado,Capitais,Presencial,Feminino,Amarela,0.3185701961186746
CAND_00132,3.1,38.0,Doutorado,Capitais,Remoto,Masculino,Branca,0.7514437699175689
CAND_00133,2.7,57.0,Mestrado,Capitais,Híbrido,Masculino,Branca,0.838744404876284
CAND_00134,10.3,46.0,Bacharelado,Capitais,Remoto,Masculino,Branca,0.9464639112257832
CAND_00135,4.7,51.0,Bacharelado,Capitais,Híbrido,Feminino,Branca,0.4729289838555926
CAND_00136,5.0,24.0,Mestrado,Capitais,Híbrido,Não-binário,Branca,0.21615357400812002
CAND_00137,4.2,42.0,Bacharelado,Interior,Presencial,Masculino,Branca,0.4712174331248179
CAND_00138,9.0,75.0,Bacharelado,Capitais,Presencial,Masculino,Preta,0.6654983522904382
CAND_00139,11.4,23.0,Bacharelado,Capitais,Híbrido,Masculino,Branca,0.9843308179091046
CAND_00140,5.2,76.0,Mestrado,Região Metropolitana,Híbrido,Não-binário,Parda,0.36916274828462325
CAND_00141,12.3,54.0,Mestrado,Capitais,Presencial,Feminino,Branca,0.7065301626776369
CAND_00142,3.3,42.0,Mestrado,Capitais,Remoto,Feminino,Branca,0.41613562771453316
CAND_00143,4.2,47.0,Mestrado,Capitais,Presencial,Masculino,Preta,0.5635192569087253
CAND_00144,7.0,68.0,Mestrado,Interior,Híbrido,Masculino,Branca,0.6502587381320756
CAND_00145,2.5,16.0,Bacharelado,Capitais,Híbrido,Não-binário,Branca,0.11076669060966851
CAND_00146,7.0,71.0,Mestrado,Capitais,Remoto,Masculino,Indígena,0.5182250512917261
CAND_00147,3.4,54.0,Doutorado,Capitais,Híbrido,Feminino,Branca,0.6098762717049923
CAND_00148,0.4,65.0,Mestrado,Capitais,Presencial,Masculino,Parda,0.6758444402164532
CAND_00149,0.0,24.0,Bacharelado,Região Metropolitana,Remoto,Masculino,Branca,0.4980975238386054
CAND_00150,4.0,47.0,Mestrado,Interior,Presencial,Feminino,Amarela,0.18147640528338282
CAND_00151,6.3,15.0,Ensino Médio,Interior,Remoto,Feminino,Amarela,0.01664977418702303
CAND_00152,0.9,68.0,Ensino Médio,Capitais,Híbrido,Masculino,Preta,0.43625839369268304
CAND_00153,5.5,35.0,Doutorado,Região Metropolitana,Presencial,Feminino,Branca,0.4167000557637426
CAND_00154,5.5,35.0,Bacharelado,Capitais,Presencial,Masculino,Indígena,0.4999980473528832
CAND_00155,4.5,21.0,Bacharelado,Capitais,Remoto,Masculino,Parda,0.5748416425165775
CAND_00156,2.2,57.0,Bacharelado,Região Metropolitana,Presencial,Masculino,Indígena,0.3766565028154789
CAND_00157,5.7,51.0,Mestrado,Região Metropolitana,Remoto,Masculino,Indígena,0.39201868012916824
CAND_00158,4.6,39.0,Mestrado,Interior,Híbrido,Masculino,Branca,0.5827491794198393
CAND_00159,7.9,54.0,Bacharelado,Interior,Remoto,Feminino,Branca,0.4056020687092688
CAND_00160,1.1,38.0,Bacharelado,Capitais,Presencial,Feminino,Branca,0.5078794490101964
CAND_00161,5.3,24.0,Mestrado,Capitais,Presencial,Não-binário,Branca,0.46781974443893565
CAND_00162,1.2,45.0,Doutorado,Capitais,Híbrido,Masculino,Branca,0.6722626489932726
CAND_00163,4.3,75.0,Bacharelado,Região Metropolitana,Remoto,Masculino,Branca,0.6009078650755528
CAND_00164,1.7,65.0,Bacharelado,Capitais,Presencial,Masculino,Branca,0.8286290074239937
CAND_00165,2.2,57.0,Bacharelado,Capitais,Remoto,Feminino,Branca,0.5501850856867775
CAND_00166,5.0,54.0,Bacharelado,Capitais,Presencial,Masculino,Amarela,0.6447868754502513
CAND_00167,3.3,45.0,Ensino Médio,Capitais,Presencial,Feminino,Branca,0.49238542585065603
CAND_00168,9.4,61.0,Bacharelado,Capitais,Presencial,Masculino,Preta,0.4601165201568073
CAND_00169,8.5,58.0,Bacharelado,Capitais,Híbrido,Feminino,Branca,0.6481335656326028
CAND_00170,7.4,49.0,Bacharelado,Capitais,Híbrido,Masculino,Preta,0.589314806209426
CAND_00171,7.4,53.0,Bacharelado,Capitais,Remoto,Masculino,Branca,0.7710693351951491
CAND_00172,5.4,26.0,Doutorado,Interior,Híbrido,Feminino,Preta,0.07963119888500156
CAND_00173,8.9,43.0,Ensino Médio,Capitais,Remoto,Masculino,Amarela,0.45347223343802406
CAND_00174,4.1,32.0,Bacharelado,Região Metropolitana,Presencial,Masculino,Preta,0.2335716400488254
CAND_00175,11.4,32.0,Bacharelado,Região Metropolitana,Remoto,Feminino,Preta,0.2453390580554045
CAND_00176,2.2,57.0,Bacharelado,Região Metropolitana,Híbrido,Masculino,Preta,0.24677265361930686
CAND_00177,1.6,31.0,Bacharelado,Capitais,Híbrido,Masculino,Preta,0.12337279793899714
CAND_00178,0.8,62.0,Bacharelado,Capitais,Híbrido,Masculino,Branca,0.608978430746068
CAND_00179,1.3,65.0,Bacharelado,Interior,Remoto,Masculino,Parda,0.427485280712976
CAND_00180,0.1,49.0,Mestrado,Capitais,Híbrido,Feminino,Branca,0.6717974924392505
CAND_00181,5.6,41.0,Bacharelado,Capitais,Presencial,Feminino,Preta,0.3624265035212269
CAND_00182,7.6,65.0,Ensino Médio,Interior,Presencial,Masculino,Branca,0.5916036598375446
CAND_00183,5.1,58.0,Mestrado,Capitais,Remoto,Feminino,Indígena,0.43097065389281536
CAND_00184,0.8,68.0,Bacharelado,Capitais,Híbrido,Masculino,Branca,0.7931748022381692
CAND_00185,3.6,34.0,Bacharelado,Região Metropolitana,Remoto,Masculino,Branca,0.5566070579977794
CAND_00186,7.5,46.0,Bacharelado,Região Metropolitana,Presencial,Masculino,Branca,0.6651591402826725
CAND_00187,4.0,47.0,Mestrado,Capitais,Híbrido,Masculino,Branca,0.6926838665502406
CAND_00188,2.6,53.0,Bacharelado,Capitais,Híbrido,Masculino,Branca,0.649541337127609
CAND_00189,0.5,59.0,Bacharelado,Região Metropolitana,Remoto,Feminino,Amarela,0.08430366107431442
CAND_00190,3.7,52.0,Bacharelado,Capitais,Híbrido,Feminino,Preta,0.34670343745219223
CAND_00191,2.9,70.0,Bacharelado,Região Metropolitana,Presencial,Masculino,Branca,0.6617051753784219
CAND_00192,4.7,44.0,Mestrado,Capitais,Remoto,Feminino,Parda,0.5958574945757189
CAND_00193,6.4,34.0,Bacharelado,Região Metropolitana,Híbrido,Feminino,Branca,0.5220190391983877
CAND_00194,4.2,40.0,Mestrado,Capitais,Presencial,Feminino,Branca,0.5410275670290305
CAND_00195,5.6,38.0,Bacharelado,Capitais,Híbrido,Masculino,Branca,0.7873637728973037
CAND_00196,6.4,43.0,Mestrado,Interior,Remoto,Feminino,Branca,0.3793015040326647
CAND_00197,1.3,46.0,Bacharelado,Capitais,Presencial,Masculino,Branca,0.5544065635783101
CAND_00198,10.7,47.0,Mestrado,Interior,Remoto,Masculino,Branca,0.6372300291397257
CAND_00199,2.8,53.0,Mestrado,Interior,Presencial,Masculino,Preta,0.32516529658414317
CAND_00200,6.5,43.0,Bacharelado,Região Metropolitana,Híbrido,Masculino,Branca,0.7217330957958232
CAND_00201,1.6,66.0,Bacharelado,Capitais,Presencial,Feminino,Branca,0.5343534570764353
CAND_00202,5.3,21.0,Mestrado,Capitais,Remoto,Feminino,Preta,0.38173483493798227
CAND_00203,5.4,17.0,Bacharelado,Região Metropolitana,Híbrido,Masculino,Indígena,0.42662085102400527
CAND_00204,10.0,65.0,Mestrado,Região Metropolitana,Presencial,Feminino,Indígena,0.4549465158775939
CAND_00205,4.3,64.0,Mestrado,Região Metropolitana,Híbrido,Feminino,Indígena,0.40813435958082556
CAND_00206,8.9,69.0,Bacharelado,Capitais,Híbrido,Masculino,Branca,0.944102541245033
CAND_00207,5.9,60.0,Bacharelado,Capitais,Presencial,Masculino,Branca,0.7106758370613733
CAND_00208,10.6,50.0,Doutorado,Capitais,Híbrido,Masculino,Preta,0.5987123366738798
CAND_00209,0.0,46.0,Mestrado,Região Metropolitana,Híbrido,Masculino,Preta,0.4487996132276324
CAND_00210,6.4,26.0,Bacharelado,Região Metropolitana,Presencial,Feminino,Indígena,0.30951435727620136
CAND_00211,0.0,52.0,Ensino Médio,Região Metropolitana,Remoto,Masculino,Branca,0.5117519909477417
CAND_00212,4.8,28.0,Mestrado,Capitais,Presencial,Feminino,Indígena,0.2563766306547073
CAND_00213,8.1,87.0,Mestrado,Capitais,Presencial,Masculino,Branca,0.9311976139253216
CAND_00214,9.3,35.0,Doutorado,Capitais,Híbrido,Feminino,Branca,0.6557186870324697
CAND_00215,7.2,49.0,Ensino Médio,Capitais,Presencial,Masculino,Preta,0.5132465048644149
CAND_00216,4.1,73.0,Ensino Médio,Capitais,Presencial,Feminino,Preta,0.37768740113099464
CAND_00217,6.6,45.0,Bacharelado,Capitais,Remoto,Masculino,Branca,0.7294831758334128
CAND_00218,12.5,45.0,Mestrado,Capitais,Híbrido,Masculino,Branca,0.7593787184770111
CAND_00219,5.2,11.0,Doutorado,Capitais,Híbrido,Masculino,Branca,0.7927284762596769
CAND_00220,7.9,30.0,Bacharelado,Capitais,Híbrido,Masculino,Indígena,0.6462445479520603
CAND_00221,3.7,58.0,Ensino Médio,Interior,Remoto,Masculino,Branca,0.6035641302757508
CAND_00222,8.2,75.0,Bacharelado,Interior,Remoto,Masculino,Amarela,0.6508253289439773
CAND_00223,7.7,37.0,Mestrado,Capitais,Híbrido,Feminino,Branca,0.634208199262127
CAND_00224,3.2,53.0,Bacharelado,Região Metropolitana,Remoto,Masculino,Branca,0.6376057396709699
CAND_00225,7.3,91.0,Mestrado,Capitais,Remoto,Masculino,Branca,0.8503205162442515
CAND_00226,7.5,59.0,Bacharelado,Região Metropolitana,Presencial,Feminino,Parda,0.40823539005233067
CAND_00227,7.2,65.0,Ensino Médio,Capitais,Híbrido,Feminino,Amarela,0.3153740983488037
CAND_00228,4.9,39.0,Bacharelado,Interior,Remoto,Feminino,Branca,0.38192096563111644
CAND_00229,8.7,73.0,Bacharelado,Capitais,Remoto,Masculino,Branca,1.0
CAND_00230,2.2,40.0,Bacharelado,Capitais,Presencial,Feminino,Branca,0.5424483666544698
CAND_00231,5.0,37.0,Mestrado,Região Metropolitana,Remoto,Masculino,Branca,0.6026476929998549
CAND_00232,5.3,72.0,Bacharelado,Capitais,Remoto,Masculino,Branca,0.7812390291700481
CAND_00233,8.5,40.0,Mestrado,Capitais,Remoto,Não-binário,Preta,0.14483289301709404
CAND_00234,2.1,50.0,Ensino Médio,Capitais,Presencial,Masculino,Branca,0.7588020588950734
CAND_00235,5.7,74.0,Bacharelado,Região Metropolitana,Híbrido,Feminino,Amarela,0.21448048010039988
CAND_00236,3.5,36.0,Bacharelado,Capitais,Híbrido,Masculino,Branca,0.5965813687584803
CAND_00237,5.3,46.0,Bacharelado,Interior,Híbrido,Feminino,Branca,0.4785231853083055
CAND_00238,6.2,41.0,Bacharelado,Região Metropolitana,Remoto,Masculino,Amarela,0.4772924182473326
CAND_00239,1.2,45.0,Mestrado,Capitais,Presencial,Feminino,Branca,0.5106277024526493
CAND_00240,8.8,51.0,Bacharelado,Capitais,Presencial,Masculino,Preta,0.5547772368562643
CAND_00241,6.3,70.0,Bacharelado,Capitais,Híbrido,Masculino,Branca,0.632580927853823
CAND_00242,2.4,75.0,Bacharelado,Capitais,Híbrido,Não-binário,Branca,0.5426215013064727
CAND_00243,4.0,52.0,Mestrado,Região Metropolitana,Híbrido,Masculino,Branca,0.7497257432391119
CAND_00244,9.5,39.0,Mestrado,Capitais,Híbrido,Feminino,Preta,0.2897138467596551
CAND_00245,6.2,60.0,Mestrado,Região Metropolitana,Remoto,Feminino,Branca,0.6386686156185104
CAND_00246,2.1,50.0,Bacharelado,Capitais,Remoto,Masculino,Preta,0.34569803128617194
CAND_00247,2.6,51.0,Ensino Médio,Capitais,Híbrido,Masculino,Branca,0.7434963679146752
CAND_00248,6.9,35.0,Ensino Médio,Capitais,Híbrido,Masculino,Branca,0.6237990867597976
CAND_00249,7.2,26.0,Bacharelado,Capitais,Remoto,Masculino,Branca,0.7046308189383284
CAND_00250,6.1,50.0,Mestrado,Capitais,Remoto,Masculino,Branca,0.8017126236487715
CAND_00251,4.1,34.0,Bacharelado,Interior,Remoto,Masculino,Parda,0.49030735100146877
CAND_00252,7.4,42.0,Bacharelado,Capitais,Híbrido,Feminino,Amarela,0.3268966656895707
CAND_00253,4.1,72.0,Bacharelado,Região Metropolitana,Híbrido,Masculino,Branca,0.7917486676103652
CAND_00254,2.4,49.0,Bacharelado,Capitais,Remoto,Feminino,Branca,0.5148633339527724
CAND_00255,9.8,67.0,Mestrado,Capitais,Híbrido,Não-binário,Branca,0.5417475466704329
CAND_00256,6.5,54.0,Mestrado,Capitais,Presencial,Não-binário,Branca,0.6113682751654077
CAND_00257,2.6,59.0,Ensino Médio,Região Metropolitana,Remoto,Feminino,Branca,0.3426545243647182
CAND_00258,5.4,42.0,Mestrado,Capitais,Híbrido,Feminino,Branca,0.5102962941656138
CAND_00259,5.1,67.0,Bacharelado,Região Metropolitana,Remoto,Feminino,Parda,0.4449930479978445
CAND_00260,4.0,55.0,Mestrado,Interior,Híbrido,Feminino,Preta,0.10947997153349537
CAND_00261,5.7,46.0,Bacharelado,Capitais,Híbrido,Masculino,Branca,0.8373777300246008
CAND_00262,2.2,55.0,Bacharelado,Capitais,Presencial,Masculino,Branca,0.526645688824733
CAND_00263,7.6,39.0,Bacharelado,Capitais,Híbrido,Masculino,Branca,0.43546091587663216
CAND_00264,5.0,46.0,Mestrado,Capitais,Presencial,Feminino,Amarela,0.2780641908883872
CAND_00265,0.2,49.0,Bacharelado,Região Metropolitana,Remoto,Masculino,Amarela,0.33102704544169104
CAND_00266,4.3,42.0,Bacharelado,Capitais,Híbrido,Feminino,Branca,0.37315999966011626
CAND_00267,3.2,73.0,Bacharelado,Região Metropolitana,Remoto,Masculino,Branca,0.6110585201877248
CAND_00268,0.0,44.0,Mestrado,Capitais,Presencial,Masculino,Branca,0.6953296117085661
CAND_00269,4.5,81.0,Bacharelado,Capitais,Presencial,Feminino,Branca,0.6253048733652369
CAND_00270,8.1,51.0,Bacharelado,Capitais,Híbrido,Masculino,Branca,1.0
CAND_00271,4.7,46.0,Bacharelado,Região Metropolitana,Remoto,Masculino,Branca,0.549116163518221
CAND_00272,7.1,42.0,Bacharelado,Região Metropolitana,Presencial,Masculino,Branca,0.6983575944249926
CAND_00273,5.0,56.0,Bacharelado,Capitais,Remoto,Masculino,Amarela,0.5795937879614192
CAND_00274,3.6,63.0,Bacharelado,Interior,Presencial,Masculino,Branca,0.5451489549894761
CAND_00275,2.8,12.0,Bacharelado,Capitais,Presencial,Masculino,Preta,0.14676168381855415
CAND_00276,1.2,50.0,Doutorado,Região Metropolitana,Remoto,Feminino,Indígena,0.31452732596173627
CAND_00277,7.8,20.0,Bacharelado,Capitais,Presencial,Masculino,Branca,0.6913618674810597
CAND_00278,7.2,65.0,Doutorado,Região Metropolitana,Presencial,Masculino,Branca,0.7875172854325829
CAND_00279,4.2,65.0,Bacharelado,Capitais,Presencial,Masculino,Branca,0.71972571401906
CAND_00280,0.0,51.0,Ensino Médio,Região Metropolitana,Remoto,Masculino,Branca,0.4912988932479405
CAND_00281,6.4,53.0,Ensino Médio,Capitais,Híbrido,Masculino,Branca,0.6107843184648633
CAND_00282,2.3,29.0,Bacharelado,Capitais,Híbrido,Masculino,Preta,0.4411913936312998
CAND_00283,5.4,42.0,Bacharelado,Interior,Híbrido,Masculino,Branca,0.5420724682585146
CAND_00284,0.4,41.0,Bacharelado,Capitais,Presencial,Masculino,Branca,0.5519407105217076
CAND_00285,5.3,43.0,Ensino Médio,Capitais,Presencial,Masculino,Branca,0.7094753706390327
CAND_00286,4.6,63.0,Bacharelado,Região Metropolitana,Presencial,Masculino,Branca,0.709298701861377
CAND_00287,0.0,69.0,Bacharelado,Capitais,Remoto,Feminino,Branca,0.5962803998976662
CAND_00288,9.9,59.0,Mestrado,Capitais,Remoto,Feminino,Branca,0.596293658856729
CAND_00289,4.0,45.0,Bacharelado,Região Metropolitana,Presencial,Feminino,Branca,0.47015262713027434
CAND_00290,4.2,39.0,Bacharelado,Capitais,Presencial,Masculino,Branca,0.6375880509384306
CAND_00291,6.6,51.0,Bacharelado,Região Metropolitana,Presencial,Feminino,Branca,0.6203323938517493
CAND_00292,4.8,54.0,Mestrado,Interior,Remoto,Masculino,Branca,0.708627642184267
CAND_00293,6.1,47.0,Ensino Médio,Capitais,Presencial,Masculino,Branca,0.6890121743034625
CAND_00294,1.6,40.0,Doutorado,Capitais,Híbrido,Masculino,Branca,0.7219390099211571
CAND_00295,4.6,59.0,Bacharelado,Região Metropolitana,Presencial,Feminino,Preta,0.2197282307039539
CAND_00296,0.0,61.0,Bacharelado,Região Metropolitana,Híbrido,Masculino,Branca,0.7072980894777496
CAND_00297,4.3,30.0,Mestrado,Capitais,Presencial,Feminino,Parda,0.35257116109239983
CAND_00298,9.3,44.0,Mestrado,Capitais,Remoto,Masculino,Amarela,0.6059884557225244
CAND_00299,0.5,62.0,Mestrado,Região Metropolitana,Presencial,Masculino,Branca,0.7213613050628493
CAND_00300,3.9,65.0,Bacharelado,Capitais,Híbrido,Feminino,Preta,0.21388942059914817
CAND_00301,0.0,51.0,Doutorado,Região Metropolitana,Híbrido,Masculino,Branca,0.5525982419623902
CAND_00302,5.0,55.0,Ensino Médio,Interior,Remoto,Feminino,Branca,0.4108115375349985
CAND_00303,6.4,54.0,Bacharelado,Capitais,Remoto,Feminino,Branca,0.4004288611598339
CAND_00304,6.2,64.0,Bacharelado,Interior,Híbrido,Masculino,Preta,0.4730683775886921
CAND_00305,3.2,33.0,Bacharelado,Região Metropolitana,Presencial,Masculino,Branca,0.5123695643927867
CAND_00306,0.0,54.0,Ensino Médio,Região Metropolitana,Remoto,Feminino,Branca,0.1948867032303408
CAND_00307,1.3,37.0,Bacharelado,Região Metropolitana,Híbrido,Masculino,Branca,0.6605549928069903
CAND_00308,8.8,66.0,Ensino Médio,Capitais,Presencial,Masculino,Parda,0.5600900069718924
CAND_00309,7.6,34.0,Bacharelado,Capitais,Presencial,Masculino,Branca,0.7997891715534517
CAND_00310,4.7,56.0,Bacharelado,Capitais,Remoto,Feminino,Indígena,0.6567915877567504
CAND_00311,5.5,37.0,Bacharelado,Interior,Híbrido,Masculino,Branca,0.678351098665898
CAND_00312,1.9,61.0,Bacharelado,Capitais,Presencial,Masculino,Branca,0.6511807167462139
CAND_00313,8.9,57.0,Bacharelado,Capitais,Remoto,Masculino,Parda,0.9096683676889458
CAND_00314,2.8,54.0,Bacharelado,Região Metropolitana,Híbrido,Feminino,Branca,0.5358384053345043
CAND_00315,6.3,79.0,Bacharelado,Capitais,Presencial,Feminino,Branca,0.5594941624237595
CAND_00316,1.0,39.0,Mestrado,Interior,Híbrido,Masculino,Branca,0.3785054215199034
CAND_00317,4.5,64.0,Bacharelado,Capitais,Remoto,Feminino,Parda,0.5209643700168961
CAND_00318,8.7,68.0,Bacharelado,Interior,Remoto,Masculino,Parda,0.7004459026716823
CAND_00319,2.2,64.0,Bacharelado,Capitais,Híbrido,Masculino,Amarela,0.604104788393076
CAND_00320,7.2,40.0,Bacharelado,Capitais,Presencial,Masculino,Branca,0.8036155336406368
CAND_00321,1.8,46.0,Bacharelado,Capitais,Presencial,Masculino,Branca,0.6422371233903132
CAND_00322,2.3,41.0,Bacharelado,Região Metropolitana,Presencial,Feminino,Preta,0.05987848030867268
CAND_00323,5.0,46.0,Mestrado,Capitais,Híbrido,Feminino,Branca,0.6251108044898527
CAND_00324,7.9,37.0,Bacharelado,Capitais,Remoto,Feminino,Branca,0.6187633955928729
CAND_00325,4.1,45.0,Mestrado,Capitais,Presencial,Masculino,Parda,0.6760620195733776
CAND_00326,6.9,72.0,Bacharelado,Capitais,Presencial,Feminino,Preta,0.35707511086511035
CAND_00327,8.4,45.0,Mestrado,Capitais,Presencial,Masculino,Amarela,0.5499545387129255
CAND_00328,2.7,52.0,Mestrado,Região Metropolitana,Híbrido,Feminino,Preta,0.06393183212535122
CAND_00329,0.4,39.0,Bacharelado,Região Metropolitana,Presencial,Masculino,Branca,0.4415332095390732
CAND_00330,3.9,50.0,Mestrado,Região Metropolitana,Híbrido,Feminino,Branca,0.6226047121427749
CAND_00331,8.8,62.0,Bacharelado,Capitais,Presencial,Feminino,Branca,0.6281043042908168
CAND_00332,2.6,57.0,Mestrado,Capitais,Híbrido,Masculino,Branca,0.670652542444728
CAND_00333,8.0,71.0,Ensino Médio,Capitais,Presencial,Masculino,Preta,0.5413504706125021
CAND_00334,4.2,32.0,Doutorado,Capitais,Remoto,Masculino,Preta,0.4253359246406283
CAND_00335,10.3,39.0,Mestrado,Capitais,Híbrido,Feminino,Branca,0.6559854630962888
CAND_00336,11.7,44.0,Mestrado,Capitais,Presencial,Feminino,Parda,0.5746204103019301
CAND_00337,8.1,73.0,Bacharelado,Capitais,Híbrido,Feminino,Amarela,0.44894204299252083
CAND_00338,0.1,54.0,Bacharelado,Capitais,Remoto,Feminino,Branca,0.2143075708707312
CAND_00339,0.0,29.0,Bacharelado,Região Metropolitana,Remoto,Masculino,Branca,0.36766258511115446
CAND_00340,5.2,66.0,Mestrado,Região Metropolitana,Remoto,Masculino,Branca,0.7989495447073268
CAND_00341,7.7,52.0,Mestrado,Região Metropolitana,Remoto,Masculino,Branca,0.7470741995598802
CAND_00342,6.5,63.0,Bacharelado,Capitais,Híbrido,Masculino,Preta,0.5903287017740134
CAND_00343,2.8,74.0,Bacharelado,Capitais,Híbrido,Masculino,Amarela,0.5770311040013293
CAND_00344,0.5,35.0,Bacharelado,Capitais,Remoto,Feminino,Branca,0.4903802970171146
CAND_00345,7.8,74.0,Bacharelado,Capitais,Remoto,Masculino,Branca,0.5614725016759294
CAND_00346,10.6,49.0,Bacharelado,Capitais,Remoto,Masculino,Branca,0.8019722280790517
CAND_00347,3.0,44.0,Ensino Médio,Capitais,Remoto,Masculino,Preta,0.40005792163739284
CAND_00348,7.5,52.0,Ensino Médio,Capitais,Remoto,Feminino,Preta,0.26603274310408254
CAND_00349,12.8,32.0,Bacharelado,Capitais,Híbrido,Masculino,Branca,0.7580539437196802
CAND_00350,4.4,50.0,Mestrado,Região Metropolitana,Presencial,Feminino,Parda,0.39411899356239877
CAND_00351,4.5,46.0,Bacharelado,Capitais,Remoto,Masculino,Branca,0.6096452830887936
CAND_00352,6.7,36.0,Mestrado,Capitais,Remoto,Não-binário,Branca,0.4339935431129111
CAND_00353,4.1,40.0,Mestrado,Região Metropolitana,Remoto,Feminino,Branca,0.35020110674802557
CAND_00354,9.0,67.0,Bacharelado,Capitais,Presencial,Masculino,Branca,0.8213711428102759
CAND_00355,3.8,47.0,Bacharelado,Capitais,Híbrido,Feminino,Parda,0.3306404359031646
CAND_00356,4.9,35.0,Bacharelado,Capitais,Híbrido,Masculino,Amarela,0.5477038714681598
CAND_00357,0.7,57.0,Bacharelado,Região Metropolitana,Híbrido,Masculino,Branca,0.5059297806203589
CAND_00358,4.3,61.0,Mestrado,Capitais,Híbrido,Feminino,Amarela,0.5373036590948562
CAND_00359,2.0,50.0,Mestrado,Capitais,Híbrido,Feminino,Branca,0.5854081161467631
CAND_00360,6.0,31.0,Mestrado,Capitais,Remoto,Masculino,Preta,0.5618787457350192
CAND_00361,0.0,12.0,Ensino Médio,Região Metropolitana,Presencial,Masculino,Branca,0.3448706522686253
CAND_00362,7.9,36.0,Bacharelado,Capitais,Presencial,Masculino,Preta,0.33849952809990336
CAND_00363,2.4,66.0,Bacharelado,Região Metropolitana,Híbrido,Feminino,Branca,0.2919731933045082
CAND_00364,10.4,64.0,Bacharelado,Capitais,Presencial,Masculino,Branca,0.9478585504909608
CAND_00365,9.1,38.0,Bacharelado,Capitais,Presencial,Masculino,Branca,0.7243439477219414
CAND_00366,6.6,46.0,Bacharelado,Capitais,Remoto,Masculino,Branca,0.6712050254364617
CAND_00367,0.4,60.0,Bacharelado,Capitais,Híbrido,Feminino,Branca,0.5136481673945847
CAND_00368,3.1,48.0,Mestrado,Capitais,Remoto,Feminino,Preta,0.5174415990852832
CAND_00369,2.3,64.0,Doutorado,Capitais,Híbrido,Não-binário,Preta,0.30586158421037624
CAND_00370,2.7,49.0,Bacharelado,Região Metropolitana,Híbrido,Feminino,Branca,0.510729080147221
CAND_00371,9.7,57.0,Bacharelado,Interior,Presencial,Feminino,Branca,0.45635978316626213
CAND_00372,4.5,45.0,Doutorado,Capitais,Híbrido,Masculino,Branca,0.8665727057908947
CAND_00373,3.0,38.0,Bacharelado,Capitais,Presencial,Feminino,Branca,0.4220822280203844
CAND_00374,2.8,67.0,Bacharelado,Interior,Híbrido,Feminino,Branca,0.4646723556586587
CAND_00375,3.4,27.0,Bacharelado,Capitais,Presencial,Feminino,Amarela,0.23812820932949874
CAND_00376,6.6,41.0,Bacharelado,Capitais,Híbrido,Masculino,Preta,0.38179365679930594
CAND_00377,0.1,49.0,Bacharelado,Interior,Híbrido,Feminino,Branca,0.10954952415062855
CAND_00378,5.3,63.0,Mestrado,Capitais,Híbrido,Feminino,Branca,0.38266328106263514
CAND_00379,6.3,37.0,Mestrado,Região Metropolitana,Presencial,Feminino,Branca,0.5154630673932517
CAND_00380,0.0,52.0,Ensino Médio,Capitais,Presencial,Masculino,Branca,0.6930624759543991
CAND_00381,0.7,29.0,Bacharelado,Região Metropolitana,Remoto,Masculino,Indígena,0.3888704722122839
CAND_00382,4.9,57.0,Ensino Médio,Interior,Remoto,Feminino,Branca,0.4641390661686896
CAND_00383,9.3,77.0,Bacharelado,Interior,Híbrido,Não-binário,Branca,0.6611011988457158
CAND_00384,8.6,21.0,Bacharelado,Capitais,Presencial,Não-binário,Parda,0.4070528668412053
CAND_00385,3.2,39.0,Ensino Médio,Região Metropolitana,Remoto,Não-binário,Branca,0.046984856514731055
CAND_00386,9.2,63.0,Mestrado,Região Metropolitana,Híbrido,Masculino,Amarela,0.5193010190401719
CAND_00387,4.0,94.0,Ensino Médio,Região Metropolitana,Presencial,Feminino,Branca,0.4882271770008685
CAND_00388,4.0,59.0,Bacharelado,Capitais,Presencial,Feminino,Amarela,0.17746802852494717
CAND_00389,5.3,39.0,Mestrado,Capitais,Presencial,Masculino,Amarela,0.346894551462822
CAND_00390,7.5,48.0,Bacharelado,Capitais,Remoto,Masculino,Branca,0.7382472788543873
CAND_00391,3.2,32.0,Mestrado,Região Metropolitana,Híbrido,Masculino,Parda,0.42544556155326013
CAND_00392,3.8,62.0,Bacharelado,Região Metropolitana,Híbrido,Masculino,Branca,0.5945065010498942
CAND_00393,1.3,66.0,Mestrado,Capitais,Híbrido,Masculino,Branca,0.7674992738107644
CAND_00394,6.1,71.0,Bacharelado,Capitais,Remoto,Masculino,Branca,0.7189762214997033
CAND_00395,7.8,45.0,Ensino Médio,Capitais,Híbrido,Masculino,Amarela,0.4925701981355595
CAND_00396,8.0,38.0,Bacharelado,Capitais,Remoto,Feminino,Branca,0.4844730613437468
CAND_00397,0.9,72.0,Bacharelado,Região Metropolitana,Híbrido,Masculino,Branca,0.7634346437114782
CAND_00398,3.9,71.0,Bacharelado,Região Metropolitana,Presencial,Feminino,Branca,0.4473507796439604
CAND_00399,8.7,35.0,Mestrado,Interior,Presencial,Não-binário,Branca,0.22849259512749123
CAND_00400,5.7,44.0,Bacharelado,Região Metropolitana,Remoto,Feminino,Branca,0.4083656495158463
CAND_00401,5.1,62.0,Bacharelado,Região Metropolitana,Presencial,Masculino,Branca,0.9150339206178308
CAND_00402,5.0,46.0,Mestrado,Capitais,Híbrido,Masculino,Branca,0.8876210041572256
CAND_00403,6.6,50.0,Mestrado,Região Metropolitana,Presencial,Feminino,Branca,0.6966814798011962
CAND_00404,5.9,28.0,Bacharelado,Região Metropolitana,Remoto,Masculino,Branca,0.6219711115006435
CAND_00405,3.3,33.0,Bacharelado,Capitais,Presencial,Masculino,Branca,0.6169858876098073
CAND_00406,7.6,49.0,Mestrado,Capitais,Híbrido,Feminino,Branca,0.4974157125724437
CAND_00407,1.4,40.0,Mestrado,Capitais,Remoto,Feminino,Branca,0.483893134233705
CAND_00408,9.0,33.0,Bacharelado,Capitais,Híbrido,Feminino,Branca,0.3762394182547293
CAND_00409,2.3,45.0,Bacharelado,Interior,Híbrido,Feminino,Preta,0.006830610869614444
CAND_00410,6.6,37.0,Mestrado,Capitais,Híbrido,Feminino,Preta,0.3206055287226127
CAND_00411,4.5,50.0,Bacharelado,Capitais,Remoto,Feminino,Preta,0.17964701214191153
CAND_00412,3.6,65.0,Bacharelado,Capitais,Presencial,Feminino,Amarela,0.3752647546020354
CAND_00413,9.1,45.0,Bacharelado,Região Metropolitana,Presencial,Masculino,Branca,0.6588972642824241
CAND_00414,7.2,44.0,Bacharelado,Capitais,Híbrido,Masculino,Branca,0.45967703380185987
CAND_00415,4.8,66.0,Doutorado,Capitais,Híbrido,Masculino,Branca,0.9366941779464376
CAND_00416,10.2,61.0,Bacharelado,Interior,Híbrido,Feminino,Branca,0.5612266095180009
CAND_00417,7.9,62.0,Bacharelado,Região Metropolitana,Híbrido,Masculino,Branca,0.6960312109784107
CAND_00418,2.6,12.0,Bacharelado,Capitais,Remoto,Não-binário,Branca,0.24123628958513574
CAND_00419,0.0,43.0,Ensino Médio,Capitais,Híbrido,Feminino,Branca,0.570932619787069
CAND_00420,5.3,41.0,Bacharelado,Região Metropolitana,Presencial,Masculino,Preta,0.4412625902763949
CAND_00421,9.2,38.0,Mestrado,Região Metropolitana,Híbrido,Feminino,Branca,0.4742550089801735
CAND_00422,6.8,66.0,Bacharelado,Interior,Remoto,Não-binário,Preta,0.18514136611784
CAND_00423,9.7,42.0,Bacharelado,Capitais,Híbrido,Feminino,Branca,0.6203050952200868
CAND_00424,3.2,29.0,Bacharelado,Região Metropolitana,Híbrido,Feminino,Branca,0.29800742386967105
CAND_00425,4.6,54.0,Bacharelado,Capitais,Remoto,Masculino,Preta,0.44129102577033985
CAND_00426,4.7,50.0,Mestrado,Capitais,Híbrido,Masculino,Branca,0.5697665984293152
CAND_00427,5.7,36.0,Bacharelado,Região Metropolitana,Presencial,Feminino,Branca,0.39219748449744696
CAND_00428,7.3,65.0,Bacharelado,Região Metropolitana,Híbrido,Feminino,Branca,0.4275066637196114
CAND_00429,9.9,58.0,Bacharelado,Interior,Remoto,Masculino,Branca,0.5607120066553763
CAND_00430,10.5,58.0,Bacharelado,Capitais,Híbrido,Masculino,Amarela,0.5987380065033668
CAND_00431,10.0,57.0,Mestrado,Capitais,Remoto,Feminino,Preta,0.4751238192729269
CAND_00432,7.0,66.0,Bacharelado,Região Metropolitana,Presencial,Feminino,Preta,0.1068717814134765
CAND_00433,4.0,48.0,Bacharelado,Capitais,Presencial,Feminino,Preta,0.18818867314737547
CAND_00434,5.7,31.0,Bacharelado,Capitais,Híbrido,Masculino,Branca,0.49196909269874023
CAND_00435,7.0,47.0,Bacharelado,Região Metropolitana,Híbrido,Masculino,Branca,0.890608126537937
CAND_00436,5.4,25.0,Doutorado,Capitais,Híbrido,Masculino,Preta,0.3109599511279211
CAND_00437,2.3,34.0,Ensino Médio,Capitais,Híbrido,Masculino,Indígena,0.37266797834757126
CAND_00438,3.6,74.0,Bacharelado,Região Metropolitana,Híbrido,Feminino,Preta,0.1448516999718465
CAND_00439,7.6,33.0,Bacharelado,Capitais,Presencial,Feminino,Branca,0.5211335684004864
CAND_00440,4.3,32.0,Bacharelado,Interior,Presencial,Não-binário,Amarela,0.0
CAND_00441,5.1,60.0,Bacharelado,Região Metropolitana,Híbrido,Masculino,Branca,0.8336276823016153
CAND_00442,4.8,63.0,Mestrado,Região Metropolitana,Híbrido,Feminino,Preta,0.5419428222020235
CAND_00443,2.3,25.0,Bacharelado,Interior,Remoto,Masculino,Branca,0.5103948130764587
CAND_00444,4.5,54.0,Bacharelado,Capitais,Híbrido,Masculino,Preta,0.4680029495662382
CAND_00445,3.6,42.0,Ensino Médio,Capitais,Híbrido,Feminino,Indígena,0.19992148331618476
CAND_00446,2.9,55.0,Mestrado,Região Metropolitana,Híbrido,Masculino,Branca,0.5759525253552235
CAND_00447,1.8,45.0,Bacharelado,Região Metropolitana,Híbrido,Masculino,Branca,0.43855305418243795
CAND_00448,4.7,30.0,Bacharelado,Capitais,Remoto,Masculino,Amarela,0.35066403450201755
CAND_00449,6.9,43.0,Bacharelado,Interior,Híbrido,Não-binário,Amarela,0.16440858095068225
CAND_00450,8.4,59.0,Bacharelado,Capitais,Híbrido,Masculino,Parda,0.7008134600962207
CAND_00451,0.8,79.0,Bacharelado,Capitais,Híbrido,Masculino,Branca,0.7120859925705475
CAND_00452,9.8,56.0,Mestrado,Região Metropolitana,Remoto,Masculino,Amarela,0.6461640084167679
CAND_00453,5.9,44.0,Bacharelado,Capitais,Remoto,Masculino,Branca,0.7900572468286288
CAND_00454,1.6,32.0,Doutorado,Capitais,Remoto,Feminino,Branca,0.6474834163391183
CAND_00455,3.8,48.0,Bacharelado,Capitais,Remoto,Masculino,Branca,0.5054879700679903
CAND_00456,0.0,44.0,Bacharelado,Capitais,Híbrido,Feminino,Branca,0.5731782666893398
CAND_00457,0.1,55.0,Bacharelado,Capitais,Presencial,Masculino,Preta,0.5092382804627313
CAND_00458,10.2,49.0,Bacharelado,Capitais,Híbrido,Masculino,Branca,0.8783154121096077
CAND_00459,2.9,57.0,Bacharelado,Capitais,Híbrido,Masculino,Amarela,0.4532106800019679
CAND_00460,6.6,45.0,Bacharelado,Capitais,Presencial,Masculino,Branca,0.6686488494674776
CAND_00461,4.7,76.0,Ensino Médio,Capitais,Híbrido,Masculino,Parda,0.8034981206007201
CAND_00462,5.1,59.0,Bacharelado,Capitais,Remoto,Masculino,Parda,0.6521082501282683
CAND_00463,6.1,39.0,Bacharelado,Capitais,Remoto,Masculino,Branca,0.48185840316312545
CAND_00464,0.0,65.0,Bacharelado,Capitais,Híbrido,Masculino,Branca,0.6451968240658792
CAND_00465,9.0,33.0,Bacharelado,Capitais,Híbrido,Feminino,Parda,0.4009107371809418
CAND_00466,4.7,37.0,Bacharelado,Capitais,Remoto,Masculino,Amarela,0.5481011356373733
CAND_00467,3.5,38.0,Bacharelado,Capitais,Híbrido,Masculino,Preta,0.23438909155314397
CAND_00468,6.4,70.0,Bacharelado,Capitais,Híbrido,Masculino,Amarela,0.8523724751321407
CAND_00469,2.8,47.0,Bacharelado,Capitais,Híbrido,Masculino,Preta,0.3873355117093288
CAND_00470,5.6,41.0,Mestrado,Capitais,Híbrido,Masculino,Branca,0.5548839782889878
CAND_00471,4.5,52.0,Bacharelado,Capitais,Remoto,Feminino,Preta,0.2515325740710466
CAND_00472,7.1,58.0,Bacharelado,Capitais,Híbrido,Não-binário,Preta,0.31750358127240924
CAND_00473,4.4,74.0,Bacharelado,Capitais,Híbrido,Feminino,Branca,0.7085141658674801
CAND_00474,1.9,28.0,Bacharelado,Capitais,Presencial,Masculino,Branca,0.5568818215940607
CAND_00475,6.1,69.0,Bacharelado,Região Metropolitana,Híbrido,Masculino,Preta,0.51387813007399
CAND_00476,4.2,19.0,Ensino Médio,Capitais,Híbrido,Masculino,Parda,0.46784753097691073
CAND_00477,0.0,64.0,Mestrado,Capitais,Híbrido,Masculino,Indígena,0.4354100047246391
CAND_00478,5.6,67.0,Bacharelado,Capitais,Presencial,Masculino,Branca,0.7829841572954817
CAND_00479,3.4,68.0,Bacharelado,Interior,Remoto,Masculino,Parda,0.5371408647529278
CAND_00480,6.0,59.0,Bacharelado,Capitais,Híbrido,Feminino,Parda,0.4360119589976436
CAND_00481,2.4,34.0,Bacharelado,Interior,Remoto,Masculino,Preta,0.0
CAND_00482,1.4,61.0,Ensino Médio,Capitais,Presencial,Masculino,Branca,0.5835090822266231
CAND_00483,8.5,34.0,Bacharelado,Região Metropolitana,Remoto,Masculino,Preta,0.4666775891080068
CAND_00484,7.5,36.0,Bacharelado,Capitais,Remoto,Masculino,Indígena,0.6911911128662034
CAND_00485,5.0,43.0,Mestrado,Região Metropolitana,Híbrido,Feminino,Preta,0.20126735123342743
CAND_00486,6.3,45.0,Mestrado,Capitais,Presencial,Feminino,Preta,0.2915042825792065
CAND_00487,7.4,54.0,Doutorado,Região Metropolitana,Híbrido,Feminino,Branca,0.5857268376068178
CAND_00488,5.0,40.0,Mestrado,Capitais,Híbrido,Masculino,Preta,0.4907183027507006
CAND_00489,1.4,55.0,Bacharelado,Região Metropolitana,Híbrido,Masculino,Branca,0.5491875960770033
CAND_00490,5.9,29.0,Bacharelado,Capitais,Remoto,Não-binário,Parda,0.39012907481473363
CAND_00491,8.0,51.0,Bacharelado,Capitais,Remoto,Feminino,Branca,0.333915977786521
CAND_00492,6.8,46.0,Bacharelado,Região Metropolitana,Híbrido,Masculino,Branca,0.7248728250461679
CAND_00493,5.2,65.0,Bacharelado,Capitais,Híbrido,Masculino,Branca,0.7196772736042295
CAND_00494,6.7,67.0,Bacharelado,Capitais,Presencial,Masculino,Branca,0.7897481706691455
CAND_00495,4.3,47.0,Bacharelado,Região Metropolitana,Híbrido,Masculino,Branca,0.4636012165569029
CAND_00496,8.1,21.0,Bacharelado,Capitais,Híbrido,Feminino,Branca,0.4429197400391395
CAND_00497,9.0,28.0,Bacharelado,Interior,Híbrido,Masculino,Branca,0.5944633083317498
CAND_00498,1.1,67.0,Bacharelado,Capitais,Remoto,Masculino,Branca,0.8029867565391253
CAND_00499,8.3,48.0,Ensino Médio,Região Metropolitana,Híbrido,Feminino,Branca,0.45911743423610696
CAND_00500,11.7,76.0,Doutorado,Região Metropolitana,Híbrido,Feminino,Branca,0.8204006840537681
CAND_00501,6.6,63.0,Mestrado,Região Metropolitana,Presencial,Feminino,Branca,0.6459355722023394
CAND_00502,8.0,54.0,Bacharelado,Capitais,Presencial,Feminino,Amarela,0.3002990182949786
CAND_00503,3.1,52.0,Bacharelado,Capitais,Híbrido,Masculino,Branca,0.7989277320251
CAND_00504,3.5,33.0,Bacharelado,Interior,Presencial,Feminino,Branca,0.11628359041452024
CAND_00505,4.4,41.0,Bacharelado,Região Metropolitana,Presencial,Masculino,Branca,0.6831858127300097
CAND_00506,3.8,56.0,Bacharelado,Capitais,Remoto,Feminino,Branca,0.3867954535705414
CAND_00507,1.1,45.0,Mestrado,Capitais,Híbrido,Feminino,Parda,0.2633772673118536
CAND_00508,4.5,57.0,Bacharelado,Região Metropolitana,Remoto,Feminino,Branca,0.3840980246610221
CAND_00509,7.5,65.0,Ensino Médio,Região Metropolitana,Presencial,Feminino,Branca,0.5694927939212655
CAND_00510,1.1,47.0,Bacharelado,Capitais,Remoto,Masculino,Branca,0.505782895528654
CAND_00511,5.5,44.0,Bacharelado,Capitais,Híbrido,Masculino,Parda,0.7220052956638287
CAND_00512,5.4,37.0,Mestrado,Capitais,Híbrido,Masculino,Branca,0.7093959420397312
CAND_00513,4.1,63.0,Bacharelado,Capitais,Remoto,Masculino,Preta,0.36821803898078
CAND_00514,6.5,61.0,Mestrado,Capitais,Híbrido,Masculino,Branca,0.7988690980846364
CAND_00515,6.2,83.0,Bacharelado,Capitais,Presencial,Feminino,Parda,0.683645553894112
CAND_00516,3.9,53.0,Mestrado,Capitais,Remoto,Masculino,Branca,0.8691396780774211
CAND_00517,8.2,49.0,Bacharelado,Capitais,Remoto,Masculino,Branca,0.8336231624745922
CAND_00518,6.7,57.0,Mestrado,Capitais,Híbrido,Masculino,Preta,0.6577780383834276
CAND_00519,9.7,46.0,Bacharelado,Capitais,Presencial,Feminino,Branca,0.579080562947233
CAND_00520,4.8,37.0,Bacharelado,Capitais,Remoto,Masculino,Branca,0.6017183800109858
CAND_00521,4.0,51.0,Bacharelado,Capitais,Híbrido,Masculino,Branca,0.6634770160458029
CAND_00522,4.4,57.0,Bacharelado,Capitais,Híbrido,Masculino,Preta,0.6086742338800537
CAND_00523,8.5,58.0,Mestrado,Capitais,Remoto,Feminino,Preta,0.3169247617283318
CAND_00524,4.6,57.0,Bacharelado,Capitais,Presencial,Feminino,Amarela,0.32518079287643636
CAND_00525,4.7,66.0,Mestrado,Capitais,Presencial,Feminino,Preta,0.3970212756131212
CAND_00526,10.9,58.0,Ensino Médio,Capitais,Híbrido,Masculino,Branca,0.7769766186212996
CAND_00527,1.0,54.0,Mestrado,Capitais,Presencial,Masculino,Branca,0.8177454007755439
CAND_00528,6.1,31.0,Bacharelado,Região Metropolitana,Híbrido,Não-binário,Branca,0.3829780961093475
CAND_00529,4.8,54.0,Bacharelado,Capitais,Presencial,Masculino,Branca,0.7323258762741367
CAND_00530,4.2,47.0,Bacharelado,Capitais,Remoto,Feminino,Branca,0.4927734938276407
CAND_00531,2.1,33.0,Mestrado,Capitais,Presencial,Feminino,Branca,0.5381392654296252
CAND_00532,3.0,58.0,Bacharelado,Região Metropolitana,Remoto,Masculino,Branca,0.6027247511935035
CAND_00533,3.8,58.0,Mestrado,Região Metropolitana,Remoto,Masculino,Branca,0.641103793548953
CAND_00534,6.5,56.0,Mestrado,Capitais,Presencial,Masculino,Preta,0.6009774313371241
CAND_00535,7.6,58.0,Bacharelado,Região Metropolitana,Remoto,Feminino,Amarela,0.39445965760512036
CAND_00536,0.0,52.0,Doutorado,Capitais,Híbrido,Feminino,Amarela,0.36340755147545994
CAND_00537,1.4,46.0,Doutorado,Capitais,Híbrido,Masculino,Branca,0.4794033973715959
CAND_00538,6.6,77.0,Bacharelado,Região Metropolitana,Presencial,Feminino,Preta,0.33835189611223426
CAND_00539,6.9,52.0,Bacharelado,Interior,Híbrido,Masculino,Branca,0.6028695473565558
CAND_00540,0.6,12.0,Bacharelado,Capitais,Remoto,Masculino,Parda,0.4796052180749043
CAND_00541,7.6,14.0,Bacharelado,Interior,Híbrido,Masculino,Preta,0.09966645994698944
CAND_00542,5.0,68.0,Bacharelado,Capitais,Híbrido,Feminino,Branca,0.633479975159433
CAND_00543,7.2,22.0,Mestrado,Interior,Remoto,Feminino,Branca,0.27041430943421285
CAND_00544,2.4,42.0,Bacharelado,Região Metropolitana,Híbrido,Masculino,Branca,0.5591537378164153
CAND_00545,0.8,32.0,Bacharelado,Interior,Remoto,Masculino,Branca,0.5333665332979782
CAND_00546,4.1,45.0,Bacharelado,Capitais,Híbrido,Masculino,Branca,0.6827973938795764
CAND_00547,4.2,56.0,Bacharelado,Interior,Híbrido,Feminino,Branca,0.3778409854714204
CAND_00548,4.0,40.0,Doutorado,Região Metropolitana,Presencial,Feminino,Preta,0.29770018300861006
CAND_00549,3.8,38.0,Bacharelado,Capitais,Híbrido,Masculino,Preta,0.44854749493289975
CAND_00550,10.1,61.0,Mestrado,Capitais,Híbrido,Masculino,Branca,0.6233275947257679
CAND_00551,0.0,89.0,Bacharelado,Capitais,Presencial,Feminino,Branca,0.6426977926187751
CAND_00552,2.5,58.0,Mestrado,Capitais,Presencial,Masculino,Branca,0.8580212261571268
CAND_00553,3.7,36.0,Mestrado,Capitais,Híbrido,Feminino,Parda,0.4307365652083628
CAND_00554,5.1,63.0,Bacharelado,Capitais,Híbrido,Masculino,Parda,0.5230417100710167
CAND_00555,7.1,76.0,Mestrado,Capitais,Remoto,Masculino,Branca,0.825150172736654
CAND_00556,7.6,66.0,Mestrado,Capitais,Híbrido,Masculino,Branca,0.7492164174670346
CAND_00557,8.2,27.0,Bacharelado,Região Metropolitana,Remoto,Masculino,Preta,0.37746782502515747
CAND_00558,6.4,58.0,Bacharelado,Capitais,Presencial,Masculino,Branca,0.7737435769810123
CAND_00559,0.0,43.0,Doutorado,Capitais,Presencial,Masculino,Branca,0.7853136315480422
CAND_00560,0.0,51.0,Mestrado,Capitais,Presencial,Masculino,Branca,0.7944809105770826
CAND_00561,8.4,44.0,Bacharelado,Capitais,Presencial,Feminino,Indígena,0.6480102595404797
CAND_00562,8.2,61.0,Ensino Médio,Capitais,Remoto,Não-binário,Branca,0.43884148200059725
CAND_00563,6.9,45.0,Bacharelado,Capitais,Híbrido,Feminino,Branca,0.5184298023347622
CAND_00564,2.5,71.0,Bacharelado,Região Metropolitana,Híbrido,Feminino,Parda,0.43241329986342764
CAND_00565,4.0,50.0,Bacharelado,Capitais,Remoto,Masculino,Amarela,0.4125705218243826
CAND_00566,3.8,47.0,Doutorado,Capitais,Híbrido,Masculino,Parda,0.7419252318501912
CAND_00567,1.9,59.0,Mestrado,Região Metropolitana,Híbrido,Feminino,Branca,0.5485501005304155
CAND_00568,5.8,55.0,Bacharelado,Capitais,Híbrido,Masculino,Amarela,0.7668834867337041
CAND_00569,11.5,59.0,Bacharelado,Capitais,Híbrido,Masculino,Branca,0.92900895251503
CAND_00570,3.5,48.0,Bacharelado,Capitais,Híbrido,Masculino,Branca,0.5543445452069999
CAND_00571,8.9,70.0,Bacharelado,Capitais,Híbrido,Feminino,Amarela,0.3245412723959168
CAND_00572,2.3,65.0,Bacharelado,Capitais,Híbrido,Não-binário,Preta,0.12424169843787093
CAND_00573,0.4,50.0,Bacharelado,Capitais,Remoto,Feminino,Branca,0.4754402734332793
CAND_00574,8.0,62.0,Mestrado,Região Metropolitana,Remoto,Não-binário,Branca,0.5654160474747724
CAND_00575,4.3,46.0,Bacharelado,Capitais,Híbrido,Masculino,Preta,0.29103520083660095
CAND_00576,8.8,59.0,Bacharelado,Região Metropolitana,Híbrido,Masculino,Parda,0.625253596380689
CAND_00577,9.4,62.0,Bacharelado,Interior,Híbrido,Masculino,Indígena,0.6441720188388868
CAND_00578,4.2,54.0,Doutorado,Capitais,Híbrido,Feminino,Branca,0.7286148014082828
CAND_00579,9.0,38.0,Bacharelado,Interior,Remoto,Masculino,Parda,0.3117062336213211
CAND_00580,2.4,32.0,Bacharelado,Região Metropolitana,Remoto,Feminino,Branca,0.3537911806576192
CAND_00581,2.3,54.0,Mestrado,Capitais,Presencial,Feminino,Preta,0.3477315170187072
CAND_00582,8.2,39.0,Bacharelado,Região Metropolitana,Presencial,Feminino,Branca,0.43684082811301617
CAND_00583,0.4,66.0,Bacharelado,Interior,Híbrido,Feminino,Branca,0.42559306937620767
CAND_00584,5.0,27.0,Bacharelado,Interior,Remoto,Feminino,Branca,0.43542741300742827
CAND_00585,8.7,70.0,Ensino Médio,Região Metropolitana,Híbrido,Feminino,Amarela,0.4572362632850961
CAND_00586,9.0,51.0,Bacharelado,Capitais,Presencial,Feminino,Branca,0.6268647810905665
CAND_00587,3.7,37.0,Ensino Médio,Capitais,Híbrido,Masculino,Preta,0.23400845606354104
CAND_00588,8.0,43.0,Bacharelado,Capitais,Híbrido,Masculino,Amarela,0.7044344036699509
CAND_00589,1.6,47.0,Bacharelado,Região Metropolitana,Presencial,Feminino,Branca,0.2767470985513616
CAND_00590,3.0,57.0,Bacharelado,Capitais,Remoto,Masculino,Branca,0.7436877311824522
CAND_00591,5.7,32.0,Bacharelado,Capitais,Híbrido,Masculino,Branca,0.5802906516515661
CAND_00592,6.1,36.0,Ensino Médio,Capitais,Remoto,Feminino,Branca,0.3134295822499215
CAND_00593,1.9,45.0,Ensino Médio,Região Metropolitana,Híbrido,Feminino,Branca,0.45158976121684247
CAND_00594,10.6,50.0,Ensino Médio,Região Metropolitana,Híbrido,Masculino,Branca,0.8518456975760021
CAND_00595,0.0,61.0,Ensino Médio,Capitais,Remoto,Feminino,Branca,0.2859020540590236
CAND_00596,5.2,54.0,Ensino Médio,Interior,Híbrido,Masculino,Branca,0.5688533445238199
CAND_00597,5.6,44.0,Ensino Médio,Capitais,Remoto,Feminino,Branca,0.4236829133442812
CAND_00598,0.0,54.0,Bacharelado,Região Metropolitana,Híbrido,Feminino,Branca,0.2486225487563499
CAND_00599,9.0,52.0,Mestrado,Região Metropolitana,Presencial,Feminino,Parda,0.4497271412529074
CAND_00600,2.8,46.0,Mestrado,Região Metropolitana,Remoto,Feminino,Indígena,0.25138547895897595
CAND_00601,5.3,52.0,Bacharelado,Região Metropolitana,Híbrido,Masculino,Branca,0.6894544311499543
CAND_00602,6.0,18.0,Bacharelado,Interior,Remoto,Masculino,Preta,0.3939099167625131
CAND_00603,0.6,64.0,Ensino Médio,Capitais,Remoto,Masculino,Branca,0.7208256092962905
CAND_00604,1.8,58.0,Bacharelado,Capitais,Presencial,Feminino,Parda,0.4438985183529022
CAND_00605,9.7,72.0,Bacharelado,Região Metropolitana,Remoto,Feminino,Branca,0.6209741090690716
CAND_00606,4.8,38.0,Doutorado,Região Metropolitana,Híbrido,Masculino,Branca,0.5358188211282053
CAND_00607,0.0,59.0,Mestrado,Capitais,Híbrido,Feminino,Branca,0.42409768301636463
CAND_00608,4.1,21.0,Bacharelado,Capitais,Presencial,Não-binário,Indígena,0.28011893165233226
CAND_00609,4.9,24.0,Bacharelado,Região Metropolitana,Presencial,Masculino,Branca,0.639106631990693
CAND_00610,5.7,46.0,Bacharelado,Região Metropolitana,Presencial,Masculino,Branca,0.52093637235956
CAND_00611,0.0,41.0,Bacharelado,Região Metropolitana,Presencial,Feminino,Preta,0.0348614584618044
CAND_00612,4.9,66.0,Bacharelado,Capitais,Presencial,Masculino,Amarela,0.4286951273374706
CAND_00613,2.5,68.0,Bacharelado,Capitais,Híbrido,Masculino,Parda,0.7419313197664897
CAND_00614,5.7,69.0,Bacharelado,Região Metropolitana,Híbrido,Feminino,Amarela,0.38013021341149084
CAND_00615,6.5,59.0,Mestrado,Capitais,Presencial,Masculino,Branca,0.6730637156254503
CAND_00616,6.2,60.0,Bacharelado,Capitais,Híbrido,Masculino,Branca,0.8243518395032665
CAND_00617,9.2,31.0,Bacharelado,Região Metropolitana,Híbrido,Masculino,Parda,0.6958726487059193
CAND_00618,11.6,71.0,Bacharelado,Capitais,Híbrido,Feminino,Branca,0.7921879761543833
CAND_00619,1.6,69.0,Bacharelado,Capitais,Híbrido,Masculino,Branca,0.6841203091926186
CAND_00620,3.9,29.0,Ensino Médio,Capitais,Híbrido,Masculino,Branca,0.603556953562402
CAND_00621,7.2,57.0,Bacharelado,Capitais,Presencial,Masculino,Branca,0.8682652877491287
CAND_00622,4.6,42.0,Bacharelado,Região Metropolitana,Híbrido,Feminino,Amarela,0.0
CAND_00623,0.0,78.0,Bacharelado,Capitais,Presencial,Masculino,Preta,0.525881517246638
CAND_00624,4.4,35.0,Bacharelado,Interior,Presencial,Masculino,Branca,0.2910053810642421
CAND_00625,8.7,51.0,Mestrado,Capitais,Presencial,Feminino,Branca,0.5782572451696274
CAND_00626,0.8,53.0,Bacharelado,Capitais,Remoto,Masculino,Branca,0.604465576450663
CAND_00627,5.7,49.0,Bacharelado,Capitais,Híbrido,Masculino,Branca,0.7677062429293129
CAND_00628,0.0,82.0,Bacharelado,Capitais,Remoto,Masculino,Indígena,0.5688863616147551
CAND_00629,7.6,75.0,Bacharelado,Interior,Presencial,Masculino,Branca,0.772118851687126
CAND_00630,5.7,25.0,Bacharelado,Capitais,Presencial,Feminino,Preta,0.11417510849628253
CAND_00631,3.3,57.0,Bacharelado,Capitais,Híbrido,Masculino,Branca,0.7616487461366579
CAND_00632,3.7,50.0,Mestrado,Capitais,Híbrido,Masculino,Branca,0.7731799228918801
CAND_00633,0.5,63.0,Ensino Médio,Capitais,Híbrido,Masculino,Branca,0.6353776121111455
CAND_00634,8.0,53.0,Doutorado,Capitais,Remoto,Feminino,Amarela,0.4374462315311839
CAND_00635,2.6,38.0,Bacharelado,Capitais,Presencial,Não-binário,Indígena,0.18307788056373875
CAND_00636,6.5,34.0,Mestrado,Região Metropolitana,Híbrido,Feminino,Parda,0.4109769021501491
CAND_00637,2.1,44.0,Mestrado,Capitais,Remoto,Feminino,Parda,0.3437250003936657
CAND_00638,11.6,48.0,Bacharelado,Capitais,Presencial,Feminino,Branca,0.617424998113435
CAND_00639,9.7,53.0,Ensino Médio,Região Metropolitana,Híbrido,Feminino,Amarela,0.33555398953123033
CAND_00640,11.2,41.0,Bacharelado,Capitais,Remoto,Masculino,Amarela,0.5925239541867086
CAND_00641,11.6,76.0,Bacharelado,Capitais,Híbrido,Masculino,Branca,0.831470453948237
CAND_00642,3.1,58.0,Doutorado,Capitais,Híbrido,Masculino,Branca,0.7677038473391707
CAND_00643,2.3,63.0,Ensino Médio,Capitais,Híbrido,Feminino,Branca,0.4548512053970645
CAND_00644,11.1,48.0,Mestrado,Capitais,Híbrido,Masculino,Preta,0.5709070300870918
CAND_00645,4.6,34.0,Bacharelado,Capitais,Híbrido,Masculino,Branca,0.648581777417231
CAND_00646,7.5,63.0,Bacharelado,Região Metropolitana,Presencial,Não-binário,Preta,0.20114270414295776
CAND_00647,3.1,35.0,Bacharelado,Capitais,Presencial,Masculino,Parda,0.5693487252255882
CAND_00648,3.2,20.0,Bacharelado,Região Metropolitana,Presencial,Masculino,Branca,0.5610670984742424
CAND_00649,7.5,58.0,Bacharelado,Capitais,Presencial,Feminino,Branca,0.5469364709632585
CAND_00650,0.0,39.0,Bacharelado,Capitais,Presencial,Feminino,Branca,0.39315325696703907
CAND_00651,7.3,45.0,Mestrado,Interior,Híbrido,Masculino,Parda,0.6952309827652531
CAND_00652,6.6,60.0,Bacharelado,Capitais,Remoto,Masculino,Branca,0.7555580809403465
CAND_00653,3.4,36.0,Bacharelado,Capitais,Presencial,Masculino,Amarela,0.475732774445404
CAND_00654,5.1,26.0,Bacharelado,Capitais,Presencial,Masculino,Branca,0.5498890141282173
CAND_00655,5.5,68.0,Mestrado,Interior,Híbrido,Feminino,Branca,0.5070557592269892
CAND_00656,5.7,49.0,Ensino Médio,Capitais,Presencial,Masculino,Branca,0.6260825025028524
CAND_00657,7.1,69.0,Bacharelado,Interior,Híbrido,Feminino,Branca,0.2797396384149635
CAND_00658,2.6,59.0,Bacharelado,Capitais,Híbrido,Não-binário,Branca,0.5842373682377455
CAND_00659,13.1,60.0,Ensino Médio,Capitais,Presencial,Feminino,Branca,0.6161890963319728
CAND_00660,4.4,52.0,Bacharelado,Capitais,Remoto,Masculino,Parda,0.6939908402404129
CAND_00661,4.6,52.0,Bacharelado,Capitais,Presencial,Masculino,Branca,0.6764013793632748
CAND_00662,10.8,67.0,Bacharelado,Capitais,Remoto,Masculino,Branca,0.778876990546912
CAND_00663,0.0,62.0,Mestrado,Capitais,Híbrido,Masculino,Parda,0.7737614461771568
CAND_00664,10.8,41.0,Bacharelado,Capitais,Presencial,Feminino,Branca,0.6464665298236344
CAND_00665,5.3,57.0,Mestrado,Capitais,Presencial,Masculino,Branca,0.6979703986167382
CAND_00666,3.4,41.0,Mestrado,Capitais,Híbrido,Feminino,Branca,0.5646992068831573
CAND_00667,1.6,45.0,Bacharelado,Capitais,Híbrido,Masculino,Branca,0.7732399658917062
CAND_00668,1.2,59.0,Ensino Médio,Capitais,Remoto,Feminino,Amarela,0.23881650212157768
CAND_00669,4.0,40.0,Bacharelado,Capitais,Presencial,Feminino,Branca,0.5354742079957744
CAND_00670,5.8,52.0,Mestrado,Interior,Remoto,Feminino,Preta,0.30851791538338114
CAND_00671,6.9,56.0,Bacharelado,Capitais,Presencial,Masculino,Parda,0.6336205433382475
CAND_00672,5.8,45.0,Mestrado,Capitais,Remoto,Masculino,Branca,0.8059044822545612
CAND_00673,3.5,61.0,Bacharelado,Capitais,Híbrido,Masculino,Branca,0.5775712272290743
CAND_00674,9.0,43.0,Bacharelado,Capitais,Remoto,Feminino,Amarela,0.34400058522130134
CAND_00675,13.0,64.0,Mestrado,Capitais,Híbrido,Masculino,Branca,0.9152685231733334
CAND_00676,9.5,52.0,Bacharelado,Capitais,Presencial,Masculino,Branca,0.7521454208181324
CAND_00677,3.9,53.0,Bacharelado,Região Metropolitana,Híbrido,Não-binário,Parda,0.25822637627010464
CAND_00678,6.5,37.0,Ensino Médio,Capitais,Presencial,Masculino,Amarela,0.3399449955014509
CAND_00679,6.7,46.0,Bacharelado,Região Metropolitana,Presencial,Masculino,Preta,0.3057614931121671
CAND_00680,9.8,53.0,Bacharelado,Capitais,Remoto,Masculino,Branca,0.6422126294914049
CAND_00681,4.0,65.0,Bacharelado,Região Metropolitana,Híbrido,Masculino,Indígena,0.5002208770217875
CAND_00682,2.1,45.0,Mestrado,Região Metropolitana,Remoto,Masculino,Branca,0.48066518152049476
CAND_00683,8.4,65.0,Bacharelado,Região Metropolitana,Remoto,Masculino,Branca,0.7032488533995447
CAND_00684,6.2,39.0,Bacharelado,Capitais,Presencial,Feminino,Branca,0.38472123201008773
CAND_00685,1.7,55.0,Bacharelado,Capitais,Remoto,Masculino,Branca,0.509171317658822
CAND_00686,7.1,42.0,Mestrado,Região Metropolitana,Remoto,Feminino,Branca,0.5405491256862085
CAND_00687,10.5,73.0,Bacharelado,Capitais,Presencial,Feminino,Branca,0.7104099042726977
CAND_00688,2.9,70.0,Mestrado,Capitais,Presencial,Feminino,Branca,0.612407330920763
CAND_00689,2.3,54.0,Bacharelado,Capitais,Presencial,Masculino,Branca,0.6664442867073221
CAND_00690,5.1,42.0,Ensino Médio,Capitais,Presencial,Masculino,Branca,0.6824741070429993
CAND_00691,7.0,27.0,Bacharelado,Interior,Presencial,Masculino,Branca,0.47513747909327303
CAND_00692,4.8,56.0,Bacharelado,Capitais,Presencial,Feminino,Amarela,0.4774058195834082
CAND_00693,8.4,53.0,Doutorado,Capitais,Híbrido,Masculino,Branca,0.7443499427293782
CAND_00694,5.8,63.0,Bacharelado,Interior,Remoto,Masculino,Branca,0.46927782391101147
CAND_00695,8.0,28.0,Mestrado,Capitais,Híbrido,Masculino,Branca,0.5095944041063369
CAND_00696,2.8,52.0,Bacharelado,Capitais,Híbrido,Masculino,Branca,0.4770324294363544
CAND_00697,1.3,56.0,Bacharelado,Capitais,Presencial,Masculino,Branca,0.6039816144152999
CAND_00698,4.0,36.0,Bacharelado,Capitais,Presencial,Masculino,Parda,0.5480022986180835
CAND_00699,1.0,52.0,Bacharelado,Capitais,Híbrido,Masculino,Branca,0.723678699918842
CAND_00700,6.2,39.0,Bacharelado,Capitais,Presencial,Masculino,Amarela,0.45028795461792415
CAND_00701,0.0,38.0,Bacharelado,Região Metropolitana,Remoto,Feminino,Preta,0.20590519377767724
CAND_00702,3.6,42.0,Bacharelado,Capitais,Presencial,Masculino,Branca,0.6654475526692111
CAND_00703,4.1,46.0,Bacharelado,Região Metropolitana,Híbrido,Masculino,Branca,0.6679855868443045
CAND_00704,1.9,69.0,Bacharelado,Região Metropolitana,Híbrido,Feminino,Branca,0.552444616514681
CAND_00705,4.1,45.0,Bacharelado,Interior,Híbrido,Masculino,Branca,0.4732475591244989
CAND_00706,5.0,37.0,Mestrado,Capitais,Remoto,Masculino,Preta,0.6158014349499421
CAND_00707,8.8,62.0,Mestrado,Capitais,Híbrido,Masculino,Branca,0.9137879636389109
CAND_00708,1.9,65.0,Mestrado,Região Metropolitana,Híbrido,Masculino,Branca,0.8644967952956323
CAND_00709,6.1,62.0,Bacharelado,Interior,Híbrido,Masculino,Preta,0.4733378218258504
CAND_00710,6.7,71.0,Ensino Médio,Capitais,Híbrido,Masculino,Preta,0.5743521018886519
CAND_00711,4.9,53.0,Bacharelado,Interior,Remoto,Masculino,Amarela,0.324306942377264
CAND_00712,3.5,52.0,Mestrado,Capitais,Presencial,Feminino,Branca,0.5199008057359606
CAND_00713,1.6,39.0,Bacharelado,Capitais,Híbrido,Masculino,Branca,0.6222193489724251
CAND_00714,10.7,71.0,Bacharelado,Capitais,Remoto,Feminino,Branca,0.5839342253470995
CAND_00715,5.2,49.0,Doutorado,Capitais,Remoto,Não-binário,Branca,0.3252425149976538
CAND_00716,4.1,45.0,Bacharelado,Capitais,Híbrido,Masculino,Parda,0.5723563826408558
CAND_00717,11.4,44.0,Mestrado,Região Metropolitana,Híbrido,Masculino,Branca,0.7708771227543187
CAND_00718,5.7,60.0,Bacharelado,Capitais,Remoto,Masculino,Branca,0.8058013270949674
CAND_00719,12.6,51.0,Bacharelado,Capitais,Presencial,Feminino,Parda,0.740910833911214
CAND_00720,0.8,53.0,Bacharelado,Capitais,Presencial,Masculino,Branca,0.6266298504234726
CAND_00721,4.3,45.0,Mestrado,Interior,Presencial,Feminino,Branca,0.24642499968799908
CAND_00722,0.9,47.0,Mestrado,Capitais,Presencial,Masculino,Branca,0.6568623625226079
CAND_00723,4.6,48.0,Bacharelado,Capitais,Híbrido,Masculino,Amarela,0.5000883018507674
CAND_00724,4.6,71.0,Mestrado,Capitais,Presencial,Masculino,Amarela,0.6036437905252966
CAND_00725,3.6,23.0,Bacharelado,Capitais,Híbrido,Masculino,Branca,0.47273673006271677
CAND_00726,5.2,57.0,Bacharelado,Capitais,Híbrido,Feminino,Parda,0.6797841707479516
CAND_00727,3.8,66.0,Mestrado,Capitais,Presencial,Feminino,Indígena,0.5191153355039692
CAND_00728,4.7,22.0,Bacharelado,Capitais,Presencial,Não-binário,Branca,0.3948673977212098
CAND_00729,2.7,49.0,Mestrado,Capitais,Híbrido,Masculino,Preta,0.27008092337053546
CAND_00730,9.3,65.0,Bacharelado,Região Metropolitana,Híbrido,Masculino,Branca,0.6736718297794403
CAND_00731,1.7,39.0,Mestrado,Capitais,Híbrido,Não-binário,Branca,0.23672859921481604
CAND_00732,5.6,54.0,Bacharelado,Capitais,Híbrido,Masculino,Branca,0.6990181507398331
CAND_00733,1.4,36.0,Ensino Médio,Região Metropolitana,Híbrido,Masculino,Preta,0.3394582048692316
CAND_00734,2.5,50.0,Ensino Médio,Capitais,Remoto,Feminino,Preta,0.1302307393959673
CAND_00735,2.8,69.0,Ensino Médio,Região Metropolitana,Presencial,Masculino,Preta,0.3494953497281383
CAND_00736,4.6,75.0,Bacharelado,Capitais,Híbrido,Feminino,Amarela,0.22585491613066555
CAND_00737,5.5,54.0,Bacharelado,Região Metropolitana,Híbrido,Feminino,Branca,0.5061559125254118
CAND_00738,1.7,31.0,Ensino Médio,Capitais,Presencial,Masculino,Branca,0.45914850169574284
CAND_00739,3.8,45.0,Mestrado,Região Metropolitana,Presencial,Feminino,Branca,0.5660203727056968
CAND_00740,2.0,23.0,Mestrado,Capitais,Presencial,Masculino,Branca,0.5030309768125082
CAND_00741,1.9,46.0,Mestrado,Capitais,Remoto,Feminino,Branca,0.45361824707898507
CAND_00742,8.4,64.0,Bacharelado,Capitais,Remoto,Masculino,Branca,0.7647327895788171
CAND_00743,0.8,30.0,Bacharelado,Capitais,Remoto,Masculino,Indígena,0.3501681704281254
CAND_00744,5.2,47.0,Bacharelado,Região Metropolitana,Presencial,Masculino,Parda,0.6623315034812436
CAND_00745,10.1,38.0,Bacharelado,Capitais,Presencial,Masculino,Branca,0.6354025186619963
CAND_00746,8.6,77.0,Bacharelado,Capitais,Híbrido,Feminino,Branca,0.6609382211197503
CAND_00747,6.3,56.0,Ensino Médio,Capitais,Presencial,Masculino,Amarela,0.49531188605291643
CAND_00748,5.0,63.0,Bacharelado,Capitais,Presencial,Feminino,Branca,0.613525257132677
CAND_00749,7.2,54.0,Bacharelado,Capitais,Remoto,Masculino,Branca,0.7214765729855772
CAND_00750,6.1,61.0,Mestrado,Capitais,Híbrido,Feminino,Parda,0.6700377977592609
CAND_00751,9.3,66.0,Doutorado,Região Metropolitana,Remoto,Masculino,Branca,0.697850092629208
CAND_00752,4.6,51.0,Mestrado,Capitais,Presencial,Masculino,Parda,0.7420509914575464
CAND_00753,8.0,42.0,Mestrado,Interior,Híbrido,Masculino,Branca,0.6259338824494475
CAND_00754,4.0,36.0,Bacharelado,Capitais,Presencial,Masculino,Branca,0.7207254279948156
CAND_00755,10.7,76.0,Bacharelado,Capitais,Híbrido,Masculino,Indígena,0.6646659886448203
CAND_00756,4.5,62.0,Bacharelado,Capitais,Híbrido,Masculino,Branca,0.90715642618056
CAND_00757,0.1,17.0,Bacharelado,Capitais,Híbrido,Feminino,Amarela,0.20642513263939272
CAND_00758,5.2,46.0,Ensino Médio,Capitais,Remoto,Feminino,Amarela,0.19158034373735425
CAND_00759,7.3,56.0,Bacharelado,Região Metropolitana,Híbrido,Masculino,Branca,0.7626989429703466
CAND_00760,9.9,75.0,Bacharelado,Região Metropolitana,Híbrido,Feminino,Amarela,0.33808148075398625
CAND_00761,2.0,33.0,Mestrado,Região Metropolitana,Híbrido,Masculino,Branca,0.6338224516565985
CAND_00762,0.0,56.0,Bacharelado,Capitais,Remoto,Masculino,Branca,0.5404534158740386
CAND_00763,6.5,44.0,Bacharelado,Capitais,Híbrido,Não-binário,Amarela,0.28687418032018774
CAND_00764,6.4,32.0,Mestrado,Interior,Remoto,Masculino,Branca,0.45587312360408944
CAND_00765,0.8,70.0,Bacharelado,Capitais,Remoto,Masculino,Preta,0.563819830602103
CAND_00766,4.0,36.0,Doutorado,Região Metropolitana,Presencial,Masculino,Branca,0.7310464249446164
CAND_00767,4.1,65.0,Bacharelado,Capitais,Híbrido,Feminino,Preta,0.4906778584390397
CAND_00768,7.5,26.0,Mestrado,Interior,Remoto,Feminino,Parda,0.3215533837759576
CAND_00769,3.8,43.0,Mestrado,Capitais,Remoto,Masculino,Preta,0.2953777443739254
CAND_00770,3.7,59.0,Ensino Médio,Capitais,Híbrido,Feminino,Indígena,0.3381532175968361
CAND_00771,5.3,61.0,Bacharelado,Capitais,Híbrido,Masculino,Preta,0.7546148578474425
CAND_00772,0.9,57.0,Mestrado,Região Metropolitana,Presencial,Masculino,Branca,0.6223762049831372
CAND_00773,10.7,65.0,Doutorado,Capitais,Presencial,Feminino,Branca,0.8234960015868112
CAND_00774,7.8,46.0,Bacharelado,Região Metropolitana,Presencial,Masculino,Preta,0.5032905047490437
CAND_00775,2.9,71.0,Bacharelado,Região Metropolitana,Remoto,Masculino,Branca,0.5659994959699505
CAND_00776,1.6,55.0,Mestrado,Região Metropolitana,Híbrido,Feminino,Branca,0.47792834906127657
CAND_00777,1.9,61.0,Bacharelado,Região Metropolitana,Híbrido,Masculino,Branca,0.7025076520039396
CAND_00778,6.8,55.0,Mestrado,Capitais,Presencial,Feminino,Preta,0.4286615062904101
CAND_00779,2.0,57.0,Bacharelado,Capitais,Híbrido,Feminino,Branca,0.4281142138142411
CAND_00780,4.3,35.0,Bacharelado,Capitais,Remoto,Feminino,Amarela,0.13314113274577638
CAND_00781,0.0,36.0,Ensino Médio,Região Metropolitana,Híbrido,Feminino,Amarela,0.0
CAND_00782,6.6,42.0,Bacharelado,Capitais,Presencial,Masculino,Branca,0.6753105172455305
CAND_00783,6.7,58.0,Bacharelado,Capitais,Remoto,Feminino,Preta,0.3273151713940362
CAND_00784,4.4,41.0,Bacharelado,Interior,Remoto,Feminino,Branca,0.16842624397942643
CAND_00785,5.6,46.0,Doutorado,Capitais,Híbrido,Masculino,Branca,0.9011501522807958
CAND_00786,7.4,49.0,Mestrado,Capitais,Híbrido,Masculino,Branca,0.8816963533217365
CAND_00787,5.5,71.0,Mestrado,Capitais,Remoto,Feminino,Branca,0.8936599089524797
CAND_00788,7.3,59.0,Bacharelado,Região Metropolitana,Presencial,Feminino,Amarela,0.3619810489756733
CAND_00789,1.5,28.0,Bacharelado,Região Metropolitana,Remoto,Masculino,Branca,0.47382781920114814
CAND_00790,6.1,52.0,Mestrado,Capitais,Presencial,Não-binário,Branca,0.3781775998502824
CAND_00791,5.6,45.0,Bacharelado,Capitais,Remoto,Masculino,Branca,0.5397993773731055
CAND_00792,8.6,47.0,Bacharelado,Região Metropolitana,Remoto,Masculino,Branca,0.6056898920126931
CAND_00793,5.1,50.0,Bacharelado,Capitais,Presencial,Masculino,Preta,0.32350551863952826
CAND_00794,4.7,67.0,Bacharelado,Região Metropolitana,Híbrido,Masculino,Branca,0.6636848917184057
CAND_00795,3.3,38.0,Bacharelado,Capitais,Remoto,Masculino,Branca,0.5426548873287487
CAND_00796,9.5,53.0,Bacharelado,Região Metropolitana,Híbrido,Masculino,Preta,0.6125361738194657
CAND_00797,0.0,54.0,Bacharelado,Interior,Híbrido,Masculino,Preta,0.26905002237121683
CAND_00798,6.5,47.0,Bacharelado,Capitais,Remoto,Masculino,Branca,0.7822846720183972
CAND_00799,4.9,40.0,Mestrado,Capitais,Híbrido,Masculino,Branca,0.5471676430442469
CAND_00800,4.4,39.0,Mestrado,Interior,Presencial,Feminino,Amarela,0.14743819880505202
CAND_00801,4.0,44.0,Ensino Médio,Capitais,Híbrido,Masculino,Branca,0.441564584365826
CAND_00802,4.8,61.0,Bacharelado,Região Metropolitana,Híbrido,Feminino,Parda,0.4992821659416626
CAND_00803,6.4,45.0,Bacharelado,Interior,Presencial,Não-binário,Preta,0.0
CAND_00804,2.6,49.0,Bacharelado,Capitais,Presencial,Feminino,Parda,0.26518289583786414
CAND_00805,5.4,33.0,Bacharelado,Capitais,Presencial,Feminino,Amarela,0.1965700612387357
CAND_00806,6.1,43.0,Ensino Médio,Capitais,Presencial,Masculino,Branca,0.5800439364819029
CAND_00807,2.1,53.0,Mestrado,Capitais,Presencial,Feminino,Branca,0.5772027551868313
CAND_00808,6.5,25.0,Bacharelado,Capitais,Remoto,Masculino,Branca,0.5752798827147116
CAND_00809,6.1,66.0,Bacharelado,Capitais,Híbrido,Masculino,Branca,0.788298641794299
CAND_00810,2.6,41.0,Ensino Médio,Capitais,Híbrido,Feminino,Branca,0.27443756917052786
CAND_00811,1.4,76.0,Mestrado,Capitais,Remoto,Masculino,Branca,0.7288987499281258
CAND_00812,2.6,56.0,Bacharelado,Região Metropolitana,Híbrido,Feminino,Preta,0.07503093725907395
CAND_00813,5.4,22.0,Bacharelado,Capitais,Híbrido,Masculino,Branca,0.5586303799285145
CAND_00814,4.8,54.0,Bacharelado,Região Metropolitana,Híbrido,Masculino,Branca,0.7141433496721278
CAND_00815,9.2,45.0,Bacharelado,Interior,Híbrido,Masculino,Branca,0.6467310130202757
CAND_00816,3.9,54.0,Bacharelado,Região Metropolitana,Presencial,Masculino,Branca,0.77569952121692
CAND_00817,2.3,74.0,Bacharelado,Capitais,Remoto,Feminino,Branca,0.40806866820444115
CAND_00818,7.0,61.0,Ensino Médio,Capitais,Híbrido,Masculino,Branca,0.7205294128606617
CAND_00819,2.1,47.0,Bacharelado,Capitais,Remoto,Masculino,Preta,0.32345967892858274
CAND_00820,2.6,29.0,Bacharelado,Capitais,Presencial,Masculino,Parda,0.5267399320494794
CAND_00821,2.7,63.0,Mestrado,Região Metropolitana,Presencial,Masculino,Branca,0.7174774032167478
CAND_00822,0.0,58.0,Bacharelado,Capitais,Híbrido,Feminino,Branca,0.34093778926414553
CAND_00823,6.7,67.0,Bacharelado,Capitais,Remoto,Masculino,Preta,0.5804446596197983
CAND_00824,7.8,48.0,Bacharelado,Capitais,Híbrido,Masculino,Branca,0.7335644492462258
CAND_00825,7.8,54.0,Bacharelado,Capitais,Remoto,Masculino,Branca,0.906523977988132
CAND_00826,10.7,46.0,Mestrado,Interior,Híbrido,Masculino,Parda,0.5037991173584455
CAND_00827,9.5,51.0,Bacharelado,Capitais,Remoto,Masculino,Branca,0.7354589577133847
CAND_00828,4.0,27.0,Mestrado,Região Metropolitana,Híbrido,Masculino,Branca,0.7183033266476486
CAND_00829,8.3,55.0,Bacharelado,Capitais,Híbrido,Feminino,Branca,0.6060519464600858
CAND_00830,4.7,56.0,Bacharelado,Região Metropolitana,Remoto,Masculino,Branca,0.5758054743661359
CAND_00831,3.7,42.0,Bacharelado,Região Metropolitana,Remoto,Feminino,Amarela,0.18552242327666646
CAND_00832,2.7,59.0,Ensino Médio,Capitais,Presencial,Masculino,Preta,0.19927321859786948
CAND_00833,4.2,63.0,Doutorado,Região Metropolitana,Presencial,Feminino,Branca,0.6489697119877598
CAND_00834,6.0,71.0,Mestrado,Capitais,Híbrido,Masculino,Indígena,0.6173543116424539
CAND_00835,9.7,35.0,Bacharelado,Região Metropolitana,Presencial,Masculino,Branca,0.6874384220729218
CAND_00836,7.2,60.0,Bacharelado,Capitais,Presencial,Masculino,Branca,0.8001414426516968
CAND_00837,2.7,70.0,Bacharelado,Região Metropolitana,Presencial,Feminino,Indígena,0.3047883209538893
CAND_00838,1.9,45.0,Ensino Médio,Capitais,Híbrido,Masculino,Amarela,0.11075797986876501
CAND_00839,6.7,71.0,Bacharelado,Capitais,Presencial,Masculino,Branca,0.7863649729281575
CAND_00840,7.7,39.0,Bacharelado,Capitais,Presencial,Feminino,Preta,0.009978899395772178
CAND_00841,8.7,51.0,Bacharelado,Capitais,Presencial,Masculino,Branca,0.9344197559001395
CAND_00842,4.2,24.0,Bacharelado,Interior,Remoto,Masculino,Branca,0.3987532405936333
CAND_00843,6.4,22.0,Bacharelado,Capitais,Presencial,Masculino,Preta,0.2751776907460627
CAND_00844,7.6,27.0,Mestrado,Interior,Híbrido,Masculino,Branca,0.3502746998423125
CAND_00845,0.9,71.0,Bacharelado,Região Metropolitana,Presencial,Feminino,Parda,0.46086678281528887
CAND_00846,5.8,38.0,Bacharelado,Capitais,Presencial,Masculino,Branca,0.7102023758040077
CAND_00847,7.7,38.0,Bacharelado,Capitais,Híbrido,Masculino,Branca,0.686555909197875
CAND_00848,6.5,56.0,Bacharelado,Capitais,Presencial,Masculino,Branca,0.7471943918153354
CAND_00849,4.8,39.0,Mestrado,Interior,Híbrido,Feminino,Amarela,0.06858099525080458
CAND_00850,12.8,68.0,Mestrado,Região Metropolitana,Híbrido,Masculino,Parda,0.798877425599105
CAND_00851,10.8,78.0,Bacharelado,Capitais,Presencial,Masculino,Amarela,0.8492347680295596
CAND_00852,5.0,17.0,Bacharelado,Capitais,Presencial,Masculino,Amarela,0.3292170452993222
CAND_00853,4.4,58.0,Doutorado,Capitais,Presencial,Masculino,Branca,0.8541665217089668
CAND_00854,7.1,19.0,Bacharelado,Interior,Remoto,Masculino,Branca,0.42855768656044996
CAND_00855,4.8,30.0,Mestrado,Interior,Híbrido,Masculino,Branca,0.4970800315189805
CAND_00856,8.8,57.0,Bacharelado,Capitais,Remoto,Não-binário,Branca,0.7636038654418696
CAND_00857,1.2,36.0,Ensino Médio,Interior,Presencial,Feminino,Branca,0.3035689879118124
CAND_00858,4.3,54.0,Mestrado,Interior,Remoto,Masculino,Amarela,0.4716793310949303
CAND_00859,7.1,50.0,Bacharelado,Capitais,Híbrido,Feminino,Amarela,0.33279373571464377
CAND_00860,8.0,25.0,Mestrado,Capitais,Híbrido,Masculino,Branca,0.7893300857845073
CAND_00861,0.6,60.0,Bacharelado,Região Metropolitana,Híbrido,Feminino,Branca,0.22472893122033308
CAND_00862,2.1,54.0,Mestrado,Interior,Presencial,Masculino,Indígena,0.4005772161649861
CAND_00863,0.0,51.0,Bacharelado,Capitais,Híbrido,Masculino,Branca,0.5289490462476947
CAND_00864,2.4,40.0,Bacharelado,Capitais,Híbrido,Feminino,Branca,0.4775009714006243
CAND_00865,1.2,56.0,Bacharelado,Capitais,Híbrido,Masculino,Branca,0.7280761290197659
CAND_00866,6.6,31.0,Bacharelado,Capitais,Presencial,Masculino,Branca,0.7715229571918751
CAND_00867,5.7,35.0,Mestrado,Interior,Remoto,Masculino,Branca,0.5468359371341529
CAND_00868,4.5,55.0,Mestrado,Capitais,Remoto,Feminino,Amarela,0.3510635917536383
CAND_00869,5.1,65.0,Bacharelado,Região Metropolitana,Híbrido,Masculino,Branca,0.7730069251554739
CAND_00870,8.6,43.0,Bacharelado,Capitais,Remoto,Feminino,Branca,0.6712711302389496
CAND_00871,1.9,57.0,Bacharelado,Capitais,Híbrido,Feminino,Branca,0.3233687482556882
CAND_00872,0.0,53.0,Bacharelado,Capitais,Remoto,Masculino,Branca,0.5958380880953043
CAND_00873,7.1,56.0,Mestrado,Capitais,Remoto,Masculino,Preta,0.3369714930281865
CAND_00874,3.8,40.0,Bacharelado,Interior,Presencial,Não-binário,Branca,0.33382863215065267
CAND_00875,1.9,48.0,Mestrado,Capitais,Híbrido,Masculino,Branca,0.6098592038222872
CAND_00876,6.7,49.0,Bacharelado,Região Metropolitana,Presencial,Masculino,Branca,0.7214887306301073
CAND_00877,0.0,72.0,Mestrado,Capitais,Remoto,Masculino,Branca,0.6037775877562892
CAND_00878,2.4,33.0,Bacharelado,Região Metropolitana,Remoto,Masculino,Branca,0.5214167914231445
CAND_00879,0.0,29.0,Mestrado,Capitais,Híbrido,Feminino,Preta,0.06378610344338614
CAND_00880,5.8,95.0,Bacharelado,Capitais,Híbrido,Feminino,Amarela,0.4187900956733098
CAND_00881,9.7,55.0,Mestrado,Região Metropolitana,Híbrido,Feminino,Preta,0.460477965508285
CAND_00882,3.3,58.0,Bacharelado,Região Metropolitana,Remoto,Masculino,Branca,0.5581155099979913
CAND_00883,2.6,60.0,Mestrado,Capitais,Presencial,Feminino,Preta,0.4111183998651924
CAND_00884,10.4,62.0,Mestrado,Região Metropolitana,Presencial,Masculino,Branca,1.0
CAND_00885,6.9,63.0,Mestrado,Capitais,Híbrido,Masculino,Branca,0.7877995220831876
CAND_00886,12.1,62.0,Bacharelado,Capitais,Remoto,Feminino,Indígena,0.7094203041955909
CAND_00887,5.5,67.0,Bacharelado,Região Metropolitana,Remoto,Masculino,Indígena,0.6695312021618295
CAND_00888,5.7,53.0,Bacharelado,Região Metropolitana,Híbrido,Masculino,Amarela,0.7028036407123122
CAND_00889,9.3,66.0,Bacharelado,Capitais,Presencial,Feminino,Branca,0.8300782522884618
CAND_00890,4.6,78.0,Bacharelado,Capitais,Remoto,Feminino,Preta,0.3732113353929848
CAND_00891,5.7,53.0,Mestrado,Capitais,Híbrido,Masculino,Branca,0.882417517027353
CAND_00892,0.0,57.0,Bacharelado,Capitais,Presencial,Masculino,Amarela,0.4048828438482409
CAND_00893,10.2,41.0,Bacharelado,Capitais,Híbrido,Masculino,Branca,0.9027122928858841
CAND_00894,6.2,48.0,Mestrado,Capitais,Híbrido,Feminino,Branca,0.45135543044758203
CAND_00895,4.7,55.0,Mestrado,Região Metropolitana,Presencial,Masculino,Branca,0.6708026238581299
CAND_00896,7.7,44.0,Mestrado,Região Metropolitana,Presencial,Masculino,Branca,0.6611506382920564
CAND_00897,1.5,51.0,Bacharelado,Capitais,Presencial,Feminino,Branca,0.3970620344667707
CAND_00898,3.3,55.0,Mestrado,Região Metropolitana,Remoto,Masculino,Branca,0.6531167819551382
CAND_00899,6.7,73.0,Bacharelado,Capitais,Híbrido,Masculino,Amarela,0.6259401553015547
CAND_00900,5.1,37.0,Ensino Médio,Interior,Remoto,Masculino,Parda,0.46573378709868785
CAND_00901,6.3,56.0,Bacharelado,Região Metropolitana,Remoto,Masculino,Branca,0.7126595124964976
CAND_00902,5.7,41.0,Bacharelado,Região Metropolitana,Remoto,Feminino,Branca,0.473806380625062
CAND_00903,6.9,61.0,Bacharelado,Capitais,Presencial,Masculino,Branca,0.6839572072888521
CAND_00904,1.0,63.0,Bacharelado,Interior,Híbrido,Masculino,Branca,0.457004757750997
CAND_00905,8.8,75.0,Mestrado,Interior,Híbrido,Feminino,Preta,0.2818737398961867
CAND_00906,3.5,44.0,Mestrado,Capitais,Remoto,Masculino,Branca,0.6859857276937323
CAND_00907,5.2,52.0,Mestrado,Capitais,Remoto,Feminino,Branca,0.6863949344538253
CAND_00908,3.2,62.0,Mestrado,Capitais,Presencial,Feminino,Branca,0.5692003151061881
CAND_00909,4.1,60.0,Bacharelado,Capitais,Remoto,Masculino,Amarela,0.4479054645135949
CAND_00910,5.7,13.0,Bacharelado,Capitais,Presencial,Feminino,Indígena,0.2774030880599744
CAND_00911,7.2,40.0,Bacharelado,Interior,Remoto,Masculino,Branca,0.561666308909822
CAND_00912,7.7,59.0,Bacharelado,Região Metropolitana,Híbrido,Masculino,Branca,0.7161004938337225
CAND_00913,6.3,47.0,Bacharelado,Capitais,Presencial,Masculino,Parda,0.8017502704624533
CAND_00914,3.2,62.0,Bacharelado,Capitais,Híbrido,Masculino,Branca,0.7905661990407316
CAND_00915,6.1,66.0,Mestrado,Interior,Remoto,Masculino,Branca,0.6805209264382167
CAND_00916,5.7,47.0,Mestrado,Capitais,Híbrido,Masculino,Branca,0.7401330578583901
CAND_00917,5.2,59.0,Bacharelado,Região Metropolitana,Presencial,Feminino,Branca,0.45855524837082784
CAND_00918,6.6,72.0,Bacharelado,Capitais,Remoto,Masculino,Branca,0.6820378577867099
CAND_00919,1.2,65.0,Bacharelado,Capitais,Híbrido,Masculino,Branca,0.6557162534965638
CAND_00920,0.0,38.0,Mestrado,Região Metropolitana,Híbrido,Masculino,Amarela,0.35261583392525825
CAND_00921,8.6,47.0,Bacharelado,Capitais,Remoto,Masculino,Amarela,0.4275342410724865
CAND_00922,4.6,50.0,Bacharelado,Capitais,Híbrido,Masculino,Amarela,0.38184184550936273
CAND_00923,6.2,36.0,Bacharelado,Capitais,Híbrido,Feminino,Parda,0.6506892005666641
CAND_00924,2.4,66.0,Mestrado,Região Metropolitana,Remoto,Masculino,Preta,0.6244525836415269
CAND_00925,8.8,40.0,Bacharelado,Capitais,Remoto,Feminino,Preta,0.21251933730351513
CAND_00926,6.1,48.0,Mestrado,Capitais,Remoto,Masculino,Amarela,0.49035851460651103
CAND_00927,4.5,66.0,Bacharelado,Interior,Presencial,Não-binário,Branca,0.4084504794798614
CAND_00928,5.9,43.0,Ensino Médio,Capitais,Remoto,Feminino,Parda,0.34845696736393883
CAND_00929,0.0,45.0,Bacharelado,Capitais,Híbrido,Masculino,Amarela,0.38860860820516857
CAND_00930,6.1,55.0,Ensino Médio,Capitais,Híbrido,Masculino,Preta,0.4374108693801205
CAND_00931,9.5,44.0,Ensino Médio,Capitais,Remoto,Masculino,Parda,0.6165796907873922
CAND_00932,5.9,73.0,Mestrado,Capitais,Híbrido,Masculino,Branca,0.7103620962951367
CAND_00933,5.6,36.0,Bacharelado,Capitais,Híbrido,Masculino,Branca,0.5731845638213584
CAND_00934,4.0,16.0,Bacharelado,Capitais,Híbrido,Feminino,Preta,0.05495055382258318
CAND_00935,8.2,63.0,Bacharelado,Região Metropolitana,Remoto,Feminino,Branca,0.5023569964318101
CAND_00936,8.7,45.0,Bacharelado,Capitais,Híbrido,Masculino,Branca,0.6285965076010344
CAND_00937,3.7,38.0,Bacharelado,Interior,Presencial,Feminino,Indígena,0.2924197442994714
CAND_00938,6.1,56.0,Ensino Médio,Região Metropolitana,Remoto,Feminino,Parda,0.44568187843592655
CAND_00939,5.7,56.0,Bacharelado,Capitais,Remoto,Masculino,Branca,0.716024967983416
CAND_00940,6.2,39.0,Bacharelado,Capitais,Presencial,Masculino,Branca,0.7439505128823087
CAND_00941,2.7,68.0,Ensino Médio,Região Metropolitana,Presencial,Masculino,Branca,0.5998451289189992
CAND_00942,8.4,63.0,Bacharelado,Região Metropolitana,Híbrido,Masculino,Indígena,0.8568023971242025
CAND_00943,6.7,80.0,Ensino Médio,Região Metropolitana,Remoto,Feminino,Indígena,0.6940862545732315
CAND_00944,8.6,43.0,Mestrado,Capitais,Presencial,Feminino,Branca,0.7634545991330348
CAND_00945,1.7,52.0,Bacharelado,Capitais,Remoto,Masculino,Branca,0.7421237676318189
CAND_00946,1.8,53.0,Bacharelado,Região Metropolitana,Remoto,Masculino,Branca,0.5601349684054564
CAND_00947,11.2,45.0,Mestrado,Região Metropolitana,Remoto,Feminino,Preta,0.16126616635486218
CAND_00948,8.4,56.0,Mestrado,Interior,Presencial,Masculino,Branca,0.8253464446838655
CAND_00949,2.6,57.0,Bacharelado,Região Metropolitana,Remoto,Masculino,Branca,0.5804216111918349
CAND_00950,7.6,57.0,Mestrado,Capitais,Híbrido,Feminino,Parda,0.5824237613005638
CAND_00951,3.6,45.0,Bacharelado,Capitais,Híbrido,Masculino,Branca,0.6944735311873139
CAND_00952,0.0,47.0,Bacharelado,Capitais,Presencial,Feminino,Branca,0.4469547493695589
CAND_00953,0.0,41.0,Bacharelado,Capitais,Híbrido,Masculino,Amarela,0.39929451955644907
CAND_00954,4.9,39.0,Bacharelado,Capitais,Híbrido,Feminino,Preta,0.12649080942589364
CAND_00955,9.7,49.0,Bacharelado,Capitais,Híbrido,Feminino,Preta,0.3241487578081095
CAND_00956,9.6,73.0,Mestrado,Capitais,Presencial,Feminino,Preta,0.4525449269170167
CAND_00957,8.8,81.0,Bacharelado,Capitais,Híbrido,Masculino,Branca,1.0
CAND_00958,7.5,70.0,Mestrado,Região Metropolitana,Presencial,Masculino,Amarela,0.5970761806215539
CAND_00959,6.0,43.0,Mestrado,Capitais,Presencial,Masculino,Branca,0.7149820882630338
CAND_00960,8.5,56.0,Mestrado,Capitais,Presencial,Feminino,Branca,0.6533808080791005
CAND_00961,0.0,19.0,Mestrado,Capitais,Remoto,Feminino,Branca,0.29638144881348627
CAND_00962,8.0,48.0,Mestrado,Capitais,Híbrido,Masculino,Branca,0.8013636335633352
CAND_00963,1.6,44.0,Mestrado,Região Metropolitana,Remoto,Masculino,Branca,0.5015454928308595
CAND_00964,2.3,78.0,Bacharelado,Capitais,Híbrido,Masculino,Branca,0.6452397585418485
CAND_00965,7.1,54.0,Bacharelado,Capitais,Híbrido,Masculino,Branca,0.6999555565623734
CAND_00966,7.8,51.0,Ensino Médio,Interior,Remoto,Masculino,Parda,0.542806921873592
CAND_00967,3.2,49.0,Bacharelado,Capitais,Híbrido,Masculino,Branca,0.5714172826851911
CAND_00968,6.9,46.0,Mestrado,Região Metropolitana,Híbrido,Masculino,Amarela,0.5481285251099471
CAND_00969,6.7,58.0,Ensino Médio,Capitais,Híbrido,Feminino,Preta,0.3627899925439761
CAND_00970,4.1,40.0,Bacharelado,Capitais,Presencial,Feminino,Parda,0.2435338640205327
CAND_00971,5.5,58.0,Bacharelado,Capitais,Presencial,Masculino,Amarela,0.4468439330108336
CAND_00972,11.2,71.0,Ensino Médio,Região Metropolitana,Híbrido,Masculino,Branca,0.6712902557644335
CAND_00973,4.2,52.0,Mestrado,Capitais,Híbrido,Masculino,Parda,0.5516679609205215
CAND_00974,4.3,45.0,Bacharelado,Região Metropolitana,Híbrido,Feminino,Branca,0.18633968806766998
CAND_00975,5.5,49.0,Mestrado,Região Metropolitana,Presencial,Feminino,Branca,0.5243996685779313
CAND_00976,4.5,68.0,Bacharelado,Capitais,Híbrido,Feminino,Branca,0.4722345502793452
CAND_00977,7.4,52.0,Bacharelado,Região Metropolitana,Remoto,Masculino,Branca,0.7256074731967527
CAND_00978,9.4,41.0,Bacharelado,Capitais,Remoto,Masculino,Branca,0.8471416880224989
CAND_00979,4.3,62.0,Ensino Médio,Região Metropolitana,Híbrido,Masculino,Indígena,0.38742797187079936
CAND_00980,2.4,39.0,Bacharelado,Região Metropolitana,Remoto,Feminino,Preta,0.18130015498509022
CAND_00981,10.9,46.0,Bacharelado,Capitais,Híbrido,Feminino,Branca,0.7153002395442244
CAND_00982,5.4,53.0,Bacharelado,Região Metropolitana,Híbrido,Feminino,Branca,0.40306433901999644
CAND_00983,0.0,38.0,Ensino Médio,Capitais,Remoto,Masculino,Branca,0.30407059551251747
CAND_00984,10.6,23.0,Bacharelado,Região Metropolitana,Híbrido,Feminino,Parda,0.2831996087751527
CAND_00985,8.4,57.0,Mestrado,Região Metropolitana,Remoto,Masculino,Branca,1.0
CAND_00986,9.8,17.0,Ensino Médio,Capitais,Híbrido,Feminino,Amarela,0.18873322915570198
CAND_00987,9.3,36.0,Bacharelado,Capitais,Remoto,Masculino,Branca,0.8316356469123978
CAND_00988,12.9,62.0,Bacharelado,Região Metropolitana,Presencial,Masculino,Branca,0.8578494402289649
CAND_00989,1.9,56.0,Mestrado,Região Metropolitana,Remoto,Masculino,Branca,0.486671622323369
CAND_00990,2.6,48.0,Bacharelado,Capitais,Presencial,Feminino,Indígena,0.34450853373478346
CAND_00991,3.5,37.0,Mestrado,Capitais,Remoto,Feminino,Preta,0.1559935029527092
CAND_00992,3.4,44.0,Mestrado,Capitais,Híbrido,Masculino,Branca,0.8906568071306706
CAND_00993,5.4,59.0,Bacharelado,Capitais,Presencial,Masculino,Branca,0.6696673163933256
CAND_00994,3.5,48.0,Bacharelado,Capitais,Híbrido,Masculino,Preta,0.5820996371158452
CAND_00995,1.4,31.0,Bacharelado,Capitais,Presencial,Masculino,Amarela,0.5202641806190811
CAND_00996,2.4,37.0,Bacharelado,Capitais,Híbrido,Masculino,Branca,0.45154471661572704
CAND_00997,4.1,43.0,Bacharelado,Região Metropolitana,Presencial,Masculino,Branca,0.6731377820939448
CAND_00998,8.4,56.0,Bacharelado,Capitais,Presencial,Masculino,Branca,0.7563224077601497
CAND_00999,3.3,52.0,Mestrado,Capitais,Remoto,Masculino,Branca,0.8403703847447346
CAND_01000,7.4,31.0,Bacharelado,Capitais,Remoto,Masculino,Branca,0.7125014524631429
CAND_01001,1.0,70.0,Ensino Médio,Capitais,Presencial,Feminino,Branca,0.4686388727325051
CAND_01002,0.0,39.0,Doutorado,Interior,Presencial,Feminino,Branca,0.26341054459699
CAND_01003,4.6,57.0,Bacharelado,Capitais,Híbrido,Masculino,Parda,0.7285991090493373
CAND_01004,3.2,36.0,Bacharelado,Região Metropolitana,Híbrido,Masculino,Branca,0.41690478992802094
CAND_01005,2.4,87.0,Mestrado,Interior,Presencial,Masculino,Branca,0.7905518108431867
CAND_01006,2.0,70.0,Bacharelado,Capitais,Híbrido,Masculino,Indígena,0.653860931683701
CAND_01007,2.9,38.0,Bacharelado,Capitais,Presencial,Feminino,Branca,0.46126701492998934
CAND_01008,2.0,51.0,Mestrado,Região Metropolitana,Híbrido,Feminino,Branca,0.34976427051828773
CAND_01009,2.3,35.0,Bacharelado,Região Metropolitana,Presencial,Masculino,Branca,0.43920046158073894
CAND_01010,0.9,45.0,Ensino Médio,Região Metropolitana,Híbrido,Masculino,Branca,0.43213100458010933
CAND_01011,0.0,56.0,Bacharelado,Interior,Presencial,Masculino,Branca,0.38350902021525146
CAND_01012,0.0,63.0,Mestrado,Capitais,Presencial,Masculino,Amarela,0.5322971795372843
CAND_01013,12.4,31.0,Ensino Médio,Capitais,Híbrido,Masculino,Branca,0.6706545230385039
CAND_01014,4.8,39.0,Mestrado,Região Metropolitana,Remoto,Feminino,Branca,0.41373556728590205
CAND_01015,9.6,64.0,Bacharelado,Capitais,Presencial,Feminino,Preta,0.35123281003369794
CAND_01016,4.5,70.0,Mestrado,Região Metropolitana,Remoto,Masculino,Amarela,0.4536048510973094
CAND_01017,4.6,38.0,Bacharelado,Capitais,Presencial,Masculino,Parda,0.539930603938868
CAND_01018,5.9,64.0,Bacharelado,Região Metropolitana,Presencial,Feminino,Preta,0.3844959757613021
CAND_01019,6.9,31.0,Bacharelado,Interior,Híbrido,Feminino,Parda,0.3453955908083207
CAND_01020,1.3,46.0,Bacharelado,Capitais,Remoto,Masculino,Branca,0.658690092245528
CAND_01021,3.9,33.0,Ensino Médio,Capitais,Remoto,Feminino,Branca,0.5094328223090304
CAND_01022,5.9,44.0,Mestrado,Capitais,Híbrido,Masculino,Branca,0.6907821027596038
CAND_01023,0.0,79.0,Mestrado,Capitais,Remoto,Masculino,Branca,0.7314341511897132
CAND_01024,8.9,49.0,Bacharelado,Capitais,Híbrido,Masculino,Branca,0.8740536274854263
CAND_01025,8.2,46.0,Mestrado,Capitais,Remoto,Feminino,Branca,0.5949184044886574
CAND_01026,0.0,42.0,Mestrado,Capitais,Híbrido,Masculino,Preta,0.27642062394583006
CAND_01027,2.4,46.0,Bacharelado,Capitais,Híbrido,Masculino,Branca,0.5130601711463879
CAND_01028,5.3,38.0,Mestrado,Capitais,Híbrido,Masculino,Amarela,0.4155628843782419
CAND_01029,7.5,52.0,Bacharelado,Região Metropolitana,Remoto,Feminino,Branca,0.6357312645708328
CAND_01030,9.6,50.0,Bacharelado,Região Metropolitana,Híbrido,Masculino,Parda,0.7131133134112978
CAND_01031,3.1,43.0,Bacharelado,Região Metropolitana,Remoto,Feminino,Branca,0.4152510653126061
CAND_01032,12.0,42.0,Bacharelado,Capitais,Remoto,Masculino,Preta,0.5628692812005274
CAND_01033,4.9,53.0,Bacharelado,Capitais,Híbrido,Masculino,Branca,0.6399417840074885
CAND_01034,4.3,39.0,Ensino Médio,Capitais,Híbrido,Masculino,Branca,0.3286150978743366
CAND_01035,6.7,46.0,Bacharelado,Capitais,Híbrido,Masculino,Preta,0.30344245037766837
CAND_01036,5.9,43.0,Doutorado,Região Metropolitana,Remoto,Masculino,Preta,0.6133983633270647
CAND_01037,5.8,17.0,Bacharelado,Capitais,Presencial,Feminino,Branca,0.4599317492610527
CAND_01038,11.0,63.0,Bacharelado,Capitais,Híbrido,Feminino,Branca,0.8328814933631742
CAND_01039,5.7,23.0,Bacharelado,Região Metropolitana,Híbrido,Masculino,Branca,0.5822072025303328
CAND_01040,2.0,23.0,Bacharelado,Região Metropolitana,Presencial,Masculino,Preta,0.30215039853776904
CAND_01041,2.5,63.0,Bacharelado,Capitais,Remoto,Masculino,Branca,0.5737091839187343
CAND_01042,9.4,33.0,Bacharelado,Capitais,Híbrido,Masculino,Parda,0.5111410788591619
CAND_01043,7.1,19.0,Mestrado,Capitais,Híbrido,Masculino,Branca,0.7752834084854547
CAND_01044,0.3,70.0,Mestrado,Capitais,Híbrido,Feminino,Amarela,0.36492926257817276
CAND_01045,0.2,40.0,Mestrado,Capitais,Híbrido,Masculino,Preta,0.3642319109542864
CAND_01046,5.1,68.0,Bacharelado,Região Metropolitana,Presencial,Masculino,Indígena,0.5238599172250701
CAND_01047,6.8,36.0,Bacharelado,Capitais,Híbrido,Feminino,Branca,0.6608606432119484
CAND_01048,3.0,25.0,Bacharelado,Capitais,Híbrido,Feminino,Preta,0.025629824722895267
CAND_01049,0.0,45.0,Mestrado,Região Metropolitana,Remoto,Feminino,Branca,0.5299081733771906
CAND_01050,1.6,32.0,Bacharelado,Capitais,Remoto,Feminino,Branca,0.36249500379802374
CAND_01051,9.9,56.0,Bacharelado,Capitais,Presencial,Masculino,Branca,0.6212953687767642
CAND_01052,6.5,60.0,Bacharelado,Região Metropolitana,Remoto,Masculino,Branca,0.7822153197011352
CAND_01053,8.0,64.0,Mestrado,Capitais,Híbrido,Masculino,Branca,0.8589338457715024
CAND_01054,8.5,45.0,Bacharelado,Capitais,Híbrido,Feminino,Parda,0.4567652823125479
CAND_01055,3.1,71.0,Bacharelado,Capitais,Híbrido,Feminino,Branca,0.5570441796640155
CAND_01056,3.9,36.0,Bacharelado,Capitais,Híbrido,Feminino,Amarela,0.0
CAND_01057,4.5,52.0,Mestrado,Região Metropolitana,Presencial,Feminino,Branca,0.5173455007533498
CAND_01058,6.3,48.0,Bacharelado,Capitais,Híbrido,Feminino,Branca,0.5278458435320788
CAND_01059,8.3,80.0,Bacharelado,Capitais,Híbrido,Feminino,Branca,0.8715718081814269
CAND_01060,10.6,68.0,Bacharelado,Região Metropolitana,Presencial,Feminino,Indígena,0.7175104426582638
CAND_01061,7.4,50.0,Bacharelado,Região Metropolitana,Híbrido,Masculino,Branca,0.6700402463988676
CAND_01062,7.5,53.0,Bacharelado,Região Metropolitana,Híbrido,Feminino,Branca,0.6106669426510922
CAND_01063,10.8,73.0,Mestrado,Capitais,Híbrido,Masculino,Preta,0.8424027397407272
CAND_01064,4.4,39.0,Doutorado,Região Metropolitana,Remoto,Masculino,Preta,0.45361136711525707
CAND_01065,8.6,20.0,Bacharelado,Região Metropolitana,Híbrido,Masculino,Branca,0.6268137667045938
CAND_01066,6.7,35.0,Bacharelado,Região Metropolitana,Híbrido,Feminino,Amarela,0.18648772819516668
CAND_01067,6.8,44.0,Bacharelado,Interior,Presencial,Masculino,Branca,0.43102154394824266
CAND_01068,4.4,70.0,Bacharelado,Capitais,Híbrido,Masculino,Branca,0.8791555408511603
CAND_01069,0.8,66.0,Bacharelado,Região Metropolitana,Remoto,Feminino,Branca,0.3321513860673265
CAND_01070,6.0,49.0,Bacharelado,Capitais,Híbrido,Masculino,Branca,0.6903698391809976
CAND_01071,6.0,57.0,Bacharelado,Capitais,Presencial,Masculino,Indígena,0.7034271975284743
CAND_01072,3.3,39.0,Mestrado,Região Metropolitana,Remoto,Masculino,Branca,0.48375919159028846
CAND_01073,4.7,81.0,Bacharelado,Capitais,Híbrido,Feminino,Preta,0.33810558672682545
CAND_01074,2.4,68.0,Bacharelado,Capitais,Remoto,Masculino,Indígena,0.7124285407557702
CAND_01075,2.4,51.0,Bacharelado,Capitais,Híbrido,Masculino,Amarela,0.3101031823825483
CAND_01076,3.6,49.0,Mestrado,Capitais,Remoto,Masculino,Branca,0.6744292594263561
CAND_01077,1.0,61.0,Bacharelado,Capitais,Híbrido,Feminino,Branca,0.33604643636095244
CAND_01078,3.2,49.0,Bacharelado,Capitais,Presencial,Feminino,Preta,0.30784124566970045
CAND_01079,7.1,23.0,Mestrado,Capitais,Híbrido,Feminino,Branca,0.6779864938990336
CAND_01080,9.4,73.0,Bacharelado,Capitais,Presencial,Feminino,Branca,0.8005294904388509
CAND_01081,11.2,68.0,Bacharelado,Região Metropolitana,Remoto,Masculino,Amarela,0.682686043010488
CAND_01082,3.8,56.0,Mestrado,Região Metropolitana,Remoto,Feminino,Preta,0.23138564083342342
CAND_01083,8.6,44.0,Doutorado,Região Metropolitana,Presencial,Feminino,Amarela,0.4754016405960305
CAND_01084,6.0,50.0,Bacharelado,Interior,Remoto,Feminino,Indígena,0.2854096460704628
CAND_01085,4.3,10.0,Bacharelado,Capitais,Presencial,Feminino,Branca,0.20048421611488795
CAND_01086,6.2,33.0,Mestrado,Região Metropolitana,Híbrido,Feminino,Preta,0.09553375549474218
CAND_01087,8.3,77.0,Bacharelado,Capitais,Presencial,Masculino,Preta,0.467741763848313
CAND_01088,3.5,58.0,Ensino Médio,Capitais,Presencial,Não-binário,Branca,0.4262257363673795
CAND_01089,3.4,21.0,Bacharelado,Capitais,Remoto,Masculino,Preta,0.27455835084442454
CAND_01090,3.8,38.0,Mestrado,Capitais,Remoto,Feminino,Branca,0.5385499969064601
CAND_01091,3.1,21.0,Mestrado,Região Metropolitana,Remoto,Masculino,Amarela,0.4692156868356975
CAND_01092,8.6,38.0,Mestrado,Região Metropolitana,Presencial,Masculino,Amarela,0.5583086602392865
CAND_01093,2.7,48.0,Bacharelado,Capitais,Remoto,Masculino,Branca,0.6372832351716865
CAND_01094,3.2,74.0,Bacharelado,Capitais,Presencial,Feminino,Preta,0.43874076232917336
CAND_01095,5.9,62.0,Bacharelado,Capitais,Híbrido,Masculino,Preta,0.3632775653318081
CAND_01096,5.7,45.0,Doutorado,Interior,Presencial,Masculino,Branca,0.6502606310399107
CAND_01097,3.8,46.0,Bacharelado,Capitais,Remoto,Masculino,Branca,0.6385818753839534
CAND_01098,10.1,38.0,Bacharelado,Região Metropolitana,Híbrido,Masculino,Amarela,0.48850507283524447
CAND_01099,3.1,66.0,Bacharelado,Capitais,Híbrido,Masculino,Branca,0.6737573766461372
CAND_01100,4.5,68.0,Bacharelado,Capitais,Híbrido,Masculino,Parda,0.8423366921035874
CAND_01101,0.0,30.0,Bacharelado,Capitais,Híbrido,Masculino,Branca,0.34587577977796746
CAND_01102,4.1,24.0,Bacharelado,Capitais,Híbrido,Feminino,Preta,0.19552358758629576
CAND_01103,1.0,45.0,Ensino Médio,Capitais,Híbrido,Masculino,Branca,0.44932105175690756
CAND_01104,2.3,47.0,Mestrado,Capitais,Remoto,Feminino,Parda,0.230259433220369
CAND_01105,0.0,54.0,Bacharelado,Interior,Presencial,Feminino,Branca,0.3102112047067064
CAND_01106,2.3,25.0,Ensino Médio,Capitais,Remoto,Feminino,Indígena,0.19778212099494138
CAND_01107,4.8,39.0,Bacharelado,Região Metropolitana,Remoto,Masculino,Branca,0.7390971963899313
CAND_01108,4.3,49.0,Bacharelado,Capitais,Remoto,Masculino,Branca,0.6867187662447383
CAND_01109,3.8,38.0,Bacharelado,Capitais,Remoto,Masculino,Branca,0.7231798211363623
CAND_01110,4.0,63.0,Mestrado,Capitais,Remoto,Masculino,Branca,0.8704478555013053
CAND_01111,3.5,78.0,Bacharelado,Capitais,Presencial,Masculino,Amarela,0.5975490708938852
CAND_01112,4.9,42.0,Bacharelado,Capitais,Remoto,Masculino,Branca,0.5380953333069223
CAND_01113,4.7,63.0,Bacharelado,Capitais,Remoto,Feminino,Amarela,0.41799483748390687
CAND_01114,5.8,45.0,Doutorado,Capitais,Híbrido,Masculino,Branca,0.885548504596922
CAND_01115,4.4,36.0,Mestrado,Capitais,Híbrido,Feminino,Preta,0.14204675533185682
CAND_01116,3.7,39.0,Mestrado,Capitais,Remoto,Masculino,Parda,0.5938917256472331
CAND_01117,7.3,62.0,Bacharelado,Capitais,Presencial,Feminino,Branca,0.41824512158339955
CAND_01118,6.8,40.0,Bacharelado,Região Metropolitana,Híbrido,Feminino,Branca,0.5387761267910104
CAND_01119,4.9,43.0,Bacharelado,Capitais,Remoto,Masculino,Parda,0.5230878186703044
CAND_01120,8.6,33.0,Bacharelado,Capitais,Híbrido,Masculino,Branca,0.7670236461367018
CAND_01121,5.2,60.0,Ensino Médio,Capitais,Presencial,Feminino,Branca,0.5766268991883394
CAND_01122,4.5,57.0,Bacharelado,Capitais,Remoto,Masculino,Preta,0.5302582066225111
CAND_01123,4.8,72.0,Doutorado,Região Metropolitana,Remoto,Feminino,Branca,0.6448942114772654
CAND_01124,5.5,59.0,Bacharelado,Capitais,Remoto,Masculino,Branca,0.8452518529204599
CAND_01125,2.2,56.0,Ensino Médio,Capitais,Remoto,Feminino,Branca,0.40872803724844514
CAND_01126,0.0,59.0,Mestrado,Capitais,Híbrido,Masculino,Branca,0.7899424079312733
CAND_01127,5.8,46.0,Ensino Médio,Capitais,Remoto,Masculino,Branca,0.6070554109622878
CAND_01128,7.5,52.0,Mestrado,Capitais,Híbrido,Feminino,Branca,0.732090026690982
CAND_01129,2.0,64.0,Bacharelado,Região Metropolitana,Híbrido,Feminino,Branca,0.46999507599844625
CAND_01130,8.2,38.0,Ensino Médio,Capitais,Presencial,Masculino,Branca,0.6634861753616773
CAND_01131,0.1,76.0,Bacharelado,Região Metropolitana,Híbrido,Masculino,Branca,0.6584465634590542
CAND_01132,3.3,60.0,Ensino Médio,Capitais,Presencial,Masculino,Branca,0.7769073672840536
CAND_01133,10.1,80.0,Ensino Médio,Capitais,Híbrido,Masculino,Preta,0.578548170762706
CAND_01134,6.1,32.0,Ensino Médio,Região Metropolitana,Híbrido,Masculino,Branca,0.5768574045248356
CAND_01135,4.1,32.0,Bacharelado,Região Metropolitana,Híbrido,Masculino,Branca,0.46121563959245526
CAND_01136,5.8,56.0,Mestrado,Capitais,Remoto,Masculino,Amarela,0.5428848397765009
CAND_01137,8.6,52.0,Bacharelado,Região Metropolitana,Híbrido,Feminino,Branca,0.5830319339680202
CAND_01138,0.7,43.0,Bacharelado,Região Metropolitana,Presencial,Masculino,Branca,0.4739699710322588
CAND_01139,9.0,31.0,Bacharelado,Capitais,Remoto,Feminino,Parda,0.5508474581851116
CAND_01140,3.5,46.0,Mestrado,Capitais,Presencial,Masculino,Branca,0.8504923731103157
CAND_01141,7.1,53.0,Bacharelado,Região Metropolitana,Remoto,Masculino,Branca,0.6469250519585579
CAND_01142,3.2,30.0,Ensino Médio,Capitais,Remoto,Masculino,Branca,0.47903786944012366
CAND_01143,10.1,44.0,Bacharelado,Capitais,Remoto,Feminino,Branca,0.6678706707808633
CAND_01144,4.9,56.0,Bacharelado,Interior,Presencial,Feminino,Preta,0.15299013879774997
CAND_01145,1.0,62.0,Bacharelado,Interior,Híbrido,Masculino,Branca,0.3716805519981128
CAND_01146,6.4,46.0,Bacharelado,Capitais,Presencial,Feminino,Preta,0.1791649443643606
CAND_01147,8.9,38.0,Bacharelado,Capitais,Híbrido,Masculino,Branca,0.7452978083378236
CAND_01148,8.6,52.0,Bacharelado,Região Metropolitana,Presencial,Masculino,Amarela,0.7255979901512036
CAND_01149,5.3,47.0,Bacharelado,Capitais,Remoto,Masculino,Amarela,0.5908641641983776
CAND_01150,7.4,28.0,Bacharelado,Capitais,Presencial,Masculino,Branca,0.9129099785267638
CAND_01151,3.7,43.0,Bacharelado,Capitais,Presencial,Masculino,Branca,0.6487150818479127
CAND_01152,6.8,41.0,Bacharelado,Capitais,Presencial,Feminino,Parda,0.21289629585348466
CAND_01153,6.1,50.0,Ensino Médio,Região Metropolitana,Remoto,Feminino,Branca,0.6712100345195318
CAND_01154,0.0,39.0,Mestrado,Região Metropolitana,Híbrido,Masculino,Branca,0.46141179266697496
CAND_01155,2.0,42.0,Bacharelado,Região Metropolitana,Presencial,Masculino,Indígena,0.2661875190183518
CAND_01156,5.6,47.0,Ensino Médio,Região Metropolitana,Híbrido,Feminino,Branca,0.488080562853609
CAND_01157,5.5,60.0,Bacharelado,Região Metropolitana,Remoto,Masculino,Preta,0.5917547997471428
CAND_01158,4.9,51.0,Doutorado,Capitais,Híbrido,Feminino,Parda,0.6773961782332525
CAND_01159,5.3,90.0,Bacharelado,Capitais,Híbrido,Masculino,Preta,0.6600805691948514
CAND_01160,8.6,31.0,Bacharelado,Região Metropolitana,Híbrido,Masculino,Amarela,0.25894540379833986
CAND_01161,6.1,64.0,Bacharelado,Região Metropolitana,Híbrido,Masculino,Parda,0.7132101818586851
CAND_01162,0.0,49.0,Bacharelado,Capitais,Presencial,Masculino,Amarela,0.5340775611812651
CAND_01163,10.8,29.0,Bacharelado,Região Metropolitana,Presencial,Masculino,Branca,0.7285944783753903
CAND_01164,0.0,44.0,Mestrado,Capitais,Remoto,Masculino,Branca,0.624226532577169
CAND_01165,7.9,27.0,Bacharelado,Capitais,Híbrido,Masculino,Branca,0.7696562580581038
CAND_01166,0.3,51.0,Mestrado,Capitais,Presencial,Masculino,Preta,0.5082132167820888
CAND_01167,9.3,45.0,Bacharelado,Capitais,Híbrido,Feminino,Branca,0.5259427968307296
CAND_01168,4.2,40.0,Ensino Médio,Região Metropolitana,Remoto,Masculino,Branca,0.5921472212347058
CAND_01169,6.2,34.0,Doutorado,Região Metropolitana,Híbrido,Feminino,Branca,0.5019433888486355
CAND_01170,0.0,65.0,Bacharelado,Capitais,Presencial,Masculino,Branca,0.6864608166841164
CAND_01171,7.2,48.0,Ensino Médio,Capitais,Remoto,Feminino,Branca,0.4822978598360323
CAND_01172,6.2,53.0,Bacharelado,Região Metropolitana,Remoto,Masculino,Parda,0.6081701069974541
CAND_01173,6.9,53.0,Bacharelado,Região Metropolitana,Remoto,Masculino,Branca,0.6278784779038361
CAND_01174,7.8,52.0,Bacharelado,Capitais,Híbrido,Masculino,Branca,0.806785455183154
CAND_01175,5.5,45.0,Bacharelado,Capitais,Híbrido,Masculino,Branca,0.754417692222035
CAND_01176,4.4,73.0,Mestrado,Região Metropolitana,Híbrido,Feminino,Parda,0.4722677761069894
CAND_01177,2.6,84.0,Bacharelado,Região Metropolitana,Presencial,Feminino,Amarela,0.22838421778295925
CAND_01178,3.7,72.0,Ensino Médio,Capitais,Remoto,Masculino,Amarela,0.5012945157336688
CAND_01179,8.6,50.0,Ensino Médio,Região Metropolitana,Híbrido,Feminino,Amarela,0.2467389483890262
CAND_01180,2.5,49.0,Mestrado,Capitais,Remoto,Masculino,Parda,0.7463235872004884
CAND_01181,0.0,66.0,Doutorado,Região Metropolitana,Remoto,Masculino,Preta,0.5646781911524695
CAND_01182,2.0,39.0,Bacharelado,Região Metropolitana,Presencial,Feminino,Branca,0.22154257600042576
CAND_01183,6.8,76.0,Ensino Médio,Capitais,Híbrido,Masculino,Branca,0.7692416886175584
CAND_01184,4.1,62.0,Mestrado,Capitais,Híbrido,Masculino,Branca,0.8120452441529029
CAND_01185,6.8,46.0,Bacharelado,Região Metropolitana,Híbrido,Feminino,Parda,0.38370760876902127
CAND_01186,0.0,54.0,Bacharelado,Capitais,Remoto,Masculino,Branca,0.7562551082934196
CAND_01187,0.0,59.0,Mestrado,Capitais,Remoto,Masculino,Amarela,0.3361636114072559
CAND_01188,5.8,44.0,Doutorado,Interior,Remoto,Feminino,Branca,0.3742216215186591
CAND_01189,8.0,66.0,Bacharelado,Capitais,Presencial,Não-binário,Branca,0.5797381541602641
CAND_01190,0.0,69.0,Bacharelado,Capitais,Remoto,Masculino,Branca,0.6021164836840589
CAND_01191,6.6,46.0,Mestrado,Capitais,Híbrido,Masculino,Branca,0.7252933039420251
CAND_01192,8.6,43.0,Bacharelado,Capitais,Híbrido,Masculino,Branca,0.5617090814600907
CAND_01193,5.0,48.0,Bacharelado,Capitais,Presencial,Feminino,Preta,0.3633002221950236
CAND_01194,7.7,33.0,Bacharelado,Região Metropolitana,Remoto,Masculino,Preta,0.4448103568371512
CAND_01195,5.6,25.0,Mestrado,Capitais,Híbrido,Masculino,Branca,0.46024489100495924
CAND_01196,4.2,44.0,Bacharelado,Região Metropolitana,Remoto,Feminino,Amarela,0.3094594304581464
CAND_01197,7.5,36.0,Bacharelado,Região Metropolitana,Presencial,Feminino,Branca,0.4215290588562233
CAND_01198,10.7,77.0,Bacharelado,Capitais,Presencial,Masculino,Branca,0.8833081694866499
CAND_01199,3.3,43.0,Mestrado,Região Metropolitana,Remoto,Masculino,Branca,0.6521236599662699
CAND_01200,4.7,57.0,Bacharelado,Região Metropolitana,Remoto,Feminino,Amarela,0.2316055426431306
CAND_01201,2.0,41.0,Mestrado,Capitais,Presencial,Feminino,Preta,0.20118012376683064
CAND_01202,5.5,77.0,Bacharelado,Região Metropolitana,Híbrido,Feminino,Branca,0.46631133811729736
CAND_01203,4.5,47.0,Bacharelado,Capitais,Presencial,Masculino,Preta,0.3911893856322251
CAND_01204,8.5,31.0,Bacharelado,Capitais,Presencial,Masculino,Amarela,0.4220917745514763
CAND_01205,9.3,60.0,Mestrado,Capitais,Híbrido,Masculino,Parda,0.8732616765583588
CAND_01206,7.4,54.0,Bacharelado,Interior,Remoto,Feminino,Branca,0.402567878485185
CAND_01207,8.1,68.0,Mestrado,Região Metropolitana,Híbrido,Masculino,Branca,0.8262874854763809
CAND_01208,2.9,48.0,Mestrado,Capitais,Híbrido,Masculino,Preta,0.35276919068310947
CAND_01209,2.1,52.0,Bacharelado,Capitais,Presencial,Feminino,Indígena,0.36819855222696773
CAND_01210,6.3,27.0,Bacharelado,Região Metropolitana,Presencial,Feminino,Branca,0.42850789374051224
CAND_01211,5.1,63.0,Bacharelado,Capitais,Presencial,Feminino,Branca,0.6710501665344736
CAND_01212,11.0,51.0,Bacharelado,Capitais,Presencial,Masculino,Branca,0.8581966277187094
CAND_01213,0.0,48.0,Bacharelado,Capitais,Presencial,Feminino,Branca,0.38399266206563776
CAND_01214,6.9,47.0,Mestrado,Capitais,Remoto,Não-binário,Branca,0.587765768239156
CAND_01215,6.8,46.0,Mestrado,Região Metropolitana,Híbrido,Masculino,Branca,0.648552635881511
CAND_01216,2.7,63.0,Mestrado,Capitais,Presencial,Feminino,Branca,0.5129306831799108
CAND_01217,2.1,36.0,Bacharelado,Região Metropolitana,Híbrido,Não-binário,Branca,0.23208201950452664
CAND_01218,4.0,61.0,Bacharelado,Capitais,Remoto,Masculino,Parda,0.7985547733161767
CAND_01219,0.1,26.0,Bacharelado,Região Metropolitana,Híbrido,Masculino,Branca,0.4466430510650215
CAND_01220,9.4,21.0,Bacharelado,Região Metropolitana,Presencial,Masculino,Branca,0.6338652106591595
CAND_01221,13.1,71.0,Mestrado,Região Metropolitana,Híbrido,Feminino,Branca,0.6833546072938919
CAND_01222,4.0,35.0,Bacharelado,Capitais,Remoto,Masculino,Indígena,0.4984780768253496
CAND_01223,3.1,52.0,Mestrado,Região Metropolitana,Presencial,Masculino,Parda,0.6171109589251361
CAND_01224,1.1,46.0,Bacharelado,Capitais,Híbrido,Masculino,Branca,0.7429576491392094
CAND_01225,1.7,55.0,Bacharelado,Capitais,Híbrido,Feminino,Preta,0.19272136462370895
CAND_01226,3.2,51.0,Mestrado,Região Metropolitana,Híbrido,Masculino,Preta,0.4845182980011239
CAND_01227,8.6,66.0,Bacharelado,Capitais,Híbrido,Masculino,Preta,0.48967618117299055
CAND_01228,14.6,29.0,Bacharelado,Região Metropolitana,Híbrido,Masculino,Amarela,0.566467213849805
CAND_01229,2.8,60.0,Mestrado,Capitais,Presencial,Masculino,Branca,0.7819969078753765
CAND_01230,2.3,49.0,Mestrado,Capitais,Híbrido,Masculino,Branca,0.5982656496464708
CAND_01231,1.5,27.0,Mestrado,Região Metropolitana,Híbrido,Feminino,Preta,0.111475325577316
CAND_01232,6.4,42.0,Bacharelado,Capitais,Remoto,Feminino,Branca,0.385953743828889
CAND_01233,6.0,26.0,Bacharelado,Região Metropolitana,Remoto,Feminino,Branca,0.15370319848168026
CAND_01234,5.3,25.0,Mestrado,Região Metropolitana,Remoto,Masculino,Preta,0.3745699467603137
CAND_01235,3.7,43.0,Bacharelado,Capitais,Remoto,Masculino,Branca,0.7460456543196383
CAND_01236,9.1,68.0,Mestrado,Região Metropolitana,Presencial,Não-binário,Preta,0.14295876736605856
CAND_01237,7.3,55.0,Bacharelado,Interior,Híbrido,Feminino,Parda,0.4405822784290553
CAND_01238,7.2,69.0,Doutorado,Capitais,Remoto,Masculino,Branca,1.0
CAND_01239,6.1,51.0,Bacharelado,Capitais,Híbrido,Masculino,Branca,0.5235487019648569
CAND_01240,4.4,73.0,Bacharelado,Região Metropolitana,Remoto,Masculino,Branca,0.7183741095704931
CAND_01241,2.9,72.0,Bacharelado,Capitais,Remoto,Masculino,Indígena,0.4713706139567782
CAND_01242,6.6,36.0,Doutorado,Capitais,Presencial,Feminino,Branca,0.7742508037726167
CAND_01243,6.3,51.0,Ensino Médio,Região Metropolitana,Remoto,Não-binário,Amarela,0.18784489378579805
CAND_01244,6.7,39.0,Bacharelado,Região Metropolitana,Presencial,Masculino,Indígena,0.3208655638986085
CAND_01245,0.3,48.0,Bacharelado,Região Metropolitana,Remoto,Feminino,Branca,0.44076117464527026
CAND_01246,6.0,75.0,Bacharelado,Capitais,Presencial,Masculino,Branca,0.781183258772135
CAND_01247,4.1,40.0,Mestrado,Região Metropolitana,Remoto,Feminino,Preta,0.1944803038026497
CAND_01248,2.4,32.0,Mestrado,Região Metropolitana,Remoto,Masculino,Branca,0.46910656869413714
CAND_01249,7.2,33.0,Bacharelado,Capitais,Remoto,Masculino,Branca,0.750790291060491
CAND_01250,5.5,44.0,Bacharelado,Capitais,Híbrido,Masculino,Branca,0.7384325472995208
CAND_01251,12.1,100.0,Bacharelado,Interior,Presencial,Feminino,Branca,0.7700974341244478
CAND_01252,6.5,72.0,Bacharelado,Capitais,Remoto,Feminino,Branca,0.5703602000167599
CAND_01253,4.1,7.0,Mestrado,Capitais,Híbrido,Feminino,Preta,0.018938633975608604
CAND_01254,4.7,49.0,Bacharelado,Capitais,Presencial,Feminino,Branca,0.5747722090772545
CAND_01255,1.5,41.0,Doutorado,Capitais,Híbrido,Masculino,Indígena,0.646454654988769
CAND_01256,8.7,65.0,Bacharelado,Região Metropolitana,Presencial,Feminino,Branca,0.40030785720084533
CAND_01257,5.9,32.0,Ensino Médio,Capitais,Remoto,Masculino,Indígena,0.4803613114183937
CAND_01258,6.0,34.0,Bacharelado,Capitais,Remoto,Feminino,Preta,0.2313832194243618
CAND_01259,1.8,41.0,Mestrado,Interior,Remoto,Feminino,Preta,0.051156319513664034
CAND_01260,7.3,40.0,Bacharelado,Capitais,Presencial,Masculino,Amarela,0.5693296666107115
CAND_01261,2.2,60.0,Bacharelado,Capitais,Híbrido,Masculino,Amarela,0.23839614301569223
CAND_01262,3.3,45.0,Mestrado,Região Metropolitana,Presencial,Masculino,Branca,0.8163507820190518
CAND_01263,5.4,65.0,Bacharelado,Capitais,Remoto,Masculino,Preta,0.7535424484053648
CAND_01264,3.3,38.0,Mestrado,Capitais,Remoto,Masculino,Branca,0.6933945250148004
CAND_01265,2.6,63.0,Bacharelado,Interior,Remoto,Masculino,Branca,0.6050438811721035
CAND_01266,4.8,33.0,Bacharelado,Capitais,Remoto,Masculino,Branca,0.552915107503489
CAND_01267,8.0,59.0,Mestrado,Capitais,Híbrido,Feminino,Branca,0.7198005785916923
CAND_01268,7.7,43.0,Bacharelado,Capitais,Híbrido,Masculino,Branca,0.7232791713566655
CAND_01269,7.1,63.0,Mestrado,Capitais,Híbrido,Masculino,Branca,0.8220012933395604
CAND_01270,6.5,13.0,Bacharelado,Capitais,Remoto,Masculino,Branca,0.5620898715551705
CAND_01271,3.6,38.0,Bacharelado,Interior,Híbrido,Feminino,Branca,0.18205787384032465
CAND_01272,8.4,68.0,Bacharelado,Região Metropolitana,Remoto,Feminino,Amarela,0.5203142985417657
CAND_01273,0.0,47.0,Bacharelado,Capitais,Híbrido,Não-binário,Parda,0.45093126067124684
CAND_01274,6.3,24.0,Bacharelado,Capitais,Remoto,Masculino,Branca,0.5410766870865934
CAND_01275,7.5,39.0,Bacharelado,Região Metropolitana,Híbrido,Masculino,Preta,0.4487992134204408
CAND_01276,4.7,56.0,Bacharelado,Capitais,Presencial,Feminino,Preta,0.3484313392430384
CAND_01277,2.8,38.0,Ensino Médio,Capitais,Remoto,Masculino,Parda,0.40320926376913313
CAND_01278,4.9,67.0,Bacharelado,Capitais,Híbrido,Feminino,Preta,0.26211007197429614
CAND_01279,2.7,66.0,Bacharelado,Região Metropolitana,Remoto,Masculino,Branca,0.6081365886097575
CAND_01280,6.5,60.0,Bacharelado,Capitais,Híbrido,Feminino,Preta,0.4381582256243293
CAND_01281,7.8,65.0,Bacharelado,Capitais,Híbrido,Feminino,Branca,0.7069929155427087
CAND_01282,6.3,42.0,Mestrado,Região Metropolitana,Remoto,Masculino,Branca,0.7638167779599101
CAND_01283,6.2,72.0,Bacharelado,Região Metropolitana,Remoto,Masculino,Preta,0.47293397770660833
CAND_01284,7.3,66.0,Bacharelado,Região Metropolitana,Presencial,Masculino,Branca,0.7941866416321188
CAND_01285,7.6,48.0,Mestrado,Capitais,Remoto,Feminino,Branca,0.7088356880249449
CAND_01286,2.7,26.0,Ensino Médio,Região Metropolitana,Remoto,Masculino,Branca,0.603043379729049
CAND_01287,0.4,14.0,Bacharelado,Interior,Presencial,Feminino,Parda,0.0
CAND_01288,5.8,65.0,Bacharelado,Capitais,Remoto,Masculino,Amarela,0.3680556511629499
CAND_01289,7.8,26.0,Mestrado,Interior,Híbrido,Feminino,Branca,0.24567882455846513
CAND_01290,0.3,36.0,Bacharelado,Região Metropolitana,Presencial,Feminino,Branca,0.24815839736048623
CAND_01291,5.2,57.0,Bacharelado,Interior,Remoto,Masculino,Branca,0.6083359481590376
CAND_01292,8.4,31.0,Mestrado,Capitais,Presencial,Masculino,Branca,0.7945341735667365
CAND_01293,4.7,87.0,Mestrado,Interior,Híbrido,Masculino,Branca,0.7354386992454024
CAND_01294,9.6,54.0,Bacharelado,Capitais,Remoto,Masculino,Preta,0.5951185099778921
CAND_01295,9.0,72.0,Bacharelado,Capitais,Remoto,Masculino,Indígena,0.7832812627605132
CAND_01296,4.5,66.0,Ensino Médio,Capitais,Presencial,Masculino,Parda,0.5937595033566004
CAND_01297,3.9,12.0,Mestrado,Capitais,Híbrido,Feminino,Branca,0.33427703671930975
CAND_01298,4.0,61.0,Mestrado,Capitais,Presencial,Masculino,Preta,0.5791861029388833
CAND_01299,5.4,50.0,Bacharelado,Capitais,Presencial,Masculino,Indígena,0.5986488637995117
CAND_01300,1.5,49.0,Bacharelado,Região Metropolitana,Remoto,Masculino,Branca,0.44451861004819304
CAND_01301,0.9,50.0,Bacharelado,Capitais,Remoto,Masculino,Branca,0.6947314368105222
CAND_01302,0.0,66.0,Bacharelado,Região Metropolitana,Híbrido,Masculino,Branca,0.6263138785809912
CAND_01303,4.9,75.0,Bacharelado,Capitais,Remoto,Masculino,Preta,0.44387024014050125
CAND_01304,11.1,32.0,Bacharelado,Capitais,Híbrido,Feminino,Parda,0.4783245817306488
CAND_01305,0.0,51.0,Bacharelado,Capitais,Remoto,Feminino,Branca,0.38144844724038507
CAND_01306,4.4,71.0,Ensino Médio,Capitais,Híbrido,Feminino,Branca,0.43216818277355123
CAND_01307,4.4,47.0,Mestrado,Região Metropolitana,Remoto,Feminino,Branca,0.4888497678409721
CAND_01308,4.5,53.0,Mestrado,Capitais,Presencial,Masculino,Branca,0.7801642028730058
CAND_01309,8.8,53.0,Mestrado,Capitais,Híbrido,Masculino,Branca,0.9613972593458958
CAND_01310,2.3,82.0,Bacharelado,Capitais,Presencial,Masculino,Branca,0.610468654534875
CAND_01311,0.0,61.0,Doutorado,Capitais,Presencial,Masculino,Branca,0.7566152210939102
CAND_01312,3.4,81.0,Ensino Médio,Capitais,Presencial,Masculino,Branca,0.6955943650126875
CAND_01313,3.0,76.0,Bacharelado,Capitais,Híbrido,Masculino,Parda,0.6797799571303051
CAND_01314,0.0,47.0,Bacharelado,Região Metropolitana,Remoto,Masculino,Branca,0.7423671525056882
CAND_01315,5.7,55.0,Bacharelado,Região Metropolitana,Presencial,Masculino,Branca,0.7874860922884905
CAND_01316,1.4,81.0,Mestrado,Capitais,Presencial,Masculino,Preta,0.6678073934940314
CAND_01317,4.8,33.0,Bacharelado,Interior,Remoto,Não-binário,Branca,0.2552393040894764
CAND_01318,3.9,61.0,Bacharelado,Capitais,Presencial,Não-binário,Branca,0.4844126454498719
CAND_01319,1.8,62.0,Bacharelado,Capitais,Híbrido,Masculino,Branca,0.5688311498876489
CAND_01320,7.7,46.0,Mestrado,Capitais,Presencial,Masculino,Amarela,0.7592086820406994
CAND_01321,4.2,44.0,Bacharelado,Capitais,Híbrido,Masculino,Branca,0.5641261763038359
CAND_01322,5.2,46.0,Bacharelado,Capitais,Presencial,Masculino,Branca,0.7305053601902948
CAND_01323,6.8,61.0,Bacharelado,Capitais,Remoto,Masculino,Amarela,0.541337872215566
CAND_01324,5.9,72.0,Bacharelado,Capitais,Presencial,Masculino,Parda,0.7214696307839601
CAND_01325,5.4,61.0,Bacharelado,Capitais,Híbrido,Feminino,Branca,0.408970132897876
CAND_01326,2.5,31.0,Bacharelado,Região Metropolitana,Híbrido,Masculino,Branca,0.5525144297728094
CAND_01327,1.7,73.0,Ensino Médio,Região Metropolitana,Remoto,Masculino,Branca,0.44294276992398485
CAND_01328,5.5,68.0,Bacharelado,Região Metropolitana,Híbrido,Masculino,Branca,0.48564095774173044
CAND_01329,2.1,46.0,Bacharelado,Capitais,Presencial,Masculino,Branca,0.5690658554841499
CAND_01330,7.4,40.0,Bacharelado,Região Metropolitana,Híbrido,Não-binário,Branca,0.45137765844697275
CAND_01331,4.6,36.0,Bacharelado,Interior,Remoto,Feminino,Branca,0.16997149968297615
CAND_01332,6.9,66.0,Doutorado,Capitais,Híbrido,Masculino,Parda,0.6547720746704292
CAND_01333,2.0,22.0,Bacharelado,Região Metropolitana,Híbrido,Não-binário,Branca,0.41116309403713713
CAND_01334,1.6,66.0,Bacharelado,Interior,Presencial,Masculino,Amarela,0.5497987119828445
CAND_01335,10.0,43.0,Bacharelado,Região Metropolitana,Híbrido,Masculino,Branca,0.7889163972885949
CAND_01336,4.6,54.0,Bacharelado,Capitais,Presencial,Masculino,Preta,0.41930797889959154
CAND_01337,7.7,0.0,Ensino Médio,Região Metropolitana,Presencial,Masculino,Parda,0.4555437795822681
CAND_01338,0.8,23.0,Mestrado,Capitais,Híbrido,Feminino,Parda,0.37313645651815214
CAND_01339,4.2,40.0,Mestrado,Capitais,Remoto,Masculino,Parda,0.6998722632934171
CAND_01340,8.9,36.0,Doutorado,Região Metropolitana,Híbrido,Masculino,Branca,0.8463700967262912
CAND_01341,0.3,61.0,Bacharelado,Capitais,Remoto,Feminino,Branca,0.5071611175003111
CAND_01342,11.8,55.0,Bacharelado,Capitais,Presencial,Masculino,Amarela,0.620870103450493
CAND_01343,5.6,79.0,Mestrado,Capitais,Presencial,Masculino,Branca,0.8837448090399197
CAND_01344,2.5,58.0,Bacharelado,Região Metropolitana,Remoto,Masculino,Branca,0.7096160615005666
CAND_01345,6.1,40.0,Mestrado,Região Metropolitana,Híbrido,Masculino,Branca,0.7239474454321427
CAND_01346,8.3,68.0,Bacharelado,Capitais,Híbrido,Masculino,Preta,0.6773086942937849
CAND_01347,2.5,43.0,Bacharelado,Capitais,Remoto,Feminino,Amarela,0.13563064030731306
CAND_01348,3.0,42.0,Mestrado,Região Metropolitana,Remoto,Feminino,Branca,0.4584715550014743
CAND_01349,5.7,50.0,Bacharelado,Capitais,Presencial,Masculino,Indígena,0.48308700963758855
CAND_01350,6.4,74.0,Bacharelado,Capitais,Híbrido,Feminino,Branca,0.6312448234654409
CAND_01351,4.4,66.0,Bacharelado,Interior,Remoto,Feminino,Branca,0.334372145250028
CAND_01352,6.2,65.0,Ensino Médio,Capitais,Presencial,Feminino,Branca,0.504439942474408
CAND_01353,7.6,79.0,Doutorado,Capitais,Híbrido,Masculino,Parda,1.0
CAND_01354,5.5,65.0,Bacharelado,Capitais,Híbrido,Feminino,Branca,0.6266656553473863
CAND_01355,2.9,32.0,Bacharelado,Capitais,Híbrido,Feminino,Branca,0.28656434588210206
CAND_01356,4.9,58.0,Bacharelado,Capitais,Remoto,Masculino,Indígena,0.5325890325663472
CAND_01357,10.3,74.0,Bacharelado,Capitais,Híbrido,Masculino,Branca,0.9849576231725872
CAND_01358,6.0,27.0,Bacharelado,Capitais,Remoto,Feminino,Branca,0.614229309574021
CAND_01359,8.7,50.0,Bacharelado,Capitais,Híbrido,Feminino,Branca,0.6586074689331334
CAND_01360,3.5,34.0,Bacharelado,Capitais,Remoto,Masculino,Branca,0.5406128972147124
CAND_01361,5.8,52.0,Bacharelado,Capitais,Híbrido,Feminino,Branca,0.5074249010081383
CAND_01362,7.4,67.0,Bacharelado,Região Metropolitana,Híbrido,Masculino,Preta,0.5501322584221686
CAND_01363,9.5,70.0,Bacharelado,Interior,Presencial,Feminino,Branca,0.5533597952935689
CAND_01364,8.7,47.0,Mestrado,Região Metropolitana,Presencial,Masculino,Branca,0.781552709259483
CAND_01365,1.6,60.0,Mestrado,Interior,Remoto,Masculino,Branca,0.48367761715947466
CAND_01366,8.5,27.0,Doutorado,Capitais,Remoto,Feminino,Branca,0.5338136906884448
CAND_01367,10.1,24.0,Ensino Médio,Capitais,Remoto,Masculino,Amarela,0.4731900868620056
CAND_01368,3.3,67.0,Bacharelado,Capitais,Remoto,Masculino,Branca,0.6925509926166578
CAND_01369,2.3,5.0,Bacharelado,Região Metropolitana,Presencial,Masculino,Amarela,0.3145346494543695
CAND_01370,4.9,40.0,Bacharelado,Capitais,Híbrido,Masculino,Parda,0.4305204428898518
CAND_01371,5.5,60.0,Mestrado,Região Metropolitana,Remoto,Feminino,Preta,0.4271281889789832
CAND_01372,3.9,53.0,Ensino Médio,Região Metropolitana,Híbrido,Masculino,Preta,0.5498242330622278
CAND_01373,1.4,7.0,Bacharelado,Capitais,Remoto,Feminino,Preta,0.043635287561265175
CAND_01374,9.4,58.0,Bacharelado,Região Metropolitana,Híbrido,Masculino,Branca,0.6951855692534915
CAND_01375,2.4,37.0,Bacharelado,Capitais,Híbrido,Feminino,Branca,0.5556092776916064
CAND_01376,3.5,52.0,Mestrado,Capitais,Remoto,Masculino,Branca,0.6965689045400447
CAND_01377,5.3,41.0,Mestrado,Interior,Híbrido,Masculino,Branca,0.49207304834981136
CAND_01378,0.6,40.0,Bacharelado,Região Metropolitana,Remoto,Feminino,Preta,0.10339921379013292
CAND_01379,0.4,23.0,Mestrado,Região Metropolitana,Presencial,Masculino,Branca,0.6169554029284475
CAND_01380,3.7,45.0,Bacharelado,Interior,Híbrido,Masculino,Branca,0.6982820749206752
CAND_01381,7.5,69.0,Mestrado,Região Metropolitana,Presencial,Masculino,Branca,0.7661996947781422
CAND_01382,5.6,44.0,Ensino Médio,Capitais,Híbrido,Masculino,Branca,0.6509006968060437
CAND_01383,0.0,44.0,Bacharelado,Interior,Presencial,Masculino,Amarela,0.23673220365718745
CAND_01384,9.2,39.0,Bacharelado,Capitais,Presencial,Feminino,Amarela,0.2933697923511114
CAND_01385,7.4,31.0,Mestrado,Capitais,Híbrido,Feminino,Branca,0.5472215103843826
CAND_01386,5.6,35.0,Bacharelado,Região Metropolitana,Remoto,Feminino,Parda,0.40781225734600945
CAND_01387,5.5,53.0,Ensino Médio,Capitais,Remoto,Masculino,Branca,0.7038321671510628
CAND_01388,7.0,87.0,Mestrado,Região Metropolitana,Presencial,Feminino,Branca,0.5942667188197894
CAND_01389,12.0,65.0,Bacharelado,Capitais,Remoto,Não-binário,Branca,0.6571641670994179
CAND_01390,7.6,59.0,Doutorado,Capitais,Presencial,Feminino,Preta,0.32523877589955685
CAND_01391,5.9,80.0,Bacharelado,Capitais,Remoto,Masculino,Preta,0.4294741368059135
CAND_01392,1.3,57.0,Bacharelado,Capitais,Híbrido,Feminino,Branca,0.4517428703585848
CAND_01393,5.5,66.0,Mestrado,Região Metropolitana,Remoto,Feminino,Branca,0.6193839377366036
CAND_01394,7.3,53.0,Bacharelado,Capitais,Presencial,Feminino,Branca,0.5608972297448914
CAND_01395,4.7,57.0,Bacharelado,Região Metropolitana,Híbrido,Masculino,Amarela,0.44144962101845137
CAND_01396,3.4,29.0,Bacharelado,Capitais,Presencial,Feminino,Branca,0.41493793818934865
CAND_01397,6.7,45.0,Bacharelado,Região Metropolitana,Presencial,Masculino,Parda,0.7854801590685508
CAND_01398,2.0,42.0,Mestrado,Região Metropolitana,Remoto,Masculino,Branca,0.6309545743499198
CAND_01399,7.6,41.0,Ensino Médio,Capitais,Presencial,Masculino,Preta,0.6352160459982631
CAND_01400,3.7,40.0,Bacharelado,Capitais,Híbrido,Feminino,Branca,0.417122853406819
CAND_01401,0.0,71.0,Bacharelado,Capitais,Híbrido,Masculino,Branca,0.6727384117334985
CAND_01402,3.6,44.0,Bacharelado,Interior,Híbrido,Masculino,Parda,0.4735018146570067
CAND_01403,4.8,48.0,Mestrado,Interior,Presencial,Não-binário,Branca,0.09537692630509337
CAND_01404,6.7,84.0,Bacharelado,Capitais,Híbrido,Masculino,Parda,0.8343563647279638
CAND_01405,6.3,62.0,Bacharelado,Interior,Híbrido,Feminino,Branca,0.32359528626109507
CAND_01406,1.1,50.0,Bacharelado,Capitais,Remoto,Masculino,Preta,0.4441660215692211
CAND_01407,5.4,66.0,Mestrado,Capitais,Presencial,Feminino,Branca,0.5642589340897746
CAND_01408,3.4,40.0,Bacharelado,Capitais,Híbrido,Feminino,Preta,0.11326300221058767
CAND_01409,3.9,44.0,Bacharelado,Capitais,Híbrido,Masculino,Amarela,0.4683957174914849
CAND_01410,2.0,45.0,Doutorado,Região Metropolitana,Remoto,Masculino,Branca,0.6019264929625266
CAND_01411,4.8,54.0,Mestrado,Capitais,Híbrido,Masculino,Parda,0.6389577253023677
CAND_01412,14.4,57.0,Bacharelado,Capitais,Presencial,Feminino,Branca,0.7107738000965971
CAND_01413,10.6,36.0,Mestrado,Interior,Híbrido,Feminino,Branca,0.5972091362280756
CAND_01414,2.0,56.0,Ensino Médio,Capitais,Híbrido,Masculino,Parda,0.5441789145490714
CAND_01415,5.2,59.0,Bacharelado,Capitais,Híbrido,Masculino,Branca,0.9621056900043606
CAND_01416,4.1,43.0,Mestrado,Região Metropolitana,Híbrido,Masculino,Amarela,0.574759392492854
CAND_01417,5.4,48.0,Bacharelado,Região Metropolitana,Presencial,Masculino,Branca,0.614995484193041
CAND_01418,7.7,33.0,Ensino Médio,Região Metropolitana,Híbrido,Masculino,Preta,0.37227316698044216
CAND_01419,4.6,27.0,Bacharelado,Capitais,Presencial,Feminino,Preta,0.1842732025971529
CAND_01420,2.9,33.0,Ensino Médio,Região Metropolitana,Híbrido,Feminino,Branca,0.2788474383272235
CAND_01421,8.5,61.0,Bacharelado,Região Metropolitana,Híbrido,Feminino,Parda,0.5441271675233813
CAND_01422,1.3,58.0,Ensino Médio,Capitais,Remoto,Feminino,Branca,0.3089007315435752
CAND_01423,5.6,79.0,Bacharelado,Região Metropolitana,Híbrido,Masculino,Amarela,0.7043004356356184
CAND_01424,0.5,51.0,Bacharelado,Capitais,Presencial,Masculino,Branca,0.6211494204147875
CAND_01425,1.9,51.0,Bacharelado,Capitais,Remoto,Masculino,Branca,0.739501356580936
CAND_01426,7.2,55.0,Bacharelado,Capitais,Presencial,Feminino,Branca,0.5136139977260921
CAND_01427,3.0,34.0,Ensino Médio,Região Metropolitana,Híbrido,Masculino,Parda,0.6416081298813571
CAND_01428,0.0,64.0,Bacharelado,Capitais,Presencial,Masculino,Branca,0.6327253201794565
CAND_01429,2.8,56.0,Bacharelado,Capitais,Híbrido,Não-binário,Preta,0.10064527900363286
CAND_01430,2.5,36.0,Bacharelado,Capitais,Híbrido,Masculino,Branca,0.38629693999089443
CAND_01431,1.2,56.0,Bacharelado,Região Metropolitana,Híbrido,Masculino,Branca,0.6142305858932386
CAND_01432,6.7,61.0,Mestrado,Capitais,Híbrido,Masculino,Amarela,0.7039136043041803
CAND_01433,0.4,30.0,Mestrado,Capitais,Presencial,Masculino,Branca,0.6649321889622488
CAND_01434,3.2,66.0,Mestrado,Capitais,Híbrido,Masculino,Parda,0.7316704959490243
CAND_01435,5.4,43.0,Ensino Médio,Região Metropolitana,Remoto,Feminino,Branca,0.2772485397041969
CAND_01436,4.0,4.0,Bacharelado,Capitais,Híbrido,Feminino,Branca,0.4575159575570912
CAND_01437,3.8,65.0,Mestrado,Capitais,Presencial,Feminino,Amarela,0.36022490843645405
CAND_01438,2.8,70.0,Bacharelado,Capitais,Híbrido,Feminino,Branca,0.3359195763332301
CAND_01439,1.3,33.0,Bacharelado,Capitais,Híbrido,Masculino,Branca,0.5430478801420969
CAND_01440,3.1,25.0,Bacharelado,Região Metropolitana,Presencial,Masculino,Branca,0.3133502876490435
CAND_01441,7.0,70.0,Bacharelado,Interior,Híbrido,Feminino,Branca,0.2208535043947298
CAND_01442,3.7,41.0,Bacharelado,Capitais,Presencial,Masculino,Branca,0.5888833257268883
CAND_01443,5.5,70.0,Bacharelado,Capitais,Presencial,Feminino,Parda,0.430347127234336
CAND_01444,8.4,23.0,Bacharelado,Capitais,Híbrido,Masculino,Branca,0.5982839236369916
CAND_01445,6.8,71.0,Mestrado,Interior,Remoto,Masculino,Branca,0.7080507593217552
CAND_01446,1.2,66.0,Bacharelado,Região Metropolitana,Remoto,Masculino,Branca,0.5146757937962515
CAND_01447,6.3,58.0,Bacharelado,Região Metropolitana,Presencial,Masculino,Amarela,0.5633085038398234
CAND_01448,8.1,20.0,Mestrado,Capitais,Híbrido,Feminino,Parda,0.3388084490576443
CAND_01449,3.3,45.0,Bacharelado,Capitais,Presencial,Feminino,Preta,0.14430788003532813
CAND_01450,0.2,65.0,Bacharelado,Capitais,Remoto,Masculino,Amarela,0.49956645216488055
CAND_01451,3.7,25.0,Bacharelado,Interior,Híbrido,Masculino,Branca,0.5873194784624507
CAND_01452,5.6,42.0,Bacharelado,Capitais,Presencial,Masculino,Parda,0.5738558932567253
CAND_01453,6.8,56.0,Bacharelado,Capitais,Remoto,Masculino,Amarela,0.5040695094526163
CAND_01454,3.4,33.0,Bacharelado,Região Metropolitana,Híbrido,Masculino,Parda,0.577451217015385
CAND_01455,0.0,70.0,Mestrado,Capitais,Presencial,Feminino,Branca,0.5253827249161049
CAND_01456,1.2,67.0,Bacharelado,Capitais,Presencial,Feminino,Parda,0.44252770512524997
CAND_01457,6.1,54.0,Mestrado,Região Metropolitana,Híbrido,Feminino,Branca,0.56408915165611
CAND_01458,11.0,57.0,Mestrado,Capitais,Presencial,Masculino,Branca,0.8291015270184898
CAND_01459,4.9,42.0,Bacharelado,Capitais,Híbrido,Masculino,Branca,0.6838472443714637
CAND_01460,8.9,59.0,Bacharelado,Capitais,Remoto,Masculino,Preta,0.7754035260003087
CAND_01461,1.8,41.0,Bacharelado,Capitais,Remoto,Feminino,Branca,0.38614682203956574
CAND_01462,3.1,47.0,Bacharelado,Capitais,Remoto,Masculino,Branca,0.8571241380953751
CAND_01463,0.0,43.0,Bacharelado,Região Metropolitana,Remoto,Masculino,Branca,0.3692074652057871
CAND_01464,6.1,72.0,Bacharelado,Capitais,Híbrido,Masculino,Branca,0.7843731225923585
CAND_01465,2.3,68.0,Bacharelado,Região Metropolitana,Presencial,Masculino,Branca,0.6671847979725749
CAND_01466,6.8,35.0,Bacharelado,Região Metropolitana,Híbrido,Masculino,Preta,0.23613303509260916
CAND_01467,3.5,70.0,Bacharelado,Capitais,Presencial,Masculino,Preta,0.46984879936664087
CAND_01468,11.1,38.0,Ensino Médio,Capitais,Remoto,Masculino,Amarela,0.4515743257201018
CAND_01469,10.4,78.0,Bacharelado,Região Metropolitana,Híbrido,Masculino,Parda,0.7465055388651318
CAND_01470,0.0,74.0,Bacharelado,Região Metropolitana,Remoto,Feminino,Branca,0.451021556036085
CAND_01471,6.8,83.0,Mestrado,Região Metropolitana,Presencial,Masculino,Branca,1.0
CAND_01472,2.8,54.0,Mestrado,Capitais,Presencial,Feminino,Branca,0.5834365103277486
CAND_01473,6.9,46.0,Mestrado,Capitais,Remoto,Feminino,Branca,0.6551886019527731
CAND_01474,1.0,45.0,Doutorado,Interior,Remoto,Masculino,Indígena,0.4289805089572555
CAND_01475,9.3,56.0,Ensino Médio,Capitais,Híbrido,Masculino,Branca,0.6687702373384012
CAND_01476,8.1,35.0,Bacharelado,Região Metropolitana,Presencial,Feminino,Preta,0.18445935018213183
CAND_01477,0.8,14.0,Mestrado,Capitais,Híbrido,Feminino,Preta,0.07452962041919763
CAND_01478,4.5,44.0,Bacharelado,Região Metropolitana,Presencial,Masculino,Amarela,0.39181218072443375
CAND_01479,5.5,51.0,Mestrado,Região Metropolitana,Remoto,Masculino,Amarela,0.48486468331511745
CAND_01480,7.2,58.0,Bacharelado,Capitais,Presencial,Feminino,Amarela,0.4297040998183923
CAND_01481,5.0,56.0,Doutorado,Capitais,Híbrido,Masculino,Indígena,0.7707370577498429
CAND_01482,7.4,52.0,Bacharelado,Região Metropolitana,Remoto,Masculino,Branca,0.8434845287067276
CAND_01483,4.8,68.0,Bacharelado,Capitais,Híbrido,Feminino,Branca,0.560531720325216
CAND_01484,6.8,37.0,Bacharelado,Capitais,Híbrido,Masculino,Branca,0.8185546737796114
CAND_01485,0.9,40.0,Bacharelado,Região Metropolitana,Remoto,Feminino,Parda,0.2669255110254752
CAND_01486,4.9,82.0,Mestrado,Região Metropolitana,Híbrido,Masculino,Branca,0.8383664576329521
CAND_01487,8.5,2.0,Bacharelado,Capitais,Híbrido,Masculino,Preta,0.3690142454826272
CAND_01488,9.2,67.0,Bacharelado,Região Metropolitana,Presencial,Masculino,Branca,0.8984274005213541
CAND_01489,5.5,58.0,Mestrado,Interior,Híbrido,Feminino,Branca,0.6398426040362959
CAND_01490,4.7,50.0,Bacharelado,Capitais,Presencial,Masculino,Branca,0.5669963135760051
CAND_01491,9.1,63.0,Doutorado,Capitais,Híbrido,Feminino,Preta,0.4574220098928175
CAND_01492,4.7,61.0,Mestrado,Região Metropolitana,Presencial,Masculino,Branca,0.7925618017930801
CAND_01493,8.4,28.0,Bacharelado,Capitais,Híbrido,Feminino,Preta,0.12002065932596598
CAND_01494,4.7,35.0,Doutorado,Capitais,Presencial,Feminino,Branca,0.381041136123632
CAND_01495,5.1,43.0,Ensino Médio,Capitais,Presencial,Não-binário,Branca,0.35570358256710627
CAND_01496,1.7,18.0,Ensino Médio,Região Metropolitana,Híbrido,Masculino,Branca,0.3090087190035389
CAND_01497,1.3,50.0,Ensino Médio,Capitais,Remoto,Masculino,Amarela,0.43510174006559243
CAND_01498,7.9,60.0,Mestrado,Capitais,Híbrido,Masculino,Preta,0.5288229629199874
CAND_01499,10.2,67.0,Bacharelado,Capitais,Presencial,Masculino,Preta,0.6741871153135108
CAND_01500,5.3,51.0,Mestrado,Capitais,Híbrido,Masculino,Preta,0.6573657208511134
CAND_01501,4.5,39.0,Bacharelado,Capitais,Presencial,Masculino,Branca,0.8415220548442525
CAND_01502,8.1,53.0,Ensino Médio,Região Metropolitana,Presencial,Feminino,Branca,0.5052070307125017
CAND_01503,6.0,49.0,Bacharelado,Região Metropolitana,Remoto,Masculino,Amarela,0.39140767226994067
CAND_01504,0.0,62.0,Bacharelado,Capitais,Híbrido,Feminino,Amarela,0.38503977395659417
CAND_01505,8.0,49.0,Mestrado,Capitais,Presencial,Masculino,Branca,0.8319893806250027
CAND_01506,1.0,63.0,Bacharelado,Capitais,Remoto,Masculino,Branca,0.6988874387356452
CAND_01507,5.0,46.0,Mestrado,Capitais,Presencial,Masculino,Branca,0.7869497552447448
CAND_01508,3.7,69.0,Bacharelado,Região Metropolitana,Presencial,Masculino,Branca,0.5937778157291491
CAND_01509,3.1,53.0,Bacharelado,Região Metropolitana,Híbrido,Feminino,Preta,0.05309733620815166
CAND_01510,5.1,41.0,Bacharelado,Região Metropolitana,Híbrido,Masculino,Branca,0.6954394759828012
CAND_01511,7.7,45.0,Bacharelado,Capitais,Remoto,Masculino,Indígena,0.5429128266151141
CAND_01512,5.1,61.0,Mestrado,Capitais,Híbrido,Não-binário,Branca,0.6045610663478299
CAND_01513,9.2,31.0,Bacharelado,Região Metropolitana,Presencial,Feminino,Branca,0.4558529440537552
CAND_01514,9.6,48.0,Bacharelado,Interior,Híbrido,Masculino,Indígena,0.593996049824176
CAND_01515,9.6,66.0,Mestrado,Capitais,Remoto,Masculino,Preta,0.8216781572420426
CAND_01516,4.8,58.0,Bacharelado,Região Metropolitana,Híbrido,Masculino,Branca,0.6976705936039668
CAND_01517,3.6,33.0,Doutorado,Região Metropolitana,Híbrido,Masculino,Branca,0.7415497114332301
CAND_01518,4.9,55.0,Mestrado,Região Metropolitana,Híbrido,Feminino,Branca,0.5175167985322892
CAND_01519,8.4,30.0,Bacharelado,Capitais,Híbrido,Masculino,Amarela,0.6202773805957433
CAND_01520,8.2,53.0,Bacharelado,Interior,Híbrido,Masculino,Branca,0.4764303477823658
CAND_01521,0.0,71.0,Bacharelado,Região Metropolitana,Presencial,Não-binário,Amarela,0.24527241339459588
CAND_01522,5.9,51.0,Bacharelado,Região Metropolitana,Híbrido,Masculino,Branca,0.6346835605407414
CAND_01523,0.0,33.0,Bacharelado,Interior,Híbrido,Feminino,Amarela,0.04525707241292452
CAND_01524,4.9,47.0,Bacharelado,Região Metropolitana,Remoto,Feminino,Parda,0.3756726008614062
CAND_01525,3.4,53.0,Mestrado,Capitais,Presencial,Masculino,Branca,0.7718626908796796
CAND_01526,2.5,66.0,Doutorado,Região Metropolitana,Presencial,Masculino,Branca,0.7289021249655727
CAND_01527,7.5,66.0,Bacharelado,Capitais,Remoto,Masculino,Amarela,0.33073943056749405
CAND_01528,3.1,34.0,Bacharelado,Região Metropolitana,Presencial,Masculino,Preta,0.4206791537355566
CAND_01529,5.0,45.0,Bacharelado,Capitais,Presencial,Masculino,Parda,0.4395635534799681
CAND_01530,2.2,56.0,Bacharelado,Capitais,Presencial,Masculino,Preta,0.3139659000255436
CAND_01531,5.2,41.0,Ensino Médio,Capitais,Remoto,Feminino,Branca,0.4655969910321943
CAND_01532,7.9,57.0,Bacharelado,Região Metropolitana,Presencial,Masculino,Amarela,0.5845645748751799
CAND_01533,2.4,30.0,Mestrado,Capitais,Híbrido,Feminino,Parda,0.4676613424517495
CAND_01534,6.9,54.0,Bacharelado,Capitais,Híbrido,Masculino,Branca,0.7994528827741889
CAND_01535,5.2,65.0,Bacharelado,Capitais,Presencial,Masculino,Preta,0.6342068286981339
CAND_01536,5.1,51.0,Mestrado,Capitais,Híbrido,Masculino,Branca,0.8364069290837712
CAND_01537,3.9,53.0,Ensino Médio,Interior,Remoto,Feminino,Amarela,0.0
CAND_01538,7.3,63.0,Bacharelado,Região Metropolitana,Presencial,Masculino,Branca,0.7639589550031871
CAND_01539,7.0,43.0,Bacharelado,Região Metropolitana,Presencial,Masculino,Preta,0.3538479283694267
CAND_01540,4.6,59.0,Bacharelado,Capitais,Híbrido,Não-binário,Branca,0.6559748929901308
CAND_01541,5.6,50.0,Bacharelado,Capitais,Híbrido,Feminino,Branca,0.4496128052668149
CAND_01542,7.2,36.0,Bacharelado,Região Metropolitana,Remoto,Feminino,Branca,0.518431885361893
CAND_01543,6.6,64.0,Bacharelado,Capitais,Presencial,Masculino,Branca,0.6411945372448186
CAND_01544,4.1,71.0,Bacharelado,Interior,Híbrido,Feminino,Branca,0.4004691155262584
CAND_01545,8.5,67.0,Mestrado,Região Metropolitana,Presencial,Masculino,Branca,0.8496397248381539
CAND_01546,7.6,64.0,Bacharelado,Capitais,Híbrido,Feminino,Branca,0.45247837197933527
CAND_01547,11.3,58.0,Bacharelado,Região Metropolitana,Híbrido,Feminino,Branca,0.5764896179124605
CAND_01548,0.3,55.0,Mestrado,Capitais,Remoto,Não-binário,Preta,0.22360872703437149
CAND_01549,7.1,49.0,Bacharelado,Interior,Presencial,Masculino,Branca,0.6892929428627992
CAND_01550,8.5,40.0,Bacharelado,Região Metropolitana,Presencial,Masculino,Branca,0.770131488493082
CAND_01551,8.0,19.0,Bacharelado,Capitais,Híbrido,Feminino,Parda,0.39916110335957333
CAND_01552,4.2,26.0,Bacharelado,Capitais,Híbrido,Não-binário,Branca,0.3828775868596052
CAND_01553,0.9,50.0,Bacharelado,Capitais,Presencial,Masculino,Branca,0.5072273461765437
CAND_01554,9.6,31.0,Bacharelado,Capitais,Presencial,Masculino,Branca,0.5460787283862912
CAND_01555,3.6,56.0,Mestrado,Capitais,Remoto,Masculino,Branca,0.745594505052994
CAND_01556,4.1,76.0,Bacharelado,Capitais,Híbrido,Feminino,Amarela,0.25258872858438486
CAND_01557,11.2,2.0,Bacharelado,Capitais,Híbrido,Masculino,Branca,0.4087479532821128
CAND_01558,1.2,35.0,Bacharelado,Região Metropolitana,Presencial,Feminino,Branca,0.2845996550833876
CAND_01559,7.5,83.0,Bacharelado,Capitais,Remoto,Feminino,Branca,0.6503698539616161
CAND_01560,2.7,63.0,Ensino Médio,Interior,Remoto,Masculino,Branca,0.4250869895527872
CAND_01561,2.7,48.0,Bacharelado,Capitais,Remoto,Masculino,Preta,0.43314562212225516
CAND_01562,5.5,42.0,Ensino Médio,Capitais,Híbrido,Feminino,Preta,0.23035112212682474
CAND_01563,7.0,59.0,Bacharelado,Interior,Remoto,Masculino,Branca,0.6682714670446521
CAND_01564,7.9,65.0,Mestrado,Interior,Híbrido,Feminino,Branca,0.4936634790153539
CAND_01565,8.2,31.0,Doutorado,Capitais,Híbrido,Feminino,Indígena,0.3948481697332277
CAND_01566,2.9,72.0,Mestrado,Capitais,Remoto,Feminino,Branca,0.47339436694518
CAND_01567,1.6,56.0,Doutorado,Capitais,Remoto,Masculino,Branca,0.7468091051680175
CAND_01568,4.0,64.0,Ensino Médio,Capitais,Híbrido,Não-binário,Preta,0.2588688394307805
CAND_01569,6.0,65.0,Bacharelado,Capitais,Híbrido,Feminino,Branca,0.565577396198113
CAND_01570,4.4,55.0,Bacharelado,Capitais,Remoto,Masculino,Branca,0.7190935390401363
CAND_01571,0.0,57.0,Bacharelado,Região Metropolitana,Híbrido,Masculino,Branca,0.6013674213727942
CAND_01572,0.0,58.0,Mestrado,Região Metropolitana,Remoto,Masculino,Amarela,0.4186910802987748
CAND_01573,4.3,45.0,Bacharelado,Interior,Remoto,Masculino,Amarela,0.24778716388614966
CAND_01574,7.6,60.0,Bacharelado,Capitais,Presencial,Masculino,Branca,0.7895480574615812
CAND_01575,2.3,46.0,Bacharelado,Capitais,Presencial,Masculino,Branca,0.6570004991685214
CAND_01576,7.2,50.0,Ensino Médio,Capitais,Presencial,Masculino,Branca,0.7492369411933331
CAND_01577,0.5,73.0,Bacharelado,Região Metropolitana,Presencial,Masculino,Amarela,0.6644693217857138
CAND_01578,5.8,49.0,Bacharelado,Capitais,Híbrido,Feminino,Branca,0.5226005687912718
CAND_01579,5.8,56.0,Bacharelado,Interior,Presencial,Feminino,Branca,0.4344911478023583
CAND_01580,6.4,47.0,Mestrado,Capitais,Presencial,Não-binário,Preta,0.19568257493066893
CAND_01581,2.0,45.0,Bacharelado,Capitais,Presencial,Feminino,Parda,0.37988274716371473
CAND_01582,0.4,79.0,Bacharelado,Capitais,Híbrido,Masculino,Branca,0.6220173520159614
CAND_01583,7.2,28.0,Bacharelado,Interior,Presencial,Masculino,Branca,0.3667314682747462
CAND_01584,0.4,51.0,Ensino Médio,Capitais,Híbrido,Masculino,Parda,0.40573652542781896
CAND_01585,2.7,32.0,Bacharelado,Capitais,Híbrido,Feminino,Branca,0.383095725531698
CAND_01586,9.2,69.0,Mestrado,Região Metropolitana,Híbrido,Feminino,Preta,0.24018251157907392
CAND_01587,5.5,49.0,Doutorado,Interior,Remoto,Masculino,Branca,0.6818420160128436
CAND_01588,6.1,43.0,Mestrado,Capitais,Remoto,Masculino,Branca,0.7497504096609404
CAND_01589,6.9,22.0,Mestrado,Capitais,Presencial,Feminino,Branca,0.345452827462265
CAND_01590,6.8,74.0,Mestrado,Interior,Presencial,Masculino,Branca,0.698398951015014
CAND_01591,4.9,30.0,Bacharelado,Região Metropolitana,Presencial,Masculino,Preta,0.2857381729106133
CAND_01592,2.3,57.0,Mestrado,Interior,Híbrido,Feminino,Amarela,0.24928329690872858
CAND_01593,13.1,64.0,Mestrado,Interior,Remoto,Masculino,Amarela,0.5371529596398363
CAND_01594,4.1,83.0,Bacharelado,Capitais,Remoto,Masculino,Branca,0.9436871940011058
CAND_01595,6.0,42.0,Mestrado,Capitais,Híbrido,Masculino,Amarela,0.5066543059633586
CAND_01596,6.3,37.0,Doutorado,Interior,Remoto,Masculino,Branca,0.5878246882152871
CAND_01597,3.4,44.0,Bacharelado,Região Metropolitana,Remoto,Masculino,Branca,0.3920158874657864
CAND_01598,3.7,41.0,Bacharelado,Capitais,Presencial,Não-binário,Parda,0.014310020018091951
CAND_01599,9.5,22.0,Bacharelado,Região Metropolitana,Remoto,Feminino,Branca,0.3841643017321585
CAND_01600,2.8,75.0,Bacharelado,Capitais,Remoto,Feminino,Branca,0.3892857215088502
CAND_01601,6.2,44.0,Ensino Médio,Capitais,Presencial,Feminino,Parda,0.28678918146175475
CAND_01602,7.7,48.0,Bacharelado,Capitais,Remoto,Feminino,Branca,0.5162533582020494
CAND_01603,4.4,59.0,Ensino Médio,Capitais,Presencial,Masculino,Branca,0.7853221776518938
CAND_01604,4.7,71.0,Bacharelado,Interior,Presencial,Masculino,Indígena,0.45148645041017227
CAND_01605,7.9,33.0,Bacharelado,Região Metropolitana,Remoto,Feminino,Branca,0.4080966827181275
CAND_01606,4.6,55.0,Bacharelado,Região Metropolitana,Remoto,Masculino,Branca,0.6034880664881284
CAND_01607,0.0,32.0,Bacharelado,Capitais,Híbrido,Masculino,Parda,0.5032831944345103
CAND_01608,9.5,55.0,Mestrado,Capitais,Presencial,Feminino,Parda,0.8488578453330605
CAND_01609,2.1,54.0,Bacharelado,Região Metropolitana,Híbrido,Masculino,Preta,0.40852863263883366
CAND_01610,5.6,43.0,Bacharelado,Capitais,Presencial,Feminino,Preta,0.11494231988198136
CAND_01611,1.0,54.0,Bacharelado,Capitais,Híbrido,Feminino,Parda,0.41141794083868916
CAND_01612,3.5,54.0,Bacharelado,Interior,Híbrido,Masculino,Preta,0.20518156004976407
CAND_01613,3.7,49.0,Mestrado,Capitais,Híbrido,Masculino,Indígena,0.6583599981212612
CAND_01614,5.5,47.0,Bacharelado,Capitais,Presencial,Feminino,Branca,0.48757746469672125
CAND_01615,2.4,30.0,Bacharelado,Capitais,Presencial,Masculino,Branca,0.6077392050956565
CAND_01616,10.9,34.0,Mestrado,Região Metropolitana,Remoto,Não-binário,Branca,0.5984436314993893
CAND_01617,5.1,41.0,Bacharelado,Região Metropolitana,Híbrido,Feminino,Branca,0.6147228428226176
CAND_01618,7.6,35.0,Bacharelado,Região Metropolitana,Híbrido,Masculino,Parda,0.5250597948861672
CAND_01619,5.0,41.0,Bacharelado,Capitais,Híbrido,Não-binário,Branca,0.20626309820751307
CAND_01620,8.0,49.0,Ensino Médio,Capitais,Presencial,Masculino,Preta,0.2872339343879131
CAND_01621,0.0,51.0,Bacharelado,Capitais,Híbrido,Feminino,Branca,0.3641865498155513
CAND_01622,2.9,58.0,Bacharelado,Capitais,Híbrido,Masculino,Branca,0.7403851455660118
CAND_01623,3.4,52.0,Bacharelado,Capitais,Presencial,Feminino,Branca,0.4581269621424702
CAND_01624,3.4,52.0,Bacharelado,Capitais,Híbrido,Masculino,Amarela,0.47344689816050745
CAND_01625,6.6,58.0,Bacharelado,Capitais,Remoto,Masculino,Branca,0.6347010457744092
CAND_01626,6.8,36.0,Bacharelado,Interior,Remoto,Masculino,Branca,0.5488658111327774
CAND_01627,4.8,38.0,Ensino Médio,Região Metropolitana,Presencial,Masculino,Preta,0.32646319778721156
CAND_01628,4.9,44.0,Mestrado,Capitais,Remoto,Masculino,Branca,0.5259218716192968
CAND_01629,12.3,40.0,Bacharelado,Região Metropolitana,Presencial,Masculino,Branca,0.9542829930547616
CAND_01630,6.0,24.0,Bacharelado,Capitais,Híbrido,Masculino,Branca,0.6964111071023595
CAND_01631,0.0,59.0,Ensino Médio,Interior,Presencial,Masculino,Branca,0.4609650879472978
CAND_01632,7.3,35.0,Doutorado,Capitais,Híbrido,Feminino,Branca,0.8032419889947833
CAND_01633,6.7,77.0,Bacharelado,Capitais,Híbrido,Masculino,Branca,0.7915126839004737
CAND_01634,8.5,52.0,Ensino Médio,Capitais,Híbrido,Masculino,Branca,0.7567764647126823
CAND_01635,6.8,27.0,Bacharelado,Capitais,Híbrido,Feminino,Branca,0.29216227233120645
CAND_01636,2.3,60.0,Mestrado,Capitais,Remoto,Masculino,Branca,0.9093478351839202
CAND_01637,7.7,50.0,Bacharelado,Região Metropolitana,Remoto,Feminino,Branca,0.5705638525886452
CAND_01638,5.3,54.0,Bacharelado,Capitais,Remoto,Masculino,Branca,0.6519655268744957
CAND_01639,8.1,43.0,Bacharelado,Capitais,Híbrido,Masculino,Parda,0.621472506437873
CAND_01640,9.6,36.0,Bacharelado,Capitais,Presencial,Masculino,Branca,0.832795899470391
CAND_01641,4.6,28.0,Mestrado,Capitais,Híbrido,Feminino,Branca,0.6090796956556614
CAND_01642,7.6,31.0,Ensino Médio,Capitais,Híbrido,Masculino,Branca,0.5696257217470266
CAND_01643,8.1,29.0,Mestrado,Capitais,Híbrido,Feminino,Preta,0.35694574555717135
CAND_01644,5.5,45.0,Mestrado,Região Metropolitana,Híbrido,Feminino,Branca,0.39800704609480647
CAND_01645,10.9,49.0,Mestrado,Região Metropolitana,Remoto,Masculino,Branca,0.8739173019279667
CAND_01646,8.1,27.0,Ensino Médio,Interior,Remoto,Masculino,Indígena,0.32366697747919954
CAND_01647,3.2,64.0,Ensino Médio,Capitais,Híbrido,Masculino,Branca,0.5044570410710354
CAND_01648,5.8,52.0,Bacharelado,Região Metropolitana,Híbrido,Feminino,Preta,0.17215529244341174
CAND_01649,7.6,86.0,Bacharelado,Região Metropolitana,Híbrido,Feminino,Amarela,0.5293780183677275
CAND_01650,10.8,44.0,Ensino Médio,Capitais,Híbrido,Masculino,Branca,0.7895895843003884
CAND_01651,6.9,83.0,Mestrado,Região Metropolitana,Presencial,Feminino,Parda,0.498411384700972
CAND_01652,5.9,61.0,Mestrado,Capitais,Híbrido,Masculino,Preta,0.4564403360062402
CAND_01653,8.8,21.0,Mestrado,Capitais,Presencial,Masculino,Branca,0.5403260283321512
CAND_01654,4.3,32.0,Bacharelado,Capitais,Remoto,Masculino,Branca,0.5319198211059463
CAND_01655,2.0,55.0,Bacharelado,Capitais,Híbrido,Masculino,Branca,0.6781713311533838
CAND_01656,7.1,24.0,Bacharelado,Região Metropolitana,Presencial,Feminino,Branca,0.46279396691290053
CAND_01657,3.9,37.0,Mestrado,Capitais,Presencial,Feminino,Branca,0.30383398696207214
CAND_01658,13.1,26.0,Bacharelado,Capitais,Híbrido,Feminino,Amarela,0.37958398913722197
CAND_01659,5.8,82.0,Bacharelado,Capitais,Híbrido,Masculino,Branca,0.732478925471768
CAND_01660,7.1,66.0,Mestrado,Capitais,Remoto,Feminino,Branca,0.6563712718242672
CAND_01661,3.1,45.0,Mestrado,Capitais,Remoto,Feminino,Preta,0.4243521560063129
CAND_01662,8.8,73.0,Ensino Médio,Região Metropolitana,Presencial,Masculino,Branca,0.6465612693347487
CAND_01663,4.9,69.0,Mestrado,Interior,Presencial,Masculino,Indígena,0.5255252271250828
CAND_01664,4.6,70.0,Bacharelado,Capitais,Híbrido,Feminino,Preta,0.0261425532362628
CAND_01665,4.7,42.0,Bacharelado,Capitais,Presencial,Masculino,Branca,0.7165125977126197
CAND_01666,1.1,45.0,Ensino Médio,Capitais,Presencial,Feminino,Preta,0.05600446521290313
CAND_01667,4.2,34.0,Mestrado,Capitais,Híbrido,Feminino,Indígena,0.43739032435592795
CAND_01668,6.6,48.0,Bacharelado,Capitais,Híbrido,Não-binário,Branca,0.4541472653215864
CAND_01669,0.4,38.0,Mestrado,Capitais,Remoto,Masculino,Parda,0.6124634853244632
CAND_01670,8.1,34.0,Mestrado,Região Metropolitana,Presencial,Não-binário,Branca,0.6396035561569484
CAND_01671,4.2,67.0,Mestrado,Capitais,Híbrido,Masculino,Preta,0.6145359268341855
CAND_01672,5.7,60.0,Mestrado,Interior,Remoto,Masculino,Branca,0.7227312991955667
CAND_01673,0.0,37.0,Mestrado,Capitais,Presencial,Masculino,Preta,0.46826887168668757
CAND_01674,5.7,64.0,Bacharelado,Capitais,Remoto,Feminino,Branca,0.6077422125613579
CAND_01675,1.9,55.0,Ensino Médio,Interior,Híbrido,Masculino,Preta,0.13248771686118035
CAND_01676,3.9,45.0,Bacharelado,Capitais,Remoto,Masculino,Preta,0.1538599237491134
CAND_01677,0.3,74.0,Bacharelado,Capitais,Híbrido,Masculino,Amarela,0.43984225243287334
CAND_01678,2.4,55.0,Mestrado,Capitais,Híbrido,Masculino,Amarela,0.5829011458067357
CAND_01679,4.5,77.0,Mestrado,Capitais,Presencial,Masculino,Branca,0.8051963654476703
CAND_01680,4.2,58.0,Bacharelado,Interior,Remoto,Feminino,Preta,0.09734270029529903
CAND_01681,7.7,60.0,Bacharelado,Capitais,Híbrido,Feminino,Branca,0.5716271173907451
CAND_01682,0.0,34.0,Bacharelado,Região Metropolitana,Presencial,Masculino,Branca,0.43116023731082925
CAND_01683,4.8,42.0,Mestrado,Região Metropolitana,Remoto,Masculino,Branca,0.7302632553698778
CAND_01684,4.7,72.0,Bacharelado,Capitais,Remoto,Masculino,Branca,0.8382703939396844
CAND_01685,3.6,67.0,Bacharelado,Região Metropolitana,Remoto,Masculino,Branca,0.6779983159630177
CAND_01686,2.3,45.0,Bacharelado,Região Metropolitana,Híbrido,Masculino,Branca,0.6466558328256118
CAND_01687,8.3,30.0,Bacharelado,Capitais,Híbrido,Masculino,Branca,0.6909852550228206
CAND_01688,11.1,75.0,Mestrado,Região Metropolitana,Híbrido,Masculino,Branca,0.9355999724760987
CAND_01689,0.0,66.0,Bacharelado,Capitais,Presencial,Feminino,Amarela,0.22881629645137846
CAND_01690,2.2,33.0,Bacharelado,Capitais,Híbrido,Não-binário,Branca,0.28430802726529464
CAND_01691,2.0,33.0,Bacharelado,Interior,Híbrido,Masculino,Branca,0.37462683095196025
CAND_01692,4.2,78.0,Bacharelado,Capitais,Remoto,Masculino,Preta,0.5326259434662509
CAND_01693,8.8,42.0,Mestrado,Capitais,Remoto,Masculino,Branca,0.8458021063272256
CAND_01694,6.6,43.0,Bacharelado,Capitais,Presencial,Feminino,Branca,0.4531481051518748
CAND_01695,4.5,40.0,Doutorado,Interior,Presencial,Masculino,Amarela,0.40466521380763776
CAND_01696,5.0,55.0,Bacharelado,Capitais,Presencial,Masculino,Branca,0.8332285046627131
CAND_01697,4.0,29.0,Bacharelado,Região Metropolitana,Híbrido,Masculino,Branca,0.6551199696516101
CAND_01698,7.2,54.0,Mestrado,Região Metropolitana,Presencial,Feminino,Preta,0.20757260140571396
CAND_01699,7.6,29.0,Bacharelado,Capitais,Híbrido,Masculino,Branca,0.906323754222334
CAND_01700,6.8,29.0,Bacharelado,Região Metropolitana,Remoto,Feminino,Parda,0.4155528971868583
CAND_01701,0.0,30.0,Bacharelado,Interior,Remoto,Masculino,Branca,0.321049456732306
CAND_01702,5.0,30.0,Bacharelado,Capitais,Remoto,Masculino,Branca,0.43322271828563474
CAND_01703,4.4,61.0,Bacharelado,Capitais,Presencial,Feminino,Branca,0.6194400013624246
CAND_01704,8.0,61.0,Bacharelado,Capitais,Híbrido,Feminino,Amarela,0.4459167719640634
CAND_01705,5.7,48.0,Bacharelado,Capitais,Presencial,Masculino,Branca,0.6134566560691569
CAND_01706,6.7,41.0,Mestrado,Interior,Híbrido,Feminino,Branca,0.4089028458611882
CAND_01707,3.5,71.0,Mestrado,Capitais,Híbrido,Masculino,Branca,0.6640153939318557
CAND_01708,7.8,60.0,Bacharelado,Capitais,Presencial,Feminino,Branca,0.45925891447222683
CAND_01709,8.7,32.0,Mestrado,Capitais,Presencial,Masculino,Preta,0.4723165875014102
CAND_01710,0.1,55.0,Bacharelado,Capitais,Híbrido,Masculino,Branca,0.5997077176848399
CAND_01711,1.1,54.0,Bacharelado,Capitais,Presencial,Masculino,Preta,0.5372704303327793
CAND_01712,7.3,61.0,Bacharelado,Capitais,Híbrido,Não-binário,Amarela,0.3403315142533304
CAND_01713,4.5,91.0,Mestrado,Capitais,Presencial,Feminino,Preta,0.4083818310015543
CAND_01714,8.1,38.0,Mestrado,Interior,Remoto,Masculino,Parda,0.4906636759054806
CAND_01715,5.7,58.0,Ensino Médio,Capitais,Híbrido,Feminino,Branca,0.5228189865620452
CAND_01716,7.1,72.0,Bacharelado,Capitais,Híbrido,Masculino,Preta,0.3302425814273279
CAND_01717,2.8,76.0,Mestrado,Interior,Híbrido,Masculino,Parda,0.6211185330935329
CAND_01718,6.0,53.0,Doutorado,Capitais,Híbrido,Feminino,Branca,0.804753677350325
CAND_01719,6.0,30.0,Ensino Médio,Região Metropolitana,Híbrido,Feminino,Preta,0.19015635490412403
CAND_01720,2.9,23.0,Mestrado,Capitais,Presencial,Masculino,Branca,0.8102647803207402
CAND_01721,8.0,62.0,Bacharelado,Interior,Híbrido,Masculino,Preta,0.33820334744103087
CAND_01722,0.0,55.0,Bacharelado,Capitais,Remoto,Masculino,Preta,0.4160143371252677
CAND_01723,5.6,52.0,Mestrado,Região Metropolitana,Híbrido,Masculino,Branca,0.7035220825110573
CAND_01724,1.1,54.0,Bacharelado,Interior,Presencial,Masculino,Branca,0.6098869636975452
CAND_01725,1.9,65.0,Bacharelado,Região Metropolitana,Híbrido,Feminino,Parda,0.3882429463634643
CAND_01726,8.0,58.0,Bacharelado,Capitais,Híbrido,Não-binário,Branca,0.6489573968279527
CAND_01727,1.7,56.0,Bacharelado,Interior,Híbrido,Masculino,Branca,0.41051823418883493
CAND_01728,1.6,41.0,Bacharelado,Região Metropolitana,Remoto,Feminino,Preta,0.08118119392777991
CAND_01729,6.7,66.0,Bacharelado,Região Metropolitana,Presencial,Feminino,Amarela,0.31722294891740044
CAND_01730,1.7,41.0,Doutorado,Capitais,Híbrido,Masculino,Branca,0.8201694322972346
CAND_01731,8.1,65.0,Mestrado,Capitais,Presencial,Masculino,Branca,0.7727515657198667
CAND_01732,6.9,44.0,Bacharelado,Capitais,Híbrido,Feminino,Preta,0.21718328957383132
CAND_01733,2.7,59.0,Mestrado,Capitais,Presencial,Masculino,Preta,0.4707372508304058
CAND_01734,7.9,76.0,Bacharelado,Interior,Remoto,Masculino,Parda,0.4743518358755887
CAND_01735,0.0,60.0,Bacharelado,Capitais,Presencial,Não-binário,Branca,0.3596966063655561
CAND_01736,6.4,71.0,Bacharelado,Região Metropolitana,Híbrido,Feminino,Branca,0.5705690700194114
CAND_01737,1.3,44.0,Bacharelado,Capitais,Híbrido,Feminino,Preta,0.30792960251992074
CAND_01738,3.4,51.0,Mestrado,Capitais,Híbrido,Masculino,Branca,0.6898780856533703
CAND_01739,3.6,45.0,Bacharelado,Região Metropolitana,Presencial,Masculino,Branca,0.5881481060161441
CAND_01740,8.8,25.0,Bacharelado,Capitais,Presencial,Feminino,Branca,0.4190220967061967
CAND_01741,3.5,66.0,Bacharelado,Capitais,Híbrido,Masculino,Amarela,0.4852463384643064
CAND_01742,4.8,59.0,Ensino Médio,Capitais,Híbrido,Masculino,Branca,0.6514722149682548
CAND_01743,3.7,57.0,Mestrado,Capitais,Presencial,Masculino,Parda,0.6920250069824172
CAND_01744,2.1,68.0,Ensino Médio,Região Metropolitana,Híbrido,Masculino,Branca,0.6463395658118233
CAND_01745,1.9,33.0,Bacharelado,Região Metropolitana,Híbrido,Feminino,Preta,0.1303846168314027
CAND_01746,5.9,29.0,Bacharelado,Região Metropolitana,Híbrido,Não-binário,Branca,0.2947541148102309
CAND_01747,4.9,69.0,Bacharelado,Interior,Presencial,Feminino,Branca,0.44457433280931524
CAND_01748,7.3,49.0,Bacharelado,Região Metropolitana,Híbrido,Masculino,Branca,0.6462433456869274
CAND_01749,4.3,53.0,Bacharelado,Capitais,Remoto,Feminino,Parda,0.37471152379216977
CAND_01750,4.4,28.0,Doutorado,Interior,Presencial,Feminino,Preta,0.22044545945434604
CAND_01751,7.3,72.0,Doutorado,Capitais,Híbrido,Feminino,Amarela,0.5341012792842934
CAND_01752,3.9,60.0,Bacharelado,Capitais,Presencial,Masculino,Preta,0.41164714647279843
CAND_01753,0.7,41.0,Bacharelado,Capitais,Híbrido,Masculino,Preta,0.3543391434332778
CAND_01754,7.5,81.0,Ensino Médio,Capitais,Híbrido,Feminino,Branca,0.7326829072002718
CAND_01755,3.0,30.0,Mestrado,Capitais,Remoto,Feminino,Branca,0.37289574054922886
CAND_01756,5.2,45.0,Bacharelado,Capitais,Presencial,Feminino,Branca,0.5209361532081881
CAND_01757,3.1,65.0,Bacharelado,Região Metropolitana,Presencial,Masculino,Branca,0.7273599731259393
CAND_01758,2.1,67.0,Bacharelado,Capitais,Remoto,Não-binário,Branca,0.4770064437661687
CAND_01759,0.0,28.0,Bacharelado,Capitais,Remoto,Masculino,Branca,0.5113641952539362
CAND_01760,6.0,46.0,Ensino Médio,Região Metropolitana,Híbrido,Masculino,Branca,0.7856814131451181
CAND_01761,0.0,61.0,Bacharelado,Capitais,Híbrido,Feminino,Amarela,0.2099905107655969
CAND_01762,8.9,72.0,Doutorado,Região Metropolitana,Remoto,Masculino,Parda,0.8596919350764853
CAND_01763,8.1,71.0,Mestrado,Capitais,Híbrido,Masculino,Branca,0.8543344948667602
CAND_01764,2.3,61.0,Bacharelado,Capitais,Híbrido,Masculino,Branca,0.7285159919331426
CAND_01765,9.8,51.0,Bacharelado,Região Metropolitana,Híbrido,Masculino,Branca,0.5909667972658527
CAND_01766,11.2,47.0,Bacharelado,Capitais,Híbrido,Masculino,Parda,0.8707066750349587
CAND_01767,4.2,57.0,Bacharelado,Interior,Remoto,Masculino,Branca,0.430388616638093
CAND_01768,6.2,72.0,Mestrado,Capitais,Híbrido,Feminino,Preta,0.4549739090013497
CAND_01769,5.4,47.0,Mestrado,Interior,Híbrido,Masculino,Amarela,0.33765059081669274
CAND_01770,9.5,46.0,Bacharelado,Região Metropolitana,Híbrido,Feminino,Branca,0.685160786187502
CAND_01771,0.8,67.0,Bacharelado,Interior,Remoto,Feminino,Preta,0.11326990309528169
CAND_01772,4.3,66.0,Bacharelado,Capitais,Híbrido,Masculino,Parda,0.4626368103926281
CAND_01773,7.8,43.0,Mestrado,Região Metropolitana,Presencial,Feminino,Branca,0.5053287065624115
CAND_01774,7.4,30.0,Bacharelado,Região Metropolitana,Remoto,Masculino,Branca,0.6614499211546696
CAND_01775,4.9,24.0,Bacharelado,Interior,Híbrido,Masculino,Parda,0.3643983382071456
CAND_01776,9.2,52.0,Bacharelado,Capitais,Presencial,Não-binário,Amarela,0.24000860274793467
CAND_01777,5.7,33.0,Mestrado,Capitais,Presencial,Feminino,Branca,0.23238197510119318
CAND_01778,5.3,63.0,Bacharelado,Região Metropolitana,Remoto,Masculino,Branca,0.9015262239038312
CAND_01779,7.1,24.0,Bacharelado,Capitais,Híbrido,Masculino,Preta,0.6538831231741802
CAND_01780,4.8,74.0,Bacharelado,Capitais,Híbrido,Masculino,Branca,0.6878831290514689
CAND_01781,5.2,45.0,Bacharelado,Capitais,Híbrido,Masculino,Branca,0.7088223232310725
CAND_01782,2.6,38.0,Bacharelado,Capitais,Presencial,Não-binário,Amarela,0.10722591432777402
CAND_01783,13.8,42.0,Bacharelado,Região Metropolitana,Híbrido,Masculino,Preta,0.6442701597326302
CAND_01784,3.6,37.0,Bacharelado,Capitais,Híbrido,Masculino,Preta,0.34100716703016515
CAND_01785,7.2,73.0,Doutorado,Capitais,Remoto,Masculino,Branca,0.9053173219086401
CAND_01786,10.7,60.0,Ensino Médio,Capitais,Presencial,Feminino,Branca,0.47143774277848016
CAND_01787,1.0,51.0,Ensino Médio,Região Metropolitana,Presencial,Feminino,Indígena,0.09802463131403016
CAND_01788,6.8,32.0,Bacharelado,Capitais,Híbrido,Masculino,Preta,0.5019033637690183
CAND_01789,5.1,49.0,Bacharelado,Capitais,Remoto,Masculino,Branca,0.757737943864545
CAND_01790,10.4,38.0,Bacharelado,Região Metropolitana,Remoto,Masculino,Branca,0.6967732073204349
CAND_01791,2.3,11.0,Mestrado,Região Metropolitana,Presencial,Feminino,Branca,0.4269576111364375
CAND_01792,2.7,40.0,Bacharelado,Capitais,Híbrido,Masculino,Branca,0.4874293019510174
CAND_01793,4.9,59.0,Bacharelado,Região Metropolitana,Presencial,Masculino,Amarela,0.3696651382266318
CAND_01794,3.5,44.0,Bacharelado,Região Metropolitana,Híbrido,Masculino,Branca,0.5790930252928815
CAND_01795,3.6,48.0,Bacharelado,Capitais,Presencial,Masculino,Branca,0.7632657379592094
CAND_01796,11.1,66.0,Bacharelado,Região Metropolitana,Remoto,Feminino,Indígena,0.6491647428205771
CAND_01797,5.4,63.0,Mestrado,Capitais,Remoto,Masculino,Branca,0.5709996992870974
CAND_01798,2.6,79.0,Bacharelado,Interior,Presencial,Masculino,Branca,0.5525076563539203
CAND_01799,3.8,17.0,Mestrado,Capitais,Híbrido,Masculino,Branca,0.7209826128370606
CAND_01800,6.2,37.0,Bacharelado,Capitais,Remoto,Feminino,Branca,0.33723619415356576
CAND_01801,6.0,64.0,Bacharelado,Capitais,Híbrido,Feminino,Branca,0.35787875688965165
CAND_01802,3.3,56.0,Mestrado,Região Metropolitana,Híbrido,Masculino,Branca,0.6613378314667249
CAND_01803,0.1,51.0,Bacharelado,Capitais,Híbrido,Masculino,Branca,0.7228628912341443
CAND_01804,4.8,41.0,Bacharelado,Interior,Híbrido,Feminino,Branca,0.3300470559542421
CAND_01805,4.8,53.0,Mestrado,Capitais,Híbrido,Feminino,Amarela,0.4820212436813569
CAND_01806,3.1,53.0,Bacharelado,Região Metropolitana,Presencial,Feminino,Branca,0.5919884147707595
CAND_01807,8.8,22.0,Bacharelado,Capitais,Presencial,Masculino,Branca,0.7853772898110097
CAND_01808,6.7,53.0,Mestrado,Capitais,Remoto,Feminino,Parda,0.6908282896107627
CAND_01809,5.4,42.0,Bacharelado,Interior,Remoto,Não-binário,Parda,0.06788698244001878
CAND_01810,3.9,63.0,Bacharelado,Capitais,Híbrido,Feminino,Indígena,0.32583555527867436
CAND_01811,10.2,55.0,Bacharelado,Interior,Remoto,Masculino,Branca,0.5789045848575481
CAND_01812,1.5,79.0,Bacharelado,Capitais,Remoto,Masculino,Branca,0.7077839165139731
CAND_01813,3.5,50.0,Bacharelado,Região Metropolitana,Híbrido,Masculino,Preta,0.4688500706333658
CAND_01814,3.6,34.0,Bacharelado,Capitais,Híbrido,Feminino,Branca,0.491237237523396
CAND_01815,5.9,13.0,Mestrado,Interior,Remoto,Feminino,Branca,0.24687024578455313
CAND_01816,7.0,36.0,Bacharelado,Capitais,Remoto,Feminino,Branca,0.6083934990355615
CAND_01817,1.0,56.0,Mestrado,Capitais,Remoto,Masculino,Amarela,0.36046007405503455
CAND_01818,2.9,59.0,Bacharelado,Capitais,Híbrido,Masculino,Branca,0.9233451420019884
CAND_01819,6.3,41.0,Bacharelado,Região Metropolitana,Híbrido,Masculino,Preta,0.46661128384371037
CAND_01820,3.0,44.0,Bacharelado,Capitais,Remoto,Não-binário,Branca,0.5432089710302859
CAND_01821,3.8,51.0,Ensino Médio,Capitais,Híbrido,Masculino,Branca,0.5887854527167957
CAND_01822,5.5,56.0,Mestrado,Região Metropolitana,Remoto,Masculino,Branca,0.6543431537367247
CAND_01823,2.1,65.0,Bacharelado,Região Metropolitana,Híbrido,Feminino,Preta,0.34831171886930246
CAND_01824,5.8,41.0,Bacharelado,Capitais,Presencial,Masculino,Branca,0.6954919451252471
CAND_01825,6.8,39.0,Ensino Médio,Região Metropolitana,Presencial,Feminino,Amarela,0.13748782605483978
CAND_01826,5.1,80.0,Bacharelado,Capitais,Remoto,Não-binário,Branca,0.5814688108273143
CAND_01827,9.3,77.0,Bacharelado,Região Metropolitana,Presencial,Feminino,Amarela,0.4121173233899
CAND_01828,7.2,42.0,Mestrado,Capitais,Remoto,Masculino,Branca,0.7931965132639277
CAND_01829,4.9,67.0,Mestrado,Capitais,Híbrido,Feminino,Branca,0.7442419328053006
CAND_01830,4.0,83.0,Mestrado,Região Metropolitana,Remoto,Feminino,Branca,0.6163889232118167
CAND_01831,10.3,70.0,Bacharelado,Interior,Remoto,Feminino,Branca,0.326620361447695
CAND_01832,3.0,39.0,Bacharelado,Capitais,Remoto,Masculino,Branca,0.53424283908013
CAND_01833,4.2,52.0,Bacharelado,Capitais,Híbrido,Feminino,Branca,0.4623947085890334
CAND_01834,3.8,24.0,Bacharelado,Capitais,Híbrido,Masculino,Branca,0.5581815400276803
CAND_01835,6.2,36.0,Mestrado,Interior,Híbrido,Masculino,Branca,0.36804588606519695
CAND_01836,11.8,50.0,Mestrado,Região Metropolitana,Híbrido,Masculino,Branca,0.7895358521083219
CAND_01837,5.7,53.0,Bacharelado,Interior,Híbrido,Masculino,Branca,0.5674989932777834
CAND_01838,4.0,40.0,Mestrado,Capitais,Híbrido,Masculino,Preta,0.3676397893289931
CAND_01839,5.6,9.0,Mestrado,Capitais,Híbrido,Feminino,Branca,0.3944582513001841
CAND_01840,1.1,53.0,Mestrado,Capitais,Híbrido,Masculino,Branca,0.812778618138118
CAND_01841,4.4,61.0,Bacharelado,Região Metropolitana,Híbrido,Feminino,Branca,0.42711902336675617
CAND_01842,10.1,61.0,Bacharelado,Capitais,Remoto,Masculino,Branca,0.6711731964607008
CAND_01843,7.0,47.0,Bacharelado,Capitais,Remoto,Masculino,Indígena,0.7920921250214624
CAND_01844,8.7,48.0,Bacharelado,Capitais,Híbrido,Masculino,Indígena,0.5553546569521141
CAND_01845,8.0,54.0,Bacharelado,Capitais,Híbrido,Masculino,Branca,0.7502755788288394
CAND_01846,2.9,56.0,Ensino Médio,Capitais,Presencial,Feminino,Preta,0.18523367071277025
CAND_01847,10.7,49.0,Mestrado,Capitais,Remoto,Masculino,Branca,0.723072607990385
CAND_01848,0.0,15.0,Bacharelado,Capitais,Presencial,Masculino,Branca,0.4840898027919047
CAND_01849,6.0,71.0,Bacharelado,Capitais,Híbrido,Masculino,Preta,0.5051134664221923
CAND_01850,0.0,43.0,Mestrado,Região Metropolitana,Presencial,Masculino,Branca,0.5955804278558892
CAND_01851,0.0,32.0,Mestrado,Capitais,Híbrido,Feminino,Parda,0.3834412221608668
CAND_01852,7.8,44.0,Mestrado,Capitais,Híbrido,Feminino,Branca,0.700748111293998
CAND_01853,2.9,52.0,Bacharelado,Capitais,Híbrido,Masculino,Branca,0.8413056432837622
CAND_01854,8.7,41.0,Bacharelado,Capitais,Híbrido,Feminino,Amarela,0.3167013354998027
CAND_01855,0.0,42.0,Bacharelado,Capitais,Presencial,Masculino,Branca,0.511573288018665
CAND_01856,4.7,45.0,Ensino Médio,Região Metropolitana,Remoto,Masculino,Branca,0.4513736346025599
CAND_01857,1.4,55.0,Ensino Médio,Capitais,Presencial,Feminino,Preta,0.20390795079290602
CAND_01858,4.0,38.0,Mestrado,Capitais,Híbrido,Masculino,Amarela,0.48304798218870837
CAND_01859,9.6,55.0,Bacharelado,Capitais,Remoto,Masculino,Branca,0.795088378927436
CAND_01860,10.4,29.0,Ensino Médio,Região Metropolitana,Presencial,Feminino,Branca,0.30052115515698385
CAND_01861,6.5,80.0,Bacharelado,Capitais,Híbrido,Feminino,Branca,0.5828139943499402
CAND_01862,0.2,66.0,Bacharelado,Capitais,Presencial,Masculino,Branca,0.7288322889206842
CAND_01863,1.4,46.0,Bacharelado,Região Metropolitana,Remoto,Masculino,Preta,0.4044171500093319
CAND_01864,5.5,55.0,Bacharelado,Capitais,Híbrido,Feminino,Branca,0.5544455144716357
CAND_01865,2.6,32.0,Bacharelado,Capitais,Presencial,Masculino,Preta,0.3376970177511118
CAND_01866,7.0,58.0,Bacharelado,Capitais,Híbrido,Masculino,Preta,0.6495270163150517
CAND_01867,10.0,63.0,Bacharelado,Região Metropolitana,Híbrido,Masculino,Parda,0.8377576635720223
CAND_01868,2.1,54.0,Bacharelado,Capitais,Remoto,Feminino,Preta,0.2932366907143421
CAND_01869,2.3,64.0,Ensino Médio,Capitais,Remoto,Feminino,Amarela,0.1735206813951338
CAND_01870,1.5,50.0,Ensino Médio,Capitais,Remoto,Masculino,Preta,0.5509736490313392
CAND_01871,4.2,48.0,Bacharelado,Capitais,Presencial,Masculino,Branca,0.8311316959645395
CAND_01872,5.2,40.0,Bacharelado,Capitais,Presencial,Masculino,Amarela,0.5064540559260059
CAND_01873,5.1,58.0,Mestrado,Capitais,Remoto,Masculino,Branca,0.7189854939448204
CAND_01874,7.7,37.0,Bacharelado,Capitais,Remoto,Masculino,Branca,0.6106518279375599
CAND_01875,6.2,56.0,Bacharelado,Capitais,Híbrido,Não-binário,Preta,0.2914616592806679
CAND_01876,4.8,55.0,Bacharelado,Capitais,Híbrido,Feminino,Branca,0.5426708934610869
CAND_01877,5.1,70.0,Bacharelado,Capitais,Híbrido,Masculino,Branca,0.7584739952139896
CAND_01878,5.3,59.0,Bacharelado,Capitais,Remoto,Feminino,Branca,0.43690307816543084
CAND_01879,4.8,24.0,Ensino Médio,Região Metropolitana,Remoto,Masculino,Branca,0.5278859952593107
CAND_01880,3.0,40.0,Bacharelado,Capitais,Presencial,Feminino,Amarela,0.20358660962050087
CAND_01881,1.4,40.0,Mestrado,Região Metropolitana,Híbrido,Masculino,Branca,0.4394470957770412
CAND_01882,5.4,39.0,Mestrado,Capitais,Presencial,Masculino,Preta,0.4651139571498989
CAND_01883,3.5,64.0,Mestrado,Região Metropolitana,Presencial,Feminino,Branca,0.6198109585688826
CAND_01884,6.6,17.0,Mestrado,Capitais,Presencial,Feminino,Branca,0.4853969729251251
CAND_01885,5.2,71.0,Doutorado,Capitais,Presencial,Feminino,Branca,0.6555379542312464
CAND_01886,5.0,65.0,Doutorado,Capitais,Presencial,Feminino,Branca,0.8306918629839789
CAND_01887,8.0,53.0,Bacharelado,Região Metropolitana,Híbrido,Feminino,Branca,0.4496730321213645
CAND_01888,0.8,55.0,Bacharelado,Capitais,Presencial,Feminino,Branca,0.47345771544188303
CAND_01889,10.3,51.0,Bacharelado,Interior,Remoto,Masculino,Preta,0.35840091487136444
CAND_01890,0.0,52.0,Doutorado,Região Metropolitana,Remoto,Masculino,Branca,0.6658864736562907
CAND_01891,9.4,67.0,Bacharelado,Capitais,Remoto,Masculino,Branca,0.8136446574194088
CAND_01892,5.6,47.0,Ensino Médio,Capitais,Híbrido,Masculino,Amarela,0.5772172236966207
CAND_01893,3.4,59.0,Bacharelado,Região Metropolitana,Híbrido,Feminino,Parda,0.43531917831409367
CAND_01894,0.6,37.0,Mestrado,Capitais,Presencial,Masculino,Branca,0.6346364055134892
CAND_01895,3.2,58.0,Mestrado,Capitais,Presencial,Masculino,Branca,0.7084419970468911
CAND_01896,4.5,46.0,Bacharelado,Interior,Remoto,Masculino,Parda,0.45862297619225695
CAND_01897,5.6,56.0,Bacharelado,Interior,Híbrido,Feminino,Branca,0.4571867169184262
CAND_01898,9.3,37.0,Mestrado,Capitais,Presencial,Feminino,Branca,0.6568992133671244
CAND_01899,5.2,57.0,Bacharelado,Capitais,Presencial,Feminino,Branca,0.5570853107649659
CAND_01900,6.0,49.0,Ensino Médio,Capitais,Remoto,Masculino,Preta,0.488966219872526
CAND_01901,6.1,73.0,Mestrado,Região Metropolitana,Presencial,Masculino,Preta,0.7024145560964069
CAND_01902,4.0,54.0,Bacharelado,Região Metropolitana,Híbrido,Masculino,Branca,0.7034835722938129
CAND_01903,4.4,57.0,Ensino Médio,Capitais,Híbrido,Feminino,Branca,0.2813745017997279
CAND_01904,4.7,43.0,Ensino Médio,Capitais,Remoto,Feminino,Branca,0.439318576824006
CAND_01905,6.9,55.0,Ensino Médio,Capitais,Presencial,Masculino,Branca,0.9078807809277806
CAND_01906,2.3,57.0,Mestrado,Capitais,Híbrido,Feminino,Amarela,0.42125235943578543
CAND_01907,3.5,45.0,Bacharelado,Capitais,Remoto,Feminino,Indígena,0.30032826686411296
CAND_01908,6.1,44.0,Bacharelado,Capitais,Presencial,Feminino,Branca,0.5722965722563527
CAND_01909,1.8,38.0,Bacharelado,Capitais,Presencial,Feminino,Branca,0.358541458636168
CAND_01910,5.3,49.0,Bacharelado,Capitais,Presencial,Feminino,Branca,0.5576627468690419
CAND_01911,3.4,40.0,Ensino Médio,Capitais,Híbrido,Masculino,Branca,0.6525359229524037
CAND_01912,6.5,54.0,Bacharelado,Capitais,Híbrido,Feminino,Preta,0.4451710131221136
CAND_01913,9.1,38.0,Bacharelado,Capitais,Remoto,Masculino,Branca,0.5736908313803635
CAND_01914,3.4,48.0,Mestrado,Região Metropolitana,Híbrido,Feminino,Branca,0.3452649631168147
CAND_01915,7.3,36.0,Mestrado,Região Metropolitana,Híbrido,Masculino,Amarela,0.4502870835143724
CAND_01916,5.6,67.0,Ensino Médio,Capitais,Híbrido,Feminino,Branca,0.602256996979516
CAND_01917,3.8,50.0,Bacharelado,Região Metropolitana,Remoto,Feminino,Branca,0.5261981834855445
CAND_01918,5.0,50.0,Bacharelado,Capitais,Híbrido,Feminino,Branca,0.5102366098549735
CAND_01919,8.9,59.0,Bacharelado,Capitais,Presencial,Feminino,Preta,0.17193844980902628
CAND_01920,4.5,77.0,Mestrado,Região Metropolitana,Híbrido,Feminino,Branca,0.725158885820225
CAND_01921,8.9,51.0,Mestrado,Capitais,Remoto,Masculino,Branca,0.8721087366323897
CAND_01922,4.6,28.0,Ensino Médio,Interior,Híbrido,Masculino,Preta,0.1981717338335354
CAND_01923,0.8,68.0,Ensino Médio,Região Metropolitana,Híbrido,Feminino,Amarela,0.0
CAND_01924,4.6,30.0,Bacharelado,Interior,Remoto,Masculino,Branca,0.608072208996607
CAND_01925,0.5,43.0,Mestrado,Capitais,Híbrido,Masculino,Branca,0.614403083262745
CAND_01926,4.0,68.0,Mestrado,Capitais,Presencial,Masculino,Amarela,0.7235280466980578
CAND_01927,3.9,45.0,Bacharelado,Capitais,Remoto,Masculino,Branca,0.7380844074648711
CAND_01928,10.5,41.0,Doutorado,Região Metropolitana,Híbrido,Não-binário,Branca,0.5104321555148557
CAND_01929,9.8,54.0,Bacharelado,Interior,Presencial,Masculino,Branca,0.703068998891706
CAND_01930,5.3,50.0,Bacharelado,Região Metropolitana,Híbrido,Feminino,Branca,0.5662623608094637
CAND_01931,8.6,40.0,Bacharelado,Capitais,Híbrido,Masculino,Branca,0.5593995837224691
CAND_01932,3.8,63.0,Ensino Médio,Capitais,Híbrido,Masculino,Branca,0.7766095609458756
CAND_01933,0.7,68.0,Mestrado,Capitais,Remoto,Feminino,Branca,0.4052274971972216
CAND_01934,6.6,71.0,Ensino Médio,Capitais,Híbrido,Masculino,Preta,0.42872497108326507
CAND_01935,6.1,58.0,Bacharelado,Região Metropolitana,Presencial,Feminino,Branca,0.39033230767230664
CAND_01936,2.2,39.0,Ensino Médio,Região Metropolitana,Remoto,Não-binário,Branca,0.47811080364696806
CAND_01937,2.3,31.0,Ensino Médio,Capitais,Presencial,Feminino,Branca,0.33973148614431287
CAND_01938,7.8,15.0,Mestrado,Capitais,Remoto,Feminino,Branca,0.2709584054970249
CAND_01939,0.0,65.0,Mestrado,Capitais,Presencial,Masculino,Branca,0.6383781426794435
CAND_01940,6.7,53.0,Bacharelado,Capitais,Remoto,Masculino,Branca,0.6765120123182855
CAND_01941,4.1,44.0,Bacharelado,Capitais,Remoto,Feminino,Branca,0.4683262934818967
CAND_01942,6.7,21.0,Mestrado,Interior,Presencial,Feminino,Preta,0.0
CAND_01943,8.0,32.0,Mestrado,Região Metropolitana,Presencial,Masculino,Branca,0.5408766105269187
CAND_01944,2.4,24.0,Bacharelado,Capitais,Remoto,Masculino,Parda,0.6329257766749131
CAND_01945,1.6,72.0,Bacharelado,Capitais,Remoto,Feminino,Branca,0.5109202087031306
CAND_01946,9.4,60.0,Bacharelado,Capitais,Presencial,Masculino,Branca,0.8102273421268873
CAND_01947,4.8,30.0,Bacharelado,Interior,Presencial,Masculino,Branca,0.6291859220332892
CAND_01948,6.0,75.0,Bacharelado,Região Metropolitana,Híbrido,Masculino,Parda,0.9099951931555499
CAND_01949,7.7,39.0,Bacharelado,Capitais,Remoto,Masculino,Branca,0.7026758048162705
CAND_01950,2.1,55.0,Mestrado,Capitais,Presencial,Não-binário,Preta,0.10113467160799734
CAND_01951,7.7,55.0,Bacharelado,Capitais,Remoto,Masculino,Branca,0.7745590717613448
CAND_01952,6.9,49.0,Bacharelado,Capitais,Presencial,Feminino,Branca,0.7646301940945465
CAND_01953,9.4,45.0,Bacharelado,Capitais,Híbrido,Masculino,Parda,0.6310277648255083
CAND_01954,9.4,51.0,Bacharelado,Capitais,Remoto,Feminino,Branca,0.4908520698864359
CAND_01955,5.2,46.0,Bacharelado,Região Metropolitana,Presencial,Feminino,Branca,0.46136075730916426
CAND_01956,7.3,54.0,Bacharelado,Capitais,Presencial,Feminino,Branca,0.5538048857095957
CAND_01957,5.1,54.0,Bacharelado,Capitais,Remoto,Feminino,Branca,0.5470919072769956
CAND_01958,5.4,42.0,Bacharelado,Região Metropolitana,Presencial,Feminino,Indígena,0.29744475354692335
CAND_01959,1.6,67.0,Bacharelado,Capitais,Híbrido,Masculino,Branca,0.6867046900222507
CAND_01960,4.3,37.0,Bacharelado,Região Metropolitana,Híbrido,Masculino,Branca,0.5324127463740296
CAND_01961,0.0,56.0,Mestrado,Capitais,Híbrido,Feminino,Preta,0.18577248723249937
CAND_01962,4.6,45.0,Bacharelado,Região Metropolitana,Presencial,Masculino,Preta,0.26319013511785533
CAND_01963,9.0,37.0,Mestrado,Capitais,Híbrido,Feminino,Branca,0.554762095456357
CAND_01964,7.3,46.0,Mestrado,Região Metropolitana,Híbrido,Masculino,Preta,0.46730485593914595
CAND_01965,5.3,40.0,Bacharelado,Capitais,Remoto,Masculino,Amarela,0.43321311612329033
CAND_01966,4.4,60.0,Bacharelado,Capitais,Remoto,Feminino,Parda,0.5227118900199583
CAND_01967,3.4,49.0,Bacharelado,Capitais,Híbrido,Feminino,Branca,0.44248754314180616
CAND_01968,2.2,71.0,Bacharelado,Capitais,Presencial,Feminino,Branca,0.5442728803949445
CAND_01969,7.5,36.0,Mestrado,Capitais,Presencial,Masculino,Branca,0.741462275275128
CAND_01970,0.4,17.0,Ensino Médio,Região Metropolitana,Remoto,Masculino,Branca,0.38478245464029615
CAND_01971,0.3,56.0,Bacharelado,Capitais,Híbrido,Masculino,Branca,0.5247360956125997
CAND_01972,7.7,76.0,Bacharelado,Região Metropolitana,Híbrido,Masculino,Branca,0.7115489226329373
CAND_01973,5.6,57.0,Doutorado,Capitais,Remoto,Feminino,Amarela,0.5511939888517163
CAND_01974,5.1,36.0,Bacharelado,Capitais,Remoto,Feminino,Branca,0.47945072519150744
CAND_01975,5.6,35.0,Mestrado,Capitais,Híbrido,Masculino,Branca,0.598677087480527
CAND_01976,11.0,80.0,Bacharelado,Capitais,Híbrido,Masculino,Branca,0.7609872049276094
CAND_01977,5.2,44.0,Bacharelado,Capitais,Híbrido,Masculino,Branca,0.769337097665201
CAND_01978,5.9,35.0,Mestrado,Interior,Remoto,Masculino,Branca,0.6240564817267205
CAND_01979,11.2,68.0,Bacharelado,Capitais,Híbrido,Não-binário,Branca,0.6007721035422399
CAND_01980,4.8,48.0,Ensino Médio,Capitais,Remoto,Masculino,Branca,0.6466406486288931
CAND_01981,10.2,20.0,Bacharelado,Capitais,Remoto,Feminino,Branca,0.5035501656407474
CAND_01982,0.0,81.0,Bacharelado,Capitais,Híbrido,Masculino,Preta,0.38402868497820475
CAND_01983,1.5,59.0,Bacharelado,Capitais,Híbrido,Feminino,Preta,0.21618466716845858
CAND_01984,3.0,27.0,Bacharelado,Capitais,Presencial,Masculino,Branca,0.5584944213289126
CAND_01985,6.8,71.0,Bacharelado,Capitais,Híbrido,Masculino,Branca,0.7242954064656909
CAND_01986,10.3,34.0,Mestrado,Região Metropolitana,Presencial,Masculino,Branca,0.7623398404256413
CAND_01987,3.2,33.0,Bacharelado,Interior,Híbrido,Feminino,Branca,0.27605923847394254
CAND_01988,7.9,37.0,Mestrado,Interior,Presencial,Não-binário,Indígena,0.09744824731746182
CAND_01989,11.7,79.0,Bacharelado,Capitais,Híbrido,Feminino,Branca,0.8368588626982872
CAND_01990,9.7,81.0,Bacharelado,Capitais,Híbrido,Masculino,Branca,0.8605518353305512
CAND_01991,3.8,42.0,Mestrado,Região Metropolitana,Híbrido,Feminino,Indígena,0.22663592820765077
CAND_01992,7.6,76.0,Bacharelado,Região Metropolitana,Remoto,Masculino,Branca,0.8802299031581791
CAND_01993,6.0,16.0,Bacharelado,Capitais,Remoto,Masculino,Preta,0.40440886174451307
CAND_01994,3.0,64.0,Bacharelado,Capitais,Remoto,Feminino,Indígena,0.2828105920038
CAND_01995,6.3,70.0,Bacharelado,Região Metropolitana,Híbrido,Masculino,Amarela,0.5996745236975135
CAND_01996,3.6,73.0,Mestrado,Capitais,Remoto,Masculino,Indígena,0.7067960553280782
CAND_01997,5.4,51.0,Bacharelado,Capitais,Híbrido,Masculino,Parda,0.6221195399462005
CAND_01998,0.9,58.0,Mestrado,Capitais,Híbrido,Masculino,Preta,0.5080983727883839
CAND_01999,0.0,39.0,Mestrado,Região Metropolitana,Presencial,Masculino,Branca,0.3664885770387274
CAND_02000,4.1,50.0,Bacharelado,Capitais,Híbrido,Masculino,Branca,0.6204478289461302
CAND_02001,6.0,48.0,Mestrado,Capitais,Presencial,Masculino,Branca,0.8482138297453379
CAND_02002,1.6,47.0,Bacharelado,Capitais,Híbrido,Masculino,Amarela,0.37221240919273363
CAND_02003,6.6,67.0,Mestrado,Região Metropolitana,Presencial,Feminino,Branca,0.4933387195684039
CAND_02004,5.1,53.0,Bacharelado,Capitais,Híbrido,Masculino,Branca,0.44642586629879183
CAND_02005,7.0,75.0,Ensino Médio,Capitais,Remoto,Feminino,Branca,0.6924673968188323
CAND_02006,7.8,54.0,Bacharelado,Capitais,Híbrido,Masculino,Branca,0.7027006522027748
CAND_02007,9.0,83.0,Bacharelado,Interior,Remoto,Masculino,Branca,0.60789745458442
CAND_02008,6.8,68.0,Bacharelado,Região Metropolitana,Presencial,Masculino,Preta,0.5446042896956392
CAND_02009,4.1,49.0,Ensino Médio,Capitais,Remoto,Masculino,Branca,0.7875089772726371
CAND_02010,5.6,53.0,Doutorado,Capitais,Presencial,Feminino,Branca,0.631702838981478
CAND_02011,12.0,37.0,Bacharelado,Região Metropolitana,Presencial,Feminino,Branca,0.3405902421905159
CAND_02012,8.0,52.0,Ensino Médio,Capitais,Híbrido,Feminino,Branca,0.4405507506309016
CAND_02013,5.2,35.0,Bacharelado,Capitais,Presencial,Masculino,Branca,0.7431900174099967
CAND_02014,4.5,70.0,Mestrado,Capitais,Presencial,Masculino,Branca,0.8414033731929053
CAND_02015,3.2,45.0,Mestrado,Capitais,Híbrido,Masculino,Parda,0.5113061307554472
CAND_02016,1.4,55.0,Bacharelado,Região Metropolitana,Presencial,Não-binário,Parda,0.5521867519600328
CAND_02017,10.1,16.0,Bacharelado,Capitais,Remoto,Não-binário,Branca,0.35874416794347996
CAND_02018,6.4,46.0,Mestrado,Capitais,Remoto,Feminino,Branca,0.5384272456750971
CAND_02019,1.2,44.0,Doutorado,Capitais,Híbrido,Masculino,Branca,0.6673808112617584
CAND_02020,4.6,64.0,Ensino Médio,Capitais,Híbrido,Feminino,Indígena,0.43598503165148583
CAND_02021,8.8,58.0,Ensino Médio,Região Metropolitana,Remoto,Feminino,Branca,0.48493287581516265
CAND_02022,3.7,65.0,Bacharelado,Capitais,Híbrido,Masculino,Branca,0.5473020008926878
CAND_02023,2.6,57.0,Bacharelado,Capitais,Híbrido,Masculino,Branca,0.4940789204269569
CAND_02024,6.1,68.0,Bacharelado,Capitais,Remoto,Masculino,Preta,0.48507215283090643
CAND_02025,7.0,56.0,Bacharelado,Capitais,Remoto,Masculino,Preta,0.5343692248294908
CAND_02026,3.7,29.0,Ensino Médio,Região Metropolitana,Remoto,Masculino,Indígena,0.2883412930002847
CAND_02027,3.2,49.0,Bacharelado,Capitais,Remoto,Feminino,Parda,0.4705888807864387
CAND_02028,6.4,49.0,Bacharelado,Capitais,Híbrido,Masculino,Branca,0.8678544056874904
CAND_02029,1.6,1.0,Bacharelado,Capitais,Híbrido,Masculino,Parda,0.2606772289890842
CAND_02030,3.4,35.0,Bacharelado,Região Metropolitana,Híbrido,Masculino,Indígena,0.4284239357717366
CAND_02031,4.6,81.0,Bacharelado,Capitais,Remoto,Masculino,Branca,0.7656995711176671
CAND_02032,7.2,46.0,Bacharelado,Região Metropolitana,Remoto,Masculino,Branca,0.6009132545478777
CAND_02033,3.7,48.0,Mestrado,Região Metropolitana,Presencial,Masculino,Branca,0.6121039006241562
CAND_02034,6.7,17.0,Ensino Médio,Capitais,Remoto,Masculino,Parda,0.5725785177546564
CAND_02035,8.5,30.0,Bacharelado,Capitais,Remoto,Feminino,Indígena,0.34841163819007775
CAND_02036,3.5,57.0,Bacharelado,Região Metropolitana,Presencial,Não-binário,Indígena,0.19607227715775818
CAND_02037,14.7,43.0,Ensino Médio,Região Metropolitana,Híbrido,Masculino,Branca,0.9568555600292219
CAND_02038,9.3,33.0,Mestrado,Capitais,Remoto,Masculino,Preta,0.4820724186654536
CAND_02039,5.8,69.0,Bacharelado,Região Metropolitana,Remoto,Masculino,Preta,0.5266653405196653
CAND_02040,4.5,39.0,Bacharelado,Região Metropolitana,Presencial,Masculino,Branca,0.5864902883645283
CAND_02041,3.3,30.0,Bacharelado,Capitais,Remoto,Masculino,Amarela,0.232406711879364
CAND_02042,10.0,51.0,Bacharelado,Capitais,Presencial,Feminino,Parda,0.5235120960582615
CAND_02043,5.6,38.0,Bacharelado,Região Metropolitana,Presencial,Masculino,Branca,0.5561590907462034
CAND_02044,0.7,38.0,Bacharelado,Capitais,Presencial,Masculino,Branca,0.5222911323483053
CAND_02045,0.0,49.0,Mestrado,Capitais,Híbrido,Masculino,Branca,0.8466237999691367
CAND_02046,5.3,40.0,Bacharelado,Região Metropolitana,Remoto,Feminino,Branca,0.353870511267784
CAND_02047,5.4,25.0,Bacharelado,Capitais,Presencial,Masculino,Branca,0.6168129820555622
CAND_02048,2.2,58.0,Bacharelado,Região Metropolitana,Híbrido,Masculino,Branca,0.7079027420595821
CAND_02049,0.5,63.0,Bacharelado,Capitais,Presencial,Masculino,Amarela,0.3853683210584695
CAND_02050,0.0,46.0,Doutorado,Região Metropolitana,Presencial,Masculino,Branca,0.5333879517215641
CAND_02051,2.7,59.0,Bacharelado,Capitais,Remoto,Feminino,Preta,0.2678931446895149
CAND_02052,3.9,44.0,Mestrado,Capitais,Híbrido,Masculino,Preta,0.45694236947108346
CAND_02053,7.1,21.0,Bacharelado,Capitais,Híbrido,Masculino,Branca,0.676482695182352
CAND_02054,4.6,63.0,Bacharelado,Capitais,Presencial,Masculino,Branca,0.5786999082403068
CAND_02055,8.2,49.0,Doutorado,Capitais,Presencial,Feminino,Amarela,0.6225269639553026
CAND_02056,6.8,52.0,Bacharelado,Região Metropolitana,Remoto,Masculino,Branca,0.7000527322901577
CAND_02057,6.5,48.0,Bacharelado,Região Metropolitana,Remoto,Não-binário,Indígena,0.3745736841940779
CAND_02058,7.9,47.0,Bacharelado,Capitais,Presencial,Feminino,Amarela,0.5881879973996348
CAND_02059,0.8,52.0,Bacharelado,Capitais,Híbrido,Feminino,Branca,0.41013342318178425
CAND_02060,3.4,52.0,Bacharelado,Capitais,Híbrido,Feminino,Branca,0.38857183528710854
CAND_02061,12.2,69.0,Bacharelado,Capitais,Remoto,Masculino,Branca,0.8824781652932747
CAND_02062,0.0,57.0,Mestrado,Interior,Híbrido,Feminino,Branca,0.31026430922372905
CAND_02063,4.1,68.0,Ensino Médio,Região Metropolitana,Híbrido,Feminino,Amarela,0.2710156630670836
CAND_02064,6.4,73.0,Bacharelado,Capitais,Presencial,Masculino,Branca,0.9484299324926408
CAND_02065,0.0,26.0,Mestrado,Capitais,Remoto,Masculino,Parda,0.504872161427313
CAND_02066,2.7,69.0,Bacharelado,Região Metropolitana,Presencial,Masculino,Branca,0.8072653260699063
CAND_02067,11.0,60.0,Mestrado,Capitais,Híbrido,Masculino,Branca,1.0
CAND_02068,5.5,57.0,Bacharelado,Capitais,Híbrido,Masculino,Branca,0.7528720699786786
CAND_02069,3.3,65.0,Bacharelado,Região Metropolitana,Presencial,Feminino,Branca,0.3200461920435537
CAND_02070,5.6,46.0,Mestrado,Capitais,Remoto,Masculino,Indígena,0.685355509877736
CAND_02071,3.3,59.0,Mestrado,Capitais,Presencial,Feminino,Branca,0.6216344138996308
CAND_02072,10.1,34.0,Bacharelado,Região Metropolitana,Remoto,Masculino,Branca,0.6655983236114199
CAND_02073,2.0,29.0,Bacharelado,Capitais,Remoto,Feminino,Branca,0.25257039061339825
CAND_02074,3.4,58.0,Bacharelado,Capitais,Remoto,Feminino,Branca,0.49349739447615887
CAND_02075,0.5,49.0,Mestrado,Capitais,Remoto,Masculino,Branca,0.705443625585703
CAND_02076,4.1,50.0,Bacharelado,Capitais,Remoto,Masculino,Branca,0.5605911154836158
CAND_02077,4.5,38.0,Bacharelado,Capitais,Híbrido,Masculino,Branca,0.5221970235168515
CAND_02078,8.6,56.0,Mestrado,Região Metropolitana,Remoto,Masculino,Branca,1.0
CAND_02079,1.9,44.0,Mestrado,Região Metropolitana,Presencial,Masculino,Branca,0.49982850775769316
CAND_02080,6.5,49.0,Mestrado,Capitais,Híbrido,Não-binário,Branca,0.45526303844682947
CAND_02081,5.3,43.0,Bacharelado,Capitais,Presencial,Masculino,Preta,0.5894767668511522
CAND_02082,0.0,38.0,Bacharelado,Capitais,Remoto,Feminino,Branca,0.2549861835906691
CAND_02083,2.8,47.0,Mestrado,Capitais,Remoto,Masculino,Branca,0.5907162809575974
CAND_02084,2.7,68.0,Bacharelado,Região Metropolitana,Presencial,Feminino,Parda,0.5196895521874492
CAND_02085,10.0,43.0,Mestrado,Região Metropolitana,Híbrido,Masculino,Branca,0.5865999434737019
CAND_02086,6.6,48.0,Bacharelado,Capitais,Híbrido,Masculino,Preta,0.42237148159983645
CAND_02087,5.4,46.0,Bacharelado,Capitais,Híbrido,Feminino,Parda,0.5083593329022803
CAND_02088,0.0,40.0,Bacharelado,Interior,Presencial,Masculino,Branca,0.561418664454418
CAND_02089,0.0,68.0,Bacharelado,Capitais,Presencial,Masculino,Parda,0.6727410860690931
CAND_02090,7.2,30.0,Bacharelado,Região Metropolitana,Híbrido,Feminino,Preta,0.21080030004384626
CAND_02091,7.3,49.0,Bacharelado,Interior,Híbrido,Masculino,Parda,0.5574208330684254
CAND_02092,2.8,37.0,Bacharelado,Capitais,Presencial,Masculino,Preta,0.4846027625922381
CAND_02093,5.1,59.0,Bacharelado,Capitais,Híbrido,Masculino,Branca,0.8682142559758192
CAND_02094,4.9,52.0,Mestrado,Região Metropolitana,Remoto,Masculino,Branca,0.7499092986621606
CAND_02095,5.5,68.0,Ensino Médio,Capitais,Remoto,Masculino,Branca,0.7496838113330593
CAND_02096,3.9,61.0,Bacharelado,Capitais,Híbrido,Feminino,Branca,0.4249197002726449
CAND_02097,7.4,51.0,Bacharelado,Capitais,Híbrido,Masculino,Branca,0.6736494205162015
CAND_02098,8.3,61.0,Mestrado,Capitais,Remoto,Feminino,Branca,0.4681795498723476
CAND_02099,2.1,63.0,Bacharelado,Capitais,Presencial,Masculino,Branca,0.6740718430289434
CAND_02100,1.4,36.0,Bacharelado,Capitais,Presencial,Feminino,Amarela,0.05960196172866873
CAND_02101,2.6,62.0,Mestrado,Capitais,Híbrido,Masculino,Branca,0.6694967246291816
CAND_02102,5.1,54.0,Bacharelado,Capitais,Híbrido,Feminino,Branca,0.6371284171430815
CAND_02103,6.1,57.0,Mestrado,Interior,Presencial,Masculino,Branca,0.7370600161289804
CAND_02104,7.4,44.0,Bacharelado,Capitais,Híbrido,Feminino,Preta,0.2108252912423748
CAND_02105,7.9,37.0,Bacharelado,Interior,Remoto,Feminino,Branca,0.3161658737286703
CAND_02106,6.1,34.0,Bacharelado,Capitais,Presencial,Masculino,Branca,0.8803211031119734
CAND_02107,5.7,0.0,Bacharelado,Capitais,Híbrido,Feminino,Branca,0.22968591585557757
CAND_02108,9.9,39.0,Bacharelado,Capitais,Presencial,Masculino,Preta,0.5740769366646571
CAND_02109,5.0,87.0,Bacharelado,Capitais,Presencial,Masculino,Branca,1.0
CAND_02110,6.8,62.0,Bacharelado,Capitais,Híbrido,Masculino,Preta,0.5572388982971236
CAND_02111,6.0,55.0,Mestrado,Interior,Híbrido,Masculino,Branca,0.6809725486786851
CAND_02112,4.5,64.0,Bacharelado,Região Metropolitana,Híbrido,Feminino,Indígena,0.1762261887187644
CAND_02113,4.5,46.0,Ensino Médio,Capitais,Híbrido,Feminino,Branca,0.3833250548950321
CAND_02114,9.0,44.0,Bacharelado,Capitais,Híbrido,Masculino,Branca,0.7742335196937694
CAND_02115,4.7,46.0,Bacharelado,Capitais,Híbrido,Masculino,Branca,0.8223200796580944
CAND_02116,3.9,39.0,Ensino Médio,Região Metropolitana,Híbrido,Masculino,Branca,0.4790731905299111
CAND_02117,2.8,40.0,Mestrado,Capitais,Híbrido,Feminino,Branca,0.4808114737142414
CAND_02118,6.3,50.0,Mestrado,Capitais,Presencial,Masculino,Branca,0.9008619468616642
CAND_02119,3.5,51.0,Mestrado,Região Metropolitana,Híbrido,Masculino,Branca,0.7818357110894105
CAND_02120,6.0,70.0,Bacharelado,Capitais,Presencial,Masculino,Branca,0.8408814060063351
CAND_02121,5.5,65.0,Bacharelado,Capitais,Presencial,Não-binário,Branca,0.45938613282935936
CAND_02122,3.7,28.0,Bacharelado,Capitais,Híbrido,Masculino,Preta,0.38955417750271665
CAND_02123,0.8,46.0,Bacharelado,Capitais,Presencial,Feminino,Branca,0.41524923587336815
CAND_02124,1.9,33.0,Bacharelado,Capitais,Híbrido,Masculino,Preta,0.19925497341111015
CAND_02125,2.4,11.0,Bacharelado,Região Metropolitana,Híbrido,Feminino,Branca,0.22133365220110512
CAND_02126,2.0,51.0,Mestrado,Região Metropolitana,Remoto,Masculino,Branca,0.6992509685252961
CAND_02127,6.4,59.0,Bacharelado,Capitais,Híbrido,Masculino,Branca,0.9152799205867139
CAND_02128,11.4,51.0,Bacharelado,Região Metropolitana,Híbrido,Masculino,Branca,0.7054946701381173
CAND_02129,3.5,57.0,Bacharelado,Capitais,Híbrido,Masculino,Amarela,0.5839392397028842
CAND_02130,3.8,45.0,Bacharelado,Interior,Presencial,Masculino,Parda,0.39650368662173807
CAND_02131,3.2,35.0,Ensino Médio,Capitais,Híbrido,Masculino,Branca,0.5483043866665882
CAND_02132,7.6,44.0,Bacharelado,Região Metropolitana,Remoto,Masculino,Branca,0.6378494844270705
CAND_02133,6.3,71.0,Bacharelado,Capitais,Presencial,Feminino,Parda,0.7537108607582992
CAND_02134,5.0,56.0,Bacharelado,Capitais,Híbrido,Masculino,Preta,0.5388672148612448
CAND_02135,1.4,27.0,Bacharelado,Região Metropolitana,Híbrido,Masculino,Branca,0.5663459509559602
CAND_02136,2.1,52.0,Bacharelado,Capitais,Híbrido,Feminino,Branca,0.3797080075549734
CAND_02137,5.5,69.0,Mestrado,Região Metropolitana,Remoto,Não-binário,Branca,0.5891138494180341
CAND_02138,5.7,61.0,Bacharelado,Capitais,Híbrido,Feminino,Preta,0.1886405161590865
CAND_02139,5.0,69.0,Bacharelado,Capitais,Híbrido,Masculino,Branca,0.5225500767317788
CAND_02140,7.0,28.0,Bacharelado,Capitais,Híbrido,Feminino,Branca,0.4070613857245578
CAND_02141,1.3,52.0,Doutorado,Interior,Remoto,Feminino,Amarela,0.31966603632815865
CAND_02142,5.9,45.0,Doutorado,Região Metropolitana,Híbrido,Masculino,Amarela,0.5069848906388758
CAND_02143,5.7,59.0,Bacharelado,Capitais,Híbrido,Masculino,Parda,0.7666267467045886
CAND_02144,2.1,37.0,Mestrado,Capitais,Híbrido,Masculino,Branca,0.9027098194002416
CAND_02145,3.2,37.0,Bacharelado,Região Metropolitana,Híbrido,Feminino,Parda,0.30330434250610666
CAND_02146,7.1,50.0,Mestrado,Região Metropolitana,Híbrido,Feminino,Branca,0.7192489342380648
CAND_02147,1.6,36.0,Ensino Médio,Região Metropolitana,Remoto,Masculino,Branca,0.2652890526977595
CAND_02148,12.4,54.0,Ensino Médio,Capitais,Remoto,Masculino,Branca,0.7554175612861306
CAND_02149,6.7,19.0,Bacharelado,Região Metropolitana,Híbrido,Feminino,Preta,0.15949227370617292
CAND_02150,4.8,68.0,Ensino Médio,Capitais,Remoto,Masculino,Branca,0.704600567139488
CAND_02151,4.2,8.0,Mestrado,Região Metropolitana,Remoto,Feminino,Parda,0.3217948562996126
CAND_02152,7.4,64.0,Mestrado,Capitais,Híbrido,Feminino,Preta,0.3053368498108111
CAND_02153,3.8,41.0,Mestrado,Região Metropolitana,Híbrido,Feminino,Parda,0.5959978992789706
CAND_02154,3.9,28.0,Ensino Médio,Interior,Híbrido,Feminino,Amarela,0.14408697421873007
CAND_02155,9.4,53.0,Bacharelado,Capitais,Remoto,Masculino,Branca,0.8681133262511871
CAND_02156,3.6,63.0,Ensino Médio,Região Metropolitana,Híbrido,Feminino,Amarela,0.12357069396765874
CAND_02157,5.4,67.0,Mestrado,Capitais,Híbrido,Feminino,Branca,0.6278522205525995
CAND_02158,2.7,67.0,Bacharelado,Interior,Presencial,Masculino,Amarela,0.47783338905907696
CAND_02159,5.8,37.0,Bacharelado,Capitais,Híbrido,Masculino,Amarela,0.4060927657709487
CAND_02160,6.7,53.0,Bacharelado,Capitais,Híbrido,Masculino,Branca,0.8986106982435658
CAND_02161,10.0,23.0,Bacharelado,Capitais,Remoto,Feminino,Branca,0.5331629815268406
CAND_02162,2.2,51.0,Bacharelado,Interior,Híbrido,Masculino,Branca,0.4826784059825337
CAND_02163,0.7,55.0,Ensino Médio,Capitais,Remoto,Feminino,Branca,0.4809534321939457
CAND_02164,4.2,44.0,Mestrado,Capitais,Presencial,Masculino,Preta,0.3794878132215187
CAND_02165,3.1,22.0,Bacharelado,Capitais,Presencial,Feminino,Branca,0.31952901619895374
CAND_02166,5.0,41.0,Bacharelado,Capitais,Presencial,Masculino,Branca,0.6089241425103413
CAND_02167,6.6,79.0,Ensino Médio,Região Metropolitana,Remoto,Masculino,Branca,0.5869342022329124
CAND_02168,11.8,56.0,Bacharelado,Capitais,Híbrido,Feminino,Amarela,0.2519731676882436
CAND_02169,3.6,43.0,Bacharelado,Capitais,Presencial,Feminino,Branca,0.35473319454630436
CAND_02170,0.0,48.0,Bacharelado,Capitais,Híbrido,Feminino,Preta,0.06905541287687726
CAND_02171,4.3,56.0,Bacharelado,Capitais,Remoto,Feminino,Branca,0.5758469492339958
CAND_02172,6.1,27.0,Bacharelado,Capitais,Híbrido,Feminino,Branca,0.393613618805863
CAND_02173,2.1,28.0,Mestrado,Região Metropolitana,Presencial,Feminino,Branca,0.4177770446564981
CAND_02174,5.7,39.0,Bacharelado,Interior,Presencial,Masculino,Parda,0.3075540056466344
CAND_02175,5.4,42.0,Mestrado,Interior,Híbrido,Não-binário,Indígena,0.20939270665775844
CAND_02176,5.8,77.0,Bacharelado,Interior,Remoto,Masculino,Branca,0.5279673542838216
CAND_02177,7.4,51.0,Mestrado,Interior,Híbrido,Masculino,Branca,0.6028834380018715
CAND_02178,4.8,42.0,Bacharelado,Região Metropolitana,Remoto,Masculino,Branca,0.7099482930714034
CAND_02179,6.6,51.0,Mestrado,Região Metropolitana,Remoto,Masculino,Branca,0.7026265020407638
CAND_02180,0.0,20.0,Ensino Médio,Capitais,Presencial,Masculino,Branca,0.32390373697501185
CAND_02181,2.1,36.0,Bacharelado,Capitais,Remoto,Masculino,Branca,0.7109821640091085
CAND_02182,4.0,39.0,Bacharelado,Capitais,Presencial,Feminino,Branca,0.5256442123937094
CAND_02183,2.0,35.0,Bacharelado,Região Metropolitana,Híbrido,Feminino,Branca,0.475446798987444
CAND_02184,5.0,69.0,Mestrado,Capitais,Híbrido,Masculino,Branca,0.7015517229764925
CAND_02185,4.0,60.0,Bacharelado,Capitais,Remoto,Feminino,Branca,0.34140206660024575
CAND_02186,3.6,32.0,Doutorado,Região Metropolitana,Remoto,Masculino,Indígena,0.6510758329383278
CAND_02187,7.7,31.0,Bacharelado,Região Metropolitana,Presencial,Masculino,Branca,0.4984588746436877
CAND_02188,5.3,31.0,Mestrado,Capitais,Remoto,Masculino,Branca,0.6791926111654127
CAND_02189,1.7,47.0,Bacharelado,Capitais,Presencial,Masculino,Branca,0.6102380995886783
CAND_02190,3.2,53.0,Bacharelado,Região Metropolitana,Remoto,Feminino,Branca,0.35992370495054654
CAND_02191,7.3,56.0,Ensino Médio,Região Metropolitana,Remoto,Não-binário,Parda,0.2471052239704252
CAND_02192,5.6,35.0,Bacharelado,Região Metropolitana,Híbrido,Feminino,Branca,0.36554980760984757
CAND_02193,8.6,47.0,Doutorado,Região Metropolitana,Híbrido,Masculino,Preta,0.6526983966314843
CAND_02194,7.5,49.0,Bacharelado,Capitais,Remoto,Feminino,Branca,0.48869868633242625
CAND_02195,3.8,68.0,Mestrado,Capitais,Presencial,Feminino,Branca,0.4749349394827152
CAND_02196,9.3,62.0,Bacharelado,Capitais,Híbrido,Masculino,Preta,0.5928658830824256
CAND_02197,9.6,28.0,Doutorado,Capitais,Híbrido,Masculino,Branca,0.6021604666672
CAND_02198,0.0,22.0,Mestrado,Região Metropolitana,Presencial,Masculino,Amarela,0.31795064998436096
CAND_02199,5.1,48.0,Bacharelado,Capitais,Presencial,Feminino,Branca,0.5550152025535602
CAND_02200,3.4,40.0,Mestrado,Capitais,Remoto,Masculino,Branca,0.6320447796357243
CAND_02201,4.2,36.0,Mestrado,Região Metropolitana,Presencial,Masculino,Branca,0.7089286379987132
CAND_02202,2.6,39.0,Mestrado,Região Metropolitana,Híbrido,Feminino,Amarela,0.20010132375705839
CAND_02203,2.2,59.0,Ensino Médio,Capitais,Presencial,Feminino,Preta,0.15310190514206626
CAND_02204,7.7,27.0,Mestrado,Capitais,Híbrido,Feminino,Branca,0.4087499895474699
CAND_02205,1.5,78.0,Bacharelado,Região Metropolitana,Remoto,Masculino,Amarela,0.5873993421125312
CAND_02206,5.3,39.0,Bacharelado,Capitais,Híbrido,Masculino,Amarela,0.4143236348997175
CAND_02207,1.0,59.0,Bacharelado,Capitais,Remoto,Masculino,Branca,0.6298284291249264
CAND_02208,8.8,40.0,Bacharelado,Região Metropolitana,Híbrido,Masculino,Branca,0.7533789179201416
CAND_02209,5.1,27.0,Mestrado,Região Metropolitana,Presencial,Masculino,Branca,0.5255686708665885
CAND_02210,7.2,48.0,Bacharelado,Capitais,Remoto,Feminino,Branca,0.4601104953878462
CAND_02211,5.6,31.0,Mestrado,Capitais,Híbrido,Feminino,Amarela,0.28735313261498646
CAND_02212,4.2,52.0,Bacharelado,Região Metropolitana,Remoto,Feminino,Branca,0.2816255967611603
CAND_02213,5.2,50.0,Bacharelado,Região Metropolitana,Presencial,Masculino,Branca,0.6914294287712511
CAND_02214,9.5,40.0,Ensino Médio,Capitais,Híbrido,Masculino,Branca,0.6967361587646242
CAND_02215,2.3,52.0,Bacharelado,Capitais,Presencial,Feminino,Branca,0.2871508722836134
CAND_02216,0.0,66.0,Bacharelado,Capitais,Presencial,Masculino,Preta,0.19817960190362302
CAND_02217,2.6,48.0,Mestrado,Capitais,Remoto,Feminino,Branca,0.43896683285742116
CAND_02218,1.4,39.0,Bacharelado,Região Metropolitana,Presencial,Masculino,Branca,0.49356650102763316
CAND_02219,7.9,56.0,Bacharelado,Capitais,Híbrido,Masculino,Branca,0.9069526768664299
CAND_02220,4.5,57.0,Bacharelado,Região Metropolitana,Presencial,Feminino,Branca,0.6783703153069103
CAND_02221,7.5,46.0,Bacharelado,Interior,Híbrido,Masculino,Amarela,0.29927535422905505
CAND_02222,5.1,71.0,Mestrado,Região Metropolitana,Presencial,Masculino,Branca,0.7006651924302257
CAND_02223,5.0,46.0,Bacharelado,Capitais,Remoto,Masculino,Branca,0.8268545719288762
CAND_02224,5.5,72.0,Mestrado,Capitais,Presencial,Masculino,Branca,0.8855996612539884
CAND_02225,9.4,40.0,Bacharelado,Capitais,Híbrido,Masculino,Branca,1.0
CAND_02226,5.6,63.0,Ensino Médio,Capitais,Presencial,Feminino,Preta,0.2425354786715272
CAND_02227,8.3,47.0,Mestrado,Capitais,Presencial,Feminino,Amarela,0.5024550496973815
CAND_02228,8.1,54.0,Bacharelado,Capitais,Híbrido,Feminino,Indígena,0.6637016837026728
CAND_02229,4.5,20.0,Bacharelado,Região Metropolitana,Híbrido,Masculino,Branca,0.3970431893806836
CAND_02230,4.8,83.0,Bacharelado,Capitais,Híbrido,Feminino,Amarela,0.3317245299991668
CAND_02231,3.9,55.0,Bacharelado,Capitais,Híbrido,Masculino,Branca,0.7400177079685935
CAND_02232,8.8,65.0,Mestrado,Capitais,Presencial,Feminino,Branca,0.6813281247566035
CAND_02233,2.2,29.0,Bacharelado,Capitais,Híbrido,Masculino,Branca,0.575650084278958
CAND_02234,2.8,53.0,Bacharelado,Capitais,Híbrido,Masculino,Branca,0.5916586609619112
CAND_02235,4.2,47.0,Bacharelado,Região Metropolitana,Híbrido,Masculino,Branca,0.6187841079846631
CAND_02236,1.6,34.0,Mestrado,Capitais,Presencial,Masculino,Branca,0.5814412239835289
CAND_02237,3.2,69.0,Mestrado,Capitais,Híbrido,Feminino,Preta,0.3938986963283153
CAND_02238,8.4,52.0,Bacharelado,Região Metropolitana,Remoto,Feminino,Indígena,0.46981212230608754
CAND_02239,7.0,49.0,Mestrado,Região Metropolitana,Remoto,Feminino,Branca,0.3856874213828453
CAND_02240,3.7,59.0,Bacharelado,Capitais,Híbrido,Feminino,Parda,0.5867361217497382
CAND_02241,7.4,37.0,Mestrado,Região Metropolitana,Presencial,Masculino,Branca,0.6988119438711816
CAND_02242,11.2,52.0,Bacharelado,Região Metropolitana,Remoto,Feminino,Branca,0.6768275594378145
CAND_02243,5.9,51.0,Mestrado,Capitais,Híbrido,Feminino,Branca,0.5545310730191209
CAND_02244,9.3,52.0,Bacharelado,Região Metropolitana,Remoto,Masculino,Branca,0.8527859571922191
CAND_02245,7.6,65.0,Bacharelado,Região Metropolitana,Presencial,Masculino,Preta,0.5995513088475828
CAND_02246,4.1,44.0,Bacharelado,Capitais,Híbrido,Masculino,Branca,0.6992538041018681
CAND_02247,5.6,42.0,Bacharelado,Capitais,Presencial,Masculino,Preta,0.4344601446682693
CAND_02248,6.6,41.0,Bacharelado,Interior,Remoto,Masculino,Branca,0.5978636961902781
CAND_02249,2.8,40.0,Bacharelado,Interior,Híbrido,Feminino,Parda,0.40910126995001983
CAND_02250,0.0,67.0,Doutorado,Região Metropolitana,Híbrido,Feminino,Branca,0.6285831802387398
CAND_02251,2.5,49.0,Mestrado,Capitais,Remoto,Feminino,Parda,0.5117681600473126
CAND_02252,0.0,65.0,Mestrado,Região Metropolitana,Híbrido,Feminino,Branca,0.40488272404617176
CAND_02253,2.7,54.0,Mestrado,Região Metropolitana,Híbrido,Feminino,Branca,0.4078922461158919
CAND_02254,0.0,37.0,Bacharelado,Capitais,Presencial,Masculino,Parda,0.4237590485719834
CAND_02255,7.6,27.0,Bacharelado,Capitais,Híbrido,Masculino,Branca,0.5365458109081408
CAND_02256,1.5,28.0,Mestrado,Interior,Presencial,Feminino,Branca,0.32654132585127765
CAND_02257,6.6,37.0,Ensino Médio,Capitais,Presencial,Masculino,Indígena,0.4935708443637978
CAND_02258,7.3,65.0,Doutorado,Capitais,Híbrido,Feminino,Branca,0.741187997826732
CAND_02259,7.1,70.0,Bacharelado,Capitais,Presencial,Feminino,Amarela,0.2600238796464934
CAND_02260,0.0,51.0,Bacharelado,Capitais,Presencial,Feminino,Branca,0.32832547668161144
CAND_02261,8.4,64.0,Bacharelado,Capitais,Remoto,Masculino,Branca,0.8113555848445118
CAND_02262,6.3,42.0,Bacharelado,Interior,Híbrido,Feminino,Branca,0.22583407696472352
CAND_02263,7.4,41.0,Bacharelado,Região Metropolitana,Híbrido,Masculino,Branca,0.5452999832524598
CAND_02264,10.5,62.0,Bacharelado,Capitais,Remoto,Feminino,Branca,0.5618426853188212
CAND_02265,7.4,52.0,Bacharelado,Região Metropolitana,Híbrido,Masculino,Parda,0.7068230566438979
CAND_02266,1.5,61.0,Bacharelado,Capitais,Remoto,Masculino,Branca,0.421352566543462
CAND_02267,7.0,51.0,Bacharelado,Região Metropolitana,Híbrido,Feminino,Branca,0.4771130229275483
CAND_02268,0.5,44.0,Bacharelado,Capitais,Remoto,Feminino,Branca,0.538003444151267
CAND_02269,4.8,47.0,Bacharelado,Interior,Remoto,Masculino,Parda,0.59019465183833
CAND_02270,3.5,55.0,Ensino Médio,Capitais,Remoto,Masculino,Preta,0.5024475809067975
CAND_02271,5.0,54.0,Bacharelado,Região Metropolitana,Presencial,Feminino,Branca,0.43112468569615403
CAND_02272,0.5,36.0,Bacharelado,Capitais,Remoto,Masculino,Branca,0.7487658671617639
CAND_02273,0.8,48.0,Bacharelado,Interior,Remoto,Masculino,Preta,0.15099490328473428
CAND_02274,3.7,27.0,Bacharelado,Capitais,Híbrido,Masculino,Branca,0.6271107962610236
CAND_02275,4.3,45.0,Bacharelado,Capitais,Presencial,Masculino,Preta,0.4687584350720138
CAND_02276,3.7,36.0,Bacharelado,Capitais,Presencial,Feminino,Branca,0.3083086256441671
CAND_02277,9.4,4.0,Bacharelado,Região Metropolitana,Híbrido,Masculino,Indígena,0.20737737005382856
CAND_02278,6.3,83.0,Bacharelado,Região Metropolitana,Presencial,Masculino,Branca,0.8961544115653752
CAND_02279,6.2,38.0,Bacharelado,Capitais,Híbrido,Não-binário,Parda,0.2837835224237671
CAND_02280,3.9,36.0,Bacharelado,Capitais,Híbrido,Masculino,Branca,0.6127505818529553
CAND_02281,0.8,74.0,Ensino Médio,Capitais,Presencial,Masculino,Preta,0.4519087392587934
CAND_02282,5.0,32.0,Doutorado,Região Metropolitana,Híbrido,Não-binário,Branca,0.425777421934946
CAND_02283,10.4,28.0,Bacharelado,Interior,Presencial,Masculino,Branca,0.6376882418638816
CAND_02284,5.7,47.0,Mestrado,Região Metropolitana,Híbrido,Masculino,Branca,0.7486165846987552
CAND_02285,8.3,43.0,Mestrado,Capitais,Remoto,Masculino,Preta,0.5919758812905759
CAND_02286,8.7,40.0,Mestrado,Interior,Remoto,Masculino,Branca,0.6713257963056697
CAND_02287,6.7,36.0,Bacharelado,Capitais,Híbrido,Feminino,Branca,0.332516184277143
CAND_02288,5.7,47.0,Bacharelado,Região Metropolitana,Remoto,Masculino,Branca,0.6547107450611177
CAND_02289,2.0,75.0,Bacharelado,Capitais,Híbrido,Feminino,Preta,0.337955898926764
CAND_02290,4.4,26.0,Bacharelado,Região Metropolitana,Híbrido,Masculino,Preta,0.5212722163303382
CAND_02291,3.9,63.0,Bacharelado,Capitais,Híbrido,Feminino,Branca,0.5705281047787223
CAND_02292,6.0,73.0,Mestrado,Capitais,Presencial,Feminino,Preta,0.3944486974022046
CAND_02293,0.8,41.0,Bacharelado,Capitais,Presencial,Feminino,Amarela,0.2471286121835251
CAND_02294,3.4,56.0,Mestrado,Capitais,Remoto,Masculino,Branca,0.6743539175669566
CAND_02295,6.2,48.0,Mestrado,Capitais,Presencial,Masculino,Preta,0.6576220466515535
CAND_02296,2.9,24.0,Bacharelado,Região Metropolitana,Híbrido,Masculino,Parda,0.44549819144793434
CAND_02297,2.3,68.0,Bacharelado,Região Metropolitana,Híbrido,Feminino,Branca,0.44476376973868714
CAND_02298,2.6,51.0,Mestrado,Capitais,Presencial,Masculino,Branca,0.5621123871972264
CAND_02299,4.2,42.0,Bacharelado,Capitais,Remoto,Masculino,Branca,0.6052551755310506
CAND_02300,0.0,27.0,Ensino Médio,Capitais,Remoto,Feminino,Preta,0.0
CAND_02301,2.8,58.0,Ensino Médio,Região Metropolitana,Presencial,Masculino,Branca,0.7607134015577676
CAND_02302,7.9,52.0,Bacharelado,Capitais,Híbrido,Masculino,Branca,0.7260200269266854
CAND_02303,6.0,59.0,Mestrado,Capitais,Híbrido,Masculino,Branca,0.7985010604187828
CAND_02304,6.3,58.0,Bacharelado,Capitais,Híbrido,Masculino,Branca,0.8275688268134236
CAND_02305,0.0,38.0,Bacharelado,Região Metropolitana,Híbrido,Feminino,Branca,0.2189161510753858
CAND_02306,3.8,0.0,Bacharelado,Região Metropolitana,Presencial,Feminino,Indígena,0.02798838130464598
CAND_02307,4.7,48.0,Bacharelado,Capitais,Híbrido,Masculino,Branca,0.8153537954194974
CAND_02308,6.4,47.0,Mestrado,Região Metropolitana,Presencial,Masculino,Branca,0.5650403868790659
CAND_02309,8.3,52.0,Bacharelado,Região Metropolitana,Híbrido,Feminino,Indígena,0.3048967530930228
CAND_02310,7.9,73.0,Bacharelado,Região Metropolitana,Remoto,Masculino,Branca,0.8367330580316755
CAND_02311,3.2,49.0,Ensino Médio,Capitais,Presencial,Feminino,Parda,0.3993583152688531
CAND_02312,3.3,60.0,Bacharelado,Interior,Presencial,Masculino,Parda,0.769196134346774
CAND_02313,9.2,56.0,Mestrado,Capitais,Presencial,Masculino,Branca,0.8747527528011779
CAND_02314,3.9,29.0,Bacharelado,Região Metropolitana,Híbrido,Não-binário,Branca,0.23443416521465096
CAND_02315,1.8,31.0,Bacharelado,Capitais,Remoto,Feminino,Amarela,0.11743631077677734
CAND_02316,4.4,67.0,Bacharelado,Região Metropolitana,Híbrido,Masculino,Preta,0.5688454619197916
CAND_02317,9.0,37.0,Bacharelado,Capitais,Híbrido,Masculino,Parda,0.609550311978653
CAND_02318,2.3,56.0,Bacharelado,Capitais,Remoto,Feminino,Parda,0.400618589357192
CAND_02319,3.7,35.0,Bacharelado,Capitais,Híbrido,Masculino,Branca,0.7056712527769875
CAND_02320,2.4,61.0,Mestrado,Capitais,Remoto,Masculino,Branca,0.711306323333776
CAND_02321,7.9,54.0,Bacharelado,Região Metropolitana,Remoto,Masculino,Branca,0.7833007190059303
CAND_02322,5.9,46.0,Ensino Médio,Região Metropolitana,Remoto,Masculino,Branca,0.44942792511754265
CAND_02323,7.8,60.0,Mestrado,Região Metropolitana,Híbrido,Feminino,Branca,0.4960114999317265
CAND_02324,9.7,54.0,Bacharelado,Capitais,Remoto,Masculino,Branca,0.7549853064766661
CAND_02325,0.5,39.0,Doutorado,Capitais,Híbrido,Masculino,Branca,0.5222886936321847
CAND_02326,2.7,50.0,Mestrado,Capitais,Híbrido,Masculino,Branca,0.5911409369383624
CAND_02327,3.7,60.0,Bacharelado,Capitais,Presencial,Masculino,Branca,0.649515130756473
CAND_02328,5.2,67.0,Bacharelado,Capitais,Remoto,Feminino,Branca,0.7838000486711112
CAND_02329,6.5,48.0,Bacharelado,Capitais,Híbrido,Masculino,Branca,0.7615571497042368
CAND_02330,3.5,77.0,Ensino Médio,Capitais,Híbrido,Masculino,Branca,0.8106290739724293
CAND_02331,2.9,39.0,Bacharelado,Capitais,Híbrido,Masculino,Branca,0.6816736741215403
CAND_02332,7.9,27.0,Bacharelado,Capitais,Remoto,Não-binário,Indígena,0.03856053036767898
CAND_02333,6.6,29.0,Doutorado,Capitais,Presencial,Masculino,Branca,0.7607309462091378
CAND_02334,5.9,50.0,Bacharelado,Capitais,Remoto,Masculino,Preta,0.41573176060701517
CAND_02335,0.0,50.0,Mestrado,Interior,Híbrido,Não-binário,Branca,0.09179435989730719
CAND_02336,8.6,52.0,Bacharelado,Interior,Remoto,Feminino,Parda,0.42555515468554744
CAND_02337,5.6,40.0,Mestrado,Capitais,Híbrido,Masculino,Preta,0.28818372908819084
CAND_02338,4.5,83.0,Ensino Médio,Interior,Híbrido,Masculino,Parda,0.5703648768305598
CAND_02339,2.5,73.0,Bacharelado,Capitais,Híbrido,Masculino,Branca,0.7117112959230122
CAND_02340,3.1,33.0,Mestrado,Capitais,Híbrido,Masculino,Branca,0.5553972911256297
CAND_02341,2.3,48.0,Bacharelado,Região Metropolitana,Presencial,Feminino,Branca,0.4843320436412588
CAND_02342,0.0,51.0,Bacharelado,Região Metropolitana,Híbrido,Não-binário,Preta,0.03478879943127486
CAND_02343,2.5,60.0,Bacharelado,Capitais,Híbrido,Feminino,Preta,0.2624113573460469
CAND_02344,0.2,27.0,Mestrado,Região Metropolitana,Presencial,Feminino,Indígena,0.22983567018194767
CAND_02345,4.8,24.0,Mestrado,Região Metropolitana,Presencial,Masculino,Amarela,0.4735574208556829
CAND_02346,1.5,32.0,Bacharelado,Interior,Remoto,Masculino,Amarela,0.21931474583410673
CAND_02347,7.2,73.0,Bacharelado,Interior,Presencial,Masculino,Branca,0.5961732818876281
CAND_02348,0.0,40.0,Mestrado,Interior,Presencial,Masculino,Branca,0.4501056266582664
CAND_02349,8.6,62.0,Bacharelado,Capitais,Presencial,Feminino,Amarela,0.49584626171070806
CAND_02350,7.5,59.0,Mestrado,Região Metropolitana,Remoto,Feminino,Amarela,0.32493962220050165
CAND_02351,1.8,47.0,Mestrado,Interior,Remoto,Feminino,Branca,0.3706663677074839
CAND_02352,4.7,62.0,Bacharelado,Capitais,Remoto,Masculino,Branca,0.6775317483386072
CAND_02353,2.4,32.0,Bacharelado,Região Metropolitana,Remoto,Masculino,Branca,0.6075793605046598
CAND_02354,6.7,43.0,Mestrado,Capitais,Híbrido,Masculino,Branca,0.7476846421041689
CAND_02355,10.4,17.0,Mestrado,Interior,Híbrido,Feminino,Parda,0.22005970442790046
CAND_02356,8.5,51.0,Doutorado,Capitais,Híbrido,Feminino,Indígena,0.7845768812854698
CAND_02357,2.9,38.0,Bacharelado,Capitais,Remoto,Masculino,Branca,0.6238903833274253
CAND_02358,5.3,83.0,Ensino Médio,Capitais,Remoto,Masculino,Branca,0.5366333661531268
CAND_02359,9.6,51.0,Bacharelado,Capitais,Híbrido,Masculino,Parda,0.653456905683225
CAND_02360,6.6,62.0,Mestrado,Região Metropolitana,Híbrido,Masculino,Amarela,0.7162480222403149
CAND_02361,8.0,60.0,Bacharelado,Capitais,Híbrido,Masculino,Preta,0.6329583854435039
CAND_02362,7.0,49.0,Bacharelado,Capitais,Presencial,Masculino,Branca,0.857684611436057
CAND_02363,5.2,65.0,Ensino Médio,Capitais,Presencial,Masculino,Amarela,0.47998856412468527
CAND_02364,4.8,50.0,Bacharelado,Região Metropolitana,Híbrido,Masculino,Preta,0.4756501372986596
CAND_02365,1.4,57.0,Bacharelado,Capitais,Híbrido,Masculino,Branca,0.6287658668221399
CAND_02366,2.7,85.0,Mestrado,Região Metropolitana,Remoto,Masculino,Indígena,0.6790537888320032
CAND_02367,2.3,53.0,Mestrado,Capitais,Remoto,Masculino,Preta,0.3291621726387658
CAND_02368,3.9,42.0,Mestrado,Capitais,Híbrido,Masculino,Branca,0.6691747530372845
CAND_02369,5.3,39.0,Ensino Médio,Capitais,Híbrido,Masculino,Branca,0.3561186626571443
CAND_02370,4.7,49.0,Bacharelado,Região Metropolitana,Híbrido,Masculino,Branca,0.6289589475725792
CAND_02371,5.6,52.0,Bacharelado,Capitais,Híbrido,Masculino,Indígena,0.4831350006712126
CAND_02372,7.0,51.0,Bacharelado,Região Metropolitana,Presencial,Masculino,Parda,0.6635942518966316
CAND_02373,3.8,26.0,Ensino Médio,Região Metropolitana,Presencial,Masculino,Branca,0.36867337824665913
CAND_02374,7.2,16.0,Doutorado,Capitais,Remoto,Feminino,Preta,0.2487208030857043
CAND_02375,8.4,35.0,Mestrado,Capitais,Remoto,Feminino,Branca,0.8705031265048986
CAND_02376,6.2,51.0,Ensino Médio,Capitais,Híbrido,Feminino,Branca,0.45904422654702765
CAND_02377,3.4,51.0,Bacharelado,Interior,Presencial,Masculino,Branca,0.46112325338161264
CAND_02378,7.8,57.0,Bacharelado,Capitais,Presencial,Feminino,Amarela,0.3951435090844838
CAND_02379,6.4,55.0,Mestrado,Região Metropolitana,Remoto,Não-binário,Branca,0.19509289932034407
CAND_02380,6.9,43.0,Mestrado,Região Metropolitana,Remoto,Não-binário,Branca,0.42041423724533084
CAND_02381,9.6,35.0,Bacharelado,Capitais,Remoto,Masculino,Parda,0.6754617730200154
CAND_02382,7.1,58.0,Mestrado,Capitais,Remoto,Feminino,Indígena,0.4935900092304103
CAND_02383,9.7,53.0,Ensino Médio,Região Metropolitana,Remoto,Masculino,Parda,0.762030719807668
CAND_02384,4.6,34.0,Bacharelado,Região Metropolitana,Híbrido,Masculino,Parda,0.5674584514826689
CAND_02385,3.7,59.0,Bacharelado,Interior,Híbrido,Feminino,Branca,0.24527114456703863
CAND_02386,8.4,64.0,Ensino Médio,Região Metropolitana,Presencial,Feminino,Branca,0.3357737740379554
CAND_02387,2.0,62.0,Bacharelado,Capitais,Remoto,Feminino,Branca,0.5884464578557964
CAND_02388,10.7,64.0,Bacharelado,Capitais,Presencial,Não-binário,Branca,0.558694212945647
CAND_02389,8.9,39.0,Bacharelado,Capitais,Híbrido,Feminino,Branca,0.5629692852794599
CAND_02390,5.3,63.0,Bacharelado,Interior,Híbrido,Masculino,Indígena,0.6082260029231356
CAND_02391,8.6,48.0,Bacharelado,Interior,Remoto,Masculino,Preta,0.3915196607300313
CAND_02392,7.0,81.0,Bacharelado,Região Metropolitana,Híbrido,Masculino,Amarela,0.45901036575871645
CAND_02393,1.1,63.0,Bacharelado,Interior,Híbrido,Feminino,Branca,0.35666977539190203
CAND_02394,2.6,56.0,Bacharelado,Capitais,Remoto,Masculino,Branca,0.6514549355441448
CAND_02395,5.9,76.0,Mestrado,Região Metropolitana,Híbrido,Feminino,Preta,0.231788401005271
CAND_02396,5.5,42.0,Bacharelado,Capitais,Híbrido,Não-binário,Branca,0.5247282107035652
CAND_02397,8.9,58.0,Ensino Médio,Região Metropolitana,Híbrido,Masculino,Branca,0.744569751891544
CAND_02398,5.9,84.0,Bacharelado,Região Metropolitana,Remoto,Masculino,Branca,0.9948263723412001
CAND_02399,1.2,62.0,Bacharelado,Região Metropolitana,Presencial,Masculino,Preta,0.3752728945919524
CAND_02400,3.4,52.0,Bacharelado,Capitais,Remoto,Feminino,Branca,0.40457129619312704
CAND_02401,7.2,46.0,Bacharelado,Interior,Presencial,Feminino,Amarela,0.21356350640093014
CAND_02402,0.0,35.0,Ensino Médio,Capitais,Remoto,Feminino,Branca,0.26138484446989496
CAND_02403,0.8,46.0,Doutorado,Região Metropolitana,Remoto,Feminino,Preta,0.3291614946092719
CAND_02404,3.9,38.0,Bacharelado,Região Metropolitana,Híbrido,Feminino,Branca,0.3901976718933593
CAND_02405,7.8,47.0,Bacharelado,Capitais,Híbrido,Masculino,Branca,0.6788575007368356
CAND_02406,4.3,48.0,Bacharelado,Capitais,Remoto,Masculino,Branca,0.6981413019340162
CAND_02407,6.4,65.0,Bacharelado,Capitais,Presencial,Masculino,Branca,0.819620232925936
CAND_02408,5.0,44.0,Bacharelado,Capitais,Híbrido,Feminino,Indígena,0.34838178875281156
CAND_02409,4.6,41.0,Bacharelado,Capitais,Presencial,Feminino,Branca,0.4276318835377574
CAND_02410,3.0,63.0,Bacharelado,Região Metropolitana,Híbrido,Masculino,Branca,0.6713351911340494
CAND_02411,7.5,60.0,Bacharelado,Capitais,Presencial,Masculino,Branca,0.7335075390251521
CAND_02412,1.2,46.0,Bacharelado,Região Metropolitana,Presencial,Feminino,Preta,0.13248749012662325
CAND_02413,4.3,59.0,Mestrado,Capitais,Híbrido,Masculino,Amarela,0.4798383593139153
CAND_02414,8.4,46.0,Bacharelado,Capitais,Híbrido,Feminino,Branca,0.4738324857969522
CAND_02415,2.7,47.0,Bacharelado,Região Metropolitana,Híbrido,Masculino,Branca,0.788368109586219
CAND_02416,0.3,73.0,Doutorado,Interior,Híbrido,Masculino,Branca,0.5958807960644279
CAND_02417,0.0,48.0,Mestrado,Capitais,Presencial,Feminino,Branca,0.4817119367187509
CAND_02418,7.0,44.0,Bacharelado,Região Metropolitana,Presencial,Feminino,Preta,0.0535592099707555
CAND_02419,7.2,50.0,Mestrado,Capitais,Presencial,Masculino,Parda,0.7094272168404616
CAND_02420,4.0,21.0,Bacharelado,Região Metropolitana,Híbrido,Masculino,Branca,0.6029740746001343
CAND_02421,1.2,47.0,Doutorado,Região Metropolitana,Híbrido,Feminino,Branca,0.5010318170958149
CAND_02422,4.6,54.0,Bacharelado,Região Metropolitana,Híbrido,Masculino,Indígena,0.3440968424262938
CAND_02423,8.5,80.0,Mestrado,Interior,Híbrido,Masculino,Branca,0.7254138567438955
CAND_02424,1.2,51.0,Ensino Médio,Capitais,Híbrido,Masculino,Preta,0.4218173894050346
CAND_02425,8.2,57.0,Bacharelado,Região Metropolitana,Híbrido,Masculino,Preta,0.37712331744647326
CAND_02426,0.0,55.0,Mestrado,Capitais,Híbrido,Não-binário,Parda,0.42008682366423294
CAND_02427,1.6,84.0,Mestrado,Região Metropolitana,Presencial,Feminino,Preta,0.3430715680263351
CAND_02428,5.3,65.0,Ensino Médio,Capitais,Híbrido,Masculino,Branca,0.5520303264960714
CAND_02429,7.8,28.0,Bacharelado,Capitais,Híbrido,Feminino,Branca,0.53919152449659
CAND_02430,9.4,68.0,Bacharelado,Capitais,Híbrido,Feminino,Branca,0.7371294296932337
CAND_02431,8.0,36.0,Mestrado,Região Metropolitana,Remoto,Não-binário,Branca,0.4449745083655831
CAND_02432,9.7,40.0,Bacharelado,Capitais,Remoto,Masculino,Preta,0.5308456043096497
CAND_02433,5.5,31.0,Bacharelado,Região Metropolitana,Remoto,Masculino,Amarela,0.310971613164802
CAND_02434,3.1,77.0,Mestrado,Região Metropolitana,Híbrido,Feminino,Branca,0.5440407037215418
CAND_02435,8.6,68.0,Bacharelado,Capitais,Híbrido,Feminino,Indígena,0.5148035719194727
CAND_02436,9.1,68.0,Mestrado,Região Metropolitana,Presencial,Feminino,Branca,0.7576940718748204
CAND_02437,7.8,66.0,Mestrado,Região Metropolitana,Presencial,Masculino,Branca,0.8658396182892824
CAND_02438,6.8,60.0,Bacharelado,Capitais,Híbrido,Feminino,Branca,0.5360934406126905
CAND_02439,9.2,45.0,Bacharelado,Interior,Remoto,Feminino,Branca,0.3819451147466066
CAND_02440,6.0,53.0,Bacharelado,Capitais,Remoto,Masculino,Branca,0.7442539265907409
CAND_02441,4.9,42.0,Bacharelado,Capitais,Híbrido,Masculino,Preta,0.39271276281502426
CAND_02442,7.2,37.0,Bacharelado,Capitais,Presencial,Masculino,Branca,0.6901195749731788
CAND_02443,6.4,40.0,Ensino Médio,Capitais,Presencial,Masculino,Branca,0.37269621851079043
CAND_02444,7.7,85.0,Mestrado,Interior,Presencial,Feminino,Branca,0.5066840060752872
CAND_02445,4.6,44.0,Bacharelado,Capitais,Híbrido,Masculino,Branca,0.8414366575137079
CAND_02446,7.7,65.0,Bacharelado,Capitais,Híbrido,Masculino,Branca,0.8579021514921287
CAND_02447,7.6,81.0,Bacharelado,Região Metropolitana,Híbrido,Feminino,Branca,0.678050575413548
CAND_02448,5.6,62.0,Bacharelado,Capitais,Presencial,Feminino,Preta,0.35522986593675443
CAND_02449,2.7,38.0,Doutorado,Capitais,Presencial,Masculino,Amarela,0.5418196646501512
CAND_02450,8.7,39.0,Bacharelado,Capitais,Presencial,Feminino,Branca,0.5446899375932192
CAND_02451,1.4,52.0,Bacharelado,Capitais,Híbrido,Masculino,Branca,0.7545100541764441
CAND_02452,2.1,84.0,Bacharelado,Região Metropolitana,Presencial,Não-binário,Preta,0.27917777565492574
CAND_02453,5.5,71.0,Bacharelado,Capitais,Presencial,Masculino,Indígena,0.471067570877336
CAND_02454,0.0,58.0,Mestrado,Capitais,Híbrido,Feminino,Branca,0.41235341090078703
CAND_02455,9.6,47.0,Mestrado,Região Metropolitana,Híbrido,Não-binário,Branca,0.47047397242854455
CAND_02456,5.0,56.0,Bacharelado,Capitais,Presencial,Masculino,Branca,0.9605120858518149
CAND_02457,9.6,53.0,Mestrado,Região Metropolitana,Presencial,Feminino,Branca,0.6158291845932571
CAND_02458,10.4,53.0,Ensino Médio,Interior,Presencial,Feminino,Branca,0.5564408401258494
CAND_02459,4.5,37.0,Bacharelado,Interior,Presencial,Não-binário,Branca,0.2161688303737578
CAND_02460,9.0,37.0,Mestrado,Região Metropolitana,Remoto,Feminino,Branca,0.5620461780772166
CAND_02461,1.8,55.0,Bacharelado,Capitais,Híbrido,Feminino,Branca,0.46199685929859785
CAND_02462,6.3,33.0,Mestrado,Região Metropolitana,Híbrido,Masculino,Branca,0.606083788924164
CAND_02463,3.6,41.0,Mestrado,Capitais,Híbrido,Masculino,Preta,0.3447824535169427
CAND_02464,7.1,50.0,Mestrado,Interior,Presencial,Masculino,Preta,0.3918612832084753
CAND_02465,7.6,55.0,Ensino Médio,Região Metropolitana,Remoto,Masculino,Branca,0.59392554014608
CAND_02466,4.5,67.0,Bacharelado,Capitais,Remoto,Masculino,Parda,0.7224951749947365
CAND_02467,6.6,31.0,Mestrado,Capitais,Presencial,Feminino,Amarela,0.26285008457347886
CAND_02468,7.8,31.0,Bacharelado,Capitais,Remoto,Masculino,Branca,0.7627063936921088
CAND_02469,5.6,70.0,Bacharelado,Capitais,Remoto,Masculino,Amarela,0.5108882142733079
CAND_02470,12.6,75.0,Ensino Médio,Região Metropolitana,Remoto,Feminino,Preta,0.3917098034850773
CAND_02471,4.6,34.0,Bacharelado,Capitais,Híbrido,Feminino,Branca,0.3989850913940651
CAND_02472,10.0,37.0,Mestrado,Capitais,Híbrido,Masculino,Branca,0.7617802973104084
CAND_02473,8.4,58.0,Bacharelado,Capitais,Presencial,Feminino,Branca,0.6802728682267846
CAND_02474,0.0,51.0,Bacharelado,Capitais,Remoto,Feminino,Branca,0.22997564872052517
CAND_02475,9.5,51.0,Bacharelado,Capitais,Remoto,Feminino,Branca,0.40563014748029186
CAND_02476,8.2,38.0,Mestrado,Capitais,Presencial,Masculino,Branca,0.7338137677260873
CAND_02477,5.3,61.0,Mestrado,Capitais,Remoto,Feminino,Branca,0.7932816975129274
CAND_02478,6.1,46.0,Bacharelado,Região Metropolitana,Remoto,Masculino,Amarela,0.4914877614911781
CAND_02479,6.5,46.0,Bacharelado,Interior,Híbrido,Feminino,Preta,0.25968663774177947
CAND_02480,9.1,33.0,Bacharelado,Capitais,Híbrido,Feminino,Branca,0.6212021758323761
CAND_02481,3.8,62.0,Bacharelado,Capitais,Remoto,Feminino,Branca,0.38343442658444105
CAND_02482,9.8,45.0,Ensino Médio,Região Metropolitana,Híbrido,Feminino,Branca,0.4743314364393268
CAND_02483,1.7,49.0,Bacharelado,Capitais,Híbrido,Masculino,Parda,0.49230613136698304
CAND_02484,0.0,68.0,Bacharelado,Capitais,Híbrido,Masculino,Parda,0.5183023123077346
CAND_02485,6.8,34.0,Mestrado,Região Metropolitana,Presencial,Masculino,Preta,0.25279537310380906
CAND_02486,8.8,49.0,Bacharelado,Região Metropolitana,Híbrido,Feminino,Branca,0.4290419064702628
CAND_02487,4.5,27.0,Ensino Médio,Região Metropolitana,Remoto,Feminino,Indígena,0.19596731711816354
CAND_02488,0.0,42.0,Mestrado,Interior,Presencial,Feminino,Parda,0.28222452536089354
CAND_02489,0.5,69.0,Ensino Médio,Capitais,Híbrido,Masculino,Preta,0.4210174706634459
CAND_02490,6.3,27.0,Mestrado,Capitais,Remoto,Masculino,Preta,0.3460962886319212
CAND_02491,5.0,54.0,Bacharelado,Interior,Híbrido,Masculino,Branca,0.5215880007829048
CAND_02492,8.9,74.0,Ensino Médio,Região Metropolitana,Remoto,Masculino,Branca,0.6718844227643023
CAND_02493,5.2,58.0,Bacharelado,Capitais,Híbrido,Feminino,Branca,0.6709185052317588
CAND_02494,2.8,41.0,Bacharelado,Capitais,Remoto,Feminino,Preta,0.23363509074521566
CAND_02495,5.9,33.0,Ensino Médio,Região Metropolitana,Presencial,Feminino,Branca,0.19346430223433259
CAND_02496,8.0,21.0,Mestrado,Capitais,Híbrido,Masculino,Indígena,0.572096117667954
CAND_02497,9.1,73.0,Mestrado,Região Metropolitana,Remoto,Masculino,Indígena,0.6164379863721432
CAND_02498,4.7,44.0,Bacharelado,Capitais,Presencial,Masculino,Branca,0.7080156245803894
CAND_02499,5.2,23.0,Mestrado,Capitais,Presencial,Masculino,Parda,0.6713716441021834
CAND_02500,7.3,35.0,Bacharelado,Capitais,Presencial,Masculino,Branca,0.39372841355049876
CAND_02501,2.8,34.0,Mestrado,Capitais,Presencial,Feminino,Branca,0.6657060771228447
CAND_02502,7.2,43.0,Mestrado,Capitais,Presencial,Masculino,Branca,0.8767668385545214
CAND_02503,4.3,86.0,Bacharelado,Capitais,Remoto,Masculino,Preta,0.5023980597602669
CAND_02504,4.8,64.0,Bacharelado,Região Metropolitana,Presencial,Não-binário,Amarela,0.2476391325269142
CAND_02505,5.0,57.0,Bacharelado,Capitais,Remoto,Não-binário,Branca,0.5520716160837321
CAND_02506,5.4,68.0,Doutorado,Interior,Híbrido,Feminino,Branca,0.3284912875640218
CAND_02507,10.7,78.0,Ensino Médio,Região Metropolitana,Remoto,Masculino,Branca,0.8673063603735143
CAND_02508,3.6,58.0,Bacharelado,Região Metropolitana,Presencial,Masculino,Branca,0.7013615715748016
CAND_02509,3.7,72.0,Bacharelado,Capitais,Híbrido,Masculino,Branca,0.8510302765969051
CAND_02510,9.3,40.0,Bacharelado,Capitais,Híbrido,Masculino,Preta,0.4025114417339652
CAND_02511,6.3,37.0,Bacharelado,Capitais,Remoto,Masculino,Branca,0.7037451802278055
CAND_02512,7.3,35.0,Mestrado,Capitais,Híbrido,Masculino,Parda,0.7823889541187167
CAND_02513,1.9,54.0,Mestrado,Capitais,Remoto,Feminino,Branca,0.40908704508172755
CAND_02514,5.7,11.0,Ensino Médio,Região Metropolitana,Remoto,Feminino,Branca,0.32206338525487516
CAND_02515,7.4,70.0,Doutorado,Capitais,Presencial,Masculino,Branca,0.832178588681929
CAND_02516,3.0,43.0,Bacharelado,Região Metropolitana,Remoto,Feminino,Indígena,0.1779410333946453
CAND_02517,6.9,62.0,Bacharelado,Interior,Híbrido,Masculino,Preta,0.21221710452951925
CAND_02518,4.4,29.0,Ensino Médio,Capitais,Presencial,Feminino,Branca,0.10982371965566623
CAND_02519,3.1,67.0,Bacharelado,Capitais,Presencial,Masculino,Branca,0.8135820447945306
CAND_02520,8.0,71.0,Doutorado,Capitais,Remoto,Feminino,Branca,0.85151383789396
CAND_02521,8.4,52.0,Bacharelado,Capitais,Híbrido,Masculino,Branca,0.8173878360087418
CAND_02522,5.4,58.0,Bacharelado,Capitais,Presencial,Masculino,Branca,0.6355641086623758
CAND_02523,6.4,35.0,Bacharelado,Capitais,Híbrido,Feminino,Amarela,0.3463591459931252
CAND_02524,9.0,51.0,Ensino Médio,Região Metropolitana,Remoto,Masculino,Branca,0.70772899742719
CAND_02525,3.8,65.0,Doutorado,Capitais,Presencial,Masculino,Parda,0.8371030101026014
CAND_02526,6.0,45.0,Mestrado,Capitais,Híbrido,Masculino,Branca,0.7914695332852943
CAND_02527,3.8,73.0,Mestrado,Interior,Presencial,Feminino,Branca,0.40241273303303504
CAND_02528,1.9,23.0,Bacharelado,Região Metropolitana,Híbrido,Feminino,Preta,0.03981357237263759
CAND_02529,3.8,45.0,Bacharelado,Capitais,Híbrido,Feminino,Preta,0.16936530424041016
CAND_02530,1.6,21.0,Bacharelado,Capitais,Presencial,Feminino,Preta,0.07936155723252084
CAND_02531,6.3,55.0,Bacharelado,Região Metropolitana,Híbrido,Não-binário,Amarela,0.32177469036113476
CAND_02532,2.7,47.0,Doutorado,Região Metropolitana,Híbrido,Não-binário,Branca,0.3817015989488758
CAND_02533,0.8,47.0,Bacharelado,Capitais,Híbrido,Masculino,Preta,0.42779195925492375
CAND_02534,7.2,61.0,Bacharelado,Região Metropolitana,Remoto,Feminino,Branca,0.5434053092506816
CAND_02535,7.0,46.0,Bacharelado,Capitais,Presencial,Feminino,Preta,0.25976560805162957
CAND_02536,4.0,92.0,Mestrado,Capitais,Híbrido,Masculino,Parda,0.8342100008488998
CAND_02537,7.1,62.0,Bacharelado,Região Metropolitana,Presencial,Feminino,Preta,0.3644703965078523
CAND_02538,2.6,50.0,Bacharelado,Capitais,Remoto,Feminino,Parda,0.3843641665021113
CAND_02539,3.9,40.0,Bacharelado,Região Metropolitana,Remoto,Masculino,Branca,0.5768481619948193
CAND_02540,6.2,36.0,Mestrado,Capitais,Presencial,Masculino,Branca,0.8789203901568547
CAND_02541,8.1,57.0,Mestrado,Região Metropolitana,Híbrido,Masculino,Branca,0.8732676391789491
CAND_02542,3.9,42.0,Bacharelado,Capitais,Presencial,Feminino,Parda,0.5145982696261405
CAND_02543,3.2,65.0,Bacharelado,Capitais,Remoto,Masculino,Amarela,0.6880765453730451
CAND_02544,7.9,49.0,Bacharelado,Interior,Híbrido,Feminino,Branca,0.4292405037386853
CAND_02545,6.8,49.0,Bacharelado,Capitais,Híbrido,Feminino,Branca,0.76828511266731
CAND_02546,5.4,52.0,Mestrado,Região Metropolitana,Híbrido,Masculino,Amarela,0.5647396721629987
CAND_02547,8.5,48.0,Mestrado,Interior,Presencial,Feminino,Branca,0.3300144751342238
CAND_02548,10.8,54.0,Bacharelado,Região Metropolitana,Presencial,Masculino,Branca,0.7298232330596568
CAND_02549,6.1,81.0,Bacharelado,Interior,Remoto,Feminino,Preta,0.08551698102277872
CAND_02550,3.2,58.0,Mestrado,Interior,Presencial,Masculino,Branca,0.7125788418325991
CAND_02551,6.5,56.0,Bacharelado,Capitais,Remoto,Masculino,Preta,0.5259516078238852
CAND_02552,2.5,62.0,Ensino Médio,Capitais,Presencial,Masculino,Branca,0.598676350833156
CAND_02553,8.7,48.0,Bacharelado,Capitais,Remoto,Feminino,Amarela,0.3840159806328192
CAND_02554,2.9,36.0,Bacharelado,Capitais,Híbrido,Feminino,Branca,0.3836614281718399
CAND_02555,4.4,5.0,Mestrado,Região Metropolitana,Híbrido,Masculino,Amarela,0.22091574170159023
CAND_02556,2.5,19.0,Bacharelado,Capitais,Híbrido,Masculino,Preta,0.4953766278304775
CAND_02557,5.5,61.0,Bacharelado,Capitais,Presencial,Feminino,Preta,0.319072638275032
CAND_02558,5.7,56.0,Bacharelado,Região Metropolitana,Híbrido,Masculino,Branca,0.6967630591115641
CAND_02559,7.2,48.0,Ensino Médio,Capitais,Remoto,Masculino,Amarela,0.4762329272567476
CAND_02560,5.4,85.0,Mestrado,Capitais,Presencial,Não-binário,Parda,0.48119217206396303
CAND_02561,5.1,49.0,Ensino Médio,Região Metropolitana,Presencial,Feminino,Branca,0.2242450963881081
CAND_02562,3.3,15.0,Ensino Médio,Região Metropolitana,Remoto,Masculino,Branca,0.5523302230182885
CAND_02563,4.1,61.0,Bacharelado,Capitais,Remoto,Masculino,Branca,0.6797056354875792
CAND_02564,0.8,67.0,Bacharelado,Capitais,Presencial,Masculino,Branca,0.4613767894321923
CAND_02565,9.2,61.0,Bacharelado,Capitais,Remoto,Masculino,Branca,0.6808407787134754
CAND_02566,4.7,68.0,Bacharelado,Capitais,Híbrido,Masculino,Branca,0.8256000703126907
CAND_02567,9.9,24.0,Mestrado,Capitais,Híbrido,Masculino,Branca,0.8133754756022687
CAND_02568,4.6,51.0,Bacharelado,Capitais,Híbrido,Não-binário,Parda,0.3501590583671381
CAND_02569,0.0,38.0,Doutorado,Capitais,Híbrido,Masculino,Branca,0.7649564343454351
CAND_02570,3.6,58.0,Bacharelado,Capitais,Presencial,Feminino,Indígena,0.21403398621766112
CAND_02571,5.0,73.0,Mestrado,Capitais,Remoto,Feminino,Branca,0.8021458206774982
CAND_02572,5.2,44.0,Bacharelado,Capitais,Presencial,Feminino,Amarela,0.11376327574030576
CAND_02573,7.0,60.0,Bacharelado,Capitais,Híbrido,Masculino,Preta,0.5837279980182059
CAND_02574,5.5,37.0,Doutorado,Capitais,Remoto,Masculino,Branca,0.7825124700871869
CAND_02575,4.0,50.0,Bacharelado,Capitais,Remoto,Feminino,Branca,0.5624242842296384
CAND_02576,2.3,42.0,Bacharelado,Região Metropolitana,Presencial,Feminino,Indígena,0.037692600210067956
CAND_02577,3.8,77.0,Bacharelado,Interior,Remoto,Feminino,Branca,0.4065701672433025
CAND_02578,6.8,34.0,Bacharelado,Capitais,Remoto,Masculino,Branca,0.7768814214399249
CAND_02579,7.6,51.0,Bacharelado,Interior,Presencial,Feminino,Indígena,0.14716477178921336
CAND_02580,3.0,71.0,Mestrado,Capitais,Presencial,Masculino,Branca,0.9373708093632745
CAND_02581,8.0,21.0,Bacharelado,Região Metropolitana,Presencial,Masculino,Branca,0.39476027844491157
CAND_02582,6.7,56.0,Bacharelado,Região Metropolitana,Presencial,Masculino,Branca,0.5372715645780611
CAND_02583,2.3,52.0,Ensino Médio,Capitais,Híbrido,Feminino,Branca,0.31740529441263976
CAND_02584,5.7,40.0,Bacharelado,Capitais,Remoto,Masculino,Preta,0.48785905162153675
CAND_02585,6.1,68.0,Bacharelado,Capitais,Híbrido,Feminino,Branca,0.7349438795127514
CAND_02586,1.8,76.0,Ensino Médio,Região Metropolitana,Presencial,Feminino,Branca,0.3725360570146932
CAND_02587,0.9,60.0,Ensino Médio,Interior,Híbrido,Feminino,Preta,0.030167680923717126
CAND_02588,6.4,46.0,Bacharelado,Capitais,Remoto,Masculino,Indígena,0.6872329775833563
CAND_02589,3.6,28.0,Bacharelado,Região Metropolitana,Híbrido,Feminino,Branca,0.39506625835687076
CAND_02590,9.5,53.0,Bacharelado,Capitais,Presencial,Feminino,Branca,0.8152438561872279
CAND_02591,10.2,48.0,Mestrado,Região Metropolitana,Remoto,Masculino,Branca,0.7316132049100894
CAND_02592,6.4,49.0,Mestrado,Região Metropolitana,Híbrido,Feminino,Branca,0.6521514569433552
CAND_02593,7.9,43.0,Bacharelado,Região Metropolitana,Híbrido,Masculino,Branca,0.6042938594285004
CAND_02594,1.9,41.0,Bacharelado,Região Metropolitana,Híbrido,Feminino,Preta,0.13706765774470178
CAND_02595,1.0,50.0,Bacharelado,Região Metropolitana,Híbrido,Feminino,Indígena,0.22812158339529134
CAND_02596,4.6,32.0,Mestrado,Capitais,Remoto,Masculino,Branca,0.7054775778366967
CAND_02597,1.1,66.0,Ensino Médio,Interior,Híbrido,Masculino,Preta,0.1250952419840933
CAND_02598,5.9,39.0,Bacharelado,Capitais,Híbrido,Feminino,Preta,0.16973981113584902
CAND_02599,2.6,52.0,Mestrado,Capitais,Presencial,Feminino,Branca,0.41600548967614015
CAND_02600,5.6,45.0,Mestrado,Capitais,Híbrido,Masculino,Preta,0.4284813995023652
CAND_02601,4.5,60.0,Bacharelado,Capitais,Remoto,Masculino,Branca,0.7205580703538719
CAND_02602,6.9,59.0,Bacharelado,Capitais,Presencial,Masculino,Branca,0.6747176686504281
CAND_02603,6.0,58.0,Bacharelado,Região Metropolitana,Remoto,Masculino,Branca,0.6284191009520288
CAND_02604,3.8,32.0,Mestrado,Capitais,Presencial,Feminino,Branca,0.5124131007019229
CAND_02605,0.9,47.0,Bacharelado,Região Metropolitana,Presencial,Masculino,Parda,0.5382438015420538
CAND_02606,5.5,74.0,Mestrado,Capitais,Presencial,Feminino,Branca,0.8264116719846231
CAND_02607,0.0,45.0,Doutorado,Região Metropolitana,Remoto,Feminino,Branca,0.4443829866245106
CAND_02608,8.7,66.0,Mestrado,Capitais,Híbrido,Masculino,Branca,1.0
CAND_02609,6.6,50.0,Bacharelado,Região Metropolitana,Híbrido,Feminino,Preta,0.08077393290941148
CAND_02610,7.5,45.0,Mestrado,Capitais,Presencial,Masculino,Amarela,0.3928832253051966
CAND_02611,2.1,53.0,Bacharelado,Capitais,Híbrido,Masculino,Amarela,0.4174162702406399
CAND_02612,6.1,38.0,Mestrado,Capitais,Híbrido,Masculino,Preta,0.4286925902759027
CAND_02613,3.0,63.0,Bacharelado,Capitais,Híbrido,Masculino,Branca,0.6352222945958425
CAND_02614,5.4,37.0,Mestrado,Capitais,Presencial,Feminino,Amarela,0.2634541482275779
CAND_02615,2.0,58.0,Bacharelado,Capitais,Presencial,Feminino,Amarela,0.34595486276200227
CAND_02616,4.7,66.0,Bacharelado,Capitais,Remoto,Feminino,Amarela,0.31446846373682635
CAND_02617,0.9,56.0,Mestrado,Capitais,Híbrido,Feminino,Branca,0.5612026410652634
CAND_02618,4.5,41.0,Bacharelado,Região Metropolitana,Híbrido,Masculino,Amarela,0.528082511026677
CAND_02619,0.1,53.0,Ensino Médio,Capitais,Presencial,Masculino,Parda,0.5895355471600049
CAND_02620,10.2,39.0,Bacharelado,Capitais,Híbrido,Masculino,Preta,0.4886598201727949
CAND_02621,5.5,47.0,Bacharelado,Capitais,Híbrido,Feminino,Indígena,0.3052268902671267
CAND_02622,5.0,42.0,Bacharelado,Capitais,Remoto,Masculino,Branca,0.7984701413508866
CAND_02623,7.0,39.0,Doutorado,Capitais,Híbrido,Masculino,Preta,0.712718630697646
CAND_02624,1.1,59.0,Bacharelado,Capitais,Híbrido,Feminino,Branca,0.4891386315051396
CAND_02625,2.7,65.0,Bacharelado,Capitais,Remoto,Masculino,Branca,0.7946886438047094
CAND_02626,6.6,66.0,Bacharelado,Capitais,Híbrido,Masculino,Parda,0.8080187480952037
CAND_02627,5.5,54.0,Bacharelado,Região Metropolitana,Presencial,Feminino,Branca,0.4109315362183735
CAND_02628,2.8,72.0,Mestrado,Capitais,Presencial,Masculino,Parda,0.7558383845260884
CAND_02629,6.9,40.0,Bacharelado,Interior,Remoto,Masculino,Parda,0.5340286724199669
CAND_02630,5.9,69.0,Bacharelado,Região Metropolitana,Híbrido,Feminino,Preta,0.43113397767863604
CAND_02631,6.5,64.0,Bacharelado,Interior,Presencial,Feminino,Amarela,0.22084129174016176
CAND_02632,6.2,51.0,Mestrado,Região Metropolitana,Híbrido,Masculino,Branca,0.6100875402272585
CAND_02633,3.0,53.0,Bacharelado,Região Metropolitana,Remoto,Masculino,Branca,0.6073380795819429
CAND_02634,4.8,66.0,Mestrado,Interior,Presencial,Masculino,Preta,0.3915783116186812
CAND_02635,0.0,60.0,Mestrado,Capitais,Híbrido,Feminino,Amarela,0.21491002285168467
CAND_02636,3.5,54.0,Mestrado,Região Metropolitana,Presencial,Masculino,Preta,0.5373874257298418
CAND_02637,4.3,43.0,Doutorado,Interior,Híbrido,Feminino,Amarela,0.31721455059913817
CAND_02638,6.9,36.0,Bacharelado,Capitais,Híbrido,Feminino,Amarela,0.0321727588988156
CAND_02639,6.5,52.0,Bacharelado,Capitais,Híbrido,Masculino,Branca,0.8654725353651569
CAND_02640,2.7,33.0,Bacharelado,Capitais,Remoto,Feminino,Branca,0.41609212108630916
CAND_02641,2.7,61.0,Bacharelado,Capitais,Híbrido,Masculino,Branca,0.7085577759397367
CAND_02642,8.9,23.0,Bacharelado,Capitais,Remoto,Masculino,Amarela,0.5202123038757136
CAND_02643,4.1,55.0,Bacharelado,Capitais,Híbrido,Masculino,Branca,0.5276629383379616
CAND_02644,5.3,46.0,Bacharelado,Capitais,Presencial,Feminino,Amarela,0.24241617991892606
CAND_02645,7.4,43.0,Bacharelado,Capitais,Presencial,Feminino,Branca,0.5883142894397666
CAND_02646,4.8,46.0,Mestrado,Capitais,Presencial,Feminino,Branca,0.5839736798496462
CAND_02647,4.5,7.0,Bacharelado,Região Metropolitana,Remoto,Feminino,Branca,0.2340019261360486
CAND_02648,4.1,43.0,Bacharelado,Região Metropolitana,Presencial,Masculino,Branca,0.6094872224809825
CAND_02649,3.5,37.0,Bacharelado,Capitais,Remoto,Feminino,Branca,0.43171637277654146
CAND_02650,5.4,37.0,Mestrado,Capitais,Híbrido,Masculino,Branca,0.7459235079419648
CAND_02651,0.0,97.0,Bacharelado,Região Metropolitana,Presencial,Feminino,Branca,0.7556885587092059
CAND_02652,3.9,29.0,Bacharelado,Capitais,Híbrido,Masculino,Branca,0.44395395655348097
CAND_02653,6.6,56.0,Bacharelado,Interior,Presencial,Masculino,Preta,0.2716911810951848
CAND_02654,6.3,38.0,Bacharelado,Capitais,Híbrido,Masculino,Branca,0.6786180940079194
CAND_02655,9.2,36.0,Bacharelado,Capitais,Remoto,Masculino,Branca,0.7747621078124457
CAND_02656,7.5,30.0,Mestrado,Capitais,Remoto,Feminino,Branca,0.5244249753440064
CAND_02657,6.2,67.0,Bacharelado,Capitais,Remoto,Feminino,Preta,0.2453922020968211
CAND_02658,5.1,68.0,Bacharelado,Capitais,Híbrido,Feminino,Branca,0.6222680218768004
CAND_02659,3.6,41.0,Bacharelado,Capitais,Híbrido,Feminino,Branca,0.46892986616098986
CAND_02660,6.5,64.0,Bacharelado,Capitais,Híbrido,Masculino,Parda,0.7602761735569828
CAND_02661,6.0,34.0,Mestrado,Capitais,Remoto,Masculino,Preta,0.39907991139929216
CAND_02662,3.9,44.0,Mestrado,Região Metropolitana,Remoto,Masculino,Amarela,0.5017023478553315
CAND_02663,2.4,60.0,Bacharelado,Região Metropolitana,Presencial,Masculino,Branca,0.7568591987408934
CAND_02664,4.8,35.0,Bacharelado,Capitais,Remoto,Masculino,Branca,0.7200839207210057
CAND_02665,8.5,39.0,Bacharelado,Interior,Remoto,Feminino,Branca,0.2624497969270673
CAND_02666,5.3,50.0,Mestrado,Capitais,Híbrido,Masculino,Branca,0.6599109603883475
CAND_02667,5.1,51.0,Bacharelado,Capitais,Híbrido,Feminino,Preta,0.3305004470166888
CAND_02668,6.3,34.0,Bacharelado,Capitais,Híbrido,Masculino,Preta,0.35163437197789466
CAND_02669,6.4,83.0,Bacharelado,Capitais,Remoto,Feminino,Branca,0.535881339649357
CAND_02670,5.7,37.0,Bacharelado,Região Metropolitana,Presencial,Feminino,Branca,0.35361519582870815
CAND_02671,4.9,64.0,Ensino Médio,Capitais,Híbrido,Feminino,Branca,0.43547344765721285
CAND_02672,3.5,59.0,Doutorado,Região Metropolitana,Presencial,Masculino,Branca,0.7288806292033467
CAND_02673,8.0,38.0,Bacharelado,Capitais,Híbrido,Feminino,Branca,0.493071075754244
CAND_02674,3.7,57.0,Mestrado,Capitais,Presencial,Masculino,Branca,0.574270706328019
CAND_02675,9.7,37.0,Mestrado,Região Metropolitana,Remoto,Masculino,Branca,0.7652177175965786
CAND_02676,5.5,51.0,Bacharelado,Capitais,Presencial,Feminino,Branca,0.5616349921300405
CAND_02677,5.2,62.0,Bacharelado,Região Metropolitana,Remoto,Feminino,Branca,0.5163813494784686
CAND_02678,7.3,42.0,Mestrado,Capitais,Híbrido,Masculino,Branca,0.8201951242944009
CAND_02679,3.0,56.0,Bacharelado,Interior,Remoto,Masculino,Preta,0.33693851172120226
CAND_02680,6.7,41.0,Bacharelado,Interior,Híbrido,Feminino,Preta,0.0
CAND_02681,5.3,53.0,Mestrado,Região Metropolitana,Remoto,Feminino,Indígena,0.3657707134718702
CAND_02682,6.2,52.0,Bacharelado,Região Metropolitana,Híbrido,Masculino,Preta,0.4635842096951947
CAND_02683,2.9,45.0,Bacharelado,Região Metropolitana,Híbrido,Não-binário,Branca,0.36860731227687166
CAND_02684,2.9,23.0,Bacharelado,Região Metropolitana,Remoto,Feminino,Branca,0.44123701211364935
CAND_02685,0.0,62.0,Mestrado,Região Metropolitana,Presencial,Masculino,Preta,0.43883579025504427
CAND_02686,3.6,80.0,Ensino Médio,Região Metropolitana,Híbrido,Masculino,Branca,0.6988773137795168
CAND_02687,3.5,52.0,Mestrado,Região Metropolitana,Híbrido,Masculino,Preta,0.5142429110367478
CAND_02688,3.0,41.0,Bacharelado,Interior,Presencial,Feminino,Parda,0.31498964948825475
CAND_02689,4.7,53.0,Bacharelado,Região Metropolitana,Remoto,Feminino,Preta,0.2124325220647616
CAND_02690,5.2,67.0,Mestrado,Interior,Híbrido,Feminino,Branca,0.6035864835413032
CAND_02691,6.5,69.0,Mestrado,Capitais,Remoto,Masculino,Branca,0.8742935866392769
CAND_02692,6.7,64.0,Bacharelado,Interior,Remoto,Masculino,Indígena,0.4390207169429494
CAND_02693,7.0,57.0,Bacharelado,Capitais,Remoto,Feminino,Branca,0.6611245331834961
CAND_02694,7.1,60.0,Bacharelado,Capitais,Híbrido,Masculino,Parda,0.6612197068800728
CAND_02695,5.8,52.0,Bacharelado,Capitais,Presencial,Feminino,Branca,0.6693496956120542
CAND_02696,5.2,36.0,Bacharelado,Capitais,Híbrido,Masculino,Indígena,0.45061413998349253
CAND_02697,7.8,44.0,Mestrado,Região Metropolitana,Remoto,Masculino,Branca,0.632717684010917
CAND_02698,7.1,45.0,Mestrado,Capitais,Presencial,Masculino,Indígena,0.5455458711509336
CAND_02699,0.6,54.0,Mestrado,Capitais,Presencial,Masculino,Branca,0.7559178597475764
CAND_02700,4.5,24.0,Bacharelado,Região Metropolitana,Presencial,Masculino,Branca,0.4712645593846647
CAND_02701,0.0,58.0,Bacharelado,Capitais,Remoto,Masculino,Branca,0.5551921955502359
CAND_02702,0.0,20.0,Bacharelado,Capitais,Presencial,Masculino,Preta,0.1938364852756151
CAND_02703,3.5,56.0,Mestrado,Capitais,Presencial,Masculino,Amarela,0.2788004217346203
CAND_02704,4.6,68.0,Ensino Médio,Capitais,Híbrido,Não-binário,Branca,0.5894860150869413
CAND_02705,3.7,63.0,Bacharelado,Capitais,Híbrido,Masculino,Branca,0.5811014196334991
CAND_02706,0.0,37.0,Mestrado,Região Metropolitana,Presencial,Masculino,Branca,0.66210617496763
CAND_02707,7.3,59.0,Bacharelado,Capitais,Presencial,Feminino,Branca,0.6992976006122567
CAND_02708,2.9,61.0,Bacharelado,Capitais,Híbrido,Masculino,Preta,0.5112120601135796
CAND_02709,6.5,76.0,Mestrado,Capitais,Remoto,Feminino,Preta,0.43681487754023396
CAND_02710,3.0,55.0,Bacharelado,Capitais,Híbrido,Masculino,Amarela,0.4717837595457479
CAND_02711,3.5,65.0,Mestrado,Capitais,Presencial,Masculino,Branca,0.9427984346500219
CAND_02712,6.3,43.0,Bacharelado,Capitais,Remoto,Masculino,Branca,0.9262777150445727
CAND_02713,4.0,37.0,Bacharelado,Região Metropolitana,Híbrido,Feminino,Branca,0.1834876129953125
CAND_02714,5.5,63.0,Bacharelado,Capitais,Presencial,Masculino,Branca,0.8347921507205757
CAND_02715,5.8,63.0,Mestrado,Interior,Híbrido,Masculino,Branca,0.6391332847882878
CAND_02716,0.7,40.0,Mestrado,Capitais,Remoto,Masculino,Amarela,0.6433829002892346
CAND_02717,6.4,32.0,Bacharelado,Região Metropolitana,Remoto,Feminino,Branca,0.43283437228181987
CAND_02718,2.2,52.0,Mestrado,Capitais,Híbrido,Masculino,Branca,0.6308376748984229
CAND_02719,1.7,51.0,Bacharelado,Capitais,Presencial,Não-binário,Branca,0.3019348261975388
CAND_02720,2.8,54.0,Bacharelado,Capitais,Remoto,Masculino,Branca,0.6662081298958623
CAND_02721,7.4,63.0,Bacharelado,Capitais,Presencial,Masculino,Branca,0.5860118059871393
CAND_02722,0.2,65.0,Mestrado,Região Metropolitana,Remoto,Masculino,Branca,0.54879870466144
CAND_02723,7.0,50.0,Bacharelado,Capitais,Presencial,Masculino,Parda,0.5453756192197518
CAND_02724,6.0,35.0,Mestrado,Capitais,Híbrido,Masculino,Parda,0.3962702322239953
CAND_02725,5.2,39.0,Bacharelado,Interior,Remoto,Não-binário,Branca,0.32421808703121885
CAND_02726,5.7,41.0,Bacharelado,Capitais,Híbrido,Feminino,Parda,0.5011372203669227
CAND_02727,4.1,48.0,Bacharelado,Capitais,Híbrido,Masculino,Branca,0.7650405484863303
CAND_02728,7.0,42.0,Mestrado,Capitais,Híbrido,Masculino,Branca,0.651342762640945
CAND_02729,3.7,46.0,Ensino Médio,Interior,Híbrido,Masculino,Branca,0.5053116451553605
CAND_02730,0.1,51.0,Bacharelado,Capitais,Remoto,Masculino,Amarela,0.4036159992870964
CAND_02731,4.8,40.0,Mestrado,Região Metropolitana,Presencial,Feminino,Parda,0.30190993090746865
CAND_02732,7.4,55.0,Bacharelado,Capitais,Híbrido,Feminino,Parda,0.47778888704736816
CAND_02733,6.5,77.0,Ensino Médio,Capitais,Híbrido,Masculino,Preta,0.40424916285498086
CAND_02734,10.4,47.0,Ensino Médio,Região Metropolitana,Remoto,Feminino,Branca,0.319963633272369
CAND_02735,4.2,40.0,Mestrado,Capitais,Híbrido,Masculino,Branca,0.6089727614662912
CAND_02736,4.5,55.0,Bacharelado,Capitais,Presencial,Feminino,Amarela,0.2478191430395849
CAND_02737,4.3,38.0,Bacharelado,Interior,Híbrido,Masculino,Branca,0.5716381056568985
CAND_02738,2.7,48.0,Bacharelado,Interior,Presencial,Masculino,Preta,0.17579512358471772
CAND_02739,3.6,40.0,Bacharelado,Capitais,Presencial,Masculino,Branca,0.7333383336560657
CAND_02740,1.9,34.0,Ensino Médio,Capitais,Remoto,Feminino,Branca,0.43824754143033295
CAND_02741,0.0,37.0,Mestrado,Capitais,Híbrido,Não-binário,Parda,0.3150733227554754
CAND_02742,3.3,40.0,Bacharelado,Interior,Híbrido,Feminino,Branca,0.23080451642780792
CAND_02743,5.1,34.0,Bacharelado,Capitais,Remoto,Feminino,Branca,0.3371348784533562
CAND_02744,6.9,69.0,Mestrado,Capitais,Híbrido,Masculino,Branca,0.7762056495593522
CAND_02745,3.3,56.0,Doutorado,Região Metropolitana,Híbrido,Masculino,Branca,0.8080110236659453
CAND_02746,3.3,64.0,Bacharelado,Capitais,Remoto,Masculino,Preta,0.5552268915112173
CAND_02747,8.1,30.0,Doutorado,Região Metropolitana,Híbrido,Masculino,Amarela,0.4981908955136901
CAND_02748,1.0,46.0,Bacharelado,Região Metropolitana,Remoto,Feminino,Parda,0.3202080539358393
CAND_02749,4.5,56.0,Mestrado,Capitais,Híbrido,Masculino,Branca,0.6130642391097444
CAND_02750,7.9,75.0,Mestrado,Capitais,Presencial,Masculino,Branca,0.8526646974814734
CAND_02751,2.9,39.0,Ensino Médio,Capitais,Presencial,Masculino,Branca,0.602237417668333
CAND_02752,0.4,31.0,Bacharelado,Capitais,Remoto,Feminino,Branca,0.26658667376061307
CAND_02753,10.1,53.0,Mestrado,Capitais,Remoto,Masculino,Indígena,0.5910957679184055
CAND_02754,7.4,40.0,Bacharelado,Região Metropolitana,Presencial,Feminino,Parda,0.31780765158777086
CAND_02755,7.5,76.0,Ensino Médio,Capitais,Remoto,Masculino,Branca,0.6584519471311211
CAND_02756,4.7,58.0,Mestrado,Região Metropolitana,Remoto,Não-binário,Branca,0.3705467764202675
CAND_02757,6.9,46.0,Bacharelado,Região Metropolitana,Remoto,Feminino,Branca,0.5523929916841936
CAND_02758,0.0,46.0,Bacharelado,Região Metropolitana,Remoto,Masculino,Branca,0.6759340246837718
CAND_02759,3.7,48.0,Mestrado,Capitais,Presencial,Feminino,Branca,0.6851802657049584
CAND_02760,7.8,23.0,Bacharelado,Capitais,Presencial,Masculino,Branca,0.6277415755531094
CAND_02761,0.8,51.0,Mestrado,Região Metropolitana,Presencial,Masculino,Amarela,0.407580332636509
CAND_02762,4.0,43.0,Bacharelado,Capitais,Híbrido,Masculino,Branca,0.7279442261989529
CAND_02763,6.0,59.0,Mestrado,Capitais,Híbrido,Feminino,Branca,0.4798011268557245
CAND_02764,2.6,37.0,Mestrado,Região Metropolitana,Remoto,Masculino,Preta,0.26950460864123016
CAND_02765,5.0,60.0,Bacharelado,Capitais,Híbrido,Masculino,Parda,0.621177775513582
CAND_02766,6.2,58.0,Mestrado,Capitais,Híbrido,Masculino,Branca,0.9426158848669542
CAND_02767,5.9,52.0,Bacharelado,Capitais,Presencial,Masculino,Amarela,0.4764490871899689
CAND_02768,3.8,69.0,Bacharelado,Região Metropolitana,Remoto,Feminino,Preta,0.37268594212317224
CAND_02769,2.5,22.0,Bacharelado,Região Metropolitana,Remoto,Masculino,Branca,0.4180623624186671
CAND_02770,6.2,57.0,Ensino Médio,Capitais,Presencial,Masculino,Parda,0.5461712999137681
CAND_02771,6.0,49.0,Mestrado,Capitais,Híbrido,Masculino,Branca,0.9359690674684416
CAND_02772,5.9,49.0,Bacharelado,Região Metropolitana,Híbrido,Masculino,Branca,0.6830283526142118
CAND_02773,5.3,35.0,Bacharelado,Capitais,Híbrido,Masculino,Branca,0.576284345204075
CAND_02774,6.0,29.0,Mestrado,Região Metropolitana,Híbrido,Masculino,Branca,0.46482046846919245
CAND_02775,7.6,63.0,Bacharelado,Capitais,Híbrido,Feminino,Amarela,0.3457062239911239
CAND_02776,5.9,62.0,Bacharelado,Capitais,Híbrido,Não-binário,Branca,0.699320990505358
CAND_02777,5.3,77.0,Bacharelado,Capitais,Presencial,Masculino,Amarela,0.5773471028993753
CAND_02778,3.4,79.0,Bacharelado,Região Metropolitana,Presencial,Feminino,Amarela,0.0808954831659609
CAND_02779,9.2,27.0,Bacharelado,Capitais,Remoto,Masculino,Branca,0.6507198932086834
CAND_02780,1.6,48.0,Mestrado,Capitais,Híbrido,Feminino,Branca,0.5538748888862649
CAND_02781,4.4,54.0,Bacharelado,Capitais,Remoto,Feminino,Indígena,0.32622524269766245
CAND_02782,3.5,64.0,Bacharelado,Capitais,Remoto,Feminino,Branca,0.5821477216408428
CAND_02783,0.0,71.0,Ensino Médio,Capitais,Presencial,Feminino,Branca,0.4747421942754244
CAND_02784,6.1,35.0,Bacharelado,Capitais,Híbrido,Masculino,Branca,0.6361959433109928
CAND_02785,4.4,42.0,Bacharelado,Capitais,Remoto,Masculino,Amarela,0.3804627275973378
CAND_02786,5.1,71.0,Mestrado,Região Metropolitana,Híbrido,Masculino,Branca,0.732153520939235
CAND_02787,4.5,25.0,Bacharelado,Capitais,Híbrido,Masculino,Parda,0.4922767458462602
CAND_02788,7.3,34.0,Mestrado,Capitais,Presencial,Masculino,Amarela,0.37300859121597185
CAND_02789,7.6,57.0,Mestrado,Capitais,Híbrido,Não-binário,Amarela,0.4274995346035741
CAND_02790,1.7,81.0,Bacharelado,Interior,Presencial,Masculino,Branca,0.5390435213504777
CAND_02791,10.3,25.0,Mestrado,Região Metropolitana,Remoto,Masculino,Branca,0.8175295243276544
CAND_02792,4.3,51.0,Mestrado,Capitais,Presencial,Feminino,Branca,0.6688430315369914
CAND_02793,6.8,58.0,Mestrado,Capitais,Presencial,Masculino,Branca,0.7763295390649743
CAND_02794,5.5,72.0,Bacharelado,Região Metropolitana,Híbrido,Masculino,Branca,0.7443566914860377
CAND_02795,5.3,57.0,Bacharelado,Capitais,Híbrido,Feminino,Branca,0.48011887328850067
CAND_02796,6.7,22.0,Bacharelado,Região Metropolitana,Remoto,Feminino,Branca,0.21815677872409944
CAND_02797,9.0,31.0,Bacharelado,Capitais,Presencial,Feminino,Branca,0.44571292401729495
CAND_02798,7.3,71.0,Bacharelado,Região Metropolitana,Presencial,Masculino,Parda,0.72969060242647
CAND_02799,4.3,57.0,Bacharelado,Capitais,Híbrido,Feminino,Branca,0.5691342069810147
CAND_02800,4.7,33.0,Bacharelado,Capitais,Presencial,Masculino,Amarela,0.6067919113292501
CAND_02801,3.3,57.0,Bacharelado,Capitais,Híbrido,Masculino,Branca,0.6316007192290573
CAND_02802,7.1,55.0,Bacharelado,Capitais,Híbrido,Feminino,Preta,0.22533088601013412
CAND_02803,6.8,13.0,Bacharelado,Capitais,Híbrido,Não-binário,Branca,0.42687679923737387
CAND_02804,4.0,19.0,Bacharelado,Região Metropolitana,Remoto,Feminino,Indígena,0.0
CAND_02805,9.0,55.0,Bacharelado,Capitais,Híbrido,Feminino,Preta,0.24988978717303917
CAND_02806,8.2,81.0,Bacharelado,Capitais,Híbrido,Masculino,Indígena,0.8500703992331121
CAND_02807,10.5,54.0,Ensino Médio,Capitais,Presencial,Feminino,Parda,0.4309445545579535
CAND_02808,2.6,13.0,Bacharelado,Capitais,Presencial,Masculino,Amarela,0.24983196290677245
CAND_02809,4.7,26.0,Bacharelado,Região Metropolitana,Presencial,Masculino,Branca,0.5470732078854614
CAND_02810,4.4,59.0,Bacharelado,Capitais,Híbrido,Feminino,Preta,0.3416012533120144
CAND_02811,12.8,61.0,Bacharelado,Região Metropolitana,Remoto,Masculino,Branca,0.8453924300882869
CAND_02812,5.0,47.0,Bacharelado,Capitais,Remoto,Masculino,Parda,0.6321187018372366
CAND_02813,8.8,43.0,Bacharelado,Capitais,Híbrido,Masculino,Indígena,0.5631850188950516
CAND_02814,8.1,62.0,Bacharelado,Capitais,Remoto,Masculino,Branca,0.7818650243380645
CAND_02815,4.7,67.0,Mestrado,Capitais,Remoto,Masculino,Preta,0.4776862766495561
CAND_02816,5.2,60.0,Bacharelado,Capitais,Híbrido,Feminino,Preta,0.1900047959060625
CAND_02817,6.6,36.0,Bacharelado,Interior,Híbrido,Masculino,Branca,0.6514582608381249
CAND_02818,8.8,63.0,Bacharelado,Capitais,Presencial,Masculino,Branca,0.7608096711548397
CAND_02819,4.5,45.0,Mestrado,Capitais,Presencial,Masculino,Branca,0.6984214150509496
CAND_02820,3.5,41.0,Bacharelado,Capitais,Presencial,Não-binário,Branca,0.47998212837016396
CAND_02821,7.8,40.0,Bacharelado,Região Metropolitana,Híbrido,Masculino,Amarela,0.2587927178371019
CAND_02822,1.6,50.0,Mestrado,Capitais,Presencial,Masculino,Parda,0.4817034712151016
CAND_02823,5.8,59.0,Bacharelado,Capitais,Híbrido,Masculino,Parda,0.6983668774658378
CAND_02824,8.2,20.0,Bacharelado,Capitais,Híbrido,Não-binário,Parda,0.34367011073329307
CAND_02825,6.3,39.0,Bacharelado,Capitais,Híbrido,Feminino,Branca,0.32476707485484374
CAND_02826,3.3,43.0,Bacharelado,Capitais,Presencial,Feminino,Amarela,0.0532445127017539
CAND_02827,2.0,66.0,Mestrado,Região Metropolitana,Remoto,Feminino,Parda,0.30389376654939715
CAND_02828,8.6,37.0,Bacharelado,Capitais,Híbrido,Masculino,Amarela,0.5489489548170341
CAND_02829,4.5,45.0,Doutorado,Capitais,Remoto,Masculino,Branca,0.8473351652609051
CAND_02830,2.3,62.0,Bacharelado,Região Metropolitana,Presencial,Masculino,Branca,0.6621352500161605
CAND_02831,8.4,51.0,Bacharelado,Capitais,Presencial,Masculino,Preta,0.3402357833924288
CAND_02832,7.4,73.0,Bacharelado,Capitais,Híbrido,Masculino,Preta,0.46161605757383306
CAND_02833,1.8,48.0,Mestrado,Capitais,Presencial,Masculino,Preta,0.4066040992808236
CAND_02834,12.5,78.0,Ensino Médio,Região Metropolitana,Remoto,Feminino,Branca,0.6605239579557821
CAND_02835,3.4,81.0,Mestrado,Região Metropolitana,Híbrido,Masculino,Branca,0.7330513073615165
CAND_02836,7.4,57.0,Bacharelado,Região Metropolitana,Presencial,Feminino,Branca,0.48851829180545314
CAND_02837,11.0,56.0,Bacharelado,Capitais,Híbrido,Masculino,Preta,0.6231686767815131
CAND_02838,7.7,58.0,Mestrado,Capitais,Remoto,Masculino,Branca,1.0
CAND_02839,5.8,62.0,Bacharelado,Região Metropolitana,Remoto,Masculino,Branca,0.8162151063369611
CAND_02840,0.7,52.0,Mestrado,Região Metropolitana,Híbrido,Feminino,Branca,0.3851639265354553
CAND_02841,11.1,68.0,Bacharelado,Região Metropolitana,Híbrido,Feminino,Branca,0.6266771019269144
CAND_02842,7.6,58.0,Ensino Médio,Capitais,Remoto,Feminino,Preta,0.2724063397003257
CAND_02843,0.8,71.0,Bacharelado,Capitais,Remoto,Masculino,Parda,0.5924412850047505
CAND_02844,9.6,28.0,Bacharelado,Capitais,Remoto,Não-binário,Branca,0.5810367557797688
CAND_02845,5.2,53.0,Bacharelado,Capitais,Híbrido,Masculino,Parda,0.7903856837218648
CAND_02846,4.2,65.0,Ensino Médio,Capitais,Remoto,Masculino,Branca,0.7156952105567166
CAND_02847,3.3,33.0,Mestrado,Capitais,Híbrido,Masculino,Preta,0.5489398073271633
CAND_02848,5.5,56.0,Bacharelado,Região Metropolitana,Híbrido,Masculino,Branca,0.6284698868901468
CAND_02849,7.4,59.0,Bacharelado,Capitais,Remoto,Masculino,Branca,0.8349612653196931
CAND_02850,3.5,76.0,Bacharelado,Interior,Híbrido,Masculino,Branca,0.7490110648628437
CAND_02851,5.4,45.0,Bacharelado,Capitais,Híbrido,Masculino,Branca,0.7482603903578757
CAND_02852,15.1,53.0,Bacharelado,Região Metropolitana,Remoto,Masculino,Branca,1.0
CAND_02853,6.4,42.0,Mestrado,Capitais,Remoto,Feminino,Parda,0.5485660345709575
CAND_02854,7.9,48.0,Bacharelado,Capitais,Remoto,Masculino,Branca,0.7322206455439533
CAND_02855,2.1,74.0,Ensino Médio,Região Metropolitana,Presencial,Feminino,Branca,0.3261746698248887
CAND_02856,0.9,50.0,Mestrado,Capitais,Remoto,Feminino,Preta,0.1734880585732194
CAND_02857,9.4,39.0,Bacharelado,Capitais,Presencial,Feminino,Branca,0.6298754728805351
CAND_02858,8.5,47.0,Bacharelado,Capitais,Presencial,Feminino,Branca,0.6594034617720715
CAND_02859,10.1,42.0,Mestrado,Capitais,Híbrido,Masculino,Parda,0.5684854752579027
CAND_02860,4.8,43.0,Mestrado,Interior,Híbrido,Masculino,Branca,0.512566185784895
CAND_02861,8.8,42.0,Mestrado,Capitais,Híbrido,Masculino,Branca,0.8403902142719992
CAND_02862,0.0,43.0,Bacharelado,Capitais,Presencial,Feminino,Branca,0.3910344073405156
CAND_02863,6.6,32.0,Bacharelado,Região Metropolitana,Presencial,Masculino,Branca,0.5331581712108324
CAND_02864,8.1,51.0,Doutorado,Capitais,Híbrido,Feminino,Parda,0.7672612866669185
CAND_02865,2.9,35.0,Mestrado,Região Metropolitana,Híbrido,Feminino,Branca,0.4875284612137082
CAND_02866,8.2,67.0,Bacharelado,Capitais,Presencial,Feminino,Parda,0.8012964795339369
CAND_02867,4.5,45.0,Ensino Médio,Capitais,Híbrido,Feminino,Branca,0.384893497670994
CAND_02868,4.8,56.0,Doutorado,Capitais,Remoto,Masculino,Branca,0.663390568529802
CAND_02869,4.2,56.0,Bacharelado,Capitais,Presencial,Masculino,Indígena,0.572222509553914
CAND_02870,9.7,22.0,Bacharelado,Capitais,Remoto,Masculino,Branca,0.8833182019282031
CAND_02871,3.6,46.0,Bacharelado,Região Metropolitana,Híbrido,Masculino,Branca,0.6249171787162724
CAND_02872,3.3,76.0,Bacharelado,Capitais,Híbrido,Masculino,Branca,0.8302310480378502
CAND_02873,2.4,38.0,Mestrado,Capitais,Presencial,Feminino,Indígena,0.3483418860600618
CAND_02874,3.9,84.0,Bacharelado,Capitais,Híbrido,Masculino,Parda,0.6329636327025594
CAND_02875,5.6,58.0,Bacharelado,Região Metropolitana,Presencial,Masculino,Branca,0.5985631881364628
CAND_02876,6.9,58.0,Bacharelado,Capitais,Remoto,Feminino,Branca,0.5137679295832122
CAND_02877,2.7,54.0,Bacharelado,Região Metropolitana,Presencial,Feminino,Indígena,0.2426987683677035
CAND_02878,6.1,66.0,Bacharelado,Região Metropolitana,Híbrido,Feminino,Preta,0.38474844053726653
CAND_02879,6.8,67.0,Bacharelado,Capitais,Presencial,Masculino,Branca,0.7272726099980703
CAND_02880,2.2,50.0,Mestrado,Capitais,Presencial,Masculino,Preta,0.1989768272785252
CAND_02881,5.2,44.0,Mestrado,Interior,Híbrido,Feminino,Amarela,0.0932810843610285
CAND_02882,4.7,29.0,Ensino Médio,Capitais,Presencial,Masculino,Branca,0.5141889743013452
CAND_02883,5.2,62.0,Bacharelado,Capitais,Presencial,Masculino,Parda,0.8362604788664312
CAND_02884,3.4,51.0,Bacharelado,Região Metropolitana,Híbrido,Masculino,Branca,0.540319042704156
CAND_02885,4.6,37.0,Ensino Médio,Capitais,Híbrido,Feminino,Branca,0.05858255671179019
CAND_02886,5.1,41.0,Bacharelado,Capitais,Híbrido,Masculino,Parda,0.520741329058217
CAND_02887,10.6,49.0,Ensino Médio,Capitais,Remoto,Masculino,Preta,0.5094545512332225
CAND_02888,5.1,35.0,Bacharelado,Região Metropolitana,Presencial,Masculino,Branca,0.35771527583610124
CAND_02889,9.0,51.0,Bacharelado,Capitais,Híbrido,Feminino,Parda,0.5923105990348988
CAND_02890,9.2,26.0,Ensino Médio,Capitais,Presencial,Masculino,Branca,0.6834598214754395
CAND_02891,1.0,42.0,Ensino Médio,Interior,Presencial,Masculino,Preta,0.13957279092932812
CAND_02892,4.1,33.0,Ensino Médio,Capitais,Remoto,Feminino,Branca,0.41397875077799495
CAND_02893,9.2,53.0,Bacharelado,Capitais,Remoto,Masculino,Branca,0.7493400071415974
CAND_02894,5.5,35.0,Ensino Médio,Região Metropolitana,Remoto,Masculino,Branca,0.4837291177574998
CAND_02895,4.7,42.0,Bacharelado,Capitais,Remoto,Masculino,Preta,0.3492118462147587
CAND_02896,7.3,84.0,Bacharelado,Capitais,Presencial,Feminino,Preta,0.3997187632029931
CAND_02897,8.2,63.0,Mestrado,Região Metropolitana,Presencial,Masculino,Amarela,0.8173179297934843
CAND_02898,4.9,59.0,Mestrado,Capitais,Presencial,Feminino,Preta,0.2582282664968994
CAND_02899,4.2,69.0,Bacharelado,Interior,Presencial,Masculino,Branca,0.6862029691833839
CAND_02900,0.0,58.0,Ensino Médio,Capitais,Remoto,Masculino,Branca,0.4847144367136779
CAND_02901,5.1,29.0,Mestrado,Capitais,Híbrido,Feminino,Branca,0.4657478194411517
CAND_02902,3.9,30.0,Bacharelado,Interior,Híbrido,Masculino,Branca,0.4407080164128766
CAND_02903,2.0,9.0,Bacharelado,Capitais,Híbrido,Masculino,Branca,0.13626898524530084
CAND_02904,4.4,53.0,Mestrado,Capitais,Presencial,Feminino,Amarela,0.3617643944372509
CAND_02905,3.7,34.0,Bacharelado,Região Metropolitana,Híbrido,Feminino,Branca,0.28903328795205496
CAND_02906,5.5,41.0,Bacharelado,Capitais,Híbrido,Masculino,Parda,0.4496838132388452
CAND_02907,4.2,45.0,Mestrado,Capitais,Remoto,Masculino,Preta,0.486461827227717
CAND_02908,6.3,41.0,Bacharelado,Capitais,Presencial,Feminino,Branca,0.5966502356412613
CAND_02909,5.5,49.0,Bacharelado,Capitais,Presencial,Masculino,Parda,0.6574851786884728
CAND_02910,8.8,46.0,Doutorado,Capitais,Remoto,Masculino,Indígena,0.8131688074454981
CAND_02911,3.4,44.0,Mestrado,Capitais,Remoto,Masculino,Branca,0.9078474591608392
CAND_02912,10.3,27.0,Bacharelado,Capitais,Remoto,Masculino,Parda,0.6588375219866768
CAND_02913,8.2,54.0,Bacharelado,Capitais,Presencial,Masculino,Parda,0.7525706209833828
CAND_02914,9.5,83.0,Bacharelado,Capitais,Híbrido,Masculino,Parda,0.9041160117369744
CAND_02915,5.8,54.0,Mestrado,Região Metropolitana,Presencial,Masculino,Branca,0.8155888475897435
CAND_02916,4.2,84.0,Bacharelado,Capitais,Remoto,Feminino,Parda,0.4981436100282461
CAND_02917,3.4,41.0,Mestrado,Capitais,Híbrido,Feminino,Branca,0.5871891266403271
CAND_02918,10.3,46.0,Doutorado,Região Metropolitana,Híbrido,Masculino,Branca,0.9466460953696361
CAND_02919,8.3,50.0,Doutorado,Região Metropolitana,Presencial,Masculino,Branca,0.8498612645088242
CAND_02920,2.0,47.0,Bacharelado,Região Metropolitana,Remoto,Feminino,Branca,0.5270401533906612
CAND_02921,7.9,67.0,Mestrado,Região Metropolitana,Híbrido,Feminino,Branca,0.7323948403452484
CAND_02922,2.5,17.0,Bacharelado,Região Metropolitana,Remoto,Masculino,Branca,0.3598296032945392
CAND_02923,6.0,43.0,Bacharelado,Região Metropolitana,Híbrido,Masculino,Branca,0.6452061363362221
CAND_02924,7.5,75.0,Ensino Médio,Capitais,Híbrido,Feminino,Preta,0.433269310436606
CAND_02925,9.4,43.0,Bacharelado,Capitais,Remoto,Feminino,Branca,0.6665692394744114
CAND_02926,5.7,64.0,Bacharelado,Capitais,Presencial,Feminino,Branca,0.3140414716653408
CAND_02927,4.6,59.0,Mestrado,Capitais,Remoto,Feminino,Branca,0.5672615689711883
CAND_02928,5.1,49.0,Mestrado,Capitais,Presencial,Feminino,Branca,0.6720006320198413
CAND_02929,8.2,55.0,Bacharelado,Região Metropolitana,Presencial,Masculino,Branca,0.8374148444431135
CAND_02930,7.4,49.0,Bacharelado,Região Metropolitana,Híbrido,Masculino,Branca,0.5416651053409403
CAND_02931,5.0,18.0,Bacharelado,Região Metropolitana,Remoto,Masculino,Amarela,0.22958449244822138
CAND_02932,0.0,57.0,Bacharelado,Capitais,Remoto,Masculino,Parda,0.6192062447336304
CAND_02933,0.0,41.0,Bacharelado,Capitais,Híbrido,Masculino,Branca,0.5527401583267378
CAND_02934,5.7,29.0,Mestrado,Capitais,Híbrido,Masculino,Branca,0.6570413036371406
CAND_02935,1.5,56.0,Ensino Médio,Região Metropolitana,Híbrido,Masculino,Branca,0.5580011692090187
CAND_02936,3.4,55.0,Mestrado,Região Metropolitana,Remoto,Feminino,Branca,0.4640077374363822
CAND_02937,4.3,65.0,Bacharelado,Interior,Híbrido,Masculino,Amarela,0.3626286556753903
CAND_02938,11.2,46.0,Bacharelado,Capitais,Presencial,Masculino,Preta,0.6171221117977774
CAND_02939,5.4,63.0,Mestrado,Região Metropolitana,Remoto,Feminino,Amarela,0.43950623551942075
CAND_02940,7.2,50.0,Bacharelado,Capitais,Remoto,Feminino,Preta,0.3020354037850305
CAND_02941,6.5,55.0,Mestrado,Capitais,Remoto,Masculino,Branca,0.9303059189972209
CAND_02942,0.0,56.0,Bacharelado,Região Metropolitana,Híbrido,Masculino,Branca,0.5158776233164422
CAND_02943,3.8,30.0,Mestrado,Interior,Presencial,Masculino,Branca,0.5038977473596109
CAND_02944,1.3,56.0,Mestrado,Capitais,Presencial,Feminino,Branca,0.4797651050199668
CAND_02945,10.2,52.0,Bacharelado,Capitais,Híbrido,Feminino,Parda,0.4152872639880099
CAND_02946,0.0,46.0,Mestrado,Capitais,Presencial,Masculino,Preta,0.44000838608840886
CAND_02947,3.7,52.0,Bacharelado,Região Metropolitana,Híbrido,Masculino,Parda,0.6968011741615376
CAND_02948,4.2,88.0,Bacharelado,Interior,Presencial,Feminino,Branca,0.5701894365714835
CAND_02949,2.0,21.0,Mestrado,Região Metropolitana,Presencial,Feminino,Branca,0.34994527801427816
CAND_02950,5.3,48.0,Ensino Médio,Capitais,Híbrido,Masculino,Branca,0.49525241660125185
CAND_02951,4.9,62.0,Bacharelado,Capitais,Presencial,Masculino,Branca,0.8147674686935288
CAND_02952,5.5,31.0,Bacharelado,Região Metropolitana,Presencial,Masculino,Preta,0.5174810335389441
CAND_02953,6.5,56.0,Bacharelado,Interior,Presencial,Masculino,Branca,0.592964550609955
CAND_02954,5.7,55.0,Bacharelado,Interior,Presencial,Masculino,Branca,0.5958923388023109
CAND_02955,6.1,26.0,Mestrado,Região Metropolitana,Presencial,Masculino,Preta,0.50299811629027
CAND_02956,8.3,41.0,Bacharelado,Capitais,Híbrido,Feminino,Preta,0.2893480701974812
CAND_02957,0.1,77.0,Bacharelado,Capitais,Presencial,Masculino,Branca,0.6922430783893095
CAND_02958,7.1,26.0,Mestrado,Capitais,Remoto,Masculino,Parda,0.6460387669089113
CAND_02959,1.9,43.0,Bacharelado,Capitais,Remoto,Feminino,Branca,0.4893874028232046
CAND_02960,3.1,48.0,Mestrado,Capitais,Remoto,Masculino,Branca,0.7963944758222896
CAND_02961,5.4,50.0,Bacharelado,Região Metropolitana,Híbrido,Feminino,Branca,0.24488922765534535
CAND_02962,6.2,44.0,Bacharelado,Região Metropolitana,Presencial,Feminino,Indígena,0.3676121624893979
CAND_02963,6.6,51.0,Bacharelado,Capitais,Presencial,Masculino,Preta,0.5016864636657243
CAND_02964,2.2,49.0,Bacharelado,Capitais,Híbrido,Masculino,Branca,0.5610028000959251
CAND_02965,9.9,61.0,Mestrado,Interior,Remoto,Feminino,Amarela,0.48509798069601373
CAND_02966,3.7,63.0,Bacharelado,Capitais,Presencial,Masculino,Branca,0.7914297403393626
CAND_02967,2.8,57.0,Bacharelado,Região Metropolitana,Remoto,Masculino,Branca,0.5032121168410533
CAND_02968,1.2,54.0,Doutorado,Capitais,Híbrido,Feminino,Branca,0.6139464035114693
CAND_02969,0.9,27.0,Bacharelado,Capitais,Híbrido,Masculino,Branca,0.6430018254896019
CAND_02970,0.8,52.0,Ensino Médio,Capitais,Híbrido,Masculino,Indígena,0.34668659710659033
CAND_02971,5.9,67.0,Ensino Médio,Capitais,Presencial,Masculino,Branca,0.7575998970441319
CAND_02972,6.8,26.0,Bacharelado,Região Metropolitana,Híbrido,Feminino,Preta,0.13173054535617554
CAND_02973,2.4,30.0,Bacharelado,Capitais,Híbrido,Masculino,Indígena,0.41965217913995245
CAND_02974,1.6,72.0,Bacharelado,Capitais,Remoto,Masculino,Preta,0.4381095407640258
CAND_02975,4.4,28.0,Bacharelado,Região Metropolitana,Híbrido,Masculino,Branca,0.5057931057280491
CAND_02976,5.3,48.0,Mestrado,Capitais,Híbrido,Masculino,Branca,0.8100149618733865
CAND_02977,5.8,42.0,Mestrado,Interior,Híbrido,Masculino,Branca,0.5953659985652162
CAND_02978,2.1,71.0,Bacharelado,Capitais,Híbrido,Feminino,Amarela,0.40336002567693174
CAND_02979,4.5,55.0,Bacharelado,Capitais,Híbrido,Masculino,Amarela,0.6174411756123704
CAND_02980,9.7,62.0,Doutorado,Capitais,Presencial,Masculino,Preta,0.8529358477727684
CAND_02981,1.4,51.0,Doutorado,Região Metropolitana,Presencial,Masculino,Branca,0.605988485948374
CAND_02982,4.9,80.0,Doutorado,Capitais,Híbrido,Feminino,Parda,0.7988105342218224
CAND_02983,6.5,39.0,Mestrado,Capitais,Híbrido,Masculino,Parda,0.7321052695258699
CAND_02984,2.1,55.0,Bacharelado,Capitais,Híbrido,Não-binário,Parda,0.38063538652978623
CAND_02985,6.8,69.0,Bacharelado,Interior,Remoto,Masculino,Branca,0.6947785966946233
CAND_02986,1.0,72.0,Doutorado,Região Metropolitana,Híbrido,Feminino,Branca,0.5447741859201202
CAND_02987,6.9,46.0,Mestrado,Região Metropolitana,Híbrido,Masculino,Parda,0.512213546404094
CAND_02988,5.1,20.0,Mestrado,Capitais,Híbrido,Feminino,Branca,0.5148988960837901
CAND_02989,0.7,44.0,Mestrado,Região Metropolitana,Híbrido,Feminino,Branca,0.44825213614985704
CAND_02990,7.1,76.0,Bacharelado,Região Metropolitana,Presencial,Masculino,Preta,0.5770969368990239
CAND_02991,2.3,39.0,Bacharelado,Capitais,Presencial,Masculino,Branca,0.45515159243366066
CAND_02992,4.5,54.0,Bacharelado,Capitais,Híbrido,Feminino,Branca,0.5235684632683208
CAND_02993,6.9,45.0,Bacharelado,Capitais,Presencial,Feminino,Branca,0.5630387681181178
CAND_02994,2.1,49.0,Bacharelado,Capitais,Remoto,Masculino,Parda,0.7740082510175715
CAND_02995,3.4,70.0,Bacharelado,Capitais,Remoto,Masculino,Branca,0.7864150228008975
CAND_02996,8.4,54.0,Mestrado,Capitais,Presencial,Feminino,Amarela,0.25954121067301034
CAND_02997,0.0,81.0,Bacharelado,Capitais,Presencial,Masculino,Parda,0.725758038757271
CAND_02998,9.3,65.0,Mestrado,Região Metropolitana,Remoto,Masculino,Amarela,0.7635949034124536
CAND_02999,0.6,52.0,Bacharelado,Interior,Híbrido,Feminino,Preta,0.0
CAND_03000,2.9,49.0,Mestrado,Capitais,Presencial,Feminino,Branca,0.3498141758485377
CAND_03001,5.8,55.0,Ensino Médio,Região Metropolitana,Híbrido,Feminino,Branca,0.6234694275469299
CAND_03002,6.8,32.0,Bacharelado,Região Metropolitana,Presencial,Masculino,Parda,0.5761482961940959
CAND_03003,5.9,34.0,Bacharelado,Capitais,Híbrido,Feminino,Branca,0.4003307382487711
CAND_03004,5.1,61.0,Bacharelado,Interior,Híbrido,Masculino,Preta,0.4258234588921502
CAND_03005,3.7,64.0,Ensino Médio,Capitais,Remoto,Feminino,Branca,0.38675457357353876
CAND_03006,9.7,30.0,Bacharelado,Interior,Híbrido,Não-binário,Branca,0.22021883549436524
CAND_03007,7.3,63.0,Bacharelado,Região Metropolitana,Remoto,Masculino,Branca,0.7099431131251138
CAND_03008,8.5,47.0,Mestrado,Capitais,Remoto,Masculino,Branca,0.8319354788400427
CAND_03009,3.7,38.0,Mestrado,Capitais,Remoto,Feminino,Preta,0.16518682410786373
CAND_03010,0.0,45.0,Bacharelado,Capitais,Híbrido,Masculino,Branca,0.6359654848895275
CAND_03011,8.1,63.0,Bacharelado,Capitais,Híbrido,Masculino,Branca,0.883109512911957
CAND_03012,6.1,59.0,Ensino Médio,Região Metropolitana,Híbrido,Feminino,Branca,0.45536376411812374
CAND_03013,5.5,54.0,Bacharelado,Região Metropolitana,Presencial,Feminino,Branca,0.456180177930475
CAND_03014,3.3,56.0,Bacharelado,Capitais,Híbrido,Não-binário,Parda,0.4746798860364747
CAND_03015,4.0,33.0,Bacharelado,Interior,Remoto,Masculino,Preta,0.27155709770951514
CAND_03016,3.2,58.0,Bacharelado,Capitais,Remoto,Masculino,Branca,0.588887335599178
CAND_03017,5.1,43.0,Bacharelado,Capitais,Híbrido,Feminino,Branca,0.5962161927235394
CAND_03018,1.6,80.0,Bacharelado,Capitais,Híbrido,Masculino,Branca,0.8290965225608743
CAND_03019,7.3,44.0,Mestrado,Capitais,Híbrido,Masculino,Preta,0.4682992415016121
CAND_03020,11.1,83.0,Bacharelado,Região Metropolitana,Híbrido,Feminino,Branca,0.5397763976519753
CAND_03021,3.2,48.0,Bacharelado,Interior,Remoto,Feminino,Parda,0.28497192808525973
CAND_03022,0.2,49.0,Bacharelado,Capitais,Presencial,Masculino,Branca,0.6227935128182206
CAND_03023,4.7,46.0,Mestrado,Capitais,Presencial,Masculino,Branca,0.754434528313879
CAND_03024,5.9,31.0,Ensino Médio,Capitais,Presencial,Feminino,Amarela,0.3300441854727423
CAND_03025,6.4,70.0,Mestrado,Região Metropolitana,Remoto,Masculino,Amarela,0.605094132900371
CAND_03026,9.8,51.0,Bacharelado,Interior,Híbrido,Masculino,Branca,0.6886511328579099
CAND_03027,7.4,59.0,Mestrado,Capitais,Presencial,Masculino,Branca,0.8902633973988416
CAND_03028,0.0,74.0,Bacharelado,Região Metropolitana,Remoto,Masculino,Branca,0.6015073391121741
CAND_03029,1.3,48.0,Bacharelado,Capitais,Híbrido,Masculino,Branca,0.6957571861220363
CAND_03030,6.2,49.0,Mestrado,Capitais,Híbrido,Masculino,Branca,0.9060720251324349
CAND_03031,3.6,52.0,Bacharelado,Capitais,Híbrido,Masculino,Amarela,0.438573600126199
CAND_03032,9.5,31.0,Bacharelado,Capitais,Híbrido,Masculino,Parda,0.48140452217481705
CAND_03033,2.2,23.0,Bacharelado,Região Metropolitana,Presencial,Masculino,Parda,0.3567212183295476
CAND_03034,7.9,27.0,Bacharelado,Região Metropolitana,Híbrido,Masculino,Preta,0.37255680805443625
CAND_03035,3.1,69.0,Bacharelado,Capitais,Remoto,Masculino,Branca,0.580517256203295
CAND_03036,5.8,45.0,Mestrado,Região Metropolitana,Híbrido,Feminino,Branca,0.44382895691336566
CAND_03037,2.5,62.0,Ensino Médio,Capitais,Presencial,Masculino,Branca,0.6511834924149559
CAND_03038,6.7,46.0,Mestrado,Região Metropolitana,Presencial,Masculino,Indígena,0.632169311755896
CAND_03039,8.2,26.0,Bacharelado,Capitais,Híbrido,Masculino,Branca,0.7663746368755557
CAND_03040,5.8,63.0,Mestrado,Capitais,Remoto,Feminino,Branca,0.6531737932478221
CAND_03041,10.7,37.0,Mestrado,Capitais,Remoto,Masculino,Parda,0.7449046636000418
CAND_03042,2.8,59.0,Bacharelado,Capitais,Híbrido,Masculino,Branca,0.6516605914445077
CAND_03043,5.3,64.0,Bacharelado,Capitais,Híbrido,Masculino,Branca,0.7565160370742996
CAND_03044,7.5,49.0,Bacharelado,Capitais,Remoto,Masculino,Branca,0.8261770071180866
CAND_03045,2.2,57.0,Mestrado,Capitais,Presencial,Feminino,Branca,0.5750952649418297
CAND_03046,5.2,29.0,Mestrado,Capitais,Remoto,Feminino,Preta,0.22289590435119958
CAND_03047,7.0,94.0,Bacharelado,Região Metropolitana,Híbrido,Masculino,Preta,0.7479735656442448
CAND_03048,7.8,57.0,Bacharelado,Interior,Remoto,Feminino,Branca,0.40120279701240913
CAND_03049,8.4,62.0,Bacharelado,Região Metropolitana,Remoto,Masculino,Amarela,0.6749618769772264
CAND_03050,2.4,64.0,Bacharelado,Capitais,Híbrido,Masculino,Branca,0.6600118199499341
CAND_03051,5.9,48.0,Bacharelado,Capitais,Remoto,Masculino,Preta,0.34906080165592124
CAND_03052,1.1,51.0,Bacharelado,Região Metropolitana,Remoto,Feminino,Preta,0.1335140471657682
CAND_03053,2.8,66.0,Mestrado,Região Metropolitana,Presencial,Masculino,Branca,0.5394092027284276
CAND_03054,4.5,44.0,Ensino Médio,Capitais,Híbrido,Masculino,Parda,0.5366149927640367
CAND_03055,8.4,56.0,Bacharelado,Capitais,Híbrido,Masculino,Branca,0.8726034733255621
CAND_03056,6.6,57.0,Bacharelado,Capitais,Remoto,Masculino,Preta,0.5890975757722068
CAND_03057,5.1,39.0,Bacharelado,Região Metropolitana,Remoto,Feminino,Branca,0.5418794603728803
CAND_03058,6.3,57.0,Bacharelado,Capitais,Presencial,Feminino,Preta,0.23359581981562821
CAND_03059,6.6,25.0,Bacharelado,Capitais,Híbrido,Feminino,Preta,0.07516180426988402
CAND_03060,6.1,64.0,Bacharelado,Capitais,Híbrido,Masculino,Amarela,0.6435280204439228
CAND_03061,3.3,74.0,Mestrado,Região Metropolitana,Remoto,Feminino,Branca,0.4875279373988911
CAND_03062,2.1,64.0,Mestrado,Capitais,Remoto,Masculino,Branca,0.7696603168521405
CAND_03063,4.3,72.0,Bacharelado,Capitais,Presencial,Feminino,Branca,0.4714654060954298
CAND_03064,2.6,39.0,Bacharelado,Capitais,Híbrido,Feminino,Branca,0.36256691613200837
CAND_03065,6.9,47.0,Bacharelado,Interior,Híbrido,Masculino,Branca,0.5266431421995156
CAND_03066,9.6,52.0,Mestrado,Capitais,Híbrido,Masculino,Branca,0.8486332520991954
CAND_03067,6.7,52.0,Bacharelado,Região Metropolitana,Remoto,Masculino,Preta,0.43057571057235056
CAND_03068,0.0,43.0,Bacharelado,Capitais,Híbrido,Não-binário,Preta,0.09418099256335405
CAND_03069,3.1,36.0,Bacharelado,Interior,Presencial,Masculino,Amarela,0.27836021059278115
CAND_03070,5.1,76.0,Mestrado,Capitais,Híbrido,Feminino,Branca,0.7032936746426999
CAND_03071,0.7,38.0,Bacharelado,Capitais,Híbrido,Masculino,Branca,0.5320619200422377
CAND_03072,5.1,75.0,Bacharelado,Capitais,Híbrido,Masculino,Branca,0.8507476965766854
CAND_03073,6.4,57.0,Bacharelado,Capitais,Presencial,Feminino,Branca,0.6591099301907553
CAND_03074,9.2,53.0,Mestrado,Capitais,Remoto,Feminino,Branca,0.5296682832178045
CAND_03075,10.5,58.0,Bacharelado,Capitais,Remoto,Feminino,Branca,0.5424210856394424
CAND_03076,1.4,73.0,Mestrado,Interior,Híbrido,Masculino,Branca,0.6905809256750948
CAND_03077,4.7,11.0,Bacharelado,Capitais,Híbrido,Masculino,Branca,0.6169635581689356
CAND_03078,4.7,55.0,Bacharelado,Região Metropolitana,Remoto,Feminino,Preta,0.18137053997147667
CAND_03079,2.9,52.0,Bacharelado,Região Metropolitana,Híbrido,Não-binário,Branca,0.42631745452373637
CAND_03080,5.3,53.0,Mestrado,Capitais,Presencial,Masculino,Branca,0.7297089902793962
CAND_03081,4.8,64.0,Bacharelado,Capitais,Híbrido,Masculino,Branca,0.7499174959602678
CAND_03082,6.8,41.0,Mestrado,Interior,Híbrido,Masculino,Branca,0.5978319825537647
CAND_03083,9.1,33.0,Bacharelado,Capitais,Híbrido,Feminino,Parda,0.4759448964772458
CAND_03084,5.4,29.0,Mestrado,Capitais,Remoto,Masculino,Amarela,0.6128802797232094
CAND_03085,3.5,36.0,Bacharelado,Região Metropolitana,Híbrido,Feminino,Preta,0.36195301656482504
CAND_03086,1.9,60.0,Bacharelado,Capitais,Remoto,Feminino,Preta,0.09126410621225561
CAND_03087,11.1,58.0,Ensino Médio,Interior,Presencial,Feminino,Branca,0.3972978730185282
CAND_03088,7.7,63.0,Mestrado,Capitais,Híbrido,Masculino,Branca,0.7865859516377737
CAND_03089,6.2,43.0,Mestrado,Interior,Híbrido,Feminino,Branca,0.5338785413128987
CAND_03090,4.5,44.0,Bacharelado,Capitais,Remoto,Feminino,Indígena,0.4349730363205
CAND_03091,9.8,75.0,Bacharelado,Capitais,Presencial,Feminino,Preta,0.5350934398603956
CAND_03092,4.5,65.0,Bacharelado,Região Metropolitana,Híbrido,Feminino,Branca,0.4606218223938311
CAND_03093,0.0,61.0,Bacharelado,Interior,Remoto,Masculino,Amarela,0.31526430390767374
CAND_03094,5.8,23.0,Ensino Médio,Capitais,Híbrido,Feminino,Branca,0.1991718803758953
CAND_03095,1.3,79.0,Bacharelado,Região Metropolitana,Presencial,Masculino,Branca,0.7650495448410868
CAND_03096,5.8,49.0,Bacharelado,Região Metropolitana,Remoto,Masculino,Parda,0.6511115526451661
CAND_03097,9.0,53.0,Mestrado,Capitais,Híbrido,Masculino,Branca,0.7956831432072543
CAND_03098,0.0,57.0,Bacharelado,Capitais,Híbrido,Feminino,Branca,0.5060373634503582
CAND_03099,2.3,52.0,Mestrado,Capitais,Híbrido,Masculino,Branca,0.68398317552621
CAND_03100,7.6,47.0,Bacharelado,Região Metropolitana,Presencial,Feminino,Branca,0.3050515654366456
CAND_03101,3.5,52.0,Mestrado,Capitais,Híbrido,Não-binário,Branca,0.6057915041305193
CAND_03102,6.2,60.0,Bacharelado,Capitais,Híbrido,Masculino,Branca,0.9373480107354606
CAND_03103,6.3,63.0,Bacharelado,Capitais,Híbrido,Não-binário,Branca,0.39139565396270937
CAND_03104,7.7,68.0,Bacharelado,Região Metropolitana,Presencial,Masculino,Preta,0.5527048183548403
CAND_03105,3.1,34.0,Bacharelado,Interior,Híbrido,Feminino,Branca,0.3970966524130539
CAND_03106,0.0,42.0,Mestrado,Região Metropolitana,Híbrido,Feminino,Branca,0.23575503914370705
CAND_03107,6.2,63.0,Mestrado,Capitais,Híbrido,Masculino,Branca,0.6138722902669337
CAND_03108,0.3,26.0,Mestrado,Região Metropolitana,Presencial,Não-binário,Branca,0.23634920942916782
CAND_03109,7.8,52.0,Bacharelado,Região Metropolitana,Híbrido,Feminino,Parda,0.4729028399821735
CAND_03110,4.9,38.0,Bacharelado,Região Metropolitana,Híbrido,Feminino,Branca,0.5287513932404975
CAND_03111,4.1,58.0,Bacharelado,Região Metropolitana,Remoto,Masculino,Amarela,0.692302460079472
CAND_03112,7.1,37.0,Mestrado,Região Metropolitana,Presencial,Masculino,Amarela,0.5574457328078265
CAND_03113,0.0,45.0,Bacharelado,Capitais,Remoto,Masculino,Branca,0.4052714545458327
CAND_03114,4.4,46.0,Doutorado,Capitais,Híbrido,Masculino,Parda,0.7672730333723667
CAND_03115,6.3,54.0,Bacharelado,Interior,Híbrido,Masculino,Branca,0.5779036343286098
CAND_03116,5.8,64.0,Bacharelado,Capitais,Remoto,Feminino,Branca,0.6677173313702671
CAND_03117,3.5,65.0,Mestrado,Capitais,Remoto,Masculino,Amarela,0.39095513955617944
CAND_03118,3.6,53.0,Mestrado,Capitais,Presencial,Masculino,Preta,0.5766228419998073
CAND_03119,9.6,33.0,Bacharelado,Região Metropolitana,Híbrido,Masculino,Branca,0.8322671421531288
CAND_03120,7.7,89.0,Mestrado,Capitais,Híbrido,Feminino,Branca,0.7820992813631278
CAND_03121,3.0,49.0,Mestrado,Região Metropolitana,Híbrido,Masculino,Preta,0.5228027294040051
CAND_03122,9.0,54.0,Mestrado,Capitais,Híbrido,Feminino,Branca,0.7244415156310311
CAND_03123,7.3,54.0,Mestrado,Capitais,Híbrido,Feminino,Branca,0.39591159310157387
CAND_03124,6.5,55.0,Bacharelado,Capitais,Híbrido,Feminino,Branca,0.5663115733199405
CAND_03125,6.6,37.0,Bacharelado,Capitais,Híbrido,Masculino,Branca,0.7137198483613645
CAND_03126,1.6,57.0,Mestrado,Capitais,Remoto,Masculino,Branca,0.6037009586610315
CAND_03127,9.5,77.0,Bacharelado,Região Metropolitana,Remoto,Feminino,Branca,0.6794833674920829
CAND_03128,7.9,20.0,Bacharelado,Capitais,Presencial,Masculino,Branca,0.47354693552305543
CAND_03129,5.7,50.0,Mestrado,Região Metropolitana,Híbrido,Feminino,Branca,0.516318608783333
CAND_03130,5.7,33.0,Bacharelado,Interior,Híbrido,Feminino,Parda,0.29056228262401385
CAND_03131,4.7,65.0,Bacharelado,Região Metropolitana,Presencial,Masculino,Parda,0.8982731749530074
CAND_03132,3.3,67.0,Bacharelado,Região Metropolitana,Remoto,Masculino,Branca,0.5936276455024785
CAND_03133,6.6,48.0,Bacharelado,Interior,Híbrido,Masculino,Branca,0.6479822682589536
CAND_03134,2.6,51.0,Bacharelado,Região Metropolitana,Remoto,Masculino,Amarela,0.28424828791244716
CAND_03135,5.5,37.0,Mestrado,Região Metropolitana,Híbrido,Feminino,Branca,0.5728610400961724
CAND_03136,5.3,15.0,Mestrado,Região Metropolitana,Remoto,Masculino,Branca,0.5608578555347243
CAND_03137,6.2,46.0,Bacharelado,Interior,Híbrido,Feminino,Branca,0.4152512934004611
CAND_03138,7.8,47.0,Bacharelado,Região Metropolitana,Remoto,Masculino,Parda,0.5534663351721039
CAND_03139,6.2,51.0,Mestrado,Capitais,Presencial,Masculino,Branca,0.8318357377228015
CAND_03140,7.1,1.0,Doutorado,Capitais,Remoto,Feminino,Branca,0.3869008761898465
CAND_03141,0.0,24.0,Ensino Médio,Capitais,Híbrido,Feminino,Preta,0.0
CAND_03142,6.4,28.0,Bacharelado,Região Metropolitana,Híbrido,Masculino,Branca,0.4789461534056071
CAND_03143,5.2,51.0,Bacharelado,Região Metropolitana,Remoto,Masculino,Branca,0.6225286391550336
CAND_03144,6.1,59.0,Bacharelado,Capitais,Remoto,Masculino,Branca,0.7854820892558555
CAND_03145,3.4,33.0,Ensino Médio,Região Metropolitana,Remoto,Masculino,Branca,0.4981870907667495
CAND_03146,8.5,46.0,Doutorado,Interior,Presencial,Feminino,Amarela,0.4277098705706477
CAND_03147,5.8,41.0,Ensino Médio,Região Metropolitana,Presencial,Masculino,Parda,0.47230610225050473
CAND_03148,2.8,80.0,Bacharelado,Capitais,Remoto,Masculino,Amarela,0.7356999134462839
CAND_03149,3.3,44.0,Bacharelado,Região Metropolitana,Remoto,Feminino,Amarela,0.15788332660714888
CAND_03150,7.7,44.0,Mestrado,Interior,Híbrido,Feminino,Branca,0.5931724608941122
CAND_03151,4.7,38.0,Bacharelado,Capitais,Presencial,Masculino,Branca,0.6792106062797801
CAND_03152,5.0,21.0,Ensino Médio,Capitais,Híbrido,Feminino,Branca,0.5404767427991755
CAND_03153,4.4,60.0,Bacharelado,Capitais,Híbrido,Feminino,Branca,0.5438772076685858
CAND_03154,8.0,46.0,Bacharelado,Região Metropolitana,Presencial,Masculino,Indígena,0.3876179764626556
CAND_03155,6.4,44.0,Mestrado,Região Metropolitana,Híbrido,Feminino,Branca,0.48024070312149014
CAND_03156,1.4,53.0,Mestrado,Capitais,Remoto,Masculino,Branca,0.6893049658155694
CAND_03157,2.1,26.0,Bacharelado,Capitais,Híbrido,Masculino,Branca,0.7090336599913425
CAND_03158,5.0,77.0,Bacharelado,Capitais,Híbrido,Não-binário,Branca,0.3819338484520016
CAND_03159,3.1,23.0,Bacharelado,Capitais,Remoto,Masculino,Branca,0.46361771288292636
CAND_03160,0.0,77.0,Bacharelado,Região Metropolitana,Remoto,Masculino,Parda,0.6299379329455684
CAND_03161,2.8,50.0,Bacharelado,Capitais,Presencial,Masculino,Branca,0.6874240321775268
CAND_03162,4.2,44.0,Bacharelado,Capitais,Híbrido,Masculino,Branca,0.7850533575247312
CAND_03163,3.8,60.0,Bacharelado,Região Metropolitana,Híbrido,Masculino,Branca,0.46955885954447363
CAND_03164,7.2,45.0,Mestrado,Região Metropolitana,Híbrido,Masculino,Amarela,0.4526263915050639
CAND_03165,0.0,64.0,Mestrado,Interior,Híbrido,Feminino,Amarela,0.2403272421034096
CAND_03166,2.7,55.0,Doutorado,Capitais,Híbrido,Feminino,Preta,0.31777998838460336
CAND_03167,7.4,61.0,Bacharelado,Capitais,Híbrido,Feminino,Preta,0.41289028470445455
CAND_03168,3.0,66.0,Ensino Médio,Região Metropolitana,Presencial,Masculino,Preta,0.36093911223899694
CAND_03169,1.4,47.0,Bacharelado,Capitais,Presencial,Masculino,Branca,0.7197246809335804
CAND_03170,3.0,64.0,Mestrado,Capitais,Remoto,Feminino,Preta,0.24982582591017433
CAND_03171,6.3,58.0,Mestrado,Capitais,Remoto,Masculino,Preta,0.532947671872497
CAND_03172,4.2,70.0,Ensino Médio,Capitais,Presencial,Masculino,Branca,0.708567571849178
CAND_03173,2.8,44.0,Mestrado,Capitais,Remoto,Masculino,Parda,0.5595142262108573
CAND_03174,6.4,70.0,Bacharelado,Capitais,Híbrido,Feminino,Branca,0.6195796898209469
CAND_03175,6.1,38.0,Bacharelado,Região Metropolitana,Remoto,Feminino,Branca,0.38036621432525164
CAND_03176,1.2,20.0,Bacharelado,Região Metropolitana,Presencial,Masculino,Branca,0.4855721847611888
CAND_03177,5.3,30.0,Mestrado,Capitais,Presencial,Feminino,Parda,0.4525073825649067
CAND_03178,1.1,45.0,Bacharelado,Capitais,Híbrido,Feminino,Branca,0.3276169413696933
CAND_03179,8.5,54.0,Bacharelado,Capitais,Remoto,Masculino,Branca,0.840982635120043
CAND_03180,8.7,50.0,Bacharelado,Capitais,Híbrido,Masculino,Branca,0.7983434264970348
CAND_03181,4.1,62.0,Bacharelado,Região Metropolitana,Remoto,Feminino,Amarela,0.22105637881681334
CAND_03182,8.2,32.0,Mestrado,Região Metropolitana,Híbrido,Feminino,Branca,0.5795815057909206
CAND_03183,2.7,76.0,Bacharelado,Capitais,Presencial,Masculino,Branca,0.7694122413642536
CAND_03184,4.6,70.0,Mestrado,Capitais,Remoto,Masculino,Branca,0.9293174118717639
CAND_03185,3.2,64.0,Bacharelado,Capitais,Presencial,Feminino,Branca,0.6618860378819726
CAND_03186,4.9,69.0,Ensino Médio,Interior,Remoto,Feminino,Branca,0.2644722367404969
CAND_03187,5.2,27.0,Mestrado,Região Metropolitana,Remoto,Não-binário,Parda,0.4805981103757486
CAND_03188,5.0,60.0,Mestrado,Capitais,Presencial,Masculino,Preta,0.5951854101028936
CAND_03189,4.7,61.0,Bacharelado,Interior,Híbrido,Feminino,Parda,0.36903631622589195
CAND_03190,5.4,65.0,Bacharelado,Capitais,Presencial,Masculino,Branca,0.6993984088149318
CAND_03191,8.8,63.0,Ensino Médio,Capitais,Híbrido,Feminino,Branca,0.6119619605908507
CAND_03192,0.0,57.0,Mestrado,Capitais,Remoto,Masculino,Branca,0.4559339001306322
CAND_03193,10.8,56.0,Doutorado,Região Metropolitana,Híbrido,Masculino,Parda,0.7297171876960369
CAND_03194,3.9,68.0,Bacharelado,Interior,Presencial,Feminino,Branca,0.21376289343131577
CAND_03195,4.8,41.0,Bacharelado,Capitais,Presencial,Masculino,Branca,0.6461043487297983
CAND_03196,9.0,56.0,Mestrado,Interior,Remoto,Feminino,Branca,0.6398640663745861
CAND_03197,6.8,42.0,Bacharelado,Capitais,Remoto,Feminino,Branca,0.5300269573078794
CAND_03198,6.6,48.0,Bacharelado,Região Metropolitana,Presencial,Masculino,Preta,0.4832909614405368
CAND_03199,8.7,10.0,Bacharelado,Interior,Presencial,Masculino,Branca,0.4407937440720645
CAND_03200,4.5,37.0,Bacharelado,Capitais,Presencial,Feminino,Branca,0.4391411350966637
CAND_03201,7.8,43.0,Bacharelado,Capitais,Híbrido,Não-binário,Branca,0.2987048705971346
CAND_03202,1.2,44.0,Bacharelado,Região Metropolitana,Híbrido,Masculino,Preta,0.40532641973620687
CAND_03203,6.3,45.0,Bacharelado,Capitais,Híbrido,Masculino,Branca,0.7570312877645273
CAND_03204,6.7,32.0,Bacharelado,Capitais,Presencial,Feminino,Preta,0.2902851513667835
CAND_03205,8.4,45.0,Bacharelado,Região Metropolitana,Remoto,Não-binário,Branca,0.4824330872161863
CAND_03206,7.1,66.0,Bacharelado,Capitais,Remoto,Masculino,Preta,0.5101461485904818
CAND_03207,5.6,46.0,Bacharelado,Interior,Híbrido,Masculino,Parda,0.5472869111345516
CAND_03208,4.0,69.0,Bacharelado,Capitais,Remoto,Feminino,Branca,0.5262652136592298
CAND_03209,4.0,68.0,Mestrado,Interior,Remoto,Feminino,Amarela,0.2438380176114405
CAND_03210,4.0,41.0,Ensino Médio,Região Metropolitana,Híbrido,Masculino,Branca,0.6574123647542296
CAND_03211,1.1,59.0,Mestrado,Capitais,Híbrido,Não-binário,Branca,0.5588701608730775
CAND_03212,10.2,30.0,Bacharelado,Capitais,Remoto,Masculino,Amarela,0.4762412278595496
CAND_03213,8.0,34.0,Bacharelado,Região Metropolitana,Remoto,Masculino,Branca,0.6836962725288747
CAND_03214,5.8,52.0,Mestrado,Capitais,Presencial,Feminino,Branca,0.6817164627466292
CAND_03215,7.4,58.0,Bacharelado,Capitais,Presencial,Masculino,Branca,0.6327072727812927
CAND_03216,7.3,74.0,Mestrado,Região Metropolitana,Híbrido,Feminino,Branca,0.6534763193304377
CAND_03217,2.0,48.0,Bacharelado,Região Metropolitana,Presencial,Feminino,Amarela,0.19361170099254219
CAND_03218,6.9,53.0,Doutorado,Região Metropolitana,Presencial,Masculino,Parda,0.5813790946124148
CAND_03219,8.8,51.0,Ensino Médio,Capitais,Híbrido,Masculino,Branca,0.6339431954180581
CAND_03220,3.0,77.0,Bacharelado,Capitais,Presencial,Masculino,Preta,0.39553100624142673
CAND_03221,0.4,70.0,Doutorado,Interior,Remoto,Feminino,Parda,0.3751135401801155
CAND_03222,1.5,56.0,Bacharelado,Capitais,Híbrido,Masculino,Branca,0.6753767778849445
CAND_03223,4.7,62.0,Doutorado,Região Metropolitana,Híbrido,Masculino,Branca,0.6502225944381217
CAND_03224,1.3,55.0,Mestrado,Capitais,Presencial,Feminino,Branca,0.42438864644611507
CAND_03225,4.5,66.0,Bacharelado,Capitais,Híbrido,Masculino,Preta,0.4848550546034678
CAND_03226,3.0,63.0,Ensino Médio,Capitais,Remoto,Masculino,Branca,0.845838424618317
CAND_03227,5.0,45.0,Bacharelado,Capitais,Remoto,Masculino,Parda,0.5735641406515584
CAND_03228,3.5,51.0,Bacharelado,Capitais,Híbrido,Feminino,Indígena,0.3182823997324556
CAND_03229,4.9,52.0,Bacharelado,Interior,Presencial,Masculino,Amarela,0.387684175125962
CAND_03230,6.8,52.0,Mestrado,Capitais,Híbrido,Masculino,Amarela,0.7677126056122637
CAND_03231,2.1,42.0,Bacharelado,Capitais,Presencial,Feminino,Branca,0.42539790980818876
CAND_03232,5.8,55.0,Bacharelado,Interior,Híbrido,Não-binário,Amarela,0.3141189695794747
CAND_03233,2.4,42.0,Bacharelado,Capitais,Híbrido,Masculino,Indígena,0.3148456381569509
CAND_03234,5.0,41.0,Bacharelado,Capitais,Híbrido,Feminino,Branca,0.5363056488820225
CAND_03235,4.8,48.0,Bacharelado,Interior,Remoto,Masculino,Parda,0.4073074786256971
CAND_03236,6.1,54.0,Mestrado,Região Metropolitana,Presencial,Masculino,Branca,0.7131303245776694
CAND_03237,5.6,68.0,Bacharelado,Capitais,Híbrido,Masculino,Indígena,0.5895406683679023
CAND_03238,8.7,61.0,Mestrado,Capitais,Híbrido,Feminino,Preta,0.3108823513528024
CAND_03239,4.9,67.0,Mestrado,Interior,Remoto,Masculino,Branca,0.7760374652138133
CAND_03240,3.1,77.0,Bacharelado,Capitais,Presencial,Masculino,Branca,0.6706960660683863
CAND_03241,7.8,41.0,Bacharelado,Capitais,Remoto,Masculino,Parda,0.6047473786897551
CAND_03242,6.0,61.0,Ensino Médio,Capitais,Híbrido,Masculino,Branca,0.6904421537037684
CAND_03243,7.7,61.0,Bacharelado,Capitais,Presencial,Feminino,Preta,0.2805251465346879
CAND_03244,4.6,54.0,Ensino Médio,Capitais,Remoto,Masculino,Branca,0.6871473135842244
CAND_03245,1.1,63.0,Bacharelado,Capitais,Presencial,Feminino,Preta,0.035037645537740164
CAND_03246,11.7,51.0,Bacharelado,Interior,Híbrido,Não-binário,Branca,0.34749120811822587
CAND_03247,3.2,60.0,Bacharelado,Capitais,Presencial,Masculino,Branca,0.6279674902799369
CAND_03248,1.5,29.0,Bacharelado,Interior,Híbrido,Feminino,Preta,0.0
CAND_03249,7.2,50.0,Bacharelado,Região Metropolitana,Remoto,Masculino,Branca,0.831457474077538
CAND_03250,2.2,61.0,Doutorado,Região Metropolitana,Híbrido,Masculino,Branca,0.6943100001152822
CAND_03251,3.8,65.0,Bacharelado,Capitais,Remoto,Masculino,Branca,0.6871916863408064
CAND_03252,5.4,37.0,Bacharelado,Capitais,Remoto,Masculino,Amarela,0.4736087456532752
CAND_03253,4.6,49.0,Mestrado,Capitais,Presencial,Masculino,Preta,0.5897950343579974
CAND_03254,3.9,34.0,Ensino Médio,Capitais,Híbrido,Masculino,Branca,0.49917724980203154
CAND_03255,9.8,44.0,Bacharelado,Região Metropolitana,Remoto,Não-binário,Indígena,0.34727774312322607
CAND_03256,4.7,55.0,Doutorado,Região Metropolitana,Remoto,Feminino,Branca,0.4359382481087253
CAND_03257,2.3,66.0,Mestrado,Região Metropolitana,Híbrido,Masculino,Parda,0.6919977746644069
CAND_03258,7.9,64.0,Ensino Médio,Capitais,Presencial,Feminino,Branca,0.5599037190498645
CAND_03259,2.8,53.0,Bacharelado,Capitais,Remoto,Masculino,Branca,0.5626789617219159
CAND_03260,4.7,40.0,Bacharelado,Região Metropolitana,Presencial,Feminino,Preta,0.0
CAND_03261,2.3,48.0,Mestrado,Região Metropolitana,Remoto,Masculino,Preta,0.50732008798621
CAND_03262,5.6,88.0,Bacharelado,Capitais,Presencial,Masculino,Branca,0.9553413348386579
CAND_03263,5.1,29.0,Ensino Médio,Região Metropolitana,Híbrido,Masculino,Branca,0.5708074041714946
CAND_03264,4.9,32.0,Bacharelado,Capitais,Remoto,Feminino,Branca,0.5553360656829869
CAND_03265,5.5,53.0,Bacharelado,Região Metropolitana,Remoto,Masculino,Branca,0.725690668873115
CAND_03266,7.5,61.0,Bacharelado,Capitais,Híbrido,Feminino,Parda,0.4501941469465104
CAND_03267,7.1,63.0,Bacharelado,Capitais,Presencial,Feminino,Branca,0.6138868179764501
CAND_03268,1.9,54.0,Bacharelado,Capitais,Híbrido,Masculino,Branca,0.8064080388646182
CAND_03269,3.0,27.0,Bacharelado,Região Metropolitana,Remoto,Masculino,Branca,0.4640256568441142
CAND_03270,7.8,47.0,Mestrado,Região Metropolitana,Presencial,Masculino,Branca,0.7140192528941895
CAND_03271,2.7,24.0,Bacharelado,Capitais,Presencial,Feminino,Branca,0.38833952549442463
CAND_03272,6.5,56.0,Bacharelado,Capitais,Híbrido,Não-binário,Branca,0.6553354789238315
CAND_03273,7.5,57.0,Mestrado,Capitais,Híbrido,Masculino,Indígena,0.745311185290305
CAND_03274,0.1,48.0,Bacharelado,Capitais,Híbrido,Masculino,Branca,0.508554558100899
CAND_03275,3.8,32.0,Bacharelado,Capitais,Remoto,Masculino,Amarela,0.41470347711331657
CAND_03276,7.4,38.0,Ensino Médio,Capitais,Híbrido,Masculino,Indígena,0.5102807717781509
CAND_03277,4.6,26.0,Bacharelado,Interior,Híbrido,Feminino,Parda,0.26111599435952465
CAND_03278,3.8,49.0,Bacharelado,Região Metropolitana,Remoto,Feminino,Branca,0.2843212668509649
CAND_03279,7.5,98.0,Mestrado,Região Metropolitana,Presencial,Masculino,Parda,0.7573109973502797
CAND_03280,8.3,48.0,Bacharelado,Capitais,Presencial,Masculino,Branca,0.7472304994159417
CAND_03281,3.0,44.0,Ensino Médio,Capitais,Presencial,Masculino,Amarela,0.3839952556691067
CAND_03282,10.3,53.0,Bacharelado,Capitais,Remoto,Masculino,Branca,0.7331267409969743
CAND_03283,0.0,33.0,Bacharelado,Capitais,Remoto,Masculino,Branca,0.5392958305869537
CAND_03284,0.5,33.0,Bacharelado,Região Metropolitana,Remoto,Feminino,Preta,0.044372167741918815
CAND_03285,3.6,41.0,Bacharelado,Capitais,Presencial,Feminino,Amarela,0.4194389920130172
CAND_03286,4.0,63.0,Mestrado,Capitais,Híbrido,Feminino,Branca,0.5423658625481416
CAND_03287,4.1,55.0,Ensino Médio,Interior,Híbrido,Feminino,Branca,0.18549830806450313
CAND_03288,3.4,48.0,Bacharelado,Região Metropolitana,Híbrido,Masculino,Preta,0.5056649500888046
CAND_03289,2.8,61.0,Mestrado,Região Metropolitana,Remoto,Feminino,Preta,0.19489439264609515
CAND_03290,4.3,76.0,Bacharelado,Capitais,Presencial,Feminino,Branca,0.6318423061129335
CAND_03291,3.2,61.0,Bacharelado,Capitais,Híbrido,Não-binário,Branca,0.5709368141771922
CAND_03292,7.0,35.0,Ensino Médio,Capitais,Presencial,Masculino,Branca,0.7989857864657576
CAND_03293,5.1,22.0,Mestrado,Capitais,Remoto,Masculino,Branca,0.6552984576061793
CAND_03294,4.3,24.0,Mestrado,Capitais,Remoto,Masculino,Branca,0.5153860434038695
CAND_03295,4.8,63.0,Bacharelado,Capitais,Remoto,Masculino,Branca,0.7890392560800635
CAND_03296,8.3,39.0,Mestrado,Capitais,Presencial,Masculino,Preta,0.5101242621830848
CAND_03297,3.5,62.0,Bacharelado,Capitais,Híbrido,Feminino,Branca,0.4120346933827576
CAND_03298,1.2,43.0,Mestrado,Capitais,Presencial,Feminino,Branca,0.5415015774901876
CAND_03299,2.1,56.0,Mestrado,Capitais,Remoto,Masculino,Preta,0.551845315971421
CAND_03300,4.3,61.0,Bacharelado,Capitais,Presencial,Masculino,Branca,0.8667836565827429
CAND_03301,6.4,38.0,Mestrado,Região Metropolitana,Remoto,Não-binário,Branca,0.4516236609509226
CAND_03302,7.6,62.0,Bacharelado,Capitais,Híbrido,Masculino,Preta,0.38442924310425175
CAND_03303,9.9,40.0,Ensino Médio,Região Metropolitana,Remoto,Masculino,Branca,0.8453942255972492
CAND_03304,7.2,39.0,Bacharelado,Interior,Híbrido,Feminino,Branca,0.20936738517769116
CAND_03305,2.4,62.0,Bacharelado,Capitais,Remoto,Feminino,Branca,0.4068534290436729
CAND_03306,4.4,59.0,Doutorado,Capitais,Híbrido,Não-binário,Branca,0.5215889507334343
CAND_03307,0.0,57.0,Mestrado,Capitais,Híbrido,Não-binário,Parda,0.43788917945110056
CAND_03308,4.1,33.0,Bacharelado,Capitais,Híbrido,Feminino,Branca,0.3839359034626539
CAND_03309,3.2,44.0,Bacharelado,Região Metropolitana,Remoto,Masculino,Parda,0.6026514355800059
CAND_03310,0.0,60.0,Bacharelado,Interior,Remoto,Feminino,Preta,0.0
CAND_03311,11.3,84.0,Bacharelado,Região Metropolitana,Híbrido,Feminino,Branca,0.6883986319808348
CAND_03312,3.9,77.0,Mestrado,Região Metropolitana,Remoto,Masculino,Preta,0.6264783444364548
CAND_03313,0.0,43.0,Bacharelado,Região Metropolitana,Remoto,Masculino,Branca,0.633935259074256
CAND_03314,4.2,40.0,Bacharelado,Capitais,Remoto,Feminino,Branca,0.5239201138091083
CAND_03315,10.0,76.0,Bacharelado,Capitais,Remoto,Masculino,Amarela,0.7501780065770711
CAND_03316,10.7,59.0,Ensino Médio,Capitais,Remoto,Feminino,Branca,0.5343425971748273
CAND_03317,5.2,43.0,Ensino Médio,Capitais,Remoto,Masculino,Branca,0.545545380647716
CAND_03318,5.3,52.0,Bacharelado,Região Metropolitana,Presencial,Masculino,Branca,0.7409082230430973
CAND_03319,8.7,31.0,Mestrado,Capitais,Híbrido,Masculino,Preta,0.5065259558384149
CAND_03320,4.5,65.0,Bacharelado,Capitais,Híbrido,Feminino,Branca,0.4613616187732538
CAND_03321,6.4,71.0,Mestrado,Capitais,Híbrido,Masculino,Amarela,0.7508239157878749
CAND_03322,7.5,73.0,Ensino Médio,Interior,Remoto,Feminino,Branca,0.38355320689355676
CAND_03323,1.8,67.0,Bacharelado,Interior,Híbrido,Feminino,Branca,0.4940832719220459
CAND_03324,9.6,45.0,Ensino Médio,Interior,Remoto,Masculino,Branca,0.5234048514545289
CAND_03325,2.4,63.0,Doutorado,Interior,Presencial,Feminino,Branca,0.38455640551288245
CAND_03326,3.1,72.0,Bacharelado,Região Metropolitana,Presencial,Masculino,Branca,0.6411044163613608
CAND_03327,5.3,64.0,Bacharelado,Capitais,Remoto,Feminino,Branca,0.5312980252409497
CAND_03328,7.8,63.0,Doutorado,Capitais,Presencial,Feminino,Branca,0.7693444556126118
CAND_03329,7.0,53.0,Ensino Médio,Capitais,Remoto,Feminino,Branca,0.48845500135277387
CAND_03330,4.9,36.0,Bacharelado,Região Metropolitana,Híbrido,Feminino,Indígena,0.4040847055748016
CAND_03331,5.9,78.0,Bacharelado,Interior,Híbrido,Masculino,Branca,0.6714830996708432
CAND_03332,8.2,49.0,Bacharelado,Capitais,Remoto,Masculino,Amarela,0.45667753106968245
CAND_03333,5.0,68.0,Bacharelado,Capitais,Remoto,Masculino,Branca,0.7937828660513632
CAND_03334,2.6,87.0,Bacharelado,Capitais,Presencial,Masculino,Branca,1.0
CAND_03335,3.2,64.0,Bacharelado,Capitais,Híbrido,Masculino,Branca,0.7186251228194533
CAND_03336,7.7,68.0,Mestrado,Capitais,Presencial,Feminino,Branca,0.5027263179047717
CAND_03337,2.6,36.0,Bacharelado,Capitais,Híbrido,Masculino,Branca,0.5097235080857405
CAND_03338,0.3,39.0,Bacharelado,Capitais,Remoto,Masculino,Branca,0.5948613173251395
CAND_03339,4.1,69.0,Doutorado,Região Metropolitana,Híbrido,Não-binário,Branca,0.36917140413596494
CAND_03340,4.8,42.0,Bacharelado,Capitais,Presencial,Masculino,Preta,0.5759598576330005
CAND_03341,7.6,30.0,Mestrado,Capitais,Híbrido,Masculino,Branca,0.6811927090544733
CAND_03342,0.6,25.0,Mestrado,Capitais,Remoto,Feminino,Amarela,0.0
CAND_03343,6.0,47.0,Bacharelado,Região Metropolitana,Remoto,Feminino,Branca,0.7039907687657685
CAND_03344,8.5,47.0,Mestrado,Região Metropolitana,Híbrido,Masculino,Branca,0.9051667341165908
CAND_03345,2.5,65.0,Bacharelado,Capitais,Presencial,Feminino,Parda,0.4009060112433719
CAND_03346,5.2,35.0,Bacharelado,Capitais,Híbrido,Feminino,Parda,0.3044502450764104
CAND_03347,0.0,71.0,Bacharelado,Capitais,Híbrido,Masculino,Preta,0.4245647545540647
CAND_03348,7.6,32.0,Mestrado,Capitais,Remoto,Masculino,Branca,0.89440487677212
CAND_03349,7.4,32.0,Ensino Médio,Capitais,Presencial,Feminino,Amarela,0.22736954260335984
CAND_03350,4.9,52.0,Mestrado,Região Metropolitana,Remoto,Masculino,Branca,0.5641105944410091
CAND_03351,1.0,51.0,Ensino Médio,Capitais,Híbrido,Feminino,Branca,0.5035073981244307
CAND_03352,7.0,59.0,Bacharelado,Região Metropolitana,Remoto,Feminino,Branca,0.5760340389627935
CAND_03353,4.3,32.0,Bacharelado,Capitais,Presencial,Masculino,Branca,0.47491147011437185
CAND_03354,0.0,55.0,Bacharelado,Interior,Remoto,Feminino,Branca,0.20071047596793082
CAND_03355,7.3,25.0,Bacharelado,Região Metropolitana,Híbrido,Feminino,Branca,0.3788910781959616
CAND_03356,8.5,17.0,Bacharelado,Região Metropolitana,Remoto,Masculino,Branca,0.5723502159156659
CAND_03357,9.0,77.0,Doutorado,Interior,Presencial,Masculino,Branca,0.930449471265051
CAND_03358,1.2,66.0,Bacharelado,Capitais,Híbrido,Não-binário,Preta,0.2980061457058268
CAND_03359,0.0,50.0,Bacharelado,Região Metropolitana,Híbrido,Masculino,Branca,0.5876670644506816
CAND_03360,3.8,20.0,Ensino Médio,Interior,Híbrido,Feminino,Preta,0.014535524721439846
CAND_03361,6.6,43.0,Bacharelado,Capitais,Híbrido,Masculino,Parda,0.7008354890361653
CAND_03362,2.2,57.0,Bacharelado,Capitais,Presencial,Feminino,Preta,0.1208573290474968
CAND_03363,0.2,43.0,Mestrado,Região Metropolitana,Remoto,Masculino,Branca,0.580626066250919
CAND_03364,7.2,73.0,Doutorado,Interior,Remoto,Masculino,Branca,0.7341996542387725
CAND_03365,4.0,59.0,Mestrado,Região Metropolitana,Presencial,Feminino,Branca,0.6315810940446148
CAND_03366,6.9,36.0,Bacharelado,Região Metropolitana,Híbrido,Masculino,Branca,0.5632160574898252
CAND_03367,5.0,26.0,Bacharelado,Capitais,Remoto,Masculino,Parda,0.5883616678030577
CAND_03368,4.5,63.0,Bacharelado,Região Metropolitana,Remoto,Masculino,Parda,0.5784943783598956
CAND_03369,4.8,63.0,Bacharelado,Capitais,Remoto,Masculino,Branca,0.5858975069646869
CAND_03370,3.9,61.0,Mestrado,Interior,Remoto,Masculino,Preta,0.38075800443944907
CAND_03371,3.6,75.0,Bacharelado,Interior,Remoto,Feminino,Amarela,0.2518068963911255
CAND_03372,1.7,57.0,Bacharelado,Interior,Híbrido,Masculino,Amarela,0.4146248531430395
CAND_03373,6.5,51.0,Doutorado,Capitais,Híbrido,Masculino,Parda,0.8554097010886906
CAND_03374,8.7,61.0,Bacharelado,Capitais,Híbrido,Masculino,Branca,0.6960337495617677
CAND_03375,3.5,69.0,Bacharelado,Capitais,Remoto,Masculino,Indígena,0.5934562162029288
CAND_03376,10.6,60.0,Mestrado,Capitais,Presencial,Masculino,Preta,0.5452276694777191
CAND_03377,6.1,50.0,Mestrado,Capitais,Remoto,Feminino,Preta,0.24052062822610032
CAND_03378,5.8,65.0,Bacharelado,Interior,Remoto,Masculino,Amarela,0.4556185687756155
CAND_03379,7.0,51.0,Bacharelado,Região Metropolitana,Presencial,Masculino,Branca,0.7454628834612481
CAND_03380,7.9,43.0,Bacharelado,Região Metropolitana,Remoto,Feminino,Branca,0.32238022890224316
CAND_03381,3.6,52.0,Ensino Médio,Região Metropolitana,Remoto,Feminino,Branca,0.41233351140873786
CAND_03382,6.7,45.0,Doutorado,Região Metropolitana,Presencial,Masculino,Branca,0.793893726776952
CAND_03383,8.1,49.0,Mestrado,Região Metropolitana,Remoto,Masculino,Branca,0.6453279020201073
CAND_03384,3.9,37.0,Mestrado,Região Metropolitana,Híbrido,Masculino,Preta,0.3624032694212643
CAND_03385,5.0,65.0,Mestrado,Região Metropolitana,Híbrido,Masculino,Branca,0.6531972928148729
CAND_03386,2.7,53.0,Bacharelado,Interior,Híbrido,Masculino,Branca,0.33283655754722086
CAND_03387,3.5,61.0,Mestrado,Região Metropolitana,Presencial,Feminino,Preta,0.3674110948479844
CAND_03388,4.0,57.0,Mestrado,Capitais,Híbrido,Masculino,Preta,0.598429384521117
CAND_03389,2.3,36.0,Bacharelado,Capitais,Remoto,Feminino,Amarela,0.17229424674583424
CAND_03390,4.8,70.0,Bacharelado,Região Metropolitana,Híbrido,Masculino,Branca,0.7704033718632834
CAND_03391,6.0,47.0,Bacharelado,Capitais,Presencial,Masculino,Branca,0.5959355409171421
CAND_03392,6.3,45.0,Bacharelado,Capitais,Remoto,Feminino,Parda,0.5419852855810423
CAND_03393,2.6,53.0,Ensino Médio,Interior,Híbrido,Não-binário,Branca,0.2312617428986798
CAND_03394,3.2,54.0,Bacharelado,Capitais,Híbrido,Masculino,Parda,0.5055270416720914
CAND_03395,7.6,89.0,Bacharelado,Capitais,Remoto,Masculino,Branca,0.9393132994664035
CAND_03396,3.2,59.0,Ensino Médio,Interior,Remoto,Masculino,Branca,0.5375971904480353
CAND_03397,7.5,43.0,Mestrado,Capitais,Híbrido,Masculino,Branca,0.7215020493927804
CAND_03398,2.8,78.0,Mestrado,Região Metropolitana,Presencial,Feminino,Branca,0.416097645372445
CAND_03399,6.1,26.0,Bacharelado,Capitais,Híbrido,Masculino,Preta,0.3273604434922745
CAND_03400,7.3,43.0,Doutorado,Capitais,Presencial,Masculino,Branca,0.931149719677078
CAND_03401,0.0,42.0,Mestrado,Região Metropolitana,Híbrido,Feminino,Branca,0.4371287684542292
CAND_03402,7.6,50.0,Mestrado,Região Metropolitana,Híbrido,Masculino,Branca,0.7836115851268668
CAND_03403,8.9,55.0,Ensino Médio,Interior,Remoto,Feminino,Branca,0.3287705212825061
CAND_03404,4.1,57.0,Doutorado,Capitais,Remoto,Masculino,Amarela,0.5521751113786438
CAND_03405,6.0,56.0,Doutorado,Região Metropolitana,Presencial,Feminino,Branca,0.5031621875083527
CAND_03406,2.5,59.0,Bacharelado,Região Metropolitana,Híbrido,Feminino,Branca,0.4530700537533965
CAND_03407,6.1,49.0,Doutorado,Capitais,Híbrido,Feminino,Parda,0.5897570433459752
CAND_03408,12.4,69.0,Bacharelado,Interior,Híbrido,Masculino,Branca,0.8875433325729566
CAND_03409,0.0,26.0,Bacharelado,Capitais,Híbrido,Masculino,Parda,0.30476433584014656
CAND_03410,3.5,12.0,Mestrado,Região Metropolitana,Remoto,Masculino,Branca,0.49563638642744456
CAND_03411,7.4,61.0,Bacharelado,Região Metropolitana,Híbrido,Feminino,Branca,0.47534127864968706
CAND_03412,8.8,45.0,Bacharelado,Capitais,Presencial,Feminino,Branca,0.5608036283041246
CAND_03413,0.9,76.0,Bacharelado,Capitais,Remoto,Masculino,Branca,0.7886565474360117
CAND_03414,3.1,66.0,Bacharelado,Capitais,Híbrido,Feminino,Branca,0.4577118035868751
CAND_03415,3.3,59.0,Bacharelado,Capitais,Híbrido,Masculino,Parda,0.7237253447609971
CAND_03416,3.0,43.0,Mestrado,Região Metropolitana,Remoto,Feminino,Branca,0.4895200015390034
CAND_03417,4.7,60.0,Bacharelado,Região Metropolitana,Presencial,Feminino,Amarela,0.25267956359714316
CAND_03418,0.7,44.0,Bacharelado,Capitais,Híbrido,Feminino,Preta,0.2343848550587322
CAND_03419,4.2,51.0,Bacharelado,Região Metropolitana,Remoto,Feminino,Parda,0.43670665747627724
CAND_03420,2.2,45.0,Bacharelado,Capitais,Remoto,Feminino,Amarela,0.15560174626275952
CAND_03421,4.8,54.0,Bacharelado,Capitais,Híbrido,Masculino,Branca,0.6364249905758009
CAND_03422,2.9,46.0,Bacharelado,Capitais,Híbrido,Masculino,Preta,0.47794087825938236
CAND_03423,4.5,65.0,Doutorado,Região Metropolitana,Presencial,Feminino,Branca,0.5452446289017905
CAND_03424,1.9,57.0,Bacharelado,Região Metropolitana,Presencial,Masculino,Branca,0.6825034812636048
CAND_03425,7.9,42.0,Bacharelado,Capitais,Presencial,Não-binário,Preta,0.11549140933676688
CAND_03426,4.0,43.0,Mestrado,Capitais,Híbrido,Masculino,Indígena,0.6515861763573889
CAND_03427,5.0,31.0,Mestrado,Capitais,Híbrido,Feminino,Amarela,0.11526305662853428
CAND_03428,4.6,21.0,Bacharelado,Capitais,Remoto,Masculino,Branca,0.4171116624552433
CAND_03429,5.0,64.0,Bacharelado,Capitais,Remoto,Não-binário,Amarela,0.2588331205393059
CAND_03430,5.0,45.0,Mestrado,Capitais,Híbrido,Masculino,Branca,0.8564508982744299
CAND_03431,7.4,32.0,Doutorado,Região Metropolitana,Remoto,Masculino,Branca,0.8318960776564737
CAND_03432,4.1,57.0,Bacharelado,Capitais,Presencial,Feminino,Branca,0.5787122523235975
CAND_03433,2.8,39.0,Bacharelado,Região Metropolitana,Presencial,Masculino,Branca,0.6167680766683588
CAND_03434,5.1,49.0,Bacharelado,Região Metropolitana,Presencial,Feminino,Branca,0.37656708569586117
CAND_03435,3.2,31.0,Mestrado,Região Metropolitana,Presencial,Masculino,Branca,0.4408672811386846
CAND_03436,4.8,60.0,Mestrado,Região Metropolitana,Presencial,Feminino,Branca,0.6685436235841343
CAND_03437,1.8,51.0,Bacharelado,Capitais,Híbrido,Masculino,Branca,0.7542944500649165
CAND_03438,8.1,57.0,Bacharelado,Região Metropolitana,Híbrido,Não-binário,Branca,0.392680465345278
CAND_03439,2.7,44.0,Mestrado,Região Metropolitana,Híbrido,Masculino,Preta,0.40042217061492447
CAND_03440,8.6,54.0,Mestrado,Capitais,Híbrido,Masculino,Branca,0.8185430576948751
CAND_03441,4.8,28.0,Bacharelado,Capitais,Remoto,Masculino,Branca,0.5056463893679389
CAND_03442,7.6,84.0,Mestrado,Capitais,Híbrido,Masculino,Parda,0.7468857692764361
CAND_03443,2.7,56.0,Bacharelado,Capitais,Remoto,Masculino,Branca,0.7056264005317432
CAND_03444,0.0,76.0,Bacharelado,Capitais,Remoto,Feminino,Branca,0.48780404604815797
CAND_03445,0.1,46.0,Bacharelado,Região Metropolitana,Presencial,Feminino,Branca,0.2907277986380812
CAND_03446,12.5,34.0,Ensino Médio,Capitais,Híbrido,Feminino,Preta,0.27552613074402543
CAND_03447,3.2,43.0,Bacharelado,Capitais,Remoto,Feminino,Branca,0.4288503249704906
CAND_03448,8.3,49.0,Bacharelado,Capitais,Remoto,Feminino,Preta,0.34379029027791397
CAND_03449,1.1,48.0,Doutorado,Região Metropolitana,Híbrido,Feminino,Preta,0.3359299791268324
CAND_03450,5.5,78.0,Bacharelado,Região Metropolitana,Remoto,Feminino,Preta,0.41543326183721857
CAND_03451,6.0,37.0,Doutorado,Capitais,Híbrido,Masculino,Branca,0.8474104835967662
CAND_03452,13.5,41.0,Bacharelado,Capitais,Presencial,Masculino,Preta,0.5376286450992263
CAND_03453,4.0,61.0,Doutorado,Região Metropolitana,Híbrido,Feminino,Parda,0.45375551731396385
CAND_03454,2.9,26.0,Doutorado,Capitais,Remoto,Masculino,Branca,0.5940791222608135
CAND_03455,6.1,49.0,Bacharelado,Região Metropolitana,Híbrido,Masculino,Branca,0.756353892875339
CAND_03456,2.2,52.0,Mestrado,Região Metropolitana,Presencial,Feminino,Indígena,0.3786464791704458
CAND_03457,6.2,57.0,Bacharelado,Região Metropolitana,Presencial,Não-binário,Amarela,0.08111046060263932
CAND_03458,4.8,55.0,Bacharelado,Interior,Híbrido,Feminino,Branca,0.4660092857276291
CAND_03459,2.7,80.0,Mestrado,Capitais,Híbrido,Feminino,Branca,0.6500433523602834
CAND_03460,6.5,37.0,Bacharelado,Capitais,Presencial,Masculino,Branca,0.6801191701716071
CAND_03461,5.3,40.0,Mestrado,Capitais,Remoto,Feminino,Branca,0.6263797924859372
CAND_03462,7.3,59.0,Bacharelado,Capitais,Presencial,Masculino,Branca,0.8098137862957984
CAND_03463,10.0,53.0,Mestrado,Capitais,Presencial,Feminino,Branca,0.573244140168184
CAND_03464,3.5,55.0,Bacharelado,Capitais,Remoto,Masculino,Parda,0.5643019837560106
CAND_03465,3.8,29.0,Bacharelado,Capitais,Híbrido,Masculino,Amarela,0.4141797779820838
CAND_03466,1.0,83.0,Bacharelado,Região Metropolitana,Presencial,Masculino,Branca,0.7201891360643581
CAND_03467,6.6,57.0,Mestrado,Capitais,Presencial,Feminino,Parda,0.6216224903871816
CAND_03468,3.1,26.0,Mestrado,Região Metropolitana,Remoto,Feminino,Branca,0.5967654587377991
CAND_03469,6.0,59.0,Bacharelado,Capitais,Híbrido,Masculino,Branca,0.8814408429630882
CAND_03470,8.5,33.0,Bacharelado,Capitais,Híbrido,Feminino,Branca,0.4126739879222764
CAND_03471,2.9,64.0,Bacharelado,Interior,Híbrido,Feminino,Amarela,0.17022396925549316
CAND_03472,3.6,30.0,Mestrado,Capitais,Presencial,Masculino,Branca,0.6129531935247013
CAND_03473,8.0,65.0,Doutorado,Região Metropolitana,Remoto,Masculino,Branca,0.8965334616747621
CAND_03474,7.1,32.0,Bacharelado,Região Metropolitana,Remoto,Masculino,Indígena,0.37048103336622806
CAND_03475,6.8,35.0,Bacharelado,Capitais,Remoto,Masculino,Branca,0.5319538623042643
CAND_03476,3.8,52.0,Mestrado,Capitais,Presencial,Masculino,Amarela,0.39906569501563294
CAND_03477,0.7,41.0,Bacharelado,Capitais,Presencial,Feminino,Branca,0.13050432554357566
CAND_03478,2.9,42.0,Mestrado,Interior,Remoto,Feminino,Branca,0.25264484739097376
CAND_03479,2.0,27.0,Ensino Médio,Interior,Presencial,Feminino,Branca,0.3599360783167235
CAND_03480,6.7,45.0,Mestrado,Capitais,Híbrido,Masculino,Branca,0.7177126020616349
CAND_03481,5.9,63.0,Ensino Médio,Capitais,Híbrido,Feminino,Branca,0.5503004893896293
CAND_03482,3.2,78.0,Bacharelado,Capitais,Híbrido,Masculino,Preta,0.4166522524275986
CAND_03483,3.7,62.0,Bacharelado,Região Metropolitana,Presencial,Masculino,Branca,0.591395632073688
CAND_03484,6.4,60.0,Mestrado,Região Metropolitana,Híbrido,Masculino,Amarela,0.468043008502381
CAND_03485,4.0,25.0,Bacharelado,Região Metropolitana,Híbrido,Masculino,Amarela,0.2676181020364405
CAND_03486,3.3,50.0,Bacharelado,Capitais,Presencial,Masculino,Amarela,0.46345566119552395
CAND_03487,10.9,40.0,Mestrado,Região Metropolitana,Remoto,Masculino,Preta,0.637282759446559
CAND_03488,3.4,27.0,Bacharelado,Capitais,Remoto,Masculino,Branca,0.71206145108152
CAND_03489,7.0,31.0,Mestrado,Interior,Presencial,Masculino,Branca,0.6303279762493017
CAND_03490,6.2,60.0,Bacharelado,Interior,Híbrido,Feminino,Parda,0.43754951074044146
CAND_03491,0.4,42.0,Ensino Médio,Interior,Híbrido,Feminino,Branca,0.13767463572787147
CAND_03492,3.0,28.0,Bacharelado,Capitais,Híbrido,Masculino,Branca,0.7796365177565021
CAND_03493,7.5,40.0,Bacharelado,Região Metropolitana,Presencial,Feminino,Parda,0.3338470977051615
CAND_03494,4.6,54.0,Ensino Médio,Região Metropolitana,Híbrido,Masculino,Amarela,0.4013933031179296
CAND_03495,0.6,40.0,Bacharelado,Capitais,Remoto,Não-binário,Branca,0.28184594363961185
CAND_03496,6.2,32.0,Mestrado,Região Metropolitana,Remoto,Masculino,Preta,0.5025022119191279
CAND_03497,3.3,36.0,Bacharelado,Região Metropolitana,Híbrido,Feminino,Branca,0.31571282540314316
CAND_03498,6.3,63.0,Ensino Médio,Região Metropolitana,Remoto,Masculino,Amarela,0.4947459587866546
CAND_03499,13.1,19.0,Mestrado,Capitais,Híbrido,Feminino,Preta,0.431700736852779
CAND_03500,6.1,46.0,Bacharelado,Interior,Híbrido,Masculino,Amarela,0.24960013130116107
CAND_03501,6.8,48.0,Bacharelado,Região Metropolitana,Presencial,Não-binário,Branca,0.48839285450324016
CAND_03502,4.2,39.0,Mestrado,Interior,Presencial,Masculino,Branca,0.5743595339951517
CAND_03503,1.6,36.0,Mestrado,Capitais,Presencial,Masculino,Indígena,0.39465294680373864
CAND_03504,8.1,65.0,Mestrado,Região Metropolitana,Híbrido,Masculino,Parda,0.7158315081593364
CAND_03505,3.2,65.0,Mestrado,Região Metropolitana,Remoto,Feminino,Branca,0.5124555845746559
CAND_03506,4.3,52.0,Bacharelado,Capitais,Presencial,Masculino,Preta,0.46541873741839207
CAND_03507,10.4,42.0,Bacharelado,Capitais,Híbrido,Feminino,Amarela,0.5198921323499749
CAND_03508,4.0,52.0,Bacharelado,Região Metropolitana,Presencial,Masculino,Amarela,0.6176200575814541
CAND_03509,8.6,56.0,Bacharelado,Região Metropolitana,Híbrido,Masculino,Amarela,0.47117723438993736
CAND_03510,6.2,48.0,Bacharelado,Interior,Remoto,Não-binário,Branca,0.5713533868370908
CAND_03511,3.3,56.0,Bacharelado,Região Metropolitana,Remoto,Feminino,Amarela,0.19433104588164182
CAND_03512,6.0,45.0,Bacharelado,Capitais,Remoto,Masculino,Amarela,0.6834529936607378
CAND_03513,2.9,3.0,Bacharelado,Interior,Remoto,Masculino,Branca,0.463722518496432
CAND_03514,7.7,47.0,Bacharelado,Capitais,Híbrido,Masculino,Preta,0.39132301252852486
CAND_03515,8.7,60.0,Bacharelado,Região Metropolitana,Presencial,Feminino,Preta,0.17345266700668005
CAND_03516,5.1,50.0,Mestrado,Capitais,Remoto,Feminino,Preta,0.31404018000189576
CAND_03517,9.0,55.0,Bacharelado,Capitais,Remoto,Feminino,Branca,0.6905089826856543
CAND_03518,5.5,46.0,Bacharelado,Interior,Presencial,Masculino,Branca,0.5467169489445467
CAND_03519,7.7,47.0,Ensino Médio,Capitais,Presencial,Feminino,Branca,0.49651727837248394
CAND_03520,13.9,53.0,Bacharelado,Capitais,Presencial,Masculino,Branca,0.9344142624559834
CAND_03521,12.4,79.0,Mestrado,Capitais,Híbrido,Masculino,Amarela,0.65779669782387
CAND_03522,4.5,63.0,Bacharelado,Região Metropolitana,Híbrido,Masculino,Branca,0.7033232347586477
CAND_03523,5.9,61.0,Mestrado,Região Metropolitana,Remoto,Feminino,Branca,0.4811642534319934
CAND_03524,1.8,53.0,Bacharelado,Capitais,Presencial,Masculino,Branca,0.6113556999099344
CAND_03525,7.4,30.0,Mestrado,Capitais,Híbrido,Masculino,Amarela,0.39028991594533025
CAND_03526,6.2,68.0,Mestrado,Capitais,Remoto,Não-binário,Branca,0.46494864072326036
CAND_03527,2.7,64.0,Mestrado,Capitais,Remoto,Masculino,Branca,0.7925316785705206
CAND_03528,8.6,55.0,Bacharelado,Capitais,Remoto,Masculino,Parda,0.7284970961989542
CAND_03529,4.2,49.0,Mestrado,Capitais,Remoto,Feminino,Branca,0.6944307243268846
CAND_03530,3.4,58.0,Mestrado,Região Metropolitana,Presencial,Masculino,Preta,0.4119302752277157
CAND_03531,6.2,47.0,Doutorado,Capitais,Remoto,Masculino,Branca,0.8868539480731388
CAND_03532,3.6,61.0,Bacharelado,Capitais,Híbrido,Masculino,Branca,0.8340717548017175
CAND_03533,4.9,37.0,Bacharelado,Capitais,Híbrido,Feminino,Branca,0.46390449802943556
CAND_03534,10.2,21.0,Bacharelado,Região Metropolitana,Híbrido,Não-binário,Branca,0.4124857031586167
CAND_03535,3.2,32.0,Mestrado,Capitais,Híbrido,Feminino,Branca,0.5649873682089341
CAND_03536,7.0,52.0,Doutorado,Região Metropolitana,Presencial,Masculino,Parda,0.8812392785466334
CAND_03537,3.2,45.0,Bacharelado,Capitais,Híbrido,Feminino,Branca,0.5044691543401394
CAND_03538,2.1,48.0,Doutorado,Capitais,Presencial,Feminino,Branca,0.6734690134284863
CAND_03539,4.8,31.0,Mestrado,Capitais,Presencial,Feminino,Branca,0.4897437591305782
CAND_03540,13.1,55.0,Bacharelado,Região Metropolitana,Híbrido,Masculino,Branca,0.7235689305803689
CAND_03541,7.3,34.0,Bacharelado,Região Metropolitana,Presencial,Masculino,Amarela,0.46363052318993914
CAND_03542,6.4,57.0,Bacharelado,Região Metropolitana,Presencial,Masculino,Branca,0.6394151485553197
CAND_03543,3.4,29.0,Doutorado,Região Metropolitana,Remoto,Masculino,Branca,0.7591882566844073
CAND_03544,3.8,37.0,Bacharelado,Capitais,Híbrido,Masculino,Amarela,0.39706796500968533
CAND_03545,0.5,35.0,Mestrado,Região Metropolitana,Híbrido,Masculino,Branca,0.6400187721237334
CAND_03546,10.4,59.0,Bacharelado,Capitais,Híbrido,Feminino,Branca,0.563770846360606
CAND_03547,5.8,43.0,Mestrado,Interior,Presencial,Feminino,Parda,0.23339354760994535
CAND_03548,5.5,56.0,Bacharelado,Região Metropolitana,Presencial,Feminino,Amarela,0.2627230584630821
CAND_03549,5.6,67.0,Bacharelado,Capitais,Presencial,Masculino,Parda,0.5989108014652608
CAND_03550,11.3,77.0,Mestrado,Capitais,Remoto,Masculino,Branca,1.0
CAND_03551,5.9,53.0,Bacharelado,Região Metropolitana,Presencial,Masculino,Branca,0.8019121134935046
CAND_03552,4.4,33.0,Bacharelado,Capitais,Presencial,Masculino,Branca,0.6784029492742945
CAND_03553,10.4,69.0,Mestrado,Região Metropolitana,Remoto,Masculino,Branca,1.0
CAND_03554,4.6,73.0,Bacharelado,Capitais,Remoto,Masculino,Parda,0.8030113113915618
CAND_03555,0.0,49.0,Bacharelado,Capitais,Presencial,Masculino,Branca,0.5544380642549362
CAND_03556,0.4,70.0,Bacharelado,Capitais,Híbrido,Masculino,Branca,0.6992094831343703
CAND_03557,4.4,55.0,Doutorado,Capitais,Híbrido,Masculino,Branca,0.82096097431728
CAND_03558,5.9,25.0,Mestrado,Capitais,Híbrido,Masculino,Branca,0.7869443219395426
CAND_03559,7.5,41.0,Ensino Médio,Capitais,Híbrido,Masculino,Preta,0.42273298362811307
CAND_03560,2.2,42.0,Mestrado,Região Metropolitana,Presencial,Feminino,Indígena,0.15304894425393017
CAND_03561,4.3,45.0,Bacharelado,Capitais,Remoto,Feminino,Branca,0.3329661115409432
CAND_03562,2.6,36.0,Bacharelado,Região Metropolitana,Presencial,Feminino,Branca,0.3275743575759737
CAND_03563,8.3,36.0,Mestrado,Interior,Presencial,Feminino,Amarela,0.2157747912461046
CAND_03564,8.8,70.0,Bacharelado,Região Metropolitana,Híbrido,Masculino,Branca,0.6728922234264273
CAND_03565,10.9,24.0,Bacharelado,Capitais,Presencial,Masculino,Indígena,0.676012335030045
CAND_03566,6.1,39.0,Ensino Médio,Capitais,Híbrido,Masculino,Branca,0.6083383556297872
CAND_03567,10.6,59.0,Doutorado,Região Metropolitana,Presencial,Masculino,Branca,0.9875403670861422
CAND_03568,2.9,42.0,Mestrado,Interior,Híbrido,Feminino,Branca,0.24117917838254407
CAND_03569,5.6,56.0,Bacharelado,Região Metropolitana,Presencial,Masculino,Branca,0.7787361704416788
CAND_03570,1.8,44.0,Bacharelado,Capitais,Remoto,Feminino,Branca,0.31035374969951013
CAND_03571,6.7,57.0,Bacharelado,Capitais,Presencial,Masculino,Branca,0.7068168407000333
CAND_03572,5.9,34.0,Ensino Médio,Região Metropolitana,Presencial,Masculino,Branca,0.5123327948813198
CAND_03573,0.0,22.0,Mestrado,Região Metropolitana,Presencial,Masculino,Preta,0.2104769049867678
CAND_03574,8.3,44.0,Mestrado,Capitais,Híbrido,Feminino,Branca,0.7005103070720891
CAND_03575,7.6,23.0,Doutorado,Capitais,Remoto,Masculino,Indígena,0.6313041391645249
CAND_03576,3.3,49.0,Bacharelado,Região Metropolitana,Híbrido,Masculino,Branca,0.513267233262781
CAND_03577,5.8,33.0,Bacharelado,Capitais,Remoto,Feminino,Amarela,0.14023719863641199
CAND_03578,0.5,33.0,Bacharelado,Capitais,Híbrido,Feminino,Branca,0.357797667958369
CAND_03579,2.7,72.0,Bacharelado,Região Metropolitana,Presencial,Masculino,Preta,0.41816321370828596
CAND_03580,10.0,54.0,Mestrado,Capitais,Presencial,Masculino,Amarela,0.6865194779928141
CAND_03581,1.5,27.0,Ensino Médio,Região Metropolitana,Híbrido,Masculino,Preta,0.02335016454410807
CAND_03582,5.0,49.0,Bacharelado,Região Metropolitana,Remoto,Feminino,Branca,0.6692349676411312
CAND_03583,0.8,48.0,Bacharelado,Capitais,Híbrido,Masculino,Preta,0.18718060036741435
CAND_03584,6.0,19.0,Bacharelado,Capitais,Remoto,Feminino,Branca,0.3746285461903374
CAND_03585,6.7,55.0,Bacharelado,Região Metropolitana,Presencial,Feminino,Preta,0.18038705578108233
CAND_03586,7.2,64.0,Bacharelado,Região Metropolitana,Híbrido,Masculino,Branca,0.6266267487937984
CAND_03587,6.4,44.0,Bacharelado,Capitais,Híbrido,Masculino,Preta,0.516676994626724
CAND_03588,9.3,46.0,Bacharelado,Capitais,Presencial,Masculino,Branca,0.7498899591814269
CAND_03589,3.3,42.0,Mestrado,Região Metropolitana,Presencial,Masculino,Branca,0.5187029876227573
CAND_03590,1.8,56.0,Bacharelado,Capitais,Híbrido,Feminino,Branca,0.41432893418660627
CAND_03591,3.2,46.0,Ensino Médio,Capitais,Remoto,Feminino,Branca,0.4639507482487244
CAND_03592,1.0,47.0,Mestrado,Região Metropolitana,Híbrido,Feminino,Amarela,0.3057584008650738
CAND_03593,5.2,38.0,Bacharelado,Região Metropolitana,Híbrido,Feminino,Branca,0.5638428752434467
CAND_03594,4.6,81.0,Bacharelado,Capitais,Remoto,Masculino,Preta,0.5989589311713519
CAND_03595,6.4,46.0,Bacharelado,Capitais,Presencial,Masculino,Branca,0.6611771412722539
CAND_03596,0.2,61.0,Bacharelado,Capitais,Presencial,Masculino,Branca,0.5849813931448907
CAND_03597,5.0,54.0,Bacharelado,Capitais,Híbrido,Feminino,Branca,0.5672847859395823
CAND_03598,8.6,12.0,Mestrado,Capitais,Híbrido,Masculino,Branca,0.8020199854369249
CAND_03599,6.7,44.0,Bacharelado,Capitais,Híbrido,Masculino,Branca,0.5125900706235128
CAND_03600,0.0,33.0,Bacharelado,Região Metropolitana,Híbrido,Feminino,Branca,0.28008973429462053
CAND_03601,5.0,65.0,Bacharelado,Capitais,Presencial,Masculino,Branca,0.6333456837776313
CAND_03602,2.8,31.0,Doutorado,Capitais,Presencial,Feminino,Branca,0.4874918260590782
CAND_03603,5.0,57.0,Bacharelado,Região Metropolitana,Remoto,Masculino,Preta,0.6002445545009589
CAND_03604,3.9,65.0,Bacharelado,Região Metropolitana,Híbrido,Feminino,Preta,0.060457713486469944
CAND_03605,10.2,54.0,Bacharelado,Capitais,Presencial,Masculino,Branca,0.6540055235017486
CAND_03606,5.3,50.0,Bacharelado,Capitais,Híbrido,Feminino,Branca,0.6580856816162202
CAND_03607,6.0,44.0,Bacharelado,Capitais,Híbrido,Masculino,Branca,0.7287790721548031
CAND_03608,4.9,48.0,Bacharelado,Capitais,Remoto,Masculino,Preta,0.43812371233225234
CAND_03609,6.4,30.0,Bacharelado,Capitais,Remoto,Feminino,Branca,0.5387212275655106
CAND_03610,4.3,53.0,Mestrado,Interior,Remoto,Masculino,Branca,0.7737534799888818
CAND_03611,7.3,66.0,Bacharelado,Capitais,Presencial,Masculino,Branca,0.8372331633796943
CAND_03612,3.8,37.0,Mestrado,Capitais,Presencial,Masculino,Parda,0.622930817250284
CAND_03613,9.1,50.0,Bacharelado,Capitais,Híbrido,Não-binário,Branca,0.3433623641757952
CAND_03614,6.5,48.0,Bacharelado,Interior,Presencial,Feminino,Branca,0.2828612452874094
CAND_03615,4.5,55.0,Mestrado,Interior,Remoto,Masculino,Branca,0.42432780350032684
CAND_03616,7.5,42.0,Doutorado,Capitais,Presencial,Masculino,Amarela,0.621158551206169
CAND_03617,6.5,27.0,Mestrado,Região Metropolitana,Presencial,Feminino,Parda,0.529913491798836
CAND_03618,7.5,33.0,Mestrado,Capitais,Híbrido,Feminino,Branca,0.4901807437193046
CAND_03619,5.3,15.0,Bacharelado,Capitais,Híbrido,Masculino,Branca,0.6115330999313051
CAND_03620,4.3,62.0,Doutorado,Capitais,Híbrido,Masculino,Branca,0.9215120410840381
CAND_03621,5.4,56.0,Mestrado,Capitais,Presencial,Masculino,Branca,0.821525184106183
CAND_03622,3.5,50.0,Bacharelado,Capitais,Remoto,Masculino,Branca,0.6611204122698545
CAND_03623,7.9,40.0,Bacharelado,Região Metropolitana,Remoto,Não-binário,Amarela,0.08183443382102643
CAND_03624,9.4,48.0,Bacharelado,Região Metropolitana,Remoto,Feminino,Preta,0.3514257190691358
CAND_03625,6.7,50.0,Ensino Médio,Interior,Remoto,Masculino,Branca,0.6534039997423661
CAND_03626,9.3,42.0,Bacharelado,Capitais,Remoto,Masculino,Preta,0.5067641356477753
CAND_03627,8.4,43.0,Bacharelado,Capitais,Remoto,Feminino,Branca,0.5063099994766682
CAND_03628,4.2,70.0,Ensino Médio,Capitais,Remoto,Feminino,Preta,0.3453357097010329
CAND_03629,7.5,31.0,Bacharelado,Capitais,Presencial,Masculino,Branca,0.7086764489706604
CAND_03630,1.2,65.0,Bacharelado,Capitais,Presencial,Masculino,Preta,0.595504980980381
CAND_03631,5.6,26.0,Mestrado,Região Metropolitana,Presencial,Masculino,Amarela,0.3704073658954663
CAND_03632,1.5,74.0,Mestrado,Capitais,Híbrido,Masculino,Branca,0.850913694882695
CAND_03633,4.7,14.0,Doutorado,Capitais,Presencial,Masculino,Branca,0.6923049831837622
CAND_03634,0.7,57.0,Mestrado,Interior,Presencial,Masculino,Branca,0.5468870799943601
CAND_03635,8.3,40.0,Mestrado,Capitais,Presencial,Masculino,Branca,0.7167894202619028
CAND_03636,3.8,47.0,Bacharelado,Capitais,Presencial,Masculino,Branca,0.739573939432604
CAND_03637,7.7,48.0,Ensino Médio,Capitais,Híbrido,Masculino,Branca,0.8557670648049192
CAND_03638,4.8,59.0,Bacharelado,Interior,Presencial,Masculino,Branca,0.38235215635506153
CAND_03639,0.0,21.0,Mestrado,Região Metropolitana,Remoto,Masculino,Amarela,0.30011130851162865
CAND_03640,3.5,50.0,Bacharelado,Capitais,Remoto,Masculino,Branca,0.7286548412352066
CAND_03641,3.4,53.0,Bacharelado,Capitais,Híbrido,Masculino,Preta,0.3454060310361805
CAND_03642,5.0,40.0,Bacharelado,Capitais,Híbrido,Masculino,Preta,0.4545764259700179
CAND_03643,9.5,48.0,Ensino Médio,Capitais,Presencial,Feminino,Branca,0.5679778003670856
CAND_03644,10.0,40.0,Bacharelado,Capitais,Híbrido,Masculino,Parda,0.7824879197396997
CAND_03645,4.3,58.0,Mestrado,Capitais,Remoto,Feminino,Branca,0.5340288346254686
CAND_03646,1.2,55.0,Bacharelado,Capitais,Presencial,Masculino,Parda,0.4621519111600833
CAND_03647,2.8,53.0,Bacharelado,Interior,Remoto,Feminino,Branca,0.32066636502853046
CAND_03648,6.4,60.0,Ensino Médio,Região Metropolitana,Presencial,Feminino,Branca,0.5982238096742323
CAND_03649,4.7,69.0,Bacharelado,Capitais,Presencial,Masculino,Branca,0.8584509995705051
CAND_03650,0.3,35.0,Bacharelado,Região Metropolitana,Remoto,Feminino,Branca,0.16489164383073904
CAND_03651,3.5,83.0,Bacharelado,Interior,Híbrido,Masculino,Branca,0.6357570137346614
CAND_03652,8.9,56.0,Mestrado,Região Metropolitana,Presencial,Feminino,Parda,0.5410126547572071
CAND_03653,5.9,42.0,Mestrado,Capitais,Remoto,Feminino,Amarela,0.39523292388455933
CAND_03654,5.1,84.0,Bacharelado,Capitais,Híbrido,Masculino,Branca,0.8278649780206385
CAND_03655,3.8,44.0,Mestrado,Região Metropolitana,Remoto,Masculino,Amarela,0.4353482090236263
CAND_03656,3.6,32.0,Bacharelado,Região Metropolitana,Presencial,Feminino,Branca,0.29183849254453154
CAND_03657,6.6,42.0,Doutorado,Capitais,Remoto,Masculino,Branca,1.0
CAND_03658,5.4,42.0,Mestrado,Capitais,Remoto,Masculino,Branca,0.5486211368154201
CAND_03659,7.3,66.0,Bacharelado,Região Metropolitana,Remoto,Feminino,Preta,0.31288958651249404
CAND_03660,6.6,48.0,Bacharelado,Região Metropolitana,Híbrido,Masculino,Branca,0.6870588806656044
CAND_03661,5.1,52.0,Bacharelado,Capitais,Híbrido,Masculino,Branca,0.7750673179066528
CAND_03662,6.2,51.0,Mestrado,Interior,Remoto,Masculino,Branca,0.587726440517451
CAND_03663,3.2,67.0,Bacharelado,Capitais,Presencial,Masculino,Branca,0.6888627529839957
CAND_03664,4.9,45.0,Bacharelado,Capitais,Presencial,Não-binário,Branca,0.48125073694996456
CAND_03665,9.0,47.0,Bacharelado,Capitais,Presencial,Feminino,Branca,0.5310371912269942
CAND_03666,5.0,40.0,Bacharelado,Capitais,Remoto,Masculino,Branca,0.5928437539498426
CAND_03667,4.3,44.0,Mestrado,Capitais,Presencial,Masculino,Branca,0.8226645886700179
CAND_03668,5.6,58.0,Mestrado,Capitais,Remoto,Feminino,Preta,0.2419225003135118
CAND_03669,1.5,61.0,Bacharelado,Interior,Híbrido,Masculino,Branca,0.4524730522831418
CAND_03670,5.7,75.0,Bacharelado,Capitais,Híbrido,Masculino,Branca,0.8494354105002846
CAND_03671,10.1,48.0,Bacharelado,Capitais,Híbrido,Masculino,Branca,0.8673063257968522
CAND_03672,2.6,46.0,Bacharelado,Capitais,Remoto,Masculino,Amarela,0.4120722291851681
CAND_03673,5.8,56.0,Bacharelado,Interior,Remoto,Feminino,Branca,0.43698703324772903
CAND_03674,4.9,43.0,Mestrado,Capitais,Híbrido,Feminino,Preta,0.2906069709568331
CAND_03675,4.9,40.0,Bacharelado,Capitais,Presencial,Masculino,Amarela,0.4289960053601454
CAND_03676,4.8,55.0,Bacharelado,Capitais,Presencial,Não-binário,Branca,0.3683799644190858
CAND_03677,7.1,44.0,Mestrado,Interior,Presencial,Masculino,Amarela,0.5167397563620576
CAND_03678,1.7,46.0,Mestrado,Região Metropolitana,Presencial,Masculino,Branca,0.5189601817227606
CAND_03679,7.1,59.0,Ensino Médio,Capitais,Presencial,Masculino,Branca,0.9963111537647832
CAND_03680,5.2,55.0,Bacharelado,Capitais,Remoto,Masculino,Branca,0.672056590066437
CAND_03681,0.0,80.0,Bacharelado,Capitais,Híbrido,Masculino,Branca,0.8802236571622031
CAND_03682,6.1,64.0,Bacharelado,Região Metropolitana,Híbrido,Masculino,Indígena,0.6873135750214832
CAND_03683,5.3,38.0,Mestrado,Capitais,Presencial,Feminino,Branca,0.47888142359664276
CAND_03684,2.4,44.0,Mestrado,Capitais,Presencial,Feminino,Indígena,0.4273549496630546
CAND_03685,5.5,29.0,Bacharelado,Capitais,Híbrido,Masculino,Amarela,0.5235607714326473
CAND_03686,1.1,35.0,Bacharelado,Interior,Presencial,Masculino,Branca,0.3785598613145268
CAND_03687,2.9,69.0,Bacharelado,Capitais,Presencial,Masculino,Branca,0.5621739169492297
CAND_03688,5.1,46.0,Bacharelado,Interior,Presencial,Masculino,Branca,0.3848658196978866
CAND_03689,0.0,29.0,Bacharelado,Região Metropolitana,Remoto,Masculino,Amarela,0.3253426081423486
CAND_03690,1.5,21.0,Mestrado,Capitais,Remoto,Masculino,Branca,0.5620741933409752
CAND_03691,2.0,28.0,Bacharelado,Região Metropolitana,Híbrido,Masculino,Branca,0.520431048578186
CAND_03692,5.2,38.0,Mestrado,Região Metropolitana,Híbrido,Masculino,Branca,0.7565450407184603
CAND_03693,6.3,50.0,Mestrado,Capitais,Híbrido,Feminino,Branca,0.5385521639196555
CAND_03694,2.3,44.0,Mestrado,Região Metropolitana,Híbrido,Masculino,Branca,0.697007363411881
CAND_03695,2.2,60.0,Mestrado,Capitais,Remoto,Masculino,Branca,0.6713921750744792
CAND_03696,5.4,36.0,Ensino Médio,Região Metropolitana,Híbrido,Masculino,Branca,0.5611706209121832
CAND_03697,5.3,68.0,Mestrado,Região Metropolitana,Presencial,Masculino,Branca,0.7964280408024859
CAND_03698,2.9,48.0,Bacharelado,Capitais,Presencial,Masculino,Branca,0.5432332888485557
CAND_03699,10.5,57.0,Doutorado,Região Metropolitana,Presencial,Feminino,Preta,0.4373551337246875
CAND_03700,5.6,42.0,Mestrado,Região Metropolitana,Remoto,Masculino,Branca,0.7653793304207291
CAND_03701,4.5,65.0,Doutorado,Capitais,Híbrido,Masculino,Amarela,0.7011377788643322
CAND_03702,3.8,30.0,Mestrado,Capitais,Remoto,Feminino,Preta,0.34156741751499764
CAND_03703,8.0,31.0,Bacharelado,Capitais,Híbrido,Feminino,Branca,0.43720560257539354
CAND_03704,6.6,35.0,Mestrado,Capitais,Remoto,Feminino,Branca,0.6731686491475253
CAND_03705,0.0,68.0,Bacharelado,Região Metropolitana,Híbrido,Masculino,Branca,0.6439435440567624
CAND_03706,2.9,46.0,Bacharelado,Capitais,Remoto,Masculino,Branca,0.5943826797450957
CAND_03707,3.7,36.0,Mestrado,Região Metropolitana,Híbrido,Não-binário,Branca,0.3843484879645367
CAND_03708,5.0,47.0,Bacharelado,Capitais,Presencial,Masculino,Preta,0.3662289984213858
CAND_03709,6.9,53.0,Bacharelado,Capitais,Remoto,Masculino,Branca,0.7811002507362885
CAND_03710,1.8,34.0,Mestrado,Região Metropolitana,Presencial,Masculino,Branca,0.40781804911538366
CAND_03711,4.8,52.0,Bacharelado,Região Metropolitana,Híbrido,Masculino,Branca,0.7780927505617034
CAND_03712,10.1,48.0,Bacharelado,Capitais,Presencial,Masculino,Indígena,0.579673436254922
CAND_03713,5.1,42.0,Bacharelado,Região Metropolitana,Híbrido,Feminino,Amarela,0.22362443682499272
CAND_03714,2.9,31.0,Mestrado,Região Metropolitana,Híbrido,Feminino,Branca,0.501942319145304
CAND_03715,1.0,63.0,Mestrado,Capitais,Híbrido,Masculino,Branca,0.6592419524225691
CAND_03716,3.5,43.0,Bacharelado,Capitais,Híbrido,Feminino,Branca,0.5096630730792577
CAND_03717,1.8,6.0,Bacharelado,Região Metropolitana,Híbrido,Masculino,Branca,0.5257490148791449
CAND_03718,3.8,55.0,Mestrado,Região Metropolitana,Presencial,Masculino,Branca,0.710155496457651
CAND_03719,6.6,56.0,Bacharelado,Região Metropolitana,Remoto,Masculino,Preta,0.4951029130593529
CAND_03720,5.1,64.0,Bacharelado,Região Metropolitana,Híbrido,Não-binário,Branca,0.5886786805706702
CAND_03721,3.6,56.0,Ensino Médio,Capitais,Híbrido,Masculino,Branca,0.5304373377556336
CAND_03722,0.0,52.0,Doutorado,Capitais,Híbrido,Masculino,Branca,0.827548622514052
CAND_03723,7.5,43.0,Bacharelado,Capitais,Híbrido,Masculino,Preta,0.30753732926189903
CAND_03724,3.9,43.0,Mestrado,Capitais,Remoto,Masculino,Branca,0.6479689514435282
CAND_03725,5.3,60.0,Bacharelado,Região Metropolitana,Híbrido,Feminino,Preta,0.44418012524231537
CAND_03726,2.3,48.0,Bacharelado,Capitais,Remoto,Feminino,Branca,0.5345988193024053
CAND_03727,3.8,28.0,Bacharelado,Capitais,Remoto,Feminino,Branca,0.3896734718427605
CAND_03728,3.3,45.0,Bacharelado,Capitais,Remoto,Masculino,Amarela,0.6518448621710895
CAND_03729,1.0,49.0,Mestrado,Interior,Remoto,Masculino,Indígena,0.2560897221498349
CAND_03730,2.3,20.0,Mestrado,Capitais,Presencial,Masculino,Parda,0.5786366371491863
CAND_03731,5.0,61.0,Ensino Médio,Capitais,Remoto,Não-binário,Preta,0.1836898665454621
CAND_03732,5.9,50.0,Bacharelado,Capitais,Remoto,Masculino,Branca,0.7203251129339561
CAND_03733,2.9,30.0,Bacharelado,Capitais,Presencial,Masculino,Indígena,0.5033374066848721
CAND_03734,1.4,46.0,Bacharelado,Interior,Híbrido,Masculino,Branca,0.5262022016256753
CAND_03735,3.9,48.0,Bacharelado,Região Metropolitana,Híbrido,Feminino,Branca,0.43071473010371886
CAND_03736,7.3,64.0,Bacharelado,Capitais,Presencial,Feminino,Preta,0.42761078249163986
CAND_03737,2.2,64.0,Bacharelado,Capitais,Híbrido,Não-binário,Branca,0.5877048212614732
CAND_03738,5.0,66.0,Bacharelado,Capitais,Remoto,Masculino,Indígena,0.6483732201838246
CAND_03739,3.0,56.0,Mestrado,Capitais,Remoto,Masculino,Branca,0.8162187723052059
CAND_03740,8.4,40.0,Doutorado,Capitais,Presencial,Masculino,Branca,0.8499926469312682
CAND_03741,3.5,36.0,Mestrado,Capitais,Híbrido,Masculino,Branca,0.6164504709750102
CAND_03742,7.0,39.0,Mestrado,Capitais,Híbrido,Masculino,Branca,0.7510232776381228
CAND_03743,8.0,49.0,Ensino Médio,Capitais,Híbrido,Feminino,Preta,0.32494852664256374
CAND_03744,9.6,50.0,Bacharelado,Capitais,Remoto,Masculino,Branca,0.6161675622092477
CAND_03745,0.9,65.0,Bacharelado,Capitais,Remoto,Masculino,Branca,0.70865457912285
CAND_03746,0.8,46.0,Bacharelado,Capitais,Híbrido,Masculino,Branca,0.6693701482248642
CAND_03747,8.5,20.0,Bacharelado,Região Metropolitana,Remoto,Feminino,Parda,0.3599076308575923
CAND_03748,8.0,32.0,Doutorado,Capitais,Híbrido,Masculino,Parda,0.6422350910627377
CAND_03749,3.1,35.0,Ensino Médio,Capitais,Presencial,Masculino,Amarela,0.4230719684386226
CAND_03750,0.0,35.0,Mestrado,Capitais,Híbrido,Masculino,Branca,0.5262316092523062
CAND_03751,5.2,8.0,Ensino Médio,Região Metropolitana,Presencial,Masculino,Branca,0.6065202623661647
CAND_03752,0.4,74.0,Bacharelado,Região Metropolitana,Híbrido,Feminino,Branca,0.5600475687253748
CAND_03753,2.5,17.0,Bacharelado,Capitais,Híbrido,Feminino,Amarela,0.14343346467237822
CAND_03754,5.5,41.0,Bacharelado,Capitais,Híbrido,Masculino,Parda,0.5974541744765706
CAND_03755,5.9,60.0,Doutorado,Região Metropolitana,Híbrido,Masculino,Branca,0.6625799480832175
CAND_03756,9.7,59.0,Bacharelado,Capitais,Remoto,Masculino,Branca,1.0
CAND_03757,3.9,28.0,Mestrado,Região Metropolitana,Presencial,Feminino,Amarela,0.13064077374059102
CAND_03758,2.1,68.0,Mestrado,Capitais,Remoto,Masculino,Indígena,0.7797289664185668
CAND_03759,7.8,66.0,Mestrado,Capitais,Remoto,Masculino,Preta,0.39918837713557986
CAND_03760,6.1,47.0,Mestrado,Região Metropolitana,Remoto,Masculino,Branca,0.7029049854056334
CAND_03761,3.9,50.0,Bacharelado,Região Metropolitana,Presencial,Masculino,Amarela,0.37077947816677265
CAND_03762,5.1,36.0,Mestrado,Capitais,Presencial,Masculino,Branca,0.5983475242733584
CAND_03763,3.9,54.0,Bacharelado,Região Metropolitana,Presencial,Feminino,Branca,0.4763829406583289
CAND_03764,7.1,53.0,Bacharelado,Capitais,Remoto,Feminino,Branca,0.7174992030946328
CAND_03765,10.1,43.0,Bacharelado,Capitais,Remoto,Masculino,Parda,0.684172509364166
CAND_03766,2.8,60.0,Bacharelado,Interior,Presencial,Feminino,Amarela,0.16821097109235306
CAND_03767,6.3,55.0,Bacharelado,Capitais,Híbrido,Masculino,Preta,0.4200459066082404
CAND_03768,0.4,98.0,Bacharelado,Região Metropolitana,Híbrido,Feminino,Branca,0.45880457891363435
CAND_03769,1.8,36.0,Bacharelado,Interior,Remoto,Feminino,Indígena,0.0
CAND_03770,6.7,70.0,Bacharelado,Capitais,Presencial,Masculino,Branca,0.745422353352926
CAND_03771,4.8,37.0,Bacharelado,Interior,Presencial,Feminino,Parda,0.22098742056648027
CAND_03772,1.7,58.0,Bacharelado,Capitais,Híbrido,Masculino,Preta,0.27256710701995723
CAND_03773,5.0,11.0,Bacharelado,Interior,Híbrido,Masculino,Branca,0.5819209721146371
CAND_03774,7.6,42.0,Bacharelado,Capitais,Presencial,Masculino,Amarela,0.5696811343475935
CAND_03775,0.7,57.0,Bacharelado,Capitais,Remoto,Feminino,Branca,0.5147095632454178
CAND_03776,10.2,54.0,Bacharelado,Interior,Presencial,Feminino,Indígena,0.17196959551613436
CAND_03777,6.7,20.0,Bacharelado,Capitais,Remoto,Masculino,Indígena,0.5088489778604952
CAND_03778,6.8,44.0,Mestrado,Capitais,Remoto,Masculino,Branca,0.9149700801211414
CAND_03779,5.0,72.0,Ensino Médio,Capitais,Remoto,Masculino,Branca,0.7299647858740178
CAND_03780,10.2,65.0,Bacharelado,Interior,Presencial,Masculino,Branca,0.7486075010980923
CAND_03781,7.9,64.0,Bacharelado,Capitais,Remoto,Masculino,Branca,0.7888439683111711
CAND_03782,3.9,85.0,Mestrado,Capitais,Remoto,Masculino,Preta,0.6622148818790232
CAND_03783,7.3,24.0,Bacharelado,Região Metropolitana,Remoto,Feminino,Branca,0.39282706971177833
CAND_03784,2.8,44.0,Bacharelado,Capitais,Presencial,Feminino,Amarela,0.20376323103735355
CAND_03785,4.2,50.0,Bacharelado,Capitais,Híbrido,Masculino,Branca,0.7244275146926923
CAND_03786,9.4,39.0,Bacharelado,Região Metropolitana,Presencial,Masculino,Branca,0.6933274977316924
CAND_03787,6.2,52.0,Doutorado,Região Metropolitana,Presencial,Masculino,Preta,0.5657048486693316
CAND_03788,7.0,70.0,Mestrado,Capitais,Remoto,Masculino,Branca,0.8628784696521261
CAND_03789,8.5,52.0,Mestrado,Interior,Híbrido,Feminino,Preta,0.3369668040184492
CAND_03790,6.6,17.0,Bacharelado,Capitais,Híbrido,Feminino,Branca,0.5887048953870351
CAND_03791,2.6,60.0,Bacharelado,Interior,Híbrido,Feminino,Branca,0.36823901908823886
CAND_03792,10.0,50.0,Bacharelado,Capitais,Híbrido,Masculino,Branca,0.8525690211275434
CAND_03793,6.5,17.0,Bacharelado,Capitais,Híbrido,Masculino,Branca,0.5575332276175475
CAND_03794,6.8,41.0,Bacharelado,Região Metropolitana,Híbrido,Masculino,Branca,0.7143587252872112
CAND_03795,5.2,24.0,Bacharelado,Região Metropolitana,Presencial,Feminino,Parda,0.14402895296138485
CAND_03796,8.3,46.0,Ensino Médio,Capitais,Remoto,Masculino,Branca,0.7527388226803788
CAND_03797,10.7,42.0,Bacharelado,Capitais,Presencial,Feminino,Branca,0.4896391034155787
CAND_03798,3.9,27.0,Mestrado,Capitais,Híbrido,Feminino,Branca,0.5729778172461086
CAND_03799,8.2,54.0,Bacharelado,Interior,Híbrido,Masculino,Indígena,0.5635757436226853
CAND_03800,5.1,34.0,Mestrado,Capitais,Presencial,Feminino,Branca,0.4741281953321341
CAND_03801,0.0,70.0,Bacharelado,Capitais,Presencial,Feminino,Branca,0.541801403341879
CAND_03802,0.8,53.0,Bacharelado,Capitais,Híbrido,Masculino,Indígena,0.6688601753655847
CAND_03803,6.3,46.0,Mestrado,Capitais,Híbrido,Masculino,Preta,0.5006464986961535
CAND_03804,8.0,69.0,Bacharelado,Capitais,Presencial,Masculino,Preta,0.6191840975190801
CAND_03805,6.8,54.0,Bacharelado,Região Metropolitana,Híbrido,Não-binário,Parda,0.45180624908703476
CAND_03806,7.3,55.0,Bacharelado,Região Metropolitana,Presencial,Feminino,Branca,0.5734289115690436
CAND_03807,12.8,49.0,Bacharelado,Capitais,Presencial,Feminino,Branca,0.6210176809392911
CAND_03808,6.6,45.0,Bacharelado,Interior,Presencial,Masculino,Indígena,0.49638650451290567
CAND_03809,4.2,56.0,Bacharelado,Capitais,Remoto,Feminino,Preta,0.259649418564319
CAND_03810,4.6,73.0,Bacharelado,Região Metropolitana,Remoto,Feminino,Preta,0.3028847862809114
CAND_03811,9.9,0.0,Bacharelado,Capitais,Híbrido,Masculino,Branca,0.542310042411198
CAND_03812,1.2,78.0,Bacharelado,Interior,Híbrido,Feminino,Branca,0.4927687769556287
CAND_03813,8.7,35.0,Mestrado,Região Metropolitana,Híbrido,Masculino,Branca,0.6261407299077663
CAND_03814,5.0,53.0,Mestrado,Capitais,Presencial,Feminino,Preta,0.16509953382595785
CAND_03815,2.5,24.0,Mestrado,Capitais,Presencial,Masculino,Parda,0.3377606057919197
CAND_03816,0.6,72.0,Bacharelado,Capitais,Presencial,Feminino,Parda,0.5313028590529361
CAND_03817,9.4,29.0,Doutorado,Capitais,Híbrido,Masculino,Preta,0.5055552390736836
CAND_03818,2.4,67.0,Bacharelado,Capitais,Remoto,Masculino,Branca,0.6556487512704217
CAND_03819,5.2,46.0,Mestrado,Capitais,Híbrido,Feminino,Parda,0.49088779257782444
CAND_03820,2.1,48.0,Mestrado,Região Metropolitana,Presencial,Masculino,Parda,0.4623218949546777
CAND_03821,10.9,31.0,Mestrado,Capitais,Híbrido,Não-binário,Branca,0.5789181785408432
CAND_03822,5.3,68.0,Bacharelado,Capitais,Remoto,Feminino,Branca,0.8049065072946928
CAND_03823,1.0,48.0,Bacharelado,Capitais,Híbrido,Masculino,Branca,0.684451992072113
CAND_03824,3.7,61.0,Bacharelado,Capitais,Híbrido,Feminino,Indígena,0.408461160445398
CAND_03825,9.2,19.0,Mestrado,Capitais,Híbrido,Masculino,Preta,0.550222163971659
CAND_03826,2.1,37.0,Bacharelado,Capitais,Híbrido,Masculino,Parda,0.7873113607076656
CAND_03827,3.9,54.0,Bacharelado,Região Metropolitana,Presencial,Masculino,Branca,0.6048894984975002
CAND_03828,8.6,26.0,Bacharelado,Capitais,Remoto,Masculino,Branca,0.6374971655746502
CAND_03829,6.0,55.0,Bacharelado,Região Metropolitana,Remoto,Feminino,Branca,0.43484908143777795
CAND_03830,1.3,40.0,Bacharelado,Capitais,Remoto,Masculino,Branca,0.43808398341066257
CAND_03831,5.7,38.0,Bacharelado,Região Metropolitana,Remoto,Feminino,Branca,0.43118695697939813
CAND_03832,4.5,58.0,Mestrado,Capitais,Híbrido,Feminino,Branca,0.5751354601900981
CAND_03833,5.2,53.0,Ensino Médio,Região Metropolitana,Híbrido,Masculino,Amarela,0.4472495404661869
CAND_03834,7.8,33.0,Bacharelado,Região Metropolitana,Presencial,Não-binário,Parda,0.23485687488866108
CAND_03835,5.7,67.0,Bacharelado,Capitais,Remoto,Feminino,Branca,0.39200185052637737
CAND_03836,4.7,58.0,Bacharelado,Interior,Híbrido,Masculino,Parda,0.3297846059982201
CAND_03837,4.6,20.0,Mestrado,Capitais,Presencial,Masculino,Branca,0.6533216085066762
CAND_03838,8.2,45.0,Bacharelado,Região Metropolitana,Remoto,Feminino,Amarela,0.33024809879206557
CAND_03839,2.8,56.0,Bacharelado,Capitais,Remoto,Feminino,Branca,0.6542469282836454
CAND_03840,0.0,48.0,Ensino Médio,Capitais,Remoto,Feminino,Branca,0.4593022534396358
CAND_03841,4.3,0.0,Mestrado,Região Metropolitana,Presencial,Não-binário,Branca,0.10337464981614705
CAND_03842,6.1,51.0,Bacharelado,Capitais,Híbrido,Masculino,Branca,0.6165364180409085
CAND_03843,3.8,61.0,Bacharelado,Região Metropolitana,Remoto,Masculino,Branca,0.7217824804884894
CAND_03844,3.4,49.0,Bacharelado,Região Metropolitana,Híbrido,Masculino,Indígena,0.46752163872570046
CAND_03845,3.9,51.0,Mestrado,Interior,Híbrido,Masculino,Amarela,0.48010715810106175
CAND_03846,4.9,65.0,Bacharelado,Interior,Híbrido,Feminino,Branca,0.5455753694056051
CAND_03847,1.1,26.0,Ensino Médio,Capitais,Presencial,Masculino,Branca,0.514245608832582
CAND_03848,7.0,61.0,Bacharelado,Região Metropolitana,Presencial,Masculino,Branca,0.7403287537812533
CAND_03849,0.0,55.0,Mestrado,Capitais,Híbrido,Não-binário,Branca,0.3183302775730845
CAND_03850,6.6,26.0,Bacharelado,Capitais,Presencial,Feminino,Branca,0.3381090008218098
CAND_03851,5.9,60.0,Bacharelado,Capitais,Híbrido,Masculino,Parda,0.7727063095999368
CAND_03852,6.5,77.0,Mestrado,Capitais,Híbrido,Feminino,Amarela,0.3652633575204939
CAND_03853,0.0,55.0,Mestrado,Capitais,Presencial,Masculino,Indígena,0.48222214954650505
CAND_03854,5.9,58.0,Bacharelado,Capitais,Híbrido,Feminino,Branca,0.43502181453740274
CAND_03855,3.4,34.0,Bacharelado,Capitais,Remoto,Masculino,Amarela,0.30490163654388014
CAND_03856,9.8,41.0,Doutorado,Região Metropolitana,Presencial,Masculino,Preta,0.5418483655900259
CAND_03857,6.1,35.0,Ensino Médio,Capitais,Remoto,Feminino,Branca,0.3832438082002223
CAND_03858,1.5,56.0,Bacharelado,Região Metropolitana,Híbrido,Feminino,Branca,0.4634774152616651
CAND_03859,0.0,42.0,Bacharelado,Capitais,Híbrido,Feminino,Amarela,0.2929523227618534
CAND_03860,3.2,41.0,Bacharelado,Capitais,Híbrido,Feminino,Amarela,0.2038549372747116
CAND_03861,7.4,61.0,Bacharelado,Capitais,Híbrido,Masculino,Amarela,0.4710396555354222
CAND_03862,8.5,75.0,Mestrado,Região Metropolitana,Híbrido,Feminino,Indígena,0.48655203011382847
CAND_03863,5.5,49.0,Bacharelado,Região Metropolitana,Presencial,Masculino,Parda,0.7016229826555288
CAND_03864,5.2,26.0,Ensino Médio,Capitais,Remoto,Feminino,Branca,0.2591060029482522
CAND_03865,4.0,51.0,Doutorado,Capitais,Remoto,Masculino,Preta,0.4273403543979604
CAND_03866,4.9,53.0,Bacharelado,Região Metropolitana,Híbrido,Masculino,Branca,0.5167586802391628
CAND_03867,8.6,62.0,Bacharelado,Capitais,Remoto,Feminino,Amarela,0.5603623848684631
CAND_03868,4.0,45.0,Mestrado,Capitais,Remoto,Masculino,Parda,0.43247775530841004
CAND_03869,7.0,63.0,Bacharelado,Região Metropolitana,Híbrido,Feminino,Parda,0.38351800823483
CAND_03870,3.4,61.0,Bacharelado,Capitais,Presencial,Masculino,Branca,0.6013245177146735
CAND_03871,8.0,46.0,Bacharelado,Capitais,Híbrido,Feminino,Branca,0.5058636813841634
CAND_03872,6.7,62.0,Bacharelado,Região Metropolitana,Remoto,Masculino,Branca,0.6683546226376178
CAND_03873,7.9,64.0,Mestrado,Interior,Híbrido,Feminino,Branca,0.5272013820125193
CAND_03874,10.6,34.0,Bacharelado,Capitais,Remoto,Feminino,Parda,0.44400310760869677
CAND_03875,0.0,64.0,Bacharelado,Capitais,Remoto,Feminino,Branca,0.3562964691901307
CAND_03876,7.3,48.0,Mestrado,Interior,Híbrido,Masculino,Branca,0.5910600162572084
CAND_03877,6.4,46.0,Mestrado,Região Metropolitana,Híbrido,Feminino,Amarela,0.1894444316483891
CAND_03878,6.3,48.0,Bacharelado,Região Metropolitana,Híbrido,Feminino,Parda,0.5208412293940233
CAND_03879,5.7,69.0,Mestrado,Região Metropolitana,Híbrido,Feminino,Preta,0.4749363700326058
CAND_03880,5.7,69.0,Bacharelado,Região Metropolitana,Remoto,Masculino,Branca,0.5557473388559315
CAND_03881,6.0,57.0,Bacharelado,Região Metropolitana,Presencial,Não-binário,Preta,0.24443846218873988
CAND_03882,7.7,54.0,Bacharelado,Região Metropolitana,Presencial,Feminino,Branca,0.529562690385927
CAND_03883,7.5,48.0,Ensino Médio,Interior,Híbrido,Masculino,Branca,0.5512002692780678
CAND_03884,4.9,90.0,Mestrado,Capitais,Remoto,Masculino,Parda,0.8071758154651573
CAND_03885,4.4,40.0,Mestrado,Capitais,Remoto,Feminino,Branca,0.4272825918990245
CAND_03886,5.1,43.0,Bacharelado,Capitais,Remoto,Masculino,Preta,0.518060883527644
CAND_03887,3.8,55.0,Bacharelado,Região Metropolitana,Híbrido,Masculino,Branca,0.7419985616475322
CAND_03888,10.3,36.0,Bacharelado,Capitais,Remoto,Feminino,Branca,0.5614153768427272
CAND_03889,1.2,66.0,Bacharelado,Região Metropolitana,Presencial,Masculino,Branca,0.47882151770115333
CAND_03890,7.2,28.0,Bacharelado,Capitais,Híbrido,Masculino,Branca,0.6624794215300746
CAND_03891,7.2,39.0,Bacharelado,Região Metropolitana,Híbrido,Masculino,Parda,0.5591935719964225
CAND_03892,3.4,44.0,Ensino Médio,Capitais,Presencial,Masculino,Branca,0.5876284567074667
CAND_03893,5.9,35.0,Bacharelado,Região Metropolitana,Presencial,Masculino,Indígena,0.4706199671797944
CAND_03894,8.8,66.0,Bacharelado,Capitais,Híbrido,Feminino,Branca,0.628685970014958
CAND_03895,4.0,30.0,Ensino Médio,Interior,Presencial,Masculino,Preta,0.24860604833380479
CAND_03896,8.9,36.0,Bacharelado,Região Metropolitana,Híbrido,Masculino,Branca,0.6054914348619278
CAND_03897,8.4,40.0,Bacharelado,Região Metropolitana,Híbrido,Feminino,Branca,0.575715918607909
CAND_03898,2.9,63.0,Bacharelado,Capitais,Híbrido,Masculino,Amarela,0.4749115495151413
CAND_03899,1.7,72.0,Bacharelado,Região Metropolitana,Remoto,Masculino,Branca,0.7524688997410602
CAND_03900,5.5,58.0,Ensino Médio,Capitais,Presencial,Masculino,Parda,0.7322880218138339
CAND_03901,1.3,30.0,Bacharelado,Capitais,Presencial,Não-binário,Preta,0.08785674584931338
CAND_03902,0.0,41.0,Mestrado,Região Metropolitana,Presencial,Masculino,Parda,0.4553047882178325
CAND_03903,3.5,74.0,Ensino Médio,Capitais,Remoto,Masculino,Amarela,0.33414826378288104
CAND_03904,11.5,50.0,Mestrado,Capitais,Híbrido,Feminino,Branca,0.7273948593852382
CAND_03905,3.7,28.0,Mestrado,Capitais,Híbrido,Feminino,Preta,0.14346788747441305
CAND_03906,6.1,83.0,Mestrado,Região Metropolitana,Híbrido,Não-binário,Branca,0.6134627244453625
CAND_03907,7.1,41.0,Mestrado,Capitais,Remoto,Feminino,Branca,0.6531586336109646
CAND_03908,4.9,49.0,Bacharelado,Capitais,Presencial,Masculino,Branca,0.6243672494739472
CAND_03909,4.0,40.0,Mestrado,Capitais,Presencial,Masculino,Indígena,0.5531989129166368
CAND_03910,8.7,36.0,Mestrado,Capitais,Presencial,Não-binário,Branca,0.35555257498300263
CAND_03911,5.1,69.0,Bacharelado,Capitais,Híbrido,Feminino,Branca,0.614837945928247
CAND_03912,4.7,53.0,Mestrado,Capitais,Presencial,Feminino,Preta,0.24487198237914132
CAND_03913,7.4,55.0,Bacharelado,Capitais,Remoto,Masculino,Branca,0.538678760602033
CAND_03914,1.9,31.0,Ensino Médio,Capitais,Presencial,Masculino,Branca,0.5546346755782091
CAND_03915,1.2,46.0,Mestrado,Capitais,Híbrido,Masculino,Amarela,0.7207702027595768
CAND_03916,0.1,41.0,Mestrado,Capitais,Remoto,Masculino,Branca,0.6126587475847346
CAND_03917,6.7,38.0,Bacharelado,Capitais,Remoto,Masculino,Branca,0.5793545036431591
CAND_03918,4.5,57.0,Bacharelado,Interior,Remoto,Masculino,Amarela,0.43138834846234464
CAND_03919,7.5,45.0,Bacharelado,Região Metropolitana,Presencial,Masculino,Branca,0.6423974415817918
CAND_03920,5.2,60.0,Mestrado,Capitais,Presencial,Feminino,Preta,0.3890539179608487
CAND_03921,0.9,61.0,Bacharelado,Capitais,Remoto,Masculino,Amarela,0.36263965707735024
CAND_03922,3.9,43.0,Mestrado,Capitais,Híbrido,Feminino,Preta,0.09647347671780301
CAND_03923,7.7,57.0,Bacharelado,Capitais,Presencial,Masculino,Branca,0.8150469637926758
CAND_03924,4.2,43.0,Bacharelado,Região Metropolitana,Remoto,Masculino,Preta,0.29889884347592605
CAND_03925,8.6,38.0,Mestrado,Capitais,Híbrido,Não-binário,Branca,0.45524244454177865
CAND_03926,3.6,34.0,Bacharelado,Capitais,Presencial,Masculino,Branca,0.704467333251128
CAND_03927,7.2,51.0,Mestrado,Região Metropolitana,Presencial,Masculino,Branca,0.7011887464352351
CAND_03928,0.0,39.0,Doutorado,Interior,Híbrido,Masculino,Preta,0.29963870282579275
CAND_03929,4.3,71.0,Bacharelado,Região Metropolitana,Híbrido,Feminino,Branca,0.46391750775663415
CAND_03930,3.8,74.0,Mestrado,Capitais,Remoto,Masculino,Branca,0.9423417558387859
CAND_03931,0.8,57.0,Bacharelado,Região Metropolitana,Presencial,Feminino,Branca,0.5688435497917822
CAND_03932,8.3,54.0,Bacharelado,Região Metropolitana,Presencial,Masculino,Branca,0.7999453677524004
CAND_03933,3.1,50.0,Bacharelado,Capitais,Presencial,Não-binário,Branca,0.31659280508634724
CAND_03934,2.8,86.0,Mestrado,Capitais,Híbrido,Feminino,Parda,0.682156729445608
CAND_03935,8.9,79.0,Bacharelado,Região Metropolitana,Híbrido,Masculino,Branca,0.8434217524238619
CAND_03936,5.5,47.0,Bacharelado,Capitais,Híbrido,Masculino,Branca,0.7415841583788736
CAND_03937,7.3,47.0,Bacharelado,Capitais,Híbrido,Masculino,Branca,0.7001980091847899
CAND_03938,0.0,55.0,Mestrado,Capitais,Remoto,Masculino,Branca,0.6291337711360003
CAND_03939,2.6,32.0,Bacharelado,Capitais,Híbrido,Feminino,Branca,0.4044841270807167
CAND_03940,11.3,23.0,Bacharelado,Capitais,Híbrido,Masculino,Indígena,0.7569217875869948
CAND_03941,7.6,30.0,Mestrado,Capitais,Híbrido,Masculino,Branca,0.7514644120328752
CAND_03942,1.8,45.0,Bacharelado,Região Metropolitana,Presencial,Masculino,Amarela,0.3443406026472437
CAND_03943,5.7,36.0,Bacharelado,Capitais,Remoto,Masculino,Branca,0.5898279340404228
CAND_03944,2.0,72.0,Bacharelado,Região Metropolitana,Presencial,Masculino,Parda,0.5932970459876115
CAND_03945,9.2,28.0,Bacharelado,Capitais,Presencial,Masculino,Branca,0.8513952128238734
CAND_03946,0.0,30.0,Mestrado,Região Metropolitana,Híbrido,Feminino,Branca,0.2703638681872746
CAND_03947,5.8,22.0,Bacharelado,Capitais,Presencial,Masculino,Branca,0.562167703809535
CAND_03948,5.8,40.0,Bacharelado,Capitais,Híbrido,Masculino,Branca,0.5619441481396676
CAND_03949,1.7,44.0,Bacharelado,Capitais,Híbrido,Masculino,Branca,0.683885856461701
CAND_03950,4.2,49.0,Bacharelado,Capitais,Híbrido,Masculino,Branca,0.7379483589326133
CAND_03951,6.1,49.0,Bacharelado,Capitais,Remoto,Feminino,Preta,0.4031726273472156
CAND_03952,0.0,41.0,Mestrado,Capitais,Híbrido,Masculino,Preta,0.4394556771561976
CAND_03953,1.2,34.0,Mestrado,Capitais,Remoto,Masculino,Branca,0.5969670327087768
CAND_03954,4.5,56.0,Bacharelado,Capitais,Híbrido,Não-binário,Parda,0.5641566742445709
CAND_03955,2.5,37.0,Doutorado,Capitais,Presencial,Feminino,Preta,0.3793262176636062
CAND_03956,3.6,62.0,Bacharelado,Região Metropolitana,Presencial,Masculino,Branca,0.683308653841962
CAND_03957,4.9,28.0,Bacharelado,Capitais,Híbrido,Masculino,Amarela,0.4499515934371235
CAND_03958,2.3,39.0,Bacharelado,Região Metropolitana,Híbrido,Masculino,Branca,0.38804880449116796
CAND_03959,4.9,81.0,Mestrado,Região Metropolitana,Presencial,Feminino,Preta,0.4010454486285141
CAND_03960,5.9,83.0,Bacharelado,Capitais,Remoto,Masculino,Preta,0.6103608837264277
CAND_03961,7.3,30.0,Bacharelado,Capitais,Híbrido,Masculino,Branca,0.659141599675846
CAND_03962,1.3,68.0,Doutorado,Região Metropolitana,Híbrido,Feminino,Branca,0.594758890297729
CAND_03963,3.1,74.0,Mestrado,Capitais,Híbrido,Masculino,Parda,0.665555000785095
CAND_03964,6.8,66.0,Ensino Médio,Capitais,Remoto,Masculino,Preta,0.7316338599528326
CAND_03965,0.6,49.0,Bacharelado,Capitais,Presencial,Feminino,Branca,0.48356513201339524
CAND_03966,5.3,21.0,Bacharelado,Capitais,Presencial,Feminino,Branca,0.4609725332301358
CAND_03967,5.1,51.0,Bacharelado,Região Metropolitana,Remoto,Feminino,Branca,0.5268278250274653
CAND_03968,0.0,56.0,Ensino Médio,Capitais,Presencial,Não-binário,Preta,0.17328334934706333
CAND_03969,3.5,54.0,Bacharelado,Região Metropolitana,Híbrido,Feminino,Preta,0.19889939157370173
CAND_03970,6.0,57.0,Bacharelado,Região Metropolitana,Presencial,Masculino,Branca,0.6405971935112629
CAND_03971,4.4,38.0,Ensino Médio,Região Metropolitana,Híbrido,Masculino,Indígena,0.2345785165522322
CAND_03972,3.6,43.0,Mestrado,Região Metropolitana,Híbrido,Masculino,Preta,0.5007718786201495
CAND_03973,5.5,14.0,Mestrado,Capitais,Híbrido,Masculino,Preta,0.42314706932677343
CAND_03974,8.0,63.0,Bacharelado,Capitais,Presencial,Feminino,Branca,0.48887415780639465
CAND_03975,6.6,37.0,Bacharelado,Interior,Híbrido,Masculino,Preta,0.1501882974231167
CAND_03976,2.7,46.0,Doutorado,Interior,Remoto,Feminino,Indígena,0.0566380540594153
CAND_03977,0.6,54.0,Bacharelado,Capitais,Presencial,Masculino,Parda,0.5481286358362093
CAND_03978,6.6,42.0,Bacharelado,Região Metropolitana,Remoto,Masculino,Branca,0.7658320535382617
CAND_03979,1.5,34.0,Bacharelado,Capitais,Presencial,Masculino,Branca,0.4189641243662852
CAND_03980,3.4,54.0,Bacharelado,Capitais,Presencial,Feminino,Parda,0.4421319354193224
CAND_03981,5.6,23.0,Mestrado,Região Metropolitana,Híbrido,Masculino,Amarela,0.2523658223765439
CAND_03982,8.4,62.0,Bacharelado,Capitais,Híbrido,Feminino,Branca,0.4706820968438427
CAND_03983,8.9,60.0,Doutorado,Região Metropolitana,Remoto,Masculino,Amarela,0.599432991516675
CAND_03984,5.2,42.0,Doutorado,Capitais,Presencial,Feminino,Branca,0.752885447454565
CAND_03985,3.5,43.0,Bacharelado,Região Metropolitana,Remoto,Masculino,Branca,0.5118114970006619
CAND_03986,1.4,35.0,Doutorado,Capitais,Presencial,Masculino,Branca,0.5277234281358916
CAND_03987,10.9,44.0,Doutorado,Região Metropolitana,Híbrido,Masculino,Branca,0.7895289675160555
CAND_03988,4.1,47.0,Mestrado,Capitais,Remoto,Feminino,Branca,0.4670826158247357
CAND_03989,7.0,45.0,Bacharelado,Capitais,Híbrido,Masculino,Preta,0.4450606473816575
CAND_03990,5.6,72.0,Bacharelado,Região Metropolitana,Híbrido,Feminino,Parda,0.4331909761173546
CAND_03991,3.5,24.0,Bacharelado,Capitais,Remoto,Masculino,Branca,0.5094179761589298
CAND_03992,3.4,36.0,Ensino Médio,Interior,Presencial,Masculino,Parda,0.4020167702670276
CAND_03993,0.9,61.0,Mestrado,Capitais,Remoto,Masculino,Branca,0.7088437436869325
CAND_03994,8.4,81.0,Mestrado,Região Metropolitana,Presencial,Feminino,Branca,0.591870446563883
CAND_03995,4.6,37.0,Mestrado,Região Metropolitana,Híbrido,Masculino,Preta,0.4476214280297848
CAND_03996,9.3,65.0,Mestrado,Capitais,Híbrido,Masculino,Branca,1.0
CAND_03997,3.7,33.0,Bacharelado,Região Metropolitana,Presencial,Masculino,Branca,0.5972644808343626
CAND_03998,4.1,44.0,Bacharelado,Capitais,Remoto,Feminino,Parda,0.5258531165298312
CAND_03999,1.6,50.0,Bacharelado,Capitais,Híbrido,Masculino,Branca,0.577230401118991
CAND_04000,4.1,40.0,Bacharelado,Capitais,Presencial,Masculino,Amarela,0.4500090486673036
CAND_04001,1.3,44.0,Mestrado,Capitais,Remoto,Feminino,Branca,0.3408100868694091
CAND_04002,6.2,30.0,Bacharelado,Região Metropolitana,Remoto,Masculino,Branca,0.35480350998107957
CAND_04003,5.3,60.0,Bacharelado,Capitais,Híbrido,Feminino,Amarela,0.27300386996014975
CAND_04004,9.4,37.0,Bacharelado,Capitais,Híbrido,Masculino,Branca,0.6926752152117798
CAND_04005,0.6,40.0,Bacharelado,Região Metropolitana,Híbrido,Masculino,Preta,0.15647046413482524
CAND_04006,8.6,38.0,Mestrado,Interior,Remoto,Masculino,Branca,0.6020727778792855
CAND_04007,2.1,39.0,Bacharelado,Região Metropolitana,Híbrido,Masculino,Branca,0.4244871711473652
CAND_04008,6.0,52.0,Ensino Médio,Capitais,Híbrido,Masculino,Parda,0.8162422446912321
CAND_04009,1.6,51.0,Doutorado,Capitais,Híbrido,Masculino,Amarela,0.4087122374180491
CAND_04010,5.6,88.0,Mestrado,Capitais,Presencial,Masculino,Preta,0.5781988725702313
CAND_04011,0.0,46.0,Mestrado,Região Metropolitana,Presencial,Masculino,Branca,0.5202812232973748
CAND_04012,3.0,48.0,Mestrado,Capitais,Presencial,Masculino,Branca,0.794667952362782
CAND_04013,5.3,70.0,Bacharelado,Capitais,Presencial,Feminino,Branca,0.6555440140296145
CAND_04014,10.3,53.0,Mestrado,Capitais,Remoto,Masculino,Branca,0.871276417806151
CAND_04015,0.0,49.0,Doutorado,Capitais,Remoto,Masculino,Parda,0.5806464912931393
CAND_04016,5.0,48.0,Ensino Médio,Capitais,Remoto,Masculino,Branca,0.370206997849272
CAND_04017,3.4,53.0,Bacharelado,Capitais,Remoto,Masculino,Branca,0.5923427499721649
CAND_04018,0.0,65.0,Doutorado,Região Metropolitana,Presencial,Masculino,Branca,0.7136751453956679
CAND_04019,1.6,70.0,Bacharelado,Interior,Remoto,Feminino,Branca,0.3208537938421323
CAND_04020,3.6,65.0,Mestrado,Região Metropolitana,Híbrido,Masculino,Branca,0.8419110738328224
CAND_04021,6.4,57.0,Ensino Médio,Região Metropolitana,Híbrido,Masculino,Branca,0.7034478168885201
CAND_04022,5.3,53.0,Mestrado,Capitais,Presencial,Masculino,Branca,0.6989875401812082
CAND_04023,1.1,81.0,Mestrado,Região Metropolitana,Híbrido,Masculino,Parda,0.7631382879650896
CAND_04024,0.0,43.0,Mestrado,Capitais,Híbrido,Masculino,Branca,0.4730921088556918
CAND_04025,6.3,60.0,Mestrado,Capitais,Presencial,Masculino,Branca,0.8431901591862637
CAND_04026,4.4,68.0,Ensino Médio,Região Metropolitana,Remoto,Masculino,Branca,0.7581336599045934
CAND_04027,9.8,66.0,Bacharelado,Capitais,Remoto,Feminino,Amarela,0.5169925686616006
CAND_04028,3.9,39.0,Bacharelado,Capitais,Remoto,Masculino,Indígena,0.42476661847897934
CAND_04029,8.4,92.0,Bacharelado,Capitais,Híbrido,Feminino,Parda,0.7657717532241358
CAND_04030,6.6,75.0,Bacharelado,Capitais,Remoto,Feminino,Branca,0.4567401738137986
CAND_04031,7.5,66.0,Bacharelado,Capitais,Presencial,Masculino,Parda,0.6481636973123416
CAND_04032,6.3,35.0,Bacharelado,Região Metropolitana,Remoto,Masculino,Preta,0.2704753276274552
CAND_04033,6.4,65.0,Bacharelado,Região Metropolitana,Remoto,Feminino,Branca,0.3555057544294812
CAND_04034,0.0,15.0,Mestrado,Região Metropolitana,Híbrido,Masculino,Branca,0.5645902711777988
CAND_04035,4.3,47.0,Bacharelado,Região Metropolitana,Híbrido,Masculino,Branca,0.7718813702684811
CAND_04036,3.0,52.0,Bacharelado,Região Metropolitana,Híbrido,Masculino,Amarela,0.39652390630053086
CAND_04037,8.8,43.0,Mestrado,Capitais,Remoto,Masculino,Branca,0.919417851372923
CAND_04038,2.0,74.0,Mestrado,Interior,Presencial,Feminino,Parda,0.28416675767426575
CAND_04039,4.2,52.0,Bacharelado,Capitais,Remoto,Masculino,Branca,0.6473820009894906
CAND_04040,7.4,36.0,Bacharelado,Capitais,Presencial,Masculino,Preta,0.4036552513644287
CAND_04041,5.9,61.0,Bacharelado,Região Metropolitana,Remoto,Feminino,Amarela,0.19938414864835668
CAND_04042,5.5,56.0,Mestrado,Região Metropolitana,Presencial,Masculino,Parda,0.7326829211841294
CAND_04043,8.3,24.0,Bacharelado,Capitais,Presencial,Masculino,Branca,0.6528786097459578
CAND_04044,5.8,70.0,Bacharelado,Capitais,Presencial,Feminino,Branca,0.5465256067435541
CAND_04045,3.4,52.0,Bacharelado,Região Metropolitana,Remoto,Masculino,Branca,0.6341451808267508
CAND_04046,1.1,65.0,Bacharelado,Capitais,Presencial,Masculino,Parda,0.7202112787204212
CAND_04047,6.5,56.0,Bacharelado,Região Metropolitana,Híbrido,Não-binário,Branca,0.41413729384550746
CAND_04048,2.7,45.0,Bacharelado,Capitais,Presencial,Masculino,Indígena,0.70825897159919
CAND_04049,4.3,56.0,Ensino Médio,Região Metropolitana,Remoto,Masculino,Indígena,0.5296579410898565
CAND_04050,8.2,48.0,Bacharelado,Capitais,Híbrido,Feminino,Branca,0.5863137629746136
CAND_04051,4.3,54.0,Mestrado,Interior,Híbrido,Masculino,Branca,0.6094776833672306
CAND_04052,3.7,59.0,Bacharelado,Capitais,Remoto,Feminino,Preta,0.4471112479351981
CAND_04053,4.2,52.0,Ensino Médio,Capitais,Remoto,Feminino,Branca,0.4741273430596047
CAND_04054,4.2,57.0,Doutorado,Região Metropolitana,Remoto,Masculino,Preta,0.5000042329626673
CAND_04055,2.0,44.0,Bacharelado,Capitais,Híbrido,Masculino,Branca,0.525693806907588
CAND_04056,10.0,41.0,Bacharelado,Capitais,Híbrido,Feminino,Branca,0.5963120228477665
CAND_04057,3.4,62.0,Doutorado,Capitais,Remoto,Não-binário,Preta,0.3733168075039375
CAND_04058,7.4,72.0,Bacharelado,Capitais,Presencial,Masculino,Branca,1.0
CAND_04059,1.9,42.0,Doutorado,Capitais,Híbrido,Não-binário,Indígena,0.2854628860839407
CAND_04060,6.6,55.0,Mestrado,Região Metropolitana,Remoto,Masculino,Branca,0.7753104005983437
CAND_04061,5.5,29.0,Bacharelado,Capitais,Híbrido,Feminino,Amarela,0.1973263829796085
CAND_04062,5.1,77.0,Bacharelado,Capitais,Híbrido,Masculino,Branca,0.8685774482222456
CAND_04063,5.5,67.0,Bacharelado,Capitais,Presencial,Masculino,Preta,0.5918171630003247
CAND_04064,6.2,41.0,Mestrado,Região Metropolitana,Híbrido,Masculino,Indígena,0.48509124297977124
CAND_04065,4.3,45.0,Ensino Médio,Capitais,Híbrido,Não-binário,Branca,0.37149178598934385
CAND_04066,4.5,68.0,Mestrado,Região Metropolitana,Híbrido,Feminino,Branca,0.5720186142744981
CAND_04067,6.7,53.0,Doutorado,Capitais,Remoto,Masculino,Branca,0.8785205329332383
CAND_04068,1.6,59.0,Bacharelado,Região Metropolitana,Híbrido,Feminino,Branca,0.5221337166528048
CAND_04069,1.1,35.0,Bacharelado,Região Metropolitana,Híbrido,Masculino,Branca,0.6638818314962753
CAND_04070,5.5,59.0,Bacharelado,Capitais,Presencial,Masculino,Parda,0.552693639452679
CAND_04071,0.0,48.0,Bacharelado,Capitais,Remoto,Masculino,Preta,0.43631461123130555
CAND_04072,0.0,54.0,Bacharelado,Capitais,Híbrido,Feminino,Branca,0.32169131089130054
CAND_04073,10.4,44.0,Bacharelado,Região Metropolitana,Remoto,Masculino,Branca,0.7910593123534291
CAND_04074,9.6,47.0,Bacharelado,Capitais,Presencial,Feminino,Branca,0.610678238294281
CAND_04075,3.3,52.0,Bacharelado,Capitais,Híbrido,Masculino,Preta,0.3612233729842816
CAND_04076,8.0,41.0,Mestrado,Capitais,Remoto,Não-binário,Branca,0.6771819920777756
CAND_04077,8.1,84.0,Bacharelado,Interior,Presencial,Masculino,Branca,0.7021309976027174
CAND_04078,6.4,34.0,Bacharelado,Região Metropolitana,Híbrido,Masculino,Branca,0.7122893686293328
CAND_04079,4.8,57.0,Bacharelado,Capitais,Híbrido,Masculino,Branca,0.7276142159196086
CAND_04080,6.9,55.0,Bacharelado,Capitais,Híbrido,Feminino,Parda,0.344284613350498
CAND_04081,7.4,61.0,Bacharelado,Capitais,Presencial,Feminino,Amarela,0.3797619379732321
CAND_04082,6.9,12.0,Mestrado,Capitais,Remoto,Masculino,Branca,0.7035677435834305
CAND_04083,0.4,25.0,Bacharelado,Capitais,Híbrido,Feminino,Preta,0.027732520019515365
CAND_04084,11.1,42.0,Mestrado,Capitais,Presencial,Masculino,Branca,0.7471973860462018
CAND_04085,12.2,64.0,Bacharelado,Capitais,Presencial,Masculino,Branca,0.960359597395532
CAND_04086,0.0,46.0,Ensino Médio,Capitais,Híbrido,Masculino,Branca,0.5074023569276173
CAND_04087,6.5,45.0,Mestrado,Capitais,Presencial,Feminino,Parda,0.5015143064879389
CAND_04088,11.1,50.0,Bacharelado,Capitais,Presencial,Masculino,Branca,0.6905670531145743
CAND_04089,8.0,37.0,Bacharelado,Capitais,Híbrido,Masculino,Branca,0.8540453127069065
CAND_04090,8.0,57.0,Ensino Médio,Região Metropolitana,Remoto,Feminino,Branca,0.6456192199115554
CAND_04091,0.7,53.0,Bacharelado,Capitais,Remoto,Masculino,Branca,0.5828253116367218
CAND_04092,7.4,58.0,Bacharelado,Capitais,Híbrido,Não-binário,Branca,0.45907909183703366
CAND_04093,5.7,73.0,Bacharelado,Capitais,Presencial,Masculino,Branca,1.0
CAND_04094,7.3,47.0,Bacharelado,Capitais,Remoto,Feminino,Branca,0.5606688552022759
CAND_04095,1.9,52.0,Bacharelado,Capitais,Híbrido,Masculino,Preta,0.31453604640854455
CAND_04096,1.8,35.0,Mestrado,Região Metropolitana,Presencial,Masculino,Branca,0.60199559664712
CAND_04097,4.6,31.0,Ensino Médio,Capitais,Híbrido,Feminino,Branca,0.36901742952458105
CAND_04098,3.9,50.0,Bacharelado,Capitais,Híbrido,Feminino,Branca,0.5962334920160486
CAND_04099,4.5,52.0,Bacharelado,Capitais,Presencial,Feminino,Branca,0.7289295496929975
CAND_04100,3.6,60.0,Bacharelado,Região Metropolitana,Presencial,Feminino,Branca,0.45871511852929003
CAND_04101,4.4,59.0,Mestrado,Capitais,Presencial,Masculino,Preta,0.5945535590707451
CAND_04102,3.0,54.0,Mestrado,Capitais,Híbrido,Masculino,Branca,0.6813884271114887
CAND_04103,4.9,75.0,Bacharelado,Região Metropolitana,Remoto,Masculino,Branca,0.6221636216704967
CAND_04104,0.7,45.0,Bacharelado,Região Metropolitana,Presencial,Masculino,Branca,0.5505479417862629
CAND_04105,6.5,47.0,Mestrado,Capitais,Presencial,Masculino,Indígena,0.4314819546186711
CAND_04106,5.8,54.0,Mestrado,Capitais,Híbrido,Não-binário,Amarela,0.5862053534923131
CAND_04107,1.2,32.0,Bacharelado,Capitais,Presencial,Masculino,Branca,0.6565306456320282
CAND_04108,9.0,60.0,Bacharelado,Região Metropolitana,Remoto,Masculino,Amarela,0.6019268577923313
CAND_04109,2.5,51.0,Bacharelado,Região Metropolitana,Remoto,Feminino,Branca,0.22657901959196491
CAND_04110,8.6,51.0,Bacharelado,Região Metropolitana,Presencial,Masculino,Branca,0.7364122002266623
CAND_04111,6.0,58.0,Bacharelado,Região Metropolitana,Remoto,Feminino,Branca,0.3604795676391504
CAND_04112,8.0,56.0,Bacharelado,Capitais,Presencial,Feminino,Amarela,0.4617363910268494
CAND_04113,5.5,56.0,Bacharelado,Capitais,Híbrido,Masculino,Amarela,0.655034506835263
CAND_04114,6.7,44.0,Mestrado,Capitais,Híbrido,Feminino,Amarela,0.36444927471920036
CAND_04115,8.0,74.0,Bacharelado,Região Metropolitana,Presencial,Masculino,Parda,0.5923089909374868
CAND_04116,10.7,28.0,Mestrado,Capitais,Remoto,Masculino,Branca,0.6221963164581442
CAND_04117,8.2,40.0,Bacharelado,Capitais,Presencial,Feminino,Branca,0.3596223903729418
CAND_04118,6.3,42.0,Mestrado,Região Metropolitana,Presencial,Masculino,Amarela,0.41404178080992965
CAND_04119,1.0,39.0,Ensino Médio,Região Metropolitana,Remoto,Masculino,Branca,0.3565774546825813
CAND_04120,0.0,24.0,Bacharelado,Região Metropolitana,Presencial,Feminino,Branca,0.18460707557131611
CAND_04121,4.6,75.0,Bacharelado,Capitais,Híbrido,Masculino,Branca,0.9392899898771017
CAND_04122,2.9,60.0,Mestrado,Capitais,Híbrido,Masculino,Branca,0.685847082034588
CAND_04123,3.0,41.0,Bacharelado,Capitais,Presencial,Feminino,Branca,0.35693296856990375
CAND_04124,4.8,60.0,Bacharelado,Região Metropolitana,Híbrido,Masculino,Preta,0.447725117269976
CAND_04125,7.0,48.0,Bacharelado,Capitais,Híbrido,Masculino,Branca,0.7967249391629471
CAND_04126,3.1,46.0,Bacharelado,Capitais,Híbrido,Masculino,Branca,0.7567359738470418
CAND_04127,7.7,36.0,Bacharelado,Capitais,Presencial,Masculino,Branca,0.8844214677244077
CAND_04128,5.1,50.0,Bacharelado,Região Metropolitana,Híbrido,Masculino,Parda,0.5318722869357886
CAND_04129,5.1,41.0,Mestrado,Interior,Híbrido,Masculino,Branca,0.546890959576309
CAND_04130,10.6,35.0,Bacharelado,Capitais,Presencial,Masculino,Branca,0.5514632013522898
CAND_04131,5.5,64.0,Bacharelado,Capitais,Presencial,Masculino,Preta,0.39664308394575387
CAND_04132,4.8,38.0,Ensino Médio,Capitais,Remoto,Feminino,Preta,0.12050007163539996
CAND_04133,6.6,71.0,Bacharelado,Capitais,Remoto,Masculino,Branca,0.7414944858296146
CAND_04134,10.4,39.0,Bacharelado,Capitais,Remoto,Masculino,Branca,0.6799852577036395
CAND_04135,4.9,27.0,Bacharelado,Capitais,Híbrido,Masculino,Branca,0.5082824228973393
CAND_04136,6.3,58.0,Bacharelado,Capitais,Presencial,Feminino,Parda,0.5927006119581071
CAND_04137,4.7,43.0,Mestrado,Capitais,Híbrido,Feminino,Branca,0.3721148599114106
CAND_04138,4.7,26.0,Ensino Médio,Região Metropolitana,Remoto,Feminino,Branca,0.44713406690386326
CAND_04139,3.5,54.0,Mestrado,Capitais,Presencial,Masculino,Preta,0.37555856893051853
CAND_04140,3.3,30.0,Bacharelado,Região Metropolitana,Presencial,Feminino,Branca,0.4895498780958618
CAND_04141,10.1,20.0,Mestrado,Capitais,Híbrido,Feminino,Parda,0.3434216220834829
CAND_04142,3.3,60.0,Bacharelado,Capitais,Presencial,Feminino,Branca,0.37734187781730666
CAND_04143,0.4,72.0,Bacharelado,Região Metropolitana,Híbrido,Masculino,Amarela,0.4662412881842819
CAND_04144,5.4,44.0,Doutorado,Região Metropolitana,Híbrido,Masculino,Branca,0.7303476648226191
CAND_04145,8.1,68.0,Bacharelado,Região Metropolitana,Presencial,Masculino,Branca,0.8634878883777929
CAND_04146,8.7,62.0,Bacharelado,Capitais,Remoto,Masculino,Parda,0.6758694685047086
CAND_04147,1.4,60.0,Doutorado,Região Metropolitana,Presencial,Masculino,Branca,0.6806423403226705
CAND_04148,8.3,47.0,Bacharelado,Capitais,Presencial,Feminino,Indígena,0.3998040075464044
CAND_04149,11.2,41.0,Bacharelado,Capitais,Remoto,Masculino,Branca,0.8417407343425128
CAND_04150,2.9,55.0,Doutorado,Capitais,Híbrido,Feminino,Parda,0.5735058656132682
CAND_04151,4.5,60.0,Bacharelado,Capitais,Híbrido,Feminino,Branca,0.6090406295466385
CAND_04152,1.3,31.0,Bacharelado,Região Metropolitana,Presencial,Masculino,Branca,0.6277663398712756
CAND_04153,10.6,45.0,Bacharelado,Região Metropolitana,Remoto,Masculino,Preta,0.479674128747254
CAND_04154,0.5,47.0,Bacharelado,Capitais,Remoto,Masculino,Branca,0.7455493616447366
CAND_04155,3.8,46.0,Mestrado,Capitais,Presencial,Feminino,Branca,0.4944897829686363
CAND_04156,7.4,40.0,Bacharelado,Capitais,Remoto,Masculino,Amarela,0.5209419226375461
CAND_04157,2.9,30.0,Bacharelado,Capitais,Híbrido,Feminino,Preta,0.16411769744503452
CAND_04158,2.0,45.0,Mestrado,Capitais,Híbrido,Não-binário,Branca,0.4257688271634608
CAND_04159,4.8,46.0,Bacharelado,Região Metropolitana,Híbrido,Masculino,Branca,0.7036098061172579
CAND_04160,12.2,43.0,Mestrado,Capitais,Híbrido,Feminino,Parda,0.6511620319505007
CAND_04161,4.2,60.0,Ensino Médio,Capitais,Híbrido,Masculino,Branca,0.5256585076605655
CAND_04162,4.4,29.0,Bacharelado,Capitais,Híbrido,Masculino,Parda,0.3867419195301586
CAND_04163,1.7,54.0,Bacharelado,Região Metropolitana,Remoto,Masculino,Parda,0.5827881996038338
CAND_04164,6.2,23.0,Ensino Médio,Capitais,Remoto,Masculino,Branca,0.4790105984803861
CAND_04165,7.7,49.0,Mestrado,Capitais,Remoto,Não-binário,Indígena,0.44692725846371956
CAND_04166,3.2,16.0,Mestrado,Capitais,Remoto,Masculino,Branca,0.41350535548690015
CAND_04167,6.6,37.0,Bacharelado,Capitais,Presencial,Feminino,Amarela,0.2711511479805581
CAND_04168,3.2,50.0,Bacharelado,Capitais,Presencial,Feminino,Amarela,0.1913220349549422
CAND_04169,0.0,29.0,Bacharelado,Interior,Presencial,Feminino,Preta,0.0
CAND_04170,6.4,29.0,Bacharelado,Capitais,Remoto,Feminino,Branca,0.3273341719051189
CAND_04171,11.2,65.0,Mestrado,Região Metropolitana,Híbrido,Masculino,Preta,0.687606922923641
CAND_04172,1.4,26.0,Bacharelado,Capitais,Presencial,Masculino,Branca,0.6385724301686537
CAND_04173,5.5,48.0,Mestrado,Capitais,Remoto,Masculino,Branca,0.797491199683989
CAND_04174,8.9,72.0,Bacharelado,Região Metropolitana,Híbrido,Masculino,Branca,0.8468613017092236
CAND_04175,4.7,52.0,Bacharelado,Região Metropolitana,Híbrido,Feminino,Branca,0.5476812740910288
CAND_04176,0.7,50.0,Bacharelado,Capitais,Híbrido,Masculino,Branca,0.6969418508575318
CAND_04177,5.1,39.0,Doutorado,Capitais,Presencial,Masculino,Branca,0.571881818029599
CAND_04178,9.5,39.0,Bacharelado,Capitais,Híbrido,Masculino,Branca,0.8537532127344254
CAND_04179,3.5,47.0,Bacharelado,Capitais,Híbrido,Masculino,Branca,0.8115246466892715
CAND_04180,5.7,20.0,Ensino Médio,Capitais,Híbrido,Masculino,Branca,0.6021821749029403
CAND_04181,1.8,65.0,Bacharelado,Capitais,Remoto,Feminino,Branca,0.35813197699607796
CAND_04182,4.7,53.0,Ensino Médio,Capitais,Híbrido,Feminino,Branca,0.3323136602956001
CAND_04183,6.2,24.0,Bacharelado,Capitais,Híbrido,Masculino,Preta,0.14664330152008326
CAND_04184,5.4,65.0,Mestrado,Região Metropolitana,Híbrido,Masculino,Branca,0.872464884617898
CAND_04185,3.7,60.0,Bacharelado,Capitais,Presencial,Masculino,Amarela,0.6438194399363348
CAND_04186,6.3,57.0,Ensino Médio,Região Metropolitana,Presencial,Masculino,Branca,0.698414295092932
CAND_04187,7.0,84.0,Bacharelado,Região Metropolitana,Híbrido,Feminino,Branca,0.7050420747422713
CAND_04188,7.2,51.0,Ensino Médio,Capitais,Híbrido,Feminino,Branca,0.4668890043215122
CAND_04189,4.1,73.0,Mestrado,Capitais,Remoto,Masculino,Branca,0.8769160538276972
CAND_04190,3.1,50.0,Bacharelado,Capitais,Híbrido,Feminino,Branca,0.45838059833050054
CAND_04191,10.9,57.0,Ensino Médio,Capitais,Remoto,Feminino,Branca,0.6222368245188159
CAND_04192,5.4,42.0,Doutorado,Capitais,Remoto,Feminino,Parda,0.5491319914659524
CAND_04193,4.2,22.0,Bacharelado,Capitais,Híbrido,Feminino,Branca,0.4396310760039236
CAND_04194,0.6,23.0,Bacharelado,Capitais,Presencial,Masculino,Branca,0.4130838746029781
CAND_04195,2.2,49.0,Mestrado,Região Metropolitana,Presencial,Feminino,Branca,0.3169500370206117
CAND_04196,3.1,46.0,Bacharelado,Interior,Remoto,Masculino,Preta,0.3897721869637817
CAND_04197,6.3,32.0,Bacharelado,Região Metropolitana,Híbrido,Feminino,Branca,0.5110741706060246
CAND_04198,3.9,46.0,Mestrado,Interior,Híbrido,Masculino,Branca,0.625917118804431
CAND_04199,5.0,57.0,Bacharelado,Interior,Remoto,Feminino,Branca,0.38522726343062647
CAND_04200,0.7,69.0,Bacharelado,Capitais,Híbrido,Feminino,Branca,0.3896539796985957
CAND_04201,9.2,40.0,Mestrado,Interior,Presencial,Feminino,Branca,0.4901369615820289
CAND_04202,2.8,56.0,Mestrado,Capitais,Presencial,Masculino,Preta,0.38877318678888595
CAND_04203,5.7,76.0,Bacharelado,Região Metropolitana,Presencial,Feminino,Branca,0.6714837865883945
CAND_04204,3.4,61.0,Bacharelado,Capitais,Híbrido,Feminino,Branca,0.3862905765512076
CAND_04205,4.0,38.0,Ensino Médio,Região Metropolitana,Presencial,Masculino,Branca,0.5320391428291881
CAND_04206,2.6,52.0,Bacharelado,Interior,Remoto,Feminino,Parda,0.3246569126486378
CAND_04207,5.9,53.0,Bacharelado,Região Metropolitana,Presencial,Masculino,Branca,0.7217230104173925
CAND_04208,2.1,60.0,Bacharelado,Região Metropolitana,Presencial,Masculino,Parda,0.6780994054557472
CAND_04209,5.9,51.0,Mestrado,Capitais,Híbrido,Masculino,Parda,0.6287344576606069
CAND_04210,4.6,57.0,Bacharelado,Região Metropolitana,Remoto,Masculino,Branca,0.7302450216478814
CAND_04211,6.9,65.0,Ensino Médio,Capitais,Híbrido,Masculino,Amarela,0.5160708717954432
CAND_04212,7.2,34.0,Bacharelado,Capitais,Híbrido,Feminino,Indígena,0.3445669514335202
CAND_04213,4.0,30.0,Bacharelado,Capitais,Presencial,Masculino,Branca,0.4132667048570285
CAND_04214,6.1,59.0,Bacharelado,Capitais,Remoto,Masculino,Parda,0.8134858689917592
CAND_04215,3.7,48.0,Bacharelado,Região Metropolitana,Presencial,Feminino,Branca,0.3160101889587449
CAND_04216,8.9,63.0,Mestrado,Capitais,Presencial,Feminino,Preta,0.46167220471240367
CAND_04217,3.9,66.0,Mestrado,Capitais,Presencial,Feminino,Preta,0.47694864834701656
CAND_04218,4.4,22.0,Mestrado,Região Metropolitana,Híbrido,Masculino,Parda,0.746978268129209
CAND_04219,3.6,37.0,Bacharelado,Região Metropolitana,Remoto,Masculino,Branca,0.6472303458747359
CAND_04220,2.8,48.0,Ensino Médio,Capitais,Híbrido,Masculino,Amarela,0.45401317028908394
CAND_04221,11.1,35.0,Ensino Médio,Capitais,Híbrido,Masculino,Branca,0.7986712876733371
CAND_04222,6.5,43.0,Bacharelado,Capitais,Presencial,Feminino,Branca,0.4531586913060331
CAND_04223,5.2,31.0,Mestrado,Interior,Híbrido,Masculino,Parda,0.47838823344432757
CAND_04224,3.6,43.0,Bacharelado,Interior,Híbrido,Masculino,Amarela,0.3802679870956171
CAND_04225,8.3,36.0,Bacharelado,Região Metropolitana,Presencial,Masculino,Indígena,0.48874001089227537
CAND_04226,3.4,55.0,Mestrado,Capitais,Presencial,Masculino,Branca,0.5498654231160348
CAND_04227,5.4,64.0,Bacharelado,Capitais,Híbrido,Feminino,Branca,0.6879235598784614
CAND_04228,11.6,56.0,Bacharelado,Interior,Remoto,Masculino,Branca,0.777111977205921
CAND_04229,2.1,89.0,Bacharelado,Região Metropolitana,Híbrido,Feminino,Amarela,0.23251587099255527
CAND_04230,6.6,64.0,Mestrado,Capitais,Híbrido,Masculino,Parda,0.6712912100444933
CAND_04231,5.9,64.0,Mestrado,Região Metropolitana,Presencial,Masculino,Branca,0.8065627456822149
CAND_04232,6.6,49.0,Bacharelado,Interior,Remoto,Masculino,Branca,0.9379811702343546
CAND_04233,4.1,45.0,Mestrado,Capitais,Remoto,Feminino,Preta,0.26793876161074603
CAND_04234,3.2,69.0,Mestrado,Região Metropolitana,Remoto,Masculino,Preta,0.4332026463520464
CAND_04235,5.7,46.0,Mestrado,Interior,Remoto,Masculino,Preta,0.16717045563582245
CAND_04236,3.6,51.0,Doutorado,Região Metropolitana,Presencial,Feminino,Branca,0.5619045029695047
CAND_04237,0.0,47.0,Bacharelado,Capitais,Presencial,Masculino,Parda,0.6055757496597474
CAND_04238,2.5,58.0,Bacharelado,Interior,Híbrido,Masculino,Branca,0.4971446986156896
CAND_04239,4.0,63.0,Bacharelado,Capitais,Híbrido,Feminino,Indígena,0.36569737594999496
CAND_04240,1.8,66.0,Bacharelado,Capitais,Presencial,Feminino,Amarela,0.2700078277729182
CAND_04241,5.5,45.0,Mestrado,Capitais,Presencial,Masculino,Indígena,0.48996178226581416
CAND_04242,2.7,53.0,Bacharelado,Capitais,Remoto,Masculino,Branca,0.5693421478464644
CAND_04243,4.9,55.0,Bacharelado,Região Metropolitana,Presencial,Masculino,Preta,0.14279713377657366
CAND_04244,11.5,72.0,Bacharelado,Capitais,Remoto,Não-binário,Branca,0.5602321236494117
CAND_04245,8.7,23.0,Bacharelado,Região Metropolitana,Presencial,Feminino,Branca,0.4553555077922714
CAND_04246,6.8,50.0,Ensino Médio,Região Metropolitana,Híbrido,Masculino,Parda,0.4916308628003283
CAND_04247,10.4,40.0,Bacharelado,Capitais,Remoto,Masculino,Branca,0.8100409063845879
CAND_04248,4.8,42.0,Bacharelado,Capitais,Remoto,Masculino,Branca,0.4923178840350957
CAND_04249,4.8,37.0,Bacharelado,Região Metropolitana,Presencial,Não-binário,Amarela,0.18129191741288667
CAND_04250,1.8,58.0,Bacharelado,Região Metropolitana,Híbrido,Masculino,Branca,0.5566728142581062
CAND_04251,8.8,13.0,Bacharelado,Capitais,Presencial,Feminino,Branca,0.3624058649547996
CAND_04252,10.9,48.0,Mestrado,Capitais,Híbrido,Masculino,Preta,0.7407866972303325
CAND_04253,7.7,23.0,Mestrado,Região Metropolitana,Híbrido,Feminino,Branca,0.21188622967593473
CAND_04254,9.3,40.0,Bacharelado,Capitais,Presencial,Masculino,Preta,0.5512319343278003
CAND_04255,0.0,47.0,Mestrado,Região Metropolitana,Híbrido,Feminino,Branca,0.46697750356968765
CAND_04256,12.0,44.0,Ensino Médio,Capitais,Híbrido,Feminino,Parda,0.48394783869984054
CAND_04257,4.7,60.0,Mestrado,Capitais,Híbrido,Masculino,Parda,0.5925007912948492
CAND_04258,12.1,69.0,Doutorado,Região Metropolitana,Híbrido,Feminino,Branca,0.7749129055898372
CAND_04259,10.2,79.0,Bacharelado,Interior,Presencial,Masculino,Branca,0.7238208284187673
CAND_04260,7.3,50.0,Mestrado,Capitais,Presencial,Feminino,Parda,0.6493886311532782
CAND_04261,4.0,67.0,Ensino Médio,Região Metropolitana,Presencial,Masculino,Branca,0.7349591608093569
CAND_04262,5.5,72.0,Doutorado,Capitais,Remoto,Masculino,Branca,0.897999778480368
CAND_04263,0.0,43.0,Bacharelado,Capitais,Presencial,Feminino,Branca,0.26511985926298154
CAND_04264,7.8,68.0,Bacharelado,Capitais,Híbrido,Masculino,Preta,0.5659284606374844
CAND_04265,0.0,17.0,Mestrado,Capitais,Remoto,Masculino,Amarela,0.33268442810363075
CAND_04266,4.1,54.0,Bacharelado,Região Metropolitana,Remoto,Feminino,Branca,0.43447291685230516
CAND_04267,9.6,74.0,Bacharelado,Capitais,Presencial,Masculino,Branca,0.8639274701528596
CAND_04268,7.2,51.0,Ensino Médio,Interior,Híbrido,Feminino,Indígena,0.13721713074322991
CAND_04269,0.4,47.0,Bacharelado,Capitais,Remoto,Masculino,Branca,0.46941474056396343
CAND_04270,1.0,47.0,Mestrado,Capitais,Remoto,Masculino,Branca,0.6343594351936903
CAND_04271,3.2,72.0,Mestrado,Capitais,Remoto,Masculino,Indígena,0.665520247924107
CAND_04272,5.2,26.0,Bacharelado,Capitais,Híbrido,Masculino,Preta,0.365736356493765
CAND_04273,7.6,44.0,Mestrado,Capitais,Híbrido,Feminino,Branca,0.5735643025172137
CAND_04274,6.8,63.0,Bacharelado,Região Metropolitana,Remoto,Feminino,Preta,0.09721106934196178
CAND_04275,1.8,55.0,Mestrado,Região Metropolitana,Híbrido,Masculino,Parda,0.5266060946885835
CAND_04276,6.9,68.0,Ensino Médio,Capitais,Híbrido,Feminino,Branca,0.6792862642579728
CAND_04277,7.2,60.0,Bacharelado,Capitais,Remoto,Masculino,Branca,0.854030636469579
CAND_04278,6.5,43.0,Bacharelado,Interior,Remoto,Feminino,Branca,0.33593273035214066
CAND_04279,12.4,59.0,Bacharelado,Região Metropolitana,Remoto,Feminino,Branca,0.6410112611401855
CAND_04280,7.2,30.0,Bacharelado,Capitais,Híbrido,Masculino,Parda,0.5023458499732277
CAND_04281,7.9,20.0,Mestrado,Região Metropolitana,Presencial,Feminino,Branca,0.3307730018595731
CAND_04282,10.6,41.0,Bacharelado,Capitais,Híbrido,Não-binário,Preta,0.20652497588075447
CAND_04283,7.6,51.0,Bacharelado,Capitais,Remoto,Feminino,Branca,0.5244649612433057
CAND_04284,3.3,38.0,Bacharelado,Capitais,Presencial,Masculino,Indígena,0.4141458934747734
CAND_04285,8.7,53.0,Mestrado,Região Metropolitana,Híbrido,Masculino,Branca,0.799670396615535
CAND_04286,3.8,51.0,Bacharelado,Interior,Presencial,Feminino,Branca,0.33520302025295173
CAND_04287,2.1,22.0,Mestrado,Interior,Remoto,Feminino,Preta,0.000982959020500114
CAND_04288,2.3,42.0,Bacharelado,Região Metropolitana,Remoto,Masculino,Preta,0.12116247891956988
CAND_04289,8.7,64.0,Bacharelado,Região Metropolitana,Híbrido,Masculino,Branca,1.0
CAND_04290,6.9,57.0,Bacharelado,Capitais,Remoto,Masculino,Branca,0.795089738566332
CAND_04291,8.2,40.0,Bacharelado,Capitais,Híbrido,Feminino,Branca,0.4879490717559394
CAND_04292,6.9,59.0,Bacharelado,Capitais,Remoto,Masculino,Branca,0.7336895033509601
CAND_04293,5.6,76.0,Bacharelado,Interior,Híbrido,Masculino,Branca,0.6656292645282235
CAND_04294,6.0,44.0,Bacharelado,Capitais,Híbrido,Feminino,Parda,0.39870527970255276
CAND_04295,6.8,61.0,Bacharelado,Região Metropolitana,Remoto,Masculino,Branca,0.653119943206295
CAND_04296,3.2,59.0,Mestrado,Capitais,Presencial,Masculino,Branca,0.7416974547004556
CAND_04297,1.1,43.0,Bacharelado,Capitais,Híbrido,Feminino,Branca,0.47911758789261094
CAND_04298,3.5,33.0,Bacharelado,Capitais,Remoto,Masculino,Branca,0.5927569276711689
CAND_04299,6.6,75.0,Bacharelado,Região Metropolitana,Remoto,Masculino,Branca,0.8000915588702572
CAND_04300,3.1,66.0,Bacharelado,Capitais,Remoto,Feminino,Parda,0.5744283917030761
CAND_04301,11.4,46.0,Bacharelado,Região Metropolitana,Híbrido,Masculino,Branca,0.8432117129499068
CAND_04302,6.3,68.0,Bacharelado,Capitais,Híbrido,Masculino,Branca,0.9675540764982795
CAND_04303,5.4,58.0,Mestrado,Região Metropolitana,Presencial,Masculino,Branca,0.5878585714993692
CAND_04304,3.2,68.0,Bacharelado,Capitais,Híbrido,Feminino,Branca,0.44423101391361985
CAND_04305,7.7,23.0,Doutorado,Capitais,Presencial,Masculino,Branca,0.6598879442365077
CAND_04306,1.4,44.0,Bacharelado,Capitais,Híbrido,Feminino,Amarela,0.028817123684590662
CAND_04307,5.9,74.0,Mestrado,Região Metropolitana,Presencial,Masculino,Branca,0.7361434848210234
CAND_04308,3.7,90.0,Bacharelado,Capitais,Híbrido,Feminino,Branca,0.7006494446753999
CAND_04309,5.4,44.0,Bacharelado,Região Metropolitana,Remoto,Masculino,Amarela,0.571145720829339
CAND_04310,6.5,44.0,Bacharelado,Região Metropolitana,Remoto,Feminino,Branca,0.49477175295852177
CAND_04311,1.6,60.0,Bacharelado,Capitais,Presencial,Feminino,Indígena,0.5106367411432415
CAND_04312,0.0,55.0,Bacharelado,Interior,Presencial,Masculino,Amarela,0.18752176955495808
CAND_04313,2.2,58.0,Mestrado,Região Metropolitana,Híbrido,Masculino,Amarela,0.5552473190702721
CAND_04314,7.6,18.0,Mestrado,Capitais,Presencial,Masculino,Branca,0.7407288495509519
CAND_04315,6.1,46.0,Mestrado,Região Metropolitana,Remoto,Masculino,Branca,0.7253005648064309
CAND_04316,3.8,62.0,Bacharelado,Capitais,Híbrido,Masculino,Parda,0.6637766403810512
CAND_04317,10.9,15.0,Ensino Médio,Região Metropolitana,Remoto,Masculino,Parda,0.5006717480475453
CAND_04318,8.9,26.0,Doutorado,Capitais,Híbrido,Masculino,Branca,0.8650228797021697
CAND_04319,8.1,23.0,Bacharelado,Interior,Híbrido,Masculino,Indígena,0.40184943771713133
CAND_04320,2.8,60.0,Ensino Médio,Capitais,Remoto,Masculino,Amarela,0.4792840451149194
CAND_04321,8.1,36.0,Bacharelado,Capitais,Presencial,Masculino,Branca,0.7598555159521639
CAND_04322,6.0,32.0,Bacharelado,Capitais,Híbrido,Masculino,Branca,0.6412531822703232
CAND_04323,2.8,51.0,Bacharelado,Capitais,Híbrido,Não-binário,Branca,0.4891100019497715
CAND_04324,4.7,31.0,Bacharelado,Capitais,Remoto,Masculino,Branca,0.5494415139382457
CAND_04325,1.9,57.0,Bacharelado,Região Metropolitana,Presencial,Feminino,Preta,0.17703324712808913
CAND_04326,2.9,86.0,Bacharelado,Capitais,Presencial,Masculino,Preta,0.5485408203318457
CAND_04327,1.6,44.0,Ensino Médio,Capitais,Remoto,Feminino,Branca,0.33754036037269686
CAND_04328,7.9,21.0,Ensino Médio,Região Metropolitana,Híbrido,Não-binário,Branca,0.300006051525638
CAND_04329,4.8,43.0,Bacharelado,Capitais,Híbrido,Feminino,Amarela,0.2095921827543272
CAND_04330,2.2,57.0,Bacharelado,Região Metropolitana,Remoto,Masculino,Preta,0.628917879794338
CAND_04331,6.6,56.0,Ensino Médio,Região Metropolitana,Remoto,Feminino,Preta,0.3239481635566267
CAND_04332,5.0,63.0,Bacharelado,Capitais,Remoto,Masculino,Branca,0.869190524686267
CAND_04333,8.2,41.0,Mestrado,Capitais,Remoto,Masculino,Branca,0.8412004564570846
CAND_04334,5.4,46.0,Bacharelado,Capitais,Remoto,Masculino,Amarela,0.5880928143536315
CAND_04335,0.7,13.0,Bacharelado,Capitais,Presencial,Masculino,Parda,0.5104806639211558
CAND_04336,3.5,59.0,Bacharelado,Região Metropolitana,Híbrido,Masculino,Parda,0.579697115198694
CAND_04337,1.5,30.0,Bacharelado,Região Metropolitana,Híbrido,Masculino,Amarela,0.27209843366599434
CAND_04338,6.7,53.0,Bacharelado,Capitais,Remoto,Feminino,Branca,0.46748827607056204
CAND_04339,8.3,37.0,Mestrado,Capitais,Remoto,Feminino,Indígena,0.4850347301920418
CAND_04340,0.4,49.0,Bacharelado,Interior,Híbrido,Masculino,Branca,0.2844592639180158
CAND_04341,4.6,64.0,Bacharelado,Região Metropolitana,Remoto,Masculino,Parda,0.6872550069635229
CAND_04342,8.5,43.0,Mestrado,Região Metropolitana,Presencial,Masculino,Branca,0.7091245993587904
CAND_04343,0.3,39.0,Mestrado,Interior,Híbrido,Masculino,Preta,0.04850507147335334
CAND_04344,3.7,50.0,Bacharelado,Capitais,Remoto,Feminino,Branca,0.5019403272649458
CAND_04345,5.0,40.0,Bacharelado,Região Metropolitana,Presencial,Masculino,Indígena,0.43296509152635526
CAND_04346,8.2,36.0,Bacharelado,Região Metropolitana,Remoto,Masculino,Branca,0.6987604163810774
CAND_04347,6.6,78.0,Mestrado,Capitais,Remoto,Feminino,Preta,0.39248556140146734
CAND_04348,7.2,22.0,Mestrado,Região Metropolitana,Remoto,Masculino,Branca,0.48755009870386923
CAND_04349,6.8,60.0,Mestrado,Capitais,Presencial,Feminino,Branca,0.610744714103154
CAND_04350,3.9,48.0,Bacharelado,Interior,Remoto,Feminino,Branca,0.23307015863186664
CAND_04351,9.9,38.0,Bacharelado,Região Metropolitana,Remoto,Masculino,Branca,0.513693625713158
CAND_04352,3.0,55.0,Bacharelado,Região Metropolitana,Remoto,Feminino,Preta,0.264963549661494
CAND_04353,0.0,51.0,Bacharelado,Região Metropolitana,Presencial,Não-binário,Branca,0.24329137088027483
CAND_04354,0.0,70.0,Ensino Médio,Capitais,Híbrido,Feminino,Branca,0.4159689603631218
CAND_04355,4.6,33.0,Mestrado,Região Metropolitana,Remoto,Masculino,Branca,0.40315635750132295
CAND_04356,4.0,42.0,Ensino Médio,Região Metropolitana,Remoto,Masculino,Branca,0.5054552614482419
CAND_04357,3.4,65.0,Ensino Médio,Capitais,Remoto,Masculino,Branca,0.7481228133604345
CAND_04358,5.5,47.0,Bacharelado,Capitais,Híbrido,Masculino,Branca,0.4939617574740316
CAND_04359,8.6,58.0,Mestrado,Capitais,Presencial,Masculino,Amarela,0.6398539287109994
CAND_04360,6.4,68.0,Bacharelado,Capitais,Remoto,Masculino,Branca,0.7289293521564372
CAND_04361,6.9,58.0,Bacharelado,Interior,Híbrido,Masculino,Branca,0.6934339780918535
CAND_04362,1.8,41.0,Mestrado,Capitais,Presencial,Masculino,Preta,0.35210809249926645
CAND_04363,3.4,45.0,Bacharelado,Capitais,Híbrido,Feminino,Branca,0.4946970308097095
CAND_04364,7.1,68.0,Bacharelado,Capitais,Híbrido,Masculino,Branca,0.8764691696625272
CAND_04365,5.3,52.0,Mestrado,Região Metropolitana,Remoto,Masculino,Branca,0.6804929341646643
CAND_04366,6.4,47.0,Bacharelado,Capitais,Híbrido,Feminino,Branca,0.5650053780115336
CAND_04367,6.8,56.0,Mestrado,Região Metropolitana,Presencial,Feminino,Branca,0.5344645705100962
CAND_04368,5.5,31.0,Bacharelado,Região Metropolitana,Remoto,Feminino,Preta,0.16828391642018595
CAND_04369,9.7,46.0,Bacharelado,Região Metropolitana,Híbrido,Feminino,Amarela,0.23311800157583845
CAND_04370,3.4,49.0,Bacharelado,Região Metropolitana,Remoto,Masculino,Branca,0.5196001354279283
CAND_04371,2.5,49.0,Bacharelado,Região Metropolitana,Remoto,Masculino,Preta,0.22938612516374535
CAND_04372,0.0,44.0,Bacharelado,Capitais,Híbrido,Feminino,Parda,0.3523420590373947
CAND_04373,7.2,45.0,Mestrado,Região Metropolitana,Remoto,Masculino,Preta,0.5946899502742793
CAND_04374,3.3,48.0,Mestrado,Capitais,Presencial,Feminino,Amarela,0.4041170783786975
CAND_04375,8.8,72.0,Mestrado,Capitais,Híbrido,Feminino,Branca,0.6899099649827019
CAND_04376,5.7,17.0,Bacharelado,Interior,Híbrido,Masculino,Parda,0.36575069144229255
CAND_04377,4.0,60.0,Mestrado,Capitais,Remoto,Não-binário,Branca,0.6019739848420612
CAND_04378,1.8,49.0,Bacharelado,Capitais,Remoto,Masculino,Preta,0.5137938052821505
CAND_04379,7.5,49.0,Mestrado,Capitais,Remoto,Feminino,Amarela,0.1803332948691034
CAND_04380,4.8,44.0,Mestrado,Capitais,Presencial,Masculino,Branca,0.6713018905821073
CAND_04381,5.8,58.0,Bacharelado,Região Metropolitana,Presencial,Não-binário,Branca,0.4635801496219461
CAND_04382,6.8,64.0,Ensino Médio,Região Metropolitana,Híbrido,Masculino,Branca,0.6878448581192163
CAND_04383,5.8,22.0,Bacharelado,Região Metropolitana,Presencial,Masculino,Amarela,0.34679901431610866
CAND_04384,2.5,81.0,Bacharelado,Interior,Remoto,Masculino,Branca,0.8145950947161437
CAND_04385,6.6,52.0,Bacharelado,Interior,Híbrido,Feminino,Branca,0.30620039294354884
CAND_04386,7.5,52.0,Mestrado,Região Metropolitana,Híbrido,Masculino,Amarela,0.49635127122836814
CAND_04387,6.1,29.0,Bacharelado,Capitais,Presencial,Feminino,Parda,0.2918410991150201
CAND_04388,6.9,41.0,Ensino Médio,Capitais,Híbrido,Masculino,Branca,0.49354085065619413
CAND_04389,7.2,70.0,Bacharelado,Região Metropolitana,Presencial,Feminino,Preta,0.25763241474707144
CAND_04390,3.8,51.0,Bacharelado,Interior,Presencial,Masculino,Branca,0.43457245902188285
CAND_04391,3.7,56.0,Bacharelado,Interior,Híbrido,Masculino,Amarela,0.31860297450390596
CAND_04392,11.7,43.0,Bacharelado,Região Metropolitana,Remoto,Masculino,Branca,0.8429192106645449
CAND_04393,9.0,80.0,Bacharelado,Região Metropolitana,Híbrido,Masculino,Branca,0.7817789897546349
CAND_04394,4.9,48.0,Ensino Médio,Capitais,Remoto,Masculino,Branca,0.7235560703677
CAND_04395,7.0,67.0,Doutorado,Capitais,Presencial,Masculino,Parda,0.9509058298259219
CAND_04396,2.2,48.0,Bacharelado,Região Metropolitana,Híbrido,Masculino,Branca,0.5762719012218454
CAND_04397,3.2,55.0,Mestrado,Capitais,Híbrido,Masculino,Amarela,0.5834427924361972
CAND_04398,1.3,55.0,Mestrado,Capitais,Híbrido,Masculino,Branca,0.7793239415347323
CAND_04399,5.9,64.0,Bacharelado,Capitais,Híbrido,Masculino,Branca,0.7382434983784179
CAND_04400,5.9,61.0,Bacharelado,Interior,Híbrido,Feminino,Branca,0.390836700128212
CAND_04401,8.3,43.0,Bacharelado,Interior,Híbrido,Masculino,Branca,0.6246484198109196
CAND_04402,4.4,67.0,Doutorado,Capitais,Híbrido,Masculino,Branca,0.9017573173721712
CAND_04403,8.2,35.0,Bacharelado,Capitais,Remoto,Masculino,Branca,0.6983042818639316
CAND_04404,7.0,32.0,Bacharelado,Capitais,Remoto,Masculino,Preta,0.4932820120086589
CAND_04405,12.4,46.0,Bacharelado,Capitais,Presencial,Feminino,Branca,0.6137806909618431
CAND_04406,10.0,56.0,Bacharelado,Região Metropolitana,Remoto,Feminino,Branca,0.6288068266323613
CAND_04407,9.5,35.0,Bacharelado,Capitais,Híbrido,Masculino,Branca,0.7684043993529769
CAND_04408,7.5,49.0,Mestrado,Interior,Presencial,Feminino,Branca,0.3830430622917918
CAND_04409,2.3,29.0,Ensino Médio,Região Metropolitana,Remoto,Masculino,Branca,0.5990007811667288
CAND_04410,5.9,46.0,Bacharelado,Capitais,Híbrido,Feminino,Preta,0.34577440196364323
CAND_04411,11.7,65.0,Bacharelado,Região Metropolitana,Remoto,Feminino,Branca,0.539157165032432
CAND_04412,6.5,37.0,Doutorado,Interior,Híbrido,Feminino,Amarela,0.29487432679112474
CAND_04413,2.5,32.0,Mestrado,Capitais,Presencial,Masculino,Indígena,0.4460991727304955
CAND_04414,6.0,56.0,Mestrado,Capitais,Remoto,Não-binário,Branca,0.621205587746436
CAND_04415,2.0,38.0,Bacharelado,Capitais,Presencial,Feminino,Branca,0.500557460237366
CAND_04416,2.4,86.0,Mestrado,Capitais,Presencial,Masculino,Branca,0.8968328739293898
CAND_04417,6.2,53.0,Bacharelado,Capitais,Presencial,Masculino,Branca,0.8539975918899098
CAND_04418,7.2,65.0,Bacharelado,Capitais,Híbrido,Masculino,Preta,0.6108613605678486
CAND_04419,2.6,30.0,Bacharelado,Região Metropolitana,Presencial,Feminino,Branca,0.2803738440929422
CAND_04420,3.3,57.0,Doutorado,Capitais,Presencial,Masculino,Branca,0.583663810030647
CAND_04421,0.7,35.0,Bacharelado,Região Metropolitana,Presencial,Masculino,Branca,0.3883683737294974
CAND_04422,4.6,47.0,Bacharelado,Região Metropolitana,Presencial,Feminino,Branca,0.36996495009157415
CAND_04423,0.0,39.0,Bacharelado,Região Metropolitana,Remoto,Masculino,Preta,0.3046747778709187
CAND_04424,4.1,66.0,Bacharelado,Capitais,Híbrido,Feminino,Branca,0.4185231705450948
CAND_04425,5.2,55.0,Doutorado,Capitais,Presencial,Masculino,Preta,0.4352982395114324
CAND_04426,0.0,52.0,Mestrado,Capitais,Presencial,Feminino,Branca,0.4136627022585068
CAND_04427,2.0,70.0,Mestrado,Região Metropolitana,Híbrido,Masculino,Preta,0.4371340909997407
CAND_04428,4.8,50.0,Bacharelado,Capitais,Remoto,Masculino,Branca,0.70356557446124
CAND_04429,4.4,65.0,Ensino Médio,Região Metropolitana,Presencial,Feminino,Branca,0.5726486833902169
CAND_04430,4.5,77.0,Bacharelado,Capitais,Remoto,Masculino,Preta,0.49494098948515974
CAND_04431,5.9,52.0,Bacharelado,Capitais,Remoto,Masculino,Branca,0.7084920403242356
CAND_04432,0.0,54.0,Bacharelado,Capitais,Remoto,Feminino,Branca,0.5012331657099428
CAND_04433,7.1,64.0,Bacharelado,Região Metropolitana,Híbrido,Feminino,Preta,0.20407951192480595
CAND_04434,4.0,72.0,Bacharelado,Região Metropolitana,Presencial,Masculino,Branca,0.8312020291064095
CAND_04435,3.2,52.0,Mestrado,Região Metropolitana,Presencial,Feminino,Branca,0.37040837319732195
CAND_04436,0.0,40.0,Mestrado,Capitais,Híbrido,Masculino,Branca,0.5645156611277834
CAND_04437,4.2,63.0,Bacharelado,Região Metropolitana,Híbrido,Feminino,Amarela,0.2115800604568245
CAND_04438,6.5,59.0,Bacharelado,Capitais,Remoto,Masculino,Branca,0.9197896275163424
CAND_04439,5.4,63.0,Bacharelado,Capitais,Híbrido,Masculino,Branca,0.768903282426642
CAND_04440,5.5,60.0,Bacharelado,Capitais,Remoto,Masculino,Parda,0.6791177477748785
CAND_04441,4.0,53.0,Mestrado,Capitais,Híbrido,Masculino,Branca,0.6207522568911658
CAND_04442,4.8,54.0,Bacharelado,Capitais,Presencial,Feminino,Branca,0.6263672902857641
CAND_04443,1.7,61.0,Bacharelado,Região Metropolitana,Presencial,Masculino,Branca,0.7075603019176807
CAND_04444,5.0,28.0,Bacharelado,Capitais,Híbrido,Masculino,Amarela,0.34243194757263046
CAND_04445,3.5,70.0,Mestrado,Capitais,Presencial,Masculino,Branca,0.8007545960753046
CAND_04446,1.6,57.0,Bacharelado,Capitais,Híbrido,Feminino,Parda,0.44758396191529626
CAND_04447,7.3,37.0,Mestrado,Região Metropolitana,Presencial,Masculino,Branca,0.7252943443498039
CAND_04448,0.3,53.0,Bacharelado,Capitais,Presencial,Masculino,Branca,0.5681110958418125
CAND_04449,6.6,70.0,Ensino Médio,Capitais,Híbrido,Masculino,Branca,0.912108807177361
CAND_04450,6.8,54.0,Bacharelado,Capitais,Híbrido,Não-binário,Branca,0.47856213268933084
CAND_04451,3.4,39.0,Mestrado,Capitais,Presencial,Feminino,Amarela,0.25362584361271384
CAND_04452,8.1,31.0,Bacharelado,Região Metropolitana,Híbrido,Masculino,Branca,0.7324455095493406
CAND_04453,3.4,87.0,Bacharelado,Capitais,Remoto,Masculino,Amarela,0.6881830809078476
CAND_04454,3.2,24.0,Bacharelado,Capitais,Híbrido,Masculino,Parda,0.6000053854871275
CAND_04455,1.4,55.0,Bacharelado,Interior,Remoto,Masculino,Parda,0.6360983287288339
CAND_04456,5.0,41.0,Mestrado,Região Metropolitana,Remoto,Feminino,Branca,0.3962920679567558
CAND_04457,2.1,66.0,Bacharelado,Capitais,Presencial,Masculino,Branca,0.7199682388590377
CAND_04458,2.6,32.0,Bacharelado,Região Metropolitana,Remoto,Feminino,Branca,0.24895429104817993
CAND_04459,4.8,74.0,Bacharelado,Região Metropolitana,Híbrido,Feminino,Branca,0.48847526562506216
CAND_04460,4.9,48.0,Bacharelado,Capitais,Híbrido,Masculino,Branca,0.6098370622576905
CAND_04461,8.8,47.0,Bacharelado,Capitais,Híbrido,Masculino,Branca,0.7553643281019603
CAND_04462,7.8,45.0,Bacharelado,Região Metropolitana,Híbrido,Masculino,Branca,0.7662501656985367
CAND_04463,6.7,41.0,Bacharelado,Região Metropolitana,Híbrido,Masculino,Amarela,0.4118509324377812
CAND_04464,4.6,44.0,Bacharelado,Região Metropolitana,Híbrido,Masculino,Branca,0.6325448183631329
CAND_04465,3.8,61.0,Ensino Médio,Capitais,Remoto,Masculino,Branca,0.5805410208372102
CAND_04466,4.9,24.0,Mestrado,Região Metropolitana,Presencial,Masculino,Amarela,0.3192573126764573
CAND_04467,3.3,39.0,Ensino Médio,Capitais,Remoto,Feminino,Parda,0.18427519897033143
CAND_04468,2.9,72.0,Mestrado,Região Metropolitana,Remoto,Masculino,Branca,0.7105845491995154
CAND_04469,4.8,49.0,Ensino Médio,Capitais,Híbrido,Masculino,Branca,0.6257925593207952
CAND_04470,2.4,41.0,Mestrado,Região Metropolitana,Presencial,Masculino,Preta,0.35664380935266016
CAND_04471,2.5,31.0,Bacharelado,Região Metropolitana,Híbrido,Feminino,Branca,0.2476721968617102
CAND_04472,7.9,32.0,Bacharelado,Interior,Presencial,Masculino,Parda,0.5170279716091718
CAND_04473,0.9,65.0,Bacharelado,Capitais,Remoto,Feminino,Branca,0.4566373906877796
CAND_04474,1.9,38.0,Bacharelado,Capitais,Híbrido,Masculino,Branca,0.5052122277291131
CAND_04475,8.8,62.0,Bacharelado,Capitais,Híbrido,Feminino,Parda,0.5841923424454528
CAND_04476,3.8,35.0,Bacharelado,Capitais,Híbrido,Feminino,Branca,0.4225583177526072
CAND_04477,9.1,48.0,Bacharelado,Região Metropolitana,Híbrido,Masculino,Preta,0.45967196791263676
CAND_04478,1.5,49.0,Bacharelado,Capitais,Híbrido,Feminino,Branca,0.5352373834316382
CAND_04479,5.2,39.0,Bacharelado,Capitais,Híbrido,Feminino,Preta,0.24755501205346422
CAND_04480,7.3,51.0,Bacharelado,Capitais,Híbrido,Feminino,Branca,0.8130570091289742
CAND_04481,2.3,18.0,Bacharelado,Capitais,Híbrido,Masculino,Parda,0.42363693218803944
CAND_04482,10.0,49.0,Doutorado,Interior,Presencial,Feminino,Branca,0.5528435227206797
CAND_04483,3.8,57.0,Mestrado,Capitais,Remoto,Masculino,Branca,0.6380660316438518
CAND_04484,6.5,37.0,Bacharelado,Capitais,Híbrido,Masculino,Branca,0.6280963038192667
CAND_04485,3.0,53.0,Bacharelado,Capitais,Híbrido,Feminino,Preta,0.03235825659329822
CAND_04486,9.5,52.0,Bacharelado,Capitais,Híbrido,Feminino,Branca,0.646065654226233
CAND_04487,5.9,53.0,Bacharelado,Capitais,Remoto,Feminino,Branca,0.6242346391127909
CAND_04488,11.3,30.0,Bacharelado,Interior,Presencial,Masculino,Branca,0.5680896921493398
CAND_04489,8.5,51.0,Bacharelado,Região Metropolitana,Presencial,Feminino,Branca,0.3578671876134334
CAND_04490,7.5,24.0,Bacharelado,Interior,Remoto,Não-binário,Preta,0.21012772367902566
CAND_04491,2.1,41.0,Mestrado,Capitais,Híbrido,Feminino,Branca,0.41194257537737783
CAND_04492,5.3,50.0,Bacharelado,Capitais,Híbrido,Feminino,Branca,0.4577865467834135
CAND_04493,4.0,53.0,Ensino Médio,Capitais,Híbrido,Feminino,Branca,0.5183687176974514
CAND_04494,5.1,32.0,Bacharelado,Capitais,Presencial,Feminino,Branca,0.33201819830120566
CAND_04495,5.4,46.0,Doutorado,Região Metropolitana,Híbrido,Masculino,Branca,0.6695350246750711
CAND_04496,2.3,62.0,Bacharelado,Capitais,Híbrido,Masculino,Branca,0.7617760774118356
CAND_04497,4.5,35.0,Bacharelado,Capitais,Presencial,Não-binário,Branca,0.5093047070805438
CAND_04498,4.7,18.0,Mestrado,Capitais,Híbrido,Feminino,Branca,0.389836718088252
CAND_04499,2.0,58.0,Mestrado,Capitais,Presencial,Masculino,Parda,0.5291090800632934
CAND_04500,7.4,36.0,Mestrado,Capitais,Híbrido,Feminino,Indígena,0.4853565201044545
CAND_04501,5.7,40.0,Mestrado,Região Metropolitana,Híbrido,Masculino,Preta,0.1890528387170198
CAND_04502,7.4,52.0,Ensino Médio,Região Metropolitana,Presencial,Masculino,Branca,0.7048461089451329
CAND_04503,6.5,51.0,Ensino Médio,Região Metropolitana,Presencial,Masculino,Branca,0.5000390219536888
CAND_04504,0.0,65.0,Bacharelado,Capitais,Remoto,Masculino,Branca,0.6233405950666993
CAND_04505,2.5,46.0,Ensino Médio,Capitais,Híbrido,Não-binário,Branca,0.3645634825935558
CAND_04506,10.0,51.0,Bacharelado,Capitais,Híbrido,Feminino,Branca,0.5064059768129651
CAND_04507,7.4,25.0,Mestrado,Capitais,Híbrido,Feminino,Branca,0.4522900133941335
CAND_04508,0.1,59.0,Mestrado,Região Metropolitana,Remoto,Masculino,Branca,0.5937689200127924
CAND_04509,6.4,40.0,Bacharelado,Capitais,Presencial,Masculino,Branca,0.6761172142436274
CAND_04510,2.5,98.0,Doutorado,Capitais,Híbrido,Feminino,Parda,0.7086231010822844
CAND_04511,0.0,47.0,Bacharelado,Interior,Presencial,Feminino,Parda,0.18780008867017758
CAND_04512,10.0,56.0,Bacharelado,Capitais,Presencial,Masculino,Parda,0.7765168932305667
CAND_04513,5.2,60.0,Bacharelado,Região Metropolitana,Remoto,Masculino,Branca,0.8011636623403489
CAND_04514,5.7,49.0,Bacharelado,Capitais,Presencial,Feminino,Branca,0.6540157483597925
CAND_04515,1.2,57.0,Ensino Médio,Região Metropolitana,Presencial,Masculino,Amarela,0.3987643609494693
CAND_04516,1.5,84.0,Doutorado,Capitais,Híbrido,Masculino,Amarela,0.6943817087000761
CAND_04517,0.2,39.0,Bacharelado,Capitais,Híbrido,Feminino,Branca,0.20682162393624687
CAND_04518,9.3,16.0,Bacharelado,Região Metropolitana,Presencial,Masculino,Amarela,0.161296300038245
CAND_04519,0.1,30.0,Doutorado,Região Metropolitana,Remoto,Masculino,Branca,0.5372661534472992
CAND_04520,9.9,65.0,Mestrado,Região Metropolitana,Presencial,Masculino,Branca,1.0
CAND_04521,2.0,43.0,Bacharelado,Região Metropolitana,Presencial,Masculino,Preta,0.28680810135057716
CAND_04522,1.3,85.0,Ensino Médio,Capitais,Presencial,Masculino,Branca,0.7871720285227277
CAND_04523,4.8,61.0,Bacharelado,Região Metropolitana,Híbrido,Feminino,Parda,0.41970019541274917
CAND_04524,2.9,40.0,Bacharelado,Capitais,Presencial,Feminino,Branca,0.4337291923597303
CAND_04525,5.3,38.0,Doutorado,Capitais,Híbrido,Masculino,Branca,0.6940683403000099
CAND_04526,2.4,43.0,Mestrado,Capitais,Presencial,Feminino,Parda,0.4955022552859233
CAND_04527,4.1,19.0,Ensino Médio,Capitais,Remoto,Masculino,Preta,0.26042697650107954
CAND_04528,2.7,54.0,Doutorado,Capitais,Presencial,Feminino,Branca,0.4916713586578736
CAND_04529,7.6,60.0,Bacharelado,Região Metropolitana,Híbrido,Feminino,Branca,0.3836476862419891
CAND_04530,6.5,35.0,Mestrado,Capitais,Híbrido,Masculino,Preta,0.5465232964399014
CAND_04531,5.7,27.0,Bacharelado,Capitais,Remoto,Masculino,Preta,0.40925415973983065
CAND_04532,8.2,36.0,Bacharelado,Região Metropolitana,Presencial,Masculino,Branca,0.6786033918794541
CAND_04533,5.8,65.0,Bacharelado,Região Metropolitana,Híbrido,Feminino,Preta,0.18868070947171678
CAND_04534,5.5,62.0,Mestrado,Região Metropolitana,Presencial,Masculino,Amarela,0.6340362302710703
CAND_04535,4.6,53.0,Bacharelado,Capitais,Remoto,Feminino,Branca,0.4323236688643811
CAND_04536,2.9,75.0,Mestrado,Capitais,Híbrido,Masculino,Branca,0.8987862150447263
CAND_04537,2.9,25.0,Mestrado,Região Metropolitana,Remoto,Masculino,Branca,0.4643754336242619
CAND_04538,5.4,47.0,Bacharelado,Capitais,Remoto,Masculino,Branca,0.5719895802393681
CAND_04539,8.1,58.0,Mestrado,Capitais,Híbrido,Feminino,Branca,0.6419705629105578
CAND_04540,6.7,62.0,Bacharelado,Capitais,Híbrido,Feminino,Parda,0.5984393105376504
CAND_04541,6.7,62.0,Bacharelado,Interior,Presencial,Feminino,Branca,0.510742455125069
CAND_04542,1.7,61.0,Mestrado,Capitais,Remoto,Feminino,Preta,0.29721238399930966
CAND_04543,6.6,70.0,Bacharelado,Capitais,Remoto,Feminino,Branca,0.7270846835455391
CAND_04544,3.8,61.0,Mestrado,Região Metropolitana,Híbrido,Masculino,Branca,0.7470293725242885
CAND_04545,5.5,33.0,Bacharelado,Região Metropolitana,Híbrido,Masculino,Branca,0.601274689867533
CAND_04546,6.7,43.0,Bacharelado,Região Metropolitana,Remoto,Feminino,Preta,0.0
CAND_04547,1.5,25.0,Doutorado,Região Metropolitana,Híbrido,Masculino,Parda,0.4258249174098527
CAND_04548,5.5,65.0,Bacharelado,Capitais,Presencial,Masculino,Branca,0.8758252924054298
CAND_04549,5.7,68.0,Mestrado,Capitais,Presencial,Masculino,Branca,0.7417155760602165
CAND_04550,8.0,32.0,Bacharelado,Região Metropolitana,Híbrido,Masculino,Branca,0.6096518622401972
CAND_04551,3.4,44.0,Bacharelado,Interior,Híbrido,Masculino,Preta,0.20370328969073143
CAND_04552,4.8,24.0,Bacharelado,Região Metropolitana,Presencial,Masculino,Branca,0.4383725991687397
CAND_04553,5.5,48.0,Ensino Médio,Capitais,Remoto,Feminino,Parda,0.3397071209279862
CAND_04554,3.4,38.0,Mestrado,Capitais,Híbrido,Masculino,Preta,0.4151990657849663
CAND_04555,3.4,32.0,Bacharelado,Interior,Presencial,Masculino,Branca,0.32876378482530444
CAND_04556,3.3,50.0,Bacharelado,Interior,Híbrido,Masculino,Branca,0.48035471716617906
CAND_04557,4.6,78.0,Mestrado,Região Metropolitana,Remoto,Masculino,Preta,0.4835467902781892
CAND_04558,10.2,62.0,Mestrado,Capitais,Presencial,Masculino,Preta,0.6620615577983967
CAND_04559,4.7,46.0,Mestrado,Capitais,Presencial,Feminino,Branca,0.6165240499314575
CAND_04560,6.5,49.0,Bacharelado,Capitais,Híbrido,Masculino,Branca,0.8633537035387964
CAND_04561,5.1,78.0,Mestrado,Região Metropolitana,Presencial,Feminino,Branca,0.6225643449524925
CAND_04562,4.1,69.0,Bacharelado,Capitais,Presencial,Masculino,Branca,0.6569008269617206
CAND_04563,4.9,45.0,Bacharelado,Capitais,Presencial,Masculino,Branca,0.819536058032751
CAND_04564,7.3,58.0,Bacharelado,Região Metropolitana,Remoto,Masculino,Branca,0.7670688287157083
CAND_04565,4.8,35.0,Bacharelado,Região Metropolitana,Híbrido,Masculino,Branca,0.5294265249144378
CAND_04566,4.5,50.0,Mestrado,Região Metropolitana,Híbrido,Masculino,Preta,0.40665210003367575
CAND_04567,4.3,61.0,Doutorado,Capitais,Presencial,Masculino,Amarela,0.5632487968275619
CAND_04568,2.0,65.0,Mestrado,Região Metropolitana,Híbrido,Masculino,Preta,0.5223629230081629
CAND_04569,8.1,40.0,Bacharelado,Capitais,Híbrido,Masculino,Preta,0.5700927717521115
CAND_04570,3.7,65.0,Bacharelado,Região Metropolitana,Remoto,Masculino,Parda,0.6672301086624518
CAND_04571,9.4,52.0,Ensino Médio,Região Metropolitana,Presencial,Masculino,Amarela,0.6053359812632566
CAND_04572,5.7,46.0,Bacharelado,Capitais,Presencial,Masculino,Branca,0.6915957150334341
CAND_04573,9.2,79.0,Bacharelado,Capitais,Remoto,Masculino,Preta,0.8850340720879114
CAND_04574,4.4,45.0,Doutorado,Região Metropolitana,Presencial,Masculino,Branca,0.7052561341666723
CAND_04575,2.8,33.0,Mestrado,Capitais,Híbrido,Masculino,Indígena,0.29461149120182606
CAND_04576,8.1,40.0,Bacharelado,Capitais,Presencial,Feminino,Amarela,0.4134117464433773
CAND_04577,3.3,61.0,Bacharelado,Região Metropolitana,Híbrido,Feminino,Branca,0.41976048217511885
CAND_04578,8.9,35.0,Bacharelado,Capitais,Híbrido,Masculino,Preta,0.5753653485602584
CAND_04579,6.7,62.0,Bacharelado,Região Metropolitana,Remoto,Masculino,Branca,0.7612863964328346
CAND_04580,9.4,37.0,Bacharelado,Capitais,Presencial,Feminino,Parda,0.4175778853887467
CAND_04581,2.1,49.0,Bacharelado,Região Metropolitana,Presencial,Masculino,Branca,0.5782590194993641
CAND_04582,7.9,83.0,Mestrado,Capitais,Híbrido,Masculino,Branca,0.793713364033019
CAND_04583,2.8,37.0,Bacharelado,Capitais,Remoto,Feminino,Branca,0.3277050084271412
CAND_04584,0.0,20.0,Bacharelado,Capitais,Presencial,Feminino,Branca,0.312644280140134
CAND_04585,7.7,71.0,Bacharelado,Região Metropolitana,Remoto,Masculino,Parda,0.8140680692765832
CAND_04586,5.0,29.0,Mestrado,Capitais,Híbrido,Feminino,Branca,0.5451600836674597
CAND_04587,7.9,38.0,Bacharelado,Capitais,Presencial,Feminino,Branca,0.4478410670102747
CAND_04588,5.3,61.0,Bacharelado,Capitais,Híbrido,Feminino,Branca,0.6569804661192264
CAND_04589,5.1,60.0,Bacharelado,Capitais,Híbrido,Feminino,Branca,0.544485682421346
CAND_04590,9.5,14.0,Bacharelado,Capitais,Remoto,Masculino,Indígena,0.5549232655020001
CAND_04591,5.4,45.0,Doutorado,Capitais,Presencial,Masculino,Amarela,0.695407798100144
CAND_04592,3.6,63.0,Bacharelado,Região Metropolitana,Híbrido,Masculino,Branca,0.6985930174986525
CAND_04593,4.7,80.0,Bacharelado,Capitais,Híbrido,Feminino,Preta,0.27174878457297813
CAND_04594,5.5,31.0,Mestrado,Capitais,Remoto,Masculino,Branca,0.8020722530105697
CAND_04595,0.0,66.0,Bacharelado,Capitais,Híbrido,Masculino,Branca,0.7075065591415346
CAND_04596,6.5,40.0,Bacharelado,Capitais,Presencial,Feminino,Branca,0.5316252750840444
CAND_04597,9.1,66.0,Ensino Médio,Capitais,Híbrido,Feminino,Branca,0.4762924888609631
CAND_04598,4.9,34.0,Mestrado,Capitais,Híbrido,Masculino,Branca,0.8034496246013221
CAND_04599,3.7,47.0,Doutorado,Capitais,Híbrido,Masculino,Branca,0.8047690008131186
CAND_04600,6.2,56.0,Mestrado,Capitais,Híbrido,Masculino,Branca,0.6627263174112865
CAND_04601,10.2,64.0,Bacharelado,Região Metropolitana,Presencial,Masculino,Amarela,0.5884342378279209
CAND_04602,6.4,59.0,Mestrado,Capitais,Presencial,Feminino,Branca,0.6061965076029888
CAND_04603,5.6,44.0,Bacharelado,Interior,Híbrido,Masculino,Branca,0.5434025735751002
CAND_04604,3.8,42.0,Mestrado,Região Metropolitana,Remoto,Masculino,Branca,0.6236494537550769
CAND_04605,1.8,77.0,Bacharelado,Capitais,Remoto,Masculino,Branca,0.7453788676631822
CAND_04606,5.1,54.0,Ensino Médio,Capitais,Híbrido,Masculino,Branca,0.7633828003884913
CAND_04607,5.1,43.0,Mestrado,Capitais,Híbrido,Feminino,Parda,0.4671769022961952
CAND_04608,0.0,58.0,Bacharelado,Capitais,Remoto,Masculino,Branca,0.5765593563295016
CAND_04609,2.8,59.0,Bacharelado,Capitais,Presencial,Masculino,Branca,0.7069748587796575
CAND_04610,8.5,30.0,Bacharelado,Capitais,Remoto,Masculino,Branca,0.7997998840912257
CAND_04611,4.2,57.0,Mestrado,Região Metropolitana,Híbrido,Masculino,Preta,0.5363021067430463
CAND_04612,0.0,27.0,Mestrado,Capitais,Presencial,Não-binário,Branca,0.07638733718873472
CAND_04613,9.8,40.0,Mestrado,Região Metropolitana,Híbrido,Masculino,Branca,0.6257911580231418
CAND_04614,2.3,35.0,Ensino Médio,Capitais,Híbrido,Masculino,Branca,0.356088964674227
CAND_04615,3.6,48.0,Mestrado,Região Metropolitana,Híbrido,Feminino,Branca,0.5069354533092625
CAND_04616,8.2,43.0,Bacharelado,Capitais,Híbrido,Não-binário,Amarela,0.3950848146230162
CAND_04617,2.8,47.0,Bacharelado,Interior,Híbrido,Não-binário,Branca,0.23845524555667183
CAND_04618,0.0,22.0,Bacharelado,Capitais,Remoto,Masculino,Preta,0.2506147329698761
CAND_04619,5.7,49.0,Mestrado,Região Metropolitana,Híbrido,Masculino,Amarela,0.41203629564203514
CAND_04620,7.4,33.0,Ensino Médio,Capitais,Remoto,Não-binário,Branca,0.4899289960147286
CAND_04621,3.6,84.0,Mestrado,Região Metropolitana,Presencial,Não-binário,Branca,0.48095952240522793
CAND_04622,4.6,44.0,Mestrado,Capitais,Presencial,Masculino,Branca,0.8276127428151934
CAND_04623,1.5,46.0,Bacharelado,Capitais,Híbrido,Masculino,Indígena,0.40346297074016163
CAND_04624,2.0,60.0,Mestrado,Capitais,Híbrido,Feminino,Branca,0.6923393402340533
CAND_04625,4.0,70.0,Bacharelado,Região Metropolitana,Híbrido,Masculino,Amarela,0.36894630186347005
CAND_04626,6.9,32.0,Ensino Médio,Região Metropolitana,Remoto,Masculino,Branca,0.4609215918556008
CAND_04627,5.3,59.0,Bacharelado,Capitais,Presencial,Masculino,Preta,0.6095459736773949
CAND_04628,8.1,64.0,Bacharelado,Capitais,Híbrido,Feminino,Branca,0.7331355384441259
CAND_04629,10.0,53.0,Bacharelado,Capitais,Híbrido,Masculino,Branca,0.7849286781766062
CAND_04630,7.7,52.0,Bacharelado,Capitais,Híbrido,Masculino,Amarela,0.42616111213015084
CAND_04631,0.2,42.0,Bacharelado,Região Metropolitana,Remoto,Feminino,Branca,0.0721372380451174
CAND_04632,4.1,45.0,Ensino Médio,Capitais,Remoto,Feminino,Branca,0.5516546577664623
CAND_04633,7.6,48.0,Bacharelado,Capitais,Presencial,Não-binário,Branca,0.5358194122412184
CAND_04634,4.6,44.0,Bacharelado,Capitais,Remoto,Masculino,Branca,0.683872087501602
CAND_04635,0.1,63.0,Bacharelado,Capitais,Híbrido,Masculino,Branca,0.5846911934926281
CAND_04636,3.3,37.0,Mestrado,Capitais,Híbrido,Masculino,Branca,0.6253604433766939
CAND_04637,0.0,63.0,Ensino Médio,Capitais,Híbrido,Masculino,Branca,0.6885283334388961
CAND_04638,4.2,70.0,Bacharelado,Capitais,Híbrido,Masculino,Branca,0.651752209257638
CAND_04639,2.9,56.0,Bacharelado,Região Metropolitana,Híbrido,Masculino,Branca,0.7172396467751471
CAND_04640,3.9,23.0,Bacharelado,Região Metropolitana,Híbrido,Masculino,Branca,0.5847495263048754
CAND_04641,8.5,59.0,Mestrado,Capitais,Remoto,Masculino,Branca,1.0
CAND_04642,1.0,40.0,Bacharelado,Capitais,Remoto,Masculino,Branca,0.6336242266405543
CAND_04643,2.8,42.0,Bacharelado,Interior,Híbrido,Feminino,Branca,0.3614782348694273
CAND_04644,1.6,55.0,Mestrado,Capitais,Híbrido,Feminino,Branca,0.3599420642281337
CAND_04645,8.2,67.0,Bacharelado,Capitais,Remoto,Masculino,Amarela,0.6085186523556508
CAND_04646,8.4,25.0,Bacharelado,Região Metropolitana,Presencial,Masculino,Branca,0.6081089466009709
CAND_04647,6.1,51.0,Bacharelado,Capitais,Remoto,Masculino,Branca,0.7635913581287324
CAND_04648,5.9,80.0,Bacharelado,Região Metropolitana,Híbrido,Masculino,Preta,0.5493669257903567
CAND_04649,1.4,34.0,Mestrado,Região Metropolitana,Híbrido,Não-binário,Indígena,0.2643696382863919
CAND_04650,5.6,47.0,Bacharelado,Capitais,Presencial,Masculino,Branca,0.7138368870037493
CAND_04651,1.6,41.0,Bacharelado,Capitais,Presencial,Masculino,Branca,0.5089641322610734
CAND_04652,5.1,61.0,Bacharelado,Capitais,Remoto,Masculino,Branca,0.6442907221760936
CAND_04653,4.0,31.0,Mestrado,Interior,Remoto,Feminino,Branca,0.45564518121564446
CAND_04654,3.2,26.0,Doutorado,Região Metropolitana,Híbrido,Feminino,Parda,0.39653352630723504
CAND_04655,5.1,62.0,Mestrado,Capitais,Presencial,Feminino,Branca,0.6126559678936968
CAND_04656,7.0,54.0,Bacharelado,Capitais,Híbrido,Masculino,Parda,0.7319686555895935
CAND_04657,10.3,32.0,Mestrado,Capitais,Presencial,Não-binário,Preta,0.3039201952238671
CAND_04658,6.7,49.0,Bacharelado,Capitais,Remoto,Masculino,Branca,0.699435247145072
CAND_04659,11.8,31.0,Ensino Médio,Capitais,Híbrido,Feminino,Branca,0.5705472365763913
CAND_04660,5.6,64.0,Bacharelado,Capitais,Remoto,Feminino,Preta,0.4194949978625272
CAND_04661,10.4,54.0,Bacharelado,Capitais,Remoto,Não-binário,Branca,0.6589970947640695
CAND_04662,6.3,39.0,Bacharelado,Capitais,Remoto,Masculino,Branca,0.6776711487301335
CAND_04663,5.7,41.0,Bacharelado,Capitais,Híbrido,Masculino,Parda,0.5226768148179914
CAND_04664,4.5,43.0,Mestrado,Interior,Híbrido,Feminino,Indígena,0.08274318774320538
CAND_04665,5.9,34.0,Bacharelado,Região Metropolitana,Presencial,Masculino,Preta,0.45023698805473444
CAND_04666,6.3,70.0,Bacharelado,Capitais,Remoto,Feminino,Branca,0.5575377198010014
CAND_04667,0.7,67.0,Bacharelado,Capitais,Presencial,Feminino,Branca,0.4970315369332414
CAND_04668,7.1,44.0,Mestrado,Interior,Presencial,Masculino,Branca,0.5306154858100846
CAND_04669,0.5,45.0,Mestrado,Capitais,Híbrido,Masculino,Amarela,0.4598301024216377
CAND_04670,7.1,33.0,Mestrado,Capitais,Híbrido,Feminino,Branca,0.6355160942663665
CAND_04671,6.8,48.0,Bacharelado,Capitais,Presencial,Masculino,Branca,0.8578883947194271
CAND_04672,9.3,57.0,Bacharelado,Região Metropolitana,Híbrido,Masculino,Branca,0.6249401868060045
CAND_04673,2.4,68.0,Bacharelado,Capitais,Presencial,Masculino,Branca,0.7905477841369644
CAND_04674,2.0,37.0,Bacharelado,Capitais,Remoto,Masculino,Amarela,0.2989291285926228
CAND_04675,8.3,25.0,Bacharelado,Capitais,Híbrido,Masculino,Branca,0.8419095328482931
CAND_04676,1.8,35.0,Mestrado,Capitais,Remoto,Masculino,Branca,0.8202841444190158
CAND_04677,1.5,58.0,Bacharelado,Capitais,Presencial,Feminino,Branca,0.5001728785015495
CAND_04678,5.6,49.0,Doutorado,Capitais,Híbrido,Feminino,Preta,0.36794687037664675
CAND_04679,4.9,65.0,Bacharelado,Capitais,Presencial,Masculino,Branca,0.7390795253206337
CAND_04680,5.5,51.0,Bacharelado,Região Metropolitana,Híbrido,Masculino,Branca,0.8123632359347606
CAND_04681,6.6,74.0,Bacharelado,Região Metropolitana,Híbrido,Não-binário,Branca,0.54395184039041
CAND_04682,6.6,26.0,Bacharelado,Região Metropolitana,Presencial,Masculino,Branca,0.6156210481205304
CAND_04683,4.8,13.0,Mestrado,Região Metropolitana,Remoto,Masculino,Branca,0.5248633849094277
CAND_04684,5.1,70.0,Mestrado,Capitais,Remoto,Masculino,Branca,0.8364288293375773
CAND_04685,4.8,38.0,Ensino Médio,Capitais,Remoto,Masculino,Branca,0.650818094611721
CAND_04686,5.1,52.0,Doutorado,Capitais,Remoto,Feminino,Preta,0.40341181206140686
CAND_04687,0.8,52.0,Mestrado,Capitais,Híbrido,Feminino,Preta,0.3137913296134545
CAND_04688,7.3,55.0,Mestrado,Região Metropolitana,Híbrido,Feminino,Branca,0.5897018532501509
CAND_04689,8.1,43.0,Bacharelado,Região Metropolitana,Remoto,Não-binário,Branca,0.41949922707223924
CAND_04690,6.9,36.0,Bacharelado,Capitais,Híbrido,Masculino,Branca,0.7142747031772617
CAND_04691,6.7,35.0,Bacharelado,Capitais,Remoto,Masculino,Branca,0.6970344154746514
CAND_04692,2.0,59.0,Bacharelado,Capitais,Híbrido,Feminino,Branca,0.4046861848933874
CAND_04693,0.8,62.0,Bacharelado,Região Metropolitana,Híbrido,Feminino,Branca,0.20307723057807078
CAND_04694,7.5,46.0,Mestrado,Capitais,Presencial,Masculino,Branca,0.687130703697616
CAND_04695,5.1,41.0,Bacharelado,Região Metropolitana,Híbrido,Masculino,Amarela,0.29115472029841566
CAND_04696,5.5,59.0,Bacharelado,Capitais,Híbrido,Feminino,Branca,0.6348893187223302
CAND_04697,5.6,28.0,Mestrado,Região Metropolitana,Híbrido,Masculino,Preta,0.28050514332671583
CAND_04698,5.8,79.0,Ensino Médio,Capitais,Híbrido,Masculino,Parda,0.8747488092022023
CAND_04699,6.9,57.0,Mestrado,Região Metropolitana,Remoto,Masculino,Branca,0.6913801086466231
CAND_04700,4.7,48.0,Bacharelado,Capitais,Híbrido,Masculino,Branca,0.7464730566725553
CAND_04701,0.0,62.0,Mestrado,Capitais,Remoto,Masculino,Branca,0.8892085705555739
CAND_04702,7.1,59.0,Bacharelado,Capitais,Presencial,Masculino,Branca,0.8382507995575608
CAND_04703,6.7,54.0,Mestrado,Região Metropolitana,Híbrido,Masculino,Amarela,0.7430081940449809
CAND_04704,1.1,22.0,Bacharelado,Região Metropolitana,Híbrido,Masculino,Branca,0.36550653824698953
CAND_04705,1.5,56.0,Bacharelado,Capitais,Presencial,Masculino,Branca,0.7735461137000751
CAND_04706,7.6,72.0,Bacharelado,Capitais,Presencial,Feminino,Preta,0.31934722828523016
CAND_04707,8.4,42.0,Mestrado,Região Metropolitana,Híbrido,Feminino,Branca,0.634655053159311
CAND_04708,0.0,64.0,Bacharelado,Capitais,Híbrido,Feminino,Branca,0.45027400825269737
CAND_04709,6.3,63.0,Mestrado,Capitais,Remoto,Masculino,Branca,0.8521112409116764
CAND_04710,4.3,54.0,Mestrado,Capitais,Presencial,Masculino,Branca,0.7498158366688495
CAND_04711,5.2,53.0,Bacharelado,Região Metropolitana,Híbrido,Masculino,Branca,0.6351990884946006
CAND_04712,5.4,58.0,Doutorado,Região Metropolitana,Presencial,Masculino,Branca,0.8027526678196739
CAND_04713,2.7,56.0,Bacharelado,Capitais,Remoto,Feminino,Branca,0.5214800236349227
CAND_04714,7.0,78.0,Mestrado,Região Metropolitana,Presencial,Masculino,Branca,0.7018987064163156
CAND_04715,2.9,65.0,Mestrado,Capitais,Remoto,Masculino,Branca,0.7400795082212392
CAND_04716,7.2,61.0,Ensino Médio,Região Metropolitana,Remoto,Masculino,Preta,0.503471589754235
CAND_04717,7.9,66.0,Doutorado,Região Metropolitana,Presencial,Masculino,Branca,0.8877798652201243
CAND_04718,2.4,61.0,Bacharelado,Interior,Presencial,Masculino,Branca,0.6387918262688139
CAND_04719,2.5,19.0,Mestrado,Capitais,Híbrido,Masculino,Preta,0.17852460819714894
CAND_04720,5.3,48.0,Doutorado,Região Metropolitana,Remoto,Masculino,Preta,0.5290991366525496
CAND_04721,9.5,41.0,Mestrado,Capitais,Presencial,Feminino,Amarela,0.4805346383634016
CAND_04722,3.2,55.0,Bacharelado,Interior,Híbrido,Masculino,Preta,0.2557160783334207
CAND_04723,3.8,42.0,Bacharelado,Capitais,Remoto,Masculino,Amarela,0.40551603610948506
CAND_04724,6.0,59.0,Bacharelado,Região Metropolitana,Remoto,Masculino,Branca,0.8408433107152562
CAND_04725,7.0,44.0,Bacharelado,Interior,Híbrido,Masculino,Branca,0.2739183758300667
CAND_04726,6.6,75.0,Bacharelado,Capitais,Remoto,Feminino,Branca,0.5825963185872575
CAND_04727,5.1,75.0,Mestrado,Região Metropolitana,Híbrido,Feminino,Branca,0.545454524288019
CAND_04728,4.1,28.0,Mestrado,Interior,Híbrido,Feminino,Branca,0.35598069586507525
CAND_04729,6.0,55.0,Ensino Médio,Interior,Híbrido,Masculino,Branca,0.64153750889903
CAND_04730,0.0,43.0,Bacharelado,Capitais,Remoto,Masculino,Amarela,0.47902458441948764
CAND_04731,10.6,54.0,Bacharelado,Capitais,Híbrido,Masculino,Branca,0.7661598220904435
CAND_04732,4.4,59.0,Ensino Médio,Capitais,Híbrido,Masculino,Parda,0.6499147578949124
CAND_04733,5.5,31.0,Bacharelado,Região Metropolitana,Híbrido,Feminino,Branca,0.3315929283968222
CAND_04734,11.3,35.0,Bacharelado,Região Metropolitana,Presencial,Masculino,Branca,0.8200506434445143
CAND_04735,2.8,37.0,Bacharelado,Região Metropolitana,Remoto,Masculino,Amarela,0.38157289888077217
CAND_04736,12.0,42.0,Bacharelado,Região Metropolitana,Remoto,Feminino,Branca,0.5514626029445091
CAND_04737,7.2,42.0,Bacharelado,Capitais,Remoto,Masculino,Branca,0.7312692891069825
CAND_04738,6.3,62.0,Bacharelado,Capitais,Remoto,Feminino,Branca,0.66710557051937
CAND_04739,6.9,53.0,Mestrado,Capitais,Híbrido,Masculino,Parda,0.7823641494093782
CAND_04740,2.5,37.0,Mestrado,Região Metropolitana,Híbrido,Feminino,Branca,0.36834846895917844
CAND_04741,0.1,45.0,Bacharelado,Capitais,Híbrido,Feminino,Preta,0.1124377670101076
CAND_04742,1.5,14.0,Bacharelado,Região Metropolitana,Presencial,Feminino,Preta,0.05917013882011106
CAND_04743,8.3,80.0,Ensino Médio,Interior,Híbrido,Feminino,Branca,0.38361213243511255
CAND_04744,2.2,50.0,Ensino Médio,Região Metropolitana,Presencial,Masculino,Branca,0.639278935639086
CAND_04745,0.0,65.0,Mestrado,Região Metropolitana,Híbrido,Feminino,Branca,0.26633508336614514
CAND_04746,4.8,62.0,Mestrado,Capitais,Presencial,Feminino,Branca,0.6012828970468048
CAND_04747,6.7,49.0,Ensino Médio,Região Metropolitana,Presencial,Feminino,Parda,0.3134805326307078
CAND_04748,5.1,14.0,Mestrado,Região Metropolitana,Remoto,Não-binário,Branca,0.5930634147330673
CAND_04749,6.8,42.0,Bacharelado,Capitais,Remoto,Masculino,Branca,0.47156149677072534
CAND_04750,8.5,55.0,Mestrado,Região Metropolitana,Híbrido,Feminino,Preta,0.3075666546681843
CAND_04751,6.7,51.0,Bacharelado,Região Metropolitana,Presencial,Masculino,Branca,0.6191180984280082
CAND_04752,4.5,66.0,Bacharelado,Capitais,Remoto,Masculino,Indígena,0.6876508788539665
CAND_04753,3.4,50.0,Bacharelado,Capitais,Presencial,Feminino,Branca,0.5932186678221265
CAND_04754,7.3,78.0,Bacharelado,Capitais,Híbrido,Masculino,Parda,0.7979739909672449
CAND_04755,5.8,34.0,Mestrado,Capitais,Presencial,Feminino,Branca,0.23622668202109137
CAND_04756,2.4,58.0,Mestrado,Capitais,Presencial,Feminino,Amarela,0.5212184163779846
CAND_04757,8.9,35.0,Mestrado,Capitais,Híbrido,Masculino,Branca,0.8677543642712431
CAND_04758,5.8,64.0,Bacharelado,Capitais,Presencial,Feminino,Branca,0.7532020257548366
CAND_04759,7.0,39.0,Bacharelado,Região Metropolitana,Híbrido,Feminino,Branca,0.43095255113546516
CAND_04760,3.8,24.0,Bacharelado,Capitais,Híbrido,Feminino,Branca,0.4056169068150851
CAND_04761,8.4,28.0,Doutorado,Região Metropolitana,Híbrido,Feminino,Branca,0.476786574139684
CAND_04762,0.2,43.0,Bacharelado,Região Metropolitana,Híbrido,Masculino,Parda,0.261134714106169
CAND_04763,10.0,73.0,Mestrado,Região Metropolitana,Presencial,Feminino,Branca,0.6508921700380044
CAND_04764,0.0,61.0,Bacharelado,Capitais,Híbrido,Feminino,Branca,0.3542485081911926
CAND_04765,0.9,57.0,Bacharelado,Região Metropolitana,Híbrido,Masculino,Branca,0.5867570664156232
CAND_04766,5.8,49.0,Mestrado,Interior,Híbrido,Masculino,Parda,0.40344711439271785
CAND_04767,3.4,33.0,Mestrado,Região Metropolitana,Híbrido,Feminino,Branca,0.46387049629843696
CAND_04768,4.0,36.0,Bacharelado,Região Metropolitana,Remoto,Masculino,Amarela,0.4083125466697607
CAND_04769,3.4,42.0,Bacharelado,Capitais,Híbrido,Não-binário,Branca,0.1732772650391866
CAND_04770,2.7,40.0,Bacharelado,Capitais,Presencial,Masculino,Branca,0.37023285148376633
CAND_04771,6.0,40.0,Doutorado,Capitais,Remoto,Masculino,Branca,0.6948922813374854
CAND_04772,4.9,36.0,Bacharelado,Capitais,Híbrido,Feminino,Branca,0.523721543946355
CAND_04773,7.7,50.0,Ensino Médio,Capitais,Híbrido,Masculino,Branca,0.9175011797798013
CAND_04774,5.2,39.0,Bacharelado,Capitais,Híbrido,Não-binário,Branca,0.30681208319778985
CAND_04775,3.7,67.0,Bacharelado,Região Metropolitana,Híbrido,Masculino,Preta,0.38603393133830166
CAND_04776,7.3,67.0,Bacharelado,Região Metropolitana,Remoto,Masculino,Branca,0.6368141897529969
CAND_04777,0.0,59.0,Bacharelado,Região Metropolitana,Remoto,Feminino,Branca,0.364509871798764
CAND_04778,0.0,57.0,Bacharelado,Região Metropolitana,Remoto,Feminino,Branca,0.3581837639064588
CAND_04779,0.2,27.0,Bacharelado,Região Metropolitana,Remoto,Masculino,Branca,0.5597235625470287
CAND_04780,4.0,84.0,Bacharelado,Capitais,Híbrido,Masculino,Branca,0.668414376307057
CAND_04781,6.2,46.0,Bacharelado,Região Metropolitana,Presencial,Feminino,Branca,0.5572000728445037
CAND_04782,0.0,62.0,Bacharelado,Região Metropolitana,Híbrido,Feminino,Indígena,0.32426598972521725
CAND_04783,5.0,62.0,Bacharelado,Região Metropolitana,Presencial,Não-binário,Branca,0.38995878384236304
CAND_04784,3.9,34.0,Doutorado,Região Metropolitana,Híbrido,Masculino,Parda,0.5373959263089967
CAND_04785,5.4,41.0,Bacharelado,Interior,Híbrido,Masculino,Preta,0.24726284975953006
CAND_04786,0.0,56.0,Bacharelado,Capitais,Híbrido,Não-binário,Branca,0.2981690494548249
CAND_04787,12.8,27.0,Doutorado,Capitais,Híbrido,Masculino,Amarela,0.6288670872437425
CAND_04788,5.1,49.0,Ensino Médio,Região Metropolitana,Remoto,Feminino,Branca,0.21486933099519162
CAND_04789,1.3,14.0,Mestrado,Capitais,Remoto,Feminino,Branca,0.29958844286355724
CAND_04790,5.4,50.0,Bacharelado,Região Metropolitana,Presencial,Masculino,Parda,0.5672758564360967
CAND_04791,9.5,71.0,Bacharelado,Região Metropolitana,Presencial,Feminino,Preta,0.38916599386279
CAND_04792,1.1,50.0,Bacharelado,Região Metropolitana,Remoto,Feminino,Branca,0.4984731578285213
CAND_04793,0.5,28.0,Mestrado,Interior,Remoto,Masculino,Branca,0.40335340744999226
CAND_04794,4.6,42.0,Mestrado,Região Metropolitana,Presencial,Não-binário,Preta,0.06188362073735444
CAND_04795,4.9,59.0,Bacharelado,Interior,Híbrido,Feminino,Branca,0.21084055641778826
CAND_04796,7.1,53.0,Bacharelado,Região Metropolitana,Híbrido,Não-binário,Preta,0.2602986834500317
CAND_04797,9.4,57.0,Bacharelado,Capitais,Remoto,Masculino,Branca,0.8389126057279968
CAND_04798,7.3,47.0,Bacharelado,Capitais,Remoto,Masculino,Branca,0.723878389066528
CAND_04799,0.8,39.0,Ensino Médio,Capitais,Híbrido,Masculino,Branca,0.5380910026014374
CAND_04800,1.8,52.0,Bacharelado,Região Metropolitana,Remoto,Feminino,Branca,0.47770083838044636
CAND_04801,2.6,51.0,Mestrado,Capitais,Híbrido,Masculino,Preta,0.4869215620237044
CAND_04802,7.3,65.0,Doutorado,Capitais,Presencial,Masculino,Branca,0.9370893016026711
CAND_04803,6.8,43.0,Bacharelado,Capitais,Híbrido,Feminino,Branca,0.6508980147671566
CAND_04804,8.8,51.0,Mestrado,Capitais,Híbrido,Masculino,Preta,0.5853075990173648
CAND_04805,6.7,48.0,Mestrado,Interior,Remoto,Masculino,Amarela,0.35787669786609055
CAND_04806,3.1,84.0,Mestrado,Região Metropolitana,Remoto,Masculino,Branca,0.928527350967825
CAND_04807,4.4,39.0,Bacharelado,Capitais,Híbrido,Masculino,Preta,0.337232780765066
CAND_04808,0.6,44.0,Bacharelado,Interior,Remoto,Masculino,Preta,0.06609645730751951
CAND_04809,6.9,36.0,Bacharelado,Capitais,Presencial,Masculino,Branca,0.7234695136030702
CAND_04810,3.1,70.0,Bacharelado,Região Metropolitana,Híbrido,Masculino,Branca,0.7566579337408741
CAND_04811,8.7,71.0,Bacharelado,Região Metropolitana,Presencial,Masculino,Branca,0.7285077159757214
CAND_04812,6.8,47.0,Ensino Médio,Capitais,Híbrido,Masculino,Amarela,0.5581650795286182
CAND_04813,10.8,68.0,Ensino Médio,Região Metropolitana,Híbrido,Não-binário,Branca,0.537039750889147
CAND_04814,6.3,55.0,Doutorado,Região Metropolitana,Híbrido,Não-binário,Branca,0.49912381938796824
CAND_04815,6.2,61.0,Ensino Médio,Capitais,Presencial,Masculino,Preta,0.471227456943338
CAND_04816,4.5,35.0,Bacharelado,Capitais,Híbrido,Feminino,Amarela,0.16851154509395752
CAND_04817,3.8,52.0,Mestrado,Capitais,Híbrido,Masculino,Amarela,0.5325558471200471
CAND_04818,4.2,78.0,Bacharelado,Região Metropolitana,Presencial,Masculino,Parda,0.863158672640517
CAND_04819,8.0,72.0,Mestrado,Região Metropolitana,Presencial,Masculino,Branca,0.8147494257107508
CAND_04820,1.0,62.0,Bacharelado,Interior,Remoto,Feminino,Branca,0.28098735936758207
CAND_04821,5.2,64.0,Bacharelado,Região Metropolitana,Remoto,Masculino,Branca,0.6241060345839355
CAND_04822,0.0,86.0,Mestrado,Capitais,Presencial,Masculino,Branca,0.7493356342100691
CAND_04823,6.1,62.0,Ensino Médio,Capitais,Remoto,Feminino,Branca,0.39371358702430087
CAND_04824,3.6,40.0,Bacharelado,Região Metropolitana,Híbrido,Não-binário,Preta,0.0358638413209896
CAND_04825,6.5,68.0,Bacharelado,Capitais,Remoto,Masculino,Preta,0.48112597140070323
CAND_04826,2.8,49.0,Bacharelado,Interior,Híbrido,Masculino,Branca,0.47709908680364277
CAND_04827,4.2,57.0,Mestrado,Capitais,Remoto,Masculino,Branca,0.6580736711905866
CAND_04828,6.9,52.0,Doutorado,Capitais,Híbrido,Masculino,Branca,1.0
CAND_04829,5.4,39.0,Bacharelado,Região Metropolitana,Presencial,Masculino,Branca,0.5331078763769057
CAND_04830,9.6,55.0,Ensino Médio,Interior,Remoto,Feminino,Indígena,0.22165093007628273
CAND_04831,3.6,65.0,Bacharelado,Capitais,Remoto,Masculino,Branca,0.7581374902400615
CAND_04832,3.3,61.0,Doutorado,Capitais,Presencial,Masculino,Amarela,0.6497893346188055
CAND_04833,8.7,57.0,Bacharelado,Interior,Presencial,Feminino,Branca,0.5255740859865208
CAND_04834,3.9,47.0,Bacharelado,Capitais,Híbrido,Feminino,Preta,0.18985424814530277
CAND_04835,3.8,25.0,Mestrado,Região Metropolitana,Remoto,Feminino,Branca,0.2909103280304497
CAND_04836,6.1,49.0,Bacharelado,Capitais,Presencial,Masculino,Branca,0.8660539508379046
CAND_04837,4.5,58.0,Bacharelado,Capitais,Remoto,Feminino,Indígena,0.28360035557467206
CAND_04838,4.1,18.0,Bacharelado,Capitais,Remoto,Feminino,Branca,0.3325204825643963
CAND_04839,2.9,49.0,Doutorado,Região Metropolitana,Remoto,Feminino,Amarela,0.3093233265001547
CAND_04840,9.1,49.0,Bacharelado,Região Metropolitana,Híbrido,Feminino,Amarela,0.39002751621368115
CAND_04841,4.5,36.0,Bacharelado,Capitais,Presencial,Feminino,Branca,0.47749031815517345
CAND_04842,3.3,61.0,Bacharelado,Capitais,Remoto,Feminino,Branca,0.4516539435025088
CAND_04843,4.1,64.0,Ensino Médio,Interior,Remoto,Feminino,Parda,0.30836678951550656
CAND_04844,6.1,77.0,Bacharelado,Capitais,Presencial,Masculino,Amarela,0.47481437763800843
CAND_04845,9.4,50.0,Bacharelado,Região Metropolitana,Híbrido,Masculino,Branca,0.9579440595117157
CAND_04846,4.5,69.0,Bacharelado,Capitais,Presencial,Masculino,Amarela,0.48555590350537514
CAND_04847,2.4,38.0,Bacharelado,Capitais,Híbrido,Masculino,Branca,0.6900979582531235
CAND_04848,10.8,44.0,Doutorado,Capitais,Remoto,Feminino,Parda,0.5445356967205777
CAND_04849,5.4,60.0,Mestrado,Capitais,Híbrido,Não-binário,Preta,0.3620572292777283
CAND_04850,4.7,40.0,Doutorado,Capitais,Remoto,Masculino,Branca,0.6523184901234356
CAND_04851,5.2,48.0,Mestrado,Região Metropolitana,Híbrido,Masculino,Branca,0.7853080317822871
CAND_04852,1.3,63.0,Mestrado,Região Metropolitana,Remoto,Masculino,Branca,0.868404177475677
CAND_04853,4.9,50.0,Bacharelado,Capitais,Híbrido,Masculino,Preta,0.4552538710179134
CAND_04854,7.3,36.0,Mestrado,Capitais,Híbrido,Masculino,Branca,0.7965895542515735
CAND_04855,8.7,41.0,Bacharelado,Capitais,Híbrido,Feminino,Amarela,0.43543481700849684
CAND_04856,3.9,46.0,Bacharelado,Capitais,Presencial,Masculino,Parda,0.5541626783306435
CAND_04857,5.6,59.0,Mestrado,Capitais,Híbrido,Masculino,Branca,0.8927610897107048
CAND_04858,8.7,45.0,Bacharelado,Capitais,Remoto,Masculino,Branca,0.7085848821485832
CAND_04859,5.1,13.0,Bacharelado,Capitais,Presencial,Masculino,Amarela,0.5703453336360169
CAND_04860,7.2,62.0,Mestrado,Região Metropolitana,Híbrido,Feminino,Branca,0.47086695288223807
CAND_04861,6.3,60.0,Bacharelado,Capitais,Remoto,Masculino,Branca,0.7821360414242097
CAND_04862,3.0,34.0,Ensino Médio,Região Metropolitana,Híbrido,Masculino,Branca,0.39360361233369745
CAND_04863,2.3,33.0,Bacharelado,Interior,Remoto,Masculino,Branca,0.5471900976056796
CAND_04864,8.2,70.0,Bacharelado,Região Metropolitana,Híbrido,Masculino,Preta,0.7932531679145827
CAND_04865,0.0,46.0,Mestrado,Capitais,Remoto,Masculino,Branca,0.6623669809546279
CAND_04866,3.0,61.0,Mestrado,Capitais,Presencial,Feminino,Branca,0.7470393986648949
CAND_04867,0.8,40.0,Bacharelado,Capitais,Remoto,Masculino,Parda,0.6090424981967384
CAND_04868,8.2,60.0,Bacharelado,Capitais,Presencial,Masculino,Preta,0.721498728057288
CAND_04869,9.1,36.0,Mestrado,Capitais,Híbrido,Feminino,Amarela,0.45791824466203296
CAND_04870,2.8,56.0,Mestrado,Capitais,Presencial,Feminino,Amarela,0.5059354946838739
CAND_04871,13.3,55.0,Bacharelado,Capitais,Híbrido,Feminino,Branca,0.8475486761177893
CAND_04872,9.1,19.0,Bacharelado,Região Metropolitana,Remoto,Masculino,Parda,0.509359699933886
CAND_04873,5.6,52.0,Bacharelado,Capitais,Híbrido,Feminino,Amarela,0.27400509809723445
CAND_04874,9.5,39.0,Ensino Médio,Capitais,Remoto,Feminino,Branca,0.47582331508948356
CAND_04875,3.1,66.0,Bacharelado,Capitais,Híbrido,Feminino,Branca,0.4644383750938469
CAND_04876,4.2,54.0,Bacharelado,Região Metropolitana,Remoto,Masculino,Branca,0.7056857995317379
CAND_04877,6.4,46.0,Bacharelado,Região Metropolitana,Remoto,Feminino,Branca,0.6090375636432809
CAND_04878,2.9,73.0,Bacharelado,Capitais,Presencial,Masculino,Branca,0.8025397068624849
CAND_04879,1.1,21.0,Bacharelado,Interior,Remoto,Masculino,Branca,0.324829107107584
CAND_04880,2.2,79.0,Mestrado,Capitais,Remoto,Masculino,Parda,0.7842799557207937
CAND_04881,4.4,78.0,Bacharelado,Capitais,Presencial,Masculino,Branca,0.6042571798764109
CAND_04882,6.4,44.0,Bacharelado,Capitais,Presencial,Feminino,Indígena,0.24092556827154557
CAND_04883,4.0,63.0,Bacharelado,Interior,Híbrido,Feminino,Preta,0.10188169391723677
CAND_04884,0.1,57.0,Doutorado,Região Metropolitana,Presencial,Masculino,Branca,0.7317409787073286
CAND_04885,6.4,13.0,Mestrado,Capitais,Híbrido,Feminino,Branca,0.40546736174166237
CAND_04886,8.8,48.0,Bacharelado,Região Metropolitana,Remoto,Masculino,Preta,0.4883815392608843
CAND_04887,3.0,31.0,Bacharelado,Capitais,Presencial,Masculino,Branca,0.5606580927415301
CAND_04888,10.0,30.0,Bacharelado,Capitais,Presencial,Masculino,Branca,0.6806096200740144
CAND_04889,7.6,46.0,Bacharelado,Capitais,Presencial,Masculino,Amarela,0.42178676383461877
CAND_04890,1.8,46.0,Mestrado,Região Metropolitana,Híbrido,Masculino,Branca,0.6644273868787364
CAND_04891,3.1,68.0,Bacharelado,Capitais,Híbrido,Masculino,Branca,0.6886520507888374
CAND_04892,4.1,39.0,Mestrado,Região Metropolitana,Remoto,Masculino,Branca,0.6517391318210283
CAND_04893,4.4,44.0,Bacharelado,Capitais,Híbrido,Masculino,Amarela,0.4009375127605499
CAND_04894,0.0,71.0,Bacharelado,Capitais,Híbrido,Masculino,Preta,0.49297267330467964
CAND_04895,2.7,47.0,Mestrado,Capitais,Híbrido,Masculino,Branca,0.7030708667241151
CAND_04896,3.3,42.0,Bacharelado,Capitais,Híbrido,Masculino,Branca,0.661034215538406
CAND_04897,10.7,63.0,Bacharelado,Região Metropolitana,Híbrido,Não-binário,Preta,0.2397517920074859
CAND_04898,5.7,58.0,Mestrado,Região Metropolitana,Híbrido,Feminino,Preta,0.21412009888740535
CAND_04899,2.6,51.0,Doutorado,Capitais,Híbrido,Masculino,Indígena,0.6373757506579139
CAND_04900,3.7,64.0,Bacharelado,Região Metropolitana,Híbrido,Feminino,Branca,0.3378054748255267
CAND_04901,6.3,31.0,Bacharelado,Capitais,Presencial,Masculino,Branca,0.7368134285688852
CAND_04902,3.9,41.0,Bacharelado,Capitais,Híbrido,Masculino,Branca,0.6309553046041486
CAND_04903,3.2,80.0,Bacharelado,Interior,Remoto,Masculino,Preta,0.2864580570928125
CAND_04904,3.3,4.0,Mestrado,Região Metropolitana,Remoto,Masculino,Branca,0.33197528505968
CAND_04905,6.4,40.0,Mestrado,Capitais,Remoto,Feminino,Branca,0.6390339076006655
CAND_04906,0.9,32.0,Doutorado,Capitais,Presencial,Feminino,Branca,0.22104300641383504
CAND_04907,1.7,51.0,Mestrado,Capitais,Presencial,Não-binário,Branca,0.48509649271415267
CAND_04908,2.2,59.0,Bacharelado,Capitais,Remoto,Feminino,Branca,0.4938902740730402
CAND_04909,1.7,67.0,Bacharelado,Região Metropolitana,Híbrido,Masculino,Branca,0.7156265022911852
CAND_04910,2.5,44.0,Bacharelado,Região Metropolitana,Híbrido,Masculino,Branca,0.46749591381757927
CAND_04911,7.7,36.0,Bacharelado,Região Metropolitana,Híbrido,Masculino,Branca,0.5807874949611159
CAND_04912,8.1,28.0,Ensino Médio,Capitais,Remoto,Masculino,Branca,0.6564911275013363
CAND_04913,5.8,51.0,Bacharelado,Capitais,Presencial,Masculino,Branca,0.7252411342538746
CAND_04914,5.6,82.0,Bacharelado,Capitais,Presencial,Feminino,Branca,0.7277558041387637
CAND_04915,3.0,41.0,Bacharelado,Capitais,Híbrido,Masculino,Branca,0.6195477758467998
CAND_04916,0.0,49.0,Bacharelado,Capitais,Remoto,Feminino,Branca,0.5356699135360924
CAND_04917,5.4,52.0,Bacharelado,Capitais,Híbrido,Feminino,Amarela,0.32987385545331216
CAND_04918,5.9,44.0,Bacharelado,Capitais,Presencial,Masculino,Branca,0.8564062529459312
CAND_04919,3.0,71.0,Bacharelado,Região Metropolitana,Híbrido,Masculino,Preta,0.6160231790644746
CAND_04920,1.8,68.0,Bacharelado,Região Metropolitana,Híbrido,Masculino,Amarela,0.6331606583437894
CAND_04921,1.2,62.0,Bacharelado,Região Metropolitana,Presencial,Feminino,Preta,0.09831902026428074
CAND_04922,5.5,64.0,Bacharelado,Região Metropolitana,Híbrido,Feminino,Amarela,0.437802673449824
CAND_04923,5.2,40.0,Bacharelado,Região Metropolitana,Híbrido,Feminino,Branca,0.41186565477870457
CAND_04924,8.6,33.0,Ensino Médio,Capitais,Remoto,Masculino,Parda,0.6023154109713318
CAND_04925,2.6,40.0,Bacharelado,Capitais,Híbrido,Masculino,Branca,0.6940757047318837
CAND_04926,4.1,54.0,Bacharelado,Capitais,Híbrido,Masculino,Branca,0.6626392042501249
CAND_04927,5.1,45.0,Ensino Médio,Região Metropolitana,Remoto,Masculino,Branca,0.41542261158253346
CAND_04928,3.4,59.0,Ensino Médio,Região Metropolitana,Híbrido,Masculino,Amarela,0.40648710695944884
CAND_04929,7.5,52.0,Bacharelado,Interior,Presencial,Feminino,Branca,0.5972338828822679
CAND_04930,8.7,30.0,Bacharelado,Região Metropolitana,Híbrido,Feminino,Branca,0.4091299532496762
CAND_04931,1.7,69.0,Bacharelado,Interior,Híbrido,Feminino,Branca,0.35235682960848147
CAND_04932,3.6,42.0,Mestrado,Capitais,Remoto,Masculino,Branca,0.7294780044749047
CAND_04933,9.0,62.0,Bacharelado,Capitais,Presencial,Masculino,Preta,0.5413715961222568
CAND_04934,6.0,37.0,Bacharelado,Região Metropolitana,Remoto,Masculino,Branca,0.5980508250210139
CAND_04935,5.4,37.0,Ensino Médio,Interior,Híbrido,Feminino,Branca,0.26866450090234795
CAND_04936,6.0,36.0,Bacharelado,Região Metropolitana,Presencial,Masculino,Branca,0.572646504677108
CAND_04937,7.0,29.0,Bacharelado,Interior,Presencial,Masculino,Branca,0.63700428024579
CAND_04938,6.2,29.0,Bacharelado,Capitais,Híbrido,Não-binário,Preta,0.35175902230880896
CAND_04939,5.6,56.0,Bacharelado,Capitais,Híbrido,Masculino,Preta,0.532044243691549
CAND_04940,5.0,36.0,Bacharelado,Capitais,Presencial,Masculino,Branca,0.5951292220793961
CAND_04941,9.0,55.0,Bacharelado,Capitais,Presencial,Masculino,Branca,0.8509097452235664
CAND_04942,4.2,52.0,Bacharelado,Capitais,Remoto,Masculino,Preta,0.32791663568299223
CAND_04943,5.0,63.0,Bacharelado,Interior,Presencial,Masculino,Indígena,0.31376922736163004
CAND_04944,9.7,35.0,Mestrado,Região Metropolitana,Híbrido,Feminino,Preta,0.2756105359881795
CAND_04945,6.0,66.0,Ensino Médio,Capitais,Híbrido,Masculino,Branca,0.8601033999066123
CAND_04946,4.8,36.0,Ensino Médio,Capitais,Presencial,Masculino,Branca,0.7308549479540984
CAND_04947,6.9,9.0,Mestrado,Região Metropolitana,Presencial,Feminino,Branca,0.41337711380987885
CAND_04948,5.7,53.0,Bacharelado,Interior,Híbrido,Masculino,Branca,0.6462167054246934
CAND_04949,2.8,37.0,Bacharelado,Capitais,Híbrido,Masculino,Branca,0.627310162001766
CAND_04950,5.7,72.0,Bacharelado,Capitais,Remoto,Feminino,Branca,0.5921160147166634
CAND_04951,2.6,55.0,Bacharelado,Capitais,Remoto,Feminino,Indígena,0.20172637475807909
CAND_04952,10.5,49.0,Bacharelado,Capitais,Híbrido,Masculino,Preta,0.6751818711520904
CAND_04953,5.7,53.0,Mestrado,Região Metropolitana,Presencial,Feminino,Branca,0.48370069334229265
CAND_04954,2.2,43.0,Bacharelado,Região Metropolitana,Híbrido,Masculino,Preta,0.39852735259625427
CAND_04955,3.8,75.0,Bacharelado,Interior,Híbrido,Não-binário,Branca,0.37254729465316966
CAND_04956,7.3,42.0,Mestrado,Região Metropolitana,Presencial,Feminino,Amarela,0.21843599845310746
CAND_04957,1.7,57.0,Bacharelado,Capitais,Híbrido,Masculino,Branca,0.5792902569522146
CAND_04958,13.2,38.0,Bacharelado,Capitais,Presencial,Feminino,Branca,0.5582278781696525
CAND_04959,0.6,50.0,Ensino Médio,Capitais,Presencial,Masculino,Branca,0.5730931807710457
CAND_04960,7.8,31.0,Bacharelado,Capitais,Remoto,Feminino,Branca,0.5981777329642769
CAND_04961,3.5,53.0,Bacharelado,Capitais,Híbrido,Feminino,Indígena,0.4029043806595584
CAND_04962,2.6,51.0,Bacharelado,Capitais,Presencial,Feminino,Parda,0.3266470688326909
CAND_04963,6.6,58.0,Bacharelado,Região Metropolitana,Híbrido,Masculino,Parda,0.5325930973044959
CAND_04964,3.6,57.0,Mestrado,Capitais,Presencial,Masculino,Branca,0.8172570649048752
CAND_04965,9.8,50.0,Bacharelado,Capitais,Presencial,Feminino,Branca,0.7896599215851757
CAND_04966,0.8,81.0,Bacharelado,Capitais,Remoto,Feminino,Branca,0.6358891924739237
CAND_04967,6.7,50.0,Bacharelado,Capitais,Híbrido,Masculino,Branca,0.9374162631779415
CAND_04968,4.2,51.0,Mestrado,Capitais,Remoto,Feminino,Parda,0.43810611460566695
CAND_04969,5.9,49.0,Bacharelado,Capitais,Remoto,Masculino,Branca,0.7137555140993638
CAND_04970,6.5,53.0,Mestrado,Capitais,Híbrido,Masculino,Branca,0.9249453625873845
CAND_04971,0.0,46.0,Bacharelado,Região Metropolitana,Presencial,Não-binário,Branca,0.12038175988657185
CAND_04972,5.7,44.0,Bacharelado,Capitais,Híbrido,Feminino,Branca,0.5282147757751103
CAND_04973,8.3,61.0,Bacharelado,Interior,Presencial,Feminino,Branca,0.4915504787101334
CAND_04974,6.4,49.0,Bacharelado,Capitais,Híbrido,Masculino,Preta,0.6137542616453739
CAND_04975,3.9,66.0,Mestrado,Capitais,Híbrido,Masculino,Preta,0.44513043686254794
CAND_04976,0.8,22.0,Bacharelado,Região Metropolitana,Híbrido,Masculino,Branca,0.43152583316584936
CAND_04977,6.5,73.0,Bacharelado,Capitais,Híbrido,Masculino,Branca,0.7539148926296644
CAND_04978,10.6,63.0,Bacharelado,Capitais,Presencial,Masculino,Branca,0.8532051662181621
CAND_04979,7.0,49.0,Bacharelado,Capitais,Presencial,Masculino,Indígena,0.46327256718058524
CAND_04980,8.5,49.0,Bacharelado,Capitais,Remoto,Masculino,Branca,0.8189354337294947
CAND_04981,7.8,60.0,Mestrado,Capitais,Remoto,Feminino,Parda,0.6128442614206596
CAND_04982,3.8,35.0,Mestrado,Região Metropolitana,Remoto,Feminino,Branca,0.38854563358848737
CAND_04983,5.3,51.0,Bacharelado,Capitais,Presencial,Feminino,Branca,0.538166878045408
CAND_04984,7.6,52.0,Mestrado,Capitais,Híbrido,Masculino,Branca,0.8539983616978959
CAND_04985,0.3,19.0,Bacharelado,Região Metropolitana,Presencial,Feminino,Branca,0.38058970551521404
CAND_04986,7.0,55.0,Mestrado,Capitais,Híbrido,Masculino,Branca,0.8003415903322244
CAND_04987,8.8,30.0,Bacharelado,Região Metropolitana,Remoto,Masculino,Branca,0.7791813359775914
CAND_04988,4.8,66.0,Mestrado,Interior,Híbrido,Não-binário,Branca,0.32871952410157246
CAND_04989,7.4,70.0,Bacharelado,Interior,Híbrido,Feminino,Branca,0.41589764341527785
CAND_04990,3.3,73.0,Mestrado,Capitais,Remoto,Feminino,Branca,0.7680913238240175
CAND_04991,5.1,45.0,Doutorado,Capitais,Presencial,Masculino,Preta,0.6538574438796149
CAND_04992,4.2,45.0,Mestrado,Capitais,Remoto,Feminino,Branca,0.3444415199467272
CAND_04993,6.4,20.0,Bacharelado,Região Metropolitana,Remoto,Feminino,Branca,0.13904380389372642
CAND_04994,4.7,60.0,Bacharelado,Capitais,Híbrido,Feminino,Branca,0.6848116081194899
CAND_04995,0.0,27.0,Bacharelado,Capitais,Híbrido,Feminino,Amarela,0.09501885088302722
CAND_04996,2.8,28.0,Mestrado,Região Metropolitana,Híbrido,Feminino,Preta,0.055104449885414825
CAND_04997,10.8,45.0,Bacharelado,Interior,Remoto,Masculino,Preta,0.42191029950096576
CAND_04998,6.7,33.0,Mestrado,Capitais,Híbrido,Masculino,Preta,0.4075674997562204
CAND_04999,0.0,36.0,Ensino Médio,Capitais,Remoto,Masculino,Branca,0.49453403663138606
CAND_05000,8.6,51.0,Bacharelado,Capitais,Presencial,Masculino,Branca,0.7468387136507078
CAND_05001,1.5,63.0,Bacharelado,Capitais,Presencial,Masculino,Amarela,0.44462829748176014
CAND_05002,7.7,58.0,Ensino Médio,Interior,Presencial,Não-binário,Branca,0.14337887216287906
CAND_05003,8.9,53.0,Ensino Médio,Capitais,Presencial,Feminino,Amarela,0.2369475631668853
CAND_05004,5.3,67.0,Bacharelado,Região Metropolitana,Híbrido,Masculino,Amarela,0.6347621190696545
CAND_05005,2.0,52.0,Bacharelado,Capitais,Híbrido,Feminino,Branca,0.5248581999424382
CAND_05006,2.9,42.0,Mestrado,Capitais,Híbrido,Masculino,Branca,0.6970965480167051
CAND_05007,6.9,38.0,Mestrado,Capitais,Híbrido,Masculino,Branca,0.8201456401079152
CAND_05008,1.6,58.0,Bacharelado,Capitais,Presencial,Masculino,Branca,0.6714647025262617
CAND_05009,3.3,33.0,Mestrado,Capitais,Remoto,Masculino,Indígena,0.32707726650246527
CAND_05010,6.5,55.0,Bacharelado,Capitais,Presencial,Masculino,Branca,0.6387530956669124
CAND_05011,3.0,44.0,Bacharelado,Região Metropolitana,Remoto,Masculino,Branca,0.634996176402808
CAND_05012,9.3,37.0,Bacharelado,Capitais,Remoto,Masculino,Branca,0.5596705257063413
CAND_05013,1.9,37.0,Mestrado,Capitais,Híbrido,Masculino,Branca,0.5556405449472841
CAND_05014,0.0,64.0,Doutorado,Capitais,Híbrido,Feminino,Amarela,0.2846781863774289
CAND_05015,2.7,37.0,Bacharelado,Região Metropolitana,Remoto,Masculino,Branca,0.5774803259476327
CAND_05016,5.9,46.0,Mestrado,Capitais,Remoto,Masculino,Preta,0.48169280331955056
CAND_05017,7.6,43.0,Bacharelado,Capitais,Presencial,Masculino,Branca,0.7426498509772074
CAND_05018,3.8,66.0,Bacharelado,Capitais,Híbrido,Feminino,Parda,0.5376896210367348
CAND_05019,4.2,73.0,Ensino Médio,Capitais,Presencial,Masculino,Parda,0.711774182399416
CAND_05020,4.9,64.0,Bacharelado,Capitais,Presencial,Masculino,Branca,0.8401706550205964
CAND_05021,10.2,44.0,Bacharelado,Região Metropolitana,Híbrido,Masculino,Indígena,0.596630009761521
CAND_05022,6.1,55.0,Bacharelado,Capitais,Presencial,Masculino,Branca,0.6428536812668184
CAND_05023,3.5,36.0,Ensino Médio,Capitais,Remoto,Masculino,Branca,0.4391506838699999
CAND_05024,11.2,53.0,Bacharelado,Região Metropolitana,Híbrido,Feminino,Preta,0.3761649552699697
CAND_05025,5.0,24.0,Ensino Médio,Capitais,Híbrido,Masculino,Branca,0.5352120535321948
CAND_05026,0.0,54.0,Mestrado,Capitais,Híbrido,Feminino,Branca,0.46441607617777064
CAND_05027,0.8,49.0,Bacharelado,Capitais,Presencial,Feminino,Indígena,0.19584058325499276
CAND_05028,6.7,57.0,Bacharelado,Interior,Presencial,Feminino,Branca,0.40498283921170475
CAND_05029,0.0,50.0,Bacharelado,Interior,Híbrido,Masculino,Parda,0.24782145264858216
CAND_05030,6.5,63.0,Mestrado,Região Metropolitana,Presencial,Feminino,Preta,0.19134249487578972
CAND_05031,2.7,39.0,Mestrado,Capitais,Híbrido,Masculino,Amarela,0.7529061841370462
CAND_05032,8.5,61.0,Mestrado,Capitais,Híbrido,Não-binário,Branca,0.39810002942108624
CAND_05033,5.5,57.0,Bacharelado,Região Metropolitana,Híbrido,Feminino,Branca,0.3835254914355395
CAND_05034,0.1,66.0,Bacharelado,Capitais,Remoto,Masculino,Parda,0.4983489405112129
CAND_05035,7.7,67.0,Bacharelado,Região Metropolitana,Híbrido,Não-binário,Parda,0.35429183318249385
CAND_05036,9.1,36.0,Mestrado,Região Metropolitana,Híbrido,Masculino,Preta,0.429158297901131
CAND_05037,1.2,58.0,Bacharelado,Capitais,Remoto,Feminino,Branca,0.3242998898480147
CAND_05038,2.6,33.0,Mestrado,Região Metropolitana,Híbrido,Feminino,Branca,0.4536619436603215
CAND_05039,6.5,67.0,Bacharelado,Capitais,Remoto,Masculino,Branca,0.8057226259034899
CAND_05040,7.0,37.0,Bacharelado,Interior,Presencial,Feminino,Parda,0.33283172911696435
CAND_05041,12.1,44.0,Bacharelado,Capitais,Remoto,Feminino,Amarela,0.4425722312166913
CAND_05042,7.7,53.0,Bacharelado,Região Metropolitana,Presencial,Masculino,Preta,0.3953721967449118
CAND_05043,12.2,61.0,Bacharelado,Capitais,Híbrido,Masculino,Branca,0.8089731181159754
CAND_05044,5.1,56.0,Bacharelado,Capitais,Híbrido,Masculino,Amarela,0.6574907727313383
CAND_05045,6.2,61.0,Mestrado,Capitais,Presencial,Masculino,Branca,0.8293284076265195
CAND_05046,3.3,50.0,Bacharelado,Capitais,Híbrido,Masculino,Branca,0.6780824019860937
CAND_05047,3.4,54.0,Bacharelado,Região Metropolitana,Híbrido,Masculino,Preta,0.3938311321864787
CAND_05048,5.4,23.0,Bacharelado,Capitais,Presencial,Masculino,Branca,0.6087241910297023
CAND_05049,3.3,65.0,Bacharelado,Região Metropolitana,Remoto,Masculino,Branca,0.530871452644784
CAND_05050,0.0,46.0,Doutorado,Região Metropolitana,Presencial,Masculino,Indígena,0.5213819304274461
CAND_05051,3.0,44.0,Mestrado,Capitais,Híbrido,Masculino,Branca,0.9422566954452621
CAND_05052,8.2,79.0,Bacharelado,Capitais,Remoto,Feminino,Amarela,0.4869819490125327
CAND_05053,5.2,9.0,Ensino Médio,Região Metropolitana,Presencial,Feminino,Amarela,0.213163907109571
CAND_05054,5.2,51.0,Bacharelado,Capitais,Remoto,Masculino,Branca,0.7224417595482163
CAND_05055,2.7,16.0,Bacharelado,Capitais,Híbrido,Feminino,Preta,0.09827200197721173
CAND_05056,6.0,55.0,Bacharelado,Região Metropolitana,Remoto,Masculino,Branca,0.7223013574790317
CAND_05057,10.0,40.0,Bacharelado,Interior,Presencial,Masculino,Branca,0.4160468268547377
CAND_05058,9.2,6.0,Bacharelado,Região Metropolitana,Remoto,Feminino,Branca,0.20681650168602256
CAND_05059,6.1,66.0,Bacharelado,Região Metropolitana,Híbrido,Feminino,Branca,0.5181715742540477
CAND_05060,2.4,31.0,Mestrado,Região Metropolitana,Remoto,Feminino,Preta,0.2950612300310471
CAND_05061,10.3,64.0,Bacharelado,Região Metropolitana,Presencial,Feminino,Branca,0.5657588040171349
CAND_05062,8.2,35.0,Bacharelado,Capitais,Híbrido,Feminino,Branca,0.5560060097655052
CAND_05063,0.6,43.0,Mestrado,Região Metropolitana,Híbrido,Feminino,Branca,0.2905495063326346
CAND_05064,0.0,16.0,Bacharelado,Capitais,Híbrido,Masculino,Branca,0.5588108409813963
CAND_05065,0.7,56.0,Bacharelado,Interior,Remoto,Masculino,Indígena,0.19083290427948826
CAND_05066,3.5,41.0,Bacharelado,Capitais,Remoto,Masculino,Branca,0.7420896197357809
CAND_05067,7.7,45.0,Bacharelado,Capitais,Presencial,Feminino,Branca,0.5300059977363781
CAND_05068,7.6,49.0,Bacharelado,Capitais,Presencial,Masculino,Branca,0.7292850393870567
CAND_05069,6.0,25.0,Ensino Médio,Região Metropolitana,Remoto,Feminino,Branca,0.38908765398370365
CAND_05070,4.6,60.0,Bacharelado,Região Metropolitana,Híbrido,Feminino,Branca,0.6169528685009945
CAND_05071,12.1,42.0,Ensino Médio,Região Metropolitana,Presencial,Feminino,Branca,0.35399738933569064
CAND_05072,5.1,84.0,Bacharelado,Região Metropolitana,Presencial,Masculino,Preta,0.6067134658315503
CAND_05073,4.7,43.0,Bacharelado,Capitais,Presencial,Feminino,Branca,0.30039230741881356
CAND_05074,3.5,44.0,Ensino Médio,Capitais,Presencial,Masculino,Branca,0.5290378190834707
CAND_05075,11.6,30.0,Mestrado,Região Metropolitana,Híbrido,Masculino,Amarela,0.30001129250164166
CAND_05076,7.2,26.0,Bacharelado,Capitais,Híbrido,Feminino,Preta,0.1711133424361409
CAND_05077,1.9,63.0,Bacharelado,Região Metropolitana,Presencial,Masculino,Preta,0.4101031913935054
CAND_05078,1.5,66.0,Bacharelado,Capitais,Presencial,Masculino,Amarela,0.589949402437905
CAND_05079,0.0,42.0,Ensino Médio,Capitais,Remoto,Feminino,Preta,0.09979283185008325
CAND_05080,4.7,52.0,Bacharelado,Capitais,Remoto,Masculino,Preta,0.4573465513397479
CAND_05081,0.5,69.0,Bacharelado,Interior,Presencial,Feminino,Amarela,0.2289069004450782
CAND_05082,1.5,54.0,Mestrado,Capitais,Presencial,Feminino,Preta,0.38062886972085336
CAND_05083,8.2,57.0,Mestrado,Capitais,Remoto,Masculino,Preta,0.6969229566821494
CAND_05084,7.7,51.0,Ensino Médio,Capitais,Híbrido,Masculino,Branca,0.9163930179616699
CAND_05085,9.5,40.0,Bacharelado,Capitais,Híbrido,Feminino,Branca,0.496630945083777
CAND_05086,0.6,56.0,Ensino Médio,Capitais,Híbrido,Feminino,Branca,0.5138935500588743
CAND_05087,2.0,78.0,Bacharelado,Região Metropolitana,Híbrido,Masculino,Parda,0.5052866903309071
CAND_05088,3.1,42.0,Bacharelado,Interior,Híbrido,Masculino,Branca,0.35539717149979283
CAND_05089,9.9,63.0,Bacharelado,Capitais,Híbrido,Feminino,Branca,0.6486441388775283
CAND_05090,5.2,53.0,Bacharelado,Região Metropolitana,Híbrido,Masculino,Branca,0.6181326865745488
CAND_05091,10.5,41.0,Ensino Médio,Região Metropolitana,Híbrido,Feminino,Preta,0.29453835759986324
CAND_05092,6.9,63.0,Mestrado,Interior,Remoto,Feminino,Branca,0.5357231318772864
CAND_05093,4.7,62.0,Bacharelado,Capitais,Presencial,Masculino,Branca,0.8996370619201451
CAND_05094,6.7,59.0,Doutorado,Região Metropolitana,Remoto,Masculino,Branca,0.8743095068018896
CAND_05095,0.0,76.0,Doutorado,Interior,Remoto,Masculino,Branca,0.7010052106160154
CAND_05096,0.0,78.0,Bacharelado,Capitais,Presencial,Masculino,Branca,0.5983660809512721
CAND_05097,5.8,51.0,Bacharelado,Capitais,Presencial,Masculino,Preta,0.44463195432073804
CAND_05098,5.0,48.0,Bacharelado,Região Metropolitana,Presencial,Masculino,Branca,0.7347119377097793
CAND_05099,10.8,29.0,Bacharelado,Capitais,Presencial,Feminino,Branca,0.8257999632498123
CAND_05100,0.9,73.0,Bacharelado,Capitais,Híbrido,Feminino,Branca,0.4258135203257095
CAND_05101,6.1,49.0,Bacharelado,Capitais,Presencial,Feminino,Branca,0.6357432787615469
CAND_05102,7.1,41.0,Bacharelado,Capitais,Remoto,Masculino,Branca,0.7076436102029666
CAND_05103,6.0,36.0,Ensino Médio,Capitais,Remoto,Masculino,Branca,0.6259109745681505
CAND_05104,8.3,36.0,Bacharelado,Capitais,Presencial,Masculino,Branca,0.6280602673038728
CAND_05105,3.1,76.0,Ensino Médio,Capitais,Híbrido,Masculino,Branca,0.6681887488963463
CAND_05106,7.5,63.0,Mestrado,Região Metropolitana,Presencial,Masculino,Indígena,0.6428975152293677
CAND_05107,6.7,28.0,Ensino Médio,Capitais,Híbrido,Feminino,Branca,0.4843950822357114
CAND_05108,8.5,28.0,Bacharelado,Capitais,Híbrido,Masculino,Indígena,0.6828536247750646
CAND_05109,3.5,52.0,Bacharelado,Capitais,Remoto,Masculino,Branca,0.6297381009717151
CAND_05110,1.4,35.0,Bacharelado,Capitais,Remoto,Feminino,Branca,0.31280892981486824
CAND_05111,3.1,46.0,Ensino Médio,Capitais,Híbrido,Feminino,Amarela,0.2712804413203065
CAND_05112,1.8,73.0,Mestrado,Capitais,Remoto,Não-binário,Branca,0.5032712837853344
CAND_05113,3.3,66.0,Bacharelado,Região Metropolitana,Remoto,Feminino,Branca,0.5870482130605414
CAND_05114,4.0,24.0,Bacharelado,Capitais,Presencial,Feminino,Branca,0.4396707196667832
CAND_05115,2.3,35.0,Bacharelado,Região Metropolitana,Híbrido,Feminino,Branca,0.27686477104706664
CAND_05116,5.0,54.0,Mestrado,Capitais,Híbrido,Masculino,Preta,0.6083722478013643
CAND_05117,1.5,67.0,Ensino Médio,Região Metropolitana,Híbrido,Masculino,Indígena,0.4978472665435796
CAND_05118,4.8,38.0,Bacharelado,Região Metropolitana,Remoto,Feminino,Branca,0.3754235568444807
CAND_05119,3.5,56.0,Bacharelado,Região Metropolitana,Híbrido,Masculino,Branca,0.6904542032092227
CAND_05120,4.6,43.0,Doutorado,Região Metropolitana,Híbrido,Masculino,Indígena,0.46495757113450065
CAND_05121,6.2,76.0,Ensino Médio,Capitais,Presencial,Masculino,Branca,0.7374835556225056
CAND_05122,3.7,59.0,Ensino Médio,Capitais,Híbrido,Feminino,Branca,0.5387317903112223
CAND_05123,2.7,47.0,Mestrado,Capitais,Presencial,Feminino,Indígena,0.3149886413059779
CAND_05124,3.0,28.0,Mestrado,Capitais,Remoto,Não-binário,Preta,0.167089435705061
CAND_05125,8.1,34.0,Mestrado,Capitais,Remoto,Feminino,Branca,0.4024986665155593
CAND_05126,8.8,12.0,Bacharelado,Região Metropolitana,Híbrido,Masculino,Branca,0.5678617732954523
CAND_05127,3.5,54.0,Bacharelado,Capitais,Presencial,Masculino,Branca,0.710374836171235
CAND_05128,4.5,60.0,Bacharelado,Capitais,Presencial,Masculino,Branca,0.6678424929400819
CAND_05129,0.0,61.0,Bacharelado,Região Metropolitana,Presencial,Masculino,Branca,0.6052155602615883
CAND_05130,4.5,41.0,Doutorado,Capitais,Híbrido,Masculino,Branca,0.7763757639442601
CAND_05131,0.6,69.0,Bacharelado,Região Metropolitana,Remoto,Feminino,Branca,0.3353956808918771
CAND_05132,3.5,74.0,Ensino Médio,Capitais,Presencial,Feminino,Branca,0.23248094802764113
CAND_05133,8.2,40.0,Bacharelado,Capitais,Remoto,Masculino,Amarela,0.4331700419875131
CAND_05134,0.5,68.0,Doutorado,Região Metropolitana,Híbrido,Masculino,Preta,0.2714569858971771
CAND_05135,2.3,52.0,Bacharelado,Capitais,Híbrido,Masculino,Indígena,0.5766055690833338
CAND_05136,2.3,42.0,Bacharelado,Região Metropolitana,Remoto,Feminino,Parda,0.4272429268701955
CAND_05137,0.0,68.0,Bacharelado,Capitais,Remoto,Masculino,Branca,0.5546862455293693
CAND_05138,7.6,32.0,Ensino Médio,Região Metropolitana,Remoto,Masculino,Preta,0.22369714802213414
CAND_05139,5.8,28.0,Bacharelado,Interior,Híbrido,Masculino,Branca,0.4405505385127441
CAND_05140,10.4,44.0,Mestrado,Região Metropolitana,Remoto,Feminino,Branca,0.517228491791769
CAND_05141,2.0,47.0,Bacharelado,Capitais,Híbrido,Masculino,Branca,0.5528355830759913
CAND_05142,0.0,25.0,Mestrado,Capitais,Presencial,Masculino,Preta,0.12777560061901602
CAND_05143,7.8,57.0,Mestrado,Capitais,Remoto,Masculino,Branca,0.8285603363875422
CAND_05144,3.9,38.0,Bacharelado,Interior,Híbrido,Masculino,Parda,0.3379387369903389
CAND_05145,3.6,30.0,Mestrado,Capitais,Híbrido,Masculino,Branca,0.4844858815732853
CAND_05146,9.4,60.0,Mestrado,Capitais,Híbrido,Masculino,Branca,0.8290228296879514
CAND_05147,5.5,44.0,Bacharelado,Interior,Presencial,Feminino,Preta,0.09926688896109676
CAND_05148,7.7,66.0,Bacharelado,Região Metropolitana,Híbrido,Masculino,Parda,0.6954926299543311
CAND_05149,3.1,57.0,Bacharelado,Região Metropolitana,Remoto,Masculino,Amarela,0.49027125657957243
CAND_05150,2.8,47.0,Bacharelado,Capitais,Presencial,Feminino,Branca,0.6379575452153186
CAND_05151,3.9,66.0,Bacharelado,Capitais,Remoto,Masculino,Branca,0.7369659391162624
CAND_05152,7.0,56.0,Mestrado,Capitais,Presencial,Masculino,Branca,0.9542490438358233
CAND_05153,5.2,50.0,Bacharelado,Região Metropolitana,Remoto,Não-binário,Preta,0.01205773531134871
CAND_05154,6.4,58.0,Mestrado,Capitais,Híbrido,Feminino,Branca,0.2778701318145077
CAND_05155,0.0,58.0,Bacharelado,Capitais,Remoto,Feminino,Amarela,0.14708047360659998
CAND_05156,0.0,34.0,Doutorado,Capitais,Híbrido,Masculino,Branca,0.59510964275598
CAND_05157,0.0,85.0,Bacharelado,Capitais,Híbrido,Feminino,Preta,0.16977017940202646
CAND_05158,3.9,51.0,Bacharelado,Região Metropolitana,Híbrido,Masculino,Preta,0.44364962389262286
CAND_05159,0.8,51.0,Bacharelado,Interior,Híbrido,Feminino,Branca,0.20787641420430336
CAND_05160,10.1,24.0,Bacharelado,Capitais,Remoto,Masculino,Branca,0.6804017451897721
CAND_05161,4.9,52.0,Mestrado,Capitais,Remoto,Feminino,Branca,0.5521251489084185
CAND_05162,5.7,53.0,Bacharelado,Região Metropolitana,Híbrido,Masculino,Preta,0.5474654888170003
CAND_05163,1.7,33.0,Mestrado,Capitais,Presencial,Masculino,Branca,0.554395582949575
CAND_05164,1.6,34.0,Bacharelado,Capitais,Híbrido,Feminino,Branca,0.31854242919959574
CAND_05165,9.7,37.0,Bacharelado,Região Metropolitana,Híbrido,Feminino,Amarela,0.4147717471389726
CAND_05166,10.3,46.0,Bacharelado,Capitais,Remoto,Feminino,Branca,0.7369496240829851
CAND_05167,6.2,53.0,Mestrado,Região Metropolitana,Remoto,Masculino,Branca,0.882509059150616
CAND_05168,0.0,47.0,Doutorado,Capitais,Presencial,Não-binário,Branca,0.5795095713639709
CAND_05169,3.7,55.0,Bacharelado,Capitais,Presencial,Feminino,Branca,0.26056032887782277
CAND_05170,5.9,60.0,Bacharelado,Região Metropolitana,Híbrido,Feminino,Indígena,0.25969484966181655
CAND_05171,4.3,58.0,Bacharelado,Capitais,Presencial,Masculino,Branca,0.9230481572335474
CAND_05172,0.0,55.0,Bacharelado,Capitais,Híbrido,Masculino,Preta,0.42663555372812256
CAND_05173,10.5,54.0,Bacharelado,Capitais,Presencial,Masculino,Branca,1.0
CAND_05174,2.5,54.0,Ensino Médio,Capitais,Híbrido,Feminino,Branca,0.5059616962225741
CAND_05175,1.0,48.0,Bacharelado,Capitais,Remoto,Masculino,Branca,0.6641748268712272
CAND_05176,4.9,40.0,Bacharelado,Capitais,Remoto,Masculino,Amarela,0.5136364392245558
CAND_05177,8.6,49.0,Mestrado,Capitais,Remoto,Masculino,Indígena,0.652722928849832
CAND_05178,6.5,60.0,Bacharelado,Capitais,Remoto,Masculino,Branca,0.773949003163216
CAND_05179,1.1,60.0,Bacharelado,Capitais,Remoto,Masculino,Branca,0.5493948068927367
CAND_05180,0.6,58.0,Mestrado,Capitais,Remoto,Feminino,Branca,0.438908443211992
CAND_05181,0.0,43.0,Bacharelado,Capitais,Presencial,Feminino,Branca,0.32836882904903564
CAND_05182,4.1,47.0,Bacharelado,Capitais,Presencial,Masculino,Branca,0.7073530257550129
CAND_05183,3.6,47.0,Ensino Médio,Região Metropolitana,Remoto,Feminino,Preta,0.18265844242393353
CAND_05184,6.5,41.0,Bacharelado,Região Metropolitana,Presencial,Feminino,Preta,0.28838306234811084
CAND_05185,2.9,63.0,Mestrado,Região Metropolitana,Híbrido,Masculino,Branca,0.9005979537010932
CAND_05186,7.9,22.0,Ensino Médio,Capitais,Presencial,Masculino,Branca,0.6905808194647958
CAND_05187,7.0,80.0,Bacharelado,Capitais,Remoto,Masculino,Branca,0.9390924993465242
CAND_05188,2.8,81.0,Mestrado,Capitais,Presencial,Masculino,Branca,0.6971627783466726
CAND_05189,6.2,51.0,Bacharelado,Capitais,Híbrido,Não-binário,Preta,0.06688282006229554
CAND_05190,9.0,56.0,Bacharelado,Capitais,Presencial,Feminino,Preta,0.39026885972936043
CAND_05191,2.1,63.0,Mestrado,Interior,Presencial,Feminino,Preta,0.11367928945955424
CAND_05192,4.4,39.0,Bacharelado,Interior,Presencial,Masculino,Branca,0.5086506549093494
CAND_05193,4.3,59.0,Bacharelado,Capitais,Híbrido,Feminino,Branca,0.4125217313496002
CAND_05194,3.9,70.0,Bacharelado,Região Metropolitana,Presencial,Masculino,Branca,0.7089155568144091
CAND_05195,7.4,23.0,Bacharelado,Capitais,Remoto,Feminino,Branca,0.3904787135701791
CAND_05196,7.6,28.0,Bacharelado,Capitais,Híbrido,Masculino,Branca,0.7101870507019162
CAND_05197,6.2,61.0,Doutorado,Região Metropolitana,Presencial,Masculino,Branca,0.8781546899928165
CAND_05198,6.1,46.0,Ensino Médio,Capitais,Híbrido,Feminino,Preta,0.23806869589003493
CAND_05199,3.3,44.0,Bacharelado,Capitais,Remoto,Feminino,Branca,0.3294726653576046
CAND_05200,6.0,45.0,Bacharelado,Capitais,Remoto,Masculino,Branca,0.686200749724793
CAND_05201,1.1,33.0,Bacharelado,Região Metropolitana,Híbrido,Feminino,Parda,0.42317444659705333
CAND_05202,12.4,44.0,Ensino Médio,Região Metropolitana,Híbrido,Feminino,Parda,0.4232581302095836
CAND_05203,9.1,30.0,Bacharelado,Capitais,Remoto,Feminino,Amarela,0.23463072255647932
CAND_05204,7.9,70.0,Bacharelado,Capitais,Híbrido,Masculino,Branca,0.9153393212213753
CAND_05205,6.2,52.0,Bacharelado,Capitais,Remoto,Masculino,Branca,0.6760373308742388
CAND_05206,6.2,52.0,Bacharelado,Capitais,Híbrido,Masculino,Preta,0.39210398850442224
CAND_05207,0.0,60.0,Bacharelado,Capitais,Híbrido,Masculino,Parda,0.5211560983886099
CAND_05208,1.2,92.0,Ensino Médio,Capitais,Remoto,Masculino,Branca,0.8389948130757752
CAND_05209,1.6,34.0,Bacharelado,Região Metropolitana,Remoto,Masculino,Preta,0.2488599534686431
CAND_05210,5.2,22.0,Ensino Médio,Região Metropolitana,Presencial,Feminino,Branca,0.37303049528931154
CAND_05211,4.2,50.0,Bacharelado,Capitais,Remoto,Masculino,Branca,0.8022361683572581
CAND_05212,7.4,23.0,Bacharelado,Região Metropolitana,Presencial,Masculino,Branca,0.5466438502639124
CAND_05213,2.1,45.0,Bacharelado,Capitais,Remoto,Masculino,Branca,0.606065045671498
CAND_05214,8.1,63.0,Ensino Médio,Capitais,Presencial,Masculino,Branca,0.7405233799168022
CAND_05215,2.5,73.0,Ensino Médio,Capitais,Remoto,Masculino,Preta,0.3623061462505198
CAND_05216,3.7,27.0,Bacharelado,Capitais,Presencial,Masculino,Branca,0.6822990475705935
CAND_05217,7.7,36.0,Mestrado,Capitais,Presencial,Masculino,Preta,0.45572545989061125
CAND_05218,6.5,55.0,Mestrado,Capitais,Presencial,Feminino,Branca,0.49624199157136833
CAND_05219,1.2,61.0,Bacharelado,Região Metropolitana,Remoto,Masculino,Branca,0.7888353864708159
CAND_05220,8.2,62.0,Mestrado,Capitais,Presencial,Feminino,Branca,0.6392414994530339
CAND_05221,5.3,72.0,Mestrado,Capitais,Remoto,Feminino,Preta,0.3878056637627816
CAND_05222,0.0,61.0,Bacharelado,Interior,Híbrido,Não-binário,Branca,0.18644452644044213
CAND_05223,2.5,48.0,Bacharelado,Região Metropolitana,Remoto,Feminino,Preta,0.027044119482130743
CAND_05224,3.8,66.0,Mestrado,Capitais,Remoto,Masculino,Branca,0.6407079320519021
CAND_05225,1.5,51.0,Bacharelado,Capitais,Remoto,Feminino,Branca,0.5204960211458722
CAND_05226,9.0,54.0,Bacharelado,Capitais,Híbrido,Masculino,Branca,0.7394493440863523
CAND_05227,3.9,43.0,Bacharelado,Capitais,Híbrido,Masculino,Branca,0.4388879228770524
CAND_05228,6.4,52.0,Mestrado,Capitais,Híbrido,Masculino,Branca,0.7042481477709716
CAND_05229,5.6,26.0,Bacharelado,Capitais,Presencial,Masculino,Branca,0.5874642445947035
CAND_05230,7.1,66.0,Bacharelado,Capitais,Híbrido,Masculino,Branca,0.7317504736854691
CAND_05231,10.0,35.0,Bacharelado,Capitais,Híbrido,Feminino,Preta,0.33969193607457515
CAND_05232,7.0,37.0,Bacharelado,Capitais,Híbrido,Masculino,Amarela,0.44583141204974364
CAND_05233,10.2,15.0,Bacharelado,Região Metropolitana,Presencial,Masculino,Amarela,0.49980564875235695
CAND_05234,7.1,38.0,Bacharelado,Capitais,Remoto,Masculino,Preta,0.5304500203208193
CAND_05235,5.4,36.0,Mestrado,Capitais,Remoto,Masculino,Branca,0.6016312872142648
CAND_05236,6.0,53.0,Bacharelado,Região Metropolitana,Híbrido,Masculino,Branca,0.6090247183928602
CAND_05237,0.0,31.0,Bacharelado,Interior,Híbrido,Masculino,Branca,0.4795792914646795
CAND_05238,3.6,43.0,Bacharelado,Capitais,Remoto,Masculino,Branca,0.6724388958784693
CAND_05239,4.6,40.0,Bacharelado,Capitais,Presencial,Feminino,Amarela,0.32161356872261576
CAND_05240,6.3,24.0,Bacharelado,Região Metropolitana,Híbrido,Masculino,Branca,0.6419311615395631
CAND_05241,4.9,54.0,Mestrado,Região Metropolitana,Presencial,Masculino,Branca,0.6459469315629899
CAND_05242,6.0,47.0,Doutorado,Interior,Híbrido,Masculino,Preta,0.6575956321762599
CAND_05243,1.0,51.0,Bacharelado,Capitais,Híbrido,Masculino,Branca,0.7225130181695761
CAND_05244,0.3,62.0,Ensino Médio,Capitais,Remoto,Masculino,Parda,0.5116059415261203
CAND_05245,1.5,50.0,Bacharelado,Interior,Remoto,Feminino,Branca,0.38346970298728517
CAND_05246,9.7,45.0,Mestrado,Capitais,Híbrido,Masculino,Branca,0.8125842054804555
CAND_05247,1.2,64.0,Bacharelado,Capitais,Remoto,Masculino,Branca,0.6921108794916467
CAND_05248,2.6,45.0,Mestrado,Região Metropolitana,Híbrido,Masculino,Branca,0.5700067553852737
CAND_05249,5.3,42.0,Bacharelado,Capitais,Híbrido,Feminino,Preta,0.13530664006143633
CAND_05250,0.2,60.0,Bacharelado,Região Metropolitana,Presencial,Masculino,Indígena,0.5214059841659299
CAND_05251,2.4,38.0,Mestrado,Região Metropolitana,Presencial,Masculino,Branca,0.5302585093461784
CAND_05252,7.0,68.0,Bacharelado,Capitais,Remoto,Feminino,Branca,0.5343957394527995
CAND_05253,3.7,52.0,Mestrado,Capitais,Presencial,Masculino,Branca,0.7000830329855484
CAND_05254,10.1,74.0,Bacharelado,Interior,Híbrido,Não-binário,Parda,0.3402827522779103
CAND_05255,0.0,49.0,Mestrado,Capitais,Híbrido,Masculino,Preta,0.40110362209599293
CAND_05256,4.0,64.0,Bacharelado,Capitais,Presencial,Feminino,Branca,0.4842470856348774
CAND_05257,3.7,25.0,Mestrado,Capitais,Remoto,Masculino,Branca,0.7238842584684724
CAND_05258,5.0,69.0,Bacharelado,Região Metropolitana,Presencial,Masculino,Branca,0.8288144703501857
CAND_05259,1.3,60.0,Bacharelado,Região Metropolitana,Remoto,Masculino,Branca,0.6144737040291228
CAND_05260,3.3,40.0,Ensino Médio,Capitais,Remoto,Masculino,Branca,0.49243514248389336
CAND_05261,7.4,63.0,Ensino Médio,Capitais,Remoto,Masculino,Branca,0.7295980492972362
CAND_05262,4.2,31.0,Bacharelado,Região Metropolitana,Presencial,Feminino,Branca,0.3210758774294489
CAND_05263,1.8,43.0,Bacharelado,Região Metropolitana,Híbrido,Masculino,Amarela,0.5161631584710257
CAND_05264,11.2,37.0,Ensino Médio,Interior,Remoto,Masculino,Branca,0.5385850172035118
CAND_05265,5.1,64.0,Bacharelado,Região Metropolitana,Híbrido,Masculino,Branca,0.7307776498706224
CAND_05266,6.8,69.0,Doutorado,Capitais,Híbrido,Não-binário,Branca,0.7265819629299308
CAND_05267,7.3,43.0,Bacharelado,Região Metropolitana,Híbrido,Masculino,Branca,0.8131959490859276
CAND_05268,4.8,31.0,Bacharelado,Capitais,Presencial,Masculino,Branca,0.5847182891854623
CAND_05269,2.6,35.0,Bacharelado,Capitais,Remoto,Masculino,Indígena,0.29520653220412296
CAND_05270,5.6,51.0,Bacharelado,Região Metropolitana,Presencial,Feminino,Branca,0.4783063103661645
CAND_05271,2.9,50.0,Bacharelado,Capitais,Presencial,Feminino,Branca,0.5714225360805429
CAND_05272,6.1,45.0,Mestrado,Capitais,Híbrido,Feminino,Branca,0.5903278406041801
CAND_05273,4.5,38.0,Doutorado,Capitais,Presencial,Masculino,Branca,0.687071854558493
CAND_05274,8.1,74.0,Mestrado,Capitais,Presencial,Feminino,Branca,0.6742594372121595
CAND_05275,1.6,41.0,Ensino Médio,Região Metropolitana,Presencial,Masculino,Preta,0.16020704931989538
CAND_05276,7.2,38.0,Bacharelado,Região Metropolitana,Remoto,Masculino,Branca,0.6231866850205169
CAND_05277,6.8,67.0,Bacharelado,Região Metropolitana,Presencial,Feminino,Branca,0.46702448125697427
CAND_05278,4.3,46.0,Mestrado,Interior,Presencial,Masculino,Parda,0.5590233166101761
CAND_05279,7.2,58.0,Mestrado,Capitais,Híbrido,Feminino,Branca,0.676007521183916
CAND_05280,6.3,37.0,Mestrado,Capitais,Híbrido,Masculino,Branca,0.7325444193575356
CAND_05281,7.0,58.0,Bacharelado,Interior,Híbrido,Masculino,Parda,0.659676575210624
CAND_05282,6.8,61.0,Bacharelado,Região Metropolitana,Híbrido,Masculino,Branca,0.8527375593791179
CAND_05283,5.2,33.0,Bacharelado,Capitais,Remoto,Masculino,Amarela,0.5801285400305302
CAND_05284,3.2,42.0,Bacharelado,Região Metropolitana,Presencial,Não-binário,Branca,0.3448133854026849
CAND_05285,3.2,36.0,Mestrado,Capitais,Remoto,Masculino,Branca,0.603672212591528
CAND_05286,4.4,42.0,Ensino Médio,Capitais,Presencial,Masculino,Branca,0.38664247465566937
CAND_05287,7.5,74.0,Mestrado,Capitais,Híbrido,Masculino,Preta,0.6004709438470657
CAND_05288,6.9,54.0,Mestrado,Capitais,Remoto,Feminino,Preta,0.2264609961608225
CAND_05289,8.0,79.0,Bacharelado,Região Metropolitana,Híbrido,Masculino,Indígena,0.6787618539938413
CAND_05290,8.3,72.0,Mestrado,Capitais,Presencial,Feminino,Branca,0.7852157476933396
CAND_05291,4.3,67.0,Mestrado,Capitais,Remoto,Masculino,Parda,0.8282363899375356
CAND_05292,10.9,72.0,Bacharelado,Capitais,Remoto,Feminino,Branca,0.7885838596960792
CAND_05293,4.7,67.0,Mestrado,Capitais,Híbrido,Feminino,Preta,0.21304070929075167
CAND_05294,3.5,76.0,Bacharelado,Região Metropolitana,Híbrido,Não-binário,Branca,0.3266693638837158
CAND_05295,6.0,58.0,Bacharelado,Capitais,Híbrido,Masculino,Parda,0.8305536849930972
CAND_05296,6.5,60.0,Bacharelado,Interior,Híbrido,Masculino,Preta,0.167637830817026
CAND_05297,2.8,60.0,Bacharelado,Capitais,Presencial,Feminino,Preta,0.3157751194017365
CAND_05298,4.5,43.0,Mestrado,Região Metropolitana,Híbrido,Masculino,Branca,0.6429853295149911
CAND_05299,3.7,63.0,Bacharelado,Capitais,Presencial,Feminino,Branca,0.492492654298287
CAND_05300,5.4,69.0,Bacharelado,Capitais,Híbrido,Feminino,Branca,0.603644025044119
CAND_05301,7.4,41.0,Bacharelado,Capitais,Híbrido,Feminino,Preta,0.4429583207362643
CAND_05302,4.2,37.0,Bacharelado,Capitais,Presencial,Feminino,Indígena,0.2025786602309444
CAND_05303,6.7,42.0,Bacharelado,Capitais,Remoto,Masculino,Branca,0.6618543462482342
CAND_05304,0.8,70.0,Mestrado,Região Metropolitana,Híbrido,Masculino,Branca,0.808339396231587
CAND_05305,7.7,46.0,Mestrado,Interior,Presencial,Masculino,Branca,0.5501824400440234
CAND_05306,3.6,33.0,Bacharelado,Interior,Presencial,Feminino,Branca,0.3387911755014751
CAND_05307,3.6,34.0,Mestrado,Capitais,Remoto,Feminino,Preta,0.20350905518738976
CAND_05308,6.2,36.0,Bacharelado,Capitais,Remoto,Masculino,Branca,0.4438679611344363
CAND_05309,6.4,39.0,Mestrado,Capitais,Presencial,Não-binário,Indígena,0.34551353758236286
CAND_05310,4.7,29.0,Bacharelado,Capitais,Híbrido,Masculino,Preta,0.36893369562410305
CAND_05311,2.3,59.0,Bacharelado,Capitais,Híbrido,Feminino,Branca,0.5035240284666163
CAND_05312,3.6,47.0,Mestrado,Interior,Remoto,Masculino,Branca,0.6292343016913576
CAND_05313,5.3,58.0,Bacharelado,Capitais,Presencial,Não-binário,Parda,0.49738691172150207
CAND_05314,6.5,16.0,Mestrado,Região Metropolitana,Híbrido,Masculino,Amarela,0.39446150743975106
CAND_05315,2.5,66.0,Mestrado,Interior,Presencial,Feminino,Branca,0.528389043723655
CAND_05316,3.1,49.0,Bacharelado,Capitais,Híbrido,Masculino,Branca,0.6207422740381628
CAND_05317,5.8,58.0,Bacharelado,Região Metropolitana,Híbrido,Masculino,Branca,0.7270428144979578
CAND_05318,4.8,73.0,Doutorado,Região Metropolitana,Híbrido,Não-binário,Branca,0.500604080938619
CAND_05319,5.4,56.0,Ensino Médio,Região Metropolitana,Híbrido,Masculino,Preta,0.1760016005469016
CAND_05320,0.0,82.0,Mestrado,Capitais,Remoto,Feminino,Branca,0.4997685844686126
CAND_05321,4.1,22.0,Bacharelado,Capitais,Presencial,Masculino,Preta,0.32996240245016445
CAND_05322,7.6,45.0,Mestrado,Região Metropolitana,Remoto,Feminino,Branca,0.3714685146025608
CAND_05323,3.2,23.0,Bacharelado,Região Metropolitana,Remoto,Masculino,Branca,0.4168569713551637
CAND_05324,6.5,55.0,Bacharelado,Região Metropolitana,Híbrido,Masculino,Branca,0.8724174107289345
CAND_05325,1.4,51.0,Bacharelado,Capitais,Remoto,Masculino,Branca,0.6034395558663505
CAND_05326,0.3,34.0,Doutorado,Capitais,Híbrido,Masculino,Preta,0.43737164655636995
CAND_05327,6.3,83.0,Ensino Médio,Interior,Presencial,Masculino,Branca,0.5713172384891546
CAND_05328,4.8,45.0,Bacharelado,Capitais,Presencial,Feminino,Branca,0.33845198392779186
CAND_05329,4.0,17.0,Bacharelado,Capitais,Presencial,Feminino,Branca,0.24638919137123994
CAND_05330,7.5,60.0,Mestrado,Capitais,Remoto,Feminino,Branca,0.7462279805151877
CAND_05331,4.1,60.0,Bacharelado,Capitais,Remoto,Feminino,Branca,0.4928335433522597
CAND_05332,3.1,43.0,Bacharelado,Região Metropolitana,Híbrido,Masculino,Amarela,0.3962321155170237
CAND_05333,2.8,62.0,Bacharelado,Região Metropolitana,Híbrido,Feminino,Branca,0.38292267846794426
CAND_05334,2.1,36.0,Bacharelado,Interior,Híbrido,Masculino,Branca,0.5103503391631714
CAND_05335,6.4,44.0,Ensino Médio,Região Metropolitana,Híbrido,Masculino,Preta,0.49460110856860073
CAND_05336,4.1,56.0,Bacharelado,Capitais,Híbrido,Masculino,Amarela,0.730769042829638
CAND_05337,8.4,64.0,Bacharelado,Região Metropolitana,Remoto,Masculino,Branca,0.8390926828170991
CAND_05338,0.0,47.0,Bacharelado,Capitais,Híbrido,Masculino,Preta,0.24122317113710734
CAND_05339,7.8,43.0,Bacharelado,Região Metropolitana,Híbrido,Masculino,Preta,0.24041278128968463
CAND_05340,6.1,49.0,Bacharelado,Região Metropolitana,Presencial,Não-binário,Branca,0.5500346007711239
CAND_05341,4.7,19.0,Mestrado,Capitais,Híbrido,Masculino,Amarela,0.23515828167889685
CAND_05342,1.1,46.0,Mestrado,Capitais,Presencial,Masculino,Branca,0.6487930460853303
CAND_05343,0.0,20.0,Ensino Médio,Região Metropolitana,Remoto,Feminino,Preta,0.03165513056315679
CAND_05344,7.3,37.0,Mestrado,Capitais,Presencial,Masculino,Branca,0.9122495787771026
CAND_05345,5.7,29.0,Ensino Médio,Capitais,Remoto,Masculino,Indígena,0.3401381793997119
CAND_05346,5.7,58.0,Bacharelado,Capitais,Híbrido,Feminino,Preta,0.31186904668254395
CAND_05347,4.7,39.0,Mestrado,Região Metropolitana,Híbrido,Masculino,Preta,0.3877915883289093
CAND_05348,7.5,69.0,Bacharelado,Capitais,Remoto,Não-binário,Branca,0.5032914534816704
CAND_05349,3.2,22.0,Bacharelado,Região Metropolitana,Híbrido,Feminino,Branca,0.42637343610062534
CAND_05350,4.0,46.0,Mestrado,Capitais,Presencial,Masculino,Branca,0.771005659293203
CAND_05351,4.5,51.0,Ensino Médio,Capitais,Remoto,Não-binário,Indígena,0.12488317690744363
CAND_05352,4.4,57.0,Bacharelado,Capitais,Híbrido,Feminino,Amarela,0.29610118586272766
CAND_05353,9.0,82.0,Mestrado,Capitais,Presencial,Masculino,Branca,0.9201547411590197
CAND_05354,1.2,20.0,Mestrado,Interior,Híbrido,Masculino,Branca,0.44746786742429084
CAND_05355,0.0,39.0,Bacharelado,Capitais,Híbrido,Masculino,Branca,0.7466947782204449
CAND_05356,0.6,80.0,Bacharelado,Capitais,Remoto,Masculino,Branca,0.765561068350626
CAND_05357,7.1,36.0,Bacharelado,Capitais,Híbrido,Masculino,Branca,0.6580065857678972
CAND_05358,4.7,57.0,Mestrado,Capitais,Presencial,Masculino,Branca,0.7623094615081755
CAND_05359,0.2,36.0,Bacharelado,Capitais,Presencial,Masculino,Preta,0.3382550353884146
CAND_05360,5.3,29.0,Bacharelado,Capitais,Presencial,Masculino,Branca,0.44878002147107454
CAND_05361,4.0,38.0,Bacharelado,Capitais,Remoto,Feminino,Branca,0.5432187640625068
CAND_05362,6.7,80.0,Bacharelado,Capitais,Presencial,Não-binário,Branca,0.6208028107952194
CAND_05363,7.4,33.0,Bacharelado,Capitais,Híbrido,Masculino,Preta,0.41761706771016366
CAND_05364,12.6,46.0,Bacharelado,Capitais,Híbrido,Masculino,Branca,0.7951082320040879
CAND_05365,1.5,46.0,Mestrado,Capitais,Híbrido,Masculino,Branca,0.6572151955365068
CAND_05366,0.0,64.0,Bacharelado,Capitais,Híbrido,Masculino,Branca,0.560569130203662
CAND_05367,6.8,67.0,Mestrado,Capitais,Híbrido,Masculino,Branca,0.6911364568968641
CAND_05368,8.0,52.0,Mestrado,Região Metropolitana,Presencial,Masculino,Indígena,0.6711605006851752
CAND_05369,1.2,2.0,Mestrado,Região Metropolitana,Híbrido,Feminino,Branca,0.15737391396666917
CAND_05370,1.2,37.0,Bacharelado,Capitais,Remoto,Não-binário,Preta,0.09448353069527322
CAND_05371,6.0,32.0,Bacharelado,Interior,Presencial,Feminino,Branca,0.2782121975495884
CAND_05372,10.1,67.0,Bacharelado,Região Metropolitana,Híbrido,Masculino,Branca,0.949255676102526
CAND_05373,2.4,36.0,Mestrado,Capitais,Presencial,Feminino,Branca,0.48945678184166397
CAND_05374,5.3,75.0,Bacharelado,Capitais,Presencial,Feminino,Branca,0.7162659858247071
CAND_05375,0.0,56.0,Ensino Médio,Capitais,Presencial,Masculino,Branca,0.6500491104761412
CAND_05376,4.4,67.0,Bacharelado,Região Metropolitana,Presencial,Masculino,Amarela,0.682187013695019
CAND_05377,4.7,84.0,Mestrado,Capitais,Híbrido,Masculino,Branca,0.723495359251144
CAND_05378,9.4,36.0,Mestrado,Região Metropolitana,Híbrido,Masculino,Branca,0.878668803134926
CAND_05379,2.9,26.0,Bacharelado,Capitais,Híbrido,Masculino,Parda,0.43299707863012804
CAND_05380,7.1,53.0,Bacharelado,Capitais,Híbrido,Não-binário,Parda,0.34499401263916013
CAND_05381,2.7,64.0,Bacharelado,Capitais,Remoto,Feminino,Branca,0.38499090500514577
CAND_05382,5.3,40.0,Bacharelado,Capitais,Híbrido,Masculino,Preta,0.3746150214284173
CAND_05383,11.2,51.0,Bacharelado,Região Metropolitana,Remoto,Feminino,Parda,0.5704106919084007
CAND_05384,10.4,68.0,Bacharelado,Capitais,Híbrido,Masculino,Branca,1.0
CAND_05385,10.9,67.0,Bacharelado,Capitais,Remoto,Feminino,Branca,0.495253071293568
CAND_05386,6.2,41.0,Bacharelado,Capitais,Presencial,Feminino,Branca,0.5183029753974616
CAND_05387,4.4,54.0,Bacharelado,Capitais,Híbrido,Masculino,Branca,0.6055268929767973
CAND_05388,5.9,36.0,Bacharelado,Capitais,Remoto,Masculino,Branca,0.5365285498016014
CAND_05389,6.4,28.0,Doutorado,Região Metropolitana,Presencial,Masculino,Branca,0.6345940646528354
CAND_05390,6.2,70.0,Bacharelado,Capitais,Remoto,Masculino,Branca,0.8134300822508608
CAND_05391,2.9,18.0,Bacharelado,Região Metropolitana,Híbrido,Feminino,Branca,0.21400638665581834
CAND_05392,2.7,53.0,Bacharelado,Capitais,Híbrido,Masculino,Amarela,0.34253301412330783
CAND_05393,3.2,44.0,Bacharelado,Região Metropolitana,Presencial,Feminino,Branca,0.3486975395776884
CAND_05394,8.2,58.0,Bacharelado,Capitais,Presencial,Masculino,Preta,0.6039523517853226
CAND_05395,8.5,40.0,Mestrado,Capitais,Presencial,Masculino,Branca,0.8199473871044604
CAND_05396,14.6,67.0,Bacharelado,Capitais,Híbrido,Feminino,Preta,0.4587540386256455
CAND_05397,6.3,47.0,Bacharelado,Região Metropolitana,Híbrido,Feminino,Preta,0.19587508427076072
CAND_05398,2.6,72.0,Bacharelado,Região Metropolitana,Híbrido,Masculino,Amarela,0.4128058373611516
CAND_05399,3.6,53.0,Bacharelado,Capitais,Remoto,Feminino,Branca,0.5065422071416793
CAND_05400,4.5,34.0,Ensino Médio,Região Metropolitana,Presencial,Feminino,Branca,0.41258284327155964
CAND_05401,9.5,58.0,Bacharelado,Região Metropolitana,Presencial,Masculino,Indígena,0.5429207925894679
CAND_05402,7.2,56.0,Doutorado,Capitais,Remoto,Feminino,Branca,0.6174521088906463
CAND_05403,1.0,48.0,Mestrado,Região Metropolitana,Presencial,Masculino,Branca,0.6685125343890275
CAND_05404,4.8,39.0,Mestrado,Interior,Presencial,Masculino,Preta,0.554838500537844
CAND_05405,0.6,63.0,Bacharelado,Capitais,Híbrido,Masculino,Preta,0.4823963571928044
CAND_05406,6.8,36.0,Bacharelado,Capitais,Remoto,Feminino,Preta,0.21194108866582326
CAND_05407,2.9,37.0,Mestrado,Capitais,Híbrido,Masculino,Branca,0.5518013671586769
CAND_05408,3.2,58.0,Ensino Médio,Capitais,Híbrido,Masculino,Branca,0.7521988844330968
CAND_05409,0.0,47.0,Mestrado,Capitais,Remoto,Masculino,Branca,0.5562335390395154
CAND_05410,7.3,21.0,Ensino Médio,Capitais,Híbrido,Masculino,Branca,0.5592845792078198
CAND_05411,8.6,36.0,Doutorado,Capitais,Remoto,Masculino,Branca,0.7771573905594643
CAND_05412,2.9,56.0,Ensino Médio,Capitais,Presencial,Feminino,Branca,0.42313109640309204
CAND_05413,4.5,46.0,Bacharelado,Capitais,Híbrido,Feminino,Branca,0.37890067669519994
CAND_05414,3.6,48.0,Ensino Médio,Capitais,Remoto,Masculino,Amarela,0.5093361865519925
CAND_05415,4.3,54.0,Ensino Médio,Região Metropolitana,Presencial,Feminino,Amarela,0.2457653240034357
CAND_05416,2.5,57.0,Mestrado,Região Metropolitana,Presencial,Feminino,Amarela,0.24754703950696302
CAND_05417,1.7,52.0,Ensino Médio,Região Metropolitana,Híbrido,Masculino,Branca,0.5179418084946943
CAND_05418,9.1,0.0,Mestrado,Região Metropolitana,Remoto,Feminino,Branca,0.34802826620773536
CAND_05419,0.0,49.0,Mestrado,Capitais,Presencial,Masculino,Preta,0.4079267287521603
CAND_05420,6.5,42.0,Mestrado,Capitais,Remoto,Masculino,Branca,0.6699310880188456
CAND_05421,5.8,50.0,Mestrado,Região Metropolitana,Híbrido,Masculino,Branca,0.6112604970503626
CAND_05422,10.0,66.0,Doutorado,Capitais,Híbrido,Feminino,Branca,0.7412137256405633
CAND_05423,4.3,34.0,Ensino Médio,Região Metropolitana,Presencial,Não-binário,Amarela,0.13619961051657642
CAND_05424,3.9,51.0,Doutorado,Capitais,Híbrido,Feminino,Branca,0.7355842594354984
CAND_05425,2.6,57.0,Ensino Médio,Capitais,Híbrido,Masculino,Parda,0.5983078412807271
CAND_05426,6.1,45.0,Bacharelado,Interior,Remoto,Masculino,Branca,0.6332796690406013
CAND_05427,2.9,30.0,Ensino Médio,Região Metropolitana,Híbrido,Masculino,Branca,0.5594219632421148
CAND_05428,1.6,32.0,Mestrado,Capitais,Remoto,Masculino,Branca,0.6422075524269648
CAND_05429,2.8,49.0,Ensino Médio,Região Metropolitana,Presencial,Feminino,Branca,0.3978711597465117
CAND_05430,2.2,41.0,Bacharelado,Capitais,Remoto,Masculino,Preta,0.31868171475963303
CAND_05431,2.0,21.0,Bacharelado,Interior,Híbrido,Masculino,Amarela,0.10085497226342242
CAND_05432,5.3,38.0,Bacharelado,Capitais,Híbrido,Feminino,Parda,0.31237688867377666
CAND_05433,4.4,30.0,Bacharelado,Interior,Remoto,Masculino,Branca,0.43905627374256656
CAND_05434,6.6,61.0,Bacharelado,Região Metropolitana,Híbrido,Feminino,Preta,0.30253294061042163
CAND_05435,5.4,28.0,Bacharelado,Capitais,Remoto,Masculino,Branca,0.5851268140813448
CAND_05436,1.4,71.0,Bacharelado,Região Metropolitana,Remoto,Feminino,Branca,0.45725995993183177
CAND_05437,0.0,82.0,Bacharelado,Capitais,Híbrido,Feminino,Branca,0.379344061637476
CAND_05438,1.8,39.0,Doutorado,Região Metropolitana,Híbrido,Feminino,Branca,0.6684910887639999
CAND_05439,7.3,41.0,Mestrado,Região Metropolitana,Presencial,Masculino,Preta,0.6202053789397233
CAND_05440,7.2,64.0,Ensino Médio,Capitais,Presencial,Não-binário,Branca,0.4829289471375995
CAND_05441,8.0,66.0,Bacharelado,Capitais,Presencial,Masculino,Branca,0.8528938241871465
CAND_05442,7.5,43.0,Mestrado,Interior,Remoto,Feminino,Branca,0.5881915191468855
CAND_05443,8.3,43.0,Bacharelado,Capitais,Híbrido,Masculino,Preta,0.5671798383312253
CAND_05444,6.2,44.0,Mestrado,Capitais,Remoto,Não-binário,Branca,0.44292056276399755
CAND_05445,10.4,37.0,Bacharelado,Região Metropolitana,Remoto,Masculino,Branca,0.7571732822330184
CAND_05446,5.9,64.0,Mestrado,Região Metropolitana,Remoto,Feminino,Branca,0.43625215572641973
CAND_05447,11.0,52.0,Bacharelado,Região Metropolitana,Presencial,Não-binário,Branca,0.5553302464820131
CAND_05448,3.1,39.0,Mestrado,Capitais,Remoto,Feminino,Branca,0.4973136825083751
CAND_05449,3.0,51.0,Mestrado,Capitais,Híbrido,Feminino,Preta,0.07730429090352392
CAND_05450,4.4,44.0,Bacharelado,Capitais,Remoto,Feminino,Amarela,0.3665688882180296
CAND_05451,4.9,88.0,Bacharelado,Interior,Remoto,Não-binário,Branca,0.4940994493606039
CAND_05452,4.0,46.0,Bacharelado,Capitais,Híbrido,Feminino,Branca,0.4313503801159808
CAND_05453,6.6,61.0,Mestrado,Capitais,Remoto,Masculino,Branca,0.7992271911487017
CAND_05454,4.7,57.0,Mestrado,Capitais,Remoto,Masculino,Branca,0.856374551083124
CAND_05455,3.2,48.0,Bacharelado,Região Metropolitana,Presencial,Feminino,Branca,0.3470369983035776
CAND_05456,3.8,57.0,Bacharelado,Capitais,Híbrido,Masculino,Branca,0.6412358912336773
CAND_05457,8.7,53.0,Mestrado,Região Metropolitana,Presencial,Masculino,Branca,0.7115934874045877
CAND_05458,6.0,87.0,Bacharelado,Região Metropolitana,Presencial,Feminino,Preta,0.446804529867961
CAND_05459,0.0,49.0,Mestrado,Capitais,Híbrido,Masculino,Branca,0.7096674374689806
CAND_05460,9.5,11.0,Bacharelado,Região Metropolitana,Híbrido,Masculino,Branca,0.46988782565643017
CAND_05461,6.3,83.0,Bacharelado,Região Metropolitana,Híbrido,Feminino,Preta,0.37322100008168607
CAND_05462,6.9,42.0,Mestrado,Região Metropolitana,Presencial,Feminino,Parda,0.4850620429211997
CAND_05463,7.8,51.0,Bacharelado,Região Metropolitana,Presencial,Masculino,Parda,0.7784799185519097
CAND_05464,7.9,42.0,Ensino Médio,Região Metropolitana,Presencial,Masculino,Branca,0.5852707508750137
CAND_05465,2.2,41.0,Mestrado,Capitais,Remoto,Masculino,Branca,0.6054555335391415
CAND_05466,1.8,33.0,Bacharelado,Capitais,Remoto,Feminino,Preta,0.17034358060787236
CAND_05467,12.2,20.0,Ensino Médio,Interior,Remoto,Masculino,Branca,0.4709219139051598
CAND_05468,2.9,39.0,Ensino Médio,Capitais,Presencial,Masculino,Branca,0.630481064475442
CAND_05469,6.1,58.0,Bacharelado,Região Metropolitana,Remoto,Feminino,Branca,0.5272455467744281
CAND_05470,9.9,25.0,Bacharelado,Capitais,Remoto,Masculino,Branca,0.5248417166313433
CAND_05471,3.7,58.0,Bacharelado,Capitais,Remoto,Feminino,Branca,0.4806698525334065
CAND_05472,3.9,85.0,Bacharelado,Capitais,Híbrido,Masculino,Branca,0.8391185428200175
CAND_05473,7.8,54.0,Mestrado,Capitais,Híbrido,Masculino,Branca,0.8927683407584202
CAND_05474,5.6,29.0,Bacharelado,Interior,Híbrido,Masculino,Preta,0.17778662548461724
CAND_05475,6.5,56.0,Bacharelado,Capitais,Híbrido,Feminino,Branca,0.4718826104614153
CAND_05476,4.8,64.0,Ensino Médio,Capitais,Híbrido,Masculino,Preta,0.36659283291118394
CAND_05477,3.4,70.0,Ensino Médio,Região Metropolitana,Presencial,Masculino,Parda,0.617095870581769
CAND_05478,4.0,53.0,Mestrado,Capitais,Remoto,Não-binário,Branca,0.4949648308144234
CAND_05479,8.6,59.0,Bacharelado,Capitais,Remoto,Masculino,Amarela,0.5384768491104106
CAND_05480,4.1,63.0,Bacharelado,Capitais,Híbrido,Feminino,Branca,0.5786670364534676
CAND_05481,6.3,59.0,Mestrado,Capitais,Remoto,Feminino,Branca,0.6325679658570359
CAND_05482,2.1,55.0,Mestrado,Interior,Híbrido,Masculino,Indígena,0.35382356339930987
CAND_05483,11.1,40.0,Bacharelado,Capitais,Híbrido,Masculino,Branca,0.7240990703486978
CAND_05484,6.0,64.0,Bacharelado,Capitais,Remoto,Masculino,Branca,0.9494255021522792
CAND_05485,6.0,42.0,Bacharelado,Região Metropolitana,Remoto,Masculino,Branca,0.4230238296238219
CAND_05486,7.8,89.0,Bacharelado,Capitais,Híbrido,Masculino,Parda,0.7089724782634883
CAND_05487,3.6,40.0,Bacharelado,Região Metropolitana,Híbrido,Feminino,Parda,0.3111383070281654
CAND_05488,8.6,62.0,Bacharelado,Região Metropolitana,Híbrido,Não-binário,Amarela,0.41838961803271496
CAND_05489,0.5,31.0,Mestrado,Capitais,Híbrido,Masculino,Branca,0.4971471051274354
CAND_05490,3.2,43.0,Bacharelado,Capitais,Presencial,Feminino,Amarela,0.29389316925914505
CAND_05491,2.6,41.0,Bacharelado,Região Metropolitana,Remoto,Feminino,Branca,0.18968540217873542
CAND_05492,0.0,29.0,Ensino Médio,Região Metropolitana,Remoto,Masculino,Preta,0.1403044617936475
CAND_05493,3.4,41.0,Mestrado,Capitais,Presencial,Masculino,Branca,0.7120571237303469
CAND_05494,4.8,55.0,Mestrado,Capitais,Híbrido,Masculino,Branca,0.852050014161152
CAND_05495,1.7,46.0,Bacharelado,Capitais,Presencial,Masculino,Parda,0.6280305756101281
CAND_05496,1.3,68.0,Bacharelado,Capitais,Presencial,Masculino,Preta,0.25969657073752217
CAND_05497,5.1,36.0,Doutorado,Capitais,Híbrido,Feminino,Preta,0.2970235110496956
CAND_05498,4.8,60.0,Mestrado,Capitais,Presencial,Feminino,Branca,0.5141620380392068
CAND_05499,4.2,41.0,Ensino Médio,Capitais,Híbrido,Masculino,Branca,0.5873366173988017
CAND_05500,1.2,67.0,Bacharelado,Capitais,Híbrido,Masculino,Preta,0.4105042994298783
CAND_05501,3.8,62.0,Bacharelado,Capitais,Presencial,Masculino,Branca,0.7932201515513752
CAND_05502,3.0,65.0,Bacharelado,Região Metropolitana,Remoto,Masculino,Branca,0.6670358456543729
CAND_05503,5.3,48.0,Ensino Médio,Capitais,Presencial,Feminino,Indígena,0.32233116038178133
CAND_05504,3.3,70.0,Bacharelado,Capitais,Híbrido,Masculino,Branca,0.7521188336159322
CAND_05505,4.9,25.0,Bacharelado,Capitais,Remoto,Masculino,Preta,0.12616345227362824
CAND_05506,1.1,57.0,Bacharelado,Capitais,Presencial,Masculino,Branca,0.6537656949016764
CAND_05507,0.8,52.0,Ensino Médio,Capitais,Presencial,Masculino,Branca,0.5700846625056153
CAND_05508,6.7,63.0,Ensino Médio,Capitais,Presencial,Feminino,Branca,0.584718663948178
CAND_05509,7.3,49.0,Mestrado,Capitais,Híbrido,Feminino,Branca,0.6383963088476129
CAND_05510,3.8,35.0,Bacharelado,Capitais,Híbrido,Feminino,Branca,0.2356480730116338
CAND_05511,5.1,34.0,Bacharelado,Capitais,Híbrido,Feminino,Branca,0.32923863832646544
CAND_05512,3.7,50.0,Ensino Médio,Região Metropolitana,Presencial,Masculino,Branca,0.5820155074983379
CAND_05513,8.3,46.0,Mestrado,Região Metropolitana,Híbrido,Feminino,Amarela,0.40424119935752206
CAND_05514,4.4,63.0,Mestrado,Capitais,Híbrido,Masculino,Branca,0.7585228545745427
CAND_05515,3.5,64.0,Bacharelado,Capitais,Híbrido,Masculino,Parda,0.7269171507030883
CAND_05516,7.9,51.0,Bacharelado,Região Metropolitana,Híbrido,Masculino,Branca,0.9078409825308486
CAND_05517,2.7,50.0,Bacharelado,Capitais,Híbrido,Feminino,Branca,0.5040842065468216
CAND_05518,5.5,66.0,Ensino Médio,Capitais,Híbrido,Masculino,Branca,0.8631430604447046
CAND_05519,1.9,46.0,Bacharelado,Capitais,Híbrido,Feminino,Indígena,0.24465193324160284
CAND_05520,7.0,47.0,Bacharelado,Região Metropolitana,Híbrido,Masculino,Branca,0.7400634623774034
CAND_05521,7.4,30.0,Bacharelado,Capitais,Híbrido,Masculino,Branca,0.7702698048829295
CAND_05522,1.1,63.0,Mestrado,Região Metropolitana,Presencial,Feminino,Amarela,0.3783162433113412
CAND_05523,0.7,49.0,Mestrado,Capitais,Presencial,Masculino,Branca,0.456257541285095
CAND_05524,5.9,67.0,Bacharelado,Região Metropolitana,Presencial,Feminino,Parda,0.4283000472990143
CAND_05525,10.8,32.0,Doutorado,Região Metropolitana,Remoto,Masculino,Branca,0.8799778311635753
CAND_05526,7.7,43.0,Bacharelado,Região Metropolitana,Presencial,Masculino,Preta,0.28031358550881746
CAND_05527,4.4,64.0,Bacharelado,Capitais,Híbrido,Feminino,Branca,0.46195483974229345
CAND_05528,2.4,55.0,Bacharelado,Capitais,Remoto,Masculino,Branca,0.7258320435178167
CAND_05529,1.4,32.0,Bacharelado,Capitais,Presencial,Masculino,Preta,0.23213467597225812
CAND_05530,7.2,64.0,Bacharelado,Capitais,Híbrido,Não-binário,Branca,0.43480271202544074
CAND_05531,7.8,30.0,Mestrado,Região Metropolitana,Remoto,Masculino,Indígena,0.6631114693736814
CAND_05532,3.1,62.0,Bacharelado,Região Metropolitana,Presencial,Feminino,Branca,0.4102844521216749
CAND_05533,4.3,35.0,Bacharelado,Capitais,Remoto,Feminino,Branca,0.31462641008218606
CAND_05534,5.1,68.0,Mestrado,Região Metropolitana,Híbrido,Masculino,Branca,0.6639002696334433
CAND_05535,10.4,52.0,Mestrado,Capitais,Remoto,Masculino,Amarela,0.7912872834019974
CAND_05536,5.2,55.0,Bacharelado,Capitais,Presencial,Feminino,Branca,0.5567357584885569
CAND_05537,2.1,49.0,Mestrado,Interior,Presencial,Masculino,Branca,0.6698989712198675
CAND_05538,1.5,51.0,Ensino Médio,Capitais,Presencial,Feminino,Branca,0.3586661111741092
CAND_05539,2.3,51.0,Mestrado,Capitais,Remoto,Feminino,Preta,0.2591035477745332
CAND_05540,8.8,61.0,Mestrado,Capitais,Remoto,Masculino,Branca,0.7797862046357746
CAND_05541,6.5,49.0,Bacharelado,Interior,Híbrido,Masculino,Branca,0.6680463153612872
CAND_05542,4.0,72.0,Bacharelado,Capitais,Híbrido,Masculino,Branca,0.6647746675269426
CAND_05543,0.0,39.0,Bacharelado,Região Metropolitana,Presencial,Não-binário,Branca,0.4395628203260996
CAND_05544,2.4,63.0,Ensino Médio,Região Metropolitana,Presencial,Masculino,Branca,0.48834333674307656
CAND_05545,6.0,58.0,Bacharelado,Interior,Presencial,Masculino,Indígena,0.31785028514751357
CAND_05546,6.1,69.0,Mestrado,Capitais,Remoto,Masculino,Preta,0.6326200622016288
CAND_05547,6.0,52.0,Bacharelado,Capitais,Híbrido,Masculino,Indígena,0.5020035900105676
CAND_05548,1.0,55.0,Bacharelado,Região Metropolitana,Híbrido,Masculino,Branca,0.5393085793314514
CAND_05549,5.5,55.0,Doutorado,Capitais,Remoto,Masculino,Branca,0.9349855917319461
CAND_05550,2.1,32.0,Bacharelado,Capitais,Presencial,Feminino,Branca,0.5195317017224933
CAND_05551,5.0,56.0,Bacharelado,Região Metropolitana,Presencial,Feminino,Preta,0.2323227285337507
CAND_05552,2.7,99.0,Mestrado,Região Metropolitana,Remoto,Masculino,Indígena,0.669932493402716
CAND_05553,8.2,74.0,Bacharelado,Capitais,Híbrido,Masculino,Amarela,0.6264859534665405
CAND_05554,6.0,38.0,Doutorado,Região Metropolitana,Híbrido,Masculino,Branca,0.7649717570282701
CAND_05555,4.6,23.0,Mestrado,Região Metropolitana,Híbrido,Masculino,Branca,0.3513336090613057
CAND_05556,9.1,51.0,Mestrado,Capitais,Híbrido,Masculino,Parda,0.77640576294526
CAND_05557,3.9,66.0,Ensino Médio,Capitais,Presencial,Masculino,Branca,0.5848798363254255
CAND_05558,0.8,49.0,Bacharelado,Capitais,Híbrido,Masculino,Parda,0.5884901811797559
CAND_05559,8.2,78.0,Bacharelado,Interior,Presencial,Masculino,Preta,0.4547674430376428
CAND_05560,5.8,38.0,Bacharelado,Capitais,Híbrido,Masculino,Branca,0.6776624850031613
CAND_05561,4.0,53.0,Bacharelado,Capitais,Presencial,Masculino,Branca,0.7098478467299827
CAND_05562,3.1,48.0,Mestrado,Região Metropolitana,Presencial,Masculino,Branca,0.6952636013144203
CAND_05563,6.5,61.0,Bacharelado,Região Metropolitana,Remoto,Masculino,Preta,0.39417889269618345
CAND_05564,7.4,62.0,Bacharelado,Região Metropolitana,Remoto,Feminino,Indígena,0.5138821271075864
CAND_05565,2.7,68.0,Bacharelado,Capitais,Presencial,Masculino,Branca,0.739300572403356
CAND_05566,6.7,48.0,Mestrado,Capitais,Remoto,Masculino,Preta,0.5454534389763317
CAND_05567,5.8,69.0,Bacharelado,Capitais,Remoto,Feminino,Branca,0.5872016541589461
CAND_05568,2.5,55.0,Mestrado,Capitais,Híbrido,Masculino,Branca,0.6626763034692821
CAND_05569,5.0,70.0,Mestrado,Capitais,Híbrido,Masculino,Branca,0.8879704320059773
CAND_05570,3.4,72.0,Bacharelado,Capitais,Híbrido,Masculino,Branca,0.7787583086547502
CAND_05571,8.7,50.0,Mestrado,Capitais,Híbrido,Feminino,Branca,0.830119195692125
CAND_05572,3.1,40.0,Bacharelado,Região Metropolitana,Presencial,Masculino,Branca,0.49782178623182094
CAND_05573,9.5,53.0,Bacharelado,Capitais,Presencial,Feminino,Branca,0.7423517990821675
CAND_05574,5.4,65.0,Mestrado,Capitais,Remoto,Feminino,Branca,0.6163213201196273
CAND_05575,0.0,27.0,Bacharelado,Interior,Remoto,Feminino,Branca,0.15073685073205034
CAND_05576,0.0,43.0,Ensino Médio,Região Metropolitana,Híbrido,Feminino,Branca,0.18458103563460748
CAND_05577,4.4,60.0,Bacharelado,Capitais,Presencial,Masculino,Preta,0.51581179080927
CAND_05578,9.0,11.0,Mestrado,Região Metropolitana,Remoto,Feminino,Branca,0.40604654637822674
CAND_05579,8.7,34.0,Bacharelado,Capitais,Presencial,Masculino,Branca,0.7582202938236228
CAND_05580,5.5,41.0,Mestrado,Capitais,Presencial,Masculino,Branca,0.6317216311399351
CAND_05581,2.8,49.0,Mestrado,Capitais,Presencial,Feminino,Branca,0.5233357142311563
CAND_05582,3.7,45.0,Mestrado,Região Metropolitana,Remoto,Masculino,Branca,0.6562044538854868
CAND_05583,5.6,45.0,Bacharelado,Interior,Remoto,Masculino,Parda,0.4473962403628817
CAND_05584,8.3,30.0,Bacharelado,Capitais,Híbrido,Não-binário,Preta,0.19682939104773228
CAND_05585,6.7,77.0,Bacharelado,Capitais,Híbrido,Feminino,Amarela,0.4414030328933752
CAND_05586,7.9,41.0,Bacharelado,Capitais,Presencial,Masculino,Branca,0.7768264351909017
CAND_05587,6.9,21.0,Ensino Médio,Capitais,Híbrido,Não-binário,Branca,0.40967155350374684
CAND_05588,7.8,67.0,Bacharelado,Região Metropolitana,Presencial,Masculino,Branca,0.8241139979841635
CAND_05589,0.0,38.0,Doutorado,Capitais,Presencial,Masculino,Branca,0.6678231282136755
CAND_05590,2.3,32.0,Bacharelado,Capitais,Presencial,Masculino,Branca,0.4700096272470867
CAND_05591,1.7,60.0,Bacharelado,Capitais,Remoto,Feminino,Branca,0.40651147185772774
CAND_05592,1.4,42.0,Bacharelado,Capitais,Remoto,Feminino,Branca,0.48467085936242377
CAND_05593,5.0,53.0,Bacharelado,Capitais,Híbrido,Feminino,Preta,0.30453837616700685
CAND_05594,0.7,40.0,Bacharelado,Região Metropolitana,Remoto,Feminino,Branca,0.2851584077211797
CAND_05595,2.2,43.0,Bacharelado,Capitais,Presencial,Não-binário,Branca,0.45429567959846195
CAND_05596,4.7,35.0,Bacharelado,Região Metropolitana,Remoto,Masculino,Branca,0.5190445206011002
CAND_05597,0.2,32.0,Bacharelado,Capitais,Presencial,Masculino,Preta,0.1966498873158709
CAND_05598,3.5,100.0,Bacharelado,Capitais,Remoto,Feminino,Branca,0.7702554157346949
CAND_05599,6.9,38.0,Mestrado,Capitais,Híbrido,Feminino,Preta,0.42465784451143807
CAND_05600,1.3,28.0,Bacharelado,Capitais,Presencial,Feminino,Preta,0.03824388589748123
CAND_05601,7.4,67.0,Mestrado,Capitais,Híbrido,Masculino,Amarela,0.7386935082878234
CAND_05602,2.6,54.0,Bacharelado,Capitais,Híbrido,Masculino,Amarela,0.5550564796598177
CAND_05603,5.8,50.0,Bacharelado,Região Metropolitana,Remoto,Masculino,Branca,0.6798518944637614
CAND_05604,1.7,43.0,Ensino Médio,Capitais,Presencial,Feminino,Branca,0.33645362643092724
CAND_05605,6.4,44.0,Bacharelado,Capitais,Remoto,Não-binário,Indígena,0.2437055937500905
CAND_05606,4.1,46.0,Bacharelado,Capitais,Remoto,Masculino,Branca,0.6813038976438316
CAND_05607,6.4,67.0,Bacharelado,Capitais,Híbrido,Feminino,Preta,0.3204067339624549
CAND_05608,3.4,46.0,Bacharelado,Capitais,Híbrido,Masculino,Preta,0.5080251689188872
CAND_05609,6.7,67.0,Bacharelado,Capitais,Híbrido,Feminino,Indígena,0.5610748217060572
CAND_05610,7.5,49.0,Bacharelado,Capitais,Remoto,Masculino,Branca,0.7411179554398941
CAND_05611,5.4,47.0,Bacharelado,Interior,Híbrido,Não-binário,Amarela,0.14886081947525076
CAND_05612,3.6,35.0,Mestrado,Capitais,Remoto,Masculino,Parda,0.6531526646442272
CAND_05613,4.3,82.0,Bacharelado,Capitais,Híbrido,Feminino,Branca,0.7704704404957502
CAND_05614,1.2,50.0,Bacharelado,Capitais,Remoto,Masculino,Branca,0.6242098671430657
CAND_05615,5.6,50.0,Bacharelado,Região Metropolitana,Híbrido,Feminino,Branca,0.5019467759737309
CAND_05616,6.9,78.0,Bacharelado,Capitais,Presencial,Feminino,Preta,0.38668858957245333
CAND_05617,9.7,56.0,Bacharelado,Região Metropolitana,Híbrido,Masculino,Preta,0.5811467059895313
CAND_05618,8.9,58.0,Doutorado,Capitais,Remoto,Masculino,Preta,0.6136175452555575
CAND_05619,2.1,51.0,Mestrado,Capitais,Presencial,Feminino,Preta,0.12827034916464375
CAND_05620,5.6,38.0,Mestrado,Capitais,Presencial,Masculino,Branca,0.9134201754596973
CAND_05621,4.6,68.0,Ensino Médio,Região Metropolitana,Remoto,Feminino,Branca,0.39666900982082554
CAND_05622,8.7,29.0,Bacharelado,Região Metropolitana,Presencial,Feminino,Branca,0.3212806957116554
CAND_05623,2.9,35.0,Bacharelado,Capitais,Híbrido,Masculino,Preta,0.3922939752298088
CAND_05624,7.6,38.0,Mestrado,Capitais,Híbrido,Feminino,Branca,0.5594215380711586
CAND_05625,2.0,54.0,Bacharelado,Capitais,Presencial,Masculino,Parda,0.4984180704754614
CAND_05626,4.7,50.0,Bacharelado,Capitais,Híbrido,Feminino,Parda,0.4595172100624678
CAND_05627,2.3,22.0,Bacharelado,Região Metropolitana,Remoto,Masculino,Branca,0.4253362027346913
CAND_05628,0.0,85.0,Bacharelado,Capitais,Híbrido,Feminino,Preta,0.16551954657171564
CAND_05629,2.3,61.0,Mestrado,Capitais,Remoto,Feminino,Parda,0.5371030715933461
CAND_05630,4.2,43.0,Bacharelado,Capitais,Presencial,Feminino,Amarela,0.2665750972586138
CAND_05631,9.3,57.0,Bacharelado,Capitais,Presencial,Masculino,Branca,0.8774016842512946
CAND_05632,1.7,57.0,Mestrado,Região Metropolitana,Remoto,Masculino,Amarela,0.3813252782126339
CAND_05633,3.2,45.0,Mestrado,Capitais,Presencial,Feminino,Preta,0.32923545193623904
CAND_05634,0.7,56.0,Bacharelado,Interior,Remoto,Não-binário,Branca,0.14126254920299008
CAND_05635,8.5,56.0,Bacharelado,Capitais,Híbrido,Masculino,Branca,0.7985368411742304
CAND_05636,3.6,66.0,Bacharelado,Capitais,Híbrido,Masculino,Branca,0.691097220388394
CAND_05637,4.0,51.0,Bacharelado,Capitais,Híbrido,Masculino,Branca,0.5975075834331569
CAND_05638,4.0,55.0,Bacharelado,Capitais,Híbrido,Masculino,Branca,0.7599022141420415
CAND_05639,0.0,47.0,Mestrado,Região Metropolitana,Presencial,Masculino,Preta,0.38953555006655716
CAND_05640,0.6,43.0,Bacharelado,Interior,Presencial,Masculino,Branca,0.4111655252197709
CAND_05641,2.1,38.0,Bacharelado,Capitais,Presencial,Feminino,Branca,0.3741951044178717
CAND_05642,6.8,38.0,Bacharelado,Capitais,Híbrido,Masculino,Branca,0.6921010785085274
CAND_05643,0.0,43.0,Mestrado,Interior,Remoto,Feminino,Preta,0.030286530392896718
CAND_05644,6.6,46.0,Mestrado,Região Metropolitana,Híbrido,Masculino,Branca,0.6273871215178604
CAND_05645,6.0,65.0,Bacharelado,Capitais,Remoto,Feminino,Preta,0.3039136455514691
CAND_05646,0.0,44.0,Mestrado,Capitais,Remoto,Masculino,Branca,0.5393356059392702
CAND_05647,4.0,45.0,Ensino Médio,Região Metropolitana,Remoto,Feminino,Indígena,0.26736701345257974
CAND_05648,8.5,46.0,Bacharelado,Região Metropolitana,Híbrido,Feminino,Indígena,0.12470858379428018
CAND_05649,1.8,49.0,Mestrado,Região Metropolitana,Presencial,Masculino,Indígena,0.47012276438017736
CAND_05650,3.3,75.0,Bacharelado,Região Metropolitana,Híbrido,Feminino,Branca,0.5825979620021475
CAND_05651,13.3,44.0,Mestrado,Capitais,Híbrido,Masculino,Branca,0.9110250734071966
CAND_05652,6.0,58.0,Bacharelado,Capitais,Presencial,Masculino,Branca,0.6827422897628505
CAND_05653,4.2,55.0,Bacharelado,Capitais,Presencial,Masculino,Preta,0.1953601024402582
CAND_05654,3.6,51.0,Doutorado,Capitais,Remoto,Feminino,Parda,0.5602168217432804
CAND_05655,6.1,36.0,Bacharelado,Capitais,Presencial,Masculino,Branca,0.76035579751929
CAND_05656,7.1,58.0,Bacharelado,Capitais,Remoto,Masculino,Amarela,0.5607998045883846
CAND_05657,0.0,21.0,Bacharelado,Capitais,Presencial,Masculino,Preta,0.3184075278655045
CAND_05658,0.0,35.0,Bacharelado,Região Metropolitana,Híbrido,Feminino,Branca,0.3116816375515149
CAND_05659,2.0,42.0,Bacharelado,Capitais,Presencial,Feminino,Branca,0.4061423705376098
CAND_05660,4.5,47.0,Bacharelado,Região Metropolitana,Remoto,Masculino,Amarela,0.47458552816976945
CAND_05661,5.2,51.0,Bacharelado,Região Metropolitana,Híbrido,Feminino,Branca,0.4594609417050824
CAND_05662,0.0,71.0,Bacharelado,Capitais,Remoto,Feminino,Branca,0.6096916996049608
CAND_05663,4.4,59.0,Bacharelado,Capitais,Híbrido,Feminino,Amarela,0.38805092916793205
CAND_05664,4.8,53.0,Bacharelado,Capitais,Presencial,Masculino,Preta,0.46345616778438536
CAND_05665,2.5,45.0,Bacharelado,Região Metropolitana,Remoto,Feminino,Branca,0.5608355968836344
CAND_05666,3.4,45.0,Mestrado,Região Metropolitana,Híbrido,Feminino,Indígena,0.24506725447135252
CAND_05667,2.8,33.0,Bacharelado,Capitais,Presencial,Feminino,Branca,0.43725396119285026
CAND_05668,6.4,18.0,Mestrado,Capitais,Presencial,Masculino,Branca,0.7037337924443591
CAND_05669,5.0,31.0,Doutorado,Capitais,Híbrido,Masculino,Preta,0.5771946201344837
CAND_05670,1.6,68.0,Mestrado,Capitais,Híbrido,Masculino,Branca,0.7899942718219396
CAND_05671,7.9,39.0,Mestrado,Capitais,Remoto,Masculino,Branca,0.7424448156491842
CAND_05672,0.9,42.0,Ensino Médio,Região Metropolitana,Presencial,Feminino,Branca,0.2818533230987617
CAND_05673,0.0,65.0,Bacharelado,Região Metropolitana,Presencial,Feminino,Indígena,0.3083792346406141
CAND_05674,4.3,10.0,Bacharelado,Capitais,Híbrido,Feminino,Branca,0.5449015863752126
CAND_05675,4.2,41.0,Mestrado,Região Metropolitana,Híbrido,Masculino,Branca,0.49867213517819714
CAND_05676,5.2,34.0,Mestrado,Interior,Presencial,Masculino,Parda,0.5891370729432972
CAND_05677,1.5,54.0,Ensino Médio,Interior,Híbrido,Feminino,Branca,0.35233906668771525
CAND_05678,7.7,58.0,Bacharelado,Capitais,Presencial,Masculino,Amarela,0.6694397393960391
CAND_05679,10.1,59.0,Mestrado,Capitais,Híbrido,Feminino,Branca,0.6943876308168074
CAND_05680,4.9,73.0,Bacharelado,Capitais,Híbrido,Feminino,Branca,0.5476128054797487
CAND_05681,5.9,58.0,Bacharelado,Capitais,Híbrido,Masculino,Branca,0.7025278596862111
CAND_05682,0.0,54.0,Ensino Médio,Capitais,Presencial,Masculino,Amarela,0.4617231339118441
CAND_05683,3.7,87.0,Mestrado,Interior,Híbrido,Masculino,Branca,0.8098275524058394
CAND_05684,2.9,18.0,Ensino Médio,Região Metropolitana,Híbrido,Masculino,Branca,0.27316145902571526
CAND_05685,2.4,83.0,Bacharelado,Capitais,Presencial,Masculino,Branca,0.697000853045417
CAND_05686,3.0,76.0,Mestrado,Capitais,Híbrido,Masculino,Parda,0.7515332298639799
CAND_05687,3.3,48.0,Bacharelado,Capitais,Híbrido,Masculino,Parda,0.5579966146775511
CAND_05688,0.6,39.0,Mestrado,Capitais,Remoto,Não-binário,Parda,0.3852837939060986
CAND_05689,3.5,40.0,Mestrado,Região Metropolitana,Presencial,Masculino,Branca,0.5791942212993602
CAND_05690,1.9,46.0,Ensino Médio,Região Metropolitana,Híbrido,Feminino,Preta,0.35305602749202053
CAND_05691,7.4,68.0,Mestrado,Região Metropolitana,Remoto,Feminino,Branca,0.574676661585155
CAND_05692,6.0,13.0,Bacharelado,Capitais,Híbrido,Masculino,Branca,0.48538099407135465
CAND_05693,6.0,80.0,Bacharelado,Interior,Híbrido,Feminino,Branca,0.5942635160771649
CAND_05694,7.9,50.0,Mestrado,Capitais,Presencial,Masculino,Branca,0.7835575270224713
CAND_05695,2.5,68.0,Bacharelado,Interior,Híbrido,Masculino,Branca,0.6619307990006842
CAND_05696,5.8,32.0,Bacharelado,Capitais,Híbrido,Masculino,Branca,0.7762986289162315
CAND_05697,8.2,61.0,Ensino Médio,Capitais,Remoto,Masculino,Branca,0.8651227745145834
CAND_05698,2.3,56.0,Bacharelado,Região Metropolitana,Remoto,Masculino,Branca,0.5768413427714508
CAND_05699,0.0,58.0,Doutorado,Capitais,Presencial,Feminino,Preta,0.12862300184485279
CAND_05700,2.9,40.0,Bacharelado,Região Metropolitana,Remoto,Masculino,Preta,0.4828530321425025
CAND_05701,7.9,44.0,Mestrado,Interior,Híbrido,Masculino,Amarela,0.3018811288906974
CAND_05702,2.1,31.0,Bacharelado,Capitais,Remoto,Masculino,Branca,0.769727721740384
CAND_05703,3.6,61.0,Bacharelado,Capitais,Presencial,Feminino,Branca,0.5030091902418946
CAND_05704,2.7,70.0,Bacharelado,Capitais,Híbrido,Masculino,Preta,0.4574192512046923
CAND_05705,4.4,54.0,Bacharelado,Capitais,Híbrido,Masculino,Preta,0.40258889487994365
CAND_05706,1.9,10.0,Ensino Médio,Capitais,Presencial,Masculino,Branca,0.4356267815409951
CAND_05707,0.6,70.0,Bacharelado,Região Metropolitana,Presencial,Masculino,Parda,0.5279744139722977
CAND_05708,3.7,52.0,Bacharelado,Capitais,Presencial,Feminino,Branca,0.5267444954048969
CAND_05709,4.2,10.0,Mestrado,Interior,Presencial,Masculino,Branca,0.4163867468722773
CAND_05710,8.3,24.0,Mestrado,Região Metropolitana,Híbrido,Feminino,Branca,0.35346797203825103
CAND_05711,5.2,34.0,Bacharelado,Capitais,Híbrido,Masculino,Preta,0.2949602788864581
CAND_05712,1.5,50.0,Mestrado,Interior,Remoto,Masculino,Branca,0.5004478812442901
CAND_05713,2.8,35.0,Bacharelado,Capitais,Híbrido,Masculino,Preta,0.1269811642737052
CAND_05714,7.1,37.0,Mestrado,Região Metropolitana,Remoto,Feminino,Branca,0.33215000549728824
CAND_05715,3.7,64.0,Mestrado,Região Metropolitana,Híbrido,Masculino,Branca,0.8554396444669718
CAND_05716,1.7,68.0,Doutorado,Capitais,Presencial,Masculino,Branca,0.9273794773375241
CAND_05717,5.2,64.0,Bacharelado,Interior,Remoto,Masculino,Branca,0.7037467983203011
CAND_05718,2.6,25.0,Mestrado,Região Metropolitana,Híbrido,Feminino,Preta,0.16968715575423948
CAND_05719,6.4,64.0,Mestrado,Região Metropolitana,Remoto,Masculino,Branca,0.8313782655562822
CAND_05720,6.1,43.0,Bacharelado,Região Metropolitana,Híbrido,Feminino,Preta,0.2405379795697923
CAND_05721,1.6,79.0,Doutorado,Região Metropolitana,Remoto,Masculino,Amarela,0.5325503805127634
CAND_05722,10.4,54.0,Bacharelado,Capitais,Presencial,Masculino,Branca,0.9283905538274096
CAND_05723,4.6,68.0,Doutorado,Capitais,Híbrido,Masculino,Preta,0.5198191164090715
CAND_05724,0.0,58.0,Mestrado,Capitais,Presencial,Masculino,Preta,0.6852406876372896
CAND_05725,6.1,56.0,Bacharelado,Capitais,Remoto,Masculino,Branca,0.6953242971727471
CAND_05726,0.0,44.0,Ensino Médio,Capitais,Remoto,Masculino,Preta,0.18181919804115365
CAND_05727,8.1,68.0,Bacharelado,Capitais,Híbrido,Feminino,Branca,0.9624410847971345
CAND_05728,5.2,64.0,Mestrado,Interior,Remoto,Masculino,Branca,0.5534680401786101
CAND_05729,4.6,45.0,Mestrado,Região Metropolitana,Híbrido,Feminino,Branca,0.5520039159789787
CAND_05730,4.7,43.0,Doutorado,Capitais,Remoto,Feminino,Preta,0.3508751309848414
CAND_05731,6.5,39.0,Bacharelado,Região Metropolitana,Remoto,Feminino,Branca,0.5015223189424218
CAND_05732,3.3,62.0,Mestrado,Capitais,Híbrido,Feminino,Parda,0.629874468189228
CAND_05733,4.7,54.0,Mestrado,Capitais,Híbrido,Feminino,Branca,0.640277860086327
CAND_05734,5.1,54.0,Doutorado,Interior,Remoto,Masculino,Branca,0.5150844786334494
CAND_05735,0.0,45.0,Bacharelado,Região Metropolitana,Remoto,Feminino,Branca,0.36430912597251963
CAND_05736,6.5,72.0,Bacharelado,Região Metropolitana,Híbrido,Masculino,Branca,0.7991637873844732
CAND_05737,7.0,28.0,Ensino Médio,Região Metropolitana,Híbrido,Masculino,Branca,0.6294708164509253
CAND_05738,6.1,62.0,Bacharelado,Capitais,Remoto,Feminino,Branca,0.5694300744930512
CAND_05739,5.9,65.0,Mestrado,Região Metropolitana,Híbrido,Feminino,Indígena,0.34510253257677265
CAND_05740,9.5,45.0,Bacharelado,Capitais,Presencial,Masculino,Branca,0.6807849516814226
CAND_05741,4.6,28.0,Bacharelado,Região Metropolitana,Híbrido,Feminino,Preta,0.09251474582983785
CAND_05742,4.7,56.0,Bacharelado,Capitais,Híbrido,Masculino,Branca,0.5972792686026139
CAND_05743,2.8,68.0,Bacharelado,Região Metropolitana,Híbrido,Masculino,Branca,0.6224908482078395
CAND_05744,0.0,77.0,Bacharelado,Interior,Híbrido,Masculino,Branca,0.5102227077881547
CAND_05745,6.1,60.0,Bacharelado,Capitais,Presencial,Não-binário,Amarela,0.2861127114046895
CAND_05746,3.1,41.0,Bacharelado,Capitais,Presencial,Masculino,Branca,0.8636911632352087
CAND_05747,0.0,60.0,Bacharelado,Capitais,Presencial,Masculino,Parda,0.49436986278413814
CAND_05748,4.5,58.0,Bacharelado,Região Metropolitana,Presencial,Masculino,Branca,0.39830504680260265
CAND_05749,4.4,55.0,Ensino Médio,Região Metropolitana,Híbrido,Masculino,Branca,0.642167873561925
CAND_05750,4.1,37.0,Bacharelado,Capitais,Presencial,Masculino,Indígena,0.39749922719218844
CAND_05751,5.2,59.0,Mestrado,Interior,Presencial,Masculino,Amarela,0.5543806427987739
CAND_05752,0.1,57.0,Mestrado,Região Metropolitana,Híbrido,Feminino,Branca,0.4137105830533968
CAND_05753,7.7,86.0,Bacharelado,Capitais,Remoto,Masculino,Branca,0.907513175265901
CAND_05754,6.0,51.0,Bacharelado,Capitais,Híbrido,Feminino,Branca,0.39017749761326403
CAND_05755,8.5,75.0,Ensino Médio,Capitais,Híbrido,Masculino,Branca,0.826155401688299
CAND_05756,3.1,71.0,Bacharelado,Capitais,Presencial,Masculino,Branca,0.8739974778050663
CAND_05757,6.0,51.0,Bacharelado,Região Metropolitana,Presencial,Masculino,Preta,0.512322918094209
CAND_05758,0.0,69.0,Mestrado,Capitais,Presencial,Masculino,Indígena,0.5941994154675421
CAND_05759,2.2,38.0,Ensino Médio,Capitais,Remoto,Masculino,Branca,0.42324629096839933
CAND_05760,0.6,47.0,Bacharelado,Região Metropolitana,Remoto,Masculino,Branca,0.5992877315932957
CAND_05761,5.5,42.0,Bacharelado,Capitais,Híbrido,Masculino,Parda,0.6664290654145582
CAND_05762,1.4,48.0,Mestrado,Capitais,Híbrido,Masculino,Branca,0.7987281269194914
CAND_05763,3.4,20.0,Bacharelado,Capitais,Remoto,Masculino,Branca,0.5781067792376459
CAND_05764,4.7,77.0,Ensino Médio,Região Metropolitana,Presencial,Feminino,Preta,0.30956300285849664
CAND_05765,3.5,45.0,Bacharelado,Interior,Presencial,Feminino,Parda,0.2126186228478626
CAND_05766,0.8,62.0,Bacharelado,Região Metropolitana,Presencial,Feminino,Branca,0.35751915882951574
CAND_05767,9.7,54.0,Mestrado,Capitais,Remoto,Masculino,Amarela,0.7077289557626715
CAND_05768,5.1,46.0,Bacharelado,Capitais,Presencial,Feminino,Preta,0.26180579266068654
CAND_05769,9.7,31.0,Bacharelado,Capitais,Presencial,Feminino,Preta,0.2953983675348194
CAND_05770,1.6,36.0,Bacharelado,Capitais,Remoto,Feminino,Branca,0.38974274714571955
CAND_05771,3.6,46.0,Bacharelado,Região Metropolitana,Híbrido,Não-binário,Branca,0.14980851596240344
CAND_05772,5.0,43.0,Doutorado,Interior,Híbrido,Masculino,Branca,0.6817962599972284
CAND_05773,9.3,35.0,Bacharelado,Capitais,Remoto,Feminino,Indígena,0.4438106679754606
CAND_05774,9.7,40.0,Bacharelado,Região Metropolitana,Híbrido,Masculino,Preta,0.3944959456450234
CAND_05775,3.4,57.0,Bacharelado,Capitais,Híbrido,Masculino,Branca,0.7644182049510575
CAND_05776,2.6,63.0,Mestrado,Capitais,Híbrido,Feminino,Branca,0.5377157368787314
CAND_05777,4.7,33.0,Bacharelado,Capitais,Híbrido,Masculino,Branca,0.6380022222522416
CAND_05778,8.3,37.0,Bacharelado,Capitais,Híbrido,Masculino,Branca,0.6453100757077226
CAND_05779,5.2,53.0,Mestrado,Capitais,Híbrido,Masculino,Branca,0.7634830522724311
CAND_05780,5.7,48.0,Mestrado,Interior,Remoto,Masculino,Amarela,0.24646020121693613
CAND_05781,8.3,45.0,Bacharelado,Região Metropolitana,Presencial,Masculino,Branca,0.6666472041012463
CAND_05782,7.8,64.0,Bacharelado,Capitais,Híbrido,Feminino,Preta,0.5455776583292813
CAND_05783,8.0,53.0,Doutorado,Capitais,Remoto,Masculino,Branca,0.8884490571986279
CAND_05784,6.9,26.0,Bacharelado,Capitais,Remoto,Masculino,Branca,0.6098293716944084
CAND_05785,9.1,38.0,Bacharelado,Capitais,Remoto,Masculino,Branca,0.6983824905826006
CAND_05786,1.4,25.0,Doutorado,Capitais,Presencial,Masculino,Branca,0.560030495561465
CAND_05787,11.7,47.0,Bacharelado,Capitais,Híbrido,Masculino,Amarela,0.634777023666633
CAND_05788,8.2,30.0,Bacharelado,Capitais,Híbrido,Masculino,Branca,0.5846214676124843
CAND_05789,4.5,24.0,Mestrado,Região Metropolitana,Híbrido,Masculino,Branca,0.6626789165075977
CAND_05790,8.3,19.0,Bacharelado,Interior,Híbrido,Masculino,Branca,0.5776830933858832
CAND_05791,4.0,80.0,Bacharelado,Capitais,Remoto,Masculino,Amarela,0.6691193855057468
CAND_05792,6.4,30.0,Bacharelado,Região Metropolitana,Presencial,Masculino,Branca,0.6956502646778414
CAND_05793,6.8,45.0,Bacharelado,Capitais,Remoto,Feminino,Branca,0.6105022957761062
CAND_05794,7.6,51.0,Bacharelado,Região Metropolitana,Híbrido,Masculino,Preta,0.4884416031359239
CAND_05795,3.6,52.0,Mestrado,Capitais,Híbrido,Masculino,Branca,0.864304690525979
CAND_05796,7.7,59.0,Mestrado,Capitais,Remoto,Masculino,Branca,0.8882794655832138
CAND_05797,3.7,49.0,Bacharelado,Capitais,Híbrido,Feminino,Preta,0.16160701225141377
CAND_05798,7.2,43.0,Bacharelado,Capitais,Remoto,Masculino,Branca,0.7098731675837441
CAND_05799,4.9,53.0,Mestrado,Interior,Remoto,Feminino,Parda,0.4491836962267719
CAND_05800,0.0,53.0,Bacharelado,Capitais,Presencial,Masculino,Branca,0.6590149372394463
CAND_05801,2.8,51.0,Mestrado,Capitais,Híbrido,Feminino,Preta,0.20739937834111585
CAND_05802,7.5,60.0,Mestrado,Capitais,Híbrido,Feminino,Branca,0.6450190960467304
CAND_05803,4.1,41.0,Ensino Médio,Região Metropolitana,Híbrido,Masculino,Branca,0.4693540238179773
CAND_05804,8.6,47.0,Bacharelado,Região Metropolitana,Híbrido,Masculino,Branca,0.7918042911009501
CAND_05805,1.4,30.0,Bacharelado,Interior,Presencial,Masculino,Branca,0.5318592955840565
CAND_05806,7.1,46.0,Mestrado,Região Metropolitana,Híbrido,Feminino,Parda,0.3187769773803408
CAND_05807,4.9,40.0,Bacharelado,Capitais,Híbrido,Masculino,Branca,0.6994249923651675
CAND_05808,4.3,66.0,Mestrado,Capitais,Remoto,Feminino,Preta,0.24315303125452284
CAND_05809,1.5,28.0,Mestrado,Capitais,Presencial,Masculino,Amarela,0.25306330290144086
CAND_05810,5.6,43.0,Bacharelado,Região Metropolitana,Remoto,Feminino,Parda,0.5144030691583539
CAND_05811,2.0,42.0,Bacharelado,Região Metropolitana,Híbrido,Feminino,Parda,0.4208153560991304
CAND_05812,3.1,60.0,Ensino Médio,Região Metropolitana,Presencial,Masculino,Branca,0.6236171594842019
CAND_05813,4.6,31.0,Mestrado,Capitais,Remoto,Feminino,Parda,0.365730666781269
CAND_05814,3.9,50.0,Bacharelado,Capitais,Híbrido,Masculino,Branca,0.6497139287419643
CAND_05815,8.1,51.0,Bacharelado,Região Metropolitana,Remoto,Feminino,Branca,0.45489740143084045
CAND_05816,0.0,64.0,Bacharelado,Região Metropolitana,Presencial,Feminino,Preta,0.3544548480934884
CAND_05817,4.5,37.0,Ensino Médio,Região Metropolitana,Remoto,Masculino,Branca,0.7329221646660814
CAND_05818,3.9,30.0,Bacharelado,Capitais,Híbrido,Masculino,Branca,0.6803860551430133
CAND_05819,5.0,57.0,Bacharelado,Capitais,Híbrido,Feminino,Amarela,0.33538648414232414
CAND_05820,3.4,29.0,Bacharelado,Região Metropolitana,Remoto,Masculino,Preta,0.16093470642206703
CAND_05821,8.1,42.0,Bacharelado,Capitais,Presencial,Feminino,Branca,0.50923711118485
CAND_05822,4.2,46.0,Mestrado,Região Metropolitana,Híbrido,Feminino,Amarela,0.270099072956985
CAND_05823,5.4,59.0,Ensino Médio,Capitais,Presencial,Masculino,Preta,0.37621925038029647
CAND_05824,7.7,27.0,Mestrado,Capitais,Híbrido,Masculino,Branca,0.8489325975780566
CAND_05825,5.2,46.0,Mestrado,Capitais,Presencial,Masculino,Preta,0.6746007295638805
CAND_05826,1.2,50.0,Bacharelado,Região Metropolitana,Remoto,Masculino,Amarela,0.35891092876972147
CAND_05827,3.7,37.0,Bacharelado,Capitais,Presencial,Não-binário,Branca,0.4753051462298909
CAND_05828,4.6,45.0,Bacharelado,Região Metropolitana,Remoto,Feminino,Branca,0.4523208537697752
CAND_05829,0.1,63.0,Mestrado,Capitais,Híbrido,Masculino,Preta,0.3794806221941927
CAND_05830,2.9,42.0,Mestrado,Capitais,Remoto,Feminino,Branca,0.5929621520257045
CAND_05831,4.8,45.0,Ensino Médio,Região Metropolitana,Híbrido,Masculino,Branca,0.7342303043015239
CAND_05832,11.0,63.0,Bacharelado,Região Metropolitana,Presencial,Feminino,Preta,0.42843040014964673
CAND_05833,6.1,47.0,Bacharelado,Região Metropolitana,Presencial,Masculino,Branca,0.6168413601600583
CAND_05834,5.5,70.0,Ensino Médio,Capitais,Híbrido,Masculino,Parda,0.7725056776263588
CAND_05835,10.1,25.0,Bacharelado,Capitais,Presencial,Masculino,Branca,0.6782356668358007
CAND_05836,6.8,46.0,Ensino Médio,Capitais,Remoto,Masculino,Preta,0.5101389044266823
CAND_05837,7.2,62.0,Bacharelado,Capitais,Presencial,Feminino,Amarela,0.5407669270222847
CAND_05838,3.8,39.0,Bacharelado,Capitais,Presencial,Feminino,Amarela,0.16846357274683033
CAND_05839,1.2,46.0,Bacharelado,Interior,Presencial,Masculino,Preta,0.2680480756802394
CAND_05840,5.8,69.0,Bacharelado,Capitais,Presencial,Feminino,Branca,0.5645640341622453
CAND_05841,10.5,38.0,Mestrado,Região Metropolitana,Remoto,Masculino,Branca,0.8799347403166375
CAND_05842,9.5,57.0,Bacharelado,Capitais,Presencial,Feminino,Branca,0.6234988401778494
CAND_05843,7.0,61.0,Ensino Médio,Região Metropolitana,Híbrido,Masculino,Indígena,0.6869977569894222
CAND_05844,2.9,51.0,Ensino Médio,Região Metropolitana,Híbrido,Feminino,Indígena,0.4614996288858987
CAND_05845,0.3,51.0,Mestrado,Capitais,Remoto,Feminino,Branca,0.3815704088937101
CAND_05846,2.5,35.0,Mestrado,Região Metropolitana,Híbrido,Masculino,Branca,0.6238956914262395
CAND_05847,5.7,61.0,Bacharelado,Região Metropolitana,Híbrido,Feminino,Amarela,0.42994126216444617
CAND_05848,3.6,31.0,Ensino Médio,Região Metropolitana,Híbrido,Masculino,Branca,0.4780854149346414
CAND_05849,8.0,56.0,Mestrado,Capitais,Híbrido,Feminino,Branca,0.6997552929989577
CAND_05850,0.5,42.0,Bacharelado,Região Metropolitana,Presencial,Masculino,Branca,0.4913700836952025
CAND_05851,4.6,44.0,Bacharelado,Capitais,Híbrido,Feminino,Branca,0.31378891340908677
CAND_05852,2.7,47.0,Bacharelado,Capitais,Remoto,Feminino,Branca,0.5170734002826538
CAND_05853,8.0,57.0,Mestrado,Capitais,Remoto,Não-binário,Branca,0.6644880983505791
CAND_05854,6.6,73.0,Bacharelado,Capitais,Híbrido,Feminino,Branca,0.5459008487989926
CAND_05855,2.5,52.0,Bacharelado,Capitais,Remoto,Masculino,Branca,0.6239562539303664
CAND_05856,7.6,39.0,Ensino Médio,Capitais,Híbrido,Masculino,Branca,0.6419400025868262
CAND_05857,0.1,28.0,Bacharelado,Capitais,Presencial,Masculino,Preta,0.3348847473129894
CAND_05858,0.0,67.0,Doutorado,Capitais,Remoto,Feminino,Branca,0.6685000245287497
CAND_05859,2.3,53.0,Bacharelado,Capitais,Híbrido,Masculino,Amarela,0.5110253486381335
CAND_05860,0.0,47.0,Mestrado,Capitais,Híbrido,Masculino,Branca,0.5294866470685559
CAND_05861,4.7,51.0,Mestrado,Interior,Presencial,Feminino,Branca,0.36907566685737925
CAND_05862,4.8,61.0,Bacharelado,Capitais,Remoto,Feminino,Branca,0.5218573813506459
CAND_05863,3.8,44.0,Bacharelado,Região Metropolitana,Híbrido,Feminino,Branca,0.3753631932700119
CAND_05864,6.6,40.0,Bacharelado,Capitais,Presencial,Masculino,Branca,0.7901954107552537
CAND_05865,2.8,30.0,Bacharelado,Região Metropolitana,Presencial,Feminino,Branca,0.45774639737283074
CAND_05866,1.1,34.0,Ensino Médio,Capitais,Híbrido,Não-binário,Parda,0.30610384911580324
CAND_05867,2.6,45.0,Ensino Médio,Capitais,Híbrido,Masculino,Parda,0.6735873795373415
CAND_05868,1.3,66.0,Mestrado,Interior,Remoto,Masculino,Amarela,0.39797918338715715
CAND_05869,3.2,42.0,Mestrado,Região Metropolitana,Presencial,Masculino,Branca,0.5833052442449168
CAND_05870,6.8,54.0,Bacharelado,Capitais,Remoto,Masculino,Branca,0.6375358196934066
CAND_05871,0.0,67.0,Bacharelado,Região Metropolitana,Remoto,Masculino,Branca,0.5888579691090744
CAND_05872,4.0,56.0,Bacharelado,Região Metropolitana,Híbrido,Feminino,Preta,0.12370520249732911
CAND_05873,7.9,80.0,Mestrado,Capitais,Híbrido,Masculino,Parda,1.0
CAND_05874,8.2,51.0,Bacharelado,Interior,Híbrido,Masculino,Branca,0.7050035964660134
CAND_05875,3.0,48.0,Bacharelado,Capitais,Remoto,Masculino,Branca,0.5608626155803027
CAND_05876,11.6,44.0,Bacharelado,Interior,Presencial,Masculino,Branca,0.6410756307373812
CAND_05877,1.8,80.0,Bacharelado,Região Metropolitana,Híbrido,Masculino,Amarela,0.4505848031178926
CAND_05878,4.3,68.0,Mestrado,Capitais,Presencial,Masculino,Preta,0.495537322301177
CAND_05879,1.5,28.0,Ensino Médio,Região Metropolitana,Híbrido,Masculino,Branca,0.4053232915259668
CAND_05880,6.3,82.0,Bacharelado,Região Metropolitana,Remoto,Masculino,Branca,0.7720221792554017
CAND_05881,13.4,57.0,Ensino Médio,Região Metropolitana,Presencial,Feminino,Branca,0.5544403088932071
CAND_05882,10.5,52.0,Mestrado,Região Metropolitana,Presencial,Feminino,Branca,0.6238028157601949
CAND_05883,7.5,58.0,Bacharelado,Capitais,Híbrido,Masculino,Branca,0.75311369164911
CAND_05884,3.2,36.0,Bacharelado,Capitais,Híbrido,Masculino,Amarela,0.5239812515247048
CAND_05885,4.5,53.0,Mestrado,Região Metropolitana,Híbrido,Feminino,Branca,0.5056200260542345
CAND_05886,8.3,45.0,Bacharelado,Região Metropolitana,Presencial,Feminino,Branca,0.4960610724800597
CAND_05887,7.2,45.0,Bacharelado,Capitais,Presencial,Masculino,Branca,0.6809763254005169
CAND_05888,5.2,64.0,Mestrado,Região Metropolitana,Presencial,Masculino,Branca,0.7483222887341908
CAND_05889,5.4,46.0,Mestrado,Interior,Híbrido,Masculino,Amarela,0.26502286023708477
CAND_05890,8.2,51.0,Bacharelado,Região Metropolitana,Presencial,Feminino,Parda,0.4425881016566521
CAND_05891,8.9,55.0,Mestrado,Capitais,Remoto,Feminino,Parda,0.7210198561908487
CAND_05892,0.5,64.0,Bacharelado,Capitais,Híbrido,Masculino,Amarela,0.3959824092670637
CAND_05893,5.7,69.0,Bacharelado,Interior,Presencial,Masculino,Branca,0.6733845989817718
CAND_05894,6.7,50.0,Bacharelado,Região Metropolitana,Presencial,Masculino,Branca,0.8064464652444777
CAND_05895,3.4,44.0,Doutorado,Capitais,Presencial,Masculino,Preta,0.5221505274155149
CAND_05896,8.8,79.0,Bacharelado,Interior,Híbrido,Feminino,Branca,0.5093500490524068
CAND_05897,4.1,11.0,Doutorado,Capitais,Remoto,Masculino,Branca,0.690799845050435
CAND_05898,8.9,63.0,Bacharelado,Capitais,Presencial,Masculino,Amarela,0.6272905427239595
CAND_05899,3.9,48.0,Bacharelado,Capitais,Remoto,Masculino,Amarela,0.5581376149722518
CAND_05900,5.8,59.0,Bacharelado,Interior,Híbrido,Feminino,Parda,0.383876709456151
CAND_05901,5.7,51.0,Mestrado,Capitais,Híbrido,Masculino,Branca,0.6086107177582102
CAND_05902,10.0,69.0,Bacharelado,Capitais,Híbrido,Masculino,Branca,0.8220507061524118
CAND_05903,7.2,56.0,Bacharelado,Capitais,Remoto,Não-binário,Branca,0.5423111666805833
CAND_05904,3.6,29.0,Bacharelado,Região Metropolitana,Híbrido,Masculino,Branca,0.6440480104552457
CAND_05905,4.2,28.0,Bacharelado,Capitais,Remoto,Masculino,Branca,0.675808605777137
CAND_05906,4.2,47.0,Bacharelado,Capitais,Híbrido,Masculino,Branca,0.7640309909477783
CAND_05907,5.1,59.0,Bacharelado,Região Metropolitana,Presencial,Masculino,Parda,0.6219572517041876
CAND_05908,2.2,70.0,Bacharelado,Capitais,Híbrido,Feminino,Branca,0.46021365272576975
CAND_05909,4.8,40.0,Bacharelado,Região Metropolitana,Remoto,Masculino,Branca,0.5487382242498074
CAND_05910,9.1,17.0,Bacharelado,Interior,Híbrido,Masculino,Indígena,0.27998674589726785
CAND_05911,9.0,56.0,Bacharelado,Interior,Híbrido,Masculino,Branca,0.8734071337584486
CAND_05912,0.3,51.0,Doutorado,Capitais,Presencial,Feminino,Branca,0.6934226743467827
CAND_05913,0.0,52.0,Bacharelado,Capitais,Híbrido,Masculino,Branca,0.4888253615082231
CAND_05914,3.2,33.0,Mestrado,Capitais,Híbrido,Masculino,Branca,0.6871577980320244
CAND_05915,0.0,68.0,Bacharelado,Região Metropolitana,Presencial,Feminino,Preta,0.1598999636562087
CAND_05916,1.2,38.0,Bacharelado,Capitais,Híbrido,Masculino,Branca,0.5465268140154627
CAND_05917,6.1,55.0,Mestrado,Capitais,Presencial,Feminino,Amarela,0.45429362243328675
CAND_05918,4.9,54.0,Mestrado,Região Metropolitana,Híbrido,Masculino,Branca,0.6649177000478782
CAND_05919,0.0,58.0,Bacharelado,Interior,Híbrido,Feminino,Amarela,0.03514481180337265
CAND_05920,8.5,39.0,Bacharelado,Capitais,Híbrido,Não-binário,Amarela,0.3266359169612702
CAND_05921,3.7,36.0,Ensino Médio,Capitais,Remoto,Masculino,Parda,0.652772027570477
CAND_05922,3.4,63.0,Ensino Médio,Região Metropolitana,Remoto,Masculino,Branca,0.8257265288688598
CAND_05923,8.0,58.0,Mestrado,Capitais,Presencial,Feminino,Branca,0.6960207086461541
CAND_05924,6.2,55.0,Mestrado,Capitais,Presencial,Masculino,Branca,0.7086620285264993
CAND_05925,4.9,67.0,Bacharelado,Região Metropolitana,Presencial,Masculino,Branca,0.7902317937271663
CAND_05926,3.5,55.0,Bacharelado,Capitais,Híbrido,Masculino,Branca,0.6528922344708656
CAND_05927,6.7,44.0,Mestrado,Região Metropolitana,Presencial,Masculino,Branca,0.7123991539822497
CAND_05928,3.7,58.0,Mestrado,Interior,Remoto,Masculino,Amarela,0.5641357554841838
CAND_05929,4.3,57.0,Bacharelado,Região Metropolitana,Presencial,Masculino,Branca,0.806153871919157
CAND_05930,1.5,57.0,Bacharelado,Capitais,Remoto,Masculino,Preta,0.4998575296871321
CAND_05931,8.4,37.0,Bacharelado,Região Metropolitana,Remoto,Masculino,Parda,0.784170981726903
CAND_05932,9.7,35.0,Bacharelado,Capitais,Remoto,Masculino,Branca,0.5021529160020471
CAND_05933,5.6,63.0,Bacharelado,Capitais,Presencial,Masculino,Preta,0.4468170876258485
CAND_05934,3.5,48.0,Bacharelado,Região Metropolitana,Presencial,Feminino,Branca,0.4789278897884229
CAND_05935,7.8,21.0,Bacharelado,Capitais,Remoto,Masculino,Parda,0.5882095992478944
CAND_05936,6.8,29.0,Bacharelado,Capitais,Remoto,Masculino,Branca,0.7678474241054608
CAND_05937,3.7,30.0,Bacharelado,Capitais,Presencial,Masculino,Branca,0.4774338044209284
CAND_05938,8.5,66.0,Bacharelado,Capitais,Híbrido,Masculino,Branca,0.9566875099833196
CAND_05939,3.7,49.0,Mestrado,Capitais,Presencial,Masculino,Branca,0.7750492904014378
CAND_05940,1.1,51.0,Bacharelado,Capitais,Remoto,Masculino,Branca,0.6409351260254698
CAND_05941,4.8,45.0,Mestrado,Região Metropolitana,Presencial,Não-binário,Branca,0.2644305598863931
CAND_05942,8.3,34.0,Mestrado,Região Metropolitana,Híbrido,Feminino,Branca,0.7262831108691801
CAND_05943,5.3,61.0,Mestrado,Capitais,Presencial,Masculino,Amarela,0.4844139707879709
CAND_05944,1.5,60.0,Bacharelado,Capitais,Híbrido,Masculino,Branca,0.533799970686576
CAND_05945,3.8,39.0,Ensino Médio,Região Metropolitana,Híbrido,Masculino,Preta,0.34717934466736733
CAND_05946,8.6,71.0,Bacharelado,Interior,Híbrido,Masculino,Branca,0.8201227293194158
CAND_05947,5.8,61.0,Bacharelado,Capitais,Híbrido,Feminino,Preta,0.30066985871749646
CAND_05948,4.9,37.0,Ensino Médio,Região Metropolitana,Híbrido,Feminino,Branca,0.26359899473906634
CAND_05949,4.6,46.0,Mestrado,Capitais,Presencial,Masculino,Branca,0.6820576016118077
CAND_05950,8.2,44.0,Bacharelado,Capitais,Remoto,Masculino,Preta,0.5342409431493195
CAND_05951,8.0,55.0,Bacharelado,Capitais,Híbrido,Feminino,Branca,0.5238957067397237
CAND_05952,0.8,29.0,Mestrado,Capitais,Presencial,Masculino,Branca,0.7074340964857309
CAND_05953,7.8,39.0,Bacharelado,Capitais,Remoto,Masculino,Branca,0.6332233966141796
CAND_05954,6.5,62.0,Mestrado,Capitais,Presencial,Feminino,Branca,0.47101938542640975
CAND_05955,9.8,26.0,Bacharelado,Capitais,Remoto,Masculino,Preta,0.6095235933182233
CAND_05956,4.8,47.0,Bacharelado,Capitais,Remoto,Masculino,Branca,0.6166401733012712
CAND_05957,8.4,32.0,Bacharelado,Região Metropolitana,Híbrido,Masculino,Amarela,0.49701311506835455
CAND_05958,6.4,64.0,Bacharelado,Região Metropolitana,Híbrido,Feminino,Branca,0.5893710552033823
CAND_05959,1.7,55.0,Bacharelado,Capitais,Remoto,Feminino,Branca,0.3897515768444431
CAND_05960,8.1,28.0,Doutorado,Capitais,Híbrido,Masculino,Preta,0.5872149518996637
CAND_05961,7.4,34.0,Bacharelado,Capitais,Híbrido,Masculino,Indígena,0.49218624001731315
CAND_05962,3.1,50.0,Mestrado,Região Metropolitana,Presencial,Não-binário,Branca,0.34327018067665627
CAND_05963,5.9,15.0,Bacharelado,Capitais,Remoto,Feminino,Preta,0.12360400362787977
CAND_05964,11.3,33.0,Mestrado,Capitais,Híbrido,Masculino,Preta,0.7336720244342505
CAND_05965,3.6,38.0,Bacharelado,Região Metropolitana,Presencial,Feminino,Amarela,0.20578585203275143
CAND_05966,7.2,69.0,Bacharelado,Capitais,Híbrido,Masculino,Branca,0.9130458664877354
CAND_05967,1.7,41.0,Mestrado,Capitais,Híbrido,Masculino,Branca,0.6561802507621659
CAND_05968,3.3,60.0,Doutorado,Capitais,Híbrido,Masculino,Branca,0.7539924005081667
CAND_05969,7.4,43.0,Ensino Médio,Capitais,Presencial,Masculino,Branca,0.704992583816764
CAND_05970,5.8,61.0,Mestrado,Capitais,Presencial,Feminino,Preta,0.3466647395751342
CAND_05971,4.4,27.0,Mestrado,Capitais,Presencial,Masculino,Branca,0.6022328509901378
CAND_05972,10.1,39.0,Bacharelado,Capitais,Remoto,Masculino,Branca,0.8347559151509241
CAND_05973,2.2,48.0,Bacharelado,Capitais,Presencial,Feminino,Preta,0.22986363917581634
CAND_05974,4.6,53.0,Mestrado,Capitais,Remoto,Feminino,Branca,0.49186731631825503
CAND_05975,6.5,55.0,Doutorado,Capitais,Presencial,Feminino,Preta,0.48941087208641265
CAND_05976,2.4,53.0,Mestrado,Capitais,Remoto,Masculino,Branca,0.7092778101829332
CAND_05977,6.5,58.0,Ensino Médio,Capitais,Híbrido,Masculino,Branca,0.7964204232349819
CAND_05978,8.2,50.0,Mestrado,Capitais,Remoto,Masculino,Branca,0.7479679313038909
CAND_05979,4.7,53.0,Bacharelado,Capitais,Remoto,Masculino,Branca,0.6197332733213703
CAND_05980,2.9,35.0,Bacharelado,Capitais,Híbrido,Masculino,Parda,0.5021910960413171
CAND_05981,4.1,26.0,Mestrado,Região Metropolitana,Remoto,Masculino,Branca,0.5887588089056311
CAND_05982,0.0,33.0,Mestrado,Capitais,Remoto,Masculino,Branca,0.5632151905826341
CAND_05983,8.0,25.0,Bacharelado,Região Metropolitana,Remoto,Masculino,Branca,0.737642409077905
CAND_05984,5.8,53.0,Bacharelado,Capitais,Presencial,Feminino,Branca,0.44837008557260344
CAND_05985,4.5,64.0,Bacharelado,Região Metropolitana,Híbrido,Masculino,Amarela,0.2982672621846153
CAND_05986,0.0,36.0,Bacharelado,Capitais,Híbrido,Masculino,Branca,0.5431970149274814
CAND_05987,8.3,65.0,Bacharelado,Capitais,Híbrido,Masculino,Branca,0.8763674425730139
CAND_05988,3.7,57.0,Mestrado,Capitais,Híbrido,Masculino,Amarela,0.5169699309294069
CAND_05989,6.7,42.0,Bacharelado,Capitais,Híbrido,Masculino,Amarela,0.5240920712480057
CAND_05990,5.0,45.0,Mestrado,Capitais,Remoto,Masculino,Indígena,0.5023903585696757
CAND_05991,0.2,67.0,Bacharelado,Capitais,Híbrido,Feminino,Branca,0.3793400527203558
CAND_05992,8.8,15.0,Bacharelado,Capitais,Híbrido,Masculino,Branca,0.6928840144628932
CAND_05993,8.2,67.0,Ensino Médio,Capitais,Remoto,Feminino,Branca,0.643548025179405
CAND_05994,7.3,63.0,Bacharelado,Região Metropolitana,Presencial,Masculino,Branca,0.8063675765908564
CAND_05995,5.9,41.0,Bacharelado,Região Metropolitana,Presencial,Masculino,Branca,0.6875234399616471
CAND_05996,1.4,49.0,Ensino Médio,Capitais,Presencial,Masculino,Branca,0.6157864063269098
CAND_05997,7.6,74.0,Bacharelado,Região Metropolitana,Presencial,Masculino,Indígena,0.633645572836035
CAND_05998,11.6,30.0,Bacharelado,Região Metropolitana,Presencial,Masculino,Preta,0.5217510777135861
CAND_05999,5.3,47.0,Doutorado,Capitais,Híbrido,Feminino,Branca,0.5115019574140164
CAND_06000,5.4,60.0,Bacharelado,Capitais,Remoto,Masculino,Branca,0.8725224632610653
CAND_06001,1.7,53.0,Mestrado,Região Metropolitana,Presencial,Masculino,Branca,0.7358361280795149
CAND_06002,0.0,51.0,Bacharelado,Região Metropolitana,Híbrido,Masculino,Branca,0.40564727061772876
CAND_06003,3.9,77.0,Bacharelado,Capitais,Remoto,Feminino,Indígena,0.5177964725830614
CAND_06004,9.4,33.0,Ensino Médio,Capitais,Presencial,Feminino,Branca,0.551778024685994
CAND_06005,9.0,34.0,Ensino Médio,Região Metropolitana,Presencial,Feminino,Branca,0.6567710674762294
CAND_06006,4.8,12.0,Bacharelado,Capitais,Remoto,Masculino,Amarela,0.2400932075841633
CAND_06007,6.3,34.0,Bacharelado,Região Metropolitana,Remoto,Masculino,Branca,0.47953146463403296
CAND_06008,1.3,40.0,Ensino Médio,Capitais,Híbrido,Feminino,Branca,0.43804289378480266
CAND_06009,5.3,55.0,Mestrado,Região Metropolitana,Presencial,Não-binário,Branca,0.520728918309003
CAND_06010,3.4,64.0,Bacharelado,Região Metropolitana,Híbrido,Feminino,Branca,0.33947515741513146
CAND_06011,5.2,36.0,Bacharelado,Interior,Remoto,Masculino,Branca,0.701387496539116
CAND_06012,4.2,48.0,Bacharelado,Capitais,Remoto,Masculino,Branca,0.6403615604484109
CAND_06013,4.1,71.0,Bacharelado,Capitais,Híbrido,Não-binário,Branca,0.47542902984592245
CAND_06014,8.0,47.0,Bacharelado,Capitais,Híbrido,Masculino,Preta,0.576067806146617
CAND_06015,10.9,58.0,Doutorado,Capitais,Remoto,Masculino,Preta,0.9263560478526021
CAND_06016,4.5,67.0,Bacharelado,Capitais,Remoto,Masculino,Branca,0.709919973820856
CAND_06017,9.3,36.0,Ensino Médio,Região Metropolitana,Remoto,Masculino,Branca,0.6898376990754584
CAND_06018,1.3,33.0,Bacharelado,Capitais,Presencial,Masculino,Parda,0.4090414269043316
CAND_06019,4.7,74.0,Bacharelado,Capitais,Remoto,Masculino,Preta,0.5357953282688134
CAND_06020,1.1,59.0,Bacharelado,Região Metropolitana,Híbrido,Masculino,Branca,0.7824600156365455
CAND_06021,4.1,30.0,Bacharelado,Capitais,Presencial,Feminino,Amarela,0.35069223700241886
CAND_06022,7.1,34.0,Bacharelado,Capitais,Híbrido,Feminino,Parda,0.38359615398093855
CAND_06023,8.4,47.0,Bacharelado,Região Metropolitana,Remoto,Feminino,Branca,0.5969898505652343
CAND_06024,2.7,71.0,Mestrado,Capitais,Remoto,Feminino,Amarela,0.40555578511060053
CAND_06025,6.4,65.0,Bacharelado,Capitais,Híbrido,Masculino,Branca,0.7801561225841422
CAND_06026,8.7,66.0,Ensino Médio,Capitais,Presencial,Masculino,Amarela,0.40999313298312046
CAND_06027,8.3,43.0,Mestrado,Interior,Presencial,Masculino,Parda,0.5458534030712612
CAND_06028,5.8,50.0,Bacharelado,Região Metropolitana,Híbrido,Feminino,Branca,0.3618799333868741
CAND_06029,3.2,38.0,Bacharelado,Capitais,Presencial,Feminino,Branca,0.4469644681175757
CAND_06030,2.9,44.0,Mestrado,Região Metropolitana,Híbrido,Masculino,Branca,0.5532136889770178
CAND_06031,2.5,33.0,Mestrado,Capitais,Remoto,Masculino,Preta,0.1578491264854392
CAND_06032,4.9,37.0,Bacharelado,Capitais,Híbrido,Masculino,Branca,0.6806232042315113
CAND_06033,2.5,39.0,Mestrado,Interior,Remoto,Feminino,Branca,0.36453996506734004
CAND_06034,7.0,48.0,Bacharelado,Capitais,Híbrido,Feminino,Parda,0.4079786211233506
CAND_06035,5.7,56.0,Ensino Médio,Região Metropolitana,Presencial,Feminino,Preta,0.0
CAND_06036,5.5,75.0,Doutorado,Região Metropolitana,Presencial,Masculino,Parda,0.7787124433953051
CAND_06037,0.0,45.0,Mestrado,Capitais,Híbrido,Feminino,Preta,0.09526927036113929
CAND_06038,5.1,59.0,Mestrado,Interior,Híbrido,Feminino,Preta,0.04635691796650812
CAND_06039,3.6,47.0,Bacharelado,Capitais,Híbrido,Masculino,Branca,0.6424310804613643
CAND_06040,11.5,64.0,Mestrado,Interior,Presencial,Masculino,Branca,0.7475649155674762
CAND_06041,1.2,31.0,Bacharelado,Capitais,Presencial,Masculino,Parda,0.41981621024530574
CAND_06042,4.4,42.0,Mestrado,Capitais,Presencial,Feminino,Amarela,0.33727339624070996
CAND_06043,6.1,60.0,Bacharelado,Região Metropolitana,Presencial,Masculino,Branca,0.7230240847625806
CAND_06044,2.1,59.0,Bacharelado,Capitais,Remoto,Masculino,Indígena,0.48702707206174745
CAND_06045,10.8,59.0,Bacharelado,Capitais,Presencial,Masculino,Branca,0.8723161671168107
CAND_06046,10.8,71.0,Bacharelado,Capitais,Híbrido,Masculino,Preta,0.6415276534519879
CAND_06047,2.4,24.0,Mestrado,Interior,Híbrido,Masculino,Preta,0.10083684923613624
CAND_06048,3.2,31.0,Bacharelado,Capitais,Remoto,Masculino,Preta,0.34612121169080756
CAND_06049,11.4,58.0,Mestrado,Região Metropolitana,Híbrido,Feminino,Branca,0.7201248273081287
CAND_06050,9.2,62.0,Mestrado,Interior,Híbrido,Feminino,Branca,0.5098965959369584
CAND_06051,3.9,60.0,Mestrado,Capitais,Presencial,Masculino,Branca,1.0
CAND_06052,6.3,91.0,Bacharelado,Região Metropolitana,Remoto,Feminino,Branca,0.6369777399509463
CAND_06053,0.8,36.0,Mestrado,Capitais,Híbrido,Masculino,Branca,0.6535888400719527
CAND_06054,11.6,56.0,Mestrado,Região Metropolitana,Híbrido,Feminino,Preta,0.42680924216999544
CAND_06055,5.2,49.0,Bacharelado,Capitais,Híbrido,Masculino,Indígena,0.6129358053464371
CAND_06056,6.8,59.0,Mestrado,Capitais,Remoto,Masculino,Preta,0.6310185618075377
CAND_06057,2.2,56.0,Bacharelado,Região Metropolitana,Presencial,Feminino,Branca,0.35871070027731256
CAND_06058,1.6,42.0,Bacharelado,Região Metropolitana,Remoto,Masculino,Branca,0.5751227395708894
CAND_06059,6.4,56.0,Ensino Médio,Capitais,Presencial,Masculino,Preta,0.4224388313632397
CAND_06060,10.7,51.0,Mestrado,Capitais,Presencial,Masculino,Preta,0.5610510057730078
CAND_06061,3.4,52.0,Bacharelado,Capitais,Híbrido,Feminino,Parda,0.4075521114034829
CAND_06062,2.1,67.0,Bacharelado,Região Metropolitana,Remoto,Feminino,Branca,0.440013457635607
CAND_06063,5.9,87.0,Bacharelado,Região Metropolitana,Remoto,Feminino,Branca,0.7471322938797434
CAND_06064,9.9,21.0,Bacharelado,Capitais,Presencial,Feminino,Branca,0.3998782350636529
CAND_06065,3.1,69.0,Mestrado,Capitais,Híbrido,Não-binário,Branca,0.5624868241220572
CAND_06066,4.3,60.0,Doutorado,Região Metropolitana,Presencial,Masculino,Branca,0.7995276772805182
CAND_06067,7.5,39.0,Mestrado,Região Metropolitana,Híbrido,Masculino,Indígena,0.530636033671876
CAND_06068,7.8,45.0,Bacharelado,Capitais,Presencial,Masculino,Branca,0.8504057144548668
CAND_06069,4.1,63.0,Ensino Médio,Capitais,Híbrido,Feminino,Preta,0.28667355890843405
CAND_06070,8.3,51.0,Bacharelado,Capitais,Remoto,Masculino,Branca,0.6091436463862692
CAND_06071,6.6,49.0,Mestrado,Capitais,Híbrido,Masculino,Indígena,0.7764423173437823
CAND_06072,5.0,40.0,Bacharelado,Região Metropolitana,Presencial,Masculino,Amarela,0.6480573175203218
CAND_06073,7.7,39.0,Mestrado,Capitais,Remoto,Feminino,Branca,0.7592827515005601
CAND_06074,7.3,36.0,Mestrado,Capitais,Híbrido,Feminino,Parda,0.5373491570784941
CAND_06075,1.9,42.0,Bacharelado,Capitais,Presencial,Masculino,Branca,0.4965726629754358
CAND_06076,9.5,48.0,Bacharelado,Região Metropolitana,Híbrido,Feminino,Branca,0.5485078289730767
CAND_06077,6.0,55.0,Bacharelado,Região Metropolitana,Remoto,Feminino,Branca,0.36107445294792617
CAND_06078,9.1,38.0,Bacharelado,Capitais,Presencial,Feminino,Branca,0.6360522467900488
CAND_06079,5.2,61.0,Bacharelado,Capitais,Híbrido,Masculino,Branca,0.8044003981979186
CAND_06080,5.7,36.0,Mestrado,Região Metropolitana,Presencial,Masculino,Branca,0.8798483311466441
CAND_06081,6.2,62.0,Mestrado,Capitais,Remoto,Masculino,Branca,0.906048004942491
CAND_06082,6.6,37.0,Ensino Médio,Capitais,Presencial,Masculino,Branca,0.5478155039725685
CAND_06083,9.6,80.0,Bacharelado,Região Metropolitana,Presencial,Feminino,Preta,0.5482684685153881
CAND_06084,6.4,60.0,Bacharelado,Região Metropolitana,Remoto,Masculino,Branca,0.7117041055715007
CAND_06085,4.9,63.0,Bacharelado,Capitais,Remoto,Feminino,Indígena,0.3860274546834145
CAND_06086,8.0,47.0,Bacharelado,Capitais,Híbrido,Feminino,Branca,0.5797263417600074
CAND_06087,6.3,59.0,Mestrado,Região Metropolitana,Remoto,Masculino,Preta,0.46545183334494844
CAND_06088,13.9,31.0,Mestrado,Capitais,Remoto,Masculino,Branca,0.7950520285520893
CAND_06089,5.9,35.0,Mestrado,Região Metropolitana,Presencial,Masculino,Branca,0.9018466748957414
CAND_06090,8.7,45.0,Mestrado,Capitais,Híbrido,Masculino,Branca,0.9274994013310954
CAND_06091,7.6,73.0,Bacharelado,Capitais,Remoto,Feminino,Branca,0.7079210761828879
CAND_06092,0.0,65.0,Mestrado,Região Metropolitana,Remoto,Feminino,Branca,0.46700519192983436
CAND_06093,2.8,16.0,Ensino Médio,Capitais,Híbrido,Feminino,Parda,0.07799586394886501
CAND_06094,3.7,35.0,Doutorado,Capitais,Híbrido,Feminino,Preta,0.36655293301009456
CAND_06095,0.5,49.0,Mestrado,Capitais,Remoto,Feminino,Branca,0.40550319496554144
CAND_06096,3.8,69.0,Mestrado,Região Metropolitana,Híbrido,Masculino,Amarela,0.5291347578678782
CAND_06097,0.9,54.0,Bacharelado,Capitais,Remoto,Masculino,Branca,0.724361389051589
CAND_06098,1.7,12.0,Bacharelado,Capitais,Presencial,Masculino,Branca,0.3255216931736464
CAND_06099,5.7,32.0,Bacharelado,Região Metropolitana,Remoto,Feminino,Branca,0.37968567943937087
CAND_06100,10.8,61.0,Ensino Médio,Região Metropolitana,Remoto,Feminino,Branca,0.5804649307998896
CAND_06101,0.9,53.0,Bacharelado,Região Metropolitana,Híbrido,Feminino,Branca,0.4528888263050246
CAND_06102,1.4,52.0,Bacharelado,Capitais,Híbrido,Não-binário,Branca,0.3416963851749999
CAND_06103,3.4,67.0,Bacharelado,Capitais,Híbrido,Não-binário,Branca,0.3331232447012785
CAND_06104,4.6,45.0,Bacharelado,Capitais,Remoto,Feminino,Amarela,0.2926240332046364
CAND_06105,0.4,60.0,Bacharelado,Região Metropolitana,Remoto,Feminino,Parda,0.2610045460829858
CAND_06106,2.9,75.0,Ensino Médio,Capitais,Remoto,Masculino,Branca,0.7625867062395486
CAND_06107,2.6,53.0,Bacharelado,Capitais,Híbrido,Masculino,Branca,0.7742290554785867
CAND_06108,6.0,37.0,Bacharelado,Capitais,Híbrido,Feminino,Preta,0.23719295989875042
CAND_06109,6.3,44.0,Bacharelado,Região Metropolitana,Presencial,Feminino,Amarela,0.12876748777212887
CAND_06110,4.5,36.0,Bacharelado,Capitais,Híbrido,Não-binário,Branca,0.4076242785925997
CAND_06111,3.9,16.0,Mestrado,Capitais,Híbrido,Masculino,Branca,0.6134733401930975
CAND_06112,2.9,38.0,Bacharelado,Capitais,Híbrido,Feminino,Branca,0.33656239861252735
CAND_06113,5.2,60.0,Mestrado,Região Metropolitana,Híbrido,Masculino,Branca,0.877592166551791
CAND_06114,2.1,50.0,Bacharelado,Região Metropolitana,Remoto,Masculino,Parda,0.5631022995644561
CAND_06115,9.6,70.0,Bacharelado,Capitais,Presencial,Masculino,Branca,0.8925619402555348
CAND_06116,0.5,52.0,Mestrado,Capitais,Remoto,Masculino,Branca,0.6712339972566339
CAND_06117,3.0,63.0,Bacharelado,Interior,Presencial,Feminino,Branca,0.537154063927545
CAND_06118,7.6,24.0,Bacharelado,Região Metropolitana,Remoto,Masculino,Branca,0.7533148816485362
CAND_06119,3.8,43.0,Bacharelado,Capitais,Híbrido,Não-binário,Preta,0.11593355943612701
CAND_06120,7.0,46.0,Ensino Médio,Capitais,Remoto,Masculino,Amarela,0.5681303508309552
CAND_06121,10.2,38.0,Bacharelado,Capitais,Híbrido,Masculino,Branca,0.7526845831288859
CAND_06122,7.5,73.0,Bacharelado,Capitais,Híbrido,Feminino,Branca,0.7135530283077851
CAND_06123,1.4,21.0,Mestrado,Região Metropolitana,Remoto,Feminino,Branca,0.24242138982498052
CAND_06124,1.5,48.0,Mestrado,Capitais,Presencial,Feminino,Branca,0.453202360718032
CAND_06125,4.4,67.0,Bacharelado,Interior,Híbrido,Masculino,Branca,0.44658568469663346
CAND_06126,6.3,61.0,Mestrado,Capitais,Remoto,Masculino,Branca,0.8192121161915673
CAND_06127,8.6,44.0,Bacharelado,Capitais,Remoto,Masculino,Preta,0.41147362331412984
CAND_06128,2.6,36.0,Mestrado,Capitais,Híbrido,Feminino,Branca,0.3132554155565286
CAND_06129,3.5,66.0,Mestrado,Capitais,Híbrido,Masculino,Branca,0.7953417320872097
CAND_06130,4.2,42.0,Bacharelado,Interior,Presencial,Feminino,Branca,0.19466854994538105
CAND_06131,4.2,38.0,Bacharelado,Interior,Presencial,Masculino,Branca,0.4207079718028826
CAND_06132,9.5,65.0,Bacharelado,Capitais,Remoto,Feminino,Parda,0.7931626153011754
CAND_06133,4.7,55.0,Mestrado,Região Metropolitana,Híbrido,Masculino,Branca,0.6158955541239178
CAND_06134,5.5,45.0,Bacharelado,Região Metropolitana,Híbrido,Feminino,Branca,0.409421596564671
CAND_06135,7.7,55.0,Mestrado,Capitais,Híbrido,Masculino,Branca,0.720193452317428
CAND_06136,9.8,57.0,Bacharelado,Capitais,Híbrido,Masculino,Amarela,0.764592070518028
CAND_06137,4.9,49.0,Bacharelado,Capitais,Híbrido,Feminino,Branca,0.516002778722423
CAND_06138,8.8,52.0,Bacharelado,Capitais,Híbrido,Masculino,Parda,0.8474660711397283
CAND_06139,10.5,18.0,Bacharelado,Capitais,Remoto,Masculino,Branca,0.7249220676254878
CAND_06140,4.7,48.0,Bacharelado,Capitais,Remoto,Feminino,Branca,0.5077926062154506
CAND_06141,3.3,40.0,Mestrado,Capitais,Presencial,Feminino,Branca,0.5330840983591353
CAND_06142,11.6,38.0,Bacharelado,Interior,Presencial,Masculino,Branca,0.45600536988763296
CAND_06143,8.4,40.0,Bacharelado,Capitais,Híbrido,Feminino,Amarela,0.21360860289292694
CAND_06144,5.0,43.0,Bacharelado,Região Metropolitana,Presencial,Masculino,Branca,0.6708612606888749
CAND_06145,6.9,46.0,Mestrado,Região Metropolitana,Híbrido,Feminino,Preta,0.30326897125280283
CAND_06146,1.9,52.0,Mestrado,Região Metropolitana,Remoto,Masculino,Indígena,0.38616562796242815
CAND_06147,8.3,39.0,Bacharelado,Capitais,Híbrido,Masculino,Amarela,0.5320421136793162
CAND_06148,0.0,58.0,Bacharelado,Região Metropolitana,Híbrido,Masculino,Amarela,0.35530342798355796
CAND_06149,8.2,61.0,Mestrado,Capitais,Híbrido,Masculino,Branca,0.9590544408097246
CAND_06150,2.8,61.0,Ensino Médio,Interior,Remoto,Masculino,Branca,0.5255119514257374
CAND_06151,0.0,64.0,Bacharelado,Capitais,Remoto,Masculino,Branca,0.6931583138771095
CAND_06152,0.0,41.0,Bacharelado,Capitais,Híbrido,Masculino,Preta,0.2409909754382134
CAND_06153,3.6,46.0,Bacharelado,Região Metropolitana,Presencial,Feminino,Preta,0.1231073250952811
CAND_06154,7.1,54.0,Bacharelado,Região Metropolitana,Presencial,Feminino,Branca,0.4242032031457585
CAND_06155,0.8,44.0,Doutorado,Região Metropolitana,Presencial,Masculino,Branca,0.6439288414812098
CAND_06156,1.3,33.0,Doutorado,Região Metropolitana,Híbrido,Não-binário,Branca,0.3575417118545527
CAND_06157,3.5,42.0,Mestrado,Capitais,Remoto,Feminino,Preta,0.30778533226284005
CAND_06158,7.4,75.0,Ensino Médio,Capitais,Presencial,Feminino,Branca,0.7205702675351034
CAND_06159,7.8,39.0,Mestrado,Região Metropolitana,Presencial,Masculino,Amarela,0.5059101187776659
CAND_06160,5.4,38.0,Mestrado,Capitais,Híbrido,Feminino,Branca,0.28650186535343497
CAND_06161,8.0,42.0,Bacharelado,Capitais,Remoto,Feminino,Branca,0.6634497557989463
CAND_06162,7.1,58.0,Bacharelado,Capitais,Híbrido,Masculino,Branca,0.8398264351319356
CAND_06163,3.7,55.0,Mestrado,Região Metropolitana,Híbrido,Feminino,Branca,0.4091171009671244
CAND_06164,7.7,61.0,Bacharelado,Capitais,Híbrido,Feminino,Preta,0.7682025899765998
CAND_06165,1.1,88.0,Bacharelado,Região Metropolitana,Remoto,Feminino,Parda,0.48230327549032
CAND_06166,6.5,62.0,Bacharelado,Região Metropolitana,Remoto,Não-binário,Branca,0.4153502305336295
CAND_06167,1.5,63.0,Bacharelado,Capitais,Remoto,Feminino,Branca,0.43887293370910424
CAND_06168,5.4,93.0,Mestrado,Região Metropolitana,Presencial,Masculino,Branca,0.9797454640129819
CAND_06169,8.7,57.0,Bacharelado,Região Metropolitana,Remoto,Feminino,Branca,0.4919769417283953
CAND_06170,5.6,44.0,Bacharelado,Região Metropolitana,Híbrido,Masculino,Preta,0.24054621767501966
CAND_06171,5.0,45.0,Mestrado,Capitais,Híbrido,Masculino,Amarela,0.6563396740465745
CAND_06172,5.7,66.0,Mestrado,Região Metropolitana,Híbrido,Masculino,Branca,0.775907722716886
CAND_06173,7.0,31.0,Bacharelado,Capitais,Híbrido,Masculino,Preta,0.3639620870471095
CAND_06174,11.4,21.0,Bacharelado,Capitais,Híbrido,Masculino,Branca,0.8023298427847583
CAND_06175,7.0,38.0,Bacharelado,Capitais,Presencial,Masculino,Branca,0.7048528604682021
CAND_06176,3.5,62.0,Mestrado,Capitais,Híbrido,Masculino,Branca,0.7362101331448794
CAND_06177,4.4,59.0,Ensino Médio,Capitais,Remoto,Masculino,Branca,0.6489659817115051
CAND_06178,2.3,48.0,Bacharelado,Região Metropolitana,Remoto,Masculino,Preta,0.37516066739273546
CAND_06179,1.3,66.0,Bacharelado,Interior,Híbrido,Masculino,Branca,0.6531652683368991
CAND_06180,0.0,59.0,Bacharelado,Capitais,Híbrido,Masculino,Preta,0.430338829056704
CAND_06181,3.6,55.0,Bacharelado,Capitais,Presencial,Feminino,Branca,0.6699840631085054
CAND_06182,0.8,50.0,Bacharelado,Capitais,Presencial,Feminino,Parda,0.22991389987722968
CAND_06183,5.3,63.0,Mestrado,Capitais,Presencial,Masculino,Indígena,0.5662992250329549
CAND_06184,3.5,61.0,Mestrado,Capitais,Híbrido,Masculino,Amarela,0.38457643640416617
CAND_06185,1.7,46.0,Bacharelado,Região Metropolitana,Remoto,Masculino,Preta,0.2748556275170954
CAND_06186,0.0,62.0,Bacharelado,Capitais,Híbrido,Não-binário,Branca,0.5659746609198942
CAND_06187,4.0,40.0,Bacharelado,Capitais,Remoto,Feminino,Branca,0.5036231804388291
CAND_06188,0.0,54.0,Bacharelado,Região Metropolitana,Híbrido,Masculino,Preta,0.39702238101330284
CAND_06189,7.1,56.0,Mestrado,Capitais,Remoto,Feminino,Preta,0.3986853004195433
CAND_06190,5.8,45.0,Ensino Médio,Capitais,Presencial,Masculino,Branca,0.5790724401420504
CAND_06191,4.3,52.0,Bacharelado,Capitais,Híbrido,Masculino,Branca,0.8426173263640366
CAND_06192,9.4,59.0,Bacharelado,Interior,Presencial,Feminino,Branca,0.41979001264646343
CAND_06193,5.0,34.0,Bacharelado,Capitais,Presencial,Masculino,Branca,0.6188201348482004
CAND_06194,6.2,53.0,Ensino Médio,Interior,Presencial,Feminino,Branca,0.5272150356649529
CAND_06195,7.1,83.0,Mestrado,Capitais,Presencial,Masculino,Amarela,0.7791347867703424
CAND_06196,3.4,38.0,Bacharelado,Capitais,Híbrido,Não-binário,Parda,0.407761953726324
CAND_06197,3.5,65.0,Ensino Médio,Interior,Remoto,Feminino,Branca,0.2839701613418515
CAND_06198,5.1,49.0,Bacharelado,Região Metropolitana,Presencial,Masculino,Preta,0.2601367490562879
CAND_06199,1.0,68.0,Mestrado,Capitais,Presencial,Feminino,Parda,0.35830283573360033
CAND_06200,10.4,39.0,Doutorado,Capitais,Híbrido,Masculino,Preta,0.5518048013356207
CAND_06201,5.5,50.0,Bacharelado,Capitais,Remoto,Masculino,Amarela,0.4819991121515134
CAND_06202,4.4,83.0,Bacharelado,Capitais,Híbrido,Masculino,Parda,0.7692469668968227
CAND_06203,11.3,47.0,Ensino Médio,Capitais,Presencial,Feminino,Parda,0.5365693829009153
CAND_06204,1.7,60.0,Bacharelado,Capitais,Híbrido,Masculino,Branca,0.6853471735215856
CAND_06205,9.6,59.0,Bacharelado,Capitais,Remoto,Masculino,Branca,0.8946661584061774
CAND_06206,7.4,20.0,Mestrado,Capitais,Remoto,Feminino,Branca,0.5057110789640747
CAND_06207,8.4,57.0,Doutorado,Região Metropolitana,Remoto,Feminino,Branca,0.7457812150893631
CAND_06208,4.5,31.0,Ensino Médio,Capitais,Presencial,Masculino,Preta,0.35752905048777983
CAND_06209,5.2,59.0,Bacharelado,Capitais,Remoto,Feminino,Branca,0.5543049122640458
CAND_06210,4.0,52.0,Mestrado,Interior,Presencial,Masculino,Branca,0.5210773465898599
CAND_06211,8.0,33.0,Mestrado,Região Metropolitana,Híbrido,Masculino,Amarela,0.5465131766333801
CAND_06212,6.2,32.0,Mestrado,Capitais,Híbrido,Masculino,Branca,0.574718158468055
CAND_06213,3.3,49.0,Mestrado,Capitais,Remoto,Masculino,Amarela,0.6371390551909266
CAND_06214,3.5,87.0,Bacharelado,Capitais,Presencial,Masculino,Amarela,0.7194156215049797
CAND_06215,5.0,74.0,Bacharelado,Capitais,Presencial,Masculino,Preta,0.5203013283226215
CAND_06216,4.0,55.0,Mestrado,Região Metropolitana,Presencial,Masculino,Parda,0.6102793170533932
CAND_06217,9.3,58.0,Bacharelado,Interior,Híbrido,Masculino,Branca,0.7636203965164005
CAND_06218,7.4,59.0,Bacharelado,Região Metropolitana,Remoto,Masculino,Branca,0.7282217163729431
CAND_06219,7.4,42.0,Mestrado,Capitais,Híbrido,Masculino,Preta,0.6058103532438726
CAND_06220,5.7,40.0,Mestrado,Capitais,Presencial,Masculino,Branca,0.8299449227365725
CAND_06221,2.5,63.0,Bacharelado,Capitais,Remoto,Masculino,Parda,0.5764180064545547
CAND_06222,7.1,41.0,Bacharelado,Capitais,Híbrido,Masculino,Parda,0.5065346385055955
CAND_06223,0.0,72.0,Ensino Médio,Capitais,Presencial,Feminino,Branca,0.427788779135384
CAND_06224,5.5,30.0,Mestrado,Capitais,Remoto,Não-binário,Branca,0.5191461932017417
CAND_06225,2.6,36.0,Bacharelado,Capitais,Presencial,Feminino,Branca,0.39096953911642496
CAND_06226,2.3,71.0,Bacharelado,Interior,Híbrido,Feminino,Branca,0.48236325433506516
CAND_06227,3.6,46.0,Bacharelado,Região Metropolitana,Híbrido,Masculino,Branca,0.4927953671863729
CAND_06228,4.7,48.0,Bacharelado,Capitais,Híbrido,Masculino,Preta,0.25246182436125497
CAND_06229,4.9,60.0,Bacharelado,Região Metropolitana,Remoto,Masculino,Branca,0.6955444103861099
CAND_06230,7.4,67.0,Bacharelado,Capitais,Presencial,Masculino,Preta,0.4622777589679815
CAND_06231,4.5,59.0,Mestrado,Capitais,Híbrido,Masculino,Branca,0.7298836381517775
CAND_06232,4.7,54.0,Bacharelado,Capitais,Híbrido,Feminino,Parda,0.4424352945212424
CAND_06233,0.8,62.0,Ensino Médio,Interior,Híbrido,Masculino,Branca,0.569033730183479
CAND_06234,1.2,56.0,Bacharelado,Interior,Híbrido,Masculino,Amarela,0.37442245125169293
CAND_06235,5.9,66.0,Bacharelado,Capitais,Híbrido,Masculino,Preta,0.48771230431047086
CAND_06236,6.9,93.0,Bacharelado,Capitais,Remoto,Masculino,Branca,1.0
CAND_06237,4.2,58.0,Mestrado,Interior,Presencial,Feminino,Branca,0.6287123460055918
CAND_06238,7.8,37.0,Bacharelado,Capitais,Presencial,Não-binário,Indígena,0.30582942411959707
CAND_06239,0.8,66.0,Mestrado,Capitais,Remoto,Feminino,Indígena,0.5071321616882356
CAND_06240,6.2,48.0,Ensino Médio,Região Metropolitana,Híbrido,Feminino,Branca,0.6266391827310561
CAND_06241,2.4,55.0,Bacharelado,Região Metropolitana,Remoto,Masculino,Preta,0.44157725036673257
CAND_06242,2.2,55.0,Mestrado,Capitais,Híbrido,Masculino,Branca,0.6857493562021947
CAND_06243,2.7,41.0,Bacharelado,Interior,Presencial,Masculino,Branca,0.5222970289919566
CAND_06244,4.8,44.0,Doutorado,Capitais,Presencial,Masculino,Branca,0.6806884493646216
CAND_06245,6.3,15.0,Bacharelado,Capitais,Presencial,Feminino,Branca,0.320480354172929
CAND_06246,6.1,48.0,Mestrado,Região Metropolitana,Remoto,Masculino,Preta,0.424521476043956
CAND_06247,4.1,58.0,Bacharelado,Capitais,Presencial,Feminino,Branca,0.5177300172369113
CAND_06248,6.9,50.0,Bacharelado,Região Metropolitana,Remoto,Masculino,Branca,0.7169445076228343
CAND_06249,10.1,43.0,Ensino Médio,Região Metropolitana,Híbrido,Não-binário,Branca,0.3277631302784818
CAND_06250,4.6,56.0,Bacharelado,Capitais,Híbrido,Feminino,Branca,0.6845073702637243
CAND_06251,5.3,36.0,Bacharelado,Região Metropolitana,Híbrido,Não-binário,Branca,0.3397531032011757
CAND_06252,3.2,34.0,Bacharelado,Interior,Remoto,Masculino,Preta,0.15670311468449805
CAND_06253,3.8,58.0,Doutorado,Interior,Híbrido,Masculino,Branca,0.8182125148117501
CAND_06254,8.7,59.0,Mestrado,Capitais,Remoto,Masculino,Indígena,0.7947025062448546
CAND_06255,8.8,58.0,Mestrado,Interior,Híbrido,Masculino,Branca,0.7492915546795451
CAND_06256,4.4,45.0,Bacharelado,Capitais,Híbrido,Masculino,Branca,0.7091789874872284
CAND_06257,6.5,66.0,Bacharelado,Capitais,Remoto,Feminino,Branca,0.6025321543302465
CAND_06258,7.8,33.0,Bacharelado,Região Metropolitana,Híbrido,Feminino,Parda,0.3885956897808042
CAND_06259,3.7,46.0,Bacharelado,Capitais,Híbrido,Masculino,Branca,0.680252317763922
CAND_06260,1.1,61.0,Ensino Médio,Capitais,Remoto,Masculino,Branca,0.698602797413038
CAND_06261,7.1,63.0,Bacharelado,Capitais,Híbrido,Masculino,Branca,0.7252937953842459
CAND_06262,7.7,38.0,Bacharelado,Capitais,Híbrido,Masculino,Branca,0.7575994324777217
CAND_06263,7.2,82.0,Bacharelado,Capitais,Remoto,Feminino,Branca,0.6106069250980256
CAND_06264,3.9,48.0,Mestrado,Capitais,Presencial,Masculino,Branca,0.8672842436713691
CAND_06265,9.6,51.0,Bacharelado,Capitais,Presencial,Não-binário,Indígena,0.36623807892626126
CAND_06266,5.9,65.0,Bacharelado,Capitais,Híbrido,Masculino,Branca,0.7368225784745235
CAND_06267,1.6,73.0,Doutorado,Capitais,Presencial,Masculino,Indígena,0.49078201483962025
CAND_06268,0.2,51.0,Bacharelado,Região Metropolitana,Híbrido,Masculino,Branca,0.5112312854568948
CAND_06269,4.1,68.0,Ensino Médio,Região Metropolitana,Remoto,Feminino,Branca,0.5519738078024294
CAND_06270,5.7,43.0,Bacharelado,Capitais,Híbrido,Masculino,Branca,0.8364762073684168
CAND_06271,4.1,75.0,Doutorado,Capitais,Remoto,Masculino,Branca,0.6960633695416075
CAND_06272,11.0,51.0,Mestrado,Capitais,Híbrido,Masculino,Preta,0.51187135583407
CAND_06273,6.2,55.0,Bacharelado,Capitais,Presencial,Masculino,Preta,0.5451215265201004
CAND_06274,2.1,45.0,Mestrado,Capitais,Presencial,Feminino,Branca,0.4325099601293526
CAND_06275,0.0,53.0,Bacharelado,Capitais,Híbrido,Masculino,Branca,0.8524508799451618
CAND_06276,5.7,39.0,Ensino Médio,Capitais,Híbrido,Masculino,Amarela,0.4802431110489659
CAND_06277,8.0,49.0,Mestrado,Capitais,Híbrido,Masculino,Branca,0.9209481505726901
CAND_06278,10.6,50.0,Bacharelado,Capitais,Híbrido,Masculino,Branca,0.9268337203593963
CAND_06279,4.4,34.0,Bacharelado,Capitais,Remoto,Não-binário,Preta,0.12380794862817182
CAND_06280,10.2,41.0,Bacharelado,Região Metropolitana,Híbrido,Não-binário,Branca,0.39368472268640725
CAND_06281,0.9,19.0,Bacharelado,Capitais,Remoto,Não-binário,Amarela,0.28255958549842985
CAND_06282,4.0,31.0,Mestrado,Capitais,Remoto,Masculino,Branca,0.5974027216261111
CAND_06283,2.0,50.0,Bacharelado,Região Metropolitana,Remoto,Feminino,Branca,0.33130441924762416
CAND_06284,7.4,64.0,Bacharelado,Capitais,Híbrido,Feminino,Branca,0.6334760711416739
CAND_06285,1.1,45.0,Mestrado,Região Metropolitana,Presencial,Masculino,Branca,0.5698325898793624
CAND_06286,6.2,50.0,Bacharelado,Capitais,Remoto,Masculino,Branca,0.6307459455179241
CAND_06287,1.3,67.0,Doutorado,Região Metropolitana,Híbrido,Feminino,Branca,0.5658566631350131
CAND_06288,10.3,62.0,Bacharelado,Capitais,Remoto,Masculino,Preta,0.6277793741033103
CAND_06289,3.9,62.0,Ensino Médio,Região Metropolitana,Presencial,Masculino,Amarela,0.4457381365864239
CAND_06290,6.1,52.0,Bacharelado,Capitais,Híbrido,Masculino,Branca,0.5884438814082189
CAND_06291,0.0,43.0,Bacharelado,Região Metropolitana,Híbrido,Feminino,Preta,0.0
CAND_06292,0.5,56.0,Ensino Médio,Capitais,Híbrido,Feminino,Branca,0.37885469350258144
CAND_06293,2.7,69.0,Ensino Médio,Capitais,Presencial,Masculino,Branca,0.8008178045897014
CAND_06294,7.6,77.0,Doutorado,Capitais,Remoto,Masculino,Preta,0.8090091000928801
CAND_06295,7.0,86.0,Bacharelado,Região Metropolitana,Remoto,Feminino,Amarela,0.437075585902233
CAND_06296,8.3,73.0,Bacharelado,Capitais,Presencial,Masculino,Branca,0.7426172013713538
CAND_06297,0.5,51.0,Bacharelado,Capitais,Remoto,Masculino,Preta,0.46062153830993224
CAND_06298,6.5,32.0,Ensino Médio,Capitais,Híbrido,Não-binário,Preta,0.3025981292435699
CAND_06299,3.3,59.0,Ensino Médio,Região Metropolitana,Presencial,Masculino,Branca,0.6863828584823031
CAND_06300,2.6,66.0,Bacharelado,Interior,Híbrido,Feminino,Branca,0.5406028670472717
CAND_06301,3.4,12.0,Mestrado,Capitais,Híbrido,Masculino,Indígena,0.4975309251779824
CAND_06302,4.7,28.0,Bacharelado,Capitais,Remoto,Masculino,Branca,0.7685407706322321
CAND_06303,7.0,43.0,Bacharelado,Capitais,Presencial,Masculino,Branca,0.7509318408704202
CAND_06304,8.4,38.0,Bacharelado,Capitais,Remoto,Masculino,Preta,0.3277993914151165
CAND_06305,6.6,26.0,Bacharelado,Região Metropolitana,Híbrido,Feminino,Branca,0.4036607797832671
CAND_06306,6.9,56.0,Bacharelado,Capitais,Presencial,Masculino,Branca,0.8182993087252832
CAND_06307,10.5,69.0,Bacharelado,Capitais,Remoto,Masculino,Branca,0.7734125541099756
CAND_06308,7.1,47.0,Bacharelado,Capitais,Remoto,Masculino,Branca,0.5059182769260934
CAND_06309,4.4,25.0,Bacharelado,Capitais,Remoto,Não-binário,Branca,0.351381866748751
CAND_06310,6.7,53.0,Mestrado,Interior,Presencial,Não-binário,Indígena,0.27169078963556725
CAND_06311,10.1,33.0,Bacharelado,Interior,Presencial,Feminino,Branca,0.3875537406982111
CAND_06312,2.4,35.0,Bacharelado,Capitais,Remoto,Feminino,Branca,0.5327373008444349
CAND_06313,3.7,64.0,Mestrado,Capitais,Presencial,Masculino,Branca,0.8774714582464491
CAND_06314,9.4,68.0,Bacharelado,Capitais,Híbrido,Masculino,Branca,0.9829071160425773
CAND_06315,4.1,46.0,Doutorado,Região Metropolitana,Híbrido,Feminino,Preta,0.3724554973416085
CAND_06316,7.3,61.0,Mestrado,Capitais,Presencial,Masculino,Branca,0.8076450164654004
CAND_06317,8.9,34.0,Bacharelado,Capitais,Híbrido,Masculino,Branca,0.6872745185627254
CAND_06318,1.2,58.0,Bacharelado,Região Metropolitana,Remoto,Masculino,Branca,0.5354231208711151
CAND_06319,3.8,44.0,Bacharelado,Capitais,Híbrido,Feminino,Branca,0.5281957518092965
CAND_06320,8.6,30.0,Bacharelado,Capitais,Remoto,Masculino,Branca,0.5198455767444726
CAND_06321,4.6,36.0,Bacharelado,Interior,Remoto,Masculino,Amarela,0.25931818956506325
CAND_06322,0.0,56.0,Ensino Médio,Capitais,Remoto,Masculino,Branca,0.5511937216369719
CAND_06323,3.5,28.0,Ensino Médio,Região Metropolitana,Presencial,Feminino,Branca,0.24476227366117792
CAND_06324,7.4,46.0,Doutorado,Capitais,Presencial,Feminino,Parda,0.5891109998550778
CAND_06325,8.8,66.0,Bacharelado,Capitais,Presencial,Masculino,Parda,0.7074049135722962
CAND_06326,5.2,43.0,Mestrado,Capitais,Presencial,Feminino,Branca,0.6400948806354342
CAND_06327,6.5,27.0,Bacharelado,Interior,Remoto,Masculino,Preta,0.33723670569978426
CAND_06328,3.9,46.0,Bacharelado,Capitais,Presencial,Masculino,Preta,0.49803559858132024
CAND_06329,7.7,60.0,Mestrado,Interior,Híbrido,Masculino,Branca,0.7792705926895955
CAND_06330,9.3,31.0,Ensino Médio,Capitais,Remoto,Masculino,Indígena,0.7621052128163033
CAND_06331,7.3,68.0,Mestrado,Interior,Presencial,Masculino,Parda,0.687207737632238
CAND_06332,4.6,61.0,Mestrado,Capitais,Remoto,Masculino,Preta,0.5325566821151767
CAND_06333,6.3,55.0,Bacharelado,Capitais,Remoto,Feminino,Parda,0.6999495461619767
CAND_06334,7.9,59.0,Bacharelado,Interior,Híbrido,Masculino,Amarela,0.41035999007097446
CAND_06335,5.1,52.0,Bacharelado,Capitais,Híbrido,Feminino,Branca,0.45212967012280997
CAND_06336,7.4,55.0,Mestrado,Capitais,Presencial,Feminino,Branca,0.6950122979181572
CAND_06337,6.1,51.0,Mestrado,Região Metropolitana,Remoto,Masculino,Branca,0.7392185647229079
CAND_06338,9.3,63.0,Bacharelado,Interior,Remoto,Masculino,Branca,0.8883286649851512
CAND_06339,7.1,69.0,Bacharelado,Região Metropolitana,Híbrido,Masculino,Branca,0.8063940328945423
CAND_06340,3.5,38.0,Bacharelado,Interior,Híbrido,Feminino,Branca,0.23926199903714432
CAND_06341,9.2,39.0,Bacharelado,Capitais,Híbrido,Feminino,Branca,0.6314193921302391
CAND_06342,6.4,44.0,Bacharelado,Região Metropolitana,Presencial,Masculino,Branca,0.5357790582942494
CAND_06343,4.6,41.0,Bacharelado,Região Metropolitana,Híbrido,Masculino,Branca,0.5580485503638748
CAND_06344,0.9,67.0,Ensino Médio,Interior,Presencial,Feminino,Indígena,0.2243202237585916
CAND_06345,5.7,28.0,Mestrado,Região Metropolitana,Híbrido,Masculino,Branca,0.5248910421836711
CAND_06346,10.5,58.0,Bacharelado,Capitais,Híbrido,Masculino,Branca,0.8086214857422628
CAND_06347,0.0,71.0,Bacharelado,Capitais,Híbrido,Masculino,Branca,0.7817678029051844
CAND_06348,0.0,41.0,Bacharelado,Região Metropolitana,Presencial,Masculino,Parda,0.58690976587773
CAND_06349,7.3,72.0,Bacharelado,Região Metropolitana,Híbrido,Não-binário,Preta,0.37076300335018403
CAND_06350,5.7,67.0,Ensino Médio,Capitais,Híbrido,Masculino,Amarela,0.28307460292787406
CAND_06351,7.0,45.0,Bacharelado,Capitais,Híbrido,Feminino,Preta,0.3096357030945655
CAND_06352,3.4,62.0,Bacharelado,Capitais,Híbrido,Feminino,Amarela,0.4417141031529802
CAND_06353,0.0,38.0,Mestrado,Capitais,Presencial,Feminino,Branca,0.6047087944879773
CAND_06354,2.5,33.0,Bacharelado,Capitais,Presencial,Feminino,Parda,0.21765843074181324
CAND_06355,9.7,43.0,Ensino Médio,Capitais,Presencial,Feminino,Branca,0.3902096358557443
CAND_06356,3.6,70.0,Mestrado,Capitais,Híbrido,Masculino,Preta,0.5826302762151923
CAND_06357,3.7,43.0,Bacharelado,Região Metropolitana,Presencial,Feminino,Branca,0.2604101905115781
CAND_06358,0.0,51.0,Mestrado,Região Metropolitana,Presencial,Não-binário,Branca,0.33579098112891725
CAND_06359,0.0,35.0,Doutorado,Capitais,Híbrido,Masculino,Preta,0.4399785372560806
CAND_06360,8.3,63.0,Mestrado,Capitais,Híbrido,Masculino,Branca,0.9667026087671917
CAND_06361,4.2,62.0,Bacharelado,Capitais,Híbrido,Masculino,Preta,0.534433805588699
CAND_06362,8.0,39.0,Bacharelado,Capitais,Remoto,Feminino,Branca,0.6150235384613701
CAND_06363,2.7,15.0,Mestrado,Região Metropolitana,Híbrido,Masculino,Branca,0.6069477414050759
CAND_06364,0.6,45.0,Bacharelado,Capitais,Presencial,Masculino,Indígena,0.46838922578103487
CAND_06365,4.2,57.0,Bacharelado,Capitais,Remoto,Feminino,Parda,0.49660324410111073
CAND_06366,3.3,50.0,Bacharelado,Capitais,Remoto,Masculino,Branca,0.8307992970225613
CAND_06367,2.5,51.0,Bacharelado,Capitais,Remoto,Feminino,Preta,0.27866430309839996
CAND_06368,2.6,55.0,Mestrado,Região Metropolitana,Remoto,Não-binário,Branca,0.5036076335298123
CAND_06369,4.6,42.0,Bacharelado,Região Metropolitana,Remoto,Masculino,Branca,0.6329129469565483
CAND_06370,3.5,31.0,Bacharelado,Capitais,Remoto,Feminino,Amarela,0.06317096012588891
CAND_06371,2.2,61.0,Mestrado,Região Metropolitana,Presencial,Feminino,Branca,0.46797708821008077
CAND_06372,10.4,37.0,Mestrado,Capitais,Híbrido,Masculino,Indígena,0.6890941813359455
CAND_06373,6.4,32.0,Mestrado,Região Metropolitana,Híbrido,Masculino,Branca,0.7814153433264848
CAND_06374,5.5,58.0,Bacharelado,Interior,Presencial,Feminino,Parda,0.5085892410319282
CAND_06375,4.8,33.0,Doutorado,Capitais,Remoto,Masculino,Branca,0.7033821580576309
CAND_06376,7.0,38.0,Bacharelado,Região Metropolitana,Remoto,Masculino,Branca,0.7557050814085262
CAND_06377,6.6,74.0,Bacharelado,Capitais,Remoto,Não-binário,Branca,0.48675774983506437
CAND_06378,1.9,74.0,Bacharelado,Região Metropolitana,Presencial,Masculino,Branca,0.7170736178549568
CAND_06379,0.4,68.0,Bacharelado,Capitais,Presencial,Masculino,Branca,0.7815814856613775
CAND_06380,0.0,61.0,Bacharelado,Capitais,Presencial,Feminino,Branca,0.646945828055991
CAND_06381,10.4,67.0,Doutorado,Região Metropolitana,Remoto,Masculino,Amarela,0.6262508428236404
CAND_06382,3.7,79.0,Bacharelado,Capitais,Híbrido,Masculino,Amarela,0.4854424481434246
CAND_06383,6.8,66.0,Doutorado,Capitais,Híbrido,Masculino,Branca,1.0
CAND_06384,5.6,54.0,Bacharelado,Interior,Remoto,Masculino,Branca,0.7454849846428824
CAND_06385,7.7,63.0,Doutorado,Capitais,Híbrido,Masculino,Preta,0.6779353032722087
CAND_06386,4.8,43.0,Mestrado,Região Metropolitana,Híbrido,Feminino,Preta,0.26820640571340143
CAND_06387,1.0,52.0,Bacharelado,Capitais,Remoto,Masculino,Branca,0.5898397830825303
CAND_06388,1.9,53.0,Bacharelado,Região Metropolitana,Híbrido,Masculino,Amarela,0.38521572967515344
CAND_06389,3.9,48.0,Doutorado,Capitais,Presencial,Masculino,Branca,0.5999721275036213
CAND_06390,0.2,45.0,Bacharelado,Capitais,Remoto,Masculino,Branca,0.5867936662325992
CAND_06391,2.4,69.0,Bacharelado,Interior,Remoto,Não-binário,Branca,0.3380256307243892
CAND_06392,1.4,36.0,Doutorado,Região Metropolitana,Presencial,Feminino,Branca,0.6291323586986304
CAND_06393,4.0,52.0,Bacharelado,Capitais,Híbrido,Masculino,Branca,0.8383882643119315
CAND_06394,3.5,31.0,Ensino Médio,Interior,Remoto,Masculino,Branca,0.4491706420570496
CAND_06395,5.4,20.0,Mestrado,Capitais,Remoto,Masculino,Amarela,0.3440815109763793
CAND_06396,7.6,68.0,Bacharelado,Capitais,Remoto,Masculino,Branca,0.7759078585555856
CAND_06397,4.3,69.0,Bacharelado,Capitais,Presencial,Masculino,Branca,0.7403110735594941
CAND_06398,0.5,43.0,Bacharelado,Região Metropolitana,Híbrido,Feminino,Branca,0.4353216145201133
CAND_06399,0.0,51.0,Ensino Médio,Capitais,Remoto,Feminino,Preta,0.0
CAND_06400,5.5,46.0,Bacharelado,Capitais,Híbrido,Feminino,Branca,0.4741708043117756
CAND_06401,3.0,46.0,Bacharelado,Região Metropolitana,Híbrido,Masculino,Amarela,0.3889100602764917
CAND_06402,4.5,43.0,Bacharelado,Interior,Presencial,Masculino,Branca,0.36470941391557365
CAND_06403,6.0,57.0,Mestrado,Região Metropolitana,Presencial,Masculino,Branca,0.8433196328114855
CAND_06404,9.3,44.0,Mestrado,Interior,Remoto,Feminino,Amarela,0.032444908611184875
CAND_06405,0.0,56.0,Bacharelado,Região Metropolitana,Presencial,Masculino,Branca,0.5523255181953084
CAND_06406,2.0,75.0,Bacharelado,Capitais,Remoto,Não-binário,Preta,0.23633321513832356
CAND_06407,4.7,56.0,Mestrado,Capitais,Híbrido,Masculino,Branca,0.9114788093771742
CAND_06408,1.6,52.0,Bacharelado,Região Metropolitana,Presencial,Masculino,Branca,0.6597680311442238
CAND_06409,0.5,41.0,Bacharelado,Região Metropolitana,Presencial,Feminino,Branca,0.14258684052285084
CAND_06410,8.9,50.0,Bacharelado,Região Metropolitana,Presencial,Masculino,Amarela,0.43636605070761375
CAND_06411,1.9,25.0,Bacharelado,Região Metropolitana,Híbrido,Masculino,Parda,0.2854499008568884
CAND_06412,1.1,73.0,Doutorado,Capitais,Híbrido,Feminino,Branca,0.6036082420419273
CAND_06413,1.6,36.0,Ensino Médio,Interior,Remoto,Feminino,Branca,0.09950566589531688
CAND_06414,8.3,21.0,Bacharelado,Região Metropolitana,Remoto,Masculino,Branca,0.5785737556602176
CAND_06415,2.9,48.0,Mestrado,Capitais,Híbrido,Feminino,Branca,0.38959032024742285
CAND_06416,0.8,55.0,Mestrado,Região Metropolitana,Híbrido,Masculino,Branca,0.564001930897901
CAND_06417,2.5,70.0,Mestrado,Capitais,Híbrido,Masculino,Branca,0.8549588175203793
CAND_06418,4.9,54.0,Bacharelado,Capitais,Híbrido,Masculino,Branca,0.7894516207860419
CAND_06419,7.7,64.0,Bacharelado,Capitais,Híbrido,Feminino,Branca,0.5132212678271824
CAND_06420,7.4,64.0,Bacharelado,Capitais,Presencial,Feminino,Branca,0.3648937765151782
CAND_06421,2.7,62.0,Bacharelado,Capitais,Híbrido,Masculino,Branca,0.8131769503122681
CAND_06422,3.4,33.0,Bacharelado,Capitais,Presencial,Masculino,Branca,0.5958217126233656
CAND_06423,11.3,58.0,Ensino Médio,Região Metropolitana,Remoto,Feminino,Branca,0.49463420153367954
CAND_06424,8.0,29.0,Mestrado,Região Metropolitana,Presencial,Masculino,Branca,0.5607270360598395
CAND_06425,4.2,80.0,Bacharelado,Região Metropolitana,Remoto,Feminino,Parda,0.4727670449455691
CAND_06426,0.0,60.0,Mestrado,Região Metropolitana,Presencial,Feminino,Indígena,0.2749235936428407
CAND_06427,3.6,41.0,Bacharelado,Região Metropolitana,Híbrido,Feminino,Parda,0.40555115325948515
CAND_06428,1.0,56.0,Bacharelado,Capitais,Remoto,Feminino,Branca,0.6695816932772862
CAND_06429,2.4,35.0,Bacharelado,Capitais,Presencial,Masculino,Parda,0.4759372742706218
CAND_06430,2.1,27.0,Bacharelado,Capitais,Remoto,Masculino,Branca,0.6798624333767592
CAND_06431,4.3,63.0,Bacharelado,Capitais,Híbrido,Masculino,Branca,0.6853300581243187
CAND_06432,5.2,35.0,Mestrado,Capitais,Híbrido,Feminino,Branca,0.4477357388831063
CAND_06433,2.8,47.0,Bacharelado,Interior,Remoto,Masculino,Branca,0.3058916332079065
CAND_06434,1.2,53.0,Bacharelado,Região Metropolitana,Presencial,Masculino,Indígena,0.2693305965423733
CAND_06435,4.5,47.0,Mestrado,Capitais,Remoto,Masculino,Branca,0.5370114684683528
CAND_06436,3.5,35.0,Bacharelado,Região Metropolitana,Remoto,Feminino,Indígena,0.334372892469525
CAND_06437,0.0,51.0,Mestrado,Região Metropolitana,Híbrido,Masculino,Branca,0.6592748869501073
CAND_06438,6.8,52.0,Bacharelado,Capitais,Híbrido,Feminino,Indígena,0.5535090414178379
CAND_06439,2.8,63.0,Bacharelado,Região Metropolitana,Remoto,Masculino,Preta,0.273226454548255
CAND_06440,4.2,87.0,Bacharelado,Capitais,Remoto,Masculino,Branca,0.8081016136004854
CAND_06441,4.3,20.0,Bacharelado,Região Metropolitana,Híbrido,Feminino,Parda,0.23140601497304644
CAND_06442,5.0,38.0,Bacharelado,Capitais,Híbrido,Masculino,Branca,0.6431844688479084
CAND_06443,5.4,53.0,Bacharelado,Capitais,Híbrido,Não-binário,Parda,0.2879631709731511
CAND_06444,1.1,65.0,Bacharelado,Interior,Híbrido,Feminino,Branca,0.4217844903986376
CAND_06445,5.9,55.0,Bacharelado,Capitais,Remoto,Masculino,Branca,0.6262893908314614
CAND_06446,4.0,67.0,Bacharelado,Região Metropolitana,Híbrido,Não-binário,Preta,0.1507752654713836
CAND_06447,8.3,28.0,Bacharelado,Região Metropolitana,Híbrido,Feminino,Parda,0.5149797636740159
CAND_06448,7.4,45.0,Mestrado,Interior,Remoto,Feminino,Branca,0.4491385461505968
CAND_06449,9.0,72.0,Bacharelado,Capitais,Remoto,Feminino,Branca,0.7632913760758431
CAND_06450,2.2,37.0,Bacharelado,Região Metropolitana,Híbrido,Feminino,Branca,0.3323159311637391
CAND_06451,8.9,7.0,Mestrado,Região Metropolitana,Presencial,Feminino,Amarela,0.3112742856277672
CAND_06452,5.3,38.0,Bacharelado,Região Metropolitana,Remoto,Masculino,Indígena,0.5045034012282994
CAND_06453,7.1,57.0,Mestrado,Capitais,Remoto,Masculino,Amarela,0.4122857488781284
CAND_06454,7.0,49.0,Bacharelado,Região Metropolitana,Híbrido,Masculino,Branca,0.5305128211396362
CAND_06455,6.4,31.0,Mestrado,Capitais,Híbrido,Feminino,Parda,0.3535462186107927
CAND_06456,1.7,39.0,Bacharelado,Capitais,Presencial,Masculino,Amarela,0.3830693655634747
CAND_06457,7.9,30.0,Bacharelado,Região Metropolitana,Presencial,Masculino,Amarela,0.3308252729293387
CAND_06458,6.1,32.0,Bacharelado,Capitais,Presencial,Masculino,Branca,0.7680123777094864
CAND_06459,0.6,37.0,Doutorado,Capitais,Remoto,Não-binário,Branca,0.46550391468191543
CAND_06460,3.5,52.0,Bacharelado,Capitais,Híbrido,Masculino,Amarela,0.4643832025751755
CAND_06461,1.4,14.0,Mestrado,Região Metropolitana,Híbrido,Masculino,Parda,0.44919647147913644
CAND_06462,0.7,70.0,Ensino Médio,Interior,Híbrido,Masculino,Branca,0.6435515711457784
CAND_06463,7.6,48.0,Bacharelado,Região Metropolitana,Presencial,Feminino,Branca,0.34097701595862007
CAND_06464,0.6,33.0,Bacharelado,Capitais,Remoto,Masculino,Indígena,0.48553038784613656
CAND_06465,1.0,35.0,Bacharelado,Capitais,Presencial,Masculino,Preta,0.3435694200629426
CAND_06466,10.9,40.0,Bacharelado,Região Metropolitana,Presencial,Feminino,Branca,0.8112133520707956
CAND_06467,3.7,50.0,Bacharelado,Interior,Híbrido,Masculino,Branca,0.6383951808445475
CAND_06468,7.0,52.0,Bacharelado,Capitais,Remoto,Masculino,Branca,0.7882946453976196
CAND_06469,8.4,47.0,Bacharelado,Capitais,Remoto,Feminino,Branca,0.5435794387136286
CAND_06470,7.3,39.0,Bacharelado,Capitais,Híbrido,Feminino,Branca,0.5715988769894185
CAND_06471,5.4,50.0,Bacharelado,Capitais,Híbrido,Masculino,Parda,0.5697228444562032
CAND_06472,4.9,19.0,Bacharelado,Capitais,Remoto,Masculino,Branca,0.4007149517187591
CAND_06473,6.6,32.0,Bacharelado,Capitais,Presencial,Masculino,Branca,0.6771389621828618
CAND_06474,4.3,40.0,Mestrado,Capitais,Híbrido,Feminino,Parda,0.48334630583681126
CAND_06475,7.1,30.0,Bacharelado,Interior,Híbrido,Feminino,Branca,0.18073995136563706
CAND_06476,4.2,47.0,Bacharelado,Capitais,Remoto,Masculino,Branca,0.48972590859748377
CAND_06477,4.6,30.0,Bacharelado,Região Metropolitana,Híbrido,Feminino,Branca,0.41911748667422943
CAND_06478,10.6,76.0,Mestrado,Capitais,Híbrido,Feminino,Branca,0.8399096412252466
CAND_06479,3.6,28.0,Mestrado,Região Metropolitana,Presencial,Masculino,Branca,0.5091348650315882
CAND_06480,5.1,73.0,Bacharelado,Interior,Remoto,Masculino,Preta,0.2503286532974828
CAND_06481,6.3,20.0,Ensino Médio,Capitais,Remoto,Masculino,Preta,0.4310623330354445
CAND_06482,6.5,80.0,Bacharelado,Capitais,Remoto,Feminino,Branca,0.7470985367028077
CAND_06483,5.9,59.0,Bacharelado,Região Metropolitana,Remoto,Masculino,Amarela,0.5215314501395945
CAND_06484,1.2,62.0,Bacharelado,Capitais,Remoto,Masculino,Branca,0.931560351898838
CAND_06485,5.5,30.0,Bacharelado,Interior,Presencial,Masculino,Preta,0.27255216140773403
CAND_06486,5.7,45.0,Bacharelado,Capitais,Híbrido,Feminino,Branca,0.49123170532348615
CAND_06487,8.4,46.0,Bacharelado,Capitais,Presencial,Não-binário,Preta,0.1780656256591565
CAND_06488,7.2,48.0,Bacharelado,Interior,Presencial,Masculino,Parda,0.5054321227652923
CAND_06489,8.6,69.0,Bacharelado,Região Metropolitana,Presencial,Masculino,Branca,0.6573352915408323
CAND_06490,2.0,60.0,Doutorado,Capitais,Remoto,Feminino,Parda,0.458153991404878
CAND_06491,2.0,48.0,Ensino Médio,Região Metropolitana,Remoto,Masculino,Branca,0.7074437196018494
CAND_06492,6.0,65.0,Ensino Médio,Capitais,Remoto,Masculino,Branca,0.7507509366243272
CAND_06493,8.4,68.0,Bacharelado,Capitais,Híbrido,Feminino,Branca,0.7029972968825594
CAND_06494,4.4,41.0,Ensino Médio,Capitais,Presencial,Masculino,Branca,0.42275450684235005
CAND_06495,2.8,41.0,Mestrado,Capitais,Híbrido,Masculino,Branca,0.8560825208064777
CAND_06496,0.2,82.0,Mestrado,Capitais,Híbrido,Masculino,Preta,0.6083157002405641
CAND_06497,6.1,46.0,Bacharelado,Capitais,Híbrido,Feminino,Branca,0.47663157971893055
CAND_06498,4.7,40.0,Mestrado,Capitais,Híbrido,Masculino,Branca,0.874155523179978
CAND_06499,3.7,48.0,Mestrado,Região Metropolitana,Híbrido,Feminino,Branca,0.29263620477820795
CAND_06500,7.7,66.0,Bacharelado,Capitais,Presencial,Masculino,Preta,0.8190153254963972
CAND_06501,4.7,61.0,Mestrado,Capitais,Remoto,Masculino,Preta,0.5190805970664936
CAND_06502,5.0,48.0,Mestrado,Capitais,Híbrido,Feminino,Branca,0.3982649092193875
CAND_06503,7.7,59.0,Bacharelado,Região Metropolitana,Remoto,Masculino,Branca,0.667355530004257
CAND_06504,11.6,54.0,Mestrado,Capitais,Híbrido,Feminino,Preta,0.31547025473700824
CAND_06505,3.7,48.0,Mestrado,Capitais,Remoto,Feminino,Branca,0.6150674810068567
CAND_06506,2.4,45.0,Mestrado,Região Metropolitana,Remoto,Feminino,Branca,0.38489983237169745
CAND_06507,2.0,52.0,Ensino Médio,Capitais,Híbrido,Masculino,Branca,0.36983614602238213
CAND_06508,6.4,44.0,Ensino Médio,Capitais,Híbrido,Feminino,Branca,0.286053688525969
CAND_06509,1.7,51.0,Doutorado,Região Metropolitana,Híbrido,Masculino,Branca,0.5080226983539111
CAND_06510,3.9,49.0,Bacharelado,Região Metropolitana,Presencial,Masculino,Branca,0.7272903222464291
CAND_06511,4.1,28.0,Bacharelado,Interior,Remoto,Masculino,Indígena,0.3306052176885974
CAND_06512,9.7,42.0,Mestrado,Capitais,Presencial,Masculino,Preta,0.44718973252776045
CAND_06513,8.6,46.0,Ensino Médio,Capitais,Híbrido,Masculino,Branca,0.6619328046382492
CAND_06514,0.4,78.0,Bacharelado,Capitais,Híbrido,Masculino,Parda,0.6647881290585603
CAND_06515,9.8,48.0,Bacharelado,Capitais,Híbrido,Masculino,Branca,0.7403266300005338
CAND_06516,1.4,54.0,Ensino Médio,Interior,Híbrido,Não-binário,Branca,0.12879773593091992
CAND_06517,5.5,82.0,Bacharelado,Capitais,Presencial,Feminino,Branca,0.5721610677332891
CAND_06518,2.5,26.0,Mestrado,Interior,Presencial,Masculino,Branca,0.6423348343588842
CAND_06519,3.8,27.0,Ensino Médio,Interior,Híbrido,Masculino,Branca,0.3316714549253667
CAND_06520,2.1,38.0,Mestrado,Região Metropolitana,Remoto,Masculino,Preta,0.5181815635809734
CAND_06521,10.0,45.0,Doutorado,Capitais,Presencial,Feminino,Branca,0.6395603629299026
CAND_06522,4.6,47.0,Mestrado,Capitais,Presencial,Masculino,Branca,0.798792189609437
CAND_06523,5.7,42.0,Bacharelado,Capitais,Remoto,Não-binário,Preta,0.29848477742142837
CAND_06524,1.8,31.0,Mestrado,Região Metropolitana,Presencial,Masculino,Preta,0.3145724626637931
CAND_06525,0.8,65.0,Mestrado,Capitais,Híbrido,Masculino,Preta,0.43372802157349283
CAND_06526,3.7,43.0,Mestrado,Capitais,Presencial,Não-binário,Parda,0.4668631642062197
CAND_06527,6.6,68.0,Bacharelado,Capitais,Presencial,Masculino,Preta,0.5129989357598171
CAND_06528,4.6,35.0,Bacharelado,Capitais,Híbrido,Masculino,Amarela,0.4151126466285443
CAND_06529,7.9,79.0,Bacharelado,Região Metropolitana,Presencial,Masculino,Branca,0.910228095766632
CAND_06530,5.4,25.0,Ensino Médio,Capitais,Híbrido,Feminino,Amarela,0.0914646968269568
CAND_06531,5.0,50.0,Bacharelado,Capitais,Híbrido,Feminino,Indígena,0.488221470268583
CAND_06532,6.6,35.0,Bacharelado,Capitais,Presencial,Masculino,Branca,0.7091660833360784
CAND_06533,5.3,51.0,Bacharelado,Capitais,Híbrido,Masculino,Preta,0.45888700733893256
CAND_06534,7.8,35.0,Doutorado,Capitais,Presencial,Feminino,Preta,0.3832969107482245
CAND_06535,6.7,18.0,Ensino Médio,Capitais,Remoto,Masculino,Amarela,0.2392939898934014
CAND_06536,7.7,38.0,Mestrado,Capitais,Presencial,Masculino,Branca,0.8573889910787706
CAND_06537,7.1,74.0,Ensino Médio,Capitais,Híbrido,Feminino,Branca,0.6286111015113865
CAND_06538,9.1,35.0,Bacharelado,Capitais,Híbrido,Masculino,Branca,0.944048102437081
CAND_06539,7.5,58.0,Bacharelado,Capitais,Presencial,Masculino,Parda,0.7934073243672686
CAND_06540,10.2,50.0,Bacharelado,Capitais,Híbrido,Feminino,Branca,0.564528276862712
CAND_06541,3.4,43.0,Mestrado,Capitais,Remoto,Feminino,Amarela,0.1642686683442623
CAND_06542,7.5,81.0,Bacharelado,Interior,Presencial,Feminino,Preta,0.20515771414061607
CAND_06543,0.9,45.0,Bacharelado,Capitais,Híbrido,Feminino,Branca,0.49716473480573486
CAND_06544,7.8,53.0,Doutorado,Região Metropolitana,Presencial,Feminino,Parda,0.5924738142961259
CAND_06545,5.2,51.0,Ensino Médio,Capitais,Presencial,Feminino,Parda,0.2543389577457844
CAND_06546,7.8,74.0,Bacharelado,Região Metropolitana,Híbrido,Masculino,Branca,0.6354113247950292
CAND_06547,10.0,28.0,Bacharelado,Interior,Híbrido,Feminino,Branca,0.5058588024001168
CAND_06548,7.4,84.0,Bacharelado,Região Metropolitana,Híbrido,Masculino,Branca,0.8190688304971323
CAND_06549,3.8,73.0,Bacharelado,Capitais,Híbrido,Masculino,Branca,0.7600716894416715
CAND_06550,1.7,56.0,Mestrado,Interior,Remoto,Masculino,Preta,0.2853939361176573
CAND_06551,6.6,59.0,Bacharelado,Capitais,Híbrido,Feminino,Branca,0.5920416515898352
CAND_06552,4.1,47.0,Bacharelado,Capitais,Presencial,Masculino,Branca,0.7378563967444934
CAND_06553,7.0,52.0,Mestrado,Capitais,Presencial,Masculino,Branca,0.7462453680262808
CAND_06554,3.5,56.0,Bacharelado,Interior,Presencial,Feminino,Indígena,0.3114467467360105
CAND_06555,2.2,36.0,Bacharelado,Região Metropolitana,Presencial,Não-binário,Branca,0.14791512951326077
CAND_06556,4.3,73.0,Bacharelado,Região Metropolitana,Presencial,Feminino,Amarela,0.465046347827509
CAND_06557,6.5,53.0,Bacharelado,Interior,Híbrido,Masculino,Amarela,0.4315974814142422
CAND_06558,5.4,52.0,Bacharelado,Região Metropolitana,Presencial,Masculino,Preta,0.2950134926530257
CAND_06559,2.6,37.0,Mestrado,Capitais,Híbrido,Feminino,Branca,0.6072919903944105
CAND_06560,10.4,68.0,Bacharelado,Capitais,Remoto,Feminino,Preta,0.47152150081279365
CAND_06561,4.6,49.0,Mestrado,Capitais,Presencial,Masculino,Branca,0.8380419404026078
CAND_06562,0.0,42.0,Bacharelado,Capitais,Remoto,Feminino,Branca,0.15774650667063758
CAND_06563,7.8,34.0,Mestrado,Capitais,Presencial,Masculino,Branca,0.6642222421990542
CAND_06564,5.0,48.0,Bacharelado,Capitais,Presencial,Não-binário,Parda,0.36760059016011787
CAND_06565,4.5,32.0,Mestrado,Capitais,Presencial,Masculino,Amarela,0.4734152990792386
CAND_06566,4.4,55.0,Mestrado,Região Metropolitana,Híbrido,Masculino,Preta,0.5418613898532809
CAND_06567,4.4,62.0,Bacharelado,Capitais,Híbrido,Masculino,Branca,0.825333595234144
CAND_06568,10.0,44.0,Bacharelado,Capitais,Híbrido,Masculino,Parda,0.49361410441699943
CAND_06569,6.4,54.0,Bacharelado,Região Metropolitana,Remoto,Feminino,Branca,0.4320917785477919
CAND_06570,5.8,68.0,Bacharelado,Interior,Presencial,Masculino,Parda,0.5433421494577628
CAND_06571,4.2,47.0,Bacharelado,Região Metropolitana,Presencial,Feminino,Preta,0.21137518427982807
CAND_06572,10.2,48.0,Mestrado,Capitais,Remoto,Masculino,Branca,0.9409198540550705
CAND_06573,7.5,50.0,Bacharelado,Capitais,Remoto,Feminino,Branca,0.6351977733701937
CAND_06574,8.0,43.0,Bacharelado,Região Metropolitana,Remoto,Masculino,Parda,0.7205425384423987
CAND_06575,5.8,45.0,Mestrado,Capitais,Presencial,Masculino,Branca,0.7146611336786296
CAND_06576,8.0,38.0,Bacharelado,Região Metropolitana,Presencial,Feminino,Branca,0.522864143917645
CAND_06577,6.2,56.0,Bacharelado,Capitais,Híbrido,Masculino,Branca,0.5705288891205919
CAND_06578,3.9,49.0,Bacharelado,Capitais,Presencial,Masculino,Branca,0.728766349015353
CAND_06579,6.1,59.0,Mestrado,Região Metropolitana,Remoto,Feminino,Branca,0.7130359497151255
CAND_06580,11.3,65.0,Bacharelado,Região Metropolitana,Híbrido,Masculino,Branca,0.679666783953041
CAND_06581,5.6,34.0,Bacharelado,Região Metropolitana,Remoto,Masculino,Preta,0.3442619221627491
CAND_06582,8.8,37.0,Bacharelado,Região Metropolitana,Presencial,Feminino,Amarela,0.3958735971485618
CAND_06583,8.6,60.0,Bacharelado,Capitais,Híbrido,Feminino,Parda,0.6358729004906272
CAND_06584,6.7,46.0,Bacharelado,Interior,Híbrido,Masculino,Branca,0.6959932569634416
CAND_06585,10.0,51.0,Bacharelado,Região Metropolitana,Híbrido,Masculino,Branca,0.7817177698933753
CAND_06586,0.0,51.0,Bacharelado,Capitais,Híbrido,Masculino,Branca,0.7509770514832883
CAND_06587,0.0,36.0,Bacharelado,Região Metropolitana,Híbrido,Feminino,Branca,0.3527901447747618
CAND_06588,10.2,58.0,Bacharelado,Capitais,Remoto,Não-binário,Preta,0.32215512875223357
CAND_06589,3.1,54.0,Bacharelado,Capitais,Presencial,Masculino,Branca,0.7042968993627924
CAND_06590,5.3,35.0,Bacharelado,Região Metropolitana,Híbrido,Masculino,Branca,0.684002882988832
CAND_06591,10.3,48.0,Bacharelado,Capitais,Presencial,Masculino,Branca,0.7868027152029073
CAND_06592,5.6,48.0,Bacharelado,Interior,Híbrido,Masculino,Branca,0.5304302696191533
CAND_06593,10.1,61.0,Bacharelado,Capitais,Híbrido,Feminino,Branca,0.6453205171350598
CAND_06594,3.8,68.0,Bacharelado,Capitais,Híbrido,Masculino,Indígena,0.42516435108471684
CAND_06595,6.8,50.0,Mestrado,Capitais,Remoto,Masculino,Branca,0.6509933932756368
CAND_06596,5.2,25.0,Bacharelado,Região Metropolitana,Remoto,Masculino,Amarela,0.22686369353577468
CAND_06597,9.5,61.0,Mestrado,Região Metropolitana,Presencial,Masculino,Branca,0.8862720062221774
CAND_06598,4.2,83.0,Bacharelado,Capitais,Híbrido,Masculino,Amarela,0.7898400523345667
CAND_06599,2.1,61.0,Bacharelado,Capitais,Híbrido,Masculino,Branca,0.613689591057551
CAND_06600,3.6,46.0,Doutorado,Capitais,Híbrido,Masculino,Branca,0.754573792586558
CAND_06601,3.7,56.0,Mestrado,Região Metropolitana,Remoto,Feminino,Branca,0.5255079232334847
CAND_06602,3.1,62.0,Bacharelado,Região Metropolitana,Presencial,Masculino,Branca,0.44172989432216214
CAND_06603,2.9,52.0,Mestrado,Região Metropolitana,Remoto,Masculino,Branca,0.6957943914017787
CAND_06604,8.4,70.0,Bacharelado,Região Metropolitana,Remoto,Feminino,Preta,0.4708267203748777
CAND_06605,9.2,33.0,Mestrado,Capitais,Híbrido,Masculino,Branca,0.6762311877678859
CAND_06606,6.2,44.0,Bacharelado,Capitais,Híbrido,Masculino,Branca,0.6861638070728149
CAND_06607,3.1,57.0,Doutorado,Capitais,Presencial,Feminino,Preta,0.4168164435559837
CAND_06608,3.2,60.0,Bacharelado,Capitais,Presencial,Masculino,Branca,0.6114044581616501
CAND_06609,0.0,42.0,Ensino Médio,Capitais,Remoto,Masculino,Branca,0.513661376647061
CAND_06610,6.1,43.0,Mestrado,Região Metropolitana,Presencial,Não-binário,Branca,0.5339361191197562
CAND_06611,3.0,40.0,Mestrado,Região Metropolitana,Híbrido,Feminino,Branca,0.22316154988392928
CAND_06612,9.4,39.0,Mestrado,Capitais,Remoto,Feminino,Branca,0.6204969907133212
CAND_06613,0.9,58.0,Bacharelado,Capitais,Híbrido,Masculino,Branca,0.5954518497615079
CAND_06614,3.2,49.0,Mestrado,Capitais,Híbrido,Feminino,Branca,0.6092837215498699
CAND_06615,4.7,69.0,Bacharelado,Capitais,Presencial,Masculino,Branca,0.953552207634744
CAND_06616,6.4,34.0,Mestrado,Capitais,Híbrido,Não-binário,Parda,0.27187215964941647
CAND_06617,10.4,48.0,Bacharelado,Região Metropolitana,Híbrido,Masculino,Branca,0.6016252867740896
CAND_06618,0.9,61.0,Mestrado,Região Metropolitana,Remoto,Feminino,Branca,0.39177480541744963
CAND_06619,4.1,55.0,Doutorado,Capitais,Presencial,Masculino,Branca,0.8610346020163785
CAND_06620,0.7,34.0,Bacharelado,Capitais,Remoto,Masculino,Amarela,0.34319164765948423
CAND_06621,7.4,67.0,Mestrado,Capitais,Presencial,Masculino,Preta,0.7719406602458181
CAND_06622,3.1,51.0,Bacharelado,Capitais,Híbrido,Masculino,Preta,0.2786817235569491
CAND_06623,4.7,79.0,Bacharelado,Região Metropolitana,Presencial,Feminino,Branca,0.4712194214732324
CAND_06624,4.5,48.0,Bacharelado,Capitais,Remoto,Feminino,Parda,0.617975092206927
CAND_06625,5.3,67.0,Mestrado,Região Metropolitana,Híbrido,Masculino,Branca,0.7600054319011673
CAND_06626,4.5,45.0,Bacharelado,Capitais,Presencial,Feminino,Preta,0.4254944671834376
CAND_06627,2.1,46.0,Bacharelado,Interior,Híbrido,Feminino,Amarela,0.15423138579896223
CAND_06628,5.3,57.0,Doutorado,Interior,Remoto,Feminino,Branca,0.5011013625968223
CAND_06629,2.6,24.0,Bacharelado,Capitais,Presencial,Masculino,Branca,0.6092351621854187
CAND_06630,7.4,20.0,Bacharelado,Capitais,Remoto,Feminino,Branca,0.2492912058430245
CAND_06631,5.2,40.0,Mestrado,Região Metropolitana,Remoto,Masculino,Branca,0.7895183985255814
CAND_06632,1.9,31.0,Bacharelado,Região Metropolitana,Híbrido,Feminino,Preta,0.09520174815795954
CAND_06633,12.2,16.0,Ensino Médio,Capitais,Presencial,Masculino,Branca,0.45754057642298057
CAND_06634,10.0,61.0,Mestrado,Capitais,Presencial,Feminino,Preta,0.44779700749079254
CAND_06635,12.3,38.0,Bacharelado,Região Metropolitana,Híbrido,Masculino,Branca,0.7237339035313681
CAND_06636,4.0,45.0,Bacharelado,Região Metropolitana,Híbrido,Masculino,Parda,0.6735236417936991
CAND_06637,2.5,52.0,Bacharelado,Capitais,Presencial,Feminino,Branca,0.38936644505998114
CAND_06638,7.4,58.0,Mestrado,Região Metropolitana,Presencial,Feminino,Preta,0.3719501214543417
CAND_06639,8.3,54.0,Bacharelado,Região Metropolitana,Híbrido,Feminino,Parda,0.41364411324290223
CAND_06640,5.6,53.0,Mestrado,Capitais,Remoto,Feminino,Preta,0.11116570374826018
CAND_06641,0.0,57.0,Bacharelado,Capitais,Remoto,Masculino,Branca,0.4834554314021994
CAND_06642,2.1,43.0,Mestrado,Capitais,Híbrido,Feminino,Branca,0.45111698079924034
CAND_06643,6.3,39.0,Mestrado,Capitais,Presencial,Masculino,Branca,0.6945349768491151
CAND_06644,3.0,15.0,Bacharelado,Capitais,Híbrido,Masculino,Branca,0.5575048887569681
CAND_06645,0.9,60.0,Mestrado,Capitais,Remoto,Feminino,Branca,0.4612096490450945
CAND_06646,4.2,40.0,Bacharelado,Capitais,Presencial,Feminino,Indígena,0.18546570939799079
CAND_06647,0.0,80.0,Bacharelado,Capitais,Presencial,Masculino,Preta,0.4411338522118151
CAND_06648,3.2,61.0,Bacharelado,Capitais,Híbrido,Masculino,Branca,0.5339358472007641
CAND_06649,3.7,64.0,Mestrado,Capitais,Híbrido,Feminino,Branca,0.5707413805096568
CAND_06650,5.9,61.0,Bacharelado,Capitais,Remoto,Masculino,Branca,0.5334005193004033
CAND_06651,6.6,58.0,Bacharelado,Capitais,Presencial,Não-binário,Preta,0.2976655604364331
CAND_06652,6.1,57.0,Bacharelado,Capitais,Remoto,Feminino,Branca,0.589082503294215
CAND_06653,7.7,59.0,Mestrado,Capitais,Remoto,Feminino,Branca,0.7627395791249177
CAND_06654,4.5,53.0,Bacharelado,Região Metropolitana,Presencial,Masculino,Amarela,0.400928025685724
CAND_06655,0.6,41.0,Bacharelado,Capitais,Presencial,Masculino,Parda,0.5898301207660324
CAND_06656,5.1,32.0,Mestrado,Capitais,Híbrido,Feminino,Branca,0.3113141068730131
CAND_06657,2.4,56.0,Mestrado,Capitais,Híbrido,Masculino,Branca,0.7513224945444695
CAND_06658,0.9,69.0,Ensino Médio,Capitais,Presencial,Masculino,Parda,0.5211746359988011
CAND_06659,6.7,48.0,Bacharelado,Região Metropolitana,Remoto,Masculino,Branca,0.6194534662700564
CAND_06660,0.8,52.0,Bacharelado,Capitais,Presencial,Masculino,Parda,0.7359691760903272
CAND_06661,7.0,30.0,Bacharelado,Capitais,Remoto,Masculino,Preta,0.3289477468517763
CAND_06662,1.1,43.0,Bacharelado,Capitais,Híbrido,Masculino,Branca,0.6414583287211975
CAND_06663,4.1,32.0,Mestrado,Capitais,Presencial,Masculino,Preta,0.41077029743357785
CAND_06664,3.3,33.0,Bacharelado,Região Metropolitana,Híbrido,Masculino,Parda,0.5875177391001762
CAND_06665,8.4,51.0,Bacharelado,Capitais,Híbrido,Masculino,Amarela,0.4617430727908747
CAND_06666,6.8,49.0,Mestrado,Capitais,Presencial,Masculino,Branca,0.6330386009451008
CAND_06667,2.5,62.0,Bacharelado,Região Metropolitana,Presencial,Masculino,Indígena,0.37478880704917267
CAND_06668,4.5,61.0,Bacharelado,Capitais,Presencial,Masculino,Branca,0.5814828622260736
CAND_06669,9.0,37.0,Bacharelado,Capitais,Híbrido,Feminino,Branca,0.48812283786984395
CAND_06670,9.5,21.0,Bacharelado,Capitais,Remoto,Feminino,Preta,0.2064903283028052
CAND_06671,0.9,36.0,Mestrado,Capitais,Remoto,Masculino,Preta,0.42462660848331246
CAND_06672,8.9,39.0,Bacharelado,Região Metropolitana,Presencial,Masculino,Preta,0.4920788611501118
CAND_06673,8.7,58.0,Mestrado,Região Metropolitana,Presencial,Masculino,Branca,0.6511087667784135
CAND_06674,5.5,59.0,Bacharelado,Capitais,Remoto,Feminino,Branca,0.5971271322432095
CAND_06675,4.7,49.0,Bacharelado,Capitais,Presencial,Masculino,Preta,0.3652714637206759
CAND_06676,3.3,61.0,Bacharelado,Interior,Remoto,Masculino,Branca,0.6201720476677659
CAND_06677,1.2,88.0,Doutorado,Capitais,Remoto,Feminino,Branca,0.42639902755780307
CAND_06678,6.0,48.0,Mestrado,Capitais,Presencial,Feminino,Amarela,0.33848573621579164
CAND_06679,4.5,47.0,Ensino Médio,Capitais,Remoto,Feminino,Amarela,0.25003284901518485
CAND_06680,6.3,37.0,Bacharelado,Capitais,Presencial,Masculino,Preta,0.37867634886723955
CAND_06681,6.4,55.0,Bacharelado,Capitais,Remoto,Masculino,Branca,0.7564888868703387
CAND_06682,12.6,67.0,Bacharelado,Capitais,Híbrido,Masculino,Indígena,0.8764681764785223
CAND_06683,8.6,43.0,Bacharelado,Região Metropolitana,Remoto,Masculino,Branca,0.6634815218800134
CAND_06684,6.6,44.0,Mestrado,Capitais,Remoto,Não-binário,Branca,0.5967072613066762
CAND_06685,0.0,42.0,Ensino Médio,Interior,Presencial,Masculino,Amarela,0.2379727864855239
CAND_06686,6.2,33.0,Bacharelado,Capitais,Híbrido,Masculino,Branca,0.5822192741888227
CAND_06687,9.7,52.0,Bacharelado,Capitais,Híbrido,Feminino,Preta,0.09456691526625799
CAND_06688,3.7,53.0,Bacharelado,Capitais,Remoto,Não-binário,Branca,0.4382553866452737
CAND_06689,11.6,49.0,Bacharelado,Capitais,Híbrido,Masculino,Branca,0.9520426961102383
CAND_06690,6.6,78.0,Mestrado,Capitais,Híbrido,Masculino,Branca,1.0
CAND_06691,5.9,56.0,Mestrado,Capitais,Presencial,Masculino,Branca,0.8227372572600805
CAND_06692,2.0,33.0,Mestrado,Capitais,Presencial,Feminino,Branca,0.36461800972120956
CAND_06693,9.5,59.0,Mestrado,Capitais,Remoto,Feminino,Branca,0.7466447505495503
CAND_06694,2.5,45.0,Bacharelado,Região Metropolitana,Remoto,Feminino,Branca,0.24612787946823436
CAND_06695,3.3,45.0,Ensino Médio,Interior,Híbrido,Feminino,Indígena,0.13582764863529742
CAND_06696,0.0,47.0,Mestrado,Região Metropolitana,Híbrido,Não-binário,Branca,0.4373893966710174
CAND_06697,7.7,46.0,Bacharelado,Região Metropolitana,Remoto,Masculino,Branca,0.6800375340188128
CAND_06698,6.8,54.0,Bacharelado,Capitais,Híbrido,Masculino,Branca,0.6446651445944973
CAND_06699,5.0,82.0,Bacharelado,Capitais,Híbrido,Masculino,Branca,0.8215093868795482
CAND_06700,7.2,44.0,Bacharelado,Capitais,Presencial,Masculino,Branca,0.75393824388406
CAND_06701,6.9,51.0,Doutorado,Região Metropolitana,Remoto,Masculino,Branca,0.6914419401546944
CAND_06702,3.9,54.0,Bacharelado,Capitais,Presencial,Masculino,Branca,0.6519674193305877
CAND_06703,2.6,42.0,Mestrado,Capitais,Presencial,Masculino,Amarela,0.5538521317626303
CAND_06704,0.0,44.0,Bacharelado,Capitais,Presencial,Masculino,Branca,0.6720592624137454
CAND_06705,4.5,65.0,Bacharelado,Capitais,Presencial,Masculino,Parda,0.7122363226884161
CAND_06706,1.1,42.0,Bacharelado,Capitais,Presencial,Masculino,Preta,0.25803135677385625
CAND_06707,5.5,37.0,Bacharelado,Região Metropolitana,Híbrido,Masculino,Indígena,0.24177697723152866
CAND_06708,4.5,77.0,Bacharelado,Interior,Remoto,Masculino,Branca,0.6758920590880926
CAND_06709,3.8,32.0,Ensino Médio,Capitais,Remoto,Masculino,Indígena,0.2519060761006232
CAND_06710,8.1,63.0,Bacharelado,Capitais,Híbrido,Masculino,Preta,0.5789028040986192
CAND_06711,2.0,47.0,Ensino Médio,Região Metropolitana,Presencial,Masculino,Branca,0.46493395235668555
CAND_06712,0.0,32.0,Bacharelado,Capitais,Remoto,Feminino,Branca,0.39261108853056687
CAND_06713,4.3,44.0,Doutorado,Capitais,Presencial,Masculino,Preta,0.3997926540152733
CAND_06714,2.8,47.0,Bacharelado,Região Metropolitana,Remoto,Masculino,Amarela,0.2483020646675717
CAND_06715,5.4,26.0,Bacharelado,Capitais,Remoto,Masculino,Branca,0.648143879284465
CAND_06716,2.3,56.0,Bacharelado,Capitais,Remoto,Masculino,Amarela,0.46575586415439324
CAND_06717,6.3,55.0,Bacharelado,Capitais,Remoto,Feminino,Branca,0.6162286546146698
CAND_06718,2.1,45.0,Bacharelado,Capitais,Híbrido,Masculino,Parda,0.701256417643817
CAND_06719,2.0,57.0,Bacharelado,Região Metropolitana,Remoto,Masculino,Amarela,0.37010854240432267
CAND_06720,6.8,53.0,Mestrado,Capitais,Híbrido,Masculino,Branca,0.87241851904531
CAND_06721,4.9,69.0,Bacharelado,Capitais,Remoto,Feminino,Branca,0.4099994167176424
CAND_06722,1.4,34.0,Ensino Médio,Interior,Presencial,Feminino,Preta,0.0
CAND_06723,2.1,46.0,Bacharelado,Região Metropolitana,Híbrido,Masculino,Preta,0.32537772003219906
CAND_06724,3.9,65.0,Ensino Médio,Capitais,Presencial,Feminino,Parda,0.40014451075797874
CAND_06725,1.6,58.0,Mestrado,Região Metropolitana,Remoto,Masculino,Branca,0.4423920930965006
CAND_06726,4.1,15.0,Ensino Médio,Região Metropolitana,Híbrido,Não-binário,Preta,0.11805543065712601
CAND_06727,4.2,25.0,Ensino Médio,Capitais,Presencial,Masculino,Branca,0.31774458609122797
CAND_06728,2.2,50.0,Bacharelado,Capitais,Presencial,Masculino,Branca,0.5968563798861631
CAND_06729,7.0,75.0,Bacharelado,Região Metropolitana,Remoto,Masculino,Branca,0.8824553524097606
CAND_06730,1.9,44.0,Bacharelado,Capitais,Remoto,Masculino,Preta,0.3412448125499595
CAND_06731,8.7,60.0,Ensino Médio,Região Metropolitana,Remoto,Masculino,Indígena,0.622708122177102
CAND_06732,4.3,51.0,Mestrado,Capitais,Híbrido,Masculino,Branca,0.6613663103802053
CAND_06733,3.0,59.0,Mestrado,Capitais,Híbrido,Feminino,Branca,0.5580086211216265
CAND_06734,6.6,66.0,Bacharelado,Capitais,Híbrido,Masculino,Branca,0.9332852994914995
CAND_06735,5.1,64.0,Bacharelado,Capitais,Híbrido,Feminino,Branca,0.5096064716879853
CAND_06736,7.3,64.0,Bacharelado,Capitais,Remoto,Masculino,Branca,0.8484948833563462
CAND_06737,0.0,41.0,Bacharelado,Capitais,Remoto,Feminino,Branca,0.33699240371613554
CAND_06738,6.6,48.0,Mestrado,Capitais,Remoto,Masculino,Branca,0.7864355948157907
CAND_06739,3.4,58.0,Bacharelado,Interior,Remoto,Feminino,Amarela,0.19606915258231675
CAND_06740,5.1,57.0,Mestrado,Região Metropolitana,Híbrido,Masculino,Branca,0.6062944637737153
CAND_06741,4.7,59.0,Mestrado,Capitais,Remoto,Masculino,Branca,0.6717793990281928
CAND_06742,9.0,23.0,Mestrado,Capitais,Remoto,Masculino,Branca,0.6585709840866971
CAND_06743,0.0,68.0,Bacharelado,Capitais,Presencial,Feminino,Branca,0.5393357293113802
CAND_06744,9.8,24.0,Bacharelado,Capitais,Remoto,Masculino,Branca,0.7861019795339278
CAND_06745,7.1,39.0,Bacharelado,Capitais,Remoto,Masculino,Branca,0.8693399904725972
CAND_06746,5.5,53.0,Bacharelado,Interior,Remoto,Feminino,Branca,0.3314182614416454
CAND_06747,0.7,50.0,Bacharelado,Região Metropolitana,Híbrido,Masculino,Branca,0.5083740587675439
CAND_06748,0.0,71.0,Bacharelado,Interior,Presencial,Feminino,Branca,0.345839429791452
CAND_06749,3.3,32.0,Mestrado,Capitais,Híbrido,Feminino,Branca,0.33334182519579764
CAND_06750,6.9,45.0,Bacharelado,Capitais,Híbrido,Masculino,Preta,0.5635477378703746
CAND_06751,5.0,20.0,Ensino Médio,Capitais,Híbrido,Masculino,Branca,0.43395063451829585
CAND_06752,6.7,52.0,Bacharelado,Região Metropolitana,Presencial,Masculino,Branca,0.5783914969284473
CAND_06753,0.6,47.0,Bacharelado,Capitais,Híbrido,Masculino,Preta,0.21168444429731362
CAND_06754,5.1,31.0,Mestrado,Capitais,Remoto,Masculino,Branca,0.6086523409687989
CAND_06755,8.3,70.0,Ensino Médio,Capitais,Remoto,Masculino,Branca,0.7635302750365823
CAND_06756,9.4,66.0,Bacharelado,Região Metropolitana,Híbrido,Feminino,Amarela,0.32472645863992616
CAND_06757,1.2,51.0,Mestrado,Capitais,Presencial,Masculino,Branca,0.5724394194454298
CAND_06758,3.9,67.0,Ensino Médio,Capitais,Híbrido,Não-binário,Branca,0.5945036503385912
CAND_06759,4.0,49.0,Bacharelado,Região Metropolitana,Remoto,Feminino,Preta,0.14415604307637334
CAND_06760,3.1,61.0,Bacharelado,Capitais,Híbrido,Masculino,Branca,0.7386133865277775
CAND_06761,7.7,63.0,Bacharelado,Região Metropolitana,Remoto,Masculino,Branca,0.8018274984366557
CAND_06762,13.6,34.0,Mestrado,Capitais,Híbrido,Masculino,Branca,0.8007324882362085
CAND_06763,1.7,56.0,Bacharelado,Capitais,Híbrido,Feminino,Branca,0.3278348943876188
CAND_06764,6.3,53.0,Bacharelado,Capitais,Presencial,Feminino,Branca,0.4808698513031102
CAND_06765,5.9,35.0,Ensino Médio,Interior,Remoto,Masculino,Preta,0.24509139269794053
CAND_06766,6.0,31.0,Bacharelado,Capitais,Híbrido,Masculino,Branca,0.542656000018264
CAND_06767,9.0,57.0,Bacharelado,Região Metropolitana,Híbrido,Masculino,Branca,0.8099271185745398
CAND_06768,6.1,46.0,Bacharelado,Interior,Remoto,Masculino,Branca,0.28445048474100076
CAND_06769,0.0,28.0,Bacharelado,Capitais,Remoto,Feminino,Branca,0.3077126704910801
CAND_06770,0.7,59.0,Bacharelado,Capitais,Híbrido,Masculino,Amarela,0.5112649861665981
CAND_06771,1.8,64.0,Doutorado,Interior,Híbrido,Feminino,Branca,0.5493207370832552
CAND_06772,2.8,32.0,Bacharelado,Capitais,Híbrido,Masculino,Branca,0.4338349967547366
CAND_06773,4.6,50.0,Mestrado,Região Metropolitana,Remoto,Feminino,Parda,0.474166982238701
CAND_06774,4.4,73.0,Ensino Médio,Região Metropolitana,Híbrido,Masculino,Parda,0.7961946878865022
CAND_06775,0.0,36.0,Mestrado,Capitais,Presencial,Feminino,Amarela,0.42188399248532027
CAND_06776,0.2,76.0,Bacharelado,Capitais,Remoto,Masculino,Branca,0.7083034285436519
CAND_06777,0.0,45.0,Mestrado,Região Metropolitana,Presencial,Masculino,Branca,0.4847509096308008
CAND_06778,0.3,49.0,Mestrado,Capitais,Remoto,Não-binário,Branca,0.5530213823757596
CAND_06779,8.0,29.0,Bacharelado,Capitais,Remoto,Feminino,Indígena,0.3930174037770119
CAND_06780,4.2,30.0,Bacharelado,Capitais,Híbrido,Masculino,Amarela,0.601950081086313
CAND_06781,2.1,40.0,Bacharelado,Capitais,Remoto,Masculino,Preta,0.534343493022359
CAND_06782,0.0,63.0,Mestrado,Capitais,Presencial,Masculino,Branca,0.5369680648970567
CAND_06783,2.0,85.0,Bacharelado,Capitais,Remoto,Masculino,Branca,0.8280923288473011
CAND_06784,6.8,89.0,Bacharelado,Capitais,Híbrido,Masculino,Branca,0.9212355523624329
CAND_06785,6.4,48.0,Bacharelado,Região Metropolitana,Presencial,Masculino,Preta,0.5132859002796368
CAND_06786,4.2,45.0,Mestrado,Capitais,Presencial,Masculino,Indígena,0.5669159065665309
CAND_06787,4.2,35.0,Bacharelado,Capitais,Remoto,Feminino,Branca,0.6245852205621065
CAND_06788,0.0,67.0,Bacharelado,Capitais,Remoto,Feminino,Parda,0.3987339087262518
CAND_06789,2.7,39.0,Ensino Médio,Capitais,Remoto,Não-binário,Parda,0.2399730238442461
CAND_06790,6.7,46.0,Mestrado,Capitais,Presencial,Feminino,Branca,0.6755184676190534
CAND_06791,3.0,57.0,Bacharelado,Capitais,Remoto,Masculino,Branca,0.67644388283054
CAND_06792,9.9,57.0,Bacharelado,Região Metropolitana,Híbrido,Masculino,Preta,0.5267754178522811
CAND_06793,8.6,41.0,Bacharelado,Capitais,Remoto,Masculino,Branca,0.6306565296092357
CAND_06794,3.6,49.0,Bacharelado,Capitais,Híbrido,Não-binário,Preta,0.0877042021101958
CAND_06795,4.2,41.0,Bacharelado,Região Metropolitana,Presencial,Masculino,Branca,0.469187485308834
CAND_06796,11.7,38.0,Mestrado,Região Metropolitana,Presencial,Masculino,Parda,0.686172966421221
CAND_06797,7.5,35.0,Bacharelado,Capitais,Híbrido,Feminino,Branca,0.4001636114193529
CAND_06798,5.2,28.0,Ensino Médio,Capitais,Presencial,Feminino,Branca,0.2550908113994601
CAND_06799,5.6,55.0,Bacharelado,Região Metropolitana,Remoto,Masculino,Preta,0.39708711439439315
CAND_06800,5.4,46.0,Bacharelado,Capitais,Híbrido,Feminino,Parda,0.5386100145807846
CAND_06801,4.9,33.0,Bacharelado,Interior,Híbrido,Masculino,Preta,0.11579895389350363
CAND_06802,1.8,32.0,Mestrado,Região Metropolitana,Híbrido,Masculino,Branca,0.6001100458215018
CAND_06803,3.8,31.0,Mestrado,Capitais,Híbrido,Masculino,Amarela,0.5395948567636093
CAND_06804,0.7,41.0,Bacharelado,Interior,Presencial,Masculino,Branca,0.2871780646827802
CAND_06805,7.2,67.0,Bacharelado,Capitais,Presencial,Masculino,Branca,0.697937141859924
CAND_06806,4.6,40.0,Bacharelado,Região Metropolitana,Remoto,Masculino,Branca,0.7838602219467165
CAND_06807,7.3,58.0,Mestrado,Capitais,Híbrido,Masculino,Branca,0.8537725688911727
CAND_06808,1.2,73.0,Doutorado,Região Metropolitana,Híbrido,Feminino,Branca,0.6223184199627901
CAND_06809,9.3,53.0,Bacharelado,Capitais,Híbrido,Masculino,Preta,0.4979612194393227
CAND_06810,8.9,39.0,Mestrado,Capitais,Remoto,Masculino,Branca,0.7368062016731336
CAND_06811,0.3,49.0,Bacharelado,Capitais,Presencial,Masculino,Branca,0.39702382037256756
CAND_06812,3.5,49.0,Ensino Médio,Capitais,Remoto,Masculino,Branca,0.5676673132837763
CAND_06813,3.8,76.0,Mestrado,Interior,Presencial,Masculino,Parda,0.7243352116693131
CAND_06814,0.7,24.0,Bacharelado,Capitais,Remoto,Masculino,Branca,0.46705794354973285
CAND_06815,4.2,67.0,Ensino Médio,Capitais,Remoto,Feminino,Branca,0.7028998284973433
CAND_06816,6.7,24.0,Ensino Médio,Capitais,Remoto,Masculino,Indígena,0.3907545670169467
CAND_06817,3.6,62.0,Ensino Médio,Região Metropolitana,Presencial,Masculino,Branca,0.4494309354731071
CAND_06818,0.0,44.0,Bacharelado,Capitais,Presencial,Feminino,Branca,0.4514940857509443
CAND_06819,7.3,77.0,Mestrado,Capitais,Híbrido,Masculino,Branca,1.0
CAND_06820,2.6,60.0,Bacharelado,Capitais,Híbrido,Feminino,Branca,0.4118987954164648
CAND_06821,2.9,59.0,Doutorado,Região Metropolitana,Remoto,Masculino,Branca,0.8534844697542951
CAND_06822,10.0,36.0,Bacharelado,Capitais,Híbrido,Feminino,Amarela,0.2944825038696791
CAND_06823,6.2,77.0,Bacharelado,Região Metropolitana,Híbrido,Masculino,Branca,0.9226144303265982
CAND_06824,2.6,92.0,Doutorado,Capitais,Remoto,Feminino,Amarela,0.6240773399283122
CAND_06825,1.4,80.0,Bacharelado,Região Metropolitana,Presencial,Masculino,Parda,0.658148132244835
CAND_06826,7.9,35.0,Bacharelado,Região Metropolitana,Híbrido,Feminino,Branca,0.5464906590025165
CAND_06827,7.7,47.0,Bacharelado,Interior,Híbrido,Masculino,Indígena,0.5415276365122186
CAND_06828,3.5,32.0,Bacharelado,Região Metropolitana,Híbrido,Feminino,Branca,0.6188937371786221
CAND_06829,1.2,41.0,Doutorado,Região Metropolitana,Presencial,Masculino,Branca,0.6362231720969713
CAND_06830,6.2,54.0,Bacharelado,Capitais,Remoto,Feminino,Branca,0.37297084211431997
CAND_06831,6.8,61.0,Bacharelado,Interior,Híbrido,Não-binário,Branca,0.3078292952663676
CAND_06832,3.9,58.0,Mestrado,Capitais,Presencial,Masculino,Branca,0.8315664874959299
CAND_06833,1.7,24.0,Doutorado,Região Metropolitana,Híbrido,Masculino,Branca,0.5268354811268987
CAND_06834,5.1,49.0,Ensino Médio,Capitais,Presencial,Masculino,Indígena,0.43366393548293447
CAND_06835,6.4,58.0,Doutorado,Região Metropolitana,Híbrido,Feminino,Branca,0.6066667473686138
CAND_06836,3.5,64.0,Ensino Médio,Região Metropolitana,Remoto,Masculino,Branca,0.8232546347594107
CAND_06837,5.8,56.0,Mestrado,Capitais,Remoto,Feminino,Amarela,0.2905327114328737
CAND_06838,6.1,57.0,Doutorado,Capitais,Presencial,Masculino,Branca,0.6649007070179315
CAND_06839,8.4,46.0,Bacharelado,Região Metropolitana,Híbrido,Feminino,Branca,0.685798427190553
CAND_06840,3.7,54.0,Bacharelado,Região Metropolitana,Híbrido,Masculino,Branca,0.7024894997775715
CAND_06841,1.6,89.0,Bacharelado,Região Metropolitana,Híbrido,Não-binário,Preta,0.06103460368992575
CAND_06842,4.8,68.0,Bacharelado,Capitais,Híbrido,Masculino,Preta,0.4759664121723189
CAND_06843,10.1,55.0,Bacharelado,Capitais,Híbrido,Feminino,Preta,0.42947249862339554
CAND_06844,0.0,61.0,Ensino Médio,Interior,Remoto,Feminino,Preta,0.0
CAND_06845,0.0,51.0,Mestrado,Interior,Híbrido,Feminino,Parda,0.19878468839875515
CAND_06846,4.7,51.0,Bacharelado,Capitais,Remoto,Masculino,Branca,0.7114836806076711
CAND_06847,3.9,64.0,Bacharelado,Região Metropolitana,Presencial,Masculino,Indígena,0.7523021531741231
CAND_06848,4.4,41.0,Bacharelado,Capitais,Híbrido,Masculino,Branca,0.6296906318520541
CAND_06849,4.3,48.0,Mestrado,Região Metropolitana,Remoto,Masculino,Preta,0.36853455873741703
CAND_06850,8.0,29.0,Bacharelado,Capitais,Presencial,Feminino,Branca,0.4645635872231718
CAND_06851,4.9,62.0,Ensino Médio,Região Metropolitana,Híbrido,Não-binário,Amarela,0.1324282876610034
CAND_06852,7.5,66.0,Bacharelado,Capitais,Remoto,Masculino,Branca,0.6357082351069138
CAND_06853,0.0,59.0,Mestrado,Região Metropolitana,Presencial,Masculino,Branca,0.6284716589551356
CAND_06854,3.4,46.0,Mestrado,Região Metropolitana,Híbrido,Masculino,Amarela,0.43965352648187545
CAND_06855,2.6,49.0,Mestrado,Região Metropolitana,Presencial,Masculino,Branca,0.5751883148676193
CAND_06856,0.0,52.0,Bacharelado,Capitais,Híbrido,Feminino,Branca,0.3234747164967742
CAND_06857,5.3,66.0,Doutorado,Capitais,Remoto,Masculino,Branca,0.8253244973321091
CAND_06858,4.7,66.0,Bacharelado,Região Metropolitana,Presencial,Feminino,Branca,0.6617572180470176
CAND_06859,3.6,28.0,Bacharelado,Região Metropolitana,Presencial,Masculino,Branca,0.7728107056991009
CAND_06860,4.6,37.0,Bacharelado,Capitais,Híbrido,Feminino,Amarela,0.3255288461034075
CAND_06861,5.3,57.0,Mestrado,Capitais,Híbrido,Feminino,Branca,0.559301634583326
CAND_06862,8.0,30.0,Mestrado,Capitais,Remoto,Feminino,Branca,0.42557572364656077
CAND_06863,6.9,64.0,Bacharelado,Região Metropolitana,Presencial,Masculino,Preta,0.468671826841592
CAND_06864,6.0,46.0,Bacharelado,Interior,Remoto,Feminino,Parda,0.4891129203734826
CAND_06865,11.9,61.0,Bacharelado,Região Metropolitana,Remoto,Masculino,Parda,0.8474158610303634
CAND_06866,2.9,51.0,Mestrado,Região Metropolitana,Presencial,Masculino,Preta,0.4897945850840059
CAND_06867,0.9,49.0,Bacharelado,Capitais,Presencial,Feminino,Preta,0.11307579297120979
CAND_06868,8.5,34.0,Mestrado,Região Metropolitana,Remoto,Masculino,Preta,0.4921205137059488
CAND_06869,10.6,42.0,Bacharelado,Região Metropolitana,Remoto,Feminino,Parda,0.5568302125164327
CAND_06870,3.1,48.0,Mestrado,Capitais,Híbrido,Masculino,Branca,0.679108068056753
CAND_06871,9.1,48.0,Bacharelado,Capitais,Híbrido,Masculino,Branca,0.6237467523746278
CAND_06872,3.4,61.0,Bacharelado,Capitais,Presencial,Feminino,Branca,0.49223900595951486
CAND_06873,6.8,40.0,Bacharelado,Capitais,Remoto,Masculino,Preta,0.2725895651686252
CAND_06874,6.9,50.0,Mestrado,Região Metropolitana,Presencial,Masculino,Branca,0.8113352911398268
CAND_06875,3.1,73.0,Bacharelado,Capitais,Híbrido,Masculino,Branca,0.7086775246691401
CAND_06876,10.5,62.0,Bacharelado,Capitais,Presencial,Feminino,Indígena,0.5765854311926791
CAND_06877,10.9,52.0,Ensino Médio,Interior,Híbrido,Masculino,Branca,0.6277817397227119
CAND_06878,1.9,28.0,Ensino Médio,Capitais,Híbrido,Masculino,Amarela,0.4589119527337273
CAND_06879,5.6,29.0,Bacharelado,Capitais,Híbrido,Masculino,Preta,0.44258046998240985
CAND_06880,7.7,60.0,Mestrado,Capitais,Híbrido,Masculino,Branca,0.9870498346582885
CAND_06881,0.0,61.0,Mestrado,Região Metropolitana,Presencial,Feminino,Branca,0.5145684805265325
CAND_06882,5.1,21.0,Bacharelado,Capitais,Presencial,Masculino,Parda,0.448303744994019
CAND_06883,0.0,60.0,Bacharelado,Capitais,Presencial,Masculino,Amarela,0.31889705940234214
CAND_06884,7.0,42.0,Bacharelado,Capitais,Híbrido,Não-binário,Branca,0.5611515783578264
CAND_06885,5.3,44.0,Bacharelado,Capitais,Presencial,Feminino,Preta,0.26154384683405074
CAND_06886,3.9,63.0,Ensino Médio,Capitais,Híbrido,Feminino,Branca,0.3707735454672497
CAND_06887,0.3,61.0,Mestrado,Capitais,Remoto,Feminino,Amarela,0.2842918920989825
CAND_06888,3.2,49.0,Bacharelado,Capitais,Remoto,Feminino,Preta,0.18452176264672374
CAND_06889,6.6,60.0,Ensino Médio,Capitais,Híbrido,Feminino,Branca,0.6486829093351943
CAND_06890,4.9,45.0,Doutorado,Capitais,Presencial,Masculino,Preta,0.5116531760076782
CAND_06891,8.6,38.0,Doutorado,Capitais,Remoto,Masculino,Branca,0.8671867184046889
CAND_06892,8.4,69.0,Mestrado,Região Metropolitana,Híbrido,Masculino,Branca,0.8186314090813595
CAND_06893,8.3,70.0,Mestrado,Capitais,Híbrido,Masculino,Preta,0.5792367643955363
CAND_06894,3.4,40.0,Bacharelado,Região Metropolitana,Presencial,Masculino,Indígena,0.5458761322289205
CAND_06895,5.9,42.0,Doutorado,Região Metropolitana,Presencial,Masculino,Parda,0.6334255138902937
CAND_06896,2.1,63.0,Mestrado,Região Metropolitana,Remoto,Feminino,Preta,0.32645213172204546
CAND_06897,1.2,40.0,Bacharelado,Região Metropolitana,Presencial,Masculino,Branca,0.6803945649124971
CAND_06898,8.5,62.0,Mestrado,Região Metropolitana,Presencial,Masculino,Branca,0.872417564044426
CAND_06899,1.4,35.0,Bacharelado,Capitais,Híbrido,Masculino,Preta,0.26220837755832654
CAND_06900,1.1,46.0,Mestrado,Capitais,Remoto,Masculino,Branca,0.5247617166760419
CAND_06901,5.3,65.0,Bacharelado,Capitais,Híbrido,Feminino,Preta,0.5832042216053595
CAND_06902,4.2,35.0,Bacharelado,Capitais,Remoto,Feminino,Branca,0.5243298783599546
CAND_06903,4.4,41.0,Bacharelado,Capitais,Remoto,Feminino,Branca,0.5172260008432844
CAND_06904,11.9,56.0,Mestrado,Capitais,Remoto,Masculino,Branca,1.0
CAND_06905,2.0,23.0,Bacharelado,Região Metropolitana,Híbrido,Masculino,Branca,0.6236711232479717
CAND_06906,6.5,51.0,Doutorado,Região Metropolitana,Presencial,Masculino,Preta,0.6269364441186508
CAND_06907,5.3,67.0,Ensino Médio,Capitais,Presencial,Masculino,Branca,0.7382266368341138
CAND_06908,8.0,63.0,Mestrado,Capitais,Remoto,Feminino,Branca,0.6604800595207605
CAND_06909,2.6,49.0,Bacharelado,Região Metropolitana,Presencial,Feminino,Branca,0.5538455652190553
CAND_06910,4.3,50.0,Mestrado,Capitais,Remoto,Masculino,Branca,0.6212505529869768
CAND_06911,5.3,72.0,Bacharelado,Capitais,Remoto,Feminino,Parda,0.6523063227045283
CAND_06912,0.7,71.0,Mestrado,Região Metropolitana,Híbrido,Feminino,Branca,0.31726630586612775
CAND_06913,0.0,49.0,Bacharelado,Capitais,Híbrido,Masculino,Branca,0.4752335166489842
CAND_06914,4.9,41.0,Mestrado,Região Metropolitana,Presencial,Feminino,Branca,0.4641201977616247
CAND_06915,9.0,63.0,Bacharelado,Capitais,Remoto,Feminino,Branca,0.7943557951796986
CAND_06916,3.9,67.0,Mestrado,Capitais,Híbrido,Masculino,Amarela,0.6059113508808956
CAND_06917,4.4,71.0,Mestrado,Capitais,Remoto,Não-binário,Branca,0.5553900338113277
CAND_06918,8.5,59.0,Bacharelado,Capitais,Presencial,Feminino,Branca,0.5411220661881592
CAND_06919,4.6,45.0,Bacharelado,Região Metropolitana,Híbrido,Masculino,Branca,0.7443609671687065
CAND_06920,7.3,25.0,Bacharelado,Capitais,Remoto,Masculino,Branca,0.6893236036115035
CAND_06921,13.0,79.0,Bacharelado,Interior,Híbrido,Feminino,Preta,0.3766762334388412
CAND_06922,3.3,74.0,Bacharelado,Capitais,Híbrido,Feminino,Branca,0.7315635726534584
CAND_06923,4.5,38.0,Mestrado,Capitais,Híbrido,Feminino,Indígena,0.20240334637927573
CAND_06924,6.2,53.0,Bacharelado,Região Metropolitana,Remoto,Não-binário,Branca,0.5954248624472516
CAND_06925,9.5,47.0,Mestrado,Região Metropolitana,Híbrido,Masculino,Branca,0.6413535241969774
CAND_06926,4.7,51.0,Bacharelado,Capitais,Híbrido,Masculino,Preta,0.38320407221087727
CAND_06927,7.2,44.0,Bacharelado,Capitais,Remoto,Masculino,Branca,0.8029831370068208
CAND_06928,6.0,60.0,Bacharelado,Região Metropolitana,Híbrido,Feminino,Indígena,0.4325453360828024
CAND_06929,4.8,33.0,Mestrado,Região Metropolitana,Híbrido,Masculino,Parda,0.6372982921004295
CAND_06930,3.7,44.0,Bacharelado,Região Metropolitana,Híbrido,Feminino,Preta,0.1282849142394636
CAND_06931,3.2,63.0,Bacharelado,Capitais,Híbrido,Masculino,Preta,0.5798304244106577
CAND_06932,14.2,20.0,Mestrado,Capitais,Presencial,Feminino,Parda,0.638787814526576
CAND_06933,0.4,55.0,Ensino Médio,Região Metropolitana,Híbrido,Masculino,Preta,0.41621173515542864
CAND_06934,0.7,42.0,Ensino Médio,Região Metropolitana,Remoto,Feminino,Branca,0.2752107629800554
CAND_06935,5.7,74.0,Bacharelado,Região Metropolitana,Híbrido,Masculino,Branca,0.8260081793210102
CAND_06936,5.6,55.0,Bacharelado,Região Metropolitana,Remoto,Masculino,Branca,0.832035019467931
CAND_06937,6.3,38.0,Mestrado,Capitais,Presencial,Feminino,Preta,0.4711714437377509
CAND_06938,2.4,72.0,Bacharelado,Capitais,Presencial,Masculino,Branca,0.6862067742424245
CAND_06939,1.9,50.0,Bacharelado,Capitais,Híbrido,Masculino,Branca,0.5290115025280359
CAND_06940,4.1,52.0,Bacharelado,Capitais,Remoto,Masculino,Branca,0.5973624775200149
CAND_06941,7.7,63.0,Mestrado,Capitais,Híbrido,Masculino,Amarela,0.5384348395169951
CAND_06942,1.9,41.0,Bacharelado,Região Metropolitana,Híbrido,Masculino,Preta,0.6203067886991673
CAND_06943,5.5,72.0,Bacharelado,Capitais,Remoto,Masculino,Branca,1.0
CAND_06944,3.5,59.0,Bacharelado,Região Metropolitana,Híbrido,Masculino,Branca,0.6776507553129087
CAND_06945,0.4,40.0,Bacharelado,Capitais,Remoto,Masculino,Branca,0.48533144773766523
CAND_06946,1.2,44.0,Bacharelado,Capitais,Remoto,Feminino,Parda,0.3438111786317837
CAND_06947,7.7,31.0,Mestrado,Capitais,Híbrido,Feminino,Branca,0.5554097644084938
CAND_06948,3.2,55.0,Bacharelado,Capitais,Híbrido,Feminino,Branca,0.32236621626749185
CAND_06949,8.7,47.0,Ensino Médio,Capitais,Híbrido,Masculino,Branca,0.7285734237644549
CAND_06950,4.9,55.0,Mestrado,Capitais,Remoto,Masculino,Branca,0.8257340598408227
CAND_06951,0.9,24.0,Bacharelado,Capitais,Remoto,Feminino,Branca,0.24341599734165836
CAND_06952,6.4,42.0,Bacharelado,Capitais,Presencial,Masculino,Branca,0.6817156286481426
CAND_06953,2.6,35.0,Bacharelado,Região Metropolitana,Híbrido,Feminino,Amarela,0.2260250580014141
CAND_06954,3.9,57.0,Bacharelado,Capitais,Remoto,Feminino,Indígena,0.3746153197900999
CAND_06955,8.4,41.0,Bacharelado,Interior,Presencial,Masculino,Branca,0.5179342871579043
CAND_06956,1.1,57.0,Mestrado,Capitais,Híbrido,Masculino,Preta,0.465759747262184
CAND_06957,3.7,42.0,Mestrado,Interior,Remoto,Masculino,Amarela,0.5001095470724455
CAND_06958,1.7,74.0,Bacharelado,Região Metropolitana,Híbrido,Feminino,Branca,0.6401971202725972
CAND_06959,1.4,51.0,Mestrado,Capitais,Remoto,Feminino,Branca,0.3848444387975016
CAND_06960,3.6,64.0,Bacharelado,Capitais,Híbrido,Masculino,Branca,0.8781571125673986
CAND_06961,2.4,48.0,Bacharelado,Região Metropolitana,Híbrido,Masculino,Branca,0.5753046204376994
CAND_06962,4.2,64.0,Ensino Médio,Região Metropolitana,Remoto,Masculino,Branca,0.6862405330711353
CAND_06963,6.9,38.0,Ensino Médio,Capitais,Híbrido,Masculino,Branca,0.7280862511773767
CAND_06964,2.7,49.0,Bacharelado,Capitais,Remoto,Masculino,Branca,0.5043333266194057
CAND_06965,0.6,43.0,Mestrado,Capitais,Híbrido,Masculino,Indígena,0.5197467326221642
CAND_06966,6.9,78.0,Bacharelado,Capitais,Híbrido,Masculino,Amarela,0.7823044627216451
CAND_06967,2.7,32.0,Bacharelado,Capitais,Remoto,Feminino,Indígena,0.2533868649857025
CAND_06968,10.5,81.0,Doutorado,Região Metropolitana,Híbrido,Masculino,Amarela,0.8209816442500513
CAND_06969,3.8,29.0,Bacharelado,Capitais,Híbrido,Feminino,Preta,0.2379976468340113
CAND_06970,4.6,61.0,Bacharelado,Região Metropolitana,Presencial,Masculino,Preta,0.4125091465197292
CAND_06971,0.0,41.0,Doutorado,Capitais,Presencial,Feminino,Parda,0.42344423975622847
CAND_06972,1.5,54.0,Bacharelado,Interior,Remoto,Masculino,Amarela,0.3359956264576197
CAND_06973,0.0,47.0,Bacharelado,Capitais,Híbrido,Feminino,Branca,0.4390505516412127
CAND_06974,5.9,38.0,Bacharelado,Interior,Híbrido,Feminino,Branca,0.2706857923941978
CAND_06975,4.8,51.0,Bacharelado,Região Metropolitana,Híbrido,Masculino,Branca,0.7619882154807255
CAND_06976,6.9,44.0,Bacharelado,Região Metropolitana,Híbrido,Feminino,Preta,0.14902762376497541
CAND_06977,7.4,59.0,Bacharelado,Capitais,Híbrido,Masculino,Branca,0.7194176670029194
CAND_06978,7.9,35.0,Bacharelado,Região Metropolitana,Presencial,Feminino,Preta,0.2028876133072498
CAND_06979,4.3,57.0,Mestrado,Capitais,Híbrido,Masculino,Indígena,0.7036514466318267
CAND_06980,5.3,63.0,Mestrado,Capitais,Híbrido,Masculino,Branca,0.7025139725934826
CAND_06981,6.7,48.0,Bacharelado,Capitais,Presencial,Masculino,Branca,0.7018957943003448
CAND_06982,2.6,30.0,Bacharelado,Capitais,Híbrido,Masculino,Amarela,0.28064530018819034
CAND_06983,2.2,76.0,Bacharelado,Capitais,Presencial,Masculino,Branca,0.7116542840622494
CAND_06984,9.6,57.0,Ensino Médio,Capitais,Presencial,Masculino,Branca,0.6969313142004172
CAND_06985,0.0,39.0,Mestrado,Capitais,Remoto,Masculino,Branca,0.6130603872370656
CAND_06986,6.5,57.0,Bacharelado,Região Metropolitana,Presencial,Feminino,Amarela,0.13857616554531543
CAND_06987,6.0,25.0,Bacharelado,Região Metropolitana,Remoto,Masculino,Branca,0.6340979092368118
CAND_06988,1.6,68.0,Bacharelado,Capitais,Híbrido,Feminino,Preta,0.3428936314726526
CAND_06989,3.0,82.0,Mestrado,Capitais,Híbrido,Masculino,Branca,0.7150915733853653
CAND_06990,3.9,62.0,Ensino Médio,Interior,Presencial,Masculino,Branca,0.5326264720271855
CAND_06991,5.7,35.0,Bacharelado,Região Metropolitana,Presencial,Masculino,Parda,0.666706663541712
CAND_06992,6.1,20.0,Bacharelado,Capitais,Presencial,Não-binário,Branca,0.21382293061226657
CAND_06993,4.9,70.0,Ensino Médio,Capitais,Remoto,Feminino,Branca,0.7134074338256516
CAND_06994,5.6,48.0,Bacharelado,Interior,Presencial,Masculino,Branca,0.5873993869149461
CAND_06995,7.0,44.0,Mestrado,Capitais,Presencial,Masculino,Branca,0.6980279210511438
CAND_06996,6.8,67.0,Bacharelado,Capitais,Presencial,Masculino,Branca,0.7469100703774297
CAND_06997,9.6,41.0,Bacharelado,Capitais,Remoto,Feminino,Branca,0.5753767780236837
CAND_06998,8.1,61.0,Bacharelado,Capitais,Remoto,Masculino,Branca,0.7938090434493377
CAND_06999,5.1,50.0,Bacharelado,Região Metropolitana,Remoto,Masculino,Branca,0.7151652155381091
CAND_07000,6.9,54.0,Mestrado,Capitais,Híbrido,Masculino,Branca,0.7519424007251012
CAND_07001,6.3,74.0,Bacharelado,Capitais,Remoto,Masculino,Branca,0.766981406869557
CAND_07002,5.5,43.0,Mestrado,Interior,Híbrido,Masculino,Parda,0.55797621554419
CAND_07003,2.4,41.0,Bacharelado,Capitais,Remoto,Feminino,Branca,0.3445298229863444
CAND_07004,5.5,47.0,Bacharelado,Capitais,Híbrido,Masculino,Parda,0.6191718395927425
CAND_07005,0.0,32.0,Bacharelado,Região Metropolitana,Presencial,Masculino,Branca,0.5696944793711881
CAND_07006,8.2,64.0,Bacharelado,Capitais,Presencial,Feminino,Amarela,0.25151567033790856
CAND_07007,6.1,62.0,Mestrado,Região Metropolitana,Híbrido,Feminino,Branca,0.5915469637317806
CAND_07008,4.5,50.0,Bacharelado,Região Metropolitana,Remoto,Feminino,Branca,0.5047924931734241
CAND_07009,3.7,36.0,Ensino Médio,Região Metropolitana,Remoto,Masculino,Branca,0.637866133781244
CAND_07010,7.0,9.0,Mestrado,Capitais,Remoto,Feminino,Branca,0.435896754594033
CAND_07011,10.5,37.0,Bacharelado,Interior,Híbrido,Não-binário,Branca,0.3476682657965468
CAND_07012,6.1,47.0,Bacharelado,Região Metropolitana,Presencial,Feminino,Parda,0.28958050913399425
CAND_07013,10.7,22.0,Bacharelado,Capitais,Presencial,Masculino,Indígena,0.507318844139527
CAND_07014,7.4,87.0,Bacharelado,Capitais,Presencial,Masculino,Branca,0.9957918641163334
CAND_07015,2.6,56.0,Bacharelado,Capitais,Híbrido,Masculino,Branca,0.5739808266853852
CAND_07016,6.5,58.0,Ensino Médio,Região Metropolitana,Remoto,Feminino,Preta,0.006135175297704243
CAND_07017,6.2,48.0,Mestrado,Capitais,Presencial,Masculino,Branca,0.8900581049483623
CAND_07018,2.6,61.0,Bacharelado,Capitais,Presencial,Masculino,Branca,0.6697093581800562
CAND_07019,3.8,45.0,Mestrado,Região Metropolitana,Híbrido,Masculino,Branca,0.7503206135634539
CAND_07020,3.7,48.0,Doutorado,Região Metropolitana,Remoto,Masculino,Parda,0.5627773933433108
CAND_07021,5.3,71.0,Bacharelado,Região Metropolitana,Remoto,Masculino,Branca,0.7370448007038134
CAND_07022,4.2,66.0,Mestrado,Capitais,Híbrido,Feminino,Branca,0.5447908905712918
CAND_07023,5.8,50.0,Doutorado,Capitais,Presencial,Masculino,Indígena,0.7053143662313541
CAND_07024,6.3,80.0,Mestrado,Capitais,Remoto,Não-binário,Branca,0.6600046563547904
CAND_07025,8.8,49.0,Bacharelado,Capitais,Presencial,Masculino,Amarela,0.6432822476311958
CAND_07026,6.6,42.0,Mestrado,Região Metropolitana,Remoto,Não-binário,Amarela,0.22759748002711774
CAND_07027,2.9,52.0,Mestrado,Capitais,Remoto,Masculino,Preta,0.5712922131521703
CAND_07028,11.3,55.0,Bacharelado,Capitais,Híbrido,Feminino,Branca,0.5747825940222524
CAND_07029,2.9,32.0,Bacharelado,Capitais,Presencial,Feminino,Indígena,0.32661852534774616
CAND_07030,3.8,57.0,Mestrado,Região Metropolitana,Presencial,Masculino,Indígena,0.6784875261702996
CAND_07031,6.8,82.0,Bacharelado,Região Metropolitana,Híbrido,Feminino,Preta,0.39104338659491744
CAND_07032,13.7,64.0,Mestrado,Capitais,Remoto,Feminino,Preta,0.4430981379620051
CAND_07033,6.2,60.0,Doutorado,Região Metropolitana,Híbrido,Feminino,Amarela,0.22197483523450542
CAND_07034,3.1,57.0,Bacharelado,Região Metropolitana,Presencial,Masculino,Branca,0.6155994977108432
CAND_07035,0.1,35.0,Mestrado,Capitais,Remoto,Masculino,Branca,0.4824599067769377
CAND_07036,0.0,35.0,Bacharelado,Região Metropolitana,Remoto,Masculino,Amarela,0.2367267080373928
CAND_07037,5.0,52.0,Ensino Médio,Interior,Presencial,Masculino,Amarela,0.528920178108329
CAND_07038,6.6,44.0,Doutorado,Capitais,Presencial,Masculino,Indígena,0.6361475845562384
CAND_07039,0.7,28.0,Bacharelado,Capitais,Híbrido,Não-binário,Preta,0.0
CAND_07040,5.7,45.0,Ensino Médio,Capitais,Presencial,Masculino,Branca,0.5837762310332648
CAND_07041,1.1,57.0,Mestrado,Capitais,Remoto,Feminino,Preta,0.3470010783888008
CAND_07042,2.2,59.0,Ensino Médio,Capitais,Presencial,Masculino,Indígena,0.5048190140321369
CAND_07043,6.9,38.0,Bacharelado,Capitais,Remoto,Feminino,Branca,0.559414981538669
CAND_07044,2.8,49.0,Mestrado,Capitais,Remoto,Masculino,Branca,0.8888345237833961
CAND_07045,8.9,56.0,Bacharelado,Capitais,Presencial,Feminino,Branca,0.5951091015232058
CAND_07046,3.2,31.0,Ensino Médio,Capitais,Presencial,Masculino,Branca,0.6882595147432231
CAND_07047,8.3,38.0,Bacharelado,Capitais,Híbrido,Não-binário,Preta,0.2858974396157141
CAND_07048,11.8,50.0,Mestrado,Capitais,Presencial,Masculino,Branca,0.8269265349785553
CAND_07049,2.8,36.0,Bacharelado,Capitais,Remoto,Masculino,Preta,0.49310462685501055
CAND_07050,12.4,45.0,Bacharelado,Região Metropolitana,Presencial,Masculino,Preta,0.5501590830354746
CAND_07051,5.0,87.0,Bacharelado,Capitais,Presencial,Masculino,Branca,0.9818919809768986
CAND_07052,3.1,27.0,Mestrado,Capitais,Híbrido,Masculino,Branca,0.601945777607515
CAND_07053,4.1,71.0,Bacharelado,Capitais,Presencial,Masculino,Amarela,0.3823526110112314
CAND_07054,3.8,55.0,Bacharelado,Região Metropolitana,Remoto,Masculino,Parda,0.3768987409307434
CAND_07055,9.2,32.0,Bacharelado,Capitais,Híbrido,Feminino,Branca,0.5651870856449306
CAND_07056,9.0,60.0,Mestrado,Região Metropolitana,Híbrido,Masculino,Preta,0.517286978259383
CAND_07057,8.9,51.0,Bacharelado,Interior,Presencial,Feminino,Branca,0.24960681722613057
CAND_07058,1.1,68.0,Mestrado,Capitais,Remoto,Masculino,Branca,0.7950002511648666
CAND_07059,5.6,60.0,Bacharelado,Capitais,Híbrido,Feminino,Branca,0.6327834237791551
CAND_07060,0.4,53.0,Bacharelado,Região Metropolitana,Presencial,Masculino,Branca,0.5792879959617521
CAND_07061,8.0,45.0,Ensino Médio,Região Metropolitana,Híbrido,Masculino,Branca,0.6254064641673248
CAND_07062,3.5,68.0,Ensino Médio,Região Metropolitana,Presencial,Masculino,Preta,0.4693308430376023
CAND_07063,6.5,44.0,Bacharelado,Capitais,Remoto,Feminino,Preta,0.2386245753033486
CAND_07064,3.5,29.0,Bacharelado,Capitais,Híbrido,Feminino,Preta,0.10106851887398033
CAND_07065,0.0,22.0,Bacharelado,Região Metropolitana,Híbrido,Feminino,Branca,0.12241730851490037
CAND_07066,7.7,31.0,Doutorado,Capitais,Híbrido,Feminino,Branca,0.443166918867696
CAND_07067,7.9,62.0,Mestrado,Capitais,Presencial,Feminino,Indígena,0.5088759071114655
CAND_07068,5.4,45.0,Bacharelado,Região Metropolitana,Presencial,Não-binário,Parda,0.25832321532778907
CAND_07069,0.0,38.0,Bacharelado,Interior,Remoto,Feminino,Branca,0.3713790310676651
CAND_07070,7.3,43.0,Bacharelado,Região Metropolitana,Híbrido,Feminino,Branca,0.47583266352295317
CAND_07071,2.8,62.0,Mestrado,Interior,Presencial,Masculino,Branca,0.49591903366121637
CAND_07072,6.5,59.0,Ensino Médio,Capitais,Híbrido,Masculino,Branca,0.7417563619967155
CAND_07073,3.5,52.0,Bacharelado,Região Metropolitana,Presencial,Masculino,Branca,0.6155470987018835
CAND_07074,3.8,41.0,Bacharelado,Região Metropolitana,Remoto,Masculino,Branca,0.632831481311966
CAND_07075,6.5,44.0,Mestrado,Capitais,Híbrido,Masculino,Branca,0.7998611945701999
CAND_07076,2.5,48.0,Bacharelado,Capitais,Remoto,Masculino,Branca,0.5674690320838112
CAND_07077,4.5,37.0,Bacharelado,Capitais,Híbrido,Masculino,Preta,0.41438229494488205
CAND_07078,6.5,48.0,Ensino Médio,Capitais,Híbrido,Masculino,Branca,0.8736503749256606
CAND_07079,11.5,36.0,Mestrado,Capitais,Remoto,Masculino,Branca,0.7499230241884501
CAND_07080,4.8,55.0,Ensino Médio,Interior,Remoto,Masculino,Preta,0.22435944769349667
CAND_07081,7.5,57.0,Bacharelado,Região Metropolitana,Híbrido,Masculino,Branca,0.5995152005035919
CAND_07082,1.5,67.0,Bacharelado,Capitais,Remoto,Não-binário,Indígena,0.42452166834761107
CAND_07083,10.1,54.0,Bacharelado,Interior,Presencial,Masculino,Branca,0.661083561957965
CAND_07084,2.6,53.0,Bacharelado,Capitais,Híbrido,Masculino,Branca,0.5107714403906729
CAND_07085,4.6,37.0,Bacharelado,Capitais,Presencial,Feminino,Preta,0.06855078896297191
CAND_07086,6.5,49.0,Bacharelado,Interior,Híbrido,Masculino,Branca,0.48719130219186974
CAND_07087,2.7,35.0,Bacharelado,Interior,Híbrido,Masculino,Indígena,0.4197438107956648
CAND_07088,8.2,24.0,Bacharelado,Região Metropolitana,Remoto,Feminino,Branca,0.42408729699438685
CAND_07089,3.0,46.0,Mestrado,Região Metropolitana,Híbrido,Masculino,Branca,0.6242396625538851
CAND_07090,7.5,42.0,Bacharelado,Capitais,Remoto,Feminino,Branca,0.44390203562380853
CAND_07091,8.2,59.0,Bacharelado,Capitais,Híbrido,Feminino,Branca,0.6011568921672005
CAND_07092,6.7,36.0,Ensino Médio,Interior,Híbrido,Feminino,Branca,0.21577638882392086
CAND_07093,7.1,92.0,Bacharelado,Capitais,Remoto,Feminino,Branca,0.8438132368497886
CAND_07094,12.6,43.0,Bacharelado,Capitais,Híbrido,Masculino,Parda,0.7895822398865024
CAND_07095,6.2,49.0,Bacharelado,Região Metropolitana,Híbrido,Masculino,Branca,0.5670450844080702
CAND_07096,5.3,41.0,Bacharelado,Região Metropolitana,Híbrido,Feminino,Branca,0.34891964407361403
CAND_07097,6.0,62.0,Bacharelado,Capitais,Presencial,Feminino,Branca,0.7356817422183642
CAND_07098,8.8,47.0,Bacharelado,Capitais,Remoto,Masculino,Amarela,0.5434583100667801
CAND_07099,12.0,35.0,Ensino Médio,Capitais,Remoto,Masculino,Branca,0.8844890788168714
CAND_07100,4.5,22.0,Bacharelado,Capitais,Híbrido,Masculino,Branca,0.600017346067777
CAND_07101,2.3,59.0,Mestrado,Região Metropolitana,Remoto,Masculino,Parda,0.675677975085286
CAND_07102,8.5,60.0,Bacharelado,Capitais,Híbrido,Masculino,Branca,0.756219233566839
CAND_07103,0.9,55.0,Bacharelado,Região Metropolitana,Presencial,Feminino,Branca,0.4690319190615481
CAND_07104,5.8,47.0,Bacharelado,Capitais,Presencial,Masculino,Branca,0.5842732943569048
CAND_07105,5.9,45.0,Bacharelado,Capitais,Híbrido,Feminino,Parda,0.3733321953802411
CAND_07106,4.7,62.0,Bacharelado,Capitais,Remoto,Masculino,Branca,0.7770523496051955
CAND_07107,4.9,48.0,Ensino Médio,Capitais,Remoto,Feminino,Parda,0.3608807512216421
CAND_07108,0.0,67.0,Mestrado,Região Metropolitana,Híbrido,Masculino,Branca,0.6715831925053978
CAND_07109,2.4,49.0,Mestrado,Capitais,Remoto,Masculino,Amarela,0.5471424565953394
CAND_07110,7.8,48.0,Doutorado,Capitais,Presencial,Masculino,Branca,0.8442145769637391
CAND_07111,0.0,56.0,Doutorado,Capitais,Remoto,Masculino,Branca,0.7328308076063518
CAND_07112,4.7,71.0,Mestrado,Região Metropolitana,Presencial,Masculino,Branca,0.9626630423118622
CAND_07113,4.1,68.0,Mestrado,Capitais,Híbrido,Masculino,Amarela,0.40444749698968363
CAND_07114,0.0,49.0,Bacharelado,Capitais,Remoto,Feminino,Branca,0.34747706106804616
CAND_07115,10.1,44.0,Bacharelado,Capitais,Híbrido,Masculino,Branca,0.7591048767193319
CAND_07116,1.9,32.0,Mestrado,Capitais,Remoto,Masculino,Preta,0.4603611368481455
CAND_07117,6.6,60.0,Bacharelado,Capitais,Presencial,Masculino,Amarela,0.6479473176222381
CAND_07118,3.6,23.0,Bacharelado,Capitais,Presencial,Masculino,Branca,0.31366018011186014
CAND_07119,2.5,76.0,Mestrado,Capitais,Híbrido,Feminino,Amarela,0.5158890328064055
CAND_07120,4.3,63.0,Bacharelado,Região Metropolitana,Remoto,Masculino,Preta,0.44855652937706925
CAND_07121,3.9,39.0,Bacharelado,Interior,Remoto,Masculino,Branca,0.5567283992299124
CAND_07122,4.4,68.0,Bacharelado,Capitais,Presencial,Masculino,Preta,0.45595594889365454
CAND_07123,2.6,58.0,Mestrado,Região Metropolitana,Remoto,Masculino,Branca,0.745294523857059
CAND_07124,2.0,57.0,Mestrado,Capitais,Híbrido,Feminino,Branca,0.5589224880566127
CAND_07125,8.0,46.0,Bacharelado,Capitais,Híbrido,Masculino,Parda,0.6826980276762884
CAND_07126,5.0,58.0,Bacharelado,Capitais,Presencial,Feminino,Branca,0.694908069891861
CAND_07127,4.8,29.0,Bacharelado,Região Metropolitana,Presencial,Masculino,Branca,0.7927589751331293
CAND_07128,2.3,51.0,Bacharelado,Capitais,Híbrido,Feminino,Indígena,0.2955328361536835
CAND_07129,9.7,40.0,Bacharelado,Região Metropolitana,Híbrido,Masculino,Branca,0.5417976274031373
CAND_07130,4.7,46.0,Bacharelado,Região Metropolitana,Presencial,Feminino,Preta,0.2305253433454541
CAND_07131,0.0,40.0,Bacharelado,Capitais,Remoto,Não-binário,Branca,0.23508047585035935
CAND_07132,5.8,40.0,Mestrado,Região Metropolitana,Híbrido,Feminino,Branca,0.5090313313914325
CAND_07133,2.7,69.0,Mestrado,Capitais,Remoto,Feminino,Branca,0.6249905035042861
CAND_07134,7.7,29.0,Doutorado,Região Metropolitana,Híbrido,Masculino,Branca,0.7368890257204149
CAND_07135,8.1,56.0,Bacharelado,Capitais,Remoto,Feminino,Branca,0.48312523091421117
CAND_07136,7.8,33.0,Mestrado,Capitais,Presencial,Masculino,Preta,0.3441396156533876
CAND_07137,3.6,70.0,Mestrado,Região Metropolitana,Híbrido,Masculino,Parda,0.5921203628501233
CAND_07138,4.7,56.0,Mestrado,Região Metropolitana,Remoto,Masculino,Branca,0.708264790091331
CAND_07139,5.7,29.0,Bacharelado,Capitais,Remoto,Masculino,Branca,0.773843691242267
CAND_07140,7.7,55.0,Bacharelado,Capitais,Remoto,Masculino,Branca,0.7440780999514227
CAND_07141,1.9,40.0,Bacharelado,Capitais,Remoto,Feminino,Branca,0.5083928160070339
CAND_07142,5.3,53.0,Mestrado,Interior,Presencial,Masculino,Branca,0.42444441251408294
CAND_07143,10.6,30.0,Bacharelado,Capitais,Presencial,Feminino,Branca,0.5797787031928328
CAND_07144,3.4,68.0,Bacharelado,Capitais,Remoto,Masculino,Branca,0.9032016731351742
CAND_07145,4.9,20.0,Ensino Médio,Região Metropolitana,Presencial,Masculino,Branca,0.38908723330877093
CAND_07146,12.8,38.0,Mestrado,Capitais,Remoto,Feminino,Branca,0.6408353313956197
CAND_07147,4.3,34.0,Mestrado,Região Metropolitana,Remoto,Masculino,Branca,0.6362892759039392
CAND_07148,0.4,56.0,Bacharelado,Capitais,Híbrido,Feminino,Branca,0.5039241101681358
CAND_07149,4.8,43.0,Ensino Médio,Capitais,Remoto,Feminino,Branca,0.30552476958470925
CAND_07150,10.0,47.0,Bacharelado,Região Metropolitana,Híbrido,Masculino,Branca,0.615216066390943
CAND_07151,8.2,40.0,Mestrado,Capitais,Presencial,Feminino,Branca,0.6427143675590343
CAND_07152,2.1,29.0,Ensino Médio,Região Metropolitana,Remoto,Feminino,Branca,0.31080358337913894
CAND_07153,6.2,47.0,Bacharelado,Capitais,Híbrido,Masculino,Branca,0.6157276573239733
CAND_07154,4.5,30.0,Ensino Médio,Capitais,Presencial,Feminino,Branca,0.42269047469692744
CAND_07155,7.4,23.0,Mestrado,Região Metropolitana,Remoto,Masculino,Preta,0.3769732204756608
CAND_07156,3.2,59.0,Bacharelado,Região Metropolitana,Híbrido,Feminino,Branca,0.3602945510794483
CAND_07157,6.5,31.0,Mestrado,Capitais,Presencial,Masculino,Preta,0.371452050046
CAND_07158,10.7,72.0,Bacharelado,Capitais,Remoto,Masculino,Preta,0.6220113310927371
CAND_07159,0.0,71.0,Bacharelado,Capitais,Remoto,Masculino,Parda,0.9185659424615054
CAND_07160,6.8,63.0,Bacharelado,Capitais,Presencial,Masculino,Branca,0.8096436798869944
CAND_07161,9.0,33.0,Bacharelado,Capitais,Presencial,Feminino,Branca,0.43022862088917935
CAND_07162,0.3,82.0,Bacharelado,Capitais,Presencial,Masculino,Branca,0.654719154027877
CAND_07163,2.8,15.0,Mestrado,Capitais,Remoto,Masculino,Amarela,0.4286613962125605
CAND_07164,3.8,37.0,Bacharelado,Capitais,Remoto,Masculino,Preta,0.36682280732148476
CAND_07165,2.8,62.0,Doutorado,Capitais,Remoto,Masculino,Branca,0.799923110534942
CAND_07166,2.6,61.0,Bacharelado,Capitais,Remoto,Masculino,Branca,0.6514382179587955
CAND_07167,3.9,39.0,Mestrado,Região Metropolitana,Híbrido,Feminino,Branca,0.31394008055271244
CAND_07168,7.6,38.0,Mestrado,Capitais,Presencial,Masculino,Indígena,0.6133104488768222
CAND_07169,9.5,47.0,Bacharelado,Capitais,Remoto,Feminino,Parda,0.735674352950073
CAND_07170,8.9,49.0,Mestrado,Região Metropolitana,Híbrido,Feminino,Branca,0.5625356572887494
CAND_07171,8.0,43.0,Bacharelado,Interior,Presencial,Masculino,Branca,0.5726671169577104
CAND_07172,10.5,75.0,Bacharelado,Capitais,Remoto,Feminino,Branca,0.7708237017730384
CAND_07173,11.1,40.0,Bacharelado,Região Metropolitana,Híbrido,Feminino,Preta,0.2813521450943836
CAND_07174,5.5,72.0,Mestrado,Capitais,Remoto,Masculino,Branca,0.760270460637458
CAND_07175,9.3,56.0,Bacharelado,Capitais,Remoto,Feminino,Branca,0.562743470781851
CAND_07176,6.3,65.0,Bacharelado,Capitais,Presencial,Masculino,Branca,0.7318118859994263
CAND_07177,4.4,28.0,Bacharelado,Região Metropolitana,Presencial,Masculino,Parda,0.5831301503434501
CAND_07178,4.9,65.0,Bacharelado,Região Metropolitana,Remoto,Feminino,Branca,0.4462194658140419
CAND_07179,8.0,65.0,Bacharelado,Capitais,Híbrido,Feminino,Branca,0.5038767790302769
CAND_07180,9.4,40.0,Bacharelado,Capitais,Presencial,Masculino,Branca,0.8623068900643001
CAND_07181,6.7,63.0,Bacharelado,Capitais,Híbrido,Masculino,Branca,0.8724293651782637
CAND_07182,3.8,28.0,Bacharelado,Interior,Presencial,Feminino,Branca,0.26805613621148167
CAND_07183,3.5,43.0,Ensino Médio,Região Metropolitana,Remoto,Masculino,Branca,0.4725667886826733
CAND_07184,0.0,68.0,Bacharelado,Capitais,Presencial,Masculino,Preta,0.17291151321329817
CAND_07185,6.1,47.0,Bacharelado,Capitais,Híbrido,Masculino,Branca,0.9326283201437204
CAND_07186,5.9,46.0,Mestrado,Capitais,Presencial,Masculino,Branca,0.9839852575947331
CAND_07187,1.9,71.0,Bacharelado,Capitais,Híbrido,Não-binário,Branca,0.48661445184596785
CAND_07188,6.4,21.0,Ensino Médio,Interior,Presencial,Masculino,Branca,0.42845855580349723
CAND_07189,6.4,47.0,Mestrado,Interior,Presencial,Masculino,Branca,0.5375534071203001
CAND_07190,0.5,49.0,Bacharelado,Capitais,Híbrido,Masculino,Branca,0.3761640087822484
CAND_07191,4.0,38.0,Bacharelado,Capitais,Presencial,Masculino,Branca,0.6072954637924504
CAND_07192,9.2,71.0,Bacharelado,Capitais,Remoto,Não-binário,Branca,0.41060866741632474
CAND_07193,3.1,36.0,Doutorado,Capitais,Presencial,Masculino,Branca,0.7846371322679995
CAND_07194,5.1,37.0,Bacharelado,Interior,Presencial,Masculino,Preta,0.28433709220794495
CAND_07195,5.5,13.0,Bacharelado,Região Metropolitana,Remoto,Masculino,Preta,0.17872919015752928
CAND_07196,4.9,67.0,Bacharelado,Região Metropolitana,Presencial,Feminino,Amarela,0.3969814923707564
CAND_07197,7.1,45.0,Bacharelado,Interior,Remoto,Masculino,Branca,0.6885325224254152
CAND_07198,7.8,45.0,Bacharelado,Região Metropolitana,Remoto,Feminino,Preta,0.23742652038590506
CAND_07199,8.8,47.0,Bacharelado,Capitais,Presencial,Masculino,Preta,0.49078707326485166
CAND_07200,4.1,68.0,Bacharelado,Região Metropolitana,Presencial,Masculino,Preta,0.4469345888310288
CAND_07201,6.6,74.0,Bacharelado,Capitais,Remoto,Masculino,Branca,1.0
CAND_07202,7.5,24.0,Mestrado,Capitais,Remoto,Masculino,Branca,0.70370153134203
CAND_07203,4.6,43.0,Bacharelado,Região Metropolitana,Híbrido,Masculino,Branca,0.6719144294881221
CAND_07204,2.8,33.0,Bacharelado,Capitais,Remoto,Não-binário,Indígena,0.3823138795559712
CAND_07205,5.4,47.0,Bacharelado,Capitais,Presencial,Masculino,Branca,0.5987494511756242
CAND_07206,3.2,49.0,Bacharelado,Interior,Híbrido,Masculino,Preta,0.0
CAND_07207,2.9,24.0,Bacharelado,Capitais,Híbrido,Feminino,Amarela,0.1635709668087567
CAND_07208,5.7,56.0,Bacharelado,Região Metropolitana,Híbrido,Masculino,Amarela,0.5570841957228626
CAND_07209,4.4,43.0,Ensino Médio,Região Metropolitana,Híbrido,Feminino,Amarela,0.07470741482487603
CAND_07210,5.5,62.0,Mestrado,Capitais,Híbrido,Masculino,Preta,0.6090602383589361
CAND_07211,0.3,50.0,Mestrado,Capitais,Presencial,Feminino,Branca,0.586694833935222
CAND_07212,4.5,24.0,Bacharelado,Capitais,Híbrido,Masculino,Branca,0.41032317738417734
CAND_07213,0.0,59.0,Bacharelado,Região Metropolitana,Híbrido,Não-binário,Branca,0.23448894399874898
CAND_07214,1.9,30.0,Bacharelado,Região Metropolitana,Remoto,Masculino,Preta,0.2956156735993005
CAND_07215,4.7,32.0,Bacharelado,Capitais,Híbrido,Feminino,Branca,0.3246081584010073
CAND_07216,8.6,45.0,Ensino Médio,Interior,Híbrido,Masculino,Parda,0.4548012185867687
CAND_07217,6.6,46.0,Bacharelado,Capitais,Híbrido,Masculino,Branca,0.7502063713487649
CAND_07218,5.3,24.0,Ensino Médio,Região Metropolitana,Presencial,Não-binário,Parda,0.08306172173798629
CAND_07219,3.9,48.0,Ensino Médio,Capitais,Presencial,Feminino,Indígena,0.08152160387005092
CAND_07220,4.2,49.0,Ensino Médio,Capitais,Híbrido,Feminino,Preta,0.13008017434654004
CAND_07221,8.9,48.0,Mestrado,Região Metropolitana,Híbrido,Feminino,Parda,0.5461960771657506
CAND_07222,1.7,25.0,Bacharelado,Capitais,Híbrido,Feminino,Preta,0.15973923044194804
CAND_07223,2.8,52.0,Bacharelado,Capitais,Híbrido,Masculino,Parda,0.48608435238740694
CAND_07224,8.2,59.0,Bacharelado,Capitais,Presencial,Feminino,Branca,0.5103707803746687
CAND_07225,4.0,30.0,Bacharelado,Região Metropolitana,Remoto,Masculino,Indígena,0.4750305483473627
CAND_07226,10.8,34.0,Bacharelado,Capitais,Remoto,Feminino,Parda,0.38187297175747437
CAND_07227,7.1,62.0,Mestrado,Capitais,Híbrido,Masculino,Parda,0.6932762127400758
CAND_07228,8.5,74.0,Bacharelado,Capitais,Híbrido,Feminino,Branca,0.8096802768799214
CAND_07229,0.1,48.0,Mestrado,Capitais,Remoto,Feminino,Branca,0.4005768094886438
CAND_07230,8.2,43.0,Bacharelado,Capitais,Híbrido,Feminino,Branca,0.4208405640914158
CAND_07231,2.5,53.0,Ensino Médio,Capitais,Híbrido,Masculino,Branca,0.6262769817290217
CAND_07232,7.1,70.0,Doutorado,Interior,Híbrido,Feminino,Amarela,0.43230464677088926
CAND_07233,3.9,37.0,Bacharelado,Região Metropolitana,Remoto,Feminino,Preta,0.17225915488046709
CAND_07234,5.7,43.0,Mestrado,Capitais,Presencial,Feminino,Amarela,0.3253293369024476
CAND_07235,1.7,42.0,Mestrado,Capitais,Remoto,Masculino,Branca,0.5720884767475704
CAND_07236,0.0,29.0,Bacharelado,Região Metropolitana,Remoto,Masculino,Amarela,0.4292998676056382
CAND_07237,5.5,63.0,Mestrado,Capitais,Remoto,Masculino,Amarela,0.7153209022209198
CAND_07238,4.1,54.0,Ensino Médio,Capitais,Híbrido,Masculino,Preta,0.3334808783165205
CAND_07239,2.3,20.0,Bacharelado,Região Metropolitana,Presencial,Feminino,Branca,0.2745770533400468
CAND_07240,0.0,50.0,Bacharelado,Capitais,Híbrido,Feminino,Branca,0.31753784690604614
CAND_07241,0.0,75.0,Bacharelado,Capitais,Presencial,Feminino,Amarela,0.3183992064712974
CAND_07242,6.6,54.0,Mestrado,Capitais,Híbrido,Feminino,Parda,0.5621754876553194
CAND_07243,4.2,74.0,Bacharelado,Capitais,Híbrido,Masculino,Branca,0.8134248766504054
CAND_07244,3.2,42.0,Bacharelado,Capitais,Híbrido,Masculino,Preta,0.5257653559528005
CAND_07245,5.6,64.0,Ensino Médio,Capitais,Híbrido,Feminino,Preta,0.340247968324692
CAND_07246,8.0,70.0,Ensino Médio,Região Metropolitana,Remoto,Masculino,Branca,0.6614168950824694
CAND_07247,5.8,49.0,Mestrado,Região Metropolitana,Híbrido,Masculino,Amarela,0.40284738289764216
CAND_07248,3.7,44.0,Mestrado,Capitais,Presencial,Masculino,Branca,0.7276735582257383
CAND_07249,11.4,66.0,Mestrado,Capitais,Híbrido,Masculino,Parda,0.9627236456105275
CAND_07250,3.1,58.0,Bacharelado,Interior,Remoto,Masculino,Branca,0.7635856134128804
CAND_07251,0.8,64.0,Bacharelado,Capitais,Híbrido,Feminino,Parda,0.2878008393684811
CAND_07252,5.3,56.0,Bacharelado,Interior,Híbrido,Feminino,Branca,0.46724782928069103
CAND_07253,4.2,49.0,Bacharelado,Capitais,Híbrido,Masculino,Branca,0.6299700260595607
CAND_07254,7.8,49.0,Bacharelado,Capitais,Presencial,Masculino,Branca,0.9277375996699735
CAND_07255,3.4,45.0,Mestrado,Região Metropolitana,Híbrido,Masculino,Amarela,0.41107142234816624
CAND_07256,4.5,56.0,Bacharelado,Capitais,Remoto,Masculino,Branca,0.8317848981445288
CAND_07257,2.4,47.0,Bacharelado,Capitais,Presencial,Masculino,Branca,0.8873556099865902
CAND_07258,7.4,54.0,Mestrado,Capitais,Remoto,Feminino,Branca,0.6629166234334678
CAND_07259,5.4,38.0,Mestrado,Capitais,Remoto,Masculino,Parda,0.584935229476247
CAND_07260,4.2,37.0,Mestrado,Capitais,Remoto,Feminino,Preta,0.1721040325695748
CAND_07261,4.6,59.0,Bacharelado,Capitais,Presencial,Feminino,Indígena,0.2828094391698928
CAND_07262,4.9,56.0,Bacharelado,Capitais,Presencial,Não-binário,Amarela,0.20601300623700325
CAND_07263,0.7,44.0,Mestrado,Capitais,Remoto,Masculino,Branca,0.5687795243700141
CAND_07264,8.5,71.0,Bacharelado,Capitais,Híbrido,Masculino,Parda,1.0
CAND_07265,8.3,38.0,Mestrado,Capitais,Presencial,Masculino,Preta,0.4403749482955746
CAND_07266,5.1,57.0,Bacharelado,Capitais,Híbrido,Feminino,Branca,0.5447240645945058
CAND_07267,4.8,57.0,Doutorado,Capitais,Remoto,Masculino,Parda,0.8174362687167395
CAND_07268,2.0,51.0,Bacharelado,Capitais,Presencial,Não-binário,Branca,0.43398770618255517
CAND_07269,10.2,69.0,Ensino Médio,Capitais,Remoto,Masculino,Branca,1.0
CAND_07270,9.5,74.0,Bacharelado,Capitais,Remoto,Masculino,Branca,0.7409662038740767
CAND_07271,6.2,33.0,Doutorado,Região Metropolitana,Híbrido,Feminino,Branca,0.3776656805551621
CAND_07272,7.5,16.0,Bacharelado,Interior,Remoto,Masculino,Branca,0.37179233818137464
CAND_07273,8.7,43.0,Bacharelado,Capitais,Presencial,Feminino,Preta,0.43940003427548985
CAND_07274,8.1,35.0,Bacharelado,Região Metropolitana,Presencial,Masculino,Parda,0.6560836779789072
CAND_07275,2.4,43.0,Ensino Médio,Capitais,Remoto,Feminino,Branca,0.5666031255799164
CAND_07276,4.1,77.0,Bacharelado,Capitais,Híbrido,Masculino,Branca,0.5987778998236322
CAND_07277,6.4,90.0,Doutorado,Capitais,Presencial,Masculino,Branca,1.0
CAND_07278,5.6,36.0,Bacharelado,Interior,Presencial,Feminino,Branca,0.3523239348130176
CAND_07279,7.3,53.0,Bacharelado,Capitais,Híbrido,Feminino,Indígena,0.24460303278937506
CAND_07280,6.9,53.0,Bacharelado,Capitais,Presencial,Feminino,Preta,0.3449236969063696
CAND_07281,5.7,55.0,Bacharelado,Capitais,Presencial,Masculino,Branca,0.7832562298689665
CAND_07282,0.0,29.0,Doutorado,Capitais,Presencial,Feminino,Branca,0.35147431326817413
CAND_07283,8.5,69.0,Mestrado,Região Metropolitana,Remoto,Masculino,Parda,0.8486683434271901
CAND_07284,7.5,64.0,Bacharelado,Capitais,Remoto,Masculino,Branca,0.6969746246738641
CAND_07285,11.2,43.0,Doutorado,Capitais,Presencial,Masculino,Preta,0.7193235724838127
CAND_07286,3.6,68.0,Mestrado,Interior,Híbrido,Masculino,Amarela,0.5627694485643078
CAND_07287,0.0,28.0,Bacharelado,Capitais,Híbrido,Masculino,Amarela,0.22839253778628948
CAND_07288,4.5,25.0,Bacharelado,Região Metropolitana,Presencial,Masculino,Branca,0.6326156320762768
CAND_07289,6.4,54.0,Doutorado,Interior,Presencial,Masculino,Branca,0.5479861932291866
CAND_07290,3.7,56.0,Bacharelado,Região Metropolitana,Presencial,Feminino,Preta,0.20983136830227084
CAND_07291,9.1,48.0,Bacharelado,Capitais,Remoto,Feminino,Branca,0.5784811110715603
CAND_07292,3.0,67.0,Bacharelado,Capitais,Híbrido,Masculino,Branca,0.6925262684415358
CAND_07293,4.7,40.0,Bacharelado,Capitais,Presencial,Masculino,Amarela,0.41646568705132786
CAND_07294,4.3,68.0,Bacharelado,Região Metropolitana,Remoto,Não-binário,Amarela,0.42261523296199377
CAND_07295,13.3,62.0,Bacharelado,Capitais,Híbrido,Masculino,Parda,0.6062065744056095
CAND_07296,2.3,78.0,Bacharelado,Capitais,Presencial,Feminino,Amarela,0.5134695141364145
CAND_07297,6.8,23.0,Bacharelado,Capitais,Híbrido,Não-binário,Preta,0.0
CAND_07298,1.4,43.0,Bacharelado,Capitais,Híbrido,Feminino,Branca,0.5707282670359015
CAND_07299,6.0,36.0,Bacharelado,Capitais,Híbrido,Masculino,Branca,0.7651028842573254
CAND_07300,2.1,62.0,Bacharelado,Capitais,Remoto,Masculino,Parda,0.6798021568198728
CAND_07301,8.3,74.0,Ensino Médio,Capitais,Presencial,Masculino,Amarela,0.7335667015577885
CAND_07302,7.7,44.0,Bacharelado,Capitais,Presencial,Masculino,Preta,0.4324327387376472
CAND_07303,5.8,59.0,Bacharelado,Interior,Remoto,Masculino,Branca,0.656538602137272
CAND_07304,0.8,72.0,Mestrado,Região Metropolitana,Presencial,Masculino,Amarela,0.49105720444599704
CAND_07305,4.8,55.0,Bacharelado,Capitais,Presencial,Feminino,Parda,0.4981893120740844
CAND_07306,4.1,61.0,Mestrado,Capitais,Híbrido,Masculino,Amarela,0.6617347857416104
CAND_07307,7.5,20.0,Bacharelado,Região Metropolitana,Presencial,Feminino,Amarela,0.24017343596669405
CAND_07308,2.3,73.0,Mestrado,Região Metropolitana,Híbrido,Masculino,Branca,0.6991041489785716
CAND_07309,8.5,46.0,Mestrado,Capitais,Remoto,Masculino,Branca,0.8140662812547593
CAND_07310,7.9,90.0,Doutorado,Região Metropolitana,Remoto,Feminino,Preta,0.5055434563810133
CAND_07311,0.9,37.0,Bacharelado,Capitais,Híbrido,Masculino,Amarela,0.30167973757595334
CAND_07312,4.3,57.0,Bacharelado,Capitais,Híbrido,Feminino,Amarela,0.41842049870636566
CAND_07313,4.8,62.0,Bacharelado,Região Metropolitana,Remoto,Masculino,Amarela,0.6250828561938409
CAND_07314,8.0,12.0,Bacharelado,Capitais,Presencial,Masculino,Amarela,0.6446511370024708
CAND_07315,2.9,77.0,Bacharelado,Interior,Híbrido,Masculino,Branca,0.5433881175600795
CAND_07316,5.6,61.0,Bacharelado,Capitais,Híbrido,Masculino,Amarela,0.6642116658756865
CAND_07317,8.3,28.0,Bacharelado,Interior,Híbrido,Masculino,Preta,0.3161892205131072
CAND_07318,5.8,56.0,Bacharelado,Capitais,Presencial,Masculino,Parda,0.6632694790603983
CAND_07319,0.0,55.0,Bacharelado,Capitais,Presencial,Feminino,Branca,0.5077527876434016
CAND_07320,3.5,48.0,Mestrado,Capitais,Remoto,Feminino,Branca,0.5182016409154788
CAND_07321,7.7,41.0,Doutorado,Região Metropolitana,Presencial,Masculino,Branca,0.7594243817842113
CAND_07322,7.3,49.0,Mestrado,Capitais,Híbrido,Feminino,Branca,0.5868081654626478
CAND_07323,0.0,63.0,Bacharelado,Região Metropolitana,Presencial,Feminino,Parda,0.2816673835312657
CAND_07324,5.6,62.0,Ensino Médio,Região Metropolitana,Presencial,Masculino,Amarela,0.5868651281053876
CAND_07325,7.8,50.0,Bacharelado,Capitais,Híbrido,Feminino,Branca,0.572052598399373
CAND_07326,6.6,53.0,Bacharelado,Capitais,Híbrido,Masculino,Branca,0.8229230137889612
CAND_07327,7.0,48.0,Mestrado,Região Metropolitana,Híbrido,Masculino,Amarela,0.6929018840975067
CAND_07328,11.2,35.0,Bacharelado,Região Metropolitana,Híbrido,Masculino,Parda,0.5746712159015677
CAND_07329,4.9,49.0,Mestrado,Região Metropolitana,Híbrido,Masculino,Branca,0.9442112136256144
CAND_07330,5.9,39.0,Bacharelado,Capitais,Presencial,Feminino,Branca,0.4838816477455051
CAND_07331,2.2,35.0,Bacharelado,Região Metropolitana,Presencial,Masculino,Indígena,0.428234325824912
CAND_07332,3.1,14.0,Mestrado,Região Metropolitana,Híbrido,Masculino,Branca,0.5970856936427786
CAND_07333,4.0,44.0,Bacharelado,Capitais,Presencial,Masculino,Preta,0.31649786324126145
CAND_07334,7.5,62.0,Mestrado,Interior,Remoto,Masculino,Branca,0.6176807154693535
CAND_07335,2.8,68.0,Mestrado,Capitais,Presencial,Feminino,Preta,0.3025979655564395
CAND_07336,8.7,57.0,Bacharelado,Região Metropolitana,Presencial,Feminino,Amarela,0.3644063387472809
CAND_07337,1.7,31.0,Mestrado,Região Metropolitana,Híbrido,Masculino,Indígena,0.3273576323863983
CAND_07338,6.9,48.0,Bacharelado,Capitais,Remoto,Feminino,Branca,0.39226555924674256
CAND_07339,6.7,33.0,Bacharelado,Capitais,Presencial,Masculino,Branca,0.7815057743270242
CAND_07340,5.8,79.0,Bacharelado,Região Metropolitana,Híbrido,Feminino,Amarela,0.2725840096281519
CAND_07341,8.0,44.0,Bacharelado,Capitais,Presencial,Feminino,Branca,0.6274756410181394
CAND_07342,2.8,43.0,Bacharelado,Interior,Híbrido,Feminino,Branca,0.15895096873876413
CAND_07343,3.6,64.0,Bacharelado,Capitais,Híbrido,Feminino,Indígena,0.3100907523028221
CAND_07344,2.1,49.0,Bacharelado,Interior,Híbrido,Masculino,Preta,0.2203798063373927
CAND_07345,5.0,66.0,Bacharelado,Capitais,Presencial,Masculino,Branca,0.9924283904314413
CAND_07346,4.6,33.0,Bacharelado,Região Metropolitana,Remoto,Masculino,Parda,0.5430781629711163
CAND_07347,7.6,51.0,Mestrado,Capitais,Presencial,Feminino,Branca,0.6327369209297896
CAND_07348,6.2,58.0,Bacharelado,Capitais,Híbrido,Masculino,Branca,0.7421006874086317
CAND_07349,7.1,11.0,Bacharelado,Capitais,Remoto,Masculino,Preta,0.24730900365867275
CAND_07350,4.4,40.0,Doutorado,Interior,Presencial,Masculino,Preta,0.4161925996135425
CAND_07351,6.2,41.0,Bacharelado,Interior,Híbrido,Feminino,Branca,0.3409341061309046
CAND_07352,10.4,51.0,Bacharelado,Capitais,Presencial,Feminino,Indígena,0.6026365186308195
CAND_07353,1.0,45.0,Mestrado,Capitais,Presencial,Feminino,Parda,0.2850007094598394
CAND_07354,0.0,54.0,Mestrado,Região Metropolitana,Presencial,Masculino,Preta,0.5002015572879817
CAND_07355,6.9,46.0,Bacharelado,Capitais,Híbrido,Masculino,Branca,0.7452312588358011
CAND_07356,2.5,67.0,Mestrado,Interior,Remoto,Masculino,Branca,0.5392525187736138
CAND_07357,0.9,82.0,Bacharelado,Capitais,Remoto,Masculino,Branca,0.7766178691360011
CAND_07358,6.6,27.0,Ensino Médio,Capitais,Híbrido,Feminino,Branca,0.3084864120312583
CAND_07359,2.0,50.0,Bacharelado,Capitais,Remoto,Feminino,Branca,0.5595584085093187
CAND_07360,9.6,66.0,Mestrado,Região Metropolitana,Remoto,Masculino,Amarela,0.6445482726746574
CAND_07361,5.5,39.0,Bacharelado,Interior,Híbrido,Feminino,Branca,0.23587573454716138
CAND_07362,4.4,54.0,Bacharelado,Capitais,Híbrido,Masculino,Branca,0.6485191127924961
CAND_07363,2.5,44.0,Bacharelado,Região Metropolitana,Remoto,Masculino,Branca,0.49711496181276926
CAND_07364,5.6,35.0,Mestrado,Interior,Híbrido,Feminino,Branca,0.5057461132601686
CAND_07365,0.2,35.0,Bacharelado,Região Metropolitana,Presencial,Masculino,Branca,0.38116592466551075
CAND_07366,0.0,13.0,Ensino Médio,Capitais,Híbrido,Feminino,Branca,0.19518873488039296
CAND_07367,0.3,52.0,Mestrado,Região Metropolitana,Presencial,Feminino,Branca,0.43972590727604133
CAND_07368,8.4,53.0,Mestrado,Capitais,Presencial,Feminino,Branca,0.5859402167533058
CAND_07369,2.2,36.0,Bacharelado,Região Metropolitana,Remoto,Masculino,Branca,0.4031315381725776
CAND_07370,0.7,46.0,Bacharelado,Capitais,Híbrido,Masculino,Amarela,0.6073261705198492
CAND_07371,4.7,28.0,Bacharelado,Região Metropolitana,Híbrido,Masculino,Parda,0.47347279286177607
CAND_07372,11.7,58.0,Mestrado,Capitais,Híbrido,Feminino,Amarela,0.38476723422289727
CAND_07373,8.3,44.0,Bacharelado,Região Metropolitana,Híbrido,Masculino,Branca,0.6142170755347831
CAND_07374,2.6,62.0,Bacharelado,Região Metropolitana,Presencial,Feminino,Preta,0.21202615706482453
CAND_07375,2.5,45.0,Mestrado,Capitais,Remoto,Masculino,Amarela,0.46259479627762584
CAND_07376,2.6,35.0,Mestrado,Capitais,Híbrido,Feminino,Indígena,0.1517426177765834
CAND_07377,2.3,42.0,Bacharelado,Capitais,Híbrido,Feminino,Branca,0.444469596552824
CAND_07378,6.6,73.0,Mestrado,Interior,Remoto,Masculino,Branca,0.6069511762544029
CAND_07379,4.0,81.0,Ensino Médio,Interior,Híbrido,Masculino,Branca,0.6814195727047703
CAND_07380,1.7,27.0,Bacharelado,Capitais,Presencial,Masculino,Branca,0.5808955341930765
CAND_07381,1.0,64.0,Bacharelado,Região Metropolitana,Híbrido,Feminino,Branca,0.39591739852458707
CAND_07382,11.9,33.0,Mestrado,Região Metropolitana,Híbrido,Feminino,Branca,0.8958704682970063
CAND_07383,7.2,39.0,Doutorado,Interior,Híbrido,Masculino,Preta,0.3436821026400162
CAND_07384,2.4,53.0,Mestrado,Capitais,Remoto,Masculino,Preta,0.44797573130290974
CAND_07385,8.6,57.0,Bacharelado,Região Metropolitana,Híbrido,Masculino,Branca,0.9064253873738742
CAND_07386,1.5,39.0,Bacharelado,Capitais,Híbrido,Feminino,Parda,0.4156427737699976
CAND_07387,4.6,59.0,Mestrado,Região Metropolitana,Remoto,Masculino,Preta,0.3882070623716881
CAND_07388,4.3,68.0,Mestrado,Região Metropolitana,Híbrido,Feminino,Parda,0.5466699988915885
CAND_07389,5.5,61.0,Ensino Médio,Capitais,Remoto,Masculino,Indígena,0.6544887869034177
CAND_07390,2.2,36.0,Bacharelado,Região Metropolitana,Remoto,Feminino,Branca,0.07413608763161067
CAND_07391,5.4,43.0,Doutorado,Capitais,Híbrido,Masculino,Parda,0.6906203487289907
CAND_07392,0.0,63.0,Bacharelado,Capitais,Presencial,Masculino,Parda,0.7843550221696176
CAND_07393,3.9,73.0,Bacharelado,Capitais,Híbrido,Masculino,Amarela,0.5015469945841887
CAND_07394,9.0,31.0,Mestrado,Capitais,Presencial,Feminino,Branca,0.7024515035349765
CAND_07395,8.1,55.0,Mestrado,Região Metropolitana,Híbrido,Feminino,Amarela,0.3066185856956689
CAND_07396,2.9,61.0,Bacharelado,Região Metropolitana,Híbrido,Masculino,Branca,0.6736674953984284
CAND_07397,0.4,29.0,Bacharelado,Capitais,Presencial,Masculino,Preta,0.28218059968006637
CAND_07398,0.0,65.0,Mestrado,Capitais,Presencial,Não-binário,Branca,0.3870993617401949
CAND_07399,6.9,82.0,Ensino Médio,Região Metropolitana,Híbrido,Feminino,Indígena,0.2406620779945308
CAND_07400,5.8,60.0,Mestrado,Região Metropolitana,Presencial,Feminino,Branca,0.6386975097436636
CAND_07401,6.2,58.0,Ensino Médio,Capitais,Híbrido,Feminino,Branca,0.44702772662116175
CAND_07402,10.1,39.0,Ensino Médio,Capitais,Híbrido,Masculino,Branca,0.9112081102552626
CAND_07403,5.5,43.0,Mestrado,Capitais,Híbrido,Feminino,Branca,0.5028237456569472
CAND_07404,5.7,40.0,Bacharelado,Interior,Presencial,Masculino,Parda,0.46014426644435946
CAND_07405,0.8,37.0,Bacharelado,Capitais,Remoto,Masculino,Indígena,0.46117530128371786
CAND_07406,9.9,46.0,Mestrado,Capitais,Presencial,Masculino,Preta,0.5062688660518962
CAND_07407,4.5,55.0,Bacharelado,Região Metropolitana,Presencial,Masculino,Preta,0.4068732850500125
CAND_07408,2.5,37.0,Bacharelado,Região Metropolitana,Presencial,Masculino,Branca,0.38363160047108635
CAND_07409,5.6,45.0,Mestrado,Capitais,Remoto,Feminino,Amarela,0.43107996510708807
CAND_07410,11.0,55.0,Mestrado,Capitais,Remoto,Masculino,Branca,0.7347407455457268
CAND_07411,11.4,18.0,Mestrado,Capitais,Remoto,Masculino,Branca,0.837193489982941
CAND_07412,2.1,64.0,Bacharelado,Região Metropolitana,Híbrido,Feminino,Branca,0.4151985371101825
CAND_07413,8.5,53.0,Bacharelado,Capitais,Remoto,Masculino,Amarela,0.515666451992468
CAND_07414,6.0,53.0,Bacharelado,Capitais,Remoto,Feminino,Branca,0.4869172566654241
CAND_07415,8.0,67.0,Bacharelado,Capitais,Remoto,Masculino,Branca,0.8735291611483219
CAND_07416,5.8,64.0,Bacharelado,Interior,Remoto,Masculino,Branca,0.6641791334695297
CAND_07417,6.8,59.0,Ensino Médio,Capitais,Remoto,Masculino,Branca,0.679764809827601
CAND_07418,9.0,54.0,Bacharelado,Capitais,Híbrido,Masculino,Branca,0.7129800758057389
CAND_07419,0.0,50.0,Bacharelado,Região Metropolitana,Remoto,Masculino,Amarela,0.2304131015324397
CAND_07420,6.1,41.0,Bacharelado,Capitais,Híbrido,Feminino,Branca,0.2516587450144191
CAND_07421,1.5,36.0,Bacharelado,Região Metropolitana,Presencial,Masculino,Branca,0.6480067645741412
CAND_07422,3.6,56.0,Mestrado,Região Metropolitana,Presencial,Não-binário,Preta,0.22622486324884306
CAND_07423,5.0,56.0,Bacharelado,Capitais,Híbrido,Feminino,Preta,0.3991282008623731
CAND_07424,2.0,52.0,Mestrado,Capitais,Remoto,Feminino,Branca,0.5976939055584937
CAND_07425,3.3,30.0,Ensino Médio,Capitais,Presencial,Masculino,Branca,0.6387867866791311
CAND_07426,0.8,10.0,Bacharelado,Região Metropolitana,Presencial,Masculino,Branca,0.3580963673648879
CAND_07427,3.2,51.0,Bacharelado,Região Metropolitana,Presencial,Não-binário,Branca,0.38341004621115693
CAND_07428,6.5,22.0,Bacharelado,Capitais,Presencial,Masculino,Amarela,0.3192253322466685
CAND_07429,7.6,55.0,Mestrado,Interior,Presencial,Masculino,Branca,0.7290480777511072
CAND_07430,2.7,79.0,Doutorado,Região Metropolitana,Híbrido,Masculino,Branca,0.8371907180034966
CAND_07431,9.0,55.0,Bacharelado,Capitais,Híbrido,Não-binário,Branca,0.5989003579460713
CAND_07432,6.7,43.0,Ensino Médio,Capitais,Presencial,Feminino,Preta,0.19556866069267567
CAND_07433,9.3,34.0,Bacharelado,Capitais,Presencial,Masculino,Parda,0.7864945296591112
CAND_07434,0.0,41.0,Mestrado,Região Metropolitana,Híbrido,Masculino,Parda,0.4629356406324722
CAND_07435,5.9,49.0,Bacharelado,Capitais,Presencial,Feminino,Branca,0.419042612842587
CAND_07436,6.8,66.0,Mestrado,Região Metropolitana,Remoto,Masculino,Parda,0.9014104400776449
CAND_07437,0.0,52.0,Mestrado,Região Metropolitana,Presencial,Masculino,Branca,0.6626876662776877
CAND_07438,12.2,46.0,Mestrado,Capitais,Presencial,Masculino,Parda,0.793691601406826
CAND_07439,3.1,60.0,Bacharelado,Capitais,Remoto,Não-binário,Branca,0.28927690040767357
CAND_07440,6.6,72.0,Bacharelado,Região Metropolitana,Híbrido,Masculino,Branca,0.7272818750051121
CAND_07441,7.8,55.0,Mestrado,Região Metropolitana,Remoto,Feminino,Parda,0.3078089520702155
CAND_07442,5.3,53.0,Mestrado,Capitais,Presencial,Masculino,Preta,0.42485101330863734
CAND_07443,9.2,25.0,Bacharelado,Capitais,Presencial,Masculino,Branca,0.6378088696891159
CAND_07444,11.0,30.0,Mestrado,Capitais,Presencial,Feminino,Branca,0.6548956581902445
CAND_07445,1.7,28.0,Bacharelado,Interior,Remoto,Masculino,Branca,0.39400838174109876
CAND_07446,5.3,47.0,Bacharelado,Região Metropolitana,Híbrido,Masculino,Parda,0.5073843345342843
CAND_07447,7.7,37.0,Bacharelado,Interior,Híbrido,Feminino,Preta,0.22124550473744653
CAND_07448,0.1,43.0,Mestrado,Capitais,Híbrido,Feminino,Branca,0.3157511257522696
CAND_07449,8.2,37.0,Ensino Médio,Capitais,Remoto,Feminino,Branca,0.2620167317177835
CAND_07450,10.1,39.0,Doutorado,Capitais,Híbrido,Masculino,Branca,0.9456532609313943
CAND_07451,8.9,22.0,Bacharelado,Capitais,Híbrido,Masculino,Branca,0.6205996143642387
CAND_07452,6.3,53.0,Mestrado,Região Metropolitana,Híbrido,Feminino,Branca,0.6113695540787558
CAND_07453,9.6,61.0,Bacharelado,Capitais,Híbrido,Feminino,Parda,0.5089523151409164
CAND_07454,6.1,51.0,Bacharelado,Capitais,Híbrido,Masculino,Branca,0.650220780352907
CAND_07455,1.0,55.0,Ensino Médio,Região Metropolitana,Remoto,Masculino,Parda,0.3685770411892607
CAND_07456,3.4,57.0,Mestrado,Região Metropolitana,Presencial,Masculino,Preta,0.4649220383030098
CAND_07457,4.2,56.0,Bacharelado,Região Metropolitana,Híbrido,Feminino,Branca,0.5264840052263168
CAND_07458,4.8,63.0,Mestrado,Região Metropolitana,Presencial,Masculino,Amarela,0.6447118809283634
CAND_07459,4.7,68.0,Mestrado,Capitais,Presencial,Masculino,Branca,0.9634376270671023
CAND_07460,4.0,74.0,Ensino Médio,Capitais,Remoto,Feminino,Preta,0.3280728487635834
CAND_07461,5.7,21.0,Bacharelado,Região Metropolitana,Híbrido,Feminino,Parda,0.19684716290587628
CAND_07462,9.5,57.0,Bacharelado,Região Metropolitana,Remoto,Masculino,Amarela,0.6961650088375513
CAND_07463,5.6,32.0,Ensino Médio,Capitais,Remoto,Feminino,Branca,0.4052764720649603
CAND_07464,6.9,71.0,Bacharelado,Capitais,Remoto,Masculino,Branca,0.9103335921647584
CAND_07465,0.0,51.0,Bacharelado,Capitais,Remoto,Feminino,Branca,0.36313859367567336
CAND_07466,5.4,54.0,Bacharelado,Capitais,Remoto,Não-binário,Amarela,0.2881066177620575
CAND_07467,8.3,52.0,Bacharelado,Capitais,Remoto,Feminino,Branca,0.5876911079260945
CAND_07468,8.7,53.0,Bacharelado,Capitais,Remoto,Feminino,Branca,0.47628308070739755
CAND_07469,8.4,75.0,Bacharelado,Capitais,Remoto,Masculino,Branca,0.6889720622177644
CAND_07470,5.9,69.0,Bacharelado,Capitais,Remoto,Feminino,Preta,0.30208790113617895
CAND_07471,6.2,74.0,Ensino Médio,Capitais,Remoto,Masculino,Preta,0.6661576151566285
CAND_07472,3.0,47.0,Bacharelado,Capitais,Híbrido,Masculino,Parda,0.570173923656629
CAND_07473,7.5,18.0,Bacharelado,Capitais,Remoto,Masculino,Branca,0.6214212878782691
CAND_07474,3.0,61.0,Bacharelado,Interior,Híbrido,Feminino,Amarela,0.14777190643686755
CAND_07475,7.0,33.0,Mestrado,Região Metropolitana,Híbrido,Feminino,Branca,0.5711259307992284
CAND_07476,5.1,45.0,Mestrado,Capitais,Remoto,Masculino,Branca,0.6134012478660792
CAND_07477,5.0,49.0,Bacharelado,Capitais,Remoto,Não-binário,Branca,0.5273628616346443
CAND_07478,8.0,50.0,Bacharelado,Capitais,Remoto,Masculino,Amarela,0.5415047627922478
CAND_07479,6.7,60.0,Bacharelado,Região Metropolitana,Remoto,Feminino,Amarela,0.3217514416341268
CAND_07480,5.8,36.0,Bacharelado,Capitais,Híbrido,Feminino,Indígena,0.3534026019569272
CAND_07481,3.5,59.0,Bacharelado,Capitais,Híbrido,Masculino,Branca,0.6993784694726198
CAND_07482,9.8,47.0,Mestrado,Interior,Presencial,Não-binário,Branca,0.46285481499148606
CAND_07483,6.0,89.0,Bacharelado,Capitais,Híbrido,Masculino,Branca,0.8138543158038525
CAND_07484,7.2,26.0,Ensino Médio,Capitais,Remoto,Feminino,Preta,0.26641427733325607
CAND_07485,5.2,52.0,Bacharelado,Capitais,Remoto,Masculino,Parda,0.6731742971003973
CAND_07486,2.9,59.0,Ensino Médio,Capitais,Híbrido,Masculino,Amarela,0.5438920451875696
CAND_07487,6.1,44.0,Bacharelado,Capitais,Híbrido,Masculino,Indígena,0.6023365290509137
CAND_07488,3.2,41.0,Ensino Médio,Interior,Presencial,Não-binário,Branca,0.26993440878087105
CAND_07489,6.3,70.0,Mestrado,Capitais,Presencial,Masculino,Branca,0.9481540197762051
CAND_07490,0.0,63.0,Mestrado,Capitais,Híbrido,Feminino,Preta,0.2778562200559725
CAND_07491,3.8,38.0,Bacharelado,Região Metropolitana,Presencial,Feminino,Branca,0.47054792606975626
CAND_07492,5.0,28.0,Bacharelado,Capitais,Híbrido,Masculino,Branca,0.6549075359120997
CAND_07493,2.1,59.0,Doutorado,Região Metropolitana,Híbrido,Masculino,Preta,0.6796706111363722
CAND_07494,6.1,55.0,Mestrado,Capitais,Presencial,Masculino,Branca,0.8073003067187691
CAND_07495,3.7,59.0,Mestrado,Região Metropolitana,Remoto,Feminino,Branca,0.5494799517488191
CAND_07496,5.0,48.0,Bacharelado,Capitais,Remoto,Masculino,Branca,0.7684500436770034
CAND_07497,3.3,63.0,Bacharelado,Capitais,Remoto,Masculino,Amarela,0.4696738870502981
CAND_07498,7.9,74.0,Bacharelado,Capitais,Remoto,Feminino,Branca,0.7419459664277355
CAND_07499,6.6,73.0,Doutorado,Capitais,Presencial,Masculino,Amarela,0.6844341105340175
CAND_07500,5.9,38.0,Bacharelado,Capitais,Híbrido,Masculino,Indígena,0.47647080099592853
CAND_07501,5.2,87.0,Mestrado,Região Metropolitana,Remoto,Masculino,Branca,0.805845019966461
CAND_07502,12.6,60.0,Bacharelado,Região Metropolitana,Remoto,Masculino,Branca,0.6167126739434741
CAND_07503,4.5,29.0,Bacharelado,Região Metropolitana,Híbrido,Feminino,Branca,0.39839404075154017
CAND_07504,2.9,57.0,Bacharelado,Região Metropolitana,Híbrido,Feminino,Branca,0.4403318782273883
CAND_07505,1.5,53.0,Bacharelado,Capitais,Presencial,Feminino,Amarela,0.25113054835484533
CAND_07506,7.7,48.0,Ensino Médio,Capitais,Presencial,Masculino,Preta,0.49721941949141846
CAND_07507,9.9,47.0,Bacharelado,Região Metropolitana,Híbrido,Masculino,Branca,0.7348351606074822
CAND_07508,2.5,61.0,Bacharelado,Região Metropolitana,Híbrido,Feminino,Indígena,0.3653112022698985
CAND_07509,4.1,61.0,Mestrado,Capitais,Remoto,Masculino,Preta,0.46513556230070036
CAND_07510,3.9,41.0,Ensino Médio,Capitais,Remoto,Masculino,Amarela,0.27751349855789326
CAND_07511,4.6,42.0,Mestrado,Interior,Híbrido,Feminino,Preta,0.08781604201026082
CAND_07512,0.0,41.0,Bacharelado,Interior,Híbrido,Masculino,Branca,0.432375521226764
CAND_07513,7.4,47.0,Bacharelado,Capitais,Presencial,Masculino,Branca,0.7680328837109152
CAND_07514,8.6,63.0,Bacharelado,Região Metropolitana,Presencial,Masculino,Branca,0.8037345555333482
CAND_07515,0.0,68.0,Mestrado,Capitais,Presencial,Masculino,Preta,0.709132310368716
CAND_07516,10.3,47.0,Ensino Médio,Capitais,Híbrido,Feminino,Branca,0.33164902045962824
CAND_07517,9.9,66.0,Bacharelado,Região Metropolitana,Remoto,Masculino,Branca,0.8432884264524558
CAND_07518,0.0,57.0,Bacharelado,Região Metropolitana,Presencial,Feminino,Indígena,0.18901949388584458
CAND_07519,0.0,52.0,Bacharelado,Região Metropolitana,Remoto,Masculino,Amarela,0.4248922680301456
CAND_07520,4.6,78.0,Bacharelado,Região Metropolitana,Remoto,Masculino,Branca,0.8001521696876822
CAND_07521,8.9,55.0,Ensino Médio,Capitais,Híbrido,Feminino,Branca,0.5245006212388045
CAND_07522,5.9,48.0,Bacharelado,Interior,Híbrido,Masculino,Branca,0.4516326304550747
CAND_07523,5.1,63.0,Bacharelado,Capitais,Presencial,Feminino,Amarela,0.30496505551803355
CAND_07524,6.7,32.0,Ensino Médio,Interior,Remoto,Masculino,Amarela,0.2323290058551953
CAND_07525,2.6,47.0,Ensino Médio,Capitais,Remoto,Masculino,Amarela,0.27366544243231733
CAND_07526,8.8,54.0,Mestrado,Região Metropolitana,Híbrido,Masculino,Branca,0.8902862554171729
CAND_07527,4.7,61.0,Bacharelado,Capitais,Presencial,Masculino,Branca,0.8732589774051688
CAND_07528,0.1,54.0,Bacharelado,Região Metropolitana,Híbrido,Masculino,Branca,0.495208832523502
CAND_07529,2.6,31.0,Bacharelado,Capitais,Híbrido,Masculino,Branca,0.3959089437124832
CAND_07530,6.1,37.0,Bacharelado,Capitais,Remoto,Masculino,Branca,0.6130417267982344
CAND_07531,4.1,44.0,Bacharelado,Capitais,Remoto,Masculino,Parda,0.45763096835815564
CAND_07532,3.8,54.0,Bacharelado,Capitais,Remoto,Masculino,Branca,0.7526958343384418
CAND_07533,5.6,31.0,Bacharelado,Capitais,Híbrido,Masculino,Branca,0.5643166049479525
CAND_07534,6.1,71.0,Mestrado,Capitais,Presencial,Masculino,Preta,0.44675099354350795
CAND_07535,1.3,55.0,Bacharelado,Capitais,Remoto,Masculino,Amarela,0.3240629714147643
CAND_07536,8.7,54.0,Bacharelado,Capitais,Presencial,Não-binário,Preta,0.15027470645032012
CAND_07537,4.6,47.0,Bacharelado,Região Metropolitana,Híbrido,Masculino,Preta,0.45348918539085437
CAND_07538,6.3,28.0,Mestrado,Capitais,Presencial,Feminino,Branca,0.4087146302054
CAND_07539,5.3,51.0,Mestrado,Capitais,Híbrido,Masculino,Preta,0.4933587235399493
CAND_07540,3.8,61.0,Bacharelado,Capitais,Presencial,Feminino,Branca,0.5270709198106671
CAND_07541,7.7,48.0,Mestrado,Região Metropolitana,Híbrido,Feminino,Preta,0.18302722647595981
CAND_07542,5.2,66.0,Bacharelado,Capitais,Híbrido,Masculino,Branca,0.6137541417510092
CAND_07543,5.2,49.0,Mestrado,Capitais,Híbrido,Masculino,Branca,0.7250952690239869
CAND_07544,0.0,60.0,Ensino Médio,Capitais,Híbrido,Masculino,Parda,0.6609466860993369
CAND_07545,7.5,48.0,Bacharelado,Capitais,Presencial,Masculino,Branca,0.6873325279810882
CAND_07546,4.5,56.0,Ensino Médio,Capitais,Remoto,Masculino,Branca,0.8559304520376972
CAND_07547,7.3,63.0,Bacharelado,Região Metropolitana,Híbrido,Feminino,Branca,0.5107236256422407
CAND_07548,9.9,34.0,Mestrado,Capitais,Híbrido,Feminino,Preta,0.22789507364167
CAND_07549,7.5,60.0,Bacharelado,Capitais,Presencial,Feminino,Preta,0.28086707280786394
CAND_07550,5.2,66.0,Bacharelado,Região Metropolitana,Remoto,Masculino,Branca,0.5027833843889759
CAND_07551,4.1,83.0,Bacharelado,Região Metropolitana,Híbrido,Feminino,Branca,0.6088662324013674
CAND_07552,12.6,51.0,Bacharelado,Capitais,Presencial,Masculino,Branca,0.8246411158532729
CAND_07553,6.5,19.0,Ensino Médio,Região Metropolitana,Presencial,Feminino,Branca,0.22772594935667045
CAND_07554,5.6,23.0,Bacharelado,Interior,Presencial,Feminino,Branca,0.4102963132967021
CAND_07555,4.5,37.0,Doutorado,Capitais,Remoto,Feminino,Branca,0.4802976200068334
CAND_07556,2.3,69.0,Bacharelado,Região Metropolitana,Híbrido,Masculino,Branca,0.7508134824316389
CAND_07557,0.0,83.0,Mestrado,Capitais,Presencial,Masculino,Branca,0.7673760869321139
CAND_07558,9.6,44.0,Bacharelado,Interior,Híbrido,Masculino,Branca,0.7057075988895775
CAND_07559,2.7,51.0,Ensino Médio,Capitais,Presencial,Feminino,Indígena,0.2892556808447649
CAND_07560,4.4,11.0,Bacharelado,Região Metropolitana,Remoto,Não-binário,Preta,0.03358530583171698
CAND_07561,4.7,60.0,Mestrado,Capitais,Híbrido,Masculino,Branca,0.7355798907852111
CAND_07562,9.3,52.0,Bacharelado,Capitais,Híbrido,Feminino,Branca,0.6154750939046144
CAND_07563,2.7,46.0,Bacharelado,Interior,Híbrido,Masculino,Indígena,0.29921860737841616
CAND_07564,5.8,36.0,Bacharelado,Interior,Presencial,Masculino,Indígena,0.23620140468070605
CAND_07565,6.5,45.0,Mestrado,Capitais,Híbrido,Feminino,Branca,0.4567196575123502
CAND_07566,0.8,30.0,Bacharelado,Capitais,Remoto,Masculino,Parda,0.43231905460634956
CAND_07567,0.6,37.0,Bacharelado,Capitais,Híbrido,Feminino,Preta,0.13001567487708052
CAND_07568,2.9,31.0,Ensino Médio,Interior,Remoto,Feminino,Branca,0.23802956261635938
CAND_07569,5.7,35.0,Bacharelado,Interior,Presencial,Feminino,Parda,0.352604874203592
CAND_07570,5.3,33.0,Bacharelado,Capitais,Híbrido,Feminino,Preta,0.3465772195489218
CAND_07571,4.6,59.0,Bacharelado,Capitais,Presencial,Feminino,Branca,0.4616319067572877
CAND_07572,7.0,33.0,Bacharelado,Interior,Remoto,Feminino,Parda,0.41043568464412217
CAND_07573,2.4,49.0,Mestrado,Capitais,Remoto,Masculino,Parda,0.5266077351129099
CAND_07574,4.5,34.0,Bacharelado,Região Metropolitana,Remoto,Feminino,Branca,0.38135676700167404
CAND_07575,4.7,34.0,Bacharelado,Capitais,Híbrido,Masculino,Branca,0.5110930508105789
CAND_07576,2.5,34.0,Ensino Médio,Capitais,Híbrido,Masculino,Branca,0.46430969611939976
CAND_07577,11.9,65.0,Bacharelado,Capitais,Híbrido,Feminino,Branca,0.5556060431392364
CAND_07578,0.0,47.0,Bacharelado,Região Metropolitana,Híbrido,Feminino,Branca,0.33956413264619756
CAND_07579,8.7,39.0,Mestrado,Capitais,Remoto,Masculino,Parda,0.6431734654483752
CAND_07580,7.4,35.0,Mestrado,Capitais,Híbrido,Masculino,Preta,0.42688481067097644
CAND_07581,7.4,30.0,Bacharelado,Região Metropolitana,Híbrido,Masculino,Branca,0.5549125663767729
CAND_07582,5.3,39.0,Bacharelado,Região Metropolitana,Remoto,Masculino,Preta,0.3067790415347068
CAND_07583,9.0,28.0,Bacharelado,Região Metropolitana,Remoto,Masculino,Indígena,0.5588258937156838
CAND_07584,3.7,43.0,Bacharelado,Capitais,Remoto,Masculino,Branca,0.7636444435401402
CAND_07585,6.2,39.0,Bacharelado,Capitais,Híbrido,Masculino,Branca,0.5563791271677851
CAND_07586,5.2,38.0,Bacharelado,Capitais,Híbrido,Masculino,Amarela,0.4554986197081787
CAND_07587,4.3,69.0,Bacharelado,Região Metropolitana,Remoto,Masculino,Preta,0.4914122021159677
CAND_07588,5.4,46.0,Bacharelado,Região Metropolitana,Presencial,Masculino,Branca,0.6432674891216971
CAND_07589,2.2,47.0,Bacharelado,Região Metropolitana,Presencial,Masculino,Branca,0.7941574919136982
CAND_07590,3.0,69.0,Doutorado,Capitais,Híbrido,Masculino,Branca,0.8135123718741037
CAND_07591,9.7,30.0,Mestrado,Região Metropolitana,Híbrido,Não-binário,Branca,0.3346956938197643
CAND_07592,13.6,43.0,Mestrado,Capitais,Híbrido,Feminino,Amarela,0.4345892088908351
CAND_07593,6.6,27.0,Bacharelado,Região Metropolitana,Presencial,Feminino,Indígena,0.2576156322076126
CAND_07594,7.5,51.0,Bacharelado,Capitais,Presencial,Masculino,Amarela,0.5953826602453991
CAND_07595,5.8,59.0,Mestrado,Interior,Remoto,Feminino,Branca,0.4086235824795728
CAND_07596,6.4,14.0,Bacharelado,Capitais,Híbrido,Feminino,Branca,0.40000124395972003
CAND_07597,6.6,63.0,Bacharelado,Capitais,Remoto,Masculino,Branca,0.9293942348073094
CAND_07598,8.1,55.0,Bacharelado,Capitais,Híbrido,Masculino,Branca,0.9739060764655936
CAND_07599,9.6,51.0,Mestrado,Região Metropolitana,Presencial,Masculino,Branca,0.9270030645296846
CAND_07600,2.3,31.0,Bacharelado,Capitais,Remoto,Masculino,Amarela,0.47692295671179746
CAND_07601,13.5,62.0,Mestrado,Capitais,Híbrido,Masculino,Amarela,0.8407837624639568
CAND_07602,5.4,75.0,Bacharelado,Região Metropolitana,Híbrido,Feminino,Branca,0.5420709047699301
CAND_07603,5.4,44.0,Bacharelado,Interior,Remoto,Feminino,Branca,0.3240560880916921
CAND_07604,3.8,45.0,Doutorado,Região Metropolitana,Remoto,Masculino,Preta,0.5474679880277549
CAND_07605,3.8,50.0,Bacharelado,Capitais,Híbrido,Feminino,Branca,0.5654410767304467
CAND_07606,6.8,44.0,Bacharelado,Capitais,Presencial,Masculino,Branca,0.7634017326294719
CAND_07607,6.9,47.0,Bacharelado,Capitais,Presencial,Feminino,Branca,0.6314916676410091
CAND_07608,6.7,65.0,Bacharelado,Região Metropolitana,Presencial,Feminino,Preta,0.10898467598306011
CAND_07609,3.6,49.0,Ensino Médio,Capitais,Remoto,Feminino,Branca,0.4536108874036293
CAND_07610,0.0,54.0,Bacharelado,Capitais,Remoto,Masculino,Branca,0.4882295661099938
CAND_07611,0.0,80.0,Doutorado,Região Metropolitana,Presencial,Masculino,Branca,0.7444043124036754
CAND_07612,5.0,72.0,Bacharelado,Capitais,Presencial,Masculino,Parda,0.7349320464977769
CAND_07613,6.0,34.0,Mestrado,Capitais,Híbrido,Feminino,Branca,0.4713289934250472
CAND_07614,3.7,76.0,Mestrado,Interior,Remoto,Masculino,Branca,0.5973545516072528
CAND_07615,2.9,71.0,Mestrado,Capitais,Híbrido,Masculino,Branca,0.8761020612124837
CAND_07616,5.9,72.0,Mestrado,Região Metropolitana,Remoto,Feminino,Branca,0.6627817243196955
CAND_07617,4.7,41.0,Bacharelado,Região Metropolitana,Remoto,Feminino,Branca,0.5308469494260282
CAND_07618,3.6,53.0,Bacharelado,Capitais,Remoto,Feminino,Parda,0.40243105134841495
CAND_07619,0.2,44.0,Bacharelado,Interior,Remoto,Masculino,Branca,0.4180859073860877
CAND_07620,2.5,52.0,Bacharelado,Região Metropolitana,Remoto,Masculino,Parda,0.8199894082931813
CAND_07621,7.8,76.0,Bacharelado,Capitais,Híbrido,Feminino,Branca,0.625605115580597
CAND_07622,2.1,52.0,Mestrado,Região Metropolitana,Híbrido,Feminino,Preta,0.044733068452914054
CAND_07623,7.0,24.0,Bacharelado,Capitais,Remoto,Masculino,Branca,0.7226389127653886
CAND_07624,9.2,44.0,Mestrado,Capitais,Remoto,Feminino,Parda,0.6566956998616924
CAND_07625,2.6,40.0,Bacharelado,Capitais,Remoto,Masculino,Branca,0.7269407819788838
CAND_07626,3.7,77.0,Bacharelado,Capitais,Presencial,Feminino,Branca,0.6896348426248738
CAND_07627,8.0,38.0,Mestrado,Região Metropolitana,Híbrido,Masculino,Branca,0.6223291166957579
CAND_07628,8.7,44.0,Bacharelado,Região Metropolitana,Presencial,Feminino,Branca,0.5682118055381499
CAND_07629,3.1,44.0,Mestrado,Capitais,Presencial,Masculino,Branca,0.738088569145458
CAND_07630,0.1,74.0,Bacharelado,Capitais,Híbrido,Feminino,Preta,0.3176229055506415
CAND_07631,8.8,64.0,Mestrado,Capitais,Remoto,Masculino,Branca,0.8701916323636403
CAND_07632,6.8,59.0,Bacharelado,Capitais,Híbrido,Feminino,Preta,0.4266094683401919
CAND_07633,6.2,53.0,Mestrado,Capitais,Híbrido,Não-binário,Branca,0.5868243768106309
CAND_07634,7.7,53.0,Ensino Médio,Capitais,Remoto,Masculino,Branca,0.7525502681208186
CAND_07635,1.4,51.0,Mestrado,Região Metropolitana,Remoto,Masculino,Branca,0.5840056063310745
CAND_07636,6.2,81.0,Mestrado,Região Metropolitana,Remoto,Masculino,Branca,0.9307958129113291
CAND_07637,4.1,31.0,Bacharelado,Interior,Presencial,Não-binário,Indígena,0.04328452892810345
CAND_07638,6.8,9.0,Bacharelado,Capitais,Híbrido,Feminino,Branca,0.39900246739313616
CAND_07639,7.4,57.0,Mestrado,Região Metropolitana,Remoto,Não-binário,Branca,0.518071122221486
CAND_07640,7.9,71.0,Mestrado,Capitais,Remoto,Feminino,Indígena,0.6189833346530665
CAND_07641,6.8,53.0,Bacharelado,Região Metropolitana,Híbrido,Feminino,Branca,0.5144147872107433
CAND_07642,5.8,20.0,Bacharelado,Capitais,Híbrido,Masculino,Branca,0.5031523564738187
CAND_07643,5.9,61.0,Bacharelado,Região Metropolitana,Híbrido,Feminino,Branca,0.6086504695745566
CAND_07644,6.1,34.0,Bacharelado,Região Metropolitana,Híbrido,Feminino,Branca,0.49156008493603276
CAND_07645,3.1,31.0,Mestrado,Capitais,Presencial,Masculino,Branca,0.6822045072092592
CAND_07646,3.9,35.0,Mestrado,Capitais,Híbrido,Masculino,Branca,0.692472397563665
CAND_07647,6.2,26.0,Bacharelado,Capitais,Híbrido,Não-binário,Branca,0.29783519954802445
CAND_07648,7.0,53.0,Bacharelado,Capitais,Presencial,Masculino,Indígena,0.6060671328243554
CAND_07649,3.0,40.0,Bacharelado,Capitais,Presencial,Feminino,Branca,0.3528100228463488
CAND_07650,1.8,30.0,Ensino Médio,Região Metropolitana,Presencial,Feminino,Branca,0.30616214266788383
CAND_07651,0.0,86.0,Bacharelado,Capitais,Híbrido,Masculino,Preta,0.5647418038678743
CAND_07652,1.2,42.0,Ensino Médio,Capitais,Remoto,Não-binário,Preta,0.15428728782968737
CAND_07653,3.4,51.0,Bacharelado,Região Metropolitana,Híbrido,Masculino,Branca,0.6372834918032205
CAND_07654,3.7,73.0,Bacharelado,Região Metropolitana,Remoto,Feminino,Branca,0.5665757695953004
CAND_07655,4.2,60.0,Doutorado,Capitais,Híbrido,Masculino,Branca,0.7896146023388377
CAND_07656,1.4,79.0,Mestrado,Capitais,Presencial,Masculino,Branca,0.6787064279014765
CAND_07657,0.0,40.0,Bacharelado,Capitais,Remoto,Masculino,Branca,0.49818319771534475
CAND_07658,5.4,66.0,Mestrado,Capitais,Remoto,Feminino,Branca,0.6844316930994856
CAND_07659,5.4,57.0,Ensino Médio,Região Metropolitana,Presencial,Feminino,Indígena,0.2588440130005753
CAND_07660,6.9,65.0,Doutorado,Capitais,Remoto,Feminino,Preta,0.2921353873600959
CAND_07661,7.4,63.0,Bacharelado,Interior,Híbrido,Masculino,Amarela,0.44315088823505694
CAND_07662,6.2,38.0,Bacharelado,Capitais,Híbrido,Masculino,Branca,0.6434529515607461
CAND_07663,5.3,92.0,Bacharelado,Região Metropolitana,Híbrido,Feminino,Parda,0.557072233030677
CAND_07664,7.6,16.0,Mestrado,Capitais,Presencial,Masculino,Branca,0.709397206041994
CAND_07665,9.3,37.0,Mestrado,Capitais,Híbrido,Masculino,Preta,0.7411024232287766
CAND_07666,3.0,60.0,Bacharelado,Capitais,Presencial,Masculino,Branca,0.5869717184209519
CAND_07667,7.3,54.0,Bacharelado,Região Metropolitana,Presencial,Feminino,Branca,0.6606421534692047
CAND_07668,3.1,52.0,Mestrado,Interior,Presencial,Masculino,Branca,0.5795390454264117
CAND_07669,5.7,61.0,Mestrado,Região Metropolitana,Presencial,Masculino,Branca,0.8697982265113111
CAND_07670,8.2,37.0,Mestrado,Capitais,Presencial,Masculino,Preta,0.5533005368046642
CAND_07671,4.2,63.0,Mestrado,Região Metropolitana,Remoto,Feminino,Branca,0.5400507658310821
CAND_07672,2.1,48.0,Bacharelado,Região Metropolitana,Remoto,Masculino,Branca,0.6276865995440685
CAND_07673,3.6,71.0,Mestrado,Região Metropolitana,Remoto,Masculino,Parda,0.561464184965744
CAND_07674,2.1,45.0,Bacharelado,Capitais,Remoto,Feminino,Parda,0.32250498717342646
CAND_07675,1.8,57.0,Mestrado,Capitais,Híbrido,Masculino,Preta,0.4873436629690907
CAND_07676,8.6,60.0,Bacharelado,Capitais,Híbrido,Não-binário,Branca,0.4300745306933427
CAND_07677,6.6,64.0,Bacharelado,Região Metropolitana,Remoto,Masculino,Branca,0.7441121853045672
CAND_07678,2.8,51.0,Bacharelado,Região Metropolitana,Híbrido,Masculino,Amarela,0.3222718793222359
CAND_07679,2.0,46.0,Mestrado,Capitais,Remoto,Masculino,Branca,0.7190894562509379
CAND_07680,2.3,38.0,Ensino Médio,Capitais,Híbrido,Feminino,Branca,0.3956190472903537
CAND_07681,2.8,57.0,Mestrado,Interior,Híbrido,Feminino,Parda,0.466983991346609
CAND_07682,8.5,22.0,Bacharelado,Região Metropolitana,Remoto,Feminino,Amarela,0.2452423543862997
CAND_07683,4.7,55.0,Bacharelado,Capitais,Híbrido,Feminino,Amarela,0.20496228153807966
CAND_07684,11.4,56.0,Mestrado,Capitais,Híbrido,Masculino,Branca,0.8463876679598422
CAND_07685,4.9,78.0,Bacharelado,Interior,Presencial,Feminino,Branca,0.3316279570861821
CAND_07686,3.3,40.0,Doutorado,Capitais,Híbrido,Masculino,Branca,0.7641804815019054
CAND_07687,7.8,53.0,Bacharelado,Interior,Híbrido,Masculino,Preta,0.3209662492582481
CAND_07688,0.0,52.0,Bacharelado,Capitais,Híbrido,Feminino,Parda,0.3600528316207989
CAND_07689,5.6,33.0,Doutorado,Capitais,Híbrido,Masculino,Preta,0.478237027937941
CAND_07690,1.4,50.0,Mestrado,Capitais,Híbrido,Feminino,Branca,0.3492377875469098
CAND_07691,0.0,30.0,Bacharelado,Região Metropolitana,Híbrido,Masculino,Branca,0.5007559454187034
CAND_07692,4.6,64.0,Bacharelado,Capitais,Híbrido,Masculino,Branca,0.8333737909928055
CAND_07693,7.5,59.0,Bacharelado,Capitais,Remoto,Masculino,Parda,0.6639398263324077
CAND_07694,5.6,56.0,Mestrado,Região Metropolitana,Remoto,Feminino,Branca,0.5046933636637804
CAND_07695,5.3,40.0,Bacharelado,Região Metropolitana,Híbrido,Masculino,Preta,0.43736849106607
CAND_07696,0.0,71.0,Mestrado,Região Metropolitana,Híbrido,Masculino,Branca,0.6107247645726521
CAND_07697,4.5,34.0,Ensino Médio,Capitais,Remoto,Feminino,Branca,0.3652104721163027
CAND_07698,4.6,51.0,Bacharelado,Capitais,Híbrido,Feminino,Branca,0.5395218755270282
CAND_07699,6.9,32.0,Bacharelado,Capitais,Remoto,Masculino,Preta,0.5116782458678744
CAND_07700,1.8,47.0,Bacharelado,Capitais,Presencial,Masculino,Branca,0.6401861404896889
CAND_07701,7.5,69.0,Bacharelado,Capitais,Híbrido,Masculino,Preta,0.5001800679574103
CAND_07702,3.5,57.0,Bacharelado,Região Metropolitana,Híbrido,Feminino,Branca,0.47559378915942363
CAND_07703,4.1,36.0,Doutorado,Capitais,Presencial,Masculino,Branca,0.680883013018877
CAND_07704,6.6,42.0,Bacharelado,Capitais,Remoto,Masculino,Branca,0.6901994992482813
CAND_07705,1.4,44.0,Bacharelado,Região Metropolitana,Híbrido,Feminino,Branca,0.244572889331585
CAND_07706,7.5,37.0,Ensino Médio,Capitais,Híbrido,Masculino,Branca,0.560468218342704
CAND_07707,0.9,54.0,Mestrado,Região Metropolitana,Híbrido,Masculino,Amarela,0.491455700482697
CAND_07708,7.0,83.0,Bacharelado,Interior,Híbrido,Feminino,Branca,0.5459125181562954
CAND_07709,4.3,42.0,Bacharelado,Capitais,Híbrido,Masculino,Preta,0.36665655956957544
CAND_07710,4.5,79.0,Ensino Médio,Capitais,Remoto,Masculino,Amarela,0.471621466678972
CAND_07711,0.0,50.0,Bacharelado,Capitais,Remoto,Feminino,Branca,0.5228714024390351
CAND_07712,3.2,55.0,Bacharelado,Interior,Híbrido,Masculino,Branca,0.584394739261918
CAND_07713,4.4,54.0,Ensino Médio,Capitais,Híbrido,Masculino,Branca,0.8680331031553685
CAND_07714,9.6,25.0,Ensino Médio,Capitais,Híbrido,Feminino,Parda,0.31059069813673507
CAND_07715,4.9,57.0,Bacharelado,Capitais,Remoto,Feminino,Branca,0.38865984370092804
CAND_07716,3.0,14.0,Bacharelado,Capitais,Híbrido,Masculino,Branca,0.5528795515136999
CAND_07717,7.5,53.0,Bacharelado,Região Metropolitana,Presencial,Masculino,Branca,0.6988122744335855
CAND_07718,3.5,52.0,Bacharelado,Região Metropolitana,Híbrido,Masculino,Branca,0.6083183407144561
CAND_07719,8.1,27.0,Doutorado,Região Metropolitana,Remoto,Feminino,Indígena,0.2611095216711756
CAND_07720,5.8,51.0,Bacharelado,Capitais,Presencial,Feminino,Branca,0.5226035417696926
CAND_07721,2.3,46.0,Bacharelado,Região Metropolitana,Presencial,Não-binário,Parda,0.22000317013670692
CAND_07722,7.8,48.0,Ensino Médio,Região Metropolitana,Remoto,Masculino,Indígena,0.40129934563304365
CAND_07723,6.8,48.0,Bacharelado,Interior,Remoto,Feminino,Parda,0.2683268975332339
CAND_07724,7.7,41.0,Mestrado,Região Metropolitana,Híbrido,Feminino,Parda,0.31696379384929185
CAND_07725,4.5,51.0,Bacharelado,Capitais,Presencial,Feminino,Branca,0.5886067282012276
CAND_07726,6.8,63.0,Bacharelado,Capitais,Remoto,Feminino,Branca,0.578657305684398
CAND_07727,10.8,46.0,Bacharelado,Capitais,Remoto,Masculino,Preta,0.5372732721905474
CAND_07728,5.5,49.0,Bacharelado,Capitais,Híbrido,Masculino,Amarela,0.6341509931705257
CAND_07729,3.8,60.0,Bacharelado,Região Metropolitana,Remoto,Masculino,Branca,0.6089231074186156
CAND_07730,9.6,84.0,Bacharelado,Capitais,Híbrido,Masculino,Parda,0.7687163318249136
CAND_07731,7.0,47.0,Bacharelado,Capitais,Híbrido,Masculino,Branca,0.7832532082885458
CAND_07732,3.6,24.0,Mestrado,Capitais,Remoto,Feminino,Branca,0.3066779559354454
CAND_07733,10.2,37.0,Mestrado,Região Metropolitana,Híbrido,Masculino,Parda,0.4888435987422787
CAND_07734,1.4,59.0,Mestrado,Capitais,Híbrido,Feminino,Branca,0.5734058460065689
CAND_07735,6.6,73.0,Bacharelado,Capitais,Remoto,Masculino,Preta,0.5950048369553665
CAND_07736,8.4,36.0,Bacharelado,Capitais,Presencial,Masculino,Parda,0.6228809770546491
CAND_07737,8.2,49.0,Bacharelado,Capitais,Híbrido,Masculino,Preta,0.38438373859274244
CAND_07738,2.3,50.0,Bacharelado,Capitais,Híbrido,Não-binário,Branca,0.4485692279869663
CAND_07739,1.3,38.0,Mestrado,Capitais,Presencial,Não-binário,Preta,0.07974990565496125
CAND_07740,5.7,73.0,Bacharelado,Capitais,Presencial,Feminino,Branca,0.6815214687193396
CAND_07741,7.1,67.0,Bacharelado,Capitais,Presencial,Masculino,Branca,0.8647631785288097
CAND_07742,1.8,55.0,Bacharelado,Capitais,Híbrido,Masculino,Branca,0.5743090629160325
CAND_07743,5.9,44.0,Bacharelado,Região Metropolitana,Presencial,Não-binário,Parda,0.21341164023630882
CAND_07744,0.6,64.0,Bacharelado,Interior,Híbrido,Feminino,Branca,0.35952474713703186
CAND_07745,8.2,58.0,Bacharelado,Capitais,Remoto,Feminino,Branca,0.6316525339723241
CAND_07746,3.3,43.0,Mestrado,Capitais,Híbrido,Feminino,Amarela,0.3202388907413893
CAND_07747,4.5,65.0,Bacharelado,Interior,Remoto,Feminino,Branca,0.3980444239446122
CAND_07748,7.6,56.0,Bacharelado,Capitais,Híbrido,Masculino,Branca,0.872417946515037
CAND_07749,7.3,25.0,Bacharelado,Capitais,Remoto,Masculino,Branca,0.9641083467055682
CAND_07750,6.4,35.0,Bacharelado,Interior,Remoto,Masculino,Indígena,0.5369083861392691
CAND_07751,8.1,30.0,Mestrado,Região Metropolitana,Presencial,Masculino,Branca,0.7079422724295278
CAND_07752,6.2,65.0,Mestrado,Capitais,Remoto,Não-binário,Branca,0.661260715708368
CAND_07753,9.3,39.0,Mestrado,Capitais,Remoto,Masculino,Preta,0.5185466201723308
CAND_07754,0.0,59.0,Mestrado,Região Metropolitana,Remoto,Masculino,Branca,0.4191680116107255
CAND_07755,4.8,83.0,Bacharelado,Capitais,Remoto,Masculino,Parda,0.9314501579019105
CAND_07756,4.7,62.0,Mestrado,Região Metropolitana,Presencial,Masculino,Preta,0.4227143441674599
CAND_07757,4.3,44.0,Bacharelado,Capitais,Presencial,Masculino,Branca,0.5299197337472
CAND_07758,6.5,39.0,Ensino Médio,Região Metropolitana,Remoto,Feminino,Amarela,0.2928918862054538
CAND_07759,5.6,45.0,Bacharelado,Capitais,Presencial,Masculino,Branca,0.9311844744111876
CAND_07760,7.5,35.0,Bacharelado,Capitais,Híbrido,Masculino,Indígena,0.5890455315665576
CAND_07761,1.4,33.0,Bacharelado,Região Metropolitana,Presencial,Feminino,Branca,0.28700814839640487
CAND_07762,11.9,38.0,Bacharelado,Capitais,Híbrido,Feminino,Branca,0.695745938147307
CAND_07763,3.8,58.0,Bacharelado,Capitais,Híbrido,Masculino,Branca,0.7426460908757465
CAND_07764,5.9,42.0,Mestrado,Capitais,Presencial,Masculino,Branca,0.6060443119292834
CAND_07765,4.4,47.0,Bacharelado,Capitais,Híbrido,Masculino,Branca,0.5741135156535463
CAND_07766,5.2,57.0,Bacharelado,Capitais,Presencial,Masculino,Branca,0.6832190630493565
CAND_07767,3.4,61.0,Mestrado,Capitais,Híbrido,Masculino,Parda,0.7500524340945653
CAND_07768,5.6,21.0,Mestrado,Capitais,Remoto,Feminino,Branca,0.5260530101679824
CAND_07769,6.7,24.0,Bacharelado,Região Metropolitana,Híbrido,Masculino,Branca,0.5419404072278431
CAND_07770,0.0,44.0,Mestrado,Região Metropolitana,Híbrido,Masculino,Branca,0.6799850440608017
CAND_07771,4.0,33.0,Bacharelado,Capitais,Híbrido,Masculino,Branca,0.755600302912389
CAND_07772,3.9,63.0,Bacharelado,Região Metropolitana,Presencial,Feminino,Branca,0.4644071251440052
CAND_07773,12.0,43.0,Mestrado,Capitais,Híbrido,Feminino,Branca,0.5209833079348416
CAND_07774,7.6,77.0,Ensino Médio,Região Metropolitana,Híbrido,Masculino,Branca,0.8324685719469228
CAND_07775,9.5,43.0,Bacharelado,Capitais,Presencial,Masculino,Branca,0.9425597418718883
CAND_07776,6.7,55.0,Ensino Médio,Interior,Híbrido,Feminino,Indígena,0.15885637613991774
CAND_07777,5.2,40.0,Mestrado,Interior,Híbrido,Masculino,Indígena,0.5818109108348142
CAND_07778,6.1,57.0,Mestrado,Capitais,Híbrido,Masculino,Preta,0.490829339326865
CAND_07779,8.4,58.0,Ensino Médio,Capitais,Presencial,Masculino,Branca,0.7353716822174299
CAND_07780,10.3,63.0,Ensino Médio,Capitais,Presencial,Feminino,Amarela,0.5324240104141381
CAND_07781,5.9,48.0,Doutorado,Região Metropolitana,Remoto,Masculino,Branca,0.7339701283381472
CAND_07782,3.1,69.0,Mestrado,Capitais,Remoto,Feminino,Branca,0.4507807685315097
CAND_07783,7.8,54.0,Mestrado,Região Metropolitana,Remoto,Masculino,Amarela,0.6412101929456245
CAND_07784,2.4,40.0,Mestrado,Região Metropolitana,Híbrido,Masculino,Branca,0.48170904929892777
CAND_07785,6.2,40.0,Bacharelado,Capitais,Remoto,Masculino,Branca,0.7771849296880322
CAND_07786,7.0,61.0,Doutorado,Região Metropolitana,Híbrido,Não-binário,Preta,0.4121358526578434
CAND_07787,4.7,69.0,Mestrado,Região Metropolitana,Presencial,Masculino,Parda,0.8680681035318467
CAND_07788,2.3,33.0,Ensino Médio,Região Metropolitana,Híbrido,Masculino,Preta,0.13933685622099817
CAND_07789,3.6,61.0,Mestrado,Capitais,Presencial,Masculino,Branca,0.6789789731947311
CAND_07790,4.1,28.0,Mestrado,Capitais,Híbrido,Masculino,Branca,0.6431821726875987
CAND_07791,1.8,41.0,Bacharelado,Capitais,Presencial,Feminino,Branca,0.35789185091125153
CAND_07792,3.8,57.0,Mestrado,Capitais,Híbrido,Masculino,Branca,0.5919131654914057
CAND_07793,0.6,37.0,Bacharelado,Capitais,Remoto,Masculino,Indígena,0.3812207491919699
CAND_07794,6.8,72.0,Mestrado,Interior,Remoto,Feminino,Branca,0.5286358877293962
CAND_07795,6.0,59.0,Mestrado,Capitais,Híbrido,Masculino,Indígena,0.7069739730144833
CAND_07796,5.8,32.0,Mestrado,Capitais,Presencial,Não-binário,Branca,0.4645560442028998
CAND_07797,3.8,60.0,Ensino Médio,Região Metropolitana,Híbrido,Masculino,Preta,0.34518714778554965
CAND_07798,4.2,30.0,Mestrado,Capitais,Remoto,Masculino,Amarela,0.6113945102414516
CAND_07799,2.5,50.0,Bacharelado,Capitais,Presencial,Masculino,Indígena,0.46545015969169024
CAND_07800,6.5,63.0,Mestrado,Região Metropolitana,Presencial,Feminino,Amarela,0.31922692265365604
CAND_07801,0.9,61.0,Bacharelado,Interior,Remoto,Masculino,Branca,0.4916925388338126
CAND_07802,5.3,49.0,Bacharelado,Capitais,Híbrido,Feminino,Preta,0.3090117965055704
CAND_07803,3.1,45.0,Ensino Médio,Capitais,Remoto,Feminino,Branca,0.34470974542947896
CAND_07804,10.3,33.0,Bacharelado,Capitais,Híbrido,Não-binário,Preta,0.29115333022466355
CAND_07805,6.6,53.0,Bacharelado,Capitais,Presencial,Masculino,Branca,0.7983894748936743
CAND_07806,5.0,62.0,Bacharelado,Região Metropolitana,Remoto,Masculino,Branca,0.6331656702674807
CAND_07807,1.7,81.0,Doutorado,Capitais,Presencial,Feminino,Amarela,0.4103573606567291
CAND_07808,0.9,43.0,Mestrado,Capitais,Presencial,Masculino,Branca,0.8279894047365185
CAND_07809,6.5,63.0,Bacharelado,Interior,Híbrido,Feminino,Branca,0.4442306212913981
CAND_07810,10.4,61.0,Mestrado,Capitais,Híbrido,Masculino,Branca,0.642332609475257
CAND_07811,6.2,43.0,Bacharelado,Capitais,Híbrido,Masculino,Branca,0.6222919456936369
CAND_07812,5.5,61.0,Bacharelado,Capitais,Híbrido,Masculino,Branca,0.8142170042685676
CAND_07813,5.6,38.0,Mestrado,Capitais,Remoto,Masculino,Preta,0.45908722201856544
CAND_07814,5.3,54.0,Bacharelado,Capitais,Híbrido,Feminino,Branca,0.5219962716165262
CAND_07815,5.6,47.0,Bacharelado,Capitais,Remoto,Não-binário,Branca,0.5210281816184217
CAND_07816,2.9,57.0,Ensino Médio,Capitais,Híbrido,Feminino,Branca,0.3559510290869492
CAND_07817,2.1,58.0,Doutorado,Capitais,Híbrido,Masculino,Branca,0.7891403599045363
CAND_07818,5.3,42.0,Bacharelado,Capitais,Híbrido,Masculino,Branca,0.6556869255760295
CAND_07819,9.5,50.0,Bacharelado,Região Metropolitana,Híbrido,Masculino,Preta,0.5127841073961235
CAND_07820,7.3,48.0,Bacharelado,Região Metropolitana,Híbrido,Masculino,Preta,0.40157100144426205
CAND_07821,1.3,34.0,Bacharelado,Capitais,Híbrido,Feminino,Amarela,0.1294358001084709
CAND_07822,4.2,44.0,Mestrado,Região Metropolitana,Remoto,Masculino,Branca,0.706033904119492
CAND_07823,7.2,41.0,Mestrado,Região Metropolitana,Híbrido,Masculino,Branca,0.615198995061075
CAND_07824,9.6,33.0,Bacharelado,Interior,Presencial,Masculino,Preta,0.26506625339876344
CAND_07825,10.4,38.0,Bacharelado,Região Metropolitana,Remoto,Feminino,Branca,0.6691995148132679
CAND_07826,4.4,46.0,Bacharelado,Região Metropolitana,Híbrido,Feminino,Preta,0.224148626849408
CAND_07827,7.5,51.0,Bacharelado,Região Metropolitana,Híbrido,Masculino,Amarela,0.5915238887045606
CAND_07828,5.7,31.0,Bacharelado,Capitais,Híbrido,Masculino,Branca,0.6429701329569855
CAND_07829,4.6,68.0,Mestrado,Região Metropolitana,Presencial,Feminino,Branca,0.5788065189072729
CAND_07830,5.2,59.0,Mestrado,Capitais,Remoto,Masculino,Branca,0.7080769605302238
CAND_07831,5.2,49.0,Bacharelado,Região Metropolitana,Remoto,Masculino,Branca,0.6766204865467159
CAND_07832,8.5,32.0,Bacharelado,Região Metropolitana,Presencial,Feminino,Branca,0.4748384371525464
CAND_07833,0.8,47.0,Bacharelado,Capitais,Remoto,Masculino,Branca,0.6882259571441575
CAND_07834,6.4,46.0,Mestrado,Capitais,Presencial,Masculino,Preta,0.48539737954471135
CAND_07835,9.6,34.0,Bacharelado,Capitais,Híbrido,Masculino,Branca,0.7265537948296092
CAND_07836,9.3,33.0,Mestrado,Capitais,Híbrido,Feminino,Amarela,0.6345380504715763
CAND_07837,6.7,61.0,Mestrado,Capitais,Remoto,Masculino,Preta,0.5818705254771168
CAND_07838,2.7,45.0,Mestrado,Capitais,Presencial,Feminino,Preta,0.15107870944426086
CAND_07839,7.3,63.0,Mestrado,Região Metropolitana,Presencial,Masculino,Branca,0.8510699275401219
CAND_07840,9.0,50.0,Bacharelado,Capitais,Híbrido,Masculino,Indígena,0.6454992150798469
CAND_07841,3.5,61.0,Mestrado,Capitais,Remoto,Masculino,Branca,0.6763856948803434
CAND_07842,6.1,61.0,Bacharelado,Capitais,Híbrido,Feminino,Branca,0.6078552505743016
CAND_07843,4.4,57.0,Mestrado,Capitais,Remoto,Feminino,Branca,0.6675433461034396
CAND_07844,3.2,68.0,Mestrado,Capitais,Híbrido,Masculino,Branca,0.7192884546772842
CAND_07845,4.1,52.0,Bacharelado,Região Metropolitana,Híbrido,Masculino,Branca,0.7662038292076625
CAND_07846,5.4,28.0,Mestrado,Capitais,Híbrido,Feminino,Branca,0.4057874427029231
CAND_07847,2.2,30.0,Bacharelado,Capitais,Presencial,Masculino,Preta,0.23216000280304422
CAND_07848,1.8,40.0,Bacharelado,Capitais,Presencial,Feminino,Branca,0.40927900831076197
CAND_07849,2.3,61.0,Bacharelado,Capitais,Híbrido,Masculino,Branca,0.7632579618301498
CAND_07850,6.0,44.0,Ensino Médio,Região Metropolitana,Remoto,Feminino,Indígena,0.3303848831719041
CAND_07851,0.6,53.0,Mestrado,Interior,Presencial,Masculino,Preta,0.3055245206111038
CAND_07852,0.0,58.0,Bacharelado,Capitais,Remoto,Feminino,Branca,0.3186681658581195
CAND_07853,9.1,52.0,Mestrado,Região Metropolitana,Híbrido,Masculino,Branca,0.7014085836533825
CAND_07854,2.0,16.0,Mestrado,Capitais,Presencial,Masculino,Amarela,0.32051785129750615
CAND_07855,4.4,32.0,Bacharelado,Capitais,Presencial,Masculino,Branca,0.670439737744334
CAND_07856,7.8,76.0,Mestrado,Capitais,Híbrido,Masculino,Branca,0.870766295969695
CAND_07857,0.7,55.0,Bacharelado,Região Metropolitana,Presencial,Masculino,Branca,0.6825199183756308
CAND_07858,0.7,10.0,Bacharelado,Capitais,Remoto,Feminino,Branca,0.44373831195959557
CAND_07859,3.1,51.0,Mestrado,Capitais,Híbrido,Masculino,Parda,0.572509462314174
CAND_07860,7.9,77.0,Bacharelado,Capitais,Presencial,Masculino,Parda,0.8210383738009771
CAND_07861,4.9,54.0,Bacharelado,Interior,Remoto,Masculino,Branca,0.6223736525454758
CAND_07862,5.0,51.0,Mestrado,Região Metropolitana,Presencial,Masculino,Amarela,0.5873698939256201
CAND_07863,4.1,23.0,Bacharelado,Capitais,Remoto,Masculino,Branca,0.5960613098509441
CAND_07864,6.7,46.0,Bacharelado,Região Metropolitana,Presencial,Masculino,Preta,0.4066602279794359
CAND_07865,9.3,25.0,Mestrado,Capitais,Remoto,Masculino,Preta,0.3295367143440353
CAND_07866,14.0,32.0,Bacharelado,Capitais,Híbrido,Feminino,Branca,0.5677272630551496
CAND_07867,4.6,28.0,Bacharelado,Região Metropolitana,Remoto,Masculino,Amarela,0.41484944139479485
CAND_07868,9.6,76.0,Bacharelado,Capitais,Presencial,Masculino,Preta,0.7810252188754352
CAND_07869,8.0,61.0,Mestrado,Capitais,Presencial,Masculino,Branca,0.7418755056474017
CAND_07870,5.8,71.0,Bacharelado,Capitais,Presencial,Masculino,Branca,0.9259646262230875
CAND_07871,0.0,30.0,Bacharelado,Região Metropolitana,Presencial,Masculino,Preta,0.32046534382386666
CAND_07872,3.9,53.0,Ensino Médio,Capitais,Presencial,Masculino,Branca,0.6590460076298769
CAND_07873,4.0,35.0,Bacharelado,Região Metropolitana,Remoto,Masculino,Parda,0.4413536755041874
CAND_07874,6.1,36.0,Bacharelado,Capitais,Remoto,Feminino,Branca,0.6058782950734257
CAND_07875,4.4,57.0,Bacharelado,Região Metropolitana,Híbrido,Masculino,Branca,0.6570661260351642
CAND_07876,3.3,53.0,Bacharelado,Região Metropolitana,Híbrido,Masculino,Branca,0.6754728594114756
CAND_07877,11.1,54.0,Mestrado,Capitais,Remoto,Feminino,Branca,0.607195980470413
CAND_07878,8.9,31.0,Bacharelado,Capitais,Remoto,Feminino,Parda,0.30841982407298424
CAND_07879,0.0,52.0,Bacharelado,Região Metropolitana,Híbrido,Não-binário,Branca,0.37526239671244993
CAND_07880,4.2,55.0,Mestrado,Capitais,Remoto,Feminino,Preta,0.34329354003949736
CAND_07881,6.9,40.0,Mestrado,Capitais,Híbrido,Feminino,Branca,0.5939702624255208
CAND_07882,9.0,46.0,Ensino Médio,Capitais,Remoto,Masculino,Amarela,0.4069833892370738
CAND_07883,3.7,25.0,Mestrado,Capitais,Híbrido,Feminino,Branca,0.5024555816015362
CAND_07884,4.4,18.0,Bacharelado,Capitais,Remoto,Masculino,Branca,0.6325354579552224
CAND_07885,5.3,80.0,Bacharelado,Capitais,Remoto,Masculino,Parda,1.0
CAND_07886,7.0,53.0,Ensino Médio,Região Metropolitana,Presencial,Masculino,Branca,0.6258987224579928
CAND_07887,0.4,45.0,Bacharelado,Interior,Híbrido,Feminino,Branca,0.0671388185473897
CAND_07888,0.0,62.0,Bacharelado,Capitais,Híbrido,Masculino,Preta,0.3541787585904696
CAND_07889,8.8,37.0,Mestrado,Capitais,Presencial,Masculino,Indígena,0.5846765615207494
CAND_07890,2.0,52.0,Ensino Médio,Capitais,Híbrido,Masculino,Branca,0.6092579486385566
CAND_07891,11.4,67.0,Bacharelado,Capitais,Híbrido,Masculino,Branca,0.9629480314390624
CAND_07892,2.4,33.0,Bacharelado,Capitais,Presencial,Feminino,Branca,0.32509252109935965
CAND_07893,4.4,43.0,Bacharelado,Capitais,Híbrido,Feminino,Branca,0.5657694553158337
CAND_07894,6.1,29.0,Ensino Médio,Região Metropolitana,Presencial,Masculino,Branca,0.5383383796186462
CAND_07895,0.0,63.0,Mestrado,Capitais,Presencial,Masculino,Branca,0.4893122386444645
CAND_07896,13.6,53.0,Mestrado,Capitais,Híbrido,Masculino,Branca,0.9294956777198418
CAND_07897,3.8,68.0,Bacharelado,Região Metropolitana,Remoto,Feminino,Preta,0.1856171119186439
CAND_07898,2.5,63.0,Bacharelado,Região Metropolitana,Híbrido,Masculino,Branca,0.6652515996057844
CAND_07899,1.5,46.0,Bacharelado,Capitais,Híbrido,Masculino,Branca,0.7186566702880257
CAND_07900,6.1,56.0,Bacharelado,Capitais,Híbrido,Feminino,Branca,0.42880040075513937
CAND_07901,5.9,56.0,Bacharelado,Capitais,Híbrido,Feminino,Branca,0.5254193958667557
CAND_07902,1.6,61.0,Bacharelado,Capitais,Híbrido,Feminino,Branca,0.6397992344456894
CAND_07903,0.9,72.0,Bacharelado,Capitais,Híbrido,Masculino,Branca,0.6672839178463106
CAND_07904,8.2,34.0,Bacharelado,Capitais,Presencial,Feminino,Branca,0.4361633836547641
CAND_07905,3.0,22.0,Bacharelado,Capitais,Remoto,Feminino,Branca,0.5347665381749919
CAND_07906,0.0,34.0,Bacharelado,Capitais,Remoto,Masculino,Branca,0.5860539950725472
CAND_07907,4.6,57.0,Bacharelado,Capitais,Híbrido,Feminino,Amarela,0.4623124231267498
CAND_07908,3.8,56.0,Ensino Médio,Região Metropolitana,Híbrido,Feminino,Parda,0.28204114900362426
CAND_07909,10.9,41.0,Bacharelado,Interior,Remoto,Masculino,Branca,0.5896140316254701
CAND_07910,3.4,46.0,Doutorado,Capitais,Presencial,Masculino,Branca,0.6523388970802546
CAND_07911,4.1,37.0,Bacharelado,Capitais,Presencial,Não-binário,Branca,0.4312990782944234
CAND_07912,5.7,48.0,Bacharelado,Capitais,Presencial,Não-binário,Branca,0.3872970537857324
CAND_07913,3.3,40.0,Ensino Médio,Região Metropolitana,Presencial,Feminino,Amarela,0.03648541061533518
CAND_07914,6.3,75.0,Bacharelado,Capitais,Presencial,Feminino,Branca,0.6397478648644912
CAND_07915,1.9,70.0,Doutorado,Capitais,Remoto,Masculino,Amarela,0.6522572673333883
CAND_07916,4.3,61.0,Doutorado,Região Metropolitana,Presencial,Masculino,Amarela,0.5730081446902906
CAND_07917,6.2,50.0,Bacharelado,Capitais,Híbrido,Não-binário,Branca,0.48571231183110203
CAND_07918,8.4,67.0,Mestrado,Capitais,Híbrido,Feminino,Branca,0.8415086196978051
CAND_07919,3.2,51.0,Bacharelado,Interior,Presencial,Masculino,Branca,0.6219768696520619
CAND_07920,3.2,52.0,Mestrado,Capitais,Híbrido,Masculino,Parda,0.667332934272219
CAND_07921,9.6,24.0,Mestrado,Capitais,Híbrido,Masculino,Amarela,0.6015064786873399
CAND_07922,3.3,54.0,Ensino Médio,Interior,Híbrido,Masculino,Branca,0.5685165722285583
CAND_07923,4.8,31.0,Bacharelado,Região Metropolitana,Híbrido,Masculino,Parda,0.5527287367373666
CAND_07924,10.1,44.0,Ensino Médio,Capitais,Remoto,Masculino,Branca,0.6520914200162516
CAND_07925,5.2,53.0,Bacharelado,Capitais,Remoto,Não-binário,Branca,0.2819475170459713
CAND_07926,4.3,37.0,Ensino Médio,Interior,Híbrido,Masculino,Branca,0.616417936958174
CAND_07927,4.5,57.0,Bacharelado,Capitais,Presencial,Masculino,Preta,0.47183414691789344
CAND_07928,2.8,66.0,Bacharelado,Capitais,Remoto,Masculino,Branca,0.7675938986575461
CAND_07929,6.4,37.0,Bacharelado,Interior,Híbrido,Masculino,Branca,0.4380669121262851
CAND_07930,2.2,52.0,Bacharelado,Capitais,Híbrido,Masculino,Branca,0.6290189908261395
CAND_07931,7.3,31.0,Doutorado,Capitais,Híbrido,Feminino,Parda,0.44050291576203404
CAND_07932,5.0,32.0,Bacharelado,Região Metropolitana,Remoto,Masculino,Branca,0.4777993908096149
CAND_07933,5.7,55.0,Mestrado,Capitais,Híbrido,Feminino,Branca,0.6170344894586833
CAND_07934,10.2,61.0,Bacharelado,Capitais,Híbrido,Masculino,Preta,0.6314885223423088
CAND_07935,0.7,27.0,Bacharelado,Capitais,Presencial,Feminino,Branca,0.33436701879398345
CAND_07936,5.1,81.0,Bacharelado,Região Metropolitana,Híbrido,Feminino,Amarela,0.3860163023633303
CAND_07937,6.9,43.0,Bacharelado,Capitais,Presencial,Masculino,Branca,0.763237936707807
CAND_07938,3.2,53.0,Bacharelado,Região Metropolitana,Híbrido,Não-binário,Preta,0.0
CAND_07939,7.9,42.0,Mestrado,Capitais,Presencial,Feminino,Preta,0.4051293938583541
CAND_07940,3.4,46.0,Doutorado,Região Metropolitana,Remoto,Feminino,Preta,0.4783181102016073
CAND_07941,5.9,73.0,Bacharelado,Capitais,Presencial,Masculino,Branca,0.6625002272835367
CAND_07942,4.6,73.0,Bacharelado,Capitais,Remoto,Masculino,Amarela,0.3931328903061152
CAND_07943,5.5,25.0,Bacharelado,Capitais,Híbrido,Feminino,Parda,0.19087056605502695
CAND_07944,5.2,42.0,Mestrado,Capitais,Remoto,Não-binário,Branca,0.5710258722218206
CAND_07945,4.9,94.0,Bacharelado,Capitais,Híbrido,Feminino,Branca,0.5561039116670871
CAND_07946,3.6,44.0,Bacharelado,Capitais,Presencial,Masculino,Branca,0.6675085882660335
CAND_07947,3.0,56.0,Bacharelado,Capitais,Presencial,Masculino,Branca,0.7334530966561504
CAND_07948,5.9,67.0,Mestrado,Região Metropolitana,Híbrido,Masculino,Branca,0.7683041833429041
CAND_07949,5.2,63.0,Bacharelado,Capitais,Remoto,Masculino,Preta,0.4581411003404803
CAND_07950,2.9,8.0,Bacharelado,Capitais,Remoto,Masculino,Amarela,0.2576864102303673
CAND_07951,6.0,55.0,Bacharelado,Capitais,Híbrido,Feminino,Preta,0.15972973611701644
CAND_07952,3.6,76.0,Bacharelado,Capitais,Híbrido,Masculino,Branca,0.8570436511137987
CAND_07953,9.7,50.0,Bacharelado,Capitais,Híbrido,Feminino,Branca,0.7037521452681259
CAND_07954,12.5,34.0,Mestrado,Capitais,Híbrido,Feminino,Branca,0.6564466181804252
CAND_07955,9.2,35.0,Bacharelado,Capitais,Remoto,Masculino,Branca,0.6381512268185336
CAND_07956,9.0,47.0,Bacharelado,Capitais,Híbrido,Feminino,Branca,0.5621140717352412
CAND_07957,7.4,60.0,Doutorado,Região Metropolitana,Remoto,Não-binário,Amarela,0.3678352774314939
CAND_07958,4.4,93.0,Bacharelado,Região Metropolitana,Híbrido,Masculino,Branca,0.7503340003115622
CAND_07959,0.0,46.0,Mestrado,Região Metropolitana,Híbrido,Masculino,Amarela,0.386312215470132
CAND_07960,1.9,58.0,Bacharelado,Região Metropolitana,Híbrido,Masculino,Branca,0.5914128498949379
CAND_07961,3.0,27.0,Bacharelado,Capitais,Remoto,Feminino,Preta,0.2315009313726618
CAND_07962,8.6,25.0,Ensino Médio,Capitais,Híbrido,Não-binário,Preta,0.03092698363029059
CAND_07963,5.8,43.0,Mestrado,Capitais,Remoto,Masculino,Branca,0.7159641827671646
CAND_07964,3.0,57.0,Bacharelado,Capitais,Remoto,Feminino,Branca,0.40126538060361827
CAND_07965,0.0,49.0,Bacharelado,Região Metropolitana,Remoto,Masculino,Branca,0.5407536399306908
CAND_07966,12.0,51.0,Mestrado,Região Metropolitana,Híbrido,Feminino,Branca,0.669586616191515
CAND_07967,6.6,46.0,Bacharelado,Capitais,Híbrido,Feminino,Branca,0.4893842311658013
CAND_07968,7.7,50.0,Ensino Médio,Região Metropolitana,Híbrido,Masculino,Branca,0.7417036847021456
CAND_07969,3.4,46.0,Mestrado,Interior,Presencial,Feminino,Branca,0.5184456461652711
CAND_07970,4.6,30.0,Ensino Médio,Capitais,Híbrido,Masculino,Branca,0.23456979367093744
CAND_07971,4.0,28.0,Ensino Médio,Capitais,Remoto,Masculino,Amarela,0.43086433404807667
CAND_07972,5.2,70.0,Bacharelado,Capitais,Híbrido,Feminino,Branca,0.5792813198414988
CAND_07973,10.5,38.0,Bacharelado,Capitais,Presencial,Masculino,Preta,0.510885249635279
CAND_07974,1.4,46.0,Doutorado,Capitais,Híbrido,Masculino,Branca,0.6853354028384896
CAND_07975,4.9,68.0,Mestrado,Capitais,Presencial,Feminino,Branca,0.680836226452777
CAND_07976,6.1,46.0,Bacharelado,Interior,Remoto,Masculino,Preta,0.312278949100931
CAND_07977,4.6,63.0,Mestrado,Região Metropolitana,Híbrido,Masculino,Branca,0.8243598158007883
CAND_07978,8.0,37.0,Mestrado,Região Metropolitana,Híbrido,Feminino,Branca,0.5094684614486454
CAND_07979,0.0,73.0,Bacharelado,Região Metropolitana,Híbrido,Masculino,Parda,0.6461284390596235
CAND_07980,10.7,53.0,Mestrado,Região Metropolitana,Híbrido,Feminino,Preta,0.4538779076760966
CAND_07981,0.9,50.0,Bacharelado,Interior,Presencial,Masculino,Amarela,0.25524197025819545
CAND_07982,1.6,48.0,Bacharelado,Região Metropolitana,Remoto,Masculino,Branca,0.6505749924676449
CAND_07983,3.7,61.0,Bacharelado,Capitais,Híbrido,Masculino,Preta,0.5171719673847859
CAND_07984,3.1,54.0,Ensino Médio,Capitais,Híbrido,Masculino,Branca,0.6465783471404051
CAND_07985,6.3,2.0,Doutorado,Capitais,Híbrido,Masculino,Branca,0.5644212602836831
CAND_07986,5.9,43.0,Mestrado,Região Metropolitana,Híbrido,Masculino,Branca,0.6057696582224101
CAND_07987,5.3,55.0,Bacharelado,Capitais,Remoto,Feminino,Parda,0.5145335981798351
CAND_07988,0.7,35.0,Bacharelado,Capitais,Híbrido,Feminino,Branca,0.4179898713451005
CAND_07989,4.6,42.0,Doutorado,Capitais,Híbrido,Masculino,Branca,0.7273056673661373
CAND_07990,5.1,44.0,Mestrado,Capitais,Híbrido,Masculino,Branca,0.800089624037403
CAND_07991,8.7,74.0,Bacharelado,Região Metropolitana,Presencial,Masculino,Branca,0.7500495988757875
CAND_07992,5.6,59.0,Bacharelado,Capitais,Remoto,Masculino,Parda,0.6859704045457496
CAND_07993,6.1,55.0,Ensino Médio,Região Metropolitana,Presencial,Masculino,Preta,0.3339828018743272
CAND_07994,10.9,33.0,Bacharelado,Capitais,Híbrido,Feminino,Preta,0.2347177892313042
CAND_07995,1.5,40.0,Mestrado,Interior,Híbrido,Feminino,Indígena,0.05914092087719364
CAND_07996,3.8,63.0,Bacharelado,Interior,Remoto,Masculino,Parda,0.8708318642258948
CAND_07997,1.6,60.0,Ensino Médio,Capitais,Remoto,Feminino,Branca,0.5345354277196801
CAND_07998,9.8,29.0,Bacharelado,Região Metropolitana,Presencial,Feminino,Branca,0.5104248283659636
CAND_07999,10.0,71.0,Bacharelado,Região Metropolitana,Presencial,Feminino,Branca,0.594373807609449
CAND_08000,9.6,37.0,Mestrado,Interior,Remoto,Feminino,Parda,0.27771957525418334
CAND_08001,6.6,55.0,Mestrado,Capitais,Híbrido,Masculino,Branca,0.6497079844426763
CAND_08002,6.1,91.0,Bacharelado,Região Metropolitana,Híbrido,Não-binário,Parda,0.5198614686458042
CAND_08003,3.6,44.0,Mestrado,Capitais,Híbrido,Feminino,Amarela,0.38988259549727555
CAND_08004,7.3,53.0,Bacharelado,Capitais,Híbrido,Masculino,Branca,0.6529077242035879
CAND_08005,1.2,42.0,Bacharelado,Região Metropolitana,Presencial,Masculino,Preta,0.34861447103100285
CAND_08006,1.1,53.0,Bacharelado,Interior,Híbrido,Masculino,Branca,0.5032674319277439
CAND_08007,3.7,71.0,Bacharelado,Capitais,Híbrido,Feminino,Indígena,0.42253041336024205
CAND_08008,10.7,47.0,Doutorado,Capitais,Híbrido,Feminino,Amarela,0.7672359798696395
CAND_08009,3.5,46.0,Mestrado,Capitais,Híbrido,Masculino,Branca,0.7314384033477124
CAND_08010,3.9,67.0,Ensino Médio,Região Metropolitana,Presencial,Feminino,Branca,0.46778323635918895
CAND_08011,5.9,31.0,Bacharelado,Região Metropolitana,Presencial,Masculino,Branca,0.533779587719973
CAND_08012,7.7,51.0,Bacharelado,Região Metropolitana,Presencial,Masculino,Branca,0.6420544982295869
CAND_08013,8.8,39.0,Bacharelado,Capitais,Híbrido,Feminino,Indígena,0.2718002002084334
CAND_08014,1.6,46.0,Bacharelado,Região Metropolitana,Presencial,Masculino,Parda,0.38446656548942537
CAND_08015,4.7,37.0,Bacharelado,Região Metropolitana,Presencial,Masculino,Branca,0.5677135793090944
CAND_08016,5.7,29.0,Mestrado,Capitais,Híbrido,Masculino,Branca,0.7319014555449244
CAND_08017,6.0,17.0,Mestrado,Capitais,Remoto,Não-binário,Branca,0.20132772480715733
CAND_08018,7.6,43.0,Bacharelado,Capitais,Híbrido,Feminino,Branca,0.5103429911806271
CAND_08019,7.5,53.0,Bacharelado,Capitais,Presencial,Masculino,Parda,0.6328053075896986
CAND_08020,5.1,62.0,Bacharelado,Região Metropolitana,Híbrido,Masculino,Branca,0.7777501334962992
CAND_08021,8.5,30.0,Mestrado,Capitais,Híbrido,Feminino,Branca,0.5007112855662535
CAND_08022,7.9,52.0,Bacharelado,Capitais,Presencial,Masculino,Branca,0.8496660569651403
CAND_08023,7.7,58.0,Bacharelado,Região Metropolitana,Remoto,Feminino,Branca,0.47708775722776986
CAND_08024,3.4,55.0,Mestrado,Região Metropolitana,Remoto,Masculino,Parda,0.6853509935171097
CAND_08025,7.1,54.0,Bacharelado,Capitais,Presencial,Masculino,Parda,0.7080285717849449
CAND_08026,8.6,18.0,Ensino Médio,Interior,Híbrido,Masculino,Branca,0.4917841781694198
CAND_08027,3.5,48.0,Mestrado,Região Metropolitana,Remoto,Masculino,Branca,0.7627598221330467
CAND_08028,5.4,49.0,Mestrado,Região Metropolitana,Presencial,Masculino,Parda,0.8398558220036971
CAND_08029,9.7,58.0,Bacharelado,Capitais,Presencial,Masculino,Indígena,0.6880925472683793
CAND_08030,6.2,71.0,Ensino Médio,Interior,Remoto,Não-binário,Branca,0.3551145583265858
CAND_08031,4.7,46.0,Mestrado,Capitais,Híbrido,Não-binário,Branca,0.6205477556518014
CAND_08032,9.4,45.0,Bacharelado,Capitais,Híbrido,Masculino,Branca,0.7001596273131762
CAND_08033,3.6,52.0,Bacharelado,Capitais,Híbrido,Feminino,Branca,0.5274843603519943
CAND_08034,0.0,50.0,Bacharelado,Capitais,Híbrido,Masculino,Branca,0.5411616510834664
CAND_08035,2.7,56.0,Mestrado,Região Metropolitana,Remoto,Não-binário,Preta,0.1639493126841803
CAND_08036,8.4,58.0,Doutorado,Capitais,Remoto,Masculino,Branca,0.8277585317557289
CAND_08037,6.6,47.0,Bacharelado,Capitais,Presencial,Masculino,Branca,0.7866846756668195
CAND_08038,5.2,57.0,Doutorado,Região Metropolitana,Híbrido,Masculino,Branca,0.7593620128023881
CAND_08039,8.2,47.0,Bacharelado,Capitais,Híbrido,Masculino,Branca,0.6301938993138425
CAND_08040,5.5,28.0,Ensino Médio,Capitais,Remoto,Masculino,Indígena,0.29655393490195636
CAND_08041,4.3,33.0,Bacharelado,Capitais,Remoto,Feminino,Branca,0.4310782673823771
CAND_08042,7.5,15.0,Bacharelado,Capitais,Presencial,Masculino,Branca,0.7176042439156788
CAND_08043,3.9,75.0,Mestrado,Capitais,Presencial,Não-binário,Branca,0.39269501504675575
CAND_08044,6.5,69.0,Bacharelado,Capitais,Presencial,Masculino,Branca,0.7788325794296569
CAND_08045,2.6,66.0,Bacharelado,Região Metropolitana,Híbrido,Masculino,Branca,0.6052571062618134
CAND_08046,1.8,47.0,Bacharelado,Capitais,Remoto,Masculino,Parda,0.6630645293984805
CAND_08047,2.4,65.0,Bacharelado,Região Metropolitana,Híbrido,Masculino,Branca,0.5616947253100666
CAND_08048,4.9,63.0,Bacharelado,Região Metropolitana,Híbrido,Feminino,Parda,0.4476941488932127
CAND_08049,3.1,28.0,Ensino Médio,Capitais,Remoto,Masculino,Branca,0.39710933397711856
CAND_08050,3.1,38.0,Bacharelado,Capitais,Remoto,Feminino,Branca,0.5336414281961793
CAND_08051,4.5,58.0,Mestrado,Capitais,Remoto,Masculino,Indígena,0.5289999752040694
CAND_08052,4.8,43.0,Mestrado,Capitais,Híbrido,Feminino,Branca,0.6341910864168155
CAND_08053,0.3,39.0,Ensino Médio,Interior,Remoto,Feminino,Branca,0.1674935914426953
CAND_08054,0.0,62.0,Bacharelado,Capitais,Remoto,Feminino,Branca,0.3584972891401182
CAND_08055,6.2,38.0,Bacharelado,Capitais,Remoto,Feminino,Preta,0.28683975272383255
CAND_08056,5.4,87.0,Ensino Médio,Região Metropolitana,Presencial,Feminino,Branca,0.631458524813079
CAND_08057,0.9,74.0,Bacharelado,Região Metropolitana,Presencial,Feminino,Parda,0.5846614384665294
CAND_08058,6.3,47.0,Bacharelado,Região Metropolitana,Híbrido,Feminino,Preta,0.27013633933299974
CAND_08059,6.3,69.0,Ensino Médio,Capitais,Híbrido,Masculino,Amarela,0.6178983999033184
CAND_08060,4.1,53.0,Bacharelado,Região Metropolitana,Presencial,Feminino,Parda,0.47849307763299975
CAND_08061,10.9,44.0,Bacharelado,Capitais,Remoto,Feminino,Branca,0.2562193931903641
CAND_08062,8.8,80.0,Bacharelado,Região Metropolitana,Remoto,Feminino,Amarela,0.4844970592488161
CAND_08063,3.8,56.0,Bacharelado,Região Metropolitana,Remoto,Masculino,Branca,0.750775298647237
CAND_08064,3.9,37.0,Mestrado,Capitais,Híbrido,Feminino,Branca,0.49904531756284126
CAND_08065,0.6,57.0,Bacharelado,Capitais,Híbrido,Masculino,Branca,0.5891973210651724
CAND_08066,8.7,75.0,Bacharelado,Região Metropolitana,Remoto,Feminino,Branca,0.5536306285402963
CAND_08067,5.7,50.0,Ensino Médio,Região Metropolitana,Remoto,Feminino,Branca,0.40968216052030215
CAND_08068,7.5,53.0,Mestrado,Capitais,Presencial,Masculino,Parda,0.7486642559423655
CAND_08069,0.0,46.0,Bacharelado,Capitais,Híbrido,Masculino,Branca,0.6047091050956509
CAND_08070,7.3,55.0,Bacharelado,Região Metropolitana,Remoto,Feminino,Branca,0.516308600963529
CAND_08071,3.5,35.0,Bacharelado,Região Metropolitana,Híbrido,Masculino,Amarela,0.4231829101568884
CAND_08072,6.8,38.0,Mestrado,Capitais,Presencial,Masculino,Branca,0.6070487609307179
CAND_08073,6.6,45.0,Bacharelado,Capitais,Presencial,Masculino,Branca,0.7920587807496451
CAND_08074,4.9,53.0,Bacharelado,Capitais,Presencial,Masculino,Branca,0.836808408892485
CAND_08075,2.9,67.0,Ensino Médio,Região Metropolitana,Híbrido,Masculino,Branca,0.4583638674773032
CAND_08076,6.2,48.0,Mestrado,Região Metropolitana,Presencial,Masculino,Amarela,0.47225117141491785
CAND_08077,2.5,62.0,Bacharelado,Região Metropolitana,Presencial,Masculino,Branca,0.7324970408390451
CAND_08078,8.2,43.0,Bacharelado,Capitais,Presencial,Masculino,Branca,0.7780823154629383
CAND_08079,2.8,59.0,Bacharelado,Capitais,Híbrido,Não-binário,Branca,0.32696296008930326
CAND_08080,5.1,68.0,Bacharelado,Capitais,Híbrido,Masculino,Amarela,0.6333746487118916
CAND_08081,2.8,48.0,Bacharelado,Região Metropolitana,Remoto,Masculino,Branca,0.41059114482674974
CAND_08082,5.5,55.0,Mestrado,Região Metropolitana,Híbrido,Masculino,Amarela,0.5802335263963333
CAND_08083,1.9,41.0,Bacharelado,Capitais,Remoto,Feminino,Branca,0.5366981767465352
CAND_08084,2.6,59.0,Doutorado,Capitais,Presencial,Feminino,Indígena,0.4352956124870507
CAND_08085,11.9,8.0,Mestrado,Região Metropolitana,Híbrido,Masculino,Preta,0.5005126735335299
CAND_08086,7.5,26.0,Mestrado,Capitais,Híbrido,Feminino,Indígena,0.3873159257160301
CAND_08087,6.1,59.0,Bacharelado,Capitais,Presencial,Masculino,Branca,0.6829666617263006
CAND_08088,6.5,25.0,Ensino Médio,Capitais,Remoto,Feminino,Parda,0.2734099278315862
CAND_08089,5.9,43.0,Bacharelado,Região Metropolitana,Remoto,Feminino,Branca,0.4089378784190309
CAND_08090,4.7,71.0,Bacharelado,Região Metropolitana,Híbrido,Feminino,Branca,0.5032849302396564
CAND_08091,7.3,63.0,Ensino Médio,Capitais,Presencial,Feminino,Branca,0.6645536257636919
CAND_08092,2.5,86.0,Ensino Médio,Capitais,Presencial,Masculino,Branca,0.8929405481836108
CAND_08093,9.8,51.0,Bacharelado,Região Metropolitana,Remoto,Feminino,Branca,0.6366709107498321
CAND_08094,5.4,49.0,Bacharelado,Capitais,Presencial,Feminino,Branca,0.651757007289518
CAND_08095,7.4,50.0,Mestrado,Região Metropolitana,Híbrido,Masculino,Indígena,0.6257563497305381
CAND_08096,9.7,36.0,Bacharelado,Região Metropolitana,Híbrido,Feminino,Branca,0.22091110253807816
CAND_08097,6.5,47.0,Bacharelado,Capitais,Presencial,Masculino,Branca,0.7183663478668018
CAND_08098,2.6,31.0,Mestrado,Região Metropolitana,Remoto,Masculino,Branca,0.49853259263508065
CAND_08099,8.7,68.0,Bacharelado,Capitais,Híbrido,Masculino,Preta,0.6631328400355672
CAND_08100,10.1,61.0,Bacharelado,Capitais,Remoto,Masculino,Preta,0.5818145721515651
CAND_08101,0.0,33.0,Bacharelado,Capitais,Presencial,Feminino,Branca,0.3633281368504879
CAND_08102,4.7,40.0,Mestrado,Capitais,Híbrido,Feminino,Branca,0.5090884622508414
CAND_08103,5.9,56.0,Bacharelado,Região Metropolitana,Híbrido,Masculino,Branca,0.6369407019237995
CAND_08104,4.2,54.0,Bacharelado,Região Metropolitana,Híbrido,Masculino,Branca,0.5660520689392632
CAND_08105,1.3,34.0,Bacharelado,Região Metropolitana,Remoto,Feminino,Parda,0.21321325471115807
CAND_08106,2.4,51.0,Mestrado,Interior,Híbrido,Masculino,Amarela,0.3958548866965901
CAND_08107,0.0,59.0,Bacharelado,Capitais,Híbrido,Masculino,Amarela,0.5735017277497363
CAND_08108,7.9,59.0,Bacharelado,Região Metropolitana,Presencial,Feminino,Branca,0.5878093017256754
CAND_08109,9.1,75.0,Ensino Médio,Capitais,Híbrido,Masculino,Parda,1.0
CAND_08110,9.1,54.0,Ensino Médio,Interior,Híbrido,Não-binário,Preta,0.16160419396464892
CAND_08111,4.9,31.0,Bacharelado,Capitais,Híbrido,Feminino,Branca,0.44386169885209936
CAND_08112,5.8,34.0,Bacharelado,Região Metropolitana,Remoto,Masculino,Amarela,0.5159019759546868
CAND_08113,8.2,69.0,Mestrado,Capitais,Híbrido,Masculino,Branca,0.7472338330022309
CAND_08114,4.3,74.0,Doutorado,Capitais,Presencial,Masculino,Branca,0.8176529667135228
CAND_08115,2.2,49.0,Mestrado,Região Metropolitana,Presencial,Masculino,Branca,0.7014263747372523
CAND_08116,3.3,56.0,Bacharelado,Capitais,Remoto,Feminino,Branca,0.4176111141578823
CAND_08117,5.5,51.0,Bacharelado,Capitais,Remoto,Masculino,Branca,0.857309200034977
CAND_08118,2.9,46.0,Bacharelado,Região Metropolitana,Híbrido,Feminino,Branca,0.34285631638594305
CAND_08119,6.4,28.0,Ensino Médio,Capitais,Remoto,Masculino,Branca,0.6718575870641943
CAND_08120,0.9,57.0,Doutorado,Capitais,Híbrido,Masculino,Branca,0.7567299423351993
CAND_08121,4.3,77.0,Doutorado,Capitais,Remoto,Feminino,Branca,0.8887237924307005
CAND_08122,6.2,53.0,Mestrado,Região Metropolitana,Híbrido,Masculino,Amarela,0.609875696234021
CAND_08123,5.4,45.0,Bacharelado,Interior,Presencial,Feminino,Branca,0.39699776659727326
CAND_08124,2.8,44.0,Bacharelado,Capitais,Presencial,Feminino,Branca,0.3963732158496603
CAND_08125,7.2,57.0,Mestrado,Região Metropolitana,Remoto,Masculino,Branca,0.715162818718189
CAND_08126,5.8,67.0,Bacharelado,Capitais,Híbrido,Masculino,Branca,0.7910695521304847
CAND_08127,0.0,58.0,Mestrado,Região Metropolitana,Remoto,Masculino,Parda,0.6380026004972904
CAND_08128,6.4,22.0,Bacharelado,Interior,Híbrido,Masculino,Branca,0.49995215375310337
CAND_08129,3.7,76.0,Mestrado,Capitais,Remoto,Masculino,Preta,0.4328798196984605
CAND_08130,3.4,62.0,Mestrado,Região Metropolitana,Híbrido,Não-binário,Branca,0.4323680522678338
CAND_08131,2.5,47.0,Bacharelado,Interior,Remoto,Masculino,Branca,0.5204943586447307
CAND_08132,2.0,42.0,Bacharelado,Capitais,Presencial,Feminino,Branca,0.31183962703707935
CAND_08133,5.6,43.0,Mestrado,Capitais,Híbrido,Masculino,Preta,0.5247024809397742
CAND_08134,6.6,63.0,Doutorado,Interior,Híbrido,Feminino,Parda,0.4400343878050088
CAND_08135,5.5,20.0,Mestrado,Capitais,Híbrido,Feminino,Branca,0.4991505819000104
CAND_08136,7.8,58.0,Mestrado,Capitais,Presencial,Feminino,Preta,0.3658806494047153
CAND_08137,6.7,54.0,Mestrado,Região Metropolitana,Híbrido,Feminino,Branca,0.5548264578880024
CAND_08138,0.0,54.0,Doutorado,Região Metropolitana,Híbrido,Feminino,Branca,0.48352669098861356
CAND_08139,2.3,33.0,Bacharelado,Capitais,Híbrido,Masculino,Amarela,0.43080676929598316
CAND_08140,8.6,24.0,Bacharelado,Região Metropolitana,Presencial,Feminino,Branca,0.5033312515226708
CAND_08141,1.2,84.0,Bacharelado,Região Metropolitana,Híbrido,Masculino,Branca,0.5915062460587309
CAND_08142,0.0,52.0,Bacharelado,Capitais,Híbrido,Masculino,Branca,0.6061805173993056
CAND_08143,10.5,79.0,Bacharelado,Capitais,Híbrido,Masculino,Branca,0.9400174515124066
CAND_08144,5.9,64.0,Bacharelado,Região Metropolitana,Híbrido,Feminino,Branca,0.8359794243839003
CAND_08145,3.0,52.0,Mestrado,Capitais,Presencial,Masculino,Parda,0.7581365135151205
CAND_08146,2.5,53.0,Bacharelado,Interior,Híbrido,Feminino,Branca,0.32420298932255837
CAND_08147,6.9,66.0,Bacharelado,Capitais,Remoto,Feminino,Parda,0.42886963016308505
CAND_08148,6.4,68.0,Mestrado,Capitais,Remoto,Masculino,Branca,0.831736253927695
CAND_08149,6.0,57.0,Bacharelado,Capitais,Híbrido,Masculino,Branca,0.9791191376990407
CAND_08150,4.4,66.0,Bacharelado,Capitais,Híbrido,Masculino,Preta,0.352441943791146
CAND_08151,1.2,67.0,Mestrado,Capitais,Presencial,Feminino,Branca,0.5211007326065016
CAND_08152,4.9,55.0,Bacharelado,Região Metropolitana,Híbrido,Masculino,Preta,0.5500619260288644
CAND_08153,8.2,41.0,Bacharelado,Capitais,Híbrido,Masculino,Preta,0.6999560975507616
CAND_08154,3.4,57.0,Bacharelado,Capitais,Híbrido,Masculino,Parda,0.6267181585241599
CAND_08155,6.8,39.0,Bacharelado,Região Metropolitana,Híbrido,Masculino,Parda,0.654297855543315
CAND_08156,3.8,44.0,Bacharelado,Região Metropolitana,Remoto,Feminino,Amarela,0.3004652276988413
CAND_08157,7.4,56.0,Mestrado,Região Metropolitana,Presencial,Masculino,Branca,0.8418063962874534
CAND_08158,2.1,49.0,Bacharelado,Capitais,Remoto,Masculino,Preta,0.41936218254576596
CAND_08159,5.0,70.0,Doutorado,Capitais,Híbrido,Feminino,Parda,0.7698447574115972
CAND_08160,6.4,40.0,Bacharelado,Capitais,Remoto,Masculino,Preta,0.5588309354619801
CAND_08161,3.0,18.0,Bacharelado,Região Metropolitana,Remoto,Masculino,Amarela,0.3319290898031958
CAND_08162,6.1,70.0,Bacharelado,Capitais,Remoto,Masculino,Branca,0.9765231658014328
CAND_08163,4.9,51.0,Bacharelado,Capitais,Híbrido,Masculino,Branca,0.7209726655182499
CAND_08164,4.9,51.0,Bacharelado,Capitais,Híbrido,Masculino,Branca,0.725320593662751
CAND_08165,3.0,38.0,Mestrado,Capitais,Híbrido,Feminino,Branca,0.44180422132421293
CAND_08166,8.0,22.0,Mestrado,Região Metropolitana,Híbrido,Feminino,Preta,0.0
CAND_08167,2.2,38.0,Bacharelado,Capitais,Presencial,Feminino,Branca,0.4219697552639274
CAND_08168,5.8,59.0,Bacharelado,Capitais,Remoto,Masculino,Amarela,0.5720026984871568
CAND_08169,2.5,47.0,Bacharelado,Interior,Remoto,Feminino,Amarela,0.0
CAND_08170,4.8,45.0,Mestrado,Capitais,Presencial,Masculino,Branca,0.6593516158942108
CAND_08171,6.9,25.0,Bacharelado,Capitais,Remoto,Feminino,Branca,0.5407738360938501
CAND_08172,4.1,77.0,Bacharelado,Capitais,Remoto,Feminino,Indígena,0.30788483567358704
CAND_08173,0.0,49.0,Ensino Médio,Interior,Híbrido,Masculino,Branca,0.3945487704656657
CAND_08174,1.0,85.0,Bacharelado,Interior,Remoto,Masculino,Indígena,0.5470225057726366
CAND_08175,0.0,56.0,Bacharelado,Capitais,Presencial,Masculino,Branca,0.5147465234187476
CAND_08176,5.2,73.0,Bacharelado,Região Metropolitana,Presencial,Masculino,Amarela,0.5555192841947891
CAND_08177,5.0,39.0,Bacharelado,Capitais,Remoto,Masculino,Branca,0.6954811306143065
CAND_08178,3.9,27.0,Mestrado,Capitais,Híbrido,Masculino,Preta,0.4738498994121695
CAND_08179,3.1,47.0,Bacharelado,Capitais,Presencial,Masculino,Indígena,0.5303259563214118
CAND_08180,5.7,58.0,Bacharelado,Capitais,Remoto,Masculino,Branca,0.7930134257314503
CAND_08181,0.7,60.0,Bacharelado,Região Metropolitana,Híbrido,Masculino,Parda,0.5062951417943992
CAND_08182,7.9,56.0,Mestrado,Região Metropolitana,Presencial,Feminino,Branca,0.6249769864640043
CAND_08183,5.2,84.0,Bacharelado,Capitais,Híbrido,Feminino,Branca,0.7195883953171305
CAND_08184,2.2,56.0,Doutorado,Região Metropolitana,Híbrido,Masculino,Branca,0.579506394549221
CAND_08185,3.7,45.0,Bacharelado,Região Metropolitana,Remoto,Masculino,Branca,0.6502723755036469
CAND_08186,4.6,46.0,Bacharelado,Região Metropolitana,Híbrido,Feminino,Branca,0.7018088390892248
CAND_08187,0.9,38.0,Bacharelado,Região Metropolitana,Híbrido,Masculino,Preta,0.2164925353817989
CAND_08188,7.0,54.0,Bacharelado,Região Metropolitana,Híbrido,Masculino,Indígena,0.5727710649392015
CAND_08189,7.9,66.0,Mestrado,Capitais,Presencial,Não-binário,Preta,0.29624023090892426
CAND_08190,5.4,71.0,Bacharelado,Região Metropolitana,Presencial,Feminino,Branca,0.6661987236270701
CAND_08191,7.8,46.0,Bacharelado,Região Metropolitana,Híbrido,Masculino,Preta,0.4904858181972941
CAND_08192,13.0,49.0,Bacharelado,Região Metropolitana,Híbrido,Masculino,Indígena,0.6487553687109745
CAND_08193,0.0,40.0,Bacharelado,Região Metropolitana,Presencial,Feminino,Parda,0.3408232644933997
CAND_08194,5.2,65.0,Bacharelado,Região Metropolitana,Presencial,Masculino,Branca,0.8088670011358533
CAND_08195,1.0,31.0,Bacharelado,Capitais,Presencial,Masculino,Indígena,0.27742742608333665
CAND_08196,9.7,39.0,Bacharelado,Capitais,Híbrido,Masculino,Amarela,0.5959024594151834
CAND_08197,5.7,0.0,Bacharelado,Capitais,Remoto,Feminino,Parda,0.2998297377447143
CAND_08198,2.9,32.0,Mestrado,Capitais,Híbrido,Masculino,Amarela,0.4371694223464313
CAND_08199,4.2,41.0,Bacharelado,Capitais,Híbrido,Masculino,Parda,0.5989428623435221
CAND_08200,9.0,42.0,Bacharelado,Região Metropolitana,Remoto,Masculino,Indígena,0.62915253860698
CAND_08201,6.4,31.0,Ensino Médio,Interior,Híbrido,Masculino,Parda,0.26048532433959304
CAND_08202,6.7,33.0,Ensino Médio,Região Metropolitana,Remoto,Feminino,Branca,0.31697066981170496
CAND_08203,9.5,69.0,Bacharelado,Capitais,Híbrido,Feminino,Branca,0.6780219833881542
CAND_08204,7.9,38.0,Mestrado,Capitais,Híbrido,Masculino,Branca,0.707478770724521
CAND_08205,8.4,23.0,Bacharelado,Região Metropolitana,Remoto,Feminino,Branca,0.401959229214359
CAND_08206,4.6,34.0,Bacharelado,Região Metropolitana,Remoto,Masculino,Branca,0.5447621223022752
CAND_08207,0.0,35.0,Mestrado,Capitais,Presencial,Masculino,Preta,0.4457033406919936
CAND_08208,5.3,49.0,Bacharelado,Capitais,Presencial,Masculino,Branca,0.7026987132653788
CAND_08209,3.0,55.0,Bacharelado,Região Metropolitana,Híbrido,Masculino,Branca,0.8035869517280465
CAND_08210,7.4,30.0,Mestrado,Região Metropolitana,Presencial,Masculino,Preta,0.41865628374673314
CAND_08211,0.0,55.0,Ensino Médio,Interior,Híbrido,Feminino,Branca,0.3300764172865549
CAND_08212,7.5,71.0,Bacharelado,Capitais,Remoto,Masculino,Preta,0.6406249587767336
CAND_08213,5.6,65.0,Bacharelado,Região Metropolitana,Presencial,Feminino,Branca,0.6663943662495337
CAND_08214,6.1,59.0,Mestrado,Região Metropolitana,Híbrido,Masculino,Indígena,0.576716633724034
CAND_08215,6.9,56.0,Bacharelado,Capitais,Remoto,Masculino,Branca,0.7845199275104362
CAND_08216,4.9,45.0,Bacharelado,Capitais,Remoto,Masculino,Branca,0.548010747068987
CAND_08217,4.0,71.0,Doutorado,Capitais,Presencial,Masculino,Preta,0.4714761261109956
CAND_08218,8.4,56.0,Bacharelado,Capitais,Híbrido,Masculino,Preta,0.628486523967987
CAND_08219,6.8,38.0,Ensino Médio,Região Metropolitana,Remoto,Masculino,Amarela,0.31524700524273513
CAND_08220,7.1,48.0,Bacharelado,Interior,Híbrido,Masculino,Parda,0.6346192278338808
CAND_08221,4.8,40.0,Bacharelado,Capitais,Híbrido,Feminino,Branca,0.4524695721390667
CAND_08222,5.3,48.0,Ensino Médio,Região Metropolitana,Híbrido,Masculino,Branca,0.6888677400696801
CAND_08223,5.0,68.0,Bacharelado,Capitais,Híbrido,Masculino,Branca,0.8530304742098583
CAND_08224,0.0,47.0,Bacharelado,Capitais,Híbrido,Masculino,Branca,0.34470200296119724
CAND_08225,0.9,38.0,Mestrado,Capitais,Remoto,Masculino,Preta,0.3413028471491031
CAND_08226,4.6,66.0,Bacharelado,Capitais,Presencial,Feminino,Preta,0.20168287622945935
CAND_08227,0.0,69.0,Bacharelado,Capitais,Híbrido,Feminino,Branca,0.1635413397142244
CAND_08228,4.7,38.0,Mestrado,Região Metropolitana,Híbrido,Feminino,Branca,0.37862158853648226
CAND_08229,2.3,72.0,Bacharelado,Capitais,Híbrido,Masculino,Indígena,0.41987511529649857
CAND_08230,4.8,64.0,Ensino Médio,Capitais,Remoto,Masculino,Branca,0.6985190428336848
CAND_08231,5.5,42.0,Doutorado,Região Metropolitana,Presencial,Masculino,Parda,0.6023408174941741
CAND_08232,0.0,68.0,Ensino Médio,Região Metropolitana,Remoto,Masculino,Parda,0.5728295580612881
CAND_08233,6.0,32.0,Mestrado,Capitais,Remoto,Feminino,Branca,0.5069116797444901
CAND_08234,3.7,43.0,Mestrado,Região Metropolitana,Híbrido,Não-binário,Branca,0.4872565665971371
CAND_08235,0.0,34.0,Bacharelado,Interior,Presencial,Masculino,Branca,0.4719811592782423
CAND_08236,3.6,35.0,Mestrado,Região Metropolitana,Remoto,Masculino,Branca,0.6960633644261219
CAND_08237,6.1,63.0,Bacharelado,Capitais,Híbrido,Feminino,Amarela,0.4047658648986405
CAND_08238,3.8,50.0,Mestrado,Região Metropolitana,Híbrido,Feminino,Amarela,0.24165172219979997
CAND_08239,3.6,33.0,Mestrado,Região Metropolitana,Presencial,Masculino,Parda,0.504898862919775
CAND_08240,5.5,41.0,Ensino Médio,Região Metropolitana,Presencial,Masculino,Branca,0.5053831978451483
CAND_08241,3.6,40.0,Bacharelado,Capitais,Presencial,Feminino,Parda,0.3621149463778963
CAND_08242,4.2,54.0,Mestrado,Região Metropolitana,Presencial,Masculino,Preta,0.5379301112204643
CAND_08243,1.0,84.0,Doutorado,Capitais,Remoto,Feminino,Branca,0.7528616950707715
CAND_08244,3.4,53.0,Doutorado,Capitais,Remoto,Feminino,Branca,0.42722622190972037
CAND_08245,10.7,54.0,Bacharelado,Capitais,Híbrido,Masculino,Preta,0.5993690457438997
CAND_08246,5.5,73.0,Bacharelado,Região Metropolitana,Híbrido,Masculino,Branca,0.7586724012795582
CAND_08247,5.8,42.0,Bacharelado,Região Metropolitana,Presencial,Masculino,Branca,0.5287678993892022
CAND_08248,3.1,70.0,Mestrado,Região Metropolitana,Híbrido,Masculino,Preta,0.567999367947256
CAND_08249,3.8,44.0,Bacharelado,Capitais,Remoto,Feminino,Preta,0.3946541362106122
CAND_08250,4.3,45.0,Mestrado,Região Metropolitana,Remoto,Masculino,Branca,0.6225242755487141
CAND_08251,7.6,45.0,Mestrado,Região Metropolitana,Remoto,Feminino,Branca,0.5283807133875825
CAND_08252,8.6,48.0,Mestrado,Região Metropolitana,Presencial,Masculino,Branca,0.8166672571231772
CAND_08253,3.6,47.0,Bacharelado,Interior,Presencial,Masculino,Amarela,0.5579476941961056
CAND_08254,4.9,55.0,Mestrado,Capitais,Presencial,Masculino,Branca,0.8576374136255427
CAND_08255,4.3,44.0,Ensino Médio,Região Metropolitana,Presencial,Não-binário,Branca,0.2463557636612887
CAND_08256,7.3,52.0,Bacharelado,Interior,Presencial,Feminino,Branca,0.32759572971452355
CAND_08257,6.4,26.0,Mestrado,Capitais,Presencial,Masculino,Preta,0.4321958455133398
CAND_08258,4.7,62.0,Mestrado,Região Metropolitana,Híbrido,Feminino,Branca,0.5344749618507328
CAND_08259,8.0,67.0,Bacharelado,Capitais,Presencial,Masculino,Branca,0.9049767176021964
CAND_08260,6.6,53.0,Doutorado,Capitais,Presencial,Feminino,Branca,0.6441271560701592
CAND_08261,2.7,61.0,Bacharelado,Região Metropolitana,Híbrido,Não-binário,Preta,0.16972179907485832
CAND_08262,5.0,37.0,Bacharelado,Interior,Presencial,Feminino,Branca,0.2225927235688469
CAND_08263,4.5,73.0,Mestrado,Capitais,Presencial,Masculino,Branca,0.8175944839961408
CAND_08264,2.0,53.0,Bacharelado,Região Metropolitana,Híbrido,Feminino,Preta,0.20115222539684116
CAND_08265,4.3,26.0,Bacharelado,Região Metropolitana,Híbrido,Masculino,Parda,0.707863190914187
CAND_08266,8.4,68.0,Bacharelado,Região Metropolitana,Remoto,Feminino,Branca,0.5862611073324255
CAND_08267,8.3,61.0,Bacharelado,Capitais,Remoto,Não-binário,Branca,0.587619595477205
CAND_08268,7.7,78.0,Bacharelado,Capitais,Remoto,Masculino,Preta,0.5664623297770243
CAND_08269,7.3,75.0,Bacharelado,Capitais,Presencial,Masculino,Indígena,0.6181975156527689
CAND_08270,5.6,70.0,Bacharelado,Capitais,Híbrido,Feminino,Branca,0.643230996733296
CAND_08271,3.2,57.0,Mestrado,Interior,Presencial,Masculino,Preta,0.38965833747929857
CAND_08272,6.7,61.0,Bacharelado,Região Metropolitana,Híbrido,Feminino,Branca,0.3970442825257241
CAND_08273,0.1,34.0,Mestrado,Capitais,Híbrido,Masculino,Branca,0.4517043652527053
CAND_08274,3.0,46.0,Bacharelado,Região Metropolitana,Presencial,Masculino,Branca,0.6895750473958501
CAND_08275,8.3,95.0,Bacharelado,Região Metropolitana,Remoto,Feminino,Indígena,0.4691691455711315
CAND_08276,3.5,24.0,Bacharelado,Região Metropolitana,Remoto,Masculino,Branca,0.5302046275653616
CAND_08277,6.9,55.0,Bacharelado,Capitais,Presencial,Masculino,Branca,0.7871638924048385
CAND_08278,3.9,49.0,Mestrado,Região Metropolitana,Presencial,Masculino,Branca,0.6906432590261747
CAND_08279,6.7,63.0,Bacharelado,Capitais,Presencial,Masculino,Branca,0.761244884618435
CAND_08280,0.4,53.0,Bacharelado,Capitais,Híbrido,Masculino,Branca,0.6842546116991234
CAND_08281,8.8,68.0,Doutorado,Região Metropolitana,Presencial,Feminino,Branca,0.8172323631429105
CAND_08282,1.7,50.0,Doutorado,Região Metropolitana,Presencial,Feminino,Parda,0.4339156186822055
CAND_08283,0.9,62.0,Ensino Médio,Capitais,Presencial,Masculino,Branca,0.4769793102390662
CAND_08284,8.7,55.0,Bacharelado,Capitais,Híbrido,Masculino,Branca,0.6808379273344802
CAND_08285,5.0,46.0,Bacharelado,Região Metropolitana,Presencial,Feminino,Branca,0.5755820583332996
CAND_08286,4.1,43.0,Bacharelado,Capitais,Remoto,Masculino,Branca,0.5757841745645728
CAND_08287,9.7,69.0,Bacharelado,Região Metropolitana,Híbrido,Masculino,Indígena,0.7650295418842541
CAND_08288,7.2,59.0,Bacharelado,Capitais,Híbrido,Masculino,Amarela,0.44578677878457984
CAND_08289,3.7,65.0,Bacharelado,Capitais,Presencial,Feminino,Branca,0.4084846160831498
CAND_08290,4.6,69.0,Bacharelado,Região Metropolitana,Remoto,Masculino,Amarela,0.561452224217584
CAND_08291,8.2,42.0,Mestrado,Capitais,Remoto,Masculino,Branca,0.7098164439947197
CAND_08292,2.1,46.0,Bacharelado,Capitais,Híbrido,Feminino,Preta,0.30812962269345023
CAND_08293,9.3,45.0,Bacharelado,Capitais,Remoto,Feminino,Branca,0.5636607073760235
CAND_08294,3.7,65.0,Mestrado,Região Metropolitana,Presencial,Masculino,Preta,0.39417889636138537
CAND_08295,2.4,51.0,Doutorado,Capitais,Remoto,Masculino,Branca,0.626404512205891
CAND_08296,8.3,53.0,Bacharelado,Capitais,Híbrido,Feminino,Branca,0.7644709032452311
CAND_08297,7.2,34.0,Bacharelado,Capitais,Híbrido,Masculino,Branca,0.6607234805519595
CAND_08298,0.0,62.0,Mestrado,Capitais,Remoto,Feminino,Branca,0.4889841482624985
CAND_08299,4.7,63.0,Bacharelado,Capitais,Híbrido,Feminino,Branca,0.5241272098778612
CAND_08300,1.7,58.0,Bacharelado,Região Metropolitana,Híbrido,Masculino,Parda,0.587374432166554
CAND_08301,7.4,52.0,Ensino Médio,Capitais,Presencial,Masculino,Preta,0.47872989069978356
CAND_08302,10.2,66.0,Bacharelado,Interior,Remoto,Feminino,Branca,0.5211324040344412
CAND_08303,6.6,49.0,Mestrado,Capitais,Híbrido,Masculino,Branca,0.6044959352820773
CAND_08304,2.7,71.0,Ensino Médio,Região Metropolitana,Híbrido,Masculino,Branca,0.7116142570194733
CAND_08305,7.7,61.0,Mestrado,Capitais,Presencial,Feminino,Indígena,0.47248757313494233
CAND_08306,4.8,31.0,Bacharelado,Capitais,Remoto,Masculino,Branca,0.7257906675553529
CAND_08307,4.8,48.0,Bacharelado,Capitais,Híbrido,Feminino,Preta,0.402165369754901
CAND_08308,3.5,55.0,Mestrado,Capitais,Híbrido,Feminino,Preta,0.28855179911191026
CAND_08309,5.3,40.0,Bacharelado,Capitais,Remoto,Feminino,Branca,0.4837986067581989
CAND_08310,4.8,66.0,Bacharelado,Capitais,Híbrido,Masculino,Preta,0.47773189254400095
CAND_08311,0.0,20.0,Bacharelado,Capitais,Presencial,Masculino,Branca,0.34835474927219834
CAND_08312,5.1,62.0,Bacharelado,Capitais,Presencial,Masculino,Branca,0.8939655363991763
CAND_08313,4.6,60.0,Bacharelado,Capitais,Remoto,Masculino,Branca,0.6928332561434759
CAND_08314,6.0,20.0,Bacharelado,Capitais,Presencial,Masculino,Branca,0.6214468814468882
CAND_08315,0.0,52.0,Bacharelado,Região Metropolitana,Presencial,Masculino,Branca,0.38570685548929534
CAND_08316,6.5,43.0,Mestrado,Região Metropolitana,Híbrido,Masculino,Branca,0.5919932762486243
CAND_08317,5.1,71.0,Mestrado,Capitais,Híbrido,Feminino,Preta,0.16113171955654193
CAND_08318,6.5,37.0,Mestrado,Capitais,Híbrido,Masculino,Amarela,0.5425543954536008
CAND_08319,0.1,62.0,Bacharelado,Capitais,Presencial,Masculino,Preta,0.30947604665131506
CAND_08320,1.3,65.0,Mestrado,Interior,Presencial,Masculino,Branca,0.5387812858288882
CAND_08321,0.0,44.0,Mestrado,Capitais,Remoto,Feminino,Branca,0.4400120866717756
CAND_08322,5.4,69.0,Mestrado,Região Metropolitana,Híbrido,Masculino,Branca,0.6303610562732793
CAND_08323,4.0,44.0,Bacharelado,Interior,Híbrido,Masculino,Branca,0.45092344686028385
CAND_08324,4.6,70.0,Mestrado,Região Metropolitana,Presencial,Masculino,Preta,0.5451957329808225
CAND_08325,0.8,89.0,Bacharelado,Capitais,Remoto,Não-binário,Preta,0.2849301832743313
CAND_08326,1.4,64.0,Ensino Médio,Região Metropolitana,Presencial,Masculino,Branca,0.36542585895641166
CAND_08327,0.0,59.0,Bacharelado,Capitais,Híbrido,Feminino,Branca,0.47865947846246937
CAND_08328,1.0,43.0,Mestrado,Interior,Híbrido,Feminino,Amarela,0.0
CAND_08329,3.0,78.0,Bacharelado,Capitais,Remoto,Masculino,Branca,0.7908164651701716
CAND_08330,3.2,63.0,Ensino Médio,Interior,Presencial,Masculino,Branca,0.5364409633884858
CAND_08331,4.8,43.0,Bacharelado,Região Metropolitana,Híbrido,Feminino,Branca,0.5552614269409871
CAND_08332,7.3,72.0,Bacharelado,Capitais,Remoto,Masculino,Indígena,0.6837507511964039
CAND_08333,2.9,52.0,Bacharelado,Capitais,Híbrido,Masculino,Branca,0.6199813485707195
CAND_08334,6.5,60.0,Mestrado,Capitais,Híbrido,Feminino,Amarela,0.31774653373114
CAND_08335,7.3,44.0,Mestrado,Capitais,Híbrido,Masculino,Branca,0.8076236599007679
CAND_08336,8.5,36.0,Bacharelado,Capitais,Presencial,Não-binário,Preta,0.06708535740746194
CAND_08337,6.5,37.0,Bacharelado,Região Metropolitana,Presencial,Masculino,Branca,0.5517797404002707
CAND_08338,5.2,44.0,Mestrado,Capitais,Remoto,Feminino,Preta,0.0
CAND_08339,1.8,58.0,Mestrado,Região Metropolitana,Presencial,Não-binário,Branca,0.2678642300551963
CAND_08340,5.8,46.0,Bacharelado,Capitais,Presencial,Masculino,Branca,0.7931660654279605
CAND_08341,3.9,38.0,Bacharelado,Capitais,Híbrido,Masculino,Branca,0.5428088523240554
CAND_08342,9.1,36.0,Mestrado,Capitais,Remoto,Não-binário,Branca,0.4923536513663763
CAND_08343,5.3,69.0,Bacharelado,Interior,Híbrido,Feminino,Branca,0.337867026605463
CAND_08344,4.5,48.0,Bacharelado,Capitais,Presencial,Masculino,Preta,0.534868272087903
CAND_08345,9.2,21.0,Mestrado,Capitais,Híbrido,Masculino,Parda,0.629091383712503
CAND_08346,3.6,50.0,Bacharelado,Região Metropolitana,Presencial,Feminino,Branca,0.42495706908863456
CAND_08347,5.0,44.0,Mestrado,Capitais,Híbrido,Masculino,Branca,0.6465987506994875
CAND_08348,11.0,53.0,Doutorado,Região Metropolitana,Remoto,Masculino,Branca,1.0
CAND_08349,5.8,41.0,Bacharelado,Capitais,Presencial,Masculino,Branca,0.5437143024856542
CAND_08350,8.4,69.0,Mestrado,Região Metropolitana,Híbrido,Masculino,Branca,0.7895448237699901
CAND_08351,9.5,48.0,Mestrado,Interior,Remoto,Masculino,Indígena,0.6727647892446091
CAND_08352,3.3,47.0,Mestrado,Interior,Remoto,Masculino,Preta,0.28732557111321355
CAND_08353,7.7,45.0,Mestrado,Capitais,Presencial,Feminino,Parda,0.5778861180144875
CAND_08354,4.0,57.0,Bacharelado,Capitais,Presencial,Masculino,Branca,0.7705919230442145
CAND_08355,11.1,56.0,Bacharelado,Capitais,Remoto,Masculino,Parda,0.8492476901507025
CAND_08356,9.3,44.0,Bacharelado,Capitais,Presencial,Feminino,Preta,0.42172542637764404
CAND_08357,7.2,50.0,Ensino Médio,Região Metropolitana,Híbrido,Feminino,Parda,0.4721031976064269
CAND_08358,8.1,46.0,Bacharelado,Interior,Híbrido,Feminino,Branca,0.20149383381302924
CAND_08359,2.9,63.0,Bacharelado,Capitais,Presencial,Feminino,Branca,0.5827975973407988
CAND_08360,10.2,31.0,Bacharelado,Capitais,Presencial,Masculino,Branca,0.6899439892387682
CAND_08361,2.3,45.0,Bacharelado,Região Metropolitana,Presencial,Feminino,Branca,0.4257384637640371
CAND_08362,6.2,47.0,Ensino Médio,Capitais,Híbrido,Feminino,Parda,0.29436601212856667
CAND_08363,2.9,71.0,Bacharelado,Capitais,Remoto,Feminino,Branca,0.618559359116283
CAND_08364,7.6,68.0,Bacharelado,Região Metropolitana,Híbrido,Masculino,Branca,0.7304085167024281
CAND_08365,10.2,56.0,Mestrado,Capitais,Remoto,Feminino,Branca,0.630920547192895
CAND_08366,6.4,35.0,Mestrado,Capitais,Presencial,Masculino,Amarela,0.6032465492243901
CAND_08367,5.9,51.0,Bacharelado,Capitais,Presencial,Masculino,Branca,0.6661949472516729
CAND_08368,4.7,78.0,Bacharelado,Capitais,Presencial,Feminino,Parda,0.5565440887788183
CAND_08369,5.3,48.0,Mestrado,Capitais,Híbrido,Feminino,Indígena,0.4116815026227606
CAND_08370,4.0,52.0,Bacharelado,Região Metropolitana,Remoto,Masculino,Parda,0.613259752710102
CAND_08371,9.9,53.0,Mestrado,Capitais,Presencial,Feminino,Branca,0.6277227900740014
CAND_08372,7.4,37.0,Doutorado,Região Metropolitana,Híbrido,Feminino,Branca,0.5127106611916943
CAND_08373,4.0,38.0,Bacharelado,Capitais,Remoto,Feminino,Branca,0.3821080764905525
CAND_08374,5.2,38.0,Ensino Médio,Região Metropolitana,Híbrido,Feminino,Branca,0.44342540216045995
CAND_08375,13.7,46.0,Bacharelado,Região Metropolitana,Híbrido,Feminino,Branca,0.6229014866200788
CAND_08376,5.8,57.0,Bacharelado,Capitais,Híbrido,Masculino,Branca,0.8404598081982415
CAND_08377,9.4,53.0,Bacharelado,Região Metropolitana,Presencial,Masculino,Branca,0.8253576553300348
CAND_08378,3.3,58.0,Mestrado,Região Metropolitana,Híbrido,Masculino,Branca,0.7649928515416093
CAND_08379,6.4,82.0,Mestrado,Região Metropolitana,Remoto,Feminino,Branca,0.6063209580407465
CAND_08380,3.1,89.0,Bacharelado,Capitais,Híbrido,Masculino,Branca,0.8261562970472708
CAND_08381,3.4,51.0,Mestrado,Interior,Híbrido,Feminino,Branca,0.17860122321390157
CAND_08382,7.4,64.0,Mestrado,Capitais,Presencial,Masculino,Branca,0.7027078262583991
CAND_08383,2.3,60.0,Bacharelado,Capitais,Híbrido,Masculino,Branca,0.3735638548286101
CAND_08384,1.4,66.0,Ensino Médio,Região Metropolitana,Presencial,Masculino,Preta,0.30934172928716325
CAND_08385,7.1,66.0,Mestrado,Capitais,Presencial,Feminino,Branca,0.7845598873958035
CAND_08386,3.5,42.0,Ensino Médio,Capitais,Remoto,Masculino,Preta,0.4018169191687281
CAND_08387,4.2,80.0,Bacharelado,Capitais,Remoto,Não-binário,Branca,0.4836688908088719
CAND_08388,0.0,73.0,Bacharelado,Região Metropolitana,Híbrido,Feminino,Branca,0.5781853313807248
CAND_08389,1.2,64.0,Mestrado,Interior,Remoto,Masculino,Branca,0.5563031091863702
CAND_08390,5.7,60.0,Bacharelado,Interior,Presencial,Feminino,Branca,0.5515868077939862
CAND_08391,4.3,56.0,Bacharelado,Capitais,Presencial,Feminino,Branca,0.3471419474593102
CAND_08392,7.7,53.0,Mestrado,Capitais,Híbrido,Feminino,Indígena,0.4694179185679974
CAND_08393,2.3,62.0,Bacharelado,Capitais,Remoto,Masculino,Preta,0.3425636042045123
CAND_08394,4.5,54.0,Bacharelado,Capitais,Remoto,Feminino,Branca,0.49347990267015296
CAND_08395,5.1,56.0,Bacharelado,Região Metropolitana,Híbrido,Masculino,Branca,0.4944317825956631
CAND_08396,4.4,50.0,Bacharelado,Região Metropolitana,Remoto,Feminino,Preta,0.11891069354260977
CAND_08397,6.8,48.0,Bacharelado,Capitais,Presencial,Masculino,Branca,0.8202845277114876
CAND_08398,1.7,79.0,Bacharelado,Capitais,Remoto,Masculino,Branca,0.8042088167186965
CAND_08399,6.5,53.0,Mestrado,Interior,Presencial,Masculino,Parda,0.6444490561163072
CAND_08400,8.4,46.0,Bacharelado,Capitais,Remoto,Feminino,Branca,0.5403855596424798
CAND_08401,2.5,54.0,Mestrado,Capitais,Presencial,Masculino,Preta,0.4062761322346756
CAND_08402,6.2,34.0,Mestrado,Capitais,Híbrido,Masculino,Branca,0.6842853832966908
CAND_08403,6.1,66.0,Mestrado,Região Metropolitana,Híbrido,Feminino,Branca,0.6288103692716729
CAND_08404,6.8,52.0,Bacharelado,Região Metropolitana,Híbrido,Feminino,Branca,0.5505266538731816
CAND_08405,5.0,47.0,Bacharelado,Capitais,Presencial,Masculino,Branca,0.5299401935003191
CAND_08406,9.3,45.0,Mestrado,Região Metropolitana,Híbrido,Feminino,Indígena,0.42716972162390615
CAND_08407,11.3,28.0,Ensino Médio,Capitais,Remoto,Masculino,Branca,0.7251831357778605
CAND_08408,6.9,79.0,Bacharelado,Região Metropolitana,Remoto,Masculino,Preta,0.4858001829159705
CAND_08409,5.9,55.0,Bacharelado,Interior,Híbrido,Masculino,Branca,0.6427253358474744
CAND_08410,5.0,79.0,Bacharelado,Interior,Híbrido,Masculino,Branca,0.5553285179729373
CAND_08411,1.1,48.0,Mestrado,Região Metropolitana,Presencial,Masculino,Branca,0.6458192525217801
CAND_08412,0.7,59.0,Bacharelado,Capitais,Remoto,Masculino,Amarela,0.1798303637397446
CAND_08413,1.5,63.0,Bacharelado,Capitais,Remoto,Masculino,Branca,0.6285894423873531
CAND_08414,5.8,59.0,Bacharelado,Capitais,Presencial,Feminino,Parda,0.4324376047011228
CAND_08415,4.4,45.0,Bacharelado,Interior,Remoto,Feminino,Parda,0.40133174425382734
CAND_08416,9.6,25.0,Bacharelado,Região Metropolitana,Remoto,Masculino,Preta,0.35826678268222056
CAND_08417,0.0,86.0,Doutorado,Capitais,Remoto,Feminino,Preta,0.2915114585914671
CAND_08418,5.1,41.0,Bacharelado,Região Metropolitana,Híbrido,Feminino,Amarela,0.316503353580791
CAND_08419,6.3,90.0,Mestrado,Capitais,Híbrido,Masculino,Branca,0.9412732455017929
CAND_08420,7.7,43.0,Mestrado,Interior,Híbrido,Feminino,Preta,0.204469104636051
CAND_08421,5.4,73.0,Bacharelado,Capitais,Híbrido,Masculino,Branca,0.734937721907495
CAND_08422,6.1,61.0,Ensino Médio,Capitais,Remoto,Feminino,Branca,0.6568965155737797
CAND_08423,5.5,61.0,Mestrado,Capitais,Híbrido,Masculino,Parda,0.7199635259579847
CAND_08424,6.3,43.0,Mestrado,Região Metropolitana,Híbrido,Feminino,Branca,0.46731156615436475
CAND_08425,4.9,46.0,Bacharelado,Interior,Remoto,Feminino,Parda,0.32147042984536944
CAND_08426,11.3,46.0,Mestrado,Capitais,Presencial,Masculino,Amarela,0.7092806988186012
CAND_08427,6.7,54.0,Mestrado,Capitais,Presencial,Masculino,Branca,1.0
CAND_08428,5.6,49.0,Bacharelado,Capitais,Híbrido,Masculino,Parda,0.7682497367034082
CAND_08429,2.8,44.0,Mestrado,Capitais,Híbrido,Masculino,Branca,0.7061249260082123
CAND_08430,4.0,38.0,Bacharelado,Região Metropolitana,Remoto,Masculino,Branca,0.47727703602923427
CAND_08431,9.5,39.0,Bacharelado,Capitais,Híbrido,Masculino,Branca,0.6396189123886727
CAND_08432,0.0,58.0,Ensino Médio,Interior,Híbrido,Feminino,Branca,0.23705695732592422
CAND_08433,5.2,39.0,Doutorado,Capitais,Remoto,Feminino,Branca,0.7425289378861761
CAND_08434,4.9,34.0,Bacharelado,Região Metropolitana,Remoto,Masculino,Branca,0.7203003556315655
CAND_08435,6.5,52.0,Bacharelado,Interior,Híbrido,Masculino,Amarela,0.4381177040955388
CAND_08436,5.8,17.0,Mestrado,Capitais,Híbrido,Masculino,Branca,0.4863944277837061
CAND_08437,9.5,50.0,Ensino Médio,Região Metropolitana,Híbrido,Feminino,Branca,0.3869083168639985
CAND_08438,5.3,51.0,Bacharelado,Região Metropolitana,Híbrido,Masculino,Branca,0.6223304086867556
CAND_08439,4.8,58.0,Bacharelado,Capitais,Híbrido,Feminino,Preta,0.27117537872488173
CAND_08440,7.9,55.0,Ensino Médio,Interior,Remoto,Masculino,Preta,0.2867363243494653
CAND_08441,9.6,31.0,Bacharelado,Capitais,Híbrido,Masculino,Branca,0.8338174308204698
CAND_08442,7.1,47.0,Bacharelado,Capitais,Híbrido,Masculino,Branca,0.8683490404533669
CAND_08443,8.0,60.0,Mestrado,Interior,Híbrido,Feminino,Branca,0.4599687644052001
CAND_08444,4.3,56.0,Bacharelado,Região Metropolitana,Híbrido,Feminino,Branca,0.41494702711865705
CAND_08445,5.4,38.0,Bacharelado,Região Metropolitana,Híbrido,Masculino,Branca,0.5719808436056107
CAND_08446,9.5,56.0,Bacharelado,Interior,Híbrido,Não-binário,Branca,0.36783402126955855
CAND_08447,6.6,64.0,Bacharelado,Capitais,Híbrido,Masculino,Branca,0.8269330717274271
CAND_08448,4.3,35.0,Ensino Médio,Capitais,Presencial,Masculino,Branca,0.5459937819834574
CAND_08449,5.1,21.0,Mestrado,Capitais,Presencial,Masculino,Parda,0.6929929543380317
CAND_08450,8.1,77.0,Bacharelado,Região Metropolitana,Remoto,Masculino,Branca,0.7975694337482664
CAND_08451,8.4,55.0,Bacharelado,Capitais,Remoto,Masculino,Branca,0.710295312346662
CAND_08452,2.5,43.0,Bacharelado,Capitais,Híbrido,Masculino,Branca,0.622687390410614
CAND_08453,6.1,43.0,Mestrado,Capitais,Remoto,Feminino,Branca,0.5263986175199918
CAND_08454,5.0,52.0,Doutorado,Região Metropolitana,Presencial,Masculino,Branca,0.7610029752861753
CAND_08455,4.8,66.0,Mestrado,Região Metropolitana,Presencial,Não-binário,Branca,0.485330988440415
CAND_08456,9.0,27.0,Bacharelado,Capitais,Híbrido,Feminino,Branca,0.2871317623512216
CAND_08457,4.3,44.0,Mestrado,Capitais,Híbrido,Feminino,Branca,0.4473425281193014
CAND_08458,3.3,75.0,Bacharelado,Capitais,Presencial,Feminino,Branca,0.6532911786633003
CAND_08459,2.6,62.0,Bacharelado,Capitais,Remoto,Feminino,Branca,0.4470531848742507
CAND_08460,4.5,61.0,Mestrado,Região Metropolitana,Híbrido,Feminino,Amarela,0.14944495760827828
CAND_08461,2.8,56.0,Bacharelado,Capitais,Remoto,Feminino,Branca,0.48960817081435687
CAND_08462,2.4,55.0,Mestrado,Capitais,Presencial,Feminino,Preta,0.3580822869835713
CAND_08463,2.3,43.0,Bacharelado,Capitais,Híbrido,Feminino,Amarela,0.382536496742731
CAND_08464,2.5,42.0,Bacharelado,Interior,Híbrido,Masculino,Branca,0.5392435949004092
CAND_08465,2.7,62.0,Mestrado,Capitais,Remoto,Masculino,Preta,0.6054794828421339
CAND_08466,6.2,42.0,Bacharelado,Capitais,Presencial,Feminino,Preta,0.3230598864597099
CAND_08467,0.0,54.0,Bacharelado,Região Metropolitana,Remoto,Masculino,Amarela,0.38104331267683045
CAND_08468,2.9,52.0,Bacharelado,Interior,Presencial,Feminino,Branca,0.20215962880495575
CAND_08469,4.7,83.0,Doutorado,Capitais,Remoto,Feminino,Indígena,0.5657365700253102
CAND_08470,8.4,48.0,Mestrado,Capitais,Híbrido,Masculino,Branca,0.8787804857828911
CAND_08471,4.3,68.0,Bacharelado,Capitais,Presencial,Masculino,Branca,0.7636656396127535
CAND_08472,4.5,61.0,Bacharelado,Capitais,Remoto,Feminino,Parda,0.6007399233548175
CAND_08473,4.7,48.0,Bacharelado,Capitais,Híbrido,Feminino,Branca,0.5097918797793259
CAND_08474,0.0,31.0,Mestrado,Capitais,Presencial,Feminino,Indígena,0.18941112871609833
CAND_08475,7.0,49.0,Mestrado,Capitais,Presencial,Masculino,Branca,0.828329733102666
CAND_08476,6.9,63.0,Bacharelado,Capitais,Presencial,Feminino,Preta,0.26332689081382116
CAND_08477,7.4,32.0,Bacharelado,Região Metropolitana,Remoto,Masculino,Branca,0.6326724404240728
CAND_08478,12.5,63.0,Bacharelado,Capitais,Híbrido,Não-binário,Branca,0.6242922790108596
CAND_08479,1.1,70.0,Bacharelado,Região Metropolitana,Híbrido,Masculino,Branca,0.5471451932703459
CAND_08480,0.5,51.0,Bacharelado,Região Metropolitana,Presencial,Masculino,Branca,0.637458538967104
CAND_08481,7.1,64.0,Mestrado,Região Metropolitana,Remoto,Feminino,Branca,0.5040822778918994
CAND_08482,4.0,52.0,Bacharelado,Interior,Híbrido,Masculino,Branca,0.5647291156171957
CAND_08483,2.0,59.0,Mestrado,Capitais,Híbrido,Feminino,Branca,0.4887423623704793
CAND_08484,4.2,72.0,Mestrado,Interior,Híbrido,Masculino,Preta,0.4536585009371435
CAND_08485,3.1,27.0,Mestrado,Capitais,Remoto,Masculino,Preta,0.3738861620491438
CAND_08486,10.2,39.0,Bacharelado,Região Metropolitana,Presencial,Masculino,Branca,0.6505897720693259
CAND_08487,11.8,69.0,Bacharelado,Região Metropolitana,Presencial,Masculino,Branca,0.8581929170837043
CAND_08488,0.1,72.0,Bacharelado,Região Metropolitana,Presencial,Feminino,Preta,0.19737990526286364
CAND_08489,0.6,29.0,Mestrado,Região Metropolitana,Remoto,Não-binário,Branca,0.4042913177673066
CAND_08490,2.7,73.0,Ensino Médio,Região Metropolitana,Remoto,Masculino,Branca,0.8307404292099635
CAND_08491,2.9,11.0,Mestrado,Capitais,Híbrido,Feminino,Indígena,0.10342828023086642
CAND_08492,2.7,59.0,Bacharelado,Capitais,Presencial,Masculino,Branca,0.6231207054269254
CAND_08493,4.4,53.0,Bacharelado,Capitais,Remoto,Masculino,Preta,0.21784803053369994
CAND_08494,3.7,39.0,Doutorado,Capitais,Remoto,Feminino,Amarela,0.21334468819090263
CAND_08495,0.9,40.0,Mestrado,Capitais,Remoto,Masculino,Indígena,0.384288051029943
CAND_08496,1.9,40.0,Bacharelado,Capitais,Remoto,Feminino,Amarela,0.0
CAND_08497,9.6,47.0,Bacharelado,Região Metropolitana,Híbrido,Feminino,Branca,0.36916718294422124
CAND_08498,3.9,80.0,Mestrado,Capitais,Híbrido,Masculino,Branca,0.8193849768519536
CAND_08499,3.8,62.0,Mestrado,Interior,Híbrido,Feminino,Amarela,0.1720005420857276
CAND_08500,0.4,72.0,Mestrado,Capitais,Híbrido,Feminino,Indígena,0.35128909172611644
CAND_08501,3.6,45.0,Ensino Médio,Capitais,Híbrido,Masculino,Branca,0.5149689113091904
CAND_08502,7.9,53.0,Bacharelado,Capitais,Presencial,Masculino,Amarela,0.8500862930742532
CAND_08503,6.8,34.0,Bacharelado,Capitais,Remoto,Masculino,Amarela,0.509304450855987
CAND_08504,7.4,46.0,Bacharelado,Região Metropolitana,Presencial,Feminino,Branca,0.47708144912930445
CAND_08505,1.4,42.0,Ensino Médio,Capitais,Presencial,Feminino,Parda,0.42417107819855343
CAND_08506,1.3,57.0,Mestrado,Capitais,Presencial,Masculino,Amarela,0.48609198472578113
CAND_08507,8.4,39.0,Bacharelado,Interior,Remoto,Masculino,Branca,0.4351384781101758
CAND_08508,7.5,37.0,Mestrado,Capitais,Remoto,Masculino,Branca,0.6724889116898437
CAND_08509,4.2,56.0,Mestrado,Capitais,Presencial,Masculino,Branca,0.9180478408843535
CAND_08510,7.6,49.0,Bacharelado,Capitais,Presencial,Masculino,Branca,0.7132566922263116
CAND_08511,1.4,39.0,Bacharelado,Região Metropolitana,Presencial,Feminino,Amarela,0.0
CAND_08512,1.3,37.0,Ensino Médio,Capitais,Remoto,Masculino,Branca,0.600846679004488
CAND_08513,0.1,39.0,Bacharelado,Interior,Híbrido,Feminino,Amarela,0.04121424714935342
CAND_08514,6.1,62.0,Bacharelado,Capitais,Híbrido,Masculino,Branca,0.7102183398914707
CAND_08515,5.7,56.0,Bacharelado,Capitais,Híbrido,Feminino,Preta,0.30612374161000555
CAND_08516,3.4,39.0,Bacharelado,Capitais,Remoto,Masculino,Branca,0.7561494140421962
CAND_08517,2.7,39.0,Bacharelado,Capitais,Remoto,Masculino,Branca,0.6818207157602896
CAND_08518,12.2,33.0,Doutorado,Capitais,Remoto,Masculino,Branca,0.8537935259772875
CAND_08519,4.2,44.0,Bacharelado,Capitais,Híbrido,Masculino,Branca,0.7775317837692348
CAND_08520,9.2,52.0,Ensino Médio,Capitais,Presencial,Masculino,Branca,0.8932480254815578
CAND_08521,4.6,37.0,Bacharelado,Interior,Híbrido,Feminino,Branca,0.19186383610385116
CAND_08522,3.5,83.0,Bacharelado,Capitais,Presencial,Masculino,Amarela,0.8213867956737325
CAND_08523,9.2,59.0,Bacharelado,Capitais,Híbrido,Não-binário,Branca,0.5806785511650897
CAND_08524,7.4,50.0,Bacharelado,Capitais,Remoto,Feminino,Preta,0.36530865178548766
CAND_08525,4.9,51.0,Mestrado,Capitais,Remoto,Masculino,Preta,0.5127894908623987
CAND_08526,8.4,29.0,Bacharelado,Região Metropolitana,Híbrido,Feminino,Branca,0.4929543526532161
CAND_08527,12.6,32.0,Bacharelado,Capitais,Híbrido,Feminino,Indígena,0.4838691251023405
CAND_08528,2.8,70.0,Mestrado,Capitais,Híbrido,Não-binário,Branca,0.48478227495511445
CAND_08529,6.4,75.0,Bacharelado,Interior,Remoto,Feminino,Parda,0.4520130474192673
CAND_08530,3.8,17.0,Bacharelado,Capitais,Presencial,Masculino,Branca,0.656868840388865
CAND_08531,2.2,57.0,Doutorado,Região Metropolitana,Remoto,Feminino,Branca,0.4691987160017165
CAND_08532,2.1,71.0,Ensino Médio,Capitais,Presencial,Feminino,Branca,0.5769090603850447
CAND_08533,9.8,45.0,Mestrado,Capitais,Híbrido,Feminino,Branca,0.48129021853011195
CAND_08534,0.0,73.0,Mestrado,Interior,Híbrido,Masculino,Preta,0.4101313628376882
CAND_08535,6.5,62.0,Bacharelado,Região Metropolitana,Híbrido,Masculino,Branca,1.0
CAND_08536,2.5,57.0,Bacharelado,Capitais,Híbrido,Masculino,Branca,0.7220299343526758
CAND_08537,10.3,46.0,Bacharelado,Capitais,Remoto,Masculino,Branca,0.6558111078529487
CAND_08538,4.2,51.0,Bacharelado,Capitais,Híbrido,Masculino,Branca,0.7766872317798051
CAND_08539,3.9,43.0,Doutorado,Capitais,Remoto,Feminino,Branca,0.7070701062742207
CAND_08540,9.7,54.0,Ensino Médio,Capitais,Presencial,Masculino,Branca,0.8139771845013971
CAND_08541,7.6,54.0,Bacharelado,Região Metropolitana,Híbrido,Masculino,Branca,0.6791495853081634
CAND_08542,6.7,43.0,Mestrado,Região Metropolitana,Presencial,Masculino,Branca,0.614062011332648
CAND_08543,7.4,21.0,Bacharelado,Interior,Remoto,Feminino,Branca,0.2904547807853917
CAND_08544,1.8,47.0,Bacharelado,Região Metropolitana,Presencial,Masculino,Branca,0.6319764097477959
CAND_08545,7.2,35.0,Mestrado,Região Metropolitana,Presencial,Masculino,Branca,0.5024779960303764
CAND_08546,4.4,33.0,Bacharelado,Capitais,Remoto,Masculino,Branca,0.7557304093783251
CAND_08547,6.1,40.0,Mestrado,Região Metropolitana,Remoto,Feminino,Preta,0.0
CAND_08548,6.5,62.0,Bacharelado,Capitais,Presencial,Masculino,Branca,0.8772682661790983
CAND_08549,1.7,33.0,Bacharelado,Região Metropolitana,Remoto,Masculino,Branca,0.5945514232454526
CAND_08550,6.8,37.0,Ensino Médio,Região Metropolitana,Remoto,Masculino,Branca,0.6918026946889384
CAND_08551,4.4,61.0,Mestrado,Capitais,Presencial,Masculino,Branca,0.6481372523722231
CAND_08552,1.3,39.0,Mestrado,Capitais,Híbrido,Feminino,Branca,0.5357699589228416
CAND_08553,4.6,33.0,Bacharelado,Capitais,Híbrido,Masculino,Preta,0.6137170070745427
CAND_08554,5.1,62.0,Bacharelado,Região Metropolitana,Híbrido,Feminino,Branca,0.48612182297213147
CAND_08555,6.8,48.0,Bacharelado,Capitais,Remoto,Masculino,Preta,0.5047404877461349
CAND_08556,0.0,51.0,Bacharelado,Capitais,Híbrido,Feminino,Preta,0.012630825301304854
CAND_08557,6.2,47.0,Bacharelado,Capitais,Presencial,Masculino,Preta,0.38440078231634833
CAND_08558,3.5,56.0,Bacharelado,Capitais,Híbrido,Não-binário,Amarela,0.21571955834538975
CAND_08559,7.4,60.0,Bacharelado,Região Metropolitana,Presencial,Feminino,Branca,0.4056858319116058
CAND_08560,5.0,48.0,Mestrado,Capitais,Híbrido,Masculino,Branca,0.6349786643296966
CAND_08561,4.0,28.0,Bacharelado,Capitais,Híbrido,Masculino,Branca,0.5499209556615331
CAND_08562,4.5,54.0,Bacharelado,Interior,Presencial,Masculino,Branca,0.6122076483347529
CAND_08563,6.0,45.0,Mestrado,Capitais,Presencial,Masculino,Branca,0.6073393143204316
CAND_08564,7.7,63.0,Bacharelado,Capitais,Remoto,Feminino,Branca,0.6010094262965312
CAND_08565,2.3,37.0,Bacharelado,Capitais,Híbrido,Masculino,Preta,0.1858705985871716
CAND_08566,4.0,45.0,Ensino Médio,Região Metropolitana,Remoto,Masculino,Parda,0.50474978363935
CAND_08567,9.4,28.0,Bacharelado,Capitais,Remoto,Feminino,Branca,0.64086813626947
CAND_08568,3.9,62.0,Mestrado,Capitais,Presencial,Masculino,Branca,0.80286932359062
CAND_08569,6.1,68.0,Mestrado,Capitais,Remoto,Feminino,Amarela,0.5658164724403156
CAND_08570,1.3,43.0,Bacharelado,Região Metropolitana,Híbrido,Feminino,Preta,0.1006641211545396
CAND_08571,0.0,47.0,Bacharelado,Capitais,Presencial,Masculino,Branca,0.6244792707046938
CAND_08572,1.9,38.0,Ensino Médio,Interior,Híbrido,Masculino,Preta,0.05559340337174665
CAND_08573,2.9,39.0,Mestrado,Capitais,Presencial,Não-binário,Branca,0.4839767514581651
CAND_08574,8.1,60.0,Mestrado,Interior,Híbrido,Feminino,Branca,0.4394068714890059
CAND_08575,8.4,42.0,Ensino Médio,Capitais,Híbrido,Masculino,Branca,0.5639340650145155
CAND_08576,0.0,57.0,Bacharelado,Interior,Híbrido,Masculino,Branca,0.4734049885880709
CAND_08577,3.4,50.0,Mestrado,Interior,Híbrido,Masculino,Branca,0.4174220518240538
CAND_08578,7.1,61.0,Doutorado,Capitais,Híbrido,Feminino,Branca,0.7494691126865064
CAND_08579,4.7,44.0,Bacharelado,Capitais,Híbrido,Masculino,Branca,0.8633201203602279
CAND_08580,9.5,66.0,Bacharelado,Capitais,Remoto,Masculino,Branca,0.8256448145341888
CAND_08581,7.0,78.0,Bacharelado,Capitais,Híbrido,Não-binário,Branca,0.5782347898553024
CAND_08582,4.2,24.0,Mestrado,Região Metropolitana,Híbrido,Masculino,Parda,0.5802120772479394
CAND_08583,4.5,49.0,Bacharelado,Capitais,Presencial,Masculino,Parda,0.6954557499519107
CAND_08584,4.8,49.0,Ensino Médio,Região Metropolitana,Híbrido,Masculino,Branca,0.6049813851921721
CAND_08585,2.5,39.0,Bacharelado,Capitais,Híbrido,Masculino,Branca,0.4438221125078815
CAND_08586,7.8,56.0,Mestrado,Capitais,Híbrido,Feminino,Branca,0.7506286592590165
CAND_08587,7.2,67.0,Bacharelado,Região Metropolitana,Híbrido,Masculino,Branca,0.8695848816605414
CAND_08588,6.4,20.0,Bacharelado,Capitais,Híbrido,Masculino,Amarela,0.2858569080500678
CAND_08589,5.7,19.0,Mestrado,Região Metropolitana,Remoto,Masculino,Parda,0.2601377463311684
CAND_08590,1.9,75.0,Doutorado,Capitais,Híbrido,Masculino,Parda,1.0
CAND_08591,6.5,46.0,Mestrado,Região Metropolitana,Presencial,Masculino,Amarela,0.4413720250831405
CAND_08592,5.4,51.0,Bacharelado,Região Metropolitana,Presencial,Masculino,Branca,0.5209236467602749
CAND_08593,11.0,34.0,Bacharelado,Capitais,Híbrido,Masculino,Branca,0.46555577584575614
CAND_08594,1.1,51.0,Bacharelado,Capitais,Remoto,Masculino,Amarela,0.37520623965401173
CAND_08595,2.8,71.0,Bacharelado,Capitais,Presencial,Feminino,Branca,0.5951409304270235
CAND_08596,0.2,57.0,Bacharelado,Região Metropolitana,Híbrido,Masculino,Amarela,0.5736603727874995
CAND_08597,4.3,53.0,Bacharelado,Capitais,Remoto,Masculino,Amarela,0.4600762368887684
CAND_08598,0.0,23.0,Bacharelado,Interior,Híbrido,Masculino,Branca,0.16015354062072812
CAND_08599,8.6,61.0,Bacharelado,Região Metropolitana,Remoto,Masculino,Amarela,0.6093230784341668
CAND_08600,8.3,50.0,Bacharelado,Região Metropolitana,Presencial,Feminino,Branca,0.545073193346831
CAND_08601,4.5,41.0,Bacharelado,Interior,Híbrido,Não-binário,Branca,0.18416211250984305
CAND_08602,2.0,60.0,Bacharelado,Região Metropolitana,Híbrido,Masculino,Parda,0.5481889304758033
CAND_08603,0.4,37.0,Bacharelado,Capitais,Presencial,Não-binário,Branca,0.321404103973717
CAND_08604,2.9,58.0,Bacharelado,Capitais,Híbrido,Masculino,Branca,0.7706005368402589
CAND_08605,6.9,68.0,Bacharelado,Capitais,Híbrido,Não-binário,Branca,0.6155512178584733
CAND_08606,2.6,52.0,Bacharelado,Capitais,Híbrido,Feminino,Preta,0.23650597662889983
CAND_08607,10.7,44.0,Mestrado,Capitais,Híbrido,Masculino,Amarela,0.6448910889740191
CAND_08608,9.5,41.0,Bacharelado,Capitais,Híbrido,Masculino,Parda,0.898243724064594
CAND_08609,5.0,56.0,Bacharelado,Região Metropolitana,Presencial,Não-binário,Branca,0.4783713604060195
CAND_08610,3.6,44.0,Bacharelado,Região Metropolitana,Híbrido,Masculino,Parda,0.6589071028840778
CAND_08611,3.3,85.0,Bacharelado,Região Metropolitana,Remoto,Masculino,Amarela,0.6436495217513672
CAND_08612,9.8,29.0,Bacharelado,Interior,Presencial,Masculino,Branca,0.5973407257678569
CAND_08613,3.0,48.0,Bacharelado,Região Metropolitana,Híbrido,Masculino,Amarela,0.5510154050094499
CAND_08614,7.8,54.0,Mestrado,Capitais,Remoto,Masculino,Amarela,0.5461003315331359
CAND_08615,5.1,52.0,Ensino Médio,Capitais,Híbrido,Feminino,Branca,0.542622553370633
CAND_08616,7.1,42.0,Bacharelado,Capitais,Presencial,Feminino,Amarela,0.1783836901047521
CAND_08617,2.5,68.0,Ensino Médio,Região Metropolitana,Híbrido,Masculino,Branca,0.6285962732871668
CAND_08618,4.0,60.0,Bacharelado,Região Metropolitana,Remoto,Feminino,Branca,0.2769666623063938
CAND_08619,4.9,61.0,Bacharelado,Região Metropolitana,Híbrido,Feminino,Branca,0.3661311199214665
CAND_08620,3.1,40.0,Ensino Médio,Região Metropolitana,Remoto,Masculino,Branca,0.4797468223571109
CAND_08621,8.7,44.0,Bacharelado,Região Metropolitana,Presencial,Masculino,Amarela,0.6820222344725458
CAND_08622,2.7,57.0,Mestrado,Interior,Presencial,Feminino,Parda,0.3155095918097809
CAND_08623,3.3,33.0,Bacharelado,Região Metropolitana,Híbrido,Masculino,Branca,0.6215372245967405
CAND_08624,9.1,60.0,Bacharelado,Região Metropolitana,Presencial,Masculino,Parda,0.872888332807761
CAND_08625,8.5,48.0,Mestrado,Região Metropolitana,Remoto,Masculino,Parda,0.6897541097575679
CAND_08626,9.8,66.0,Bacharelado,Capitais,Presencial,Masculino,Branca,1.0
CAND_08627,0.0,44.0,Bacharelado,Capitais,Híbrido,Masculino,Branca,0.5720793041123204
CAND_08628,5.6,77.0,Mestrado,Capitais,Presencial,Masculino,Branca,0.7672993185312453
CAND_08629,5.3,56.0,Mestrado,Região Metropolitana,Híbrido,Masculino,Parda,0.79017863480262
CAND_08630,3.3,58.0,Bacharelado,Capitais,Presencial,Masculino,Amarela,0.5607760665712992
CAND_08631,6.0,40.0,Bacharelado,Capitais,Presencial,Masculino,Branca,0.6501903330523603
CAND_08632,4.0,54.0,Ensino Médio,Capitais,Presencial,Feminino,Branca,0.3503821031453336
CAND_08633,5.5,42.0,Ensino Médio,Interior,Híbrido,Feminino,Preta,0.12881296230880349
CAND_08634,15.2,27.0,Bacharelado,Capitais,Híbrido,Masculino,Branca,0.701063276802997
CAND_08635,6.0,47.0,Bacharelado,Capitais,Remoto,Não-binário,Branca,0.24115998108831938
CAND_08636,6.1,67.0,Mestrado,Região Metropolitana,Híbrido,Masculino,Branca,0.9064410610569048
CAND_08637,7.5,49.0,Mestrado,Região Metropolitana,Híbrido,Feminino,Amarela,0.4342867000978978
CAND_08638,5.5,46.0,Bacharelado,Região Metropolitana,Híbrido,Masculino,Amarela,0.5120648442476141
CAND_08639,1.7,45.0,Bacharelado,Região Metropolitana,Híbrido,Masculino,Indígena,0.3860453625089813
CAND_08640,0.1,84.0,Mestrado,Capitais,Remoto,Masculino,Branca,0.8564639130157816
CAND_08641,4.9,59.0,Bacharelado,Capitais,Híbrido,Masculino,Branca,0.6586005058871449
CAND_08642,4.2,26.0,Bacharelado,Região Metropolitana,Remoto,Masculino,Parda,0.5059737283310738
CAND_08643,0.0,42.0,Ensino Médio,Região Metropolitana,Presencial,Masculino,Preta,0.3958850391101054
CAND_08644,9.9,44.0,Bacharelado,Capitais,Remoto,Masculino,Parda,0.7207787720687353
CAND_08645,5.3,39.0,Bacharelado,Interior,Remoto,Feminino,Branca,0.3594358333503751
CAND_08646,9.3,51.0,Bacharelado,Interior,Presencial,Masculino,Branca,0.5064885691043399
CAND_08647,0.0,41.0,Bacharelado,Região Metropolitana,Remoto,Masculino,Parda,0.41651159192179343
CAND_08648,9.4,42.0,Ensino Médio,Capitais,Híbrido,Masculino,Branca,0.6837804838609621
CAND_08649,3.5,52.0,Bacharelado,Capitais,Híbrido,Feminino,Preta,0.33842378879018764
CAND_08650,8.8,27.0,Mestrado,Capitais,Remoto,Feminino,Amarela,0.5402187255700047
CAND_08651,5.6,18.0,Ensino Médio,Capitais,Presencial,Feminino,Branca,0.3682898032785314
CAND_08652,6.4,69.0,Bacharelado,Região Metropolitana,Híbrido,Masculino,Parda,0.5312913310842268
CAND_08653,6.4,63.0,Bacharelado,Capitais,Remoto,Não-binário,Branca,0.41209400268568985
CAND_08654,3.7,56.0,Bacharelado,Capitais,Remoto,Feminino,Preta,0.3639288451282667
CAND_08655,3.1,55.0,Bacharelado,Capitais,Remoto,Masculino,Parda,0.5621243779888812
CAND_08656,3.9,47.0,Doutorado,Capitais,Remoto,Masculino,Branca,0.8438290978071963
CAND_08657,0.6,95.0,Mestrado,Capitais,Híbrido,Feminino,Parda,0.6278072550887884
CAND_08658,3.6,53.0,Mestrado,Interior,Presencial,Masculino,Branca,0.5885054619905871
CAND_08659,2.9,89.0,Bacharelado,Interior,Presencial,Masculino,Branca,0.691840434624901
CAND_08660,0.5,81.0,Mestrado,Região Metropolitana,Remoto,Masculino,Branca,0.7522766130116173
CAND_08661,6.4,57.0,Mestrado,Capitais,Presencial,Masculino,Branca,0.6736457740551368
CAND_08662,5.0,47.0,Ensino Médio,Região Metropolitana,Presencial,Feminino,Branca,0.3595236491949066
CAND_08663,5.7,50.0,Mestrado,Interior,Remoto,Feminino,Branca,0.6275633199561287
CAND_08664,7.1,44.0,Bacharelado,Interior,Remoto,Masculino,Preta,0.20792635744321136
CAND_08665,4.3,57.0,Mestrado,Região Metropolitana,Híbrido,Masculino,Branca,0.6009595907089332
CAND_08666,2.2,60.0,Mestrado,Capitais,Presencial,Masculino,Branca,0.688850346418313
CAND_08667,5.9,32.0,Bacharelado,Região Metropolitana,Híbrido,Masculino,Branca,0.7854663529809778
CAND_08668,0.0,89.0,Doutorado,Região Metropolitana,Remoto,Masculino,Preta,0.46535748178455766
CAND_08669,4.7,38.0,Mestrado,Capitais,Remoto,Feminino,Amarela,0.24740030913743682
CAND_08670,7.3,10.0,Bacharelado,Capitais,Híbrido,Feminino,Branca,0.2843340964419824
CAND_08671,8.1,49.0,Bacharelado,Capitais,Híbrido,Masculino,Amarela,0.5057971113365252
CAND_08672,3.4,33.0,Bacharelado,Capitais,Presencial,Feminino,Branca,0.3721010171598622
CAND_08673,0.0,49.0,Bacharelado,Capitais,Presencial,Feminino,Branca,0.44525670970385056
CAND_08674,0.0,51.0,Mestrado,Capitais,Remoto,Feminino,Branca,0.29118668724325747
CAND_08675,6.9,57.0,Bacharelado,Região Metropolitana,Híbrido,Masculino,Branca,0.7406898932865849
CAND_08676,3.9,65.0,Bacharelado,Interior,Híbrido,Masculino,Branca,0.4894527581198247
CAND_08677,11.1,35.0,Bacharelado,Capitais,Remoto,Masculino,Amarela,0.6066876290224017
CAND_08678,0.8,45.0,Bacharelado,Região Metropolitana,Híbrido,Masculino,Branca,0.3968660333434044
CAND_08679,6.0,60.0,Bacharelado,Capitais,Híbrido,Feminino,Branca,0.5322060677171148
CAND_08680,10.0,40.0,Bacharelado,Interior,Remoto,Masculino,Branca,0.5179417868631021
CAND_08681,5.6,22.0,Bacharelado,Região Metropolitana,Presencial,Masculino,Branca,0.5602589027262085
CAND_08682,0.2,59.0,Mestrado,Capitais,Híbrido,Masculino,Branca,0.8473380898163724
CAND_08683,13.3,42.0,Bacharelado,Capitais,Híbrido,Feminino,Preta,0.44335527280283316
CAND_08684,9.7,41.0,Bacharelado,Região Metropolitana,Presencial,Feminino,Branca,0.57045650063578
CAND_08685,4.3,52.0,Ensino Médio,Capitais,Híbrido,Masculino,Parda,0.5868860947565306
CAND_08686,7.5,50.0,Bacharelado,Interior,Híbrido,Masculino,Branca,0.5803916877611802
CAND_08687,7.5,65.0,Bacharelado,Interior,Híbrido,Feminino,Branca,0.44597680109098764
CAND_08688,6.9,31.0,Ensino Médio,Capitais,Presencial,Masculino,Branca,0.586847821042732
CAND_08689,0.9,84.0,Bacharelado,Região Metropolitana,Híbrido,Não-binário,Branca,0.39153266199994885
CAND_08690,6.0,29.0,Mestrado,Região Metropolitana,Remoto,Masculino,Branca,0.5626490266779871
CAND_08691,9.4,44.0,Bacharelado,Região Metropolitana,Remoto,Masculino,Branca,0.6388002545023288
CAND_08692,6.5,37.0,Ensino Médio,Interior,Híbrido,Feminino,Branca,0.24928368811274249
CAND_08693,6.2,51.0,Doutorado,Capitais,Remoto,Feminino,Branca,0.532721108591369
CAND_08694,3.4,50.0,Mestrado,Capitais,Presencial,Masculino,Branca,0.7385081546258382
CAND_08695,2.3,52.0,Bacharelado,Região Metropolitana,Remoto,Feminino,Branca,0.2523780198254333
CAND_08696,0.3,54.0,Mestrado,Capitais,Presencial,Masculino,Amarela,0.5074743447251953
CAND_08697,7.3,70.0,Bacharelado,Capitais,Remoto,Masculino,Preta,0.5735863642419822
CAND_08698,4.3,52.0,Mestrado,Região Metropolitana,Presencial,Masculino,Branca,0.8594458551920497
CAND_08699,1.0,71.0,Doutorado,Capitais,Remoto,Feminino,Parda,0.6838528745510805
CAND_08700,7.9,24.0,Bacharelado,Região Metropolitana,Remoto,Masculino,Branca,0.49801985709603835
CAND_08701,3.2,17.0,Bacharelado,Região Metropolitana,Remoto,Masculino,Indígena,0.3301906385124875
CAND_08702,2.4,52.0,Mestrado,Interior,Híbrido,Masculino,Branca,0.5889377489988592
CAND_08703,3.5,55.0,Bacharelado,Capitais,Remoto,Feminino,Branca,0.42933371344087495
CAND_08704,4.4,42.0,Bacharelado,Capitais,Híbrido,Não-binário,Indígena,0.16525293079128722
CAND_08705,6.4,50.0,Bacharelado,Região Metropolitana,Híbrido,Masculino,Branca,0.701742943382666
CAND_08706,2.4,66.0,Bacharelado,Capitais,Híbrido,Masculino,Branca,0.7780133988369561
CAND_08707,8.0,60.0,Mestrado,Capitais,Híbrido,Feminino,Branca,0.6531009524081574
CAND_08708,6.5,45.0,Mestrado,Capitais,Presencial,Masculino,Branca,0.7429420543571573
CAND_08709,3.5,53.0,Ensino Médio,Região Metropolitana,Presencial,Não-binário,Preta,0.06358732249702495
CAND_08710,4.5,61.0,Ensino Médio,Capitais,Presencial,Masculino,Amarela,0.37084483658064316
CAND_08711,3.7,32.0,Ensino Médio,Região Metropolitana,Presencial,Masculino,Amarela,0.3721897601983442
CAND_08712,5.2,38.0,Bacharelado,Região Metropolitana,Remoto,Feminino,Branca,0.4265533549152365
CAND_08713,9.6,64.0,Mestrado,Interior,Híbrido,Feminino,Indígena,0.41052720943225623
CAND_08714,3.7,24.0,Bacharelado,Região Metropolitana,Presencial,Masculino,Preta,0.3178284113719836
CAND_08715,5.6,34.0,Bacharelado,Capitais,Híbrido,Feminino,Parda,0.6612292001754376
CAND_08716,2.9,32.0,Bacharelado,Capitais,Remoto,Masculino,Branca,0.7743573538254311
CAND_08717,6.6,64.0,Bacharelado,Capitais,Remoto,Masculino,Branca,0.8330599026285892
CAND_08718,5.8,34.0,Bacharelado,Capitais,Híbrido,Masculino,Branca,0.5902530847702512
CAND_08719,9.0,62.0,Bacharelado,Região Metropolitana,Presencial,Feminino,Branca,0.6642430756918799
CAND_08720,2.5,45.0,Bacharelado,Capitais,Híbrido,Feminino,Parda,0.35775067529122684
CAND_08721,7.1,77.0,Ensino Médio,Capitais,Híbrido,Masculino,Branca,0.8131304751970717
CAND_08722,8.8,52.0,Doutorado,Capitais,Remoto,Masculino,Amarela,0.7688637920898533
CAND_08723,3.7,66.0,Mestrado,Capitais,Híbrido,Feminino,Branca,0.6392837672578493
CAND_08724,4.6,57.0,Mestrado,Capitais,Híbrido,Masculino,Branca,0.7892337968430365
CAND_08725,5.6,43.0,Bacharelado,Capitais,Híbrido,Masculino,Branca,0.7423038671173421
CAND_08726,4.3,50.0,Mestrado,Região Metropolitana,Remoto,Masculino,Amarela,0.5954427061400024
CAND_08727,5.5,50.0,Doutorado,Região Metropolitana,Híbrido,Masculino,Parda,0.5781871608611602
CAND_08728,7.0,43.0,Bacharelado,Capitais,Remoto,Feminino,Branca,0.5668391804643386
CAND_08729,4.7,63.0,Bacharelado,Região Metropolitana,Híbrido,Feminino,Branca,0.4060623732519245
CAND_08730,4.6,88.0,Mestrado,Capitais,Remoto,Masculino,Branca,0.9381481475845926
CAND_08731,5.8,52.0,Bacharelado,Capitais,Híbrido,Masculino,Parda,0.5560672383773376
CAND_08732,3.8,61.0,Mestrado,Região Metropolitana,Híbrido,Masculino,Branca,0.723335150181407
CAND_08733,4.0,58.0,Bacharelado,Interior,Híbrido,Masculino,Branca,0.5746641336907348
CAND_08734,2.3,11.0,Bacharelado,Capitais,Híbrido,Não-binário,Amarela,0.030814334915769827
CAND_08735,4.9,57.0,Bacharelado,Região Metropolitana,Híbrido,Masculino,Preta,0.4923044885593366
CAND_08736,6.3,57.0,Bacharelado,Região Metropolitana,Híbrido,Masculino,Amarela,0.47236716834356307
CAND_08737,4.2,31.0,Ensino Médio,Região Metropolitana,Híbrido,Masculino,Branca,0.4839425670467199
CAND_08738,2.7,23.0,Bacharelado,Capitais,Remoto,Masculino,Preta,0.2875926419975644
CAND_08739,4.7,56.0,Bacharelado,Capitais,Remoto,Não-binário,Branca,0.40167042905133393
CAND_08740,6.2,75.0,Ensino Médio,Capitais,Híbrido,Masculino,Preta,0.47880071783203665
CAND_08741,5.4,44.0,Mestrado,Capitais,Remoto,Masculino,Branca,0.8062072970092389
CAND_08742,11.7,45.0,Bacharelado,Capitais,Presencial,Masculino,Branca,0.8909098978067956
CAND_08743,3.0,85.0,Bacharelado,Capitais,Híbrido,Feminino,Branca,0.521552837397157
CAND_08744,4.5,63.0,Bacharelado,Capitais,Híbrido,Masculino,Amarela,0.6096252597657293
CAND_08745,7.3,32.0,Bacharelado,Capitais,Híbrido,Masculino,Parda,0.47738062083692645
CAND_08746,2.9,39.0,Ensino Médio,Capitais,Híbrido,Feminino,Parda,0.2819832970401039
CAND_08747,10.8,83.0,Doutorado,Capitais,Remoto,Masculino,Branca,0.9345480459703347
CAND_08748,5.0,40.0,Bacharelado,Capitais,Presencial,Feminino,Preta,0.21768701251008094
CAND_08749,6.7,42.0,Ensino Médio,Interior,Presencial,Masculino,Branca,0.5027040874015595
CAND_08750,5.1,60.0,Bacharelado,Capitais,Presencial,Feminino,Branca,0.682095393917146
CAND_08751,8.1,46.0,Bacharelado,Interior,Presencial,Masculino,Branca,0.7276779444596684
CAND_08752,1.8,57.0,Mestrado,Capitais,Remoto,Feminino,Branca,0.46939324757128376
CAND_08753,9.7,54.0,Mestrado,Capitais,Híbrido,Masculino,Branca,0.8647709437757537
CAND_08754,5.7,48.0,Mestrado,Região Metropolitana,Híbrido,Masculino,Indígena,0.46778542150724867
CAND_08755,7.0,68.0,Mestrado,Capitais,Remoto,Masculino,Branca,0.7965283420494141
CAND_08756,2.8,31.0,Bacharelado,Capitais,Híbrido,Feminino,Preta,0.0
CAND_08757,6.0,52.0,Ensino Médio,Capitais,Presencial,Masculino,Parda,0.6844388789856591
CAND_08758,2.1,41.0,Ensino Médio,Capitais,Remoto,Masculino,Branca,0.48271525242349766
CAND_08759,8.5,75.0,Mestrado,Capitais,Híbrido,Masculino,Branca,0.845303396394846
CAND_08760,1.1,47.0,Bacharelado,Capitais,Remoto,Masculino,Branca,0.5627226196946512
CAND_08761,5.5,79.0,Doutorado,Capitais,Remoto,Feminino,Branca,0.6774038802819365
CAND_08762,3.8,44.0,Bacharelado,Interior,Remoto,Feminino,Branca,0.2125260024791396
CAND_08763,0.3,52.0,Bacharelado,Região Metropolitana,Remoto,Feminino,Branca,0.4439451834718884
CAND_08764,2.2,66.0,Ensino Médio,Capitais,Presencial,Masculino,Branca,0.66243516451134
CAND_08765,6.3,36.0,Bacharelado,Capitais,Remoto,Masculino,Amarela,0.401985184006514
CAND_08766,2.3,73.0,Bacharelado,Região Metropolitana,Híbrido,Feminino,Preta,0.23100568739469549
CAND_08767,3.0,50.0,Bacharelado,Capitais,Presencial,Feminino,Branca,0.44089311760579264
CAND_08768,6.1,56.0,Ensino Médio,Capitais,Híbrido,Não-binário,Branca,0.42801486762687824
CAND_08769,7.7,58.0,Mestrado,Capitais,Presencial,Masculino,Branca,0.8944845045285477
CAND_08770,7.0,49.0,Bacharelado,Capitais,Remoto,Feminino,Indígena,0.4234169333934781
CAND_08771,4.9,38.0,Mestrado,Região Metropolitana,Híbrido,Feminino,Amarela,0.44179742305197767
CAND_08772,5.7,51.0,Doutorado,Interior,Remoto,Feminino,Preta,0.12047778199268921
CAND_08773,5.4,20.0,Bacharelado,Região Metropolitana,Híbrido,Feminino,Branca,0.5065243560599269
CAND_08774,1.9,30.0,Mestrado,Interior,Remoto,Masculino,Branca,0.4922866860171878
CAND_08775,5.8,48.0,Ensino Médio,Região Metropolitana,Presencial,Feminino,Parda,0.34917272293211654
CAND_08776,1.9,73.0,Mestrado,Região Metropolitana,Híbrido,Masculino,Preta,0.3891666053245558
CAND_08777,6.8,73.0,Bacharelado,Região Metropolitana,Remoto,Não-binário,Branca,0.46949240569010137
CAND_08778,5.4,65.0,Bacharelado,Capitais,Presencial,Masculino,Branca,0.780799318688297
CAND_08779,0.0,27.0,Doutorado,Capitais,Remoto,Masculino,Branca,0.5003912636818695
CAND_08780,7.9,55.0,Bacharelado,Capitais,Presencial,Feminino,Amarela,0.36856152101278994
CAND_08781,3.4,37.0,Ensino Médio,Interior,Remoto,Masculino,Branca,0.603516788994732
CAND_08782,3.2,49.0,Bacharelado,Capitais,Híbrido,Feminino,Branca,0.4866856765216068
CAND_08783,7.9,64.0,Bacharelado,Região Metropolitana,Híbrido,Masculino,Branca,0.8090761183321864
CAND_08784,4.5,60.0,Bacharelado,Região Metropolitana,Híbrido,Não-binário,Branca,0.3272677345957413
CAND_08785,6.8,69.0,Bacharelado,Capitais,Remoto,Feminino,Branca,0.6606263146524751
CAND_08786,3.0,29.0,Ensino Médio,Capitais,Presencial,Feminino,Parda,0.12003945733274851
CAND_08787,7.4,35.0,Mestrado,Capitais,Presencial,Feminino,Branca,0.3094662176446009
CAND_08788,5.6,73.0,Ensino Médio,Região Metropolitana,Presencial,Masculino,Branca,0.749583080496769
CAND_08789,6.2,73.0,Bacharelado,Capitais,Remoto,Masculino,Branca,0.8291764296873702
CAND_08790,4.5,50.0,Bacharelado,Região Metropolitana,Híbrido,Masculino,Branca,0.7782613694789409
CAND_08791,9.9,50.0,Ensino Médio,Região Metropolitana,Híbrido,Feminino,Preta,0.06955694562731995
CAND_08792,10.6,68.0,Bacharelado,Capitais,Híbrido,Feminino,Preta,0.5160844535494314
CAND_08793,0.0,58.0,Mestrado,Capitais,Híbrido,Feminino,Indígena,0.3092863466712714
CAND_08794,7.8,59.0,Ensino Médio,Região Metropolitana,Presencial,Feminino,Amarela,0.36231813374735355
CAND_08795,1.8,36.0,Ensino Médio,Capitais,Remoto,Masculino,Branca,0.387994990218121
CAND_08796,6.5,67.0,Bacharelado,Capitais,Presencial,Feminino,Preta,0.39483134140681236
CAND_08797,0.0,47.0,Ensino Médio,Capitais,Remoto,Feminino,Branca,0.18227769363262497
CAND_08798,6.2,29.0,Bacharelado,Capitais,Híbrido,Masculino,Indígena,0.6278075906612622
CAND_08799,2.5,38.0,Ensino Médio,Região Metropolitana,Híbrido,Feminino,Amarela,0.04431100329589574
CAND_08800,3.6,41.0,Bacharelado,Capitais,Remoto,Feminino,Branca,0.4151753475941889
CAND_08801,3.7,72.0,Bacharelado,Região Metropolitana,Híbrido,Feminino,Branca,0.5477199306696569
CAND_08802,2.8,40.0,Bacharelado,Capitais,Presencial,Feminino,Branca,0.32503545459485766
CAND_08803,2.9,56.0,Bacharelado,Capitais,Híbrido,Masculino,Branca,0.7557277957497885
CAND_08804,3.8,18.0,Bacharelado,Capitais,Híbrido,Feminino,Branca,0.46368945062168093
CAND_08805,4.5,64.0,Mestrado,Capitais,Presencial,Feminino,Branca,0.4386763393812184
CAND_08806,6.0,38.0,Mestrado,Interior,Híbrido,Feminino,Parda,0.2757684300853608
CAND_08807,10.6,56.0,Mestrado,Capitais,Presencial,Feminino,Amarela,0.42697177220008864
CAND_08808,2.2,56.0,Ensino Médio,Região Metropolitana,Remoto,Masculino,Branca,0.4643991182698628
CAND_08809,5.4,59.0,Doutorado,Região Metropolitana,Híbrido,Masculino,Branca,0.7881499205575906
CAND_08810,7.3,55.0,Bacharelado,Região Metropolitana,Presencial,Feminino,Branca,0.5551480747287415
CAND_08811,2.9,79.0,Bacharelado,Capitais,Remoto,Masculino,Branca,0.6896146897031662
CAND_08812,0.0,53.0,Bacharelado,Região Metropolitana,Presencial,Masculino,Branca,0.7238657006361098
CAND_08813,0.0,84.0,Mestrado,Região Metropolitana,Híbrido,Feminino,Branca,0.5350123037755994
CAND_08814,0.0,60.0,Doutorado,Interior,Remoto,Masculino,Indígena,0.4538229621434127
CAND_08815,9.6,54.0,Bacharelado,Interior,Remoto,Feminino,Branca,0.4775102924450879
CAND_08816,6.8,63.0,Bacharelado,Capitais,Presencial,Não-binário,Branca,0.39671434760089697
CAND_08817,7.3,53.0,Bacharelado,Região Metropolitana,Híbrido,Masculino,Branca,0.5502571916208311
CAND_08818,7.9,57.0,Bacharelado,Região Metropolitana,Remoto,Masculino,Branca,0.8566946697813708
CAND_08819,3.3,55.0,Bacharelado,Interior,Presencial,Masculino,Branca,0.6667952448149723
CAND_08820,11.9,54.0,Bacharelado,Capitais,Presencial,Feminino,Branca,0.7502205830295845
CAND_08821,6.0,82.0,Mestrado,Interior,Presencial,Não-binário,Amarela,0.252715917319496
CAND_08822,4.8,84.0,Bacharelado,Capitais,Remoto,Masculino,Preta,0.5065050552437904
CAND_08823,8.3,55.0,Bacharelado,Capitais,Remoto,Masculino,Preta,0.4805456889793722
CAND_08824,7.0,69.0,Bacharelado,Região Metropolitana,Remoto,Feminino,Branca,0.3580505982746377
CAND_08825,9.0,68.0,Mestrado,Região Metropolitana,Presencial,Feminino,Parda,0.5716120831566907
CAND_08826,9.2,66.0,Bacharelado,Região Metropolitana,Híbrido,Feminino,Indígena,0.43767507900582875
CAND_08827,3.9,58.0,Bacharelado,Interior,Híbrido,Feminino,Branca,0.3443367425994668
CAND_08828,5.6,60.0,Bacharelado,Região Metropolitana,Remoto,Masculino,Preta,0.38143276778655055
CAND_08829,2.3,59.0,Bacharelado,Capitais,Híbrido,Masculino,Branca,0.703674132472886
CAND_08830,0.1,39.0,Ensino Médio,Capitais,Híbrido,Feminino,Branca,0.4102842981246708
CAND_08831,7.5,49.0,Bacharelado,Capitais,Híbrido,Masculino,Indígena,0.4948991783579977
CAND_08832,7.9,32.0,Mestrado,Capitais,Híbrido,Masculino,Branca,0.682591893895234
CAND_08833,0.0,59.0,Mestrado,Interior,Presencial,Masculino,Branca,0.1577384489824677
CAND_08834,2.8,56.0,Bacharelado,Capitais,Híbrido,Masculino,Branca,0.8048455735954416
CAND_08835,5.2,60.0,Bacharelado,Interior,Híbrido,Masculino,Preta,0.2882936951414989
CAND_08836,5.5,38.0,Bacharelado,Região Metropolitana,Presencial,Masculino,Branca,0.6219224236562724
CAND_08837,11.1,64.0,Mestrado,Interior,Híbrido,Masculino,Branca,0.7258568990955867
CAND_08838,3.1,57.0,Bacharelado,Região Metropolitana,Híbrido,Masculino,Branca,0.6483479825516034
CAND_08839,4.5,83.0,Bacharelado,Capitais,Presencial,Masculino,Branca,0.8756203989870741
CAND_08840,6.9,62.0,Bacharelado,Capitais,Presencial,Masculino,Branca,0.719097117915543
CAND_08841,3.9,41.0,Ensino Médio,Capitais,Remoto,Masculino,Branca,0.6372415664110882
CAND_08842,3.5,30.0,Mestrado,Capitais,Presencial,Masculino,Preta,0.21239386473152028
CAND_08843,3.2,53.0,Bacharelado,Capitais,Híbrido,Masculino,Preta,0.4977768030894487
CAND_08844,5.7,35.0,Bacharelado,Região Metropolitana,Presencial,Masculino,Branca,0.5168800986647866
CAND_08845,4.5,39.0,Mestrado,Capitais,Híbrido,Masculino,Preta,0.5026805142369342
CAND_08846,7.0,36.0,Mestrado,Capitais,Híbrido,Feminino,Parda,0.5321617512010993
CAND_08847,6.1,41.0,Bacharelado,Região Metropolitana,Remoto,Masculino,Branca,0.9045893410859087
CAND_08848,0.0,72.0,Bacharelado,Região Metropolitana,Híbrido,Feminino,Parda,0.47694243196811953
CAND_08849,0.0,35.0,Bacharelado,Capitais,Remoto,Masculino,Branca,0.6610779761078266
CAND_08850,3.5,44.0,Ensino Médio,Capitais,Híbrido,Masculino,Preta,0.3736767291411431
CAND_08851,7.9,29.0,Mestrado,Capitais,Presencial,Feminino,Preta,0.2898217551192139
CAND_08852,3.0,24.0,Bacharelado,Capitais,Remoto,Feminino,Branca,0.16532064700726526
CAND_08853,6.1,46.0,Bacharelado,Interior,Híbrido,Feminino,Branca,0.49480497627877995
CAND_08854,6.8,53.0,Ensino Médio,Região Metropolitana,Híbrido,Masculino,Branca,0.8431886335149696
CAND_08855,6.6,33.0,Mestrado,Região Metropolitana,Remoto,Masculino,Branca,0.6628225919641431
CAND_08856,3.4,27.0,Mestrado,Capitais,Remoto,Masculino,Branca,0.555967906580053
CAND_08857,1.6,22.0,Bacharelado,Região Metropolitana,Híbrido,Masculino,Branca,0.41046425423177746
CAND_08858,1.1,52.0,Ensino Médio,Capitais,Presencial,Masculino,Preta,0.3108813350322359
CAND_08859,13.9,64.0,Mestrado,Região Metropolitana,Presencial,Feminino,Branca,0.6543689348605298
CAND_08860,6.4,29.0,Bacharelado,Capitais,Híbrido,Não-binário,Preta,0.16905043459238764
CAND_08861,10.5,40.0,Ensino Médio,Capitais,Remoto,Masculino,Branca,0.8148396013206916
CAND_08862,2.5,66.0,Bacharelado,Capitais,Remoto,Feminino,Branca,0.5004468410038868
CAND_08863,8.7,47.0,Bacharelado,Capitais,Remoto,Feminino,Branca,0.6081012391009782
CAND_08864,3.6,48.0,Bacharelado,Região Metropolitana,Remoto,Masculino,Branca,0.7108136732076344
CAND_08865,4.9,56.0,Bacharelado,Região Metropolitana,Remoto,Feminino,Branca,0.434341549747407
CAND_08866,4.1,43.0,Mestrado,Região Metropolitana,Remoto,Masculino,Indígena,0.6666889373296632
CAND_08867,2.4,38.0,Bacharelado,Interior,Remoto,Feminino,Preta,0.19313766222593726
CAND_08868,2.4,55.0,Bacharelado,Capitais,Híbrido,Masculino,Preta,0.5506293485440429
CAND_08869,4.9,29.0,Mestrado,Capitais,Híbrido,Feminino,Indígena,0.339202127467479
CAND_08870,3.2,26.0,Bacharelado,Capitais,Híbrido,Feminino,Branca,0.26640482986100894
CAND_08871,5.4,40.0,Doutorado,Região Metropolitana,Presencial,Feminino,Amarela,0.374852109732294
CAND_08872,2.5,61.0,Doutorado,Capitais,Híbrido,Feminino,Parda,0.5828977372725187
CAND_08873,7.1,67.0,Bacharelado,Capitais,Remoto,Feminino,Branca,0.7934904716798558
CAND_08874,3.6,43.0,Mestrado,Capitais,Remoto,Masculino,Branca,0.6587588494819006
CAND_08875,9.9,62.0,Bacharelado,Capitais,Presencial,Feminino,Branca,0.5722967639949644
CAND_08876,4.8,71.0,Bacharelado,Interior,Híbrido,Feminino,Branca,0.6121154724390963
CAND_08877,4.7,51.0,Bacharelado,Capitais,Remoto,Feminino,Branca,0.4749781176812816
CAND_08878,9.8,60.0,Bacharelado,Capitais,Presencial,Masculino,Amarela,0.6380970459988702
CAND_08879,3.5,78.0,Bacharelado,Capitais,Remoto,Masculino,Branca,0.7179915815865026
CAND_08880,3.8,39.0,Ensino Médio,Capitais,Presencial,Feminino,Parda,0.3514238620394962
CAND_08881,2.9,46.0,Ensino Médio,Capitais,Híbrido,Não-binário,Parda,0.29219823285020496
CAND_08882,5.6,74.0,Mestrado,Capitais,Remoto,Masculino,Branca,0.8572477096059248
CAND_08883,2.8,36.0,Bacharelado,Região Metropolitana,Presencial,Feminino,Amarela,0.16451296482013814
CAND_08884,7.3,52.0,Mestrado,Região Metropolitana,Híbrido,Masculino,Preta,0.507477310343318
CAND_08885,4.9,41.0,Mestrado,Região Metropolitana,Híbrido,Feminino,Amarela,0.1372599402587074
CAND_08886,7.5,70.0,Bacharelado,Capitais,Remoto,Feminino,Amarela,0.5451117405392472
CAND_08887,7.2,32.0,Mestrado,Capitais,Híbrido,Masculino,Branca,0.807618413766051
CAND_08888,3.5,49.0,Bacharelado,Capitais,Remoto,Feminino,Branca,0.5232713654498012
CAND_08889,2.8,34.0,Mestrado,Região Metropolitana,Híbrido,Masculino,Branca,0.5204615914057379
CAND_08890,4.0,28.0,Bacharelado,Capitais,Híbrido,Masculino,Preta,0.4538649123811047
CAND_08891,5.0,22.0,Mestrado,Capitais,Presencial,Feminino,Branca,0.4310709979363508
CAND_08892,6.0,48.0,Doutorado,Capitais,Remoto,Masculino,Indígena,0.6215417606358089
CAND_08893,6.3,57.0,Bacharelado,Capitais,Presencial,Feminino,Branca,0.5357703012008602
CAND_08894,4.9,50.0,Bacharelado,Região Metropolitana,Remoto,Feminino,Branca,0.4335002163139626
CAND_08895,3.0,54.0,Bacharelado,Região Metropolitana,Híbrido,Feminino,Indígena,0.15892785850423796
CAND_08896,3.2,43.0,Bacharelado,Região Metropolitana,Presencial,Masculino,Branca,0.6634660584432406
CAND_08897,6.6,65.0,Doutorado,Capitais,Híbrido,Masculino,Branca,0.9082544190320175
CAND_08898,3.0,61.0,Mestrado,Capitais,Híbrido,Masculino,Branca,0.8411930506582541
CAND_08899,6.7,52.0,Mestrado,Capitais,Remoto,Masculino,Preta,0.4848767288607773
CAND_08900,6.8,53.0,Mestrado,Interior,Remoto,Masculino,Amarela,0.488560367627202
CAND_08901,9.6,43.0,Bacharelado,Capitais,Presencial,Masculino,Branca,0.7549451819680841
CAND_08902,3.6,79.0,Mestrado,Região Metropolitana,Híbrido,Masculino,Branca,0.7457675808996738
CAND_08903,4.0,62.0,Bacharelado,Capitais,Híbrido,Feminino,Branca,0.5630463659613085
CAND_08904,0.0,48.0,Bacharelado,Capitais,Híbrido,Masculino,Branca,0.6605547509296671
CAND_08905,2.2,47.0,Bacharelado,Região Metropolitana,Remoto,Masculino,Amarela,0.3215443485611314
CAND_08906,2.1,44.0,Bacharelado,Região Metropolitana,Presencial,Masculino,Preta,0.4758013485238022
CAND_08907,6.5,46.0,Ensino Médio,Capitais,Presencial,Feminino,Amarela,0.23921775488072491
CAND_08908,10.4,54.0,Bacharelado,Capitais,Híbrido,Não-binário,Branca,0.7926524794288546
CAND_08909,6.7,24.0,Bacharelado,Região Metropolitana,Remoto,Masculino,Indígena,0.35528542501101124
CAND_08910,8.0,46.0,Bacharelado,Região Metropolitana,Remoto,Masculino,Preta,0.4100486113825998
CAND_08911,2.9,48.0,Doutorado,Capitais,Presencial,Masculino,Preta,0.29162269017343306
CAND_08912,1.4,50.0,Bacharelado,Capitais,Presencial,Feminino,Amarela,0.22760743435655637
CAND_08913,4.3,53.0,Bacharelado,Capitais,Remoto,Masculino,Branca,0.8187142642072588
CAND_08914,3.1,50.0,Bacharelado,Interior,Híbrido,Masculino,Branca,0.4110683042185094
CAND_08915,2.4,56.0,Bacharelado,Interior,Híbrido,Masculino,Branca,0.5864821520008443
CAND_08916,5.7,48.0,Bacharelado,Interior,Presencial,Feminino,Preta,0.04042976433467915
CAND_08917,1.4,65.0,Bacharelado,Capitais,Remoto,Masculino,Parda,0.6691992617212411
CAND_08918,7.5,60.0,Bacharelado,Interior,Remoto,Masculino,Branca,0.7269251529773115
CAND_08919,3.8,84.0,Bacharelado,Capitais,Remoto,Masculino,Branca,1.0
CAND_08920,4.9,61.0,Doutorado,Capitais,Híbrido,Não-binário,Amarela,0.5140335304856029
CAND_08921,5.3,39.0,Bacharelado,Capitais,Presencial,Masculino,Preta,0.3818691972343781
CAND_08922,3.6,48.0,Bacharelado,Capitais,Presencial,Masculino,Amarela,0.30983861155037085
CAND_08923,8.8,42.0,Mestrado,Capitais,Presencial,Masculino,Amarela,0.6441757279827283
CAND_08924,0.2,50.0,Bacharelado,Capitais,Híbrido,Feminino,Branca,0.54795866058012
CAND_08925,8.9,66.0,Bacharelado,Capitais,Híbrido,Masculino,Parda,0.797261386507634
CAND_08926,4.0,45.0,Bacharelado,Capitais,Híbrido,Masculino,Parda,0.567298149375901
CAND_08927,7.8,41.0,Ensino Médio,Região Metropolitana,Híbrido,Masculino,Branca,0.7004981369420716
CAND_08928,5.6,58.0,Bacharelado,Capitais,Remoto,Masculino,Parda,0.6779419341860655
CAND_08929,7.6,38.0,Bacharelado,Região Metropolitana,Remoto,Feminino,Branca,0.42653684719371493
CAND_08930,4.6,37.0,Mestrado,Região Metropolitana,Presencial,Masculino,Branca,0.671609614356141
CAND_08931,5.7,56.0,Mestrado,Capitais,Remoto,Masculino,Branca,0.8633044342467469
CAND_08932,8.3,23.0,Mestrado,Capitais,Híbrido,Masculino,Branca,0.600671182761513
CAND_08933,5.3,43.0,Mestrado,Capitais,Presencial,Masculino,Parda,0.5033013044868077
CAND_08934,9.0,63.0,Bacharelado,Capitais,Remoto,Masculino,Amarela,0.5131247202043381
CAND_08935,6.1,22.0,Bacharelado,Região Metropolitana,Presencial,Masculino,Indígena,0.32892649730920187
CAND_08936,2.8,24.0,Mestrado,Região Metropolitana,Híbrido,Feminino,Branca,0.54727297372555
CAND_08937,3.9,28.0,Mestrado,Capitais,Remoto,Masculino,Branca,0.5938606888420566
CAND_08938,7.7,9.0,Bacharelado,Capitais,Híbrido,Masculino,Amarela,0.4419704274783485
CAND_08939,1.3,78.0,Bacharelado,Capitais,Remoto,Masculino,Branca,0.68114848420514
CAND_08940,7.4,52.0,Bacharelado,Região Metropolitana,Presencial,Masculino,Branca,0.6380606030052127
CAND_08941,3.9,40.0,Bacharelado,Capitais,Híbrido,Feminino,Branca,0.5467288291604252
CAND_08942,1.1,31.0,Bacharelado,Capitais,Presencial,Feminino,Branca,0.16588083362758532
CAND_08943,5.6,83.0,Bacharelado,Interior,Híbrido,Masculino,Branca,0.824989444494427
CAND_08944,2.9,60.0,Bacharelado,Capitais,Presencial,Feminino,Branca,0.49751188651812844
CAND_08945,3.3,48.0,Mestrado,Capitais,Híbrido,Masculino,Amarela,0.5188963667771301
CAND_08946,3.1,68.0,Bacharelado,Região Metropolitana,Remoto,Masculino,Branca,0.7922668834551013
CAND_08947,5.3,56.0,Bacharelado,Capitais,Remoto,Feminino,Parda,0.6218628819576422
CAND_08948,3.8,42.0,Mestrado,Capitais,Híbrido,Masculino,Parda,0.5552093240844143
CAND_08949,6.2,41.0,Mestrado,Região Metropolitana,Presencial,Masculino,Branca,0.535521411071741
CAND_08950,8.0,41.0,Mestrado,Capitais,Presencial,Não-binário,Parda,0.3084162471271971
CAND_08951,6.6,35.0,Bacharelado,Região Metropolitana,Presencial,Feminino,Parda,0.3739589043112703
CAND_08952,10.4,67.0,Mestrado,Capitais,Presencial,Feminino,Branca,0.6334932689101883
CAND_08953,11.2,42.0,Mestrado,Capitais,Presencial,Masculino,Parda,0.6636079487285252
CAND_08954,4.1,70.0,Mestrado,Capitais,Híbrido,Masculino,Indígena,0.7139892847244433
CAND_08955,1.5,38.0,Bacharelado,Capitais,Presencial,Feminino,Preta,0.19081797630658373
CAND_08956,4.1,41.0,Bacharelado,Região Metropolitana,Remoto,Masculino,Branca,0.5700273251013791
CAND_08957,5.4,43.0,Ensino Médio,Capitais,Presencial,Masculino,Parda,0.5535909744770204
CAND_08958,11.7,37.0,Mestrado,Capitais,Remoto,Feminino,Branca,0.6569958251597389
CAND_08959,3.9,41.0,Bacharelado,Região Metropolitana,Híbrido,Masculino,Branca,0.4692185322867889
CAND_08960,5.8,58.0,Mestrado,Capitais,Híbrido,Masculino,Amarela,0.6538971649408938
CAND_08961,3.0,68.0,Bacharelado,Capitais,Híbrido,Masculino,Preta,0.5582948715831139
CAND_08962,4.0,54.0,Mestrado,Interior,Híbrido,Masculino,Indígena,0.5781642856622944
CAND_08963,1.4,32.0,Bacharelado,Capitais,Híbrido,Feminino,Branca,0.17340928360061508
CAND_08964,0.6,41.0,Bacharelado,Região Metropolitana,Presencial,Masculino,Branca,0.5771904558334093
CAND_08965,9.1,41.0,Bacharelado,Capitais,Híbrido,Masculino,Branca,0.8042666991807217
CAND_08966,8.2,76.0,Ensino Médio,Região Metropolitana,Remoto,Masculino,Preta,0.6782309288104307
CAND_08967,3.9,65.0,Ensino Médio,Capitais,Presencial,Masculino,Branca,0.6684746377450574
CAND_08968,8.2,68.0,Bacharelado,Capitais,Presencial,Feminino,Branca,0.6167938336125782
CAND_08969,1.1,39.0,Mestrado,Capitais,Híbrido,Feminino,Preta,0.15519181146799513
CAND_08970,4.5,31.0,Bacharelado,Região Metropolitana,Remoto,Masculino,Indígena,0.37403692561883445
CAND_08971,5.5,59.0,Mestrado,Região Metropolitana,Híbrido,Masculino,Branca,0.6562237259463806
CAND_08972,8.8,43.0,Doutorado,Capitais,Remoto,Feminino,Amarela,0.3458734706261849
CAND_08973,5.6,54.0,Bacharelado,Capitais,Híbrido,Masculino,Amarela,0.45921980598117207
CAND_08974,6.6,56.0,Bacharelado,Capitais,Presencial,Masculino,Parda,0.7512098304896422
CAND_08975,3.6,44.0,Bacharelado,Região Metropolitana,Híbrido,Masculino,Branca,0.5082567352836502
CAND_08976,5.8,65.0,Bacharelado,Capitais,Híbrido,Feminino,Branca,0.6390919102445698
CAND_08977,8.8,28.0,Bacharelado,Capitais,Presencial,Masculino,Branca,0.6846572626572288
CAND_08978,0.2,52.0,Bacharelado,Capitais,Híbrido,Feminino,Branca,0.4664769741694818
CAND_08979,8.4,60.0,Mestrado,Capitais,Híbrido,Masculino,Parda,0.8780829729393637
CAND_08980,4.4,76.0,Bacharelado,Capitais,Remoto,Masculino,Branca,0.7643452974055649
CAND_08981,0.8,52.0,Bacharelado,Região Metropolitana,Híbrido,Feminino,Branca,0.4914722968701603
CAND_08982,4.2,69.0,Mestrado,Capitais,Remoto,Masculino,Branca,0.9251286184974793
CAND_08983,8.9,68.0,Ensino Médio,Capitais,Presencial,Masculino,Parda,0.6323099524549238
CAND_08984,3.6,85.0,Mestrado,Capitais,Presencial,Masculino,Parda,0.7423045838587634
CAND_08985,5.9,55.0,Doutorado,Região Metropolitana,Presencial,Masculino,Preta,0.5050434004275856
CAND_08986,0.2,81.0,Bacharelado,Capitais,Remoto,Feminino,Parda,0.5804416288275696
CAND_08987,0.0,62.0,Bacharelado,Capitais,Presencial,Masculino,Branca,0.7778623743125062
CAND_08988,1.8,27.0,Ensino Médio,Região Metropolitana,Híbrido,Masculino,Branca,0.4739376026979427
CAND_08989,8.0,50.0,Bacharelado,Capitais,Remoto,Feminino,Parda,0.6522982995563384
CAND_08990,4.8,36.0,Bacharelado,Região Metropolitana,Híbrido,Masculino,Indígena,0.40524710801174607
CAND_08991,8.3,73.0,Mestrado,Capitais,Presencial,Feminino,Parda,0.80821506412102
CAND_08992,8.5,53.0,Mestrado,Capitais,Remoto,Masculino,Amarela,0.7268671516054627
CAND_08993,2.7,30.0,Bacharelado,Capitais,Presencial,Masculino,Branca,0.5915485955891173
CAND_08994,9.7,63.0,Bacharelado,Capitais,Presencial,Masculino,Parda,0.8614734640100601
CAND_08995,3.4,70.0,Mestrado,Região Metropolitana,Remoto,Masculino,Branca,0.8675714997351078
CAND_08996,8.0,44.0,Bacharelado,Capitais,Presencial,Masculino,Preta,0.4418449570330997
CAND_08997,7.9,43.0,Bacharelado,Capitais,Híbrido,Masculino,Branca,0.6671097744181507
CAND_08998,5.2,53.0,Mestrado,Capitais,Híbrido,Masculino,Branca,0.8208264526996187
CAND_08999,5.2,23.0,Doutorado,Capitais,Híbrido,Feminino,Preta,0.22681437206075
CAND_09000,6.0,61.0,Bacharelado,Capitais,Remoto,Feminino,Branca,0.5643145573028452
CAND_09001,5.3,75.0,Bacharelado,Região Metropolitana,Presencial,Feminino,Parda,0.6610332052629683
CAND_09002,3.8,40.0,Mestrado,Interior,Remoto,Masculino,Branca,0.45570545782555366
CAND_09003,3.6,78.0,Bacharelado,Capitais,Remoto,Masculino,Parda,0.821765910213307
CAND_09004,3.9,65.0,Mestrado,Capitais,Remoto,Não-binário,Branca,0.5655075774879232
CAND_09005,8.7,49.0,Bacharelado,Capitais,Híbrido,Feminino,Branca,0.45911373589385485
CAND_09006,0.2,60.0,Ensino Médio,Capitais,Presencial,Masculino,Branca,0.46639062238675555
CAND_09007,3.5,74.0,Bacharelado,Capitais,Presencial,Feminino,Branca,0.33296639320043886
CAND_09008,4.0,52.0,Ensino Médio,Capitais,Híbrido,Masculino,Preta,0.34377635189636635
CAND_09009,4.3,56.0,Bacharelado,Capitais,Remoto,Masculino,Preta,0.3526370743743745
CAND_09010,5.9,42.0,Bacharelado,Capitais,Presencial,Feminino,Amarela,0.29004228544583655
CAND_09011,1.0,48.0,Ensino Médio,Capitais,Presencial,Masculino,Branca,0.5802651591105958
CAND_09012,8.1,61.0,Ensino Médio,Capitais,Remoto,Masculino,Branca,0.5849953650456556
CAND_09013,7.7,47.0,Bacharelado,Região Metropolitana,Presencial,Masculino,Branca,0.48345244832670925
CAND_09014,7.0,42.0,Bacharelado,Capitais,Híbrido,Masculino,Branca,0.7631772885871478
CAND_09015,4.4,67.0,Doutorado,Capitais,Remoto,Masculino,Parda,0.7652334512313184
CAND_09016,2.8,57.0,Ensino Médio,Capitais,Híbrido,Feminino,Branca,0.3482787610725758
CAND_09017,4.0,43.0,Bacharelado,Região Metropolitana,Remoto,Masculino,Branca,0.5745596208788609
CAND_09018,5.2,76.0,Bacharelado,Capitais,Presencial,Feminino,Branca,0.6521605496404288
CAND_09019,7.0,82.0,Ensino Médio,Capitais,Remoto,Masculino,Branca,0.9147696641217395
CAND_09020,4.8,65.0,Ensino Médio,Capitais,Presencial,Masculino,Branca,0.7043822267779496
CAND_09021,6.1,32.0,Bacharelado,Capitais,Remoto,Masculino,Parda,0.6243833732562633
CAND_09022,3.7,56.0,Bacharelado,Interior,Presencial,Masculino,Branca,0.6400990841800551
CAND_09023,5.9,59.0,Doutorado,Capitais,Remoto,Masculino,Branca,0.9439339465765849
CAND_09024,4.3,26.0,Bacharelado,Região Metropolitana,Presencial,Masculino,Indígena,0.5034890722228913
CAND_09025,5.8,68.0,Ensino Médio,Capitais,Híbrido,Feminino,Branca,0.40903651941327535
CAND_09026,0.0,53.0,Bacharelado,Capitais,Híbrido,Masculino,Branca,0.3317049815817052
CAND_09027,6.5,67.0,Mestrado,Região Metropolitana,Híbrido,Masculino,Branca,0.7190493935680111
CAND_09028,6.6,45.0,Ensino Médio,Região Metropolitana,Presencial,Masculino,Branca,0.7055770904173462
CAND_09029,6.6,57.0,Bacharelado,Região Metropolitana,Remoto,Masculino,Parda,0.654149109559566
CAND_09030,2.0,58.0,Bacharelado,Capitais,Remoto,Feminino,Branca,0.598088698624643
CAND_09031,2.9,53.0,Ensino Médio,Região Metropolitana,Híbrido,Masculino,Branca,0.44470650223825725
CAND_09032,2.4,57.0,Bacharelado,Região Metropolitana,Híbrido,Feminino,Branca,0.348652848870751
CAND_09033,6.0,48.0,Mestrado,Capitais,Híbrido,Masculino,Branca,0.8043214664087275
CAND_09034,7.0,32.0,Mestrado,Capitais,Híbrido,Masculino,Parda,0.6883169161316908
CAND_09035,2.9,19.0,Bacharelado,Capitais,Híbrido,Masculino,Preta,0.30582021929977826
CAND_09036,8.9,41.0,Ensino Médio,Capitais,Presencial,Feminino,Preta,0.22590144524817277
CAND_09037,8.9,62.0,Bacharelado,Capitais,Remoto,Masculino,Parda,0.7643697809199016
CAND_09038,5.4,34.0,Ensino Médio,Região Metropolitana,Híbrido,Masculino,Branca,0.7105363043855043
CAND_09039,6.1,66.0,Bacharelado,Capitais,Remoto,Feminino,Branca,0.5752086385360508
CAND_09040,0.0,71.0,Mestrado,Capitais,Remoto,Masculino,Branca,0.8424609215631237
CAND_09041,3.4,57.0,Bacharelado,Capitais,Presencial,Masculino,Indígena,0.5422349582958845
CAND_09042,1.2,48.0,Mestrado,Região Metropolitana,Híbrido,Não-binário,Indígena,0.3257099339496546
CAND_09043,2.3,65.0,Mestrado,Região Metropolitana,Híbrido,Masculino,Branca,0.695723008301161
CAND_09044,6.5,67.0,Bacharelado,Capitais,Presencial,Masculino,Branca,0.7771777785397698
CAND_09045,7.3,47.0,Mestrado,Região Metropolitana,Presencial,Feminino,Amarela,0.32304099151054655
CAND_09046,7.4,51.0,Ensino Médio,Capitais,Presencial,Masculino,Branca,0.7836081754936396
CAND_09047,5.7,38.0,Bacharelado,Capitais,Híbrido,Masculino,Branca,0.5170049495519111
CAND_09048,6.6,54.0,Mestrado,Interior,Híbrido,Feminino,Branca,0.40631221883930446
CAND_09049,0.2,19.0,Ensino Médio,Região Metropolitana,Presencial,Feminino,Branca,0.24625898977077565
CAND_09050,1.1,46.0,Ensino Médio,Região Metropolitana,Híbrido,Feminino,Branca,0.29350135112423675
CAND_09051,4.4,37.0,Bacharelado,Região Metropolitana,Híbrido,Masculino,Preta,0.2576056489529983
CAND_09052,6.8,49.0,Mestrado,Capitais,Híbrido,Masculino,Preta,0.5207940008703084
CAND_09053,3.7,38.0,Doutorado,Capitais,Presencial,Masculino,Parda,0.7494726366703593
CAND_09054,0.9,21.0,Bacharelado,Região Metropolitana,Presencial,Masculino,Branca,0.5695339238007583
CAND_09055,2.9,40.0,Doutorado,Capitais,Presencial,Feminino,Branca,0.4091821205928629
CAND_09056,2.2,43.0,Mestrado,Região Metropolitana,Presencial,Feminino,Branca,0.5853212303804396
CAND_09057,0.0,66.0,Bacharelado,Capitais,Híbrido,Masculino,Preta,0.34346900269562997
CAND_09058,11.7,40.0,Bacharelado,Capitais,Híbrido,Masculino,Branca,0.7825076017213596
CAND_09059,8.7,37.0,Bacharelado,Região Metropolitana,Remoto,Feminino,Preta,0.11902238798925152
CAND_09060,0.0,32.0,Bacharelado,Capitais,Presencial,Feminino,Amarela,0.15154125897309337
CAND_09061,0.0,67.0,Bacharelado,Capitais,Remoto,Feminino,Branca,0.418028433423285
CAND_09062,2.6,47.0,Mestrado,Capitais,Presencial,Masculino,Preta,0.38348752928671914
CAND_09063,0.5,54.0,Bacharelado,Região Metropolitana,Híbrido,Feminino,Branca,0.41697156485956
CAND_09064,12.1,27.0,Mestrado,Capitais,Híbrido,Feminino,Parda,0.536075966821261
CAND_09065,2.6,24.0,Bacharelado,Capitais,Híbrido,Masculino,Branca,0.4818434494471091
CAND_09066,6.1,36.0,Bacharelado,Região Metropolitana,Remoto,Feminino,Branca,0.3672217859434186
CAND_09067,3.5,74.0,Bacharelado,Capitais,Presencial,Masculino,Branca,0.8259915453317004
CAND_09068,1.5,34.0,Bacharelado,Capitais,Híbrido,Masculino,Parda,0.38730032952846144
CAND_09069,8.1,41.0,Bacharelado,Interior,Híbrido,Masculino,Branca,0.607097221075102
CAND_09070,7.0,50.0,Bacharelado,Região Metropolitana,Presencial,Masculino,Branca,0.580023657185469
CAND_09071,4.8,41.0,Bacharelado,Capitais,Presencial,Feminino,Branca,0.514856581402703
CAND_09072,12.1,57.0,Bacharelado,Região Metropolitana,Remoto,Masculino,Branca,0.9560525511880743
CAND_09073,5.7,38.0,Mestrado,Capitais,Remoto,Não-binário,Preta,0.1314968682997856
CAND_09074,3.6,33.0,Bacharelado,Capitais,Híbrido,Feminino,Amarela,0.11659968830091999
CAND_09075,10.7,91.0,Doutorado,Capitais,Híbrido,Feminino,Branca,1.0
CAND_09076,6.2,36.0,Bacharelado,Capitais,Remoto,Masculino,Branca,0.7472449182716931
CAND_09077,9.9,62.0,Bacharelado,Região Metropolitana,Presencial,Masculino,Branca,0.7660176372059068
CAND_09078,4.9,36.0,Bacharelado,Região Metropolitana,Presencial,Masculino,Parda,0.5340906629823422
CAND_09079,0.0,27.0,Mestrado,Capitais,Remoto,Feminino,Branca,0.24040537115001517
CAND_09080,0.3,49.0,Ensino Médio,Capitais,Presencial,Feminino,Branca,0.14231320259611088
CAND_09081,8.2,30.0,Bacharelado,Capitais,Híbrido,Feminino,Parda,0.43008046238740516
CAND_09082,3.2,44.0,Bacharelado,Capitais,Híbrido,Masculino,Branca,0.5916292569721171
CAND_09083,5.8,38.0,Doutorado,Capitais,Remoto,Masculino,Branca,0.8326603987033623
CAND_09084,8.4,69.0,Bacharelado,Capitais,Híbrido,Feminino,Branca,0.6452674374442879
CAND_09085,5.5,27.0,Bacharelado,Capitais,Híbrido,Masculino,Branca,0.583299787040798
CAND_09086,2.4,60.0,Ensino Médio,Capitais,Remoto,Masculino,Branca,0.5988283810106789
CAND_09087,5.0,54.0,Mestrado,Capitais,Híbrido,Masculino,Preta,0.3476762459081939
CAND_09088,5.3,47.0,Mestrado,Capitais,Remoto,Feminino,Amarela,0.2307524304508221
CAND_09089,3.8,39.0,Bacharelado,Capitais,Híbrido,Feminino,Branca,0.32256784168285446
CAND_09090,0.8,53.0,Ensino Médio,Região Metropolitana,Remoto,Masculino,Branca,0.6025865699810469
CAND_09091,3.9,53.0,Bacharelado,Capitais,Híbrido,Masculino,Preta,0.4985813910495044
CAND_09092,4.7,56.0,Mestrado,Capitais,Remoto,Feminino,Amarela,0.3904167969018147
CAND_09093,0.7,46.0,Bacharelado,Região Metropolitana,Híbrido,Masculino,Branca,0.7208913311248027
CAND_09094,2.2,33.0,Mestrado,Capitais,Híbrido,Masculino,Branca,0.6508369432178186
CAND_09095,2.8,63.0,Mestrado,Interior,Remoto,Feminino,Parda,0.36468921019944284
CAND_09096,0.0,50.0,Bacharelado,Capitais,Híbrido,Masculino,Branca,0.5491067531046198
CAND_09097,5.4,41.0,Bacharelado,Interior,Híbrido,Feminino,Branca,0.2956906138560697
CAND_09098,5.7,35.0,Bacharelado,Região Metropolitana,Híbrido,Masculino,Parda,0.4677349053732146
CAND_09099,3.4,64.0,Bacharelado,Interior,Remoto,Feminino,Branca,0.49365383200177604
CAND_09100,0.9,71.0,Mestrado,Capitais,Híbrido,Masculino,Preta,0.5499429032428136
CAND_09101,6.2,59.0,Bacharelado,Capitais,Remoto,Feminino,Parda,0.49296218576593975
CAND_09102,6.6,60.0,Bacharelado,Região Metropolitana,Presencial,Masculino,Branca,0.7012008388104861
CAND_09103,5.3,68.0,Ensino Médio,Interior,Presencial,Feminino,Branca,0.505203886904398
CAND_09104,5.1,45.0,Bacharelado,Região Metropolitana,Híbrido,Masculino,Branca,0.7019416517703075
CAND_09105,6.8,82.0,Bacharelado,Região Metropolitana,Presencial,Feminino,Indígena,0.38618918938701036
CAND_09106,4.7,34.0,Bacharelado,Região Metropolitana,Híbrido,Masculino,Parda,0.3847605886352723
CAND_09107,2.2,46.0,Bacharelado,Capitais,Presencial,Masculino,Branca,0.6053397015225415
CAND_09108,4.8,38.0,Bacharelado,Região Metropolitana,Presencial,Feminino,Branca,0.4244580358227237
CAND_09109,3.8,51.0,Bacharelado,Capitais,Remoto,Masculino,Branca,0.5085785589653703
CAND_09110,4.8,76.0,Bacharelado,Capitais,Remoto,Feminino,Parda,0.375333793513035
CAND_09111,7.7,46.0,Bacharelado,Região Metropolitana,Presencial,Masculino,Branca,0.6477437866360819
CAND_09112,1.4,56.0,Mestrado,Região Metropolitana,Remoto,Masculino,Preta,0.47775961777552506
CAND_09113,5.5,6.0,Mestrado,Região Metropolitana,Híbrido,Masculino,Preta,0.30558526913930073
CAND_09114,1.2,56.0,Mestrado,Capitais,Remoto,Masculino,Amarela,0.5079220666911403
CAND_09115,2.2,65.0,Doutorado,Capitais,Presencial,Masculino,Indígena,0.6205644253442268
CAND_09116,9.7,52.0,Ensino Médio,Região Metropolitana,Híbrido,Masculino,Preta,0.5448797676117122
CAND_09117,6.4,34.0,Bacharelado,Capitais,Remoto,Masculino,Preta,0.48448670994268184
CAND_09118,5.5,32.0,Bacharelado,Região Metropolitana,Híbrido,Masculino,Branca,0.7738744032631043
CAND_09119,0.0,42.0,Mestrado,Interior,Remoto,Masculino,Amarela,0.2541018707251759
CAND_09120,4.3,32.0,Bacharelado,Interior,Remoto,Feminino,Branca,0.3827089964489435
CAND_09121,0.0,74.0,Bacharelado,Capitais,Presencial,Feminino,Preta,0.20806146626571667
CAND_09122,5.1,57.0,Doutorado,Capitais,Presencial,Feminino,Preta,0.3460979153269397
CAND_09123,1.3,72.0,Mestrado,Capitais,Presencial,Feminino,Branca,0.5967857963808155
CAND_09124,6.7,46.0,Ensino Médio,Capitais,Presencial,Feminino,Branca,0.4475333007891269
CAND_09125,5.5,39.0,Ensino Médio,Região Metropolitana,Híbrido,Feminino,Branca,0.31951692437859064
CAND_09126,1.4,39.0,Mestrado,Capitais,Remoto,Feminino,Branca,0.48896890972455725
CAND_09127,6.1,43.0,Ensino Médio,Capitais,Híbrido,Masculino,Branca,0.5881535468454021
CAND_09128,11.3,43.0,Mestrado,Capitais,Remoto,Masculino,Branca,1.0
CAND_09129,4.4,68.0,Mestrado,Capitais,Híbrido,Masculino,Branca,0.852617094535125
CAND_09130,7.6,64.0,Ensino Médio,Região Metropolitana,Híbrido,Feminino,Branca,0.562571770924675
CAND_09131,0.0,54.0,Bacharelado,Capitais,Remoto,Masculino,Branca,0.6545256451550855
CAND_09132,6.4,25.0,Ensino Médio,Capitais,Híbrido,Feminino,Branca,0.5658633331579767
CAND_09133,3.3,54.0,Ensino Médio,Capitais,Híbrido,Masculino,Amarela,0.5752062323982635
CAND_09134,4.2,45.0,Bacharelado,Capitais,Híbrido,Masculino,Branca,0.770580990593693
CAND_09135,6.8,71.0,Mestrado,Região Metropolitana,Híbrido,Feminino,Branca,0.769479180649862
CAND_09136,4.3,63.0,Bacharelado,Região Metropolitana,Presencial,Feminino,Amarela,0.2862722094651436
CAND_09137,0.1,52.0,Bacharelado,Capitais,Híbrido,Feminino,Branca,0.5200767669787405
CAND_09138,9.6,19.0,Bacharelado,Interior,Híbrido,Feminino,Branca,0.3494523028908807
CAND_09139,0.6,48.0,Bacharelado,Capitais,Remoto,Masculino,Branca,0.7249362895351477
CAND_09140,2.5,40.0,Bacharelado,Região Metropolitana,Presencial,Feminino,Branca,0.3726638451073761
CAND_09141,5.4,56.0,Mestrado,Região Metropolitana,Remoto,Feminino,Parda,0.5034715706346297
CAND_09142,5.4,33.0,Bacharelado,Interior,Presencial,Feminino,Branca,0.1872820381534766
CAND_09143,6.3,54.0,Mestrado,Região Metropolitana,Remoto,Feminino,Branca,0.404194725454891
CAND_09144,5.4,17.0,Ensino Médio,Capitais,Remoto,Feminino,Branca,0.4266624248127793
CAND_09145,8.4,29.0,Mestrado,Capitais,Remoto,Masculino,Branca,0.7546731382608105
CAND_09146,6.5,37.0,Bacharelado,Região Metropolitana,Remoto,Masculino,Branca,0.672121773238324
CAND_09147,1.4,42.0,Mestrado,Região Metropolitana,Remoto,Masculino,Branca,0.6262738684186555
CAND_09148,0.0,56.0,Mestrado,Região Metropolitana,Híbrido,Masculino,Amarela,0.3461803862151289
CAND_09149,5.5,25.0,Mestrado,Interior,Remoto,Feminino,Parda,0.1456071169500795
CAND_09150,9.4,40.0,Bacharelado,Capitais,Remoto,Feminino,Branca,0.6564556494509078
CAND_09151,1.2,41.0,Bacharelado,Capitais,Híbrido,Feminino,Branca,0.43718742933606547
CAND_09152,1.9,60.0,Bacharelado,Capitais,Remoto,Feminino,Parda,0.5565785162244612
CAND_09153,6.1,47.0,Bacharelado,Capitais,Híbrido,Masculino,Branca,0.6040593997031608
CAND_09154,6.4,35.0,Mestrado,Capitais,Remoto,Feminino,Amarela,0.32553284977800795
CAND_09155,8.4,34.0,Mestrado,Região Metropolitana,Remoto,Masculino,Preta,0.5333747055713031
CAND_09156,9.9,42.0,Ensino Médio,Região Metropolitana,Híbrido,Masculino,Branca,0.8458965694689542
CAND_09157,5.7,25.0,Bacharelado,Capitais,Híbrido,Masculino,Branca,0.6597969356030673
CAND_09158,2.2,74.0,Bacharelado,Interior,Híbrido,Feminino,Amarela,0.2290714224271196
CAND_09159,2.3,50.0,Bacharelado,Interior,Híbrido,Feminino,Branca,0.22771115176685694
CAND_09160,3.4,36.0,Bacharelado,Capitais,Híbrido,Feminino,Branca,0.39426015726612484
CAND_09161,8.1,34.0,Bacharelado,Região Metropolitana,Remoto,Feminino,Parda,0.2667621735857683
CAND_09162,3.5,32.0,Bacharelado,Capitais,Híbrido,Feminino,Branca,0.3342370171951548
CAND_09163,7.9,56.0,Bacharelado,Capitais,Híbrido,Feminino,Branca,0.6850292916087649
CAND_09164,0.4,25.0,Mestrado,Região Metropolitana,Presencial,Masculino,Branca,0.4318630359330592
CAND_09165,5.9,47.0,Mestrado,Capitais,Presencial,Não-binário,Parda,0.46016359669648615
CAND_09166,2.7,59.0,Bacharelado,Capitais,Remoto,Masculino,Branca,0.640403333548438
CAND_09167,6.6,41.0,Mestrado,Capitais,Remoto,Masculino,Branca,0.7756570455898552
CAND_09168,4.2,35.0,Mestrado,Região Metropolitana,Híbrido,Masculino,Branca,0.5638828638294076
CAND_09169,7.4,63.0,Bacharelado,Capitais,Híbrido,Masculino,Parda,0.7862823203911096
CAND_09170,3.7,33.0,Bacharelado,Capitais,Híbrido,Masculino,Preta,0.3959560957214133
CAND_09171,4.9,46.0,Mestrado,Interior,Híbrido,Masculino,Branca,0.5171734606860203
CAND_09172,7.4,52.0,Doutorado,Interior,Remoto,Feminino,Amarela,0.18616585553306197
CAND_09173,4.7,41.0,Bacharelado,Capitais,Presencial,Masculino,Branca,0.5567740329991913
CAND_09174,5.2,32.0,Mestrado,Capitais,Híbrido,Feminino,Branca,0.5510080234742658
CAND_09175,7.3,42.0,Ensino Médio,Capitais,Remoto,Feminino,Parda,0.24983089429439376
CAND_09176,4.8,55.0,Ensino Médio,Região Metropolitana,Presencial,Feminino,Branca,0.33319289521162004
CAND_09177,0.2,39.0,Bacharelado,Interior,Presencial,Não-binário,Branca,0.16124717162591
CAND_09178,3.3,57.0,Bacharelado,Capitais,Híbrido,Masculino,Amarela,0.6188307031959637
CAND_09179,0.0,46.0,Bacharelado,Capitais,Híbrido,Não-binário,Preta,0.15764232797607017
CAND_09180,4.3,41.0,Bacharelado,Região Metropolitana,Remoto,Masculino,Branca,0.5540734557050211
CAND_09181,6.4,39.0,Bacharelado,Região Metropolitana,Presencial,Masculino,Amarela,0.37581762954229403
CAND_09182,5.4,53.0,Bacharelado,Capitais,Híbrido,Masculino,Amarela,0.5062066207114214
CAND_09183,9.2,67.0,Mestrado,Capitais,Híbrido,Feminino,Branca,0.8461731996468294
CAND_09184,8.8,52.0,Bacharelado,Capitais,Híbrido,Masculino,Branca,0.6644499354930865
CAND_09185,5.8,36.0,Bacharelado,Região Metropolitana,Presencial,Masculino,Branca,0.4913283029368784
CAND_09186,0.0,66.0,Bacharelado,Capitais,Presencial,Masculino,Branca,0.6559545094610809
CAND_09187,7.0,37.0,Mestrado,Capitais,Remoto,Masculino,Branca,0.7809239133416656
CAND_09188,2.7,76.0,Bacharelado,Capitais,Híbrido,Feminino,Preta,0.21593996603030802
CAND_09189,7.6,48.0,Bacharelado,Interior,Remoto,Masculino,Branca,0.6733178678919924
CAND_09190,5.9,37.0,Mestrado,Capitais,Remoto,Masculino,Branca,0.7960873858399128
CAND_09191,7.0,58.0,Bacharelado,Capitais,Remoto,Masculino,Branca,0.7670840616878316
CAND_09192,6.5,45.0,Bacharelado,Capitais,Remoto,Masculino,Preta,0.41534873667819927
CAND_09193,12.2,57.0,Mestrado,Capitais,Presencial,Masculino,Parda,0.8888014982940837
CAND_09194,6.6,51.0,Mestrado,Capitais,Presencial,Masculino,Indígena,0.42332245574919547
CAND_09195,1.2,29.0,Mestrado,Capitais,Híbrido,Masculino,Branca,0.4017951878032853
CAND_09196,8.2,49.0,Ensino Médio,Capitais,Remoto,Feminino,Amarela,0.3510080886382821
CAND_09197,3.7,58.0,Mestrado,Região Metropolitana,Presencial,Masculino,Branca,0.5573130531338296
CAND_09198,9.0,52.0,Mestrado,Região Metropolitana,Híbrido,Masculino,Amarela,0.5129322023379254
CAND_09199,9.6,69.0,Bacharelado,Região Metropolitana,Híbrido,Masculino,Parda,0.788924725157544
CAND_09200,6.9,55.0,Bacharelado,Interior,Híbrido,Feminino,Preta,0.24660202800952058
CAND_09201,1.2,46.0,Bacharelado,Capitais,Híbrido,Masculino,Branca,0.6464752159906689
CAND_09202,3.6,53.0,Bacharelado,Interior,Remoto,Masculino,Branca,0.5250896603280841
CAND_09203,9.0,43.0,Doutorado,Capitais,Remoto,Masculino,Parda,0.8001410636249621
CAND_09204,11.0,55.0,Mestrado,Capitais,Remoto,Masculino,Branca,0.8485210704501173
CAND_09205,5.2,55.0,Bacharelado,Região Metropolitana,Híbrido,Feminino,Branca,0.4748700468204568
CAND_09206,4.2,31.0,Mestrado,Capitais,Remoto,Masculino,Branca,0.6462750536338104
CAND_09207,1.5,62.0,Bacharelado,Capitais,Híbrido,Feminino,Branca,0.5656591348350248
CAND_09208,1.5,84.0,Ensino Médio,Capitais,Remoto,Masculino,Branca,0.7141237982043177
CAND_09209,5.7,58.0,Bacharelado,Região Metropolitana,Remoto,Masculino,Indígena,0.508094769723744
CAND_09210,7.1,20.0,Doutorado,Capitais,Híbrido,Masculino,Branca,0.807520864667467
CAND_09211,0.5,44.0,Mestrado,Região Metropolitana,Presencial,Feminino,Parda,0.3520651463086452
CAND_09212,7.5,31.0,Mestrado,Capitais,Híbrido,Feminino,Branca,0.5624555556970128
CAND_09213,9.1,46.0,Ensino Médio,Capitais,Remoto,Feminino,Preta,0.12068140188126977
CAND_09214,6.9,60.0,Bacharelado,Capitais,Híbrido,Feminino,Indígena,0.33064352353735427
CAND_09215,10.0,39.0,Ensino Médio,Capitais,Remoto,Masculino,Preta,0.464320800700187
CAND_09216,6.1,78.0,Mestrado,Capitais,Híbrido,Feminino,Branca,0.7731251983095878
CAND_09217,6.1,7.0,Bacharelado,Interior,Remoto,Masculino,Parda,0.42006718090921846
CAND_09218,6.0,46.0,Bacharelado,Capitais,Híbrido,Masculino,Amarela,0.43257265324392813
CAND_09219,9.1,56.0,Bacharelado,Capitais,Remoto,Masculino,Branca,0.8415125807912829
CAND_09220,6.6,32.0,Mestrado,Região Metropolitana,Híbrido,Masculino,Branca,0.7717075040535815
CAND_09221,3.4,34.0,Bacharelado,Região Metropolitana,Híbrido,Feminino,Branca,0.3125846501118075
CAND_09222,6.3,61.0,Mestrado,Região Metropolitana,Presencial,Feminino,Branca,0.5151894833663281
CAND_09223,6.3,79.0,Bacharelado,Região Metropolitana,Híbrido,Masculino,Branca,0.8612033605625414
CAND_09224,4.4,81.0,Bacharelado,Capitais,Presencial,Feminino,Preta,0.4933985301107401
CAND_09225,8.1,45.0,Bacharelado,Capitais,Presencial,Feminino,Branca,0.5576624346891056
CAND_09226,5.3,70.0,Bacharelado,Capitais,Híbrido,Masculino,Amarela,0.45646760679680853
CAND_09227,7.1,49.0,Bacharelado,Capitais,Híbrido,Masculino,Branca,0.7889635885685394
CAND_09228,6.5,64.0,Bacharelado,Capitais,Remoto,Masculino,Amarela,0.6360787232951357
CAND_09229,2.8,47.0,Bacharelado,Capitais,Híbrido,Masculino,Branca,0.6891447476390377
CAND_09230,2.1,33.0,Bacharelado,Região Metropolitana,Remoto,Não-binário,Branca,0.21692423875461994
CAND_09231,2.9,74.0,Bacharelado,Interior,Híbrido,Feminino,Parda,0.5734140933489073
CAND_09232,4.8,78.0,Mestrado,Região Metropolitana,Híbrido,Masculino,Parda,0.9196686480445373
CAND_09233,9.8,44.0,Bacharelado,Capitais,Remoto,Masculino,Preta,0.508792238480704
CAND_09234,4.9,64.0,Bacharelado,Interior,Híbrido,Masculino,Branca,0.49763467594873456
CAND_09235,6.1,48.0,Bacharelado,Interior,Presencial,Masculino,Branca,0.5071130503181636
CAND_09236,7.6,83.0,Ensino Médio,Capitais,Híbrido,Masculino,Branca,0.9020918258435098
CAND_09237,3.9,28.0,Bacharelado,Capitais,Presencial,Feminino,Parda,0.38809443895520546
CAND_09238,3.8,47.0,Ensino Médio,Capitais,Presencial,Feminino,Amarela,0.274498339647354
CAND_09239,8.2,28.0,Mestrado,Região Metropolitana,Presencial,Masculino,Indígena,0.5612155645385599
CAND_09240,6.7,26.0,Bacharelado,Capitais,Presencial,Feminino,Branca,0.526569841870627
CAND_09241,3.3,48.0,Bacharelado,Capitais,Presencial,Masculino,Preta,0.3380880742853882
CAND_09242,3.8,43.0,Bacharelado,Capitais,Remoto,Masculino,Branca,0.5684999097523274
CAND_09243,5.3,35.0,Doutorado,Capitais,Híbrido,Masculino,Amarela,0.5683580018187769
CAND_09244,6.0,63.0,Mestrado,Capitais,Híbrido,Masculino,Branca,0.7161506300415783
CAND_09245,8.7,69.0,Ensino Médio,Capitais,Remoto,Feminino,Amarela,0.24547214099926318
CAND_09246,6.6,58.0,Bacharelado,Região Metropolitana,Híbrido,Masculino,Preta,0.48264108401694794
CAND_09247,2.0,22.0,Ensino Médio,Região Metropolitana,Híbrido,Masculino,Branca,0.36205026428311293
CAND_09248,2.6,55.0,Ensino Médio,Região Metropolitana,Remoto,Feminino,Branca,0.38311697429361297
CAND_09249,5.9,55.0,Bacharelado,Capitais,Híbrido,Feminino,Indígena,0.4125463789999513
CAND_09250,5.4,37.0,Bacharelado,Capitais,Híbrido,Feminino,Branca,0.37845411155084674
CAND_09251,2.5,55.0,Bacharelado,Região Metropolitana,Presencial,Masculino,Branca,0.6229445100080145
CAND_09252,8.2,42.0,Bacharelado,Região Metropolitana,Presencial,Feminino,Parda,0.3758456489315537
CAND_09253,0.0,38.0,Mestrado,Região Metropolitana,Presencial,Feminino,Branca,0.2021021839441871
CAND_09254,6.0,32.0,Mestrado,Interior,Híbrido,Não-binário,Branca,0.3449654749611836
CAND_09255,0.4,63.0,Bacharelado,Interior,Híbrido,Masculino,Branca,0.6324738078003178
CAND_09256,7.6,69.0,Bacharelado,Interior,Híbrido,Masculino,Branca,0.7020763286418915
CAND_09257,4.2,48.0,Bacharelado,Capitais,Híbrido,Masculino,Preta,0.5651725024932561
CAND_09258,7.2,65.0,Bacharelado,Região Metropolitana,Remoto,Feminino,Amarela,0.4159455446952779
CAND_09259,3.8,73.0,Bacharelado,Interior,Remoto,Masculino,Amarela,0.3528857583760431
CAND_09260,9.0,52.0,Bacharelado,Região Metropolitana,Presencial,Feminino,Branca,0.5429443233434901
CAND_09261,0.0,49.0,Bacharelado,Região Metropolitana,Presencial,Masculino,Branca,0.7347413174552047
CAND_09262,7.6,57.0,Bacharelado,Região Metropolitana,Híbrido,Feminino,Branca,0.46396811047934133
CAND_09263,3.2,37.0,Bacharelado,Capitais,Presencial,Masculino,Branca,0.6204516780385737
CAND_09264,6.1,58.0,Mestrado,Capitais,Presencial,Feminino,Indígena,0.554127793084212
CAND_09265,6.3,52.0,Mestrado,Capitais,Presencial,Feminino,Branca,0.6695451604160354
CAND_09266,0.8,30.0,Bacharelado,Interior,Remoto,Masculino,Branca,0.3235187052610701
CAND_09267,8.0,31.0,Bacharelado,Capitais,Presencial,Feminino,Amarela,0.47926490979325265
CAND_09268,6.2,35.0,Bacharelado,Capitais,Híbrido,Masculino,Branca,0.6681403891883563
CAND_09269,5.4,58.0,Mestrado,Região Metropolitana,Híbrido,Feminino,Indígena,0.3767250062522783
CAND_09270,6.2,45.0,Bacharelado,Região Metropolitana,Presencial,Feminino,Branca,0.38818029916249125
CAND_09271,5.4,50.0,Bacharelado,Região Metropolitana,Remoto,Feminino,Preta,0.3420754240211692
CAND_09272,7.5,70.0,Bacharelado,Capitais,Híbrido,Masculino,Parda,0.6610271348092063
CAND_09273,3.6,57.0,Bacharelado,Capitais,Híbrido,Masculino,Amarela,0.46732374302562524
CAND_09274,7.5,40.0,Mestrado,Região Metropolitana,Presencial,Masculino,Branca,0.8318140959933473
CAND_09275,6.7,35.0,Bacharelado,Região Metropolitana,Remoto,Masculino,Indígena,0.5377349518732553
CAND_09276,4.5,55.0,Bacharelado,Capitais,Presencial,Masculino,Preta,0.6287245760227878
CAND_09277,10.5,35.0,Mestrado,Capitais,Híbrido,Masculino,Branca,0.916665768370363
CAND_09278,6.4,69.0,Bacharelado,Capitais,Híbrido,Feminino,Parda,0.4599829431110105
CAND_09279,5.6,54.0,Mestrado,Capitais,Presencial,Masculino,Parda,0.7784702756322877
CAND_09280,6.7,52.0,Mestrado,Região Metropolitana,Híbrido,Feminino,Branca,0.4241651289015576
CAND_09281,4.7,36.0,Ensino Médio,Região Metropolitana,Híbrido,Feminino,Branca,0.40114218836324683
CAND_09282,8.6,59.0,Bacharelado,Capitais,Presencial,Não-binário,Branca,0.4534629624722728
CAND_09283,4.9,67.0,Mestrado,Capitais,Presencial,Feminino,Branca,0.6176548032031847
CAND_09284,7.5,48.0,Bacharelado,Capitais,Híbrido,Masculino,Preta,0.3677714087858958
CAND_09285,1.8,64.0,Doutorado,Interior,Presencial,Masculino,Branca,0.5944106963902096
CAND_09286,0.0,44.0,Mestrado,Região Metropolitana,Híbrido,Masculino,Branca,0.5289318714692988
CAND_09287,6.2,49.0,Mestrado,Capitais,Híbrido,Masculino,Branca,0.7574392973517795
CAND_09288,3.8,81.0,Bacharelado,Capitais,Híbrido,Masculino,Preta,0.6389276447200964
CAND_09289,4.4,44.0,Bacharelado,Região Metropolitana,Remoto,Masculino,Branca,0.5432072980443023
CAND_09290,0.0,58.0,Bacharelado,Capitais,Híbrido,Masculino,Branca,0.5198246568858805
CAND_09291,10.1,44.0,Bacharelado,Capitais,Híbrido,Masculino,Preta,0.5420515301506271
CAND_09292,5.3,54.0,Bacharelado,Capitais,Híbrido,Masculino,Preta,0.549137540110333
CAND_09293,9.0,60.0,Mestrado,Capitais,Presencial,Masculino,Branca,0.8494842643761399
CAND_09294,0.8,36.0,Mestrado,Região Metropolitana,Remoto,Masculino,Amarela,0.42036677656503835
CAND_09295,5.3,39.0,Bacharelado,Interior,Remoto,Masculino,Indígena,0.3513478388766036
CAND_09296,6.2,59.0,Bacharelado,Capitais,Remoto,Masculino,Parda,0.6917260452975772
CAND_09297,5.4,52.0,Bacharelado,Região Metropolitana,Presencial,Feminino,Branca,0.5404787292468104
CAND_09298,5.7,68.0,Ensino Médio,Interior,Remoto,Feminino,Branca,0.5031352032049572
CAND_09299,0.8,54.0,Ensino Médio,Capitais,Remoto,Feminino,Branca,0.4424800412658489
CAND_09300,6.0,78.0,Mestrado,Interior,Remoto,Masculino,Branca,0.7445235222545893
CAND_09301,2.5,60.0,Bacharelado,Capitais,Remoto,Masculino,Amarela,0.35758283971595256
CAND_09302,3.1,78.0,Bacharelado,Capitais,Híbrido,Masculino,Branca,0.7748038226961342
CAND_09303,5.0,75.0,Bacharelado,Capitais,Presencial,Masculino,Branca,0.7038783709508503
CAND_09304,3.9,40.0,Bacharelado,Região Metropolitana,Híbrido,Feminino,Branca,0.42133573786130457
CAND_09305,4.1,72.0,Ensino Médio,Interior,Presencial,Feminino,Parda,0.27489917027987876
CAND_09306,8.4,64.0,Mestrado,Capitais,Remoto,Masculino,Branca,1.0
CAND_09307,4.5,63.0,Bacharelado,Região Metropolitana,Presencial,Feminino,Branca,0.6143546819516995
CAND_09308,3.8,68.0,Bacharelado,Capitais,Presencial,Feminino,Branca,0.608474340455576
CAND_09309,4.6,45.0,Ensino Médio,Capitais,Presencial,Feminino,Branca,0.28044426454236143
CAND_09310,1.7,55.0,Ensino Médio,Capitais,Híbrido,Feminino,Branca,0.3210489530113386
CAND_09311,5.5,44.0,Ensino Médio,Região Metropolitana,Híbrido,Feminino,Preta,0.24494976840608534
CAND_09312,7.2,85.0,Bacharelado,Capitais,Híbrido,Masculino,Parda,0.8193768917148535
CAND_09313,5.9,39.0,Bacharelado,Capitais,Presencial,Feminino,Amarela,0.32687113366330983
CAND_09314,5.1,31.0,Bacharelado,Capitais,Híbrido,Não-binário,Preta,0.0
CAND_09315,6.8,38.0,Bacharelado,Região Metropolitana,Remoto,Masculino,Parda,0.4320297813552858
CAND_09316,3.3,49.0,Bacharelado,Capitais,Remoto,Masculino,Branca,0.6330519184551552
CAND_09317,5.1,49.0,Bacharelado,Capitais,Híbrido,Feminino,Branca,0.5584885895255519
CAND_09318,9.2,63.0,Mestrado,Capitais,Presencial,Masculino,Branca,0.7411313444710039
CAND_09319,4.1,50.0,Bacharelado,Capitais,Remoto,Masculino,Indígena,0.6017318100164584
CAND_09320,6.8,43.0,Mestrado,Capitais,Presencial,Feminino,Branca,0.6102834990761155
CAND_09321,6.9,57.0,Bacharelado,Capitais,Remoto,Feminino,Branca,0.6763028830097859
CAND_09322,2.7,67.0,Bacharelado,Interior,Presencial,Masculino,Parda,0.4587070203138587
CAND_09323,7.1,53.0,Bacharelado,Interior,Remoto,Masculino,Branca,0.7412926341044584
CAND_09324,3.2,63.0,Mestrado,Capitais,Presencial,Não-binário,Branca,0.4324706077802314
CAND_09325,6.3,51.0,Bacharelado,Capitais,Híbrido,Feminino,Parda,0.28736782307210634
CAND_09326,3.1,46.0,Bacharelado,Capitais,Híbrido,Não-binário,Branca,0.40353853366690223
CAND_09327,5.8,60.0,Bacharelado,Capitais,Presencial,Feminino,Parda,0.5886996256958519
CAND_09328,5.4,53.0,Bacharelado,Capitais,Híbrido,Masculino,Parda,0.6042221383259099
CAND_09329,5.3,65.0,Bacharelado,Região Metropolitana,Híbrido,Masculino,Branca,0.7414248831231056
CAND_09330,5.8,73.0,Bacharelado,Capitais,Híbrido,Masculino,Preta,0.6632280635375567
CAND_09331,3.4,48.0,Bacharelado,Interior,Presencial,Masculino,Amarela,0.45181362884092824
CAND_09332,1.5,60.0,Mestrado,Capitais,Híbrido,Masculino,Branca,0.7992242036624069
CAND_09333,5.2,66.0,Bacharelado,Capitais,Híbrido,Masculino,Indígena,0.5953669849637766
CAND_09334,8.3,56.0,Mestrado,Região Metropolitana,Presencial,Masculino,Branca,0.7701919316575094
CAND_09335,6.7,58.0,Mestrado,Interior,Presencial,Masculino,Indígena,0.47912117597119075
CAND_09336,6.3,52.0,Mestrado,Região Metropolitana,Remoto,Masculino,Branca,0.7394924525628315
CAND_09337,3.5,54.0,Ensino Médio,Capitais,Presencial,Feminino,Branca,0.5124966109301549
CAND_09338,5.6,58.0,Bacharelado,Capitais,Híbrido,Masculino,Branca,0.6509523231445584
CAND_09339,2.5,41.0,Doutorado,Capitais,Presencial,Masculino,Branca,0.6557200803111568
CAND_09340,3.7,25.0,Bacharelado,Região Metropolitana,Remoto,Feminino,Branca,0.39567229515995644
CAND_09341,6.1,49.0,Bacharelado,Capitais,Presencial,Feminino,Parda,0.4526731273427841
CAND_09342,0.0,47.0,Bacharelado,Capitais,Híbrido,Feminino,Branca,0.4056540709932445
CAND_09343,10.2,74.0,Mestrado,Capitais,Híbrido,Feminino,Branca,0.8140342526579207
CAND_09344,1.0,54.0,Ensino Médio,Capitais,Híbrido,Feminino,Parda,0.32138949037437614
CAND_09345,10.7,58.0,Ensino Médio,Capitais,Remoto,Masculino,Indígena,0.5621056345473486
CAND_09346,2.5,44.0,Bacharelado,Região Metropolitana,Remoto,Masculino,Branca,0.7389881814542919
CAND_09347,2.5,41.0,Bacharelado,Região Metropolitana,Remoto,Masculino,Branca,0.6034518895315207
CAND_09348,3.8,37.0,Bacharelado,Região Metropolitana,Híbrido,Masculino,Branca,0.669090127038043
CAND_09349,3.7,31.0,Bacharelado,Região Metropolitana,Presencial,Feminino,Amarela,0.12602670065537755
CAND_09350,3.2,61.0,Bacharelado,Região Metropolitana,Híbrido,Masculino,Branca,0.6888968661751208
CAND_09351,3.9,55.0,Mestrado,Capitais,Presencial,Masculino,Branca,0.8693272358167572
CAND_09352,5.3,72.0,Bacharelado,Região Metropolitana,Híbrido,Feminino,Indígena,0.426893364751188
CAND_09353,2.3,58.0,Bacharelado,Região Metropolitana,Presencial,Feminino,Branca,0.4326896755401907
CAND_09354,7.5,54.0,Ensino Médio,Capitais,Remoto,Masculino,Branca,0.6135112411499787
CAND_09355,9.2,20.0,Mestrado,Capitais,Híbrido,Masculino,Branca,0.5124099245163061
CAND_09356,0.0,79.0,Mestrado,Região Metropolitana,Presencial,Masculino,Branca,0.8988671038811821
CAND_09357,10.6,51.0,Mestrado,Capitais,Híbrido,Masculino,Branca,0.86813490654441
CAND_09358,7.3,19.0,Bacharelado,Região Metropolitana,Híbrido,Masculino,Branca,0.8164001184591991
CAND_09359,5.8,53.0,Bacharelado,Capitais,Híbrido,Feminino,Branca,0.5866006581927692
CAND_09360,3.3,38.0,Bacharelado,Capitais,Presencial,Feminino,Branca,0.3569481681703201
CAND_09361,5.5,37.0,Bacharelado,Capitais,Remoto,Masculino,Branca,0.6416251280446704
CAND_09362,7.7,54.0,Bacharelado,Capitais,Presencial,Masculino,Preta,0.6779023756834452
CAND_09363,12.8,41.0,Mestrado,Interior,Presencial,Não-binário,Indígena,0.4624035941948529
CAND_09364,11.6,65.0,Bacharelado,Capitais,Híbrido,Masculino,Branca,0.9856937238340769
CAND_09365,0.4,48.0,Ensino Médio,Capitais,Híbrido,Feminino,Branca,0.19852364520841637
CAND_09366,4.4,56.0,Bacharelado,Capitais,Presencial,Masculino,Branca,0.5586875585652663
CAND_09367,5.2,58.0,Bacharelado,Capitais,Híbrido,Masculino,Branca,0.8653479177583221
CAND_09368,9.0,54.0,Bacharelado,Capitais,Presencial,Masculino,Branca,0.856694967891896
CAND_09369,4.7,53.0,Ensino Médio,Capitais,Presencial,Feminino,Branca,0.6125360072234203
CAND_09370,2.7,52.0,Bacharelado,Região Metropolitana,Presencial,Feminino,Preta,0.15484121901485895
CAND_09371,5.2,72.0,Bacharelado,Capitais,Híbrido,Masculino,Preta,0.4475118805763289
CAND_09372,3.8,63.0,Ensino Médio,Capitais,Remoto,Masculino,Indígena,0.5603739379622606
CAND_09373,8.0,40.0,Ensino Médio,Capitais,Híbrido,Masculino,Indígena,0.5662083338736594
CAND_09374,12.2,33.0,Bacharelado,Capitais,Remoto,Masculino,Branca,0.6991989966898596
CAND_09375,7.7,38.0,Mestrado,Capitais,Híbrido,Masculino,Branca,0.6312805796315633
CAND_09376,7.9,56.0,Doutorado,Região Metropolitana,Presencial,Feminino,Branca,0.6985316939711297
CAND_09377,8.7,33.0,Ensino Médio,Capitais,Remoto,Masculino,Amarela,0.3705107423796169
CAND_09378,6.4,40.0,Mestrado,Interior,Remoto,Masculino,Preta,0.5392705248402438
CAND_09379,3.8,30.0,Bacharelado,Capitais,Remoto,Masculino,Preta,0.5100897554535762
CAND_09380,4.1,64.0,Ensino Médio,Capitais,Presencial,Masculino,Preta,0.5156956317284912
CAND_09381,8.3,60.0,Bacharelado,Região Metropolitana,Remoto,Masculino,Branca,0.9243575069409237
CAND_09382,5.9,63.0,Bacharelado,Região Metropolitana,Remoto,Masculino,Branca,0.7783122750056247
CAND_09383,2.1,43.0,Bacharelado,Interior,Remoto,Masculino,Branca,0.4421198628787127
CAND_09384,8.9,24.0,Ensino Médio,Região Metropolitana,Híbrido,Feminino,Amarela,0.3354384866640545
CAND_09385,2.7,37.0,Mestrado,Capitais,Presencial,Masculino,Branca,0.7061986065751169
CAND_09386,1.6,30.0,Ensino Médio,Capitais,Presencial,Feminino,Branca,0.2617180583442632
CAND_09387,2.4,30.0,Bacharelado,Capitais,Híbrido,Masculino,Amarela,0.2672995957854758
CAND_09388,5.9,67.0,Bacharelado,Capitais,Remoto,Masculino,Amarela,0.5180476643533576
CAND_09389,7.9,46.0,Mestrado,Capitais,Híbrido,Feminino,Preta,0.4570287218961418
CAND_09390,5.8,54.0,Doutorado,Capitais,Híbrido,Masculino,Indígena,0.6750956093852343
CAND_09391,3.3,67.0,Ensino Médio,Região Metropolitana,Híbrido,Feminino,Branca,0.612091961270545
CAND_09392,2.6,35.0,Bacharelado,Região Metropolitana,Remoto,Feminino,Preta,0.1568575930284244
CAND_09393,7.3,59.0,Bacharelado,Capitais,Presencial,Feminino,Branca,0.6624086661859399
CAND_09394,4.7,28.0,Bacharelado,Capitais,Remoto,Feminino,Branca,0.3418518994096368
CAND_09395,6.0,54.0,Bacharelado,Capitais,Remoto,Masculino,Branca,0.6906974643844841
CAND_09396,4.6,66.0,Bacharelado,Região Metropolitana,Remoto,Não-binário,Amarela,0.1191161925936681
CAND_09397,5.9,33.0,Bacharelado,Capitais,Híbrido,Masculino,Branca,0.5742009450650906
CAND_09398,6.2,62.0,Ensino Médio,Região Metropolitana,Híbrido,Feminino,Branca,0.414832855608646
CAND_09399,12.3,53.0,Mestrado,Capitais,Híbrido,Masculino,Parda,0.8386574282774701
CAND_09400,6.2,43.0,Bacharelado,Capitais,Presencial,Masculino,Preta,0.6442355259460532
CAND_09401,3.8,32.0,Mestrado,Interior,Híbrido,Não-binário,Branca,0.19942347355920953
CAND_09402,5.5,54.0,Bacharelado,Capitais,Presencial,Feminino,Parda,0.6085303806970054
CAND_09403,2.2,57.0,Mestrado,Capitais,Híbrido,Feminino,Branca,0.4122426911289564
CAND_09404,2.1,45.0,Ensino Médio,Capitais,Remoto,Masculino,Branca,0.517413961560146
CAND_09405,8.7,35.0,Mestrado,Capitais,Presencial,Feminino,Branca,0.5855599368095404
CAND_09406,5.9,61.0,Mestrado,Capitais,Presencial,Masculino,Parda,0.8616427974428142
CAND_09407,8.4,68.0,Bacharelado,Região Metropolitana,Híbrido,Feminino,Branca,0.591698195897089
CAND_09408,0.1,64.0,Bacharelado,Região Metropolitana,Híbrido,Não-binário,Branca,0.33948953297798307
CAND_09409,2.1,74.0,Bacharelado,Região Metropolitana,Híbrido,Masculino,Branca,0.7645529182385155
CAND_09410,5.9,40.0,Mestrado,Capitais,Presencial,Masculino,Branca,0.7475308628902629
CAND_09411,2.5,29.0,Bacharelado,Interior,Presencial,Masculino,Branca,0.27100164904968327
CAND_09412,0.7,56.0,Bacharelado,Região Metropolitana,Presencial,Masculino,Preta,0.4943702411340031
CAND_09413,1.8,44.0,Doutorado,Capitais,Híbrido,Não-binário,Branca,0.49758694849620905
CAND_09414,4.0,65.0,Bacharelado,Capitais,Presencial,Masculino,Branca,0.7603977753818569
CAND_09415,6.2,34.0,Mestrado,Capitais,Remoto,Não-binário,Preta,0.23052827823396876
CAND_09416,10.1,36.0,Mestrado,Capitais,Remoto,Feminino,Branca,0.4551509251238918
CAND_09417,1.8,51.0,Bacharelado,Capitais,Remoto,Masculino,Branca,0.49170313869312293
CAND_09418,2.0,53.0,Mestrado,Capitais,Remoto,Feminino,Branca,0.6844455084789139
CAND_09419,0.6,60.0,Bacharelado,Capitais,Híbrido,Masculino,Branca,0.6197911884678816
CAND_09420,6.7,49.0,Bacharelado,Capitais,Híbrido,Masculino,Branca,0.723524609410635
CAND_09421,5.4,21.0,Bacharelado,Capitais,Híbrido,Masculino,Branca,0.5615439358162733
CAND_09422,2.1,100.0,Doutorado,Capitais,Presencial,Masculino,Branca,0.9656025048144968
CAND_09423,2.5,51.0,Mestrado,Capitais,Presencial,Feminino,Branca,0.44020036764420695
CAND_09424,4.6,93.0,Bacharelado,Capitais,Híbrido,Masculino,Branca,0.8251513113663977
CAND_09425,4.8,48.0,Bacharelado,Capitais,Remoto,Feminino,Parda,0.42049484240914925
CAND_09426,1.9,34.0,Mestrado,Capitais,Remoto,Masculino,Amarela,0.46896616270512914
CAND_09427,5.5,45.0,Ensino Médio,Capitais,Remoto,Feminino,Branca,0.5024785498679828
CAND_09428,0.9,67.0,Bacharelado,Capitais,Híbrido,Masculino,Branca,0.6842158494675864
CAND_09429,5.1,59.0,Bacharelado,Capitais,Presencial,Masculino,Branca,0.5573308703584392
CAND_09430,4.5,55.0,Bacharelado,Região Metropolitana,Híbrido,Masculino,Preta,0.5073906496938296
CAND_09431,6.2,49.0,Mestrado,Capitais,Remoto,Feminino,Branca,0.6350037785588292
CAND_09432,8.6,52.0,Mestrado,Capitais,Remoto,Não-binário,Branca,0.44278668053753745
CAND_09433,3.9,48.0,Doutorado,Região Metropolitana,Híbrido,Masculino,Branca,0.7113224865322991
CAND_09434,5.0,68.0,Bacharelado,Capitais,Remoto,Feminino,Parda,0.49184345313718286
CAND_09435,0.0,64.0,Ensino Médio,Capitais,Remoto,Feminino,Preta,0.2693536603293806
CAND_09436,10.9,36.0,Bacharelado,Capitais,Híbrido,Masculino,Branca,0.827183548817801
CAND_09437,0.0,28.0,Mestrado,Capitais,Híbrido,Masculino,Branca,0.44386793697665267
CAND_09438,4.8,32.0,Bacharelado,Capitais,Híbrido,Masculino,Branca,0.828724755600458
CAND_09439,0.0,45.0,Bacharelado,Interior,Presencial,Feminino,Branca,0.2296393504076019
CAND_09440,2.5,53.0,Bacharelado,Capitais,Híbrido,Masculino,Parda,0.6853512976598087
CAND_09441,10.2,49.0,Bacharelado,Capitais,Presencial,Masculino,Preta,0.5349157606036308
CAND_09442,8.4,59.0,Bacharelado,Região Metropolitana,Remoto,Feminino,Preta,0.21964169811432838
CAND_09443,8.0,50.0,Bacharelado,Capitais,Híbrido,Masculino,Parda,0.6599035285870215
CAND_09444,4.4,74.0,Mestrado,Região Metropolitana,Híbrido,Feminino,Branca,0.4010685201158083
CAND_09445,10.0,58.0,Bacharelado,Capitais,Presencial,Masculino,Preta,0.38828556278165927
CAND_09446,5.8,50.0,Bacharelado,Capitais,Presencial,Feminino,Parda,0.43975791261408126
CAND_09447,7.1,27.0,Mestrado,Capitais,Presencial,Feminino,Branca,0.4335895957887013
CAND_09448,12.9,55.0,Bacharelado,Capitais,Híbrido,Masculino,Preta,0.5991686042713555
CAND_09449,8.3,57.0,Mestrado,Região Metropolitana,Híbrido,Masculino,Preta,0.45212420458312597
CAND_09450,4.8,39.0,Bacharelado,Capitais,Híbrido,Masculino,Amarela,0.6804224128983447
CAND_09451,6.5,33.0,Bacharelado,Capitais,Híbrido,Feminino,Branca,0.49641414865684386
CAND_09452,9.2,66.0,Bacharelado,Capitais,Híbrido,Masculino,Branca,0.853024072290944
CAND_09453,6.9,35.0,Bacharelado,Região Metropolitana,Presencial,Feminino,Amarela,0.3610904796924549
CAND_09454,7.3,52.0,Bacharelado,Capitais,Híbrido,Masculino,Branca,0.9718711304937049
CAND_09455,8.9,50.0,Ensino Médio,Região Metropolitana,Presencial,Masculino,Branca,0.5493062308247407
CAND_09456,12.6,57.0,Bacharelado,Capitais,Remoto,Masculino,Branca,0.9160369183590018
CAND_09457,2.2,36.0,Mestrado,Capitais,Híbrido,Masculino,Branca,0.5981091766337903
CAND_09458,7.1,48.0,Bacharelado,Região Metropolitana,Presencial,Masculino,Branca,0.7422278397946508
CAND_09459,6.4,35.0,Bacharelado,Capitais,Remoto,Feminino,Amarela,0.28620336744465674
CAND_09460,3.8,51.0,Mestrado,Interior,Remoto,Masculino,Branca,0.4956220550536204
CAND_09461,3.1,58.0,Doutorado,Capitais,Híbrido,Masculino,Branca,0.8939748813278765
CAND_09462,10.0,63.0,Bacharelado,Região Metropolitana,Presencial,Masculino,Branca,0.7954599730775395
CAND_09463,1.9,72.0,Bacharelado,Capitais,Híbrido,Feminino,Branca,0.5616000631573628
CAND_09464,0.8,46.0,Bacharelado,Região Metropolitana,Híbrido,Masculino,Amarela,0.43529727208242025
CAND_09465,3.3,46.0,Ensino Médio,Região Metropolitana,Presencial,Feminino,Preta,0.18444997843543737
CAND_09466,0.0,69.0,Bacharelado,Região Metropolitana,Híbrido,Feminino,Branca,0.3728502776704731
CAND_09467,2.5,59.0,Ensino Médio,Região Metropolitana,Remoto,Masculino,Branca,0.5566952823167802
CAND_09468,1.8,69.0,Mestrado,Capitais,Híbrido,Feminino,Preta,0.27940230082539796
CAND_09469,5.3,79.0,Mestrado,Região Metropolitana,Presencial,Masculino,Branca,0.7097060832801995
CAND_09470,9.3,37.0,Bacharelado,Região Metropolitana,Remoto,Masculino,Preta,0.4219781477441004
CAND_09471,3.2,62.0,Bacharelado,Interior,Remoto,Feminino,Amarela,0.2086711018146276
CAND_09472,7.6,41.0,Bacharelado,Capitais,Híbrido,Masculino,Amarela,0.417196748998106
CAND_09473,7.3,73.0,Mestrado,Interior,Presencial,Feminino,Branca,0.5475275034247691
CAND_09474,0.0,32.0,Mestrado,Região Metropolitana,Presencial,Masculino,Parda,0.5734771724306689
CAND_09475,3.3,64.0,Ensino Médio,Capitais,Remoto,Masculino,Branca,0.7815799266540167
CAND_09476,3.9,42.0,Mestrado,Capitais,Híbrido,Feminino,Branca,0.3233735322944609
CAND_09477,6.1,58.0,Mestrado,Região Metropolitana,Remoto,Masculino,Branca,0.49479963462578164
CAND_09478,6.7,69.0,Ensino Médio,Região Metropolitana,Híbrido,Masculino,Branca,0.6972108235753187
CAND_09479,6.0,40.0,Mestrado,Região Metropolitana,Presencial,Masculino,Preta,0.38767782830805253
CAND_09480,2.3,28.0,Bacharelado,Região Metropolitana,Híbrido,Masculino,Branca,0.38320999533227046
CAND_09481,3.1,46.0,Bacharelado,Capitais,Híbrido,Masculino,Preta,0.3687020201427857
CAND_09482,0.5,44.0,Bacharelado,Capitais,Remoto,Masculino,Amarela,0.3210262328392508
CAND_09483,5.2,31.0,Bacharelado,Região Metropolitana,Presencial,Feminino,Branca,0.2942085622492239
CAND_09484,3.9,20.0,Bacharelado,Capitais,Híbrido,Masculino,Branca,0.47813705585225397
CAND_09485,6.6,68.0,Mestrado,Capitais,Híbrido,Masculino,Branca,0.8557171348337524
CAND_09486,7.1,72.0,Bacharelado,Capitais,Híbrido,Feminino,Branca,0.4058581865279941
CAND_09487,4.0,41.0,Bacharelado,Região Metropolitana,Híbrido,Masculino,Branca,0.5775301126414815
CAND_09488,5.8,46.0,Bacharelado,Interior,Híbrido,Masculino,Preta,0.5860757389450795
CAND_09489,4.4,62.0,Mestrado,Capitais,Híbrido,Feminino,Branca,0.6682542045582313
CAND_09490,1.7,62.0,Bacharelado,Capitais,Híbrido,Feminino,Amarela,0.2389667466149967
CAND_09491,2.6,77.0,Ensino Médio,Capitais,Presencial,Feminino,Branca,0.6178978424775123
CAND_09492,0.0,59.0,Doutorado,Interior,Híbrido,Não-binário,Branca,0.4792916541756938
CAND_09493,3.8,35.0,Bacharelado,Capitais,Híbrido,Masculino,Branca,0.6451223681829809
CAND_09494,3.2,62.0,Mestrado,Capitais,Remoto,Masculino,Branca,0.64380466827705
CAND_09495,1.7,40.0,Bacharelado,Capitais,Presencial,Masculino,Preta,0.26300966611946197
CAND_09496,7.5,49.0,Bacharelado,Capitais,Híbrido,Não-binário,Branca,0.406586446266549
CAND_09497,6.6,67.0,Bacharelado,Capitais,Híbrido,Masculino,Preta,0.3899198356205341
CAND_09498,6.7,36.0,Doutorado,Capitais,Híbrido,Feminino,Preta,0.4303935191314898
CAND_09499,7.1,49.0,Bacharelado,Capitais,Híbrido,Masculino,Branca,0.9479527056111882
CAND_09500,5.0,32.0,Bacharelado,Capitais,Presencial,Feminino,Branca,0.43221218372907677
CAND_09501,5.0,35.0,Bacharelado,Capitais,Presencial,Não-binário,Branca,0.3204373806645272
CAND_09502,7.5,42.0,Ensino Médio,Capitais,Presencial,Masculino,Branca,0.7368697920446968
CAND_09503,7.0,74.0,Mestrado,Capitais,Remoto,Feminino,Branca,0.8023652827714759
CAND_09504,8.1,51.0,Doutorado,Capitais,Presencial,Feminino,Branca,0.5963573469754869
CAND_09505,4.9,90.0,Mestrado,Região Metropolitana,Híbrido,Masculino,Branca,0.8842776514737352
CAND_09506,2.0,64.0,Bacharelado,Interior,Presencial,Feminino,Parda,0.12391369257943982
CAND_09507,5.7,65.0,Mestrado,Capitais,Híbrido,Masculino,Branca,0.836800318180591
CAND_09508,3.3,34.0,Bacharelado,Capitais,Remoto,Masculino,Branca,0.5018793303854054
CAND_09509,7.0,48.0,Bacharelado,Interior,Híbrido,Masculino,Indígena,0.46195591052905455
CAND_09510,5.9,33.0,Bacharelado,Capitais,Híbrido,Feminino,Branca,0.3952652868809115
CAND_09511,5.2,45.0,Mestrado,Capitais,Híbrido,Masculino,Branca,0.7353991855013156
CAND_09512,3.8,43.0,Bacharelado,Interior,Híbrido,Masculino,Amarela,0.5136439082501831
CAND_09513,8.0,49.0,Bacharelado,Interior,Presencial,Masculino,Branca,0.6161497174371967
CAND_09514,7.8,62.0,Ensino Médio,Região Metropolitana,Remoto,Masculino,Branca,0.7518521031830816
CAND_09515,3.3,46.0,Mestrado,Capitais,Híbrido,Feminino,Amarela,0.28321429009308435
CAND_09516,1.3,63.0,Bacharelado,Capitais,Presencial,Masculino,Preta,0.25213446896998215
CAND_09517,5.5,28.0,Bacharelado,Interior,Híbrido,Masculino,Parda,0.3583870201651573
CAND_09518,8.6,57.0,Bacharelado,Região Metropolitana,Remoto,Masculino,Branca,0.6956763521413449
CAND_09519,1.2,43.0,Bacharelado,Região Metropolitana,Híbrido,Masculino,Branca,0.6040299982966373
CAND_09520,6.4,54.0,Bacharelado,Capitais,Presencial,Masculino,Branca,0.7824222554294559
CAND_09521,2.5,63.0,Bacharelado,Região Metropolitana,Híbrido,Masculino,Preta,0.43382715532840743
CAND_09522,1.9,28.0,Bacharelado,Região Metropolitana,Híbrido,Feminino,Preta,0.13971256923502529
CAND_09523,7.8,72.0,Bacharelado,Região Metropolitana,Híbrido,Masculino,Branca,0.6784889814253044
CAND_09524,7.0,47.0,Bacharelado,Região Metropolitana,Remoto,Masculino,Amarela,0.6829192624198095
CAND_09525,4.5,78.0,Bacharelado,Capitais,Híbrido,Masculino,Branca,0.6340710096123263
CAND_09526,7.4,51.0,Bacharelado,Região Metropolitana,Híbrido,Masculino,Branca,0.5694691143554328
CAND_09527,7.1,70.0,Mestrado,Capitais,Híbrido,Feminino,Branca,0.7092974218206497
CAND_09528,0.5,51.0,Bacharelado,Capitais,Remoto,Feminino,Amarela,0.10521158015436231
CAND_09529,5.3,54.0,Bacharelado,Região Metropolitana,Híbrido,Masculino,Branca,0.6769900735158539
CAND_09530,9.2,52.0,Bacharelado,Região Metropolitana,Presencial,Masculino,Branca,0.6694522142040966
CAND_09531,6.4,47.0,Bacharelado,Região Metropolitana,Remoto,Masculino,Parda,0.6667389038642574
CAND_09532,0.0,46.0,Bacharelado,Capitais,Presencial,Feminino,Preta,0.13022830429476012
CAND_09533,1.8,53.0,Bacharelado,Capitais,Remoto,Feminino,Branca,0.39034286967862863
CAND_09534,8.0,58.0,Bacharelado,Capitais,Remoto,Não-binário,Parda,0.48944653272601774
CAND_09535,3.3,54.0,Bacharelado,Capitais,Presencial,Masculino,Branca,0.8844657726063483
CAND_09536,8.4,58.0,Ensino Médio,Capitais,Remoto,Masculino,Branca,0.7415123943416816
CAND_09537,11.1,27.0,Bacharelado,Região Metropolitana,Híbrido,Feminino,Branca,0.3406268806232621
CAND_09538,4.3,64.0,Mestrado,Capitais,Híbrido,Masculino,Branca,0.6103266080627381
CAND_09539,3.1,39.0,Bacharelado,Capitais,Presencial,Feminino,Parda,0.3002815256491945
CAND_09540,2.0,25.0,Mestrado,Região Metropolitana,Híbrido,Masculino,Branca,0.5644231288929925
CAND_09541,7.3,78.0,Bacharelado,Capitais,Híbrido,Não-binário,Branca,0.75350235713574
CAND_09542,3.2,71.0,Bacharelado,Região Metropolitana,Híbrido,Masculino,Parda,0.7369864906973802
CAND_09543,3.8,50.0,Bacharelado,Região Metropolitana,Presencial,Masculino,Preta,0.29792225177197346
CAND_09544,1.7,66.0,Mestrado,Região Metropolitana,Híbrido,Masculino,Amarela,0.3644461424529168
CAND_09545,3.7,45.0,Bacharelado,Capitais,Remoto,Feminino,Branca,0.4333140660327372
CAND_09546,2.9,43.0,Bacharelado,Capitais,Remoto,Masculino,Branca,0.6187687565397731
CAND_09547,0.0,41.0,Bacharelado,Capitais,Presencial,Masculino,Amarela,0.3237201971987698
CAND_09548,2.5,40.0,Mestrado,Capitais,Híbrido,Feminino,Indígena,0.37402282160957256
CAND_09549,7.2,46.0,Mestrado,Região Metropolitana,Híbrido,Masculino,Branca,0.6336940300681325
CAND_09550,9.0,39.0,Bacharelado,Capitais,Híbrido,Não-binário,Branca,0.46743394936547433
CAND_09551,4.7,7.0,Ensino Médio,Capitais,Híbrido,Masculino,Branca,0.5006423276670533
CAND_09552,5.1,47.0,Bacharelado,Capitais,Híbrido,Masculino,Branca,0.5332822357049457
CAND_09553,5.9,35.0,Mestrado,Região Metropolitana,Híbrido,Masculino,Preta,0.4399798274957707
CAND_09554,10.9,54.0,Bacharelado,Capitais,Presencial,Masculino,Branca,0.9302455062215739
CAND_09555,2.0,46.0,Bacharelado,Capitais,Híbrido,Feminino,Branca,0.5008357295902068
CAND_09556,1.2,60.0,Bacharelado,Capitais,Presencial,Feminino,Branca,0.4613760593340175
CAND_09557,4.8,50.0,Mestrado,Capitais,Remoto,Masculino,Branca,0.6356114834399758
CAND_09558,6.2,31.0,Bacharelado,Capitais,Remoto,Masculino,Branca,0.5609525734934188
CAND_09559,4.9,31.0,Bacharelado,Região Metropolitana,Remoto,Masculino,Branca,0.5509779186178324
CAND_09560,0.9,31.0,Ensino Médio,Região Metropolitana,Remoto,Feminino,Branca,0.2571492474652812
CAND_09561,7.7,37.0,Mestrado,Capitais,Presencial,Masculino,Branca,0.6526124579827124
CAND_09562,4.6,39.0,Bacharelado,Capitais,Híbrido,Feminino,Branca,0.48221011568801053
CAND_09563,6.7,64.0,Mestrado,Capitais,Remoto,Feminino,Branca,0.5769632918607155
CAND_09564,9.7,53.0,Ensino Médio,Região Metropolitana,Remoto,Feminino,Branca,0.47236331794820846
CAND_09565,0.6,22.0,Mestrado,Capitais,Presencial,Masculino,Preta,0.3656114027004733
CAND_09566,0.0,37.0,Doutorado,Capitais,Remoto,Masculino,Preta,0.15132457298921442
CAND_09567,6.7,49.0,Bacharelado,Capitais,Híbrido,Feminino,Preta,0.2756110382417023
CAND_09568,0.0,35.0,Bacharelado,Capitais,Híbrido,Masculino,Branca,0.5166733976197372
CAND_09569,3.8,51.0,Bacharelado,Região Metropolitana,Híbrido,Feminino,Branca,0.32382237699037547
CAND_09570,3.3,37.0,Doutorado,Região Metropolitana,Presencial,Masculino,Branca,0.8511907422199085
CAND_09571,6.1,48.0,Bacharelado,Capitais,Híbrido,Feminino,Branca,0.4081342019741629
CAND_09572,3.0,41.0,Ensino Médio,Capitais,Presencial,Masculino,Branca,0.65228659308148
CAND_09573,6.5,52.0,Bacharelado,Capitais,Remoto,Feminino,Branca,0.6068612169005547
CAND_09574,1.8,72.0,Bacharelado,Capitais,Presencial,Masculino,Preta,0.5116218479115401
CAND_09575,1.3,63.0,Mestrado,Capitais,Remoto,Não-binário,Amarela,0.16698052383719914
CAND_09576,5.1,34.0,Bacharelado,Região Metropolitana,Remoto,Masculino,Indígena,0.511217869159488
CAND_09577,5.3,88.0,Mestrado,Capitais,Híbrido,Masculino,Parda,0.7862655231704594
CAND_09578,5.9,68.0,Mestrado,Capitais,Presencial,Masculino,Parda,0.5664557369787704
CAND_09579,9.4,40.0,Bacharelado,Interior,Remoto,Não-binário,Branca,0.33856742602480133
CAND_09580,8.8,37.0,Bacharelado,Capitais,Remoto,Masculino,Branca,0.737037536470583
CAND_09581,6.4,55.0,Bacharelado,Capitais,Híbrido,Feminino,Parda,0.5730968870989237
CAND_09582,7.4,61.0,Ensino Médio,Capitais,Presencial,Masculino,Branca,0.6685383228878135
CAND_09583,5.8,77.0,Bacharelado,Interior,Híbrido,Masculino,Branca,0.8568949422894607
CAND_09584,8.5,58.0,Bacharelado,Capitais,Remoto,Masculino,Preta,0.5489693608393881
CAND_09585,6.1,40.0,Bacharelado,Capitais,Presencial,Masculino,Branca,0.7759264780850107
CAND_09586,3.3,42.0,Bacharelado,Capitais,Híbrido,Masculino,Preta,0.45387339740981425
CAND_09587,2.7,59.0,Ensino Médio,Capitais,Remoto,Feminino,Branca,0.48834271495038617
CAND_09588,8.5,30.0,Doutorado,Capitais,Híbrido,Masculino,Branca,0.9090375951460943
CAND_09589,4.5,72.0,Ensino Médio,Capitais,Híbrido,Masculino,Parda,0.6536142885796022
CAND_09590,10.8,42.0,Bacharelado,Região Metropolitana,Remoto,Masculino,Parda,0.7410682878505599
CAND_09591,1.7,64.0,Doutorado,Região Metropolitana,Híbrido,Masculino,Branca,0.7321516101485748
CAND_09592,8.8,68.0,Bacharelado,Região Metropolitana,Remoto,Feminino,Amarela,0.38934717004274527
CAND_09593,3.7,96.0,Mestrado,Capitais,Híbrido,Masculino,Branca,0.8430164165467662
CAND_09594,6.2,45.0,Bacharelado,Capitais,Híbrido,Masculino,Branca,0.6967782872056185
CAND_09595,1.1,46.0,Ensino Médio,Capitais,Remoto,Masculino,Branca,0.6920997170562749
CAND_09596,0.0,45.0,Bacharelado,Interior,Remoto,Masculino,Branca,0.49724909870968814
CAND_09597,9.4,53.0,Doutorado,Região Metropolitana,Híbrido,Feminino,Preta,0.44288143241098904
CAND_09598,3.7,40.0,Ensino Médio,Capitais,Presencial,Masculino,Branca,0.5234577338767525
CAND_09599,8.0,68.0,Bacharelado,Interior,Remoto,Feminino,Branca,0.41972633894916134
CAND_09600,3.0,65.0,Bacharelado,Capitais,Híbrido,Masculino,Amarela,0.4447004030980361
CAND_09601,8.0,46.0,Mestrado,Capitais,Remoto,Masculino,Branca,0.9238803561172074
CAND_09602,3.7,39.0,Bacharelado,Capitais,Presencial,Feminino,Branca,0.5159581048116366
CAND_09603,1.4,43.0,Ensino Médio,Capitais,Presencial,Feminino,Preta,0.0
CAND_09604,6.9,43.0,Mestrado,Capitais,Presencial,Masculino,Branca,0.8564449734677793
CAND_09605,7.8,57.0,Bacharelado,Capitais,Híbrido,Masculino,Branca,0.9052946750530921
CAND_09606,6.9,53.0,Bacharelado,Capitais,Híbrido,Masculino,Parda,0.7232902171171622
CAND_09607,4.6,62.0,Bacharelado,Região Metropolitana,Presencial,Masculino,Branca,0.8502080632479366
CAND_09608,0.0,72.0,Mestrado,Capitais,Híbrido,Masculino,Parda,0.5832693795496349
CAND_09609,1.8,54.0,Bacharelado,Capitais,Presencial,Feminino,Preta,0.22439413777619302
CAND_09610,2.9,59.0,Bacharelado,Interior,Remoto,Masculino,Parda,0.6332826898364698
CAND_09611,4.2,87.0,Ensino Médio,Capitais,Híbrido,Feminino,Branca,0.6477506402208812
CAND_09612,8.4,59.0,Ensino Médio,Capitais,Remoto,Masculino,Preta,0.6928213110805915
CAND_09613,4.6,43.0,Mestrado,Capitais,Híbrido,Masculino,Parda,0.6000320585300989
CAND_09614,0.0,49.0,Mestrado,Capitais,Híbrido,Masculino,Branca,0.5505831222547708
CAND_09615,0.0,25.0,Bacharelado,Capitais,Presencial,Masculino,Preta,0.185115701830243
CAND_09616,2.9,58.0,Mestrado,Capitais,Presencial,Feminino,Branca,0.5127809129146033
CAND_09617,3.5,42.0,Bacharelado,Capitais,Híbrido,Masculino,Branca,0.8578754144481558
CAND_09618,6.1,37.0,Bacharelado,Região Metropolitana,Híbrido,Feminino,Preta,0.10567622013226281
CAND_09619,0.6,37.0,Ensino Médio,Região Metropolitana,Presencial,Feminino,Branca,0.23461951918182855
CAND_09620,0.9,67.0,Bacharelado,Capitais,Presencial,Masculino,Indígena,0.41809627341878064
CAND_09621,6.4,46.0,Mestrado,Capitais,Híbrido,Feminino,Indígena,0.3503741867184979
CAND_09622,9.0,61.0,Bacharelado,Interior,Híbrido,Feminino,Branca,0.4894977924183681
CAND_09623,0.0,56.0,Bacharelado,Capitais,Remoto,Feminino,Branca,0.2019100874803179
CAND_09624,2.7,53.0,Mestrado,Região Metropolitana,Presencial,Feminino,Branca,0.44625425914294914
CAND_09625,8.3,44.0,Bacharelado,Capitais,Presencial,Masculino,Preta,0.40239077414587243
CAND_09626,7.8,57.0,Bacharelado,Região Metropolitana,Remoto,Feminino,Preta,0.30633804650646845
CAND_09627,2.2,44.0,Bacharelado,Capitais,Presencial,Masculino,Preta,0.4840326853901796
CAND_09628,8.5,52.0,Bacharelado,Região Metropolitana,Remoto,Não-binário,Branca,0.4342455640889268
CAND_09629,5.1,67.0,Mestrado,Capitais,Remoto,Masculino,Branca,0.8339389049542331
CAND_09630,7.0,70.0,Bacharelado,Capitais,Remoto,Feminino,Branca,0.5707105677335511
CAND_09631,2.9,43.0,Bacharelado,Capitais,Híbrido,Não-binário,Branca,0.4761682585684963
CAND_09632,5.9,56.0,Bacharelado,Capitais,Híbrido,Masculino,Parda,0.6668379615913066
CAND_09633,1.5,59.0,Bacharelado,Região Metropolitana,Híbrido,Feminino,Parda,0.4704784408663775
CAND_09634,3.4,54.0,Mestrado,Capitais,Remoto,Masculino,Preta,0.5059691216658243
CAND_09635,4.1,61.0,Mestrado,Capitais,Remoto,Masculino,Branca,0.9342639812414698
CAND_09636,5.4,62.0,Bacharelado,Capitais,Remoto,Feminino,Branca,0.6067887510706353
CAND_09637,12.2,78.0,Bacharelado,Região Metropolitana,Híbrido,Masculino,Branca,0.914229823100712
CAND_09638,12.7,82.0,Bacharelado,Interior,Híbrido,Masculino,Preta,0.6767292678318988
CAND_09639,3.8,48.0,Mestrado,Capitais,Híbrido,Masculino,Branca,0.8901656008969541
CAND_09640,9.4,75.0,Bacharelado,Capitais,Presencial,Masculino,Branca,1.0
CAND_09641,1.7,57.0,Bacharelado,Capitais,Híbrido,Feminino,Branca,0.6970994299925786
CAND_09642,6.2,47.0,Mestrado,Interior,Híbrido,Feminino,Preta,0.1525808040074944
CAND_09643,2.9,59.0,Mestrado,Capitais,Remoto,Masculino,Branca,0.772021850376728
CAND_09644,3.6,47.0,Mestrado,Capitais,Híbrido,Masculino,Branca,0.6796207486608424
CAND_09645,13.0,49.0,Bacharelado,Capitais,Híbrido,Não-binário,Branca,0.5164231454613029
CAND_09646,3.8,34.0,Mestrado,Capitais,Presencial,Masculino,Parda,0.6708281337028585
CAND_09647,3.1,51.0,Doutorado,Região Metropolitana,Remoto,Masculino,Branca,0.46921190305813365
CAND_09648,2.0,64.0,Bacharelado,Capitais,Remoto,Feminino,Amarela,0.335615632148687
CAND_09649,2.7,61.0,Bacharelado,Capitais,Remoto,Feminino,Amarela,0.43577094662225535
CAND_09650,0.7,55.0,Ensino Médio,Região Metropolitana,Presencial,Não-binário,Preta,0.11674609034435096
CAND_09651,5.7,76.0,Bacharelado,Região Metropolitana,Híbrido,Feminino,Parda,0.5946621394373528
CAND_09652,5.6,82.0,Bacharelado,Capitais,Híbrido,Masculino,Branca,0.6566585989551068
CAND_09653,6.0,57.0,Mestrado,Interior,Remoto,Feminino,Branca,0.6141411617198539
CAND_09654,5.0,74.0,Bacharelado,Capitais,Híbrido,Masculino,Branca,0.758048244152705
CAND_09655,3.3,55.0,Bacharelado,Capitais,Remoto,Feminino,Branca,0.5418290026655752
CAND_09656,3.0,51.0,Bacharelado,Região Metropolitana,Presencial,Masculino,Branca,0.5702548134983411
CAND_09657,5.5,64.0,Ensino Médio,Capitais,Presencial,Masculino,Branca,0.6982529254674715
CAND_09658,4.8,49.0,Bacharelado,Capitais,Presencial,Masculino,Branca,0.7715739891746802
CAND_09659,3.1,15.0,Mestrado,Capitais,Híbrido,Masculino,Branca,0.6951531145170761
CAND_09660,4.1,46.0,Bacharelado,Capitais,Remoto,Feminino,Amarela,0.24256967335034327
CAND_09661,9.6,27.0,Ensino Médio,Capitais,Híbrido,Masculino,Amarela,0.46703052483622326
CAND_09662,10.9,44.0,Bacharelado,Capitais,Remoto,Masculino,Branca,0.6809568443614546
CAND_09663,4.3,42.0,Bacharelado,Capitais,Remoto,Masculino,Branca,0.760338185553573
CAND_09664,2.8,42.0,Mestrado,Capitais,Híbrido,Masculino,Parda,0.41131456364721375
CAND_09665,4.9,34.0,Bacharelado,Capitais,Remoto,Masculino,Branca,0.4921017726902073
CAND_09666,8.4,32.0,Bacharelado,Região Metropolitana,Presencial,Feminino,Preta,0.0
CAND_09667,4.9,40.0,Bacharelado,Capitais,Presencial,Masculino,Amarela,0.42722965900108817
CAND_09668,6.1,44.0,Ensino Médio,Região Metropolitana,Remoto,Masculino,Branca,0.5855814679406124
CAND_09669,3.0,46.0,Bacharelado,Capitais,Presencial,Masculino,Preta,0.43159897785734025
CAND_09670,1.5,54.0,Bacharelado,Capitais,Remoto,Masculino,Indígena,0.6028749533775896
CAND_09671,7.3,61.0,Bacharelado,Capitais,Remoto,Masculino,Branca,0.7559776113635295
CAND_09672,5.6,35.0,Bacharelado,Capitais,Híbrido,Feminino,Branca,0.4991580158710437
CAND_09673,7.0,37.0,Bacharelado,Região Metropolitana,Presencial,Feminino,Preta,0.04312980861431323
CAND_09674,0.0,75.0,Bacharelado,Capitais,Híbrido,Masculino,Branca,0.7589254190128361
CAND_09675,10.5,61.0,Mestrado,Capitais,Presencial,Feminino,Branca,0.6661293376871893
CAND_09676,5.8,38.0,Bacharelado,Capitais,Híbrido,Masculino,Branca,0.634025614187812
CAND_09677,0.0,31.0,Bacharelado,Capitais,Presencial,Não-binário,Amarela,0.06973063490013048
CAND_09678,8.0,43.0,Bacharelado,Região Metropolitana,Presencial,Masculino,Branca,0.6077644134771456
CAND_09679,3.9,46.0,Bacharelado,Capitais,Híbrido,Masculino,Amarela,0.4429178940931829
CAND_09680,5.1,60.0,Bacharelado,Capitais,Remoto,Masculino,Branca,0.8706919120582152
CAND_09681,3.6,15.0,Bacharelado,Região Metropolitana,Remoto,Masculino,Branca,0.5992905569415771
CAND_09682,4.7,36.0,Mestrado,Capitais,Híbrido,Masculino,Parda,0.658187965315474
CAND_09683,4.9,77.0,Bacharelado,Capitais,Híbrido,Masculino,Branca,0.7803701467626558
CAND_09684,0.0,50.0,Bacharelado,Capitais,Remoto,Masculino,Preta,0.27892083894238723
CAND_09685,7.6,51.0,Ensino Médio,Capitais,Presencial,Masculino,Branca,0.6065522417725959
CAND_09686,5.3,42.0,Bacharelado,Capitais,Presencial,Feminino,Branca,0.5912096638263554
CAND_09687,6.3,62.0,Doutorado,Capitais,Presencial,Masculino,Branca,0.8733413428769856
CAND_09688,7.4,23.0,Doutorado,Região Metropolitana,Híbrido,Feminino,Preta,0.04983324060251265
CAND_09689,5.4,44.0,Mestrado,Região Metropolitana,Híbrido,Masculino,Branca,0.552584095937942
CAND_09690,6.0,19.0,Bacharelado,Capitais,Híbrido,Masculino,Branca,0.49367533699008964
CAND_09691,0.6,50.0,Bacharelado,Capitais,Híbrido,Masculino,Branca,0.31609451898593793
CAND_09692,2.5,43.0,Bacharelado,Interior,Híbrido,Masculino,Branca,0.3981901704467325
CAND_09693,5.3,26.0,Bacharelado,Região Metropolitana,Remoto,Feminino,Parda,0.08437069556022128
CAND_09694,5.6,65.0,Ensino Médio,Capitais,Híbrido,Masculino,Indígena,0.5986864643818155
CAND_09695,6.2,60.0,Bacharelado,Capitais,Presencial,Masculino,Branca,0.762932616704508
CAND_09696,9.2,65.0,Bacharelado,Capitais,Híbrido,Masculino,Preta,0.6928077560031899
CAND_09697,4.7,27.0,Ensino Médio,Capitais,Híbrido,Feminino,Amarela,0.18829057991366213
CAND_09698,6.1,35.0,Mestrado,Região Metropolitana,Híbrido,Masculino,Branca,0.9243576171835107
CAND_09699,5.2,68.0,Bacharelado,Região Metropolitana,Híbrido,Feminino,Branca,0.4908714545455731
CAND_09700,4.3,62.0,Bacharelado,Interior,Presencial,Feminino,Branca,0.32566116167161635
CAND_09701,4.4,71.0,Bacharelado,Capitais,Presencial,Masculino,Amarela,0.6803169834738884
CAND_09702,2.6,46.0,Bacharelado,Capitais,Híbrido,Feminino,Branca,0.4613695286071977
CAND_09703,4.6,48.0,Mestrado,Capitais,Presencial,Masculino,Branca,0.7370020134263766
CAND_09704,4.3,59.0,Bacharelado,Capitais,Híbrido,Não-binário,Indígena,0.42180821631400506
CAND_09705,4.5,30.0,Bacharelado,Região Metropolitana,Híbrido,Não-binário,Branca,0.4171083842100824
CAND_09706,0.0,53.0,Mestrado,Capitais,Presencial,Feminino,Branca,0.2804945400853748
CAND_09707,4.7,88.0,Bacharelado,Região Metropolitana,Presencial,Masculino,Amarela,0.5814024239999755
CAND_09708,2.4,45.0,Bacharelado,Região Metropolitana,Presencial,Masculino,Branca,0.6226436005067209
CAND_09709,4.8,26.0,Bacharelado,Capitais,Híbrido,Masculino,Preta,0.08978311971085201
CAND_09710,1.7,56.0,Mestrado,Região Metropolitana,Híbrido,Masculino,Branca,0.5779293834361399
CAND_09711,5.1,36.0,Bacharelado,Capitais,Presencial,Masculino,Parda,0.6469899143153416
CAND_09712,4.1,48.0,Mestrado,Capitais,Remoto,Masculino,Branca,0.822392026338781
CAND_09713,3.1,66.0,Ensino Médio,Interior,Híbrido,Feminino,Parda,0.23997176388870908
CAND_09714,5.9,58.0,Bacharelado,Capitais,Híbrido,Feminino,Branca,0.4407535947466904
CAND_09715,6.1,43.0,Bacharelado,Capitais,Presencial,Masculino,Branca,0.7041474933874582
CAND_09716,4.9,63.0,Bacharelado,Capitais,Presencial,Masculino,Branca,0.7365798095141644
CAND_09717,6.7,25.0,Bacharelado,Região Metropolitana,Híbrido,Feminino,Branca,0.322548095215689
CAND_09718,3.8,53.0,Bacharelado,Interior,Remoto,Feminino,Branca,0.19326428427687356
CAND_09719,6.2,44.0,Bacharelado,Região Metropolitana,Remoto,Masculino,Branca,0.601852091589834
CAND_09720,4.9,15.0,Bacharelado,Capitais,Híbrido,Feminino,Branca,0.20002863644174257
CAND_09721,2.0,32.0,Bacharelado,Região Metropolitana,Híbrido,Feminino,Branca,0.2431780641586611
CAND_09722,2.6,50.0,Bacharelado,Capitais,Híbrido,Masculino,Preta,0.39422845244765925
CAND_09723,8.5,61.0,Mestrado,Capitais,Híbrido,Masculino,Preta,0.5474106765637694
CAND_09724,9.7,50.0,Mestrado,Capitais,Remoto,Masculino,Parda,0.9841365612846533
CAND_09725,7.1,46.0,Mestrado,Capitais,Remoto,Feminino,Branca,0.5609055103626801
CAND_09726,3.3,62.0,Bacharelado,Interior,Híbrido,Feminino,Branca,0.45425155535751
CAND_09727,9.3,54.0,Mestrado,Interior,Híbrido,Feminino,Preta,0.2633061087338812
CAND_09728,6.8,65.0,Bacharelado,Capitais,Remoto,Feminino,Branca,0.476330126314668
CAND_09729,6.0,59.0,Bacharelado,Capitais,Presencial,Masculino,Branca,0.6919206324508775
CAND_09730,10.5,39.0,Mestrado,Interior,Híbrido,Masculino,Branca,0.6489427447689138
CAND_09731,2.4,60.0,Bacharelado,Região Metropolitana,Remoto,Masculino,Branca,0.5729094962909075
CAND_09732,7.3,64.0,Ensino Médio,Capitais,Presencial,Masculino,Branca,0.7494588038444434
CAND_09733,2.6,71.0,Doutorado,Capitais,Híbrido,Masculino,Branca,0.7702548570327362
CAND_09734,3.2,42.0,Bacharelado,Região Metropolitana,Presencial,Masculino,Indígena,0.4410370653293215
CAND_09735,12.8,45.0,Bacharelado,Capitais,Remoto,Masculino,Branca,0.9321383351415313
CAND_09736,6.5,63.0,Bacharelado,Interior,Remoto,Masculino,Parda,0.6641360911275924
CAND_09737,10.5,63.0,Bacharelado,Capitais,Presencial,Masculino,Preta,0.6456991238922212
CAND_09738,6.6,42.0,Mestrado,Interior,Presencial,Masculino,Branca,0.6152668800644264
CAND_09739,6.2,40.0,Bacharelado,Capitais,Remoto,Masculino,Preta,0.32489555891627414
CAND_09740,3.1,44.0,Mestrado,Interior,Híbrido,Masculino,Preta,0.39858152510688866
CAND_09741,7.9,51.0,Bacharelado,Capitais,Presencial,Masculino,Branca,0.581953843471832
CAND_09742,5.1,37.0,Mestrado,Interior,Presencial,Feminino,Preta,0.06576479830246715
CAND_09743,5.2,56.0,Mestrado,Capitais,Remoto,Feminino,Amarela,0.2877954572373943
CAND_09744,4.2,24.0,Bacharelado,Capitais,Híbrido,Feminino,Parda,0.3904815861543931
CAND_09745,4.7,38.0,Ensino Médio,Interior,Remoto,Feminino,Branca,0.41813355756149806
CAND_09746,5.1,53.0,Mestrado,Região Metropolitana,Híbrido,Feminino,Amarela,0.27870645771410907
CAND_09747,5.4,36.0,Bacharelado,Região Metropolitana,Remoto,Masculino,Branca,0.7653580348096767
CAND_09748,4.8,44.0,Mestrado,Capitais,Presencial,Feminino,Branca,0.4717365674975026
CAND_09749,0.3,48.0,Bacharelado,Capitais,Presencial,Masculino,Branca,0.5364514569900467
CAND_09750,6.6,82.0,Bacharelado,Capitais,Remoto,Masculino,Branca,0.7924983193276558
CAND_09751,4.6,30.0,Bacharelado,Interior,Presencial,Masculino,Branca,0.5842491385270059
CAND_09752,0.0,54.0,Bacharelado,Capitais,Remoto,Masculino,Parda,0.6834471918656826
CAND_09753,0.2,35.0,Bacharelado,Região Metropolitana,Presencial,Feminino,Branca,0.26130166215230416
CAND_09754,3.6,34.0,Bacharelado,Região Metropolitana,Híbrido,Feminino,Branca,0.41950338632881623
CAND_09755,8.8,37.0,Mestrado,Capitais,Remoto,Masculino,Branca,0.7189482269020594
CAND_09756,6.8,48.0,Ensino Médio,Região Metropolitana,Presencial,Masculino,Branca,0.736359658018379
CAND_09757,2.9,72.0,Bacharelado,Região Metropolitana,Híbrido,Masculino,Branca,0.647084268216858
CAND_09758,4.4,68.0,Bacharelado,Região Metropolitana,Híbrido,Masculino,Branca,0.8022562318914436
CAND_09759,8.3,43.0,Doutorado,Região Metropolitana,Remoto,Masculino,Branca,0.8664040716795256
CAND_09760,3.2,46.0,Mestrado,Capitais,Presencial,Masculino,Branca,0.7443339680243835
CAND_09761,1.7,59.0,Bacharelado,Capitais,Remoto,Masculino,Preta,0.20148500227504684
CAND_09762,7.6,51.0,Mestrado,Região Metropolitana,Híbrido,Não-binário,Branca,0.5829933050346258
CAND_09763,8.3,40.0,Mestrado,Região Metropolitana,Híbrido,Feminino,Branca,0.6466911533820946
CAND_09764,3.2,60.0,Ensino Médio,Capitais,Presencial,Feminino,Amarela,0.2774170134506179
CAND_09765,6.5,74.0,Mestrado,Interior,Remoto,Masculino,Branca,0.8175980269652705
CAND_09766,4.9,66.0,Bacharelado,Região Metropolitana,Remoto,Masculino,Branca,0.7063627693864412
CAND_09767,3.2,70.0,Bacharelado,Região Metropolitana,Híbrido,Feminino,Branca,0.41554056820791085
CAND_09768,8.5,48.0,Mestrado,Capitais,Híbrido,Masculino,Preta,0.5522347414433071
CAND_09769,3.0,34.0,Bacharelado,Capitais,Presencial,Masculino,Branca,0.7516631357602038
CAND_09770,7.3,20.0,Ensino Médio,Capitais,Híbrido,Masculino,Branca,0.6147248980840169
CAND_09771,5.2,19.0,Bacharelado,Capitais,Híbrido,Masculino,Branca,0.5077838823332292
CAND_09772,4.5,47.0,Mestrado,Região Metropolitana,Presencial,Masculino,Branca,0.768654734966023
CAND_09773,3.3,58.0,Bacharelado,Capitais,Presencial,Masculino,Amarela,0.5774469751832227
CAND_09774,2.0,63.0,Bacharelado,Região Metropolitana,Remoto,Masculino,Branca,0.7725332016372127
CAND_09775,4.3,54.0,Bacharelado,Região Metropolitana,Presencial,Masculino,Preta,0.29204688386274036
CAND_09776,3.5,39.0,Mestrado,Capitais,Presencial,Masculino,Branca,0.6068908862015705
CAND_09777,5.3,60.0,Bacharelado,Capitais,Híbrido,Masculino,Amarela,0.6908554353866929
CAND_09778,1.4,32.0,Bacharelado,Capitais,Híbrido,Masculino,Preta,0.2822808222866533
CAND_09779,4.5,33.0,Ensino Médio,Região Metropolitana,Híbrido,Masculino,Branca,0.25575746258624504
CAND_09780,6.2,59.0,Bacharelado,Capitais,Híbrido,Não-binário,Preta,0.10467868331642693
CAND_09781,3.0,32.0,Ensino Médio,Interior,Remoto,Masculino,Branca,0.4750614654166226
CAND_09782,7.2,39.0,Mestrado,Capitais,Presencial,Feminino,Preta,0.2503689398673124
CAND_09783,7.5,35.0,Bacharelado,Capitais,Presencial,Masculino,Parda,0.5740154753050468
CAND_09784,1.4,53.0,Bacharelado,Capitais,Presencial,Feminino,Preta,0.3550916668019854
CAND_09785,2.7,59.0,Mestrado,Capitais,Presencial,Masculino,Branca,0.763306295573292
CAND_09786,1.0,59.0,Ensino Médio,Capitais,Remoto,Masculino,Branca,0.7126216861089762
CAND_09787,6.3,41.0,Bacharelado,Capitais,Remoto,Masculino,Branca,0.7116726974728761
CAND_09788,5.4,47.0,Bacharelado,Capitais,Presencial,Masculino,Branca,0.6559023047449813
CAND_09789,0.2,61.0,Mestrado,Capitais,Presencial,Feminino,Branca,0.3342812713029325
CAND_09790,3.0,42.0,Mestrado,Capitais,Remoto,Masculino,Branca,0.6312847024918847
CAND_09791,5.9,36.0,Doutorado,Capitais,Remoto,Feminino,Branca,0.5260135027522441
CAND_09792,5.3,40.0,Bacharelado,Capitais,Presencial,Feminino,Branca,0.3507008686369014
CAND_09793,8.6,41.0,Bacharelado,Capitais,Remoto,Feminino,Branca,0.6092466475845484
CAND_09794,1.5,50.0,Bacharelado,Capitais,Híbrido,Feminino,Branca,0.35488791362637645
CAND_09795,5.0,50.0,Mestrado,Interior,Remoto,Feminino,Preta,0.1614453389305984
CAND_09796,2.0,47.0,Mestrado,Capitais,Presencial,Feminino,Parda,0.3772522155418576
CAND_09797,5.3,38.0,Mestrado,Região Metropolitana,Remoto,Feminino,Parda,0.32021176051984257
CAND_09798,4.5,36.0,Mestrado,Capitais,Presencial,Masculino,Branca,0.5381797957595803
CAND_09799,5.8,60.0,Mestrado,Capitais,Remoto,Feminino,Branca,0.5436978159196395
CAND_09800,3.8,55.0,Bacharelado,Região Metropolitana,Remoto,Feminino,Branca,0.42278381308916063
CAND_09801,7.3,43.0,Mestrado,Capitais,Híbrido,Masculino,Branca,0.7798181128251654
CAND_09802,2.9,49.0,Bacharelado,Capitais,Híbrido,Masculino,Branca,0.6097563074925825
CAND_09803,2.0,68.0,Bacharelado,Capitais,Presencial,Feminino,Preta,0.26722029010402737
CAND_09804,5.7,49.0,Bacharelado,Capitais,Híbrido,Masculino,Branca,0.7345052094012449
CAND_09805,10.6,50.0,Bacharelado,Região Metropolitana,Híbrido,Não-binário,Preta,0.33851138824416377
CAND_09806,0.4,73.0,Bacharelado,Região Metropolitana,Híbrido,Feminino,Preta,0.3149403408192664
CAND_09807,1.6,66.0,Bacharelado,Região Metropolitana,Híbrido,Masculino,Amarela,0.5511398540353152
CAND_09808,5.7,40.0,Bacharelado,Capitais,Híbrido,Masculino,Branca,0.5747027724070396
CAND_09809,8.4,66.0,Bacharelado,Região Metropolitana,Presencial,Feminino,Parda,0.541448693518397
CAND_09810,5.9,47.0,Ensino Médio,Região Metropolitana,Híbrido,Masculino,Branca,0.7591668788388717
CAND_09811,3.2,34.0,Doutorado,Região Metropolitana,Presencial,Masculino,Branca,0.6005930190046624
CAND_09812,6.3,70.0,Mestrado,Capitais,Híbrido,Masculino,Indígena,0.8386502829476099
CAND_09813,6.5,39.0,Ensino Médio,Região Metropolitana,Híbrido,Masculino,Branca,0.6183614476535734
CAND_09814,3.0,42.0,Bacharelado,Região Metropolitana,Híbrido,Masculino,Amarela,0.23409307521342765
CAND_09815,7.5,44.0,Mestrado,Capitais,Híbrido,Masculino,Preta,0.7231547653520343
CAND_09816,4.9,81.0,Bacharelado,Região Metropolitana,Híbrido,Feminino,Branca,0.6553055318059735
CAND_09817,0.0,36.0,Bacharelado,Região Metropolitana,Presencial,Feminino,Branca,0.33444968823407567
CAND_09818,4.6,41.0,Mestrado,Capitais,Remoto,Masculino,Branca,0.7451323661464898
CAND_09819,3.3,45.0,Bacharelado,Capitais,Híbrido,Feminino,Branca,0.47535511735214303
CAND_09820,8.9,58.0,Bacharelado,Região Metropolitana,Híbrido,Masculino,Branca,0.7098386738118503
CAND_09821,1.0,49.0,Bacharelado,Capitais,Presencial,Masculino,Preta,0.43766427514339923
CAND_09822,3.6,40.0,Bacharelado,Capitais,Híbrido,Feminino,Branca,0.3957052115019243
CAND_09823,5.8,59.0,Bacharelado,Região Metropolitana,Híbrido,Masculino,Preta,0.3438717029721009
CAND_09824,12.3,70.0,Mestrado,Capitais,Híbrido,Feminino,Preta,0.4487028679789634
CAND_09825,10.9,26.0,Bacharelado,Capitais,Híbrido,Masculino,Parda,0.5014889587151642
CAND_09826,4.9,40.0,Bacharelado,Região Metropolitana,Presencial,Masculino,Preta,0.3339612625253902
CAND_09827,6.0,58.0,Mestrado,Capitais,Remoto,Feminino,Amarela,0.2935268449465051
CAND_09828,6.8,32.0,Bacharelado,Capitais,Presencial,Masculino,Branca,0.6019023762715372
CAND_09829,2.0,48.0,Bacharelado,Região Metropolitana,Híbrido,Masculino,Parda,0.3862535978737337
CAND_09830,5.0,69.0,Bacharelado,Capitais,Híbrido,Feminino,Preta,0.16872091161142946
CAND_09831,9.1,59.0,Bacharelado,Capitais,Remoto,Masculino,Preta,0.7637651858784658
CAND_09832,5.4,58.0,Bacharelado,Capitais,Híbrido,Não-binário,Branca,0.49948172581608535
CAND_09833,10.8,61.0,Bacharelado,Capitais,Híbrido,Feminino,Parda,0.5779699438752699
CAND_09834,3.7,55.0,Bacharelado,Capitais,Remoto,Masculino,Preta,0.38137456817120235
CAND_09835,4.7,45.0,Mestrado,Região Metropolitana,Remoto,Feminino,Branca,0.5085553946629949
CAND_09836,4.8,64.0,Bacharelado,Capitais,Híbrido,Feminino,Branca,0.5552998444710553
CAND_09837,1.1,43.0,Bacharelado,Capitais,Híbrido,Feminino,Branca,0.3643018395750359
CAND_09838,8.3,48.0,Mestrado,Capitais,Remoto,Feminino,Branca,0.646985538165679
CAND_09839,4.0,25.0,Ensino Médio,Região Metropolitana,Remoto,Masculino,Branca,0.5375212664449074
CAND_09840,5.8,43.0,Doutorado,Capitais,Remoto,Masculino,Branca,0.568431652635339
CAND_09841,3.2,51.0,Bacharelado,Capitais,Remoto,Feminino,Branca,0.4707637672277927
CAND_09842,10.2,50.0,Mestrado,Capitais,Presencial,Feminino,Indígena,0.542758621428982
CAND_09843,8.7,64.0,Bacharelado,Capitais,Híbrido,Feminino,Branca,0.6055640683571802
CAND_09844,5.2,43.0,Mestrado,Capitais,Presencial,Masculino,Branca,0.576225433594762
CAND_09845,1.3,44.0,Bacharelado,Capitais,Híbrido,Feminino,Branca,0.36641989789402873
CAND_09846,7.2,42.0,Bacharelado,Interior,Presencial,Masculino,Parda,0.5009737968880633
CAND_09847,8.2,54.0,Bacharelado,Capitais,Remoto,Feminino,Preta,0.3525174162111543
CAND_09848,2.2,73.0,Mestrado,Capitais,Remoto,Masculino,Branca,0.8749061837136566
CAND_09849,4.6,15.0,Ensino Médio,Capitais,Presencial,Feminino,Branca,0.3993651693197241
CAND_09850,5.2,43.0,Bacharelado,Capitais,Presencial,Masculino,Preta,0.40108106880855776
CAND_09851,8.3,45.0,Bacharelado,Capitais,Presencial,Não-binário,Branca,0.5314672664537211
CAND_09852,4.5,18.0,Bacharelado,Capitais,Híbrido,Masculino,Branca,0.5506006709974626
CAND_09853,7.9,48.0,Bacharelado,Capitais,Híbrido,Feminino,Branca,0.6400618690717608
CAND_09854,2.7,45.0,Bacharelado,Capitais,Híbrido,Masculino,Branca,0.7110375293575767
CAND_09855,1.8,43.0,Bacharelado,Capitais,Híbrido,Masculino,Parda,0.625381293853885
CAND_09856,10.5,33.0,Bacharelado,Região Metropolitana,Presencial,Masculino,Parda,0.623845119236732
CAND_09857,1.1,49.0,Bacharelado,Capitais,Híbrido,Feminino,Branca,0.5401590145621364
CAND_09858,2.7,33.0,Mestrado,Capitais,Híbrido,Masculino,Parda,0.6436730324381758
CAND_09859,7.4,37.0,Mestrado,Capitais,Híbrido,Feminino,Parda,0.4572202454237628
CAND_09860,3.4,47.0,Mestrado,Região Metropolitana,Presencial,Masculino,Branca,0.6677454142298432
CAND_09861,3.3,65.0,Bacharelado,Região Metropolitana,Remoto,Masculino,Branca,0.607975396883276
CAND_09862,4.4,56.0,Ensino Médio,Região Metropolitana,Remoto,Masculino,Branca,0.658353104176746
CAND_09863,0.0,59.0,Bacharelado,Capitais,Híbrido,Masculino,Branca,0.6688273992966978
CAND_09864,8.4,79.0,Mestrado,Região Metropolitana,Híbrido,Feminino,Branca,0.674617704917519
CAND_09865,5.5,57.0,Bacharelado,Região Metropolitana,Presencial,Feminino,Parda,0.3342289765224443
CAND_09866,2.6,34.0,Bacharelado,Região Metropolitana,Presencial,Feminino,Indígena,0.24620602517095655
CAND_09867,0.0,42.0,Mestrado,Região Metropolitana,Remoto,Masculino,Parda,0.5454444952633769
CAND_09868,0.9,37.0,Mestrado,Capitais,Remoto,Não-binário,Branca,0.23495688167269682
CAND_09869,0.2,48.0,Bacharelado,Capitais,Presencial,Feminino,Preta,0.21155095669936028
CAND_09870,5.7,44.0,Bacharelado,Região Metropolitana,Híbrido,Masculino,Preta,0.3636928948889884
CAND_09871,5.7,36.0,Bacharelado,Capitais,Presencial,Feminino,Branca,0.35354945841226204
CAND_09872,6.8,64.0,Mestrado,Região Metropolitana,Híbrido,Masculino,Branca,0.8450219681256462
CAND_09873,7.2,65.0,Bacharelado,Interior,Remoto,Masculino,Branca,0.5674520772730284
CAND_09874,6.9,53.0,Mestrado,Capitais,Híbrido,Feminino,Branca,0.4375110385812726
CAND_09875,9.6,35.0,Bacharelado,Região Metropolitana,Remoto,Feminino,Branca,0.49925795453183636
CAND_09876,8.6,52.0,Bacharelado,Interior,Remoto,Masculino,Branca,0.5511359188134385
CAND_09877,7.9,41.0,Bacharelado,Capitais,Presencial,Feminino,Indígena,0.39503241081471807
CAND_09878,5.7,69.0,Ensino Médio,Capitais,Híbrido,Masculino,Preta,0.6361803726328209
CAND_09879,7.2,32.0,Bacharelado,Capitais,Remoto,Feminino,Amarela,0.38558011486914334
CAND_09880,3.8,60.0,Bacharelado,Capitais,Híbrido,Feminino,Branca,0.4847257819517101
CAND_09881,4.3,60.0,Ensino Médio,Região Metropolitana,Presencial,Masculino,Branca,0.6137578077421851
CAND_09882,10.2,63.0,Bacharelado,Região Metropolitana,Remoto,Feminino,Amarela,0.21707407434481368
CAND_09883,3.3,53.0,Bacharelado,Interior,Híbrido,Feminino,Branca,0.22819232057329164
CAND_09884,3.1,45.0,Bacharelado,Capitais,Presencial,Feminino,Amarela,0.3472547636452521
CAND_09885,3.9,86.0,Bacharelado,Região Metropolitana,Híbrido,Feminino,Preta,0.43176196010478435
CAND_09886,3.4,37.0,Mestrado,Região Metropolitana,Presencial,Masculino,Branca,0.8069089691262065
CAND_09887,3.6,61.0,Bacharelado,Capitais,Remoto,Feminino,Branca,0.43503353886315355
CAND_09888,5.7,50.0,Bacharelado,Capitais,Presencial,Masculino,Branca,0.7030616694158431
CAND_09889,5.8,55.0,Ensino Médio,Região Metropolitana,Híbrido,Masculino,Amarela,0.3179197134219357
CAND_09890,7.7,55.0,Bacharelado,Capitais,Híbrido,Feminino,Branca,0.5762764531057155
CAND_09891,11.6,34.0,Bacharelado,Região Metropolitana,Remoto,Feminino,Preta,0.39146993244616957
CAND_09892,3.9,30.0,Bacharelado,Capitais,Remoto,Feminino,Preta,0.20802411921901054
CAND_09893,4.8,31.0,Bacharelado,Capitais,Remoto,Feminino,Branca,0.3695162650735558
CAND_09894,0.0,43.0,Bacharelado,Região Metropolitana,Remoto,Masculino,Parda,0.47148466900203473
CAND_09895,1.1,54.0,Bacharelado,Capitais,Remoto,Masculino,Preta,0.24821441282479287
CAND_09896,4.6,40.0,Ensino Médio,Capitais,Presencial,Feminino,Branca,0.3190347572092885
CAND_09897,6.4,28.0,Bacharelado,Capitais,Remoto,Feminino,Branca,0.48117457779935424
CAND_09898,6.5,64.0,Mestrado,Capitais,Híbrido,Masculino,Branca,0.9714401720295407
CAND_09899,6.9,27.0,Bacharelado,Interior,Remoto,Masculino,Parda,0.44854746945341617
CAND_09900,8.8,57.0,Bacharelado,Capitais,Híbrido,Feminino,Indígena,0.6296937942216289
CAND_09901,10.1,39.0,Ensino Médio,Capitais,Híbrido,Masculino,Amarela,0.6501354855893076
CAND_09902,4.3,68.0,Doutorado,Região Metropolitana,Presencial,Feminino,Branca,0.6988510996860329
CAND_09903,2.6,42.0,Ensino Médio,Capitais,Híbrido,Masculino,Branca,0.5773493517427488
CAND_09904,7.0,24.0,Bacharelado,Capitais,Remoto,Masculino,Branca,0.6301373817610776
CAND_09905,7.8,49.0,Bacharelado,Capitais,Híbrido,Feminino,Preta,0.18847588145251576
CAND_09906,5.4,37.0,Doutorado,Capitais,Híbrido,Masculino,Branca,0.7277139711323465
CAND_09907,4.5,62.0,Mestrado,Capitais,Presencial,Masculino,Branca,0.5928112107654528
CAND_09908,3.5,55.0,Bacharelado,Interior,Remoto,Masculino,Branca,0.45279916800117215
CAND_09909,4.9,41.0,Ensino Médio,Capitais,Remoto,Masculino,Branca,0.6439880074223328
CAND_09910,7.1,35.0,Bacharelado,Capitais,Presencial,Masculino,Amarela,0.48698066031866033
CAND_09911,3.0,34.0,Bacharelado,Região Metropolitana,Híbrido,Feminino,Branca,0.5113367740220326
CAND_09912,2.6,41.0,Mestrado,Capitais,Híbrido,Masculino,Branca,0.5233222468343157
CAND_09913,6.8,70.0,Mestrado,Capitais,Remoto,Masculino,Branca,1.0
CAND_09914,2.5,48.0,Mestrado,Capitais,Híbrido,Masculino,Parda,0.6684799881737771
CAND_09915,5.5,64.0,Bacharelado,Região Metropolitana,Híbrido,Masculino,Branca,0.781606831640871
CAND_09916,5.3,28.0,Bacharelado,Capitais,Presencial,Masculino,Amarela,0.5742376625553104
CAND_09917,5.0,21.0,Bacharelado,Capitais,Híbrido,Masculino,Indígena,0.500253214074656
CAND_09918,3.1,36.0,Bacharelado,Capitais,Híbrido,Masculino,Branca,0.3237609538570321
CAND_09919,10.2,60.0,Bacharelado,Capitais,Remoto,Feminino,Parda,0.7999418494097893
CAND_09920,6.2,46.0,Doutorado,Capitais,Híbrido,Feminino,Branca,0.5582572773512835
CAND_09921,3.5,63.0,Bacharelado,Capitais,Presencial,Masculino,Branca,0.6680589000645485
CAND_09922,6.0,69.0,Ensino Médio,Interior,Remoto,Masculino,Branca,0.6863622199122427
CAND_09923,10.5,36.0,Mestrado,Região Metropolitana,Híbrido,Masculino,Branca,0.6616156380397513
CAND_09924,5.3,63.0,Bacharelado,Região Metropolitana,Remoto,Masculino,Branca,0.7526474090052845
CAND_09925,9.6,71.0,Bacharelado,Capitais,Remoto,Masculino,Parda,0.6169140644409438
CAND_09926,1.6,66.0,Mestrado,Região Metropolitana,Remoto,Masculino,Branca,0.6878849975679138
CAND_09927,2.4,26.0,Bacharelado,Capitais,Remoto,Masculino,Branca,0.5909076858422277
CAND_09928,0.0,22.0,Bacharelado,Interior,Híbrido,Masculino,Branca,0.25465575263583723
CAND_09929,10.9,43.0,Bacharelado,Capitais,Presencial,Masculino,Amarela,0.49606279350966903
CAND_09930,0.0,44.0,Mestrado,Capitais,Remoto,Masculino,Preta,0.4731826567443976
CAND_09931,5.5,63.0,Bacharelado,Interior,Híbrido,Masculino,Branca,0.6104253262438143
CAND_09932,10.2,35.0,Bacharelado,Capitais,Remoto,Feminino,Branca,0.47272817587762495
CAND_09933,7.9,56.0,Bacharelado,Região Metropolitana,Híbrido,Feminino,Branca,0.5858540342139342
CAND_09934,6.1,34.0,Bacharelado,Capitais,Remoto,Feminino,Preta,0.11935206351148922
CAND_09935,8.8,55.0,Bacharelado,Região Metropolitana,Presencial,Feminino,Branca,0.3612787598353598
CAND_09936,3.0,43.0,Mestrado,Capitais,Presencial,Masculino,Branca,0.5169137131980962
CAND_09937,6.6,55.0,Bacharelado,Capitais,Remoto,Masculino,Branca,0.745509899795606
CAND_09938,4.7,45.0,Ensino Médio,Capitais,Híbrido,Masculino,Preta,0.3431977577769078
CAND_09939,4.6,17.0,Mestrado,Região Metropolitana,Híbrido,Masculino,Branca,0.52779074226941
CAND_09940,5.6,58.0,Mestrado,Interior,Remoto,Masculino,Branca,0.6779923295782456
CAND_09941,8.5,68.0,Bacharelado,Região Metropolitana,Remoto,Masculino,Parda,0.536602813591012
CAND_09942,9.7,37.0,Bacharelado,Região Metropolitana,Híbrido,Feminino,Branca,0.545416232876105
CAND_09943,4.2,62.0,Bacharelado,Capitais,Híbrido,Masculino,Branca,0.657130594543659
CAND_09944,1.7,41.0,Bacharelado,Capitais,Remoto,Masculino,Branca,0.6026236667832022
CAND_09945,2.5,30.0,Bacharelado,Região Metropolitana,Presencial,Masculino,Branca,0.5936349325837468
CAND_09946,10.8,41.0,Mestrado,Região Metropolitana,Híbrido,Masculino,Branca,0.9218100215498881
CAND_09947,9.4,47.0,Ensino Médio,Capitais,Remoto,Feminino,Branca,0.4300355453004616
CAND_09948,1.7,30.0,Bacharelado,Interior,Remoto,Feminino,Branca,0.2983524602322889
CAND_09949,10.0,70.0,Bacharelado,Capitais,Remoto,Masculino,Branca,0.9368668235308462
CAND_09950,2.9,27.0,Mestrado,Região Metropolitana,Remoto,Masculino,Branca,0.5464694292297201
CAND_09951,7.0,42.0,Mestrado,Capitais,Presencial,Feminino,Branca,0.6115142373463692
CAND_09952,2.9,36.0,Bacharelado,Capitais,Híbrido,Masculino,Branca,0.5517296089182888
CAND_09953,11.5,70.0,Bacharelado,Região Metropolitana,Presencial,Masculino,Branca,0.7508700462448874
CAND_09954,3.3,27.0,Bacharelado,Capitais,Presencial,Masculino,Branca,0.682099163520055
CAND_09955,1.9,62.0,Bacharelado,Interior,Remoto,Masculino,Branca,0.5124620565634553
CAND_09956,3.6,53.0,Mestrado,Capitais,Remoto,Feminino,Branca,0.710287202835969
CAND_09957,12.9,31.0,Ensino Médio,Região Metropolitana,Presencial,Masculino,Preta,0.5838895132219655
CAND_09958,5.8,45.0,Bacharelado,Capitais,Híbrido,Masculino,Preta,0.3207337024613568
CAND_09959,1.9,47.0,Bacharelado,Capitais,Presencial,Feminino,Amarela,0.3909301719439361
CAND_09960,2.6,59.0,Mestrado,Região Metropolitana,Híbrido,Masculino,Amarela,0.4730109896830066
CAND_09961,0.0,40.0,Bacharelado,Capitais,Presencial,Masculino,Parda,0.5566435986845448
CAND_09962,6.6,59.0,Bacharelado,Capitais,Híbrido,Masculino,Branca,0.8035173363673054
CAND_09963,1.2,51.0,Bacharelado,Região Metropolitana,Híbrido,Feminino,Branca,0.2797985662897267
CAND_09964,8.3,57.0,Bacharelado,Capitais,Remoto,Feminino,Preta,0.3052496014367675
CAND_09965,7.4,37.0,Bacharelado,Capitais,Híbrido,Masculino,Parda,0.7663159833246894
CAND_09966,4.7,46.0,Mestrado,Interior,Remoto,Feminino,Preta,0.15771440449421847
CAND_09967,8.7,52.0,Bacharelado,Interior,Presencial,Feminino,Branca,0.30399404368955363
CAND_09968,7.8,51.0,Bacharelado,Capitais,Híbrido,Feminino,Branca,0.6562035853825905
CAND_09969,5.5,49.0,Bacharelado,Região Metropolitana,Remoto,Masculino,Preta,0.2861684792734619
CAND_09970,2.7,81.0,Bacharelado,Região Metropolitana,Presencial,Masculino,Branca,0.8227980907164717
CAND_09971,6.2,59.0,Mestrado,Capitais,Remoto,Masculino,Branca,0.9638360110703476
CAND_09972,6.2,61.0,Mestrado,Região Metropolitana,Presencial,Masculino,Branca,0.6650109078157158
CAND_09973,6.5,54.0,Ensino Médio,Região Metropolitana,Remoto,Masculino,Parda,0.7083734543462361
CAND_09974,5.2,58.0,Mestrado,Capitais,Remoto,Masculino,Preta,0.6326228584177621
CAND_09975,6.0,53.0,Bacharelado,Região Metropolitana,Híbrido,Feminino,Branca,0.6601087909931974
CAND_09976,5.9,77.0,Bacharelado,Capitais,Remoto,Feminino,Branca,0.5061333438555271
CAND_09977,9.1,49.0,Bacharelado,Região Metropolitana,Híbrido,Masculino,Branca,0.5966429062601971
CAND_09978,1.2,62.0,Bacharelado,Região Metropolitana,Presencial,Masculino,Indígena,0.41024206338751285
CAND_09979,2.0,81.0,Bacharelado,Região Metropolitana,Híbrido,Masculino,Branca,0.5997285835003675
CAND_09980,5.2,60.0,Doutorado,Interior,Híbrido,Feminino,Branca,0.762935664925809
CAND_09981,2.7,46.0,Bacharelado,Interior,Híbrido,Feminino,Preta,0.04381854587037452
CAND_09982,5.6,39.0,Ensino Médio,Região Metropolitana,Remoto,Feminino,Parda,0.32659199125069566
CAND_09983,1.7,43.0,Mestrado,Região Metropolitana,Híbrido,Feminino,Branca,0.5696551826296116
CAND_09984,2.1,56.0,Bacharelado,Capitais,Híbrido,Feminino,Parda,0.3588310250616384
CAND_09985,11.2,77.0,Bacharelado,Capitais,Híbrido,Não-binário,Amarela,0.5291387670089533
CAND_09986,4.3,59.0,Bacharelado,Capitais,Presencial,Masculino,Parda,0.5159008380054604
CAND_09987,1.5,44.0,Bacharelado,Região Metropolitana,Presencial,Feminino,Branca,0.3245971410773816
CAND_09988,4.7,45.0,Bacharelado,Capitais,Híbrido,Feminino,Parda,0.5977074547810097
CAND_09989,8.1,48.0,Bacharelado,Capitais,Híbrido,Masculino,Branca,0.8848347042200305
CAND_09990,8.6,30.0,Bacharelado,Capitais,Híbrido,Masculino,Branca,0.7397462576900049
CAND_09991,0.6,43.0,Bacharelado,Capitais,Remoto,Masculino,Amarela,0.36886206746144645
CAND_09992,2.7,42.0,Mestrado,Interior,Remoto,Masculino,Branca,0.5287585210797516
CAND_09993,5.7,92.0,Bacharelado,Capitais,Híbrido,Masculino,Amarela,0.7273861788076798
CAND_09994,4.9,64.0,Bacharelado,Capitais,Remoto,Feminino,Branca,0.36500526575522596
CAND_09995,0.2,34.0,Bacharelado,Capitais,Remoto,Masculino,Branca,0.707480630349338
CAND_09996,0.7,26.0,Doutorado,Capitais,Presencial,Feminino,Branca,0.26229818081767053
CAND_09997,1.8,30.0,Bacharelado,Interior,Remoto,Feminino,Indígena,0.0
CAND_09998,0.0,71.0,Mestrado,Capitais,Híbrido,Masculino,Preta,0.28356668318348544
CAND_09999,3.6,30.0,Mestrado,Capitais,Remoto,Não-binário,Parda,0.41233236329422285
