id,years_experience,skills,education_level,location,preferred_work_mode,gender,race,suitability_score
CAND_00000,2.0,38.0,Mestrado,Interior,Híbrido,Feminino,Parda,0.3094733983110492
CAND_00001,0.0,43.0,Bacharelado,Capitais,Remoto,Masculino,Branca,0.5647100540840845
CAND_00002,5.3,71.0,Mestrado,Capitais,Híbrido,Masculino,Branca,0.9391512652022784
CAND_00003,10.4,56.0,Mestrado,Capitais,Híbrido,Feminino,Amarela,0.5177932278123458
CAND_00004,13.0,38.0,Mestrado,Interior,Híbrido,Feminino,Branca,0.3786295340956349
CAND_00005,5.3,66.0,Mestrado,Região Metropolitana,Remoto,Feminino,Branca,0.5762834419277587
CAND_00006,8.4,50.0,Bacharelado,Região Metropolitana,Remoto,Masculino,Amarela,0.5714547801089217
CAND_00007,5.7,51.0,Bacharelado,Capitais,Presencial,Masculino,Branca,0.7414039658533321
CAND_00008,6.5,32.0,Bacharelado,Região Metropolitana,Remoto,Feminino,Branca,0.36117258263725505
CAND_00009,4.0,35.0,Bacharelado,Capitais,Presencial,Masculino,Preta,0.3426059679879798
CAND_00010,5.6,38.0,Bacharelado,Capitais,Presencial,Masculino,Preta,0.3579914844239245
CAND_00011,6.6,51.0,Bacharelado,Capitais,Híbrido,Masculino,Branca,0.6034802918398819
CAND_00012,3.3,51.0,Bacharelado,Região Metropolitana,Híbrido,Masculino,Branca,0.4737260435152265
CAND_00013,4.8,73.0,Bacharelado,Capitais,Híbrido,Não-binário,Branca,0.5770020956094368
CAND_00014,4.8,56.0,Bacharelado,Região Metropolitana,Híbrido,Feminino,Preta,0.13285416344710976
CAND_00015,7.5,9.0,Bacharelado,Região Metropolitana,Presencial,Masculino,Amarela,0.39355984274520595
CAND_00016,1.8,54.0,Mestrado,Capitais,Presencial,Masculino,Branca,0.6424932512548469
CAND_00017,4.8,28.0,Bacharelado,Região Metropolitana,Híbrido,Feminino,Preta,0.0
CAND_00018,10.7,36.0,Mestrado,Capitais,Presencial,Masculino,Branca,0.7672056364775452
CAND_00019,8.5,38.0,Bacharelado,Capitais,Presencial,Masculino,Amarela,0.7314374972418055
CAND_00020,9.0,40.0,Bacharelado,Região Metropolitana,Presencial,Masculino,Branca,0.6804389220816971
CAND_00021,5.1,29.0,Bacharelado,Região Metropolitana,Remoto,Masculino,Preta,0.3825866668332232
CAND_00022,6.0,53.0,Bacharelado,Capitais,Remoto,Masculino,Amarela,0.5488803809924078
CAND_00023,8.0,29.0,Bacharelado,Região Metropolitana,Presencial,Masculino,Parda,0.4354801963833539
CAND_00024,9.7,55.0,Bacharelado,Região Metropolitana,Presencial,Masculino,Preta,0.658896324602317
CAND_00025,0.0,84.0,Bacharelado,Capitais,Híbrido,Feminino,Preta,0.2612178190176065
CAND_00026,1.1,30.0,Bacharelado,Capitais,Remoto,Feminino,Amarela,0.01094874352813055
CAND_00027,8.9,46.0,Mestrado,Região Metropolitana,Presencial,Feminino,Parda,0.4607766491556666
CAND_00028,4.2,12.0,Bacharelado,Capitais,Remoto,Masculino,Preta,0.2613755905025802
CAND_00029,3.0,45.0,Ensino Médio,Região Metropolitana,Híbrido,Masculino,Preta,0.3649479523501226
CAND_00030,1.2,60.0,Bacharelado,Região Metropolitana,Remoto,Feminino,Branca,0.345923681938972
CAND_00031,3.3,61.0,Ensino Médio,Capitais,Presencial,Feminino,Branca,0.7220345599983933
CAND_00032,0.8,51.0,Doutorado,Interior,Remoto,Masculino,Branca,0.47628310174913935
CAND_00033,11.3,63.0,Bacharelado,Capitais,Híbrido,Masculino,Branca,0.9391994962231028
CAND_00034,4.9,88.0,Bacharelado,Interior,Remoto,Masculino,Preta,0.25260272585883886
CAND_00035,4.8,76.0,Bacharelado,Capitais,Híbrido,Masculino,Branca,0.7876301333740701
CAND_00036,6.8,42.0,Bacharelado,Região Metropolitana,Híbrido,Masculino,Branca,0.6907234279322114
CAND_00037,7.9,28.0,Ensino Médio,Capitais,Remoto,Não-binário,Branca,0.258041674617738
CAND_00038,7.8,44.0,Mestrado,Região Metropolitana,Remoto,Masculino,Branca,0.881904548104167
CAND_00039,8.2,36.0,Bacharelado,Capitais,Híbrido,Masculino,Branca,0.7514476651184171
CAND_00040,3.1,57.0,Bacharelado,Capitais,Híbrido,Não-binário,Amarela,0.2082359535153572
CAND_00041,4.1,32.0,Bacharelado,Capitais,Remoto,Masculino,Preta,0.4023677501627975
CAND_00042,7.3,49.0,Bacharelado,Região Metropolitana,Remoto,Feminino,Branca,0.43266858380632167
CAND_00043,3.4,63.0,Ensino Médio,Capitais,Presencial,Masculino,Branca,0.7951379902407576
CAND_00044,5.0,48.0,Bacharelado,Região Metropolitana,Híbrido,Não-binário,Preta,0.24352986018221767
CAND_00045,6.2,36.0,Bacharelado,Região Metropolitana,Remoto,Masculino,Preta,0.4053390067107488
CAND_00046,7.4,68.0,Bacharelado,Interior,Híbrido,Não-binário,Branca,0.48116920474979236
CAND_00047,0.0,22.0,Bacharelado,Capitais,Remoto,Masculino,Branca,0.3402803789898782
CAND_00048,7.1,45.0,Bacharelado,Região Metropolitana,Remoto,Masculino,Branca,0.8186945106744464
CAND_00049,4.3,49.0,Ensino Médio,Capitais,Remoto,Masculino,Branca,0.6220642178734699
CAND_00050,7.1,50.0,Bacharelado,Região Metropolitana,Remoto,Masculino,Branca,0.7945045649426101
CAND_00051,7.3,53.0,Bacharelado,Região Metropolitana,Remoto,Masculino,Parda,0.7329842223524697
CAND_00052,9.8,59.0,Bacharelado,Capitais,Remoto,Não-binário,Amarela,0.48297147675438723
CAND_00053,9.1,49.0,Mestrado,Capitais,Remoto,Masculino,Branca,0.7232237049741046
CAND_00054,9.0,44.0,Mestrado,Capitais,Presencial,Feminino,Parda,0.4639500657684089
CAND_00055,9.3,44.0,Doutorado,Capitais,Presencial,Masculino,Indígena,0.9368274768820571
CAND_00056,5.9,41.0,Doutorado,Interior,Híbrido,Feminino,Preta,0.030065792650764367
CAND_00057,5.1,62.0,Mestrado,Capitais,Remoto,Masculino,Preta,0.4402389646491292
CAND_00058,7.6,40.0,Doutorado,Interior,Híbrido,Não-binário,Amarela,0.21632439965981604
CAND_00059,7.2,63.0,Mestrado,Capitais,Presencial,Masculino,Branca,0.8504979727328611
CAND_00060,4.1,50.0,Mestrado,Interior,Híbrido,Masculino,Branca,0.5279981922867526
CAND_00061,6.2,42.0,Ensino Médio,Região Metropolitana,Remoto,Masculino,Indígena,0.5036078871919272
CAND_00062,4.9,59.0,Ensino Médio,Região Metropolitana,Remoto,Feminino,Branca,0.5242083437600501
CAND_00063,2.4,39.0,Mestrado,Capitais,Remoto,Feminino,Parda,0.4021832367091201
CAND_00064,8.9,60.0,Bacharelado,Capitais,Híbrido,Feminino,Parda,0.5411510140311604
CAND_00065,5.2,53.0,Mestrado,Capitais,Híbrido,Masculino,Branca,0.7637737810384854
CAND_00066,11.1,41.0,Bacharelado,Capitais,Híbrido,Masculino,Branca,0.7362639208025582
CAND_00067,0.1,58.0,Bacharelado,Região Metropolitana,Híbrido,Feminino,Branca,0.21417630578111502
CAND_00068,3.3,58.0,Mestrado,Região Metropolitana,Híbrido,Masculino,Branca,0.7280924437007545
CAND_00069,5.1,67.0,Mestrado,Capitais,Híbrido,Masculino,Branca,0.8965835713748042
CAND_00070,8.4,64.0,Ensino Médio,Capitais,Presencial,Feminino,Branca,0.5586072721676094
CAND_00071,6.2,57.0,Mestrado,Capitais,Híbrido,Masculino,Branca,0.5754921818094432
CAND_00072,5.9,33.0,Mestrado,Capitais,Presencial,Feminino,Branca,0.44282849546782477
CAND_00073,1.6,87.0,Bacharelado,Capitais,Presencial,Masculino,Branca,0.870572207186793
CAND_00074,1.5,29.0,Bacharelado,Região Metropolitana,Híbrido,Não-binário,Preta,0.0
CAND_00075,6.0,64.0,Ensino Médio,Capitais,Presencial,Feminino,Amarela,0.39558840221037195
CAND_00076,0.9,56.0,Ensino Médio,Região Metropolitana,Híbrido,Feminino,Branca,0.29745838716302275
CAND_00077,3.4,32.0,Bacharelado,Capitais,Presencial,Masculino,Branca,0.5941224849325059
CAND_00078,6.5,48.0,Ensino Médio,Região Metropolitana,Híbrido,Masculino,Indígena,0.40341004892161286
CAND_00079,2.1,49.0,Bacharelado,Capitais,Remoto,Feminino,Branca,0.3244417490382053
CAND_00080,9.8,70.0,Mestrado,Região Metropolitana,Híbrido,Masculino,Branca,1.0
CAND_00081,8.7,39.0,Bacharelado,Capitais,Híbrido,Feminino,Branca,0.6115839032571491
CAND_00082,0.3,46.0,Bacharelado,Capitais,Remoto,Masculino,Branca,0.6544721029502041
CAND_00083,2.2,15.0,Bacharelado,Capitais,Híbrido,Masculino,Branca,0.5948555482201913
CAND_00084,0.0,76.0,Mestrado,Região Metropolitana,Presencial,Masculino,Branca,0.7542714872302496
CAND_00085,2.7,34.0,Mestrado,Região Metropolitana,Presencial,Masculino,Branca,0.6844131255780235
CAND_00086,7.3,55.0,Bacharelado,Capitais,Híbrido,Feminino,Branca,0.4996099254019586
CAND_00087,3.8,48.0,Mestrado,Capitais,Híbrido,Feminino,Branca,0.6557686887279046
CAND_00088,6.4,49.0,Mestrado,Capitais,Presencial,Masculino,Preta,0.652843105953733
CAND_00089,0.4,62.0,Mestrado,Capitais,Remoto,Feminino,Branca,0.5440481967517939
CAND_00090,7.4,75.0,Mestrado,Região Metropolitana,Presencial,Feminino,Branca,0.6192005452114953
CAND_00091,3.3,54.0,Bacharelado,Região Metropolitana,Remoto,Feminino,Parda,0.259647078135026
CAND_00092,5.0,60.0,Bacharelado,Interior,Remoto,Masculino,Branca,0.6128657774204194
CAND_00093,4.7,55.0,Ensino Médio,Interior,Remoto,Masculino,Branca,0.6824915179668065
CAND_00094,1.2,65.0,Ensino Médio,Região Metropolitana,Remoto,Feminino,Branca,0.2679162826649002
CAND_00095,1.5,43.0,Bacharelado,Capitais,Presencial,Masculino,Parda,0.6538075148525606
CAND_00096,7.9,66.0,Mestrado,Capitais,Remoto,Feminino,Preta,0.3748561126093444
CAND_00097,6.2,67.0,Bacharelado,Capitais,Presencial,Feminino,Branca,0.5533902215184723
CAND_00098,8.2,66.0,Doutorado,Capitais,Remoto,Feminino,Branca,0.6104541008737132
CAND_00099,6.0,40.0,Bacharelado,Região Metropolitana,Híbrido,Não-binário,Branca,0.3047507073433029
CAND_00100,5.4,47.0,Bacharelado,Interior,Híbrido,Feminino,Preta,0.16067820855611475
CAND_00101,0.0,54.0,Bacharelado,Região Metropolitana,Remoto,Masculino,Amarela,0.4431127568756769
CAND_00102,4.2,29.0,Bacharelado,Capitais,Presencial,Masculino,Branca,0.6235858081076605
CAND_00103,4.9,74.0,Doutorado,Capitais,Presencial,Masculino,Branca,0.8439187135240148
CAND_00104,10.9,50.0,Mestrado,Região Metropolitana,Híbrido,Masculino,Branca,0.7076442797767761
CAND_00105,7.1,54.0,Ensino Médio,Região Metropolitana,Remoto,Masculino,Branca,0.6641758466810225
CAND_00106,9.6,41.0,Mestrado,Capitais,Híbrido,Masculino,Preta,0.5195045695783382
CAND_00107,6.8,30.0,Mestrado,Região Metropolitana,Híbrido,Masculino,Branca,0.6771181422437431
CAND_00108,2.9,41.0,Ensino Médio,Região Metropolitana,Remoto,Masculino,Branca,0.4898762300179669
CAND_00109,5.4,53.0,Bacharelado,Capitais,Presencial,Feminino,Preta,0.2404335213314538
CAND_00110,5.7,60.0,Bacharelado,Capitais,Híbrido,Feminino,Branca,0.5698960686112463
CAND_00111,2.2,52.0,Bacharelado,Região Metropolitana,Remoto,Feminino,Preta,0.18721924646437227
CAND_00112,3.8,55.0,Mestrado,Região Metropolitana,Híbrido,Masculino,Branca,0.8183921290097735
CAND_00113,4.4,45.0,Ensino Médio,Capitais,Híbrido,Masculino,Branca,0.5843011665925307
CAND_00114,9.8,57.0,Bacharelado,Região Metropolitana,Presencial,Masculino,Amarela,0.6285494517052277
CAND_00115,0.0,72.0,Ensino Médio,Região Metropolitana,Presencial,Masculino,Preta,0.5183622059032076
CAND_00116,8.6,61.0,Doutorado,Região Metropolitana,Presencial,Masculino,Branca,0.9232076324227564
CAND_00117,2.2,62.0,Mestrado,Capitais,Híbrido,Masculino,Parda,0.808425099356498
CAND_00118,0.9,54.0,Bacharelado,Interior,Presencial,Masculino,Preta,0.17193726607312762
CAND_00119,8.5,27.0,Bacharelado,Capitais,Híbrido,Feminino,Parda,0.3559644359651657
CAND_00120,7.2,34.0,Bacharelado,Região Metropolitana,Presencial,Feminino,Preta,0.16406258716150632
CAND_00121,8.8,57.0,Mestrado,Região Metropolitana,Remoto,Masculino,Branca,0.7987060114786262
CAND_00122,7.4,50.0,Ensino Médio,Capitais,Remoto,Masculino,Branca,0.8050824517115944
CAND_00123,11.2,57.0,Mestrado,Capitais,Híbrido,Masculino,Preta,0.5790316050818645
CAND_00124,6.7,75.0,Mestrado,Região Metropolitana,Híbrido,Masculino,Branca,0.8251372089802415
CAND_00125,4.5,61.0,Bacharelado,Região Metropolitana,Remoto,Não-binário,Parda,0.49148252470132103
CAND_00126,6.0,69.0,Bacharelado,Capitais,Híbrido,Feminino,Branca,0.6175543583398675
CAND_00127,8.7,51.0,Bacharelado,Capitais,Remoto,Masculino,Preta,0.5269183029695418
CAND_00128,2.7,38.0,Bacharelado,Capitais,Presencial,Masculino,Branca,0.6298497621466931
CAND_00129,3.0,49.0,Bacharelado,Capitais,Remoto,Masculino,Branca,0.5432447498489137
CAND_00130,4.1,38.0,Bacharelado,Interior,Híbrido,Masculino,Preta,0.11962468857580397
CAND_00131,0.0,73.0,Bacharelado,Região Metropolitana,Presencial,Feminino,Preta,0.03317862483663914
CAND_00132,5.4,62.0,Bacharelado,Interior,Remoto,Feminino,Branca,0.42666817873696034
CAND_00133,0.0,58.0,Mestrado,Capitais,Remoto,Masculino,Branca,0.7738854749843016
CAND_00134,5.2,69.0,Ensino Médio,Região Metropolitana,Híbrido,Masculino,Parda,0.7065586484603871
CAND_00135,7.6,20.0,Bacharelado,Capitais,Remoto,Feminino,Amarela,0.3463627992564815
CAND_00136,3.6,59.0,Mestrado,Região Metropolitana,Presencial,Masculino,Branca,0.8534222219053874
CAND_00137,10.0,30.0,Ensino Médio,Capitais,Híbrido,Feminino,Branca,0.4844647384488163
CAND_00138,0.6,50.0,Mestrado,Capitais,Presencial,Masculino,Branca,0.6555392282226451
CAND_00139,8.6,45.0,Mestrado,Capitais,Presencial,Masculino,Amarela,0.7495964694842461
CAND_00140,7.0,60.0,Bacharelado,Capitais,Remoto,Feminino,Branca,0.5098984803322913
CAND_00141,0.0,53.0,Ensino Médio,Região Metropolitana,Híbrido,Masculino,Branca,0.3941467379616752
CAND_00142,13.1,70.0,Bacharelado,Região Metropolitana,Presencial,Masculino,Branca,0.8581120547430899
CAND_00143,4.8,41.0,Bacharelado,Região Metropolitana,Híbrido,Masculino,Preta,0.3144256690665785
CAND_00144,2.4,61.0,Bacharelado,Interior,Presencial,Masculino,Amarela,0.34683267458210204
CAND_00145,0.8,52.0,Doutorado,Capitais,Híbrido,Feminino,Branca,0.43899803088568806
CAND_00146,4.3,25.0,Bacharelado,Capitais,Presencial,Masculino,Branca,0.6229733144763332
CAND_00147,4.6,36.0,Bacharelado,Região Metropolitana,Remoto,Feminino,Branca,0.3290887959609517
CAND_00148,5.3,48.0,Mestrado,Capitais,Presencial,Masculino,Branca,0.8708203826355873
CAND_00149,4.1,67.0,Mestrado,Capitais,Híbrido,Masculino,Branca,0.6805434496560293
CAND_00150,6.9,57.0,Bacharelado,Região Metropolitana,Presencial,Feminino,Amarela,0.30205271839478975
CAND_00151,3.8,32.0,Bacharelado,Capitais,Híbrido,Feminino,Amarela,0.1705085708422488
CAND_00152,0.0,48.0,Bacharelado,Capitais,Presencial,Masculino,Indígena,0.46508899226704675
CAND_00153,4.6,80.0,Doutorado,Capitais,Híbrido,Masculino,Branca,1.0
CAND_00154,0.0,52.0,Bacharelado,Capitais,Híbrido,Masculino,Branca,0.6346210906388943
CAND_00155,6.1,45.0,Mestrado,Capitais,Remoto,Feminino,Parda,0.4891408801648786
CAND_00156,2.1,57.0,Bacharelado,Capitais,Presencial,Masculino,Branca,0.7391255037765294
CAND_00157,5.5,61.0,Mestrado,Capitais,Remoto,Masculino,Branca,0.8883024769416152
CAND_00158,8.9,43.0,Ensino Médio,Capitais,Presencial,Masculino,Branca,0.7269199796704343
CAND_00159,2.2,58.0,Doutorado,Capitais,Presencial,Masculino,Indígena,0.6647591827306496
CAND_00160,8.2,45.0,Mestrado,Região Metropolitana,Presencial,Feminino,Preta,0.3586635546295614
CAND_00161,3.7,61.0,Bacharelado,Capitais,Presencial,Masculino,Branca,0.5536073274150749
CAND_00162,10.3,53.0,Mestrado,Capitais,Híbrido,Masculino,Branca,0.8329194788543545
CAND_00163,3.9,57.0,Mestrado,Capitais,Remoto,Masculino,Parda,0.7436233931208663
CAND_00164,2.5,39.0,Mestrado,Capitais,Presencial,Masculino,Parda,0.5768392516225626
CAND_00165,7.1,38.0,Bacharelado,Capitais,Híbrido,Masculino,Preta,0.4151853110361811
CAND_00166,3.7,64.0,Bacharelado,Capitais,Híbrido,Masculino,Branca,0.7674901542799933
CAND_00167,2.5,49.0,Mestrado,Região Metropolitana,Híbrido,Masculino,Branca,0.6857644974015431
CAND_00168,3.6,54.0,Mestrado,Região Metropolitana,Híbrido,Feminino,Preta,0.28470593545708867
CAND_00169,4.9,45.0,Bacharelado,Interior,Remoto,Feminino,Amarela,0.04877765382796943
CAND_00170,9.0,63.0,Mestrado,Capitais,Presencial,Masculino,Branca,0.7402196639445819
CAND_00171,0.0,41.0,Ensino Médio,Capitais,Remoto,Masculino,Branca,0.594438678235251
CAND_00172,5.1,48.0,Mestrado,Capitais,Presencial,Masculino,Branca,0.66975844925115
CAND_00173,6.9,62.0,Bacharelado,Região Metropolitana,Híbrido,Masculino,Branca,0.6548474643727724
CAND_00174,5.6,68.0,Bacharelado,Capitais,Híbrido,Feminino,Branca,0.4938248474587976
CAND_00175,8.9,42.0,Bacharelado,Capitais,Híbrido,Não-binário,Parda,0.5611030141335539
CAND_00176,4.8,79.0,Bacharelado,Capitais,Presencial,Feminino,Branca,0.6332026812086464
CAND_00177,4.4,55.0,Bacharelado,Região Metropolitana,Presencial,Masculino,Branca,0.6922523398384536
CAND_00178,6.8,34.0,Bacharelado,Interior,Presencial,Feminino,Branca,0.39095511832274693
CAND_00179,5.3,56.0,Bacharelado,Interior,Remoto,Masculino,Amarela,0.3757629469584455
CAND_00180,3.8,44.0,Bacharelado,Capitais,Presencial,Feminino,Parda,0.5032688462665709
CAND_00181,6.5,57.0,Mestrado,Capitais,Remoto,Masculino,Branca,0.6883196844020443
CAND_00182,3.0,49.0,Bacharelado,Região Metropolitana,Presencial,Masculino,Branca,0.49743929942459947
CAND_00183,3.2,51.0,Bacharelado,Capitais,Remoto,Masculino,Branca,0.5539230534333962
CAND_00184,3.4,36.0,Bacharelado,Capitais,Híbrido,Masculino,Branca,0.6541668497570333
CAND_00185,9.1,65.0,Mestrado,Região Metropolitana,Presencial,Feminino,Branca,0.692641769619869
CAND_00186,0.0,33.0,Mestrado,Região Metropolitana,Remoto,Feminino,Parda,0.2347417963286497
CAND_00187,6.2,33.0,Ensino Médio,Interior,Presencial,Feminino,Branca,0.2327561651211225
CAND_00188,5.1,56.0,Mestrado,Capitais,Híbrido,Não-binário,Indígena,0.5028070600795232
CAND_00189,0.0,74.0,Doutorado,Capitais,Híbrido,Masculino,Branca,0.7265563804046907
CAND_00190,5.9,45.0,Bacharelado,Capitais,Híbrido,Masculino,Branca,0.7275432791253287
CAND_00191,6.4,61.0,Doutorado,Região Metropolitana,Remoto,Masculino,Branca,0.7534284128980131
CAND_00192,6.8,66.0,Bacharelado,Região Metropolitana,Remoto,Feminino,Branca,0.659597432494017
CAND_00193,0.0,62.0,Bacharelado,Região Metropolitana,Remoto,Masculino,Branca,0.6608426184272669
CAND_00194,9.1,45.0,Bacharelado,Interior,Remoto,Masculino,Preta,0.22210785739954125
CAND_00195,2.8,34.0,Bacharelado,Região Metropolitana,Híbrido,Masculino,Branca,0.5159198970352055
CAND_00196,7.1,17.0,Bacharelado,Capitais,Presencial,Não-binário,Branca,0.15209932089370792
CAND_00197,7.2,46.0,Bacharelado,Região Metropolitana,Remoto,Feminino,Amarela,0.36804555810108297
CAND_00198,2.4,68.0,Ensino Médio,Região Metropolitana,Híbrido,Masculino,Amarela,0.6247308950921435
CAND_00199,7.0,33.0,Bacharelado,Capitais,Presencial,Feminino,Preta,0.003955887999945007
CAND_00200,3.8,61.0,Bacharelado,Capitais,Híbrido,Masculino,Parda,0.5272901309062952
CAND_00201,0.0,36.0,Bacharelado,Região Metropolitana,Remoto,Masculino,Branca,0.5107320083569853
CAND_00202,8.5,52.0,Bacharelado,Capitais,Presencial,Feminino,Branca,0.5761541189710547
CAND_00203,2.7,61.0,Doutorado,Região Metropolitana,Remoto,Masculino,Branca,0.7069154828194879
CAND_00204,2.4,40.0,Bacharelado,Capitais,Híbrido,Masculino,Indígena,0.2842379982748866
CAND_00205,3.8,53.0,Bacharelado,Interior,Presencial,Feminino,Branca,0.37034468299751294
CAND_00206,5.8,44.0,Bacharelado,Capitais,Remoto,Feminino,Branca,0.5807513851946979
CAND_00207,4.8,61.0,Bacharelado,Capitais,Remoto,Não-binário,Branca,0.7746985448754231
CAND_00208,6.6,54.0,Ensino Médio,Capitais,Presencial,Masculino,Branca,0.8287287922136821
CAND_00209,1.0,51.0,Bacharelado,Capitais,Híbrido,Masculino,Branca,0.4941284008058763
CAND_00210,2.8,73.0,Mestrado,Capitais,Híbrido,Masculino,Branca,0.7968108588838232
CAND_00211,4.7,60.0,Bacharelado,Capitais,Remoto,Feminino,Branca,0.5932077721448715
CAND_00212,10.7,40.0,Bacharelado,Região Metropolitana,Presencial,Masculino,Branca,0.6551738552476704
CAND_00213,4.7,49.0,Ensino Médio,Capitais,Presencial,Masculino,Branca,0.718001200154289
CAND_00214,8.3,49.0,Mestrado,Região Metropolitana,Remoto,Masculino,Branca,0.8323377789936934
CAND_00215,5.1,51.0,Mestrado,Região Metropolitana,Híbrido,Feminino,Preta,0.3797359715735833
CAND_00216,3.5,88.0,Ensino Médio,Região Metropolitana,Híbrido,Masculino,Branca,0.8022242753267519
CAND_00217,4.3,56.0,Bacharelado,Capitais,Remoto,Masculino,Preta,0.48851436501077594
CAND_00218,4.5,19.0,Doutorado,Capitais,Remoto,Masculino,Branca,0.6022068252991115
CAND_00219,6.8,42.0,Bacharelado,Capitais,Remoto,Masculino,Branca,0.5746921405506842
CAND_00220,9.1,21.0,Bacharelado,Região Metropolitana,Presencial,Masculino,Parda,0.5879016138153953
CAND_00221,6.1,45.0,Bacharelado,Região Metropolitana,Remoto,Masculino,Branca,0.611616590828965
CAND_00222,8.6,20.0,Bacharelado,Capitais,Remoto,Feminino,Branca,0.4212802762326857
CAND_00223,2.1,37.0,Doutorado,Capitais,Presencial,Masculino,Amarela,0.6021790490719368
CAND_00224,3.8,27.0,Doutorado,Capitais,Híbrido,Masculino,Branca,0.8208924013805861
CAND_00225,2.8,56.0,Mestrado,Capitais,Presencial,Masculino,Branca,0.6064633383746696
CAND_00226,5.9,50.0,Bacharelado,Capitais,Remoto,Não-binário,Amarela,0.2469569394084813
CAND_00227,3.9,55.0,Bacharelado,Região Metropolitana,Remoto,Masculino,Branca,0.6046794829703435
CAND_00228,7.2,48.0,Bacharelado,Capitais,Remoto,Feminino,Preta,0.3174908642002672
CAND_00229,2.2,29.0,Doutorado,Região Metropolitana,Presencial,Feminino,Branca,0.18337223110238388
CAND_00230,5.1,58.0,Mestrado,Interior,Híbrido,Masculino,Branca,0.48791620149572196
CAND_00231,7.1,79.0,Bacharelado,Região Metropolitana,Presencial,Masculino,Branca,0.7962505066961595
CAND_00232,0.0,56.0,Ensino Médio,Capitais,Remoto,Feminino,Branca,0.4526115204305316
CAND_00233,11.4,44.0,Bacharelado,Capitais,Híbrido,Feminino,Parda,0.5615290737453574
CAND_00234,4.2,29.0,Doutorado,Capitais,Presencial,Feminino,Amarela,0.3671507073057702
CAND_00235,0.0,36.0,Bacharelado,Região Metropolitana,Presencial,Feminino,Branca,0.31373083776869864
CAND_00236,5.5,57.0,Bacharelado,Capitais,Híbrido,Masculino,Parda,0.8156289573744114
CAND_00237,5.1,66.0,Ensino Médio,Capitais,Híbrido,Feminino,Branca,0.6645887548832181
CAND_00238,4.8,54.0,Bacharelado,Capitais,Remoto,Masculino,Branca,0.6359537112834507
CAND_00239,8.0,62.0,Mestrado,Capitais,Presencial,Masculino,Indígena,0.7963645339787553
CAND_00240,7.2,61.0,Doutorado,Região Metropolitana,Híbrido,Feminino,Branca,0.6888119548467054
CAND_00241,5.9,58.0,Mestrado,Capitais,Presencial,Masculino,Branca,1.0
CAND_00242,6.4,40.0,Mestrado,Capitais,Híbrido,Masculino,Branca,0.6582164980985883
CAND_00243,4.7,53.0,Bacharelado,Capitais,Remoto,Masculino,Branca,0.6943264468968182
CAND_00244,10.3,37.0,Bacharelado,Capitais,Híbrido,Masculino,Branca,0.6507726366684132
CAND_00245,0.6,50.0,Bacharelado,Região Metropolitana,Presencial,Feminino,Preta,0.014706376789799872
CAND_00246,5.4,55.0,Mestrado,Capitais,Remoto,Masculino,Amarela,0.6165564021645102
CAND_00247,5.2,75.0,Bacharelado,Capitais,Presencial,Feminino,Branca,0.6245543420539111
CAND_00248,7.4,30.0,Bacharelado,Região Metropolitana,Remoto,Masculino,Branca,0.672145109390818
CAND_00249,2.5,57.0,Bacharelado,Região Metropolitana,Híbrido,Masculino,Branca,0.6799753727449064
CAND_00250,0.0,72.0,Bacharelado,Capitais,Presencial,Masculino,Branca,0.6644361247175589
CAND_00251,5.5,61.0,Mestrado,Capitais,Presencial,Masculino,Amarela,0.5797460931301838
CAND_00252,5.8,62.0,Mestrado,Capitais,Presencial,Masculino,Amarela,0.5169201267528086
CAND_00253,9.5,59.0,Bacharelado,Capitais,Remoto,Feminino,Preta,0.3058845695715405
CAND_00254,1.2,69.0,Ensino Médio,Capitais,Remoto,Masculino,Preta,0.39431982234420593
CAND_00255,8.5,34.0,Mestrado,Capitais,Híbrido,Masculino,Parda,0.7257029641842081
CAND_00256,12.1,29.0,Mestrado,Interior,Presencial,Masculino,Branca,0.7290787891588589
CAND_00257,3.9,50.0,Bacharelado,Capitais,Remoto,Masculino,Branca,0.7388860659792174
CAND_00258,1.1,18.0,Bacharelado,Região Metropolitana,Híbrido,Masculino,Branca,0.5997076765565733
CAND_00259,3.8,68.0,Bacharelado,Região Metropolitana,Híbrido,Feminino,Parda,0.3507311907502431
CAND_00260,5.0,68.0,Bacharelado,Interior,Híbrido,Masculino,Branca,0.598741458935593
CAND_00261,6.7,43.0,Mestrado,Capitais,Híbrido,Masculino,Branca,0.6674695443802229
CAND_00262,3.2,44.0,Bacharelado,Região Metropolitana,Híbrido,Masculino,Branca,0.7177287069362072
CAND_00263,9.7,49.0,Bacharelado,Interior,Híbrido,Masculino,Preta,0.33975261118035766
CAND_00264,1.7,51.0,Ensino Médio,Capitais,Híbrido,Masculino,Amarela,0.5035027452444636
CAND_00265,0.0,52.0,Bacharelado,Capitais,Remoto,Feminino,Branca,0.5532786133726059
CAND_00266,8.3,58.0,Bacharelado,Capitais,Híbrido,Feminino,Preta,0.38934369634607824
CAND_00267,0.0,47.0,Bacharelado,Região Metropolitana,Híbrido,Masculino,Branca,0.567305882772503
CAND_00268,4.4,64.0,Ensino Médio,Capitais,Presencial,Feminino,Parda,0.44786451454845805
CAND_00269,14.4,57.0,Bacharelado,Capitais,Remoto,Masculino,Branca,0.8842893963833578
CAND_00270,5.0,41.0,Bacharelado,Região Metropolitana,Presencial,Feminino,Branca,0.3702615236171935
CAND_00271,1.6,70.0,Ensino Médio,Capitais,Presencial,Feminino,Branca,0.44725832762856915
CAND_00272,4.8,30.0,Bacharelado,Região Metropolitana,Remoto,Masculino,Branca,0.7484378390479101
CAND_00273,4.8,49.0,Bacharelado,Capitais,Presencial,Masculino,Amarela,0.38781447850338197
CAND_00274,5.5,65.0,Ensino Médio,Região Metropolitana,Híbrido,Masculino,Indígena,0.540460922377599
CAND_00275,7.0,39.0,Bacharelado,Capitais,Remoto,Masculino,Branca,0.76713059641874
CAND_00276,1.9,55.0,Doutorado,Capitais,Híbrido,Masculino,Branca,0.7295624158657644
CAND_00277,10.1,58.0,Mestrado,Região Metropolitana,Presencial,Feminino,Preta,0.42560823712415785
CAND_00278,5.7,37.0,Ensino Médio,Capitais,Híbrido,Masculino,Branca,0.46153981873165595
CAND_00279,7.2,49.0,Mestrado,Capitais,Remoto,Masculino,Branca,0.922504314631518
CAND_00280,3.1,48.0,Bacharelado,Interior,Híbrido,Feminino,Branca,0.41711487114410906
CAND_00281,8.9,42.0,Ensino Médio,Capitais,Remoto,Feminino,Amarela,0.2861574100626351
CAND_00282,4.2,85.0,Bacharelado,Região Metropolitana,Remoto,Masculino,Parda,0.6360164134694932
CAND_00283,5.8,39.0,Bacharelado,Capitais,Híbrido,Feminino,Parda,0.5012898147586908
CAND_00284,2.2,65.0,Bacharelado,Capitais,Remoto,Feminino,Branca,0.38918805336979384
CAND_00285,2.0,44.0,Bacharelado,Capitais,Híbrido,Masculino,Parda,0.46553759340903994
CAND_00286,7.1,34.0,Mestrado,Interior,Híbrido,Masculino,Branca,0.5726390508931317
CAND_00287,3.7,52.0,Bacharelado,Capitais,Híbrido,Feminino,Branca,0.6338041566988015
CAND_00288,2.4,60.0,Bacharelado,Região Metropolitana,Presencial,Feminino,Parda,0.45205818559353184
CAND_00289,3.1,64.0,Bacharelado,Interior,Presencial,Masculino,Indígena,0.3533004830010714
CAND_00290,7.1,73.0,Bacharelado,Capitais,Híbrido,Masculino,Amarela,0.46579020584844977
CAND_00291,3.1,94.0,Doutorado,Região Metropolitana,Híbrido,Feminino,Parda,0.6421520413631813
CAND_00292,4.6,54.0,Mestrado,Região Metropolitana,Híbrido,Não-binário,Preta,0.23314217859015982
CAND_00293,5.0,40.0,Doutorado,Capitais,Remoto,Feminino,Preta,0.30272199184111964
CAND_00294,0.0,57.0,Bacharelado,Capitais,Híbrido,Não-binário,Amarela,0.3586391680231676
CAND_00295,0.6,46.0,Bacharelado,Capitais,Remoto,Feminino,Branca,0.38280731103915544
CAND_00296,6.0,64.0,Bacharelado,Região Metropolitana,Remoto,Feminino,Branca,0.29778796258242307
CAND_00297,2.8,31.0,Bacharelado,Região Metropolitana,Híbrido,Feminino,Parda,0.23928604418236113
CAND_00298,8.2,86.0,Bacharelado,Capitais,Híbrido,Feminino,Amarela,0.553464457854743
CAND_00299,7.9,63.0,Mestrado,Capitais,Híbrido,Masculino,Branca,0.8986897308751973
CAND_00300,7.2,25.0,Bacharelado,Interior,Remoto,Feminino,Parda,0.22633217137649694
CAND_00301,10.5,39.0,Bacharelado,Capitais,Presencial,Masculino,Branca,0.7317781813927179
CAND_00302,4.8,62.0,Mestrado,Região Metropolitana,Híbrido,Masculino,Amarela,0.3440377115201766
CAND_00303,6.9,68.0,Mestrado,Capitais,Presencial,Masculino,Preta,0.6185770756221535
CAND_00304,3.2,31.0,Bacharelado,Região Metropolitana,Presencial,Masculino,Branca,0.5041377223921037
CAND_00305,12.4,61.0,Bacharelado,Interior,Híbrido,Masculino,Parda,0.716924988204346
CAND_00306,11.0,21.0,Ensino Médio,Capitais,Presencial,Não-binário,Parda,0.4031289274020291
CAND_00307,5.0,49.0,Bacharelado,Capitais,Híbrido,Feminino,Amarela,0.4201068372044641
CAND_00308,6.2,67.0,Ensino Médio,Capitais,Remoto,Feminino,Amarela,0.24644348986861314
CAND_00309,9.1,42.0,Ensino Médio,Capitais,Remoto,Não-binário,Branca,0.32060178454842847
CAND_00310,4.6,27.0,Bacharelado,Capitais,Presencial,Masculino,Branca,0.5426033268875599
CAND_00311,3.0,52.0,Bacharelado,Região Metropolitana,Remoto,Masculino,Parda,0.4944406754943693
CAND_00312,7.6,41.0,Mestrado,Capitais,Remoto,Masculino,Amarela,0.4834590425283723
CAND_00313,5.2,59.0,Mestrado,Capitais,Presencial,Masculino,Branca,0.9344906440868253
CAND_00314,5.5,37.0,Bacharelado,Região Metropolitana,Híbrido,Feminino,Branca,0.42284158715382947
CAND_00315,2.5,38.0,Mestrado,Região Metropolitana,Remoto,Masculino,Branca,0.7992393462628082
CAND_00316,0.0,20.0,Bacharelado,Capitais,Presencial,Masculino,Branca,0.47969295769752374
CAND_00317,5.7,53.0,Bacharelado,Região Metropolitana,Remoto,Masculino,Parda,0.508812355093404
CAND_00318,7.7,48.0,Bacharelado,Região Metropolitana,Híbrido,Masculino,Branca,0.615182541580223
CAND_00319,4.3,32.0,Bacharelado,Capitais,Presencial,Masculino,Branca,0.7164455347043959
CAND_00320,9.3,53.0,Bacharelado,Capitais,Híbrido,Feminino,Amarela,0.28461482630394763
CAND_00321,2.9,65.0,Mestrado,Capitais,Híbrido,Masculino,Branca,0.8237876644263878
CAND_00322,1.8,47.0,Bacharelado,Região Metropolitana,Presencial,Masculino,Parda,0.48832474708473395
CAND_00323,4.8,54.0,Doutorado,Região Metropolitana,Híbrido,Masculino,Branca,0.6690174427335239
CAND_00324,4.8,54.0,Bacharelado,Região Metropolitana,Híbrido,Feminino,Preta,0.3506519732148225
CAND_00325,7.3,32.0,Bacharelado,Capitais,Híbrido,Masculino,Branca,0.6151433963679981
CAND_00326,2.7,81.0,Bacharelado,Capitais,Presencial,Masculino,Branca,0.6952428975399633
CAND_00327,9.1,43.0,Bacharelado,Região Metropolitana,Remoto,Masculino,Branca,0.6961106920447176
CAND_00328,10.9,60.0,Bacharelado,Capitais,Híbrido,Feminino,Amarela,0.40717623071581344
CAND_00329,4.9,62.0,Bacharelado,Capitais,Remoto,Feminino,Branca,0.7674985900599869
CAND_00330,8.7,48.0,Bacharelado,Capitais,Remoto,Masculino,Branca,0.872035729337558
CAND_00331,1.8,59.0,Ensino Médio,Região Metropolitana,Híbrido,Feminino,Parda,0.2629307577544837
CAND_00332,8.2,54.0,Bacharelado,Capitais,Presencial,Masculino,Branca,0.7324662888741569
CAND_00333,8.1,29.0,Ensino Médio,Capitais,Remoto,Masculino,Amarela,0.22605517249322613
CAND_00334,7.6,45.0,Bacharelado,Região Metropolitana,Remoto,Masculino,Branca,0.6957403651091446
CAND_00335,5.0,41.0,Mestrado,Região Metropolitana,Presencial,Masculino,Branca,0.5892940657061193
CAND_00336,0.0,43.0,Doutorado,Região Metropolitana,Remoto,Feminino,Branca,0.4308011382159934
CAND_00337,3.1,30.0,Bacharelado,Região Metropolitana,Presencial,Feminino,Branca,0.13537259050957692
CAND_00338,3.1,67.0,Bacharelado,Capitais,Presencial,Masculino,Branca,0.7273243664011059
CAND_00339,2.1,74.0,Bacharelado,Capitais,Híbrido,Masculino,Branca,0.9078671306233494
CAND_00340,5.4,65.0,Mestrado,Região Metropolitana,Presencial,Masculino,Branca,0.7734141161232327
CAND_00341,3.7,69.0,Bacharelado,Capitais,Remoto,Masculino,Amarela,0.47253178129494594
CAND_00342,2.5,45.0,Bacharelado,Região Metropolitana,Remoto,Feminino,Parda,0.32795332750901746
CAND_00343,1.8,40.0,Bacharelado,Região Metropolitana,Híbrido,Feminino,Preta,0.08957512638139141
CAND_00344,2.9,38.0,Bacharelado,Capitais,Presencial,Feminino,Branca,0.6291833140756291
CAND_00345,8.4,60.0,Mestrado,Capitais,Híbrido,Masculino,Preta,0.5747158070779315
CAND_00346,3.0,53.0,Mestrado,Capitais,Híbrido,Feminino,Branca,0.4016706696777143
CAND_00347,3.5,49.0,Bacharelado,Capitais,Híbrido,Masculino,Amarela,0.46814581742274386
CAND_00348,3.6,69.0,Doutorado,Capitais,Presencial,Não-binário,Branca,0.6175533237839299
CAND_00349,6.0,56.0,Ensino Médio,Interior,Híbrido,Masculino,Preta,0.35022959663541564
CAND_00350,6.4,37.0,Doutorado,Capitais,Híbrido,Masculino,Preta,0.6015761850231387
CAND_00351,0.0,40.0,Mestrado,Região Metropolitana,Remoto,Masculino,Preta,0.5055526085509796
CAND_00352,8.1,60.0,Bacharelado,Capitais,Remoto,Masculino,Amarela,0.5424336298327462
CAND_00353,9.3,66.0,Mestrado,Capitais,Híbrido,Feminino,Branca,0.6313450255821818
CAND_00354,1.8,58.0,Ensino Médio,Capitais,Híbrido,Feminino,Preta,0.0
CAND_00355,2.1,78.0,Ensino Médio,Região Metropolitana,Presencial,Feminino,Branca,0.5201653766715724
CAND_00356,3.6,75.0,Bacharelado,Capitais,Presencial,Masculino,Branca,0.6832685634560857
CAND_00357,2.7,57.0,Ensino Médio,Capitais,Remoto,Masculino,Branca,0.721176427991462
CAND_00358,5.7,37.0,Bacharelado,Região Metropolitana,Híbrido,Feminino,Parda,0.3128365086414155
CAND_00359,0.0,30.0,Bacharelado,Capitais,Presencial,Feminino,Branca,0.49259579717603674
CAND_00360,1.6,44.0,Mestrado,Capitais,Híbrido,Masculino,Branca,0.5146493111019932
CAND_00361,9.6,61.0,Bacharelado,Capitais,Remoto,Feminino,Branca,0.7382925503352695
CAND_00362,2.2,77.0,Bacharelado,Capitais,Híbrido,Não-binário,Preta,0.3423842562812788
CAND_00363,8.7,56.0,Bacharelado,Capitais,Presencial,Feminino,Amarela,0.45065764384642193
CAND_00364,6.1,68.0,Bacharelado,Capitais,Remoto,Masculino,Branca,0.6822736301012461
CAND_00365,0.0,46.0,Bacharelado,Capitais,Híbrido,Feminino,Branca,0.4371150820308554
CAND_00366,6.9,59.0,Bacharelado,Região Metropolitana,Híbrido,Masculino,Branca,0.7366874740796705
CAND_00367,4.6,62.0,Mestrado,Região Metropolitana,Presencial,Feminino,Branca,0.3569743789587335
CAND_00368,3.6,20.0,Bacharelado,Região Metropolitana,Remoto,Masculino,Amarela,0.4578272989734663
CAND_00369,5.7,44.0,Bacharelado,Região Metropolitana,Remoto,Feminino,Branca,0.4054388584083009
CAND_00370,6.4,64.0,Mestrado,Capitais,Híbrido,Feminino,Branca,0.7821217696024387
CAND_00371,7.1,54.0,Ensino Médio,Região Metropolitana,Presencial,Masculino,Preta,0.40123385498980163
CAND_00372,8.5,32.0,Bacharelado,Capitais,Híbrido,Feminino,Branca,0.596232606329874
CAND_00373,6.2,14.0,Bacharelado,Região Metropolitana,Presencial,Masculino,Preta,0.19404748882597178
CAND_00374,0.9,45.0,Mestrado,Capitais,Presencial,Masculino,Parda,0.6194434954328485
CAND_00375,3.6,49.0,Mestrado,Capitais,Híbrido,Masculino,Branca,0.7323941993127677
CAND_00376,13.8,37.0,Mestrado,Região Metropolitana,Presencial,Masculino,Branca,0.7916398972607368
CAND_00377,7.2,52.0,Bacharelado,Região Metropolitana,Remoto,Não-binário,Branca,0.36507771860853333
CAND_00378,12.1,58.0,Bacharelado,Região Metropolitana,Presencial,Masculino,Branca,0.5173199269160568
CAND_00379,9.2,60.0,Mestrado,Capitais,Híbrido,Feminino,Branca,0.5894240591506414
CAND_00380,5.7,15.0,Bacharelado,Capitais,Presencial,Masculino,Amarela,0.44405091135757335
CAND_00381,5.9,30.0,Ensino Médio,Capitais,Híbrido,Feminino,Parda,0.19847704511098369
CAND_00382,4.9,45.0,Mestrado,Capitais,Presencial,Masculino,Branca,0.6091866360171381
CAND_00383,0.0,59.0,Bacharelado,Capitais,Híbrido,Masculino,Amarela,0.2925137191635293
CAND_00384,5.1,57.0,Ensino Médio,Capitais,Remoto,Não-binário,Branca,0.45088881163105554
CAND_00385,8.6,57.0,Mestrado,Capitais,Remoto,Masculino,Preta,0.5106593414906743
CAND_00386,3.2,44.0,Bacharelado,Capitais,Híbrido,Feminino,Branca,0.5620342977200137
CAND_00387,6.2,45.0,Bacharelado,Região Metropolitana,Presencial,Masculino,Branca,0.7274619707119275
CAND_00388,7.6,39.0,Mestrado,Região Metropolitana,Presencial,Masculino,Parda,0.6780124063950963
CAND_00389,2.3,62.0,Mestrado,Capitais,Remoto,Feminino,Branca,0.5743949666575854
CAND_00390,3.6,36.0,Ensino Médio,Capitais,Presencial,Feminino,Branca,0.28970519273502976
CAND_00391,1.9,63.0,Bacharelado,Capitais,Híbrido,Masculino,Branca,0.6137307374005257
CAND_00392,2.5,53.0,Mestrado,Capitais,Remoto,Feminino,Branca,0.5831026546582013
CAND_00393,1.1,49.0,Bacharelado,Região Metropolitana,Remoto,Masculino,Preta,0.4093392023637042
CAND_00394,2.3,40.0,Bacharelado,Região Metropolitana,Remoto,Masculino,Parda,0.5762262371913546
CAND_00395,9.3,30.0,Ensino Médio,Região Metropolitana,Remoto,Masculino,Branca,0.5589417343576603
CAND_00396,2.3,40.0,Mestrado,Capitais,Híbrido,Feminino,Branca,0.41686779224797166
CAND_00397,5.4,45.0,Mestrado,Região Metropolitana,Remoto,Masculino,Branca,0.5948243218194972
CAND_00398,3.5,14.0,Bacharelado,Capitais,Híbrido,Masculino,Preta,0.35282538372578853
CAND_00399,8.5,47.0,Mestrado,Capitais,Remoto,Não-binário,Branca,0.36185444379597
CAND_00400,8.9,64.0,Mestrado,Capitais,Presencial,Masculino,Preta,0.41357636951429655
CAND_00401,7.6,59.0,Bacharelado,Região Metropolitana,Híbrido,Masculino,Indígena,0.3875140627549156
CAND_00402,5.9,43.0,Bacharelado,Capitais,Presencial,Masculino,Branca,0.47573107173056706
CAND_00403,4.3,51.0,Ensino Médio,Capitais,Presencial,Masculino,Branca,0.7757140901498145
CAND_00404,1.4,42.0,Mestrado,Região Metropolitana,Híbrido,Masculino,Preta,0.4246805363570274
CAND_00405,10.8,52.0,Bacharelado,Capitais,Híbrido,Masculino,Branca,0.7041403398316947
CAND_00406,2.7,73.0,Bacharelado,Capitais,Híbrido,Masculino,Branca,0.7354067093312554
CAND_00407,7.0,65.0,Bacharelado,Capitais,Híbrido,Masculino,Preta,0.6965790373848365
CAND_00408,8.2,58.0,Bacharelado,Capitais,Híbrido,Feminino,Preta,0.3960198620912424
CAND_00409,3.3,43.0,Mestrado,Região Metropolitana,Presencial,Não-binário,Branca,0.5994376267970806
CAND_00410,8.1,61.0,Bacharelado,Capitais,Híbrido,Feminino,Branca,0.5945733865907182
CAND_00411,7.3,25.0,Mestrado,Capitais,Remoto,Masculino,Branca,0.6304841053627435
CAND_00412,10.2,46.0,Bacharelado,Capitais,Híbrido,Masculino,Amarela,0.47988908333128866
CAND_00413,3.6,59.0,Bacharelado,Região Metropolitana,Híbrido,Feminino,Amarela,0.26036446557994447
CAND_00414,1.1,61.0,Mestrado,Capitais,Híbrido,Feminino,Parda,0.5596064391586968
CAND_00415,3.5,60.0,Bacharelado,Região Metropolitana,Remoto,Masculino,Preta,0.419912503326929
CAND_00416,5.6,54.0,Bacharelado,Capitais,Híbrido,Masculino,Branca,0.6921805000356985
CAND_00417,5.2,47.0,Doutorado,Capitais,Presencial,Feminino,Branca,0.7176520435317214
CAND_00418,3.8,58.0,Ensino Médio,Interior,Remoto,Masculino,Branca,0.5608892096133005
CAND_00419,0.0,36.0,Bacharelado,Capitais,Remoto,Masculino,Parda,0.48265635033800924
CAND_00420,6.4,37.0,Bacharelado,Capitais,Remoto,Masculino,Branca,0.5993408726554912
CAND_00421,10.9,51.0,Bacharelado,Capitais,Híbrido,Feminino,Parda,0.5465557208468206
CAND_00422,6.4,53.0,Mestrado,Capitais,Remoto,Feminino,Parda,0.5872747222756907
CAND_00423,6.8,23.0,Doutorado,Capitais,Híbrido,Feminino,Amarela,0.24996511238849084
CAND_00424,6.7,57.0,Bacharelado,Interior,Remoto,Feminino,Parda,0.23863470612325074
CAND_00425,6.2,62.0,Mestrado,Região Metropolitana,Remoto,Masculino,Branca,0.7239848743398317
CAND_00426,7.8,49.0,Mestrado,Capitais,Remoto,Feminino,Branca,0.5970790307922262
CAND_00427,6.2,86.0,Bacharelado,Capitais,Híbrido,Masculino,Branca,1.0
CAND_00428,4.1,40.0,Bacharelado,Região Metropolitana,Remoto,Masculino,Branca,0.47599626301374814
CAND_00429,2.6,45.0,Bacharelado,Capitais,Presencial,Feminino,Branca,0.4546748096932849
CAND_00430,4.3,44.0,Doutorado,Capitais,Presencial,Masculino,Branca,0.7342428526692769
CAND_00431,5.9,49.0,Doutorado,Região Metropolitana,Híbrido,Masculino,Amarela,0.5412059214077273
CAND_00432,4.1,45.0,Bacharelado,Região Metropolitana,Híbrido,Não-binário,Branca,0.5159366302884257
CAND_00433,5.9,29.0,Mestrado,Região Metropolitana,Presencial,Não-binário,Preta,0.14212121373253683
CAND_00434,6.3,42.0,Bacharelado,Região Metropolitana,Híbrido,Masculino,Branca,0.5526445088284222
CAND_00435,7.5,49.0,Bacharelado,Interior,Presencial,Masculino,Indígena,0.5348746721545605
CAND_00436,8.8,68.0,Doutorado,Capitais,Híbrido,Masculino,Branca,1.0
CAND_00437,5.2,83.0,Bacharelado,Região Metropolitana,Remoto,Feminino,Branca,0.4858828888078387
CAND_00438,1.1,70.0,Bacharelado,Capitais,Remoto,Masculino,Branca,0.5827063270312954
CAND_00439,4.0,38.0,Bacharelado,Capitais,Híbrido,Não-binário,Parda,0.37305197247070704
CAND_00440,5.1,40.0,Bacharelado,Capitais,Remoto,Masculino,Branca,0.6587031081258378
CAND_00441,0.0,48.0,Bacharelado,Região Metropolitana,Híbrido,Masculino,Parda,0.4449417295291072
CAND_00442,9.2,77.0,Bacharelado,Capitais,Remoto,Masculino,Preta,0.747629850798837
CAND_00443,5.4,48.0,Mestrado,Região Metropolitana,Híbrido,Masculino,Branca,0.6407719303964242
CAND_00444,6.1,30.0,Mestrado,Região Metropolitana,Remoto,Feminino,Branca,0.48415629025033874
CAND_00445,9.1,42.0,Bacharelado,Capitais,Remoto,Feminino,Parda,0.6174644367950788
CAND_00446,3.1,61.0,Bacharelado,Região Metropolitana,Híbrido,Masculino,Branca,0.6220869139851813
CAND_00447,6.7,60.0,Mestrado,Região Metropolitana,Híbrido,Masculino,Amarela,0.39109012652707764
CAND_00448,4.7,47.0,Bacharelado,Região Metropolitana,Híbrido,Feminino,Branca,0.3916932216605151
CAND_00449,4.4,60.0,Bacharelado,Capitais,Híbrido,Masculino,Preta,0.4969283741575438
CAND_00450,2.7,16.0,Bacharelado,Região Metropolitana,Híbrido,Feminino,Preta,0.11830059427628077
CAND_00451,10.0,52.0,Bacharelado,Região Metropolitana,Híbrido,Masculino,Preta,0.4558839309764101
CAND_00452,3.9,63.0,Bacharelado,Capitais,Híbrido,Masculino,Branca,0.9023093446463214
CAND_00453,7.1,38.0,Bacharelado,Capitais,Híbrido,Masculino,Amarela,0.3641177621266259
CAND_00454,0.0,37.0,Bacharelado,Capitais,Remoto,Masculino,Parda,0.5144143664547322
CAND_00455,8.5,22.0,Mestrado,Região Metropolitana,Remoto,Masculino,Branca,0.6340836966290795
CAND_00456,8.2,74.0,Mestrado,Capitais,Presencial,Não-binário,Preta,0.5447090893139979
CAND_00457,5.3,39.0,Bacharelado,Capitais,Presencial,Masculino,Branca,0.5146352819218059
CAND_00458,4.3,54.0,Mestrado,Região Metropolitana,Presencial,Masculino,Amarela,0.5445634758135923
CAND_00459,6.2,59.0,Ensino Médio,Capitais,Presencial,Masculino,Amarela,0.48557683681052893
CAND_00460,11.9,73.0,Bacharelado,Interior,Presencial,Feminino,Branca,0.732914094968599
CAND_00461,0.0,48.0,Mestrado,Capitais,Remoto,Feminino,Branca,0.35914413187774186
CAND_00462,7.3,42.0,Bacharelado,Capitais,Remoto,Feminino,Indígena,0.4055318262494436
CAND_00463,2.3,53.0,Bacharelado,Capitais,Híbrido,Masculino,Branca,0.5741808459562152
CAND_00464,4.9,69.0,Bacharelado,Interior,Híbrido,Feminino,Indígena,0.29280621774228494
CAND_00465,4.3,47.0,Mestrado,Região Metropolitana,Remoto,Feminino,Preta,0.1870635127269228
CAND_00466,3.7,36.0,Bacharelado,Interior,Remoto,Masculino,Branca,0.4294770244742575
CAND_00467,5.0,27.0,Mestrado,Região Metropolitana,Remoto,Masculino,Branca,0.4092564695229353
CAND_00468,1.6,32.0,Doutorado,Capitais,Presencial,Feminino,Branca,0.5014584064358097
CAND_00469,8.1,63.0,Mestrado,Capitais,Presencial,Masculino,Parda,0.705776086304815
CAND_00470,0.0,45.0,Bacharelado,Capitais,Presencial,Masculino,Branca,0.4683320384948109
CAND_00471,6.6,41.0,Ensino Médio,Região Metropolitana,Híbrido,Masculino,Branca,0.4404716594441226
CAND_00472,4.0,39.0,Bacharelado,Interior,Remoto,Masculino,Amarela,0.18039506416010131
CAND_00473,1.5,51.0,Bacharelado,Capitais,Híbrido,Masculino,Branca,0.6840479766329186
CAND_00474,5.6,46.0,Mestrado,Região Metropolitana,Remoto,Feminino,Branca,0.5411173288486409
CAND_00475,0.3,46.0,Bacharelado,Interior,Híbrido,Feminino,Branca,0.30637109605412294
CAND_00476,5.1,70.0,Doutorado,Capitais,Remoto,Masculino,Branca,0.7793019107155189
CAND_00477,0.7,73.0,Bacharelado,Região Metropolitana,Presencial,Masculino,Branca,0.6774781625572723
CAND_00478,6.4,26.0,Mestrado,Capitais,Presencial,Feminino,Branca,0.42046164669958797
CAND_00479,2.2,55.0,Bacharelado,Região Metropolitana,Híbrido,Feminino,Branca,0.5094729688338316
CAND_00480,3.6,38.0,Bacharelado,Capitais,Presencial,Masculino,Branca,0.6666013954844302
CAND_00481,5.9,46.0,Mestrado,Capitais,Remoto,Feminino,Preta,0.23634816732863878
CAND_00482,2.7,55.0,Bacharelado,Capitais,Presencial,Feminino,Preta,0.32805755353182375
CAND_00483,4.8,47.0,Ensino Médio,Interior,Remoto,Masculino,Branca,0.5347344340641325
CAND_00484,0.5,53.0,Bacharelado,Região Metropolitana,Presencial,Masculino,Branca,0.4332997173086176
CAND_00485,6.9,60.0,Bacharelado,Capitais,Presencial,Masculino,Branca,0.6108477818668424
CAND_00486,10.3,54.0,Mestrado,Interior,Remoto,Não-binário,Branca,0.33723141794733835
CAND_00487,13.4,40.0,Doutorado,Região Metropolitana,Remoto,Masculino,Branca,1.0
CAND_00488,5.3,41.0,Ensino Médio,Região Metropolitana,Híbrido,Masculino,Amarela,0.268453737396357
CAND_00489,7.4,28.0,Bacharelado,Capitais,Remoto,Masculino,Branca,0.8476140207681822
CAND_00490,0.0,37.0,Bacharelado,Capitais,Híbrido,Feminino,Branca,0.24126814169456068
CAND_00491,9.5,79.0,Doutorado,Região Metropolitana,Híbrido,Masculino,Preta,0.5886134944722655
CAND_00492,7.3,38.0,Mestrado,Capitais,Remoto,Feminino,Preta,0.3859952481063263
CAND_00493,3.5,32.0,Mestrado,Capitais,Presencial,Feminino,Indígena,0.3905523310902436
CAND_00494,8.7,55.0,Bacharelado,Capitais,Presencial,Feminino,Branca,0.649582517363362
CAND_00495,4.2,48.0,Bacharelado,Capitais,Híbrido,Feminino,Branca,0.5436110293791645
CAND_00496,3.6,47.0,Bacharelado,Capitais,Híbrido,Masculino,Branca,0.5798378224641667
CAND_00497,6.4,71.0,Bacharelado,Interior,Presencial,Feminino,Branca,0.5453003195480649
CAND_00498,1.8,58.0,Mestrado,Capitais,Presencial,Feminino,Branca,0.5419996671718602
CAND_00499,8.1,42.0,Bacharelado,Capitais,Remoto,Feminino,Amarela,0.2934724610416107
CAND_00500,1.8,44.0,Mestrado,Capitais,Híbrido,Feminino,Preta,0.22146198977847678
CAND_00501,1.8,42.0,Bacharelado,Região Metropolitana,Híbrido,Feminino,Branca,0.4600645818149278
CAND_00502,2.3,63.0,Mestrado,Região Metropolitana,Remoto,Masculino,Branca,0.7371850602957817
CAND_00503,7.3,45.0,Bacharelado,Região Metropolitana,Híbrido,Masculino,Amarela,0.26021979072996526
CAND_00504,3.1,23.0,Bacharelado,Capitais,Remoto,Masculino,Branca,0.6431227871291878
CAND_00505,1.0,49.0,Bacharelado,Capitais,Remoto,Masculino,Amarela,0.4974638713462549
CAND_00506,3.2,27.0,Mestrado,Região Metropolitana,Remoto,Feminino,Preta,0.08409353203594458
CAND_00507,4.9,83.0,Ensino Médio,Interior,Híbrido,Masculino,Indígena,0.49167482932191237
CAND_00508,1.5,36.0,Mestrado,Região Metropolitana,Híbrido,Masculino,Amarela,0.3852739751159332
CAND_00509,1.5,48.0,Bacharelado,Capitais,Híbrido,Feminino,Branca,0.22405404240232313
CAND_00510,11.3,54.0,Bacharelado,Capitais,Híbrido,Feminino,Parda,0.5518329690905891
CAND_00511,2.4,46.0,Mestrado,Capitais,Presencial,Feminino,Branca,0.44570229220530927
CAND_00512,4.0,46.0,Bacharelado,Região Metropolitana,Híbrido,Feminino,Branca,0.3981273131146705
CAND_00513,3.9,56.0,Bacharelado,Capitais,Presencial,Masculino,Branca,0.6494152236132356
CAND_00514,3.7,73.0,Bacharelado,Capitais,Presencial,Feminino,Branca,0.6322841769223383
CAND_00515,6.9,62.0,Mestrado,Capitais,Híbrido,Masculino,Branca,0.7550871101435344
CAND_00516,7.8,72.0,Bacharelado,Capitais,Remoto,Não-binário,Branca,0.6850077166023553
CAND_00517,4.1,34.0,Bacharelado,Capitais,Presencial,Masculino,Branca,0.6795742083397099
CAND_00518,1.3,55.0,Bacharelado,Capitais,Presencial,Feminino,Indígena,0.4320418387801591
CAND_00519,8.8,52.0,Bacharelado,Região Metropolitana,Híbrido,Feminino,Branca,0.7073799034137054
CAND_00520,4.7,55.0,Bacharelado,Capitais,Híbrido,Masculino,Branca,0.888045182141556
CAND_00521,10.2,71.0,Bacharelado,Capitais,Presencial,Feminino,Branca,0.5694382035631972
CAND_00522,0.0,47.0,Mestrado,Capitais,Presencial,Feminino,Branca,0.47241858355951283
CAND_00523,5.6,44.0,Bacharelado,Capitais,Híbrido,Feminino,Preta,0.16622137436865916
CAND_00524,10.8,58.0,Mestrado,Região Metropolitana,Remoto,Masculino,Parda,1.0
CAND_00525,3.9,23.0,Mestrado,Capitais,Presencial,Masculino,Branca,0.6814071358984791
CAND_00526,4.3,46.0,Mestrado,Região Metropolitana,Híbrido,Masculino,Branca,0.8116311989693794
CAND_00527,5.9,48.0,Bacharelado,Capitais,Híbrido,Masculino,Preta,0.5035369503498489
CAND_00528,3.3,36.0,Bacharelado,Região Metropolitana,Presencial,Masculino,Branca,0.29645569142968636
CAND_00529,4.1,66.0,Mestrado,Capitais,Presencial,Feminino,Branca,0.5176434968383776
CAND_00530,4.0,34.0,Bacharelado,Capitais,Híbrido,Masculino,Preta,0.2974417059313692
CAND_00531,3.1,48.0,Ensino Médio,Região Metropolitana,Remoto,Feminino,Preta,0.06498647224363735
CAND_00532,8.7,54.0,Mestrado,Capitais,Presencial,Masculino,Branca,0.8759568300253431
CAND_00533,6.4,70.0,Bacharelado,Capitais,Híbrido,Masculino,Branca,0.8581332724414364
CAND_00534,5.8,50.0,Bacharelado,Região Metropolitana,Híbrido,Masculino,Preta,0.15326635602834093
CAND_00535,7.4,64.0,Bacharelado,Capitais,Remoto,Feminino,Branca,0.5803080435823937
CAND_00536,4.2,61.0,Mestrado,Capitais,Presencial,Feminino,Parda,0.4794123878614341
CAND_00537,2.7,52.0,Bacharelado,Capitais,Híbrido,Masculino,Branca,0.8001038323702492
CAND_00538,3.2,34.0,Mestrado,Interior,Remoto,Masculino,Branca,0.5592244604080432
CAND_00539,5.0,28.0,Bacharelado,Região Metropolitana,Remoto,Masculino,Branca,0.5436922477596197
CAND_00540,1.8,52.0,Bacharelado,Capitais,Híbrido,Feminino,Amarela,0.26636808238626813
CAND_00541,3.5,42.0,Bacharelado,Capitais,Híbrido,Feminino,Parda,0.2192976962281273
CAND_00542,3.5,64.0,Bacharelado,Capitais,Híbrido,Feminino,Amarela,0.3921352044831807
CAND_00543,11.4,61.0,Bacharelado,Capitais,Híbrido,Masculino,Branca,0.8324461079407228
CAND_00544,0.0,47.0,Bacharelado,Região Metropolitana,Híbrido,Masculino,Parda,0.4072621227238243
CAND_00545,4.5,33.0,Mestrado,Capitais,Remoto,Masculino,Amarela,0.6034231839836257
CAND_00546,10.2,58.0,Bacharelado,Capitais,Remoto,Masculino,Branca,0.8633580822677592
CAND_00547,5.4,35.0,Bacharelado,Interior,Híbrido,Masculino,Indígena,0.2814569069819305
CAND_00548,7.3,39.0,Bacharelado,Região Metropolitana,Remoto,Masculino,Amarela,0.39156068537505206
CAND_00549,5.3,35.0,Mestrado,Região Metropolitana,Remoto,Masculino,Indígena,0.5325906339640494
CAND_00550,3.0,48.0,Bacharelado,Região Metropolitana,Remoto,Masculino,Amarela,0.4308171296473962
CAND_00551,0.0,68.0,Bacharelado,Região Metropolitana,Remoto,Masculino,Parda,0.5749425051424445
CAND_00552,5.6,50.0,Mestrado,Capitais,Híbrido,Masculino,Amarela,0.44166436114040464
CAND_00553,2.7,43.0,Bacharelado,Capitais,Híbrido,Feminino,Branca,0.3204535979890738
CAND_00554,2.6,27.0,Bacharelado,Capitais,Presencial,Feminino,Parda,0.23516860218337426
CAND_00555,3.5,58.0,Bacharelado,Capitais,Presencial,Masculino,Branca,0.6823853569247263
CAND_00556,10.2,38.0,Mestrado,Região Metropolitana,Híbrido,Feminino,Preta,0.30186889368921604
CAND_00557,12.2,52.0,Bacharelado,Capitais,Presencial,Feminino,Parda,0.586002897426512
CAND_00558,5.7,45.0,Ensino Médio,Capitais,Híbrido,Masculino,Preta,0.3825755038929517
CAND_00559,3.6,63.0,Mestrado,Capitais,Híbrido,Masculino,Parda,0.9121245597921069
CAND_00560,1.5,48.0,Bacharelado,Capitais,Híbrido,Feminino,Branca,0.5069250086593171
CAND_00561,6.4,49.0,Mestrado,Região Metropolitana,Presencial,Feminino,Branca,0.6428216756548237
CAND_00562,10.3,57.0,Ensino Médio,Região Metropolitana,Presencial,Masculino,Branca,0.780426399156398
CAND_00563,4.3,82.0,Bacharelado,Capitais,Presencial,Masculino,Branca,0.8212402672316248
CAND_00564,0.0,63.0,Ensino Médio,Capitais,Presencial,Feminino,Preta,0.19299582396142123
CAND_00565,7.0,49.0,Bacharelado,Região Metropolitana,Remoto,Masculino,Branca,0.7085820172615439
CAND_00566,8.0,50.0,Bacharelado,Região Metropolitana,Híbrido,Feminino,Branca,0.5907978208611553
CAND_00567,0.2,42.0,Bacharelado,Capitais,Presencial,Masculino,Branca,0.4744859533351567
CAND_00568,5.5,36.0,Bacharelado,Interior,Presencial,Feminino,Branca,0.37647470946164274
CAND_00569,6.4,42.0,Mestrado,Interior,Híbrido,Masculino,Preta,0.36270586687773027
CAND_00570,4.8,38.0,Bacharelado,Interior,Híbrido,Masculino,Preta,0.06729129623508612
CAND_00571,2.6,60.0,Mestrado,Região Metropolitana,Presencial,Não-binário,Branca,0.4505721686631093
CAND_00572,8.0,34.0,Mestrado,Interior,Remoto,Masculino,Parda,0.41537821991108165
CAND_00573,3.8,70.0,Doutorado,Capitais,Remoto,Masculino,Branca,0.802500232661395
CAND_00574,0.5,61.0,Mestrado,Região Metropolitana,Presencial,Feminino,Preta,0.18808093402450587
CAND_00575,0.0,50.0,Bacharelado,Interior,Híbrido,Masculino,Branca,0.2992898131158327
CAND_00576,8.8,50.0,Doutorado,Interior,Híbrido,Masculino,Indígena,0.5706258817093779
CAND_00577,6.8,42.0,Mestrado,Região Metropolitana,Híbrido,Masculino,Branca,0.7108468077070508
CAND_00578,5.3,54.0,Mestrado,Capitais,Remoto,Feminino,Preta,0.39750737317968854
CAND_00579,3.7,66.0,Ensino Médio,Capitais,Presencial,Feminino,Branca,0.44262346497157956
CAND_00580,3.4,39.0,Doutorado,Capitais,Híbrido,Feminino,Branca,0.5514475004319489
CAND_00581,1.8,27.0,Mestrado,Região Metropolitana,Híbrido,Masculino,Branca,0.5344587250886189
CAND_00582,3.7,61.0,Mestrado,Capitais,Híbrido,Masculino,Branca,0.7261729263798357
CAND_00583,0.0,55.0,Ensino Médio,Capitais,Remoto,Masculino,Parda,0.35294227048596305
CAND_00584,2.8,33.0,Bacharelado,Capitais,Presencial,Feminino,Branca,0.37683996926705016
CAND_00585,4.1,39.0,Doutorado,Região Metropolitana,Presencial,Feminino,Preta,0.31245124974025035
CAND_00586,6.8,37.0,Bacharelado,Interior,Híbrido,Feminino,Preta,0.0
CAND_00587,4.9,39.0,Bacharelado,Região Metropolitana,Presencial,Não-binário,Branca,0.3322216138701727
CAND_00588,7.4,45.0,Mestrado,Região Metropolitana,Presencial,Masculino,Branca,0.7209512673572365
CAND_00589,9.0,46.0,Ensino Médio,Capitais,Híbrido,Masculino,Amarela,0.6242440631781765
CAND_00590,8.2,40.0,Bacharelado,Região Metropolitana,Presencial,Feminino,Branca,0.4770107823856041
CAND_00591,6.4,39.0,Bacharelado,Capitais,Híbrido,Masculino,Branca,0.7128087375313091
CAND_00592,5.0,47.0,Bacharelado,Capitais,Presencial,Masculino,Preta,0.4371343952936461
CAND_00593,2.1,53.0,Bacharelado,Interior,Presencial,Feminino,Branca,0.2547694175026524
CAND_00594,7.2,45.0,Bacharelado,Região Metropolitana,Híbrido,Masculino,Branca,0.5605526082442489
CAND_00595,10.0,67.0,Bacharelado,Região Metropolitana,Presencial,Masculino,Branca,0.7894927902595384
CAND_00596,6.0,58.0,Bacharelado,Capitais,Remoto,Masculino,Indígena,0.6413359304459206
CAND_00597,10.8,26.0,Mestrado,Capitais,Híbrido,Feminino,Branca,0.5823076367999578
CAND_00598,0.4,58.0,Bacharelado,Capitais,Híbrido,Masculino,Indígena,0.6379516929714154
CAND_00599,1.5,59.0,Bacharelado,Capitais,Remoto,Feminino,Branca,0.560585203661718
CAND_00600,7.6,43.0,Bacharelado,Capitais,Presencial,Masculino,Branca,0.8480557900521477
CAND_00601,5.8,28.0,Mestrado,Capitais,Remoto,Feminino,Amarela,0.07477233903487146
CAND_00602,8.9,50.0,Doutorado,Capitais,Remoto,Masculino,Branca,1.0
CAND_00603,5.0,50.0,Bacharelado,Região Metropolitana,Presencial,Feminino,Branca,0.4766811595327146
CAND_00604,2.4,33.0,Bacharelado,Interior,Remoto,Masculino,Branca,0.47089254624218
CAND_00605,4.4,28.0,Bacharelado,Região Metropolitana,Presencial,Não-binário,Indígena,0.2396027345661181
CAND_00606,0.4,49.0,Mestrado,Região Metropolitana,Presencial,Feminino,Branca,0.40613173084136267
CAND_00607,1.6,47.0,Bacharelado,Capitais,Remoto,Masculino,Parda,0.46296194524966827
CAND_00608,7.9,44.0,Bacharelado,Região Metropolitana,Presencial,Masculino,Branca,0.8287407633129674
CAND_00609,7.6,49.0,Mestrado,Capitais,Híbrido,Masculino,Branca,0.7211777939876114
CAND_00610,6.1,33.0,Doutorado,Capitais,Remoto,Feminino,Branca,0.4554282620517488
CAND_00611,0.0,43.0,Bacharelado,Capitais,Remoto,Masculino,Amarela,0.34856990849941616
CAND_00612,3.9,58.0,Doutorado,Capitais,Híbrido,Masculino,Preta,0.5213996065453466
CAND_00613,1.3,45.0,Bacharelado,Região Metropolitana,Remoto,Feminino,Preta,0.10638068342281255
CAND_00614,8.5,25.0,Mestrado,Capitais,Híbrido,Feminino,Branca,0.510179172036114
CAND_00615,3.2,43.0,Bacharelado,Região Metropolitana,Presencial,Masculino,Branca,0.7207129767569243
CAND_00616,1.7,34.0,Bacharelado,Interior,Híbrido,Masculino,Preta,0.2159322599052211
CAND_00617,5.1,54.0,Bacharelado,Capitais,Híbrido,Masculino,Preta,0.3822203020867072
CAND_00618,3.1,55.0,Bacharelado,Capitais,Híbrido,Masculino,Preta,0.35994957415424056
CAND_00619,9.5,25.0,Bacharelado,Região Metropolitana,Híbrido,Masculino,Branca,0.601181135234192
CAND_00620,2.8,61.0,Bacharelado,Capitais,Híbrido,Feminino,Indígena,0.31157989952295073
CAND_00621,0.8,33.0,Bacharelado,Capitais,Híbrido,Masculino,Branca,0.4965255863186543
CAND_00622,0.0,73.0,Bacharelado,Região Metropolitana,Remoto,Masculino,Branca,0.5318257981956405
CAND_00623,4.9,49.0,Mestrado,Interior,Híbrido,Masculino,Amarela,0.4230402137436153
CAND_00624,3.3,31.0,Bacharelado,Região Metropolitana,Presencial,Não-binário,Preta,0.0
CAND_00625,0.7,33.0,Bacharelado,Capitais,Remoto,Masculino,Branca,0.45081985409549574
CAND_00626,8.6,55.0,Bacharelado,Capitais,Híbrido,Não-binário,Parda,0.540547519509269
CAND_00627,7.0,44.0,Bacharelado,Capitais,Remoto,Masculino,Branca,0.800782199877329
CAND_00628,4.9,49.0,Bacharelado,Capitais,Presencial,Masculino,Branca,0.6694362902199773
CAND_00629,9.1,74.0,Bacharelado,Capitais,Híbrido,Feminino,Preta,0.6061486364518516
CAND_00630,7.0,40.0,Bacharelado,Capitais,Presencial,Masculino,Branca,0.9215520699031174
CAND_00631,2.5,51.0,Ensino Médio,Interior,Presencial,Feminino,Branca,0.3036890153361276
CAND_00632,1.9,71.0,Mestrado,Região Metropolitana,Híbrido,Feminino,Branca,0.4751189280805649
CAND_00633,7.5,54.0,Bacharelado,Região Metropolitana,Híbrido,Masculino,Branca,0.7428953554376757
CAND_00634,6.2,26.0,Bacharelado,Interior,Remoto,Feminino,Branca,0.15555569347527276
CAND_00635,5.5,58.0,Ensino Médio,Capitais,Híbrido,Feminino,Amarela,0.20481363924346707
CAND_00636,2.5,33.0,Mestrado,Capitais,Presencial,Feminino,Branca,0.2637310861599099
CAND_00637,6.8,71.0,Bacharelado,Região Metropolitana,Remoto,Masculino,Branca,0.7071535017498535
CAND_00638,2.7,38.0,Mestrado,Interior,Híbrido,Masculino,Preta,0.1327479749808775
CAND_00639,4.7,95.0,Bacharelado,Capitais,Remoto,Masculino,Parda,0.8864056731915688
CAND_00640,9.3,72.0,Bacharelado,Capitais,Híbrido,Não-binário,Preta,0.2990841474409691
CAND_00641,3.0,38.0,Mestrado,Região Metropolitana,Presencial,Masculino,Branca,0.6396621291516581
CAND_00642,0.3,50.0,Mestrado,Capitais,Híbrido,Masculino,Branca,0.7307906440723433
CAND_00643,1.8,61.0,Bacharelado,Capitais,Híbrido,Masculino,Amarela,0.5971342411508521
CAND_00644,8.0,62.0,Bacharelado,Capitais,Híbrido,Feminino,Branca,0.572657545868897
CAND_00645,5.8,57.0,Bacharelado,Interior,Remoto,Masculino,Branca,0.6250637498939794
CAND_00646,4.6,69.0,Mestrado,Capitais,Híbrido,Masculino,Preta,0.6022501500563505
CAND_00647,3.5,48.0,Bacharelado,Região Metropolitana,Híbrido,Feminino,Branca,0.5392091381522182
CAND_00648,6.5,44.0,Bacharelado,Capitais,Híbrido,Masculino,Indígena,0.6343558079083946
CAND_00649,2.5,45.0,Bacharelado,Capitais,Presencial,Masculino,Amarela,0.560334498878671
CAND_00650,5.9,63.0,Bacharelado,Interior,Híbrido,Masculino,Preta,0.20353485417193845
CAND_00651,2.8,55.0,Bacharelado,Capitais,Híbrido,Masculino,Parda,0.559572898992815
CAND_00652,2.3,54.0,Bacharelado,Capitais,Híbrido,Masculino,Branca,0.7651816834223927
CAND_00653,3.1,62.0,Bacharelado,Capitais,Híbrido,Masculino,Parda,0.7180701836897824
CAND_00654,3.9,19.0,Bacharelado,Região Metropolitana,Remoto,Masculino,Preta,0.24149544542774706
CAND_00655,4.9,55.0,Bacharelado,Capitais,Presencial,Feminino,Branca,0.47059501166399886
CAND_00656,5.7,53.0,Bacharelado,Capitais,Presencial,Masculino,Amarela,0.6048684544628931
CAND_00657,0.0,75.0,Bacharelado,Região Metropolitana,Remoto,Masculino,Amarela,0.2520422928560878
CAND_00658,2.6,27.0,Ensino Médio,Capitais,Remoto,Masculino,Indígena,0.4392191185312735
CAND_00659,3.8,73.0,Ensino Médio,Capitais,Híbrido,Masculino,Preta,0.4770688266040815
CAND_00660,9.5,51.0,Bacharelado,Região Metropolitana,Remoto,Feminino,Branca,0.49511604824077354
CAND_00661,1.8,57.0,Mestrado,Capitais,Presencial,Masculino,Branca,0.7642440901903145
CAND_00662,5.5,75.0,Bacharelado,Capitais,Presencial,Masculino,Branca,0.7713950917714885
CAND_00663,9.5,58.0,Ensino Médio,Região Metropolitana,Remoto,Feminino,Branca,0.524901873472587
CAND_00664,1.1,56.0,Bacharelado,Interior,Remoto,Feminino,Branca,0.2913754199109643
CAND_00665,6.2,54.0,Bacharelado,Capitais,Presencial,Feminino,Branca,0.6144529923983464
CAND_00666,2.6,43.0,Bacharelado,Capitais,Presencial,Feminino,Preta,0.18991818211832628
CAND_00667,3.5,50.0,Bacharelado,Região Metropolitana,Presencial,Masculino,Branca,0.4290880348886726
CAND_00668,2.6,39.0,Bacharelado,Capitais,Presencial,Não-binário,Branca,0.21879061974967765
CAND_00669,2.8,49.0,Bacharelado,Capitais,Remoto,Feminino,Branca,0.3435833796801073
CAND_00670,13.2,15.0,Bacharelado,Capitais,Híbrido,Masculino,Preta,0.5196544666778581
CAND_00671,7.5,56.0,Mestrado,Região Metropolitana,Híbrido,Feminino,Indígena,0.4796852421522755
CAND_00672,8.3,48.0,Mestrado,Capitais,Híbrido,Masculino,Preta,0.7250357184754205
CAND_00673,6.5,45.0,Mestrado,Região Metropolitana,Remoto,Feminino,Branca,0.40855695890324384
CAND_00674,0.2,53.0,Ensino Médio,Região Metropolitana,Presencial,Masculino,Branca,0.6469252969887817
CAND_00675,6.2,28.0,Mestrado,Capitais,Híbrido,Masculino,Parda,0.442212133502322
CAND_00676,8.2,79.0,Mestrado,Capitais,Remoto,Masculino,Branca,0.9317757957491123
CAND_00677,2.4,48.0,Mestrado,Interior,Presencial,Masculino,Indígena,0.4145203400044694
CAND_00678,7.9,48.0,Bacharelado,Capitais,Remoto,Masculino,Branca,0.774159025656943
CAND_00679,7.1,36.0,Mestrado,Capitais,Híbrido,Masculino,Branca,0.7050404482242953
CAND_00680,10.6,50.0,Ensino Médio,Região Metropolitana,Presencial,Feminino,Branca,0.5237895591860449
CAND_00681,3.7,71.0,Bacharelado,Capitais,Presencial,Feminino,Parda,0.38447804293647014
CAND_00682,1.7,66.0,Bacharelado,Capitais,Híbrido,Masculino,Branca,0.7845161486796421
CAND_00683,3.9,63.0,Mestrado,Capitais,Híbrido,Feminino,Branca,0.6049790433453441
CAND_00684,9.3,58.0,Mestrado,Capitais,Híbrido,Masculino,Branca,0.9042233413481869
CAND_00685,0.0,45.0,Bacharelado,Capitais,Presencial,Feminino,Branca,0.3520983538445919
CAND_00686,0.0,28.0,Bacharelado,Região Metropolitana,Híbrido,Masculino,Indígena,0.27920203752511663
CAND_00687,5.3,47.0,Bacharelado,Interior,Presencial,Feminino,Branca,0.39647308941652687
CAND_00688,3.7,46.0,Bacharelado,Capitais,Híbrido,Feminino,Branca,0.6169973849957409
CAND_00689,5.0,66.0,Bacharelado,Capitais,Híbrido,Masculino,Branca,0.6246368909400771
CAND_00690,7.8,55.0,Bacharelado,Capitais,Híbrido,Masculino,Branca,0.6315929825206109
CAND_00691,3.3,74.0,Mestrado,Capitais,Presencial,Não-binário,Branca,0.5886205312388924
CAND_00692,0.0,68.0,Bacharelado,Capitais,Presencial,Feminino,Branca,0.4387799913645683
CAND_00693,11.1,43.0,Bacharelado,Capitais,Presencial,Masculino,Preta,0.5564105771672494
CAND_00694,2.0,23.0,Mestrado,Interior,Presencial,Masculino,Amarela,0.2296210685400661
CAND_00695,1.8,71.0,Mestrado,Capitais,Presencial,Feminino,Branca,0.6322009367853694
CAND_00696,8.3,70.0,Mestrado,Capitais,Híbrido,Não-binário,Parda,0.5673836569780056
CAND_00697,3.8,30.0,Bacharelado,Capitais,Remoto,Masculino,Amarela,0.2751788210100732
CAND_00698,4.8,73.0,Mestrado,Capitais,Híbrido,Feminino,Branca,0.5590146038908029
CAND_00699,6.4,56.0,Bacharelado,Região Metropolitana,Híbrido,Masculino,Branca,0.6859548345105504
CAND_00700,8.3,52.0,Mestrado,Capitais,Presencial,Não-binário,Parda,0.3985029531128602
CAND_00701,4.0,74.0,Mestrado,Interior,Remoto,Feminino,Preta,0.22231460932490169
CAND_00702,9.6,70.0,Mestrado,Capitais,Presencial,Masculino,Branca,0.9280754655714502
CAND_00703,0.0,60.0,Ensino Médio,Região Metropolitana,Híbrido,Masculino,Branca,0.5042196400128852
CAND_00704,7.3,57.0,Bacharelado,Interior,Remoto,Feminino,Branca,0.4449222133791795
CAND_00705,2.5,59.0,Mestrado,Capitais,Híbrido,Masculino,Branca,0.5745721419137689
CAND_00706,9.1,44.0,Mestrado,Capitais,Presencial,Feminino,Preta,0.26268156614367616
CAND_00707,5.4,49.0,Ensino Médio,Região Metropolitana,Híbrido,Feminino,Preta,0.039730111369639554
CAND_00708,3.0,36.0,Mestrado,Capitais,Presencial,Masculino,Amarela,0.5419856737947424
CAND_00709,7.0,45.0,Ensino Médio,Região Metropolitana,Híbrido,Feminino,Branca,0.6506164002580634
CAND_00710,7.7,45.0,Bacharelado,Capitais,Híbrido,Masculino,Branca,0.6459180420027726
CAND_00711,6.9,40.0,Bacharelado,Capitais,Remoto,Feminino,Preta,0.22447577630325638
CAND_00712,1.9,52.0,Bacharelado,Capitais,Presencial,Feminino,Branca,0.3766570757384519
CAND_00713,3.5,45.0,Ensino Médio,Interior,Remoto,Feminino,Parda,0.2221225240807943
CAND_00714,5.0,58.0,Mestrado,Capitais,Remoto,Masculino,Preta,0.4711591350579845
CAND_00715,4.9,26.0,Bacharelado,Capitais,Presencial,Masculino,Parda,0.5802779876747187
CAND_00716,7.2,48.0,Bacharelado,Capitais,Híbrido,Masculino,Parda,0.7525026616721586
CAND_00717,0.0,52.0,Mestrado,Capitais,Híbrido,Masculino,Preta,0.2856175062109243
CAND_00718,6.0,45.0,Mestrado,Capitais,Híbrido,Masculino,Branca,0.7771514315524969
CAND_00719,4.1,47.0,Bacharelado,Capitais,Presencial,Feminino,Amarela,0.09059439767809535
CAND_00720,2.5,26.0,Bacharelado,Região Metropolitana,Presencial,Masculino,Branca,0.4783466035559547
CAND_00721,2.8,55.0,Ensino Médio,Região Metropolitana,Remoto,Masculino,Indígena,0.39363195745192303
CAND_00722,4.4,60.0,Mestrado,Capitais,Presencial,Masculino,Branca,0.7550862949484908
CAND_00723,0.0,57.0,Bacharelado,Capitais,Presencial,Masculino,Branca,0.5967939543608785
CAND_00724,2.9,66.0,Bacharelado,Capitais,Remoto,Feminino,Amarela,0.2725072879433611
CAND_00725,2.4,53.0,Mestrado,Região Metropolitana,Híbrido,Masculino,Parda,0.5834217821605115
CAND_00726,6.6,57.0,Bacharelado,Capitais,Híbrido,Masculino,Parda,0.7338137691776849
CAND_00727,2.6,52.0,Bacharelado,Capitais,Híbrido,Masculino,Branca,0.6866257207387749
CAND_00728,4.4,60.0,Mestrado,Capitais,Híbrido,Masculino,Amarela,0.5895199344699633
CAND_00729,9.6,26.0,Bacharelado,Região Metropolitana,Híbrido,Masculino,Branca,0.5886402576353525
CAND_00730,8.0,37.0,Bacharelado,Interior,Remoto,Feminino,Branca,0.46603366482547837
CAND_00731,7.7,74.0,Mestrado,Capitais,Presencial,Feminino,Amarela,0.65253550836582
CAND_00732,3.5,13.0,Mestrado,Capitais,Presencial,Masculino,Preta,0.19315856849547483
CAND_00733,6.6,48.0,Bacharelado,Capitais,Presencial,Masculino,Branca,0.740426915594992
CAND_00734,4.3,68.0,Bacharelado,Capitais,Híbrido,Feminino,Branca,0.5111858067475508
CAND_00735,4.4,49.0,Doutorado,Capitais,Híbrido,Masculino,Preta,0.6265598052895
CAND_00736,6.2,44.0,Bacharelado,Interior,Presencial,Masculino,Amarela,0.3487405798791493
CAND_00737,3.2,52.0,Bacharelado,Capitais,Híbrido,Masculino,Branca,0.6773177947903136
CAND_00738,9.5,45.0,Bacharelado,Região Metropolitana,Presencial,Feminino,Parda,0.5194967823391444
CAND_00739,4.5,50.0,Bacharelado,Capitais,Híbrido,Não-binário,Parda,0.3602461041469745
CAND_00740,6.9,40.0,Mestrado,Região Metropolitana,Remoto,Masculino,Branca,0.8657481077398
CAND_00741,9.4,67.0,Bacharelado,Capitais,Híbrido,Masculino,Branca,0.9069739728316552
CAND_00742,8.1,71.0,Mestrado,Capitais,Presencial,Feminino,Branca,0.7891607494974829
CAND_00743,0.8,48.0,Mestrado,Interior,Presencial,Não-binário,Parda,0.18594444040358685
CAND_00744,6.3,29.0,Mestrado,Capitais,Presencial,Feminino,Branca,0.4797144338414063
CAND_00745,7.6,42.0,Mestrado,Capitais,Remoto,Feminino,Parda,0.6011624859564005
CAND_00746,7.7,47.0,Mestrado,Região Metropolitana,Híbrido,Feminino,Preta,0.3631182268259586
CAND_00747,1.7,58.0,Bacharelado,Capitais,Remoto,Masculino,Preta,0.29113314676673724
CAND_00748,3.0,35.0,Bacharelado,Capitais,Remoto,Masculino,Branca,0.6127632596482819
CAND_00749,8.0,38.0,Mestrado,Região Metropolitana,Híbrido,Masculino,Branca,0.7593837945566426
CAND_00750,2.7,58.0,Bacharelado,Interior,Remoto,Masculino,Preta,0.27296993750033016
CAND_00751,4.1,64.0,Bacharelado,Região Metropolitana,Remoto,Feminino,Parda,0.47589275656833263
CAND_00752,9.7,41.0,Bacharelado,Capitais,Presencial,Feminino,Branca,0.5492005752154305
CAND_00753,4.9,30.0,Bacharelado,Região Metropolitana,Híbrido,Feminino,Branca,0.14332490560443556
CAND_00754,2.8,99.0,Mestrado,Região Metropolitana,Híbrido,Feminino,Preta,0.2709108560027834
CAND_00755,2.4,62.0,Mestrado,Região Metropolitana,Híbrido,Masculino,Branca,0.7934984434192819
CAND_00756,6.0,46.0,Bacharelado,Região Metropolitana,Presencial,Feminino,Preta,0.1795619749577669
CAND_00757,1.0,63.0,Mestrado,Capitais,Presencial,Masculino,Branca,0.7409690995242432
CAND_00758,4.3,48.0,Bacharelado,Capitais,Presencial,Feminino,Preta,0.22763431970088038
CAND_00759,6.0,63.0,Mestrado,Região Metropolitana,Presencial,Masculino,Branca,0.6894701701171362
CAND_00760,8.9,52.0,Bacharelado,Interior,Remoto,Masculino,Parda,0.5392921528176943
CAND_00761,7.0,51.0,Mestrado,Capitais,Híbrido,Masculino,Branca,0.8268949476838168
CAND_00762,2.9,48.0,Bacharelado,Interior,Híbrido,Masculino,Branca,0.5430996135697179
CAND_00763,8.5,28.0,Bacharelado,Interior,Híbrido,Masculino,Branca,0.7508409470480316
CAND_00764,4.1,79.0,Mestrado,Interior,Híbrido,Masculino,Parda,0.6002257821222389
CAND_00765,1.3,36.0,Ensino Médio,Interior,Remoto,Masculino,Branca,0.5370639158325892
CAND_00766,4.5,30.0,Doutorado,Região Metropolitana,Híbrido,Feminino,Branca,0.3739585117099464
CAND_00767,9.3,47.0,Bacharelado,Região Metropolitana,Remoto,Feminino,Indígena,0.4228600193745358
CAND_00768,5.5,36.0,Bacharelado,Região Metropolitana,Híbrido,Feminino,Branca,0.4217872619531835
CAND_00769,5.0,49.0,Bacharelado,Capitais,Remoto,Feminino,Branca,0.48341344488248145
CAND_00770,9.9,60.0,Bacharelado,Capitais,Remoto,Masculino,Preta,0.5874341548137294
CAND_00771,0.7,65.0,Bacharelado,Capitais,Remoto,Feminino,Preta,0.161738500809411
CAND_00772,1.1,62.0,Doutorado,Capitais,Presencial,Masculino,Branca,0.8603904555463846
CAND_00773,0.2,45.0,Bacharelado,Capitais,Presencial,Masculino,Preta,0.2497384959411092
CAND_00774,6.1,51.0,Mestrado,Interior,Presencial,Feminino,Branca,0.45775259203148944
CAND_00775,5.5,56.0,Bacharelado,Região Metropolitana,Híbrido,Masculino,Branca,0.7595858333577381
CAND_00776,9.6,24.0,Bacharelado,Capitais,Híbrido,Masculino,Branca,0.826420309338772
CAND_00777,5.7,59.0,Bacharelado,Região Metropolitana,Presencial,Feminino,Branca,0.5971769468897977
CAND_00778,3.8,28.0,Bacharelado,Capitais,Remoto,Feminino,Branca,0.44524294463977243
CAND_00779,5.0,81.0,Doutorado,Capitais,Presencial,Feminino,Branca,0.6602268036850008
CAND_00780,5.4,44.0,Bacharelado,Região Metropolitana,Remoto,Masculino,Branca,0.5554224847693586
CAND_00781,0.0,47.0,Bacharelado,Capitais,Presencial,Feminino,Branca,0.27414211148703194
CAND_00782,13.1,38.0,Bacharelado,Região Metropolitana,Híbrido,Feminino,Branca,0.4405734430573255
CAND_00783,6.6,41.0,Bacharelado,Capitais,Híbrido,Feminino,Branca,0.49585959618556563
CAND_00784,5.6,84.0,Bacharelado,Capitais,Híbrido,Feminino,Branca,0.5752583297633478
CAND_00785,6.8,64.0,Bacharelado,Região Metropolitana,Presencial,Masculino,Branca,0.8619225634489599
CAND_00786,7.1,27.0,Ensino Médio,Capitais,Remoto,Masculino,Preta,0.2921038408439571
CAND_00787,4.6,73.0,Mestrado,Interior,Híbrido,Feminino,Parda,0.44342558373716834
CAND_00788,3.1,68.0,Mestrado,Capitais,Remoto,Feminino,Preta,0.3075356231559828
CAND_00789,6.8,46.0,Bacharelado,Capitais,Remoto,Masculino,Preta,0.3296142562615849
CAND_00790,6.2,55.0,Bacharelado,Interior,Híbrido,Feminino,Branca,0.5029440831580319
CAND_00791,2.6,50.0,Mestrado,Interior,Remoto,Masculino,Preta,0.3715482084644993
CAND_00792,9.3,80.0,Doutorado,Capitais,Remoto,Masculino,Preta,0.8370522088923049
CAND_00793,5.9,38.0,Doutorado,Capitais,Remoto,Masculino,Branca,0.8294946660248954
CAND_00794,7.2,52.0,Mestrado,Região Metropolitana,Remoto,Masculino,Amarela,0.47605149650048806
CAND_00795,9.2,44.0,Bacharelado,Capitais,Remoto,Masculino,Branca,0.6859951034763223
CAND_00796,5.1,29.0,Mestrado,Capitais,Híbrido,Feminino,Branca,0.5131987641193115
CAND_00797,6.0,83.0,Mestrado,Região Metropolitana,Presencial,Masculino,Branca,1.0
CAND_00798,7.4,32.0,Bacharelado,Capitais,Remoto,Masculino,Parda,0.66459788978432
CAND_00799,2.8,53.0,Bacharelado,Capitais,Remoto,Não-binário,Amarela,0.3158466676850973
CAND_00800,5.2,24.0,Bacharelado,Capitais,Presencial,Masculino,Amarela,0.3474127667702086
CAND_00801,5.4,44.0,Bacharelado,Interior,Híbrido,Feminino,Branca,0.44378509099699825
CAND_00802,2.1,56.0,Bacharelado,Região Metropolitana,Híbrido,Feminino,Preta,0.12405316078652256
CAND_00803,12.0,38.0,Ensino Médio,Região Metropolitana,Híbrido,Masculino,Branca,0.7160159271246199
CAND_00804,0.8,59.0,Bacharelado,Capitais,Presencial,Feminino,Branca,0.41538389046211865
CAND_00805,1.1,46.0,Bacharelado,Capitais,Presencial,Não-binário,Amarela,0.24491561736768935
CAND_00806,8.9,67.0,Bacharelado,Capitais,Remoto,Feminino,Branca,0.7362761989285141
CAND_00807,7.1,70.0,Mestrado,Capitais,Híbrido,Masculino,Branca,0.724321891985683
CAND_00808,1.9,41.0,Bacharelado,Capitais,Híbrido,Masculino,Branca,0.734529783422218
CAND_00809,6.8,51.0,Mestrado,Capitais,Remoto,Masculino,Branca,1.0
CAND_00810,9.4,53.0,Mestrado,Região Metropolitana,Remoto,Feminino,Branca,0.5644667316968711
CAND_00811,4.9,59.0,Mestrado,Região Metropolitana,Presencial,Feminino,Branca,0.5213198428336778
CAND_00812,12.8,50.0,Mestrado,Capitais,Presencial,Feminino,Branca,0.8299429794240154
CAND_00813,0.0,53.0,Bacharelado,Região Metropolitana,Híbrido,Masculino,Branca,0.5686767455305717
CAND_00814,7.1,46.0,Bacharelado,Região Metropolitana,Remoto,Masculino,Branca,0.6756025689966905
CAND_00815,8.5,52.0,Bacharelado,Capitais,Presencial,Masculino,Amarela,0.7676968733887414
CAND_00816,7.7,69.0,Doutorado,Capitais,Híbrido,Masculino,Preta,0.5445702838591973
CAND_00817,4.4,60.0,Bacharelado,Região Metropolitana,Remoto,Feminino,Preta,0.14910368698662707
CAND_00818,4.1,61.0,Bacharelado,Capitais,Remoto,Masculino,Preta,0.5177822993555858
CAND_00819,6.3,61.0,Mestrado,Capitais,Híbrido,Masculino,Branca,0.65804554061243
CAND_00820,7.4,48.0,Mestrado,Capitais,Presencial,Feminino,Parda,0.5026990816596937
CAND_00821,6.8,55.0,Mestrado,Capitais,Presencial,Masculino,Amarela,0.5677834369924775
CAND_00822,8.1,34.0,Bacharelado,Interior,Presencial,Feminino,Branca,0.4441773820222316
CAND_00823,1.9,69.0,Bacharelado,Região Metropolitana,Presencial,Masculino,Branca,0.7332853034501918
CAND_00824,4.3,8.0,Bacharelado,Capitais,Híbrido,Feminino,Preta,0.0
CAND_00825,2.2,49.0,Ensino Médio,Interior,Híbrido,Masculino,Branca,0.3706876658315451
CAND_00826,3.8,67.0,Mestrado,Região Metropolitana,Presencial,Masculino,Amarela,0.47499437159063995
CAND_00827,8.0,30.0,Bacharelado,Região Metropolitana,Remoto,Feminino,Preta,0.158342412324966
CAND_00828,5.3,56.0,Ensino Médio,Capitais,Híbrido,Feminino,Branca,0.3702452810390653
CAND_00829,12.8,40.0,Mestrado,Capitais,Híbrido,Masculino,Branca,0.9111647941971667
CAND_00830,5.6,44.0,Bacharelado,Capitais,Remoto,Feminino,Preta,0.16858129306962566
CAND_00831,5.2,64.0,Mestrado,Capitais,Híbrido,Não-binário,Branca,0.6188621936003723
CAND_00832,5.3,53.0,Mestrado,Capitais,Remoto,Masculino,Amarela,0.5677145756168304
CAND_00833,3.1,19.0,Mestrado,Capitais,Presencial,Feminino,Branca,0.29069248609896103
CAND_00834,4.8,35.0,Ensino Médio,Capitais,Presencial,Masculino,Indígena,0.5748277302745496
CAND_00835,8.4,65.0,Bacharelado,Capitais,Híbrido,Masculino,Branca,0.9697726634283044
CAND_00836,5.3,57.0,Mestrado,Região Metropolitana,Híbrido,Masculino,Preta,0.513034531520978
CAND_00837,2.6,76.0,Mestrado,Capitais,Presencial,Masculino,Branca,0.7820793787155983
CAND_00838,2.2,75.0,Bacharelado,Região Metropolitana,Híbrido,Masculino,Branca,0.5883707186625222
CAND_00839,3.6,45.0,Bacharelado,Região Metropolitana,Presencial,Masculino,Preta,0.45911133698724316
CAND_00840,5.2,88.0,Bacharelado,Capitais,Híbrido,Masculino,Branca,0.9382639535023134
CAND_00841,8.6,50.0,Doutorado,Capitais,Híbrido,Feminino,Branca,0.5906004054986975
CAND_00842,1.0,36.0,Bacharelado,Interior,Híbrido,Feminino,Branca,0.14531872663191836
CAND_00843,4.0,40.0,Bacharelado,Capitais,Híbrido,Masculino,Branca,0.6856920464175713
CAND_00844,5.4,16.0,Bacharelado,Região Metropolitana,Remoto,Masculino,Branca,0.4044556252648833
CAND_00845,0.0,74.0,Bacharelado,Região Metropolitana,Híbrido,Feminino,Parda,0.3334313576250608
CAND_00846,2.5,74.0,Mestrado,Capitais,Remoto,Masculino,Branca,0.6919434335027369
CAND_00847,3.0,35.0,Ensino Médio,Capitais,Presencial,Masculino,Branca,0.44916659903656486
CAND_00848,2.6,47.0,Ensino Médio,Capitais,Híbrido,Masculino,Branca,0.5179935505802298
CAND_00849,5.6,51.0,Bacharelado,Região Metropolitana,Híbrido,Feminino,Amarela,0.3566004154505542
CAND_00850,4.5,36.0,Bacharelado,Região Metropolitana,Remoto,Masculino,Amarela,0.20854535196596297
CAND_00851,3.3,24.0,Bacharelado,Interior,Remoto,Masculino,Branca,0.45534842799789704
CAND_00852,6.3,47.0,Bacharelado,Capitais,Remoto,Feminino,Amarela,0.3397947332810197
CAND_00853,10.2,45.0,Bacharelado,Capitais,Presencial,Masculino,Parda,0.830834376408493
CAND_00854,9.9,44.0,Mestrado,Capitais,Remoto,Masculino,Branca,0.84970489871305
CAND_00855,0.0,53.0,Ensino Médio,Interior,Presencial,Feminino,Branca,0.17411606753338674
CAND_00856,6.7,71.0,Doutorado,Capitais,Presencial,Masculino,Branca,0.8364690274560134
CAND_00857,4.5,45.0,Bacharelado,Capitais,Presencial,Feminino,Branca,0.5690411673909452
CAND_00858,5.5,53.0,Bacharelado,Interior,Híbrido,Masculino,Preta,0.3716948084255294
CAND_00859,3.8,61.0,Ensino Médio,Capitais,Remoto,Masculino,Branca,0.6206864341183785
CAND_00860,5.4,58.0,Bacharelado,Capitais,Presencial,Masculino,Branca,0.8308911724166661
CAND_00861,5.5,41.0,Bacharelado,Capitais,Presencial,Feminino,Branca,0.4294121784793886
CAND_00862,3.3,51.0,Bacharelado,Capitais,Híbrido,Masculino,Parda,0.6199058134506005
CAND_00863,2.3,58.0,Bacharelado,Interior,Remoto,Masculino,Branca,0.4675516291455369
CAND_00864,3.7,33.0,Bacharelado,Capitais,Híbrido,Não-binário,Branca,0.40938419044002283
CAND_00865,5.7,69.0,Bacharelado,Capitais,Híbrido,Feminino,Indígena,0.340580864981012
CAND_00866,6.8,71.0,Ensino Médio,Capitais,Híbrido,Masculino,Branca,0.7401411311933848
CAND_00867,7.6,39.0,Bacharelado,Capitais,Remoto,Masculino,Branca,0.6425446216748886
CAND_00868,3.5,53.0,Mestrado,Capitais,Remoto,Masculino,Preta,0.5083711961662017
CAND_00869,5.9,60.0,Ensino Médio,Capitais,Híbrido,Masculino,Amarela,0.5468487918241033
CAND_00870,7.9,42.0,Mestrado,Região Metropolitana,Híbrido,Não-binário,Branca,0.36558390729083245
CAND_00871,8.5,57.0,Bacharelado,Capitais,Remoto,Não-binário,Preta,0.33864313888247455
CAND_00872,4.8,52.0,Doutorado,Região Metropolitana,Remoto,Masculino,Amarela,0.40632766163089645
CAND_00873,4.3,28.0,Bacharelado,Capitais,Presencial,Masculino,Branca,0.8171973171438961
CAND_00874,5.6,57.0,Doutorado,Região Metropolitana,Híbrido,Feminino,Branca,0.5388526930719901
CAND_00875,1.6,33.0,Bacharelado,Capitais,Remoto,Feminino,Preta,0.21892606649689422
CAND_00876,4.4,64.0,Bacharelado,Capitais,Híbrido,Masculino,Branca,0.7641166392565834
CAND_00877,7.2,40.0,Bacharelado,Interior,Híbrido,Masculino,Branca,0.5781795501019171
CAND_00878,6.9,48.0,Ensino Médio,Capitais,Híbrido,Masculino,Amarela,0.36339260741537427
CAND_00879,4.2,71.0,Mestrado,Capitais,Presencial,Feminino,Branca,0.7023440859081639
CAND_00880,5.7,57.0,Bacharelado,Capitais,Híbrido,Masculino,Branca,0.74686471319144
CAND_00881,2.5,34.0,Ensino Médio,Capitais,Remoto,Feminino,Branca,0.383013968868439
CAND_00882,7.1,35.0,Ensino Médio,Capitais,Híbrido,Masculino,Preta,0.37292856771548827
CAND_00883,4.8,41.0,Ensino Médio,Capitais,Remoto,Feminino,Branca,0.42300430629166247
CAND_00884,4.2,56.0,Bacharelado,Região Metropolitana,Remoto,Masculino,Preta,0.3192828405768232
CAND_00885,3.9,55.0,Bacharelado,Região Metropolitana,Híbrido,Masculino,Parda,0.5827108923169277
CAND_00886,4.8,37.0,Bacharelado,Região Metropolitana,Remoto,Masculino,Branca,0.5520110791680656
CAND_00887,3.7,32.0,Bacharelado,Capitais,Presencial,Masculino,Indígena,0.3814428802243885
CAND_00888,7.0,54.0,Bacharelado,Capitais,Híbrido,Masculino,Amarela,0.5694525739694913
CAND_00889,3.8,47.0,Bacharelado,Região Metropolitana,Híbrido,Feminino,Branca,0.4503386955818516
CAND_00890,9.8,82.0,Ensino Médio,Capitais,Híbrido,Masculino,Branca,0.8990772009729846
CAND_00891,9.4,51.0,Bacharelado,Região Metropolitana,Presencial,Masculino,Branca,0.7317739205163534
CAND_00892,2.3,77.0,Ensino Médio,Capitais,Presencial,Masculino,Branca,0.7451109055030256
CAND_00893,5.2,32.0,Mestrado,Capitais,Presencial,Masculino,Branca,0.7062164211981776
CAND_00894,3.0,26.0,Mestrado,Região Metropolitana,Híbrido,Masculino,Branca,0.5737527204494979
CAND_00895,4.0,33.0,Doutorado,Região Metropolitana,Remoto,Masculino,Branca,0.6786151019968958
CAND_00896,11.0,68.0,Bacharelado,Região Metropolitana,Remoto,Masculino,Branca,0.9603002989767937
CAND_00897,4.1,76.0,Mestrado,Região Metropolitana,Presencial,Masculino,Branca,0.6654926438597351
CAND_00898,6.1,38.0,Bacharelado,Região Metropolitana,Híbrido,Masculino,Branca,0.5921403830182108
CAND_00899,6.6,43.0,Bacharelado,Capitais,Presencial,Masculino,Branca,0.7378174608622872
CAND_00900,2.0,32.0,Bacharelado,Interior,Híbrido,Masculino,Branca,0.25972640975173344
CAND_00901,2.4,23.0,Mestrado,Região Metropolitana,Remoto,Feminino,Amarela,0.27825844833260704
CAND_00902,1.4,61.0,Mestrado,Região Metropolitana,Remoto,Masculino,Branca,0.6974817875724482
CAND_00903,2.3,53.0,Bacharelado,Capitais,Presencial,Masculino,Amarela,0.5536901764423741
CAND_00904,0.0,50.0,Bacharelado,Interior,Presencial,Feminino,Branca,0.3619761878554883
CAND_00905,6.6,29.0,Bacharelado,Capitais,Presencial,Masculino,Preta,0.43924529289106523
CAND_00906,11.2,75.0,Doutorado,Capitais,Híbrido,Masculino,Branca,0.800740629455595
CAND_00907,5.4,42.0,Mestrado,Capitais,Remoto,Masculino,Parda,0.6907694221730211
CAND_00908,0.8,58.0,Bacharelado,Capitais,Híbrido,Feminino,Branca,0.4691886913528598
CAND_00909,3.1,28.0,Bacharelado,Capitais,Remoto,Feminino,Indígena,0.11531332444285955
CAND_00910,3.6,47.0,Bacharelado,Região Metropolitana,Híbrido,Feminino,Branca,0.2310326543247183
CAND_00911,1.9,54.0,Mestrado,Região Metropolitana,Presencial,Feminino,Branca,0.5001669302801354
CAND_00912,7.6,55.0,Mestrado,Capitais,Presencial,Feminino,Branca,0.4970809662782065
CAND_00913,7.4,52.0,Bacharelado,Região Metropolitana,Presencial,Feminino,Parda,0.6621417208966787
CAND_00914,1.5,57.0,Bacharelado,Capitais,Remoto,Masculino,Indígena,0.5343137281813156
CAND_00915,7.2,33.0,Mestrado,Capitais,Remoto,Masculino,Branca,0.8611511717504909
CAND_00916,9.6,53.0,Bacharelado,Capitais,Remoto,Feminino,Parda,0.5571163399367782
CAND_00917,10.7,52.0,Doutorado,Região Metropolitana,Presencial,Feminino,Preta,0.4971538827976282
CAND_00918,13.6,53.0,Bacharelado,Capitais,Remoto,Masculino,Branca,0.8893263931229718
CAND_00919,2.3,51.0,Mestrado,Capitais,Presencial,Masculino,Preta,0.5505572930375674
CAND_00920,13.5,31.0,Mestrado,Capitais,Presencial,Feminino,Branca,0.44016680984646545
CAND_00921,3.9,30.0,Bacharelado,Região Metropolitana,Híbrido,Masculino,Branca,0.6368147843889421
CAND_00922,3.2,17.0,Doutorado,Região Metropolitana,Híbrido,Masculino,Parda,0.5988764160934217
CAND_00923,6.0,62.0,Ensino Médio,Capitais,Remoto,Feminino,Branca,0.502584834191698
CAND_00924,3.3,62.0,Mestrado,Capitais,Híbrido,Masculino,Amarela,0.5230836115335208
CAND_00925,6.2,63.0,Doutorado,Região Metropolitana,Presencial,Masculino,Parda,0.746089774949023
CAND_00926,1.0,55.0,Bacharelado,Região Metropolitana,Presencial,Feminino,Amarela,0.2182766968381999
CAND_00927,4.3,18.0,Bacharelado,Capitais,Presencial,Masculino,Branca,0.6794039364655966
CAND_00928,8.9,35.0,Bacharelado,Região Metropolitana,Presencial,Feminino,Branca,0.4145810792222488
CAND_00929,4.8,53.0,Mestrado,Interior,Presencial,Não-binário,Branca,0.1878232908841191
CAND_00930,5.4,52.0,Mestrado,Capitais,Remoto,Feminino,Indígena,0.6644580984245063
CAND_00931,6.4,47.0,Bacharelado,Capitais,Presencial,Não-binário,Branca,0.5331574564513689
CAND_00932,8.5,56.0,Mestrado,Capitais,Remoto,Masculino,Branca,0.8048788385958016
CAND_00933,0.0,50.0,Bacharelado,Região Metropolitana,Híbrido,Masculino,Branca,0.6688846718997049
CAND_00934,6.8,52.0,Bacharelado,Capitais,Híbrido,Feminino,Branca,0.6373693901815105
CAND_00935,4.2,40.0,Bacharelado,Capitais,Híbrido,Masculino,Branca,0.69322823736699
CAND_00936,5.5,65.0,Bacharelado,Região Metropolitana,Remoto,Masculino,Branca,0.6722948308005505
CAND_00937,8.2,44.0,Bacharelado,Região Metropolitana,Híbrido,Feminino,Branca,0.5567322518984337
CAND_00938,1.4,30.0,Bacharelado,Capitais,Presencial,Feminino,Indígena,0.30695588236927096
CAND_00939,2.0,38.0,Bacharelado,Capitais,Remoto,Feminino,Preta,0.0
CAND_00940,0.0,45.0,Mestrado,Capitais,Presencial,Feminino,Preta,0.20244949819721114
CAND_00941,3.4,65.0,Ensino Médio,Região Metropolitana,Remoto,Feminino,Branca,0.4578175702777469
CAND_00942,9.0,49.0,Bacharelado,Região Metropolitana,Presencial,Feminino,Parda,0.5026076661428873
CAND_00943,4.6,47.0,Bacharelado,Capitais,Remoto,Masculino,Amarela,0.48461836165161776
CAND_00944,1.0,31.0,Mestrado,Capitais,Híbrido,Masculino,Indígena,0.5626073075353902
CAND_00945,3.5,62.0,Mestrado,Região Metropolitana,Híbrido,Feminino,Branca,0.4968683066922836
CAND_00946,0.5,40.0,Mestrado,Capitais,Presencial,Masculino,Amarela,0.41972145507110303
CAND_00947,1.6,48.0,Mestrado,Região Metropolitana,Presencial,Não-binário,Branca,0.4055665318078457
CAND_00948,6.2,72.0,Bacharelado,Capitais,Remoto,Feminino,Branca,0.5941930472695183
CAND_00949,1.5,58.0,Bacharelado,Região Metropolitana,Remoto,Feminino,Branca,0.27339987432488455
CAND_00950,8.3,26.0,Mestrado,Capitais,Híbrido,Não-binário,Preta,0.24141300436889332
CAND_00951,4.8,23.0,Mestrado,Capitais,Híbrido,Feminino,Branca,0.4605456377371458
CAND_00952,5.3,49.0,Bacharelado,Capitais,Presencial,Masculino,Branca,0.6654834918584551
CAND_00953,4.2,32.0,Mestrado,Região Metropolitana,Híbrido,Masculino,Parda,0.5487685083470698
CAND_00954,7.3,60.0,Mestrado,Capitais,Presencial,Masculino,Branca,0.5180129760360019
CAND_00955,7.3,51.0,Doutorado,Capitais,Presencial,Masculino,Branca,0.9708406049334134
CAND_00956,6.0,52.0,Doutorado,Interior,Híbrido,Masculino,Branca,0.76810301758606
CAND_00957,6.7,39.0,Bacharelado,Interior,Híbrido,Feminino,Branca,0.2062168819517483
CAND_00958,4.4,76.0,Bacharelado,Interior,Presencial,Masculino,Branca,0.5744532754972438
CAND_00959,6.6,93.0,Bacharelado,Capitais,Presencial,Masculino,Branca,1.0
CAND_00960,4.0,46.0,Bacharelado,Região Metropolitana,Híbrido,Masculino,Indígena,0.3485149322679048
CAND_00961,5.0,55.0,Mestrado,Capitais,Presencial,Masculino,Amarela,0.6178458689236135
CAND_00962,4.2,51.0,Bacharelado,Capitais,Remoto,Masculino,Branca,0.6387983268919556
CAND_00963,3.6,46.0,Bacharelado,Capitais,Híbrido,Masculino,Branca,0.6970141956685166
CAND_00964,2.9,38.0,Bacharelado,Capitais,Presencial,Feminino,Branca,0.41501380251570646
CAND_00965,6.4,34.0,Mestrado,Capitais,Remoto,Masculino,Branca,0.6856768170722908
CAND_00966,8.9,33.0,Bacharelado,Capitais,Híbrido,Masculino,Branca,0.7488521873251455
CAND_00967,8.5,56.0,Bacharelado,Região Metropolitana,Híbrido,Masculino,Branca,0.6946952814151552
CAND_00968,1.2,42.0,Bacharelado,Capitais,Híbrido,Feminino,Branca,0.2135767127044525
CAND_00969,8.9,11.0,Bacharelado,Capitais,Presencial,Feminino,Branca,0.32922777312462653
CAND_00970,4.0,57.0,Doutorado,Capitais,Híbrido,Não-binário,Branca,0.4532141375119055
CAND_00971,6.8,49.0,Mestrado,Interior,Híbrido,Feminino,Amarela,0.07158808420791274
CAND_00972,2.3,70.0,Bacharelado,Capitais,Remoto,Masculino,Indígena,0.6129400066347704
CAND_00973,5.4,56.0,Mestrado,Capitais,Híbrido,Masculino,Amarela,0.5647233309389493
CAND_00974,5.9,28.0,Bacharelado,Capitais,Híbrido,Masculino,Indígena,0.515394106580982
CAND_00975,0.5,17.0,Mestrado,Região Metropolitana,Remoto,Feminino,Branca,0.3300751355603376
CAND_00976,6.8,39.0,Bacharelado,Capitais,Híbrido,Masculino,Preta,0.5176468836760242
CAND_00977,9.0,41.0,Mestrado,Capitais,Híbrido,Feminino,Branca,0.6346921741148782
CAND_00978,4.5,64.0,Bacharelado,Capitais,Híbrido,Masculino,Amarela,0.4480391403205781
CAND_00979,9.1,50.0,Bacharelado,Região Metropolitana,Presencial,Masculino,Parda,0.7399525525250976
CAND_00980,4.4,67.0,Bacharelado,Capitais,Remoto,Masculino,Branca,0.7781804739207706
CAND_00981,7.5,30.0,Bacharelado,Região Metropolitana,Remoto,Feminino,Branca,0.6390104779124828
CAND_00982,0.0,64.0,Mestrado,Capitais,Presencial,Masculino,Branca,0.7067918339873005
CAND_00983,12.3,61.0,Ensino Médio,Interior,Remoto,Feminino,Branca,0.5282899785732932
CAND_00984,9.5,20.0,Bacharelado,Capitais,Híbrido,Masculino,Indígena,0.5105174391185698
CAND_00985,4.1,70.0,Mestrado,Região Metropolitana,Híbrido,Masculino,Amarela,0.5668895850696548
CAND_00986,0.0,51.0,Bacharelado,Capitais,Presencial,Masculino,Branca,0.6021386645916904
CAND_00987,5.9,56.0,Mestrado,Capitais,Híbrido,Masculino,Branca,0.7485376423799348
CAND_00988,0.7,37.0,Bacharelado,Capitais,Híbrido,Masculino,Branca,0.5797353657754916
CAND_00989,6.3,69.0,Bacharelado,Região Metropolitana,Presencial,Masculino,Indígena,0.6641760442123109
CAND_00990,6.2,32.0,Mestrado,Interior,Híbrido,Masculino,Amarela,0.3100493320629341
CAND_00991,2.2,62.0,Bacharelado,Capitais,Remoto,Feminino,Branca,0.5755573288510227
CAND_00992,8.4,62.0,Bacharelado,Região Metropolitana,Remoto,Masculino,Preta,0.5874310329599794
CAND_00993,7.4,35.0,Mestrado,Capitais,Híbrido,Masculino,Preta,0.3999737748173353
CAND_00994,7.9,80.0,Bacharelado,Interior,Híbrido,Feminino,Branca,0.4316310274381857
CAND_00995,5.0,53.0,Mestrado,Capitais,Presencial,Feminino,Amarela,0.40681534001069264
CAND_00996,0.8,60.0,Mestrado,Capitais,Remoto,Masculino,Branca,0.6472464215020853
CAND_00997,7.9,27.0,Ensino Médio,Capitais,Remoto,Feminino,Branca,0.31142893527305066
CAND_00998,4.2,82.0,Mestrado,Região Metropolitana,Híbrido,Feminino,Branca,0.7836897446153404
CAND_00999,0.8,32.0,Bacharelado,Região Metropolitana,Presencial,Masculino,Preta,0.14736724357013153
CAND_01000,9.1,65.0,Bacharelado,Capitais,Presencial,Masculino,Branca,0.689640455184076
CAND_01001,11.3,35.0,Mestrado,Capitais,Presencial,Masculino,Preta,0.4876306611578886
CAND_01002,4.9,41.0,Mestrado,Capitais,Híbrido,Masculino,Amarela,0.5351648193722564
CAND_01003,11.5,62.0,Mestrado,Capitais,Presencial,Não-binário,Parda,0.6353552077334212
CAND_01004,5.3,65.0,Mestrado,Capitais,Híbrido,Masculino,Preta,0.7547213430164832
CAND_01005,3.9,31.0,Bacharelado,Capitais,Híbrido,Masculino,Branca,0.5251607052227235
CAND_01006,3.1,66.0,Bacharelado,Capitais,Presencial,Não-binário,Branca,0.4996156406987923
CAND_01007,9.9,66.0,Bacharelado,Região Metropolitana,Remoto,Feminino,Branca,0.724848888838915
CAND_01008,2.7,36.0,Bacharelado,Região Metropolitana,Presencial,Masculino,Branca,0.4820984151506652
CAND_01009,7.2,74.0,Bacharelado,Capitais,Remoto,Feminino,Amarela,0.5103724208068972
CAND_01010,3.3,28.0,Mestrado,Região Metropolitana,Híbrido,Feminino,Amarela,0.0
CAND_01011,3.6,41.0,Bacharelado,Capitais,Híbrido,Feminino,Branca,0.6118754539410738
CAND_01012,8.1,57.0,Mestrado,Região Metropolitana,Presencial,Masculino,Parda,0.8394757761507217
CAND_01013,3.9,37.0,Mestrado,Capitais,Remoto,Masculino,Preta,0.3579325002791029
CAND_01014,3.8,54.0,Ensino Médio,Região Metropolitana,Híbrido,Masculino,Indígena,0.5249817777833716
CAND_01015,8.4,54.0,Bacharelado,Capitais,Híbrido,Masculino,Branca,0.9153182899459934
CAND_01016,9.8,47.0,Bacharelado,Capitais,Presencial,Masculino,Preta,0.40513314161832714
CAND_01017,6.9,62.0,Bacharelado,Região Metropolitana,Híbrido,Feminino,Branca,0.4760122101025219
CAND_01018,3.0,47.0,Mestrado,Capitais,Presencial,Masculino,Branca,0.8326083413842932
CAND_01019,3.5,53.0,Bacharelado,Capitais,Remoto,Masculino,Branca,0.6887472889439964
CAND_01020,5.2,67.0,Mestrado,Região Metropolitana,Remoto,Feminino,Branca,0.6156166165699484
CAND_01021,6.0,62.0,Mestrado,Região Metropolitana,Remoto,Masculino,Branca,0.775019722860629
CAND_01022,2.0,62.0,Bacharelado,Capitais,Remoto,Feminino,Branca,0.5771488843665811
CAND_01023,7.2,33.0,Mestrado,Capitais,Presencial,Feminino,Preta,0.32729316405480335
CAND_01024,5.3,58.0,Ensino Médio,Capitais,Presencial,Não-binário,Preta,0.19862172639220022
CAND_01025,0.0,37.0,Ensino Médio,Região Metropolitana,Presencial,Masculino,Indígena,0.08783073521826801
CAND_01026,2.2,31.0,Ensino Médio,Capitais,Presencial,Feminino,Branca,0.38200106305149417
CAND_01027,3.5,49.0,Bacharelado,Região Metropolitana,Remoto,Feminino,Amarela,0.28892409766592114
CAND_01028,4.8,36.0,Bacharelado,Capitais,Presencial,Feminino,Preta,0.06604611272429727
CAND_01029,10.7,62.0,Doutorado,Capitais,Remoto,Feminino,Branca,0.6448401091764397
CAND_01030,5.7,62.0,Bacharelado,Capitais,Remoto,Masculino,Preta,0.5637598595669597
CAND_01031,2.5,21.0,Bacharelado,Capitais,Híbrido,Masculino,Preta,0.303432506813427
CAND_01032,5.7,38.0,Bacharelado,Região Metropolitana,Presencial,Feminino,Branca,0.21852064180783398
CAND_01033,3.9,28.0,Bacharelado,Capitais,Presencial,Feminino,Parda,0.25779782958544223
CAND_01034,6.0,43.0,Bacharelado,Interior,Presencial,Feminino,Preta,0.12338430989020355
CAND_01035,6.7,57.0,Bacharelado,Capitais,Híbrido,Masculino,Indígena,0.6796676869168868
CAND_01036,8.6,46.0,Bacharelado,Capitais,Híbrido,Masculino,Amarela,0.49756807801741987
CAND_01037,4.9,41.0,Bacharelado,Capitais,Híbrido,Masculino,Preta,0.3972543511501638
CAND_01038,9.9,70.0,Bacharelado,Região Metropolitana,Remoto,Feminino,Preta,0.2900647894305378
CAND_01039,7.7,15.0,Mestrado,Região Metropolitana,Híbrido,Feminino,Amarela,0.3463923674161531
CAND_01040,2.9,69.0,Ensino Médio,Capitais,Presencial,Masculino,Indígena,0.5514588277526008
CAND_01041,11.6,42.0,Mestrado,Interior,Remoto,Feminino,Parda,0.3832311717185254
CAND_01042,6.0,49.0,Bacharelado,Capitais,Híbrido,Masculino,Parda,0.5503698567825182
CAND_01043,2.5,42.0,Bacharelado,Região Metropolitana,Presencial,Masculino,Branca,0.44131126312010316
CAND_01044,10.0,73.0,Bacharelado,Região Metropolitana,Remoto,Masculino,Parda,0.9731554719252331
CAND_01045,11.2,32.0,Bacharelado,Região Metropolitana,Remoto,Feminino,Branca,0.4846488155804884
CAND_01046,4.9,50.0,Bacharelado,Interior,Remoto,Feminino,Branca,0.3080478909821752
CAND_01047,3.5,58.0,Doutorado,Região Metropolitana,Presencial,Masculino,Branca,0.7306756185468298
CAND_01048,4.5,26.0,Bacharelado,Interior,Híbrido,Masculino,Branca,0.38097902138631773
CAND_01049,7.1,36.0,Doutorado,Capitais,Presencial,Feminino,Branca,0.5752989506921424
CAND_01050,8.8,48.0,Bacharelado,Capitais,Remoto,Masculino,Amarela,0.571492840360497
CAND_01051,6.7,37.0,Bacharelado,Região Metropolitana,Presencial,Não-binário,Parda,0.33350035321421884
CAND_01052,5.3,38.0,Bacharelado,Região Metropolitana,Presencial,Feminino,Branca,0.28174022013235456
CAND_01053,9.5,45.0,Ensino Médio,Capitais,Remoto,Masculino,Preta,0.5592430980048193
CAND_01054,4.1,60.0,Mestrado,Capitais,Remoto,Masculino,Indígena,0.5667040566859434
CAND_01055,8.1,45.0,Mestrado,Região Metropolitana,Híbrido,Masculino,Branca,0.6761336652789186
CAND_01056,4.1,66.0,Mestrado,Interior,Presencial,Masculino,Branca,0.5756173983467457
CAND_01057,6.3,35.0,Bacharelado,Capitais,Híbrido,Feminino,Branca,0.3607528306868903
CAND_01058,4.7,31.0,Bacharelado,Capitais,Remoto,Masculino,Amarela,0.44477976652873125
CAND_01059,4.8,79.0,Doutorado,Capitais,Híbrido,Feminino,Branca,0.8014981972340001
CAND_01060,3.9,40.0,Bacharelado,Capitais,Presencial,Masculino,Indígena,0.41570107813661866
CAND_01061,9.0,30.0,Mestrado,Região Metropolitana,Presencial,Não-binário,Branca,0.26568742146182284
CAND_01062,2.8,24.0,Bacharelado,Interior,Remoto,Masculino,Branca,0.29928854023915763
CAND_01063,2.8,66.0,Doutorado,Capitais,Híbrido,Feminino,Branca,0.5751714050705948
CAND_01064,11.4,45.0,Mestrado,Capitais,Remoto,Feminino,Branca,0.5348564688568749
CAND_01065,7.9,46.0,Doutorado,Região Metropolitana,Híbrido,Masculino,Preta,0.48212683109979293
CAND_01066,0.0,48.0,Bacharelado,Capitais,Híbrido,Masculino,Branca,0.5368473175719266
CAND_01067,3.3,65.0,Bacharelado,Capitais,Remoto,Feminino,Branca,0.5244509977883073
CAND_01068,0.0,47.0,Bacharelado,Região Metropolitana,Híbrido,Masculino,Branca,0.3925045533747709
CAND_01069,2.1,85.0,Mestrado,Região Metropolitana,Híbrido,Masculino,Parda,0.7900113372992307
CAND_01070,0.0,52.0,Mestrado,Capitais,Presencial,Feminino,Parda,0.574093881869979
CAND_01071,4.6,66.0,Ensino Médio,Região Metropolitana,Presencial,Masculino,Preta,0.5489117205480102
CAND_01072,1.6,62.0,Bacharelado,Capitais,Remoto,Masculino,Indígena,0.47159558527017426
CAND_01073,5.2,49.0,Bacharelado,Capitais,Remoto,Feminino,Branca,0.566865516115836
CAND_01074,0.1,41.0,Mestrado,Capitais,Híbrido,Feminino,Branca,0.4710253805902011
CAND_01075,5.2,55.0,Bacharelado,Capitais,Presencial,Masculino,Branca,0.719647483707077
CAND_01076,3.8,58.0,Bacharelado,Capitais,Presencial,Masculino,Branca,0.7257005641175123
CAND_01077,9.5,41.0,Bacharelado,Capitais,Remoto,Feminino,Branca,0.6223043796859045
CAND_01078,9.2,52.0,Bacharelado,Região Metropolitana,Presencial,Masculino,Amarela,0.6303375804373442
CAND_01079,7.4,69.0,Mestrado,Região Metropolitana,Remoto,Feminino,Parda,0.49283277365982714
CAND_01080,4.0,81.0,Bacharelado,Capitais,Presencial,Masculino,Branca,0.8787691389982684
CAND_01081,11.0,63.0,Ensino Médio,Capitais,Remoto,Feminino,Branca,0.7886462523485447
CAND_01082,0.3,78.0,Ensino Médio,Capitais,Remoto,Masculino,Preta,0.506218164201754
CAND_01083,0.8,41.0,Bacharelado,Capitais,Presencial,Não-binário,Indígena,0.333646291528986
CAND_01084,4.7,61.0,Bacharelado,Capitais,Remoto,Masculino,Branca,0.47964806431549656
CAND_01085,11.8,70.0,Bacharelado,Região Metropolitana,Presencial,Masculino,Branca,0.9255709062628095
CAND_01086,4.4,37.0,Bacharelado,Capitais,Presencial,Masculino,Indígena,0.5124251269908205
CAND_01087,4.5,43.0,Ensino Médio,Capitais,Híbrido,Masculino,Indígena,0.5647084697223566
CAND_01088,0.7,76.0,Mestrado,Capitais,Híbrido,Masculino,Branca,0.6554373842421598
CAND_01089,7.8,35.0,Mestrado,Capitais,Híbrido,Feminino,Branca,0.49538589082282825
CAND_01090,7.9,30.0,Doutorado,Interior,Híbrido,Feminino,Branca,0.5180536732980648
CAND_01091,7.4,73.0,Mestrado,Capitais,Presencial,Masculino,Amarela,0.5840331442542167
CAND_01092,3.1,68.0,Bacharelado,Capitais,Presencial,Masculino,Branca,0.7582314257451381
CAND_01093,2.9,56.0,Bacharelado,Região Metropolitana,Híbrido,Feminino,Amarela,0.23030614170944516
CAND_01094,1.1,49.0,Mestrado,Capitais,Híbrido,Masculino,Branca,0.6484069333133986
CAND_01095,5.3,43.0,Bacharelado,Capitais,Híbrido,Masculino,Preta,0.48526986420968904
CAND_01096,1.8,54.0,Bacharelado,Região Metropolitana,Híbrido,Masculino,Preta,0.24044992126206344
CAND_01097,1.5,74.0,Bacharelado,Região Metropolitana,Remoto,Masculino,Branca,0.5979883218369874
CAND_01098,3.7,54.0,Bacharelado,Capitais,Híbrido,Masculino,Branca,0.676075120455304
CAND_01099,3.5,83.0,Bacharelado,Capitais,Presencial,Feminino,Branca,0.4818817634829087
CAND_01100,3.4,37.0,Bacharelado,Região Metropolitana,Híbrido,Masculino,Parda,0.6390921802333043
CAND_01101,6.4,50.0,Ensino Médio,Capitais,Híbrido,Feminino,Branca,0.3981232862569958
CAND_01102,5.2,44.0,Mestrado,Capitais,Híbrido,Masculino,Preta,0.5586329600040895
CAND_01103,4.1,34.0,Ensino Médio,Capitais,Híbrido,Masculino,Preta,0.23044966930526853
CAND_01104,5.5,48.0,Doutorado,Capitais,Híbrido,Masculino,Branca,0.8724197206142752
CAND_01105,2.0,56.0,Bacharelado,Capitais,Presencial,Feminino,Amarela,0.10311513255531046
CAND_01106,5.3,58.0,Bacharelado,Capitais,Híbrido,Masculino,Preta,0.6288615401044508
CAND_01107,5.5,83.0,Bacharelado,Região Metropolitana,Presencial,Masculino,Preta,0.6555133005106635
CAND_01108,0.5,57.0,Ensino Médio,Capitais,Híbrido,Masculino,Branca,0.5327416491877447
CAND_01109,8.0,67.0,Bacharelado,Capitais,Híbrido,Masculino,Preta,0.4954359367922867
CAND_01110,2.4,51.0,Bacharelado,Capitais,Híbrido,Masculino,Branca,0.6977802512500121
CAND_01111,5.3,75.0,Mestrado,Região Metropolitana,Híbrido,Masculino,Amarela,0.4533893778196252
CAND_01112,8.5,86.0,Mestrado,Capitais,Presencial,Masculino,Branca,0.967475208679425
CAND_01113,7.8,58.0,Ensino Médio,Capitais,Remoto,Não-binário,Preta,0.15724115650821602
CAND_01114,5.1,35.0,Bacharelado,Capitais,Remoto,Masculino,Preta,0.3665689884722026
CAND_01115,3.9,42.0,Bacharelado,Capitais,Híbrido,Feminino,Branca,0.38161512289263316
CAND_01116,7.8,54.0,Bacharelado,Interior,Presencial,Masculino,Branca,0.5421631367106218
CAND_01117,7.0,57.0,Bacharelado,Capitais,Presencial,Masculino,Branca,0.9384794157624586
CAND_01118,3.1,60.0,Doutorado,Capitais,Híbrido,Não-binário,Branca,0.6300543483336972
CAND_01119,2.6,57.0,Bacharelado,Região Metropolitana,Híbrido,Feminino,Amarela,0.08201370178278533
CAND_01120,0.0,50.0,Mestrado,Capitais,Presencial,Feminino,Amarela,0.16241865952325912
CAND_01121,5.5,40.0,Bacharelado,Capitais,Híbrido,Feminino,Branca,0.5557449029334913
CAND_01122,4.8,56.0,Mestrado,Capitais,Híbrido,Não-binário,Branca,0.6168686843804508
CAND_01123,8.4,78.0,Bacharelado,Região Metropolitana,Híbrido,Masculino,Amarela,0.4914917304347155
CAND_01124,6.1,65.0,Mestrado,Capitais,Híbrido,Masculino,Branca,0.9018604848691304
CAND_01125,9.0,58.0,Mestrado,Capitais,Remoto,Masculino,Indígena,0.7385029116133023
CAND_01126,2.9,65.0,Bacharelado,Capitais,Presencial,Feminino,Branca,0.3238330034934398
CAND_01127,8.4,44.0,Bacharelado,Capitais,Híbrido,Feminino,Preta,0.25368022816066915
CAND_01128,3.4,42.0,Doutorado,Região Metropolitana,Presencial,Feminino,Branca,0.4723836683649497
CAND_01129,7.3,39.0,Mestrado,Região Metropolitana,Híbrido,Masculino,Branca,0.7068491805367347
CAND_01130,0.6,48.0,Bacharelado,Região Metropolitana,Híbrido,Feminino,Branca,0.2219417212679977
CAND_01131,5.7,44.0,Bacharelado,Região Metropolitana,Presencial,Masculino,Preta,0.31369844958152937
CAND_01132,0.0,68.0,Bacharelado,Interior,Híbrido,Feminino,Branca,0.25970562613515863
CAND_01133,4.2,43.0,Bacharelado,Capitais,Remoto,Masculino,Preta,0.35243242833402494
CAND_01134,6.3,38.0,Bacharelado,Capitais,Presencial,Não-binário,Branca,0.3761002552747184
CAND_01135,3.4,79.0,Bacharelado,Capitais,Híbrido,Masculino,Branca,0.7707367089085517
CAND_01136,1.8,43.0,Bacharelado,Capitais,Remoto,Masculino,Branca,0.6389636615110418
CAND_01137,7.5,52.0,Mestrado,Capitais,Híbrido,Feminino,Branca,0.7854225724514581
CAND_01138,4.7,57.0,Mestrado,Capitais,Remoto,Feminino,Branca,0.6590888753546567
CAND_01139,3.5,33.0,Bacharelado,Capitais,Remoto,Masculino,Branca,0.7336863389509753
CAND_01140,5.1,69.0,Mestrado,Capitais,Presencial,Feminino,Preta,0.3299244314976318
CAND_01141,12.9,60.0,Bacharelado,Interior,Presencial,Feminino,Indígena,0.29760768497570705
CAND_01142,8.5,73.0,Bacharelado,Capitais,Remoto,Masculino,Parda,0.8921425275547332
CAND_01143,8.5,40.0,Mestrado,Capitais,Remoto,Masculino,Branca,0.778378906011524
CAND_01144,6.3,51.0,Bacharelado,Região Metropolitana,Presencial,Masculino,Branca,0.7530317800129536
CAND_01145,5.5,51.0,Bacharelado,Capitais,Híbrido,Masculino,Branca,0.6257699775414959
CAND_01146,0.0,54.0,Bacharelado,Capitais,Híbrido,Feminino,Branca,0.48085770987676424
CAND_01147,3.0,28.0,Bacharelado,Capitais,Remoto,Masculino,Branca,0.5544750513590109
CAND_01148,3.6,52.0,Mestrado,Região Metropolitana,Híbrido,Feminino,Branca,0.4339099015531731
CAND_01149,0.0,29.0,Doutorado,Região Metropolitana,Remoto,Feminino,Branca,0.32932442343499885
CAND_01150,1.5,55.0,Mestrado,Capitais,Remoto,Feminino,Branca,0.5490433417247877
CAND_01151,0.0,18.0,Mestrado,Capitais,Remoto,Feminino,Branca,0.399414131634439
CAND_01152,4.9,22.0,Mestrado,Capitais,Híbrido,Feminino,Branca,0.39935858422791426
CAND_01153,7.5,62.0,Mestrado,Capitais,Híbrido,Masculino,Branca,0.882430982842333
CAND_01154,8.3,42.0,Ensino Médio,Interior,Presencial,Feminino,Preta,0.11808163943331787
CAND_01155,6.2,35.0,Mestrado,Região Metropolitana,Híbrido,Não-binário,Branca,0.4878336860031627
CAND_01156,2.1,69.0,Bacharelado,Capitais,Híbrido,Masculino,Branca,0.8166915193283153
CAND_01157,0.0,55.0,Mestrado,Região Metropolitana,Híbrido,Não-binário,Branca,0.5511221387272713
CAND_01158,0.0,63.0,Ensino Médio,Capitais,Híbrido,Masculino,Branca,0.5554829613476988
CAND_01159,1.2,48.0,Mestrado,Interior,Híbrido,Masculino,Parda,0.6120009899660186
CAND_01160,2.3,90.0,Mestrado,Região Metropolitana,Remoto,Feminino,Branca,0.6177074375061341
CAND_01161,4.5,41.0,Doutorado,Capitais,Híbrido,Feminino,Branca,0.4445198794588302
CAND_01162,2.0,76.0,Mestrado,Região Metropolitana,Presencial,Feminino,Preta,0.2289515513952728
CAND_01163,6.0,49.0,Bacharelado,Capitais,Híbrido,Masculino,Branca,0.7625960120216213
CAND_01164,4.3,25.0,Bacharelado,Capitais,Remoto,Feminino,Amarela,0.25837607119254735
CAND_01165,5.0,57.0,Bacharelado,Região Metropolitana,Remoto,Feminino,Amarela,0.176373214327217
CAND_01166,8.4,55.0,Bacharelado,Capitais,Presencial,Masculino,Branca,0.711611574338177
CAND_01167,1.5,34.0,Bacharelado,Capitais,Híbrido,Masculino,Branca,0.5126883343141088
CAND_01168,6.3,36.0,Bacharelado,Região Metropolitana,Remoto,Feminino,Preta,0.08366319781019367
CAND_01169,5.0,50.0,Bacharelado,Região Metropolitana,Presencial,Masculino,Indígena,0.3119915009752514
CAND_01170,4.0,55.0,Mestrado,Capitais,Presencial,Masculino,Parda,0.47806862870366945
CAND_01171,7.7,13.0,Mestrado,Capitais,Presencial,Masculino,Branca,0.6178192884501629
CAND_01172,7.6,66.0,Ensino Médio,Capitais,Híbrido,Feminino,Branca,0.5912079289626367
CAND_01173,2.2,43.0,Ensino Médio,Capitais,Híbrido,Masculino,Parda,0.5815585606758651
CAND_01174,4.5,30.0,Bacharelado,Região Metropolitana,Presencial,Masculino,Branca,0.42376659260255556
CAND_01175,5.8,64.0,Bacharelado,Capitais,Híbrido,Masculino,Branca,0.6374660882607301
CAND_01176,4.2,50.0,Ensino Médio,Capitais,Presencial,Masculino,Preta,0.3312071396895644
CAND_01177,6.8,68.0,Bacharelado,Capitais,Híbrido,Masculino,Branca,0.8083342452888572
CAND_01178,5.8,57.0,Bacharelado,Capitais,Híbrido,Masculino,Amarela,0.6448781600396799
CAND_01179,10.5,50.0,Bacharelado,Região Metropolitana,Híbrido,Masculino,Amarela,0.631772206919022
CAND_01180,0.4,48.0,Bacharelado,Capitais,Presencial,Masculino,Branca,0.5632171828852937
CAND_01181,4.6,57.0,Bacharelado,Capitais,Híbrido,Feminino,Preta,0.30601553046177643
CAND_01182,2.3,44.0,Mestrado,Região Metropolitana,Híbrido,Masculino,Preta,0.287646076086983
CAND_01183,6.8,37.0,Mestrado,Capitais,Híbrido,Feminino,Branca,0.5414345755649823
CAND_01184,0.1,59.0,Bacharelado,Capitais,Híbrido,Feminino,Branca,0.43175767069664567
CAND_01185,6.0,48.0,Ensino Médio,Capitais,Híbrido,Masculino,Branca,0.8024302289827988
CAND_01186,3.1,51.0,Bacharelado,Capitais,Presencial,Masculino,Amarela,0.5153555083825458
CAND_01187,2.8,66.0,Bacharelado,Capitais,Presencial,Não-binário,Branca,0.39292149539972965
CAND_01188,0.7,48.0,Bacharelado,Capitais,Presencial,Feminino,Branca,0.32994451741873176
CAND_01189,3.6,50.0,Bacharelado,Capitais,Híbrido,Masculino,Branca,0.6386908467105201
CAND_01190,8.3,41.0,Bacharelado,Região Metropolitana,Híbrido,Masculino,Branca,0.5235533995556925
CAND_01191,4.9,56.0,Bacharelado,Capitais,Remoto,Masculino,Branca,0.6989979621853212
CAND_01192,6.9,55.0,Mestrado,Região Metropolitana,Remoto,Feminino,Branca,0.5436340790351638
CAND_01193,10.0,64.0,Ensino Médio,Região Metropolitana,Remoto,Feminino,Branca,0.6026526878966372
CAND_01194,5.8,41.0,Bacharelado,Capitais,Híbrido,Masculino,Branca,0.7412125352148852
CAND_01195,3.3,43.0,Bacharelado,Capitais,Híbrido,Masculino,Preta,0.3978916409388039
CAND_01196,6.4,62.0,Ensino Médio,Capitais,Remoto,Masculino,Preta,0.3130007313360439
CAND_01197,3.4,54.0,Mestrado,Capitais,Presencial,Não-binário,Branca,0.3618953468852264
CAND_01198,3.5,36.0,Bacharelado,Interior,Híbrido,Masculino,Preta,0.15348950764005806
CAND_01199,0.4,70.0,Ensino Médio,Capitais,Presencial,Feminino,Branca,0.5032291448634889
CAND_01200,7.8,25.0,Bacharelado,Região Metropolitana,Remoto,Masculino,Branca,0.6678523971074659
CAND_01201,3.8,62.0,Bacharelado,Região Metropolitana,Híbrido,Feminino,Branca,0.4490561726905232
CAND_01202,5.5,31.0,Bacharelado,Capitais,Presencial,Masculino,Branca,0.8699730409766873
CAND_01203,1.9,78.0,Bacharelado,Capitais,Híbrido,Feminino,Branca,0.7061567585065691
CAND_01204,6.3,27.0,Mestrado,Capitais,Presencial,Masculino,Branca,0.8079919397851906
CAND_01205,2.7,67.0,Bacharelado,Região Metropolitana,Remoto,Feminino,Branca,0.5420658154592632
CAND_01206,4.6,49.0,Bacharelado,Região Metropolitana,Híbrido,Masculino,Branca,0.6838541753841716
CAND_01207,7.6,45.0,Bacharelado,Capitais,Híbrido,Feminino,Branca,0.5705576036111075
CAND_01208,7.4,53.0,Mestrado,Capitais,Híbrido,Masculino,Indígena,0.47949708716375333
CAND_01209,4.9,59.0,Mestrado,Capitais,Remoto,Masculino,Branca,0.6788715643205292
CAND_01210,0.0,36.0,Mestrado,Região Metropolitana,Remoto,Masculino,Amarela,0.3217863213251401
CAND_01211,14.0,38.0,Mestrado,Interior,Remoto,Masculino,Branca,0.7447872495410908
CAND_01212,10.2,60.0,Doutorado,Capitais,Remoto,Masculino,Branca,0.9315543477157406
CAND_01213,7.2,24.0,Bacharelado,Capitais,Presencial,Masculino,Indígena,0.5172276781210998
CAND_01214,2.7,41.0,Mestrado,Capitais,Remoto,Masculino,Amarela,0.2576699450257361
CAND_01215,4.7,96.0,Doutorado,Capitais,Híbrido,Masculino,Branca,1.0
CAND_01216,3.4,35.0,Ensino Médio,Região Metropolitana,Remoto,Masculino,Branca,0.5142137555811995
CAND_01217,8.8,67.0,Bacharelado,Capitais,Híbrido,Masculino,Branca,0.8252550041241695
CAND_01218,5.8,41.0,Mestrado,Região Metropolitana,Presencial,Masculino,Parda,0.7227312034526928
CAND_01219,2.6,58.0,Mestrado,Capitais,Híbrido,Masculino,Branca,0.6294466616630443
CAND_01220,3.6,60.0,Mestrado,Capitais,Presencial,Feminino,Preta,0.2883105147372008
CAND_01221,8.4,67.0,Mestrado,Capitais,Híbrido,Masculino,Preta,0.6644418411398488
CAND_01222,9.8,47.0,Mestrado,Região Metropolitana,Híbrido,Feminino,Branca,0.49869886913903594
CAND_01223,9.6,80.0,Bacharelado,Região Metropolitana,Presencial,Masculino,Preta,0.41166560219178416
CAND_01224,7.3,41.0,Ensino Médio,Capitais,Remoto,Não-binário,Preta,0.04469598896546023
CAND_01225,4.2,54.0,Ensino Médio,Capitais,Remoto,Masculino,Branca,0.6435279412756109
CAND_01226,0.0,54.0,Bacharelado,Capitais,Remoto,Feminino,Branca,0.39109802563371265
CAND_01227,5.9,33.0,Bacharelado,Capitais,Remoto,Masculino,Parda,0.5981733950833291
CAND_01228,5.0,46.0,Bacharelado,Região Metropolitana,Híbrido,Masculino,Branca,0.568072315587654
CAND_01229,5.4,52.0,Bacharelado,Capitais,Híbrido,Masculino,Preta,0.3347736167446873
CAND_01230,5.2,44.0,Mestrado,Capitais,Presencial,Masculino,Branca,0.7437008258207928
CAND_01231,1.0,87.0,Bacharelado,Região Metropolitana,Remoto,Masculino,Branca,0.7013477005513611
CAND_01232,6.7,37.0,Mestrado,Capitais,Remoto,Masculino,Indígena,0.6457834882761664
CAND_01233,6.9,68.0,Mestrado,Capitais,Remoto,Feminino,Branca,0.5852315217072213
CAND_01234,7.0,63.0,Bacharelado,Capitais,Remoto,Masculino,Branca,0.5899148009154681
CAND_01235,7.8,50.0,Bacharelado,Região Metropolitana,Híbrido,Masculino,Preta,0.1955540021549883
CAND_01236,6.8,37.0,Mestrado,Capitais,Híbrido,Feminino,Preta,0.24385307855189195
CAND_01237,3.8,38.0,Mestrado,Capitais,Remoto,Feminino,Branca,0.49079091621177967
CAND_01238,4.8,42.0,Bacharelado,Região Metropolitana,Híbrido,Masculino,Amarela,0.39076874780381704
CAND_01239,5.3,23.0,Bacharelado,Capitais,Híbrido,Feminino,Branca,0.3414849547678751
CAND_01240,5.3,35.0,Bacharelado,Região Metropolitana,Híbrido,Masculino,Preta,0.18686175868419058
CAND_01241,8.0,28.0,Bacharelado,Interior,Híbrido,Masculino,Branca,0.33306377952927835
CAND_01242,6.9,70.0,Bacharelado,Região Metropolitana,Remoto,Masculino,Branca,0.80472747809946
CAND_01243,11.2,59.0,Bacharelado,Região Metropolitana,Híbrido,Masculino,Parda,0.7372398770210514
CAND_01244,11.6,62.0,Bacharelado,Capitais,Híbrido,Masculino,Preta,0.593648168523994
CAND_01245,5.2,59.0,Doutorado,Capitais,Híbrido,Masculino,Parda,0.6358249045082881
CAND_01246,0.0,53.0,Bacharelado,Região Metropolitana,Híbrido,Masculino,Branca,0.4653743400089989
CAND_01247,8.7,72.0,Mestrado,Capitais,Remoto,Masculino,Amarela,0.716510434950974
CAND_01248,3.4,41.0,Mestrado,Capitais,Presencial,Feminino,Branca,0.5104615953465056
CAND_01249,2.6,52.0,Mestrado,Região Metropolitana,Presencial,Feminino,Branca,0.44357598679248383
CAND_01250,3.8,61.0,Bacharelado,Capitais,Presencial,Feminino,Amarela,0.45792494261623906
CAND_01251,3.7,30.0,Bacharelado,Capitais,Remoto,Feminino,Branca,0.3364506104143699
CAND_01252,6.8,96.0,Mestrado,Região Metropolitana,Híbrido,Feminino,Branca,0.8486871921509803
CAND_01253,0.3,50.0,Mestrado,Região Metropolitana,Remoto,Feminino,Indígena,0.27768667612919995
CAND_01254,1.8,52.0,Bacharelado,Região Metropolitana,Híbrido,Masculino,Indígena,0.4548133442287466
CAND_01255,6.0,69.0,Ensino Médio,Região Metropolitana,Híbrido,Masculino,Parda,0.7392522716479398
CAND_01256,6.9,64.0,Mestrado,Região Metropolitana,Remoto,Masculino,Branca,0.731587265251582
CAND_01257,6.9,51.0,Bacharelado,Região Metropolitana,Presencial,Masculino,Branca,0.6590796540825037
CAND_01258,2.6,52.0,Ensino Médio,Capitais,Híbrido,Masculino,Branca,0.4876458433958142
CAND_01259,2.1,27.0,Mestrado,Região Metropolitana,Híbrido,Masculino,Branca,0.6435212521505403
CAND_01260,3.5,42.0,Bacharelado,Capitais,Presencial,Não-binário,Branca,0.42155054412351295
CAND_01261,5.7,58.0,Bacharelado,Capitais,Híbrido,Masculino,Branca,0.8557793351904618
CAND_01262,9.5,57.0,Mestrado,Capitais,Presencial,Masculino,Branca,0.888486340314671
CAND_01263,0.0,68.0,Bacharelado,Capitais,Presencial,Masculino,Branca,0.7823042215191318
CAND_01264,4.3,48.0,Bacharelado,Capitais,Híbrido,Feminino,Preta,0.15327108757202185
CAND_01265,1.0,29.0,Bacharelado,Capitais,Remoto,Masculino,Branca,0.6347239656970484
CAND_01266,0.0,66.0,Bacharelado,Capitais,Presencial,Masculino,Amarela,0.424218507254636
CAND_01267,7.9,72.0,Mestrado,Capitais,Híbrido,Não-binário,Branca,0.6462531936350244
CAND_01268,6.6,63.0,Bacharelado,Capitais,Presencial,Feminino,Branca,0.6568355513327014
CAND_01269,6.3,48.0,Bacharelado,Região Metropolitana,Híbrido,Feminino,Branca,0.700784124294786
CAND_01270,7.8,66.0,Ensino Médio,Região Metropolitana,Híbrido,Não-binário,Branca,0.5520052873711049
CAND_01271,3.6,100.0,Bacharelado,Região Metropolitana,Remoto,Masculino,Branca,0.9134346134952572
CAND_01272,3.7,52.0,Bacharelado,Capitais,Remoto,Feminino,Preta,0.17746220454650546
CAND_01273,11.6,30.0,Bacharelado,Região Metropolitana,Presencial,Masculino,Branca,0.7176997990959587
CAND_01274,4.3,41.0,Bacharelado,Capitais,Presencial,Feminino,Amarela,0.24041327326651338
CAND_01275,7.2,59.0,Bacharelado,Capitais,Presencial,Masculino,Preta,0.6707666134553626
CAND_01276,5.0,26.0,Bacharelado,Região Metropolitana,Remoto,Masculino,Branca,0.5394065804795414
CAND_01277,0.0,53.0,Mestrado,Região Metropolitana,Híbrido,Masculino,Branca,0.7448541852349361
CAND_01278,0.0,56.0,Bacharelado,Região Metropolitana,Presencial,Masculino,Parda,0.393835329328061
CAND_01279,3.3,73.0,Bacharelado,Região Metropolitana,Presencial,Masculino,Preta,0.5978777325049842
CAND_01280,8.2,70.0,Bacharelado,Capitais,Híbrido,Masculino,Amarela,0.5578599153481811
CAND_01281,7.4,63.0,Mestrado,Região Metropolitana,Presencial,Feminino,Preta,0.4353884157420804
CAND_01282,7.7,18.0,Bacharelado,Região Metropolitana,Remoto,Masculino,Branca,0.4895669537530794
CAND_01283,2.0,64.0,Mestrado,Região Metropolitana,Híbrido,Masculino,Branca,0.757834725733067
CAND_01284,9.8,61.0,Bacharelado,Região Metropolitana,Híbrido,Feminino,Preta,0.24374128394827052
CAND_01285,2.1,54.0,Mestrado,Capitais,Híbrido,Feminino,Branca,0.6116480941423273
CAND_01286,5.6,24.0,Bacharelado,Capitais,Presencial,Masculino,Branca,0.6925245465937128
CAND_01287,5.0,38.0,Mestrado,Capitais,Híbrido,Masculino,Parda,0.5919312575734502
CAND_01288,4.5,32.0,Mestrado,Capitais,Remoto,Feminino,Branca,0.5258084508989511
CAND_01289,9.0,20.0,Bacharelado,Capitais,Híbrido,Masculino,Branca,0.7547432648322459
CAND_01290,2.9,50.0,Bacharelado,Capitais,Híbrido,Masculino,Preta,0.3156680946376336
CAND_01291,1.0,38.0,Bacharelado,Interior,Remoto,Masculino,Branca,0.31859971557415334
CAND_01292,5.1,89.0,Ensino Médio,Região Metropolitana,Presencial,Feminino,Preta,0.20086952690311216
CAND_01293,3.8,47.0,Mestrado,Região Metropolitana,Híbrido,Masculino,Preta,0.29269972996244037
CAND_01294,15.1,69.0,Ensino Médio,Capitais,Híbrido,Masculino,Branca,0.8203907153986413
CAND_01295,7.0,26.0,Bacharelado,Capitais,Remoto,Feminino,Branca,0.536478820915332
CAND_01296,3.8,42.0,Bacharelado,Região Metropolitana,Presencial,Masculino,Parda,0.5997849821263995
CAND_01297,1.8,51.0,Ensino Médio,Capitais,Híbrido,Masculino,Branca,0.4203997812808389
CAND_01298,0.0,36.0,Doutorado,Região Metropolitana,Presencial,Masculino,Branca,0.5429833014593749
CAND_01299,1.9,44.0,Mestrado,Interior,Presencial,Não-binário,Amarela,0.0
CAND_01300,5.3,47.0,Bacharelado,Capitais,Remoto,Feminino,Parda,0.5301530196508848
CAND_01301,9.3,46.0,Mestrado,Região Metropolitana,Híbrido,Feminino,Branca,0.5250354263813918
CAND_01302,8.4,78.0,Mestrado,Capitais,Remoto,Masculino,Branca,0.7755572577179451
CAND_01303,5.7,56.0,Bacharelado,Região Metropolitana,Híbrido,Masculino,Indígena,0.5550165067770582
CAND_01304,4.0,57.0,Mestrado,Capitais,Híbrido,Masculino,Parda,0.7686492108131365
CAND_01305,5.8,58.0,Bacharelado,Capitais,Remoto,Masculino,Branca,0.6526301566761564
CAND_01306,3.4,59.0,Bacharelado,Região Metropolitana,Híbrido,Feminino,Preta,0.177508408331858
CAND_01307,10.2,49.0,Bacharelado,Região Metropolitana,Presencial,Masculino,Branca,0.6597604515359755
CAND_01308,4.4,45.0,Mestrado,Região Metropolitana,Presencial,Feminino,Branca,0.5924047392118782
CAND_01309,4.7,53.0,Ensino Médio,Capitais,Presencial,Masculino,Branca,0.6128641863128068
CAND_01310,0.0,67.0,Bacharelado,Região Metropolitana,Híbrido,Masculino,Branca,0.54581618027376
CAND_01311,4.4,67.0,Bacharelado,Região Metropolitana,Remoto,Feminino,Preta,0.25086745061508575
CAND_01312,7.5,46.0,Bacharelado,Interior,Remoto,Masculino,Branca,0.5632450670033092
CAND_01313,1.8,62.0,Mestrado,Região Metropolitana,Remoto,Feminino,Parda,0.5028493393866004
CAND_01314,2.7,47.0,Bacharelado,Região Metropolitana,Remoto,Masculino,Branca,0.7136047225928889
CAND_01315,7.4,51.0,Bacharelado,Região Metropolitana,Híbrido,Feminino,Branca,0.62436232510225
CAND_01316,0.6,43.0,Bacharelado,Capitais,Presencial,Feminino,Branca,0.3458092639407525
CAND_01317,8.2,47.0,Bacharelado,Capitais,Híbrido,Masculino,Branca,0.7825113633147655
CAND_01318,3.4,70.0,Bacharelado,Capitais,Remoto,Masculino,Branca,0.896849991029045
CAND_01319,3.8,51.0,Bacharelado,Região Metropolitana,Híbrido,Masculino,Branca,0.7826998808375006
CAND_01320,1.6,52.0,Bacharelado,Região Metropolitana,Híbrido,Feminino,Preta,0.05240938453064646
CAND_01321,6.1,28.0,Bacharelado,Região Metropolitana,Presencial,Masculino,Preta,0.39322452166433447
CAND_01322,12.4,45.0,Bacharelado,Capitais,Híbrido,Masculino,Preta,0.6203205572771828
CAND_01323,7.3,46.0,Bacharelado,Capitais,Híbrido,Feminino,Preta,0.37263875444447
CAND_01324,2.4,38.0,Mestrado,Capitais,Híbrido,Feminino,Parda,0.5243617567837788
CAND_01325,8.4,50.0,Bacharelado,Capitais,Remoto,Feminino,Branca,0.4639023990705795
CAND_01326,4.0,44.0,Mestrado,Capitais,Presencial,Masculino,Indígena,0.4869321694965425
CAND_01327,9.1,51.0,Bacharelado,Interior,Remoto,Masculino,Branca,0.7267608756307593
CAND_01328,7.4,52.0,Bacharelado,Capitais,Presencial,Feminino,Preta,0.32080307548499865
CAND_01329,0.0,36.0,Bacharelado,Capitais,Remoto,Masculino,Preta,0.07127587924441861
CAND_01330,2.0,44.0,Bacharelado,Capitais,Híbrido,Feminino,Branca,0.24937175578542
CAND_01331,7.8,51.0,Bacharelado,Interior,Remoto,Feminino,Indígena,0.32625731412989784
CAND_01332,5.5,68.0,Mestrado,Região Metropolitana,Presencial,Masculino,Branca,0.8659110922571653
CAND_01333,1.9,54.0,Bacharelado,Capitais,Híbrido,Masculino,Branca,0.5190512295719736
CAND_01334,3.1,40.0,Ensino Médio,Interior,Remoto,Masculino,Branca,0.5319167562127842
CAND_01335,0.0,56.0,Bacharelado,Capitais,Presencial,Masculino,Branca,0.6042852668908348
CAND_01336,4.7,76.0,Mestrado,Capitais,Presencial,Masculino,Preta,0.4957525870211969
CAND_01337,11.6,64.0,Doutorado,Capitais,Híbrido,Feminino,Branca,0.7319704109951477
CAND_01338,7.4,58.0,Bacharelado,Capitais,Presencial,Masculino,Amarela,0.4577256773951197
CAND_01339,11.6,61.0,Bacharelado,Região Metropolitana,Presencial,Masculino,Preta,0.5144089016618938
CAND_01340,7.6,72.0,Bacharelado,Interior,Híbrido,Masculino,Branca,0.5031102029111376
CAND_01341,8.1,66.0,Mestrado,Região Metropolitana,Presencial,Masculino,Branca,0.8186167051001885
CAND_01342,10.9,59.0,Doutorado,Capitais,Híbrido,Masculino,Branca,1.0
CAND_01343,6.1,66.0,Mestrado,Capitais,Remoto,Masculino,Amarela,0.5012575032541308
CAND_01344,4.4,34.0,Bacharelado,Capitais,Híbrido,Masculino,Preta,0.3757020270622947
CAND_01345,8.1,27.0,Ensino Médio,Capitais,Presencial,Masculino,Branca,0.5395347971823581
CAND_01346,9.4,52.0,Mestrado,Capitais,Híbrido,Masculino,Branca,0.9128800835364239
CAND_01347,3.6,51.0,Mestrado,Capitais,Híbrido,Feminino,Branca,0.2945592908701097
CAND_01348,2.8,42.0,Mestrado,Região Metropolitana,Híbrido,Masculino,Branca,0.6951888848048998
CAND_01349,5.4,62.0,Bacharelado,Região Metropolitana,Híbrido,Masculino,Parda,0.474224340254698
CAND_01350,7.5,22.0,Bacharelado,Capitais,Remoto,Feminino,Preta,0.16700596537766063
CAND_01351,7.4,42.0,Bacharelado,Capitais,Remoto,Feminino,Branca,0.4451081883517301
CAND_01352,0.7,43.0,Mestrado,Capitais,Presencial,Masculino,Amarela,0.3999297073191138
CAND_01353,10.7,25.0,Bacharelado,Capitais,Híbrido,Masculino,Branca,0.5610609243222566
CAND_01354,3.1,72.0,Bacharelado,Capitais,Híbrido,Feminino,Branca,0.7160137640513783
CAND_01355,4.2,30.0,Bacharelado,Capitais,Remoto,Masculino,Preta,0.22534369223896625
CAND_01356,2.3,41.0,Ensino Médio,Região Metropolitana,Remoto,Masculino,Branca,0.3892346394024274
CAND_01357,13.1,64.0,Bacharelado,Região Metropolitana,Híbrido,Masculino,Branca,1.0
CAND_01358,5.7,60.0,Bacharelado,Capitais,Híbrido,Feminino,Branca,0.5862701636075665
CAND_01359,2.4,33.0,Bacharelado,Região Metropolitana,Híbrido,Masculino,Branca,0.4045743476539402
CAND_01360,7.6,60.0,Mestrado,Capitais,Híbrido,Masculino,Branca,0.8291212324096155
CAND_01361,7.3,54.0,Doutorado,Região Metropolitana,Presencial,Masculino,Preta,0.5384270530714201
CAND_01362,4.4,85.0,Bacharelado,Capitais,Híbrido,Masculino,Branca,0.6592349162425369
CAND_01363,7.5,56.0,Mestrado,Capitais,Híbrido,Masculino,Branca,0.7481737405981772
CAND_01364,2.5,48.0,Bacharelado,Capitais,Híbrido,Feminino,Branca,0.43936192881246994
CAND_01365,3.5,37.0,Mestrado,Capitais,Híbrido,Masculino,Branca,0.7946417905837552
CAND_01366,0.0,39.0,Mestrado,Capitais,Remoto,Não-binário,Branca,0.33711701567739705
CAND_01367,1.0,38.0,Ensino Médio,Interior,Híbrido,Masculino,Amarela,0.16063547923859925
CAND_01368,10.4,71.0,Bacharelado,Região Metropolitana,Híbrido,Masculino,Parda,0.7104833329039801
CAND_01369,9.9,50.0,Bacharelado,Capitais,Remoto,Masculino,Branca,0.9075890781208235
CAND_01370,5.2,58.0,Mestrado,Capitais,Híbrido,Masculino,Parda,0.8262321751500952
CAND_01371,10.0,73.0,Bacharelado,Região Metropolitana,Presencial,Masculino,Branca,0.9209334772981519
CAND_01372,4.5,15.0,Bacharelado,Região Metropolitana,Presencial,Feminino,Branca,0.3111838865069582
CAND_01373,4.3,69.0,Bacharelado,Região Metropolitana,Presencial,Masculino,Preta,0.30214264380963235
CAND_01374,5.2,51.0,Doutorado,Capitais,Presencial,Masculino,Preta,0.6666669898843036
CAND_01375,4.6,57.0,Mestrado,Região Metropolitana,Remoto,Feminino,Branca,0.5257329747937782
CAND_01376,4.4,38.0,Bacharelado,Região Metropolitana,Híbrido,Masculino,Branca,0.5591408478513656
CAND_01377,8.4,39.0,Mestrado,Capitais,Presencial,Masculino,Branca,0.8188459061892632
CAND_01378,5.5,57.0,Mestrado,Capitais,Remoto,Masculino,Branca,0.8104189703828016
CAND_01379,7.1,86.0,Mestrado,Região Metropolitana,Híbrido,Masculino,Branca,0.7790802006438099
CAND_01380,8.1,65.0,Ensino Médio,Região Metropolitana,Híbrido,Feminino,Preta,0.23992021385139556
CAND_01381,6.2,69.0,Bacharelado,Capitais,Presencial,Masculino,Branca,0.6095907207584337
CAND_01382,2.1,47.0,Bacharelado,Interior,Presencial,Feminino,Branca,0.28860266345989577
CAND_01383,0.9,41.0,Bacharelado,Capitais,Híbrido,Feminino,Branca,0.5150127767301139
CAND_01384,5.4,38.0,Bacharelado,Capitais,Remoto,Masculino,Parda,0.4304384862531526
CAND_01385,4.5,43.0,Bacharelado,Capitais,Presencial,Masculino,Branca,0.6748628069811476
CAND_01386,5.3,19.0,Bacharelado,Interior,Híbrido,Feminino,Branca,0.2988478533794523
CAND_01387,5.0,39.0,Bacharelado,Capitais,Remoto,Feminino,Branca,0.5376356983724467
CAND_01388,12.8,42.0,Bacharelado,Capitais,Híbrido,Masculino,Parda,0.6993810239179121
CAND_01389,1.0,47.0,Ensino Médio,Capitais,Híbrido,Feminino,Branca,0.24777692703349966
CAND_01390,0.0,52.0,Mestrado,Capitais,Remoto,Feminino,Branca,0.3992948034877467
CAND_01391,6.0,55.0,Mestrado,Região Metropolitana,Remoto,Masculino,Branca,0.8590871029959452
CAND_01392,3.9,50.0,Bacharelado,Capitais,Híbrido,Feminino,Branca,0.3070444354676037
CAND_01393,5.9,41.0,Mestrado,Região Metropolitana,Remoto,Masculino,Branca,0.560403300494819
CAND_01394,6.8,21.0,Bacharelado,Interior,Híbrido,Masculino,Branca,0.4241230515474218
CAND_01395,8.9,41.0,Mestrado,Capitais,Remoto,Masculino,Branca,0.6944328782087864
CAND_01396,0.5,35.0,Bacharelado,Região Metropolitana,Remoto,Masculino,Preta,0.24583272645859616
CAND_01397,3.3,57.0,Bacharelado,Capitais,Híbrido,Feminino,Branca,0.6354525939428755
CAND_01398,6.3,64.0,Bacharelado,Capitais,Híbrido,Masculino,Preta,0.41161815531917567
CAND_01399,7.3,64.0,Bacharelado,Região Metropolitana,Híbrido,Masculino,Branca,0.7373633823502234
CAND_01400,11.6,61.0,Bacharelado,Região Metropolitana,Remoto,Feminino,Indígena,0.4751749030599523
CAND_01401,7.9,48.0,Bacharelado,Capitais,Remoto,Masculino,Indígena,0.5665413751432039
CAND_01402,4.8,42.0,Bacharelado,Capitais,Presencial,Masculino,Parda,0.4561575023918779
CAND_01403,2.3,39.0,Mestrado,Interior,Remoto,Masculino,Indígena,0.288217447782311
CAND_01404,3.3,27.0,Bacharelado,Região Metropolitana,Remoto,Masculino,Branca,0.46051636484502045
CAND_01405,3.2,65.0,Bacharelado,Capitais,Remoto,Feminino,Parda,0.5373503955637577
CAND_01406,7.0,47.0,Bacharelado,Capitais,Remoto,Masculino,Branca,0.7699579297698504
CAND_01407,5.8,31.0,Mestrado,Capitais,Presencial,Masculino,Preta,0.2848104250469202
CAND_01408,1.0,38.0,Bacharelado,Capitais,Híbrido,Masculino,Branca,0.5332863641983222
CAND_01409,3.7,37.0,Bacharelado,Capitais,Remoto,Masculino,Branca,0.5719744791816244
CAND_01410,7.6,51.0,Bacharelado,Capitais,Remoto,Masculino,Indígena,0.8014695283717246
CAND_01411,6.1,66.0,Bacharelado,Capitais,Presencial,Masculino,Branca,0.8152313180301622
CAND_01412,6.7,45.0,Bacharelado,Região Metropolitana,Híbrido,Masculino,Parda,0.5062561580969466
CAND_01413,6.1,16.0,Bacharelado,Capitais,Remoto,Masculino,Preta,0.2583202077398349
CAND_01414,9.9,47.0,Bacharelado,Capitais,Remoto,Masculino,Branca,0.7481454600804611
CAND_01415,5.7,48.0,Bacharelado,Capitais,Híbrido,Masculino,Branca,0.7422367575391543
CAND_01416,3.8,47.0,Ensino Médio,Capitais,Presencial,Masculino,Branca,0.6624920946162238
CAND_01417,2.3,41.0,Bacharelado,Capitais,Remoto,Feminino,Amarela,0.23004826426914451
CAND_01418,5.7,53.0,Bacharelado,Região Metropolitana,Remoto,Feminino,Indígena,0.30502347543637365
CAND_01419,0.0,51.0,Doutorado,Capitais,Remoto,Masculino,Preta,0.4403999675809658
CAND_01420,4.4,50.0,Bacharelado,Capitais,Remoto,Feminino,Parda,0.4251030773585882
CAND_01421,4.4,56.0,Mestrado,Capitais,Híbrido,Feminino,Branca,0.38370901027141147
CAND_01422,0.9,44.0,Ensino Médio,Capitais,Remoto,Masculino,Branca,0.537870837835632
CAND_01423,2.2,43.0,Bacharelado,Capitais,Remoto,Feminino,Branca,0.35827459442056275
CAND_01424,7.4,71.0,Mestrado,Capitais,Híbrido,Masculino,Branca,0.7167169779215268
CAND_01425,5.7,58.0,Bacharelado,Capitais,Remoto,Feminino,Branca,0.7877882578036485
CAND_01426,5.3,62.0,Bacharelado,Região Metropolitana,Remoto,Masculino,Branca,0.7351303605987118
CAND_01427,5.9,68.0,Bacharelado,Interior,Remoto,Não-binário,Preta,0.1413103258278297
CAND_01428,5.3,58.0,Bacharelado,Capitais,Híbrido,Masculino,Branca,0.700887200940421
CAND_01429,8.7,64.0,Mestrado,Região Metropolitana,Híbrido,Masculino,Branca,0.9030222458648687
CAND_01430,5.4,26.0,Ensino Médio,Região Metropolitana,Híbrido,Feminino,Branca,0.1957699740792986
CAND_01431,0.6,53.0,Bacharelado,Interior,Presencial,Feminino,Parda,0.19272957080571868
CAND_01432,9.9,47.0,Mestrado,Capitais,Híbrido,Feminino,Branca,0.5407829117325927
CAND_01433,6.1,75.0,Doutorado,Região Metropolitana,Híbrido,Feminino,Branca,0.7441562853671353
CAND_01434,3.2,64.0,Mestrado,Interior,Presencial,Feminino,Parda,0.2873258854147346
CAND_01435,1.2,41.0,Bacharelado,Capitais,Remoto,Feminino,Branca,0.4981327811633697
CAND_01436,6.2,56.0,Mestrado,Capitais,Híbrido,Masculino,Branca,0.788072461239621
CAND_01437,4.6,53.0,Mestrado,Interior,Híbrido,Masculino,Preta,0.4314490096827056
CAND_01438,9.7,57.0,Mestrado,Região Metropolitana,Híbrido,Masculino,Branca,0.8619858884370876
CAND_01439,4.0,35.0,Mestrado,Capitais,Presencial,Feminino,Branca,0.5759244833995519
CAND_01440,2.5,55.0,Mestrado,Região Metropolitana,Remoto,Masculino,Branca,0.5764823403971477
CAND_01441,7.7,47.0,Ensino Médio,Capitais,Híbrido,Masculino,Branca,0.7825623184946642
CAND_01442,7.8,54.0,Bacharelado,Capitais,Híbrido,Masculino,Branca,0.5857411346770737
CAND_01443,5.5,39.0,Mestrado,Capitais,Híbrido,Feminino,Branca,0.5203126762113686
CAND_01444,7.0,41.0,Bacharelado,Capitais,Híbrido,Masculino,Amarela,0.44940780676969855
CAND_01445,4.9,68.0,Ensino Médio,Região Metropolitana,Híbrido,Masculino,Branca,0.5295458616004964
CAND_01446,5.7,34.0,Bacharelado,Capitais,Presencial,Masculino,Branca,0.560647787500666
CAND_01447,8.5,35.0,Mestrado,Região Metropolitana,Presencial,Masculino,Branca,0.6459344273720666
CAND_01448,6.9,49.0,Bacharelado,Capitais,Híbrido,Masculino,Amarela,0.5143448317896134
CAND_01449,4.5,38.0,Bacharelado,Capitais,Remoto,Masculino,Preta,0.3395150348150807
CAND_01450,9.1,37.0,Ensino Médio,Capitais,Híbrido,Masculino,Branca,0.6880025973539654
CAND_01451,0.0,52.0,Bacharelado,Capitais,Presencial,Feminino,Branca,0.324984168441143
CAND_01452,11.2,27.0,Bacharelado,Região Metropolitana,Presencial,Feminino,Branca,0.43431422989986657
CAND_01453,0.0,35.0,Ensino Médio,Capitais,Híbrido,Masculino,Branca,0.46109339349591383
CAND_01454,3.1,81.0,Mestrado,Região Metropolitana,Híbrido,Feminino,Branca,0.6042096222330757
CAND_01455,4.9,57.0,Mestrado,Capitais,Presencial,Feminino,Branca,0.6608847281837563
CAND_01456,4.6,39.0,Mestrado,Capitais,Híbrido,Feminino,Branca,0.5833663007065379
CAND_01457,8.0,56.0,Bacharelado,Capitais,Presencial,Masculino,Branca,0.8077483991802166
CAND_01458,1.8,59.0,Bacharelado,Região Metropolitana,Híbrido,Masculino,Branca,0.6650253016605597
CAND_01459,5.8,65.0,Bacharelado,Capitais,Híbrido,Feminino,Branca,0.6071866915845476
CAND_01460,3.3,48.0,Bacharelado,Região Metropolitana,Remoto,Masculino,Branca,0.5765357824136454
CAND_01461,5.9,65.0,Bacharelado,Região Metropolitana,Presencial,Masculino,Amarela,0.6180583002617879
CAND_01462,4.8,19.0,Mestrado,Capitais,Híbrido,Masculino,Preta,0.2805518907516237
CAND_01463,5.3,34.0,Ensino Médio,Capitais,Remoto,Feminino,Indígena,0.03718545316961544
CAND_01464,3.4,52.0,Bacharelado,Capitais,Híbrido,Masculino,Branca,0.5718510613245644
CAND_01465,3.5,55.0,Mestrado,Interior,Híbrido,Masculino,Branca,0.7303120815104288
CAND_01466,5.9,36.0,Bacharelado,Capitais,Híbrido,Feminino,Preta,0.18245668615023214
CAND_01467,7.8,54.0,Mestrado,Capitais,Presencial,Feminino,Branca,0.6494129006183769
CAND_01468,3.2,41.0,Doutorado,Capitais,Híbrido,Masculino,Branca,0.7006049983429795
CAND_01469,2.4,46.0,Bacharelado,Região Metropolitana,Remoto,Masculino,Branca,0.6381665328826358
CAND_01470,6.8,65.0,Bacharelado,Região Metropolitana,Híbrido,Feminino,Branca,0.5530712666006378
CAND_01471,4.9,64.0,Mestrado,Interior,Híbrido,Masculino,Parda,0.5971407990767749
CAND_01472,7.5,35.0,Bacharelado,Região Metropolitana,Híbrido,Feminino,Preta,0.25137783350504456
CAND_01473,2.3,34.0,Bacharelado,Capitais,Híbrido,Feminino,Indígena,0.18543220613811756
CAND_01474,0.0,44.0,Mestrado,Capitais,Híbrido,Masculino,Amarela,0.46320777826970516
CAND_01475,3.4,50.0,Bacharelado,Região Metropolitana,Presencial,Masculino,Branca,0.6005278338922185
CAND_01476,2.7,40.0,Bacharelado,Interior,Híbrido,Masculino,Branca,0.45325737467871074
CAND_01477,4.8,66.0,Bacharelado,Capitais,Híbrido,Feminino,Branca,0.4781402500676726
CAND_01478,3.1,55.0,Mestrado,Capitais,Remoto,Masculino,Branca,0.7104044350613727
CAND_01479,7.2,56.0,Bacharelado,Região Metropolitana,Híbrido,Masculino,Branca,0.6638757449752819
CAND_01480,4.1,31.0,Bacharelado,Capitais,Híbrido,Masculino,Branca,0.7189920178761094
CAND_01481,5.5,68.0,Bacharelado,Capitais,Presencial,Masculino,Branca,0.6135928336141239
CAND_01482,5.5,8.0,Bacharelado,Interior,Presencial,Masculino,Preta,0.23092598914444631
CAND_01483,5.6,63.0,Mestrado,Região Metropolitana,Híbrido,Masculino,Branca,0.5895742319311018
CAND_01484,4.9,64.0,Mestrado,Capitais,Remoto,Feminino,Branca,0.6577215637609962
CAND_01485,6.5,44.0,Bacharelado,Capitais,Híbrido,Masculino,Branca,0.6222269765787573
CAND_01486,2.6,69.0,Ensino Médio,Capitais,Híbrido,Masculino,Parda,0.684632226416834
CAND_01487,9.2,49.0,Bacharelado,Interior,Remoto,Feminino,Parda,0.3678640991983836
CAND_01488,4.3,51.0,Bacharelado,Interior,Presencial,Feminino,Branca,0.196764664411121
CAND_01489,1.1,55.0,Bacharelado,Região Metropolitana,Remoto,Feminino,Amarela,0.3278618539843817
CAND_01490,5.6,98.0,Bacharelado,Capitais,Híbrido,Masculino,Branca,0.9816646309855643
CAND_01491,2.4,70.0,Bacharelado,Capitais,Híbrido,Masculino,Parda,0.7283175456998855
CAND_01492,7.0,61.0,Ensino Médio,Região Metropolitana,Remoto,Masculino,Branca,0.6199630255612134
CAND_01493,11.6,36.0,Mestrado,Capitais,Remoto,Feminino,Branca,0.7071084613452467
CAND_01494,2.6,52.0,Mestrado,Região Metropolitana,Híbrido,Feminino,Branca,0.3316748378401757
CAND_01495,6.0,38.0,Bacharelado,Região Metropolitana,Híbrido,Feminino,Branca,0.19923538774926697
CAND_01496,0.0,62.0,Ensino Médio,Capitais,Híbrido,Masculino,Amarela,0.24176741308077984
CAND_01497,6.4,52.0,Mestrado,Interior,Presencial,Feminino,Preta,0.09380119636735856
CAND_01498,2.3,33.0,Doutorado,Capitais,Remoto,Feminino,Branca,0.4025163115909467
CAND_01499,3.1,51.0,Bacharelado,Região Metropolitana,Presencial,Masculino,Branca,0.5725156431153912
CAND_01500,1.7,37.0,Mestrado,Capitais,Híbrido,Masculino,Branca,0.5929566765380363
CAND_01501,7.2,52.0,Mestrado,Região Metropolitana,Remoto,Masculino,Branca,0.6870161717708968
CAND_01502,8.0,37.0,Bacharelado,Região Metropolitana,Remoto,Masculino,Amarela,0.24636852278338242
CAND_01503,5.1,50.0,Bacharelado,Capitais,Híbrido,Masculino,Branca,0.7212123367610649
CAND_01504,2.4,61.0,Bacharelado,Capitais,Remoto,Feminino,Branca,0.46553252465486644
CAND_01505,9.8,49.0,Bacharelado,Capitais,Híbrido,Feminino,Amarela,0.32236564154526165
CAND_01506,2.7,44.0,Bacharelado,Capitais,Remoto,Feminino,Branca,0.5698021291372695
CAND_01507,0.0,53.0,Mestrado,Região Metropolitana,Híbrido,Masculino,Branca,0.5877834635444636
CAND_01508,6.4,60.0,Mestrado,Capitais,Remoto,Masculino,Branca,0.8238531732456176
CAND_01509,1.7,33.0,Bacharelado,Capitais,Presencial,Feminino,Branca,0.4455850151783132
CAND_01510,8.0,54.0,Bacharelado,Capitais,Híbrido,Masculino,Branca,0.6270139157772506
CAND_01511,3.9,70.0,Bacharelado,Capitais,Híbrido,Masculino,Branca,0.7557389946332098
CAND_01512,6.8,59.0,Bacharelado,Região Metropolitana,Remoto,Feminino,Preta,0.3512547854016627
CAND_01513,9.2,51.0,Bacharelado,Capitais,Remoto,Masculino,Parda,0.7288671097301088
CAND_01514,1.4,60.0,Mestrado,Região Metropolitana,Presencial,Masculino,Preta,0.28766574133144085
CAND_01515,3.3,57.0,Bacharelado,Região Metropolitana,Presencial,Masculino,Amarela,0.39575245550547256
CAND_01516,4.8,61.0,Bacharelado,Capitais,Híbrido,Feminino,Branca,0.5588986645743648
CAND_01517,9.6,20.0,Bacharelado,Região Metropolitana,Híbrido,Masculino,Branca,0.4113122109850868
CAND_01518,3.0,27.0,Bacharelado,Capitais,Híbrido,Masculino,Preta,0.1827339004898756
CAND_01519,3.2,65.0,Bacharelado,Capitais,Híbrido,Não-binário,Branca,0.6713536895935109
CAND_01520,6.4,27.0,Bacharelado,Capitais,Híbrido,Masculino,Branca,0.6844590227684912
CAND_01521,3.3,56.0,Bacharelado,Capitais,Híbrido,Masculino,Branca,0.8383470560716282
CAND_01522,5.5,45.0,Ensino Médio,Região Metropolitana,Remoto,Masculino,Parda,0.6266317701507883
CAND_01523,0.3,35.0,Bacharelado,Capitais,Presencial,Masculino,Branca,0.585398364317413
CAND_01524,11.6,55.0,Bacharelado,Capitais,Híbrido,Masculino,Branca,0.8210920761056494
CAND_01525,1.0,53.0,Ensino Médio,Capitais,Híbrido,Feminino,Branca,0.42012138743848176
CAND_01526,4.0,82.0,Mestrado,Capitais,Presencial,Masculino,Parda,0.9529964190862357
CAND_01527,4.9,41.0,Bacharelado,Região Metropolitana,Híbrido,Feminino,Branca,0.49455389231674296
CAND_01528,10.7,72.0,Bacharelado,Capitais,Híbrido,Masculino,Branca,0.918681030484678
CAND_01529,1.0,55.0,Bacharelado,Região Metropolitana,Presencial,Masculino,Parda,0.5227652930800356
CAND_01530,11.0,40.0,Bacharelado,Interior,Híbrido,Masculino,Parda,0.6298323587470864
CAND_01531,7.3,62.0,Mestrado,Capitais,Híbrido,Masculino,Branca,0.7907957392709429
CAND_01532,6.3,58.0,Bacharelado,Região Metropolitana,Presencial,Masculino,Branca,0.7578474410414452
CAND_01533,2.0,51.0,Mestrado,Capitais,Híbrido,Masculino,Branca,0.6242044509003951
CAND_01534,6.7,54.0,Bacharelado,Capitais,Híbrido,Masculino,Amarela,0.5146079112514577
CAND_01535,2.8,41.0,Bacharelado,Capitais,Presencial,Feminino,Branca,0.31722945337834996
CAND_01536,8.8,38.0,Mestrado,Capitais,Presencial,Masculino,Branca,0.7340236955905672
CAND_01537,2.1,61.0,Bacharelado,Interior,Híbrido,Masculino,Branca,0.46762723415137547
CAND_01538,4.7,47.0,Bacharelado,Capitais,Remoto,Feminino,Preta,0.40119153911091077
CAND_01539,3.3,49.0,Mestrado,Região Metropolitana,Remoto,Masculino,Preta,0.3225504242772212
CAND_01540,2.0,54.0,Mestrado,Capitais,Presencial,Feminino,Branca,0.544483529560789
CAND_01541,7.2,54.0,Bacharelado,Região Metropolitana,Presencial,Feminino,Branca,0.4153117680646418
CAND_01542,6.6,29.0,Bacharelado,Capitais,Presencial,Não-binário,Amarela,0.20268960366761157
CAND_01543,8.6,69.0,Ensino Médio,Região Metropolitana,Híbrido,Masculino,Parda,0.726991540195439
CAND_01544,0.0,52.0,Bacharelado,Capitais,Híbrido,Feminino,Amarela,0.022889632607629884
CAND_01545,8.2,47.0,Bacharelado,Região Metropolitana,Híbrido,Feminino,Parda,0.3122298511677798
CAND_01546,12.5,56.0,Mestrado,Região Metropolitana,Remoto,Feminino,Branca,0.5785326808762017
CAND_01547,3.6,54.0,Bacharelado,Região Metropolitana,Híbrido,Feminino,Branca,0.30767631259514644
CAND_01548,10.7,62.0,Mestrado,Capitais,Remoto,Masculino,Preta,0.6704085201945515
CAND_01549,4.2,58.0,Ensino Médio,Capitais,Presencial,Feminino,Branca,0.4902580208754866
CAND_01550,0.9,61.0,Bacharelado,Região Metropolitana,Presencial,Masculino,Branca,0.5056928044632466
CAND_01551,4.1,70.0,Mestrado,Capitais,Presencial,Masculino,Branca,0.8244198436932555
CAND_01552,8.1,63.0,Bacharelado,Capitais,Presencial,Masculino,Amarela,0.571592138622862
CAND_01553,2.5,48.0,Ensino Médio,Capitais,Remoto,Masculino,Branca,0.5820523966431113
CAND_01554,3.2,33.0,Bacharelado,Capitais,Híbrido,Masculino,Branca,0.5331576710394084
CAND_01555,6.8,75.0,Mestrado,Capitais,Híbrido,Não-binário,Preta,0.43476567324621473
CAND_01556,5.0,46.0,Bacharelado,Capitais,Híbrido,Feminino,Amarela,0.44749292569376775
CAND_01557,6.8,43.0,Bacharelado,Capitais,Presencial,Feminino,Amarela,0.3854334215618578
CAND_01558,5.7,24.0,Bacharelado,Capitais,Presencial,Feminino,Branca,0.5493390848679117
CAND_01559,6.4,55.0,Bacharelado,Capitais,Híbrido,Masculino,Branca,0.6077175216893708
CAND_01560,3.7,52.0,Mestrado,Capitais,Híbrido,Masculino,Branca,0.6644290897726858
CAND_01561,5.7,27.0,Bacharelado,Região Metropolitana,Remoto,Masculino,Amarela,0.42852358327980156
CAND_01562,2.2,57.0,Bacharelado,Capitais,Híbrido,Masculino,Branca,0.8228294174883443
CAND_01563,8.9,43.0,Bacharelado,Região Metropolitana,Híbrido,Feminino,Preta,0.31504404269065733
CAND_01564,3.1,90.0,Mestrado,Capitais,Presencial,Feminino,Branca,0.5693775914626138
CAND_01565,8.4,41.0,Mestrado,Capitais,Remoto,Masculino,Branca,0.7385342665181119
CAND_01566,4.3,43.0,Mestrado,Capitais,Presencial,Masculino,Branca,0.741340443658814
CAND_01567,5.6,37.0,Bacharelado,Capitais,Remoto,Masculino,Parda,0.5935340478369254
CAND_01568,3.5,69.0,Bacharelado,Região Metropolitana,Híbrido,Masculino,Indígena,0.46612275422816296
CAND_01569,2.0,44.0,Bacharelado,Capitais,Presencial,Masculino,Parda,0.5369745556655571
CAND_01570,0.0,39.0,Mestrado,Região Metropolitana,Híbrido,Masculino,Branca,0.5545563981240421
CAND_01571,1.8,61.0,Mestrado,Interior,Remoto,Masculino,Preta,0.22150786945224207
CAND_01572,4.0,29.0,Doutorado,Capitais,Híbrido,Feminino,Parda,0.5444509072536735
CAND_01573,5.6,59.0,Ensino Médio,Capitais,Presencial,Masculino,Branca,0.6540385177440959
CAND_01574,8.0,77.0,Bacharelado,Capitais,Presencial,Feminino,Indígena,0.5107423773689207
CAND_01575,3.7,58.0,Bacharelado,Interior,Híbrido,Feminino,Branca,0.4595052703723987
CAND_01576,2.4,60.0,Mestrado,Região Metropolitana,Presencial,Masculino,Indígena,0.5255001333894045
CAND_01577,0.7,63.0,Bacharelado,Região Metropolitana,Remoto,Feminino,Parda,0.464035882844159
CAND_01578,6.4,76.0,Mestrado,Capitais,Remoto,Masculino,Branca,0.7790799139083274
CAND_01579,9.1,68.0,Bacharelado,Região Metropolitana,Remoto,Masculino,Branca,0.8472955914616284
CAND_01580,8.8,57.0,Bacharelado,Região Metropolitana,Presencial,Masculino,Branca,0.8379322355713954
CAND_01581,7.1,64.0,Bacharelado,Capitais,Híbrido,Feminino,Branca,0.5150132001520952
CAND_01582,6.9,37.0,Ensino Médio,Capitais,Presencial,Masculino,Branca,0.6181630407633595
CAND_01583,10.1,62.0,Bacharelado,Capitais,Híbrido,Masculino,Preta,0.584232441536942
CAND_01584,6.0,35.0,Ensino Médio,Capitais,Remoto,Masculino,Branca,0.6309639217149706
CAND_01585,6.9,44.0,Bacharelado,Região Metropolitana,Híbrido,Masculino,Branca,0.711480161733977
CAND_01586,4.0,4.0,Bacharelado,Capitais,Remoto,Feminino,Indígena,0.054879380137768885
CAND_01587,0.9,56.0,Mestrado,Capitais,Remoto,Feminino,Branca,0.4859945141698683
CAND_01588,2.9,40.0,Mestrado,Capitais,Presencial,Masculino,Amarela,0.6271318173574579
CAND_01589,5.0,67.0,Bacharelado,Capitais,Híbrido,Masculino,Branca,0.8733876791624804
CAND_01590,5.2,56.0,Bacharelado,Capitais,Presencial,Feminino,Parda,0.5573843845243838
CAND_01591,10.8,67.0,Bacharelado,Interior,Híbrido,Feminino,Branca,0.5147220402065368
CAND_01592,5.2,34.0,Doutorado,Capitais,Presencial,Feminino,Preta,0.5028830824727123
CAND_01593,8.5,66.0,Bacharelado,Capitais,Remoto,Masculino,Preta,0.6869814188506261
CAND_01594,3.7,82.0,Bacharelado,Região Metropolitana,Híbrido,Masculino,Amarela,0.5557418867929432
CAND_01595,4.1,61.0,Mestrado,Capitais,Híbrido,Feminino,Branca,0.5980410715590702
CAND_01596,1.0,62.0,Bacharelado,Capitais,Remoto,Masculino,Branca,0.622115034526096
CAND_01597,2.8,53.0,Mestrado,Capitais,Remoto,Feminino,Amarela,0.3573371691158306
CAND_01598,6.6,42.0,Bacharelado,Capitais,Remoto,Feminino,Branca,0.5593075033726913
CAND_01599,5.0,61.0,Bacharelado,Capitais,Presencial,Masculino,Branca,0.8142608084547097
CAND_01600,7.8,27.0,Bacharelado,Capitais,Híbrido,Feminino,Branca,0.4459316107809552
CAND_01601,5.5,44.0,Mestrado,Capitais,Híbrido,Masculino,Branca,0.5886300662372328
CAND_01602,3.9,23.0,Mestrado,Região Metropolitana,Híbrido,Feminino,Branca,0.39417883461798253
CAND_01603,11.4,39.0,Bacharelado,Capitais,Presencial,Não-binário,Branca,0.6046793505930607
CAND_01604,4.7,60.0,Bacharelado,Interior,Presencial,Não-binário,Branca,0.23614466596448014
CAND_01605,8.5,58.0,Bacharelado,Capitais,Remoto,Feminino,Branca,0.5929167422004629
CAND_01606,3.8,51.0,Doutorado,Capitais,Presencial,Masculino,Branca,0.9141465825240394
CAND_01607,7.1,53.0,Bacharelado,Interior,Híbrido,Feminino,Parda,0.2336524941929955
CAND_01608,7.8,22.0,Mestrado,Capitais,Presencial,Feminino,Amarela,0.2656265650211536
CAND_01609,5.6,44.0,Bacharelado,Capitais,Presencial,Masculino,Branca,0.8367139147938351
CAND_01610,0.0,40.0,Bacharelado,Capitais,Presencial,Masculino,Parda,0.525771535411377
CAND_01611,5.1,40.0,Bacharelado,Região Metropolitana,Híbrido,Masculino,Amarela,0.35939881717597605
CAND_01612,8.7,59.0,Mestrado,Capitais,Remoto,Masculino,Preta,0.6092968406889593
CAND_01613,6.6,37.0,Mestrado,Capitais,Híbrido,Feminino,Indígena,0.46259171322782805
CAND_01614,6.3,41.0,Bacharelado,Capitais,Híbrido,Masculino,Branca,0.6696494464816244
CAND_01615,0.0,19.0,Bacharelado,Região Metropolitana,Híbrido,Masculino,Parda,0.43575821149390753
CAND_01616,2.8,46.0,Bacharelado,Capitais,Híbrido,Masculino,Preta,0.41349901586757454
CAND_01617,6.2,34.0,Bacharelado,Capitais,Remoto,Feminino,Branca,0.491707841034864
CAND_01618,6.2,51.0,Mestrado,Capitais,Híbrido,Feminino,Preta,0.3941541511008133
CAND_01619,8.6,36.0,Bacharelado,Região Metropolitana,Híbrido,Masculino,Branca,0.6365171917026706
CAND_01620,4.6,52.0,Mestrado,Capitais,Híbrido,Feminino,Branca,0.45554892471277136
CAND_01621,6.2,48.0,Mestrado,Capitais,Remoto,Masculino,Branca,0.8134395605447104
CAND_01622,5.0,75.0,Mestrado,Região Metropolitana,Híbrido,Masculino,Preta,0.5367595887223231
CAND_01623,2.0,57.0,Mestrado,Capitais,Presencial,Feminino,Preta,0.22318887740866158
CAND_01624,0.0,22.0,Bacharelado,Região Metropolitana,Presencial,Masculino,Branca,0.49063852893080473
CAND_01625,6.3,31.0,Mestrado,Interior,Remoto,Masculino,Branca,0.6777347081193696
CAND_01626,5.5,51.0,Bacharelado,Região Metropolitana,Remoto,Masculino,Branca,0.6485421616981217
CAND_01627,3.1,36.0,Bacharelado,Capitais,Presencial,Masculino,Branca,0.6068449538558109
CAND_01628,0.1,5.0,Mestrado,Capitais,Remoto,Masculino,Amarela,0.15382327808736213
CAND_01629,6.9,70.0,Bacharelado,Capitais,Híbrido,Masculino,Amarela,0.5957305391588128
CAND_01630,4.2,61.0,Mestrado,Interior,Híbrido,Feminino,Preta,0.200129044685085
CAND_01631,6.7,58.0,Mestrado,Interior,Presencial,Masculino,Indígena,0.5139555901312263
CAND_01632,10.6,41.0,Mestrado,Capitais,Remoto,Masculino,Amarela,0.5897844167145898
CAND_01633,0.0,56.0,Bacharelado,Região Metropolitana,Presencial,Masculino,Branca,0.6465841670133567
CAND_01634,2.9,39.0,Bacharelado,Região Metropolitana,Remoto,Feminino,Branca,0.369800767857829
CAND_01635,4.4,53.0,Bacharelado,Capitais,Presencial,Feminino,Branca,0.7588803118381651
CAND_01636,9.4,36.0,Mestrado,Capitais,Remoto,Não-binário,Branca,0.5527719264856104
CAND_01637,0.1,73.0,Bacharelado,Capitais,Presencial,Masculino,Parda,0.3693497147309554
CAND_01638,10.8,26.0,Bacharelado,Capitais,Presencial,Feminino,Branca,0.40879683912648573
CAND_01639,5.4,68.0,Bacharelado,Região Metropolitana,Presencial,Masculino,Amarela,0.5832119279269704
CAND_01640,4.7,51.0,Bacharelado,Interior,Presencial,Feminino,Branca,0.28366902000588706
CAND_01641,4.4,43.0,Bacharelado,Capitais,Híbrido,Masculino,Preta,0.35187697321704553
CAND_01642,3.7,53.0,Ensino Médio,Capitais,Presencial,Feminino,Branca,0.31207701560472717
CAND_01643,8.1,61.0,Bacharelado,Capitais,Remoto,Masculino,Branca,0.7583267529349672
CAND_01644,1.8,71.0,Mestrado,Região Metropolitana,Híbrido,Masculino,Preta,0.4893927755874285
CAND_01645,6.0,55.0,Ensino Médio,Região Metropolitana,Híbrido,Feminino,Parda,0.42858357143879205
CAND_01646,3.8,37.0,Ensino Médio,Capitais,Presencial,Feminino,Amarela,0.07201043485022274
CAND_01647,2.7,51.0,Bacharelado,Capitais,Híbrido,Masculino,Preta,0.4885406113316486
CAND_01648,12.8,77.0,Mestrado,Capitais,Presencial,Feminino,Branca,0.6948630910195078
CAND_01649,6.3,70.0,Bacharelado,Capitais,Remoto,Masculino,Branca,0.8497956108991247
CAND_01650,6.8,64.0,Bacharelado,Interior,Híbrido,Feminino,Amarela,0.27570467746366983
CAND_01651,8.4,62.0,Bacharelado,Capitais,Remoto,Não-binário,Branca,0.47256418149655127
CAND_01652,0.7,60.0,Bacharelado,Capitais,Híbrido,Masculino,Preta,0.2986684473916043
CAND_01653,10.3,67.0,Bacharelado,Capitais,Remoto,Masculino,Branca,0.9122290440604882
CAND_01654,0.0,43.0,Bacharelado,Capitais,Presencial,Masculino,Branca,0.5160117481397309
CAND_01655,2.7,30.0,Mestrado,Capitais,Presencial,Masculino,Branca,0.6049500654690104
CAND_01656,3.6,51.0,Bacharelado,Capitais,Híbrido,Feminino,Amarela,0.3447335817914791
CAND_01657,6.7,38.0,Ensino Médio,Região Metropolitana,Remoto,Feminino,Amarela,0.23391371612309775
CAND_01658,5.7,34.0,Bacharelado,Capitais,Híbrido,Não-binário,Amarela,0.10840554849054287
CAND_01659,4.5,39.0,Bacharelado,Capitais,Presencial,Masculino,Branca,0.6406420809703174
CAND_01660,5.0,87.0,Mestrado,Capitais,Híbrido,Masculino,Branca,0.8045284798107164
CAND_01661,2.1,52.0,Bacharelado,Região Metropolitana,Remoto,Masculino,Indígena,0.5369938949956337
CAND_01662,0.5,55.0,Mestrado,Capitais,Presencial,Feminino,Branca,0.63365168642817
CAND_01663,7.2,32.0,Mestrado,Região Metropolitana,Presencial,Masculino,Branca,0.5874904684806608
CAND_01664,7.1,22.0,Bacharelado,Capitais,Remoto,Não-binário,Branca,0.37688328960336365
CAND_01665,9.8,38.0,Mestrado,Capitais,Remoto,Masculino,Branca,0.889746101133111
CAND_01666,2.6,72.0,Bacharelado,Capitais,Remoto,Feminino,Branca,0.5424211008328301
CAND_01667,7.1,55.0,Bacharelado,Interior,Remoto,Masculino,Amarela,0.4681505287380427
CAND_01668,4.1,59.0,Bacharelado,Capitais,Presencial,Feminino,Indígena,0.37316063315109427
CAND_01669,8.6,61.0,Bacharelado,Capitais,Híbrido,Masculino,Branca,0.7103196292112891
CAND_01670,8.1,41.0,Bacharelado,Capitais,Híbrido,Feminino,Branca,0.5378925017177872
CAND_01671,5.6,71.0,Bacharelado,Capitais,Remoto,Feminino,Preta,0.45872836392330507
CAND_01672,4.0,41.0,Bacharelado,Capitais,Remoto,Masculino,Branca,0.6754292069807579
CAND_01673,7.9,71.0,Bacharelado,Capitais,Remoto,Masculino,Indígena,0.8543674283789193
CAND_01674,6.9,57.0,Bacharelado,Capitais,Híbrido,Feminino,Branca,0.38884961409785734
CAND_01675,2.9,23.0,Bacharelado,Capitais,Presencial,Masculino,Branca,0.5879047449640207
CAND_01676,1.0,39.0,Ensino Médio,Capitais,Híbrido,Feminino,Preta,0.011199201481682158
CAND_01677,4.1,23.0,Bacharelado,Capitais,Híbrido,Feminino,Parda,0.2364368838874228
CAND_01678,9.5,67.0,Bacharelado,Capitais,Presencial,Masculino,Branca,0.9914418608571729
CAND_01679,8.4,50.0,Bacharelado,Capitais,Remoto,Masculino,Branca,0.7424995022310621
CAND_01680,1.7,17.0,Ensino Médio,Capitais,Presencial,Feminino,Branca,0.21684547386666989
CAND_01681,1.5,56.0,Bacharelado,Capitais,Presencial,Feminino,Branca,0.48835758851188843
CAND_01682,8.8,42.0,Bacharelado,Capitais,Híbrido,Feminino,Branca,0.32874815469537
CAND_01683,1.6,28.0,Mestrado,Região Metropolitana,Remoto,Masculino,Amarela,0.4794865939883669
CAND_01684,6.5,75.0,Bacharelado,Capitais,Híbrido,Feminino,Branca,0.8204430314114136
CAND_01685,3.2,52.0,Ensino Médio,Região Metropolitana,Remoto,Masculino,Branca,0.6635113445022233
CAND_01686,9.9,46.0,Bacharelado,Capitais,Híbrido,Feminino,Preta,0.37319897405713975
CAND_01687,2.7,44.0,Ensino Médio,Capitais,Presencial,Masculino,Branca,0.5583424572858535
CAND_01688,8.4,27.0,Bacharelado,Capitais,Presencial,Masculino,Amarela,0.3684787681217818
CAND_01689,5.6,30.0,Bacharelado,Capitais,Remoto,Masculino,Preta,0.5014063815732764
CAND_01690,5.8,69.0,Bacharelado,Capitais,Híbrido,Masculino,Branca,0.8836341623268871
CAND_01691,0.0,43.0,Bacharelado,Capitais,Remoto,Não-binário,Amarela,0.16701162549173854
CAND_01692,0.0,50.0,Mestrado,Região Metropolitana,Híbrido,Masculino,Branca,0.6333628889448343
CAND_01693,4.3,19.0,Bacharelado,Capitais,Híbrido,Masculino,Preta,0.3420592413865307
CAND_01694,5.7,30.0,Bacharelado,Interior,Híbrido,Masculino,Amarela,0.23140632802106717
CAND_01695,1.6,59.0,Mestrado,Capitais,Presencial,Masculino,Amarela,0.7681168827931812
CAND_01696,1.7,56.0,Bacharelado,Região Metropolitana,Híbrido,Masculino,Branca,0.5794376459477681
CAND_01697,6.7,76.0,Mestrado,Capitais,Híbrido,Masculino,Branca,0.8453295806521562
CAND_01698,6.7,70.0,Bacharelado,Região Metropolitana,Remoto,Masculino,Branca,0.8760606312045149
CAND_01699,4.6,47.0,Bacharelado,Capitais,Presencial,Masculino,Parda,0.6270794227575653
CAND_01700,7.3,57.0,Bacharelado,Capitais,Presencial,Masculino,Amarela,0.572100548474716
CAND_01701,1.5,45.0,Doutorado,Capitais,Presencial,Masculino,Branca,0.8514569372079803
CAND_01702,3.9,81.0,Bacharelado,Interior,Presencial,Feminino,Branca,0.5198615245550378
CAND_01703,9.9,67.0,Mestrado,Interior,Híbrido,Feminino,Parda,0.5889418546774293
CAND_01704,5.2,53.0,Bacharelado,Capitais,Remoto,Feminino,Branca,0.3742289505807283
CAND_01705,5.4,53.0,Bacharelado,Região Metropolitana,Híbrido,Não-binário,Branca,0.4600540178609047
CAND_01706,11.9,72.0,Mestrado,Capitais,Remoto,Feminino,Branca,0.6754392064405124
CAND_01707,0.8,59.0,Bacharelado,Capitais,Híbrido,Masculino,Branca,0.6065005993255078
CAND_01708,7.4,73.0,Doutorado,Capitais,Presencial,Masculino,Indígena,0.8075641269562819
CAND_01709,10.0,17.0,Ensino Médio,Interior,Presencial,Feminino,Indígena,0.11437901979244153
CAND_01710,4.0,57.0,Mestrado,Capitais,Presencial,Feminino,Branca,0.6234218306028773
CAND_01711,7.6,42.0,Bacharelado,Capitais,Híbrido,Masculino,Indígena,0.647069965184161
CAND_01712,2.1,76.0,Ensino Médio,Capitais,Híbrido,Masculino,Branca,0.7805633839282623
CAND_01713,2.9,73.0,Mestrado,Capitais,Remoto,Não-binário,Amarela,0.21557990568598387
CAND_01714,6.2,50.0,Bacharelado,Capitais,Remoto,Feminino,Branca,0.7602658262036878
CAND_01715,7.4,73.0,Ensino Médio,Capitais,Híbrido,Masculino,Parda,0.7375421131224128
CAND_01716,8.4,77.0,Bacharelado,Capitais,Remoto,Não-binário,Branca,0.7472933353667212
CAND_01717,9.7,51.0,Bacharelado,Capitais,Híbrido,Não-binário,Branca,0.29656871522174016
CAND_01718,4.8,87.0,Doutorado,Capitais,Presencial,Masculino,Amarela,0.7174671200236296
CAND_01719,8.6,50.0,Bacharelado,Capitais,Remoto,Feminino,Branca,0.4259317902329058
CAND_01720,4.0,47.0,Bacharelado,Região Metropolitana,Presencial,Feminino,Indígena,0.18186346300409817
CAND_01721,7.7,63.0,Bacharelado,Capitais,Remoto,Masculino,Branca,0.8110555751583817
CAND_01722,5.6,45.0,Mestrado,Região Metropolitana,Híbrido,Feminino,Branca,0.45852505614791406
CAND_01723,6.3,51.0,Bacharelado,Capitais,Híbrido,Masculino,Amarela,0.6614017007131083
CAND_01724,6.3,71.0,Bacharelado,Capitais,Híbrido,Feminino,Branca,0.7868991996973351
CAND_01725,0.2,50.0,Bacharelado,Capitais,Remoto,Feminino,Branca,0.30731657872679674
CAND_01726,1.6,25.0,Bacharelado,Região Metropolitana,Presencial,Masculino,Branca,0.43322348346321404
CAND_01727,5.3,56.0,Mestrado,Região Metropolitana,Presencial,Masculino,Branca,0.6268911761767915
CAND_01728,0.0,40.0,Bacharelado,Capitais,Híbrido,Feminino,Branca,0.4755900179417456
CAND_01729,7.5,63.0,Ensino Médio,Capitais,Presencial,Não-binário,Branca,0.5179043604723748
CAND_01730,7.6,60.0,Bacharelado,Região Metropolitana,Híbrido,Masculino,Preta,0.49523311699623485
CAND_01731,6.0,72.0,Mestrado,Capitais,Remoto,Feminino,Preta,0.4392466410727335
CAND_01732,1.6,64.0,Bacharelado,Região Metropolitana,Remoto,Masculino,Indígena,0.4568829108950688
CAND_01733,9.1,66.0,Ensino Médio,Capitais,Remoto,Masculino,Preta,0.46035299741634705
CAND_01734,11.1,40.0,Bacharelado,Região Metropolitana,Remoto,Feminino,Branca,0.5371054753790797
CAND_01735,5.4,62.0,Mestrado,Capitais,Remoto,Feminino,Branca,0.5792991634962565
CAND_01736,6.5,80.0,Bacharelado,Capitais,Remoto,Feminino,Branca,0.6847024077274683
CAND_01737,5.6,40.0,Bacharelado,Região Metropolitana,Presencial,Masculino,Branca,0.4588021431479778
CAND_01738,6.6,77.0,Bacharelado,Capitais,Híbrido,Masculino,Branca,0.8586358582713293
CAND_01739,4.6,42.0,Bacharelado,Capitais,Remoto,Feminino,Parda,0.3410753994196625
CAND_01740,4.9,37.0,Doutorado,Capitais,Híbrido,Masculino,Amarela,0.5611304937413556
CAND_01741,7.7,54.0,Bacharelado,Capitais,Remoto,Masculino,Preta,0.6105089609370751
CAND_01742,12.0,61.0,Mestrado,Capitais,Presencial,Feminino,Branca,0.6783752248884797
CAND_01743,0.8,64.0,Bacharelado,Interior,Remoto,Feminino,Branca,0.4416720515770181
CAND_01744,4.7,36.0,Bacharelado,Região Metropolitana,Híbrido,Masculino,Preta,0.16392374149903988
CAND_01745,1.5,57.0,Bacharelado,Capitais,Presencial,Masculino,Parda,0.7623828830521387
CAND_01746,9.8,40.0,Mestrado,Região Metropolitana,Presencial,Feminino,Preta,0.4298494052347915
CAND_01747,3.2,28.0,Bacharelado,Capitais,Presencial,Não-binário,Branca,0.23734103640895388
CAND_01748,0.7,36.0,Mestrado,Capitais,Remoto,Masculino,Preta,0.2701774587884941
CAND_01749,6.9,39.0,Bacharelado,Capitais,Híbrido,Masculino,Preta,0.2945044046910784
CAND_01750,10.2,58.0,Bacharelado,Região Metropolitana,Remoto,Masculino,Branca,0.8781378792120641
CAND_01751,7.0,67.0,Mestrado,Região Metropolitana,Híbrido,Feminino,Branca,0.5749589187317804
CAND_01752,5.6,28.0,Mestrado,Capitais,Remoto,Masculino,Parda,0.5836230099941195
CAND_01753,6.2,55.0,Bacharelado,Capitais,Híbrido,Feminino,Branca,0.431718503726141
CAND_01754,9.2,32.0,Bacharelado,Capitais,Presencial,Masculino,Parda,0.8431973894435427
CAND_01755,2.4,59.0,Ensino Médio,Capitais,Presencial,Masculino,Branca,0.5367239070350127
CAND_01756,4.7,41.0,Bacharelado,Capitais,Remoto,Feminino,Branca,0.46041661387252364
CAND_01757,3.6,34.0,Bacharelado,Capitais,Híbrido,Masculino,Branca,0.6295969709725694
CAND_01758,1.5,62.0,Ensino Médio,Região Metropolitana,Presencial,Feminino,Branca,0.33813288171576944
CAND_01759,4.0,41.0,Bacharelado,Região Metropolitana,Presencial,Masculino,Branca,0.5339109284374913
CAND_01760,8.3,45.0,Bacharelado,Capitais,Presencial,Masculino,Amarela,0.5090738555626539
CAND_01761,6.7,17.0,Doutorado,Capitais,Remoto,Masculino,Preta,0.5085333332752996
CAND_01762,6.9,64.0,Bacharelado,Região Metropolitana,Híbrido,Masculino,Indígena,0.5592942844988128
CAND_01763,5.4,62.0,Bacharelado,Região Metropolitana,Híbrido,Masculino,Branca,0.868554568729953
CAND_01764,6.6,50.0,Doutorado,Capitais,Remoto,Feminino,Branca,0.5542961314196404
CAND_01765,2.6,27.0,Bacharelado,Capitais,Híbrido,Masculino,Branca,0.6354106752670343
CAND_01766,4.1,68.0,Bacharelado,Região Metropolitana,Remoto,Feminino,Branca,0.328360128816544
CAND_01767,5.6,40.0,Bacharelado,Região Metropolitana,Híbrido,Masculino,Branca,0.5443074965164012
CAND_01768,5.8,43.0,Ensino Médio,Capitais,Remoto,Masculino,Preta,0.3063707833920786
CAND_01769,6.0,85.0,Mestrado,Capitais,Presencial,Masculino,Branca,0.799608646683634
CAND_01770,4.6,39.0,Ensino Médio,Capitais,Remoto,Feminino,Branca,0.42634725072556046
CAND_01771,3.9,61.0,Bacharelado,Capitais,Híbrido,Masculino,Branca,0.7109812806407854
CAND_01772,14.5,58.0,Bacharelado,Região Metropolitana,Presencial,Masculino,Branca,0.6441172282147096
CAND_01773,7.7,56.0,Mestrado,Capitais,Híbrido,Masculino,Parda,0.9775535439252513
CAND_01774,6.2,54.0,Bacharelado,Região Metropolitana,Híbrido,Masculino,Parda,0.6576016194343763
CAND_01775,4.3,56.0,Bacharelado,Capitais,Presencial,Masculino,Branca,0.7101177354515746
CAND_01776,3.6,54.0,Bacharelado,Capitais,Híbrido,Masculino,Parda,0.7690118848596987
CAND_01777,4.6,49.0,Bacharelado,Região Metropolitana,Remoto,Masculino,Branca,0.7368860889391502
CAND_01778,5.9,73.0,Bacharelado,Região Metropolitana,Híbrido,Masculino,Branca,0.7301826706101502
CAND_01779,0.0,30.0,Bacharelado,Interior,Híbrido,Feminino,Branca,0.0
CAND_01780,0.3,65.0,Bacharelado,Capitais,Presencial,Feminino,Preta,0.27243856452854653
CAND_01781,3.1,62.0,Bacharelado,Capitais,Presencial,Feminino,Branca,0.41371538252513473
CAND_01782,5.6,60.0,Bacharelado,Interior,Híbrido,Masculino,Branca,0.7259264458589424
CAND_01783,4.3,67.0,Bacharelado,Região Metropolitana,Remoto,Masculino,Branca,0.6263836337402306
CAND_01784,9.4,49.0,Mestrado,Interior,Remoto,Feminino,Branca,0.4388133104810027
CAND_01785,0.6,22.0,Bacharelado,Capitais,Híbrido,Masculino,Preta,0.11568189053606606
CAND_01786,2.7,49.0,Bacharelado,Capitais,Híbrido,Masculino,Amarela,0.32377046389971664
CAND_01787,9.6,35.0,Bacharelado,Capitais,Híbrido,Feminino,Preta,0.2710924619301094
CAND_01788,5.4,39.0,Bacharelado,Região Metropolitana,Híbrido,Não-binário,Indígena,0.19377404715070667
CAND_01789,7.7,31.0,Bacharelado,Região Metropolitana,Híbrido,Feminino,Parda,0.3304117386479152
CAND_01790,11.2,43.0,Mestrado,Capitais,Remoto,Não-binário,Branca,0.8013011624008881
CAND_01791,2.9,41.0,Bacharelado,Capitais,Presencial,Feminino,Branca,0.4823646366119908
CAND_01792,4.7,14.0,Doutorado,Capitais,Remoto,Feminino,Branca,0.4510243322926253
CAND_01793,4.2,61.0,Doutorado,Capitais,Presencial,Masculino,Branca,0.5522674249730268
CAND_01794,0.0,83.0,Bacharelado,Capitais,Híbrido,Não-binário,Branca,0.5645768228694317
CAND_01795,4.1,59.0,Mestrado,Região Metropolitana,Remoto,Feminino,Preta,0.5674536298114115
CAND_01796,7.6,47.0,Bacharelado,Capitais,Híbrido,Masculino,Branca,0.7212049744477956
CAND_01797,6.6,49.0,Bacharelado,Capitais,Presencial,Masculino,Preta,0.3969487476867818
CAND_01798,6.9,44.0,Ensino Médio,Capitais,Presencial,Masculino,Branca,0.6803324654741102
CAND_01799,3.9,51.0,Bacharelado,Região Metropolitana,Híbrido,Não-binário,Branca,0.2388591267347788
CAND_01800,3.0,49.0,Mestrado,Capitais,Presencial,Masculino,Branca,0.7522060544266622
CAND_01801,8.8,37.0,Mestrado,Interior,Híbrido,Masculino,Branca,0.7740218963937244
CAND_01802,3.5,75.0,Mestrado,Região Metropolitana,Híbrido,Masculino,Branca,0.7029068899465637
CAND_01803,5.9,28.0,Bacharelado,Capitais,Remoto,Não-binário,Branca,0.31613592172340627
CAND_01804,5.5,61.0,Bacharelado,Capitais,Presencial,Feminino,Branca,0.546030417126966
CAND_01805,9.4,48.0,Bacharelado,Interior,Híbrido,Masculino,Branca,0.5798780768102262
CAND_01806,7.9,79.0,Bacharelado,Capitais,Híbrido,Masculino,Preta,0.4727682792124208
CAND_01807,1.1,55.0,Bacharelado,Capitais,Híbrido,Masculino,Branca,0.6034762307415449
CAND_01808,1.4,45.0,Bacharelado,Interior,Presencial,Masculino,Parda,0.3492990780691966
CAND_01809,6.7,46.0,Bacharelado,Região Metropolitana,Híbrido,Masculino,Branca,0.8046554863334275
CAND_01810,4.8,51.0,Bacharelado,Capitais,Híbrido,Masculino,Branca,0.8155374718786679
CAND_01811,3.6,33.0,Bacharelado,Capitais,Presencial,Masculino,Amarela,0.5437312975246931
CAND_01812,8.0,38.0,Ensino Médio,Região Metropolitana,Remoto,Masculino,Parda,0.642172500169671
CAND_01813,5.6,23.0,Mestrado,Capitais,Remoto,Masculino,Parda,0.6245782911481077
CAND_01814,5.2,36.0,Ensino Médio,Capitais,Presencial,Feminino,Branca,0.31055919725556297
CAND_01815,7.3,51.0,Ensino Médio,Capitais,Híbrido,Masculino,Branca,0.8326115627652131
CAND_01816,3.9,55.0,Mestrado,Capitais,Híbrido,Masculino,Preta,0.5327789436744238
CAND_01817,9.7,20.0,Doutorado,Interior,Presencial,Masculino,Branca,0.4991969652264948
CAND_01818,2.6,48.0,Mestrado,Região Metropolitana,Híbrido,Masculino,Amarela,0.3526131807812088
CAND_01819,7.0,58.0,Ensino Médio,Região Metropolitana,Remoto,Masculino,Branca,0.545625481793645
CAND_01820,9.3,48.0,Bacharelado,Interior,Híbrido,Masculino,Branca,0.4227971039383412
CAND_01821,0.9,40.0,Doutorado,Capitais,Remoto,Feminino,Branca,0.516852218494913
CAND_01822,4.0,44.0,Mestrado,Capitais,Híbrido,Masculino,Parda,0.5322124628167453
CAND_01823,8.4,42.0,Bacharelado,Capitais,Presencial,Masculino,Branca,0.660405471916925
CAND_01824,8.5,40.0,Bacharelado,Capitais,Presencial,Feminino,Amarela,0.33388396286477684
CAND_01825,4.5,53.0,Ensino Médio,Capitais,Remoto,Masculino,Branca,0.6332107076112747
CAND_01826,2.8,85.0,Ensino Médio,Capitais,Híbrido,Feminino,Parda,0.42465581586718293
CAND_01827,7.9,39.0,Bacharelado,Capitais,Presencial,Masculino,Branca,0.8658929013061759
CAND_01828,8.6,45.0,Ensino Médio,Capitais,Híbrido,Masculino,Parda,0.4993345508247652
CAND_01829,1.5,49.0,Doutorado,Capitais,Remoto,Masculino,Branca,0.5776633851649593
CAND_01830,1.4,40.0,Bacharelado,Capitais,Remoto,Masculino,Parda,0.5837843907588537
CAND_01831,5.7,66.0,Mestrado,Capitais,Presencial,Feminino,Branca,0.5653867035649368
CAND_01832,6.9,14.0,Bacharelado,Capitais,Presencial,Masculino,Branca,0.5274752223531481
CAND_01833,4.1,42.0,Bacharelado,Capitais,Remoto,Masculino,Branca,0.5420963968854039
CAND_01834,7.0,62.0,Ensino Médio,Interior,Remoto,Feminino,Preta,0.17182011864769678
CAND_01835,2.9,46.0,Mestrado,Interior,Híbrido,Masculino,Branca,0.564563187461313
CAND_01836,0.0,38.0,Bacharelado,Capitais,Remoto,Feminino,Branca,0.36391231086734477
CAND_01837,3.7,57.0,Ensino Médio,Interior,Presencial,Masculino,Branca,0.44370430786789933
CAND_01838,5.2,64.0,Mestrado,Interior,Presencial,Feminino,Branca,0.38489703965886957
CAND_01839,4.2,53.0,Bacharelado,Capitais,Presencial,Feminino,Preta,0.22969061614281502
CAND_01840,1.5,38.0,Mestrado,Capitais,Presencial,Masculino,Branca,0.7286539809236512
CAND_01841,0.0,57.0,Mestrado,Interior,Remoto,Masculino,Branca,0.6848159398136567
CAND_01842,3.5,44.0,Mestrado,Região Metropolitana,Híbrido,Masculino,Branca,0.7571355313029832
CAND_01843,7.7,61.0,Ensino Médio,Capitais,Presencial,Masculino,Branca,0.7985737341895967
CAND_01844,8.8,72.0,Bacharelado,Região Metropolitana,Remoto,Masculino,Branca,0.9122176172838534
CAND_01845,8.6,11.0,Doutorado,Capitais,Remoto,Não-binário,Branca,0.34780641301127546
CAND_01846,2.6,52.0,Bacharelado,Capitais,Presencial,Masculino,Branca,0.5886229725414239
CAND_01847,1.5,24.0,Bacharelado,Capitais,Híbrido,Masculino,Branca,0.5784398505700865
CAND_01848,6.5,87.0,Mestrado,Capitais,Remoto,Masculino,Parda,0.8661839132951569
CAND_01849,6.9,43.0,Bacharelado,Capitais,Remoto,Masculino,Branca,0.7437506379486347
CAND_01850,6.2,61.0,Mestrado,Região Metropolitana,Remoto,Masculino,Amarela,0.665946519102391
CAND_01851,0.0,49.0,Mestrado,Capitais,Presencial,Masculino,Branca,0.7284028284430826
CAND_01852,2.4,38.0,Mestrado,Capitais,Híbrido,Masculino,Preta,0.2909036489933803
CAND_01853,4.9,36.0,Bacharelado,Capitais,Remoto,Masculino,Branca,0.6431844306098542
CAND_01854,6.5,74.0,Bacharelado,Capitais,Remoto,Feminino,Branca,0.5339177418138614
CAND_01855,7.3,64.0,Bacharelado,Interior,Presencial,Feminino,Preta,0.12426819613599169
CAND_01856,5.4,79.0,Bacharelado,Capitais,Presencial,Masculino,Parda,0.6029130994913381
CAND_01857,6.0,51.0,Bacharelado,Capitais,Remoto,Feminino,Branca,0.5373600442354549
CAND_01858,5.3,54.0,Bacharelado,Capitais,Híbrido,Masculino,Branca,0.5435225430867969
CAND_01859,7.1,46.0,Bacharelado,Capitais,Híbrido,Feminino,Branca,0.5654133238852178
CAND_01860,5.9,46.0,Bacharelado,Capitais,Híbrido,Masculino,Amarela,0.6378447610982773
CAND_01861,5.2,34.0,Mestrado,Capitais,Híbrido,Feminino,Parda,0.4930336118980514
CAND_01862,4.2,51.0,Bacharelado,Capitais,Híbrido,Feminino,Branca,0.49318883578357603
CAND_01863,5.2,38.0,Bacharelado,Capitais,Híbrido,Feminino,Parda,0.5594448125403096
CAND_01864,6.5,57.0,Bacharelado,Interior,Presencial,Feminino,Branca,0.44074456973695614
CAND_01865,5.8,53.0,Mestrado,Capitais,Remoto,Masculino,Preta,0.4417256680713131
CAND_01866,6.1,54.0,Bacharelado,Capitais,Remoto,Masculino,Branca,0.7505106451731154
CAND_01867,9.0,75.0,Bacharelado,Região Metropolitana,Remoto,Feminino,Branca,0.8259691500594151
CAND_01868,5.8,49.0,Bacharelado,Região Metropolitana,Remoto,Masculino,Branca,0.5527361165357682
CAND_01869,3.1,61.0,Bacharelado,Capitais,Híbrido,Masculino,Indígena,0.4179876120265271
CAND_01870,7.7,81.0,Mestrado,Interior,Presencial,Masculino,Parda,0.7894908647341541
CAND_01871,0.9,70.0,Mestrado,Região Metropolitana,Presencial,Feminino,Parda,0.4255946832036913
CAND_01872,1.8,67.0,Bacharelado,Capitais,Presencial,Masculino,Branca,0.6507998124500147
CAND_01873,6.0,45.0,Mestrado,Capitais,Híbrido,Feminino,Branca,0.4240820579798161
CAND_01874,6.5,53.0,Mestrado,Capitais,Híbrido,Feminino,Branca,0.39698877620132567
CAND_01875,1.3,30.0,Doutorado,Capitais,Remoto,Masculino,Parda,0.450356996116858
CAND_01876,3.9,57.0,Bacharelado,Capitais,Híbrido,Masculino,Amarela,0.667492552532736
CAND_01877,3.2,54.0,Bacharelado,Capitais,Híbrido,Não-binário,Branca,0.4291125756855523
CAND_01878,3.5,50.0,Bacharelado,Região Metropolitana,Híbrido,Feminino,Preta,0.0
CAND_01879,7.8,65.0,Ensino Médio,Capitais,Presencial,Masculino,Preta,0.6344085938318764
CAND_01880,7.1,32.0,Bacharelado,Capitais,Remoto,Masculino,Branca,0.7934833967013974
CAND_01881,4.9,75.0,Mestrado,Capitais,Híbrido,Masculino,Branca,0.9709233955682837
CAND_01882,3.4,64.0,Mestrado,Região Metropolitana,Presencial,Masculino,Branca,0.6817468690516
CAND_01883,1.0,49.0,Mestrado,Região Metropolitana,Remoto,Masculino,Preta,0.33911893882574284
CAND_01884,9.3,48.0,Ensino Médio,Capitais,Híbrido,Feminino,Amarela,0.3417627863708084
CAND_01885,6.8,57.0,Bacharelado,Capitais,Híbrido,Não-binário,Amarela,0.4541046507994684
CAND_01886,2.9,73.0,Bacharelado,Capitais,Híbrido,Feminino,Preta,0.2445098980911366
CAND_01887,7.2,52.0,Bacharelado,Região Metropolitana,Remoto,Masculino,Branca,0.6265586755419286
CAND_01888,4.8,52.0,Mestrado,Capitais,Presencial,Masculino,Preta,0.5735676868357159
CAND_01889,4.1,50.0,Bacharelado,Capitais,Remoto,Masculino,Amarela,0.6029254733849662
CAND_01890,6.3,77.0,Mestrado,Capitais,Remoto,Feminino,Preta,0.4287209305783444
CAND_01891,2.8,44.0,Ensino Médio,Região Metropolitana,Híbrido,Masculino,Branca,0.599043990780194
CAND_01892,4.0,50.0,Bacharelado,Capitais,Híbrido,Feminino,Amarela,0.29124467640740337
CAND_01893,5.4,72.0,Bacharelado,Interior,Remoto,Feminino,Parda,0.37087553938954787
CAND_01894,3.5,52.0,Bacharelado,Capitais,Híbrido,Feminino,Amarela,0.19507218015141486
CAND_01895,7.0,67.0,Bacharelado,Capitais,Remoto,Masculino,Amarela,0.49261400985530523
CAND_01896,10.6,36.0,Ensino Médio,Capitais,Híbrido,Feminino,Branca,0.44452339382294864
CAND_01897,2.7,47.0,Bacharelado,Região Metropolitana,Híbrido,Masculino,Amarela,0.2943940814131477
CAND_01898,0.0,72.0,Doutorado,Região Metropolitana,Híbrido,Feminino,Branca,0.5663482533059431
CAND_01899,0.0,40.0,Mestrado,Região Metropolitana,Híbrido,Masculino,Branca,0.6817545767416788
CAND_01900,4.5,48.0,Doutorado,Região Metropolitana,Presencial,Masculino,Preta,0.5024009351370899
CAND_01901,3.0,54.0,Mestrado,Região Metropolitana,Remoto,Masculino,Branca,0.583929666031333
CAND_01902,5.6,35.0,Mestrado,Interior,Híbrido,Masculino,Branca,0.637537708102596
CAND_01903,5.4,44.0,Bacharelado,Capitais,Remoto,Não-binário,Indígena,0.3136881496099709
CAND_01904,0.2,52.0,Bacharelado,Região Metropolitana,Presencial,Masculino,Branca,0.6114826020711781
CAND_01905,0.0,51.0,Bacharelado,Interior,Híbrido,Feminino,Amarela,0.002063228891763677
CAND_01906,5.9,69.0,Mestrado,Capitais,Remoto,Masculino,Branca,0.9573376572318494
CAND_01907,5.4,73.0,Bacharelado,Região Metropolitana,Remoto,Masculino,Branca,0.8628265698178955
CAND_01908,3.7,37.0,Ensino Médio,Capitais,Remoto,Masculino,Branca,0.5535932855341561
CAND_01909,0.0,52.0,Mestrado,Capitais,Remoto,Masculino,Preta,0.47984518466029247
CAND_01910,6.4,60.0,Ensino Médio,Capitais,Presencial,Feminino,Branca,0.6281489152071669
CAND_01911,8.8,73.0,Doutorado,Capitais,Remoto,Masculino,Indígena,0.7714627773911479
CAND_01912,5.8,61.0,Mestrado,Capitais,Presencial,Feminino,Preta,0.35187613523651956
CAND_01913,2.5,54.0,Bacharelado,Região Metropolitana,Presencial,Masculino,Parda,0.5739791357202407
CAND_01914,5.1,60.0,Bacharelado,Capitais,Presencial,Masculino,Branca,0.6322179841754202
CAND_01915,0.9,60.0,Mestrado,Capitais,Remoto,Masculino,Branca,0.7521662511554407
CAND_01916,8.2,36.0,Bacharelado,Região Metropolitana,Presencial,Feminino,Amarela,0.36025228155994066
CAND_01917,5.2,53.0,Mestrado,Capitais,Presencial,Feminino,Branca,0.5516113983782153
CAND_01918,0.0,72.0,Mestrado,Capitais,Presencial,Masculino,Branca,0.7719850054352267
CAND_01919,4.1,47.0,Bacharelado,Capitais,Híbrido,Masculino,Branca,0.8098580795918177
CAND_01920,6.4,52.0,Ensino Médio,Capitais,Remoto,Feminino,Amarela,0.24548481251970522
CAND_01921,4.0,46.0,Bacharelado,Capitais,Híbrido,Feminino,Branca,0.5000264997627004
CAND_01922,4.2,15.0,Bacharelado,Região Metropolitana,Híbrido,Masculino,Branca,0.43701877983303267
CAND_01923,1.3,50.0,Ensino Médio,Capitais,Presencial,Feminino,Preta,0.06628937009305857
CAND_01924,6.7,55.0,Mestrado,Capitais,Presencial,Masculino,Amarela,0.6381893261472789
CAND_01925,3.1,42.0,Bacharelado,Interior,Presencial,Masculino,Branca,0.5041369567313287
CAND_01926,0.0,33.0,Mestrado,Região Metropolitana,Híbrido,Não-binário,Branca,0.33750698395276985
CAND_01927,3.9,37.0,Bacharelado,Capitais,Híbrido,Feminino,Branca,0.4336158749624449
CAND_01928,7.9,61.0,Bacharelado,Capitais,Presencial,Feminino,Branca,0.6485142817299155
CAND_01929,3.8,80.0,Bacharelado,Região Metropolitana,Remoto,Masculino,Branca,0.9125518972071369
CAND_01930,10.2,71.0,Mestrado,Região Metropolitana,Remoto,Masculino,Branca,0.9939910405305576
CAND_01931,6.3,30.0,Bacharelado,Região Metropolitana,Presencial,Feminino,Branca,0.42983816987444884
CAND_01932,6.0,63.0,Bacharelado,Capitais,Presencial,Feminino,Branca,0.6224906998336671
CAND_01933,4.6,40.0,Mestrado,Capitais,Remoto,Feminino,Branca,0.47210979864957975
CAND_01934,4.8,41.0,Bacharelado,Capitais,Presencial,Masculino,Amarela,0.4440810908862071
CAND_01935,4.2,43.0,Ensino Médio,Região Metropolitana,Híbrido,Masculino,Branca,0.6052460930671466
CAND_01936,4.1,61.0,Bacharelado,Região Metropolitana,Híbrido,Masculino,Branca,0.6847650224715859
CAND_01937,6.6,64.0,Mestrado,Capitais,Remoto,Masculino,Branca,0.917301867623152
CAND_01938,2.2,49.0,Ensino Médio,Capitais,Híbrido,Masculino,Branca,0.7167073003446026
CAND_01939,1.8,49.0,Bacharelado,Interior,Presencial,Masculino,Preta,0.22182340390062358
CAND_01940,1.6,57.0,Bacharelado,Capitais,Presencial,Feminino,Parda,0.20907834608829964
CAND_01941,11.1,59.0,Mestrado,Capitais,Presencial,Feminino,Branca,0.9114188925790612
CAND_01942,6.6,68.0,Bacharelado,Região Metropolitana,Híbrido,Feminino,Amarela,0.28875055669287486
CAND_01943,5.9,31.0,Bacharelado,Capitais,Híbrido,Feminino,Parda,0.411516170309868
CAND_01944,1.8,50.0,Bacharelado,Capitais,Remoto,Masculino,Branca,0.7087492286726974
CAND_01945,6.9,34.0,Bacharelado,Capitais,Híbrido,Feminino,Branca,0.6148973538843083
CAND_01946,4.7,49.0,Mestrado,Capitais,Híbrido,Feminino,Preta,0.4706034208570127
CAND_01947,5.6,47.0,Bacharelado,Capitais,Híbrido,Não-binário,Indígena,0.26361268622325396
CAND_01948,2.1,49.0,Mestrado,Interior,Presencial,Masculino,Branca,0.6569689766942928
CAND_01949,5.5,38.0,Mestrado,Capitais,Remoto,Masculino,Branca,0.7317979913374865
CAND_01950,3.7,28.0,Mestrado,Região Metropolitana,Presencial,Feminino,Amarela,0.4603203670212376
CAND_01951,2.7,19.0,Bacharelado,Capitais,Presencial,Feminino,Branca,0.440044472426004
CAND_01952,7.2,48.0,Doutorado,Capitais,Presencial,Feminino,Preta,0.3682525911587684
CAND_01953,0.4,44.0,Bacharelado,Região Metropolitana,Híbrido,Feminino,Branca,0.25469271828051043
CAND_01954,6.7,40.0,Mestrado,Capitais,Remoto,Masculino,Branca,0.4813410275486048
CAND_01955,7.1,70.0,Bacharelado,Capitais,Presencial,Feminino,Branca,0.6894675929880139
CAND_01956,2.4,37.0,Mestrado,Capitais,Híbrido,Feminino,Preta,0.29684487579907537
CAND_01957,2.5,71.0,Bacharelado,Capitais,Presencial,Feminino,Branca,0.6085460444399958
CAND_01958,4.3,74.0,Mestrado,Capitais,Remoto,Feminino,Parda,0.3466585552630791
CAND_01959,5.8,21.0,Mestrado,Região Metropolitana,Híbrido,Masculino,Branca,0.47419890103105344
CAND_01960,4.5,51.0,Mestrado,Capitais,Híbrido,Feminino,Branca,0.5920823477896787
CAND_01961,6.3,44.0,Mestrado,Interior,Híbrido,Masculino,Branca,0.780552373548079
CAND_01962,10.3,6.0,Ensino Médio,Capitais,Remoto,Não-binário,Parda,0.2744446197277297
CAND_01963,3.5,28.0,Bacharelado,Capitais,Híbrido,Feminino,Parda,0.44115182565916833
CAND_01964,0.0,62.0,Doutorado,Capitais,Híbrido,Feminino,Branca,0.4445593176561503
CAND_01965,7.5,80.0,Bacharelado,Capitais,Híbrido,Não-binário,Branca,0.6407128032652325
CAND_01966,10.0,64.0,Bacharelado,Capitais,Híbrido,Masculino,Amarela,0.6285339869043496
CAND_01967,6.2,55.0,Bacharelado,Região Metropolitana,Presencial,Masculino,Branca,0.8127589473830906
CAND_01968,1.7,50.0,Ensino Médio,Capitais,Híbrido,Feminino,Branca,0.3300163669063617
CAND_01969,4.6,75.0,Bacharelado,Capitais,Presencial,Masculino,Branca,0.959701268386494
CAND_01970,1.6,82.0,Bacharelado,Interior,Híbrido,Masculino,Indígena,0.4292287516380012
CAND_01971,6.9,41.0,Bacharelado,Capitais,Híbrido,Feminino,Amarela,0.19501370038478336
CAND_01972,0.9,20.0,Bacharelado,Capitais,Presencial,Masculino,Branca,0.3943692682262082
CAND_01973,4.1,19.0,Bacharelado,Capitais,Híbrido,Masculino,Branca,0.4957572867652142
CAND_01974,2.0,70.0,Bacharelado,Capitais,Remoto,Masculino,Amarela,0.5570567327922716
CAND_01975,5.4,49.0,Bacharelado,Capitais,Híbrido,Masculino,Branca,0.6430020024958878
CAND_01976,3.9,53.0,Bacharelado,Capitais,Presencial,Masculino,Branca,0.6079522624349029
CAND_01977,5.5,23.0,Mestrado,Capitais,Remoto,Masculino,Branca,0.7409808051534407
CAND_01978,5.1,39.0,Bacharelado,Região Metropolitana,Híbrido,Feminino,Branca,0.08687813895615343
CAND_01979,2.0,46.0,Mestrado,Região Metropolitana,Presencial,Masculino,Parda,0.531011836356435
CAND_01980,6.9,53.0,Mestrado,Região Metropolitana,Híbrido,Masculino,Branca,0.6165761852264857
CAND_01981,4.9,44.0,Ensino Médio,Capitais,Híbrido,Masculino,Branca,0.5371445561656178
CAND_01982,2.0,34.0,Ensino Médio,Capitais,Híbrido,Feminino,Branca,0.3503749923589086
CAND_01983,11.7,38.0,Bacharelado,Capitais,Híbrido,Masculino,Parda,0.7154767354964955
CAND_01984,6.4,68.0,Bacharelado,Capitais,Híbrido,Masculino,Parda,0.7204434035529567
CAND_01985,4.5,54.0,Bacharelado,Capitais,Remoto,Feminino,Branca,0.6249508878964266
CAND_01986,9.2,59.0,Bacharelado,Capitais,Híbrido,Masculino,Amarela,0.618638184025358
CAND_01987,10.5,37.0,Bacharelado,Capitais,Remoto,Masculino,Branca,0.9386056873606912
CAND_01988,4.6,6.0,Ensino Médio,Região Metropolitana,Remoto,Feminino,Parda,0.2372191778000765
CAND_01989,6.0,42.0,Doutorado,Capitais,Híbrido,Masculino,Branca,0.6913290278467692
CAND_01990,2.0,37.0,Bacharelado,Interior,Remoto,Masculino,Branca,0.6314091970284854
CAND_01991,4.6,55.0,Mestrado,Região Metropolitana,Presencial,Masculino,Branca,0.7398105344491012
CAND_01992,4.4,99.0,Bacharelado,Capitais,Presencial,Feminino,Branca,0.871174785923988
CAND_01993,5.6,60.0,Bacharelado,Capitais,Remoto,Feminino,Amarela,0.3253904456967241
CAND_01994,6.0,91.0,Bacharelado,Capitais,Presencial,Masculino,Parda,0.8612231747407928
CAND_01995,6.7,59.0,Doutorado,Região Metropolitana,Presencial,Masculino,Preta,0.6132114165325074
CAND_01996,5.7,41.0,Ensino Médio,Capitais,Híbrido,Masculino,Branca,0.611188622578228
CAND_01997,1.4,55.0,Bacharelado,Capitais,Híbrido,Feminino,Indígena,0.4251919995586886
CAND_01998,2.2,77.0,Mestrado,Capitais,Híbrido,Masculino,Branca,0.9952582008504309
CAND_01999,3.4,77.0,Bacharelado,Capitais,Presencial,Masculino,Preta,0.29665737213834986
CAND_02000,4.2,41.0,Bacharelado,Interior,Presencial,Feminino,Parda,0.3294818374991511
CAND_02001,8.2,54.0,Doutorado,Capitais,Híbrido,Masculino,Branca,0.7905496190148815
CAND_02002,1.5,29.0,Mestrado,Capitais,Híbrido,Masculino,Preta,0.08671915461302254
CAND_02003,3.9,62.0,Bacharelado,Capitais,Híbrido,Feminino,Branca,0.5777018256464193
CAND_02004,7.9,73.0,Bacharelado,Região Metropolitana,Híbrido,Feminino,Branca,0.6519273497499879
CAND_02005,4.1,51.0,Doutorado,Capitais,Híbrido,Feminino,Preta,0.40401271750618845
CAND_02006,6.4,40.0,Doutorado,Região Metropolitana,Presencial,Feminino,Branca,0.5751027877903525
CAND_02007,4.6,55.0,Bacharelado,Região Metropolitana,Remoto,Masculino,Branca,0.7495025223283677
CAND_02008,5.8,56.0,Mestrado,Região Metropolitana,Presencial,Masculino,Branca,0.6796951198655755
CAND_02009,4.3,51.0,Bacharelado,Capitais,Presencial,Masculino,Branca,0.716333438915492
CAND_02010,7.0,53.0,Bacharelado,Capitais,Remoto,Masculino,Branca,0.821816626842857
CAND_02011,0.4,47.0,Bacharelado,Capitais,Presencial,Masculino,Parda,0.6812956122559377
CAND_02012,3.9,65.0,Bacharelado,Capitais,Híbrido,Masculino,Branca,0.7423845472752134
CAND_02013,5.9,61.0,Bacharelado,Capitais,Híbrido,Masculino,Parda,0.690620443470249
CAND_02014,6.6,35.0,Bacharelado,Capitais,Híbrido,Masculino,Preta,0.4164761105482334
CAND_02015,9.5,35.0,Bacharelado,Capitais,Híbrido,Masculino,Branca,0.6106406894553911
CAND_02016,3.8,46.0,Bacharelado,Região Metropolitana,Remoto,Masculino,Amarela,0.48696242857212924
CAND_02017,9.4,61.0,Bacharelado,Capitais,Híbrido,Feminino,Branca,0.48626830932016285
CAND_02018,3.0,52.0,Doutorado,Capitais,Híbrido,Masculino,Branca,0.8070964103037362
CAND_02019,9.0,40.0,Mestrado,Região Metropolitana,Remoto,Masculino,Branca,0.7484574222259455
CAND_02020,7.5,54.0,Bacharelado,Capitais,Híbrido,Não-binário,Branca,0.3609027434582774
CAND_02021,2.3,45.0,Mestrado,Região Metropolitana,Híbrido,Feminino,Indígena,0.12660538982682043
CAND_02022,5.9,63.0,Bacharelado,Capitais,Híbrido,Masculino,Branca,0.6846308527020237
CAND_02023,4.8,55.0,Bacharelado,Interior,Híbrido,Masculino,Parda,0.48160580225047317
CAND_02024,6.9,45.0,Doutorado,Região Metropolitana,Remoto,Feminino,Preta,0.4660479281651415
CAND_02025,4.3,53.0,Bacharelado,Capitais,Presencial,Masculino,Branca,0.6869264833671201
CAND_02026,4.1,70.0,Bacharelado,Região Metropolitana,Remoto,Masculino,Amarela,0.5666486935671916
CAND_02027,9.1,41.0,Bacharelado,Capitais,Híbrido,Feminino,Indígena,0.5226605377278106
CAND_02028,4.7,56.0,Bacharelado,Capitais,Remoto,Masculino,Amarela,0.6253167291152599
CAND_02029,7.5,49.0,Bacharelado,Região Metropolitana,Presencial,Masculino,Branca,0.6952940287129352
CAND_02030,4.3,56.0,Doutorado,Região Metropolitana,Remoto,Masculino,Branca,0.6894474724453281
CAND_02031,10.0,40.0,Bacharelado,Capitais,Presencial,Masculino,Branca,0.8098854559694353
CAND_02032,3.0,52.0,Mestrado,Capitais,Remoto,Feminino,Preta,0.199442818146318
CAND_02033,3.2,67.0,Mestrado,Região Metropolitana,Híbrido,Masculino,Branca,0.9134804652522481
CAND_02034,9.6,36.0,Bacharelado,Capitais,Híbrido,Masculino,Preta,0.5727798499435239
CAND_02035,3.7,30.0,Bacharelado,Região Metropolitana,Híbrido,Feminino,Parda,0.31486963040836724
CAND_02036,9.8,31.0,Bacharelado,Região Metropolitana,Presencial,Masculino,Branca,0.7212671766061887
CAND_02037,7.7,32.0,Bacharelado,Capitais,Híbrido,Masculino,Branca,0.6998286489513598
CAND_02038,4.5,59.0,Ensino Médio,Capitais,Presencial,Masculino,Indígena,0.4891670370086377
CAND_02039,0.0,29.0,Doutorado,Capitais,Híbrido,Masculino,Branca,0.6658609928239584
CAND_02040,4.9,46.0,Mestrado,Região Metropolitana,Remoto,Feminino,Branca,0.4577108099682813
CAND_02041,5.3,59.0,Bacharelado,Região Metropolitana,Presencial,Masculino,Branca,0.8856688432437556
CAND_02042,8.5,56.0,Bacharelado,Capitais,Híbrido,Masculino,Branca,0.7247296599731505
CAND_02043,9.8,44.0,Ensino Médio,Capitais,Híbrido,Não-binário,Branca,0.5228797425263242
CAND_02044,2.9,53.0,Bacharelado,Região Metropolitana,Presencial,Masculino,Branca,0.5417273506965824
CAND_02045,7.4,52.0,Mestrado,Capitais,Remoto,Masculino,Branca,0.7266835866466622
CAND_02046,7.3,47.0,Mestrado,Região Metropolitana,Híbrido,Masculino,Branca,0.5553910135817505
CAND_02047,8.2,47.0,Bacharelado,Capitais,Presencial,Masculino,Branca,0.7931475104773099
CAND_02048,6.5,84.0,Bacharelado,Região Metropolitana,Presencial,Masculino,Branca,0.7627534088954742
CAND_02049,0.0,62.0,Bacharelado,Região Metropolitana,Híbrido,Masculino,Amarela,0.5063389518816319
CAND_02050,4.5,87.0,Bacharelado,Capitais,Híbrido,Masculino,Branca,0.8793295392616854
CAND_02051,1.5,43.0,Ensino Médio,Região Metropolitana,Presencial,Masculino,Branca,0.51682246580293
CAND_02052,4.4,49.0,Bacharelado,Capitais,Presencial,Masculino,Amarela,0.3429501226015754
CAND_02053,7.9,30.0,Bacharelado,Capitais,Híbrido,Feminino,Branca,0.5364905304867935
CAND_02054,5.9,38.0,Ensino Médio,Capitais,Híbrido,Feminino,Branca,0.353785384808055
CAND_02055,8.4,79.0,Ensino Médio,Região Metropolitana,Presencial,Masculino,Amarela,0.44071613038486224
CAND_02056,6.0,42.0,Bacharelado,Região Metropolitana,Híbrido,Não-binário,Branca,0.43105134795288186
CAND_02057,1.1,79.0,Bacharelado,Região Metropolitana,Remoto,Feminino,Amarela,0.16217073794758902
CAND_02058,0.0,31.0,Bacharelado,Região Metropolitana,Remoto,Feminino,Parda,0.014887529963097557
CAND_02059,5.4,34.0,Bacharelado,Capitais,Remoto,Masculino,Branca,0.7737134454803174
CAND_02060,4.4,45.0,Bacharelado,Capitais,Remoto,Feminino,Branca,0.41192679971440005
CAND_02061,2.1,49.0,Mestrado,Capitais,Presencial,Feminino,Branca,0.31355119415372096
CAND_02062,0.0,64.0,Bacharelado,Região Metropolitana,Presencial,Masculino,Branca,0.5097408189323593
CAND_02063,2.8,57.0,Bacharelado,Interior,Híbrido,Feminino,Amarela,0.06189484029283217
CAND_02064,4.4,44.0,Doutorado,Capitais,Híbrido,Feminino,Branca,0.6784227290293978
CAND_02065,7.0,48.0,Bacharelado,Região Metropolitana,Remoto,Masculino,Branca,0.5157032239917361
CAND_02066,5.6,45.0,Mestrado,Capitais,Presencial,Masculino,Branca,0.6081093718250675
CAND_02067,9.8,36.0,Bacharelado,Capitais,Híbrido,Masculino,Branca,0.8380402994885734
CAND_02068,1.9,37.0,Ensino Médio,Capitais,Híbrido,Masculino,Branca,0.4910267204421488
CAND_02069,7.6,65.0,Bacharelado,Região Metropolitana,Híbrido,Masculino,Branca,0.7847952738011348
CAND_02070,5.1,23.0,Bacharelado,Capitais,Híbrido,Masculino,Parda,0.49490746699321453
CAND_02071,7.1,74.0,Bacharelado,Região Metropolitana,Presencial,Feminino,Branca,0.7900570156821988
CAND_02072,3.7,45.0,Bacharelado,Capitais,Remoto,Feminino,Branca,0.3250304844079604
CAND_02073,8.2,38.0,Mestrado,Capitais,Híbrido,Masculino,Branca,0.7942115667278242
CAND_02074,5.9,61.0,Bacharelado,Capitais,Híbrido,Masculino,Branca,0.9122956587257416
CAND_02075,3.0,72.0,Bacharelado,Região Metropolitana,Presencial,Masculino,Branca,0.6605013989726733
CAND_02076,5.0,67.0,Bacharelado,Capitais,Híbrido,Feminino,Branca,0.4926225944590812
CAND_02077,4.3,58.0,Mestrado,Região Metropolitana,Presencial,Masculino,Branca,0.7947103030817141
CAND_02078,6.5,66.0,Mestrado,Capitais,Presencial,Feminino,Branca,0.7444064810276378
CAND_02079,1.5,24.0,Mestrado,Capitais,Presencial,Masculino,Branca,0.4960096315008698
CAND_02080,4.9,42.0,Bacharelado,Região Metropolitana,Presencial,Masculino,Parda,0.7122196593905438
CAND_02081,6.2,36.0,Ensino Médio,Capitais,Híbrido,Masculino,Branca,0.6231221092147888
CAND_02082,5.1,68.0,Bacharelado,Região Metropolitana,Híbrido,Masculino,Preta,0.5248761296128267
CAND_02083,9.0,44.0,Bacharelado,Capitais,Remoto,Feminino,Branca,0.7048281190539513
CAND_02084,7.3,63.0,Mestrado,Região Metropolitana,Presencial,Masculino,Amarela,0.67487802257884
CAND_02085,5.0,58.0,Doutorado,Região Metropolitana,Presencial,Masculino,Branca,0.7819750824581826
CAND_02086,5.7,37.0,Bacharelado,Região Metropolitana,Remoto,Feminino,Branca,0.3448407893482406
CAND_02087,5.9,41.0,Bacharelado,Capitais,Presencial,Masculino,Parda,0.902850565068235
CAND_02088,6.2,69.0,Bacharelado,Região Metropolitana,Presencial,Masculino,Parda,0.6210983821946721
CAND_02089,0.0,38.0,Bacharelado,Capitais,Presencial,Feminino,Indígena,0.23381290939802718
CAND_02090,4.1,52.0,Bacharelado,Capitais,Remoto,Masculino,Branca,0.740998938736763
CAND_02091,0.5,38.0,Bacharelado,Capitais,Remoto,Feminino,Branca,0.4177309468618277
CAND_02092,8.8,45.0,Doutorado,Capitais,Híbrido,Feminino,Branca,0.8688016931906503
CAND_02093,4.8,49.0,Bacharelado,Região Metropolitana,Híbrido,Masculino,Preta,0.3967570395088933
CAND_02094,4.4,38.0,Doutorado,Região Metropolitana,Híbrido,Masculino,Indígena,0.5304934064136366
CAND_02095,7.7,36.0,Bacharelado,Capitais,Remoto,Masculino,Branca,0.8532278057607542
CAND_02096,6.3,54.0,Bacharelado,Região Metropolitana,Presencial,Masculino,Preta,0.42841158539333085
CAND_02097,1.6,37.0,Bacharelado,Capitais,Remoto,Feminino,Branca,0.46760243380191013
CAND_02098,4.8,38.0,Bacharelado,Região Metropolitana,Presencial,Masculino,Branca,0.617438983859664
CAND_02099,4.0,36.0,Bacharelado,Região Metropolitana,Híbrido,Masculino,Branca,0.6660974916157161
CAND_02100,0.0,49.0,Ensino Médio,Região Metropolitana,Presencial,Masculino,Branca,0.5685448277086702
CAND_02101,2.9,64.0,Bacharelado,Capitais,Remoto,Masculino,Branca,0.6736887900598219
CAND_02102,4.4,73.0,Doutorado,Região Metropolitana,Híbrido,Feminino,Branca,0.44559873783416304
CAND_02103,4.7,39.0,Bacharelado,Capitais,Híbrido,Feminino,Branca,0.2826091285455822
CAND_02104,0.6,82.0,Mestrado,Região Metropolitana,Híbrido,Feminino,Branca,0.35596214089041855
CAND_02105,8.5,35.0,Bacharelado,Capitais,Híbrido,Feminino,Parda,0.4508803352738749
CAND_02106,4.7,66.0,Bacharelado,Região Metropolitana,Remoto,Masculino,Branca,0.47273744299456977
CAND_02107,5.1,39.0,Bacharelado,Capitais,Presencial,Masculino,Branca,0.6420009679625618
CAND_02108,6.2,37.0,Mestrado,Capitais,Híbrido,Masculino,Branca,0.7353767347070992
CAND_02109,2.6,39.0,Bacharelado,Capitais,Presencial,Não-binário,Amarela,0.24362264445972515
CAND_02110,6.4,49.0,Bacharelado,Região Metropolitana,Híbrido,Masculino,Branca,0.7244379672660188
CAND_02111,3.9,59.0,Bacharelado,Região Metropolitana,Remoto,Não-binário,Indígena,0.3541885068207812
CAND_02112,2.3,60.0,Bacharelado,Interior,Híbrido,Feminino,Branca,0.37739051242353916
CAND_02113,6.7,36.0,Mestrado,Região Metropolitana,Remoto,Feminino,Branca,0.4456458459941586
CAND_02114,9.5,35.0,Bacharelado,Capitais,Híbrido,Masculino,Branca,0.7194017056085923
CAND_02115,7.2,36.0,Bacharelado,Região Metropolitana,Híbrido,Masculino,Branca,0.5528356037735747
CAND_02116,7.8,48.0,Mestrado,Capitais,Híbrido,Masculino,Branca,0.8208086528338958
CAND_02117,3.4,47.0,Bacharelado,Região Metropolitana,Remoto,Masculino,Branca,0.4475804449623464
CAND_02118,0.2,36.0,Bacharelado,Região Metropolitana,Híbrido,Feminino,Branca,0.40460354540063076
CAND_02119,9.5,54.0,Ensino Médio,Capitais,Híbrido,Feminino,Branca,0.4603406113368153
CAND_02120,11.2,84.0,Mestrado,Região Metropolitana,Remoto,Feminino,Preta,0.5253845321677985
CAND_02121,9.6,42.0,Doutorado,Região Metropolitana,Remoto,Masculino,Parda,0.7921478335307588
CAND_02122,4.0,43.0,Bacharelado,Capitais,Híbrido,Masculino,Branca,0.7682722919654378
CAND_02123,1.5,58.0,Mestrado,Capitais,Híbrido,Feminino,Branca,0.34388366418966765
CAND_02124,1.8,42.0,Bacharelado,Capitais,Híbrido,Masculino,Branca,0.5714540797097312
CAND_02125,0.0,60.0,Bacharelado,Interior,Híbrido,Feminino,Branca,0.34498478356799933
CAND_02126,4.7,39.0,Ensino Médio,Capitais,Híbrido,Feminino,Preta,0.32511835130121297
CAND_02127,9.8,77.0,Bacharelado,Capitais,Remoto,Masculino,Preta,0.6501172272765556
CAND_02128,4.6,55.0,Bacharelado,Capitais,Presencial,Feminino,Branca,0.4525654291990519
CAND_02129,5.9,41.0,Mestrado,Capitais,Híbrido,Feminino,Branca,0.7346988756200049
CAND_02130,9.1,41.0,Bacharelado,Região Metropolitana,Remoto,Masculino,Branca,0.7762560671854786
CAND_02131,3.8,42.0,Doutorado,Capitais,Presencial,Masculino,Parda,0.831363327184518
CAND_02132,11.1,71.0,Bacharelado,Interior,Híbrido,Masculino,Branca,0.6350459272300375
CAND_02133,11.0,31.0,Bacharelado,Capitais,Remoto,Masculino,Indígena,0.6461129104119611
CAND_02134,4.6,40.0,Bacharelado,Capitais,Remoto,Feminino,Indígena,0.193667473908696
CAND_02135,3.3,42.0,Bacharelado,Capitais,Híbrido,Masculino,Parda,0.45349559968570835
CAND_02136,7.1,50.0,Mestrado,Interior,Presencial,Feminino,Branca,0.5001880063339628
CAND_02137,4.0,46.0,Ensino Médio,Capitais,Presencial,Masculino,Branca,0.6791847398918349
CAND_02138,1.5,28.0,Doutorado,Capitais,Híbrido,Feminino,Branca,0.39379880818740315
CAND_02139,8.8,44.0,Doutorado,Capitais,Presencial,Não-binário,Indígena,0.5952037228557506
CAND_02140,8.6,49.0,Bacharelado,Capitais,Presencial,Feminino,Branca,0.5310980217660595
CAND_02141,5.5,41.0,Bacharelado,Região Metropolitana,Remoto,Masculino,Preta,0.34700189860958597
CAND_02142,1.2,60.0,Bacharelado,Região Metropolitana,Remoto,Masculino,Indígena,0.46039612250056383
CAND_02143,1.3,64.0,Bacharelado,Capitais,Remoto,Masculino,Parda,0.6077057223347696
CAND_02144,5.3,49.0,Ensino Médio,Capitais,Presencial,Masculino,Branca,0.7797262127350615
CAND_02145,3.5,53.0,Bacharelado,Região Metropolitana,Presencial,Masculino,Branca,0.5278296664515947
CAND_02146,4.0,18.0,Ensino Médio,Capitais,Remoto,Feminino,Branca,0.2265656809236532
CAND_02147,8.1,44.0,Mestrado,Capitais,Remoto,Masculino,Branca,0.668859245312287
CAND_02148,7.2,65.0,Bacharelado,Capitais,Remoto,Masculino,Indígena,0.8423517072995317
CAND_02149,9.1,44.0,Bacharelado,Capitais,Remoto,Masculino,Amarela,0.5255480679660611
CAND_02150,2.0,39.0,Bacharelado,Capitais,Remoto,Feminino,Branca,0.31914834330202324
CAND_02151,4.0,84.0,Doutorado,Capitais,Híbrido,Masculino,Branca,0.8872692312133669
CAND_02152,7.3,77.0,Bacharelado,Capitais,Híbrido,Masculino,Branca,0.9389056101242408
CAND_02153,6.3,57.0,Bacharelado,Capitais,Híbrido,Feminino,Branca,0.6203765471982919
CAND_02154,9.6,67.0,Mestrado,Região Metropolitana,Híbrido,Masculino,Branca,0.8024821045002355
CAND_02155,6.3,17.0,Mestrado,Interior,Híbrido,Feminino,Branca,0.2540413826608974
CAND_02156,10.5,38.0,Mestrado,Interior,Remoto,Feminino,Indígena,0.16645295489078193
CAND_02157,6.6,43.0,Bacharelado,Região Metropolitana,Presencial,Masculino,Indígena,0.5178723321158935
CAND_02158,8.2,46.0,Mestrado,Capitais,Remoto,Masculino,Branca,0.926231743595509
CAND_02159,4.0,43.0,Bacharelado,Capitais,Presencial,Feminino,Preta,0.14382228379914969
CAND_02160,5.0,12.0,Mestrado,Região Metropolitana,Híbrido,Masculino,Branca,0.6115813030406493
CAND_02161,7.7,56.0,Bacharelado,Capitais,Remoto,Masculino,Preta,0.46978870055187
CAND_02162,9.8,58.0,Mestrado,Capitais,Presencial,Masculino,Branca,0.7684350951075625
CAND_02163,7.2,74.0,Doutorado,Capitais,Híbrido,Masculino,Branca,1.0
CAND_02164,4.8,38.0,Bacharelado,Capitais,Presencial,Masculino,Branca,0.8827649387588152
CAND_02165,9.1,37.0,Doutorado,Região Metropolitana,Remoto,Feminino,Branca,0.6343423609287623
CAND_02166,0.0,10.0,Ensino Médio,Região Metropolitana,Remoto,Feminino,Amarela,0.0
CAND_02167,0.7,46.0,Bacharelado,Região Metropolitana,Remoto,Masculino,Indígena,0.36306340401168796
CAND_02168,7.0,64.0,Bacharelado,Região Metropolitana,Remoto,Masculino,Preta,0.6869185389431651
CAND_02169,5.0,41.0,Doutorado,Capitais,Remoto,Masculino,Preta,0.5446980019836153
CAND_02170,6.8,82.0,Bacharelado,Região Metropolitana,Presencial,Feminino,Branca,0.5374083979380039
CAND_02171,5.2,46.0,Bacharelado,Capitais,Híbrido,Masculino,Branca,0.6817774936626919
CAND_02172,6.7,52.0,Bacharelado,Região Metropolitana,Híbrido,Masculino,Preta,0.4635140462861549
CAND_02173,2.6,30.0,Doutorado,Capitais,Híbrido,Feminino,Branca,0.5189213701599342
CAND_02174,6.7,54.0,Mestrado,Região Metropolitana,Remoto,Masculino,Branca,0.9012038814094032
CAND_02175,8.0,20.0,Bacharelado,Interior,Presencial,Masculino,Preta,0.3675898494095712
CAND_02176,8.7,60.0,Bacharelado,Capitais,Presencial,Masculino,Branca,0.8338238776480016
CAND_02177,11.0,61.0,Ensino Médio,Capitais,Híbrido,Feminino,Branca,0.6098504787574117
CAND_02178,5.7,70.0,Bacharelado,Capitais,Presencial,Feminino,Branca,0.6335985742768763
CAND_02179,5.8,35.0,Bacharelado,Capitais,Híbrido,Feminino,Branca,0.3951766507691651
CAND_02180,0.4,52.0,Bacharelado,Capitais,Híbrido,Masculino,Preta,0.46400093436445145
CAND_02181,3.4,58.0,Mestrado,Região Metropolitana,Remoto,Masculino,Preta,0.4296528201402713
CAND_02182,4.4,57.0,Bacharelado,Capitais,Presencial,Feminino,Branca,0.5650901309117073
CAND_02183,8.2,37.0,Bacharelado,Capitais,Remoto,Feminino,Indígena,0.5333253570356002
CAND_02184,3.2,14.0,Bacharelado,Região Metropolitana,Presencial,Masculino,Parda,0.4752806470526887
CAND_02185,7.4,55.0,Ensino Médio,Capitais,Híbrido,Masculino,Branca,0.7410703166025683
CAND_02186,5.0,48.0,Bacharelado,Capitais,Híbrido,Feminino,Preta,0.19026125428451507
CAND_02187,4.5,41.0,Bacharelado,Região Metropolitana,Presencial,Masculino,Branca,0.596192594248452
CAND_02188,5.7,61.0,Mestrado,Região Metropolitana,Presencial,Masculino,Parda,0.5943949402100325
CAND_02189,3.8,49.0,Bacharelado,Capitais,Presencial,Masculino,Parda,0.6753200146756556
CAND_02190,3.7,30.0,Bacharelado,Capitais,Híbrido,Não-binário,Branca,0.13056385715183288
CAND_02191,0.0,21.0,Mestrado,Capitais,Remoto,Feminino,Preta,0.18084065655206932
CAND_02192,4.3,33.0,Mestrado,Capitais,Híbrido,Masculino,Amarela,0.5411683559316265
CAND_02193,3.6,86.0,Mestrado,Capitais,Híbrido,Feminino,Branca,0.6758181925513203
CAND_02194,3.5,61.0,Doutorado,Região Metropolitana,Híbrido,Masculino,Branca,0.7106983105786171
CAND_02195,6.3,53.0,Mestrado,Região Metropolitana,Presencial,Masculino,Branca,0.7363740077649723
CAND_02196,7.0,47.0,Bacharelado,Capitais,Presencial,Masculino,Branca,0.550596997325961
CAND_02197,5.7,46.0,Mestrado,Capitais,Remoto,Masculino,Branca,0.8303800603264451
CAND_02198,8.0,68.0,Bacharelado,Capitais,Presencial,Feminino,Branca,0.6156175460739576
CAND_02199,6.7,43.0,Bacharelado,Capitais,Remoto,Masculino,Branca,0.8575231174965025
CAND_02200,4.1,59.0,Bacharelado,Região Metropolitana,Presencial,Masculino,Branca,0.7071990285124544
CAND_02201,3.6,45.0,Bacharelado,Região Metropolitana,Híbrido,Feminino,Preta,0.17514337703295685
CAND_02202,5.9,79.0,Bacharelado,Capitais,Remoto,Masculino,Indígena,0.724094813810807
CAND_02203,6.7,61.0,Bacharelado,Capitais,Híbrido,Masculino,Amarela,0.4804489413699482
CAND_02204,9.2,69.0,Ensino Médio,Região Metropolitana,Remoto,Masculino,Branca,0.7149006132953282
CAND_02205,8.6,41.0,Mestrado,Capitais,Híbrido,Não-binário,Parda,0.49929489336106675
CAND_02206,3.4,66.0,Mestrado,Capitais,Híbrido,Masculino,Amarela,0.5517435733280092
CAND_02207,4.7,45.0,Bacharelado,Capitais,Presencial,Masculino,Amarela,0.41634875280436084
CAND_02208,7.0,52.0,Mestrado,Capitais,Remoto,Masculino,Amarela,0.569760367970208
CAND_02209,8.2,75.0,Bacharelado,Capitais,Presencial,Não-binário,Parda,0.5684129915392869
CAND_02210,7.8,34.0,Mestrado,Interior,Presencial,Feminino,Branca,0.6238742267071904
CAND_02211,4.8,53.0,Bacharelado,Capitais,Remoto,Masculino,Branca,0.6754608644990127
CAND_02212,1.2,57.0,Ensino Médio,Capitais,Híbrido,Feminino,Branca,0.33425705212466206
CAND_02213,2.0,58.0,Bacharelado,Região Metropolitana,Híbrido,Feminino,Branca,0.4067271008076382
CAND_02214,5.8,43.0,Bacharelado,Capitais,Remoto,Feminino,Indígena,0.48815948984991137
CAND_02215,6.0,81.0,Ensino Médio,Capitais,Híbrido,Feminino,Branca,0.7513091720140163
CAND_02216,1.7,31.0,Bacharelado,Capitais,Híbrido,Masculino,Indígena,0.6029098075688033
CAND_02217,5.1,72.0,Ensino Médio,Capitais,Remoto,Feminino,Parda,0.49609755032265723
CAND_02218,6.9,68.0,Bacharelado,Região Metropolitana,Híbrido,Feminino,Branca,0.6241592269597478
CAND_02219,1.5,79.0,Bacharelado,Capitais,Presencial,Masculino,Branca,0.640997552530313
CAND_02220,8.3,26.0,Doutorado,Interior,Híbrido,Masculino,Branca,0.5846559226910766
CAND_02221,3.9,37.0,Bacharelado,Região Metropolitana,Remoto,Masculino,Preta,0.21449152226695783
CAND_02222,8.8,72.0,Bacharelado,Capitais,Presencial,Feminino,Parda,0.6613258757120293
CAND_02223,3.4,22.0,Bacharelado,Capitais,Híbrido,Feminino,Indígena,0.20984127628689142
CAND_02224,1.9,26.0,Mestrado,Capitais,Híbrido,Masculino,Branca,0.6146189659945629
CAND_02225,3.6,43.0,Bacharelado,Capitais,Presencial,Feminino,Branca,0.3593789181545696
CAND_02226,4.7,53.0,Mestrado,Capitais,Híbrido,Feminino,Branca,0.6410687324689657
CAND_02227,3.8,74.0,Bacharelado,Capitais,Presencial,Feminino,Branca,0.3312971404217994
CAND_02228,4.4,47.0,Bacharelado,Interior,Híbrido,Masculino,Parda,0.4507971817832217
CAND_02229,6.0,41.0,Bacharelado,Capitais,Híbrido,Masculino,Branca,0.6733355410788044
CAND_02230,4.5,55.0,Bacharelado,Capitais,Presencial,Feminino,Branca,0.30783974965417293
CAND_02231,4.8,57.0,Bacharelado,Capitais,Presencial,Masculino,Branca,0.7624128398367508
CAND_02232,0.0,57.0,Bacharelado,Capitais,Presencial,Masculino,Branca,0.6106735875895652
CAND_02233,6.2,47.0,Bacharelado,Região Metropolitana,Presencial,Masculino,Preta,0.4681116895811993
CAND_02234,4.7,21.0,Mestrado,Região Metropolitana,Híbrido,Feminino,Branca,0.5779828595534622
CAND_02235,9.8,36.0,Bacharelado,Capitais,Híbrido,Masculino,Branca,0.7724623874250276
CAND_02236,2.2,71.0,Bacharelado,Região Metropolitana,Presencial,Masculino,Preta,0.5252661304489664
CAND_02237,0.0,53.0,Bacharelado,Região Metropolitana,Híbrido,Masculino,Branca,0.700095308991803
CAND_02238,6.9,45.0,Bacharelado,Região Metropolitana,Remoto,Masculino,Preta,0.4672027096278187
CAND_02239,6.0,67.0,Bacharelado,Região Metropolitana,Presencial,Feminino,Indígena,0.3014124417688797
CAND_02240,2.0,33.0,Mestrado,Região Metropolitana,Híbrido,Masculino,Preta,0.15798326687583186
CAND_02241,0.4,47.0,Mestrado,Capitais,Remoto,Masculino,Branca,0.6834378099504074
CAND_02242,9.6,52.0,Bacharelado,Capitais,Presencial,Masculino,Preta,0.5099742177497399
CAND_02243,9.2,43.0,Doutorado,Capitais,Remoto,Masculino,Parda,0.9343601067587325
CAND_02244,0.0,52.0,Bacharelado,Capitais,Remoto,Feminino,Branca,0.3604876839021218
CAND_02245,3.6,47.0,Bacharelado,Região Metropolitana,Presencial,Não-binário,Preta,0.10856929388987296
CAND_02246,10.0,29.0,Bacharelado,Capitais,Remoto,Masculino,Branca,0.6000989303323501
CAND_02247,3.6,53.0,Bacharelado,Interior,Híbrido,Masculino,Parda,0.44961673283581666
CAND_02248,3.5,30.0,Bacharelado,Capitais,Presencial,Masculino,Branca,0.49571649998990436
CAND_02249,4.2,52.0,Bacharelado,Região Metropolitana,Híbrido,Masculino,Amarela,0.356847295357424
CAND_02250,1.6,71.0,Bacharelado,Região Metropolitana,Presencial,Feminino,Branca,0.46071857521830295
CAND_02251,0.0,46.0,Mestrado,Região Metropolitana,Híbrido,Masculino,Branca,0.5233082032500002
CAND_02252,8.2,32.0,Bacharelado,Região Metropolitana,Presencial,Feminino,Branca,0.7049238202128412
CAND_02253,0.0,48.0,Mestrado,Capitais,Remoto,Feminino,Branca,0.525589415114035
CAND_02254,5.7,38.0,Bacharelado,Capitais,Híbrido,Masculino,Branca,0.7744639912779173
CAND_02255,7.7,59.0,Bacharelado,Interior,Híbrido,Feminino,Branca,0.42891070027610606
CAND_02256,0.6,48.0,Mestrado,Capitais,Presencial,Feminino,Branca,0.46457521786824496
CAND_02257,2.2,76.0,Bacharelado,Capitais,Híbrido,Masculino,Branca,0.7050407054343498
CAND_02258,8.6,67.0,Bacharelado,Capitais,Presencial,Feminino,Branca,0.902438090046535
CAND_02259,6.6,48.0,Bacharelado,Capitais,Remoto,Feminino,Branca,0.5131136181399197
CAND_02260,3.1,61.0,Bacharelado,Região Metropolitana,Presencial,Masculino,Branca,0.5956249000765146
CAND_02261,8.6,44.0,Bacharelado,Região Metropolitana,Híbrido,Feminino,Branca,0.4225995779351353
CAND_02262,8.6,51.0,Bacharelado,Interior,Presencial,Feminino,Branca,0.45953500269471464
CAND_02263,5.8,45.0,Mestrado,Capitais,Híbrido,Masculino,Branca,0.8881022042741208
CAND_02264,2.3,61.0,Bacharelado,Capitais,Híbrido,Masculino,Branca,0.7986959505232147
CAND_02265,3.8,71.0,Bacharelado,Região Metropolitana,Híbrido,Feminino,Branca,0.43436746124339626
CAND_02266,5.9,62.0,Bacharelado,Interior,Híbrido,Masculino,Branca,0.5379056652052847
CAND_02267,4.4,64.0,Bacharelado,Interior,Híbrido,Masculino,Branca,0.71862685089482
CAND_02268,7.8,64.0,Bacharelado,Região Metropolitana,Remoto,Masculino,Branca,0.9721381373601042
CAND_02269,0.4,58.0,Bacharelado,Capitais,Remoto,Masculino,Branca,0.6254997492342245
CAND_02270,0.5,33.0,Bacharelado,Capitais,Híbrido,Feminino,Branca,0.462662340836495
CAND_02271,5.5,76.0,Mestrado,Região Metropolitana,Remoto,Masculino,Amarela,0.4673911894370653
CAND_02272,3.5,77.0,Bacharelado,Região Metropolitana,Remoto,Masculino,Parda,0.593647549902719
CAND_02273,3.1,46.0,Mestrado,Região Metropolitana,Híbrido,Feminino,Indígena,0.19504017574084198
CAND_02274,0.0,44.0,Bacharelado,Capitais,Presencial,Feminino,Branca,0.41722137951478705
CAND_02275,5.1,59.0,Bacharelado,Região Metropolitana,Híbrido,Feminino,Branca,0.47010239779613744
CAND_02276,4.8,58.0,Bacharelado,Capitais,Híbrido,Masculino,Amarela,0.5518092644677998
CAND_02277,7.0,47.0,Mestrado,Capitais,Híbrido,Feminino,Branca,0.6999115988850299
CAND_02278,5.2,31.0,Bacharelado,Capitais,Híbrido,Feminino,Branca,0.36268338161881986
CAND_02279,4.6,55.0,Mestrado,Interior,Híbrido,Masculino,Branca,0.6213993106612867
CAND_02280,8.5,58.0,Mestrado,Capitais,Híbrido,Feminino,Branca,0.5182067780925428
CAND_02281,1.1,61.0,Mestrado,Capitais,Híbrido,Masculino,Branca,0.8323785715741859
CAND_02282,6.6,55.0,Ensino Médio,Capitais,Presencial,Masculino,Parda,0.76164137136632
CAND_02283,0.0,46.0,Mestrado,Região Metropolitana,Presencial,Feminino,Indígena,0.2701888147432794
CAND_02284,2.5,65.0,Mestrado,Capitais,Híbrido,Masculino,Branca,0.771993610217871
CAND_02285,1.4,51.0,Bacharelado,Interior,Híbrido,Feminino,Parda,0.1810852065436815
CAND_02286,7.3,43.0,Mestrado,Capitais,Remoto,Masculino,Branca,0.6284450805299857
CAND_02287,4.8,47.0,Doutorado,Capitais,Presencial,Feminino,Branca,0.6145541941261176
CAND_02288,5.0,24.0,Bacharelado,Região Metropolitana,Presencial,Masculino,Preta,0.3716200810661087
CAND_02289,1.7,47.0,Ensino Médio,Capitais,Híbrido,Masculino,Branca,0.7739371611053245
CAND_02290,4.1,60.0,Bacharelado,Capitais,Híbrido,Masculino,Branca,0.682645048425262
CAND_02291,2.7,55.0,Ensino Médio,Capitais,Presencial,Masculino,Branca,0.6510181618210455
CAND_02292,6.2,73.0,Bacharelado,Região Metropolitana,Híbrido,Feminino,Branca,0.6774404216401277
CAND_02293,2.0,46.0,Bacharelado,Capitais,Presencial,Feminino,Branca,0.5384532878860818
CAND_02294,9.0,57.0,Bacharelado,Capitais,Presencial,Masculino,Amarela,0.545752904322112
CAND_02295,0.0,62.0,Bacharelado,Região Metropolitana,Presencial,Masculino,Preta,0.3200840606741283
CAND_02296,2.6,85.0,Mestrado,Capitais,Híbrido,Masculino,Branca,0.7894849347240369
CAND_02297,10.0,52.0,Bacharelado,Capitais,Remoto,Feminino,Branca,0.5178155431464714
CAND_02298,3.7,34.0,Mestrado,Capitais,Presencial,Masculino,Amarela,0.6071669413023246
CAND_02299,1.1,63.0,Ensino Médio,Região Metropolitana,Presencial,Masculino,Preta,0.3302713808982916
CAND_02300,5.7,78.0,Mestrado,Capitais,Remoto,Masculino,Branca,0.8685754537268091
CAND_02301,3.6,45.0,Mestrado,Região Metropolitana,Remoto,Masculino,Branca,0.6767708162492707
CAND_02302,2.5,63.0,Bacharelado,Região Metropolitana,Presencial,Masculino,Branca,0.6573761965175481
CAND_02303,1.7,68.0,Bacharelado,Capitais,Híbrido,Masculino,Branca,0.6839022626090326
CAND_02304,13.3,65.0,Bacharelado,Interior,Presencial,Masculino,Parda,0.6498442663533188
CAND_02305,4.2,52.0,Mestrado,Capitais,Presencial,Masculino,Branca,0.8985280458096931
CAND_02306,0.0,40.0,Mestrado,Capitais,Híbrido,Masculino,Indígena,0.4029727737105459
CAND_02307,9.5,49.0,Bacharelado,Região Metropolitana,Remoto,Masculino,Branca,0.6429487933492506
CAND_02308,6.8,57.0,Bacharelado,Capitais,Híbrido,Masculino,Branca,0.755944434907997
CAND_02309,2.7,64.0,Bacharelado,Capitais,Remoto,Masculino,Branca,0.9257515217436302
CAND_02310,2.2,55.0,Bacharelado,Capitais,Híbrido,Feminino,Branca,0.38184266956549245
CAND_02311,7.0,44.0,Doutorado,Capitais,Remoto,Feminino,Branca,0.6869615218728624
CAND_02312,4.3,58.0,Bacharelado,Capitais,Presencial,Feminino,Branca,0.4933668395083115
CAND_02313,0.0,63.0,Mestrado,Região Metropolitana,Presencial,Masculino,Indígena,0.5264807248126973
CAND_02314,10.4,56.0,Mestrado,Região Metropolitana,Remoto,Feminino,Branca,0.724218088496158
CAND_02315,3.7,37.0,Doutorado,Capitais,Híbrido,Masculino,Branca,0.5500311191807008
CAND_02316,9.5,47.0,Bacharelado,Capitais,Híbrido,Masculino,Branca,0.6883658891208083
CAND_02317,8.8,64.0,Bacharelado,Capitais,Híbrido,Masculino,Branca,0.9228012794927053
CAND_02318,2.0,29.0,Ensino Médio,Capitais,Híbrido,Masculino,Branca,0.5157451084081343
CAND_02319,8.1,19.0,Mestrado,Capitais,Híbrido,Masculino,Branca,0.7091874640454431
CAND_02320,3.0,73.0,Bacharelado,Capitais,Presencial,Masculino,Branca,0.823138361704551
CAND_02321,0.0,58.0,Bacharelado,Capitais,Remoto,Masculino,Amarela,0.3430398509097384
CAND_02322,3.7,59.0,Mestrado,Capitais,Híbrido,Feminino,Branca,0.6655072537827321
CAND_02323,6.2,34.0,Bacharelado,Região Metropolitana,Híbrido,Feminino,Preta,0.241978372464055
CAND_02324,3.6,61.0,Bacharelado,Capitais,Presencial,Não-binário,Branca,0.489831720725837
CAND_02325,4.1,54.0,Bacharelado,Interior,Remoto,Masculino,Branca,0.5948131732867487
CAND_02326,8.4,26.0,Ensino Médio,Região Metropolitana,Híbrido,Feminino,Branca,0.4884973777657027
CAND_02327,5.3,71.0,Bacharelado,Interior,Presencial,Feminino,Branca,0.38061609412658437
CAND_02328,2.5,52.0,Bacharelado,Região Metropolitana,Presencial,Feminino,Branca,0.4741357018461221
CAND_02329,7.1,44.0,Mestrado,Região Metropolitana,Presencial,Masculino,Branca,0.8924357235714767
CAND_02330,5.6,44.0,Mestrado,Capitais,Híbrido,Feminino,Indígena,0.4520626249488659
CAND_02331,0.0,20.0,Bacharelado,Capitais,Híbrido,Masculino,Preta,0.20776067723413205
CAND_02332,6.3,59.0,Mestrado,Região Metropolitana,Presencial,Masculino,Branca,0.9938205690372366
CAND_02333,6.2,54.0,Bacharelado,Região Metropolitana,Híbrido,Masculino,Branca,0.7130814502410493
CAND_02334,5.1,47.0,Bacharelado,Capitais,Remoto,Feminino,Branca,0.6298591599679748
CAND_02335,7.7,69.0,Mestrado,Região Metropolitana,Presencial,Masculino,Branca,0.7878468586319269
CAND_02336,3.0,29.0,Bacharelado,Capitais,Híbrido,Masculino,Preta,0.43278024979057034
CAND_02337,6.0,41.0,Bacharelado,Capitais,Híbrido,Feminino,Amarela,0.22935749524589227
CAND_02338,0.3,37.0,Bacharelado,Capitais,Híbrido,Masculino,Branca,0.5863384238254552
CAND_02339,6.2,46.0,Bacharelado,Região Metropolitana,Presencial,Feminino,Branca,0.39732598908937167
CAND_02340,10.9,51.0,Bacharelado,Região Metropolitana,Presencial,Feminino,Branca,0.7621155976197045
CAND_02341,2.0,56.0,Mestrado,Região Metropolitana,Presencial,Masculino,Preta,0.3918868667811281
CAND_02342,2.7,45.0,Bacharelado,Região Metropolitana,Híbrido,Masculino,Branca,0.47320678730443694
CAND_02343,2.9,37.0,Mestrado,Capitais,Híbrido,Masculino,Indígena,0.5155118521902238
CAND_02344,5.4,75.0,Bacharelado,Interior,Presencial,Não-binário,Preta,0.21170947919412997
CAND_02345,1.8,86.0,Bacharelado,Capitais,Híbrido,Feminino,Indígena,0.42733990226276586
CAND_02346,6.3,52.0,Bacharelado,Região Metropolitana,Híbrido,Masculino,Branca,0.6026679771473125
CAND_02347,7.5,39.0,Bacharelado,Capitais,Remoto,Masculino,Branca,0.8097316807289979
CAND_02348,6.6,72.0,Mestrado,Capitais,Presencial,Masculino,Preta,0.7459180029281797
CAND_02349,0.0,28.0,Bacharelado,Região Metropolitana,Híbrido,Feminino,Preta,0.0
CAND_02350,8.0,45.0,Bacharelado,Região Metropolitana,Remoto,Masculino,Branca,0.6022973046139368
CAND_02351,7.8,40.0,Bacharelado,Capitais,Remoto,Masculino,Indígena,0.5500572353367469
CAND_02352,7.5,33.0,Bacharelado,Região Metropolitana,Híbrido,Feminino,Amarela,0.1789074302840909
CAND_02353,6.1,46.0,Bacharelado,Capitais,Presencial,Masculino,Branca,0.758595458314794
CAND_02354,5.7,37.0,Bacharelado,Capitais,Remoto,Masculino,Branca,0.8459477207121173
CAND_02355,8.1,50.0,Bacharelado,Região Metropolitana,Remoto,Feminino,Branca,0.4739086490493821
CAND_02356,10.8,50.0,Bacharelado,Capitais,Remoto,Masculino,Amarela,0.7736722201103997
CAND_02357,2.1,41.0,Doutorado,Região Metropolitana,Presencial,Masculino,Preta,0.25916671436926875
CAND_02358,8.2,44.0,Bacharelado,Capitais,Presencial,Feminino,Branca,0.5855814812518246
CAND_02359,4.7,47.0,Mestrado,Capitais,Híbrido,Masculino,Branca,0.6725288513245604
CAND_02360,4.6,62.0,Bacharelado,Capitais,Remoto,Feminino,Branca,0.5877389930654264
CAND_02361,0.4,48.0,Ensino Médio,Capitais,Remoto,Feminino,Branca,0.17431901545429737
CAND_02362,4.1,62.0,Bacharelado,Capitais,Remoto,Feminino,Branca,0.4014609520596938
CAND_02363,2.0,59.0,Bacharelado,Região Metropolitana,Híbrido,Feminino,Preta,0.2235312514510126
CAND_02364,3.6,59.0,Bacharelado,Interior,Híbrido,Feminino,Preta,0.044999909433685994
CAND_02365,1.7,71.0,Bacharelado,Região Metropolitana,Híbrido,Masculino,Branca,0.6356882394053829
CAND_02366,3.7,33.0,Bacharelado,Região Metropolitana,Remoto,Masculino,Preta,0.4896285174827357
CAND_02367,3.8,43.0,Mestrado,Capitais,Híbrido,Masculino,Branca,0.7117571469168856
CAND_02368,5.3,76.0,Doutorado,Capitais,Remoto,Feminino,Branca,0.8001516514281635
CAND_02369,0.2,46.0,Mestrado,Capitais,Híbrido,Masculino,Preta,0.3120727850395508
CAND_02370,0.7,8.0,Bacharelado,Capitais,Presencial,Masculino,Branca,0.31187963070976743
CAND_02371,6.1,47.0,Bacharelado,Região Metropolitana,Remoto,Feminino,Branca,0.4519264678958123
CAND_02372,2.6,52.0,Bacharelado,Capitais,Presencial,Masculino,Branca,0.5109530596665347
CAND_02373,8.2,11.0,Bacharelado,Capitais,Híbrido,Feminino,Branca,0.33814103967583253
CAND_02374,5.7,70.0,Bacharelado,Capitais,Remoto,Masculino,Parda,0.7677754218498065
CAND_02375,6.8,39.0,Bacharelado,Capitais,Híbrido,Masculino,Branca,0.6808739102938249
CAND_02376,9.2,55.0,Bacharelado,Capitais,Remoto,Masculino,Branca,0.8374519385495123
CAND_02377,4.1,47.0,Mestrado,Região Metropolitana,Híbrido,Masculino,Parda,0.6800318396002083
CAND_02378,3.3,31.0,Mestrado,Capitais,Remoto,Masculino,Branca,0.5204275284193894
CAND_02379,7.6,34.0,Ensino Médio,Região Metropolitana,Presencial,Masculino,Branca,0.4938065728569567
CAND_02380,6.5,36.0,Bacharelado,Capitais,Híbrido,Masculino,Branca,0.45614158046378117
CAND_02381,4.4,66.0,Mestrado,Região Metropolitana,Híbrido,Feminino,Amarela,0.31494766923571205
CAND_02382,9.2,48.0,Bacharelado,Região Metropolitana,Híbrido,Masculino,Preta,0.5496755957617231
CAND_02383,4.4,42.0,Bacharelado,Região Metropolitana,Híbrido,Feminino,Branca,0.5551276863606487
CAND_02384,5.1,36.0,Bacharelado,Capitais,Remoto,Feminino,Preta,0.21504818690831706
CAND_02385,5.1,68.0,Bacharelado,Capitais,Remoto,Masculino,Branca,0.9113228863542691
CAND_02386,2.2,72.0,Ensino Médio,Interior,Remoto,Masculino,Branca,0.5703827023775984
CAND_02387,5.2,68.0,Mestrado,Capitais,Híbrido,Masculino,Preta,0.5867449420501019
CAND_02388,9.2,57.0,Ensino Médio,Capitais,Híbrido,Feminino,Branca,0.500870912341482
CAND_02389,6.3,54.0,Bacharelado,Capitais,Presencial,Feminino,Preta,0.05348399569841325
CAND_02390,5.1,32.0,Ensino Médio,Região Metropolitana,Remoto,Masculino,Branca,0.6523189487219596
CAND_02391,4.5,46.0,Mestrado,Capitais,Presencial,Masculino,Branca,0.7186775024958401
CAND_02392,6.0,40.0,Ensino Médio,Região Metropolitana,Híbrido,Não-binário,Branca,0.4688296524800516
CAND_02393,7.2,23.0,Bacharelado,Capitais,Presencial,Feminino,Branca,0.3410366881144325
CAND_02394,6.8,66.0,Bacharelado,Capitais,Híbrido,Masculino,Branca,1.0
CAND_02395,4.0,40.0,Bacharelado,Capitais,Remoto,Masculino,Branca,0.6151212745333721
CAND_02396,6.0,68.0,Bacharelado,Capitais,Híbrido,Masculino,Preta,0.47278110062571627
CAND_02397,6.4,63.0,Bacharelado,Capitais,Remoto,Feminino,Branca,0.5585477953621015
CAND_02398,2.0,58.0,Mestrado,Capitais,Híbrido,Feminino,Branca,0.5390456422482255
CAND_02399,5.5,59.0,Doutorado,Capitais,Remoto,Masculino,Branca,0.8390097993923974
CAND_02400,0.0,41.0,Bacharelado,Região Metropolitana,Híbrido,Masculino,Branca,0.4624669590873696
CAND_02401,6.4,78.0,Ensino Médio,Capitais,Híbrido,Feminino,Parda,0.3596557443867384
CAND_02402,7.0,51.0,Ensino Médio,Capitais,Híbrido,Feminino,Branca,0.4135672420876159
CAND_02403,7.2,55.0,Mestrado,Capitais,Híbrido,Masculino,Amarela,0.7214435669475872
CAND_02404,3.8,40.0,Bacharelado,Capitais,Presencial,Masculino,Preta,0.2980277299527128
CAND_02405,5.9,36.0,Mestrado,Capitais,Presencial,Masculino,Branca,0.5403051362902512
CAND_02406,9.3,57.0,Bacharelado,Capitais,Presencial,Masculino,Amarela,0.5084500252231696
CAND_02407,9.2,53.0,Mestrado,Região Metropolitana,Híbrido,Masculino,Preta,0.5371353712160865
CAND_02408,4.9,38.0,Mestrado,Capitais,Híbrido,Masculino,Amarela,0.42407788327682544
CAND_02409,5.4,28.0,Mestrado,Região Metropolitana,Híbrido,Não-binário,Branca,0.3420162921290804
CAND_02410,8.3,31.0,Bacharelado,Capitais,Remoto,Feminino,Branca,0.4101546795354196
CAND_02411,0.5,68.0,Bacharelado,Região Metropolitana,Remoto,Masculino,Branca,0.7329743896395479
CAND_02412,4.0,41.0,Bacharelado,Capitais,Híbrido,Feminino,Branca,0.49308495107985834
CAND_02413,9.0,45.0,Bacharelado,Capitais,Híbrido,Feminino,Amarela,0.581795956652855
CAND_02414,7.9,72.0,Bacharelado,Região Metropolitana,Presencial,Masculino,Preta,0.5078278703396849
CAND_02415,6.1,33.0,Bacharelado,Capitais,Híbrido,Feminino,Preta,0.17551208247607347
CAND_02416,0.5,39.0,Bacharelado,Capitais,Remoto,Masculino,Amarela,0.484350202354195
CAND_02417,4.9,38.0,Bacharelado,Capitais,Presencial,Feminino,Indígena,0.3391008385196253
CAND_02418,3.2,74.0,Bacharelado,Região Metropolitana,Presencial,Masculino,Branca,0.6158493319797567
CAND_02419,6.0,80.0,Bacharelado,Região Metropolitana,Híbrido,Masculino,Preta,0.5956421318823621
CAND_02420,2.6,61.0,Bacharelado,Região Metropolitana,Remoto,Masculino,Branca,0.6856528897313019
CAND_02421,1.9,62.0,Bacharelado,Interior,Híbrido,Masculino,Branca,0.35662041118742605
CAND_02422,0.0,41.0,Mestrado,Capitais,Remoto,Masculino,Indígena,0.39886893000871226
CAND_02423,8.7,79.0,Bacharelado,Capitais,Remoto,Feminino,Amarela,0.5090320190059617
CAND_02424,3.8,54.0,Bacharelado,Região Metropolitana,Presencial,Feminino,Preta,0.33662797072440476
CAND_02425,5.5,63.0,Ensino Médio,Interior,Presencial,Masculino,Branca,0.6317998444293619
CAND_02426,5.0,48.0,Bacharelado,Capitais,Híbrido,Masculino,Preta,0.38559553858680057
CAND_02427,1.8,46.0,Bacharelado,Interior,Híbrido,Feminino,Branca,0.1991798095490901
CAND_02428,1.2,75.0,Doutorado,Capitais,Híbrido,Masculino,Branca,0.9037733243909729
CAND_02429,2.0,58.0,Bacharelado,Região Metropolitana,Presencial,Masculino,Branca,0.37936736038340946
CAND_02430,2.8,72.0,Bacharelado,Região Metropolitana,Presencial,Feminino,Branca,0.4132418676466924
CAND_02431,6.1,54.0,Bacharelado,Região Metropolitana,Presencial,Feminino,Branca,0.628930800237513
CAND_02432,2.6,37.0,Bacharelado,Capitais,Remoto,Feminino,Preta,0.17968174792330457
CAND_02433,10.2,41.0,Mestrado,Capitais,Remoto,Masculino,Branca,0.7421338847772071
CAND_02434,8.1,52.0,Bacharelado,Capitais,Presencial,Masculino,Parda,0.5997916574499669
CAND_02435,7.4,41.0,Doutorado,Capitais,Presencial,Feminino,Branca,0.6959734667989148
CAND_02436,4.6,33.0,Bacharelado,Região Metropolitana,Presencial,Feminino,Branca,0.38178113465930075
CAND_02437,9.5,68.0,Mestrado,Interior,Remoto,Não-binário,Branca,0.4901289540274817
CAND_02438,4.3,42.0,Ensino Médio,Capitais,Remoto,Masculino,Parda,0.5913980557322193
CAND_02439,4.9,52.0,Bacharelado,Capitais,Presencial,Feminino,Parda,0.4724598049646898
CAND_02440,5.5,54.0,Mestrado,Capitais,Híbrido,Masculino,Branca,0.7847905807378788
CAND_02441,7.1,41.0,Bacharelado,Capitais,Híbrido,Masculino,Branca,0.5735812981077115
CAND_02442,6.9,72.0,Bacharelado,Região Metropolitana,Híbrido,Masculino,Preta,0.4233574846672748
CAND_02443,3.6,33.0,Bacharelado,Região Metropolitana,Híbrido,Não-binário,Branca,0.37882804360944156
CAND_02444,3.4,54.0,Bacharelado,Interior,Híbrido,Masculino,Branca,0.5899151433678238
CAND_02445,6.9,54.0,Bacharelado,Capitais,Remoto,Masculino,Branca,0.792211992577865
CAND_02446,7.1,49.0,Bacharelado,Capitais,Presencial,Feminino,Branca,0.47934873371554143
CAND_02447,3.8,31.0,Bacharelado,Capitais,Remoto,Masculino,Branca,0.6765189928764648
CAND_02448,0.2,63.0,Bacharelado,Capitais,Híbrido,Masculino,Branca,0.6189255188412823
CAND_02449,4.4,61.0,Bacharelado,Interior,Híbrido,Feminino,Branca,0.5121533461082274
CAND_02450,6.9,40.0,Bacharelado,Capitais,Remoto,Feminino,Branca,0.4233177010595273
CAND_02451,10.4,61.0,Doutorado,Capitais,Remoto,Masculino,Branca,0.8994712363646533
CAND_02452,1.4,56.0,Bacharelado,Região Metropolitana,Remoto,Feminino,Amarela,0.18685512011877986
CAND_02453,3.7,31.0,Mestrado,Região Metropolitana,Remoto,Masculino,Branca,0.6827300480574233
CAND_02454,3.8,37.0,Bacharelado,Capitais,Remoto,Feminino,Branca,0.4204921929279992
CAND_02455,9.1,67.0,Bacharelado,Região Metropolitana,Híbrido,Feminino,Branca,0.6037682348682898
CAND_02456,4.9,55.0,Bacharelado,Capitais,Remoto,Masculino,Branca,0.678840878295291
CAND_02457,2.3,42.0,Bacharelado,Interior,Remoto,Feminino,Preta,0.04080919866411023
CAND_02458,6.7,37.0,Bacharelado,Capitais,Híbrido,Masculino,Branca,0.6749269505905946
CAND_02459,3.8,42.0,Bacharelado,Capitais,Híbrido,Masculino,Amarela,0.3655697616085281
CAND_02460,1.3,43.0,Ensino Médio,Capitais,Remoto,Feminino,Parda,0.310729148254838
CAND_02461,2.3,37.0,Mestrado,Capitais,Remoto,Masculino,Amarela,0.45908087686250215
CAND_02462,10.2,24.0,Doutorado,Capitais,Híbrido,Masculino,Branca,1.0
CAND_02463,6.2,67.0,Bacharelado,Região Metropolitana,Remoto,Masculino,Branca,0.6808973920979688
CAND_02464,5.3,65.0,Bacharelado,Capitais,Remoto,Masculino,Branca,0.6820624257431127
CAND_02465,4.3,31.0,Bacharelado,Região Metropolitana,Presencial,Feminino,Preta,0.13790342605936326
CAND_02466,5.9,52.0,Bacharelado,Capitais,Remoto,Feminino,Branca,0.426716358282887
CAND_02467,5.8,36.0,Ensino Médio,Capitais,Presencial,Masculino,Parda,0.4526949852126177
CAND_02468,5.9,46.0,Bacharelado,Interior,Presencial,Masculino,Branca,0.4083101310124186
CAND_02469,5.3,45.0,Mestrado,Região Metropolitana,Híbrido,Masculino,Branca,0.6085426434807565
CAND_02470,7.6,44.0,Ensino Médio,Capitais,Remoto,Masculino,Branca,0.6030112254058122
CAND_02471,5.1,80.0,Bacharelado,Capitais,Presencial,Masculino,Branca,0.6936737826325996
CAND_02472,2.1,43.0,Mestrado,Região Metropolitana,Remoto,Masculino,Branca,0.5889716263654368
CAND_02473,3.2,38.0,Bacharelado,Capitais,Híbrido,Masculino,Branca,0.3794018852267994
CAND_02474,0.0,39.0,Bacharelado,Capitais,Remoto,Feminino,Branca,0.4051765781311695
CAND_02475,11.1,66.0,Mestrado,Capitais,Remoto,Feminino,Preta,0.43032060214826184
CAND_02476,7.6,25.0,Bacharelado,Capitais,Remoto,Feminino,Branca,0.41102163225077537
CAND_02477,2.5,39.0,Bacharelado,Capitais,Remoto,Feminino,Branca,0.4646875010360301
CAND_02478,4.2,72.0,Bacharelado,Região Metropolitana,Remoto,Masculino,Branca,0.7591743909383997
CAND_02479,3.1,54.0,Bacharelado,Capitais,Presencial,Feminino,Amarela,0.2150093957296212
CAND_02480,9.6,53.0,Mestrado,Capitais,Híbrido,Feminino,Branca,0.6991790755658159
CAND_02481,0.7,82.0,Bacharelado,Região Metropolitana,Presencial,Feminino,Indígena,0.49688946082720825
CAND_02482,5.3,54.0,Bacharelado,Região Metropolitana,Remoto,Masculino,Branca,0.5707816418873443
CAND_02483,4.7,39.0,Bacharelado,Capitais,Presencial,Feminino,Indígena,0.3753774711356429
CAND_02484,7.5,46.0,Doutorado,Região Metropolitana,Presencial,Feminino,Branca,0.47268942623055565
CAND_02485,4.7,33.0,Bacharelado,Região Metropolitana,Remoto,Masculino,Branca,0.693542606234681
CAND_02486,0.0,69.0,Bacharelado,Capitais,Remoto,Não-binário,Preta,0.10480729428858053
CAND_02487,4.2,59.0,Doutorado,Capitais,Remoto,Masculino,Indígena,0.5949877799545594
CAND_02488,2.1,67.0,Doutorado,Região Metropolitana,Presencial,Masculino,Parda,0.824921014119397
CAND_02489,5.2,68.0,Bacharelado,Capitais,Híbrido,Masculino,Branca,0.8481574945755765
CAND_02490,9.3,44.0,Bacharelado,Capitais,Presencial,Masculino,Branca,0.6940907432586712
CAND_02491,0.0,36.0,Bacharelado,Região Metropolitana,Presencial,Feminino,Branca,0.30673687387732745
CAND_02492,2.6,49.0,Ensino Médio,Capitais,Presencial,Masculino,Branca,0.5270048099513436
CAND_02493,3.3,37.0,Bacharelado,Região Metropolitana,Híbrido,Masculino,Branca,0.40472622415259274
CAND_02494,3.9,52.0,Ensino Médio,Capitais,Presencial,Feminino,Branca,0.4549285118127487
CAND_02495,7.2,67.0,Ensino Médio,Capitais,Híbrido,Masculino,Branca,0.7263577832193188
CAND_02496,4.5,47.0,Bacharelado,Capitais,Híbrido,Feminino,Parda,0.3334166443745164
CAND_02497,6.2,52.0,Doutorado,Capitais,Presencial,Feminino,Branca,0.7624715079612365
CAND_02498,3.1,49.0,Bacharelado,Região Metropolitana,Remoto,Masculino,Branca,0.5167979821165309
CAND_02499,5.7,62.0,Bacharelado,Região Metropolitana,Remoto,Não-binário,Branca,0.47639786248805377
CAND_02500,7.3,40.0,Doutorado,Capitais,Remoto,Masculino,Branca,0.9139911570478989
CAND_02501,2.8,17.0,Bacharelado,Interior,Híbrido,Feminino,Branca,0.1483944651463072
CAND_02502,7.3,57.0,Bacharelado,Capitais,Remoto,Feminino,Branca,0.5005824549219267
CAND_02503,5.2,65.0,Bacharelado,Capitais,Remoto,Feminino,Amarela,0.3937748304469795
CAND_02504,8.1,57.0,Bacharelado,Capitais,Híbrido,Masculino,Branca,0.8355699723582375
CAND_02505,4.4,40.0,Bacharelado,Capitais,Híbrido,Masculino,Branca,0.735656069669131
CAND_02506,6.1,33.0,Bacharelado,Região Metropolitana,Presencial,Feminino,Branca,0.591120945149351
CAND_02507,4.9,57.0,Bacharelado,Capitais,Remoto,Não-binário,Branca,0.43027089850425587
CAND_02508,4.7,52.0,Bacharelado,Capitais,Híbrido,Masculino,Branca,0.7215854005517828
CAND_02509,5.8,48.0,Bacharelado,Capitais,Remoto,Masculino,Branca,0.5810759683686704
CAND_02510,6.6,77.0,Bacharelado,Região Metropolitana,Híbrido,Masculino,Branca,0.856637699954733
CAND_02511,1.3,36.0,Ensino Médio,Região Metropolitana,Remoto,Feminino,Preta,0.0383716642695766
CAND_02512,9.3,77.0,Bacharelado,Região Metropolitana,Remoto,Masculino,Parda,0.7761310601208004
CAND_02513,0.0,50.0,Mestrado,Capitais,Remoto,Feminino,Branca,0.38819394874130564
CAND_02514,2.9,22.0,Bacharelado,Capitais,Híbrido,Feminino,Preta,0.06115729146521144
CAND_02515,4.7,47.0,Ensino Médio,Capitais,Presencial,Masculino,Branca,0.6556333009812708
CAND_02516,6.2,64.0,Bacharelado,Capitais,Remoto,Masculino,Branca,0.6833829612210339
CAND_02517,9.7,45.0,Ensino Médio,Região Metropolitana,Remoto,Feminino,Branca,0.44328804218247025
CAND_02518,0.0,28.0,Mestrado,Capitais,Presencial,Masculino,Branca,0.5636678043465269
CAND_02519,3.5,48.0,Mestrado,Capitais,Remoto,Masculino,Branca,0.5580379873787662
CAND_02520,0.0,37.0,Bacharelado,Capitais,Híbrido,Masculino,Preta,0.1928702654826736
CAND_02521,5.1,57.0,Mestrado,Capitais,Presencial,Masculino,Preta,0.4639995463980583
CAND_02522,5.8,62.0,Ensino Médio,Capitais,Híbrido,Masculino,Amarela,0.6708231732737313
CAND_02523,9.8,34.0,Mestrado,Capitais,Remoto,Feminino,Branca,0.49892748572748974
CAND_02524,5.4,39.0,Bacharelado,Capitais,Híbrido,Feminino,Branca,0.45842083799559147
CAND_02525,8.1,61.0,Bacharelado,Interior,Remoto,Não-binário,Branca,0.30194362531395136
CAND_02526,6.8,37.0,Mestrado,Capitais,Presencial,Masculino,Amarela,0.4563596807852444
CAND_02527,3.7,34.0,Bacharelado,Região Metropolitana,Remoto,Masculino,Parda,0.3658991628452305
CAND_02528,0.8,32.0,Doutorado,Região Metropolitana,Remoto,Masculino,Parda,0.6110302354673678
CAND_02529,5.8,55.0,Ensino Médio,Região Metropolitana,Híbrido,Masculino,Branca,0.5034453742564958
CAND_02530,0.5,55.0,Bacharelado,Capitais,Híbrido,Masculino,Branca,0.7207011013144667
CAND_02531,8.9,40.0,Ensino Médio,Capitais,Híbrido,Masculino,Branca,0.7347897196054978
CAND_02532,4.5,50.0,Bacharelado,Região Metropolitana,Remoto,Masculino,Parda,0.5824598152933407
CAND_02533,8.6,73.0,Ensino Médio,Capitais,Presencial,Masculino,Parda,0.8580025895393173
CAND_02534,3.6,35.0,Bacharelado,Capitais,Híbrido,Masculino,Branca,0.9223201276114097
CAND_02535,5.8,21.0,Bacharelado,Capitais,Presencial,Masculino,Branca,0.6477525641126393
CAND_02536,5.6,57.0,Mestrado,Região Metropolitana,Híbrido,Masculino,Preta,0.37799393780025425
CAND_02537,4.9,48.0,Bacharelado,Interior,Híbrido,Feminino,Branca,0.48890176597125873
CAND_02538,3.7,39.0,Mestrado,Capitais,Remoto,Masculino,Amarela,0.4986111456525635
CAND_02539,6.2,60.0,Bacharelado,Capitais,Híbrido,Masculino,Branca,0.9751123401140718
CAND_02540,2.2,63.0,Ensino Médio,Região Metropolitana,Híbrido,Masculino,Branca,0.5453949778056607
CAND_02541,1.4,17.0,Bacharelado,Capitais,Remoto,Masculino,Preta,0.37419440226905554
CAND_02542,8.7,40.0,Doutorado,Capitais,Híbrido,Feminino,Preta,0.3839843229352732
CAND_02543,7.2,85.0,Bacharelado,Capitais,Híbrido,Masculino,Branca,1.0
CAND_02544,5.2,59.0,Bacharelado,Região Metropolitana,Remoto,Feminino,Amarela,0.26183992445047627
CAND_02545,10.0,60.0,Mestrado,Capitais,Híbrido,Masculino,Indígena,1.0
CAND_02546,4.2,68.0,Bacharelado,Capitais,Presencial,Feminino,Branca,0.599982605284877
CAND_02547,9.0,50.0,Mestrado,Capitais,Híbrido,Feminino,Branca,0.7146964758115164
CAND_02548,5.5,62.0,Bacharelado,Região Metropolitana,Híbrido,Feminino,Branca,0.6780332443936065
CAND_02549,1.9,61.0,Bacharelado,Interior,Presencial,Masculino,Branca,0.45322457098612345
CAND_02550,10.5,58.0,Bacharelado,Capitais,Remoto,Feminino,Amarela,0.5389096846026754
CAND_02551,8.0,45.0,Bacharelado,Interior,Híbrido,Masculino,Branca,0.5607246659129199
CAND_02552,4.6,53.0,Mestrado,Capitais,Remoto,Masculino,Branca,0.7691118879320931
CAND_02553,7.2,41.0,Mestrado,Capitais,Presencial,Feminino,Amarela,0.3663061257410588
CAND_02554,3.8,50.0,Bacharelado,Interior,Remoto,Não-binário,Branca,0.33324107364318095
CAND_02555,7.5,32.0,Mestrado,Capitais,Remoto,Masculino,Preta,0.5310184327251999
CAND_02556,0.0,38.0,Bacharelado,Capitais,Remoto,Feminino,Branca,0.29448050799845327
CAND_02557,1.9,46.0,Bacharelado,Capitais,Híbrido,Masculino,Indígena,0.4844854170994902
CAND_02558,7.9,36.0,Bacharelado,Região Metropolitana,Híbrido,Masculino,Parda,0.3685664180640191
CAND_02559,4.3,42.0,Bacharelado,Região Metropolitana,Híbrido,Feminino,Amarela,0.30301736647844485
CAND_02560,5.6,48.0,Ensino Médio,Região Metropolitana,Remoto,Masculino,Indígena,0.6233941703681118
CAND_02561,1.0,56.0,Bacharelado,Capitais,Remoto,Masculino,Branca,0.663062804868205
CAND_02562,10.5,64.0,Bacharelado,Região Metropolitana,Presencial,Masculino,Branca,0.6553977786527245
CAND_02563,8.6,43.0,Mestrado,Capitais,Remoto,Feminino,Preta,0.41829476362271356
CAND_02564,4.4,70.0,Mestrado,Região Metropolitana,Remoto,Masculino,Parda,0.6416230483399781
CAND_02565,3.8,64.0,Bacharelado,Região Metropolitana,Híbrido,Masculino,Branca,0.7002316344727946
CAND_02566,8.1,58.0,Ensino Médio,Capitais,Presencial,Masculino,Amarela,0.612550912739638
CAND_02567,10.9,52.0,Bacharelado,Capitais,Remoto,Feminino,Branca,0.6806450379518657
CAND_02568,7.9,55.0,Mestrado,Capitais,Híbrido,Feminino,Amarela,0.5360855249860044
CAND_02569,11.5,68.0,Bacharelado,Região Metropolitana,Remoto,Feminino,Branca,0.666638063972954
CAND_02570,2.2,68.0,Bacharelado,Capitais,Remoto,Feminino,Branca,0.5333361609957035
CAND_02571,2.5,70.0,Doutorado,Capitais,Presencial,Masculino,Branca,0.903679037444366
CAND_02572,1.4,51.0,Bacharelado,Capitais,Híbrido,Masculino,Branca,0.6248607430441362
CAND_02573,6.3,58.0,Bacharelado,Capitais,Híbrido,Masculino,Branca,0.6892097581055198
CAND_02574,5.5,70.0,Bacharelado,Região Metropolitana,Remoto,Masculino,Branca,0.7852018424822887
CAND_02575,4.5,41.0,Bacharelado,Capitais,Presencial,Masculino,Branca,0.5411137022288117
CAND_02576,7.4,45.0,Mestrado,Capitais,Presencial,Feminino,Preta,0.31991098528118056
CAND_02577,8.7,50.0,Bacharelado,Região Metropolitana,Remoto,Masculino,Branca,0.5862223207602671
CAND_02578,0.4,63.0,Bacharelado,Região Metropolitana,Presencial,Masculino,Branca,0.5545187367195639
CAND_02579,3.2,64.0,Bacharelado,Capitais,Híbrido,Masculino,Amarela,0.4686659123261863
CAND_02580,7.5,47.0,Bacharelado,Capitais,Híbrido,Masculino,Parda,0.5895783923824199
CAND_02581,3.6,27.0,Bacharelado,Interior,Híbrido,Masculino,Branca,0.540053188744519
CAND_02582,2.6,54.0,Bacharelado,Capitais,Híbrido,Feminino,Parda,0.519799159979897
CAND_02583,8.1,36.0,Bacharelado,Interior,Híbrido,Masculino,Indígena,0.537401274277927
CAND_02584,1.1,28.0,Bacharelado,Capitais,Remoto,Masculino,Amarela,0.31521557771576747
CAND_02585,4.1,31.0,Ensino Médio,Capitais,Presencial,Feminino,Parda,0.2626392011478756
CAND_02586,6.0,55.0,Bacharelado,Capitais,Híbrido,Masculino,Preta,0.5703584805254803
CAND_02587,3.3,70.0,Doutorado,Capitais,Híbrido,Feminino,Branca,0.65884128951099
CAND_02588,7.3,51.0,Bacharelado,Região Metropolitana,Híbrido,Masculino,Preta,0.46235174623658304
CAND_02589,3.3,53.0,Doutorado,Interior,Híbrido,Feminino,Preta,0.0
CAND_02590,9.2,68.0,Ensino Médio,Interior,Presencial,Masculino,Branca,0.7316514603151479
CAND_02591,4.6,27.0,Mestrado,Região Metropolitana,Remoto,Feminino,Branca,0.4623974982462566
CAND_02592,7.0,58.0,Bacharelado,Região Metropolitana,Híbrido,Masculino,Branca,0.7214583576890344
CAND_02593,7.2,50.0,Bacharelado,Região Metropolitana,Híbrido,Masculino,Preta,0.5255847774464061
CAND_02594,3.1,58.0,Bacharelado,Região Metropolitana,Híbrido,Feminino,Branca,0.5041701989470563
CAND_02595,0.0,43.0,Bacharelado,Capitais,Presencial,Masculino,Branca,0.502331491515355
CAND_02596,6.1,38.0,Mestrado,Capitais,Presencial,Masculino,Amarela,0.5020213749062141
CAND_02597,5.2,52.0,Bacharelado,Região Metropolitana,Presencial,Masculino,Branca,0.5612214804994969
CAND_02598,6.7,75.0,Bacharelado,Região Metropolitana,Presencial,Masculino,Indígena,0.780223898657516
CAND_02599,4.3,63.0,Mestrado,Região Metropolitana,Presencial,Feminino,Branca,0.6357180478581095
CAND_02600,3.7,42.0,Bacharelado,Região Metropolitana,Híbrido,Feminino,Branca,0.31060826611512893
CAND_02601,11.0,30.0,Bacharelado,Capitais,Híbrido,Masculino,Branca,0.8018875516494891
CAND_02602,0.6,25.0,Bacharelado,Região Metropolitana,Híbrido,Masculino,Branca,0.4898592334837016
CAND_02603,7.2,70.0,Bacharelado,Interior,Presencial,Feminino,Branca,0.40540470745007323
CAND_02604,3.3,36.0,Mestrado,Capitais,Remoto,Masculino,Parda,0.622432700862847
CAND_02605,4.0,45.0,Ensino Médio,Interior,Remoto,Feminino,Preta,0.09583846974345173
CAND_02606,4.0,70.0,Bacharelado,Capitais,Remoto,Masculino,Amarela,0.6539919527463557
CAND_02607,2.6,26.0,Bacharelado,Região Metropolitana,Híbrido,Feminino,Branca,0.5391983696069177
CAND_02608,6.7,72.0,Bacharelado,Região Metropolitana,Híbrido,Masculino,Branca,0.7814289153171766
CAND_02609,9.2,46.0,Bacharelado,Capitais,Presencial,Masculino,Branca,0.7442211065888691
CAND_02610,6.4,33.0,Bacharelado,Capitais,Remoto,Masculino,Branca,0.7162140263877838
CAND_02611,5.3,46.0,Bacharelado,Capitais,Presencial,Feminino,Preta,0.2217037460932322
CAND_02612,2.0,39.0,Mestrado,Capitais,Híbrido,Masculino,Branca,0.5875095559717122
CAND_02613,6.6,57.0,Bacharelado,Capitais,Híbrido,Feminino,Amarela,0.2674216764133548
CAND_02614,11.5,40.0,Bacharelado,Capitais,Híbrido,Masculino,Preta,0.19723444716950023
CAND_02615,3.9,21.0,Ensino Médio,Interior,Híbrido,Masculino,Parda,0.3854839430207507
CAND_02616,3.9,47.0,Mestrado,Capitais,Presencial,Feminino,Preta,0.10220262679283071
CAND_02617,3.3,30.0,Bacharelado,Capitais,Híbrido,Masculino,Branca,0.4980146556705648
CAND_02618,3.5,53.0,Doutorado,Interior,Remoto,Masculino,Preta,0.4112443591195025
CAND_02619,0.0,32.0,Doutorado,Interior,Remoto,Masculino,Branca,0.4458493205422647
CAND_02620,6.2,43.0,Mestrado,Região Metropolitana,Híbrido,Não-binário,Branca,0.6609297249178261
CAND_02621,2.5,53.0,Ensino Médio,Capitais,Híbrido,Masculino,Branca,0.46107600269194715
CAND_02622,0.2,47.0,Bacharelado,Capitais,Presencial,Masculino,Branca,0.8158721095900021
CAND_02623,7.3,54.0,Ensino Médio,Capitais,Presencial,Masculino,Branca,0.8500584609050579
CAND_02624,1.8,60.0,Mestrado,Capitais,Presencial,Masculino,Branca,0.8169096385098303
CAND_02625,4.0,33.0,Mestrado,Região Metropolitana,Híbrido,Masculino,Branca,0.7559312176477543
CAND_02626,9.4,49.0,Doutorado,Capitais,Remoto,Feminino,Parda,0.674461199871604
CAND_02627,0.8,0.0,Bacharelado,Região Metropolitana,Híbrido,Masculino,Branca,0.19567470027851355
CAND_02628,0.4,54.0,Bacharelado,Capitais,Presencial,Feminino,Branca,0.4754851681115926
CAND_02629,5.8,45.0,Bacharelado,Capitais,Híbrido,Masculino,Branca,0.5479324608142992
CAND_02630,8.4,35.0,Bacharelado,Capitais,Presencial,Feminino,Parda,0.4051637720984209
CAND_02631,0.3,55.0,Bacharelado,Região Metropolitana,Remoto,Não-binário,Branca,0.3181917902284262
CAND_02632,6.2,68.0,Bacharelado,Capitais,Presencial,Masculino,Branca,0.7048937482095694
CAND_02633,6.7,43.0,Mestrado,Capitais,Híbrido,Masculino,Branca,0.8506044470364473
CAND_02634,0.0,36.0,Bacharelado,Capitais,Híbrido,Feminino,Amarela,0.12262424230008276
CAND_02635,7.4,52.0,Mestrado,Capitais,Presencial,Masculino,Branca,0.8469308231004467
CAND_02636,7.6,30.0,Mestrado,Região Metropolitana,Presencial,Masculino,Branca,0.6710586837639636
CAND_02637,4.1,40.0,Bacharelado,Capitais,Híbrido,Não-binário,Branca,0.4046179159673472
CAND_02638,8.8,68.0,Bacharelado,Capitais,Presencial,Masculino,Preta,0.509313271557315
CAND_02639,8.4,51.0,Bacharelado,Região Metropolitana,Híbrido,Masculino,Branca,0.6045958554798262
CAND_02640,5.3,22.0,Bacharelado,Capitais,Remoto,Feminino,Amarela,0.17862313296411128
CAND_02641,3.6,23.0,Ensino Médio,Capitais,Híbrido,Masculino,Branca,0.4173885723051786
CAND_02642,2.1,52.0,Bacharelado,Capitais,Híbrido,Masculino,Branca,0.7893555704957573
CAND_02643,4.9,63.0,Doutorado,Capitais,Remoto,Masculino,Branca,0.7123564916208119
CAND_02644,6.7,26.0,Ensino Médio,Capitais,Híbrido,Masculino,Preta,0.5717002311044022
CAND_02645,4.0,57.0,Bacharelado,Região Metropolitana,Remoto,Feminino,Branca,0.48820251275272836
CAND_02646,0.0,70.0,Mestrado,Região Metropolitana,Presencial,Feminino,Branca,0.48693269049005466
CAND_02647,8.8,78.0,Bacharelado,Capitais,Remoto,Masculino,Amarela,0.6339733750780076
CAND_02648,5.6,55.0,Bacharelado,Região Metropolitana,Híbrido,Feminino,Branca,0.5476921032352646
CAND_02649,3.9,58.0,Mestrado,Capitais,Remoto,Masculino,Branca,0.7395724989278977
CAND_02650,7.6,18.0,Bacharelado,Capitais,Presencial,Feminino,Branca,0.45404741944679494
CAND_02651,9.6,81.0,Ensino Médio,Região Metropolitana,Presencial,Masculino,Amarela,0.7001823167039789
CAND_02652,0.0,41.0,Doutorado,Capitais,Presencial,Masculino,Parda,0.6809309469193648
CAND_02653,6.3,36.0,Bacharelado,Capitais,Remoto,Masculino,Preta,0.5439861200947702
CAND_02654,0.7,46.0,Bacharelado,Região Metropolitana,Híbrido,Masculino,Branca,0.6017841073660782
CAND_02655,6.5,73.0,Bacharelado,Capitais,Remoto,Masculino,Branca,0.7268732311787386
CAND_02656,5.4,83.0,Ensino Médio,Capitais,Presencial,Masculino,Branca,0.5820210663839366
CAND_02657,6.9,52.0,Doutorado,Região Metropolitana,Presencial,Não-binário,Branca,0.5671033729290951
CAND_02658,3.5,65.0,Mestrado,Região Metropolitana,Presencial,Não-binário,Branca,0.5025463154455705
CAND_02659,0.0,51.0,Bacharelado,Região Metropolitana,Híbrido,Feminino,Amarela,0.34659298151105655
CAND_02660,3.6,34.0,Doutorado,Capitais,Remoto,Masculino,Branca,0.6964159383069052
CAND_02661,6.2,72.0,Mestrado,Capitais,Híbrido,Masculino,Preta,0.6494492303114245
CAND_02662,8.0,41.0,Bacharelado,Capitais,Remoto,Masculino,Branca,0.8017176405765674
CAND_02663,1.5,73.0,Bacharelado,Capitais,Presencial,Masculino,Preta,0.5233408120987509
CAND_02664,8.1,69.0,Bacharelado,Capitais,Híbrido,Masculino,Branca,0.9223943791817294
CAND_02665,3.1,59.0,Bacharelado,Região Metropolitana,Remoto,Masculino,Branca,0.566179069187414
CAND_02666,6.1,77.0,Ensino Médio,Capitais,Presencial,Masculino,Branca,0.6823633666232551
CAND_02667,3.5,83.0,Bacharelado,Capitais,Presencial,Feminino,Indígena,0.423943916944333
CAND_02668,5.5,47.0,Bacharelado,Capitais,Híbrido,Feminino,Indígena,0.13059336103069283
CAND_02669,7.7,38.0,Mestrado,Interior,Presencial,Masculino,Branca,0.6020420409732034
CAND_02670,1.3,22.0,Mestrado,Região Metropolitana,Remoto,Feminino,Branca,0.24804169075917887
CAND_02671,3.0,84.0,Bacharelado,Interior,Remoto,Masculino,Branca,0.6782213333627735
CAND_02672,5.6,43.0,Mestrado,Capitais,Remoto,Masculino,Branca,0.7074931210996761
CAND_02673,12.2,67.0,Bacharelado,Capitais,Remoto,Masculino,Parda,0.7604567187365365
CAND_02674,2.4,39.0,Bacharelado,Capitais,Presencial,Feminino,Branca,0.5350856863009065
CAND_02675,11.1,73.0,Bacharelado,Região Metropolitana,Presencial,Masculino,Branca,0.8722519104207984
CAND_02676,11.0,39.0,Mestrado,Capitais,Remoto,Masculino,Preta,0.6622858841425279
CAND_02677,4.7,32.0,Mestrado,Capitais,Híbrido,Masculino,Branca,0.6903514460754092
CAND_02678,4.1,47.0,Mestrado,Capitais,Híbrido,Masculino,Preta,0.5163995131207052
CAND_02679,2.9,42.0,Mestrado,Capitais,Remoto,Masculino,Branca,0.5399004275348556
CAND_02680,4.8,59.0,Bacharelado,Capitais,Híbrido,Feminino,Parda,0.6098103503956293
CAND_02681,0.8,49.0,Mestrado,Capitais,Presencial,Masculino,Branca,0.7498681650376295
CAND_02682,4.8,59.0,Bacharelado,Capitais,Remoto,Feminino,Branca,0.5301159699327528
CAND_02683,9.5,46.0,Bacharelado,Capitais,Híbrido,Masculino,Indígena,0.6528002093873263
CAND_02684,3.2,40.0,Bacharelado,Capitais,Remoto,Masculino,Branca,0.7242605860226256
CAND_02685,4.3,41.0,Bacharelado,Região Metropolitana,Híbrido,Feminino,Amarela,0.16279997958895384
CAND_02686,0.0,81.0,Bacharelado,Capitais,Presencial,Masculino,Preta,0.31569195853354826
CAND_02687,6.1,53.0,Ensino Médio,Região Metropolitana,Presencial,Masculino,Amarela,0.39867360256166806
CAND_02688,5.8,20.0,Bacharelado,Capitais,Remoto,Masculino,Branca,0.611238949215474
CAND_02689,5.2,42.0,Bacharelado,Capitais,Híbrido,Feminino,Branca,0.4687560207926634
CAND_02690,4.3,51.0,Bacharelado,Capitais,Híbrido,Feminino,Parda,0.571756615732877
CAND_02691,4.1,78.0,Bacharelado,Interior,Híbrido,Masculino,Parda,0.4980097611080699
CAND_02692,6.5,65.0,Bacharelado,Capitais,Híbrido,Masculino,Preta,0.45667093695332195
CAND_02693,4.9,36.0,Doutorado,Capitais,Presencial,Feminino,Branca,0.4361953498322413
CAND_02694,5.9,86.0,Mestrado,Capitais,Híbrido,Masculino,Amarela,0.7548741095057486
CAND_02695,5.6,50.0,Bacharelado,Capitais,Presencial,Masculino,Branca,0.5593966246926165
CAND_02696,8.4,69.0,Doutorado,Capitais,Híbrido,Feminino,Preta,0.5683756398033311
CAND_02697,7.0,33.0,Bacharelado,Capitais,Híbrido,Feminino,Branca,0.37871154786905364
CAND_02698,5.6,14.0,Bacharelado,Capitais,Presencial,Masculino,Branca,0.4906897640245482
CAND_02699,9.6,29.0,Bacharelado,Capitais,Híbrido,Feminino,Branca,0.6850225259991233
CAND_02700,6.3,1.0,Bacharelado,Região Metropolitana,Híbrido,Masculino,Parda,0.5532579728695679
CAND_02701,8.9,82.0,Bacharelado,Capitais,Presencial,Feminino,Preta,0.46792133177569023
CAND_02702,6.8,53.0,Bacharelado,Capitais,Remoto,Masculino,Indígena,0.4668961849457307
CAND_02703,0.0,36.0,Bacharelado,Região Metropolitana,Presencial,Masculino,Branca,0.6954422456650858
CAND_02704,8.9,57.0,Bacharelado,Região Metropolitana,Híbrido,Masculino,Branca,0.7363678447564133
CAND_02705,5.4,53.0,Mestrado,Capitais,Presencial,Masculino,Branca,0.7947580976468224
CAND_02706,4.8,59.0,Bacharelado,Capitais,Remoto,Masculino,Branca,0.8231933769111457
CAND_02707,5.8,68.0,Mestrado,Região Metropolitana,Remoto,Feminino,Branca,0.3917104793460069
CAND_02708,4.0,46.0,Bacharelado,Capitais,Híbrido,Masculino,Branca,0.5999962668168393
CAND_02709,5.7,37.0,Doutorado,Interior,Remoto,Feminino,Branca,0.4051925259966284
CAND_02710,3.2,62.0,Bacharelado,Capitais,Presencial,Masculino,Branca,0.7250719711711447
CAND_02711,8.8,62.0,Mestrado,Capitais,Presencial,Feminino,Branca,0.5436393157930336
CAND_02712,4.7,52.0,Mestrado,Interior,Híbrido,Masculino,Amarela,0.4346337661314274
CAND_02713,3.9,83.0,Bacharelado,Interior,Híbrido,Masculino,Preta,0.413374040393855
CAND_02714,2.2,43.0,Bacharelado,Capitais,Híbrido,Masculino,Parda,0.7327317649025928
CAND_02715,5.8,37.0,Ensino Médio,Região Metropolitana,Híbrido,Masculino,Parda,0.6140290789005707
CAND_02716,5.6,56.0,Doutorado,Capitais,Híbrido,Masculino,Branca,0.8090744212724662
CAND_02717,6.2,40.0,Bacharelado,Região Metropolitana,Remoto,Masculino,Preta,0.36439305130486643
CAND_02718,1.9,57.0,Bacharelado,Região Metropolitana,Presencial,Não-binário,Parda,0.4174496770322889
CAND_02719,0.2,38.0,Bacharelado,Capitais,Presencial,Feminino,Branca,0.3843624288650446
CAND_02720,6.9,44.0,Bacharelado,Capitais,Híbrido,Feminino,Amarela,0.17688665893137706
CAND_02721,9.5,78.0,Bacharelado,Capitais,Híbrido,Masculino,Branca,1.0
CAND_02722,1.9,44.0,Mestrado,Capitais,Presencial,Feminino,Branca,0.3650131307084699
CAND_02723,9.8,38.0,Bacharelado,Capitais,Presencial,Masculino,Preta,0.7458969543399415
CAND_02724,5.9,68.0,Doutorado,Região Metropolitana,Híbrido,Masculino,Preta,0.6327954922079644
CAND_02725,5.0,34.0,Bacharelado,Capitais,Presencial,Masculino,Branca,0.5724558710327395
CAND_02726,3.8,40.0,Bacharelado,Capitais,Remoto,Masculino,Branca,0.3992967315881224
CAND_02727,0.8,59.0,Bacharelado,Região Metropolitana,Presencial,Masculino,Branca,0.6796764469248366
CAND_02728,8.0,64.0,Mestrado,Capitais,Presencial,Masculino,Branca,0.71096894143808
CAND_02729,2.7,68.0,Ensino Médio,Capitais,Híbrido,Masculino,Indígena,0.5617294558368219
CAND_02730,2.7,39.0,Bacharelado,Capitais,Remoto,Feminino,Parda,0.5533632702522386
CAND_02731,8.0,59.0,Bacharelado,Capitais,Híbrido,Feminino,Parda,0.43223211347698853
CAND_02732,0.0,43.0,Bacharelado,Capitais,Híbrido,Masculino,Branca,0.6458055412073006
CAND_02733,0.4,41.0,Mestrado,Região Metropolitana,Presencial,Masculino,Branca,0.49084003851421126
CAND_02734,4.9,68.0,Bacharelado,Capitais,Híbrido,Feminino,Branca,0.6833149536768903
CAND_02735,5.9,42.0,Bacharelado,Região Metropolitana,Presencial,Masculino,Branca,0.6425822679954806
CAND_02736,6.5,54.0,Bacharelado,Região Metropolitana,Híbrido,Feminino,Branca,0.4940936602146445
CAND_02737,4.1,52.0,Bacharelado,Região Metropolitana,Híbrido,Feminino,Branca,0.5607288311475221
CAND_02738,12.6,34.0,Ensino Médio,Capitais,Presencial,Masculino,Branca,0.8005292441150227
CAND_02739,4.3,64.0,Bacharelado,Capitais,Presencial,Masculino,Branca,0.6615310961475505
CAND_02740,4.3,58.0,Bacharelado,Região Metropolitana,Remoto,Não-binário,Branca,0.59671134217543
CAND_02741,2.6,20.0,Ensino Médio,Capitais,Híbrido,Não-binário,Branca,0.07841735159804769
CAND_02742,5.4,54.0,Bacharelado,Capitais,Remoto,Masculino,Parda,0.7015697095647626
CAND_02743,6.8,38.0,Bacharelado,Região Metropolitana,Presencial,Masculino,Branca,0.5557135309110703
CAND_02744,8.6,66.0,Bacharelado,Região Metropolitana,Híbrido,Feminino,Parda,0.38727752924421355
CAND_02745,0.5,28.0,Bacharelado,Capitais,Presencial,Masculino,Preta,0.15858189902002784
CAND_02746,4.3,45.0,Bacharelado,Região Metropolitana,Presencial,Feminino,Amarela,0.21107604801593696
CAND_02747,6.3,55.0,Bacharelado,Capitais,Híbrido,Feminino,Branca,0.5809726764148568
CAND_02748,6.8,51.0,Mestrado,Capitais,Remoto,Feminino,Branca,0.695893183119942
CAND_02749,5.0,61.0,Bacharelado,Região Metropolitana,Híbrido,Masculino,Branca,0.8416036509393674
CAND_02750,6.6,27.0,Bacharelado,Região Metropolitana,Remoto,Feminino,Amarela,0.21776871471040365
CAND_02751,2.6,75.0,Bacharelado,Interior,Híbrido,Masculino,Preta,0.30768067211291916
CAND_02752,9.7,58.0,Bacharelado,Capitais,Híbrido,Masculino,Branca,0.9299017307004589
CAND_02753,8.0,70.0,Mestrado,Região Metropolitana,Remoto,Masculino,Branca,0.7785358515757747
CAND_02754,1.0,63.0,Bacharelado,Capitais,Híbrido,Masculino,Branca,0.5124385470968651
CAND_02755,1.8,50.0,Bacharelado,Capitais,Híbrido,Feminino,Branca,0.5299011512442672
CAND_02756,1.9,31.0,Bacharelado,Região Metropolitana,Híbrido,Feminino,Parda,0.3943911851813493
CAND_02757,7.0,42.0,Mestrado,Capitais,Híbrido,Masculino,Branca,0.6758188351926266
CAND_02758,1.1,74.0,Doutorado,Capitais,Remoto,Masculino,Branca,1.0
CAND_02759,4.0,71.0,Bacharelado,Capitais,Presencial,Masculino,Branca,0.8223052318835872
CAND_02760,6.4,41.0,Mestrado,Capitais,Presencial,Masculino,Branca,0.7853961977964893
CAND_02761,4.8,8.0,Ensino Médio,Capitais,Remoto,Feminino,Branca,0.22633139011990636
CAND_02762,5.8,47.0,Bacharelado,Capitais,Remoto,Masculino,Branca,0.8057288768243562
CAND_02763,1.8,46.0,Bacharelado,Capitais,Híbrido,Feminino,Branca,0.2675621872857214
CAND_02764,6.8,46.0,Ensino Médio,Capitais,Presencial,Feminino,Preta,0.18602095544232955
CAND_02765,3.2,58.0,Bacharelado,Região Metropolitana,Híbrido,Masculino,Branca,0.5726836764037775
CAND_02766,4.0,63.0,Mestrado,Região Metropolitana,Presencial,Masculino,Branca,0.6011067249852612
CAND_02767,5.7,65.0,Bacharelado,Capitais,Híbrido,Masculino,Amarela,0.6602987455315658
CAND_02768,5.3,57.0,Bacharelado,Capitais,Presencial,Masculino,Branca,0.7681138476590899
CAND_02769,5.1,23.0,Bacharelado,Região Metropolitana,Híbrido,Masculino,Branca,0.6244691505194159
CAND_02770,2.7,45.0,Bacharelado,Capitais,Presencial,Masculino,Branca,0.606169999107648
CAND_02771,4.1,85.0,Bacharelado,Capitais,Híbrido,Não-binário,Branca,0.6705079551973083
CAND_02772,5.0,56.0,Bacharelado,Região Metropolitana,Híbrido,Masculino,Branca,0.6817141756315198
CAND_02773,0.9,56.0,Bacharelado,Capitais,Híbrido,Feminino,Branca,0.3947853666027552
CAND_02774,3.6,55.0,Bacharelado,Capitais,Presencial,Masculino,Branca,0.6281111234435628
CAND_02775,6.2,56.0,Bacharelado,Capitais,Presencial,Masculino,Parda,0.4997096233375129
CAND_02776,1.2,14.0,Ensino Médio,Capitais,Híbrido,Masculino,Branca,0.5464371303416938
CAND_02777,8.5,46.0,Bacharelado,Capitais,Híbrido,Masculino,Amarela,0.6590905168934759
CAND_02778,8.8,49.0,Bacharelado,Região Metropolitana,Híbrido,Masculino,Parda,0.9647368898218182
CAND_02779,1.3,69.0,Bacharelado,Região Metropolitana,Presencial,Feminino,Preta,0.16853802953428848
CAND_02780,9.1,51.0,Bacharelado,Capitais,Remoto,Masculino,Preta,0.4693206397724873
CAND_02781,4.6,25.0,Bacharelado,Interior,Remoto,Feminino,Branca,0.07185647774090972
CAND_02782,6.3,56.0,Mestrado,Região Metropolitana,Híbrido,Feminino,Branca,0.6459966343799073
CAND_02783,3.5,38.0,Mestrado,Capitais,Híbrido,Feminino,Amarela,0.3449826434545662
CAND_02784,7.8,32.0,Mestrado,Capitais,Remoto,Feminino,Branca,0.6891779919298436
CAND_02785,6.2,37.0,Ensino Médio,Capitais,Remoto,Masculino,Branca,0.5303357980578094
CAND_02786,2.6,58.0,Bacharelado,Região Metropolitana,Remoto,Não-binário,Branca,0.45563655644651746
CAND_02787,1.5,69.0,Bacharelado,Capitais,Híbrido,Feminino,Branca,0.453795942365468
CAND_02788,0.6,57.0,Bacharelado,Região Metropolitana,Remoto,Feminino,Branca,0.5243716193947516
CAND_02789,5.6,59.0,Bacharelado,Capitais,Presencial,Masculino,Branca,0.8016215121492283
CAND_02790,6.7,57.0,Mestrado,Capitais,Híbrido,Masculino,Preta,0.40643059689925276
CAND_02791,7.0,52.0,Bacharelado,Capitais,Híbrido,Feminino,Branca,0.5348802960322057
CAND_02792,4.6,60.0,Bacharelado,Região Metropolitana,Híbrido,Feminino,Parda,0.23718857976235866
CAND_02793,1.5,14.0,Bacharelado,Capitais,Híbrido,Feminino,Branca,0.16967182877317322
CAND_02794,3.0,52.0,Bacharelado,Capitais,Presencial,Feminino,Branca,0.35772025145063313
CAND_02795,8.5,34.0,Bacharelado,Capitais,Remoto,Masculino,Branca,0.6419058550735725
CAND_02796,3.5,67.0,Bacharelado,Região Metropolitana,Híbrido,Masculino,Parda,0.6117314215995356
CAND_02797,5.4,48.0,Bacharelado,Região Metropolitana,Remoto,Feminino,Amarela,0.2664583095076078
CAND_02798,1.8,50.0,Mestrado,Capitais,Presencial,Masculino,Branca,0.6974545700794326
CAND_02799,6.0,27.0,Bacharelado,Interior,Híbrido,Feminino,Branca,0.27561401705998234
CAND_02800,3.6,65.0,Mestrado,Capitais,Híbrido,Feminino,Parda,0.5652385428048093
CAND_02801,8.1,59.0,Bacharelado,Capitais,Híbrido,Masculino,Preta,0.42302053586591215
CAND_02802,7.3,58.0,Bacharelado,Capitais,Remoto,Masculino,Branca,0.7853178714504818
CAND_02803,3.5,38.0,Bacharelado,Capitais,Presencial,Feminino,Branca,0.5654459026518346
CAND_02804,4.6,38.0,Mestrado,Capitais,Presencial,Masculino,Amarela,0.47741971731360827
CAND_02805,3.3,53.0,Bacharelado,Região Metropolitana,Remoto,Masculino,Branca,0.6774672765566467
CAND_02806,0.7,40.0,Bacharelado,Região Metropolitana,Híbrido,Feminino,Branca,0.3641624711693346
CAND_02807,2.4,57.0,Bacharelado,Região Metropolitana,Presencial,Feminino,Branca,0.5122268430602582
CAND_02808,5.6,18.0,Bacharelado,Região Metropolitana,Híbrido,Feminino,Preta,0.11271388997373802
CAND_02809,6.0,43.0,Ensino Médio,Região Metropolitana,Híbrido,Masculino,Branca,0.6765365228699333
CAND_02810,5.4,77.0,Mestrado,Capitais,Híbrido,Masculino,Parda,0.8667291379177444
CAND_02811,4.1,57.0,Bacharelado,Região Metropolitana,Presencial,Feminino,Parda,0.47572850086940827
CAND_02812,7.8,53.0,Bacharelado,Capitais,Híbrido,Masculino,Branca,0.8122127642278373
CAND_02813,5.2,80.0,Doutorado,Interior,Híbrido,Masculino,Branca,0.6733210652170641
CAND_02814,7.1,15.0,Mestrado,Capitais,Remoto,Masculino,Indígena,0.38492356533073957
CAND_02815,0.0,38.0,Bacharelado,Capitais,Remoto,Masculino,Branca,0.5166772541495738
CAND_02816,0.0,44.0,Bacharelado,Região Metropolitana,Híbrido,Masculino,Branca,0.6811640528176349
CAND_02817,5.9,63.0,Bacharelado,Região Metropolitana,Híbrido,Masculino,Indígena,0.5528346956072683
CAND_02818,0.7,63.0,Mestrado,Capitais,Presencial,Masculino,Amarela,0.5469559484758664
CAND_02819,4.4,37.0,Mestrado,Capitais,Híbrido,Não-binário,Branca,0.23926936774774055
CAND_02820,4.1,65.0,Mestrado,Capitais,Presencial,Masculino,Branca,0.8113741900668107
CAND_02821,9.8,44.0,Bacharelado,Interior,Remoto,Masculino,Branca,0.630590801841663
CAND_02822,6.2,68.0,Bacharelado,Capitais,Remoto,Masculino,Amarela,0.3286681042173596
CAND_02823,5.5,35.0,Ensino Médio,Capitais,Híbrido,Masculino,Parda,0.5790888941970789
CAND_02824,7.5,48.0,Ensino Médio,Capitais,Presencial,Feminino,Branca,0.3269019443344768
CAND_02825,6.1,43.0,Mestrado,Capitais,Presencial,Feminino,Parda,0.4214650835087924
CAND_02826,3.6,66.0,Ensino Médio,Capitais,Remoto,Feminino,Parda,0.5354472013274945
CAND_02827,8.2,42.0,Bacharelado,Região Metropolitana,Remoto,Feminino,Branca,0.4977451526837732
CAND_02828,1.7,49.0,Mestrado,Região Metropolitana,Presencial,Feminino,Preta,0.13515499090302371
CAND_02829,6.0,58.0,Bacharelado,Capitais,Híbrido,Masculino,Branca,0.6985924800652796
CAND_02830,0.4,58.0,Ensino Médio,Região Metropolitana,Presencial,Masculino,Parda,0.448200776636683
CAND_02831,5.6,63.0,Mestrado,Capitais,Presencial,Masculino,Branca,0.8300888954490799
CAND_02832,5.6,53.0,Mestrado,Capitais,Presencial,Masculino,Preta,0.40393571426041386
CAND_02833,10.0,44.0,Mestrado,Capitais,Híbrido,Feminino,Branca,0.7384417468146665
CAND_02834,0.3,45.0,Bacharelado,Capitais,Presencial,Masculino,Branca,0.47124363211224535
CAND_02835,3.2,50.0,Bacharelado,Região Metropolitana,Presencial,Feminino,Branca,0.24129424671603816
CAND_02836,7.5,54.0,Ensino Médio,Capitais,Presencial,Masculino,Preta,0.5651153131947071
CAND_02837,6.0,48.0,Bacharelado,Região Metropolitana,Híbrido,Masculino,Branca,0.6183078675940531
CAND_02838,5.5,50.0,Bacharelado,Região Metropolitana,Híbrido,Masculino,Preta,0.4170459590659103
CAND_02839,2.1,27.0,Mestrado,Região Metropolitana,Presencial,Feminino,Branca,0.4154631017009502
CAND_02840,3.2,60.0,Bacharelado,Interior,Remoto,Feminino,Preta,0.032056305210544714
CAND_02841,8.7,53.0,Bacharelado,Interior,Presencial,Não-binário,Branca,0.39971457523534115
CAND_02842,4.8,65.0,Mestrado,Capitais,Híbrido,Feminino,Branca,0.6708214981588537
CAND_02843,6.1,50.0,Mestrado,Capitais,Presencial,Masculino,Branca,0.9363234885874976
CAND_02844,4.7,24.0,Bacharelado,Capitais,Presencial,Masculino,Branca,0.5388941107501207
CAND_02845,1.5,45.0,Mestrado,Região Metropolitana,Presencial,Feminino,Preta,0.11370527996411665
CAND_02846,7.8,47.0,Doutorado,Capitais,Presencial,Feminino,Preta,0.45033266193253285
CAND_02847,6.5,61.0,Mestrado,Interior,Remoto,Masculino,Branca,0.6948592964058838
CAND_02848,11.9,19.0,Mestrado,Capitais,Híbrido,Masculino,Preta,0.500296424050517
CAND_02849,2.0,51.0,Mestrado,Capitais,Remoto,Masculino,Branca,0.8532689982508587
CAND_02850,7.5,58.0,Bacharelado,Capitais,Presencial,Masculino,Branca,0.6137562730688423
CAND_02851,1.1,40.0,Bacharelado,Região Metropolitana,Híbrido,Feminino,Branca,0.1898254549542139
CAND_02852,5.5,51.0,Bacharelado,Capitais,Presencial,Feminino,Branca,0.34691180602446153
CAND_02853,7.9,41.0,Ensino Médio,Capitais,Remoto,Masculino,Preta,0.5421679960999974
CAND_02854,0.0,39.0,Bacharelado,Capitais,Remoto,Masculino,Indígena,0.4574723321220452
CAND_02855,4.4,44.0,Bacharelado,Capitais,Remoto,Feminino,Branca,0.32692549161331885
CAND_02856,3.3,39.0,Bacharelado,Capitais,Presencial,Feminino,Branca,0.40969666086507733
CAND_02857,2.9,60.0,Mestrado,Capitais,Híbrido,Masculino,Amarela,0.5452324406661031
CAND_02858,6.2,39.0,Mestrado,Capitais,Presencial,Feminino,Branca,0.30907803807964196
CAND_02859,8.4,36.0,Ensino Médio,Capitais,Presencial,Feminino,Branca,0.4808277127945715
CAND_02860,4.6,77.0,Bacharelado,Interior,Presencial,Masculino,Branca,0.5322453937866692
CAND_02861,5.6,64.0,Mestrado,Interior,Presencial,Feminino,Preta,0.2886668546891004
CAND_02862,5.3,22.0,Mestrado,Capitais,Híbrido,Masculino,Preta,0.27930587542202007
CAND_02863,5.0,39.0,Mestrado,Capitais,Híbrido,Masculino,Preta,0.47791598205210295
CAND_02864,1.7,54.0,Doutorado,Capitais,Híbrido,Masculino,Branca,0.8794570232789851
CAND_02865,8.3,55.0,Doutorado,Interior,Remoto,Masculino,Preta,0.5834560081013228
CAND_02866,5.9,28.0,Bacharelado,Capitais,Presencial,Masculino,Branca,0.680716488371715
CAND_02867,6.2,67.0,Bacharelado,Capitais,Presencial,Feminino,Indígena,0.43386644235582533
CAND_02868,2.6,62.0,Mestrado,Capitais,Híbrido,Masculino,Branca,0.5999895762913153
CAND_02869,3.6,57.0,Bacharelado,Capitais,Híbrido,Feminino,Branca,0.4560904159700524
CAND_02870,4.5,70.0,Mestrado,Capitais,Presencial,Feminino,Amarela,0.39739938307270933
CAND_02871,0.4,57.0,Bacharelado,Região Metropolitana,Remoto,Masculino,Parda,0.5062177656516745
CAND_02872,0.0,57.0,Mestrado,Capitais,Híbrido,Masculino,Parda,0.47464777576803635
CAND_02873,3.2,73.0,Bacharelado,Capitais,Híbrido,Masculino,Branca,0.7994434744823871
CAND_02874,6.6,67.0,Bacharelado,Capitais,Híbrido,Masculino,Parda,0.6319084327674713
CAND_02875,3.0,37.0,Bacharelado,Região Metropolitana,Híbrido,Masculino,Preta,0.4626108943605654
CAND_02876,1.9,59.0,Mestrado,Capitais,Híbrido,Masculino,Preta,0.4888021185318695
CAND_02877,2.6,40.0,Bacharelado,Capitais,Híbrido,Masculino,Indígena,0.5599262628014452
CAND_02878,3.6,58.0,Mestrado,Região Metropolitana,Presencial,Masculino,Branca,0.7998593140345341
CAND_02879,3.9,57.0,Mestrado,Interior,Remoto,Masculino,Branca,0.8137931641604832
CAND_02880,11.5,29.0,Mestrado,Capitais,Híbrido,Feminino,Parda,0.5641881005239053
CAND_02881,8.2,48.0,Mestrado,Capitais,Híbrido,Masculino,Branca,0.7669938750190058
CAND_02882,8.1,54.0,Bacharelado,Capitais,Híbrido,Masculino,Branca,0.7409214808555084
CAND_02883,8.5,43.0,Bacharelado,Região Metropolitana,Híbrido,Masculino,Branca,0.8416102641339802
CAND_02884,2.0,55.0,Bacharelado,Capitais,Presencial,Masculino,Preta,0.27797645840773666
CAND_02885,1.3,62.0,Mestrado,Capitais,Remoto,Feminino,Branca,0.43618754218068184
CAND_02886,1.7,50.0,Mestrado,Capitais,Remoto,Masculino,Branca,0.7076991760731464
CAND_02887,9.0,53.0,Bacharelado,Capitais,Presencial,Masculino,Branca,0.7767202545977505
CAND_02888,3.4,71.0,Bacharelado,Capitais,Presencial,Masculino,Branca,0.8487644457705007
CAND_02889,1.2,57.0,Bacharelado,Interior,Remoto,Masculino,Branca,0.36813067625205786
CAND_02890,3.7,53.0,Bacharelado,Capitais,Remoto,Masculino,Branca,0.6793053992366802
CAND_02891,4.3,36.0,Bacharelado,Interior,Híbrido,Masculino,Amarela,0.2612988257481342
CAND_02892,5.8,60.0,Bacharelado,Capitais,Híbrido,Masculino,Branca,0.648775602933418
CAND_02893,5.8,55.0,Ensino Médio,Interior,Remoto,Masculino,Parda,0.5738660120632914
CAND_02894,2.5,69.0,Bacharelado,Região Metropolitana,Presencial,Não-binário,Parda,0.36682157103719143
CAND_02895,7.1,51.0,Bacharelado,Capitais,Híbrido,Masculino,Branca,0.7325925389152721
CAND_02896,3.1,23.0,Ensino Médio,Capitais,Híbrido,Masculino,Branca,0.4215296542731564
CAND_02897,4.5,24.0,Bacharelado,Capitais,Remoto,Feminino,Amarela,0.1490134417214612
CAND_02898,7.1,61.0,Bacharelado,Capitais,Presencial,Feminino,Branca,0.48383724110794346
CAND_02899,3.1,41.0,Ensino Médio,Capitais,Híbrido,Feminino,Branca,0.4623766385364427
CAND_02900,3.3,57.0,Bacharelado,Capitais,Híbrido,Feminino,Branca,0.5972815996755305
CAND_02901,6.8,52.0,Bacharelado,Região Metropolitana,Remoto,Masculino,Branca,0.8620061524802252
CAND_02902,2.4,47.0,Bacharelado,Região Metropolitana,Híbrido,Masculino,Branca,0.6294053376921452
CAND_02903,3.8,49.0,Mestrado,Capitais,Remoto,Feminino,Branca,0.48807814066868815
CAND_02904,6.7,37.0,Bacharelado,Interior,Remoto,Feminino,Branca,0.2851036776904313
CAND_02905,11.2,50.0,Bacharelado,Interior,Híbrido,Masculino,Preta,0.47306480437403187
CAND_02906,6.8,41.0,Bacharelado,Capitais,Presencial,Masculino,Amarela,0.5200863554560913
CAND_02907,6.4,44.0,Bacharelado,Capitais,Híbrido,Feminino,Branca,0.4865791853658123
CAND_02908,6.6,45.0,Mestrado,Capitais,Remoto,Masculino,Branca,0.7357921423124193
CAND_02909,1.8,47.0,Bacharelado,Capitais,Presencial,Feminino,Preta,0.2911190420772492
CAND_02910,5.3,64.0,Bacharelado,Capitais,Híbrido,Masculino,Branca,0.7188152656182958
CAND_02911,4.9,48.0,Bacharelado,Capitais,Presencial,Feminino,Branca,0.6246675926836043
CAND_02912,6.0,65.0,Bacharelado,Região Metropolitana,Presencial,Masculino,Parda,0.6982136194000206
CAND_02913,5.3,73.0,Ensino Médio,Região Metropolitana,Híbrido,Masculino,Amarela,0.4612119183417381
CAND_02914,6.1,63.0,Bacharelado,Capitais,Híbrido,Masculino,Branca,0.6954730754690909
CAND_02915,4.1,58.0,Bacharelado,Região Metropolitana,Híbrido,Masculino,Branca,0.6485475270067249
CAND_02916,5.2,55.0,Ensino Médio,Região Metropolitana,Remoto,Masculino,Branca,0.6743365670551561
CAND_02917,1.3,63.0,Bacharelado,Capitais,Presencial,Feminino,Branca,0.4402987041606006
CAND_02918,4.0,51.0,Mestrado,Região Metropolitana,Presencial,Masculino,Branca,0.7690335552980441
CAND_02919,9.2,65.0,Bacharelado,Capitais,Remoto,Masculino,Branca,0.8013041163571631
CAND_02920,6.0,59.0,Bacharelado,Capitais,Híbrido,Masculino,Branca,0.7435215417608868
CAND_02921,4.9,45.0,Bacharelado,Capitais,Presencial,Feminino,Branca,0.34933055975085037
CAND_02922,10.7,63.0,Bacharelado,Capitais,Remoto,Masculino,Branca,0.9219476836804361
CAND_02923,0.9,51.0,Mestrado,Capitais,Remoto,Não-binário,Amarela,0.19528243064304354
CAND_02924,1.7,48.0,Bacharelado,Capitais,Híbrido,Feminino,Amarela,0.3838870507335891
CAND_02925,10.1,43.0,Ensino Médio,Região Metropolitana,Remoto,Feminino,Parda,0.49448100172682835
CAND_02926,5.1,52.0,Bacharelado,Região Metropolitana,Presencial,Masculino,Branca,0.6684499773727648
CAND_02927,4.3,65.0,Bacharelado,Capitais,Presencial,Feminino,Branca,0.6685176021026908
CAND_02928,1.4,63.0,Bacharelado,Capitais,Remoto,Masculino,Preta,0.4705108849422107
CAND_02929,6.3,55.0,Mestrado,Região Metropolitana,Híbrido,Masculino,Preta,0.5968260120854771
CAND_02930,6.6,59.0,Mestrado,Capitais,Presencial,Masculino,Preta,0.4817628500342724
CAND_02931,1.7,69.0,Bacharelado,Capitais,Híbrido,Masculino,Branca,0.7561188858241117
CAND_02932,4.6,48.0,Mestrado,Capitais,Híbrido,Masculino,Preta,0.534272186060301
CAND_02933,4.0,33.0,Bacharelado,Região Metropolitana,Presencial,Masculino,Amarela,0.20752589347787692
CAND_02934,5.8,70.0,Mestrado,Região Metropolitana,Híbrido,Masculino,Branca,0.9466625464089695
CAND_02935,1.6,42.0,Mestrado,Região Metropolitana,Presencial,Masculino,Branca,0.4839667742295286
CAND_02936,8.8,40.0,Bacharelado,Capitais,Híbrido,Feminino,Branca,0.40610376354008987
CAND_02937,7.7,23.0,Bacharelado,Região Metropolitana,Híbrido,Não-binário,Preta,0.0
CAND_02938,3.9,59.0,Mestrado,Capitais,Presencial,Feminino,Branca,0.6113855939826799
CAND_02939,4.4,26.0,Bacharelado,Capitais,Presencial,Masculino,Amarela,0.227693457308532
CAND_02940,4.6,39.0,Bacharelado,Capitais,Remoto,Masculino,Branca,0.5963080513643024
CAND_02941,2.7,59.0,Bacharelado,Região Metropolitana,Híbrido,Masculino,Amarela,0.5237868387473215
CAND_02942,3.7,61.0,Mestrado,Capitais,Híbrido,Masculino,Branca,0.7872052909692895
CAND_02943,4.2,40.0,Mestrado,Capitais,Presencial,Não-binário,Branca,0.38163027393877397
CAND_02944,9.8,48.0,Bacharelado,Região Metropolitana,Híbrido,Masculino,Parda,0.5289320489175535
CAND_02945,7.8,37.0,Mestrado,Região Metropolitana,Híbrido,Feminino,Amarela,0.29323871145884983
CAND_02946,7.8,42.0,Bacharelado,Região Metropolitana,Presencial,Feminino,Indígena,0.40952752636530554
CAND_02947,6.1,54.0,Doutorado,Capitais,Híbrido,Feminino,Branca,0.7080836446752694
CAND_02948,1.6,42.0,Bacharelado,Região Metropolitana,Híbrido,Feminino,Branca,0.528678083590752
CAND_02949,4.9,46.0,Ensino Médio,Região Metropolitana,Híbrido,Masculino,Branca,0.5166541426669694
CAND_02950,7.9,28.0,Ensino Médio,Capitais,Presencial,Masculino,Branca,0.4882966306285774
CAND_02951,1.2,67.0,Bacharelado,Capitais,Presencial,Feminino,Branca,0.5229950978844422
CAND_02952,6.9,58.0,Bacharelado,Capitais,Remoto,Masculino,Branca,0.7911421228540042
CAND_02953,12.0,62.0,Mestrado,Capitais,Remoto,Masculino,Amarela,0.7375140387216083
CAND_02954,8.2,69.0,Bacharelado,Capitais,Híbrido,Masculino,Branca,0.7653601990235855
CAND_02955,9.2,38.0,Doutorado,Capitais,Remoto,Feminino,Preta,0.12066208998175498
CAND_02956,5.7,45.0,Bacharelado,Capitais,Híbrido,Masculino,Preta,0.343338673784832
CAND_02957,7.9,22.0,Bacharelado,Capitais,Presencial,Feminino,Branca,0.5017068466295077
CAND_02958,2.8,97.0,Bacharelado,Região Metropolitana,Presencial,Masculino,Indígena,0.6723963598401257
CAND_02959,7.4,48.0,Mestrado,Capitais,Híbrido,Feminino,Branca,0.686526400058606
CAND_02960,7.0,66.0,Bacharelado,Capitais,Híbrido,Feminino,Amarela,0.43851819090324623
CAND_02961,5.9,31.0,Mestrado,Região Metropolitana,Híbrido,Masculino,Amarela,0.5156017242583302
CAND_02962,8.9,65.0,Doutorado,Capitais,Remoto,Masculino,Amarela,0.8144732021010754
CAND_02963,3.4,78.0,Bacharelado,Capitais,Remoto,Feminino,Parda,0.5320475170328499
CAND_02964,4.4,49.0,Ensino Médio,Capitais,Remoto,Feminino,Branca,0.43674987537328347
CAND_02965,5.3,35.0,Mestrado,Região Metropolitana,Remoto,Feminino,Branca,0.1551137567728173
CAND_02966,1.9,48.0,Mestrado,Interior,Remoto,Masculino,Branca,0.46434159166378625
CAND_02967,5.7,17.0,Bacharelado,Região Metropolitana,Híbrido,Masculino,Branca,0.47065972739290074
CAND_02968,0.0,49.0,Bacharelado,Região Metropolitana,Presencial,Masculino,Parda,0.48511962718590085
CAND_02969,8.1,62.0,Bacharelado,Capitais,Híbrido,Masculino,Preta,0.4669661165356893
CAND_02970,5.1,49.0,Bacharelado,Região Metropolitana,Híbrido,Feminino,Branca,0.5417564013758228
CAND_02971,3.4,46.0,Bacharelado,Interior,Híbrido,Masculino,Branca,0.41384900353254805
CAND_02972,2.5,58.0,Bacharelado,Capitais,Remoto,Feminino,Branca,0.5922432641617219
CAND_02973,4.3,59.0,Bacharelado,Região Metropolitana,Remoto,Masculino,Branca,0.5758844964737381
CAND_02974,7.1,25.0,Bacharelado,Capitais,Híbrido,Masculino,Branca,0.5816220204026848
CAND_02975,6.6,51.0,Doutorado,Capitais,Híbrido,Feminino,Preta,0.3180187646923454
CAND_02976,2.9,87.0,Mestrado,Região Metropolitana,Remoto,Feminino,Preta,0.3063765990664191
CAND_02977,2.5,30.0,Mestrado,Capitais,Presencial,Feminino,Branca,0.5378637946041593
CAND_02978,7.0,49.0,Mestrado,Capitais,Presencial,Feminino,Branca,0.5532915372072992
CAND_02979,2.8,79.0,Bacharelado,Região Metropolitana,Remoto,Feminino,Preta,0.24183442043920625
CAND_02980,5.2,67.0,Mestrado,Região Metropolitana,Remoto,Feminino,Branca,0.4978203371839554
CAND_02981,5.4,42.0,Mestrado,Região Metropolitana,Híbrido,Feminino,Indígena,0.30002065259180744
CAND_02982,5.9,53.0,Mestrado,Capitais,Remoto,Não-binário,Branca,0.551644850949344
CAND_02983,7.6,50.0,Bacharelado,Capitais,Híbrido,Masculino,Branca,0.7304839126804975
CAND_02984,1.2,39.0,Bacharelado,Interior,Híbrido,Feminino,Amarela,0.014970832147931292
CAND_02985,0.0,49.0,Ensino Médio,Capitais,Híbrido,Masculino,Branca,0.6476030393604512
CAND_02986,3.3,46.0,Bacharelado,Interior,Presencial,Masculino,Branca,0.5273649452541014
CAND_02987,10.4,52.0,Doutorado,Região Metropolitana,Presencial,Masculino,Preta,0.5009115179261456
CAND_02988,11.1,39.0,Bacharelado,Região Metropolitana,Remoto,Feminino,Preta,0.26947347593674076
CAND_02989,10.5,31.0,Mestrado,Capitais,Presencial,Masculino,Branca,0.7301649818549952
CAND_02990,4.4,49.0,Bacharelado,Capitais,Presencial,Não-binário,Branca,0.48610259575413517
CAND_02991,0.0,76.0,Bacharelado,Região Metropolitana,Híbrido,Masculino,Branca,0.6642939807383934
CAND_02992,0.0,51.0,Ensino Médio,Capitais,Presencial,Masculino,Preta,0.4170310810336988
CAND_02993,3.2,45.0,Bacharelado,Região Metropolitana,Remoto,Masculino,Branca,0.5199958717275027
CAND_02994,4.4,61.0,Bacharelado,Região Metropolitana,Presencial,Masculino,Preta,0.412757983772019
CAND_02995,8.9,48.0,Bacharelado,Capitais,Híbrido,Feminino,Preta,0.21358858458563473
CAND_02996,7.6,78.0,Bacharelado,Região Metropolitana,Híbrido,Feminino,Branca,0.6098197066746813
CAND_02997,5.7,50.0,Mestrado,Capitais,Remoto,Masculino,Branca,0.6103418983313207
CAND_02998,2.3,61.0,Bacharelado,Capitais,Híbrido,Masculino,Branca,0.7221484565850059
CAND_02999,2.1,39.0,Mestrado,Capitais,Híbrido,Masculino,Branca,0.6424540414669146
CAND_03000,5.8,58.0,Ensino Médio,Região Metropolitana,Remoto,Feminino,Preta,0.213518473804793
CAND_03001,7.1,54.0,Bacharelado,Capitais,Presencial,Masculino,Preta,0.5868134643694164
CAND_03002,6.2,49.0,Bacharelado,Capitais,Híbrido,Masculino,Branca,0.7424802489295624
CAND_03003,1.9,42.0,Mestrado,Capitais,Remoto,Masculino,Amarela,0.32832224636160845
CAND_03004,7.0,40.0,Bacharelado,Capitais,Híbrido,Feminino,Branca,0.44441272244597063
CAND_03005,6.3,54.0,Bacharelado,Capitais,Remoto,Masculino,Branca,0.7339818428569757
CAND_03006,1.8,59.0,Mestrado,Capitais,Presencial,Masculino,Branca,0.6891900529992374
CAND_03007,2.6,48.0,Ensino Médio,Região Metropolitana,Presencial,Feminino,Branca,0.3234041960645132
CAND_03008,7.1,54.0,Ensino Médio,Capitais,Presencial,Não-binário,Branca,0.6201452508152034
CAND_03009,4.3,49.0,Mestrado,Capitais,Remoto,Feminino,Amarela,0.34203554460867597
CAND_03010,9.8,51.0,Bacharelado,Capitais,Remoto,Masculino,Branca,0.8382259616548318
CAND_03011,6.5,47.0,Bacharelado,Interior,Híbrido,Masculino,Amarela,0.16711985044293187
CAND_03012,3.5,50.0,Bacharelado,Capitais,Presencial,Não-binário,Branca,0.4946004652232868
CAND_03013,5.0,90.0,Ensino Médio,Região Metropolitana,Presencial,Masculino,Preta,0.7951961879558402
CAND_03014,5.2,55.0,Bacharelado,Região Metropolitana,Híbrido,Masculino,Amarela,0.6085654136285124
CAND_03015,2.8,60.0,Bacharelado,Região Metropolitana,Híbrido,Masculino,Branca,0.6019809816087802
CAND_03016,2.3,57.0,Mestrado,Região Metropolitana,Remoto,Não-binário,Branca,0.6521057423639216
CAND_03017,7.1,46.0,Bacharelado,Capitais,Remoto,Feminino,Branca,0.528749636659554
CAND_03018,7.5,69.0,Bacharelado,Região Metropolitana,Remoto,Feminino,Indígena,0.4566546276521399
CAND_03019,6.8,46.0,Mestrado,Capitais,Híbrido,Masculino,Preta,0.4932563784212184
CAND_03020,9.5,66.0,Bacharelado,Região Metropolitana,Remoto,Masculino,Preta,0.5246681131794723
CAND_03021,3.4,45.0,Mestrado,Interior,Remoto,Masculino,Preta,0.07319048072289303
CAND_03022,10.0,36.0,Mestrado,Interior,Híbrido,Masculino,Branca,0.7227494031886457
CAND_03023,2.3,55.0,Bacharelado,Capitais,Híbrido,Feminino,Branca,0.43630017925274484
CAND_03024,2.0,33.0,Bacharelado,Capitais,Presencial,Masculino,Branca,0.5531939312126288
CAND_03025,0.0,58.0,Doutorado,Capitais,Híbrido,Masculino,Branca,0.7593337644138469
CAND_03026,3.7,32.0,Doutorado,Capitais,Remoto,Feminino,Parda,0.4105421765699089
CAND_03027,3.5,45.0,Bacharelado,Capitais,Híbrido,Masculino,Preta,0.4263826777202998
CAND_03028,6.6,29.0,Ensino Médio,Capitais,Remoto,Feminino,Indígena,0.36830605094455826
CAND_03029,5.7,92.0,Bacharelado,Interior,Presencial,Feminino,Branca,0.5724813353695019
CAND_03030,1.4,25.0,Bacharelado,Capitais,Remoto,Feminino,Branca,0.31265028631552444
CAND_03031,3.8,50.0,Bacharelado,Região Metropolitana,Remoto,Feminino,Parda,0.36365048961173274
CAND_03032,3.9,67.0,Bacharelado,Capitais,Híbrido,Feminino,Branca,0.5660593579077754
CAND_03033,0.0,66.0,Mestrado,Região Metropolitana,Remoto,Masculino,Branca,0.5807849702339769
CAND_03034,2.1,63.0,Bacharelado,Interior,Híbrido,Masculino,Branca,0.5647859701275919
CAND_03035,2.7,45.0,Mestrado,Capitais,Presencial,Feminino,Branca,0.5524570892473936
CAND_03036,9.3,70.0,Ensino Médio,Capitais,Presencial,Masculino,Indígena,0.674751609611076
CAND_03037,5.6,64.0,Ensino Médio,Capitais,Híbrido,Feminino,Branca,0.4755867102066625
CAND_03038,7.0,53.0,Bacharelado,Interior,Remoto,Masculino,Amarela,0.3732896480170076
CAND_03039,0.5,54.0,Ensino Médio,Capitais,Presencial,Masculino,Amarela,0.44121688403098697
CAND_03040,8.6,45.0,Bacharelado,Capitais,Híbrido,Masculino,Branca,0.6419823795416343
CAND_03041,8.9,36.0,Mestrado,Capitais,Remoto,Masculino,Preta,0.44035428561537093
CAND_03042,0.0,69.0,Bacharelado,Capitais,Presencial,Não-binário,Branca,0.26530989862192417
CAND_03043,2.9,70.0,Mestrado,Região Metropolitana,Presencial,Feminino,Branca,0.5413998699339804
CAND_03044,6.5,37.0,Bacharelado,Capitais,Híbrido,Masculino,Amarela,0.5641887675741223
CAND_03045,6.9,48.0,Ensino Médio,Capitais,Presencial,Feminino,Branca,0.6131481826457523
CAND_03046,3.0,48.0,Bacharelado,Capitais,Presencial,Masculino,Branca,0.8068665843194722
CAND_03047,4.1,50.0,Mestrado,Interior,Presencial,Feminino,Branca,0.31295258578087815
CAND_03048,3.2,51.0,Bacharelado,Capitais,Presencial,Feminino,Branca,0.49300309655116503
CAND_03049,5.3,64.0,Bacharelado,Região Metropolitana,Híbrido,Masculino,Branca,0.6717687658815964
CAND_03050,8.6,39.0,Mestrado,Capitais,Híbrido,Masculino,Branca,0.942764395222512
CAND_03051,2.7,37.0,Mestrado,Região Metropolitana,Remoto,Feminino,Branca,0.5323446300105805
CAND_03052,8.0,69.0,Bacharelado,Interior,Híbrido,Não-binário,Amarela,0.25280714389772607
CAND_03053,2.7,43.0,Mestrado,Capitais,Remoto,Feminino,Branca,0.4140644253788742
CAND_03054,2.5,31.0,Bacharelado,Capitais,Remoto,Feminino,Branca,0.029195708576190804
CAND_03055,7.5,43.0,Mestrado,Capitais,Remoto,Feminino,Branca,0.42864001824833914
CAND_03056,7.8,45.0,Bacharelado,Região Metropolitana,Híbrido,Masculino,Preta,0.25077072414923907
CAND_03057,7.6,73.0,Bacharelado,Capitais,Remoto,Feminino,Branca,0.49937674300957996
CAND_03058,1.1,64.0,Bacharelado,Capitais,Remoto,Masculino,Indígena,0.715884761791193
CAND_03059,3.6,67.0,Bacharelado,Capitais,Híbrido,Masculino,Preta,0.3604958586588275
CAND_03060,7.5,62.0,Bacharelado,Capitais,Presencial,Feminino,Branca,0.49190570051616483
CAND_03061,5.1,64.0,Mestrado,Capitais,Híbrido,Masculino,Branca,0.7159475867683947
CAND_03062,1.8,40.0,Mestrado,Região Metropolitana,Presencial,Masculino,Branca,0.8558544728976336
CAND_03063,6.4,47.0,Bacharelado,Região Metropolitana,Presencial,Feminino,Preta,0.20975477722088548
CAND_03064,2.9,35.0,Bacharelado,Capitais,Híbrido,Masculino,Branca,0.6974204266104261
CAND_03065,10.4,47.0,Bacharelado,Região Metropolitana,Híbrido,Feminino,Preta,0.31353954115225263
CAND_03066,9.6,60.0,Bacharelado,Região Metropolitana,Remoto,Não-binário,Amarela,0.1335590982399992
CAND_03067,6.8,52.0,Doutorado,Região Metropolitana,Híbrido,Masculino,Preta,0.6972639467649538
CAND_03068,9.1,70.0,Bacharelado,Capitais,Híbrido,Masculino,Preta,0.6521096751340644
CAND_03069,5.2,33.0,Bacharelado,Capitais,Híbrido,Feminino,Parda,0.37382870209847663
CAND_03070,7.3,58.0,Bacharelado,Região Metropolitana,Híbrido,Masculino,Branca,0.9040127464344927
CAND_03071,9.4,31.0,Bacharelado,Região Metropolitana,Híbrido,Masculino,Branca,0.627345106229023
CAND_03072,5.7,51.0,Bacharelado,Capitais,Remoto,Feminino,Branca,0.5035584835243216
CAND_03073,4.2,61.0,Bacharelado,Capitais,Híbrido,Feminino,Branca,0.49348972794047463
CAND_03074,0.0,47.0,Bacharelado,Capitais,Híbrido,Masculino,Amarela,0.4956291285313005
CAND_03075,4.8,58.0,Ensino Médio,Capitais,Híbrido,Feminino,Branca,0.5593822932023534
CAND_03076,7.5,36.0,Bacharelado,Capitais,Remoto,Feminino,Preta,0.2718618861861901
CAND_03077,7.8,25.0,Bacharelado,Capitais,Remoto,Masculino,Preta,0.3008232452487521
CAND_03078,6.5,58.0,Ensino Médio,Capitais,Híbrido,Feminino,Preta,0.22497664055241393
CAND_03079,3.4,76.0,Mestrado,Região Metropolitana,Híbrido,Masculino,Branca,0.6667915732765266
CAND_03080,0.0,35.0,Bacharelado,Capitais,Remoto,Masculino,Branca,0.6560367821717141
CAND_03081,3.5,68.0,Mestrado,Capitais,Remoto,Feminino,Branca,0.4345272641627397
CAND_03082,4.1,51.0,Bacharelado,Capitais,Híbrido,Feminino,Amarela,0.44543711881644543
CAND_03083,4.1,30.0,Ensino Médio,Capitais,Presencial,Masculino,Branca,0.6807652877399195
CAND_03084,6.9,33.0,Bacharelado,Capitais,Híbrido,Feminino,Branca,0.37814711093649744
CAND_03085,11.0,50.0,Bacharelado,Região Metropolitana,Híbrido,Masculino,Branca,0.728351573636014
CAND_03086,5.4,44.0,Mestrado,Capitais,Híbrido,Masculino,Branca,0.6627569595565747
CAND_03087,4.3,30.0,Ensino Médio,Região Metropolitana,Presencial,Masculino,Branca,0.549023379769842
CAND_03088,4.2,25.0,Bacharelado,Região Metropolitana,Presencial,Masculino,Indígena,0.5252448226687325
CAND_03089,5.4,37.0,Mestrado,Região Metropolitana,Híbrido,Masculino,Parda,0.7245619316339158
CAND_03090,2.5,53.0,Bacharelado,Região Metropolitana,Remoto,Feminino,Amarela,0.1687069526584509
CAND_03091,5.4,50.0,Ensino Médio,Região Metropolitana,Remoto,Masculino,Branca,0.7334807067744462
CAND_03092,6.4,42.0,Bacharelado,Capitais,Híbrido,Masculino,Branca,0.8131822034461271
CAND_03093,5.6,53.0,Bacharelado,Interior,Remoto,Feminino,Parda,0.30511660912461064
CAND_03094,6.4,66.0,Bacharelado,Capitais,Presencial,Masculino,Parda,0.7410541522077082
CAND_03095,6.3,56.0,Bacharelado,Capitais,Híbrido,Feminino,Branca,0.7041714084646773
CAND_03096,0.0,48.0,Mestrado,Capitais,Presencial,Masculino,Amarela,0.5478361880246356
CAND_03097,6.9,64.0,Mestrado,Região Metropolitana,Remoto,Masculino,Indígena,0.7664783984509237
CAND_03098,3.0,36.0,Ensino Médio,Capitais,Remoto,Feminino,Branca,0.6125384112050103
CAND_03099,1.7,47.0,Bacharelado,Interior,Remoto,Masculino,Branca,0.5267267016312371
CAND_03100,1.7,47.0,Bacharelado,Capitais,Híbrido,Masculino,Branca,0.6545664720910789
CAND_03101,6.3,31.0,Bacharelado,Região Metropolitana,Remoto,Masculino,Indígena,0.5857937461325661
CAND_03102,4.3,44.0,Bacharelado,Capitais,Remoto,Masculino,Branca,0.8607820911467006
CAND_03103,0.0,19.0,Mestrado,Capitais,Presencial,Feminino,Preta,0.014860606948413853
CAND_03104,6.4,79.0,Mestrado,Capitais,Remoto,Masculino,Preta,0.6238141478813374
CAND_03105,0.7,36.0,Bacharelado,Capitais,Presencial,Masculino,Branca,0.4561429379452911
CAND_03106,5.4,74.0,Bacharelado,Capitais,Remoto,Masculino,Branca,0.8382749974411168
CAND_03107,5.7,51.0,Bacharelado,Interior,Presencial,Masculino,Branca,0.6569258603824073
CAND_03108,7.7,58.0,Bacharelado,Capitais,Presencial,Feminino,Amarela,0.29111227153654295
CAND_03109,10.3,43.0,Bacharelado,Região Metropolitana,Remoto,Não-binário,Preta,0.3413795520221671
CAND_03110,0.9,53.0,Bacharelado,Capitais,Presencial,Masculino,Parda,0.5346673087429162
CAND_03111,4.8,60.0,Bacharelado,Capitais,Presencial,Masculino,Branca,0.6825209246168941
CAND_03112,4.2,60.0,Bacharelado,Capitais,Híbrido,Masculino,Branca,0.8369938253223768
CAND_03113,6.3,62.0,Bacharelado,Capitais,Remoto,Masculino,Amarela,0.5114859441763127
CAND_03114,5.6,44.0,Doutorado,Região Metropolitana,Presencial,Masculino,Branca,0.5976501522776891
CAND_03115,3.9,43.0,Bacharelado,Região Metropolitana,Remoto,Masculino,Branca,0.6743657109909051
CAND_03116,3.7,26.0,Ensino Médio,Capitais,Remoto,Feminino,Branca,0.3148297703106852
CAND_03117,1.7,58.0,Bacharelado,Região Metropolitana,Híbrido,Masculino,Branca,0.7358058833177022
CAND_03118,8.0,66.0,Bacharelado,Capitais,Híbrido,Não-binário,Branca,0.6572990670763471
CAND_03119,6.4,74.0,Doutorado,Região Metropolitana,Presencial,Masculino,Branca,0.6991701639218365
CAND_03120,7.8,55.0,Bacharelado,Região Metropolitana,Híbrido,Feminino,Preta,0.407553442338892
CAND_03121,4.1,39.0,Mestrado,Região Metropolitana,Presencial,Feminino,Branca,0.6279749952846956
CAND_03122,3.0,25.0,Bacharelado,Capitais,Presencial,Masculino,Amarela,0.4633603509264232
CAND_03123,1.8,66.0,Bacharelado,Capitais,Híbrido,Feminino,Branca,0.6073860423547035
CAND_03124,6.1,23.0,Bacharelado,Capitais,Híbrido,Masculino,Branca,0.5892327919092245
CAND_03125,1.9,45.0,Bacharelado,Interior,Remoto,Não-binário,Branca,0.17033046463654006
CAND_03126,10.5,47.0,Bacharelado,Interior,Híbrido,Não-binário,Amarela,0.219244469502619
CAND_03127,1.1,49.0,Mestrado,Capitais,Remoto,Masculino,Amarela,0.5599905358020526
CAND_03128,5.8,51.0,Ensino Médio,Região Metropolitana,Presencial,Feminino,Branca,0.5094733608119648
CAND_03129,9.7,52.0,Bacharelado,Interior,Presencial,Masculino,Branca,0.608221735239483
CAND_03130,6.8,14.0,Bacharelado,Capitais,Híbrido,Masculino,Branca,0.538084090150439
CAND_03131,5.5,50.0,Bacharelado,Região Metropolitana,Presencial,Masculino,Amarela,0.31098465536162934
CAND_03132,2.1,17.0,Bacharelado,Capitais,Remoto,Masculino,Preta,0.32469199253554926
CAND_03133,0.9,61.0,Bacharelado,Capitais,Híbrido,Feminino,Amarela,0.2230218725957993
CAND_03134,7.3,42.0,Bacharelado,Capitais,Híbrido,Masculino,Branca,0.6838955202886509
CAND_03135,9.5,18.0,Bacharelado,Capitais,Híbrido,Feminino,Branca,0.6347875179777506
CAND_03136,3.7,38.0,Mestrado,Região Metropolitana,Híbrido,Masculino,Preta,0.43583889067843895
CAND_03137,1.6,41.0,Mestrado,Capitais,Híbrido,Não-binário,Amarela,0.2282898686169141
CAND_03138,0.0,68.0,Bacharelado,Capitais,Presencial,Masculino,Branca,0.7550197290475684
CAND_03139,2.1,53.0,Doutorado,Capitais,Presencial,Masculino,Branca,0.896061400744248
CAND_03140,4.7,55.0,Mestrado,Capitais,Híbrido,Feminino,Amarela,0.2022519239834934
CAND_03141,9.8,68.0,Bacharelado,Capitais,Presencial,Feminino,Branca,0.6114371563051557
CAND_03142,7.0,49.0,Bacharelado,Capitais,Remoto,Feminino,Branca,0.5127865201423311
CAND_03143,5.9,61.0,Bacharelado,Capitais,Presencial,Masculino,Branca,0.664165806769646
CAND_03144,3.8,60.0,Bacharelado,Região Metropolitana,Presencial,Masculino,Branca,0.6394778427006015
CAND_03145,3.3,31.0,Mestrado,Interior,Presencial,Masculino,Branca,0.334886509862636
CAND_03146,9.2,72.0,Mestrado,Capitais,Híbrido,Masculino,Preta,0.7642179260299043
CAND_03147,5.6,29.0,Mestrado,Região Metropolitana,Presencial,Masculino,Branca,0.5762495409265569
CAND_03148,0.0,64.0,Bacharelado,Interior,Presencial,Masculino,Branca,0.5260956397886173
CAND_03149,3.0,27.0,Bacharelado,Região Metropolitana,Híbrido,Masculino,Parda,0.4731308619657193
CAND_03150,2.4,59.0,Bacharelado,Região Metropolitana,Híbrido,Feminino,Indígena,0.3397419401124028
CAND_03151,3.4,78.0,Bacharelado,Região Metropolitana,Remoto,Feminino,Parda,0.2339110424828122
CAND_03152,6.7,47.0,Bacharelado,Capitais,Remoto,Masculino,Parda,0.7170263721057967
CAND_03153,4.7,46.0,Bacharelado,Capitais,Presencial,Masculino,Amarela,0.4504908279820688
CAND_03154,4.8,59.0,Bacharelado,Região Metropolitana,Presencial,Masculino,Parda,0.6726863927214694
CAND_03155,8.9,45.0,Bacharelado,Capitais,Híbrido,Masculino,Indígena,0.49005467922616563
CAND_03156,2.9,77.0,Mestrado,Região Metropolitana,Remoto,Feminino,Preta,0.35736740703398073
CAND_03157,10.6,53.0,Bacharelado,Região Metropolitana,Remoto,Feminino,Preta,0.45385118597242136
CAND_03158,3.0,45.0,Mestrado,Capitais,Presencial,Feminino,Preta,0.25897662597991694
CAND_03159,5.3,42.0,Doutorado,Região Metropolitana,Híbrido,Masculino,Amarela,0.452275917336805
CAND_03160,4.2,36.0,Mestrado,Capitais,Remoto,Feminino,Preta,0.16064686070666873
CAND_03161,5.4,41.0,Mestrado,Região Metropolitana,Remoto,Masculino,Parda,0.6796241300895242
CAND_03162,6.3,45.0,Bacharelado,Capitais,Presencial,Feminino,Branca,0.5629644312193082
CAND_03163,6.3,43.0,Bacharelado,Interior,Híbrido,Masculino,Amarela,0.3836541982726754
CAND_03164,2.7,40.0,Mestrado,Capitais,Presencial,Masculino,Branca,0.6602474970005745
CAND_03165,1.6,81.0,Mestrado,Região Metropolitana,Presencial,Masculino,Branca,0.7762959975351091
CAND_03166,12.5,35.0,Bacharelado,Interior,Híbrido,Masculino,Parda,0.5835090916796288
CAND_03167,3.5,52.0,Mestrado,Capitais,Presencial,Masculino,Branca,0.6899118960733572
CAND_03168,7.1,59.0,Bacharelado,Região Metropolitana,Remoto,Feminino,Branca,0.6037476910153581
CAND_03169,0.2,59.0,Bacharelado,Capitais,Remoto,Masculino,Branca,0.6710116841141106
CAND_03170,4.2,49.0,Bacharelado,Região Metropolitana,Remoto,Feminino,Branca,0.559054166192227
CAND_03171,4.6,46.0,Bacharelado,Capitais,Híbrido,Feminino,Branca,0.5876865380184033
CAND_03172,6.4,57.0,Bacharelado,Interior,Presencial,Feminino,Branca,0.43374805323440446
CAND_03173,0.0,54.0,Ensino Médio,Região Metropolitana,Presencial,Masculino,Amarela,0.37553806331963135
CAND_03174,5.5,46.0,Bacharelado,Capitais,Híbrido,Não-binário,Branca,0.3482812735264119
CAND_03175,1.6,27.0,Mestrado,Capitais,Híbrido,Masculino,Preta,0.3322410522038752
CAND_03176,6.0,43.0,Bacharelado,Região Metropolitana,Híbrido,Masculino,Parda,0.6262662830084306
CAND_03177,1.9,33.0,Ensino Médio,Capitais,Híbrido,Feminino,Branca,0.16172639447259518
CAND_03178,2.4,40.0,Bacharelado,Capitais,Híbrido,Masculino,Preta,0.4009422060319137
CAND_03179,4.2,50.0,Bacharelado,Capitais,Presencial,Feminino,Branca,0.38807730254170647
CAND_03180,1.8,55.0,Bacharelado,Capitais,Híbrido,Masculino,Preta,0.32104161094715017
CAND_03181,3.6,77.0,Bacharelado,Capitais,Híbrido,Masculino,Branca,0.7270514442834709
CAND_03182,1.4,42.0,Mestrado,Região Metropolitana,Remoto,Masculino,Indígena,0.4429493333759343
CAND_03183,0.0,62.0,Ensino Médio,Região Metropolitana,Híbrido,Não-binário,Branca,0.16519714429685392
CAND_03184,8.1,55.0,Bacharelado,Região Metropolitana,Presencial,Feminino,Branca,0.6176643474613829
CAND_03185,1.1,69.0,Mestrado,Capitais,Híbrido,Masculino,Branca,0.7657418239362181
CAND_03186,4.5,59.0,Doutorado,Capitais,Remoto,Masculino,Preta,0.7684979030560513
CAND_03187,7.3,35.0,Bacharelado,Capitais,Presencial,Masculino,Branca,0.7160080455519916
CAND_03188,3.2,24.0,Bacharelado,Interior,Remoto,Masculino,Branca,0.4670805177902995
CAND_03189,2.5,55.0,Ensino Médio,Capitais,Presencial,Feminino,Branca,0.33461357322473684
CAND_03190,5.7,42.0,Bacharelado,Capitais,Híbrido,Não-binário,Branca,0.3138189708886718
CAND_03191,8.4,35.0,Bacharelado,Capitais,Remoto,Feminino,Parda,0.5199156122417168
CAND_03192,1.5,31.0,Mestrado,Região Metropolitana,Híbrido,Masculino,Branca,0.4446710034493247
CAND_03193,4.5,52.0,Bacharelado,Região Metropolitana,Híbrido,Masculino,Parda,0.6621849485552316
CAND_03194,0.0,73.0,Bacharelado,Capitais,Presencial,Masculino,Branca,0.8626524472211499
CAND_03195,3.8,44.0,Bacharelado,Capitais,Presencial,Masculino,Branca,0.746576868624373
CAND_03196,5.1,59.0,Doutorado,Região Metropolitana,Híbrido,Masculino,Branca,0.8450446616235374
CAND_03197,2.4,48.0,Bacharelado,Capitais,Híbrido,Feminino,Amarela,0.266949710980942
CAND_03198,3.6,31.0,Bacharelado,Região Metropolitana,Híbrido,Masculino,Preta,0.2576040040788284
CAND_03199,0.8,61.0,Bacharelado,Região Metropolitana,Remoto,Masculino,Branca,0.5985438860986851
CAND_03200,5.2,34.0,Bacharelado,Região Metropolitana,Híbrido,Masculino,Preta,0.2834571326271911
CAND_03201,8.2,50.0,Mestrado,Região Metropolitana,Híbrido,Não-binário,Parda,0.3324595782366193
CAND_03202,1.7,45.0,Bacharelado,Região Metropolitana,Híbrido,Feminino,Branca,0.36754273425816
CAND_03203,3.1,63.0,Bacharelado,Interior,Híbrido,Masculino,Branca,0.67478890615553
CAND_03204,6.5,34.0,Ensino Médio,Capitais,Híbrido,Feminino,Branca,0.2871201485928915
CAND_03205,8.6,56.0,Mestrado,Capitais,Híbrido,Masculino,Branca,0.9858496432803326
CAND_03206,0.5,37.0,Bacharelado,Região Metropolitana,Remoto,Masculino,Branca,0.6297184232861578
CAND_03207,4.5,42.0,Doutorado,Capitais,Híbrido,Masculino,Parda,0.7476998824011896
CAND_03208,5.8,0.0,Bacharelado,Interior,Híbrido,Masculino,Branca,0.40650453482743976
CAND_03209,4.7,81.0,Bacharelado,Capitais,Híbrido,Masculino,Branca,0.7993753600489787
CAND_03210,0.0,58.0,Bacharelado,Interior,Presencial,Feminino,Branca,0.2862016603335286
CAND_03211,6.5,38.0,Bacharelado,Capitais,Remoto,Masculino,Branca,0.6356414526368737
CAND_03212,9.6,33.0,Mestrado,Região Metropolitana,Híbrido,Masculino,Branca,0.7271638077579172
CAND_03213,5.3,43.0,Mestrado,Capitais,Híbrido,Masculino,Preta,0.49198261611375077
CAND_03214,1.9,61.0,Bacharelado,Interior,Remoto,Feminino,Branca,0.5201244000351406
CAND_03215,3.5,22.0,Bacharelado,Capitais,Remoto,Feminino,Parda,0.3645616044378699
CAND_03216,10.3,48.0,Ensino Médio,Capitais,Híbrido,Masculino,Branca,0.7270596931505922
CAND_03217,7.7,77.0,Mestrado,Capitais,Remoto,Masculino,Preta,0.6521093313229649
CAND_03218,6.9,33.0,Bacharelado,Interior,Presencial,Masculino,Branca,0.4486741731683086
CAND_03219,6.1,51.0,Bacharelado,Capitais,Híbrido,Masculino,Parda,0.6211570875881333
CAND_03220,3.0,83.0,Bacharelado,Região Metropolitana,Presencial,Masculino,Parda,0.7830695691742916
CAND_03221,4.4,59.0,Bacharelado,Região Metropolitana,Presencial,Masculino,Branca,0.6246032899169356
CAND_03222,4.8,52.0,Mestrado,Região Metropolitana,Presencial,Feminino,Preta,0.192246405328539
CAND_03223,6.6,58.0,Mestrado,Região Metropolitana,Híbrido,Masculino,Branca,0.7047487403969894
CAND_03224,9.5,44.0,Bacharelado,Capitais,Presencial,Feminino,Branca,0.4930820947823342
CAND_03225,8.4,69.0,Bacharelado,Região Metropolitana,Híbrido,Feminino,Amarela,0.5067185075343519
CAND_03226,0.7,44.0,Bacharelado,Região Metropolitana,Híbrido,Masculino,Branca,0.5542703075861986
CAND_03227,5.7,21.0,Doutorado,Capitais,Remoto,Feminino,Branca,0.46976853754984915
CAND_03228,7.2,44.0,Bacharelado,Capitais,Presencial,Masculino,Branca,0.7229281639856705
CAND_03229,6.9,35.0,Ensino Médio,Capitais,Presencial,Feminino,Branca,0.44972905097246757
CAND_03230,3.1,46.0,Bacharelado,Capitais,Híbrido,Masculino,Amarela,0.3712706478923448
CAND_03231,13.7,46.0,Bacharelado,Capitais,Híbrido,Masculino,Branca,0.7190404392635785
CAND_03232,1.2,68.0,Ensino Médio,Região Metropolitana,Presencial,Masculino,Branca,0.7298502718138595
CAND_03233,1.8,60.0,Bacharelado,Interior,Remoto,Masculino,Branca,0.6248023743256456
CAND_03234,5.7,54.0,Mestrado,Capitais,Presencial,Masculino,Branca,0.8177802593863637
CAND_03235,11.4,50.0,Bacharelado,Região Metropolitana,Remoto,Masculino,Branca,0.8699193936662103
CAND_03236,2.5,34.0,Bacharelado,Capitais,Presencial,Masculino,Branca,0.7774364048430927
CAND_03237,4.2,17.0,Bacharelado,Capitais,Remoto,Feminino,Branca,0.2984596296843822
CAND_03238,8.2,52.0,Bacharelado,Região Metropolitana,Híbrido,Masculino,Amarela,0.4099965942530938
CAND_03239,4.9,62.0,Bacharelado,Interior,Remoto,Masculino,Branca,0.6621516621277648
CAND_03240,4.0,48.0,Bacharelado,Capitais,Híbrido,Masculino,Branca,0.525317403006143
CAND_03241,6.7,42.0,Bacharelado,Capitais,Presencial,Masculino,Indígena,0.555797265387318
CAND_03242,5.8,57.0,Bacharelado,Capitais,Híbrido,Feminino,Preta,0.2641568583639243
CAND_03243,8.1,49.0,Bacharelado,Capitais,Híbrido,Masculino,Parda,0.7753887784408763
CAND_03244,8.9,75.0,Bacharelado,Região Metropolitana,Presencial,Feminino,Preta,0.32977252022427733
CAND_03245,5.9,68.0,Mestrado,Região Metropolitana,Presencial,Masculino,Branca,0.9099769777703482
CAND_03246,5.9,64.0,Bacharelado,Região Metropolitana,Remoto,Masculino,Preta,0.399311649446877
CAND_03247,5.6,61.0,Bacharelado,Capitais,Presencial,Feminino,Branca,0.6265800661372036
CAND_03248,6.5,31.0,Bacharelado,Interior,Híbrido,Masculino,Parda,0.38735862893385825
CAND_03249,5.2,60.0,Bacharelado,Capitais,Híbrido,Masculino,Branca,0.7988454495224873
CAND_03250,5.0,56.0,Mestrado,Região Metropolitana,Híbrido,Masculino,Indígena,0.47253542133056303
CAND_03251,8.6,59.0,Bacharelado,Capitais,Presencial,Masculino,Preta,0.5555886156828582
CAND_03252,9.5,57.0,Mestrado,Região Metropolitana,Híbrido,Masculino,Branca,0.9502091590160829
CAND_03253,0.5,57.0,Bacharelado,Região Metropolitana,Presencial,Masculino,Branca,0.5995005200141742
CAND_03254,5.0,91.0,Mestrado,Interior,Presencial,Masculino,Branca,0.8823077181117649
CAND_03255,2.9,49.0,Doutorado,Capitais,Híbrido,Feminino,Preta,0.30137255200725827
CAND_03256,4.1,64.0,Bacharelado,Região Metropolitana,Remoto,Feminino,Branca,0.4374950739689856
CAND_03257,6.2,43.0,Mestrado,Região Metropolitana,Presencial,Feminino,Branca,0.513198249456245
CAND_03258,7.0,62.0,Bacharelado,Região Metropolitana,Presencial,Feminino,Indígena,0.4498396655883302
CAND_03259,4.7,64.0,Mestrado,Capitais,Híbrido,Feminino,Amarela,0.2094460112331843
CAND_03260,0.0,55.0,Mestrado,Capitais,Híbrido,Não-binário,Indígena,0.3222285044358679
CAND_03261,2.1,75.0,Doutorado,Capitais,Híbrido,Masculino,Branca,0.7480164827172001
CAND_03262,7.7,37.0,Bacharelado,Capitais,Remoto,Masculino,Preta,0.33315622170393
CAND_03263,0.0,43.0,Mestrado,Região Metropolitana,Remoto,Masculino,Amarela,0.4258576666828435
CAND_03264,8.6,53.0,Bacharelado,Região Metropolitana,Híbrido,Masculino,Branca,0.8678502927479472
CAND_03265,6.6,63.0,Bacharelado,Capitais,Híbrido,Masculino,Branca,0.8056406184812819
CAND_03266,8.9,53.0,Bacharelado,Interior,Remoto,Masculino,Parda,0.45445926481469023
CAND_03267,4.4,69.0,Mestrado,Capitais,Presencial,Masculino,Amarela,0.5469439489710972
CAND_03268,0.0,40.0,Ensino Médio,Capitais,Híbrido,Não-binário,Preta,0.0
CAND_03269,6.3,33.0,Bacharelado,Capitais,Híbrido,Não-binário,Branca,0.4276096940228736
CAND_03270,8.8,55.0,Bacharelado,Região Metropolitana,Presencial,Feminino,Branca,0.5388120151663707
CAND_03271,7.8,49.0,Bacharelado,Região Metropolitana,Remoto,Masculino,Preta,0.5015229803443506
CAND_03272,3.0,58.0,Mestrado,Capitais,Remoto,Feminino,Branca,0.6419972830642934
CAND_03273,5.3,50.0,Mestrado,Região Metropolitana,Híbrido,Feminino,Preta,0.2904744578190955
CAND_03274,3.4,45.0,Bacharelado,Capitais,Remoto,Feminino,Branca,0.5378080692578103
CAND_03275,2.5,49.0,Bacharelado,Capitais,Híbrido,Feminino,Branca,0.419028968897529
CAND_03276,7.9,50.0,Bacharelado,Capitais,Remoto,Masculino,Branca,1.0
CAND_03277,1.4,45.0,Bacharelado,Capitais,Presencial,Masculino,Branca,0.6633180593836253
CAND_03278,2.3,47.0,Bacharelado,Região Metropolitana,Presencial,Feminino,Preta,0.202404863145364
CAND_03279,1.7,44.0,Bacharelado,Região Metropolitana,Presencial,Masculino,Branca,0.7357680810387838
CAND_03280,0.5,63.0,Bacharelado,Capitais,Híbrido,Masculino,Preta,0.4208178802858776
CAND_03281,5.4,53.0,Bacharelado,Capitais,Presencial,Masculino,Parda,0.6054491688599716
CAND_03282,8.5,84.0,Bacharelado,Capitais,Presencial,Masculino,Branca,1.0
CAND_03283,4.4,52.0,Bacharelado,Capitais,Remoto,Feminino,Amarela,0.4325142966601262
CAND_03284,0.5,42.0,Bacharelado,Capitais,Remoto,Masculino,Parda,0.5433506305057915
CAND_03285,7.5,90.0,Ensino Médio,Capitais,Híbrido,Masculino,Preta,0.7859627537844203
CAND_03286,10.1,56.0,Doutorado,Região Metropolitana,Remoto,Não-binário,Amarela,0.4176714190754877
CAND_03287,3.1,65.0,Bacharelado,Capitais,Remoto,Masculino,Branca,0.8152282949123147
CAND_03288,3.6,59.0,Ensino Médio,Capitais,Híbrido,Feminino,Branca,0.6095532396753671
CAND_03289,6.5,59.0,Bacharelado,Interior,Híbrido,Masculino,Branca,0.6258329015422816
CAND_03290,9.9,58.0,Mestrado,Capitais,Remoto,Feminino,Branca,0.7256798109836214
CAND_03291,3.4,33.0,Mestrado,Capitais,Híbrido,Masculino,Branca,0.752601511105376
CAND_03292,1.0,56.0,Mestrado,Capitais,Presencial,Masculino,Preta,0.40738150917877863
CAND_03293,6.9,30.0,Bacharelado,Capitais,Híbrido,Masculino,Branca,0.5765848284481507
CAND_03294,7.4,47.0,Bacharelado,Capitais,Híbrido,Não-binário,Branca,0.6192981810177546
CAND_03295,5.0,39.0,Mestrado,Capitais,Remoto,Masculino,Branca,0.7366765834662092
CAND_03296,3.3,55.0,Bacharelado,Região Metropolitana,Híbrido,Masculino,Branca,0.5854410460002456
CAND_03297,8.0,55.0,Mestrado,Região Metropolitana,Remoto,Feminino,Parda,0.5394116771680735
CAND_03298,6.6,57.0,Bacharelado,Região Metropolitana,Remoto,Masculino,Preta,0.5108532295966544
CAND_03299,2.7,54.0,Bacharelado,Capitais,Híbrido,Feminino,Branca,0.31307006617710487
CAND_03300,5.1,41.0,Mestrado,Capitais,Remoto,Feminino,Branca,0.5875992897584095
CAND_03301,0.9,46.0,Bacharelado,Capitais,Presencial,Masculino,Branca,0.6428446203841908
CAND_03302,7.1,64.0,Ensino Médio,Capitais,Híbrido,Masculino,Preta,0.6635099081109578
CAND_03303,4.2,66.0,Bacharelado,Capitais,Remoto,Feminino,Indígena,0.3761008682841385
CAND_03304,3.7,33.0,Mestrado,Capitais,Híbrido,Masculino,Branca,0.7937117433508258
CAND_03305,4.9,27.0,Ensino Médio,Capitais,Remoto,Masculino,Parda,0.5015354458668188
CAND_03306,5.1,39.0,Ensino Médio,Capitais,Presencial,Feminino,Amarela,0.22191740886593886
CAND_03307,7.7,66.0,Bacharelado,Capitais,Remoto,Masculino,Branca,0.8460951248857996
CAND_03308,6.8,68.0,Mestrado,Capitais,Presencial,Feminino,Amarela,0.6673253325428122
CAND_03309,4.5,36.0,Mestrado,Capitais,Híbrido,Masculino,Branca,0.5600509402372409
CAND_03310,7.3,55.0,Bacharelado,Capitais,Híbrido,Feminino,Indígena,0.4655075178830868
CAND_03311,6.2,78.0,Bacharelado,Capitais,Híbrido,Masculino,Branca,0.8402231437257229
CAND_03312,3.7,56.0,Bacharelado,Capitais,Presencial,Masculino,Branca,0.6951464838825028
CAND_03313,4.6,71.0,Bacharelado,Capitais,Híbrido,Feminino,Indígena,0.4843010759270289
CAND_03314,4.6,65.0,Mestrado,Capitais,Híbrido,Masculino,Branca,0.9126001071302255
CAND_03315,6.5,36.0,Bacharelado,Capitais,Híbrido,Masculino,Amarela,0.5271632086581889
CAND_03316,3.9,47.0,Bacharelado,Região Metropolitana,Híbrido,Feminino,Branca,0.5395204700996035
CAND_03317,3.8,51.0,Bacharelado,Capitais,Híbrido,Feminino,Preta,0.2049038807370793
CAND_03318,10.9,52.0,Bacharelado,Capitais,Remoto,Masculino,Branca,0.8211447781308973
CAND_03319,7.8,64.0,Bacharelado,Capitais,Remoto,Masculino,Indígena,0.5619128847591219
CAND_03320,2.7,56.0,Bacharelado,Capitais,Híbrido,Feminino,Branca,0.6762905690091539
CAND_03321,6.7,6.0,Mestrado,Capitais,Híbrido,Masculino,Branca,0.5893287530923442
CAND_03322,5.4,30.0,Bacharelado,Interior,Híbrido,Feminino,Preta,0.0
CAND_03323,6.2,17.0,Bacharelado,Região Metropolitana,Presencial,Masculino,Indígena,0.4526662723626864
CAND_03324,5.4,53.0,Bacharelado,Capitais,Híbrido,Feminino,Branca,0.6307079460723045
CAND_03325,8.6,54.0,Doutorado,Região Metropolitana,Presencial,Masculino,Branca,0.7687918768882022
CAND_03326,6.0,54.0,Bacharelado,Capitais,Presencial,Masculino,Branca,0.8546687477227967
CAND_03327,4.8,36.0,Doutorado,Capitais,Híbrido,Masculino,Branca,0.7096698177800627
CAND_03328,8.1,60.0,Mestrado,Região Metropolitana,Híbrido,Masculino,Parda,0.8950619554227439
CAND_03329,5.7,61.0,Mestrado,Capitais,Presencial,Masculino,Branca,0.7539090996316444
CAND_03330,5.4,31.0,Ensino Médio,Capitais,Remoto,Masculino,Preta,0.40554473247283934
CAND_03331,5.9,28.0,Bacharelado,Região Metropolitana,Remoto,Feminino,Branca,0.38427098199144627
CAND_03332,4.7,50.0,Ensino Médio,Capitais,Remoto,Masculino,Branca,0.5313622156305058
CAND_03333,5.0,77.0,Bacharelado,Interior,Híbrido,Não-binário,Branca,0.26640355473668464
CAND_03334,3.2,75.0,Doutorado,Região Metropolitana,Presencial,Masculino,Parda,0.6897047139377395
CAND_03335,2.7,58.0,Bacharelado,Região Metropolitana,Presencial,Feminino,Branca,0.5352556891913831
CAND_03336,2.0,39.0,Bacharelado,Capitais,Presencial,Feminino,Branca,0.20168448042338077
CAND_03337,0.8,63.0,Ensino Médio,Capitais,Presencial,Feminino,Branca,0.4513945973225914
CAND_03338,2.4,43.0,Mestrado,Região Metropolitana,Remoto,Masculino,Parda,0.5946890522513985
CAND_03339,4.5,38.0,Bacharelado,Interior,Remoto,Feminino,Branca,0.12377043684707584
CAND_03340,5.3,18.0,Bacharelado,Capitais,Remoto,Masculino,Amarela,0.29831048559785667
CAND_03341,4.2,52.0,Bacharelado,Interior,Remoto,Masculino,Preta,0.21212151443136326
CAND_03342,0.0,41.0,Mestrado,Capitais,Híbrido,Feminino,Branca,0.41926914711057406
CAND_03343,9.7,51.0,Bacharelado,Capitais,Remoto,Masculino,Branca,0.9446335782737709
CAND_03344,8.3,16.0,Bacharelado,Capitais,Remoto,Masculino,Branca,0.7374961927297825
CAND_03345,6.3,53.0,Ensino Médio,Capitais,Híbrido,Masculino,Amarela,0.45196915515679575
CAND_03346,10.7,14.0,Doutorado,Região Metropolitana,Presencial,Masculino,Branca,0.63705825106861
CAND_03347,2.1,66.0,Bacharelado,Capitais,Presencial,Masculino,Branca,0.5501626167720626
CAND_03348,10.7,58.0,Mestrado,Interior,Híbrido,Feminino,Branca,0.5081391516451765
CAND_03349,2.1,46.0,Bacharelado,Capitais,Híbrido,Masculino,Preta,0.2861212780540567
CAND_03350,5.7,58.0,Bacharelado,Capitais,Remoto,Feminino,Parda,0.4923852018294486
CAND_03351,1.2,35.0,Bacharelado,Região Metropolitana,Híbrido,Feminino,Amarela,0.11417438630774689
CAND_03352,5.0,51.0,Bacharelado,Capitais,Híbrido,Masculino,Branca,0.6564414067536096
CAND_03353,6.2,62.0,Bacharelado,Região Metropolitana,Presencial,Feminino,Branca,0.4765355819509744
CAND_03354,4.5,4.0,Bacharelado,Capitais,Híbrido,Feminino,Branca,0.23662051789647714
CAND_03355,7.1,43.0,Bacharelado,Capitais,Híbrido,Masculino,Amarela,0.46275205034564004
CAND_03356,5.3,50.0,Bacharelado,Capitais,Remoto,Masculino,Indígena,0.6995915350705414
CAND_03357,3.4,47.0,Ensino Médio,Interior,Híbrido,Feminino,Indígena,0.15778080418362864
CAND_03358,3.3,72.0,Mestrado,Capitais,Remoto,Não-binário,Branca,0.6071350275444716
CAND_03359,7.4,33.0,Mestrado,Região Metropolitana,Híbrido,Feminino,Branca,0.5811942907993328
CAND_03360,3.0,41.0,Ensino Médio,Região Metropolitana,Híbrido,Masculino,Branca,0.6163522599201952
CAND_03361,7.7,21.0,Bacharelado,Capitais,Remoto,Masculino,Branca,0.7804764391972904
CAND_03362,8.7,73.0,Mestrado,Região Metropolitana,Remoto,Masculino,Branca,0.9248418109516541
CAND_03363,0.0,46.0,Mestrado,Capitais,Presencial,Feminino,Branca,0.45451444407136415
CAND_03364,8.4,43.0,Doutorado,Capitais,Remoto,Feminino,Branca,0.5809228702119698
CAND_03365,11.2,49.0,Bacharelado,Capitais,Presencial,Masculino,Branca,0.7375848008218049
CAND_03366,5.8,60.0,Bacharelado,Capitais,Híbrido,Feminino,Branca,0.644225726172978
CAND_03367,6.8,55.0,Bacharelado,Capitais,Presencial,Masculino,Branca,0.7448945022395431
CAND_03368,8.1,90.0,Bacharelado,Capitais,Híbrido,Feminino,Preta,0.33601202489341814
CAND_03369,4.2,57.0,Bacharelado,Capitais,Híbrido,Masculino,Branca,0.5026967902393196
CAND_03370,5.5,43.0,Bacharelado,Região Metropolitana,Híbrido,Feminino,Preta,0.3967627818781482
CAND_03371,1.1,42.0,Ensino Médio,Capitais,Híbrido,Masculino,Branca,0.44140637763291996
CAND_03372,5.4,44.0,Bacharelado,Região Metropolitana,Híbrido,Masculino,Parda,0.5153761282680566
CAND_03373,6.5,27.0,Bacharelado,Capitais,Presencial,Masculino,Branca,0.7608077922962323
CAND_03374,6.5,51.0,Bacharelado,Região Metropolitana,Remoto,Feminino,Branca,0.3631425366669816
CAND_03375,8.2,62.0,Mestrado,Capitais,Híbrido,Feminino,Preta,0.4651410002395481
CAND_03376,2.7,41.0,Mestrado,Capitais,Híbrido,Masculino,Amarela,0.6501976832048761
CAND_03377,3.4,38.0,Bacharelado,Capitais,Remoto,Feminino,Branca,0.6313830287741173
CAND_03378,10.7,73.0,Doutorado,Capitais,Presencial,Feminino,Branca,0.7612551715483248
CAND_03379,4.5,29.0,Bacharelado,Capitais,Híbrido,Feminino,Amarela,0.20479631071740786
CAND_03380,5.6,19.0,Bacharelado,Região Metropolitana,Híbrido,Masculino,Branca,0.49836161269784135
CAND_03381,4.8,33.0,Doutorado,Região Metropolitana,Presencial,Masculino,Branca,0.6762049705313871
CAND_03382,2.5,27.0,Ensino Médio,Região Metropolitana,Híbrido,Masculino,Amarela,0.387827156690986
CAND_03383,9.9,56.0,Bacharelado,Capitais,Remoto,Masculino,Parda,0.6320687525730124
CAND_03384,3.4,45.0,Bacharelado,Capitais,Presencial,Feminino,Branca,0.512795679602524
CAND_03385,1.6,47.0,Bacharelado,Interior,Híbrido,Masculino,Indígena,0.30045023669107673
CAND_03386,3.6,67.0,Bacharelado,Capitais,Híbrido,Masculino,Branca,0.8768501080028192
CAND_03387,0.0,40.0,Bacharelado,Interior,Híbrido,Masculino,Branca,0.5415419901409032
CAND_03388,3.0,62.0,Bacharelado,Capitais,Remoto,Masculino,Preta,0.4172868500878944
CAND_03389,2.1,73.0,Mestrado,Interior,Remoto,Não-binário,Branca,0.37292189482646276
CAND_03390,6.9,43.0,Bacharelado,Interior,Híbrido,Feminino,Branca,0.44927627434331385
CAND_03391,3.0,61.0,Bacharelado,Região Metropolitana,Remoto,Masculino,Indígena,0.6023320993947183
CAND_03392,7.7,46.0,Bacharelado,Capitais,Remoto,Feminino,Branca,0.29075106902736414
CAND_03393,9.2,64.0,Mestrado,Capitais,Híbrido,Masculino,Preta,0.7289550496152662
CAND_03394,7.3,26.0,Mestrado,Interior,Remoto,Feminino,Branca,0.5146481892207587
CAND_03395,4.4,25.0,Mestrado,Região Metropolitana,Remoto,Masculino,Branca,0.6135609366113827
CAND_03396,5.4,44.0,Bacharelado,Capitais,Presencial,Masculino,Preta,0.5290176422655568
CAND_03397,0.4,37.0,Ensino Médio,Capitais,Híbrido,Feminino,Preta,0.18387561268682145
CAND_03398,4.6,42.0,Bacharelado,Região Metropolitana,Remoto,Feminino,Amarela,0.23215937093747824
CAND_03399,2.4,47.0,Bacharelado,Capitais,Híbrido,Masculino,Amarela,0.5174230809875378
CAND_03400,7.1,61.0,Bacharelado,Região Metropolitana,Remoto,Feminino,Branca,0.5372686497363242
CAND_03401,12.7,44.0,Doutorado,Região Metropolitana,Híbrido,Feminino,Branca,0.6747831848396599
CAND_03402,6.5,38.0,Bacharelado,Interior,Híbrido,Masculino,Branca,0.4658458572471186
CAND_03403,0.0,45.0,Doutorado,Capitais,Presencial,Masculino,Branca,0.6973022446934211
CAND_03404,3.9,38.0,Ensino Médio,Capitais,Híbrido,Masculino,Branca,0.7686856835109503
CAND_03405,5.4,36.0,Mestrado,Capitais,Híbrido,Feminino,Branca,0.41175050919421086
CAND_03406,5.3,26.0,Bacharelado,Interior,Remoto,Não-binário,Preta,0.021687292458469933
CAND_03407,2.8,51.0,Mestrado,Capitais,Híbrido,Masculino,Branca,0.742095507744911
CAND_03408,5.7,41.0,Ensino Médio,Capitais,Presencial,Feminino,Indígena,0.42548277689955677
CAND_03409,1.3,64.0,Mestrado,Capitais,Híbrido,Feminino,Branca,0.6982893310216183
CAND_03410,2.2,28.0,Bacharelado,Capitais,Híbrido,Masculino,Branca,0.46357224964464366
CAND_03411,6.9,42.0,Bacharelado,Região Metropolitana,Remoto,Masculino,Preta,0.3485784548093698
CAND_03412,2.0,77.0,Bacharelado,Região Metropolitana,Remoto,Masculino,Preta,0.39604137375033677
CAND_03413,6.6,36.0,Bacharelado,Região Metropolitana,Híbrido,Masculino,Branca,0.5775800612322672
CAND_03414,0.9,46.0,Bacharelado,Capitais,Presencial,Feminino,Branca,0.36215515132824583
CAND_03415,10.3,32.0,Doutorado,Interior,Presencial,Masculino,Branca,0.7187064519170362
CAND_03416,2.7,30.0,Bacharelado,Capitais,Presencial,Masculino,Parda,0.4388613025155833
CAND_03417,4.3,73.0,Mestrado,Região Metropolitana,Remoto,Feminino,Amarela,0.3069208505695825
CAND_03418,6.0,53.0,Ensino Médio,Capitais,Presencial,Masculino,Branca,0.6029409689486613
CAND_03419,3.3,52.0,Bacharelado,Capitais,Híbrido,Masculino,Branca,0.7232624492699529
CAND_03420,5.4,25.0,Bacharelado,Capitais,Híbrido,Masculino,Branca,0.6016231658328667
CAND_03421,6.7,55.0,Mestrado,Capitais,Remoto,Masculino,Branca,0.7798698544822837
CAND_03422,7.9,67.0,Bacharelado,Região Metropolitana,Remoto,Feminino,Branca,0.4918120302163561
CAND_03423,7.4,67.0,Bacharelado,Capitais,Remoto,Masculino,Branca,0.6555945928326252
CAND_03424,4.5,60.0,Bacharelado,Capitais,Remoto,Feminino,Branca,0.6931533727343083
CAND_03425,4.6,33.0,Bacharelado,Região Metropolitana,Remoto,Masculino,Branca,0.5451272312185218
CAND_03426,12.0,55.0,Bacharelado,Capitais,Remoto,Masculino,Branca,1.0
CAND_03427,7.8,60.0,Bacharelado,Capitais,Remoto,Masculino,Branca,0.8732791390900985
CAND_03428,2.2,23.0,Bacharelado,Capitais,Remoto,Feminino,Parda,0.4689252833017573
CAND_03429,5.3,33.0,Ensino Médio,Região Metropolitana,Híbrido,Masculino,Indígena,0.4873487279514111
CAND_03430,4.0,63.0,Mestrado,Capitais,Híbrido,Masculino,Branca,0.7978516157686969
CAND_03431,4.6,63.0,Ensino Médio,Interior,Híbrido,Feminino,Branca,0.284234244194002
CAND_03432,1.3,27.0,Mestrado,Capitais,Híbrido,Masculino,Branca,0.48631600846035206
CAND_03433,3.8,62.0,Bacharelado,Capitais,Remoto,Masculino,Branca,0.8359651016985935
CAND_03434,10.4,51.0,Ensino Médio,Capitais,Remoto,Masculino,Branca,0.7885034049040662
CAND_03435,6.7,62.0,Bacharelado,Região Metropolitana,Híbrido,Feminino,Preta,0.3436501040783473
CAND_03436,0.0,40.0,Bacharelado,Capitais,Híbrido,Não-binário,Branca,0.3914623504948737
CAND_03437,8.7,60.0,Bacharelado,Região Metropolitana,Remoto,Masculino,Branca,0.7995974387725798
CAND_03438,8.3,63.0,Bacharelado,Capitais,Presencial,Masculino,Parda,0.7208142451698599
CAND_03439,3.9,45.0,Bacharelado,Capitais,Presencial,Masculino,Branca,0.75927024710156
CAND_03440,7.2,50.0,Bacharelado,Região Metropolitana,Remoto,Feminino,Branca,0.4741813152697682
CAND_03441,2.4,40.0,Bacharelado,Região Metropolitana,Presencial,Masculino,Preta,0.3170569264717639
CAND_03442,3.6,75.0,Bacharelado,Capitais,Híbrido,Masculino,Branca,0.8437390606637718
CAND_03443,9.5,48.0,Mestrado,Região Metropolitana,Presencial,Feminino,Preta,0.326103659315106
CAND_03444,4.2,36.0,Mestrado,Região Metropolitana,Presencial,Masculino,Indígena,0.29621521416701413
CAND_03445,0.0,39.0,Bacharelado,Capitais,Híbrido,Masculino,Parda,0.6100587504553547
CAND_03446,4.8,52.0,Mestrado,Capitais,Híbrido,Não-binário,Branca,0.6294928829915052
CAND_03447,4.8,61.0,Mestrado,Capitais,Híbrido,Não-binário,Branca,0.3568883908399557
CAND_03448,8.6,30.0,Bacharelado,Capitais,Presencial,Masculino,Branca,0.5876708794338462
CAND_03449,5.0,78.0,Bacharelado,Região Metropolitana,Remoto,Masculino,Indígena,0.8143879617485512
CAND_03450,3.7,55.0,Mestrado,Capitais,Híbrido,Masculino,Indígena,0.6172034678503913
CAND_03451,8.1,57.0,Bacharelado,Capitais,Híbrido,Masculino,Branca,0.7903551273270365
CAND_03452,5.4,49.0,Ensino Médio,Capitais,Presencial,Feminino,Amarela,0.21136165929504297
CAND_03453,2.7,50.0,Bacharelado,Interior,Híbrido,Feminino,Branca,0.2009297349143366
CAND_03454,8.5,48.0,Mestrado,Região Metropolitana,Híbrido,Feminino,Branca,0.5425582357693617
CAND_03455,5.6,65.0,Mestrado,Capitais,Híbrido,Masculino,Branca,0.9194422739165712
CAND_03456,5.0,50.0,Bacharelado,Capitais,Remoto,Masculino,Branca,0.6984322040619001
CAND_03457,5.5,62.0,Doutorado,Capitais,Remoto,Masculino,Amarela,0.7190284085893048
CAND_03458,1.8,43.0,Ensino Médio,Região Metropolitana,Híbrido,Masculino,Branca,0.6845707148506563
CAND_03459,3.4,53.0,Ensino Médio,Capitais,Presencial,Masculino,Parda,0.5219521819553807
CAND_03460,5.0,38.0,Bacharelado,Interior,Híbrido,Masculino,Indígena,0.3822874900658442
CAND_03461,4.4,68.0,Doutorado,Capitais,Presencial,Masculino,Parda,0.9104393560935679
CAND_03462,8.8,37.0,Bacharelado,Capitais,Remoto,Masculino,Branca,0.6307096366533405
CAND_03463,5.7,45.0,Ensino Médio,Região Metropolitana,Híbrido,Masculino,Preta,0.36180528280658053
CAND_03464,7.6,45.0,Bacharelado,Região Metropolitana,Remoto,Masculino,Branca,0.8692324524626363
CAND_03465,5.0,45.0,Bacharelado,Capitais,Remoto,Masculino,Parda,0.5959749619540186
CAND_03466,8.2,61.0,Bacharelado,Região Metropolitana,Híbrido,Masculino,Branca,0.8648346538003789
CAND_03467,6.2,45.0,Ensino Médio,Capitais,Híbrido,Masculino,Preta,0.3898863122790228
CAND_03468,5.0,71.0,Mestrado,Capitais,Híbrido,Feminino,Parda,0.7639587017316991
CAND_03469,5.0,38.0,Bacharelado,Região Metropolitana,Presencial,Masculino,Parda,0.3874532111162895
CAND_03470,2.1,53.0,Bacharelado,Interior,Remoto,Feminino,Indígena,0.16049561910102844
CAND_03471,6.5,38.0,Ensino Médio,Região Metropolitana,Híbrido,Feminino,Branca,0.234114530485411
CAND_03472,4.9,56.0,Ensino Médio,Capitais,Presencial,Masculino,Branca,0.6019123183719106
CAND_03473,3.5,50.0,Bacharelado,Região Metropolitana,Remoto,Masculino,Branca,0.5493181214704806
CAND_03474,8.3,48.0,Mestrado,Capitais,Presencial,Masculino,Branca,0.7813043692866146
CAND_03475,1.2,68.0,Bacharelado,Capitais,Presencial,Masculino,Branca,0.5771708649304681
CAND_03476,3.7,40.0,Mestrado,Região Metropolitana,Híbrido,Masculino,Branca,0.6268260442440489
CAND_03477,8.1,59.0,Mestrado,Capitais,Híbrido,Feminino,Parda,0.6440466504481179
CAND_03478,5.9,38.0,Ensino Médio,Interior,Híbrido,Masculino,Amarela,0.11680968673784342
CAND_03479,4.9,52.0,Bacharelado,Capitais,Híbrido,Não-binário,Branca,0.3925067509970529
CAND_03480,5.8,32.0,Bacharelado,Capitais,Presencial,Feminino,Branca,0.6980992132763023
CAND_03481,5.5,40.0,Bacharelado,Região Metropolitana,Híbrido,Masculino,Branca,0.652923713886585
CAND_03482,0.5,49.0,Bacharelado,Região Metropolitana,Híbrido,Masculino,Branca,0.3742258795818233
CAND_03483,4.0,77.0,Bacharelado,Capitais,Remoto,Masculino,Parda,0.5979534135240212
CAND_03484,9.8,52.0,Bacharelado,Capitais,Presencial,Masculino,Branca,0.8265904245372862
CAND_03485,3.0,75.0,Mestrado,Região Metropolitana,Presencial,Masculino,Preta,0.5200666038574238
CAND_03486,4.0,53.0,Bacharelado,Capitais,Remoto,Feminino,Branca,0.43325571982991207
CAND_03487,3.4,44.0,Bacharelado,Capitais,Remoto,Masculino,Indígena,0.7133314956887976
CAND_03488,4.7,73.0,Bacharelado,Região Metropolitana,Remoto,Masculino,Amarela,0.7978728820868655
CAND_03489,3.3,57.0,Bacharelado,Capitais,Presencial,Feminino,Amarela,0.26756166401502757
CAND_03490,6.5,40.0,Bacharelado,Interior,Híbrido,Masculino,Branca,0.6272956865926739
CAND_03491,5.6,57.0,Mestrado,Região Metropolitana,Híbrido,Masculino,Branca,0.8323166171321003
CAND_03492,7.3,46.0,Mestrado,Interior,Remoto,Masculino,Branca,0.7355873139477578
CAND_03493,1.8,20.0,Bacharelado,Capitais,Presencial,Masculino,Preta,0.20199146782260963
CAND_03494,4.0,64.0,Bacharelado,Interior,Presencial,Feminino,Branca,0.5799449217220537
CAND_03495,4.3,66.0,Bacharelado,Capitais,Híbrido,Feminino,Parda,0.4931402803765591
CAND_03496,6.4,78.0,Bacharelado,Capitais,Presencial,Masculino,Preta,0.6321992081025112
CAND_03497,2.6,56.0,Mestrado,Capitais,Híbrido,Masculino,Branca,0.726204351022831
CAND_03498,7.7,46.0,Doutorado,Capitais,Remoto,Masculino,Parda,0.7740313827701242
CAND_03499,8.6,63.0,Bacharelado,Capitais,Remoto,Feminino,Branca,0.6518404459937861
CAND_03500,2.0,63.0,Bacharelado,Capitais,Híbrido,Feminino,Branca,0.37341144262064835
CAND_03501,3.5,75.0,Ensino Médio,Capitais,Remoto,Masculino,Preta,0.27288469808263516
CAND_03502,3.4,49.0,Ensino Médio,Capitais,Presencial,Masculino,Indígena,0.4426619523986273
CAND_03503,12.9,48.0,Bacharelado,Região Metropolitana,Presencial,Feminino,Preta,0.26195723630767304
CAND_03504,3.7,39.0,Ensino Médio,Capitais,Híbrido,Masculino,Preta,0.3847503677986641
CAND_03505,10.0,58.0,Bacharelado,Região Metropolitana,Presencial,Feminino,Amarela,0.42537901587116483
CAND_03506,1.2,27.0,Bacharelado,Capitais,Presencial,Feminino,Branca,0.33334800196967024
CAND_03507,2.0,62.0,Bacharelado,Interior,Híbrido,Masculino,Indígena,0.5361574790554385
CAND_03508,2.9,59.0,Bacharelado,Capitais,Remoto,Feminino,Branca,0.49337723211370293
CAND_03509,2.5,59.0,Bacharelado,Interior,Remoto,Masculino,Branca,0.39018491570541025
CAND_03510,4.2,52.0,Bacharelado,Capitais,Híbrido,Não-binário,Branca,0.41963557583455846
CAND_03511,2.9,73.0,Bacharelado,Interior,Presencial,Masculino,Branca,0.717096776685501
CAND_03512,2.5,63.0,Doutorado,Capitais,Presencial,Masculino,Branca,0.6135745327039457
CAND_03513,8.5,41.0,Ensino Médio,Região Metropolitana,Híbrido,Masculino,Branca,0.6245963672950025
CAND_03514,8.7,41.0,Mestrado,Região Metropolitana,Presencial,Feminino,Branca,0.5955462034558956
CAND_03515,7.8,37.0,Bacharelado,Capitais,Presencial,Masculino,Branca,0.9692242334527784
CAND_03516,6.6,58.0,Bacharelado,Capitais,Híbrido,Masculino,Branca,0.8848257636927606
CAND_03517,5.3,35.0,Bacharelado,Região Metropolitana,Híbrido,Masculino,Parda,0.5592616383364486
CAND_03518,3.5,66.0,Ensino Médio,Capitais,Presencial,Masculino,Branca,0.7360759226346948
CAND_03519,2.1,70.0,Bacharelado,Capitais,Remoto,Feminino,Branca,0.33223046397150746
CAND_03520,6.1,37.0,Mestrado,Região Metropolitana,Remoto,Masculino,Branca,0.5650277814094038
CAND_03521,1.5,47.0,Bacharelado,Capitais,Híbrido,Feminino,Branca,0.48309556711106305
CAND_03522,2.0,50.0,Bacharelado,Região Metropolitana,Presencial,Feminino,Amarela,0.2061167396656318
CAND_03523,8.5,63.0,Bacharelado,Capitais,Remoto,Feminino,Parda,0.6008741186597394
CAND_03524,10.7,74.0,Bacharelado,Capitais,Híbrido,Feminino,Parda,0.6634114653677361
CAND_03525,6.2,25.0,Mestrado,Capitais,Presencial,Masculino,Branca,0.6734909102418486
CAND_03526,8.3,45.0,Mestrado,Região Metropolitana,Híbrido,Masculino,Branca,0.7562930648478797
CAND_03527,4.3,46.0,Bacharelado,Interior,Híbrido,Não-binário,Branca,0.1643964815735195
CAND_03528,1.0,29.0,Bacharelado,Capitais,Híbrido,Feminino,Preta,0.06310730276550677
CAND_03529,6.8,43.0,Bacharelado,Capitais,Híbrido,Masculino,Parda,0.5335895368571157
CAND_03530,6.7,56.0,Doutorado,Capitais,Híbrido,Feminino,Amarela,0.39604035432617596
CAND_03531,5.2,46.0,Bacharelado,Região Metropolitana,Remoto,Feminino,Branca,0.5575905009204534
CAND_03532,4.3,27.0,Mestrado,Capitais,Híbrido,Feminino,Branca,0.42592476895024367
CAND_03533,7.9,93.0,Bacharelado,Capitais,Presencial,Feminino,Branca,0.7895839475280809
CAND_03534,2.0,54.0,Doutorado,Capitais,Presencial,Feminino,Parda,0.5175294554112551
CAND_03535,2.7,52.0,Bacharelado,Capitais,Híbrido,Feminino,Branca,0.4235108333106725
CAND_03536,2.0,34.0,Bacharelado,Capitais,Híbrido,Masculino,Branca,0.47514312933915775
CAND_03537,5.3,54.0,Bacharelado,Capitais,Presencial,Não-binário,Amarela,0.23199443475906428
CAND_03538,1.7,48.0,Doutorado,Região Metropolitana,Híbrido,Masculino,Parda,0.6443178445980524
CAND_03539,2.9,22.0,Doutorado,Interior,Presencial,Masculino,Branca,0.554015344412426
CAND_03540,2.9,34.0,Mestrado,Região Metropolitana,Remoto,Feminino,Branca,0.40623368645572866
CAND_03541,4.2,62.0,Mestrado,Capitais,Remoto,Feminino,Parda,0.5969480317945711
CAND_03542,0.5,79.0,Bacharelado,Capitais,Presencial,Feminino,Branca,0.3739829897440295
CAND_03543,5.3,56.0,Mestrado,Capitais,Híbrido,Masculino,Preta,0.6166662557583502
CAND_03544,8.7,67.0,Mestrado,Região Metropolitana,Remoto,Masculino,Branca,0.7291743659298048
CAND_03545,5.4,48.0,Bacharelado,Capitais,Presencial,Masculino,Amarela,0.5983504617158022
CAND_03546,9.6,49.0,Bacharelado,Interior,Remoto,Masculino,Parda,0.6382405843412844
CAND_03547,9.0,66.0,Bacharelado,Capitais,Híbrido,Feminino,Amarela,0.25698104378550346
CAND_03548,7.3,75.0,Bacharelado,Região Metropolitana,Híbrido,Masculino,Branca,0.8696962824184931
CAND_03549,5.2,70.0,Mestrado,Região Metropolitana,Presencial,Masculino,Branca,0.8835097339832911
CAND_03550,5.1,34.0,Bacharelado,Capitais,Remoto,Masculino,Branca,0.7637878460345906
CAND_03551,7.3,49.0,Bacharelado,Região Metropolitana,Híbrido,Feminino,Amarela,0.2151401715893977
CAND_03552,3.8,54.0,Bacharelado,Interior,Remoto,Masculino,Branca,0.5599410842070527
CAND_03553,0.0,46.0,Bacharelado,Interior,Remoto,Feminino,Branca,0.30344493830487085
CAND_03554,6.5,56.0,Bacharelado,Região Metropolitana,Híbrido,Masculino,Branca,0.7776326867412079
CAND_03555,1.6,62.0,Mestrado,Capitais,Presencial,Masculino,Parda,0.7209520761862969
CAND_03556,2.1,65.0,Bacharelado,Região Metropolitana,Presencial,Feminino,Amarela,0.20933637565433783
CAND_03557,5.0,75.0,Mestrado,Região Metropolitana,Presencial,Masculino,Parda,0.8487943754109148
CAND_03558,4.7,45.0,Bacharelado,Capitais,Remoto,Masculino,Branca,0.7733819966814517
CAND_03559,0.8,30.0,Mestrado,Capitais,Presencial,Feminino,Indígena,0.22057216939033975
CAND_03560,5.5,55.0,Bacharelado,Capitais,Híbrido,Feminino,Branca,0.451644519595894
CAND_03561,7.9,78.0,Ensino Médio,Capitais,Híbrido,Feminino,Amarela,0.34720966608018566
CAND_03562,1.6,43.0,Bacharelado,Região Metropolitana,Remoto,Feminino,Branca,0.4904817715332212
CAND_03563,8.8,60.0,Doutorado,Capitais,Híbrido,Masculino,Branca,1.0
CAND_03564,0.3,60.0,Ensino Médio,Capitais,Remoto,Masculino,Branca,0.593996021727997
CAND_03565,11.4,53.0,Bacharelado,Capitais,Remoto,Masculino,Branca,0.8200826792479005
CAND_03566,3.8,50.0,Mestrado,Capitais,Remoto,Feminino,Branca,0.34918132391443224
CAND_03567,5.4,36.0,Ensino Médio,Capitais,Presencial,Não-binário,Branca,0.3435598895621908
CAND_03568,0.0,16.0,Bacharelado,Capitais,Presencial,Masculino,Branca,0.34488848454458254
CAND_03569,4.8,33.0,Bacharelado,Capitais,Presencial,Masculino,Branca,0.6438999476491758
CAND_03570,5.7,44.0,Bacharelado,Região Metropolitana,Híbrido,Masculino,Branca,0.7585247246761442
CAND_03571,4.7,66.0,Bacharelado,Capitais,Remoto,Feminino,Amarela,0.25995484470275587
CAND_03572,3.3,48.0,Ensino Médio,Capitais,Presencial,Masculino,Amarela,0.43185867603880335
CAND_03573,2.2,42.0,Mestrado,Capitais,Presencial,Feminino,Indígena,0.4117779762009926
CAND_03574,8.4,37.0,Ensino Médio,Capitais,Híbrido,Feminino,Preta,0.23802953952722514
CAND_03575,5.1,60.0,Bacharelado,Capitais,Presencial,Não-binário,Parda,0.3896017038149743
CAND_03576,9.6,70.0,Bacharelado,Capitais,Híbrido,Masculino,Parda,0.8230386405272114
CAND_03577,3.4,66.0,Bacharelado,Capitais,Presencial,Não-binário,Preta,0.32772487122278765
CAND_03578,3.7,59.0,Bacharelado,Capitais,Híbrido,Feminino,Branca,0.5362577859897442
CAND_03579,7.4,28.0,Mestrado,Capitais,Híbrido,Masculino,Branca,0.7096629417439657
CAND_03580,0.1,45.0,Mestrado,Região Metropolitana,Híbrido,Masculino,Branca,0.6976143126211627
CAND_03581,1.4,79.0,Mestrado,Capitais,Presencial,Feminino,Parda,0.5954917869950423
CAND_03582,8.3,67.0,Bacharelado,Região Metropolitana,Presencial,Não-binário,Preta,0.1637097571050054
CAND_03583,1.5,27.0,Mestrado,Região Metropolitana,Remoto,Masculino,Branca,0.6011412661981995
CAND_03584,0.0,49.0,Mestrado,Região Metropolitana,Remoto,Masculino,Branca,0.6909558754782267
CAND_03585,10.6,55.0,Bacharelado,Capitais,Híbrido,Masculino,Branca,0.7082683612912513
CAND_03586,0.8,39.0,Bacharelado,Região Metropolitana,Híbrido,Não-binário,Preta,0.0
CAND_03587,5.6,15.0,Ensino Médio,Capitais,Presencial,Não-binário,Branca,0.16780673312216488
CAND_03588,5.2,51.0,Bacharelado,Capitais,Remoto,Masculino,Branca,0.6977500312316386
CAND_03589,0.0,38.0,Mestrado,Capitais,Remoto,Masculino,Branca,0.7029788345047936
CAND_03590,4.2,38.0,Bacharelado,Interior,Híbrido,Feminino,Preta,0.0
CAND_03591,6.3,45.0,Bacharelado,Capitais,Remoto,Feminino,Indígena,0.4115120266654468
CAND_03592,6.1,48.0,Bacharelado,Interior,Presencial,Não-binário,Amarela,0.0
CAND_03593,7.7,50.0,Bacharelado,Capitais,Híbrido,Feminino,Branca,0.5720306720360081
CAND_03594,3.8,37.0,Bacharelado,Interior,Remoto,Masculino,Branca,0.43332595461145695
CAND_03595,7.1,47.0,Doutorado,Interior,Híbrido,Feminino,Branca,0.6898598781639399
CAND_03596,2.9,24.0,Bacharelado,Interior,Presencial,Masculino,Branca,0.21479137127673456
CAND_03597,0.8,55.0,Mestrado,Capitais,Remoto,Feminino,Preta,0.23454985171957715
CAND_03598,1.1,7.0,Bacharelado,Região Metropolitana,Presencial,Feminino,Branca,0.010177864837558864
CAND_03599,0.6,46.0,Bacharelado,Interior,Remoto,Não-binário,Parda,0.09102922668375496
CAND_03600,8.0,64.0,Bacharelado,Capitais,Presencial,Não-binário,Branca,0.395884503439604
CAND_03601,0.5,34.0,Mestrado,Capitais,Híbrido,Masculino,Indígena,0.6760788740090828
CAND_03602,5.8,61.0,Ensino Médio,Região Metropolitana,Híbrido,Masculino,Branca,0.6244452131939011
CAND_03603,4.2,67.0,Bacharelado,Capitais,Presencial,Masculino,Branca,0.7308970506689982
CAND_03604,4.7,0.0,Bacharelado,Região Metropolitana,Remoto,Feminino,Preta,0.0
CAND_03605,9.1,48.0,Mestrado,Capitais,Remoto,Feminino,Preta,0.2607723207212417
CAND_03606,3.7,7.0,Bacharelado,Capitais,Híbrido,Não-binário,Branca,0.3575238733660776
CAND_03607,6.8,48.0,Ensino Médio,Capitais,Presencial,Feminino,Indígena,0.39201941454863415
CAND_03608,5.1,50.0,Bacharelado,Capitais,Remoto,Masculino,Branca,0.7937938362671781
CAND_03609,4.5,13.0,Bacharelado,Capitais,Remoto,Masculino,Branca,0.42020381179637106
CAND_03610,11.9,79.0,Mestrado,Região Metropolitana,Remoto,Masculino,Amarela,0.8675315215244052
CAND_03611,0.7,54.0,Mestrado,Capitais,Híbrido,Feminino,Branca,0.5819841279326308
CAND_03612,8.9,37.0,Bacharelado,Região Metropolitana,Presencial,Feminino,Branca,0.4527606965009182
CAND_03613,7.0,72.0,Mestrado,Região Metropolitana,Remoto,Masculino,Preta,0.6675021075543562
CAND_03614,3.6,23.0,Mestrado,Capitais,Remoto,Feminino,Preta,0.19126716232942872
CAND_03615,9.9,32.0,Bacharelado,Capitais,Híbrido,Masculino,Branca,0.5666000467859024
CAND_03616,0.0,16.0,Mestrado,Capitais,Híbrido,Masculino,Branca,0.495719409808796
CAND_03617,3.4,77.0,Bacharelado,Capitais,Híbrido,Masculino,Branca,0.7278489962220352
CAND_03618,1.4,55.0,Bacharelado,Capitais,Remoto,Masculino,Branca,0.6565419288047895
CAND_03619,6.2,60.0,Bacharelado,Capitais,Remoto,Feminino,Amarela,0.4661126287733308
CAND_03620,1.7,55.0,Bacharelado,Interior,Remoto,Masculino,Branca,0.33986586644694544
CAND_03621,6.3,59.0,Bacharelado,Capitais,Híbrido,Masculino,Branca,0.7176422091959563
CAND_03622,4.4,51.0,Mestrado,Capitais,Híbrido,Feminino,Preta,0.20981625670386606
CAND_03623,3.6,54.0,Mestrado,Interior,Remoto,Não-binário,Preta,0.010110869468929362
CAND_03624,6.2,52.0,Mestrado,Região Metropolitana,Presencial,Feminino,Preta,0.19968909511664326
CAND_03625,4.2,41.0,Bacharelado,Região Metropolitana,Híbrido,Masculino,Branca,0.6048170355480438
CAND_03626,1.7,49.0,Doutorado,Região Metropolitana,Híbrido,Masculino,Amarela,0.5323175452837339
CAND_03627,13.4,54.0,Ensino Médio,Capitais,Remoto,Masculino,Branca,0.8688324958889526
CAND_03628,3.5,52.0,Bacharelado,Região Metropolitana,Presencial,Masculino,Branca,0.6465668207559158
CAND_03629,0.0,28.0,Bacharelado,Interior,Presencial,Feminino,Parda,0.1741744487825643
CAND_03630,2.5,30.0,Ensino Médio,Capitais,Presencial,Masculino,Branca,0.7580326133510389
CAND_03631,1.2,66.0,Bacharelado,Capitais,Híbrido,Masculino,Amarela,0.5015891414313888
CAND_03632,7.5,45.0,Bacharelado,Capitais,Presencial,Feminino,Branca,0.6321138402813276
CAND_03633,6.0,59.0,Mestrado,Capitais,Híbrido,Feminino,Amarela,0.5024183434571188
CAND_03634,6.2,34.0,Doutorado,Capitais,Remoto,Masculino,Branca,0.9377794163030617
CAND_03635,3.9,28.0,Mestrado,Região Metropolitana,Híbrido,Masculino,Amarela,0.44605188649500727
CAND_03636,4.2,37.0,Bacharelado,Capitais,Presencial,Masculino,Preta,0.2975683819026066
CAND_03637,3.9,47.0,Mestrado,Capitais,Remoto,Masculino,Preta,0.49648819210218786
CAND_03638,4.8,40.0,Mestrado,Capitais,Híbrido,Masculino,Branca,0.7311138743417547
CAND_03639,7.5,69.0,Bacharelado,Região Metropolitana,Presencial,Masculino,Indígena,0.7075182608787776
CAND_03640,6.0,53.0,Mestrado,Capitais,Híbrido,Masculino,Branca,0.6946603330500579
CAND_03641,6.5,78.0,Bacharelado,Capitais,Remoto,Masculino,Branca,0.968632107395962
CAND_03642,6.5,56.0,Bacharelado,Região Metropolitana,Remoto,Masculino,Parda,0.6545237149140121
CAND_03643,7.7,14.0,Bacharelado,Capitais,Híbrido,Não-binário,Branca,0.44393792539317317
CAND_03644,5.9,66.0,Bacharelado,Capitais,Presencial,Masculino,Branca,0.8129673158073634
CAND_03645,6.1,27.0,Mestrado,Capitais,Remoto,Feminino,Parda,0.44225907783200025
CAND_03646,8.6,53.0,Bacharelado,Região Metropolitana,Híbrido,Masculino,Branca,0.757385641048377
CAND_03647,3.0,38.0,Bacharelado,Região Metropolitana,Remoto,Feminino,Parda,0.37919920113812233
CAND_03648,2.4,82.0,Mestrado,Capitais,Híbrido,Masculino,Preta,0.771865479407142
CAND_03649,1.4,72.0,Doutorado,Capitais,Presencial,Masculino,Branca,0.6142622615171045
CAND_03650,5.5,39.0,Bacharelado,Região Metropolitana,Presencial,Feminino,Branca,0.4700002948924055
CAND_03651,0.0,48.0,Bacharelado,Região Metropolitana,Presencial,Feminino,Parda,0.29639677960007466
CAND_03652,6.4,54.0,Bacharelado,Região Metropolitana,Presencial,Não-binário,Parda,0.37628934327953956
CAND_03653,4.7,63.0,Bacharelado,Região Metropolitana,Presencial,Feminino,Branca,0.2596721776872466
CAND_03654,8.4,50.0,Ensino Médio,Capitais,Híbrido,Masculino,Branca,0.7760207681255018
CAND_03655,3.0,35.0,Bacharelado,Região Metropolitana,Híbrido,Masculino,Branca,0.5375029363118686
CAND_03656,4.4,39.0,Mestrado,Região Metropolitana,Híbrido,Masculino,Parda,0.5105571532323627
CAND_03657,8.4,50.0,Mestrado,Região Metropolitana,Híbrido,Masculino,Preta,0.5222479972717485
CAND_03658,9.1,69.0,Bacharelado,Interior,Remoto,Feminino,Branca,0.478720976893512
CAND_03659,3.0,56.0,Bacharelado,Capitais,Remoto,Masculino,Parda,0.4597606832981843
CAND_03660,5.5,38.0,Bacharelado,Interior,Presencial,Feminino,Amarela,0.12081847191581252
CAND_03661,5.9,60.0,Bacharelado,Região Metropolitana,Híbrido,Masculino,Branca,0.7660073529700013
CAND_03662,6.1,44.0,Bacharelado,Região Metropolitana,Presencial,Masculino,Parda,0.5430766585319274
CAND_03663,4.2,63.0,Ensino Médio,Capitais,Presencial,Masculino,Amarela,0.5121712832685124
CAND_03664,8.8,88.0,Bacharelado,Região Metropolitana,Híbrido,Masculino,Indígena,0.7388111974560165
CAND_03665,0.0,45.0,Bacharelado,Região Metropolitana,Híbrido,Feminino,Branca,0.4345492222570776
CAND_03666,3.7,62.0,Bacharelado,Capitais,Remoto,Não-binário,Branca,0.4616307606331326
CAND_03667,6.3,39.0,Bacharelado,Região Metropolitana,Híbrido,Masculino,Indígena,0.562109183916023
CAND_03668,6.4,48.0,Bacharelado,Região Metropolitana,Presencial,Feminino,Branca,0.43866472441811416
CAND_03669,9.1,50.0,Ensino Médio,Capitais,Remoto,Feminino,Branca,0.7287321961495189
CAND_03670,8.6,47.0,Bacharelado,Capitais,Presencial,Não-binário,Branca,0.46631584013601124
CAND_03671,4.1,87.0,Bacharelado,Capitais,Presencial,Masculino,Preta,0.5115000875667699
CAND_03672,8.9,45.0,Ensino Médio,Capitais,Presencial,Masculino,Branca,0.6979507880556063
CAND_03673,2.9,59.0,Bacharelado,Capitais,Remoto,Masculino,Amarela,0.42119810944894265
CAND_03674,7.8,21.0,Bacharelado,Capitais,Híbrido,Masculino,Branca,0.5151343566106166
CAND_03675,10.4,56.0,Mestrado,Capitais,Híbrido,Masculino,Preta,0.7047602354257876
CAND_03676,8.6,67.0,Bacharelado,Capitais,Remoto,Masculino,Branca,0.5337351286315302
CAND_03677,5.3,42.0,Bacharelado,Capitais,Híbrido,Feminino,Branca,0.40224666440006057
CAND_03678,4.0,12.0,Mestrado,Região Metropolitana,Remoto,Masculino,Branca,0.3938236085448247
CAND_03679,0.4,49.0,Mestrado,Capitais,Híbrido,Feminino,Indígena,0.31821694001938616
CAND_03680,5.9,50.0,Bacharelado,Região Metropolitana,Remoto,Feminino,Branca,0.24908843302687994
CAND_03681,1.7,61.0,Mestrado,Capitais,Remoto,Feminino,Preta,0.332785084494492
CAND_03682,2.6,80.0,Bacharelado,Capitais,Híbrido,Masculino,Parda,0.7876089926827522
CAND_03683,1.4,44.0,Doutorado,Capitais,Híbrido,Masculino,Branca,0.5407381954764925
CAND_03684,3.6,37.0,Bacharelado,Região Metropolitana,Remoto,Masculino,Preta,0.33906027028329183
CAND_03685,4.9,32.0,Mestrado,Região Metropolitana,Híbrido,Masculino,Branca,0.6776059283820197
CAND_03686,5.8,53.0,Mestrado,Região Metropolitana,Híbrido,Feminino,Preta,0.37203003744161883
CAND_03687,3.2,57.0,Bacharelado,Capitais,Remoto,Masculino,Branca,0.5451070663383537
CAND_03688,8.2,42.0,Mestrado,Região Metropolitana,Híbrido,Masculino,Parda,0.5210405357496756
CAND_03689,4.4,62.0,Bacharelado,Capitais,Presencial,Masculino,Preta,0.6362649221670091
CAND_03690,2.6,57.0,Bacharelado,Região Metropolitana,Híbrido,Masculino,Branca,0.547811029468038
CAND_03691,5.7,51.0,Bacharelado,Capitais,Híbrido,Não-binário,Branca,0.4152595824991447
CAND_03692,10.9,36.0,Mestrado,Capitais,Presencial,Não-binário,Branca,0.6253094523752878
CAND_03693,6.0,43.0,Bacharelado,Capitais,Híbrido,Masculino,Amarela,0.37507989767305194
CAND_03694,3.9,14.0,Bacharelado,Região Metropolitana,Remoto,Masculino,Branca,0.4574150586913875
CAND_03695,0.4,54.0,Bacharelado,Capitais,Presencial,Feminino,Branca,0.5131744292753058
CAND_03696,4.3,50.0,Bacharelado,Capitais,Presencial,Feminino,Branca,0.34388977826574796
CAND_03697,5.7,53.0,Bacharelado,Capitais,Remoto,Feminino,Indígena,0.32599956706044914
CAND_03698,3.8,58.0,Mestrado,Interior,Híbrido,Masculino,Branca,0.4953276380010905
CAND_03699,0.0,56.0,Doutorado,Capitais,Presencial,Masculino,Branca,0.6466064581108264
CAND_03700,2.4,48.0,Bacharelado,Região Metropolitana,Remoto,Masculino,Preta,0.45856485801306723
CAND_03701,9.4,51.0,Bacharelado,Interior,Híbrido,Feminino,Indígena,0.43250636339660675
CAND_03702,9.3,29.0,Ensino Médio,Interior,Híbrido,Feminino,Preta,0.07778341294254634
CAND_03703,2.3,41.0,Bacharelado,Região Metropolitana,Híbrido,Masculino,Branca,0.6132209684627473
CAND_03704,7.0,51.0,Bacharelado,Região Metropolitana,Presencial,Masculino,Branca,0.7444854901234091
CAND_03705,1.5,39.0,Bacharelado,Capitais,Remoto,Feminino,Branca,0.3187664023910821
CAND_03706,9.2,63.0,Bacharelado,Capitais,Híbrido,Feminino,Branca,0.659815050418351
CAND_03707,5.7,40.0,Bacharelado,Região Metropolitana,Híbrido,Feminino,Branca,0.2944691609859408
CAND_03708,7.8,53.0,Mestrado,Capitais,Remoto,Feminino,Parda,0.4721430510085382
CAND_03709,0.0,52.0,Doutorado,Capitais,Presencial,Masculino,Amarela,0.49931984535892276
CAND_03710,7.0,61.0,Bacharelado,Região Metropolitana,Presencial,Masculino,Parda,0.577902900635264
CAND_03711,5.0,64.0,Bacharelado,Capitais,Presencial,Feminino,Branca,0.4287272916830802
CAND_03712,7.6,60.0,Bacharelado,Região Metropolitana,Presencial,Feminino,Parda,0.4208102172543052
CAND_03713,7.7,18.0,Mestrado,Região Metropolitana,Híbrido,Masculino,Branca,0.7406333725191896
CAND_03714,5.2,68.0,Bacharelado,Capitais,Híbrido,Masculino,Branca,0.9317139153893716
CAND_03715,3.2,73.0,Mestrado,Capitais,Presencial,Feminino,Branca,0.6027439973045736
CAND_03716,7.3,43.0,Ensino Médio,Capitais,Presencial,Masculino,Branca,0.7262198924544819
CAND_03717,4.8,54.0,Bacharelado,Interior,Presencial,Masculino,Branca,0.5056505877855262
CAND_03718,2.4,37.0,Bacharelado,Capitais,Remoto,Feminino,Branca,0.18943532067804494
CAND_03719,2.2,21.0,Bacharelado,Capitais,Híbrido,Feminino,Branca,0.23864775193649446
CAND_03720,0.6,39.0,Bacharelado,Região Metropolitana,Híbrido,Feminino,Branca,0.28716559673257996
CAND_03721,3.5,42.0,Bacharelado,Capitais,Híbrido,Masculino,Branca,0.6520969281999466
CAND_03722,8.3,45.0,Mestrado,Capitais,Híbrido,Masculino,Amarela,0.5859023895081815
CAND_03723,5.5,36.0,Ensino Médio,Capitais,Presencial,Masculino,Amarela,0.3758354385482533
CAND_03724,3.4,39.0,Bacharelado,Capitais,Remoto,Feminino,Indígena,0.216536696799451
CAND_03725,7.4,50.0,Bacharelado,Capitais,Remoto,Feminino,Amarela,0.3823862544712265
CAND_03726,2.5,38.0,Bacharelado,Região Metropolitana,Híbrido,Masculino,Indígena,0.2656108221626361
CAND_03727,5.3,58.0,Bacharelado,Capitais,Híbrido,Masculino,Preta,0.5682062711331488
CAND_03728,4.5,60.0,Bacharelado,Capitais,Híbrido,Masculino,Indígena,0.5213649111233596
CAND_03729,7.3,86.0,Bacharelado,Capitais,Presencial,Masculino,Preta,0.8467098252693946
CAND_03730,0.3,67.0,Bacharelado,Capitais,Presencial,Masculino,Parda,0.5924684460240285
CAND_03731,2.4,54.0,Bacharelado,Interior,Híbrido,Feminino,Branca,0.26598242766266206
CAND_03732,0.1,41.0,Bacharelado,Capitais,Presencial,Feminino,Preta,0.05973138108910949
CAND_03733,4.2,54.0,Doutorado,Interior,Presencial,Feminino,Amarela,0.2029797390777869
CAND_03734,8.6,55.0,Bacharelado,Capitais,Híbrido,Feminino,Branca,0.6527228058424733
CAND_03735,3.5,42.0,Mestrado,Região Metropolitana,Remoto,Masculino,Branca,0.6337723798609528
CAND_03736,3.5,62.0,Bacharelado,Capitais,Remoto,Feminino,Branca,0.6167081665961492
CAND_03737,7.6,29.0,Bacharelado,Capitais,Presencial,Masculino,Preta,0.46444214669337797
CAND_03738,8.2,46.0,Bacharelado,Capitais,Presencial,Masculino,Parda,0.701149245948395
CAND_03739,4.7,58.0,Bacharelado,Região Metropolitana,Híbrido,Masculino,Branca,0.7132954335598657
CAND_03740,7.1,46.0,Bacharelado,Capitais,Remoto,Masculino,Branca,0.845634688816372
CAND_03741,1.8,47.0,Bacharelado,Capitais,Remoto,Masculino,Amarela,0.48966959630509954
CAND_03742,9.1,48.0,Ensino Médio,Região Metropolitana,Remoto,Masculino,Parda,0.6520556993440546
CAND_03743,11.4,37.0,Bacharelado,Capitais,Híbrido,Masculino,Branca,0.8182742555008593
CAND_03744,6.6,68.0,Mestrado,Capitais,Presencial,Feminino,Parda,0.48873151643481805
CAND_03745,0.0,35.0,Mestrado,Região Metropolitana,Presencial,Masculino,Branca,0.7971696186254964
CAND_03746,3.3,55.0,Bacharelado,Capitais,Presencial,Masculino,Branca,0.7388125720631145
CAND_03747,6.8,56.0,Bacharelado,Região Metropolitana,Híbrido,Feminino,Amarela,0.3727914692555004
CAND_03748,3.7,36.0,Ensino Médio,Capitais,Presencial,Feminino,Amarela,0.16513076119553793
CAND_03749,8.8,51.0,Bacharelado,Capitais,Remoto,Masculino,Branca,0.5502431896315547
CAND_03750,6.8,36.0,Mestrado,Capitais,Remoto,Masculino,Branca,0.703465641473594
CAND_03751,2.9,71.0,Bacharelado,Interior,Presencial,Feminino,Branca,0.3995947136061316
CAND_03752,5.1,33.0,Bacharelado,Região Metropolitana,Remoto,Masculino,Amarela,0.301716217811382
CAND_03753,2.3,40.0,Bacharelado,Interior,Híbrido,Masculino,Amarela,0.17284467918658603
CAND_03754,4.5,32.0,Mestrado,Capitais,Remoto,Masculino,Branca,0.6340748037440717
CAND_03755,3.3,30.0,Bacharelado,Região Metropolitana,Remoto,Feminino,Branca,0.4131528843548048
CAND_03756,8.5,74.0,Bacharelado,Capitais,Presencial,Masculino,Branca,0.9915754275040819
CAND_03757,11.3,58.0,Bacharelado,Capitais,Híbrido,Masculino,Amarela,0.6750962954939692
CAND_03758,0.7,52.0,Bacharelado,Região Metropolitana,Presencial,Masculino,Branca,0.5152621274099063
CAND_03759,0.0,40.0,Bacharelado,Capitais,Remoto,Feminino,Branca,0.3237615459854222
CAND_03760,4.3,64.0,Mestrado,Capitais,Híbrido,Feminino,Preta,0.35195340022600446
CAND_03761,0.4,38.0,Bacharelado,Capitais,Remoto,Feminino,Branca,0.38180301243425413
CAND_03762,5.1,62.0,Mestrado,Região Metropolitana,Presencial,Masculino,Branca,0.79349591861741
CAND_03763,7.2,37.0,Bacharelado,Capitais,Híbrido,Feminino,Branca,0.44806401160835313
CAND_03764,9.5,40.0,Bacharelado,Capitais,Remoto,Masculino,Preta,0.5529291132504799
CAND_03765,5.6,61.0,Mestrado,Interior,Híbrido,Masculino,Parda,0.6510237234758345
CAND_03766,4.4,63.0,Bacharelado,Capitais,Presencial,Feminino,Branca,0.5004907243460884
CAND_03767,0.0,59.0,Mestrado,Capitais,Híbrido,Não-binário,Branca,0.26405089777570095
CAND_03768,5.1,34.0,Mestrado,Região Metropolitana,Presencial,Feminino,Branca,0.3495063318468061
CAND_03769,5.2,43.0,Bacharelado,Região Metropolitana,Presencial,Feminino,Branca,0.5827595326127403
CAND_03770,6.9,52.0,Mestrado,Capitais,Híbrido,Masculino,Branca,0.6266428406951511
CAND_03771,2.9,37.0,Mestrado,Região Metropolitana,Presencial,Masculino,Branca,0.7377522241973223
CAND_03772,3.7,71.0,Bacharelado,Capitais,Remoto,Masculino,Indígena,0.43514190999670854
CAND_03773,0.6,14.0,Bacharelado,Capitais,Híbrido,Masculino,Parda,0.34068497729105185
CAND_03774,0.0,38.0,Bacharelado,Capitais,Remoto,Feminino,Parda,0.2645281013754783
CAND_03775,1.7,42.0,Bacharelado,Capitais,Presencial,Masculino,Preta,0.5302303082953106
CAND_03776,0.3,7.0,Bacharelado,Capitais,Presencial,Feminino,Amarela,0.03661309577001804
CAND_03777,6.0,29.0,Bacharelado,Interior,Presencial,Masculino,Parda,0.4145994839238304
CAND_03778,3.4,59.0,Ensino Médio,Região Metropolitana,Presencial,Masculino,Preta,0.26046539667729934
CAND_03779,3.4,50.0,Bacharelado,Interior,Híbrido,Masculino,Branca,0.5701960946755917
CAND_03780,2.0,74.0,Bacharelado,Região Metropolitana,Híbrido,Não-binário,Branca,0.38472815554290285
CAND_03781,0.0,73.0,Bacharelado,Capitais,Remoto,Feminino,Branca,0.469099610755643
CAND_03782,9.5,56.0,Bacharelado,Capitais,Híbrido,Feminino,Amarela,0.3781645495014788
CAND_03783,2.0,55.0,Mestrado,Interior,Presencial,Feminino,Branca,0.4319862174585879
CAND_03784,3.8,51.0,Ensino Médio,Região Metropolitana,Presencial,Feminino,Branca,0.45617875524805857
CAND_03785,0.6,10.0,Ensino Médio,Interior,Remoto,Feminino,Preta,0.0
CAND_03786,7.9,29.0,Ensino Médio,Capitais,Híbrido,Masculino,Branca,0.5612742008592781
CAND_03787,5.4,52.0,Bacharelado,Capitais,Remoto,Masculino,Amarela,0.44341213746558905
CAND_03788,2.5,59.0,Ensino Médio,Capitais,Presencial,Masculino,Branca,0.6543352037754083
CAND_03789,3.8,54.0,Mestrado,Capitais,Presencial,Não-binário,Preta,0.3326694852458223
CAND_03790,10.0,37.0,Bacharelado,Capitais,Presencial,Não-binário,Preta,0.26766653260901035
CAND_03791,4.8,64.0,Mestrado,Capitais,Remoto,Feminino,Indígena,0.23293523055073173
CAND_03792,4.5,72.0,Bacharelado,Região Metropolitana,Presencial,Masculino,Branca,0.8039753186266954
CAND_03793,2.2,64.0,Bacharelado,Capitais,Híbrido,Masculino,Amarela,0.3651009132112891
CAND_03794,0.0,65.0,Mestrado,Capitais,Híbrido,Masculino,Branca,0.6384759609546039
CAND_03795,4.5,42.0,Mestrado,Região Metropolitana,Híbrido,Masculino,Branca,0.6778431365050421
CAND_03796,6.0,66.0,Bacharelado,Capitais,Presencial,Masculino,Branca,0.7756114142764108
CAND_03797,8.3,52.0,Mestrado,Capitais,Híbrido,Masculino,Preta,0.6612735200694129
CAND_03798,0.0,58.0,Bacharelado,Capitais,Presencial,Não-binário,Branca,0.32092473677010724
CAND_03799,1.6,55.0,Mestrado,Região Metropolitana,Remoto,Masculino,Branca,0.5553386217109958
CAND_03800,3.3,48.0,Bacharelado,Capitais,Presencial,Feminino,Branca,0.426835727491425
CAND_03801,5.0,37.0,Mestrado,Interior,Presencial,Feminino,Branca,0.44570193356428134
CAND_03802,4.6,49.0,Bacharelado,Capitais,Híbrido,Masculino,Branca,0.7509672871082155
CAND_03803,4.6,65.0,Bacharelado,Capitais,Remoto,Masculino,Branca,0.7607148007922417
CAND_03804,6.2,43.0,Bacharelado,Capitais,Presencial,Não-binário,Amarela,0.37859631880028577
CAND_03805,2.3,63.0,Bacharelado,Capitais,Híbrido,Feminino,Branca,0.6124856242805157
CAND_03806,7.8,61.0,Bacharelado,Capitais,Presencial,Masculino,Branca,0.8788482236142767
CAND_03807,6.3,46.0,Bacharelado,Região Metropolitana,Presencial,Masculino,Preta,0.29220161766514163
CAND_03808,4.0,71.0,Bacharelado,Capitais,Híbrido,Feminino,Branca,0.6423239037307872
CAND_03809,9.8,45.0,Mestrado,Região Metropolitana,Presencial,Masculino,Branca,0.7557641753541822
CAND_03810,9.7,73.0,Bacharelado,Região Metropolitana,Híbrido,Masculino,Branca,0.7965055769290916
CAND_03811,7.8,57.0,Mestrado,Região Metropolitana,Remoto,Feminino,Amarela,0.3157448528722794
CAND_03812,0.0,50.0,Bacharelado,Capitais,Remoto,Feminino,Indígena,0.23282834361156565
CAND_03813,9.7,37.0,Ensino Médio,Interior,Presencial,Masculino,Branca,0.47942462448492834
CAND_03814,7.4,49.0,Bacharelado,Capitais,Híbrido,Feminino,Branca,0.5609754299951072
CAND_03815,11.0,47.0,Bacharelado,Capitais,Remoto,Feminino,Branca,0.5907056838987997
CAND_03816,8.7,31.0,Bacharelado,Região Metropolitana,Remoto,Feminino,Branca,0.4700538492645062
CAND_03817,9.7,47.0,Bacharelado,Capitais,Presencial,Masculino,Branca,0.8373271537988068
CAND_03818,7.6,38.0,Bacharelado,Região Metropolitana,Híbrido,Masculino,Parda,0.5745634828478186
CAND_03819,9.0,59.0,Bacharelado,Capitais,Remoto,Masculino,Branca,0.7422706771950633
CAND_03820,11.0,70.0,Bacharelado,Capitais,Híbrido,Masculino,Preta,0.4493597368936178
CAND_03821,5.6,32.0,Mestrado,Capitais,Remoto,Não-binário,Branca,0.5170653716567503
CAND_03822,0.3,76.0,Mestrado,Capitais,Híbrido,Não-binário,Amarela,0.3178765263080486
CAND_03823,4.1,48.0,Mestrado,Capitais,Presencial,Feminino,Branca,0.5063823619588385
CAND_03824,6.2,35.0,Doutorado,Capitais,Presencial,Masculino,Preta,0.631191638252731
CAND_03825,5.2,61.0,Bacharelado,Região Metropolitana,Presencial,Feminino,Preta,0.11914788066146756
CAND_03826,1.3,43.0,Bacharelado,Região Metropolitana,Presencial,Masculino,Preta,0.3036239761911454
CAND_03827,0.1,49.0,Mestrado,Região Metropolitana,Remoto,Masculino,Branca,0.5015941359529402
CAND_03828,2.8,44.0,Bacharelado,Região Metropolitana,Híbrido,Masculino,Branca,0.6476005854176217
CAND_03829,7.4,38.0,Mestrado,Capitais,Remoto,Masculino,Preta,0.2773858720890886
CAND_03830,9.7,61.0,Bacharelado,Região Metropolitana,Híbrido,Masculino,Parda,0.8184015662735865
CAND_03831,7.7,46.0,Bacharelado,Capitais,Híbrido,Masculino,Branca,0.8142660187166274
CAND_03832,8.2,28.0,Ensino Médio,Capitais,Presencial,Masculino,Branca,0.533698756686459
CAND_03833,4.8,58.0,Doutorado,Região Metropolitana,Remoto,Feminino,Branca,0.5846339709069437
CAND_03834,0.0,32.0,Mestrado,Capitais,Híbrido,Masculino,Preta,0.23784766599802748
CAND_03835,3.6,33.0,Mestrado,Região Metropolitana,Híbrido,Feminino,Parda,0.39675964606120695
CAND_03836,4.2,68.0,Bacharelado,Capitais,Remoto,Masculino,Preta,0.5880229107712669
CAND_03837,3.5,32.0,Bacharelado,Capitais,Híbrido,Masculino,Branca,0.4975020334162397
CAND_03838,5.2,15.0,Ensino Médio,Capitais,Remoto,Feminino,Branca,0.184325134312318
CAND_03839,6.3,59.0,Mestrado,Capitais,Remoto,Masculino,Parda,0.8716437150700238
CAND_03840,7.6,45.0,Bacharelado,Região Metropolitana,Presencial,Masculino,Branca,0.8761170591511462
CAND_03841,4.2,47.0,Bacharelado,Interior,Presencial,Feminino,Branca,0.37144470566020926
CAND_03842,0.0,45.0,Bacharelado,Capitais,Remoto,Masculino,Branca,0.6368441488492121
CAND_03843,3.6,53.0,Bacharelado,Capitais,Híbrido,Feminino,Branca,0.4507959420841152
CAND_03844,5.1,39.0,Bacharelado,Capitais,Presencial,Masculino,Parda,0.6260028005880194
CAND_03845,8.7,72.0,Bacharelado,Região Metropolitana,Híbrido,Masculino,Branca,0.847072128523957
CAND_03846,3.3,28.0,Bacharelado,Capitais,Híbrido,Feminino,Branca,0.3597427064205183
CAND_03847,6.5,57.0,Mestrado,Interior,Remoto,Masculino,Branca,0.7929860522014506
CAND_03848,5.9,60.0,Bacharelado,Região Metropolitana,Remoto,Masculino,Preta,0.4756744756034496
CAND_03849,5.1,39.0,Bacharelado,Região Metropolitana,Remoto,Masculino,Branca,0.6385600010148291
CAND_03850,7.8,35.0,Bacharelado,Capitais,Remoto,Masculino,Parda,0.6298036949660155
CAND_03851,3.0,65.0,Doutorado,Região Metropolitana,Presencial,Feminino,Branca,0.563966072456589
CAND_03852,3.3,35.0,Bacharelado,Região Metropolitana,Remoto,Feminino,Branca,0.47787102711423013
CAND_03853,5.0,41.0,Bacharelado,Região Metropolitana,Presencial,Feminino,Branca,0.42859060310282215
CAND_03854,3.1,63.0,Bacharelado,Região Metropolitana,Presencial,Masculino,Indígena,0.530929505251194
CAND_03855,6.5,51.0,Bacharelado,Capitais,Remoto,Feminino,Branca,0.5522202077892745
CAND_03856,2.9,23.0,Doutorado,Região Metropolitana,Híbrido,Masculino,Preta,0.31354873630858277
CAND_03857,5.7,76.0,Mestrado,Interior,Remoto,Feminino,Amarela,0.1772059984346113
CAND_03858,4.7,42.0,Bacharelado,Interior,Presencial,Feminino,Branca,0.4692574147111616
CAND_03859,5.6,44.0,Bacharelado,Região Metropolitana,Remoto,Masculino,Preta,0.4948294011900028
CAND_03860,3.6,54.0,Ensino Médio,Capitais,Presencial,Não-binário,Branca,0.5129043652284889
CAND_03861,4.0,59.0,Bacharelado,Capitais,Presencial,Feminino,Branca,0.40874811309474546
CAND_03862,5.3,79.0,Mestrado,Região Metropolitana,Híbrido,Feminino,Branca,0.7664920254642603
CAND_03863,5.6,25.0,Bacharelado,Capitais,Híbrido,Feminino,Parda,0.5586870787025279
CAND_03864,5.0,62.0,Bacharelado,Capitais,Híbrido,Feminino,Branca,0.6524822414272792
CAND_03865,10.1,61.0,Mestrado,Capitais,Remoto,Não-binário,Branca,0.8107822412520314
CAND_03866,2.0,48.0,Bacharelado,Região Metropolitana,Híbrido,Feminino,Branca,0.46178486082597714
CAND_03867,4.8,62.0,Bacharelado,Capitais,Presencial,Masculino,Branca,0.6593392396620051
CAND_03868,0.3,64.0,Ensino Médio,Capitais,Presencial,Feminino,Amarela,0.2627631870432208
CAND_03869,6.1,29.0,Bacharelado,Capitais,Híbrido,Masculino,Branca,0.5359657300224767
CAND_03870,1.7,76.0,Mestrado,Região Metropolitana,Híbrido,Não-binário,Amarela,0.22826258615002862
CAND_03871,4.2,27.0,Bacharelado,Interior,Híbrido,Feminino,Parda,0.2236280428589269
CAND_03872,3.9,33.0,Bacharelado,Capitais,Presencial,Masculino,Parda,0.5782018470880098
CAND_03873,5.8,46.0,Bacharelado,Capitais,Remoto,Feminino,Branca,0.5463075406336064
CAND_03874,3.3,79.0,Bacharelado,Região Metropolitana,Presencial,Feminino,Branca,0.35279110062755237
CAND_03875,3.2,45.0,Mestrado,Região Metropolitana,Híbrido,Masculino,Branca,0.6285762053242465
CAND_03876,9.3,50.0,Bacharelado,Região Metropolitana,Híbrido,Masculino,Branca,0.7908998497665538
CAND_03877,5.9,71.0,Mestrado,Região Metropolitana,Presencial,Masculino,Branca,0.8768373672559242
CAND_03878,3.3,45.0,Mestrado,Região Metropolitana,Remoto,Feminino,Branca,0.5273772980583268
CAND_03879,4.2,32.0,Mestrado,Capitais,Híbrido,Masculino,Indígena,0.5371258261056624
CAND_03880,9.9,44.0,Mestrado,Capitais,Híbrido,Feminino,Branca,0.5860775850022545
CAND_03881,4.3,71.0,Ensino Médio,Região Metropolitana,Híbrido,Masculino,Branca,0.7201470885176038
CAND_03882,2.9,51.0,Mestrado,Região Metropolitana,Remoto,Masculino,Preta,0.3820286884709784
CAND_03883,2.9,79.0,Bacharelado,Capitais,Híbrido,Masculino,Branca,0.8641056386898915
CAND_03884,3.4,61.0,Ensino Médio,Interior,Híbrido,Masculino,Branca,0.5547307953294466
CAND_03885,3.2,40.0,Ensino Médio,Região Metropolitana,Presencial,Masculino,Branca,0.5178277853212326
CAND_03886,1.2,51.0,Bacharelado,Região Metropolitana,Presencial,Masculino,Branca,0.5011004882242482
CAND_03887,1.6,37.0,Bacharelado,Capitais,Presencial,Feminino,Branca,0.4919475440538089
CAND_03888,2.5,40.0,Bacharelado,Capitais,Remoto,Masculino,Branca,0.665904944634186
CAND_03889,6.8,100.0,Ensino Médio,Região Metropolitana,Híbrido,Feminino,Branca,0.8462969676593723
CAND_03890,3.9,65.0,Bacharelado,Capitais,Remoto,Masculino,Branca,0.7906219263992944
CAND_03891,4.4,63.0,Bacharelado,Capitais,Presencial,Masculino,Branca,0.8009916890783422
CAND_03892,8.8,41.0,Mestrado,Interior,Híbrido,Masculino,Preta,0.24347311846030004
CAND_03893,8.9,74.0,Bacharelado,Região Metropolitana,Remoto,Feminino,Branca,0.6550484379528061
CAND_03894,4.2,66.0,Bacharelado,Capitais,Presencial,Masculino,Branca,0.716347174667554
CAND_03895,3.1,78.0,Bacharelado,Região Metropolitana,Híbrido,Masculino,Amarela,0.6066432288409112
CAND_03896,2.4,77.0,Bacharelado,Capitais,Remoto,Não-binário,Preta,0.28946844431590824
CAND_03897,7.1,28.0,Bacharelado,Capitais,Remoto,Feminino,Branca,0.5525273181025923
CAND_03898,4.4,33.0,Bacharelado,Região Metropolitana,Remoto,Masculino,Indígena,0.6332595113961945
CAND_03899,3.8,35.0,Bacharelado,Região Metropolitana,Remoto,Feminino,Preta,0.036163769454776784
CAND_03900,2.6,36.0,Bacharelado,Capitais,Híbrido,Feminino,Branca,0.4906706559525387
CAND_03901,2.7,55.0,Bacharelado,Capitais,Presencial,Feminino,Indígena,0.39235931668103596
CAND_03902,6.0,41.0,Doutorado,Capitais,Remoto,Masculino,Branca,0.9819294787882198
CAND_03903,1.1,81.0,Bacharelado,Interior,Remoto,Masculino,Indígena,0.5165384570031605
CAND_03904,8.0,79.0,Mestrado,Região Metropolitana,Híbrido,Feminino,Branca,0.7361410394743741
CAND_03905,3.4,50.0,Mestrado,Capitais,Presencial,Masculino,Branca,0.8031453231028982
CAND_03906,4.6,79.0,Ensino Médio,Capitais,Híbrido,Feminino,Preta,0.40012661089670004
CAND_03907,1.0,72.0,Doutorado,Capitais,Híbrido,Masculino,Branca,0.9534370152260837
CAND_03908,5.0,43.0,Mestrado,Região Metropolitana,Presencial,Masculino,Branca,0.5900621470613513
CAND_03909,4.0,20.0,Bacharelado,Região Metropolitana,Remoto,Feminino,Parda,0.2207661222274675
CAND_03910,4.8,47.0,Bacharelado,Capitais,Híbrido,Masculino,Branca,0.8575286119480505
CAND_03911,9.4,40.0,Bacharelado,Interior,Híbrido,Masculino,Amarela,0.2021285054603919
CAND_03912,5.5,53.0,Bacharelado,Capitais,Híbrido,Feminino,Branca,0.5135270755801876
CAND_03913,2.6,51.0,Ensino Médio,Capitais,Presencial,Masculino,Amarela,0.42095599863841665
CAND_03914,2.9,51.0,Mestrado,Capitais,Híbrido,Feminino,Branca,0.4943088120262169
CAND_03915,6.8,58.0,Mestrado,Capitais,Híbrido,Masculino,Branca,0.976094803314032
CAND_03916,8.9,32.0,Bacharelado,Interior,Híbrido,Masculino,Branca,0.603593778200158
CAND_03917,5.8,56.0,Mestrado,Região Metropolitana,Presencial,Masculino,Preta,0.4512685895354763
CAND_03918,7.1,43.0,Mestrado,Capitais,Híbrido,Feminino,Branca,0.5005590689002786
CAND_03919,6.8,53.0,Bacharelado,Capitais,Híbrido,Masculino,Branca,0.7761825578493088
CAND_03920,9.3,64.0,Bacharelado,Capitais,Remoto,Masculino,Branca,0.9585954037202767
CAND_03921,0.0,32.0,Bacharelado,Capitais,Remoto,Feminino,Branca,0.34184081113675785
CAND_03922,7.0,46.0,Mestrado,Região Metropolitana,Remoto,Feminino,Branca,0.5105579665742168
CAND_03923,8.0,48.0,Mestrado,Região Metropolitana,Híbrido,Feminino,Preta,0.23247163111553049
CAND_03924,1.0,42.0,Ensino Médio,Capitais,Híbrido,Masculino,Branca,0.57540388380893
CAND_03925,2.3,63.0,Bacharelado,Capitais,Presencial,Masculino,Branca,0.7298570522370923
CAND_03926,2.4,39.0,Mestrado,Capitais,Remoto,Feminino,Amarela,0.18157814339038136
CAND_03927,2.8,42.0,Mestrado,Interior,Híbrido,Feminino,Preta,0.17664161759931224
CAND_03928,3.6,39.0,Bacharelado,Capitais,Remoto,Feminino,Amarela,0.39860433092537795
CAND_03929,5.7,66.0,Bacharelado,Capitais,Híbrido,Feminino,Amarela,0.38289979678653774
CAND_03930,7.6,43.0,Mestrado,Capitais,Presencial,Feminino,Branca,0.6042137643112654
CAND_03931,8.2,57.0,Bacharelado,Capitais,Presencial,Masculino,Indígena,0.5315065379285795
CAND_03932,2.5,80.0,Bacharelado,Capitais,Remoto,Feminino,Branca,0.6437189525373759
CAND_03933,2.5,49.0,Mestrado,Região Metropolitana,Presencial,Feminino,Amarela,0.29241742169274626
CAND_03934,8.9,67.0,Ensino Médio,Interior,Presencial,Feminino,Branca,0.41338955205210093
CAND_03935,6.9,75.0,Mestrado,Capitais,Remoto,Feminino,Branca,0.6136507481048001
CAND_03936,5.2,65.0,Bacharelado,Capitais,Híbrido,Masculino,Preta,0.698757024362166
CAND_03937,6.4,50.0,Ensino Médio,Região Metropolitana,Presencial,Feminino,Amarela,0.2662770236073001
CAND_03938,4.9,60.0,Bacharelado,Região Metropolitana,Presencial,Masculino,Preta,0.34623287041192696
CAND_03939,6.6,31.0,Ensino Médio,Capitais,Presencial,Masculino,Branca,0.6915544292415304
CAND_03940,4.0,38.0,Ensino Médio,Região Metropolitana,Híbrido,Masculino,Branca,0.5549657312807796
CAND_03941,5.8,41.0,Bacharelado,Região Metropolitana,Remoto,Não-binário,Parda,0.3358892330327059
CAND_03942,0.5,84.0,Bacharelado,Capitais,Presencial,Feminino,Branca,0.6438557295537701
CAND_03943,2.9,38.0,Mestrado,Capitais,Remoto,Feminino,Preta,0.0
CAND_03944,3.0,38.0,Bacharelado,Região Metropolitana,Presencial,Masculino,Branca,0.3812960388882316
CAND_03945,3.9,34.0,Bacharelado,Região Metropolitana,Presencial,Masculino,Branca,0.7019218724536628
CAND_03946,2.2,58.0,Bacharelado,Capitais,Remoto,Feminino,Preta,0.2131077883552999
CAND_03947,3.4,52.0,Bacharelado,Capitais,Presencial,Masculino,Parda,0.5833227719121336
CAND_03948,0.5,66.0,Bacharelado,Capitais,Remoto,Masculino,Amarela,0.3402243011667326
CAND_03949,6.6,60.0,Bacharelado,Região Metropolitana,Remoto,Feminino,Branca,0.5413849349149304
CAND_03950,4.8,29.0,Mestrado,Capitais,Presencial,Masculino,Amarela,0.493725580567656
CAND_03951,0.0,38.0,Bacharelado,Capitais,Híbrido,Masculino,Indígena,0.5460814641995162
CAND_03952,2.5,70.0,Ensino Médio,Região Metropolitana,Híbrido,Masculino,Parda,0.6172445175189312
CAND_03953,6.0,47.0,Bacharelado,Capitais,Remoto,Feminino,Amarela,0.2777192100281585
CAND_03954,3.4,68.0,Bacharelado,Região Metropolitana,Híbrido,Feminino,Preta,0.28056767518696174
CAND_03955,2.9,48.0,Bacharelado,Capitais,Híbrido,Não-binário,Branca,0.510948856224461
CAND_03956,4.8,35.0,Mestrado,Capitais,Presencial,Feminino,Branca,0.5751219680519052
CAND_03957,6.0,45.0,Bacharelado,Capitais,Híbrido,Masculino,Preta,0.5121434791321745
CAND_03958,0.7,35.0,Bacharelado,Interior,Presencial,Feminino,Amarela,0.03145818493125516
CAND_03959,6.7,42.0,Bacharelado,Região Metropolitana,Presencial,Masculino,Branca,0.5938672787849549
CAND_03960,2.6,53.0,Doutorado,Capitais,Remoto,Masculino,Parda,0.6107201187504845
CAND_03961,4.9,58.0,Bacharelado,Interior,Presencial,Masculino,Preta,0.21089939276223124
CAND_03962,4.9,26.0,Bacharelado,Região Metropolitana,Presencial,Feminino,Branca,0.39139662878750575
CAND_03963,3.4,50.0,Bacharelado,Capitais,Híbrido,Feminino,Branca,0.5178280069935076
CAND_03964,1.9,41.0,Mestrado,Capitais,Remoto,Masculino,Parda,0.7114304482603899
CAND_03965,4.1,40.0,Ensino Médio,Capitais,Presencial,Masculino,Branca,0.6481731852249862
CAND_03966,9.9,52.0,Ensino Médio,Região Metropolitana,Presencial,Feminino,Branca,0.6110871449145958
CAND_03967,0.9,42.0,Mestrado,Região Metropolitana,Presencial,Masculino,Preta,0.32294533693580807
CAND_03968,10.1,71.0,Bacharelado,Capitais,Presencial,Feminino,Parda,0.713084246343632
CAND_03969,4.2,68.0,Bacharelado,Capitais,Híbrido,Masculino,Branca,0.6558529488069648
CAND_03970,5.1,68.0,Bacharelado,Capitais,Híbrido,Masculino,Amarela,0.5679814148124076
CAND_03971,1.7,43.0,Mestrado,Capitais,Híbrido,Masculino,Branca,0.47285143957614517
CAND_03972,2.7,36.0,Bacharelado,Capitais,Híbrido,Masculino,Branca,0.601158465610567
CAND_03973,3.5,51.0,Bacharelado,Capitais,Remoto,Feminino,Preta,0.3464786484041032
CAND_03974,1.9,48.0,Doutorado,Capitais,Híbrido,Feminino,Parda,0.4870210650082773
CAND_03975,4.4,41.0,Bacharelado,Interior,Remoto,Masculino,Branca,0.5741824992173225
CAND_03976,3.8,32.0,Bacharelado,Capitais,Híbrido,Feminino,Branca,0.43131852140913207
CAND_03977,10.6,49.0,Mestrado,Capitais,Remoto,Feminino,Preta,0.350957418736064
CAND_03978,1.5,44.0,Bacharelado,Capitais,Híbrido,Masculino,Parda,0.5373352189648762
CAND_03979,5.3,60.0,Bacharelado,Capitais,Híbrido,Masculino,Branca,0.8639684493650852
CAND_03980,5.7,60.0,Bacharelado,Região Metropolitana,Remoto,Feminino,Branca,0.5756674055807872
CAND_03981,1.8,67.0,Bacharelado,Capitais,Presencial,Masculino,Branca,0.6422404199546619
CAND_03982,7.1,31.0,Mestrado,Capitais,Híbrido,Masculino,Branca,0.5772528454101484
CAND_03983,3.8,56.0,Ensino Médio,Capitais,Remoto,Não-binário,Branca,0.42068465835644736
CAND_03984,0.0,39.0,Bacharelado,Capitais,Remoto,Feminino,Branca,0.2978120176230247
CAND_03985,7.0,32.0,Mestrado,Capitais,Híbrido,Masculino,Branca,0.7002564990236717
CAND_03986,1.6,44.0,Bacharelado,Região Metropolitana,Híbrido,Masculino,Branca,0.4125577416905522
CAND_03987,1.9,66.0,Bacharelado,Capitais,Presencial,Masculino,Branca,0.8060752857511295
CAND_03988,7.1,44.0,Bacharelado,Região Metropolitana,Remoto,Masculino,Branca,0.6583022192732821
CAND_03989,4.0,73.0,Bacharelado,Capitais,Híbrido,Masculino,Parda,0.7274659971134755
CAND_03990,7.8,58.0,Bacharelado,Capitais,Remoto,Masculino,Branca,0.7047069784604832
CAND_03991,8.6,44.0,Bacharelado,Capitais,Presencial,Masculino,Preta,0.47026152941403815
CAND_03992,3.1,67.0,Bacharelado,Interior,Presencial,Feminino,Parda,0.3422459776327268
CAND_03993,7.4,57.0,Bacharelado,Capitais,Híbrido,Masculino,Branca,0.7146742773522988
CAND_03994,2.7,36.0,Bacharelado,Capitais,Híbrido,Masculino,Branca,0.576413824993333
CAND_03995,11.7,78.0,Bacharelado,Capitais,Híbrido,Masculino,Preta,0.8346291424553326
CAND_03996,2.9,54.0,Bacharelado,Região Metropolitana,Presencial,Masculino,Branca,0.4489958030364689
CAND_03997,8.1,50.0,Bacharelado,Capitais,Presencial,Masculino,Branca,0.7804561701061334
CAND_03998,7.5,37.0,Bacharelado,Interior,Presencial,Masculino,Parda,0.41945339330485104
CAND_03999,5.9,68.0,Bacharelado,Região Metropolitana,Presencial,Masculino,Branca,0.8736489989834383
CAND_04000,3.0,58.0,Bacharelado,Região Metropolitana,Presencial,Masculino,Preta,0.3739272699162723
CAND_04001,4.5,59.0,Bacharelado,Capitais,Remoto,Feminino,Amarela,0.22128454256084612
CAND_04002,0.0,42.0,Bacharelado,Região Metropolitana,Híbrido,Masculino,Branca,0.4964389962314336
CAND_04003,5.7,63.0,Bacharelado,Capitais,Híbrido,Masculino,Branca,0.8009634257735314
CAND_04004,6.0,64.0,Bacharelado,Capitais,Remoto,Masculino,Branca,1.0
CAND_04005,5.4,40.0,Mestrado,Interior,Híbrido,Não-binário,Indígena,0.0
CAND_04006,0.0,29.0,Mestrado,Capitais,Remoto,Não-binário,Branca,0.19608838650155672
CAND_04007,1.2,59.0,Bacharelado,Interior,Presencial,Masculino,Branca,0.6405218880468049
CAND_04008,2.8,26.0,Bacharelado,Capitais,Híbrido,Masculino,Branca,0.4091040357367276
CAND_04009,5.9,52.0,Bacharelado,Interior,Híbrido,Masculino,Branca,0.5769631922849121
CAND_04010,5.9,43.0,Mestrado,Capitais,Híbrido,Masculino,Branca,0.6916635120961749
CAND_04011,4.5,68.0,Mestrado,Região Metropolitana,Híbrido,Masculino,Branca,0.6979575953225161
CAND_04012,6.9,44.0,Bacharelado,Capitais,Presencial,Masculino,Branca,0.6967807384391513
CAND_04013,1.9,67.0,Mestrado,Capitais,Remoto,Masculino,Indígena,0.5727317278840777
CAND_04014,6.8,42.0,Bacharelado,Região Metropolitana,Híbrido,Masculino,Parda,0.7097061614219917
CAND_04015,6.4,65.0,Bacharelado,Região Metropolitana,Presencial,Masculino,Parda,0.8208294707443032
CAND_04016,6.1,81.0,Mestrado,Capitais,Híbrido,Feminino,Branca,0.7386303963660754
CAND_04017,4.5,34.0,Bacharelado,Capitais,Remoto,Masculino,Branca,0.6023927462161633
CAND_04018,10.5,54.0,Mestrado,Capitais,Presencial,Feminino,Preta,0.4518469870808418
CAND_04019,6.5,91.0,Ensino Médio,Capitais,Presencial,Masculino,Branca,0.9245025566744436
CAND_04020,2.1,51.0,Bacharelado,Capitais,Remoto,Masculino,Branca,0.7461698306404181
CAND_04021,5.7,51.0,Bacharelado,Região Metropolitana,Remoto,Feminino,Branca,0.5050046846985013
CAND_04022,7.3,62.0,Bacharelado,Capitais,Presencial,Masculino,Branca,0.9467661552042685
CAND_04023,3.2,51.0,Bacharelado,Capitais,Remoto,Masculino,Branca,0.6063487946075155
CAND_04024,8.3,24.0,Bacharelado,Interior,Híbrido,Masculino,Branca,0.6259956295784754
CAND_04025,6.1,67.0,Bacharelado,Capitais,Remoto,Masculino,Branca,0.8604359862760638
CAND_04026,0.0,20.0,Bacharelado,Capitais,Híbrido,Masculino,Amarela,0.21899996232646288
CAND_04027,5.9,44.0,Mestrado,Região Metropolitana,Remoto,Masculino,Branca,0.7172685882677975
CAND_04028,3.8,68.0,Bacharelado,Região Metropolitana,Remoto,Masculino,Amarela,0.5281429578297333
CAND_04029,6.6,45.0,Bacharelado,Região Metropolitana,Presencial,Masculino,Amarela,0.44779675596433177
CAND_04030,7.8,40.0,Bacharelado,Região Metropolitana,Presencial,Masculino,Parda,0.6007064500062129
CAND_04031,5.6,63.0,Bacharelado,Capitais,Híbrido,Masculino,Indígena,0.4615172368314404
CAND_04032,10.0,37.0,Ensino Médio,Capitais,Presencial,Feminino,Branca,0.4290732786998862
CAND_04033,4.5,32.0,Bacharelado,Região Metropolitana,Híbrido,Masculino,Preta,0.2941627867810474
CAND_04034,6.9,54.0,Bacharelado,Capitais,Remoto,Feminino,Parda,0.44674316103365996
CAND_04035,7.4,47.0,Ensino Médio,Capitais,Presencial,Feminino,Branca,0.4004335931577266
CAND_04036,4.7,31.0,Bacharelado,Região Metropolitana,Híbrido,Masculino,Branca,0.6741091353119015
CAND_04037,7.3,60.0,Doutorado,Região Metropolitana,Híbrido,Masculino,Branca,0.8256074913355321
CAND_04038,3.2,57.0,Bacharelado,Capitais,Híbrido,Masculino,Branca,0.9086741720536432
CAND_04039,3.7,45.0,Mestrado,Interior,Presencial,Masculino,Amarela,0.37627474990662624
CAND_04040,1.1,46.0,Bacharelado,Região Metropolitana,Presencial,Feminino,Branca,0.4600155192684696
CAND_04041,5.7,57.0,Bacharelado,Interior,Remoto,Masculino,Branca,0.5711877955031732
CAND_04042,6.0,68.0,Bacharelado,Interior,Remoto,Masculino,Amarela,0.37583252340780277
CAND_04043,8.5,46.0,Mestrado,Capitais,Remoto,Masculino,Branca,0.8302849205135795
CAND_04044,7.4,60.0,Bacharelado,Região Metropolitana,Remoto,Feminino,Amarela,0.46755160707611476
CAND_04045,4.1,58.0,Bacharelado,Região Metropolitana,Híbrido,Masculino,Indígena,0.5050927564545608
CAND_04046,1.5,63.0,Ensino Médio,Região Metropolitana,Remoto,Feminino,Amarela,0.22667781837811932
CAND_04047,6.3,51.0,Bacharelado,Região Metropolitana,Híbrido,Feminino,Preta,0.25575604314523925
CAND_04048,8.3,36.0,Mestrado,Capitais,Presencial,Masculino,Preta,0.5001999077740188
CAND_04049,7.3,43.0,Mestrado,Capitais,Híbrido,Masculino,Preta,0.5133175534588764
CAND_04050,8.3,55.0,Mestrado,Capitais,Presencial,Masculino,Branca,0.7361525371279759
CAND_04051,4.4,77.0,Bacharelado,Região Metropolitana,Híbrido,Masculino,Branca,0.7448911466496754
CAND_04052,3.6,43.0,Mestrado,Região Metropolitana,Presencial,Feminino,Branca,0.5093293963394331
CAND_04053,2.8,62.0,Bacharelado,Capitais,Híbrido,Masculino,Preta,0.4835712118143699
CAND_04054,4.8,45.0,Bacharelado,Capitais,Híbrido,Masculino,Preta,0.44441805276364543
CAND_04055,4.8,52.0,Mestrado,Região Metropolitana,Remoto,Masculino,Branca,0.7765011446220862
CAND_04056,5.6,73.0,Bacharelado,Capitais,Híbrido,Masculino,Preta,0.5734934910351882
CAND_04057,4.6,61.0,Ensino Médio,Capitais,Remoto,Masculino,Parda,0.637391593885182
CAND_04058,4.6,31.0,Bacharelado,Capitais,Presencial,Masculino,Preta,0.43951604069610317
CAND_04059,2.7,41.0,Bacharelado,Interior,Híbrido,Masculino,Branca,0.48165996183489673
CAND_04060,7.8,69.0,Bacharelado,Região Metropolitana,Híbrido,Masculino,Branca,0.7583404705857558
CAND_04061,5.2,52.0,Bacharelado,Capitais,Remoto,Masculino,Branca,0.7588270255146936
CAND_04062,4.5,33.0,Mestrado,Capitais,Híbrido,Masculino,Branca,0.6684781594432779
CAND_04063,2.8,38.0,Mestrado,Região Metropolitana,Híbrido,Masculino,Branca,0.5798486542812799
CAND_04064,1.0,61.0,Mestrado,Região Metropolitana,Presencial,Masculino,Parda,0.6295422225200745
CAND_04065,8.9,65.0,Bacharelado,Região Metropolitana,Presencial,Masculino,Branca,0.8047090845920731
CAND_04066,6.7,50.0,Mestrado,Capitais,Híbrido,Masculino,Branca,0.6736375276065015
CAND_04067,0.1,87.0,Mestrado,Capitais,Remoto,Masculino,Parda,0.7833230467300123
CAND_04068,7.3,62.0,Bacharelado,Interior,Presencial,Masculino,Branca,0.828651284908517
CAND_04069,7.8,46.0,Bacharelado,Capitais,Presencial,Masculino,Preta,0.39203888081914967
CAND_04070,5.4,38.0,Bacharelado,Capitais,Presencial,Masculino,Amarela,0.4097424276361512
CAND_04071,9.8,35.0,Ensino Médio,Região Metropolitana,Presencial,Masculino,Preta,0.6640026223238948
CAND_04072,5.7,55.0,Bacharelado,Interior,Remoto,Masculino,Preta,0.25178673116784706
CAND_04073,0.7,43.0,Bacharelado,Região Metropolitana,Remoto,Masculino,Parda,0.6146390077163001
CAND_04074,6.1,75.0,Bacharelado,Região Metropolitana,Híbrido,Masculino,Branca,0.7491293844309267
CAND_04075,5.7,72.0,Bacharelado,Capitais,Presencial,Feminino,Branca,0.6080139992309723
CAND_04076,3.2,59.0,Bacharelado,Capitais,Remoto,Masculino,Branca,0.6868832192946506
CAND_04077,6.7,32.0,Mestrado,Capitais,Presencial,Masculino,Branca,0.7545700621480665
CAND_04078,0.0,40.0,Mestrado,Capitais,Híbrido,Masculino,Branca,0.4520246823501025
CAND_04079,8.0,69.0,Bacharelado,Capitais,Remoto,Masculino,Branca,0.8546260457398192
CAND_04080,2.4,42.0,Bacharelado,Região Metropolitana,Híbrido,Masculino,Parda,0.4756638150635436
CAND_04081,2.0,67.0,Bacharelado,Capitais,Presencial,Masculino,Amarela,0.3216926105056005
CAND_04082,4.7,57.0,Bacharelado,Capitais,Presencial,Masculino,Branca,0.8340889027689222
CAND_04083,6.3,51.0,Bacharelado,Capitais,Remoto,Feminino,Branca,0.31924972333382023
CAND_04084,5.5,39.0,Mestrado,Região Metropolitana,Presencial,Masculino,Preta,0.6308446230392711
CAND_04085,2.8,49.0,Bacharelado,Capitais,Híbrido,Feminino,Parda,0.46369531851542084
CAND_04086,3.5,53.0,Mestrado,Região Metropolitana,Remoto,Feminino,Branca,0.34590042112222835
CAND_04087,1.6,65.0,Mestrado,Capitais,Remoto,Feminino,Branca,0.6758093648017205
CAND_04088,4.3,37.0,Bacharelado,Região Metropolitana,Híbrido,Feminino,Branca,0.3089620532308237
CAND_04089,8.2,46.0,Bacharelado,Região Metropolitana,Presencial,Masculino,Branca,0.6275176117119833
CAND_04090,5.0,51.0,Bacharelado,Capitais,Híbrido,Masculino,Preta,0.2739029687230744
CAND_04091,7.6,60.0,Bacharelado,Região Metropolitana,Presencial,Masculino,Branca,0.6556037100106927
CAND_04092,9.4,36.0,Bacharelado,Capitais,Presencial,Masculino,Branca,0.6573831228101539
CAND_04093,3.2,30.0,Doutorado,Região Metropolitana,Remoto,Masculino,Branca,0.715814608562521
CAND_04094,4.4,60.0,Mestrado,Região Metropolitana,Presencial,Feminino,Amarela,0.44471938661292576
CAND_04095,11.5,27.0,Mestrado,Capitais,Presencial,Masculino,Branca,0.6639211221355756
CAND_04096,9.3,69.0,Ensino Médio,Capitais,Híbrido,Masculino,Branca,0.8390539969357877
CAND_04097,0.0,48.0,Bacharelado,Capitais,Híbrido,Feminino,Preta,0.0
CAND_04098,6.2,27.0,Ensino Médio,Interior,Remoto,Masculino,Preta,0.20943447748886923
CAND_04099,5.0,43.0,Bacharelado,Capitais,Remoto,Masculino,Preta,0.638208018074092
CAND_04100,7.5,56.0,Bacharelado,Região Metropolitana,Híbrido,Masculino,Branca,0.5460187571195803
CAND_04101,2.8,42.0,Bacharelado,Região Metropolitana,Híbrido,Feminino,Indígena,0.12253334578331665
CAND_04102,2.5,50.0,Bacharelado,Região Metropolitana,Híbrido,Masculino,Branca,0.6727275214573623
CAND_04103,3.0,61.0,Mestrado,Capitais,Presencial,Feminino,Branca,0.6385194474970162
CAND_04104,3.3,47.0,Mestrado,Capitais,Híbrido,Masculino,Branca,0.6098883254925994
CAND_04105,7.4,36.0,Bacharelado,Capitais,Híbrido,Feminino,Branca,0.6393581735358095
CAND_04106,1.5,46.0,Mestrado,Capitais,Presencial,Masculino,Branca,0.5824421567527327
CAND_04107,3.1,71.0,Bacharelado,Capitais,Presencial,Feminino,Parda,0.6633467607602999
CAND_04108,0.0,75.0,Bacharelado,Capitais,Híbrido,Não-binário,Branca,0.4968651688040925
CAND_04109,8.0,20.0,Mestrado,Capitais,Híbrido,Masculino,Amarela,0.617121505203703
CAND_04110,8.8,66.0,Ensino Médio,Capitais,Híbrido,Masculino,Preta,0.5770828126265461
CAND_04111,4.0,54.0,Mestrado,Capitais,Remoto,Masculino,Parda,0.761696410435433
CAND_04112,4.1,64.0,Bacharelado,Capitais,Híbrido,Masculino,Parda,0.7590132526579236
CAND_04113,6.4,42.0,Mestrado,Capitais,Remoto,Feminino,Preta,0.4104786542633394
CAND_04114,9.4,23.0,Doutorado,Capitais,Híbrido,Masculino,Preta,0.5267172199842569
CAND_04115,6.2,59.0,Bacharelado,Capitais,Híbrido,Feminino,Preta,0.22000961649145512
CAND_04116,2.9,36.0,Ensino Médio,Região Metropolitana,Presencial,Feminino,Branca,0.29410608729970034
CAND_04117,0.1,29.0,Bacharelado,Capitais,Híbrido,Masculino,Branca,0.4512512168759067
CAND_04118,1.7,30.0,Bacharelado,Interior,Remoto,Masculino,Branca,0.34379278921624357
CAND_04119,5.2,59.0,Bacharelado,Capitais,Híbrido,Masculino,Parda,0.8554777239800407
CAND_04120,3.0,52.0,Mestrado,Interior,Presencial,Masculino,Branca,0.6302727890756347
CAND_04121,5.6,62.0,Bacharelado,Região Metropolitana,Híbrido,Masculino,Branca,0.7676737482232914
CAND_04122,3.3,60.0,Doutorado,Região Metropolitana,Presencial,Masculino,Branca,0.8632643542421126
CAND_04123,1.8,44.0,Mestrado,Interior,Híbrido,Feminino,Preta,0.12375104927653947
CAND_04124,1.5,49.0,Bacharelado,Capitais,Híbrido,Masculino,Indígena,0.6627077494833775
CAND_04125,9.7,42.0,Bacharelado,Capitais,Híbrido,Masculino,Parda,0.5025355671687215
CAND_04126,7.7,47.0,Bacharelado,Capitais,Remoto,Masculino,Preta,0.39224073882032223
CAND_04127,10.2,35.0,Bacharelado,Capitais,Híbrido,Feminino,Branca,0.47393281518268293
CAND_04128,6.6,56.0,Bacharelado,Capitais,Híbrido,Masculino,Branca,0.6184283522529103
CAND_04129,3.7,66.0,Ensino Médio,Capitais,Híbrido,Masculino,Branca,0.6992922771321294
CAND_04130,9.0,38.0,Bacharelado,Capitais,Remoto,Feminino,Branca,0.5479932695429967
CAND_04131,4.9,69.0,Bacharelado,Capitais,Remoto,Feminino,Branca,0.771533623861888
CAND_04132,5.7,52.0,Mestrado,Capitais,Presencial,Feminino,Amarela,0.4623789141852706
CAND_04133,4.9,54.0,Mestrado,Região Metropolitana,Híbrido,Feminino,Branca,0.4632473568511924
CAND_04134,0.0,25.0,Bacharelado,Interior,Híbrido,Masculino,Branca,0.3994359480497414
CAND_04135,9.8,23.0,Ensino Médio,Capitais,Presencial,Feminino,Amarela,0.05530198795713559
CAND_04136,6.5,52.0,Mestrado,Capitais,Presencial,Masculino,Branca,0.8022255226496069
CAND_04137,6.0,62.0,Doutorado,Capitais,Presencial,Masculino,Branca,0.8768787314611972
CAND_04138,4.8,40.0,Bacharelado,Região Metropolitana,Remoto,Não-binário,Branca,0.2657902602635033
CAND_04139,5.5,75.0,Bacharelado,Capitais,Híbrido,Masculino,Branca,0.7898802631271046
CAND_04140,3.2,61.0,Bacharelado,Interior,Híbrido,Masculino,Preta,0.23874625107234823
CAND_04141,6.8,36.0,Bacharelado,Capitais,Híbrido,Masculino,Branca,0.5867454681777737
CAND_04142,1.1,50.0,Bacharelado,Capitais,Remoto,Masculino,Preta,0.43944991405278755
CAND_04143,5.6,87.0,Bacharelado,Interior,Híbrido,Masculino,Amarela,0.6133911193815004
CAND_04144,6.7,31.0,Bacharelado,Interior,Híbrido,Feminino,Branca,0.358999554098148
CAND_04145,4.4,58.0,Bacharelado,Região Metropolitana,Presencial,Não-binário,Branca,0.37618953305804165
CAND_04146,6.1,45.0,Ensino Médio,Capitais,Híbrido,Masculino,Preta,0.3357446403401315
CAND_04147,2.0,61.0,Bacharelado,Região Metropolitana,Híbrido,Feminino,Branca,0.3933000017313569
CAND_04148,2.1,69.0,Mestrado,Capitais,Híbrido,Masculino,Branca,0.7459992105811307
CAND_04149,5.7,44.0,Bacharelado,Capitais,Híbrido,Masculino,Preta,0.352790974180821
CAND_04150,7.0,67.0,Doutorado,Capitais,Híbrido,Feminino,Branca,0.8133823987176022
CAND_04151,0.0,83.0,Bacharelado,Capitais,Híbrido,Feminino,Amarela,0.3117726268609582
CAND_04152,6.6,51.0,Bacharelado,Região Metropolitana,Híbrido,Masculino,Branca,0.7624880849978405
CAND_04153,3.4,62.0,Bacharelado,Capitais,Presencial,Masculino,Branca,0.5760079157594411
CAND_04154,4.4,41.0,Bacharelado,Interior,Híbrido,Masculino,Amarela,0.2331659508672011
CAND_04155,1.0,50.0,Bacharelado,Capitais,Remoto,Feminino,Branca,0.5059393397152568
CAND_04156,2.4,47.0,Bacharelado,Capitais,Remoto,Masculino,Branca,0.7233545976417362
CAND_04157,7.9,62.0,Mestrado,Região Metropolitana,Remoto,Masculino,Amarela,0.48574700551911576
CAND_04158,5.1,68.0,Mestrado,Região Metropolitana,Presencial,Feminino,Branca,0.6043068875997446
CAND_04159,3.9,48.0,Ensino Médio,Interior,Presencial,Masculino,Branca,0.5029314278551812
CAND_04160,4.7,73.0,Mestrado,Região Metropolitana,Híbrido,Feminino,Branca,0.5151786621296885
CAND_04161,6.5,73.0,Bacharelado,Capitais,Presencial,Feminino,Branca,0.6576997993029551
CAND_04162,6.3,63.0,Bacharelado,Interior,Presencial,Masculino,Preta,0.21995483003087993
CAND_04163,4.8,42.0,Bacharelado,Interior,Híbrido,Masculino,Branca,0.42131081470293663
CAND_04164,8.3,41.0,Bacharelado,Capitais,Presencial,Masculino,Preta,0.5398957945656159
CAND_04165,7.9,38.0,Bacharelado,Capitais,Presencial,Não-binário,Branca,0.462950025870029
CAND_04166,6.2,64.0,Bacharelado,Capitais,Remoto,Masculino,Amarela,0.5881420327585318
CAND_04167,5.2,32.0,Bacharelado,Capitais,Presencial,Feminino,Branca,0.41449173152143753
CAND_04168,7.0,60.0,Bacharelado,Interior,Presencial,Masculino,Preta,0.43369025815324164
CAND_04169,5.9,34.0,Ensino Médio,Capitais,Presencial,Masculino,Amarela,0.4625096893413013
CAND_04170,8.2,62.0,Bacharelado,Região Metropolitana,Remoto,Masculino,Branca,0.841149811275598
CAND_04171,7.7,50.0,Bacharelado,Capitais,Remoto,Masculino,Branca,0.7665669200261843
CAND_04172,1.9,70.0,Bacharelado,Capitais,Presencial,Masculino,Branca,0.6791588159569469
CAND_04173,1.7,67.0,Mestrado,Região Metropolitana,Presencial,Masculino,Indígena,0.4962983590480344
CAND_04174,2.9,72.0,Bacharelado,Capitais,Remoto,Masculino,Parda,0.5903153341943708
CAND_04175,7.9,72.0,Bacharelado,Capitais,Presencial,Masculino,Amarela,0.6057210178631479
CAND_04176,0.3,52.0,Bacharelado,Interior,Remoto,Masculino,Preta,0.1533615676957169
CAND_04177,6.2,33.0,Mestrado,Região Metropolitana,Híbrido,Masculino,Branca,0.8161578754257833
CAND_04178,6.1,34.0,Ensino Médio,Capitais,Presencial,Masculino,Branca,0.5033062408818996
CAND_04179,8.5,19.0,Bacharelado,Capitais,Remoto,Masculino,Amarela,0.5497362117483396
CAND_04180,5.5,34.0,Bacharelado,Capitais,Híbrido,Feminino,Branca,0.4192262056675179
CAND_04181,1.0,51.0,Doutorado,Região Metropolitana,Presencial,Masculino,Branca,0.6533527045909491
CAND_04182,2.1,42.0,Bacharelado,Região Metropolitana,Híbrido,Não-binário,Branca,0.35011880906113924
CAND_04183,1.5,47.0,Bacharelado,Capitais,Remoto,Masculino,Branca,0.4761462447876892
CAND_04184,3.4,57.0,Bacharelado,Região Metropolitana,Presencial,Feminino,Branca,0.36600249317198547
CAND_04185,4.5,45.0,Bacharelado,Capitais,Híbrido,Masculino,Preta,0.2958861220048715
CAND_04186,1.5,33.0,Bacharelado,Capitais,Presencial,Masculino,Branca,0.5239741697156457
CAND_04187,9.4,49.0,Mestrado,Capitais,Remoto,Masculino,Branca,0.7430804858220151
CAND_04188,1.0,37.0,Bacharelado,Capitais,Híbrido,Masculino,Branca,0.6997143177305792
CAND_04189,9.0,46.0,Bacharelado,Capitais,Presencial,Masculino,Preta,0.4556656525999238
CAND_04190,8.6,70.0,Bacharelado,Região Metropolitana,Híbrido,Feminino,Branca,0.36415041597715436
CAND_04191,7.7,46.0,Bacharelado,Capitais,Remoto,Masculino,Branca,0.704556720940196
CAND_04192,2.9,77.0,Bacharelado,Região Metropolitana,Remoto,Masculino,Indígena,0.6467455421926783
CAND_04193,6.0,71.0,Bacharelado,Região Metropolitana,Híbrido,Feminino,Branca,0.7170268451456183
CAND_04194,1.2,41.0,Bacharelado,Região Metropolitana,Remoto,Masculino,Branca,0.5150506779713961
CAND_04195,7.7,33.0,Bacharelado,Capitais,Híbrido,Masculino,Branca,0.6343099931963451
CAND_04196,4.8,49.0,Bacharelado,Capitais,Presencial,Masculino,Branca,0.6905548038399474
CAND_04197,3.8,67.0,Mestrado,Região Metropolitana,Remoto,Masculino,Branca,0.7855056139535104
CAND_04198,1.3,43.0,Bacharelado,Capitais,Híbrido,Masculino,Amarela,0.28511159927938695
CAND_04199,0.0,64.0,Mestrado,Região Metropolitana,Híbrido,Masculino,Branca,0.6315549638515515
CAND_04200,1.9,68.0,Ensino Médio,Capitais,Remoto,Masculino,Parda,0.605046543631479
CAND_04201,8.3,38.0,Bacharelado,Capitais,Híbrido,Masculino,Amarela,0.522580325589273
CAND_04202,3.8,40.0,Bacharelado,Região Metropolitana,Presencial,Masculino,Branca,0.5715457015301268
CAND_04203,4.5,61.0,Bacharelado,Interior,Remoto,Não-binário,Branca,0.24042179945041459
CAND_04204,7.0,52.0,Ensino Médio,Capitais,Presencial,Não-binário,Preta,0.23187426584370036
CAND_04205,10.4,40.0,Mestrado,Capitais,Híbrido,Masculino,Branca,0.8135427233951795
CAND_04206,9.0,45.0,Doutorado,Região Metropolitana,Presencial,Masculino,Preta,0.5552995449904472
CAND_04207,2.1,49.0,Bacharelado,Capitais,Presencial,Masculino,Preta,0.2797471854110674
CAND_04208,0.0,27.0,Mestrado,Capitais,Híbrido,Masculino,Branca,0.6220187822490313
CAND_04209,12.1,61.0,Bacharelado,Capitais,Híbrido,Masculino,Branca,0.7912064710482247
CAND_04210,11.8,43.0,Mestrado,Capitais,Híbrido,Masculino,Branca,1.0
CAND_04211,5.6,8.0,Bacharelado,Capitais,Remoto,Masculino,Branca,0.4260745430160709
CAND_04212,1.2,50.0,Mestrado,Capitais,Híbrido,Feminino,Branca,0.5502215943520179
CAND_04213,7.9,39.0,Ensino Médio,Interior,Híbrido,Feminino,Parda,0.07318167254552577
CAND_04214,4.7,75.0,Mestrado,Região Metropolitana,Remoto,Não-binário,Branca,0.3181693277937976
CAND_04215,4.7,41.0,Bacharelado,Interior,Remoto,Masculino,Preta,0.20252329056585766
CAND_04216,7.7,34.0,Bacharelado,Capitais,Híbrido,Feminino,Branca,0.264029942719262
CAND_04217,6.0,58.0,Bacharelado,Capitais,Híbrido,Masculino,Parda,0.7749723150580762
CAND_04218,1.4,40.0,Mestrado,Interior,Híbrido,Masculino,Amarela,0.28581965408886423
CAND_04219,4.0,38.0,Bacharelado,Capitais,Híbrido,Feminino,Parda,0.5221030628051153
CAND_04220,7.0,58.0,Bacharelado,Região Metropolitana,Híbrido,Feminino,Branca,0.5052806601974733
CAND_04221,6.5,34.0,Bacharelado,Capitais,Híbrido,Feminino,Branca,0.49031502476666106
CAND_04222,5.8,28.0,Mestrado,Região Metropolitana,Presencial,Masculino,Branca,0.6011805453250922
CAND_04223,7.8,76.0,Bacharelado,Interior,Remoto,Masculino,Branca,0.6226069456023684
CAND_04224,3.9,59.0,Ensino Médio,Capitais,Remoto,Feminino,Indígena,0.2733225649126278
CAND_04225,5.5,46.0,Mestrado,Capitais,Presencial,Feminino,Branca,0.4236047474758219
CAND_04226,0.0,50.0,Bacharelado,Capitais,Presencial,Feminino,Preta,0.18874185903062066
CAND_04227,3.7,58.0,Bacharelado,Capitais,Remoto,Masculino,Parda,0.6252152583397323
CAND_04228,7.3,65.0,Bacharelado,Capitais,Remoto,Masculino,Branca,0.7959752410101365
CAND_04229,3.8,39.0,Mestrado,Região Metropolitana,Remoto,Masculino,Branca,0.9143730274278891
CAND_04230,3.6,55.0,Bacharelado,Capitais,Presencial,Feminino,Branca,0.45169502111455473
CAND_04231,1.9,42.0,Bacharelado,Capitais,Presencial,Masculino,Branca,0.6373758791939792
CAND_04232,8.0,47.0,Mestrado,Capitais,Remoto,Masculino,Preta,0.5425864623449104
CAND_04233,6.6,52.0,Ensino Médio,Capitais,Presencial,Feminino,Parda,0.5557594256636353
CAND_04234,7.5,50.0,Mestrado,Capitais,Remoto,Masculino,Branca,0.8238458333277898
CAND_04235,0.0,61.0,Bacharelado,Região Metropolitana,Presencial,Feminino,Branca,0.3668577288807011
CAND_04236,4.5,57.0,Bacharelado,Região Metropolitana,Remoto,Feminino,Branca,0.6972516573796697
CAND_04237,4.2,27.0,Bacharelado,Capitais,Presencial,Masculino,Branca,0.5060315354754752
CAND_04238,4.2,30.0,Bacharelado,Capitais,Híbrido,Masculino,Branca,0.5846160826755571
CAND_04239,3.2,44.0,Bacharelado,Região Metropolitana,Híbrido,Feminino,Parda,0.43164824334265006
CAND_04240,4.0,77.0,Ensino Médio,Capitais,Remoto,Masculino,Branca,0.6561866013753159
CAND_04241,7.5,37.0,Mestrado,Capitais,Presencial,Masculino,Branca,0.8245612091935401
CAND_04242,0.0,47.0,Ensino Médio,Região Metropolitana,Presencial,Masculino,Branca,0.4400528517830735
CAND_04243,10.3,42.0,Mestrado,Capitais,Presencial,Masculino,Preta,0.6743236261145049
CAND_04244,6.5,42.0,Bacharelado,Capitais,Remoto,Masculino,Branca,0.7957011522845255
CAND_04245,4.9,53.0,Bacharelado,Interior,Híbrido,Masculino,Branca,0.550991647200848
CAND_04246,7.7,71.0,Mestrado,Capitais,Híbrido,Masculino,Branca,0.7879526750797106
CAND_04247,0.6,57.0,Bacharelado,Interior,Presencial,Masculino,Branca,0.4508524348235709
CAND_04248,3.0,38.0,Mestrado,Capitais,Híbrido,Masculino,Branca,0.6605183707539505
CAND_04249,4.6,91.0,Bacharelado,Região Metropolitana,Híbrido,Masculino,Amarela,0.6948271211695034
CAND_04250,9.1,51.0,Bacharelado,Capitais,Híbrido,Feminino,Branca,0.6180580077611431
CAND_04251,4.9,41.0,Bacharelado,Capitais,Remoto,Masculino,Preta,0.46579075419978655
CAND_04252,6.4,71.0,Bacharelado,Região Metropolitana,Presencial,Feminino,Preta,0.34693289094784946
CAND_04253,3.2,43.0,Bacharelado,Região Metropolitana,Híbrido,Masculino,Preta,0.4206219015037842
CAND_04254,6.5,75.0,Mestrado,Capitais,Remoto,Masculino,Branca,0.8599589017478829
CAND_04255,10.0,37.0,Bacharelado,Região Metropolitana,Remoto,Feminino,Parda,0.46448899605739863
CAND_04256,8.0,71.0,Bacharelado,Capitais,Remoto,Masculino,Parda,0.7968375062066317
CAND_04257,4.8,53.0,Mestrado,Região Metropolitana,Presencial,Masculino,Branca,0.6642044364452748
CAND_04258,7.0,69.0,Mestrado,Região Metropolitana,Híbrido,Masculino,Preta,0.6671707307880033
CAND_04259,6.7,79.0,Bacharelado,Capitais,Presencial,Masculino,Branca,0.9490641974019505
CAND_04260,6.5,33.0,Bacharelado,Capitais,Presencial,Masculino,Branca,0.7825788803983
CAND_04261,8.3,69.0,Bacharelado,Capitais,Híbrido,Masculino,Branca,0.7656300544063566
CAND_04262,8.3,29.0,Bacharelado,Interior,Remoto,Masculino,Amarela,0.3670809151077531
CAND_04263,4.6,34.0,Bacharelado,Capitais,Presencial,Feminino,Preta,0.28723670444170935
CAND_04264,6.9,38.0,Doutorado,Região Metropolitana,Presencial,Feminino,Preta,0.44028964232542356
CAND_04265,3.9,58.0,Bacharelado,Capitais,Híbrido,Masculino,Branca,0.5591368418126424
CAND_04266,2.2,50.0,Bacharelado,Região Metropolitana,Presencial,Feminino,Branca,0.3937113819860437
CAND_04267,4.2,47.0,Mestrado,Região Metropolitana,Híbrido,Masculino,Branca,0.6530783776165704
CAND_04268,4.8,52.0,Bacharelado,Região Metropolitana,Presencial,Masculino,Parda,0.76308405694102
CAND_04269,0.0,59.0,Mestrado,Interior,Presencial,Feminino,Branca,0.11506501819273432
CAND_04270,7.6,60.0,Bacharelado,Capitais,Híbrido,Masculino,Branca,0.6872683372636713
CAND_04271,0.0,66.0,Bacharelado,Capitais,Remoto,Masculino,Amarela,0.6073032620096368
CAND_04272,13.1,77.0,Mestrado,Interior,Híbrido,Masculino,Amarela,0.6230280094790558
CAND_04273,9.5,50.0,Bacharelado,Capitais,Remoto,Masculino,Amarela,0.45985401203069654
CAND_04274,4.2,42.0,Mestrado,Região Metropolitana,Presencial,Masculino,Branca,0.8032037141532156
CAND_04275,5.0,59.0,Bacharelado,Região Metropolitana,Remoto,Feminino,Amarela,0.14281853027745625
CAND_04276,5.9,33.0,Mestrado,Região Metropolitana,Híbrido,Masculino,Parda,0.7022036055656249
CAND_04277,3.2,40.0,Bacharelado,Capitais,Remoto,Masculino,Amarela,0.2679743870491202
CAND_04278,5.6,65.0,Bacharelado,Capitais,Híbrido,Masculino,Amarela,0.4277468689929623
CAND_04279,4.6,48.0,Bacharelado,Região Metropolitana,Presencial,Feminino,Amarela,0.2540141322979577
CAND_04280,4.7,32.0,Bacharelado,Capitais,Presencial,Masculino,Branca,0.5371690949769572
CAND_04281,5.5,28.0,Ensino Médio,Região Metropolitana,Híbrido,Masculino,Branca,0.5492335066761792
CAND_04282,1.1,51.0,Bacharelado,Capitais,Presencial,Feminino,Preta,0.3562044908284986
CAND_04283,5.1,67.0,Bacharelado,Capitais,Remoto,Masculino,Branca,0.7544986109236365
CAND_04284,5.5,67.0,Bacharelado,Capitais,Presencial,Masculino,Branca,0.9407787320393982
CAND_04285,5.4,52.0,Mestrado,Interior,Híbrido,Masculino,Preta,0.3984291754320761
CAND_04286,4.4,80.0,Bacharelado,Capitais,Presencial,Masculino,Branca,0.9035872424424036
CAND_04287,8.4,48.0,Bacharelado,Capitais,Presencial,Masculino,Branca,0.5246767172713195
CAND_04288,3.9,48.0,Bacharelado,Interior,Híbrido,Masculino,Branca,0.5836304696348849
CAND_04289,5.7,11.0,Bacharelado,Região Metropolitana,Híbrido,Masculino,Branca,0.5562763585465894
CAND_04290,8.9,43.0,Mestrado,Interior,Remoto,Não-binário,Preta,0.11399307480142451
CAND_04291,4.8,63.0,Bacharelado,Capitais,Presencial,Masculino,Amarela,0.7375530906215256
CAND_04292,5.6,73.0,Bacharelado,Região Metropolitana,Remoto,Masculino,Preta,0.4546791615680199
CAND_04293,4.7,38.0,Ensino Médio,Capitais,Híbrido,Feminino,Preta,0.0
CAND_04294,8.7,57.0,Mestrado,Região Metropolitana,Remoto,Masculino,Branca,0.8801957043746742
CAND_04295,4.2,66.0,Bacharelado,Região Metropolitana,Presencial,Masculino,Branca,0.5556323687565013
CAND_04296,8.9,50.0,Mestrado,Capitais,Remoto,Masculino,Parda,0.785658680731384
CAND_04297,4.7,16.0,Bacharelado,Capitais,Híbrido,Masculino,Preta,0.44198642629170837
CAND_04298,2.4,54.0,Mestrado,Região Metropolitana,Híbrido,Masculino,Branca,0.7138478314600005
CAND_04299,7.0,61.0,Bacharelado,Capitais,Presencial,Masculino,Parda,0.7092611817959817
CAND_04300,4.1,36.0,Mestrado,Região Metropolitana,Híbrido,Feminino,Indígena,0.2408873755015104
CAND_04301,6.9,46.0,Ensino Médio,Capitais,Presencial,Masculino,Branca,0.798534262866398
CAND_04302,0.0,33.0,Bacharelado,Interior,Híbrido,Masculino,Branca,0.26000850231089734
CAND_04303,5.0,11.0,Mestrado,Capitais,Híbrido,Masculino,Branca,0.6715055072747996
CAND_04304,3.6,65.0,Bacharelado,Capitais,Remoto,Feminino,Branca,0.7513608772597702
CAND_04305,1.8,50.0,Ensino Médio,Capitais,Remoto,Masculino,Amarela,0.44034367549207176
CAND_04306,3.3,74.0,Doutorado,Capitais,Presencial,Feminino,Amarela,0.4381981620814819
CAND_04307,3.3,63.0,Bacharelado,Capitais,Híbrido,Feminino,Preta,0.2519934596454818
CAND_04308,4.9,45.0,Bacharelado,Capitais,Híbrido,Masculino,Parda,0.57996196213855
CAND_04309,0.9,49.0,Bacharelado,Capitais,Remoto,Masculino,Preta,0.2988954934086964
CAND_04310,5.9,58.0,Bacharelado,Região Metropolitana,Remoto,Masculino,Branca,0.7117775697459391
CAND_04311,9.1,65.0,Mestrado,Capitais,Remoto,Masculino,Preta,0.7099484533993328
CAND_04312,5.8,55.0,Bacharelado,Região Metropolitana,Remoto,Masculino,Parda,0.7970773492265386
CAND_04313,7.4,67.0,Bacharelado,Capitais,Remoto,Feminino,Parda,0.37034600254117733
CAND_04314,8.3,46.0,Bacharelado,Capitais,Remoto,Feminino,Branca,0.30609534102483915
CAND_04315,8.7,35.0,Bacharelado,Capitais,Híbrido,Masculino,Branca,0.8770079432093516
CAND_04316,10.6,49.0,Mestrado,Região Metropolitana,Remoto,Feminino,Branca,0.6137136760583428
CAND_04317,3.5,53.0,Mestrado,Capitais,Remoto,Feminino,Parda,0.4929508762854855
CAND_04318,2.8,32.0,Bacharelado,Capitais,Presencial,Masculino,Branca,0.6341295788638451
CAND_04319,7.4,30.0,Ensino Médio,Capitais,Presencial,Masculino,Branca,0.5993140318182935
CAND_04320,7.1,57.0,Mestrado,Capitais,Presencial,Masculino,Preta,0.7675156588979516
CAND_04321,7.3,44.0,Bacharelado,Capitais,Remoto,Masculino,Branca,0.771182871762328
CAND_04322,10.7,48.0,Bacharelado,Capitais,Híbrido,Masculino,Branca,0.7612399782599224
CAND_04323,5.0,45.0,Bacharelado,Capitais,Presencial,Feminino,Amarela,0.24418173949619237
CAND_04324,6.3,73.0,Bacharelado,Região Metropolitana,Remoto,Masculino,Branca,0.7536468965513127
CAND_04325,2.1,69.0,Mestrado,Capitais,Presencial,Feminino,Branca,0.4902894188252493
CAND_04326,11.4,31.0,Bacharelado,Capitais,Remoto,Masculino,Branca,0.9209487370471378
CAND_04327,4.0,42.0,Doutorado,Capitais,Remoto,Masculino,Branca,0.7603958406154581
CAND_04328,4.1,63.0,Bacharelado,Capitais,Remoto,Feminino,Branca,0.4169499399771358
CAND_04329,4.0,59.0,Bacharelado,Capitais,Presencial,Masculino,Preta,0.5065202064230747
CAND_04330,3.1,49.0,Doutorado,Região Metropolitana,Remoto,Feminino,Branca,0.6519042984579227
CAND_04331,2.8,33.0,Mestrado,Região Metropolitana,Híbrido,Masculino,Branca,0.6940816373722329
CAND_04332,3.4,40.0,Mestrado,Capitais,Híbrido,Feminino,Branca,0.4020189514491891
CAND_04333,0.9,42.0,Bacharelado,Capitais,Híbrido,Masculino,Branca,0.4750928703861382
CAND_04334,2.6,54.0,Mestrado,Capitais,Híbrido,Masculino,Branca,0.8607322285178036
CAND_04335,10.8,76.0,Bacharelado,Capitais,Remoto,Feminino,Branca,0.5575689642191757
CAND_04336,7.2,40.0,Bacharelado,Interior,Híbrido,Feminino,Branca,0.39109175592527334
CAND_04337,7.8,35.0,Bacharelado,Região Metropolitana,Remoto,Masculino,Branca,0.5891474703207038
CAND_04338,8.5,48.0,Bacharelado,Capitais,Presencial,Não-binário,Branca,0.643364304586997
CAND_04339,10.5,65.0,Mestrado,Interior,Híbrido,Feminino,Branca,0.464526577220224
CAND_04340,0.0,28.0,Bacharelado,Capitais,Híbrido,Masculino,Preta,0.18235310602288424
CAND_04341,1.3,72.0,Ensino Médio,Capitais,Híbrido,Masculino,Branca,0.7257028496869505
CAND_04342,2.6,47.0,Bacharelado,Capitais,Remoto,Masculino,Branca,0.7195515864276805
CAND_04343,3.6,39.0,Bacharelado,Capitais,Remoto,Masculino,Branca,0.7639596800504632
CAND_04344,4.1,26.0,Bacharelado,Região Metropolitana,Híbrido,Masculino,Branca,0.5832927136769617
CAND_04345,3.7,61.0,Bacharelado,Região Metropolitana,Remoto,Feminino,Branca,0.5029484607612672
CAND_04346,5.7,47.0,Bacharelado,Região Metropolitana,Híbrido,Feminino,Branca,0.5569116139293885
CAND_04347,5.1,53.0,Bacharelado,Capitais,Presencial,Masculino,Parda,0.5269390721944212
CAND_04348,2.8,36.0,Doutorado,Região Metropolitana,Híbrido,Masculino,Preta,0.3120348601639048
CAND_04349,0.0,45.0,Bacharelado,Região Metropolitana,Híbrido,Não-binário,Branca,0.15132034506155848
CAND_04350,2.0,43.0,Bacharelado,Capitais,Remoto,Masculino,Branca,0.3434311791954617
CAND_04351,3.4,48.0,Mestrado,Capitais,Presencial,Masculino,Branca,0.7942157737551249
CAND_04352,4.3,40.0,Ensino Médio,Região Metropolitana,Híbrido,Feminino,Parda,0.4389685115397498
CAND_04353,1.6,27.0,Mestrado,Região Metropolitana,Presencial,Feminino,Branca,0.3955994964376876
CAND_04354,3.5,91.0,Bacharelado,Região Metropolitana,Presencial,Não-binário,Branca,0.5720074140499652
CAND_04355,1.6,30.0,Mestrado,Capitais,Híbrido,Não-binário,Branca,0.3604962438409355
CAND_04356,4.6,53.0,Ensino Médio,Capitais,Presencial,Feminino,Amarela,0.2595143845970812
CAND_04357,1.8,23.0,Bacharelado,Região Metropolitana,Remoto,Masculino,Branca,0.6475223431777243
CAND_04358,2.5,20.0,Bacharelado,Região Metropolitana,Híbrido,Masculino,Branca,0.6349184965879587
CAND_04359,1.1,51.0,Bacharelado,Capitais,Presencial,Masculino,Preta,0.3174969423647065
CAND_04360,4.5,53.0,Mestrado,Capitais,Híbrido,Masculino,Branca,0.8628802342650265
CAND_04361,2.4,69.0,Ensino Médio,Interior,Presencial,Masculino,Branca,0.6469427469532294
CAND_04362,7.7,56.0,Bacharelado,Interior,Remoto,Masculino,Preta,0.4430393329745637
CAND_04363,6.2,48.0,Bacharelado,Região Metropolitana,Presencial,Masculino,Amarela,0.5047580712782886
CAND_04364,4.8,36.0,Mestrado,Capitais,Presencial,Masculino,Preta,0.47532729534882373
CAND_04365,2.6,72.0,Mestrado,Região Metropolitana,Híbrido,Masculino,Branca,0.5917985638430909
CAND_04366,6.1,64.0,Bacharelado,Capitais,Remoto,Masculino,Parda,0.5709316654359363
CAND_04367,7.1,31.0,Bacharelado,Região Metropolitana,Remoto,Feminino,Amarela,0.294329138781036
CAND_04368,5.4,51.0,Bacharelado,Capitais,Presencial,Feminino,Branca,0.40196207165717057
CAND_04369,9.8,52.0,Bacharelado,Região Metropolitana,Presencial,Feminino,Branca,0.41507146336413203
CAND_04370,6.4,45.0,Bacharelado,Região Metropolitana,Híbrido,Masculino,Amarela,0.2504529496310666
CAND_04371,7.7,62.0,Bacharelado,Região Metropolitana,Remoto,Masculino,Branca,0.7044292938267935
CAND_04372,5.4,62.0,Doutorado,Capitais,Híbrido,Masculino,Branca,0.893433617671253
CAND_04373,7.0,47.0,Mestrado,Capitais,Híbrido,Feminino,Branca,0.6234920813313894
CAND_04374,2.6,46.0,Bacharelado,Região Metropolitana,Presencial,Feminino,Branca,0.47105951075591024
CAND_04375,3.6,72.0,Bacharelado,Capitais,Presencial,Masculino,Parda,0.6708501326806706
CAND_04376,6.0,64.0,Doutorado,Capitais,Híbrido,Feminino,Branca,0.6867279112918461
CAND_04377,6.0,51.0,Bacharelado,Interior,Presencial,Masculino,Branca,0.6585818055223318
CAND_04378,6.5,26.0,Bacharelado,Capitais,Presencial,Masculino,Preta,0.4303978029826256
CAND_04379,8.3,55.0,Mestrado,Região Metropolitana,Presencial,Feminino,Preta,0.27751308939917274
CAND_04380,0.7,60.0,Bacharelado,Capitais,Híbrido,Masculino,Parda,0.6339644976656715
CAND_04381,2.1,9.0,Ensino Médio,Região Metropolitana,Presencial,Masculino,Branca,0.17957685916727312
CAND_04382,5.7,54.0,Bacharelado,Região Metropolitana,Híbrido,Masculino,Branca,0.6800123054870936
CAND_04383,2.8,44.0,Ensino Médio,Região Metropolitana,Remoto,Feminino,Branca,0.27015979892650127
CAND_04384,15.1,47.0,Bacharelado,Interior,Presencial,Masculino,Branca,0.8918576712984058
CAND_04385,6.5,36.0,Bacharelado,Capitais,Híbrido,Masculino,Branca,0.5762775884892667
CAND_04386,4.8,48.0,Bacharelado,Região Metropolitana,Remoto,Feminino,Parda,0.3996678585411843
CAND_04387,3.5,71.0,Doutorado,Região Metropolitana,Híbrido,Masculino,Branca,0.7611167248362112
CAND_04388,3.6,43.0,Bacharelado,Capitais,Presencial,Masculino,Branca,0.5881774920512238
CAND_04389,5.1,64.0,Bacharelado,Capitais,Presencial,Masculino,Preta,0.545733187552149
CAND_04390,5.3,38.0,Bacharelado,Interior,Híbrido,Feminino,Branca,0.26617966736951176
CAND_04391,3.6,61.0,Bacharelado,Capitais,Híbrido,Masculino,Branca,0.9011990504651931
CAND_04392,4.2,50.0,Mestrado,Capitais,Presencial,Feminino,Branca,0.33654070906140204
CAND_04393,9.0,55.0,Bacharelado,Capitais,Remoto,Não-binário,Branca,0.6131170792162113
CAND_04394,9.2,50.0,Bacharelado,Capitais,Remoto,Feminino,Indígena,0.4255205240343902
CAND_04395,5.8,60.0,Bacharelado,Região Metropolitana,Presencial,Masculino,Preta,0.45096841544042643
CAND_04396,1.0,11.0,Bacharelado,Capitais,Remoto,Feminino,Branca,0.2942122507929746
CAND_04397,6.6,29.0,Bacharelado,Capitais,Presencial,Feminino,Branca,0.5477752750487597
CAND_04398,9.7,56.0,Bacharelado,Região Metropolitana,Híbrido,Masculino,Branca,0.7945073050732282
CAND_04399,9.1,19.0,Bacharelado,Capitais,Presencial,Masculino,Parda,0.708132996970802
CAND_04400,7.2,42.0,Doutorado,Região Metropolitana,Híbrido,Feminino,Amarela,0.3666402030451679
CAND_04401,9.3,49.0,Mestrado,Região Metropolitana,Presencial,Masculino,Branca,0.678589029970688
CAND_04402,5.2,38.0,Mestrado,Região Metropolitana,Híbrido,Masculino,Amarela,0.44708560882588705
CAND_04403,6.9,40.0,Mestrado,Região Metropolitana,Presencial,Feminino,Branca,0.6132925954489292
CAND_04404,3.0,54.0,Mestrado,Capitais,Remoto,Feminino,Branca,0.4849318771771737
CAND_04405,5.9,65.0,Mestrado,Capitais,Presencial,Masculino,Branca,0.7197196393090219
CAND_04406,9.0,36.0,Ensino Médio,Capitais,Presencial,Masculino,Parda,0.6859454490366729
CAND_04407,3.2,41.0,Bacharelado,Capitais,Presencial,Feminino,Branca,0.4616611520802555
CAND_04408,2.4,39.0,Mestrado,Capitais,Presencial,Feminino,Parda,0.326912631124193
CAND_04409,5.3,14.0,Bacharelado,Capitais,Remoto,Não-binário,Branca,0.2886942357160866
CAND_04410,4.3,52.0,Bacharelado,Capitais,Remoto,Feminino,Preta,0.22583290722848037
CAND_04411,6.9,64.0,Bacharelado,Capitais,Remoto,Feminino,Branca,0.5946381935585551
CAND_04412,3.6,65.0,Bacharelado,Capitais,Remoto,Não-binário,Branca,0.5466565709819213
CAND_04413,10.2,37.0,Bacharelado,Capitais,Presencial,Masculino,Branca,0.711479673479533
CAND_04414,1.1,31.0,Bacharelado,Capitais,Presencial,Masculino,Parda,0.5658244294365543
CAND_04415,8.8,50.0,Bacharelado,Região Metropolitana,Híbrido,Masculino,Preta,0.4226510739569084
CAND_04416,2.7,62.0,Mestrado,Região Metropolitana,Remoto,Masculino,Branca,0.8686307413047004
CAND_04417,0.0,52.0,Mestrado,Região Metropolitana,Híbrido,Masculino,Branca,0.7767853785431083
CAND_04418,5.7,54.0,Mestrado,Região Metropolitana,Híbrido,Masculino,Parda,0.594359367535903
CAND_04419,4.2,67.0,Mestrado,Região Metropolitana,Presencial,Feminino,Branca,0.4294497938514159
CAND_04420,1.7,39.0,Bacharelado,Região Metropolitana,Presencial,Feminino,Amarela,0.23782078138323237
CAND_04421,0.0,47.0,Bacharelado,Capitais,Híbrido,Masculino,Amarela,0.41378834697848194
CAND_04422,5.0,75.0,Ensino Médio,Capitais,Remoto,Masculino,Branca,0.8051668207101681
CAND_04423,7.9,47.0,Mestrado,Região Metropolitana,Presencial,Masculino,Preta,0.43052448028032175
CAND_04424,6.8,31.0,Ensino Médio,Capitais,Remoto,Feminino,Preta,0.14675460138437332
CAND_04425,5.2,40.0,Mestrado,Capitais,Remoto,Masculino,Branca,0.6795165827189612
CAND_04426,6.4,36.0,Bacharelado,Capitais,Remoto,Feminino,Branca,0.5024200985551475
CAND_04427,4.9,55.0,Mestrado,Capitais,Remoto,Masculino,Branca,0.6434279985006304
CAND_04428,0.7,37.0,Bacharelado,Região Metropolitana,Presencial,Masculino,Amarela,0.30206655539758576
CAND_04429,0.7,54.0,Mestrado,Capitais,Remoto,Masculino,Preta,0.30442215651582183
CAND_04430,4.4,39.0,Bacharelado,Capitais,Híbrido,Masculino,Branca,0.5924436222899258
CAND_04431,4.5,18.0,Bacharelado,Capitais,Remoto,Feminino,Branca,0.35226521877297584
CAND_04432,7.6,55.0,Bacharelado,Região Metropolitana,Presencial,Feminino,Branca,0.5727433729777521
CAND_04433,7.3,52.0,Doutorado,Região Metropolitana,Híbrido,Masculino,Parda,0.8130320251675351
CAND_04434,6.8,58.0,Bacharelado,Capitais,Presencial,Feminino,Branca,0.6440914817160863
CAND_04435,4.2,40.0,Mestrado,Região Metropolitana,Presencial,Masculino,Preta,0.24572099371561612
CAND_04436,0.9,38.0,Mestrado,Capitais,Remoto,Masculino,Branca,0.7464086396123399
CAND_04437,6.2,56.0,Mestrado,Região Metropolitana,Remoto,Feminino,Branca,0.48352005475093646
CAND_04438,6.6,73.0,Bacharelado,Região Metropolitana,Híbrido,Masculino,Branca,0.7168208401827504
CAND_04439,0.0,50.0,Bacharelado,Interior,Híbrido,Masculino,Branca,0.47687475485672093
CAND_04440,2.5,56.0,Bacharelado,Capitais,Remoto,Masculino,Preta,0.39029985456397925
CAND_04441,2.9,45.0,Doutorado,Capitais,Híbrido,Masculino,Preta,0.5241825819714996
CAND_04442,5.4,27.0,Doutorado,Capitais,Remoto,Masculino,Indígena,0.6207392566006855
CAND_04443,2.6,65.0,Mestrado,Capitais,Híbrido,Feminino,Preta,0.2356824336830517
CAND_04444,4.9,64.0,Bacharelado,Capitais,Híbrido,Masculino,Branca,0.7356273947851598
CAND_04445,4.4,61.0,Bacharelado,Capitais,Remoto,Masculino,Amarela,0.5165883044221529
CAND_04446,4.5,47.0,Doutorado,Capitais,Híbrido,Masculino,Parda,0.8238272582314827
CAND_04447,2.9,59.0,Ensino Médio,Interior,Híbrido,Masculino,Branca,0.44748371327945796
CAND_04448,3.1,63.0,Mestrado,Capitais,Remoto,Feminino,Branca,0.5131304533202503
CAND_04449,1.8,74.0,Bacharelado,Interior,Remoto,Feminino,Amarela,0.07983820454938448
CAND_04450,6.1,65.0,Bacharelado,Região Metropolitana,Remoto,Não-binário,Preta,0.1410486007447537
CAND_04451,6.7,51.0,Mestrado,Região Metropolitana,Híbrido,Masculino,Preta,0.3529394256645547
CAND_04452,2.7,30.0,Ensino Médio,Interior,Híbrido,Não-binário,Branca,0.05369361974870111
CAND_04453,9.6,52.0,Bacharelado,Região Metropolitana,Presencial,Masculino,Preta,0.6593565011358714
CAND_04454,4.1,54.0,Doutorado,Região Metropolitana,Presencial,Masculino,Branca,0.8170907342504357
CAND_04455,9.6,61.0,Bacharelado,Capitais,Remoto,Feminino,Branca,0.7637346342245219
CAND_04456,3.1,70.0,Mestrado,Capitais,Presencial,Masculino,Parda,0.6469849262929233
CAND_04457,0.0,49.0,Mestrado,Interior,Híbrido,Masculino,Preta,0.05122692317090269
CAND_04458,6.2,82.0,Ensino Médio,Capitais,Remoto,Feminino,Branca,0.6336381998979259
CAND_04459,5.7,24.0,Bacharelado,Capitais,Remoto,Feminino,Branca,0.5953597894183562
CAND_04460,5.1,56.0,Bacharelado,Região Metropolitana,Presencial,Masculino,Branca,0.6274664274664572
CAND_04461,3.1,38.0,Bacharelado,Capitais,Híbrido,Feminino,Branca,0.42418163552823324
CAND_04462,4.9,21.0,Bacharelado,Região Metropolitana,Remoto,Feminino,Branca,0.17504648437767584
CAND_04463,3.5,47.0,Mestrado,Capitais,Híbrido,Feminino,Branca,0.5108206423740151
CAND_04464,4.1,28.0,Ensino Médio,Região Metropolitana,Remoto,Masculino,Branca,0.4815012214686143
CAND_04465,7.5,48.0,Bacharelado,Capitais,Remoto,Feminino,Parda,0.2826955643589919
CAND_04466,5.6,51.0,Ensino Médio,Interior,Híbrido,Feminino,Branca,0.21226636397013865
CAND_04467,6.8,67.0,Ensino Médio,Capitais,Híbrido,Feminino,Branca,0.442326986733353
CAND_04468,4.3,27.0,Bacharelado,Região Metropolitana,Híbrido,Feminino,Amarela,0.0
CAND_04469,4.0,64.0,Mestrado,Capitais,Híbrido,Masculino,Preta,0.4635145316439915
CAND_04470,1.5,51.0,Bacharelado,Capitais,Híbrido,Masculino,Branca,0.6848770366664769
CAND_04471,3.9,65.0,Bacharelado,Capitais,Remoto,Não-binário,Branca,0.4246817541766723
CAND_04472,0.0,44.0,Bacharelado,Capitais,Remoto,Masculino,Preta,0.44084892700483436
CAND_04473,3.2,30.0,Bacharelado,Região Metropolitana,Presencial,Masculino,Branca,0.49772403369475876
CAND_04474,4.8,32.0,Bacharelado,Capitais,Remoto,Feminino,Preta,0.20662181682959074
CAND_04475,6.7,31.0,Mestrado,Capitais,Híbrido,Masculino,Branca,0.7577479682042904
CAND_04476,4.2,57.0,Bacharelado,Capitais,Remoto,Masculino,Indígena,0.7153879961225971
CAND_04477,6.0,72.0,Bacharelado,Região Metropolitana,Presencial,Masculino,Preta,0.4363890054919659
CAND_04478,0.0,42.0,Bacharelado,Capitais,Presencial,Feminino,Branca,0.41223595074883224
CAND_04479,4.8,59.0,Bacharelado,Capitais,Híbrido,Feminino,Branca,0.43733732474430603
CAND_04480,0.0,27.0,Ensino Médio,Região Metropolitana,Híbrido,Feminino,Branca,0.3802095688094408
CAND_04481,1.4,53.0,Ensino Médio,Interior,Presencial,Masculino,Branca,0.336031105585902
CAND_04482,4.4,60.0,Bacharelado,Região Metropolitana,Remoto,Não-binário,Branca,0.46636762291566475
CAND_04483,8.8,28.0,Bacharelado,Região Metropolitana,Híbrido,Masculino,Branca,0.7939460366731554
CAND_04484,6.1,47.0,Bacharelado,Capitais,Remoto,Masculino,Branca,0.5903478303830302
CAND_04485,5.1,61.0,Bacharelado,Região Metropolitana,Híbrido,Masculino,Preta,0.5055097206740535
CAND_04486,4.9,6.0,Bacharelado,Região Metropolitana,Presencial,Não-binário,Branca,0.12272200326376045
CAND_04487,2.9,70.0,Mestrado,Interior,Híbrido,Masculino,Preta,0.620836445173888
CAND_04488,3.4,55.0,Bacharelado,Capitais,Remoto,Feminino,Preta,0.048862887633812274
CAND_04489,6.3,61.0,Mestrado,Interior,Híbrido,Masculino,Amarela,0.31826906564290885
CAND_04490,0.8,44.0,Bacharelado,Capitais,Presencial,Masculino,Parda,0.42984784500506623
CAND_04491,6.8,24.0,Ensino Médio,Região Metropolitana,Remoto,Feminino,Amarela,0.023068035125795944
CAND_04492,3.8,58.0,Bacharelado,Capitais,Presencial,Masculino,Indígena,0.6100869966079963
CAND_04493,7.5,49.0,Mestrado,Capitais,Híbrido,Feminino,Branca,0.7759680272842924
CAND_04494,7.9,50.0,Bacharelado,Capitais,Híbrido,Masculino,Branca,0.8735129085509946
CAND_04495,0.0,66.0,Ensino Médio,Capitais,Híbrido,Feminino,Branca,0.43739022867541494
CAND_04496,3.3,61.0,Bacharelado,Região Metropolitana,Presencial,Feminino,Branca,0.46095828956763907
CAND_04497,2.4,79.0,Bacharelado,Região Metropolitana,Remoto,Masculino,Branca,0.653363771132976
CAND_04498,0.0,52.0,Bacharelado,Região Metropolitana,Remoto,Masculino,Preta,0.34710729905354376
CAND_04499,1.9,40.0,Bacharelado,Capitais,Híbrido,Não-binário,Branca,0.32711961767504805
CAND_04500,12.3,47.0,Bacharelado,Interior,Presencial,Feminino,Branca,0.5029410906004752
CAND_04501,6.8,56.0,Bacharelado,Região Metropolitana,Presencial,Masculino,Branca,0.6359095068580244
CAND_04502,10.8,65.0,Bacharelado,Capitais,Presencial,Feminino,Amarela,0.3558171397728802
CAND_04503,7.5,28.0,Bacharelado,Região Metropolitana,Híbrido,Feminino,Branca,0.41454693437968565
CAND_04504,2.8,50.0,Bacharelado,Capitais,Híbrido,Masculino,Amarela,0.45633698255163196
CAND_04505,3.9,74.0,Bacharelado,Capitais,Presencial,Masculino,Branca,0.7144067137647931
CAND_04506,6.8,46.0,Bacharelado,Capitais,Híbrido,Não-binário,Preta,0.14334899071831075
CAND_04507,6.3,64.0,Bacharelado,Capitais,Remoto,Feminino,Branca,0.6378406289074137
CAND_04508,3.3,57.0,Ensino Médio,Capitais,Remoto,Feminino,Branca,0.4894948195754375
CAND_04509,0.5,64.0,Bacharelado,Capitais,Híbrido,Masculino,Indígena,0.7036550156639823
CAND_04510,14.9,38.0,Bacharelado,Interior,Remoto,Não-binário,Branca,0.5880929826454859
CAND_04511,4.6,38.0,Bacharelado,Capitais,Híbrido,Feminino,Branca,0.324615752341871
CAND_04512,4.0,50.0,Bacharelado,Capitais,Híbrido,Masculino,Branca,0.6609174174110132
CAND_04513,5.3,27.0,Bacharelado,Interior,Remoto,Feminino,Preta,0.0
CAND_04514,4.3,46.0,Ensino Médio,Capitais,Remoto,Feminino,Indígena,0.08607641309304728
CAND_04515,5.4,54.0,Bacharelado,Região Metropolitana,Híbrido,Masculino,Preta,0.6435489087643389
CAND_04516,8.9,77.0,Doutorado,Capitais,Híbrido,Feminino,Branca,0.9340296503778489
CAND_04517,4.6,56.0,Bacharelado,Capitais,Remoto,Feminino,Branca,0.453019608457052
CAND_04518,1.5,59.0,Bacharelado,Capitais,Híbrido,Masculino,Branca,0.7903376138952611
CAND_04519,4.5,67.0,Bacharelado,Interior,Híbrido,Feminino,Preta,0.29717203126451086
CAND_04520,3.6,36.0,Bacharelado,Capitais,Remoto,Feminino,Branca,0.22395358298677928
CAND_04521,9.3,48.0,Mestrado,Capitais,Presencial,Masculino,Preta,0.6630603657017251
CAND_04522,8.5,86.0,Mestrado,Interior,Híbrido,Masculino,Branca,0.7648346398841417
CAND_04523,5.3,49.0,Mestrado,Interior,Remoto,Masculino,Branca,0.6403095028377646
CAND_04524,1.2,67.0,Doutorado,Capitais,Híbrido,Masculino,Branca,1.0
CAND_04525,1.3,64.0,Bacharelado,Região Metropolitana,Presencial,Feminino,Branca,0.5905362405421432
CAND_04526,5.0,28.0,Bacharelado,Capitais,Híbrido,Masculino,Preta,0.3491787870990333
CAND_04527,6.0,55.0,Mestrado,Capitais,Presencial,Não-binário,Branca,0.6821673503995573
CAND_04528,3.9,52.0,Bacharelado,Capitais,Híbrido,Não-binário,Branca,0.2437888861361678
CAND_04529,3.6,55.0,Doutorado,Capitais,Presencial,Masculino,Branca,0.8423572831076653
CAND_04530,3.2,39.0,Bacharelado,Capitais,Híbrido,Masculino,Branca,0.6727476723028663
CAND_04531,4.9,33.0,Bacharelado,Capitais,Híbrido,Masculino,Branca,0.7005693031290509
CAND_04532,0.0,43.0,Doutorado,Capitais,Híbrido,Masculino,Parda,0.5711513254142796
CAND_04533,1.7,49.0,Bacharelado,Capitais,Híbrido,Masculino,Branca,0.6681973770121616
CAND_04534,3.1,68.0,Mestrado,Capitais,Presencial,Masculino,Branca,0.8695972696794431
CAND_04535,8.6,77.0,Ensino Médio,Interior,Híbrido,Masculino,Preta,0.1977038121684228
CAND_04536,2.6,71.0,Bacharelado,Região Metropolitana,Híbrido,Masculino,Preta,0.40438232278696234
CAND_04537,5.5,63.0,Mestrado,Capitais,Presencial,Feminino,Branca,0.5216687732650479
CAND_04538,5.7,35.0,Bacharelado,Interior,Remoto,Masculino,Amarela,0.3702139550493653
CAND_04539,8.9,44.0,Ensino Médio,Capitais,Remoto,Masculino,Indígena,0.6917838319504804
CAND_04540,8.8,53.0,Ensino Médio,Capitais,Presencial,Feminino,Branca,0.4768147304183956
CAND_04541,4.8,41.0,Mestrado,Capitais,Presencial,Masculino,Preta,0.3511306464876204
CAND_04542,3.6,59.0,Mestrado,Capitais,Presencial,Masculino,Branca,0.7697163945434311
CAND_04543,3.0,61.0,Bacharelado,Região Metropolitana,Híbrido,Feminino,Branca,0.33867889882066887
CAND_04544,4.3,58.0,Ensino Médio,Interior,Presencial,Masculino,Branca,0.4953567022986237
CAND_04545,3.7,65.0,Mestrado,Capitais,Presencial,Masculino,Parda,0.7008117776275432
CAND_04546,6.7,36.0,Mestrado,Capitais,Híbrido,Masculino,Preta,0.5360102746601686
CAND_04547,6.3,64.0,Bacharelado,Capitais,Remoto,Masculino,Branca,0.8135195584755202
CAND_04548,6.8,40.0,Bacharelado,Capitais,Híbrido,Masculino,Branca,0.7121396913578447
CAND_04549,8.8,36.0,Mestrado,Região Metropolitana,Remoto,Feminino,Branca,0.6836850511290463
CAND_04550,10.6,58.0,Bacharelado,Região Metropolitana,Presencial,Masculino,Branca,0.8209729527087462
CAND_04551,5.4,68.0,Doutorado,Capitais,Presencial,Masculino,Amarela,0.6382162223887815
CAND_04552,8.3,57.0,Bacharelado,Região Metropolitana,Presencial,Feminino,Branca,0.514480958856356
CAND_04553,3.9,50.0,Bacharelado,Capitais,Remoto,Feminino,Branca,0.4015695249574224
CAND_04554,8.6,55.0,Bacharelado,Interior,Híbrido,Feminino,Branca,0.34013637113359335
CAND_04555,8.2,52.0,Mestrado,Capitais,Híbrido,Masculino,Amarela,0.4830657579514849
CAND_04556,8.0,33.0,Bacharelado,Região Metropolitana,Híbrido,Masculino,Preta,0.5054232446706742
CAND_04557,5.3,31.0,Bacharelado,Capitais,Remoto,Masculino,Branca,0.5581692942713217
CAND_04558,3.0,49.0,Bacharelado,Capitais,Híbrido,Feminino,Branca,0.487591547517327
CAND_04559,0.8,51.0,Mestrado,Região Metropolitana,Híbrido,Feminino,Branca,0.3900133766045913
CAND_04560,4.9,50.0,Bacharelado,Capitais,Remoto,Masculino,Indígena,0.5450776004744102
CAND_04561,9.6,60.0,Bacharelado,Interior,Híbrido,Masculino,Branca,0.7973801118063921
CAND_04562,4.1,47.0,Bacharelado,Capitais,Híbrido,Masculino,Branca,0.687665642836205
CAND_04563,7.4,58.0,Bacharelado,Interior,Híbrido,Masculino,Branca,0.5377325250121169
CAND_04564,7.5,48.0,Ensino Médio,Interior,Remoto,Não-binário,Branca,0.23558874612130098
CAND_04565,4.1,77.0,Bacharelado,Capitais,Presencial,Masculino,Branca,0.8759946027953388
CAND_04566,8.9,51.0,Bacharelado,Capitais,Presencial,Masculino,Branca,0.8303178537434971
CAND_04567,0.0,85.0,Mestrado,Região Metropolitana,Remoto,Feminino,Branca,0.6322413320805742
CAND_04568,1.3,55.0,Mestrado,Capitais,Híbrido,Masculino,Branca,0.6721498566556043
CAND_04569,2.3,47.0,Mestrado,Região Metropolitana,Remoto,Masculino,Branca,0.49439561845855984
CAND_04570,2.5,37.0,Bacharelado,Capitais,Híbrido,Masculino,Branca,0.6486647988691248
CAND_04571,6.0,28.0,Mestrado,Região Metropolitana,Híbrido,Masculino,Parda,0.6072818904941982
CAND_04572,5.9,35.0,Ensino Médio,Capitais,Presencial,Masculino,Branca,0.6359008887160464
CAND_04573,6.2,37.0,Ensino Médio,Região Metropolitana,Remoto,Masculino,Branca,0.4338256358691208
CAND_04574,6.8,56.0,Bacharelado,Capitais,Híbrido,Masculino,Parda,0.645978353376574
CAND_04575,2.1,42.0,Bacharelado,Região Metropolitana,Híbrido,Masculino,Amarela,0.26616317490587504
CAND_04576,1.3,53.0,Bacharelado,Capitais,Presencial,Masculino,Branca,0.6779366643090196
CAND_04577,6.2,69.0,Bacharelado,Capitais,Remoto,Feminino,Branca,0.6433794074220146
CAND_04578,3.1,49.0,Bacharelado,Interior,Híbrido,Masculino,Parda,0.4536512108767797
CAND_04579,0.3,81.0,Bacharelado,Região Metropolitana,Presencial,Masculino,Branca,0.7767584718647164
CAND_04580,7.9,32.0,Bacharelado,Interior,Remoto,Masculino,Amarela,0.4850711656569947
CAND_04581,9.2,48.0,Bacharelado,Capitais,Remoto,Masculino,Amarela,0.6113056372678138
CAND_04582,9.7,42.0,Bacharelado,Região Metropolitana,Híbrido,Masculino,Branca,0.7791071029924291
CAND_04583,5.6,64.0,Ensino Médio,Região Metropolitana,Remoto,Feminino,Branca,0.413844996017538
CAND_04584,6.9,16.0,Bacharelado,Região Metropolitana,Presencial,Masculino,Branca,0.4794571518380326
CAND_04585,9.1,28.0,Ensino Médio,Capitais,Presencial,Feminino,Indígena,0.39497438857396305
CAND_04586,3.1,48.0,Bacharelado,Capitais,Híbrido,Masculino,Parda,0.5165257742998364
CAND_04587,8.3,73.0,Mestrado,Interior,Presencial,Feminino,Branca,0.6277063353998195
CAND_04588,5.8,53.0,Bacharelado,Capitais,Remoto,Não-binário,Branca,0.6499471166538944
CAND_04589,7.7,30.0,Bacharelado,Interior,Remoto,Masculino,Preta,0.3393481878103531
CAND_04590,5.6,32.0,Mestrado,Capitais,Híbrido,Masculino,Indígena,0.5319067541521343
CAND_04591,8.9,75.0,Bacharelado,Interior,Remoto,Masculino,Preta,0.3439675737610821
CAND_04592,5.7,41.0,Bacharelado,Região Metropolitana,Presencial,Feminino,Branca,0.4443302791146282
CAND_04593,0.5,36.0,Bacharelado,Região Metropolitana,Híbrido,Masculino,Branca,0.6049096134392397
CAND_04594,9.4,72.0,Bacharelado,Capitais,Remoto,Feminino,Branca,0.6581040057124251
CAND_04595,2.2,65.0,Bacharelado,Interior,Remoto,Feminino,Amarela,0.25614939278517773
CAND_04596,8.8,69.0,Mestrado,Capitais,Híbrido,Masculino,Branca,0.9385024029230143
CAND_04597,4.7,36.0,Ensino Médio,Região Metropolitana,Presencial,Masculino,Preta,0.31713405485865775
CAND_04598,8.5,27.0,Bacharelado,Capitais,Presencial,Masculino,Branca,0.6463211738215981
CAND_04599,8.4,52.0,Bacharelado,Região Metropolitana,Híbrido,Feminino,Branca,0.38039561693834933
CAND_04600,6.3,55.0,Mestrado,Região Metropolitana,Híbrido,Masculino,Preta,0.45348891623390564
CAND_04601,6.5,55.0,Mestrado,Capitais,Presencial,Masculino,Parda,0.7066945675861167
CAND_04602,6.3,72.0,Bacharelado,Região Metropolitana,Híbrido,Masculino,Branca,0.8215440826086039
CAND_04603,0.0,24.0,Ensino Médio,Capitais,Remoto,Masculino,Branca,0.44447753739279255
CAND_04604,5.4,63.0,Bacharelado,Interior,Híbrido,Masculino,Preta,0.46831680212248994
CAND_04605,1.7,34.0,Bacharelado,Interior,Presencial,Feminino,Parda,0.19813530234994983
CAND_04606,5.5,63.0,Bacharelado,Capitais,Remoto,Feminino,Preta,0.26156501768608653
CAND_04607,1.6,43.0,Bacharelado,Capitais,Presencial,Feminino,Branca,0.322512422351661
CAND_04608,1.4,38.0,Doutorado,Região Metropolitana,Remoto,Feminino,Branca,0.3696625309830636
CAND_04609,9.8,41.0,Bacharelado,Capitais,Presencial,Feminino,Amarela,0.3760768935992868
CAND_04610,8.2,28.0,Bacharelado,Capitais,Híbrido,Masculino,Amarela,0.43872067916795593
CAND_04611,5.0,51.0,Bacharelado,Capitais,Híbrido,Feminino,Branca,0.3963560713272313
CAND_04612,5.6,38.0,Bacharelado,Capitais,Híbrido,Masculino,Indígena,0.6146715856022189
CAND_04613,4.3,62.0,Bacharelado,Capitais,Híbrido,Masculino,Branca,0.7492311357799997
CAND_04614,6.7,60.0,Mestrado,Capitais,Presencial,Masculino,Branca,0.8514719494960108
CAND_04615,3.0,75.0,Ensino Médio,Capitais,Híbrido,Masculino,Parda,0.5777376235430615
CAND_04616,8.0,55.0,Doutorado,Região Metropolitana,Híbrido,Masculino,Branca,0.7258402261044213
CAND_04617,4.2,58.0,Bacharelado,Capitais,Presencial,Masculino,Indígena,0.5497764010178039
CAND_04618,3.7,71.0,Bacharelado,Capitais,Remoto,Feminino,Branca,0.35517845805412984
CAND_04619,5.1,41.0,Bacharelado,Região Metropolitana,Remoto,Masculino,Branca,0.6939813309964343
CAND_04620,3.2,28.0,Bacharelado,Região Metropolitana,Remoto,Masculino,Branca,0.4555976626121818
CAND_04621,6.0,53.0,Bacharelado,Capitais,Híbrido,Feminino,Branca,0.505229525600429
CAND_04622,3.4,29.0,Bacharelado,Região Metropolitana,Presencial,Masculino,Branca,0.5766919298252602
CAND_04623,6.4,87.0,Bacharelado,Região Metropolitana,Híbrido,Masculino,Branca,0.803536492239393
CAND_04624,8.6,72.0,Mestrado,Capitais,Remoto,Feminino,Branca,0.5931625544228164
CAND_04625,2.8,82.0,Bacharelado,Capitais,Presencial,Masculino,Parda,0.8845700359810789
CAND_04626,4.6,51.0,Bacharelado,Capitais,Híbrido,Masculino,Branca,0.5427417991463972
CAND_04627,6.4,58.0,Bacharelado,Região Metropolitana,Híbrido,Masculino,Parda,0.4363454892615436
CAND_04628,3.7,43.0,Ensino Médio,Capitais,Presencial,Masculino,Branca,0.6834600336121388
CAND_04629,6.4,63.0,Bacharelado,Interior,Híbrido,Masculino,Branca,0.48405688094524846
CAND_04630,6.7,32.0,Bacharelado,Região Metropolitana,Remoto,Masculino,Branca,0.7372782874534158
CAND_04631,8.2,12.0,Bacharelado,Capitais,Remoto,Masculino,Branca,0.649688820437832
CAND_04632,3.2,38.0,Bacharelado,Capitais,Presencial,Masculino,Parda,0.5943003725841662
CAND_04633,2.2,28.0,Mestrado,Capitais,Híbrido,Não-binário,Indígena,0.1490971699035687
CAND_04634,4.1,72.0,Mestrado,Capitais,Presencial,Masculino,Branca,0.7374599548538532
CAND_04635,2.1,77.0,Bacharelado,Capitais,Híbrido,Feminino,Branca,0.5123745827571312
CAND_04636,6.7,29.0,Bacharelado,Região Metropolitana,Remoto,Masculino,Branca,0.5122782118495126
CAND_04637,1.5,69.0,Mestrado,Região Metropolitana,Híbrido,Feminino,Indígena,0.47676680049268616
CAND_04638,12.0,64.0,Bacharelado,Capitais,Remoto,Masculino,Parda,0.7717251238484679
CAND_04639,8.9,26.0,Bacharelado,Capitais,Híbrido,Masculino,Branca,0.7326347260571182
CAND_04640,5.0,44.0,Mestrado,Capitais,Híbrido,Masculino,Branca,0.8265207728131381
CAND_04641,7.6,41.0,Ensino Médio,Capitais,Híbrido,Feminino,Branca,0.37788154599799023
CAND_04642,0.1,61.0,Mestrado,Região Metropolitana,Remoto,Masculino,Parda,0.6336591418416502
CAND_04643,12.6,32.0,Bacharelado,Capitais,Híbrido,Masculino,Parda,0.6406120184892818
CAND_04644,3.2,49.0,Bacharelado,Região Metropolitana,Remoto,Masculino,Indígena,0.4426474276166881
CAND_04645,4.6,40.0,Bacharelado,Interior,Remoto,Masculino,Branca,0.4561365063549368
CAND_04646,0.0,57.0,Mestrado,Região Metropolitana,Remoto,Feminino,Preta,0.10845594955265507
CAND_04647,6.5,47.0,Bacharelado,Capitais,Remoto,Feminino,Branca,0.5337786371915747
CAND_04648,1.7,42.0,Bacharelado,Capitais,Presencial,Masculino,Preta,0.23058831647095107
CAND_04649,5.3,47.0,Mestrado,Capitais,Híbrido,Masculino,Branca,0.8369225912275827
CAND_04650,3.4,81.0,Mestrado,Região Metropolitana,Híbrido,Masculino,Preta,0.43384622982716337
CAND_04651,1.8,44.0,Mestrado,Região Metropolitana,Híbrido,Não-binário,Branca,0.2352911444417857
CAND_04652,2.6,34.0,Bacharelado,Região Metropolitana,Remoto,Masculino,Branca,0.5127703464385074
CAND_04653,5.7,59.0,Mestrado,Região Metropolitana,Presencial,Masculino,Preta,0.46274976459830136
CAND_04654,1.2,48.0,Bacharelado,Região Metropolitana,Presencial,Masculino,Amarela,0.40155572062560535
CAND_04655,2.8,29.0,Bacharelado,Região Metropolitana,Remoto,Masculino,Preta,0.28048324256569207
CAND_04656,7.0,83.0,Mestrado,Capitais,Presencial,Feminino,Preta,0.30926395163713344
CAND_04657,12.8,45.0,Bacharelado,Região Metropolitana,Presencial,Masculino,Parda,0.8346566824580626
CAND_04658,6.4,44.0,Bacharelado,Região Metropolitana,Híbrido,Feminino,Branca,0.42626605434595294
CAND_04659,2.2,52.0,Bacharelado,Capitais,Remoto,Masculino,Branca,0.6761459298600102
CAND_04660,3.9,76.0,Mestrado,Interior,Híbrido,Feminino,Amarela,0.502215521966883
CAND_04661,5.1,25.0,Bacharelado,Interior,Remoto,Masculino,Amarela,0.3806442279857049
CAND_04662,4.0,54.0,Bacharelado,Capitais,Presencial,Feminino,Branca,0.5170529263211001
CAND_04663,7.7,81.0,Bacharelado,Região Metropolitana,Remoto,Masculino,Branca,0.6906930166290206
CAND_04664,5.7,52.0,Bacharelado,Capitais,Presencial,Feminino,Amarela,0.18636650298958965
CAND_04665,7.7,31.0,Mestrado,Capitais,Presencial,Feminino,Preta,0.39420443375078196
CAND_04666,4.1,41.0,Bacharelado,Capitais,Híbrido,Masculino,Branca,0.6058184252679808
CAND_04667,9.0,53.0,Bacharelado,Capitais,Presencial,Masculino,Branca,0.775158514213793
CAND_04668,4.5,70.0,Mestrado,Capitais,Híbrido,Não-binário,Indígena,0.3054531531864694
CAND_04669,2.1,45.0,Bacharelado,Capitais,Híbrido,Masculino,Branca,0.6665851227868907
CAND_04670,11.5,62.0,Bacharelado,Região Metropolitana,Presencial,Feminino,Branca,0.7421412820426281
CAND_04671,0.0,28.0,Ensino Médio,Capitais,Remoto,Masculino,Branca,0.6143550125821329
CAND_04672,2.8,28.0,Mestrado,Capitais,Híbrido,Masculino,Branca,0.5731850180769434
CAND_04673,3.1,43.0,Bacharelado,Capitais,Remoto,Masculino,Branca,0.6984878465879136
CAND_04674,12.5,72.0,Bacharelado,Capitais,Remoto,Masculino,Branca,0.9284913181213571
CAND_04675,10.4,51.0,Bacharelado,Capitais,Presencial,Masculino,Branca,0.9000278567846083
CAND_04676,9.5,54.0,Bacharelado,Capitais,Híbrido,Masculino,Parda,0.7556032799406237
CAND_04677,4.0,54.0,Mestrado,Capitais,Híbrido,Não-binário,Branca,0.4135873903817141
CAND_04678,12.3,67.0,Mestrado,Capitais,Remoto,Feminino,Branca,0.8960157592994257
CAND_04679,6.1,41.0,Bacharelado,Capitais,Remoto,Masculino,Branca,0.6958539154278229
CAND_04680,7.9,60.0,Bacharelado,Interior,Híbrido,Masculino,Branca,0.6128540247256421
CAND_04681,5.5,38.0,Mestrado,Capitais,Presencial,Feminino,Branca,0.5297780133891926
CAND_04682,4.9,80.0,Bacharelado,Região Metropolitana,Híbrido,Masculino,Preta,0.4443359695119057
CAND_04683,4.2,38.0,Ensino Médio,Capitais,Remoto,Feminino,Branca,0.4275252126553071
CAND_04684,4.4,37.0,Mestrado,Capitais,Remoto,Masculino,Branca,0.666370025720343
CAND_04685,6.8,58.0,Bacharelado,Capitais,Remoto,Feminino,Parda,0.4385205093401289
CAND_04686,6.1,51.0,Bacharelado,Interior,Híbrido,Masculino,Branca,0.813689933295646
CAND_04687,4.9,55.0,Ensino Médio,Capitais,Presencial,Feminino,Branca,0.367270767225815
CAND_04688,9.5,53.0,Mestrado,Região Metropolitana,Remoto,Masculino,Amarela,0.6373283671415524
CAND_04689,0.0,34.0,Bacharelado,Região Metropolitana,Remoto,Masculino,Amarela,0.2916796538871298
CAND_04690,6.5,74.0,Mestrado,Capitais,Presencial,Masculino,Amarela,0.5734402723654661
CAND_04691,7.2,63.0,Doutorado,Interior,Presencial,Masculino,Branca,0.7122669309905003
CAND_04692,8.4,70.0,Doutorado,Capitais,Híbrido,Masculino,Indígena,0.6637448441520247
CAND_04693,4.8,42.0,Mestrado,Capitais,Remoto,Feminino,Parda,0.6706489219939673
CAND_04694,5.6,56.0,Ensino Médio,Capitais,Híbrido,Masculino,Branca,0.6592042375163216
CAND_04695,8.0,53.0,Mestrado,Capitais,Presencial,Masculino,Preta,0.5537186714229453
CAND_04696,9.5,67.0,Ensino Médio,Capitais,Híbrido,Masculino,Branca,1.0
CAND_04697,4.1,67.0,Mestrado,Região Metropolitana,Híbrido,Feminino,Branca,0.46760231455917023
CAND_04698,5.8,53.0,Bacharelado,Capitais,Híbrido,Feminino,Branca,0.6574409022560713
CAND_04699,10.0,27.0,Bacharelado,Região Metropolitana,Híbrido,Feminino,Branca,0.5172526478922906
CAND_04700,0.0,77.0,Ensino Médio,Capitais,Remoto,Feminino,Branca,0.26010147769217806
CAND_04701,2.9,58.0,Mestrado,Interior,Híbrido,Não-binário,Branca,0.30289092762942293
CAND_04702,9.4,41.0,Bacharelado,Capitais,Híbrido,Feminino,Branca,0.5956605991264018
CAND_04703,8.3,56.0,Bacharelado,Região Metropolitana,Híbrido,Masculino,Preta,0.4935571828175812
CAND_04704,6.6,27.0,Mestrado,Região Metropolitana,Híbrido,Masculino,Branca,0.6438260063775848
CAND_04705,3.7,66.0,Bacharelado,Capitais,Híbrido,Masculino,Parda,0.6272835257893988
CAND_04706,2.4,28.0,Ensino Médio,Capitais,Híbrido,Não-binário,Branca,0.18871275067402235
CAND_04707,3.2,47.0,Bacharelado,Capitais,Híbrido,Masculino,Preta,0.37115932761569886
CAND_04708,9.6,54.0,Ensino Médio,Capitais,Remoto,Masculino,Branca,0.9541309387544953
CAND_04709,3.1,66.0,Bacharelado,Capitais,Remoto,Feminino,Parda,0.3852324429207765
CAND_04710,5.3,52.0,Doutorado,Região Metropolitana,Híbrido,Masculino,Preta,0.4657794319998556
CAND_04711,2.7,60.0,Bacharelado,Capitais,Remoto,Feminino,Amarela,0.2968846469319529
CAND_04712,7.5,50.0,Bacharelado,Capitais,Remoto,Feminino,Branca,0.40368463400377
CAND_04713,3.4,50.0,Bacharelado,Capitais,Remoto,Feminino,Branca,0.5111948223139059
CAND_04714,4.7,51.0,Doutorado,Região Metropolitana,Presencial,Feminino,Branca,0.4191995375006867
CAND_04715,0.0,47.0,Bacharelado,Capitais,Remoto,Feminino,Branca,0.27927577883460797
CAND_04716,0.2,25.0,Bacharelado,Capitais,Híbrido,Feminino,Branca,0.1904745815043009
CAND_04717,5.0,38.0,Bacharelado,Capitais,Remoto,Masculino,Amarela,0.2879418960666614
CAND_04718,1.0,54.0,Mestrado,Capitais,Presencial,Feminino,Branca,0.6128327952580539
CAND_04719,11.3,46.0,Mestrado,Região Metropolitana,Híbrido,Feminino,Branca,0.662158876380186
CAND_04720,0.0,48.0,Bacharelado,Região Metropolitana,Híbrido,Masculino,Preta,0.3842387231911065
CAND_04721,2.6,45.0,Bacharelado,Região Metropolitana,Remoto,Masculino,Branca,0.6651263034379198
CAND_04722,5.1,37.0,Bacharelado,Capitais,Remoto,Masculino,Branca,0.6331889805828337
CAND_04723,3.9,43.0,Bacharelado,Interior,Presencial,Masculino,Preta,0.24704791393595008
CAND_04724,1.7,45.0,Bacharelado,Capitais,Presencial,Masculino,Branca,0.7153712573983532
CAND_04725,2.1,50.0,Bacharelado,Capitais,Remoto,Feminino,Preta,0.3558429109442677
CAND_04726,2.0,56.0,Bacharelado,Capitais,Híbrido,Masculino,Branca,0.5381909359178217
CAND_04727,4.1,47.0,Mestrado,Capitais,Híbrido,Masculino,Branca,0.9719963551279975
CAND_04728,10.9,35.0,Ensino Médio,Capitais,Remoto,Masculino,Amarela,0.376434880151453
CAND_04729,5.2,29.0,Ensino Médio,Capitais,Remoto,Masculino,Indígena,0.3738044951123863
CAND_04730,8.5,89.0,Bacharelado,Capitais,Presencial,Masculino,Branca,0.93340682917747
CAND_04731,6.5,33.0,Bacharelado,Capitais,Híbrido,Masculino,Preta,0.4285904714363843
CAND_04732,8.3,42.0,Bacharelado,Região Metropolitana,Remoto,Feminino,Branca,0.6803832086739878
CAND_04733,0.0,58.0,Bacharelado,Interior,Remoto,Feminino,Branca,0.3831907066492379
CAND_04734,4.1,55.0,Mestrado,Capitais,Presencial,Feminino,Parda,0.5432834890857594
CAND_04735,8.9,58.0,Doutorado,Região Metropolitana,Presencial,Masculino,Branca,0.963549330869727
CAND_04736,3.3,43.0,Mestrado,Região Metropolitana,Presencial,Feminino,Parda,0.42257522699455763
CAND_04737,10.3,54.0,Bacharelado,Interior,Remoto,Feminino,Preta,0.15445848954942187
CAND_04738,9.5,51.0,Mestrado,Capitais,Híbrido,Não-binário,Preta,0.39256384675098294
CAND_04739,3.6,45.0,Bacharelado,Região Metropolitana,Híbrido,Masculino,Branca,0.6087553259018964
CAND_04740,3.5,54.0,Bacharelado,Capitais,Presencial,Masculino,Preta,0.35171442021949206
CAND_04741,2.0,66.0,Bacharelado,Região Metropolitana,Presencial,Masculino,Indígena,0.6302790239851627
CAND_04742,3.1,50.0,Bacharelado,Região Metropolitana,Híbrido,Feminino,Branca,0.4065544456879762
CAND_04743,1.3,50.0,Mestrado,Região Metropolitana,Híbrido,Feminino,Branca,0.31394993291893114
CAND_04744,6.3,66.0,Bacharelado,Capitais,Híbrido,Masculino,Indígena,0.543734487041122
CAND_04745,0.6,64.0,Bacharelado,Região Metropolitana,Presencial,Masculino,Branca,0.6714996035371665
CAND_04746,6.8,74.0,Bacharelado,Capitais,Híbrido,Feminino,Branca,0.7369432290007684
CAND_04747,6.9,24.0,Mestrado,Capitais,Remoto,Feminino,Branca,0.5321652284156515
CAND_04748,0.0,64.0,Mestrado,Capitais,Presencial,Feminino,Branca,0.5546231418351737
CAND_04749,9.6,59.0,Bacharelado,Região Metropolitana,Remoto,Feminino,Branca,0.4969676565163917
CAND_04750,6.5,37.0,Bacharelado,Interior,Presencial,Masculino,Branca,0.537288454999498
CAND_04751,7.2,54.0,Mestrado,Região Metropolitana,Presencial,Masculino,Branca,0.7269889690369058
CAND_04752,2.7,66.0,Bacharelado,Capitais,Híbrido,Feminino,Preta,0.2485033820397251
CAND_04753,6.9,38.0,Bacharelado,Capitais,Remoto,Feminino,Branca,0.47882077432778086
CAND_04754,8.4,57.0,Bacharelado,Capitais,Híbrido,Feminino,Branca,0.5300064256778538
CAND_04755,4.7,63.0,Ensino Médio,Capitais,Híbrido,Masculino,Parda,0.7211666562617921
CAND_04756,11.0,34.0,Bacharelado,Capitais,Híbrido,Masculino,Amarela,0.45508840632469993
CAND_04757,5.1,48.0,Bacharelado,Capitais,Presencial,Masculino,Branca,0.564137204815476
CAND_04758,8.4,55.0,Bacharelado,Capitais,Presencial,Masculino,Branca,0.7094797289420172
CAND_04759,5.9,38.0,Mestrado,Região Metropolitana,Remoto,Masculino,Branca,0.7583395106024177
CAND_04760,6.8,37.0,Ensino Médio,Região Metropolitana,Presencial,Feminino,Branca,0.41791585626647326
CAND_04761,0.0,48.0,Bacharelado,Região Metropolitana,Híbrido,Feminino,Amarela,0.0
CAND_04762,6.1,62.0,Bacharelado,Capitais,Remoto,Masculino,Branca,0.8297273687301198
CAND_04763,2.8,60.0,Ensino Médio,Capitais,Presencial,Masculino,Branca,0.6411491920477862
CAND_04764,2.5,37.0,Bacharelado,Capitais,Híbrido,Feminino,Branca,0.35626173298720026
CAND_04765,10.2,60.0,Doutorado,Capitais,Presencial,Masculino,Branca,0.9198019977017947
CAND_04766,4.4,37.0,Bacharelado,Região Metropolitana,Presencial,Feminino,Branca,0.25263710590412597
CAND_04767,2.0,26.0,Bacharelado,Capitais,Presencial,Masculino,Parda,0.5113240799937294
CAND_04768,3.9,44.0,Bacharelado,Região Metropolitana,Híbrido,Masculino,Indígena,0.32724484940690757
CAND_04769,1.1,67.0,Bacharelado,Interior,Remoto,Masculino,Branca,0.5049993969395845
CAND_04770,9.3,60.0,Doutorado,Capitais,Híbrido,Masculino,Branca,0.8911289620811061
CAND_04771,2.9,50.0,Bacharelado,Capitais,Remoto,Masculino,Branca,0.7349909424954066
CAND_04772,6.6,44.0,Mestrado,Interior,Presencial,Feminino,Preta,0.16197442491868305
CAND_04773,9.1,44.0,Doutorado,Região Metropolitana,Híbrido,Feminino,Branca,0.6785991040842705
CAND_04774,3.5,52.0,Bacharelado,Região Metropolitana,Híbrido,Não-binário,Parda,0.2084257402920281
CAND_04775,6.6,34.0,Bacharelado,Região Metropolitana,Presencial,Feminino,Branca,0.40721998514095886
CAND_04776,1.9,45.0,Bacharelado,Capitais,Presencial,Masculino,Branca,0.6710316444924087
CAND_04777,12.3,47.0,Mestrado,Capitais,Híbrido,Masculino,Branca,1.0
CAND_04778,7.8,30.0,Bacharelado,Capitais,Remoto,Feminino,Branca,0.36208145115547685
CAND_04779,4.4,37.0,Bacharelado,Capitais,Remoto,Masculino,Preta,0.3019048664336297
CAND_04780,2.7,56.0,Bacharelado,Capitais,Presencial,Não-binário,Branca,0.47852869797032016
CAND_04781,4.7,50.0,Bacharelado,Capitais,Remoto,Masculino,Parda,0.805159329668863
CAND_04782,4.0,45.0,Mestrado,Região Metropolitana,Remoto,Feminino,Branca,0.48858798162263767
CAND_04783,10.9,36.0,Bacharelado,Capitais,Híbrido,Não-binário,Branca,0.40100392821937847
CAND_04784,1.3,74.0,Bacharelado,Capitais,Presencial,Masculino,Branca,0.6129555829530073
CAND_04785,5.4,37.0,Bacharelado,Capitais,Remoto,Masculino,Branca,0.6694845220384267
CAND_04786,4.9,54.0,Bacharelado,Capitais,Híbrido,Masculino,Preta,0.49975766284824114
CAND_04787,4.6,43.0,Bacharelado,Capitais,Remoto,Masculino,Branca,0.6418726402709749
CAND_04788,4.7,51.0,Bacharelado,Região Metropolitana,Híbrido,Feminino,Branca,0.3400929307151599
CAND_04789,4.7,57.0,Bacharelado,Região Metropolitana,Híbrido,Masculino,Branca,0.7821415234165472
CAND_04790,7.6,29.0,Bacharelado,Capitais,Presencial,Masculino,Branca,0.6331280186463911
CAND_04791,6.8,50.0,Ensino Médio,Capitais,Remoto,Feminino,Parda,0.4886965167768146
CAND_04792,6.3,68.0,Bacharelado,Região Metropolitana,Presencial,Não-binário,Amarela,0.12068320621892026
CAND_04793,0.0,76.0,Mestrado,Capitais,Presencial,Masculino,Branca,0.8741154405928295
CAND_04794,5.9,48.0,Mestrado,Capitais,Híbrido,Feminino,Amarela,0.29151898451035996
CAND_04795,0.0,51.0,Bacharelado,Capitais,Híbrido,Masculino,Amarela,0.5384684375447178
CAND_04796,6.9,83.0,Bacharelado,Interior,Presencial,Feminino,Branca,0.5812737523877674
CAND_04797,9.4,67.0,Mestrado,Capitais,Híbrido,Masculino,Branca,0.7631260037473212
CAND_04798,2.2,41.0,Bacharelado,Interior,Híbrido,Não-binário,Branca,0.23255267456396642
CAND_04799,4.2,41.0,Mestrado,Capitais,Híbrido,Feminino,Branca,0.66365327455597
CAND_04800,3.2,64.0,Mestrado,Capitais,Presencial,Masculino,Branca,0.7102082650291093
CAND_04801,8.7,35.0,Bacharelado,Região Metropolitana,Híbrido,Masculino,Branca,0.8298325542600289
CAND_04802,5.3,66.0,Bacharelado,Capitais,Presencial,Masculino,Branca,0.808573354369347
CAND_04803,10.2,55.0,Bacharelado,Capitais,Presencial,Feminino,Preta,0.5080357753948667
CAND_04804,6.2,58.0,Bacharelado,Capitais,Remoto,Feminino,Branca,0.571948576419809
CAND_04805,5.7,46.0,Mestrado,Capitais,Híbrido,Feminino,Preta,0.28560240763702044
CAND_04806,5.2,41.0,Mestrado,Capitais,Presencial,Feminino,Amarela,0.5017162833292089
CAND_04807,7.5,72.0,Ensino Médio,Região Metropolitana,Híbrido,Feminino,Parda,0.560140190922513
CAND_04808,0.0,46.0,Bacharelado,Região Metropolitana,Presencial,Não-binário,Branca,0.26046779670707504
CAND_04809,5.3,44.0,Bacharelado,Interior,Presencial,Feminino,Branca,0.3743886918296613
CAND_04810,4.8,49.0,Bacharelado,Região Metropolitana,Híbrido,Masculino,Branca,0.5855154549586141
CAND_04811,7.2,53.0,Bacharelado,Região Metropolitana,Remoto,Feminino,Indígena,0.36678839071566754
CAND_04812,4.4,35.0,Mestrado,Região Metropolitana,Remoto,Masculino,Parda,0.6975621819210291
CAND_04813,1.9,42.0,Bacharelado,Região Metropolitana,Híbrido,Não-binário,Branca,0.28981463600992713
CAND_04814,5.0,41.0,Bacharelado,Capitais,Híbrido,Masculino,Branca,0.5765478886468371
CAND_04815,1.8,63.0,Ensino Médio,Capitais,Remoto,Masculino,Preta,0.29131173316673137
CAND_04816,0.0,37.0,Bacharelado,Região Metropolitana,Presencial,Masculino,Parda,0.4553618090234578
CAND_04817,7.2,24.0,Bacharelado,Capitais,Presencial,Feminino,Amarela,0.159244688844716
CAND_04818,6.7,20.0,Bacharelado,Interior,Híbrido,Masculino,Preta,0.07072589457414791
CAND_04819,6.4,28.0,Bacharelado,Capitais,Híbrido,Não-binário,Branca,0.2701411772316718
CAND_04820,8.9,70.0,Mestrado,Capitais,Remoto,Masculino,Preta,0.7755099703890043
CAND_04821,3.0,50.0,Bacharelado,Região Metropolitana,Presencial,Masculino,Amarela,0.39576275974325764
CAND_04822,0.7,58.0,Bacharelado,Capitais,Híbrido,Masculino,Preta,0.4017763826653063
CAND_04823,4.8,58.0,Mestrado,Interior,Remoto,Masculino,Branca,0.5313390796324958
CAND_04824,4.0,51.0,Mestrado,Interior,Híbrido,Masculino,Preta,0.27585059533135936
CAND_04825,2.5,49.0,Bacharelado,Região Metropolitana,Híbrido,Masculino,Amarela,0.3346245356500739
CAND_04826,4.8,66.0,Bacharelado,Capitais,Presencial,Masculino,Branca,0.7323230862935645
CAND_04827,3.2,52.0,Mestrado,Capitais,Presencial,Masculino,Branca,0.5561601166041553
CAND_04828,0.0,71.0,Ensino Médio,Capitais,Presencial,Masculino,Preta,0.49296749664445616
CAND_04829,3.7,59.0,Bacharelado,Região Metropolitana,Híbrido,Feminino,Preta,0.20835748556956502
CAND_04830,1.6,41.0,Bacharelado,Capitais,Remoto,Masculino,Branca,0.6162086084962041
CAND_04831,5.7,43.0,Bacharelado,Capitais,Remoto,Masculino,Preta,0.5274338384064593
CAND_04832,3.0,39.0,Bacharelado,Capitais,Híbrido,Masculino,Branca,0.6997742547228285
CAND_04833,8.3,68.0,Bacharelado,Capitais,Remoto,Masculino,Amarela,0.5804919074467538
CAND_04834,9.8,44.0,Mestrado,Região Metropolitana,Híbrido,Masculino,Indígena,0.6824467424761068
CAND_04835,7.0,38.0,Mestrado,Capitais,Híbrido,Feminino,Branca,0.6014178837906378
CAND_04836,0.3,55.0,Doutorado,Capitais,Presencial,Não-binário,Indígena,0.35759809316172664
CAND_04837,9.5,49.0,Ensino Médio,Região Metropolitana,Híbrido,Masculino,Branca,0.7921120677542605
CAND_04838,9.7,54.0,Bacharelado,Região Metropolitana,Presencial,Masculino,Preta,0.5899532161067396
CAND_04839,5.1,78.0,Mestrado,Região Metropolitana,Híbrido,Masculino,Branca,0.8867369613253089
CAND_04840,9.0,64.0,Bacharelado,Região Metropolitana,Remoto,Masculino,Branca,0.9225281122986243
CAND_04841,3.3,50.0,Bacharelado,Capitais,Presencial,Masculino,Amarela,0.46886594573846635
CAND_04842,0.0,29.0,Bacharelado,Capitais,Presencial,Masculino,Amarela,0.32177688993577475
CAND_04843,2.7,43.0,Bacharelado,Interior,Presencial,Feminino,Branca,0.3579203518220634
CAND_04844,10.2,61.0,Bacharelado,Interior,Híbrido,Masculino,Branca,0.680154617493997
CAND_04845,0.5,32.0,Bacharelado,Região Metropolitana,Presencial,Masculino,Branca,0.5361607672147168
CAND_04846,5.0,82.0,Doutorado,Região Metropolitana,Híbrido,Feminino,Amarela,0.4219892692985759
CAND_04847,5.1,50.0,Bacharelado,Interior,Híbrido,Masculino,Branca,0.32405032947146045
CAND_04848,3.5,51.0,Doutorado,Capitais,Híbrido,Masculino,Branca,0.8337873980215496
CAND_04849,3.7,40.0,Mestrado,Capitais,Presencial,Feminino,Parda,0.279131966274354
CAND_04850,5.2,57.0,Bacharelado,Região Metropolitana,Remoto,Masculino,Amarela,0.41208838725975405
CAND_04851,3.3,33.0,Mestrado,Interior,Híbrido,Feminino,Branca,0.3800011738008774
CAND_04852,0.7,82.0,Bacharelado,Região Metropolitana,Remoto,Masculino,Parda,0.7251762597914756
CAND_04853,5.6,70.0,Bacharelado,Região Metropolitana,Remoto,Masculino,Preta,0.6095271887688006
CAND_04854,8.2,65.0,Bacharelado,Capitais,Híbrido,Feminino,Branca,0.42202780425836506
CAND_04855,7.6,29.0,Bacharelado,Capitais,Presencial,Masculino,Parda,0.6476013418475637
CAND_04856,2.6,53.0,Bacharelado,Capitais,Híbrido,Masculino,Preta,0.3882314766053257
CAND_04857,1.2,68.0,Bacharelado,Interior,Híbrido,Masculino,Branca,0.6448215965494644
CAND_04858,4.1,59.0,Bacharelado,Capitais,Híbrido,Feminino,Branca,0.665635992156061
CAND_04859,9.7,35.0,Bacharelado,Capitais,Presencial,Feminino,Parda,0.35310850370977365
CAND_04860,6.9,40.0,Bacharelado,Interior,Presencial,Masculino,Branca,0.5495882641187132
CAND_04861,7.1,43.0,Bacharelado,Capitais,Híbrido,Feminino,Branca,0.5972632149486552
CAND_04862,7.7,41.0,Bacharelado,Região Metropolitana,Presencial,Feminino,Branca,0.4342001654836543
CAND_04863,6.3,73.0,Mestrado,Capitais,Remoto,Não-binário,Branca,0.7925694719613615
CAND_04864,5.4,21.0,Bacharelado,Capitais,Presencial,Masculino,Branca,0.5518530453878863
CAND_04865,7.0,60.0,Mestrado,Região Metropolitana,Híbrido,Feminino,Branca,0.5499798263343101
CAND_04866,3.4,31.0,Bacharelado,Interior,Remoto,Masculino,Branca,0.33466925443470924
CAND_04867,0.8,36.0,Bacharelado,Capitais,Remoto,Feminino,Branca,0.3753920652666939
CAND_04868,7.2,20.0,Bacharelado,Região Metropolitana,Híbrido,Masculino,Branca,0.2721801666437642
CAND_04869,8.7,42.0,Ensino Médio,Capitais,Presencial,Masculino,Preta,0.4172235652481435
CAND_04870,1.6,73.0,Doutorado,Capitais,Presencial,Feminino,Preta,0.5008969485925403
CAND_04871,7.5,54.0,Ensino Médio,Capitais,Híbrido,Feminino,Branca,0.37632336507264474
CAND_04872,10.0,32.0,Bacharelado,Região Metropolitana,Híbrido,Masculino,Indígena,0.36616973130512565
CAND_04873,5.0,65.0,Bacharelado,Capitais,Híbrido,Masculino,Preta,0.6216223347587762
CAND_04874,2.5,68.0,Ensino Médio,Capitais,Presencial,Masculino,Preta,0.5471702855879184
CAND_04875,5.4,52.0,Mestrado,Região Metropolitana,Remoto,Masculino,Branca,0.5804312478321597
CAND_04876,3.3,81.0,Bacharelado,Capitais,Presencial,Masculino,Branca,0.9632746025064757
CAND_04877,3.1,62.0,Mestrado,Capitais,Híbrido,Masculino,Indígena,0.6532451764846061
CAND_04878,6.3,60.0,Bacharelado,Capitais,Remoto,Masculino,Branca,0.8708743863490763
CAND_04879,0.2,38.0,Bacharelado,Região Metropolitana,Híbrido,Masculino,Preta,0.17681301683685052
CAND_04880,0.7,59.0,Bacharelado,Capitais,Híbrido,Masculino,Branca,0.7989058981242111
CAND_04881,5.1,53.0,Bacharelado,Região Metropolitana,Presencial,Feminino,Amarela,0.2371983743420216
CAND_04882,4.9,58.0,Mestrado,Capitais,Remoto,Masculino,Branca,0.7487965077447892
CAND_04883,6.0,40.0,Bacharelado,Capitais,Presencial,Feminino,Branca,0.5282377919306263
CAND_04884,10.6,52.0,Bacharelado,Região Metropolitana,Híbrido,Feminino,Preta,0.2807974873097185
CAND_04885,5.3,38.0,Doutorado,Capitais,Remoto,Masculino,Branca,0.6059293758314315
CAND_04886,6.8,18.0,Bacharelado,Interior,Presencial,Masculino,Branca,0.4711767492258854
CAND_04887,2.1,65.0,Bacharelado,Capitais,Remoto,Masculino,Branca,0.6701756965214691
CAND_04888,7.3,27.0,Bacharelado,Capitais,Remoto,Masculino,Branca,0.5772088719476427
CAND_04889,3.4,52.0,Ensino Médio,Capitais,Híbrido,Masculino,Branca,0.7500527154948814
CAND_04890,5.2,55.0,Bacharelado,Capitais,Híbrido,Masculino,Preta,0.7132326680825737
CAND_04891,4.7,55.0,Ensino Médio,Capitais,Remoto,Feminino,Parda,0.32208748108235374
CAND_04892,8.1,46.0,Mestrado,Capitais,Híbrido,Masculino,Indígena,0.6657441084766942
CAND_04893,1.1,54.0,Bacharelado,Capitais,Remoto,Feminino,Branca,0.39815604049441183
CAND_04894,0.0,57.0,Mestrado,Capitais,Híbrido,Masculino,Branca,0.906839937600098
CAND_04895,4.4,61.0,Bacharelado,Capitais,Presencial,Masculino,Amarela,0.5811734785385462
CAND_04896,6.4,76.0,Bacharelado,Capitais,Presencial,Masculino,Parda,0.874695571243999
CAND_04897,5.5,54.0,Mestrado,Capitais,Presencial,Masculino,Preta,0.6441832557152932
CAND_04898,8.7,51.0,Mestrado,Capitais,Presencial,Feminino,Branca,0.6410153854836691
CAND_04899,6.3,36.0,Ensino Médio,Capitais,Presencial,Masculino,Amarela,0.40136166593002043
CAND_04900,3.3,57.0,Bacharelado,Região Metropolitana,Híbrido,Masculino,Branca,0.7958932314652005
CAND_04901,0.0,60.0,Mestrado,Região Metropolitana,Presencial,Masculino,Branca,0.7177888376194905
CAND_04902,4.3,47.0,Doutorado,Capitais,Remoto,Masculino,Parda,0.6394100491730051
CAND_04903,8.1,58.0,Doutorado,Capitais,Remoto,Feminino,Branca,0.621578863611608
CAND_04904,3.8,46.0,Bacharelado,Capitais,Híbrido,Feminino,Branca,0.4210346826469563
CAND_04905,5.1,60.0,Bacharelado,Região Metropolitana,Híbrido,Feminino,Preta,0.35792185572164414
CAND_04906,6.3,64.0,Bacharelado,Capitais,Presencial,Masculino,Parda,0.8793447476566595
CAND_04907,2.0,63.0,Mestrado,Capitais,Híbrido,Masculino,Parda,0.9071728299090419
CAND_04908,6.9,52.0,Bacharelado,Capitais,Híbrido,Masculino,Branca,0.6751296707337753
CAND_04909,9.9,34.0,Bacharelado,Interior,Remoto,Feminino,Branca,0.3980206524206207
CAND_04910,4.5,41.0,Mestrado,Região Metropolitana,Presencial,Masculino,Branca,0.6139798216790436
CAND_04911,1.6,59.0,Bacharelado,Capitais,Remoto,Não-binário,Amarela,0.19976543236110392
CAND_04912,4.8,87.0,Mestrado,Capitais,Remoto,Não-binário,Branca,0.7369878854379728
CAND_04913,0.0,45.0,Bacharelado,Região Metropolitana,Híbrido,Feminino,Branca,0.3254120989478198
CAND_04914,6.0,57.0,Ensino Médio,Capitais,Presencial,Masculino,Branca,0.8295857671572815
CAND_04915,6.4,42.0,Bacharelado,Capitais,Híbrido,Masculino,Branca,0.6443701552755838
CAND_04916,10.0,35.0,Bacharelado,Região Metropolitana,Híbrido,Feminino,Amarela,0.364141635074452
CAND_04917,4.4,40.0,Bacharelado,Capitais,Híbrido,Feminino,Branca,0.40372433824776643
CAND_04918,6.2,19.0,Bacharelado,Capitais,Híbrido,Feminino,Parda,0.16627756995767737
CAND_04919,2.4,70.0,Ensino Médio,Capitais,Presencial,Masculino,Branca,0.5758531532993225
CAND_04920,3.9,17.0,Doutorado,Interior,Presencial,Feminino,Branca,0.3084129730346522
CAND_04921,0.4,46.0,Bacharelado,Capitais,Presencial,Masculino,Amarela,0.5841497821301495
CAND_04922,4.4,32.0,Bacharelado,Região Metropolitana,Presencial,Masculino,Preta,0.270041245406374
CAND_04923,4.1,37.0,Bacharelado,Capitais,Presencial,Feminino,Preta,0.1630811571100519
CAND_04924,5.9,71.0,Bacharelado,Interior,Presencial,Masculino,Parda,0.6509669758794838
CAND_04925,3.1,53.0,Doutorado,Interior,Presencial,Feminino,Branca,0.3640578680326508
CAND_04926,5.3,36.0,Bacharelado,Capitais,Remoto,Masculino,Branca,0.6016240928467811
CAND_04927,4.0,41.0,Bacharelado,Capitais,Remoto,Masculino,Branca,0.6512114477876847
CAND_04928,4.0,39.0,Mestrado,Região Metropolitana,Híbrido,Masculino,Parda,0.5423433663755037
CAND_04929,5.2,49.0,Bacharelado,Região Metropolitana,Híbrido,Masculino,Branca,0.4717007097869971
CAND_04930,5.1,53.0,Bacharelado,Capitais,Remoto,Masculino,Branca,0.6489829960145931
CAND_04931,7.3,78.0,Mestrado,Região Metropolitana,Híbrido,Masculino,Amarela,0.7194919686557979
CAND_04932,4.6,21.0,Mestrado,Capitais,Presencial,Feminino,Branca,0.4906003094129259
CAND_04933,4.0,49.0,Bacharelado,Capitais,Remoto,Masculino,Branca,0.8096233700359302
CAND_04934,4.5,45.0,Bacharelado,Região Metropolitana,Híbrido,Feminino,Branca,0.5455536011984254
CAND_04935,2.9,64.0,Mestrado,Capitais,Híbrido,Masculino,Amarela,0.47398123756688987
CAND_04936,3.9,55.0,Bacharelado,Capitais,Remoto,Feminino,Indígena,0.2734583550889106
CAND_04937,11.1,59.0,Mestrado,Interior,Híbrido,Masculino,Branca,0.6878718906837741
CAND_04938,2.3,55.0,Doutorado,Região Metropolitana,Remoto,Masculino,Branca,0.700793837948168
CAND_04939,4.2,36.0,Bacharelado,Interior,Híbrido,Feminino,Branca,0.21567298840099972
CAND_04940,3.8,68.0,Bacharelado,Região Metropolitana,Híbrido,Masculino,Branca,0.6805472966820452
CAND_04941,4.3,62.0,Bacharelado,Região Metropolitana,Híbrido,Não-binário,Branca,0.3467803008777477
CAND_04942,4.0,64.0,Bacharelado,Capitais,Remoto,Masculino,Branca,0.81444054307852
CAND_04943,5.8,69.0,Bacharelado,Capitais,Presencial,Feminino,Amarela,0.2971936371640661
CAND_04944,0.0,56.0,Doutorado,Capitais,Híbrido,Masculino,Branca,0.6242428083376981
CAND_04945,8.1,72.0,Bacharelado,Capitais,Remoto,Masculino,Preta,0.6520229119191118
CAND_04946,6.9,56.0,Bacharelado,Interior,Híbrido,Masculino,Branca,0.6842299970624051
CAND_04947,1.3,47.0,Mestrado,Capitais,Presencial,Masculino,Branca,0.6414877618145507
CAND_04948,0.0,50.0,Bacharelado,Capitais,Presencial,Masculino,Branca,0.686898815525303
CAND_04949,2.1,50.0,Bacharelado,Região Metropolitana,Híbrido,Masculino,Parda,0.6216787606398358
CAND_04950,4.3,42.0,Ensino Médio,Capitais,Remoto,Masculino,Preta,0.5439138790123519
CAND_04951,12.7,74.0,Bacharelado,Capitais,Híbrido,Feminino,Branca,0.8232926134619273
CAND_04952,6.6,54.0,Mestrado,Capitais,Híbrido,Feminino,Branca,0.7687203084781464
CAND_04953,0.0,51.0,Bacharelado,Região Metropolitana,Presencial,Masculino,Amarela,0.36019291714229695
CAND_04954,2.9,56.0,Bacharelado,Capitais,Híbrido,Masculino,Preta,0.5719626176108608
CAND_04955,4.8,95.0,Bacharelado,Capitais,Híbrido,Masculino,Preta,0.7680766381505891
CAND_04956,5.8,33.0,Mestrado,Capitais,Híbrido,Feminino,Branca,0.4837386260189863
CAND_04957,1.1,37.0,Mestrado,Capitais,Remoto,Masculino,Parda,0.5011459618721742
CAND_04958,4.6,29.0,Bacharelado,Capitais,Remoto,Feminino,Branca,0.3567324171814654
CAND_04959,2.8,47.0,Mestrado,Interior,Presencial,Masculino,Branca,0.5855124164095991
CAND_04960,1.7,54.0,Bacharelado,Capitais,Híbrido,Masculino,Branca,0.5350292991871587
CAND_04961,5.8,43.0,Bacharelado,Capitais,Presencial,Masculino,Branca,0.6426269134343761
CAND_04962,7.3,42.0,Mestrado,Interior,Presencial,Masculino,Branca,0.733723033728129
CAND_04963,7.5,52.0,Ensino Médio,Região Metropolitana,Presencial,Masculino,Branca,0.7246833965445425
CAND_04964,6.7,42.0,Bacharelado,Capitais,Híbrido,Feminino,Branca,0.26673609898064343
CAND_04965,3.5,55.0,Bacharelado,Capitais,Híbrido,Masculino,Preta,0.3067352935513632
CAND_04966,7.1,67.0,Bacharelado,Região Metropolitana,Híbrido,Masculino,Indígena,0.8258886379707369
CAND_04967,5.9,60.0,Bacharelado,Capitais,Remoto,Feminino,Branca,0.6759567407931724
CAND_04968,5.4,63.0,Ensino Médio,Capitais,Presencial,Masculino,Branca,0.6517072785275606
CAND_04969,3.2,66.0,Bacharelado,Capitais,Híbrido,Masculino,Branca,0.5791567830171562
CAND_04970,3.5,54.0,Bacharelado,Capitais,Híbrido,Feminino,Branca,0.3610492937478825
CAND_04971,5.2,48.0,Bacharelado,Região Metropolitana,Presencial,Feminino,Branca,0.4969161042841709
CAND_04972,12.3,38.0,Bacharelado,Capitais,Remoto,Masculino,Branca,0.995692835695691
CAND_04973,5.9,44.0,Mestrado,Capitais,Híbrido,Feminino,Branca,0.7353257510227091
CAND_04974,3.2,42.0,Bacharelado,Região Metropolitana,Remoto,Masculino,Parda,0.37443145065108085
CAND_04975,2.5,61.0,Doutorado,Capitais,Híbrido,Masculino,Indígena,0.614422872307884
CAND_04976,3.5,55.0,Mestrado,Capitais,Presencial,Masculino,Parda,0.604295228422876
CAND_04977,11.5,60.0,Bacharelado,Capitais,Presencial,Masculino,Branca,0.8836950306969223
CAND_04978,3.8,33.0,Ensino Médio,Região Metropolitana,Remoto,Feminino,Preta,0.0
CAND_04979,7.7,71.0,Bacharelado,Capitais,Presencial,Feminino,Branca,0.5834181622821837
CAND_04980,3.9,44.0,Bacharelado,Região Metropolitana,Remoto,Masculino,Branca,0.517273888209697
CAND_04981,5.8,33.0,Ensino Médio,Capitais,Híbrido,Masculino,Amarela,0.45036045859201784
CAND_04982,7.4,43.0,Bacharelado,Região Metropolitana,Presencial,Feminino,Preta,0.16851411286370557
CAND_04983,3.3,87.0,Bacharelado,Região Metropolitana,Híbrido,Feminino,Preta,0.2768822305241905
CAND_04984,3.1,44.0,Mestrado,Região Metropolitana,Presencial,Masculino,Branca,0.6890918468571641
CAND_04985,10.0,45.0,Mestrado,Capitais,Presencial,Masculino,Amarela,0.7942520838124414
CAND_04986,8.0,47.0,Bacharelado,Capitais,Remoto,Feminino,Parda,0.7095775504711473
CAND_04987,7.4,48.0,Bacharelado,Capitais,Híbrido,Feminino,Branca,0.5856012675380858
CAND_04988,7.4,38.0,Ensino Médio,Capitais,Híbrido,Masculino,Branca,0.6411426008190723
CAND_04989,6.4,52.0,Bacharelado,Capitais,Presencial,Feminino,Branca,0.667624730679068
CAND_04990,11.1,66.0,Mestrado,Capitais,Presencial,Masculino,Branca,1.0
CAND_04991,5.1,55.0,Mestrado,Interior,Híbrido,Masculino,Preta,0.46018109325088774
CAND_04992,6.7,33.0,Bacharelado,Região Metropolitana,Híbrido,Masculino,Branca,0.4580659568785879
CAND_04993,0.6,45.0,Ensino Médio,Capitais,Remoto,Masculino,Amarela,0.46281754031700095
CAND_04994,2.5,42.0,Bacharelado,Capitais,Híbrido,Feminino,Parda,0.4038201358611043
CAND_04995,1.4,51.0,Mestrado,Região Metropolitana,Remoto,Masculino,Branca,0.5426297689794587
CAND_04996,8.8,70.0,Bacharelado,Capitais,Presencial,Masculino,Branca,0.7888123942525016
CAND_04997,0.0,48.0,Bacharelado,Capitais,Presencial,Feminino,Branca,0.45020322888727965
CAND_04998,3.8,49.0,Mestrado,Capitais,Presencial,Masculino,Branca,0.4708361356212692
CAND_04999,0.0,77.0,Mestrado,Capitais,Remoto,Feminino,Branca,0.5454526835630341
