id,years_experience,skills,education_level,location,preferred_work_mode,gender,race,suitability_score
CAND_00000,6.3,51.0,Bacharelado,Interior,Presencial,Não-binário,Parda,0.39402083763132906
CAND_00001,2.5,50.0,Bacharelado,Capitais,Remoto,Feminino,Indígena,0.16857848496972064
CAND_00002,10.4,57.0,Bacharelado,Capitais,Remoto,Feminino,Amarela,0.5502584291310432
CAND_00003,4.1,76.0,Bacharelado,Capitais,Remoto,Feminino,Preta,0.38961141714819547
CAND_00004,4.4,51.0,Bacharelado,Capitais,Presencial,Feminino,Amarela,0.3364187474175552
CAND_00005,9.1,42.0,Bacharelado,Região Metropolitana,Híbrido,Masculino,Branca,0.46404698172406444
CAND_00006,5.2,54.0,Bacharelado,Região Metropolitana,Remoto,Não-binário,Parda,0.5161685308250894
CAND_00007,2.5,46.0,Bacharelado,Interior,Presencial,Masculino,Branca,0.2632177496904847
CAND_00008,7.9,31.0,Mestrado,Região Metropolitana,Remoto,Masculino,Parda,0.26748707789293946
CAND_00009,7.6,61.0,Bacharelado,Região Metropolitana,Presencial,Feminino,Amarela,0.5622697813040928
CAND_00010,1.6,26.0,Bacharelado,Capitais,Híbrido,Feminino,Preta,0.3847706300855732
CAND_00011,2.9,36.0,Bacharelado,Capitais,Híbrido,Masculino,Branca,0.4134551490028917
CAND_00012,2.0,43.0,Bacharelado,Capitais,Presencial,Feminino,Branca,0.4403282302423463
CAND_00013,0.0,64.0,Mestrado,Capitais,Presencial,Masculino,Preta,0.5686935459109923
CAND_00014,11.3,57.0,Ensino Médio,Região Metropolitana,Remoto,Masculino,Indígena,0.5380839500113986
CAND_00015,0.8,72.0,Bacharelado,Capitais,Híbrido,Feminino,Indígena,0.4661487831993503
CAND_00016,2.5,57.0,Bacharelado,Capitais,Híbrido,Feminino,Indígena,0.38104934773109606
CAND_00017,6.5,47.0,Bacharelado,Região Metropolitana,Presencial,Feminino,Amarela,0.38566021866410355
CAND_00018,6.0,26.0,Ensino Médio,Região Metropolitana,Remoto,Masculino,Indígena,0.2961286557237443
CAND_00019,7.0,45.0,Bacharelado,Interior,Presencial,Feminino,Preta,0.4419979595779488
CAND_00020,5.9,60.0,Mestrado,Capitais,Remoto,Não-binário,Indígena,0.6181399485608307
CAND_00021,9.6,32.0,Bacharelado,Interior,Híbrido,Masculino,Amarela,0.30479025304605356
CAND_00022,3.3,57.0,Bacharelado,Interior,Híbrido,Não-binário,Indígena,0.30753860166870417
CAND_00023,10.3,52.0,Bacharelado,Região Metropolitana,Híbrido,Masculino,Parda,0.6639016982148129
CAND_00024,3.8,48.0,Bacharelado,Região Metropolitana,Presencial,Masculino,Preta,0.4234691121188226
CAND_00025,1.2,48.0,Bacharelado,Capitais,Híbrido,Masculino,Branca,0.3738386954618312
CAND_00026,3.8,42.0,Doutorado,Interior,Presencial,Não-binário,Indígena,0.3404061182259014
CAND_00027,6.5,30.0,Bacharelado,Capitais,Presencial,Feminino,Indígena,0.4026479565526256
CAND_00028,8.8,6.0,Mestrado,Capitais,Híbrido,Masculino,Indígena,0.3594500444991278
CAND_00029,7.1,67.0,Ensino Médio,Interior,Híbrido,Masculino,Parda,0.5203846174462895
CAND_00030,1.4,54.0,Bacharelado,Interior,Presencial,Masculino,Preta,0.370812482477862
CAND_00031,2.4,58.0,Bacharelado,Capitais,Híbrido,Feminino,Parda,0.3050967721846045
CAND_00032,3.3,56.0,Bacharelado,Região Metropolitana,Remoto,Feminino,Branca,0.42011191288718275
CAND_00033,5.8,55.0,Mestrado,Capitais,Presencial,Não-binário,Branca,0.6718812056348763
CAND_00034,8.1,85.0,Bacharelado,Região Metropolitana,Híbrido,Não-binário,Preta,0.5715147064752637
CAND_00035,5.5,55.0,Bacharelado,Capitais,Presencial,Não-binário,Branca,0.393124450870634
CAND_00036,0.1,66.0,Bacharelado,Capitais,Presencial,Masculino,Amarela,0.5333693374439025
CAND_00037,9.1,39.0,Ensino Médio,Capitais,Híbrido,Feminino,Preta,0.2606361862433881
CAND_00038,3.1,56.0,Mestrado,Capitais,Híbrido,Feminino,Preta,0.4900245445460535
CAND_00039,8.8,81.0,Bacharelado,Capitais,Presencial,Masculino,Parda,0.5774145249050323
CAND_00040,4.0,57.0,Bacharelado,Capitais,Presencial,Feminino,Parda,0.5543053453414247
CAND_00041,4.4,45.0,Bacharelado,Capitais,Remoto,Feminino,Parda,0.36503655452298567
CAND_00042,6.0,50.0,Bacharelado,Capitais,Presencial,Masculino,Indígena,0.37231231590836217
CAND_00043,7.7,23.0,Mestrado,Região Metropolitana,Presencial,Feminino,Parda,0.3608300169407144
CAND_00044,11.5,37.0,Bacharelado,Capitais,Presencial,Masculino,Amarela,0.6767221745348239
CAND_00045,3.8,58.0,Bacharelado,Capitais,Remoto,Feminino,Indígena,0.493948222502671
CAND_00046,4.5,59.0,Bacharelado,Capitais,Híbrido,Não-binário,Preta,0.6396773636864304
CAND_00047,2.3,57.0,Mestrado,Capitais,Remoto,Masculino,Preta,0.4521947812753278
CAND_00048,2.5,40.0,Bacharelado,Capitais,Presencial,Feminino,Indígena,0.38400792468738987
CAND_00049,4.4,54.0,Bacharelado,Capitais,Híbrido,Feminino,Amarela,0.30494861136670504
CAND_00050,8.0,71.0,Ensino Médio,Capitais,Remoto,Masculino,Parda,0.5356154991926585
CAND_00051,3.3,26.0,Bacharelado,Capitais,Remoto,Masculino,Amarela,0.3287316021791743
CAND_00052,8.0,46.0,Mestrado,Interior,Híbrido,Masculino,Indígena,0.7003331874446052
CAND_00053,3.9,44.0,Bacharelado,Região Metropolitana,Remoto,Não-binário,Parda,0.46666594186909005
CAND_00054,8.3,55.0,Doutorado,Capitais,Presencial,Não-binário,Amarela,0.5389192306338699
CAND_00055,0.0,34.0,Bacharelado,Interior,Presencial,Feminino,Indígena,0.21989604966117293
CAND_00056,3.1,37.0,Bacharelado,Região Metropolitana,Presencial,Não-binário,Indígena,0.23679822409362766
CAND_00057,8.1,59.0,Bacharelado,Capitais,Híbrido,Não-binário,Branca,0.5407915345297738
CAND_00058,6.4,44.0,Bacharelado,Capitais,Presencial,Não-binário,Preta,0.5004623907394096
CAND_00059,4.6,61.0,Mestrado,Capitais,Remoto,Não-binário,Indígena,0.6377005622207812
CAND_00060,5.9,56.0,Bacharelado,Capitais,Híbrido,Não-binário,Indígena,0.5002420211816526
CAND_00061,6.4,63.0,Ensino Médio,Capitais,Remoto,Não-binário,Indígena,0.3830896551799041
CAND_00062,4.9,35.0,Ensino Médio,Região Metropolitana,Remoto,Feminino,Indígena,0.2638427114746619
CAND_00063,4.1,71.0,Bacharelado,Capitais,Híbrido,Feminino,Amarela,0.5741318142530859
CAND_00064,7.8,55.0,Mestrado,Capitais,Híbrido,Feminino,Preta,0.689882857620947
CAND_00065,7.6,65.0,Bacharelado,Região Metropolitana,Presencial,Feminino,Amarela,0.5355094475472777
CAND_00066,8.1,29.0,Bacharelado,Capitais,Remoto,Não-binário,Amarela,0.48865523600401406
CAND_00067,11.3,48.0,Bacharelado,Região Metropolitana,Híbrido,Feminino,Indígena,0.4886144950431083
CAND_00068,5.9,51.0,Bacharelado,Capitais,Híbrido,Não-binário,Branca,0.42710609121902804
CAND_00069,11.4,57.0,Bacharelado,Capitais,Presencial,Feminino,Amarela,0.6330948579663577
CAND_00070,9.8,69.0,Bacharelado,Interior,Presencial,Não-binário,Branca,0.640055482834923
CAND_00071,10.0,45.0,Bacharelado,Interior,Híbrido,Não-binário,Indígena,0.5734750651226611
CAND_00072,6.5,29.0,Ensino Médio,Região Metropolitana,Híbrido,Não-binário,Preta,0.35024735574011934
CAND_00073,8.0,20.0,Mestrado,Capitais,Remoto,Feminino,Preta,0.4971370840127365
CAND_00074,10.1,45.0,Mestrado,Região Metropolitana,Presencial,Não-binário,Branca,0.5243795422907415
CAND_00075,1.8,60.0,Bacharelado,Capitais,Presencial,Não-binário,Amarela,0.6437573837603686
CAND_00076,4.9,57.0,Bacharelado,Região Metropolitana,Híbrido,Não-binário,Branca,0.5940201999968098
CAND_00077,5.9,50.0,Mestrado,Região Metropolitana,Presencial,Não-binário,Preta,0.5575981570021087
CAND_00078,8.6,61.0,Bacharelado,Capitais,Remoto,Não-binário,Branca,0.598353786707809
CAND_00079,7.2,77.0,Bacharelado,Capitais,Remoto,Masculino,Amarela,0.6128322095336537
CAND_00080,7.8,77.0,Bacharelado,Capitais,Presencial,Masculino,Indígena,0.5998814973980963
CAND_00081,6.6,69.0,Mestrado,Capitais,Híbrido,Feminino,Amarela,0.73512352064232
CAND_00082,5.9,61.0,Bacharelado,Região Metropolitana,Presencial,Não-binário,Amarela,0.5749784864260268
CAND_00083,0.2,41.0,Mestrado,Capitais,Híbrido,Masculino,Indígena,0.3103708255328401
CAND_00084,3.7,80.0,Bacharelado,Interior,Remoto,Masculino,Indígena,0.5555522830143249
CAND_00085,7.7,68.0,Bacharelado,Região Metropolitana,Presencial,Não-binário,Indígena,0.6361334012970028
CAND_00086,5.1,53.0,Bacharelado,Região Metropolitana,Híbrido,Feminino,Branca,0.500706962799572
CAND_00087,0.6,34.0,Bacharelado,Capitais,Híbrido,Masculino,Preta,0.24080821901232996
CAND_00088,3.5,61.0,Bacharelado,Região Metropolitana,Híbrido,Não-binário,Preta,0.3871418396150078
CAND_00089,11.1,64.0,Mestrado,Capitais,Híbrido,Não-binário,Indígena,0.7641556237916285
CAND_00090,0.6,51.0,Bacharelado,Capitais,Presencial,Não-binário,Parda,0.3919858341019052
CAND_00091,0.0,28.0,Bacharelado,Capitais,Híbrido,Não-binário,Parda,0.22493854185868606
CAND_00092,8.4,43.0,Doutorado,Capitais,Híbrido,Masculino,Branca,0.8165724986648899
CAND_00093,4.6,56.0,Ensino Médio,Capitais,Híbrido,Não-binário,Parda,0.4855102014811715
CAND_00094,6.7,68.0,Bacharelado,Capitais,Presencial,Feminino,Indígena,0.5548637500064015
CAND_00095,7.7,51.0,Bacharelado,Capitais,Presencial,Não-binário,Preta,0.48201358717795295
CAND_00096,1.1,39.0,Bacharelado,Capitais,Híbrido,Feminino,Preta,0.4300082821125868
CAND_00097,7.7,17.0,Mestrado,Capitais,Remoto,Feminino,Preta,0.5548301217625444
CAND_00098,0.0,79.0,Mestrado,Capitais,Híbrido,Não-binário,Branca,0.4543669402929099
CAND_00099,6.0,50.0,Mestrado,Região Metropolitana,Híbrido,Masculino,Branca,0.4366338588213749
CAND_00100,7.4,39.0,Bacharelado,Capitais,Presencial,Feminino,Amarela,0.47042953597128306
CAND_00101,5.5,22.0,Mestrado,Capitais,Híbrido,Não-binário,Preta,0.3792661676909653
CAND_00102,1.1,43.0,Bacharelado,Região Metropolitana,Híbrido,Não-binário,Parda,0.24423052404842555
CAND_00103,5.0,73.0,Bacharelado,Capitais,Híbrido,Masculino,Indígena,0.49982233050279706
CAND_00104,9.9,31.0,Mestrado,Capitais,Presencial,Feminino,Amarela,0.45823634690639803
CAND_00105,6.7,64.0,Mestrado,Capitais,Remoto,Feminino,Indígena,0.5391269996110613
CAND_00106,3.2,36.0,Ensino Médio,Região Metropolitana,Híbrido,Feminino,Amarela,0.3907194164075782
CAND_00107,4.9,51.0,Doutorado,Região Metropolitana,Presencial,Feminino,Parda,0.6288421383417826
CAND_00108,7.9,64.0,Mestrado,Capitais,Híbrido,Não-binário,Amarela,0.8807714182826072
CAND_00109,9.7,31.0,Mestrado,Região Metropolitana,Híbrido,Masculino,Branca,0.37190385501779355
CAND_00110,0.0,63.0,Bacharelado,Capitais,Presencial,Feminino,Indígena,0.4748603830058193
CAND_00111,8.4,55.0,Mestrado,Região Metropolitana,Remoto,Feminino,Branca,0.7047580071490717
CAND_00112,8.0,55.0,Bacharelado,Região Metropolitana,Remoto,Não-binário,Indígena,0.4073860507867985
CAND_00113,2.2,49.0,Bacharelado,Capitais,Presencial,Não-binário,Indígena,0.18035279632117965
CAND_00114,6.5,59.0,Ensino Médio,Região Metropolitana,Presencial,Feminino,Preta,0.37620662195259863
CAND_00115,4.2,48.0,Bacharelado,Região Metropolitana,Híbrido,Feminino,Amarela,0.32134551633002467
CAND_00116,2.3,27.0,Mestrado,Capitais,Presencial,Feminino,Preta,0.3125515808864169
CAND_00117,4.6,49.0,Bacharelado,Capitais,Remoto,Feminino,Amarela,0.5610792366311292
CAND_00118,0.8,79.0,Bacharelado,Região Metropolitana,Híbrido,Não-binário,Branca,0.34025287984405944
CAND_00119,5.2,47.0,Bacharelado,Capitais,Remoto,Feminino,Indígena,0.4038235505848706
CAND_00120,3.6,48.0,Bacharelado,Capitais,Presencial,Masculino,Amarela,0.4037438281948169
CAND_00121,4.2,32.0,Bacharelado,Região Metropolitana,Híbrido,Não-binário,Preta,0.48060507226445015
CAND_00122,4.1,90.0,Bacharelado,Interior,Remoto,Feminino,Indígena,0.6132259869756866
CAND_00123,4.5,23.0,Bacharelado,Capitais,Presencial,Masculino,Parda,0.3679904995756
CAND_00124,2.8,49.0,Bacharelado,Capitais,Híbrido,Masculino,Amarela,0.44653236520824746
CAND_00125,0.0,42.0,Mestrado,Capitais,Presencial,Feminino,Indígena,0.30506680160207506
CAND_00126,10.9,43.0,Mestrado,Capitais,Híbrido,Não-binário,Parda,0.5968987498510683
CAND_00127,10.2,37.0,Ensino Médio,Região Metropolitana,Presencial,Não-binário,Preta,0.4876191427006116
CAND_00128,7.2,50.0,Mestrado,Capitais,Presencial,Não-binário,Indígena,0.5071910146565508
CAND_00129,3.8,38.0,Mestrado,Capitais,Presencial,Feminino,Branca,0.3358714686313588
CAND_00130,7.4,34.0,Bacharelado,Capitais,Presencial,Não-binário,Preta,0.4706728392623545
CAND_00131,0.0,11.0,Mestrado,Interior,Híbrido,Não-binário,Parda,0.1976387389876062
CAND_00132,7.8,33.0,Mestrado,Região Metropolitana,Híbrido,Não-binário,Indígena,0.583424852552496
CAND_00133,3.4,54.0,Bacharelado,Região Metropolitana,Híbrido,Feminino,Preta,0.290084945313721
CAND_00134,1.0,71.0,Bacharelado,Interior,Híbrido,Feminino,Indígena,0.5232765225756766
CAND_00135,8.5,37.0,Bacharelado,Capitais,Híbrido,Masculino,Amarela,0.49492109518821537
CAND_00136,6.5,59.0,Bacharelado,Capitais,Híbrido,Masculino,Preta,0.5690176390412343
CAND_00137,3.5,47.0,Bacharelado,Região Metropolitana,Híbrido,Masculino,Preta,0.28688830542384075
CAND_00138,4.9,42.0,Bacharelado,Região Metropolitana,Remoto,Não-binário,Preta,0.3436397380483127
CAND_00139,2.2,44.0,Ensino Médio,Capitais,Remoto,Masculino,Preta,0.43484459702398925
CAND_00140,6.6,35.0,Bacharelado,Região Metropolitana,Híbrido,Feminino,Preta,0.5235375328756693
CAND_00141,6.4,37.0,Bacharelado,Capitais,Presencial,Masculino,Amarela,0.648922993627233
CAND_00142,6.1,42.0,Mestrado,Região Metropolitana,Híbrido,Feminino,Preta,0.5013400864049311
CAND_00143,0.0,50.0,Ensino Médio,Capitais,Híbrido,Feminino,Branca,0.31431529171633354
CAND_00144,5.7,33.0,Bacharelado,Região Metropolitana,Híbrido,Masculino,Preta,0.45086855966443884
CAND_00145,1.6,52.0,Mestrado,Capitais,Remoto,Masculino,Preta,0.45928306554182624
CAND_00146,7.7,40.0,Bacharelado,Capitais,Presencial,Masculino,Indígena,0.4470424299700633
CAND_00147,4.8,56.0,Bacharelado,Capitais,Remoto,Masculino,Amarela,0.5330974833443959
CAND_00148,11.6,64.0,Ensino Médio,Capitais,Híbrido,Não-binário,Indígena,0.5344711237619254
CAND_00149,3.3,53.0,Bacharelado,Capitais,Híbrido,Não-binário,Preta,0.5439838031170354
CAND_00150,0.8,14.0,Bacharelado,Região Metropolitana,Remoto,Feminino,Indígena,0.0843163682168569
CAND_00151,2.5,42.0,Bacharelado,Região Metropolitana,Híbrido,Não-binário,Preta,0.352713689098954
CAND_00152,5.0,41.0,Bacharelado,Região Metropolitana,Remoto,Feminino,Preta,0.26287860406671737
CAND_00153,1.7,49.0,Bacharelado,Capitais,Remoto,Feminino,Preta,0.407939220880352
CAND_00154,0.0,42.0,Bacharelado,Interior,Híbrido,Masculino,Indígena,0.37433511529729435
CAND_00155,6.9,48.0,Ensino Médio,Capitais,Híbrido,Feminino,Preta,0.4920092492431272
CAND_00156,11.2,50.0,Bacharelado,Capitais,Híbrido,Masculino,Indígena,0.4681745699928628
CAND_00157,9.2,62.0,Bacharelado,Região Metropolitana,Híbrido,Feminino,Parda,0.6434573605125935
CAND_00158,3.9,43.0,Mestrado,Região Metropolitana,Remoto,Feminino,Preta,0.4054235588621815
CAND_00159,3.3,16.0,Bacharelado,Capitais,Híbrido,Não-binário,Parda,0.22126614487360857
CAND_00160,4.8,60.0,Bacharelado,Capitais,Remoto,Masculino,Amarela,0.36927913219133135
CAND_00161,8.4,51.0,Mestrado,Região Metropolitana,Remoto,Não-binário,Branca,0.4377768795885542
CAND_00162,3.3,38.0,Mestrado,Região Metropolitana,Remoto,Não-binário,Preta,0.4628273494588147
CAND_00163,4.4,35.0,Ensino Médio,Capitais,Presencial,Feminino,Branca,0.2896994785346083
CAND_00164,11.7,52.0,Ensino Médio,Capitais,Presencial,Não-binário,Parda,0.5046202939606927
CAND_00165,5.4,43.0,Mestrado,Capitais,Presencial,Não-binário,Branca,0.45988042816749125
CAND_00166,9.3,78.0,Bacharelado,Capitais,Remoto,Não-binário,Parda,0.6572113176672777
CAND_00167,6.0,63.0,Bacharelado,Interior,Presencial,Feminino,Parda,0.4142218230929997
CAND_00168,4.9,53.0,Bacharelado,Capitais,Presencial,Masculino,Parda,0.4674515835276419
CAND_00169,4.9,65.0,Bacharelado,Capitais,Presencial,Não-binário,Branca,0.45899254425098057
CAND_00170,0.6,52.0,Bacharelado,Capitais,Híbrido,Feminino,Preta,0.538366013275927
CAND_00171,6.3,42.0,Bacharelado,Interior,Presencial,Não-binário,Parda,0.502054180825039
CAND_00172,6.5,34.0,Ensino Médio,Região Metropolitana,Híbrido,Masculino,Preta,0.378657829062416
CAND_00173,1.8,66.0,Bacharelado,Região Metropolitana,Híbrido,Feminino,Indígena,0.22086977452659678
CAND_00174,8.5,40.0,Bacharelado,Capitais,Híbrido,Não-binário,Amarela,0.2637237346225543
CAND_00175,5.3,67.0,Bacharelado,Capitais,Híbrido,Feminino,Preta,0.3757362460353457
CAND_00176,4.2,60.0,Bacharelado,Interior,Remoto,Feminino,Parda,0.6900816486087911
CAND_00177,9.6,54.0,Mestrado,Capitais,Remoto,Masculino,Branca,0.7028341365613857
CAND_00178,0.6,57.0,Bacharelado,Região Metropolitana,Presencial,Feminino,Amarela,0.3774718252899437
CAND_00179,6.3,44.0,Mestrado,Região Metropolitana,Presencial,Não-binário,Parda,0.5996125900990562
CAND_00180,7.0,50.0,Bacharelado,Região Metropolitana,Presencial,Não-binário,Indígena,0.5414301292523716
CAND_00181,5.8,46.0,Mestrado,Capitais,Presencial,Feminino,Parda,0.6437253123333757
CAND_00182,3.4,50.0,Mestrado,Região Metropolitana,Presencial,Masculino,Parda,0.4356744892554271
CAND_00183,11.6,35.0,Bacharelado,Capitais,Presencial,Feminino,Parda,0.5517735609611467
CAND_00184,7.2,57.0,Bacharelado,Capitais,Híbrido,Não-binário,Amarela,0.5093716872422016
CAND_00185,2.2,67.0,Bacharelado,Capitais,Presencial,Não-binário,Preta,0.5336146669890888
CAND_00186,3.1,52.0,Mestrado,Capitais,Híbrido,Feminino,Branca,0.4991064906546947
CAND_00187,0.0,73.0,Bacharelado,Região Metropolitana,Remoto,Não-binário,Parda,0.4114418249753109
CAND_00188,4.5,68.0,Mestrado,Região Metropolitana,Remoto,Feminino,Preta,0.6280282338034824
CAND_00189,11.2,73.0,Bacharelado,Capitais,Presencial,Masculino,Branca,0.7099811742952824
CAND_00190,0.7,44.0,Ensino Médio,Região Metropolitana,Híbrido,Feminino,Preta,0.32994285330727524
CAND_00191,5.9,33.0,Mestrado,Região Metropolitana,Híbrido,Não-binário,Indígena,0.4561168856447746
CAND_00192,4.0,66.0,Bacharelado,Região Metropolitana,Híbrido,Não-binário,Amarela,0.35599491185677457
CAND_00193,6.0,66.0,Mestrado,Capitais,Presencial,Não-binário,Branca,0.6184545932720589
CAND_00194,6.1,54.0,Bacharelado,Capitais,Híbrido,Feminino,Parda,0.2658142636335223
CAND_00195,5.5,30.0,Bacharelado,Capitais,Remoto,Não-binário,Branca,0.27054291678873393
CAND_00196,0.7,53.0,Bacharelado,Capitais,Presencial,Masculino,Branca,0.5085250622055306
CAND_00197,2.5,45.0,Bacharelado,Capitais,Remoto,Feminino,Amarela,0.2716929722643805
CAND_00198,3.8,64.0,Bacharelado,Interior,Remoto,Não-binário,Branca,0.527209095084758
CAND_00199,5.3,61.0,Bacharelado,Capitais,Remoto,Masculino,Amarela,0.6533022434999932
CAND_00200,9.1,44.0,Bacharelado,Capitais,Híbrido,Não-binário,Preta,0.5401972994734218
CAND_00201,11.5,38.0,Bacharelado,Região Metropolitana,Híbrido,Masculino,Indígena,0.5638781890574901
CAND_00202,4.6,36.0,Bacharelado,Capitais,Híbrido,Masculino,Branca,0.27673524957280066
CAND_00203,3.7,42.0,Bacharelado,Capitais,Remoto,Não-binário,Branca,0.5304373391640782
CAND_00204,5.4,51.0,Mestrado,Capitais,Presencial,Masculino,Parda,0.502741000875805
CAND_00205,5.8,47.0,Mestrado,Interior,Presencial,Masculino,Branca,0.5435365731185904
CAND_00206,10.6,24.0,Bacharelado,Capitais,Híbrido,Masculino,Preta,0.4901982737503972
CAND_00207,0.7,71.0,Bacharelado,Região Metropolitana,Remoto,Masculino,Parda,0.37074267236663666
CAND_00208,7.1,29.0,Bacharelado,Interior,Presencial,Feminino,Parda,0.5034852521461533
CAND_00209,8.5,36.0,Bacharelado,Capitais,Remoto,Não-binário,Parda,0.5924717030845573
CAND_00210,2.3,45.0,Mestrado,Capitais,Híbrido,Feminino,Preta,0.5628456592869904
CAND_00211,8.9,40.0,Mestrado,Capitais,Híbrido,Feminino,Amarela,0.3392243762640632
CAND_00212,2.0,46.0,Bacharelado,Capitais,Presencial,Masculino,Parda,0.36262213470970506
CAND_00213,0.5,51.0,Bacharelado,Capitais,Híbrido,Masculino,Indígena,0.2761308828356656
CAND_00214,4.3,48.0,Doutorado,Capitais,Híbrido,Masculino,Branca,0.6365712361387137
CAND_00215,7.3,32.0,Bacharelado,Capitais,Híbrido,Masculino,Preta,0.5368044267595655
CAND_00216,0.0,42.0,Mestrado,Capitais,Presencial,Masculino,Branca,0.4906430710113589
CAND_00217,0.0,43.0,Bacharelado,Capitais,Presencial,Não-binário,Preta,0.2793454347398793
CAND_00218,8.2,31.0,Bacharelado,Região Metropolitana,Híbrido,Masculino,Indígena,0.5674671694817626
CAND_00219,4.5,28.0,Mestrado,Capitais,Híbrido,Masculino,Indígena,0.4588686433147202
CAND_00220,6.1,41.0,Bacharelado,Capitais,Híbrido,Não-binário,Indígena,0.42329017443148725
CAND_00221,6.8,44.0,Bacharelado,Região Metropolitana,Híbrido,Não-binário,Parda,0.6008883071101037
CAND_00222,0.6,90.0,Ensino Médio,Capitais,Híbrido,Feminino,Amarela,0.5498703913006591
CAND_00223,3.3,62.0,Ensino Médio,Capitais,Remoto,Masculino,Indígena,0.20664490371053348
CAND_00224,4.9,63.0,Bacharelado,Capitais,Remoto,Feminino,Indígena,0.35131158102917837
CAND_00225,2.3,44.0,Bacharelado,Capitais,Híbrido,Não-binário,Preta,0.3064234955826265
CAND_00226,3.8,80.0,Bacharelado,Capitais,Híbrido,Feminino,Amarela,0.5684171498559609
CAND_00227,7.8,56.0,Bacharelado,Região Metropolitana,Presencial,Masculino,Branca,0.6895483344367757
CAND_00228,0.0,57.0,Mestrado,Capitais,Híbrido,Feminino,Branca,0.5684970622399217
CAND_00229,5.5,56.0,Mestrado,Região Metropolitana,Híbrido,Não-binário,Indígena,0.5123522082572487
CAND_00230,1.9,64.0,Bacharelado,Capitais,Híbrido,Não-binário,Amarela,0.44536142056661054
CAND_00231,4.2,54.0,Bacharelado,Região Metropolitana,Presencial,Feminino,Indígena,0.3181921155928278
CAND_00232,4.2,54.0,Bacharelado,Região Metropolitana,Híbrido,Não-binário,Amarela,0.5535556099560724
CAND_00233,5.3,65.0,Mestrado,Região Metropolitana,Presencial,Feminino,Preta,0.6037125829432274
CAND_00234,4.8,49.0,Bacharelado,Região Metropolitana,Remoto,Não-binário,Amarela,0.4256667890600043
CAND_00235,5.9,17.0,Bacharelado,Capitais,Híbrido,Feminino,Amarela,0.28648687203204903
CAND_00236,6.8,54.0,Bacharelado,Região Metropolitana,Remoto,Não-binário,Branca,0.5644260878408814
CAND_00237,0.3,19.0,Bacharelado,Capitais,Presencial,Não-binário,Indígena,0.2850195767719278
CAND_00238,4.0,45.0,Bacharelado,Capitais,Híbrido,Feminino,Parda,0.45078130470352107
CAND_00239,2.6,55.0,Bacharelado,Capitais,Presencial,Feminino,Preta,0.6567470806045362
CAND_00240,0.0,55.0,Mestrado,Capitais,Remoto,Masculino,Parda,0.4946043798878058
CAND_00241,2.0,41.0,Doutorado,Capitais,Híbrido,Masculino,Branca,0.45412481461679927
CAND_00242,8.1,24.0,Bacharelado,Capitais,Híbrido,Masculino,Preta,0.5528066234131271
CAND_00243,4.2,33.0,Ensino Médio,Capitais,Remoto,Não-binário,Parda,0.147250117477468
CAND_00244,6.5,17.0,Bacharelado,Região Metropolitana,Presencial,Não-binário,Branca,0.4622037881349805
CAND_00245,6.3,29.0,Doutorado,Interior,Híbrido,Não-binário,Indígena,0.5288154941387195
CAND_00246,2.3,37.0,Ensino Médio,Região Metropolitana,Híbrido,Masculino,Indígena,0.3153478254933896
CAND_00247,6.6,47.0,Bacharelado,Capitais,Híbrido,Feminino,Branca,0.46682662941124864
CAND_00248,1.7,58.0,Bacharelado,Interior,Híbrido,Masculino,Amarela,0.4277359908180315
CAND_00249,7.2,44.0,Bacharelado,Capitais,Remoto,Não-binário,Amarela,0.43155225495086724
CAND_00250,3.2,54.0,Mestrado,Região Metropolitana,Presencial,Feminino,Preta,0.4695239213037518
CAND_00251,1.0,48.0,Bacharelado,Capitais,Remoto,Masculino,Amarela,0.21336388015140645
CAND_00252,5.4,81.0,Mestrado,Interior,Híbrido,Masculino,Indígena,0.611184360555469
CAND_00253,2.9,29.0,Mestrado,Região Metropolitana,Híbrido,Feminino,Amarela,0.3616797857934716
CAND_00254,6.9,81.0,Bacharelado,Região Metropolitana,Híbrido,Feminino,Indígena,0.6282983139816387
CAND_00255,7.1,38.0,Bacharelado,Capitais,Presencial,Não-binário,Amarela,0.3987191038031531
CAND_00256,0.0,59.0,Doutorado,Capitais,Híbrido,Não-binário,Indígena,0.6080425301444262
CAND_00257,15.3,39.0,Bacharelado,Capitais,Híbrido,Feminino,Indígena,0.6167942244761875
CAND_00258,1.1,40.0,Bacharelado,Capitais,Presencial,Feminino,Preta,0.374576820863301
CAND_00259,7.2,52.0,Bacharelado,Interior,Híbrido,Feminino,Branca,0.45017959016464487
CAND_00260,3.6,34.0,Ensino Médio,Região Metropolitana,Híbrido,Masculino,Parda,0.303485861630306
CAND_00261,6.0,48.0,Ensino Médio,Capitais,Remoto,Masculino,Preta,0.46183689827092794
CAND_00262,3.1,53.0,Bacharelado,Capitais,Remoto,Feminino,Parda,0.5410596733669397
CAND_00263,9.4,17.0,Bacharelado,Região Metropolitana,Presencial,Não-binário,Parda,0.49676297042159645
CAND_00264,0.7,31.0,Bacharelado,Interior,Híbrido,Masculino,Branca,0.20885172067362479
CAND_00265,8.1,38.0,Bacharelado,Região Metropolitana,Remoto,Masculino,Parda,0.464937613764831
CAND_00266,0.0,83.0,Bacharelado,Capitais,Presencial,Não-binário,Preta,0.5310543758786639
CAND_00267,5.3,37.0,Mestrado,Capitais,Presencial,Masculino,Indígena,0.33963134406533024
CAND_00268,0.8,53.0,Bacharelado,Interior,Presencial,Feminino,Indígena,0.28462253285210637
CAND_00269,7.1,65.0,Bacharelado,Interior,Híbrido,Masculino,Parda,0.543103148378879
CAND_00270,6.0,42.0,Mestrado,Capitais,Remoto,Não-binário,Branca,0.41241421133511713
CAND_00271,6.6,39.0,Doutorado,Capitais,Remoto,Não-binário,Indígena,0.7807499956158555
CAND_00272,4.2,54.0,Ensino Médio,Capitais,Remoto,Feminino,Branca,0.3395474663929804
CAND_00273,4.2,37.0,Ensino Médio,Capitais,Presencial,Feminino,Preta,0.4249036894432543
CAND_00274,4.6,60.0,Mestrado,Capitais,Híbrido,Masculino,Preta,0.5993035353809931
CAND_00275,1.5,64.0,Ensino Médio,Região Metropolitana,Remoto,Não-binário,Parda,0.4350481370769439
CAND_00276,12.7,53.0,Mestrado,Interior,Presencial,Feminino,Indígena,0.5611562991286896
CAND_00277,2.6,66.0,Bacharelado,Capitais,Híbrido,Masculino,Branca,0.4861226359749375
CAND_00278,3.8,63.0,Bacharelado,Capitais,Remoto,Masculino,Preta,0.7603181981797815
CAND_00279,6.0,37.0,Ensino Médio,Região Metropolitana,Presencial,Masculino,Preta,0.399289458893642
CAND_00280,3.7,17.0,Bacharelado,Região Metropolitana,Híbrido,Feminino,Indígena,0.28351303244468795
CAND_00281,5.9,13.0,Mestrado,Capitais,Híbrido,Não-binário,Preta,0.32716237207655763
CAND_00282,0.0,59.0,Doutorado,Capitais,Remoto,Masculino,Indígena,0.39960994723947
CAND_00283,4.9,39.0,Bacharelado,Região Metropolitana,Remoto,Não-binário,Branca,0.45857787065945566
CAND_00284,2.2,46.0,Doutorado,Interior,Presencial,Não-binário,Preta,0.5607703619810125
CAND_00285,6.2,66.0,Ensino Médio,Região Metropolitana,Híbrido,Masculino,Branca,0.6087847727877264
CAND_00286,9.6,44.0,Mestrado,Região Metropolitana,Híbrido,Não-binário,Preta,0.47789188134257954
CAND_00287,10.7,45.0,Mestrado,Região Metropolitana,Híbrido,Feminino,Parda,0.5960654228039609
CAND_00288,3.6,45.0,Bacharelado,Região Metropolitana,Presencial,Feminino,Preta,0.4679999936956711
CAND_00289,0.0,38.0,Bacharelado,Capitais,Híbrido,Feminino,Amarela,0.10964470359191958
CAND_00290,6.0,43.0,Bacharelado,Região Metropolitana,Híbrido,Feminino,Preta,0.4939038049640686
CAND_00291,3.9,68.0,Mestrado,Capitais,Híbrido,Masculino,Amarela,0.40725105351092183
CAND_00292,2.2,36.0,Bacharelado,Capitais,Híbrido,Feminino,Branca,0.23941430762321786
CAND_00293,5.8,55.0,Bacharelado,Capitais,Híbrido,Feminino,Branca,0.5374240943269329
CAND_00294,5.6,62.0,Bacharelado,Região Metropolitana,Remoto,Feminino,Parda,0.3971651566096265
CAND_00295,7.1,68.0,Mestrado,Capitais,Presencial,Masculino,Parda,0.5050306100396347
CAND_00296,3.5,74.0,Mestrado,Capitais,Híbrido,Masculino,Indígena,0.773180753854586
CAND_00297,3.2,47.0,Bacharelado,Capitais,Presencial,Masculino,Indígena,0.24966690436151517
CAND_00298,3.1,59.0,Mestrado,Região Metropolitana,Presencial,Feminino,Preta,0.6364232542181337
CAND_00299,3.0,54.0,Doutorado,Interior,Híbrido,Feminino,Indígena,0.5856671833509258
CAND_00300,7.0,70.0,Bacharelado,Capitais,Remoto,Não-binário,Branca,0.6466544546904501
CAND_00301,2.6,50.0,Doutorado,Capitais,Presencial,Feminino,Indígena,0.7193464459267748
CAND_00302,0.7,72.0,Mestrado,Região Metropolitana,Híbrido,Masculino,Parda,0.4707223910715985
CAND_00303,6.5,63.0,Mestrado,Capitais,Híbrido,Feminino,Amarela,0.7069586521100628
CAND_00304,6.3,44.0,Ensino Médio,Interior,Remoto,Feminino,Parda,0.16312260942266157
CAND_00305,10.7,36.0,Mestrado,Capitais,Remoto,Não-binário,Indígena,0.6916372916282443
CAND_00306,12.4,44.0,Doutorado,Capitais,Híbrido,Masculino,Parda,0.6465847728925471
CAND_00307,9.6,45.0,Mestrado,Interior,Presencial,Não-binário,Preta,0.581222808882652
CAND_00308,7.0,32.0,Mestrado,Região Metropolitana,Presencial,Masculino,Indígena,0.43494158550920875
CAND_00309,4.9,51.0,Bacharelado,Capitais,Presencial,Masculino,Branca,0.42875427036099173
CAND_00310,2.7,49.0,Ensino Médio,Região Metropolitana,Híbrido,Feminino,Parda,0.15833233555101212
CAND_00311,11.7,28.0,Bacharelado,Capitais,Remoto,Feminino,Branca,0.621964632741318
CAND_00312,6.2,27.0,Mestrado,Região Metropolitana,Remoto,Masculino,Branca,0.439033667276019
CAND_00313,9.4,57.0,Bacharelado,Região Metropolitana,Remoto,Feminino,Branca,0.35494930761317556
CAND_00314,4.8,56.0,Bacharelado,Capitais,Híbrido,Não-binário,Preta,0.5197947479448893
CAND_00315,6.5,42.0,Bacharelado,Região Metropolitana,Híbrido,Não-binário,Amarela,0.3230948901963789
CAND_00316,5.6,37.0,Doutorado,Capitais,Híbrido,Não-binário,Amarela,0.6433935275337981
CAND_00317,3.0,62.0,Bacharelado,Capitais,Híbrido,Não-binário,Indígena,0.5438856825200828
CAND_00318,6.6,37.0,Bacharelado,Capitais,Híbrido,Feminino,Preta,0.25390598766552175
CAND_00319,11.8,61.0,Bacharelado,Região Metropolitana,Híbrido,Masculino,Parda,0.6706104054718287
CAND_00320,3.4,72.0,Bacharelado,Região Metropolitana,Presencial,Masculino,Amarela,0.4029413016076696
CAND_00321,4.4,64.0,Bacharelado,Capitais,Remoto,Feminino,Preta,0.5300902579674688
CAND_00322,0.0,31.0,Doutorado,Capitais,Híbrido,Masculino,Preta,0.4260935941042264
CAND_00323,6.8,38.0,Bacharelado,Capitais,Híbrido,Feminino,Preta,0.45130301983111265
CAND_00324,6.8,43.0,Bacharelado,Região Metropolitana,Remoto,Masculino,Parda,0.5491427821715025
CAND_00325,6.7,51.0,Bacharelado,Capitais,Presencial,Masculino,Indígena,0.7671912050659931
CAND_00326,4.2,52.0,Bacharelado,Capitais,Híbrido,Não-binário,Branca,0.4862210712613565
CAND_00327,3.8,35.0,Bacharelado,Região Metropolitana,Presencial,Masculino,Indígena,0.552494898346745
CAND_00328,5.6,65.0,Bacharelado,Capitais,Híbrido,Feminino,Indígena,0.6267040786850397
CAND_00329,6.6,59.0,Bacharelado,Região Metropolitana,Híbrido,Não-binário,Preta,0.6058511420545043
CAND_00330,5.0,48.0,Mestrado,Capitais,Híbrido,Masculino,Branca,0.5148754193776707
CAND_00331,3.6,43.0,Bacharelado,Capitais,Remoto,Masculino,Branca,0.3586699042668755
CAND_00332,0.2,55.0,Bacharelado,Capitais,Remoto,Feminino,Indígena,0.42161780569419943
CAND_00333,7.9,46.0,Bacharelado,Capitais,Presencial,Masculino,Amarela,0.5814669848937366
CAND_00334,5.4,51.0,Ensino Médio,Capitais,Híbrido,Não-binário,Amarela,0.2912112733917006
CAND_00335,0.7,53.0,Bacharelado,Região Metropolitana,Remoto,Masculino,Preta,0.3094770875698395
CAND_00336,6.9,38.0,Mestrado,Capitais,Remoto,Masculino,Indígena,0.4577199956133533
CAND_00337,7.0,82.0,Bacharelado,Capitais,Híbrido,Feminino,Branca,0.6812461379120479
CAND_00338,3.5,41.0,Doutorado,Capitais,Híbrido,Masculino,Amarela,0.6462624498539498
CAND_00339,1.9,41.0,Bacharelado,Capitais,Presencial,Não-binário,Branca,0.27048458654964413
CAND_00340,8.1,33.0,Bacharelado,Região Metropolitana,Remoto,Masculino,Indígena,0.3835440626317652
CAND_00341,3.5,47.0,Mestrado,Região Metropolitana,Remoto,Feminino,Indígena,0.35459979592683444
CAND_00342,0.0,72.0,Bacharelado,Capitais,Presencial,Masculino,Indígena,0.36406110823254556
CAND_00343,4.8,35.0,Mestrado,Capitais,Presencial,Masculino,Indígena,0.42115712758083274
CAND_00344,5.4,52.0,Bacharelado,Capitais,Híbrido,Feminino,Preta,0.52750698288128
CAND_00345,5.3,65.0,Bacharelado,Região Metropolitana,Híbrido,Feminino,Indígena,0.5255597593943027
CAND_00346,2.9,29.0,Bacharelado,Capitais,Remoto,Feminino,Amarela,0.3229329178235366
CAND_00347,5.2,53.0,Bacharelado,Capitais,Presencial,Não-binário,Indígena,0.600839111672326
CAND_00348,7.1,55.0,Ensino Médio,Capitais,Híbrido,Masculino,Parda,0.4450433029274549
CAND_00349,0.0,69.0,Mestrado,Região Metropolitana,Presencial,Masculino,Amarela,0.47238952066262774
CAND_00350,6.6,52.0,Mestrado,Capitais,Remoto,Masculino,Amarela,0.5676888951910566
CAND_00351,7.5,56.0,Bacharelado,Interior,Híbrido,Masculino,Amarela,0.5324731799477417
CAND_00352,4.0,26.0,Bacharelado,Capitais,Híbrido,Não-binário,Preta,0.33060455368687364
CAND_00353,1.0,61.0,Bacharelado,Região Metropolitana,Presencial,Feminino,Preta,0.33523248408924183
CAND_00354,7.7,74.0,Ensino Médio,Capitais,Presencial,Feminino,Indígena,0.4361947359565845
CAND_00355,8.9,65.0,Bacharelado,Região Metropolitana,Remoto,Masculino,Parda,0.6279515562797495
CAND_00356,1.6,46.0,Bacharelado,Região Metropolitana,Híbrido,Não-binário,Indígena,0.2961363423777722
CAND_00357,4.5,48.0,Mestrado,Região Metropolitana,Presencial,Feminino,Amarela,0.420009271606955
CAND_00358,2.0,50.0,Mestrado,Capitais,Remoto,Masculino,Branca,0.37584147487063335
CAND_00359,3.1,80.0,Bacharelado,Interior,Híbrido,Não-binário,Branca,0.6039002268928765
CAND_00360,4.9,73.0,Mestrado,Capitais,Presencial,Não-binário,Amarela,0.5055984987818531
CAND_00361,7.8,39.0,Bacharelado,Região Metropolitana,Híbrido,Não-binário,Indígena,0.3001923520981613
CAND_00362,6.8,37.0,Mestrado,Região Metropolitana,Híbrido,Feminino,Indígena,0.4797693927129967
CAND_00363,5.4,68.0,Ensino Médio,Capitais,Presencial,Feminino,Branca,0.42979539502661507
CAND_00364,11.6,47.0,Mestrado,Região Metropolitana,Híbrido,Não-binário,Preta,0.5997388900120618
CAND_00365,1.1,57.0,Mestrado,Região Metropolitana,Presencial,Feminino,Indígena,0.49917074503489883
CAND_00366,3.3,55.0,Bacharelado,Interior,Híbrido,Masculino,Indígena,0.516691600720962
CAND_00367,5.3,72.0,Bacharelado,Região Metropolitana,Híbrido,Masculino,Branca,0.4429167093757782
CAND_00368,4.1,34.0,Mestrado,Região Metropolitana,Remoto,Masculino,Branca,0.3288316792419969
CAND_00369,4.4,56.0,Bacharelado,Capitais,Presencial,Feminino,Preta,0.31178160071605343
CAND_00370,7.6,72.0,Mestrado,Capitais,Híbrido,Não-binário,Amarela,0.6207621212681965
CAND_00371,2.3,84.0,Mestrado,Capitais,Híbrido,Masculino,Amarela,0.6911126150883355
CAND_00372,10.3,58.0,Bacharelado,Capitais,Remoto,Feminino,Parda,0.5671265416925306
CAND_00373,2.3,39.0,Bacharelado,Interior,Remoto,Não-binário,Amarela,0.32195778653129264
CAND_00374,2.8,48.0,Bacharelado,Capitais,Remoto,Não-binário,Branca,0.25488232996116233
CAND_00375,8.4,45.0,Bacharelado,Capitais,Remoto,Não-binário,Branca,0.49950535501888027
CAND_00376,8.6,67.0,Mestrado,Capitais,Híbrido,Feminino,Indígena,0.4281975071072577
CAND_00377,4.0,58.0,Doutorado,Capitais,Remoto,Não-binário,Amarela,0.6012452670609553
CAND_00378,8.7,62.0,Bacharelado,Região Metropolitana,Remoto,Masculino,Amarela,0.8170962688141151
CAND_00379,2.3,52.0,Bacharelado,Interior,Presencial,Feminino,Branca,0.2979387096709339
CAND_00380,0.0,55.0,Bacharelado,Capitais,Remoto,Feminino,Amarela,0.3921542935975116
CAND_00381,8.0,49.0,Mestrado,Capitais,Híbrido,Feminino,Preta,0.5158930449145569
CAND_00382,0.5,48.0,Bacharelado,Capitais,Híbrido,Não-binário,Indígena,0.5511412258952866
CAND_00383,5.0,27.0,Doutorado,Capitais,Híbrido,Feminino,Parda,0.15788369394462431
CAND_00384,10.7,51.0,Mestrado,Capitais,Híbrido,Masculino,Branca,0.6445442229142511
CAND_00385,2.2,62.0,Mestrado,Região Metropolitana,Híbrido,Feminino,Preta,0.42937781185793866
CAND_00386,1.1,60.0,Ensino Médio,Região Metropolitana,Remoto,Masculino,Branca,0.4819085461698023
CAND_00387,2.1,53.0,Bacharelado,Região Metropolitana,Presencial,Masculino,Indígena,0.25295452617532094
CAND_00388,1.3,50.0,Ensino Médio,Capitais,Presencial,Feminino,Parda,0.33258356439761816
CAND_00389,1.7,42.0,Ensino Médio,Capitais,Remoto,Masculino,Amarela,0.4850156143240847
CAND_00390,0.4,46.0,Mestrado,Capitais,Presencial,Não-binário,Branca,0.31028456140655813
CAND_00391,7.9,67.0,Ensino Médio,Região Metropolitana,Híbrido,Feminino,Parda,0.6179516092413747
CAND_00392,0.0,59.0,Mestrado,Interior,Remoto,Não-binário,Amarela,0.4236963505394891
CAND_00393,7.0,50.0,Bacharelado,Capitais,Presencial,Não-binário,Parda,0.3278523356669847
CAND_00394,0.1,65.0,Ensino Médio,Região Metropolitana,Remoto,Não-binário,Branca,0.20180316601521872
CAND_00395,5.5,73.0,Doutorado,Interior,Remoto,Não-binário,Parda,0.6401304938842478
CAND_00396,7.7,60.0,Bacharelado,Capitais,Presencial,Feminino,Preta,0.6178569134198038
CAND_00397,4.9,60.0,Bacharelado,Capitais,Remoto,Feminino,Preta,0.6435174019398127
CAND_00398,1.4,39.0,Bacharelado,Região Metropolitana,Híbrido,Masculino,Preta,0.43393434823876625
CAND_00399,4.9,61.0,Mestrado,Interior,Híbrido,Masculino,Preta,0.523863988560529
CAND_00400,3.4,50.0,Bacharelado,Região Metropolitana,Presencial,Não-binário,Amarela,0.346623950923605
CAND_00401,4.4,49.0,Mestrado,Capitais,Híbrido,Não-binário,Preta,0.4839825775052012
CAND_00402,1.1,64.0,Ensino Médio,Capitais,Remoto,Não-binário,Indígena,0.32067682332434755
CAND_00403,6.1,47.0,Ensino Médio,Região Metropolitana,Remoto,Não-binário,Indígena,0.13659838589358003
CAND_00404,4.2,36.0,Bacharelado,Região Metropolitana,Híbrido,Não-binário,Parda,0.36329734877932435
CAND_00405,7.3,67.0,Bacharelado,Capitais,Híbrido,Feminino,Branca,0.5662261442442917
CAND_00406,8.1,53.0,Ensino Médio,Capitais,Remoto,Não-binário,Parda,0.38724204257581585
CAND_00407,6.0,39.0,Bacharelado,Capitais,Remoto,Não-binário,Preta,0.22025813119216162
CAND_00408,4.0,51.0,Bacharelado,Região Metropolitana,Presencial,Feminino,Branca,0.4381085922188946
CAND_00409,2.7,56.0,Bacharelado,Capitais,Presencial,Feminino,Amarela,0.43746152468901245
CAND_00410,2.4,37.0,Bacharelado,Região Metropolitana,Remoto,Masculino,Preta,0.2596078918372564
CAND_00411,6.0,47.0,Bacharelado,Capitais,Remoto,Feminino,Preta,0.6540398739053803
CAND_00412,6.6,50.0,Mestrado,Interior,Presencial,Masculino,Parda,0.5282283478773343
CAND_00413,4.6,20.0,Bacharelado,Região Metropolitana,Presencial,Masculino,Parda,0.23610761468180985
CAND_00414,5.0,76.0,Mestrado,Capitais,Remoto,Não-binário,Parda,0.7203843188655196
CAND_00415,0.8,75.0,Bacharelado,Capitais,Presencial,Não-binário,Amarela,0.36704356062092414
CAND_00416,5.4,52.0,Bacharelado,Região Metropolitana,Híbrido,Não-binário,Preta,0.5603597251867402
CAND_00417,3.6,54.0,Mestrado,Região Metropolitana,Presencial,Feminino,Indígena,0.5584211980821059
CAND_00418,8.5,54.0,Bacharelado,Região Metropolitana,Presencial,Não-binário,Parda,0.4220769773086917
CAND_00419,6.0,36.0,Bacharelado,Região Metropolitana,Presencial,Feminino,Branca,0.5526641461782926
CAND_00420,4.1,58.0,Bacharelado,Capitais,Presencial,Masculino,Preta,0.43496464333745133
CAND_00421,6.2,38.0,Bacharelado,Capitais,Remoto,Feminino,Preta,0.3753995143998061
CAND_00422,10.6,22.0,Bacharelado,Capitais,Remoto,Não-binário,Indígena,0.37719844554894755
CAND_00423,7.6,49.0,Ensino Médio,Capitais,Presencial,Não-binário,Parda,0.3222677575698405
CAND_00424,3.3,48.0,Mestrado,Região Metropolitana,Presencial,Feminino,Amarela,0.49631660047358206
CAND_00425,6.5,75.0,Ensino Médio,Capitais,Remoto,Feminino,Indígena,0.5536668778713006
CAND_00426,13.7,40.0,Bacharelado,Capitais,Presencial,Não-binário,Parda,0.4841642078572609
CAND_00427,7.6,47.0,Mestrado,Capitais,Híbrido,Masculino,Branca,0.5085383180239941
CAND_00428,4.6,45.0,Ensino Médio,Região Metropolitana,Remoto,Masculino,Branca,0.20574428473660378
CAND_00429,8.7,41.0,Bacharelado,Região Metropolitana,Presencial,Masculino,Branca,0.5864874920940554
CAND_00430,0.0,37.0,Bacharelado,Capitais,Presencial,Feminino,Preta,0.22979224966057035
CAND_00431,1.8,40.0,Mestrado,Capitais,Híbrido,Feminino,Preta,0.32559444321193864
CAND_00432,0.0,54.0,Bacharelado,Região Metropolitana,Híbrido,Masculino,Branca,0.4124108702491612
CAND_00433,0.3,38.0,Bacharelado,Capitais,Híbrido,Não-binário,Preta,0.21221495514293548
CAND_00434,5.0,84.0,Bacharelado,Capitais,Remoto,Não-binário,Indígena,0.6810213421112847
CAND_00435,0.9,48.0,Bacharelado,Capitais,Híbrido,Feminino,Amarela,0.3840732469653997
CAND_00436,2.0,86.0,Doutorado,Capitais,Híbrido,Masculino,Parda,0.6153856244358982
CAND_00437,0.0,41.0,Mestrado,Capitais,Presencial,Masculino,Amarela,0.16900923490470862
CAND_00438,6.4,23.0,Mestrado,Capitais,Remoto,Não-binário,Preta,0.6940624778136071
CAND_00439,1.3,58.0,Bacharelado,Capitais,Presencial,Masculino,Indígena,0.15517855135913827
CAND_00440,7.6,41.0,Mestrado,Região Metropolitana,Remoto,Feminino,Parda,0.39117139630275
CAND_00441,4.6,37.0,Bacharelado,Região Metropolitana,Híbrido,Não-binário,Parda,0.4302850858896722
CAND_00442,9.2,25.0,Bacharelado,Capitais,Presencial,Feminino,Preta,0.40460085942858326
CAND_00443,3.9,45.0,Bacharelado,Capitais,Híbrido,Masculino,Parda,0.6075088727528921
CAND_00444,7.6,69.0,Bacharelado,Capitais,Remoto,Feminino,Indígena,0.6352345767653571
CAND_00445,5.6,53.0,Bacharelado,Capitais,Híbrido,Masculino,Branca,0.3777203137807057
CAND_00446,6.8,48.0,Bacharelado,Interior,Híbrido,Masculino,Parda,0.6597903098823125
CAND_00447,7.8,46.0,Bacharelado,Região Metropolitana,Remoto,Não-binário,Amarela,0.5367243777100562
CAND_00448,5.6,72.0,Bacharelado,Capitais,Remoto,Feminino,Preta,0.5851885936908778
CAND_00449,6.1,47.0,Bacharelado,Região Metropolitana,Remoto,Feminino,Amarela,0.4981233920627401
CAND_00450,6.7,36.0,Mestrado,Capitais,Remoto,Masculino,Branca,0.6484491782162606
CAND_00451,0.2,46.0,Bacharelado,Região Metropolitana,Híbrido,Não-binário,Amarela,0.36897103679582655
CAND_00452,6.1,52.0,Ensino Médio,Região Metropolitana,Híbrido,Masculino,Parda,0.3725592857592521
CAND_00453,7.5,42.0,Mestrado,Região Metropolitana,Presencial,Feminino,Branca,0.5074956227264651
CAND_00454,4.8,17.0,Bacharelado,Região Metropolitana,Remoto,Não-binário,Indígena,0.21921222086610304
CAND_00455,0.9,45.0,Bacharelado,Região Metropolitana,Híbrido,Não-binário,Preta,0.4431697257469065
CAND_00456,6.5,60.0,Bacharelado,Capitais,Híbrido,Não-binário,Parda,0.3261059046420306
CAND_00457,0.8,42.0,Bacharelado,Capitais,Híbrido,Feminino,Branca,0.46283796473575667
CAND_00458,0.0,42.0,Ensino Médio,Região Metropolitana,Presencial,Não-binário,Amarela,0.15947979403850562
CAND_00459,8.5,63.0,Bacharelado,Capitais,Remoto,Não-binário,Branca,0.5323497066843074
CAND_00460,6.6,61.0,Mestrado,Capitais,Remoto,Não-binário,Parda,0.4865449145737549
CAND_00461,2.6,45.0,Mestrado,Capitais,Híbrido,Feminino,Preta,0.3320513188193453
CAND_00462,6.3,43.0,Mestrado,Região Metropolitana,Presencial,Feminino,Branca,0.5383072360646581
CAND_00463,4.4,27.0,Mestrado,Capitais,Híbrido,Não-binário,Preta,0.47018873051733034
CAND_00464,7.4,53.0,Doutorado,Região Metropolitana,Remoto,Feminino,Indígena,0.6620876183119252
CAND_00465,14.2,45.0,Ensino Médio,Região Metropolitana,Remoto,Feminino,Indígena,0.3598578589320805
CAND_00466,2.3,77.0,Bacharelado,Capitais,Híbrido,Masculino,Branca,0.5695148652422245
CAND_00467,3.9,60.0,Mestrado,Região Metropolitana,Presencial,Feminino,Indígena,0.4201722027108285
CAND_00468,1.5,67.0,Mestrado,Capitais,Presencial,Feminino,Amarela,0.6315159031324268
CAND_00469,8.1,36.0,Ensino Médio,Capitais,Híbrido,Não-binário,Preta,0.5451129623400631
CAND_00470,4.3,56.0,Bacharelado,Capitais,Presencial,Feminino,Parda,0.3785868161744551
CAND_00471,4.3,51.0,Bacharelado,Região Metropolitana,Híbrido,Não-binário,Indígena,0.19401135056788685
CAND_00472,3.7,42.0,Mestrado,Capitais,Presencial,Feminino,Preta,0.42825847728123945
CAND_00473,3.2,44.0,Bacharelado,Capitais,Remoto,Não-binário,Amarela,0.35947421843752403
CAND_00474,3.4,20.0,Mestrado,Capitais,Presencial,Masculino,Indígena,0.40822491527932614
CAND_00475,3.8,68.0,Bacharelado,Região Metropolitana,Remoto,Masculino,Parda,0.5284643773474001
CAND_00476,7.4,25.0,Bacharelado,Capitais,Presencial,Feminino,Amarela,0.4636794333499617
CAND_00477,7.8,51.0,Doutorado,Capitais,Híbrido,Feminino,Parda,0.5702496544122349
CAND_00478,5.5,60.0,Mestrado,Capitais,Presencial,Não-binário,Indígena,0.6880995849192026
CAND_00479,9.3,69.0,Mestrado,Região Metropolitana,Presencial,Masculino,Indígena,0.7189628964050713
CAND_00480,6.9,75.0,Doutorado,Capitais,Híbrido,Masculino,Indígena,0.5952719556504663
CAND_00481,3.1,60.0,Bacharelado,Capitais,Remoto,Não-binário,Indígena,0.5419244570063495
CAND_00482,7.6,55.0,Mestrado,Região Metropolitana,Híbrido,Não-binário,Amarela,0.6357780276319295
CAND_00483,7.8,73.0,Mestrado,Região Metropolitana,Híbrido,Feminino,Amarela,0.5410082412134154
CAND_00484,5.5,44.0,Ensino Médio,Capitais,Presencial,Não-binário,Amarela,0.25650520693814766
CAND_00485,4.2,41.0,Ensino Médio,Interior,Presencial,Masculino,Indígena,0.2975966284937423
CAND_00486,1.0,51.0,Mestrado,Capitais,Presencial,Feminino,Preta,0.4274332782548155
CAND_00487,3.6,38.0,Bacharelado,Capitais,Híbrido,Feminino,Parda,0.2551656000514928
CAND_00488,0.0,39.0,Bacharelado,Capitais,Híbrido,Feminino,Parda,0.3548569754045193
CAND_00489,3.9,57.0,Mestrado,Capitais,Híbrido,Feminino,Indígena,0.615723165258403
CAND_00490,5.1,49.0,Mestrado,Interior,Híbrido,Masculino,Indígena,0.3672812104441066
CAND_00491,8.3,41.0,Bacharelado,Capitais,Presencial,Não-binário,Branca,0.41104199319006307
CAND_00492,3.4,51.0,Bacharelado,Região Metropolitana,Híbrido,Não-binário,Preta,0.5122127116687053
CAND_00493,5.8,56.0,Doutorado,Capitais,Híbrido,Não-binário,Preta,0.6569943597038389
CAND_00494,8.4,42.0,Bacharelado,Capitais,Presencial,Feminino,Indígena,0.5495987949001802
CAND_00495,1.6,58.0,Bacharelado,Capitais,Remoto,Não-binário,Indígena,0.4031801825956359
CAND_00496,6.7,48.0,Bacharelado,Capitais,Remoto,Masculino,Preta,0.5104068311260727
CAND_00497,0.0,61.0,Bacharelado,Capitais,Presencial,Feminino,Branca,0.519960899266263
CAND_00498,2.1,53.0,Bacharelado,Capitais,Presencial,Feminino,Amarela,0.5286205320431852
CAND_00499,2.4,22.0,Mestrado,Região Metropolitana,Presencial,Feminino,Preta,0.29251490814034486
CAND_00500,2.9,59.0,Bacharelado,Região Metropolitana,Híbrido,Não-binário,Amarela,0.45346935183520437
CAND_00501,2.9,59.0,Bacharelado,Capitais,Presencial,Não-binário,Amarela,0.5236445480632986
CAND_00502,6.0,33.0,Bacharelado,Capitais,Híbrido,Feminino,Branca,0.4483805960551199
CAND_00503,4.4,44.0,Mestrado,Capitais,Remoto,Masculino,Amarela,0.4611444253258647
CAND_00504,1.9,43.0,Bacharelado,Capitais,Híbrido,Feminino,Amarela,0.43648686241094936
CAND_00505,0.4,40.0,Bacharelado,Região Metropolitana,Híbrido,Feminino,Branca,0.2894332682574308
CAND_00506,7.0,29.0,Mestrado,Capitais,Presencial,Feminino,Indígena,0.5047789430710089
CAND_00507,7.9,61.0,Mestrado,Região Metropolitana,Remoto,Feminino,Amarela,0.6125586458670209
CAND_00508,5.0,58.0,Mestrado,Região Metropolitana,Presencial,Feminino,Indígena,0.45633931500299607
CAND_00509,0.0,63.0,Ensino Médio,Capitais,Híbrido,Não-binário,Amarela,0.22535111487780973
CAND_00510,3.5,48.0,Bacharelado,Região Metropolitana,Híbrido,Feminino,Preta,0.6231484591590714
CAND_00511,3.0,68.0,Bacharelado,Região Metropolitana,Presencial,Não-binário,Amarela,0.35921651427963314
CAND_00512,3.4,28.0,Ensino Médio,Interior,Híbrido,Feminino,Branca,0.2876272800117913
CAND_00513,8.9,56.0,Mestrado,Capitais,Híbrido,Feminino,Preta,0.6175269968885647
CAND_00514,7.0,65.0,Mestrado,Capitais,Remoto,Não-binário,Amarela,0.6115201013491504
CAND_00515,7.4,36.0,Bacharelado,Região Metropolitana,Híbrido,Masculino,Branca,0.5302357048824077
CAND_00516,8.2,44.0,Mestrado,Capitais,Híbrido,Masculino,Preta,0.5023052849224412
CAND_00517,3.8,30.0,Bacharelado,Capitais,Híbrido,Masculino,Amarela,0.31627430658476663
CAND_00518,4.0,62.0,Bacharelado,Capitais,Híbrido,Feminino,Amarela,0.4873719639134052
CAND_00519,5.3,37.0,Bacharelado,Região Metropolitana,Remoto,Masculino,Branca,0.23675408759307606
CAND_00520,3.3,50.0,Bacharelado,Região Metropolitana,Híbrido,Feminino,Preta,0.3169350520990652
CAND_00521,3.2,43.0,Mestrado,Capitais,Híbrido,Não-binário,Branca,0.5601739571557856
CAND_00522,7.5,36.0,Bacharelado,Capitais,Híbrido,Não-binário,Indígena,0.391087948972804
CAND_00523,6.7,45.0,Bacharelado,Região Metropolitana,Remoto,Não-binário,Branca,0.269366966901491
CAND_00524,0.0,55.0,Bacharelado,Interior,Presencial,Masculino,Indígena,0.2136386485582644
CAND_00525,4.4,51.0,Bacharelado,Região Metropolitana,Remoto,Não-binário,Indígena,0.3569486830740178
CAND_00526,8.5,30.0,Mestrado,Capitais,Híbrido,Feminino,Indígena,0.435639494133651
CAND_00527,7.3,56.0,Bacharelado,Região Metropolitana,Presencial,Masculino,Branca,0.47151475429174633
CAND_00528,5.3,55.0,Bacharelado,Capitais,Remoto,Masculino,Branca,0.6141940128295201
CAND_00529,9.6,66.0,Bacharelado,Região Metropolitana,Híbrido,Masculino,Indígena,0.6336396759321804
CAND_00530,3.8,33.0,Bacharelado,Capitais,Presencial,Feminino,Parda,0.47541565142303543
CAND_00531,4.3,66.0,Doutorado,Região Metropolitana,Híbrido,Feminino,Indígena,0.631166442687171
CAND_00532,0.0,38.0,Mestrado,Capitais,Híbrido,Masculino,Amarela,0.3947002708282198
CAND_00533,5.0,28.0,Bacharelado,Capitais,Presencial,Não-binário,Amarela,0.3305849540428045
CAND_00534,10.6,59.0,Bacharelado,Região Metropolitana,Híbrido,Não-binário,Branca,0.7127487081156361
CAND_00535,5.0,59.0,Bacharelado,Região Metropolitana,Híbrido,Feminino,Indígena,0.37988906155654034
CAND_00536,5.6,63.0,Bacharelado,Capitais,Remoto,Não-binário,Branca,0.49668642488843306
CAND_00537,4.5,38.0,Mestrado,Capitais,Híbrido,Feminino,Amarela,0.3093435273832128
CAND_00538,6.4,38.0,Bacharelado,Interior,Híbrido,Não-binário,Branca,0.4859901765519993
CAND_00539,3.0,42.0,Bacharelado,Capitais,Remoto,Masculino,Parda,0.5317027595764896
CAND_00540,10.3,48.0,Bacharelado,Capitais,Presencial,Masculino,Amarela,0.5943530578428391
CAND_00541,8.3,63.0,Bacharelado,Capitais,Híbrido,Masculino,Branca,0.31545509966786434
CAND_00542,7.1,35.0,Bacharelado,Região Metropolitana,Híbrido,Masculino,Parda,0.6580547130024453
CAND_00543,8.5,56.0,Ensino Médio,Capitais,Híbrido,Feminino,Indígena,0.4675561405618253
CAND_00544,4.9,54.0,Doutorado,Capitais,Remoto,Feminino,Amarela,0.6308388338391071
CAND_00545,3.0,43.0,Bacharelado,Capitais,Presencial,Masculino,Indígena,0.3883520956318267
CAND_00546,6.1,62.0,Bacharelado,Capitais,Presencial,Masculino,Branca,0.45967557069436865
CAND_00547,8.6,68.0,Bacharelado,Capitais,Híbrido,Feminino,Parda,0.4735569047486013
CAND_00548,4.2,67.0,Mestrado,Capitais,Híbrido,Masculino,Parda,0.6072169419679193
CAND_00549,4.1,48.0,Ensino Médio,Capitais,Presencial,Feminino,Branca,0.4694330608819422
CAND_00550,5.4,57.0,Mestrado,Região Metropolitana,Híbrido,Feminino,Branca,0.46915433625590497
CAND_00551,0.0,46.0,Bacharelado,Capitais,Presencial,Não-binário,Preta,0.19401210857997306
CAND_00552,1.9,45.0,Doutorado,Capitais,Híbrido,Masculino,Amarela,0.4378723511566233
CAND_00553,3.3,46.0,Bacharelado,Capitais,Remoto,Feminino,Parda,0.5763654508409085
CAND_00554,8.5,34.0,Bacharelado,Região Metropolitana,Presencial,Feminino,Parda,0.5380255885200933
CAND_00555,6.2,32.0,Bacharelado,Região Metropolitana,Remoto,Não-binário,Indígena,0.3887176303162677
CAND_00556,1.9,36.0,Bacharelado,Capitais,Remoto,Masculino,Branca,0.21744193283793412
CAND_00557,6.0,57.0,Bacharelado,Capitais,Híbrido,Feminino,Parda,0.528523725465783
CAND_00558,5.3,63.0,Mestrado,Região Metropolitana,Híbrido,Masculino,Parda,0.6895756168078586
CAND_00559,3.5,26.0,Bacharelado,Região Metropolitana,Remoto,Feminino,Parda,0.34161231998976804
CAND_00560,3.2,39.0,Bacharelado,Capitais,Presencial,Não-binário,Branca,0.3944567122788119
CAND_00561,12.1,27.0,Bacharelado,Capitais,Remoto,Feminino,Indígena,0.5771292290410568
CAND_00562,0.0,48.0,Ensino Médio,Interior,Híbrido,Feminino,Preta,0.29328221642813446
CAND_00563,3.3,51.0,Bacharelado,Região Metropolitana,Remoto,Masculino,Indígena,0.3708070909583391
CAND_00564,7.4,49.0,Mestrado,Capitais,Híbrido,Masculino,Branca,0.584231145699703
CAND_00565,2.4,72.0,Bacharelado,Capitais,Híbrido,Masculino,Preta,0.549702619075596
CAND_00566,3.4,32.0,Bacharelado,Região Metropolitana,Remoto,Feminino,Branca,0.3985252188828175
CAND_00567,1.4,28.0,Bacharelado,Capitais,Híbrido,Feminino,Indígena,0.18186901826475665
CAND_00568,5.8,37.0,Bacharelado,Capitais,Híbrido,Masculino,Branca,0.4299430372777571
CAND_00569,6.1,44.0,Mestrado,Capitais,Híbrido,Não-binário,Parda,0.3137082937740299
CAND_00570,1.8,71.0,Bacharelado,Capitais,Híbrido,Masculino,Parda,0.48448008145149446
CAND_00571,9.3,58.0,Bacharelado,Capitais,Remoto,Não-binário,Parda,0.5661164942195511
CAND_00572,2.1,48.0,Mestrado,Região Metropolitana,Remoto,Masculino,Amarela,0.47384465153854194
CAND_00573,6.4,66.0,Bacharelado,Interior,Remoto,Masculino,Indígena,0.4895641163969163
CAND_00574,1.2,48.0,Bacharelado,Interior,Remoto,Feminino,Branca,0.41988711795700345
CAND_00575,6.7,43.0,Bacharelado,Capitais,Remoto,Masculino,Branca,0.550879139364554
CAND_00576,6.5,52.0,Bacharelado,Capitais,Híbrido,Não-binário,Preta,0.4682078777152952
CAND_00577,2.8,32.0,Mestrado,Interior,Presencial,Feminino,Indígena,0.2344052402237132
CAND_00578,6.1,36.0,Bacharelado,Capitais,Híbrido,Não-binário,Indígena,0.4611479625269549
CAND_00579,6.0,74.0,Bacharelado,Capitais,Presencial,Feminino,Branca,0.5191686732076047
CAND_00580,4.3,57.0,Mestrado,Região Metropolitana,Híbrido,Não-binário,Indígena,0.5449522718645505
CAND_00581,7.5,60.0,Mestrado,Capitais,Remoto,Masculino,Indígena,0.5928741330913673
CAND_00582,2.3,44.0,Bacharelado,Capitais,Presencial,Masculino,Amarela,0.20502048474304652
CAND_00583,8.7,47.0,Bacharelado,Capitais,Presencial,Não-binário,Amarela,0.5363722099946636
CAND_00584,6.6,71.0,Bacharelado,Região Metropolitana,Presencial,Não-binário,Parda,0.6549906278696699
CAND_00585,1.2,36.0,Bacharelado,Capitais,Remoto,Feminino,Preta,0.26431037267861907
CAND_00586,6.7,54.0,Bacharelado,Região Metropolitana,Presencial,Não-binário,Branca,0.2915098730991482
CAND_00587,4.4,66.0,Bacharelado,Capitais,Híbrido,Masculino,Branca,0.5428652410851792
CAND_00588,3.2,35.0,Bacharelado,Capitais,Presencial,Não-binário,Indígena,0.3289137007087098
CAND_00589,7.3,38.0,Mestrado,Capitais,Híbrido,Não-binário,Parda,0.6800403402735635
CAND_00590,8.1,39.0,Bacharelado,Capitais,Presencial,Feminino,Branca,0.34786639799830976
CAND_00591,0.0,49.0,Ensino Médio,Região Metropolitana,Híbrido,Feminino,Amarela,0.5000904102815212
CAND_00592,4.8,48.0,Bacharelado,Capitais,Remoto,Masculino,Parda,0.5278972064054981
CAND_00593,4.6,40.0,Bacharelado,Região Metropolitana,Remoto,Masculino,Branca,0.40191608050451105
CAND_00594,3.4,53.0,Bacharelado,Capitais,Híbrido,Não-binário,Amarela,0.3564658770813319
CAND_00595,5.6,44.0,Mestrado,Interior,Híbrido,Masculino,Indígena,0.4112698773783432
CAND_00596,8.1,45.0,Bacharelado,Capitais,Híbrido,Feminino,Indígena,0.482879102536156
CAND_00597,1.1,67.0,Mestrado,Capitais,Híbrido,Masculino,Amarela,0.6087230910983067
CAND_00598,2.8,52.0,Mestrado,Região Metropolitana,Híbrido,Masculino,Branca,0.34330594731573616
CAND_00599,2.8,58.0,Bacharelado,Capitais,Híbrido,Não-binário,Preta,0.42305394626101656
CAND_00600,6.7,53.0,Mestrado,Região Metropolitana,Presencial,Feminino,Amarela,0.4659222888297921
CAND_00601,3.3,40.0,Bacharelado,Capitais,Híbrido,Feminino,Amarela,0.3379567389820508
CAND_00602,7.3,50.0,Bacharelado,Região Metropolitana,Presencial,Feminino,Parda,0.5718580513793037
CAND_00603,7.8,39.0,Bacharelado,Região Metropolitana,Remoto,Masculino,Indígena,0.4549351108559133
CAND_00604,4.4,50.0,Mestrado,Região Metropolitana,Remoto,Não-binário,Indígena,0.534789741802263
CAND_00605,5.6,65.0,Bacharelado,Região Metropolitana,Remoto,Não-binário,Branca,0.5179238420796951
CAND_00606,4.6,32.0,Ensino Médio,Capitais,Presencial,Não-binário,Preta,0.1613470707059762
CAND_00607,11.1,41.0,Mestrado,Capitais,Híbrido,Não-binário,Parda,0.3389782144164808
CAND_00608,2.1,62.0,Bacharelado,Capitais,Remoto,Feminino,Branca,0.3690562805991108
CAND_00609,0.5,45.0,Mestrado,Capitais,Presencial,Feminino,Preta,0.5243265901408858
CAND_00610,0.0,35.0,Bacharelado,Capitais,Remoto,Masculino,Parda,0.41339876201219483
CAND_00611,5.6,29.0,Bacharelado,Capitais,Presencial,Feminino,Preta,0.3277168468654959
CAND_00612,5.7,44.0,Bacharelado,Capitais,Presencial,Feminino,Parda,0.5082442152749219
CAND_00613,1.6,51.0,Ensino Médio,Capitais,Híbrido,Masculino,Preta,0.41687742449153864
CAND_00614,2.7,61.0,Bacharelado,Interior,Híbrido,Não-binário,Parda,0.5583849672920111
CAND_00615,8.0,66.0,Mestrado,Região Metropolitana,Presencial,Masculino,Amarela,0.6453887059530101
CAND_00616,7.5,45.0,Bacharelado,Região Metropolitana,Híbrido,Não-binário,Indígena,0.3974237486384735
CAND_00617,4.3,57.0,Bacharelado,Região Metropolitana,Híbrido,Não-binário,Amarela,0.6843859443015435
CAND_00618,3.6,55.0,Bacharelado,Região Metropolitana,Remoto,Masculino,Preta,0.49831581592547586
CAND_00619,3.5,50.0,Mestrado,Interior,Remoto,Masculino,Indígena,0.472679162502113
CAND_00620,6.1,72.0,Bacharelado,Capitais,Remoto,Masculino,Amarela,0.5642133615187602
CAND_00621,6.1,3.0,Bacharelado,Interior,Presencial,Masculino,Indígena,0.28915749363234383
CAND_00622,7.4,21.0,Doutorado,Capitais,Híbrido,Feminino,Indígena,0.5762805653554877
CAND_00623,7.0,45.0,Mestrado,Capitais,Híbrido,Feminino,Preta,0.44870184115454037
CAND_00624,2.7,56.0,Bacharelado,Região Metropolitana,Híbrido,Não-binário,Branca,0.5280830108050113
CAND_00625,5.3,78.0,Mestrado,Capitais,Remoto,Feminino,Preta,0.5863438588974785
CAND_00626,6.4,50.0,Bacharelado,Capitais,Remoto,Feminino,Branca,0.4187666719873205
CAND_00627,3.4,56.0,Bacharelado,Região Metropolitana,Híbrido,Não-binário,Parda,0.49326686381679646
CAND_00628,5.0,50.0,Bacharelado,Capitais,Presencial,Não-binário,Amarela,0.6377251184115664
CAND_00629,3.0,63.0,Ensino Médio,Capitais,Híbrido,Masculino,Parda,0.5204888976951565
CAND_00630,2.4,39.0,Bacharelado,Capitais,Remoto,Masculino,Parda,0.32204104116702553
CAND_00631,1.3,49.0,Bacharelado,Capitais,Remoto,Feminino,Parda,0.6247045068762898
CAND_00632,1.5,32.0,Mestrado,Região Metropolitana,Presencial,Feminino,Parda,0.4322391633985752
CAND_00633,3.8,41.0,Bacharelado,Capitais,Remoto,Não-binário,Parda,0.4799624601918383
CAND_00634,3.1,34.0,Ensino Médio,Capitais,Presencial,Feminino,Preta,0.2829307166662967
CAND_00635,7.7,41.0,Bacharelado,Capitais,Remoto,Feminino,Indígena,0.3988453857050306
CAND_00636,2.8,46.0,Bacharelado,Região Metropolitana,Híbrido,Feminino,Parda,0.34457956096641745
CAND_00637,4.5,54.0,Mestrado,Capitais,Presencial,Feminino,Amarela,0.5635223414612714
CAND_00638,5.6,80.0,Mestrado,Interior,Remoto,Feminino,Amarela,0.7657278660336878
CAND_00639,2.5,65.0,Bacharelado,Capitais,Remoto,Não-binário,Preta,0.47748639332996873
CAND_00640,3.9,57.0,Mestrado,Capitais,Remoto,Masculino,Preta,0.5361646709924461
CAND_00641,0.0,21.0,Mestrado,Capitais,Híbrido,Feminino,Parda,0.38677505612413515
CAND_00642,8.2,35.0,Ensino Médio,Capitais,Presencial,Não-binário,Preta,0.17254971040065611
CAND_00643,5.9,51.0,Bacharelado,Capitais,Híbrido,Masculino,Parda,0.22901280633050924
CAND_00644,13.4,68.0,Bacharelado,Capitais,Remoto,Masculino,Indígena,0.6668924478387767
CAND_00645,4.6,47.0,Bacharelado,Região Metropolitana,Remoto,Masculino,Parda,0.24247550770131235
CAND_00646,6.9,57.0,Bacharelado,Capitais,Híbrido,Masculino,Amarela,0.4030556860259443
CAND_00647,7.9,30.0,Bacharelado,Capitais,Híbrido,Masculino,Amarela,0.43289554681004117
CAND_00648,5.5,37.0,Ensino Médio,Região Metropolitana,Remoto,Feminino,Branca,0.26555303239982087
CAND_00649,0.5,46.0,Bacharelado,Região Metropolitana,Remoto,Masculino,Amarela,0.2455224112401564
CAND_00650,11.4,20.0,Doutorado,Interior,Híbrido,Feminino,Parda,0.677921714203618
CAND_00651,4.4,59.0,Mestrado,Região Metropolitana,Presencial,Masculino,Amarela,0.5549361932267253
CAND_00652,3.9,64.0,Mestrado,Interior,Híbrido,Masculino,Preta,0.32843876934667815
CAND_00653,5.4,61.0,Bacharelado,Capitais,Presencial,Não-binário,Branca,0.6088981257306689
CAND_00654,10.0,26.0,Ensino Médio,Capitais,Presencial,Não-binário,Parda,0.40883718433418204
CAND_00655,7.6,48.0,Mestrado,Capitais,Presencial,Não-binário,Parda,0.637929631759493
CAND_00656,7.7,37.0,Bacharelado,Região Metropolitana,Presencial,Não-binário,Amarela,0.31733294151976665
CAND_00657,4.4,40.0,Ensino Médio,Região Metropolitana,Presencial,Não-binário,Preta,0.36906269467879504
CAND_00658,9.5,10.0,Bacharelado,Capitais,Remoto,Feminino,Parda,0.36939527061606836
CAND_00659,4.3,60.0,Bacharelado,Interior,Híbrido,Masculino,Preta,0.5301927791905724
CAND_00660,0.9,68.0,Bacharelado,Interior,Presencial,Masculino,Amarela,0.4302376349468097
CAND_00661,4.8,13.0,Bacharelado,Capitais,Remoto,Feminino,Branca,0.1706748609399394
CAND_00662,5.0,33.0,Bacharelado,Capitais,Híbrido,Não-binário,Amarela,0.35252994365485796
CAND_00663,2.1,55.0,Mestrado,Capitais,Híbrido,Não-binário,Branca,0.4842664495918429
CAND_00664,3.2,48.0,Mestrado,Interior,Presencial,Feminino,Preta,0.2502509036971864
CAND_00665,2.9,50.0,Bacharelado,Região Metropolitana,Híbrido,Feminino,Preta,0.24552556293120426
CAND_00666,8.8,42.0,Doutorado,Capitais,Presencial,Masculino,Parda,0.5616342892697157
CAND_00667,3.7,59.0,Bacharelado,Capitais,Presencial,Feminino,Parda,0.5406509427504095
CAND_00668,6.9,31.0,Mestrado,Capitais,Híbrido,Masculino,Parda,0.4212095852256107
CAND_00669,7.2,61.0,Bacharelado,Capitais,Híbrido,Feminino,Preta,0.34057132232977166
CAND_00670,7.7,50.0,Bacharelado,Região Metropolitana,Presencial,Não-binário,Preta,0.47649575930554944
CAND_00671,7.0,48.0,Bacharelado,Capitais,Presencial,Feminino,Parda,0.4662512058254043
CAND_00672,5.9,76.0,Bacharelado,Capitais,Híbrido,Feminino,Preta,0.4983749601066275
CAND_00673,0.0,51.0,Mestrado,Região Metropolitana,Presencial,Não-binário,Preta,0.38622342813619387
CAND_00674,0.0,50.0,Mestrado,Capitais,Remoto,Não-binário,Branca,0.37458951644239735
CAND_00675,2.4,43.0,Mestrado,Interior,Híbrido,Masculino,Amarela,0.3928096422717745
CAND_00676,3.2,44.0,Ensino Médio,Interior,Presencial,Não-binário,Branca,0.3607695221177636
CAND_00677,3.0,73.0,Ensino Médio,Interior,Remoto,Não-binário,Parda,0.37021044698566924
CAND_00678,5.5,70.0,Mestrado,Capitais,Remoto,Não-binário,Parda,0.41502987149029363
CAND_00679,5.4,47.0,Bacharelado,Capitais,Híbrido,Não-binário,Indígena,0.20496629435972738
CAND_00680,0.5,82.0,Bacharelado,Interior,Remoto,Feminino,Amarela,0.5616852046437456
CAND_00681,7.5,42.0,Bacharelado,Interior,Remoto,Feminino,Branca,0.35582610142786375
CAND_00682,5.9,58.0,Mestrado,Capitais,Presencial,Feminino,Branca,0.5829391959776752
CAND_00683,4.1,56.0,Bacharelado,Capitais,Remoto,Feminino,Amarela,0.5433948560217358
CAND_00684,5.0,40.0,Bacharelado,Capitais,Híbrido,Masculino,Preta,0.36340270500025773
CAND_00685,8.5,56.0,Bacharelado,Interior,Híbrido,Masculino,Branca,0.6783380822469526
CAND_00686,5.3,39.0,Doutorado,Capitais,Híbrido,Masculino,Preta,0.6370224166417569
CAND_00687,6.7,69.0,Ensino Médio,Capitais,Híbrido,Feminino,Indígena,0.6389124335786307
CAND_00688,1.0,54.0,Bacharelado,Capitais,Presencial,Masculino,Preta,0.5570689837289308
CAND_00689,4.7,48.0,Bacharelado,Interior,Presencial,Masculino,Amarela,0.5837749962938776
CAND_00690,3.6,47.0,Ensino Médio,Capitais,Remoto,Feminino,Preta,0.46449969772945127
CAND_00691,3.3,56.0,Mestrado,Capitais,Presencial,Masculino,Amarela,0.28139253729724845
CAND_00692,4.5,18.0,Bacharelado,Região Metropolitana,Híbrido,Não-binário,Preta,0.29418240845299837
CAND_00693,5.8,61.0,Mestrado,Capitais,Presencial,Feminino,Indígena,0.6295809862786692
CAND_00694,5.6,46.0,Mestrado,Capitais,Híbrido,Masculino,Amarela,0.4857311209988413
CAND_00695,6.0,35.0,Bacharelado,Capitais,Presencial,Feminino,Branca,0.31211779393173
CAND_00696,0.0,40.0,Bacharelado,Capitais,Remoto,Não-binário,Preta,0.3787372409501241
CAND_00697,6.0,55.0,Doutorado,Região Metropolitana,Remoto,Feminino,Preta,0.8028980815297616
CAND_00698,6.7,40.0,Ensino Médio,Capitais,Presencial,Não-binário,Preta,0.4100614289305803
CAND_00699,1.5,44.0,Bacharelado,Capitais,Híbrido,Feminino,Amarela,0.3058937845071708
CAND_00700,6.8,76.0,Mestrado,Interior,Remoto,Masculino,Preta,0.757475383287627
CAND_00701,8.1,37.0,Bacharelado,Região Metropolitana,Híbrido,Não-binário,Parda,0.463164199514658
CAND_00702,5.5,25.0,Mestrado,Capitais,Presencial,Não-binário,Indígena,0.4989289683141344
CAND_00703,4.3,44.0,Mestrado,Capitais,Presencial,Não-binário,Branca,0.2729321649711001
CAND_00704,5.0,37.0,Bacharelado,Região Metropolitana,Híbrido,Não-binário,Preta,0.3450432902616568
CAND_00705,2.0,67.0,Mestrado,Capitais,Híbrido,Feminino,Indígena,0.4834443483494101
CAND_00706,3.8,38.0,Bacharelado,Capitais,Híbrido,Não-binário,Indígena,0.22647543407600265
CAND_00707,5.9,32.0,Mestrado,Capitais,Híbrido,Não-binário,Amarela,0.3477201270768626
CAND_00708,9.3,65.0,Doutorado,Capitais,Remoto,Masculino,Preta,0.6813036245029532
CAND_00709,7.4,43.0,Bacharelado,Capitais,Híbrido,Não-binário,Indígena,0.4856621279523319
CAND_00710,0.0,71.0,Bacharelado,Região Metropolitana,Presencial,Masculino,Indígena,0.45983875288361553
CAND_00711,2.0,42.0,Bacharelado,Capitais,Híbrido,Não-binário,Amarela,0.4338666608734664
CAND_00712,3.3,22.0,Bacharelado,Capitais,Remoto,Feminino,Branca,0.445765586354545
CAND_00713,6.4,32.0,Ensino Médio,Interior,Presencial,Masculino,Indígena,0.42333798790205834
CAND_00714,5.2,12.0,Bacharelado,Interior,Remoto,Não-binário,Branca,0.13646303856531222
CAND_00715,13.6,9.0,Mestrado,Região Metropolitana,Remoto,Masculino,Amarela,0.49490802785954147
CAND_00716,7.0,50.0,Bacharelado,Região Metropolitana,Presencial,Masculino,Parda,0.3918025909369675
CAND_00717,6.4,60.0,Ensino Médio,Região Metropolitana,Remoto,Feminino,Parda,0.38426747173097964
CAND_00718,6.7,67.0,Mestrado,Capitais,Híbrido,Masculino,Indígena,0.6259343559755414
CAND_00719,5.6,53.0,Mestrado,Interior,Híbrido,Masculino,Preta,0.5250578781900893
CAND_00720,8.5,64.0,Bacharelado,Capitais,Presencial,Feminino,Branca,0.6671638798087897
CAND_00721,4.3,42.0,Bacharelado,Capitais,Remoto,Masculino,Branca,0.34034030373189006
CAND_00722,1.6,57.0,Bacharelado,Capitais,Presencial,Feminino,Preta,0.49020901057499433
CAND_00723,6.4,21.0,Bacharelado,Capitais,Remoto,Masculino,Parda,0.316205666756323
CAND_00724,8.2,43.0,Mestrado,Capitais,Híbrido,Masculino,Preta,0.4504488307277203
CAND_00725,5.5,68.0,Bacharelado,Capitais,Remoto,Feminino,Branca,0.6148561200059885
CAND_00726,4.0,42.0,Doutorado,Interior,Híbrido,Não-binário,Branca,0.6977404361565451
CAND_00727,12.7,47.0,Mestrado,Capitais,Híbrido,Feminino,Branca,0.6492624582880903
CAND_00728,1.3,69.0,Mestrado,Região Metropolitana,Remoto,Feminino,Indígena,0.4090902863740848
CAND_00729,5.0,55.0,Bacharelado,Região Metropolitana,Remoto,Feminino,Preta,0.5293963409216899
CAND_00730,7.1,27.0,Bacharelado,Capitais,Híbrido,Masculino,Parda,0.3754937377897536
CAND_00731,4.7,66.0,Ensino Médio,Capitais,Presencial,Feminino,Indígena,0.5061375968288481
CAND_00732,5.3,68.0,Mestrado,Capitais,Presencial,Feminino,Parda,0.594554348197334
CAND_00733,4.1,35.0,Bacharelado,Capitais,Híbrido,Masculino,Branca,0.5214689518496503
CAND_00734,6.8,70.0,Bacharelado,Capitais,Híbrido,Não-binário,Amarela,0.6685007035738485
CAND_00735,5.6,53.0,Mestrado,Capitais,Remoto,Não-binário,Amarela,0.6110477837252388
CAND_00736,6.0,51.0,Mestrado,Região Metropolitana,Híbrido,Feminino,Indígena,0.7050657392310092
CAND_00737,3.0,27.0,Bacharelado,Região Metropolitana,Presencial,Masculino,Preta,0.39275725994742877
CAND_00738,6.5,64.0,Bacharelado,Região Metropolitana,Remoto,Não-binário,Branca,0.5837696345671434
CAND_00739,0.0,59.0,Bacharelado,Capitais,Híbrido,Não-binário,Amarela,0.29491223932609395
CAND_00740,6.8,62.0,Doutorado,Capitais,Presencial,Masculino,Branca,0.48587148237435485
CAND_00741,12.9,59.0,Mestrado,Capitais,Remoto,Feminino,Indígena,0.7612740502019415
CAND_00742,6.4,53.0,Mestrado,Capitais,Remoto,Masculino,Parda,0.7010308499537942
CAND_00743,4.9,42.0,Bacharelado,Capitais,Remoto,Feminino,Indígena,0.5795133429601378
CAND_00744,6.9,67.0,Bacharelado,Capitais,Presencial,Não-binário,Branca,0.49741227044668085
CAND_00745,5.2,20.0,Mestrado,Região Metropolitana,Híbrido,Feminino,Amarela,0.2642157246514484
CAND_00746,10.0,70.0,Bacharelado,Capitais,Remoto,Masculino,Preta,0.608603603309416
CAND_00747,8.7,53.0,Mestrado,Capitais,Híbrido,Não-binário,Preta,0.4088625250763035
CAND_00748,4.4,32.0,Doutorado,Capitais,Híbrido,Não-binário,Parda,0.34205508725232203
CAND_00749,2.2,39.0,Bacharelado,Capitais,Híbrido,Não-binário,Preta,0.35111377681586187
CAND_00750,5.7,43.0,Mestrado,Capitais,Remoto,Feminino,Amarela,0.527063334108503
CAND_00751,5.7,72.0,Bacharelado,Região Metropolitana,Remoto,Não-binário,Preta,0.53103057932762
CAND_00752,6.2,47.0,Ensino Médio,Capitais,Presencial,Não-binário,Parda,0.27687509118536147
CAND_00753,8.3,60.0,Bacharelado,Região Metropolitana,Presencial,Não-binário,Parda,0.6948397070582658
CAND_00754,10.5,72.0,Mestrado,Capitais,Híbrido,Feminino,Parda,0.6865426422688578
CAND_00755,3.9,57.0,Bacharelado,Capitais,Presencial,Feminino,Amarela,0.4720885969928257
CAND_00756,0.9,42.0,Bacharelado,Região Metropolitana,Presencial,Não-binário,Amarela,0.25326108404376846
CAND_00757,1.9,47.0,Mestrado,Capitais,Híbrido,Masculino,Parda,0.44043353918046857
CAND_00758,3.0,35.0,Bacharelado,Capitais,Remoto,Feminino,Parda,0.5040690800684867
CAND_00759,8.2,45.0,Mestrado,Capitais,Híbrido,Não-binário,Parda,0.4923274237392479
CAND_00760,0.0,32.0,Bacharelado,Capitais,Presencial,Não-binário,Indígena,0.3533178018451469
CAND_00761,5.4,34.0,Bacharelado,Capitais,Remoto,Não-binário,Branca,0.44869775962517555
CAND_00762,1.4,57.0,Mestrado,Interior,Presencial,Masculino,Parda,0.36545033183227094
CAND_00763,4.5,38.0,Mestrado,Região Metropolitana,Remoto,Feminino,Indígena,0.41232199329057057
CAND_00764,3.6,50.0,Bacharelado,Capitais,Híbrido,Feminino,Indígena,0.533104848917944
CAND_00765,0.0,32.0,Bacharelado,Capitais,Híbrido,Feminino,Amarela,0.43824753178016274
CAND_00766,6.8,68.0,Mestrado,Capitais,Híbrido,Masculino,Preta,0.7458462570220816
CAND_00767,2.1,52.0,Doutorado,Capitais,Remoto,Feminino,Amarela,0.5610021307903112
CAND_00768,5.8,70.0,Doutorado,Capitais,Híbrido,Masculino,Indígena,0.6051005065452774
CAND_00769,10.6,47.0,Bacharelado,Região Metropolitana,Híbrido,Masculino,Indígena,0.48944934373790966
CAND_00770,2.1,37.0,Mestrado,Capitais,Híbrido,Masculino,Preta,0.4108666269615841
CAND_00771,6.7,41.0,Doutorado,Interior,Híbrido,Não-binário,Parda,0.48932681551698115
CAND_00772,2.8,46.0,Mestrado,Região Metropolitana,Presencial,Masculino,Amarela,0.2949665073661675
CAND_00773,0.3,55.0,Bacharelado,Capitais,Presencial,Masculino,Branca,0.4358677826445374
CAND_00774,9.8,44.0,Bacharelado,Capitais,Remoto,Feminino,Indígena,0.541976866641642
CAND_00775,5.5,53.0,Mestrado,Capitais,Presencial,Feminino,Preta,0.5060893193373265
CAND_00776,6.1,40.0,Mestrado,Capitais,Remoto,Não-binário,Parda,0.4677885872141491
CAND_00777,0.8,44.0,Bacharelado,Capitais,Presencial,Não-binário,Amarela,0.44502983509954813
CAND_00778,2.9,72.0,Bacharelado,Capitais,Remoto,Masculino,Preta,0.633773692528093
CAND_00779,3.6,42.0,Mestrado,Região Metropolitana,Presencial,Não-binário,Preta,0.5239870549578747
CAND_00780,4.8,34.0,Bacharelado,Capitais,Presencial,Feminino,Preta,0.4781903891287655
CAND_00781,7.6,61.0,Mestrado,Região Metropolitana,Remoto,Feminino,Amarela,0.5028482314607992
CAND_00782,6.4,9.0,Doutorado,Capitais,Remoto,Não-binário,Indígena,0.5547522561595002
CAND_00783,3.6,74.0,Doutorado,Capitais,Híbrido,Não-binário,Amarela,0.6028977876660966
CAND_00784,2.6,48.0,Bacharelado,Capitais,Presencial,Masculino,Indígena,0.4996327263813444
CAND_00785,3.8,51.0,Mestrado,Região Metropolitana,Remoto,Não-binário,Branca,0.2972950341909079
CAND_00786,4.5,38.0,Ensino Médio,Capitais,Híbrido,Feminino,Preta,0.47497383684745065
CAND_00787,3.6,60.0,Bacharelado,Capitais,Remoto,Masculino,Amarela,0.3055897188547755
CAND_00788,4.3,39.0,Bacharelado,Capitais,Remoto,Não-binário,Amarela,0.5792701631966963
CAND_00789,8.4,54.0,Mestrado,Capitais,Híbrido,Não-binário,Indígena,0.5027025460405016
CAND_00790,3.4,63.0,Bacharelado,Capitais,Remoto,Não-binário,Preta,0.44473867817018786
CAND_00791,2.4,66.0,Ensino Médio,Capitais,Híbrido,Feminino,Preta,0.2846324352563765
CAND_00792,6.1,58.0,Bacharelado,Interior,Remoto,Feminino,Indígena,0.3982561780177223
CAND_00793,2.7,46.0,Bacharelado,Capitais,Híbrido,Feminino,Amarela,0.4850641769908351
CAND_00794,4.3,86.0,Mestrado,Interior,Híbrido,Não-binário,Amarela,0.6225540763419628
CAND_00795,1.2,41.0,Mestrado,Capitais,Híbrido,Masculino,Parda,0.27454099850718783
CAND_00796,5.3,52.0,Mestrado,Região Metropolitana,Híbrido,Masculino,Branca,0.5214775207951811
CAND_00797,4.2,24.0,Ensino Médio,Região Metropolitana,Presencial,Masculino,Indígena,0.3234254190885619
CAND_00798,2.3,45.0,Bacharelado,Capitais,Presencial,Masculino,Parda,0.3826508528398404
CAND_00799,3.3,44.0,Mestrado,Capitais,Presencial,Feminino,Preta,0.4506840614627378
CAND_00800,4.1,46.0,Mestrado,Capitais,Híbrido,Feminino,Branca,0.41054697604201085
CAND_00801,10.6,42.0,Bacharelado,Capitais,Remoto,Feminino,Branca,0.4554734178454252
CAND_00802,3.6,52.0,Mestrado,Capitais,Híbrido,Não-binário,Indígena,0.15015297482709106
CAND_00803,10.6,69.0,Bacharelado,Região Metropolitana,Presencial,Não-binário,Amarela,0.8491283226763897
CAND_00804,5.9,22.0,Bacharelado,Região Metropolitana,Remoto,Não-binário,Amarela,0.49738820819143165
CAND_00805,1.5,79.0,Bacharelado,Região Metropolitana,Remoto,Masculino,Amarela,0.4515852215001487
CAND_00806,5.6,57.0,Bacharelado,Região Metropolitana,Híbrido,Feminino,Branca,0.32841183397863216
CAND_00807,5.8,54.0,Doutorado,Capitais,Híbrido,Feminino,Indígena,0.5474268540169784
CAND_00808,8.4,38.0,Ensino Médio,Região Metropolitana,Híbrido,Masculino,Indígena,0.33289733847161956
CAND_00809,4.1,60.0,Mestrado,Capitais,Remoto,Masculino,Amarela,0.49664535098660023
CAND_00810,8.2,46.0,Bacharelado,Interior,Remoto,Masculino,Amarela,0.5092476238271769
CAND_00811,7.9,65.0,Ensino Médio,Capitais,Presencial,Não-binário,Parda,0.4346464620186704
CAND_00812,1.6,67.0,Bacharelado,Capitais,Remoto,Não-binário,Amarela,0.39422591259687745
CAND_00813,1.7,45.0,Bacharelado,Capitais,Remoto,Não-binário,Parda,0.4573243979228592
CAND_00814,0.0,37.0,Bacharelado,Região Metropolitana,Presencial,Masculino,Preta,0.4986455761470385
CAND_00815,7.8,38.0,Bacharelado,Capitais,Remoto,Não-binário,Parda,0.5004383429439485
CAND_00816,1.1,47.0,Mestrado,Capitais,Presencial,Não-binário,Amarela,0.3499313835784454
CAND_00817,8.5,63.0,Bacharelado,Capitais,Remoto,Não-binário,Branca,0.6630588461323572
CAND_00818,9.1,48.0,Ensino Médio,Capitais,Híbrido,Feminino,Parda,0.4346161858067909
CAND_00819,11.5,25.0,Ensino Médio,Região Metropolitana,Híbrido,Não-binário,Indígena,0.48849038747939477
CAND_00820,6.9,26.0,Ensino Médio,Capitais,Presencial,Não-binário,Preta,0.29601336031022357
CAND_00821,7.3,49.0,Bacharelado,Região Metropolitana,Híbrido,Não-binário,Preta,0.5166220779868076
CAND_00822,4.9,59.0,Mestrado,Capitais,Híbrido,Feminino,Amarela,0.552716322053489
CAND_00823,0.6,40.0,Mestrado,Região Metropolitana,Remoto,Não-binário,Preta,0.34382607670918497
CAND_00824,1.5,29.0,Bacharelado,Região Metropolitana,Híbrido,Masculino,Preta,0.16368235976674408
CAND_00825,3.4,64.0,Mestrado,Capitais,Híbrido,Não-binário,Branca,0.5110701224310382
CAND_00826,6.7,18.0,Doutorado,Capitais,Híbrido,Não-binário,Amarela,0.4482340449478637
CAND_00827,3.6,67.0,Mestrado,Capitais,Híbrido,Masculino,Preta,0.5823846698488325
CAND_00828,3.4,68.0,Bacharelado,Capitais,Remoto,Masculino,Parda,0.5307922231136621
CAND_00829,10.2,68.0,Ensino Médio,Capitais,Presencial,Feminino,Indígena,0.6974726023157369
CAND_00830,2.8,59.0,Mestrado,Região Metropolitana,Presencial,Feminino,Indígena,0.4257320287903538
CAND_00831,1.5,59.0,Ensino Médio,Capitais,Remoto,Não-binário,Indígena,0.42756801919528914
CAND_00832,7.9,63.0,Bacharelado,Interior,Híbrido,Masculino,Amarela,0.5658101765392233
CAND_00833,8.0,59.0,Bacharelado,Capitais,Híbrido,Masculino,Amarela,0.49305077552992455
CAND_00834,8.1,33.0,Bacharelado,Região Metropolitana,Remoto,Feminino,Indígena,0.5111711722832294
CAND_00835,3.2,51.0,Bacharelado,Capitais,Presencial,Feminino,Amarela,0.37283810336103146
CAND_00836,3.3,38.0,Bacharelado,Capitais,Presencial,Masculino,Amarela,0.31395897192900296
CAND_00837,9.5,61.0,Bacharelado,Região Metropolitana,Remoto,Não-binário,Preta,0.24081261478911298
CAND_00838,4.0,48.0,Bacharelado,Região Metropolitana,Híbrido,Masculino,Parda,0.6167704098247689
CAND_00839,5.6,33.0,Bacharelado,Capitais,Híbrido,Feminino,Amarela,0.3245472228655098
CAND_00840,9.6,69.0,Ensino Médio,Interior,Presencial,Feminino,Preta,0.6632648477635608
CAND_00841,2.9,83.0,Mestrado,Capitais,Híbrido,Feminino,Branca,0.5048696380360205
CAND_00842,3.0,38.0,Bacharelado,Capitais,Híbrido,Masculino,Parda,0.2854389844271913
CAND_00843,4.2,36.0,Bacharelado,Capitais,Híbrido,Não-binário,Indígena,0.35469654217157404
CAND_00844,6.0,31.0,Mestrado,Região Metropolitana,Híbrido,Não-binário,Amarela,0.5191541120418561
CAND_00845,1.6,24.0,Mestrado,Capitais,Presencial,Masculino,Branca,0.42665498658333734
CAND_00846,1.4,57.0,Bacharelado,Capitais,Híbrido,Não-binário,Preta,0.4317473266508564
CAND_00847,3.6,55.0,Ensino Médio,Região Metropolitana,Remoto,Feminino,Indígena,0.4488821405230786
CAND_00848,7.1,37.0,Mestrado,Região Metropolitana,Híbrido,Masculino,Indígena,0.5372448356847702
CAND_00849,6.3,55.0,Bacharelado,Capitais,Presencial,Não-binário,Indígena,0.5417711523527842
CAND_00850,4.0,33.0,Mestrado,Capitais,Híbrido,Feminino,Preta,0.42836645726312284
CAND_00851,6.6,61.0,Ensino Médio,Capitais,Presencial,Feminino,Amarela,0.42199624848629236
CAND_00852,1.5,68.0,Ensino Médio,Região Metropolitana,Presencial,Não-binário,Parda,0.3903678590463772
CAND_00853,5.2,58.0,Mestrado,Região Metropolitana,Presencial,Feminino,Amarela,0.6368901047579664
CAND_00854,5.0,54.0,Mestrado,Região Metropolitana,Remoto,Feminino,Indígena,0.5594719389881125
CAND_00855,9.0,46.0,Bacharelado,Capitais,Híbrido,Masculino,Preta,0.5717143484828241
CAND_00856,6.1,60.0,Mestrado,Capitais,Presencial,Não-binário,Branca,0.6412371934440928
CAND_00857,0.0,80.0,Bacharelado,Região Metropolitana,Presencial,Não-binário,Branca,0.6188766652380961
CAND_00858,1.2,53.0,Mestrado,Capitais,Remoto,Feminino,Indígena,0.4936417690775845
CAND_00859,6.2,41.0,Ensino Médio,Região Metropolitana,Remoto,Feminino,Amarela,0.3284166671965722
CAND_00860,0.0,42.0,Bacharelado,Região Metropolitana,Presencial,Masculino,Indígena,0.3698765446232155
CAND_00861,4.8,49.0,Mestrado,Capitais,Presencial,Feminino,Indígena,0.2942720412066796
CAND_00862,3.4,62.0,Bacharelado,Capitais,Remoto,Feminino,Preta,0.49506148001494305
CAND_00863,4.9,69.0,Ensino Médio,Região Metropolitana,Híbrido,Feminino,Parda,0.42020764581495523
CAND_00864,3.0,53.0,Doutorado,Interior,Remoto,Não-binário,Parda,0.5596844275475609
CAND_00865,7.7,55.0,Doutorado,Capitais,Remoto,Masculino,Branca,0.6918068610454187
CAND_00866,3.8,45.0,Bacharelado,Capitais,Presencial,Feminino,Parda,0.3555013434192585
CAND_00867,6.4,54.0,Mestrado,Interior,Presencial,Masculino,Branca,0.5074107471065677
CAND_00868,6.3,49.0,Bacharelado,Interior,Remoto,Feminino,Preta,0.5714403627291182
CAND_00869,1.3,52.0,Bacharelado,Interior,Presencial,Masculino,Indígena,0.4179865004260156
CAND_00870,5.9,39.0,Doutorado,Interior,Híbrido,Não-binário,Branca,0.4171228100807811
CAND_00871,3.3,42.0,Mestrado,Região Metropolitana,Híbrido,Feminino,Preta,0.5818868801810317
CAND_00872,6.2,63.0,Bacharelado,Capitais,Remoto,Masculino,Preta,0.5471856693264927
CAND_00873,1.7,29.0,Bacharelado,Capitais,Híbrido,Não-binário,Parda,0.2895496470449939
CAND_00874,4.1,54.0,Ensino Médio,Capitais,Híbrido,Não-binário,Indígena,0.35339212314259605
CAND_00875,6.2,60.0,Mestrado,Região Metropolitana,Remoto,Feminino,Amarela,0.4619712730361672
CAND_00876,6.0,41.0,Bacharelado,Região Metropolitana,Híbrido,Não-binário,Indígena,0.36583743969076143
CAND_00877,2.2,34.0,Bacharelado,Interior,Híbrido,Masculino,Branca,0.21585150778763113
CAND_00878,5.9,31.0,Mestrado,Capitais,Híbrido,Masculino,Amarela,0.4356015453295586
CAND_00879,6.2,50.0,Bacharelado,Capitais,Remoto,Masculino,Branca,0.38476552364766436
CAND_00880,0.8,65.0,Bacharelado,Interior,Híbrido,Feminino,Preta,0.3484310274379209
CAND_00881,0.0,63.0,Bacharelado,Região Metropolitana,Remoto,Não-binário,Branca,0.560224290202082
CAND_00882,6.8,86.0,Bacharelado,Região Metropolitana,Presencial,Masculino,Indígena,0.5224599585697822
CAND_00883,1.5,61.0,Bacharelado,Interior,Remoto,Não-binário,Preta,0.37579802000575857
CAND_00884,5.3,37.0,Bacharelado,Região Metropolitana,Remoto,Masculino,Preta,0.43198216138721784
CAND_00885,4.5,35.0,Bacharelado,Região Metropolitana,Remoto,Feminino,Indígena,0.42373980634870523
CAND_00886,3.4,52.0,Bacharelado,Capitais,Híbrido,Masculino,Indígena,0.43283038149253167
CAND_00887,9.7,31.0,Bacharelado,Capitais,Híbrido,Feminino,Parda,0.41633262115097736
CAND_00888,1.9,31.0,Bacharelado,Interior,Presencial,Não-binário,Preta,0.15398016434650139
CAND_00889,2.5,39.0,Ensino Médio,Capitais,Híbrido,Masculino,Preta,0.30959344597750804
CAND_00890,7.0,51.0,Mestrado,Capitais,Presencial,Feminino,Preta,0.6662887136444864
CAND_00891,5.9,40.0,Ensino Médio,Capitais,Híbrido,Masculino,Parda,0.21918034459592817
CAND_00892,5.4,53.0,Bacharelado,Capitais,Presencial,Feminino,Branca,0.45002832808931525
CAND_00893,5.8,44.0,Bacharelado,Capitais,Presencial,Não-binário,Branca,0.2536982377961283
CAND_00894,3.3,24.0,Mestrado,Região Metropolitana,Remoto,Não-binário,Branca,0.4274384559124512
CAND_00895,1.8,68.0,Bacharelado,Região Metropolitana,Híbrido,Não-binário,Branca,0.522369478772378
CAND_00896,9.7,66.0,Bacharelado,Interior,Híbrido,Masculino,Amarela,0.5387370879193332
CAND_00897,1.6,75.0,Doutorado,Capitais,Remoto,Não-binário,Branca,0.584565052594483
CAND_00898,0.0,61.0,Bacharelado,Capitais,Presencial,Não-binário,Branca,0.4422094159911807
CAND_00899,2.8,50.0,Bacharelado,Região Metropolitana,Híbrido,Feminino,Amarela,0.4463276127290612
CAND_00900,7.4,46.0,Doutorado,Capitais,Remoto,Feminino,Indígena,0.615918898145166
CAND_00901,0.0,66.0,Mestrado,Região Metropolitana,Remoto,Feminino,Preta,0.4794911822832568
CAND_00902,2.5,49.0,Bacharelado,Região Metropolitana,Presencial,Feminino,Indígena,0.612260268546598
CAND_00903,7.7,58.0,Bacharelado,Capitais,Presencial,Feminino,Preta,0.6575315059261628
CAND_00904,1.2,41.0,Bacharelado,Região Metropolitana,Remoto,Feminino,Amarela,0.3541000595315395
CAND_00905,5.5,56.0,Bacharelado,Capitais,Remoto,Não-binário,Amarela,0.4851040583383055
CAND_00906,5.0,61.0,Bacharelado,Interior,Presencial,Feminino,Parda,0.5316862104094644
CAND_00907,5.2,57.0,Bacharelado,Capitais,Remoto,Masculino,Branca,0.6392765213989633
CAND_00908,6.9,48.0,Mestrado,Capitais,Híbrido,Feminino,Parda,0.6042084033727465
CAND_00909,1.2,45.0,Bacharelado,Região Metropolitana,Híbrido,Masculino,Preta,0.5311194557088703
CAND_00910,7.7,63.0,Bacharelado,Capitais,Presencial,Masculino,Amarela,0.6376102774827137
CAND_00911,1.4,56.0,Mestrado,Interior,Híbrido,Feminino,Parda,0.4718144758076385
CAND_00912,3.6,49.0,Bacharelado,Capitais,Híbrido,Masculino,Preta,0.3400173385264921
CAND_00913,3.9,64.0,Bacharelado,Capitais,Híbrido,Feminino,Parda,0.6038488744399279
CAND_00914,6.3,35.0,Mestrado,Capitais,Remoto,Masculino,Parda,0.402933024784502
CAND_00915,0.3,29.0,Bacharelado,Capitais,Híbrido,Masculino,Preta,0.4609026742138821
CAND_00916,9.9,75.0,Bacharelado,Capitais,Presencial,Masculino,Parda,0.5190148371182354
CAND_00917,4.2,25.0,Mestrado,Capitais,Remoto,Feminino,Indígena,0.2528294194175443
CAND_00918,7.4,67.0,Mestrado,Capitais,Híbrido,Não-binário,Amarela,0.6353396619579039
CAND_00919,1.3,64.0,Mestrado,Interior,Presencial,Não-binário,Indígena,0.5054718160082974
CAND_00920,3.4,64.0,Bacharelado,Capitais,Remoto,Feminino,Branca,0.6146249104090353
CAND_00921,0.0,58.0,Mestrado,Capitais,Presencial,Feminino,Parda,0.548103364539583
CAND_00922,7.5,54.0,Bacharelado,Região Metropolitana,Remoto,Não-binário,Preta,0.5742282725315881
CAND_00923,1.9,46.0,Bacharelado,Capitais,Presencial,Feminino,Amarela,0.4080429310123643
CAND_00924,1.5,66.0,Bacharelado,Região Metropolitana,Híbrido,Masculino,Parda,0.459702764115306
CAND_00925,6.6,44.0,Ensino Médio,Região Metropolitana,Híbrido,Feminino,Amarela,0.46248760430664293
CAND_00926,0.0,26.0,Bacharelado,Capitais,Presencial,Masculino,Branca,0.25580474328262115
CAND_00927,4.3,42.0,Bacharelado,Região Metropolitana,Remoto,Não-binário,Indígena,0.2880772638355374
CAND_00928,10.3,43.0,Bacharelado,Capitais,Remoto,Feminino,Parda,0.3087366231574312
CAND_00929,2.0,60.0,Bacharelado,Capitais,Remoto,Não-binário,Branca,0.4306461156246386
CAND_00930,2.3,55.0,Mestrado,Capitais,Presencial,Não-binário,Amarela,0.43354123881043527
CAND_00931,7.8,23.0,Bacharelado,Capitais,Presencial,Feminino,Indígena,0.17357287165001878
CAND_00932,1.4,18.0,Mestrado,Região Metropolitana,Remoto,Feminino,Indígena,0.46469735717496696
CAND_00933,9.3,56.0,Bacharelado,Capitais,Remoto,Não-binário,Parda,0.4790803521963633
CAND_00934,8.3,30.0,Doutorado,Capitais,Híbrido,Não-binário,Amarela,0.5176055155165691
CAND_00935,6.6,57.0,Bacharelado,Capitais,Híbrido,Não-binário,Amarela,0.449328770870961
CAND_00936,2.1,38.0,Mestrado,Capitais,Remoto,Não-binário,Preta,0.37816354771013677
CAND_00937,4.7,31.0,Bacharelado,Capitais,Remoto,Feminino,Indígena,0.46105815027122776
CAND_00938,4.2,82.0,Bacharelado,Região Metropolitana,Presencial,Masculino,Preta,0.571689594374435
CAND_00939,5.3,46.0,Mestrado,Capitais,Híbrido,Feminino,Branca,0.6350985829511822
CAND_00940,5.9,64.0,Bacharelado,Capitais,Presencial,Feminino,Indígena,0.5099042289857141
CAND_00941,3.4,16.0,Mestrado,Capitais,Híbrido,Masculino,Indígena,0.18178934952401324
CAND_00942,3.4,55.0,Bacharelado,Capitais,Presencial,Não-binário,Parda,0.36892008571946344
CAND_00943,7.2,32.0,Ensino Médio,Região Metropolitana,Remoto,Feminino,Parda,0.21373353965467815
CAND_00944,12.0,62.0,Bacharelado,Capitais,Presencial,Feminino,Branca,0.6219711946198327
CAND_00945,1.3,40.0,Ensino Médio,Capitais,Híbrido,Não-binário,Parda,0.22904173035169176
CAND_00946,7.3,32.0,Mestrado,Região Metropolitana,Presencial,Não-binário,Amarela,0.4941469226801122
CAND_00947,6.6,32.0,Bacharelado,Capitais,Híbrido,Feminino,Indígena,0.38363921295606623
CAND_00948,6.4,59.0,Bacharelado,Região Metropolitana,Híbrido,Feminino,Preta,0.3346604393763418
CAND_00949,5.7,26.0,Bacharelado,Região Metropolitana,Híbrido,Feminino,Parda,0.3954187427355276
CAND_00950,3.4,37.0,Bacharelado,Região Metropolitana,Remoto,Masculino,Branca,0.337580501163052
CAND_00951,5.4,65.0,Bacharelado,Capitais,Remoto,Feminino,Branca,0.49937544235685233
CAND_00952,4.1,58.0,Ensino Médio,Região Metropolitana,Híbrido,Não-binário,Branca,0.35728286736654463
CAND_00953,6.7,68.0,Bacharelado,Região Metropolitana,Presencial,Masculino,Amarela,0.6620732996482912
CAND_00954,6.4,47.0,Bacharelado,Capitais,Híbrido,Não-binário,Amarela,0.33834865155894495
CAND_00955,0.0,73.0,Bacharelado,Capitais,Presencial,Não-binário,Preta,0.48247872851027573
CAND_00956,5.6,43.0,Bacharelado,Região Metropolitana,Híbrido,Masculino,Parda,0.3432624596443302
CAND_00957,5.7,62.0,Mestrado,Capitais,Híbrido,Não-binário,Amarela,0.7555750394069574
CAND_00958,8.2,41.0,Mestrado,Capitais,Híbrido,Não-binário,Amarela,0.6473636155952811
CAND_00959,5.0,34.0,Mestrado,Região Metropolitana,Presencial,Feminino,Branca,0.49567411472334805
CAND_00960,3.8,46.0,Mestrado,Capitais,Remoto,Masculino,Branca,0.5737021551753343
CAND_00961,7.8,53.0,Bacharelado,Capitais,Remoto,Feminino,Amarela,0.6532595583058358
CAND_00962,2.8,24.0,Bacharelado,Região Metropolitana,Presencial,Não-binário,Indígena,0.17926359361158806
CAND_00963,0.4,54.0,Ensino Médio,Capitais,Híbrido,Feminino,Indígena,0.37472359594151305
CAND_00964,6.9,42.0,Mestrado,Capitais,Presencial,Masculino,Preta,0.46772622634668304
CAND_00965,8.9,59.0,Bacharelado,Região Metropolitana,Remoto,Não-binário,Preta,0.7077529086626
CAND_00966,3.9,47.0,Bacharelado,Capitais,Remoto,Feminino,Branca,0.30035255159764374
CAND_00967,2.8,59.0,Bacharelado,Capitais,Presencial,Feminino,Parda,0.4984957898067593
CAND_00968,8.6,57.0,Bacharelado,Capitais,Presencial,Feminino,Amarela,0.46891130363820754
CAND_00969,6.5,53.0,Bacharelado,Capitais,Presencial,Não-binário,Indígena,0.657073260013566
CAND_00970,4.2,48.0,Bacharelado,Região Metropolitana,Híbrido,Feminino,Indígena,0.4123553801553667
CAND_00971,5.8,67.0,Mestrado,Capitais,Híbrido,Feminino,Parda,0.6261428855558301
CAND_00972,2.0,49.0,Bacharelado,Capitais,Remoto,Não-binário,Branca,0.45421254076294276
CAND_00973,6.0,35.0,Mestrado,Região Metropolitana,Híbrido,Masculino,Branca,0.3517040367714784
CAND_00974,0.0,31.0,Mestrado,Região Metropolitana,Híbrido,Não-binário,Amarela,0.3513951992115859
CAND_00975,2.4,59.0,Doutorado,Região Metropolitana,Remoto,Feminino,Amarela,0.6758006719757401
CAND_00976,4.5,55.0,Bacharelado,Capitais,Presencial,Não-binário,Amarela,0.507735112413505
CAND_00977,5.5,69.0,Mestrado,Capitais,Presencial,Feminino,Amarela,0.46265275606829015
CAND_00978,3.8,73.0,Doutorado,Região Metropolitana,Híbrido,Masculino,Indígena,0.5554409743921718
CAND_00979,7.9,57.0,Bacharelado,Capitais,Híbrido,Masculino,Parda,0.7116593218846258
CAND_00980,5.5,39.0,Ensino Médio,Interior,Remoto,Masculino,Amarela,0.47457381675927346
CAND_00981,3.6,58.0,Mestrado,Capitais,Híbrido,Masculino,Indígena,0.5986654446360933
CAND_00982,4.4,66.0,Bacharelado,Capitais,Remoto,Não-binário,Parda,0.4253240958275802
CAND_00983,6.9,30.0,Bacharelado,Capitais,Remoto,Masculino,Parda,0.4053662231345105
CAND_00984,6.2,45.0,Bacharelado,Capitais,Remoto,Não-binário,Preta,0.405919132959224
CAND_00985,4.1,8.0,Bacharelado,Região Metropolitana,Remoto,Masculino,Parda,0.17541373449082465
CAND_00986,9.4,58.0,Bacharelado,Região Metropolitana,Presencial,Feminino,Branca,0.6608578879759401
CAND_00987,2.2,73.0,Bacharelado,Capitais,Presencial,Não-binário,Indígena,0.42151739269795313
CAND_00988,9.5,61.0,Bacharelado,Capitais,Híbrido,Feminino,Preta,0.4877940714670843
CAND_00989,0.7,25.0,Bacharelado,Capitais,Presencial,Não-binário,Preta,0.3739038634018739
CAND_00990,1.3,34.0,Bacharelado,Capitais,Híbrido,Feminino,Indígena,0.49513650845486334
CAND_00991,1.6,52.0,Doutorado,Capitais,Híbrido,Masculino,Indígena,0.4962067557937388
CAND_00992,8.6,60.0,Mestrado,Região Metropolitana,Presencial,Feminino,Indígena,0.47655307694445825
CAND_00993,3.2,72.0,Mestrado,Capitais,Remoto,Feminino,Indígena,0.5504488621422039
CAND_00994,4.1,55.0,Bacharelado,Região Metropolitana,Remoto,Masculino,Parda,0.3413812275943615
CAND_00995,0.8,29.0,Bacharelado,Capitais,Remoto,Feminino,Preta,0.23711197232719738
CAND_00996,3.5,46.0,Ensino Médio,Capitais,Híbrido,Não-binário,Branca,0.35919855214256996
CAND_00997,4.3,44.0,Bacharelado,Capitais,Presencial,Masculino,Amarela,0.49375895611770293
CAND_00998,6.8,53.0,Doutorado,Região Metropolitana,Presencial,Não-binário,Preta,0.6167738684039455
CAND_00999,6.0,60.0,Bacharelado,Região Metropolitana,Presencial,Não-binário,Parda,0.4350322494581039
CAND_01000,3.0,27.0,Bacharelado,Capitais,Remoto,Não-binário,Branca,0.47182912264774957
CAND_01001,0.9,56.0,Bacharelado,Capitais,Híbrido,Não-binário,Preta,0.46019627576176975
CAND_01002,4.2,28.0,Mestrado,Capitais,Presencial,Não-binário,Parda,0.5564653906996333
CAND_01003,10.4,52.0,Mestrado,Interior,Remoto,Masculino,Amarela,0.6179203220158317
CAND_01004,5.9,74.0,Mestrado,Interior,Remoto,Feminino,Preta,0.6605649425738276
CAND_01005,1.7,52.0,Bacharelado,Interior,Presencial,Não-binário,Indígena,0.2651647959595691
CAND_01006,0.4,28.0,Bacharelado,Região Metropolitana,Presencial,Masculino,Amarela,0.3529089656497975
CAND_01007,2.0,63.0,Bacharelado,Capitais,Híbrido,Masculino,Preta,0.3379027990859645
CAND_01008,4.1,35.0,Mestrado,Interior,Presencial,Não-binário,Amarela,0.3687178075608954
CAND_01009,8.6,70.0,Doutorado,Capitais,Híbrido,Feminino,Parda,0.657619789872373
CAND_01010,0.0,39.0,Bacharelado,Capitais,Híbrido,Masculino,Preta,0.33472254181653815
CAND_01011,5.8,31.0,Mestrado,Região Metropolitana,Híbrido,Feminino,Preta,0.3403787876322496
CAND_01012,2.1,76.0,Mestrado,Capitais,Híbrido,Feminino,Amarela,0.7910621522132745
CAND_01013,7.1,50.0,Bacharelado,Região Metropolitana,Remoto,Não-binário,Preta,0.3751969789496976
CAND_01014,5.7,45.0,Bacharelado,Interior,Presencial,Masculino,Amarela,0.24364678289841493
CAND_01015,11.4,53.0,Bacharelado,Capitais,Presencial,Não-binário,Preta,0.5814614963461249
CAND_01016,5.4,30.0,Bacharelado,Capitais,Remoto,Feminino,Parda,0.4141409045939435
CAND_01017,9.8,53.0,Bacharelado,Interior,Remoto,Não-binário,Preta,0.6932437051529206
CAND_01018,2.4,57.0,Bacharelado,Capitais,Remoto,Feminino,Branca,0.5277027144770793
CAND_01019,4.1,19.0,Bacharelado,Região Metropolitana,Presencial,Não-binário,Parda,0.3985471767977813
CAND_01020,0.0,66.0,Bacharelado,Capitais,Presencial,Não-binário,Branca,0.49143836038382677
CAND_01021,5.5,40.0,Bacharelado,Capitais,Presencial,Não-binário,Indígena,0.49453252327112524
CAND_01022,4.2,48.0,Bacharelado,Capitais,Remoto,Não-binário,Amarela,0.43658848271887934
CAND_01023,6.2,43.0,Bacharelado,Capitais,Híbrido,Masculino,Amarela,0.3330360225791935
CAND_01024,4.5,68.0,Bacharelado,Capitais,Híbrido,Não-binário,Parda,0.40083703977536794
CAND_01025,9.3,53.0,Mestrado,Capitais,Híbrido,Feminino,Branca,0.5686359582260408
CAND_01026,4.3,51.0,Mestrado,Região Metropolitana,Presencial,Não-binário,Preta,0.4787384180883747
CAND_01027,6.6,50.0,Bacharelado,Interior,Remoto,Não-binário,Amarela,0.5957119796708042
CAND_01028,9.9,54.0,Mestrado,Capitais,Híbrido,Não-binário,Indígena,0.6292168246777671
CAND_01029,10.3,62.0,Bacharelado,Capitais,Presencial,Não-binário,Branca,0.5626148374861051
CAND_01030,6.2,61.0,Bacharelado,Capitais,Presencial,Não-binário,Preta,0.7697327157580711
CAND_01031,5.4,51.0,Mestrado,Capitais,Híbrido,Feminino,Parda,0.589982436784564
CAND_01032,6.2,60.0,Bacharelado,Capitais,Remoto,Não-binário,Indígena,0.4454738932340578
CAND_01033,9.9,55.0,Bacharelado,Capitais,Híbrido,Feminino,Branca,0.5287679382808925
CAND_01034,5.3,17.0,Bacharelado,Região Metropolitana,Híbrido,Masculino,Indígena,0.07823266279477264
CAND_01035,5.5,24.0,Bacharelado,Capitais,Híbrido,Não-binário,Indígena,0.5421450223689939
CAND_01036,2.5,64.0,Mestrado,Capitais,Híbrido,Masculino,Preta,0.612784093083757
CAND_01037,2.7,51.0,Bacharelado,Capitais,Presencial,Não-binário,Branca,0.5002408605594529
CAND_01038,6.7,47.0,Bacharelado,Capitais,Remoto,Não-binário,Parda,0.42040496548400585
CAND_01039,2.3,39.0,Mestrado,Capitais,Remoto,Masculino,Indígena,0.5720070823749707
CAND_01040,6.0,61.0,Bacharelado,Região Metropolitana,Presencial,Feminino,Amarela,0.5415576126802188
CAND_01041,4.1,45.0,Mestrado,Capitais,Presencial,Feminino,Preta,0.27207272437370555
CAND_01042,3.1,16.0,Bacharelado,Capitais,Remoto,Masculino,Preta,0.2605736899336446
CAND_01043,2.5,18.0,Bacharelado,Região Metropolitana,Híbrido,Não-binário,Amarela,0.20961296135218593
CAND_01044,12.2,54.0,Bacharelado,Capitais,Presencial,Não-binário,Preta,0.5492338186414676
CAND_01045,6.6,37.0,Bacharelado,Região Metropolitana,Presencial,Masculino,Indígena,0.2516915361065477
CAND_01046,0.9,32.0,Mestrado,Capitais,Híbrido,Feminino,Amarela,0.3765717296699826
CAND_01047,12.5,48.0,Doutorado,Capitais,Híbrido,Não-binário,Parda,0.5649551943383462
CAND_01048,5.4,56.0,Bacharelado,Capitais,Remoto,Não-binário,Branca,0.5942101676720185
CAND_01049,2.8,68.0,Bacharelado,Capitais,Presencial,Não-binário,Indígena,0.37338936497545255
CAND_01050,4.4,50.0,Mestrado,Capitais,Remoto,Não-binário,Preta,0.3916006517743467
CAND_01051,9.8,61.0,Mestrado,Capitais,Remoto,Feminino,Parda,0.522799385566297
CAND_01052,2.9,28.0,Mestrado,Região Metropolitana,Remoto,Feminino,Preta,0.4677275585415191
CAND_01053,3.8,69.0,Bacharelado,Região Metropolitana,Presencial,Masculino,Branca,0.5008165901853916
CAND_01054,6.7,18.0,Bacharelado,Capitais,Remoto,Feminino,Preta,0.3454269081326111
CAND_01055,4.3,56.0,Bacharelado,Capitais,Híbrido,Não-binário,Indígena,0.44529888557989705
CAND_01056,9.1,40.0,Bacharelado,Capitais,Presencial,Feminino,Preta,0.5915536157511748
CAND_01057,2.7,46.0,Bacharelado,Capitais,Remoto,Não-binário,Branca,0.5385242894783732
CAND_01058,2.9,43.0,Bacharelado,Capitais,Remoto,Masculino,Branca,0.35104716945705744
CAND_01059,3.9,44.0,Bacharelado,Capitais,Híbrido,Não-binário,Parda,0.2454822764291651
CAND_01060,4.2,46.0,Bacharelado,Região Metropolitana,Remoto,Feminino,Branca,0.480813545487814
CAND_01061,6.0,75.0,Mestrado,Região Metropolitana,Híbrido,Não-binário,Parda,0.6685234072904398
CAND_01062,4.4,66.0,Bacharelado,Capitais,Híbrido,Masculino,Preta,0.39277950002588596
CAND_01063,2.8,59.0,Bacharelado,Capitais,Híbrido,Feminino,Branca,0.1728082936551043
CAND_01064,6.5,45.0,Ensino Médio,Capitais,Híbrido,Não-binário,Preta,0.32456883425329425
CAND_01065,2.6,55.0,Mestrado,Capitais,Remoto,Masculino,Parda,0.6686415051675867
CAND_01066,7.5,40.0,Bacharelado,Capitais,Remoto,Não-binário,Amarela,0.32367929335864765
CAND_01067,0.0,55.0,Bacharelado,Região Metropolitana,Remoto,Masculino,Branca,0.3905036895200209
CAND_01068,5.7,49.0,Bacharelado,Capitais,Remoto,Masculino,Parda,0.6005593495210565
CAND_01069,4.8,57.0,Bacharelado,Capitais,Híbrido,Não-binário,Branca,0.3638718706584016
CAND_01070,6.1,43.0,Doutorado,Capitais,Remoto,Masculino,Parda,0.5257875156479334
CAND_01071,6.5,65.0,Mestrado,Região Metropolitana,Híbrido,Feminino,Branca,0.6024371636484456
CAND_01072,5.1,51.0,Bacharelado,Região Metropolitana,Remoto,Masculino,Preta,0.5456724561180426
CAND_01073,11.2,47.0,Ensino Médio,Região Metropolitana,Híbrido,Não-binário,Amarela,0.4356755976827905
CAND_01074,6.9,61.0,Bacharelado,Capitais,Presencial,Masculino,Parda,0.38674374545863655
CAND_01075,10.5,74.0,Bacharelado,Região Metropolitana,Presencial,Masculino,Branca,0.7803022019250169
CAND_01076,5.9,50.0,Bacharelado,Região Metropolitana,Remoto,Masculino,Parda,0.46421916917585787
CAND_01077,3.2,47.0,Mestrado,Região Metropolitana,Híbrido,Não-binário,Branca,0.32311183159644374
CAND_01078,0.0,56.0,Bacharelado,Capitais,Remoto,Feminino,Amarela,0.4484776768291098
CAND_01079,6.1,43.0,Bacharelado,Capitais,Híbrido,Feminino,Amarela,0.49754382122243224
CAND_01080,6.9,34.0,Bacharelado,Capitais,Remoto,Masculino,Branca,0.6061564860240682
CAND_01081,1.2,40.0,Bacharelado,Capitais,Presencial,Feminino,Amarela,0.21067120209625306
CAND_01082,5.1,69.0,Bacharelado,Região Metropolitana,Remoto,Não-binário,Preta,0.4595977882611528
CAND_01083,0.8,43.0,Mestrado,Capitais,Híbrido,Não-binário,Branca,0.4242916077448543
CAND_01084,7.5,54.0,Bacharelado,Capitais,Remoto,Feminino,Preta,0.6633504643707782
CAND_01085,7.0,25.0,Bacharelado,Capitais,Híbrido,Feminino,Parda,0.5449901563798933
CAND_01086,0.0,33.0,Bacharelado,Capitais,Remoto,Não-binário,Parda,0.37870163124643236
CAND_01087,0.6,66.0,Ensino Médio,Capitais,Híbrido,Feminino,Parda,0.3055225669489206
CAND_01088,0.0,57.0,Bacharelado,Região Metropolitana,Híbrido,Masculino,Parda,0.3084488657241617
CAND_01089,6.1,52.0,Bacharelado,Capitais,Presencial,Não-binário,Branca,0.5109771490133166
CAND_01090,6.1,31.0,Bacharelado,Capitais,Remoto,Feminino,Preta,0.1844091755331117
CAND_01091,7.6,53.0,Mestrado,Capitais,Presencial,Masculino,Indígena,0.7257916062181825
CAND_01092,1.7,52.0,Bacharelado,Capitais,Híbrido,Masculino,Branca,0.4612909231662169
CAND_01093,3.6,50.0,Bacharelado,Região Metropolitana,Híbrido,Feminino,Amarela,0.6004994561187421
CAND_01094,2.7,38.0,Bacharelado,Interior,Remoto,Feminino,Preta,0.25735890310604215
CAND_01095,2.2,61.0,Bacharelado,Capitais,Híbrido,Não-binário,Parda,0.3518217984936133
CAND_01096,2.2,38.0,Bacharelado,Região Metropolitana,Remoto,Feminino,Branca,0.5055365339834736
CAND_01097,1.1,46.0,Mestrado,Capitais,Remoto,Masculino,Preta,0.380248925657572
CAND_01098,6.2,19.0,Bacharelado,Capitais,Remoto,Masculino,Indígena,0.4221249268690288
CAND_01099,9.4,49.0,Ensino Médio,Capitais,Presencial,Feminino,Indígena,0.2706499196627138
CAND_01100,7.6,33.0,Bacharelado,Região Metropolitana,Remoto,Masculino,Parda,0.38702382895554965
CAND_01101,3.8,53.0,Bacharelado,Região Metropolitana,Híbrido,Masculino,Indígena,0.4263779362695555
CAND_01102,4.7,51.0,Mestrado,Capitais,Híbrido,Não-binário,Preta,0.5532661106874166
CAND_01103,6.2,50.0,Doutorado,Região Metropolitana,Híbrido,Masculino,Branca,0.6076337117361594
CAND_01104,5.5,32.0,Bacharelado,Região Metropolitana,Híbrido,Não-binário,Indígena,0.4155054030797546
CAND_01105,2.3,28.0,Mestrado,Interior,Híbrido,Feminino,Parda,0.3922062801567298
CAND_01106,6.3,49.0,Bacharelado,Capitais,Híbrido,Masculino,Parda,0.5018199810469773
CAND_01107,6.5,24.0,Doutorado,Região Metropolitana,Presencial,Feminino,Preta,0.4130083594799949
CAND_01108,2.2,69.0,Bacharelado,Capitais,Presencial,Não-binário,Preta,0.42471730398619123
CAND_01109,5.4,54.0,Bacharelado,Capitais,Presencial,Não-binário,Branca,0.5909927660564234
CAND_01110,4.3,63.0,Ensino Médio,Interior,Híbrido,Feminino,Amarela,0.42985097892914775
CAND_01111,6.4,64.0,Mestrado,Capitais,Remoto,Não-binário,Branca,0.510093771502152
CAND_01112,3.0,55.0,Mestrado,Interior,Híbrido,Feminino,Amarela,0.584752520403455
CAND_01113,10.8,49.0,Bacharelado,Capitais,Presencial,Masculino,Amarela,0.521005000800547
CAND_01114,0.8,48.0,Ensino Médio,Capitais,Híbrido,Não-binário,Preta,0.3868240803621499
CAND_01115,10.4,69.0,Bacharelado,Região Metropolitana,Presencial,Feminino,Indígena,0.5634595717893385
CAND_01116,2.5,42.0,Ensino Médio,Capitais,Remoto,Masculino,Parda,0.15549499697601785
CAND_01117,6.7,48.0,Ensino Médio,Capitais,Híbrido,Masculino,Parda,0.3895716451478308
CAND_01118,1.7,36.0,Mestrado,Capitais,Presencial,Masculino,Branca,0.2943635611693561
CAND_01119,2.7,41.0,Bacharelado,Capitais,Híbrido,Feminino,Amarela,0.3422584031277783
CAND_01120,2.3,43.0,Ensino Médio,Capitais,Remoto,Feminino,Preta,0.2841754434808307
CAND_01121,3.4,47.0,Mestrado,Região Metropolitana,Híbrido,Masculino,Parda,0.4873485498020801
CAND_01122,2.1,48.0,Bacharelado,Capitais,Remoto,Não-binário,Branca,0.3625370499314326
CAND_01123,11.5,51.0,Mestrado,Capitais,Remoto,Não-binário,Branca,0.6368093247905522
CAND_01124,8.1,54.0,Bacharelado,Interior,Híbrido,Masculino,Preta,0.3615048428197096
CAND_01125,4.1,52.0,Mestrado,Região Metropolitana,Presencial,Masculino,Parda,0.6653248874946076
CAND_01126,8.0,72.0,Bacharelado,Região Metropolitana,Híbrido,Feminino,Amarela,0.7586582167619462
CAND_01127,11.8,49.0,Bacharelado,Região Metropolitana,Híbrido,Feminino,Parda,0.6560758132871092
CAND_01128,8.2,51.0,Bacharelado,Região Metropolitana,Híbrido,Não-binário,Branca,0.5642135360632566
CAND_01129,9.6,60.0,Bacharelado,Capitais,Híbrido,Não-binário,Parda,0.5962178846560101
CAND_01130,8.8,33.0,Bacharelado,Região Metropolitana,Remoto,Não-binário,Indígena,0.2835418420113615
CAND_01131,9.4,47.0,Bacharelado,Interior,Remoto,Masculino,Indígena,0.7320531280373876
CAND_01132,8.0,56.0,Doutorado,Capitais,Remoto,Não-binário,Parda,0.5317462819709804
CAND_01133,1.9,57.0,Mestrado,Região Metropolitana,Presencial,Não-binário,Amarela,0.41125452017061415
CAND_01134,9.6,43.0,Bacharelado,Capitais,Híbrido,Não-binário,Parda,0.5848516836159712
CAND_01135,5.2,54.0,Bacharelado,Capitais,Remoto,Não-binário,Branca,0.6741902164442769
CAND_01136,6.0,30.0,Bacharelado,Capitais,Híbrido,Feminino,Amarela,0.4633952145937555
CAND_01137,0.0,66.0,Bacharelado,Interior,Remoto,Masculino,Preta,0.43229038971298916
CAND_01138,2.7,57.0,Bacharelado,Região Metropolitana,Híbrido,Não-binário,Branca,0.3957989388373183
CAND_01139,8.7,50.0,Mestrado,Capitais,Híbrido,Feminino,Preta,0.6546961774065707
CAND_01140,8.0,54.0,Mestrado,Capitais,Híbrido,Feminino,Preta,0.5512150809701738
CAND_01141,7.4,40.0,Ensino Médio,Capitais,Presencial,Masculino,Preta,0.3211253953205281
CAND_01142,0.7,70.0,Mestrado,Capitais,Remoto,Feminino,Indígena,0.33442958356073077
CAND_01143,5.7,76.0,Bacharelado,Região Metropolitana,Híbrido,Não-binário,Preta,0.6301451361117042
CAND_01144,4.9,26.0,Bacharelado,Capitais,Presencial,Feminino,Amarela,0.4489400021380294
CAND_01145,7.2,60.0,Bacharelado,Capitais,Remoto,Não-binário,Indígena,0.46705706013554393
CAND_01146,4.6,61.0,Bacharelado,Capitais,Remoto,Feminino,Parda,0.576596293419112
CAND_01147,2.7,57.0,Bacharelado,Capitais,Híbrido,Não-binário,Parda,0.5400851259916915
CAND_01148,3.1,36.0,Bacharelado,Região Metropolitana,Presencial,Não-binário,Branca,0.13233049398182756
CAND_01149,0.0,42.0,Bacharelado,Região Metropolitana,Híbrido,Masculino,Amarela,0.14733169118134365
CAND_01150,4.2,17.0,Mestrado,Região Metropolitana,Remoto,Feminino,Preta,0.35123443665321646
CAND_01151,4.5,33.0,Mestrado,Capitais,Híbrido,Feminino,Amarela,0.3885883753331422
CAND_01152,0.8,78.0,Bacharelado,Capitais,Híbrido,Não-binário,Branca,0.48227016266652717
CAND_01153,3.5,29.0,Bacharelado,Região Metropolitana,Remoto,Não-binário,Amarela,0.29715518641944016
CAND_01154,12.9,69.0,Mestrado,Região Metropolitana,Híbrido,Masculino,Preta,0.7367230576667927
CAND_01155,2.5,56.0,Mestrado,Capitais,Presencial,Feminino,Preta,0.455550484441098
CAND_01156,8.0,45.0,Bacharelado,Capitais,Presencial,Masculino,Parda,0.5040429051797559
CAND_01157,5.1,49.0,Mestrado,Capitais,Híbrido,Feminino,Indígena,0.48739543159812404
CAND_01158,5.6,67.0,Bacharelado,Região Metropolitana,Híbrido,Masculino,Indígena,0.5031315615669605
CAND_01159,7.7,32.0,Bacharelado,Capitais,Híbrido,Feminino,Indígena,0.6203583672153139
CAND_01160,0.0,44.0,Bacharelado,Região Metropolitana,Híbrido,Não-binário,Amarela,0.17893519742752603
CAND_01161,6.7,60.0,Bacharelado,Capitais,Remoto,Masculino,Parda,0.7527237769029027
CAND_01162,1.9,42.0,Bacharelado,Capitais,Presencial,Feminino,Preta,0.2681295492145606
CAND_01163,7.0,75.0,Mestrado,Capitais,Híbrido,Masculino,Branca,0.6015361403711236
CAND_01164,6.1,58.0,Ensino Médio,Região Metropolitana,Remoto,Feminino,Parda,0.41462449048148897
CAND_01165,0.0,37.0,Bacharelado,Capitais,Híbrido,Feminino,Indígena,0.44468362584178495
CAND_01166,9.6,58.0,Bacharelado,Região Metropolitana,Remoto,Não-binário,Amarela,0.622841696688696
CAND_01167,7.2,45.0,Bacharelado,Capitais,Remoto,Masculino,Indígena,0.5445501208203078
CAND_01168,5.4,30.0,Bacharelado,Capitais,Presencial,Masculino,Preta,0.5272325435188158
CAND_01169,11.8,69.0,Bacharelado,Capitais,Híbrido,Masculino,Parda,0.569566695223195
CAND_01170,2.6,27.0,Bacharelado,Capitais,Híbrido,Não-binário,Amarela,0.33127802340389756
CAND_01171,4.4,66.0,Mestrado,Região Metropolitana,Remoto,Feminino,Indígena,0.7495070800332565
CAND_01172,8.2,45.0,Bacharelado,Capitais,Remoto,Não-binário,Amarela,0.39537964158964045
CAND_01173,7.7,74.0,Ensino Médio,Capitais,Remoto,Feminino,Parda,0.6596056916407381
CAND_01174,6.5,56.0,Mestrado,Capitais,Remoto,Não-binário,Parda,0.5077630338669386
CAND_01175,2.4,56.0,Bacharelado,Capitais,Presencial,Feminino,Preta,0.41215806395295196
CAND_01176,6.1,50.0,Mestrado,Capitais,Híbrido,Não-binário,Amarela,0.5837509693819112
CAND_01177,13.8,42.0,Bacharelado,Região Metropolitana,Presencial,Feminino,Branca,0.5146069891434074
CAND_01178,8.5,60.0,Bacharelado,Capitais,Remoto,Feminino,Indígena,0.6185248718283789
CAND_01179,7.2,46.0,Bacharelado,Capitais,Híbrido,Masculino,Amarela,0.528049314007535
CAND_01180,15.2,43.0,Bacharelado,Interior,Híbrido,Masculino,Parda,0.6852362340887106
CAND_01181,8.4,44.0,Bacharelado,Capitais,Presencial,Masculino,Preta,0.48739698652701496
CAND_01182,6.8,48.0,Bacharelado,Capitais,Híbrido,Feminino,Branca,0.383940509564975
CAND_01183,4.2,64.0,Bacharelado,Capitais,Remoto,Feminino,Branca,0.509826399062275
CAND_01184,3.6,39.0,Doutorado,Capitais,Híbrido,Feminino,Amarela,0.5045235855388074
CAND_01185,1.4,35.0,Bacharelado,Capitais,Híbrido,Masculino,Amarela,0.4601938168822497
CAND_01186,4.8,54.0,Bacharelado,Capitais,Presencial,Não-binário,Branca,0.6020912883015817
CAND_01187,3.3,49.0,Mestrado,Região Metropolitana,Híbrido,Não-binário,Parda,0.40098410453123545
CAND_01188,4.5,50.0,Mestrado,Região Metropolitana,Presencial,Não-binário,Preta,0.6106611219312783
CAND_01189,5.8,65.0,Bacharelado,Capitais,Presencial,Não-binário,Preta,0.5536355410430884
CAND_01190,3.3,44.0,Mestrado,Capitais,Presencial,Feminino,Branca,0.5641660897832514
CAND_01191,7.8,58.0,Bacharelado,Região Metropolitana,Presencial,Não-binário,Parda,0.6187208550246595
CAND_01192,4.5,72.0,Ensino Médio,Região Metropolitana,Presencial,Não-binário,Indígena,0.5979992261832834
CAND_01193,3.6,52.0,Ensino Médio,Interior,Híbrido,Não-binário,Branca,0.3371742426073567
CAND_01194,7.2,51.0,Bacharelado,Região Metropolitana,Presencial,Masculino,Amarela,0.4894004732405904
CAND_01195,5.3,31.0,Bacharelado,Região Metropolitana,Híbrido,Masculino,Indígena,0.39549557714603956
CAND_01196,1.7,68.0,Mestrado,Capitais,Híbrido,Feminino,Preta,0.49923512885112126
CAND_01197,0.5,40.0,Bacharelado,Região Metropolitana,Híbrido,Masculino,Indígena,0.438648478809185
CAND_01198,3.8,58.0,Mestrado,Capitais,Presencial,Feminino,Branca,0.5327200173098641
CAND_01199,9.8,67.0,Bacharelado,Capitais,Híbrido,Masculino,Preta,0.7276445516434906
CAND_01200,6.5,73.0,Doutorado,Capitais,Híbrido,Feminino,Preta,0.7396190860743256
CAND_01201,6.8,16.0,Bacharelado,Capitais,Presencial,Masculino,Preta,0.3106082201004518
CAND_01202,4.4,48.0,Bacharelado,Capitais,Híbrido,Masculino,Indígena,0.540028601479256
CAND_01203,6.1,72.0,Bacharelado,Capitais,Remoto,Não-binário,Branca,0.43804491956093405
CAND_01204,7.5,57.0,Bacharelado,Interior,Presencial,Masculino,Branca,0.5572431237212376
CAND_01205,4.5,44.0,Bacharelado,Capitais,Remoto,Não-binário,Preta,0.45342627498471716
CAND_01206,0.8,43.0,Mestrado,Região Metropolitana,Híbrido,Não-binário,Branca,0.44491233767341376
CAND_01207,2.6,45.0,Mestrado,Capitais,Presencial,Não-binário,Parda,0.4740349924073143
CAND_01208,2.6,73.0,Bacharelado,Região Metropolitana,Híbrido,Masculino,Branca,0.5559835395315814
CAND_01209,12.5,22.0,Mestrado,Região Metropolitana,Remoto,Masculino,Preta,0.6256766348082907
CAND_01210,5.9,45.0,Bacharelado,Região Metropolitana,Remoto,Feminino,Amarela,0.4134464276687364
CAND_01211,4.3,55.0,Mestrado,Capitais,Híbrido,Masculino,Parda,0.5678057434776856
CAND_01212,1.0,44.0,Bacharelado,Capitais,Híbrido,Feminino,Preta,0.3515430582676442
CAND_01213,7.4,71.0,Bacharelado,Capitais,Híbrido,Não-binário,Indígena,0.4558287077347632
CAND_01214,6.4,40.0,Bacharelado,Região Metropolitana,Presencial,Não-binário,Preta,0.4190549100549791
CAND_01215,5.4,57.0,Bacharelado,Capitais,Presencial,Não-binário,Preta,0.6653311209259637
CAND_01216,6.4,47.0,Mestrado,Capitais,Presencial,Não-binário,Amarela,0.36093051534270904
CAND_01217,1.6,39.0,Bacharelado,Região Metropolitana,Híbrido,Não-binário,Indígena,0.37565815144182096
CAND_01218,5.0,42.0,Doutorado,Capitais,Presencial,Não-binário,Preta,0.5967580930861246
CAND_01219,5.3,59.0,Mestrado,Região Metropolitana,Híbrido,Feminino,Branca,0.48648309742341933
CAND_01220,7.3,53.0,Ensino Médio,Região Metropolitana,Híbrido,Não-binário,Parda,0.4258355907120793
CAND_01221,8.0,35.0,Mestrado,Região Metropolitana,Híbrido,Feminino,Parda,0.32980234075934406
CAND_01222,0.0,75.0,Bacharelado,Capitais,Presencial,Feminino,Indígena,0.5859009832743088
CAND_01223,4.3,54.0,Mestrado,Capitais,Híbrido,Masculino,Preta,0.5345735342434879
CAND_01224,7.7,30.0,Ensino Médio,Capitais,Presencial,Masculino,Amarela,0.5207679487959145
CAND_01225,10.1,32.0,Bacharelado,Interior,Remoto,Masculino,Indígena,0.4880371647898173
CAND_01226,1.9,41.0,Mestrado,Região Metropolitana,Remoto,Não-binário,Parda,0.2597038227309459
CAND_01227,4.8,80.0,Mestrado,Interior,Presencial,Masculino,Preta,0.6759902117533919
CAND_01228,7.0,45.0,Mestrado,Capitais,Híbrido,Não-binário,Parda,0.6321300000719452
CAND_01229,6.8,49.0,Ensino Médio,Região Metropolitana,Remoto,Feminino,Amarela,0.4104687857530378
CAND_01230,1.3,45.0,Mestrado,Capitais,Híbrido,Não-binário,Amarela,0.5799511037073869
CAND_01231,1.7,30.0,Bacharelado,Região Metropolitana,Híbrido,Feminino,Parda,0.29621031266078846
CAND_01232,0.0,28.0,Bacharelado,Capitais,Remoto,Feminino,Branca,0.2931733690964891
CAND_01233,3.6,33.0,Bacharelado,Região Metropolitana,Híbrido,Masculino,Amarela,0.4847795817585182
CAND_01234,2.5,51.0,Bacharelado,Região Metropolitana,Presencial,Feminino,Indígena,0.3479140685176063
CAND_01235,0.0,43.0,Bacharelado,Interior,Remoto,Masculino,Preta,0.330032317551793
CAND_01236,6.3,45.0,Bacharelado,Capitais,Híbrido,Não-binário,Amarela,0.28672545464879823
CAND_01237,4.2,59.0,Bacharelado,Capitais,Híbrido,Feminino,Preta,0.4915916604768855
CAND_01238,6.7,66.0,Bacharelado,Capitais,Híbrido,Não-binário,Branca,0.5315113266849955
CAND_01239,6.1,32.0,Bacharelado,Capitais,Remoto,Masculino,Amarela,0.39161449971654544
CAND_01240,7.5,33.0,Mestrado,Capitais,Remoto,Não-binário,Amarela,0.5513696895961727
CAND_01241,4.0,32.0,Bacharelado,Capitais,Híbrido,Feminino,Amarela,0.2592483541414248
CAND_01242,5.0,27.0,Bacharelado,Interior,Híbrido,Não-binário,Preta,0.34106462554864897
CAND_01243,4.5,58.0,Mestrado,Capitais,Híbrido,Feminino,Indígena,0.6191623822061081
CAND_01244,7.9,41.0,Mestrado,Capitais,Híbrido,Não-binário,Amarela,0.665879223085948
CAND_01245,7.1,32.0,Ensino Médio,Capitais,Remoto,Não-binário,Preta,0.32905887166138903
CAND_01246,6.5,43.0,Bacharelado,Capitais,Remoto,Masculino,Amarela,0.6310913274764117
CAND_01247,1.0,44.0,Bacharelado,Capitais,Híbrido,Masculino,Amarela,0.5152990407818925
CAND_01248,11.0,60.0,Mestrado,Capitais,Híbrido,Feminino,Preta,0.6002542210482061
CAND_01249,3.6,58.0,Mestrado,Capitais,Híbrido,Feminino,Branca,0.5191504320623764
CAND_01250,4.1,35.0,Bacharelado,Região Metropolitana,Remoto,Masculino,Amarela,0.4354471523100434
CAND_01251,10.0,50.0,Ensino Médio,Região Metropolitana,Remoto,Masculino,Parda,0.3997599224796236
CAND_01252,5.3,39.0,Ensino Médio,Capitais,Híbrido,Masculino,Indígena,0.2488958893770722
CAND_01253,3.9,42.0,Bacharelado,Região Metropolitana,Híbrido,Não-binário,Branca,0.42580673568040944
CAND_01254,7.2,18.0,Doutorado,Capitais,Híbrido,Masculino,Indígena,0.5155408773498071
CAND_01255,2.0,28.0,Doutorado,Região Metropolitana,Remoto,Não-binário,Preta,0.38489316101115745
CAND_01256,0.0,29.0,Bacharelado,Interior,Presencial,Feminino,Amarela,0.16536594937700833
CAND_01257,2.8,44.0,Mestrado,Capitais,Remoto,Não-binário,Branca,0.5027105280255982
CAND_01258,10.3,45.0,Bacharelado,Capitais,Presencial,Feminino,Branca,0.5174951478068147
CAND_01259,2.4,55.0,Bacharelado,Capitais,Híbrido,Feminino,Indígena,0.4293375323204707
CAND_01260,3.9,55.0,Bacharelado,Capitais,Híbrido,Masculino,Parda,0.34024944007419633
CAND_01261,5.5,53.0,Bacharelado,Região Metropolitana,Remoto,Masculino,Branca,0.5176225765255255
CAND_01262,6.7,70.0,Mestrado,Capitais,Remoto,Não-binário,Amarela,0.6236453198375375
CAND_01263,6.1,34.0,Bacharelado,Capitais,Presencial,Não-binário,Preta,0.3667818713602917
CAND_01264,2.3,40.0,Bacharelado,Região Metropolitana,Híbrido,Não-binário,Indígena,0.17880180409142823
CAND_01265,9.7,69.0,Ensino Médio,Capitais,Híbrido,Masculino,Parda,0.7427841370504662
CAND_01266,4.7,45.0,Bacharelado,Capitais,Híbrido,Feminino,Branca,0.3406523416645565
CAND_01267,8.5,50.0,Mestrado,Capitais,Híbrido,Masculino,Parda,0.7785401285903462
CAND_01268,1.5,52.0,Ensino Médio,Região Metropolitana,Presencial,Feminino,Parda,0.3159829412082898
CAND_01269,6.4,28.0,Mestrado,Região Metropolitana,Remoto,Masculino,Parda,0.5339230447530908
CAND_01270,6.8,38.0,Bacharelado,Interior,Híbrido,Feminino,Indígena,0.5120795558347735
CAND_01271,2.7,37.0,Bacharelado,Região Metropolitana,Híbrido,Não-binário,Indígena,0.23348084738943617
CAND_01272,7.2,70.0,Bacharelado,Capitais,Híbrido,Masculino,Indígena,0.7440116207132137
CAND_01273,0.8,30.0,Bacharelado,Interior,Remoto,Não-binário,Branca,0.26679952039499977
CAND_01274,1.9,34.0,Doutorado,Capitais,Presencial,Não-binário,Indígena,0.5144790632361159
CAND_01275,7.1,51.0,Mestrado,Região Metropolitana,Remoto,Não-binário,Preta,0.32585663946904003
CAND_01276,0.6,32.0,Bacharelado,Capitais,Presencial,Masculino,Branca,0.2407635252138145
CAND_01277,7.1,49.0,Mestrado,Interior,Híbrido,Feminino,Indígena,0.5259036610142725
CAND_01278,1.8,64.0,Mestrado,Região Metropolitana,Híbrido,Feminino,Branca,0.5749418880026816
CAND_01279,7.3,48.0,Bacharelado,Interior,Remoto,Masculino,Branca,0.4841035639525558
CAND_01280,0.0,50.0,Mestrado,Capitais,Presencial,Feminino,Indígena,0.5761148327760421
CAND_01281,4.1,50.0,Bacharelado,Região Metropolitana,Remoto,Não-binário,Branca,0.2566622799364934
CAND_01282,6.6,33.0,Mestrado,Região Metropolitana,Híbrido,Não-binário,Parda,0.3693624080277085
CAND_01283,10.6,44.0,Bacharelado,Região Metropolitana,Remoto,Feminino,Amarela,0.4608166671707989
CAND_01284,2.6,46.0,Bacharelado,Capitais,Híbrido,Não-binário,Preta,0.26731087846385587
CAND_01285,0.0,55.0,Bacharelado,Região Metropolitana,Remoto,Masculino,Amarela,0.3453663878525267
CAND_01286,1.6,19.0,Bacharelado,Região Metropolitana,Remoto,Masculino,Indígena,0.08197654260784049
CAND_01287,6.8,72.0,Bacharelado,Capitais,Presencial,Não-binário,Indígena,0.4373660793192735
CAND_01288,10.8,63.0,Bacharelado,Capitais,Remoto,Masculino,Parda,0.42052351284387407
CAND_01289,3.0,56.0,Mestrado,Capitais,Remoto,Feminino,Amarela,0.5583839379253905
CAND_01290,7.9,48.0,Bacharelado,Interior,Remoto,Não-binário,Amarela,0.4163376653787695
CAND_01291,5.3,27.0,Bacharelado,Capitais,Presencial,Feminino,Indígena,0.3427235767896085
CAND_01292,6.3,48.0,Mestrado,Capitais,Remoto,Não-binário,Indígena,0.5534631329887578
CAND_01293,4.3,56.0,Bacharelado,Capitais,Híbrido,Não-binário,Parda,0.4205539511643161
CAND_01294,1.8,30.0,Bacharelado,Capitais,Remoto,Não-binário,Preta,0.107377783427616
CAND_01295,8.9,62.0,Ensino Médio,Capitais,Híbrido,Masculino,Branca,0.5957298495483819
CAND_01296,3.6,23.0,Mestrado,Capitais,Híbrido,Feminino,Preta,0.3274149404416079
CAND_01297,2.7,77.0,Mestrado,Capitais,Presencial,Não-binário,Amarela,0.7475730961991961
CAND_01298,5.6,51.0,Ensino Médio,Capitais,Híbrido,Não-binário,Preta,0.41413155690577863
CAND_01299,4.6,48.0,Bacharelado,Capitais,Híbrido,Feminino,Branca,0.4505688529768967
CAND_01300,11.2,57.0,Bacharelado,Capitais,Presencial,Feminino,Parda,0.5510458447044415
CAND_01301,5.3,31.0,Mestrado,Região Metropolitana,Híbrido,Feminino,Parda,0.4428960614482836
CAND_01302,5.0,71.0,Bacharelado,Capitais,Remoto,Masculino,Preta,0.6315911482459086
CAND_01303,8.1,61.0,Bacharelado,Região Metropolitana,Remoto,Feminino,Preta,0.7064607976498904
CAND_01304,5.1,70.0,Ensino Médio,Capitais,Remoto,Não-binário,Amarela,0.5847505128451215
CAND_01305,7.0,49.0,Bacharelado,Capitais,Híbrido,Feminino,Branca,0.24856795692437758
CAND_01306,6.1,26.0,Bacharelado,Região Metropolitana,Híbrido,Não-binário,Preta,0.31660115038638137
CAND_01307,8.0,29.0,Mestrado,Capitais,Híbrido,Masculino,Branca,0.3714622281108642
CAND_01308,8.2,66.0,Bacharelado,Capitais,Presencial,Masculino,Amarela,0.6339168609040032
CAND_01309,2.4,48.0,Bacharelado,Interior,Híbrido,Feminino,Indígena,0.29215163588099846
CAND_01310,1.7,61.0,Mestrado,Capitais,Presencial,Feminino,Preta,0.48387086421241726
CAND_01311,1.5,71.0,Bacharelado,Capitais,Remoto,Não-binário,Indígena,0.3608340171969307
CAND_01312,6.2,65.0,Doutorado,Capitais,Híbrido,Não-binário,Indígena,0.707293235725082
CAND_01313,9.4,62.0,Bacharelado,Região Metropolitana,Híbrido,Masculino,Amarela,0.6469589958861245
CAND_01314,0.0,42.0,Ensino Médio,Capitais,Remoto,Não-binário,Branca,0.2649282690141651
CAND_01315,10.6,83.0,Doutorado,Capitais,Remoto,Masculino,Amarela,0.8770406301713167
CAND_01316,7.7,36.0,Bacharelado,Região Metropolitana,Presencial,Não-binário,Parda,0.5564077765233488
CAND_01317,1.4,62.0,Bacharelado,Região Metropolitana,Híbrido,Não-binário,Amarela,0.42948759177518775
CAND_01318,3.9,55.0,Bacharelado,Região Metropolitana,Híbrido,Feminino,Preta,0.5449704652050169
CAND_01319,2.2,58.0,Ensino Médio,Região Metropolitana,Remoto,Masculino,Indígena,0.5220623140695615
CAND_01320,8.7,30.0,Bacharelado,Capitais,Presencial,Feminino,Branca,0.48740336659064
CAND_01321,7.2,78.0,Mestrado,Região Metropolitana,Remoto,Feminino,Indígena,0.6372008896415523
CAND_01322,4.0,15.0,Bacharelado,Interior,Presencial,Não-binário,Preta,0.383546421296296
CAND_01323,4.9,12.0,Bacharelado,Região Metropolitana,Híbrido,Não-binário,Branca,0.3608651355358067
CAND_01324,7.4,23.0,Bacharelado,Capitais,Híbrido,Não-binário,Parda,0.2819817361150984
CAND_01325,4.2,66.0,Mestrado,Capitais,Remoto,Masculino,Parda,0.4880432352691766
CAND_01326,2.5,22.0,Bacharelado,Capitais,Presencial,Feminino,Indígena,0.42128000483176264
CAND_01327,4.7,37.0,Ensino Médio,Capitais,Híbrido,Masculino,Indígena,0.36081694461041003
CAND_01328,5.9,50.0,Bacharelado,Capitais,Presencial,Masculino,Parda,0.5122445935730529
CAND_01329,1.9,57.0,Mestrado,Região Metropolitana,Híbrido,Feminino,Parda,0.44741719205668684
CAND_01330,4.1,43.0,Bacharelado,Capitais,Remoto,Masculino,Indígena,0.5532662224547196
CAND_01331,4.8,74.0,Mestrado,Capitais,Híbrido,Feminino,Preta,0.5076451068499364
CAND_01332,5.1,43.0,Ensino Médio,Região Metropolitana,Remoto,Feminino,Indígena,0.4646012303155828
CAND_01333,8.8,63.0,Bacharelado,Região Metropolitana,Presencial,Masculino,Preta,0.6755672676128156
CAND_01334,6.7,74.0,Bacharelado,Capitais,Híbrido,Masculino,Parda,0.7159619452424261
CAND_01335,6.5,47.0,Bacharelado,Capitais,Híbrido,Feminino,Branca,0.4805034022266911
CAND_01336,1.7,38.0,Bacharelado,Capitais,Híbrido,Masculino,Branca,0.42942143791951715
CAND_01337,3.5,31.0,Bacharelado,Capitais,Remoto,Feminino,Preta,0.42460750750452375
CAND_01338,5.8,53.0,Bacharelado,Capitais,Híbrido,Não-binário,Branca,0.4541118416960469
CAND_01339,4.8,65.0,Mestrado,Capitais,Presencial,Feminino,Branca,0.620312897948724
CAND_01340,7.6,50.0,Ensino Médio,Região Metropolitana,Híbrido,Masculino,Amarela,0.48002793556647544
CAND_01341,7.0,47.0,Bacharelado,Interior,Remoto,Feminino,Amarela,0.6294442358002543
CAND_01342,0.0,19.0,Mestrado,Região Metropolitana,Híbrido,Não-binário,Parda,0.2656470587348575
CAND_01343,5.7,52.0,Mestrado,Capitais,Híbrido,Não-binário,Preta,0.6032296716172949
CAND_01344,6.4,45.0,Bacharelado,Capitais,Remoto,Não-binário,Branca,0.5298046223460695
CAND_01345,0.0,49.0,Bacharelado,Capitais,Presencial,Masculino,Preta,0.2620772522112625
CAND_01346,6.0,43.0,Bacharelado,Capitais,Presencial,Não-binário,Parda,0.38719957050920295
CAND_01347,13.3,71.0,Bacharelado,Região Metropolitana,Remoto,Feminino,Parda,0.6045151982222263
CAND_01348,3.5,53.0,Bacharelado,Região Metropolitana,Híbrido,Não-binário,Parda,0.47366006563498514
CAND_01349,3.6,51.0,Bacharelado,Capitais,Híbrido,Não-binário,Preta,0.5177434341804708
CAND_01350,5.7,69.0,Mestrado,Capitais,Híbrido,Feminino,Branca,0.6436763725620983
CAND_01351,8.1,54.0,Bacharelado,Capitais,Híbrido,Não-binário,Branca,0.6188833946870262
CAND_01352,7.8,64.0,Mestrado,Capitais,Híbrido,Não-binário,Amarela,0.6627369893888263
CAND_01353,2.6,62.0,Bacharelado,Capitais,Híbrido,Masculino,Preta,0.31433804455138153
CAND_01354,6.0,58.0,Mestrado,Capitais,Híbrido,Masculino,Indígena,0.5697971461406476
CAND_01355,3.9,46.0,Bacharelado,Capitais,Híbrido,Não-binário,Amarela,0.46281022274082606
CAND_01356,3.3,54.0,Bacharelado,Capitais,Híbrido,Masculino,Preta,0.5381084944730301
CAND_01357,7.6,55.0,Bacharelado,Capitais,Híbrido,Masculino,Indígena,0.5694872248187025
CAND_01358,12.3,79.0,Bacharelado,Capitais,Híbrido,Não-binário,Branca,0.8036981904736014
CAND_01359,4.4,49.0,Mestrado,Região Metropolitana,Remoto,Não-binário,Parda,0.5456227806838263
CAND_01360,3.2,56.0,Bacharelado,Região Metropolitana,Presencial,Não-binário,Amarela,0.4611412122891563
CAND_01361,1.7,45.0,Bacharelado,Capitais,Híbrido,Masculino,Amarela,0.17821375612527138
CAND_01362,8.4,46.0,Mestrado,Capitais,Remoto,Feminino,Branca,0.5859983020556061
CAND_01363,11.5,45.0,Mestrado,Região Metropolitana,Presencial,Não-binário,Amarela,0.6990852366958573
CAND_01364,0.5,33.0,Mestrado,Região Metropolitana,Híbrido,Feminino,Amarela,0.22068363612154807
CAND_01365,4.0,56.0,Bacharelado,Região Metropolitana,Remoto,Não-binário,Indígena,0.3592684657939781
CAND_01366,0.0,42.0,Mestrado,Capitais,Híbrido,Não-binário,Branca,0.4441737783500574
CAND_01367,6.9,64.0,Mestrado,Capitais,Presencial,Masculino,Amarela,0.6995622222427911
CAND_01368,3.0,67.0,Mestrado,Capitais,Remoto,Masculino,Preta,0.38587577478476454
CAND_01369,2.1,48.0,Mestrado,Capitais,Remoto,Masculino,Amarela,0.42954990268812004
CAND_01370,3.1,60.0,Mestrado,Capitais,Remoto,Masculino,Branca,0.5682784679072342
CAND_01371,1.0,14.0,Bacharelado,Capitais,Híbrido,Feminino,Indígena,0.19015345093556388
CAND_01372,8.6,49.0,Bacharelado,Interior,Híbrido,Não-binário,Preta,0.538501911324357
CAND_01373,7.4,45.0,Bacharelado,Região Metropolitana,Remoto,Feminino,Parda,0.2648293315704471
CAND_01374,9.1,67.0,Bacharelado,Capitais,Presencial,Masculino,Amarela,0.7064105289848596
CAND_01375,3.4,43.0,Bacharelado,Capitais,Presencial,Masculino,Amarela,0.3235584699558432
CAND_01376,6.1,64.0,Bacharelado,Capitais,Presencial,Feminino,Parda,0.5765906310918375
CAND_01377,6.3,62.0,Mestrado,Capitais,Presencial,Feminino,Preta,0.5294956244485989
CAND_01378,6.5,18.0,Mestrado,Capitais,Híbrido,Masculino,Indígena,0.18925221308987905
CAND_01379,3.6,55.0,Mestrado,Região Metropolitana,Remoto,Feminino,Indígena,0.32128743170317753
CAND_01380,6.8,75.0,Bacharelado,Região Metropolitana,Presencial,Feminino,Indígena,0.574984349804995
CAND_01381,7.6,60.0,Mestrado,Capitais,Híbrido,Masculino,Preta,0.6101191603186298
CAND_01382,5.7,49.0,Bacharelado,Região Metropolitana,Remoto,Não-binário,Parda,0.5109958776472923
CAND_01383,5.7,33.0,Bacharelado,Região Metropolitana,Presencial,Masculino,Branca,0.36612102299961985
CAND_01384,10.4,36.0,Bacharelado,Região Metropolitana,Remoto,Masculino,Amarela,0.32621069347010223
CAND_01385,7.3,63.0,Mestrado,Região Metropolitana,Presencial,Feminino,Amarela,0.4619732517230466
CAND_01386,2.6,11.0,Mestrado,Interior,Híbrido,Feminino,Preta,0.2348866764072906
CAND_01387,4.0,58.0,Mestrado,Capitais,Presencial,Não-binário,Indígena,0.4967620765907474
CAND_01388,10.0,52.0,Ensino Médio,Capitais,Híbrido,Não-binário,Branca,0.5721780590643186
CAND_01389,13.0,47.0,Bacharelado,Região Metropolitana,Remoto,Não-binário,Parda,0.5760984391376562
CAND_01390,3.3,52.0,Bacharelado,Capitais,Remoto,Feminino,Preta,0.3324172074136216
CAND_01391,6.6,37.0,Bacharelado,Interior,Remoto,Não-binário,Indígena,0.3232018891006211
CAND_01392,6.2,64.0,Ensino Médio,Região Metropolitana,Híbrido,Feminino,Indígena,0.5078204340427114
CAND_01393,6.4,49.0,Bacharelado,Região Metropolitana,Híbrido,Feminino,Preta,0.49931170236721156
CAND_01394,2.6,56.0,Bacharelado,Capitais,Híbrido,Masculino,Branca,0.3850063972170178
CAND_01395,6.7,32.0,Bacharelado,Capitais,Híbrido,Masculino,Amarela,0.3567489906665336
CAND_01396,2.6,39.0,Mestrado,Região Metropolitana,Remoto,Não-binário,Amarela,0.3839847039296202
CAND_01397,0.0,54.0,Bacharelado,Interior,Remoto,Não-binário,Indígena,0.5451462410103267
CAND_01398,7.5,81.0,Bacharelado,Capitais,Remoto,Feminino,Branca,0.5345178310714199
CAND_01399,10.5,58.0,Bacharelado,Interior,Presencial,Feminino,Branca,0.43041297743147805
CAND_01400,3.8,76.0,Bacharelado,Interior,Remoto,Não-binário,Parda,0.4885480448798738
CAND_01401,5.0,82.0,Bacharelado,Capitais,Híbrido,Não-binário,Preta,0.608331895294469
CAND_01402,2.3,47.0,Ensino Médio,Região Metropolitana,Híbrido,Masculino,Branca,0.263021566808089
CAND_01403,5.6,69.0,Mestrado,Capitais,Presencial,Não-binário,Branca,0.6750738932205541
CAND_01404,4.6,50.0,Bacharelado,Região Metropolitana,Híbrido,Não-binário,Preta,0.29294834965092986
CAND_01405,2.4,39.0,Bacharelado,Região Metropolitana,Híbrido,Masculino,Preta,0.3275459741491341
CAND_01406,3.2,69.0,Mestrado,Capitais,Híbrido,Feminino,Indígena,0.5302443584221896
CAND_01407,0.0,50.0,Mestrado,Capitais,Híbrido,Não-binário,Parda,0.42294491581939264
CAND_01408,0.0,47.0,Ensino Médio,Região Metropolitana,Presencial,Não-binário,Amarela,0.28141823258469434
CAND_01409,0.0,66.0,Bacharelado,Capitais,Presencial,Não-binário,Branca,0.3820223960570736
CAND_01410,2.9,42.0,Bacharelado,Capitais,Remoto,Masculino,Branca,0.2872303017308094
CAND_01411,4.1,43.0,Ensino Médio,Capitais,Híbrido,Masculino,Branca,0.3616711002167338
CAND_01412,6.0,61.0,Bacharelado,Capitais,Híbrido,Masculino,Indígena,0.37684115637498133
CAND_01413,7.9,60.0,Bacharelado,Capitais,Presencial,Masculino,Branca,0.4034588968929459
CAND_01414,0.7,55.0,Bacharelado,Interior,Remoto,Feminino,Indígena,0.28137678135858646
CAND_01415,8.0,60.0,Bacharelado,Capitais,Híbrido,Masculino,Preta,0.4808857957631357
CAND_01416,4.0,71.0,Bacharelado,Capitais,Híbrido,Não-binário,Parda,0.5226338567633397
CAND_01417,6.9,40.0,Bacharelado,Região Metropolitana,Híbrido,Não-binário,Indígena,0.6168768350004508
CAND_01418,6.9,63.0,Mestrado,Capitais,Híbrido,Não-binário,Indígena,0.5895303237650333
CAND_01419,5.7,62.0,Bacharelado,Região Metropolitana,Remoto,Masculino,Preta,0.5268347781275182
CAND_01420,6.2,96.0,Bacharelado,Capitais,Híbrido,Masculino,Parda,0.6200970325429398
CAND_01421,7.1,71.0,Mestrado,Capitais,Remoto,Feminino,Amarela,0.6655617437605367
CAND_01422,12.6,45.0,Mestrado,Capitais,Híbrido,Feminino,Preta,0.5904554249592278
CAND_01423,13.5,57.0,Mestrado,Capitais,Híbrido,Masculino,Amarela,0.5970239206327133
CAND_01424,4.0,55.0,Mestrado,Capitais,Híbrido,Feminino,Indígena,0.435643500867413
CAND_01425,9.3,86.0,Mestrado,Região Metropolitana,Híbrido,Feminino,Preta,0.6810033995907357
CAND_01426,5.2,64.0,Bacharelado,Capitais,Híbrido,Feminino,Parda,0.6268241467692973
CAND_01427,6.9,47.0,Ensino Médio,Interior,Presencial,Não-binário,Indígena,0.4443773491974822
CAND_01428,2.9,48.0,Mestrado,Região Metropolitana,Híbrido,Não-binário,Amarela,0.5748084484975395
CAND_01429,8.6,44.0,Bacharelado,Região Metropolitana,Híbrido,Feminino,Parda,0.4649381261706662
CAND_01430,6.8,45.0,Ensino Médio,Capitais,Presencial,Não-binário,Branca,0.4611142504420435
CAND_01431,8.7,76.0,Mestrado,Capitais,Remoto,Masculino,Indígena,0.7007354872348966
CAND_01432,3.0,49.0,Bacharelado,Capitais,Híbrido,Não-binário,Indígena,0.28275467827214784
CAND_01433,0.0,72.0,Bacharelado,Capitais,Híbrido,Não-binário,Preta,0.4829874478718192
CAND_01434,11.1,56.0,Mestrado,Capitais,Híbrido,Masculino,Parda,0.5952497974967625
CAND_01435,3.0,35.0,Bacharelado,Capitais,Híbrido,Não-binário,Branca,0.4017944631415472
CAND_01436,4.7,36.0,Bacharelado,Capitais,Híbrido,Masculino,Indígena,0.5607425885838999
CAND_01437,10.7,43.0,Bacharelado,Capitais,Presencial,Não-binário,Branca,0.4821211320884484
CAND_01438,2.0,66.0,Bacharelado,Capitais,Remoto,Masculino,Parda,0.41942127931616524
CAND_01439,6.7,55.0,Bacharelado,Capitais,Híbrido,Feminino,Parda,0.5653369126295432
CAND_01440,11.3,23.0,Mestrado,Região Metropolitana,Presencial,Masculino,Branca,0.5529258345553334
CAND_01441,5.9,41.0,Doutorado,Região Metropolitana,Híbrido,Masculino,Indígena,0.4264381305704933
CAND_01442,11.4,51.0,Ensino Médio,Interior,Presencial,Feminino,Indígena,0.6920392650592933
CAND_01443,5.3,53.0,Bacharelado,Capitais,Presencial,Não-binário,Branca,0.3464078990353769
CAND_01444,8.2,27.0,Bacharelado,Capitais,Híbrido,Feminino,Branca,0.4196049045748268
CAND_01445,4.6,37.0,Doutorado,Capitais,Presencial,Masculino,Parda,0.6114155100599709
CAND_01446,2.7,48.0,Mestrado,Interior,Remoto,Não-binário,Indígena,0.399045460292967
CAND_01447,5.7,33.0,Bacharelado,Região Metropolitana,Remoto,Feminino,Preta,0.48678334473368323
CAND_01448,0.0,32.0,Bacharelado,Interior,Remoto,Masculino,Indígena,0.20226909167789553
CAND_01449,2.1,45.0,Ensino Médio,Região Metropolitana,Remoto,Não-binário,Preta,0.3077842064581027
CAND_01450,4.5,64.0,Mestrado,Capitais,Presencial,Masculino,Amarela,0.4771237887338103
CAND_01451,6.1,52.0,Mestrado,Capitais,Remoto,Não-binário,Parda,0.6331612934344395
CAND_01452,10.3,38.0,Bacharelado,Capitais,Híbrido,Não-binário,Preta,0.5506626707396577
CAND_01453,4.2,53.0,Mestrado,Região Metropolitana,Remoto,Feminino,Indígena,0.45102547136520077
CAND_01454,2.8,41.0,Bacharelado,Capitais,Remoto,Feminino,Indígena,0.330403988327697
CAND_01455,5.9,57.0,Bacharelado,Capitais,Híbrido,Masculino,Branca,0.5987665023731175
CAND_01456,3.1,37.0,Bacharelado,Capitais,Presencial,Masculino,Parda,0.4402713410681686
CAND_01457,0.1,40.0,Bacharelado,Interior,Híbrido,Masculino,Indígena,0.18785010706436797
CAND_01458,3.0,50.0,Bacharelado,Capitais,Presencial,Masculino,Indígena,0.4180344418388531
CAND_01459,1.7,60.0,Mestrado,Capitais,Presencial,Feminino,Parda,0.28637377128683594
CAND_01460,7.3,62.0,Bacharelado,Região Metropolitana,Híbrido,Não-binário,Parda,0.6709898708168499
CAND_01461,2.8,60.0,Bacharelado,Região Metropolitana,Híbrido,Não-binário,Amarela,0.5999815073126614
CAND_01462,7.3,81.0,Bacharelado,Capitais,Híbrido,Masculino,Parda,0.5243942451620203
CAND_01463,3.0,55.0,Bacharelado,Região Metropolitana,Presencial,Masculino,Amarela,0.5717306753536486
CAND_01464,6.0,55.0,Bacharelado,Capitais,Híbrido,Masculino,Branca,0.3684666586877757
CAND_01465,6.7,48.0,Mestrado,Região Metropolitana,Híbrido,Feminino,Parda,0.539946786359104
CAND_01466,3.0,38.0,Bacharelado,Capitais,Híbrido,Não-binário,Parda,0.3918740138567627
CAND_01467,2.0,49.0,Bacharelado,Capitais,Remoto,Masculino,Amarela,0.26378967924812047
CAND_01468,7.3,50.0,Bacharelado,Capitais,Híbrido,Masculino,Amarela,0.45245214568528896
CAND_01469,2.4,47.0,Mestrado,Capitais,Remoto,Masculino,Branca,0.4748949650956078
CAND_01470,0.7,46.0,Bacharelado,Capitais,Híbrido,Não-binário,Preta,0.15191394156838767
CAND_01471,2.4,71.0,Mestrado,Capitais,Híbrido,Feminino,Parda,0.7204013068306097
CAND_01472,3.0,33.0,Mestrado,Capitais,Híbrido,Não-binário,Amarela,0.39842009160176184
CAND_01473,8.2,41.0,Bacharelado,Capitais,Híbrido,Não-binário,Amarela,0.3417555166902294
CAND_01474,0.0,39.0,Mestrado,Capitais,Híbrido,Não-binário,Amarela,0.24654678984121176
CAND_01475,9.4,66.0,Bacharelado,Interior,Remoto,Feminino,Amarela,0.7024667286713215
CAND_01476,2.6,68.0,Bacharelado,Capitais,Presencial,Não-binário,Preta,0.5416365619614999
CAND_01477,5.8,48.0,Mestrado,Região Metropolitana,Presencial,Feminino,Preta,0.5519528275331251
CAND_01478,7.4,39.0,Bacharelado,Capitais,Híbrido,Masculino,Branca,0.3785299135430126
CAND_01479,4.3,47.0,Bacharelado,Capitais,Presencial,Não-binário,Preta,0.4298118819632205
CAND_01480,2.1,74.0,Bacharelado,Capitais,Híbrido,Feminino,Preta,0.4911991697676469
CAND_01481,10.3,22.0,Mestrado,Capitais,Híbrido,Não-binário,Amarela,0.5172329424103231
CAND_01482,4.2,51.0,Mestrado,Capitais,Híbrido,Não-binário,Preta,0.6126858350407242
CAND_01483,3.8,46.0,Mestrado,Região Metropolitana,Híbrido,Feminino,Branca,0.5897371333424073
CAND_01484,11.0,38.0,Bacharelado,Capitais,Híbrido,Não-binário,Indígena,0.42971764458380285
CAND_01485,3.6,57.0,Mestrado,Capitais,Presencial,Feminino,Branca,0.46410960752448976
CAND_01486,0.0,48.0,Bacharelado,Capitais,Híbrido,Não-binário,Indígena,0.42886208248322005
CAND_01487,9.8,36.0,Mestrado,Capitais,Híbrido,Feminino,Parda,0.5750905894610399
CAND_01488,1.7,76.0,Mestrado,Região Metropolitana,Híbrido,Masculino,Parda,0.8670793463983576
CAND_01489,10.9,34.0,Ensino Médio,Capitais,Híbrido,Não-binário,Amarela,0.5098786874523529
CAND_01490,5.6,51.0,Bacharelado,Capitais,Remoto,Não-binário,Indígena,0.534509792003883
CAND_01491,4.8,51.0,Doutorado,Capitais,Presencial,Masculino,Indígena,0.6312813302600676
CAND_01492,1.1,58.0,Bacharelado,Capitais,Híbrido,Masculino,Amarela,0.3473847380893543
CAND_01493,6.7,45.0,Bacharelado,Região Metropolitana,Híbrido,Não-binário,Amarela,0.4715376335548237
CAND_01494,1.9,40.0,Doutorado,Capitais,Híbrido,Feminino,Branca,0.37320403225850873
CAND_01495,6.7,67.0,Bacharelado,Capitais,Híbrido,Feminino,Parda,0.8433877556818367
CAND_01496,5.3,39.0,Mestrado,Capitais,Presencial,Feminino,Amarela,0.2793242439012056
CAND_01497,9.0,20.0,Bacharelado,Capitais,Híbrido,Não-binário,Indígena,0.3997704908347492
CAND_01498,2.4,47.0,Mestrado,Capitais,Remoto,Não-binário,Branca,0.644429996644613
CAND_01499,1.1,68.0,Bacharelado,Capitais,Remoto,Feminino,Indígena,0.35655797144098944
CAND_01500,3.2,55.0,Doutorado,Capitais,Presencial,Masculino,Indígena,0.7121482988376323
CAND_01501,6.0,37.0,Bacharelado,Capitais,Remoto,Feminino,Parda,0.3289083785499771
CAND_01502,9.4,57.0,Bacharelado,Capitais,Híbrido,Feminino,Preta,0.44191043541592084
CAND_01503,3.6,47.0,Bacharelado,Capitais,Híbrido,Feminino,Indígena,0.5716580975263852
CAND_01504,4.4,50.0,Bacharelado,Capitais,Híbrido,Não-binário,Preta,0.39928725360832157
CAND_01505,5.4,35.0,Mestrado,Capitais,Remoto,Feminino,Branca,0.37676367112777975
CAND_01506,2.4,57.0,Mestrado,Região Metropolitana,Híbrido,Não-binário,Indígena,0.3460673118349372
CAND_01507,1.1,54.0,Bacharelado,Capitais,Remoto,Não-binário,Indígena,0.5731934630654127
CAND_01508,4.8,37.0,Mestrado,Região Metropolitana,Híbrido,Feminino,Parda,0.5741880030387241
CAND_01509,7.5,66.0,Bacharelado,Capitais,Remoto,Feminino,Indígena,0.5110231715358805
CAND_01510,4.1,52.0,Bacharelado,Capitais,Híbrido,Não-binário,Amarela,0.5145493885069982
CAND_01511,7.6,68.0,Bacharelado,Interior,Híbrido,Não-binário,Branca,0.5360896600946914
CAND_01512,0.2,35.0,Mestrado,Capitais,Presencial,Não-binário,Branca,0.25204225052286133
CAND_01513,4.7,66.0,Bacharelado,Região Metropolitana,Presencial,Feminino,Parda,0.5757582124269877
CAND_01514,0.0,51.0,Bacharelado,Região Metropolitana,Híbrido,Não-binário,Parda,0.3222503324103751
CAND_01515,6.0,53.0,Ensino Médio,Capitais,Híbrido,Masculino,Parda,0.4248666270732823
CAND_01516,2.1,74.0,Bacharelado,Capitais,Presencial,Masculino,Indígena,0.597492260608132
CAND_01517,7.4,53.0,Bacharelado,Capitais,Remoto,Não-binário,Parda,0.5162614246040678
CAND_01518,0.0,48.0,Bacharelado,Capitais,Presencial,Masculino,Amarela,0.24364483373946988
CAND_01519,8.1,53.0,Bacharelado,Região Metropolitana,Híbrido,Feminino,Indígena,0.5428964891525848
CAND_01520,0.6,62.0,Bacharelado,Região Metropolitana,Híbrido,Não-binário,Indígena,0.19132582865436443
CAND_01521,3.3,43.0,Bacharelado,Capitais,Híbrido,Feminino,Amarela,0.3930311123175322
CAND_01522,2.2,33.0,Bacharelado,Capitais,Presencial,Não-binário,Indígena,0.34563213279801874
CAND_01523,7.2,39.0,Bacharelado,Capitais,Híbrido,Masculino,Preta,0.3541657350388044
CAND_01524,5.7,48.0,Bacharelado,Região Metropolitana,Presencial,Feminino,Indígena,0.5308455919268902
CAND_01525,7.5,42.0,Bacharelado,Capitais,Presencial,Feminino,Preta,0.4041829673855264
CAND_01526,6.2,45.0,Bacharelado,Região Metropolitana,Híbrido,Feminino,Parda,0.4470114035896096
CAND_01527,3.5,59.0,Bacharelado,Capitais,Híbrido,Não-binário,Branca,0.4258993829952525
CAND_01528,2.1,56.0,Ensino Médio,Região Metropolitana,Presencial,Feminino,Amarela,0.48708883083291077
CAND_01529,6.7,28.0,Mestrado,Capitais,Híbrido,Não-binário,Amarela,0.30180278659625526
CAND_01530,6.6,53.0,Bacharelado,Capitais,Presencial,Masculino,Indígena,0.48106477763002864
CAND_01531,2.9,71.0,Bacharelado,Capitais,Híbrido,Masculino,Parda,0.42338688978381844
CAND_01532,2.1,48.0,Bacharelado,Capitais,Remoto,Não-binário,Parda,0.5619725726264262
CAND_01533,5.9,41.0,Ensino Médio,Região Metropolitana,Remoto,Masculino,Branca,0.3770130555512264
CAND_01534,8.9,83.0,Mestrado,Capitais,Híbrido,Masculino,Amarela,0.5938016647160651
CAND_01535,5.0,53.0,Bacharelado,Capitais,Presencial,Feminino,Indígena,0.4140458205521887
CAND_01536,4.3,49.0,Bacharelado,Capitais,Híbrido,Feminino,Indígena,0.5495871136615242
CAND_01537,4.2,60.0,Ensino Médio,Capitais,Remoto,Feminino,Amarela,0.4680010508776911
CAND_01538,0.7,43.0,Bacharelado,Capitais,Presencial,Feminino,Indígena,0.25842343953519076
CAND_01539,8.5,43.0,Mestrado,Capitais,Presencial,Masculino,Preta,0.4851206165431403
CAND_01540,4.3,49.0,Bacharelado,Capitais,Remoto,Não-binário,Parda,0.5402919713967099
CAND_01541,2.4,67.0,Mestrado,Capitais,Remoto,Masculino,Branca,0.36113956498208055
CAND_01542,0.0,71.0,Mestrado,Capitais,Remoto,Feminino,Preta,0.5511414211489942
CAND_01543,7.3,47.0,Bacharelado,Capitais,Remoto,Feminino,Preta,0.497930746941171
CAND_01544,7.5,34.0,Bacharelado,Capitais,Presencial,Masculino,Branca,0.3376397799753178
CAND_01545,5.5,47.0,Bacharelado,Capitais,Híbrido,Masculino,Branca,0.48714562676949724
CAND_01546,6.9,46.0,Ensino Médio,Capitais,Híbrido,Feminino,Indígena,0.3331070228762025
CAND_01547,4.6,39.0,Bacharelado,Região Metropolitana,Presencial,Não-binário,Indígena,0.2360241585600664
CAND_01548,1.4,60.0,Mestrado,Capitais,Híbrido,Masculino,Amarela,0.44199910798176456
CAND_01549,8.8,72.0,Bacharelado,Capitais,Híbrido,Masculino,Parda,0.5824347007171762
CAND_01550,7.6,69.0,Ensino Médio,Região Metropolitana,Presencial,Feminino,Preta,0.6828899708883237
CAND_01551,2.3,49.0,Bacharelado,Região Metropolitana,Híbrido,Feminino,Amarela,0.2803976779424959
CAND_01552,7.8,36.0,Mestrado,Interior,Presencial,Feminino,Preta,0.31003851221703194
CAND_01553,8.4,65.0,Mestrado,Capitais,Remoto,Não-binário,Preta,0.4805030659390731
CAND_01554,5.3,41.0,Mestrado,Capitais,Remoto,Masculino,Indígena,0.4670082270124008
CAND_01555,3.6,26.0,Mestrado,Capitais,Remoto,Feminino,Branca,0.2769965600285591
CAND_01556,6.3,71.0,Ensino Médio,Capitais,Híbrido,Masculino,Branca,0.381476442117399
CAND_01557,5.3,38.0,Bacharelado,Capitais,Híbrido,Feminino,Parda,0.37854457019963517
CAND_01558,3.2,64.0,Bacharelado,Capitais,Híbrido,Feminino,Parda,0.41710562628863856
CAND_01559,8.7,44.0,Bacharelado,Capitais,Presencial,Masculino,Parda,0.5821226203148324
CAND_01560,7.5,31.0,Mestrado,Interior,Presencial,Feminino,Parda,0.5556687047903855
CAND_01561,5.9,38.0,Ensino Médio,Interior,Remoto,Não-binário,Preta,0.322687118653452
CAND_01562,4.2,0.0,Bacharelado,Região Metropolitana,Presencial,Feminino,Preta,0.21719038888161246
CAND_01563,8.9,31.0,Bacharelado,Capitais,Presencial,Não-binário,Branca,0.6631893826848343
CAND_01564,3.1,60.0,Doutorado,Capitais,Híbrido,Feminino,Branca,0.8148843381813512
CAND_01565,6.6,45.0,Bacharelado,Região Metropolitana,Presencial,Masculino,Branca,0.7247097533736646
CAND_01566,3.3,51.0,Bacharelado,Capitais,Presencial,Não-binário,Preta,0.4364827181500006
CAND_01567,9.4,62.0,Mestrado,Capitais,Presencial,Não-binário,Branca,0.604034147373784
CAND_01568,3.6,70.0,Bacharelado,Região Metropolitana,Remoto,Não-binário,Preta,0.3704776740854363
CAND_01569,4.1,67.0,Bacharelado,Capitais,Híbrido,Feminino,Preta,0.6007269892889593
CAND_01570,4.4,65.0,Bacharelado,Interior,Remoto,Não-binário,Amarela,0.538822684585441
CAND_01571,2.4,32.0,Bacharelado,Capitais,Híbrido,Feminino,Amarela,0.2623601764869645
CAND_01572,10.6,28.0,Mestrado,Interior,Remoto,Não-binário,Parda,0.5600748942834194
CAND_01573,7.0,23.0,Bacharelado,Capitais,Híbrido,Feminino,Amarela,0.32634567581449303
CAND_01574,5.3,52.0,Mestrado,Capitais,Remoto,Não-binário,Preta,0.435797790184772
CAND_01575,3.4,65.0,Bacharelado,Interior,Remoto,Feminino,Branca,0.5239739317994161
CAND_01576,6.7,52.0,Bacharelado,Região Metropolitana,Híbrido,Não-binário,Branca,0.6487719063549635
CAND_01577,1.7,53.0,Mestrado,Interior,Remoto,Feminino,Branca,0.5906054005927432
CAND_01578,1.1,77.0,Bacharelado,Capitais,Híbrido,Feminino,Parda,0.2670294271416749
CAND_01579,2.7,57.0,Mestrado,Interior,Híbrido,Feminino,Indígena,0.5256858296068548
CAND_01580,7.4,43.0,Bacharelado,Capitais,Presencial,Não-binário,Amarela,0.4730940060479031
CAND_01581,7.6,20.0,Mestrado,Interior,Híbrido,Não-binário,Preta,0.43350285723717824
CAND_01582,5.3,69.0,Mestrado,Região Metropolitana,Híbrido,Feminino,Parda,0.5859278485621577
CAND_01583,4.4,47.0,Mestrado,Capitais,Presencial,Feminino,Indígena,0.44759076102423967
CAND_01584,4.9,58.0,Bacharelado,Capitais,Híbrido,Feminino,Indígena,0.23758415965400492
CAND_01585,7.0,22.0,Bacharelado,Região Metropolitana,Híbrido,Masculino,Amarela,0.43625152642359905
CAND_01586,0.0,60.0,Bacharelado,Região Metropolitana,Remoto,Não-binário,Amarela,0.47223375963893394
CAND_01587,6.2,48.0,Ensino Médio,Capitais,Híbrido,Não-binário,Parda,0.46668290870431905
CAND_01588,7.3,19.0,Bacharelado,Região Metropolitana,Híbrido,Feminino,Indígena,0.35445766248186344
CAND_01589,7.3,32.0,Mestrado,Capitais,Presencial,Masculino,Amarela,0.3308928901380852
CAND_01590,6.0,36.0,Bacharelado,Capitais,Híbrido,Feminino,Parda,0.43002529463438727
CAND_01591,6.7,38.0,Mestrado,Região Metropolitana,Híbrido,Masculino,Indígena,0.46208162027808464
CAND_01592,9.8,32.0,Bacharelado,Capitais,Presencial,Masculino,Branca,0.707885362456693
CAND_01593,3.0,47.0,Mestrado,Capitais,Presencial,Não-binário,Branca,0.39682753474315513
CAND_01594,4.9,60.0,Bacharelado,Capitais,Remoto,Feminino,Branca,0.6414047261598095
CAND_01595,4.4,58.0,Bacharelado,Capitais,Presencial,Não-binário,Indígena,0.4511827080268864
CAND_01596,8.5,44.0,Doutorado,Capitais,Remoto,Masculino,Branca,0.45951306778430684
CAND_01597,4.0,60.0,Bacharelado,Região Metropolitana,Remoto,Feminino,Amarela,0.443089881054527
CAND_01598,2.4,91.0,Bacharelado,Capitais,Remoto,Não-binário,Indígena,0.563337926641145
CAND_01599,2.9,52.0,Bacharelado,Região Metropolitana,Presencial,Não-binário,Parda,0.372147374735569
CAND_01600,0.4,31.0,Bacharelado,Capitais,Híbrido,Masculino,Preta,0.25289440045824774
CAND_01601,4.4,51.0,Mestrado,Região Metropolitana,Presencial,Feminino,Amarela,0.5220742705285752
CAND_01602,4.7,52.0,Mestrado,Capitais,Presencial,Feminino,Indígena,0.4955276570503771
CAND_01603,1.1,27.0,Ensino Médio,Capitais,Remoto,Masculino,Branca,0.3038823470773192
CAND_01604,3.2,59.0,Bacharelado,Região Metropolitana,Remoto,Masculino,Amarela,0.5246206585477102
CAND_01605,3.9,43.0,Ensino Médio,Região Metropolitana,Presencial,Não-binário,Amarela,0.3196577103542699
CAND_01606,7.6,65.0,Bacharelado,Região Metropolitana,Híbrido,Feminino,Amarela,0.43639087168038004
CAND_01607,2.5,49.0,Mestrado,Região Metropolitana,Remoto,Masculino,Preta,0.45279241128783365
CAND_01608,1.5,49.0,Bacharelado,Capitais,Presencial,Feminino,Branca,0.4384495964658427
CAND_01609,4.1,65.0,Mestrado,Capitais,Híbrido,Não-binário,Branca,0.47899397182049624
CAND_01610,7.2,41.0,Bacharelado,Capitais,Remoto,Masculino,Amarela,0.4086734401384354
CAND_01611,4.4,32.0,Bacharelado,Interior,Híbrido,Não-binário,Amarela,0.4144774042271955
CAND_01612,6.4,49.0,Bacharelado,Região Metropolitana,Presencial,Não-binário,Preta,0.5944621797010412
CAND_01613,2.8,26.0,Mestrado,Interior,Híbrido,Masculino,Preta,0.61728276746461
CAND_01614,6.0,37.0,Ensino Médio,Capitais,Remoto,Masculino,Parda,0.41349125248463053
CAND_01615,6.6,66.0,Mestrado,Região Metropolitana,Híbrido,Não-binário,Branca,0.6129308730333505
CAND_01616,2.3,41.0,Bacharelado,Capitais,Híbrido,Não-binário,Parda,0.29526266966266496
CAND_01617,2.7,54.0,Ensino Médio,Capitais,Presencial,Feminino,Parda,0.5859294134634121
CAND_01618,0.0,14.0,Bacharelado,Região Metropolitana,Remoto,Não-binário,Preta,0.4217934502988298
CAND_01619,6.5,60.0,Bacharelado,Região Metropolitana,Remoto,Feminino,Preta,0.5520665175929832
CAND_01620,2.7,37.0,Bacharelado,Capitais,Híbrido,Feminino,Preta,0.25900381484215784
CAND_01621,4.2,41.0,Ensino Médio,Capitais,Presencial,Não-binário,Preta,0.1514756817721377
CAND_01622,4.5,64.0,Bacharelado,Capitais,Híbrido,Feminino,Preta,0.48285404859190867
CAND_01623,6.4,53.0,Bacharelado,Capitais,Presencial,Não-binário,Parda,0.3972784257180159
CAND_01624,3.3,48.0,Bacharelado,Capitais,Remoto,Não-binário,Indígena,0.5723118035204222
CAND_01625,4.5,52.0,Mestrado,Região Metropolitana,Híbrido,Não-binário,Branca,0.4590648328471791
CAND_01626,8.7,59.0,Mestrado,Capitais,Presencial,Feminino,Branca,0.6854578676481593
CAND_01627,9.7,48.0,Bacharelado,Capitais,Presencial,Masculino,Indígena,0.5957457984759417
CAND_01628,6.7,53.0,Mestrado,Capitais,Presencial,Feminino,Amarela,0.3683136056904688
CAND_01629,8.7,30.0,Mestrado,Capitais,Remoto,Masculino,Branca,0.49807868374955616
CAND_01630,6.0,37.0,Mestrado,Região Metropolitana,Híbrido,Feminino,Amarela,0.5081897094275155
CAND_01631,4.4,38.0,Doutorado,Capitais,Remoto,Não-binário,Amarela,0.5829398418796045
CAND_01632,7.1,29.0,Ensino Médio,Capitais,Presencial,Não-binário,Parda,0.13241759680175474
CAND_01633,3.3,54.0,Ensino Médio,Região Metropolitana,Remoto,Masculino,Indígena,0.634596844257422
CAND_01634,2.1,64.0,Bacharelado,Região Metropolitana,Híbrido,Feminino,Preta,0.39292714086355984
CAND_01635,2.4,55.0,Bacharelado,Interior,Remoto,Masculino,Branca,0.23935825851501702
CAND_01636,1.8,59.0,Bacharelado,Região Metropolitana,Presencial,Não-binário,Preta,0.4278435335666996
CAND_01637,5.7,62.0,Mestrado,Capitais,Remoto,Não-binário,Preta,0.5538175919752069
CAND_01638,5.3,46.0,Mestrado,Capitais,Remoto,Masculino,Amarela,0.44829639830457246
CAND_01639,0.0,44.0,Bacharelado,Capitais,Híbrido,Não-binário,Branca,0.3239815090574535
CAND_01640,4.2,68.0,Bacharelado,Região Metropolitana,Remoto,Feminino,Amarela,0.6544781720542718
CAND_01641,7.6,31.0,Mestrado,Região Metropolitana,Presencial,Masculino,Amarela,0.3642416909639201
CAND_01642,9.6,55.0,Mestrado,Capitais,Híbrido,Feminino,Indígena,0.8032808253297076
CAND_01643,8.0,53.0,Mestrado,Região Metropolitana,Presencial,Masculino,Indígena,0.677463898670255
CAND_01644,0.8,34.0,Bacharelado,Capitais,Presencial,Masculino,Parda,0.37783405807749804
CAND_01645,5.7,69.0,Mestrado,Região Metropolitana,Híbrido,Masculino,Amarela,0.5054178770329809
CAND_01646,4.6,70.0,Bacharelado,Capitais,Híbrido,Masculino,Parda,0.5632935615099033
CAND_01647,9.0,63.0,Bacharelado,Capitais,Híbrido,Masculino,Branca,0.7762053764822755
CAND_01648,1.1,54.0,Bacharelado,Região Metropolitana,Híbrido,Feminino,Parda,0.4597299234862664
CAND_01649,6.2,46.0,Ensino Médio,Interior,Híbrido,Não-binário,Branca,0.2844748549304121
CAND_01650,8.8,52.0,Doutorado,Capitais,Presencial,Feminino,Amarela,0.4769768832696508
CAND_01651,0.0,75.0,Bacharelado,Região Metropolitana,Remoto,Masculino,Indígena,0.2900545111909807
CAND_01652,3.9,53.0,Bacharelado,Capitais,Remoto,Não-binário,Preta,0.5747466954501312
CAND_01653,1.7,47.0,Bacharelado,Capitais,Híbrido,Não-binário,Parda,0.265413135470116
CAND_01654,7.0,34.0,Ensino Médio,Capitais,Híbrido,Feminino,Preta,0.39091973835155647
CAND_01655,5.9,43.0,Doutorado,Capitais,Presencial,Não-binário,Preta,0.6431406407123372
CAND_01656,7.6,44.0,Ensino Médio,Região Metropolitana,Remoto,Não-binário,Preta,0.4630447396803408
CAND_01657,2.6,55.0,Bacharelado,Capitais,Remoto,Feminino,Indígena,0.2434113884026153
CAND_01658,4.3,72.0,Mestrado,Interior,Remoto,Masculino,Indígena,0.5087672012698093
CAND_01659,4.2,61.0,Bacharelado,Capitais,Remoto,Feminino,Preta,0.5076211850589948
CAND_01660,6.0,39.0,Mestrado,Capitais,Híbrido,Masculino,Preta,0.44604885566111946
CAND_01661,5.8,43.0,Bacharelado,Capitais,Híbrido,Masculino,Amarela,0.5837416238963917
CAND_01662,1.2,38.0,Ensino Médio,Capitais,Híbrido,Feminino,Amarela,0.24247049683500668
CAND_01663,5.5,64.0,Bacharelado,Capitais,Presencial,Feminino,Indígena,0.5701654500830171
CAND_01664,0.0,71.0,Bacharelado,Interior,Híbrido,Não-binário,Indígena,0.4873616223439698
CAND_01665,6.6,57.0,Mestrado,Interior,Remoto,Feminino,Amarela,0.5384400837307957
CAND_01666,0.2,51.0,Ensino Médio,Interior,Híbrido,Não-binário,Branca,0.304807676876034
CAND_01667,6.9,34.0,Ensino Médio,Capitais,Híbrido,Feminino,Parda,0.3473999897841363
CAND_01668,2.8,41.0,Bacharelado,Região Metropolitana,Remoto,Masculino,Amarela,0.5606684424194279
CAND_01669,6.6,56.0,Mestrado,Interior,Híbrido,Masculino,Branca,0.6647074790568213
CAND_01670,7.8,47.0,Bacharelado,Capitais,Híbrido,Masculino,Parda,0.7219338141848998
CAND_01671,2.1,43.0,Mestrado,Capitais,Presencial,Masculino,Amarela,0.4014791978846367
CAND_01672,8.7,43.0,Bacharelado,Capitais,Presencial,Feminino,Branca,0.31429818651993735
CAND_01673,1.9,59.0,Bacharelado,Capitais,Híbrido,Não-binário,Parda,0.2027697685849942
CAND_01674,5.4,54.0,Mestrado,Capitais,Híbrido,Feminino,Branca,0.3910160529245138
CAND_01675,2.6,25.0,Bacharelado,Capitais,Presencial,Masculino,Indígena,0.357090292077743
CAND_01676,0.0,43.0,Bacharelado,Região Metropolitana,Remoto,Feminino,Parda,0.4035510154302827
CAND_01677,5.8,57.0,Bacharelado,Capitais,Presencial,Feminino,Branca,0.5725307089898135
CAND_01678,7.9,35.0,Bacharelado,Capitais,Remoto,Masculino,Amarela,0.7213942715846317
CAND_01679,3.7,36.0,Ensino Médio,Capitais,Híbrido,Feminino,Amarela,0.19305141499414974
CAND_01680,7.3,70.0,Bacharelado,Capitais,Presencial,Masculino,Amarela,0.5624221331848719
CAND_01681,1.8,85.0,Ensino Médio,Capitais,Presencial,Não-binário,Indígena,0.5745623307027078
CAND_01682,6.7,63.0,Mestrado,Capitais,Remoto,Masculino,Parda,0.5875961066727317
CAND_01683,0.0,46.0,Bacharelado,Região Metropolitana,Híbrido,Masculino,Indígena,0.20052691172528464
CAND_01684,8.7,52.0,Bacharelado,Interior,Presencial,Masculino,Preta,0.6144949875562512
CAND_01685,3.3,74.0,Bacharelado,Capitais,Híbrido,Masculino,Parda,0.48784081186053424
CAND_01686,1.5,26.0,Mestrado,Região Metropolitana,Remoto,Masculino,Amarela,0.3092448086328005
CAND_01687,3.3,62.0,Bacharelado,Capitais,Presencial,Não-binário,Parda,0.40781912757593003
CAND_01688,10.7,66.0,Mestrado,Capitais,Híbrido,Não-binário,Indígena,0.6064449721524259
CAND_01689,6.4,57.0,Bacharelado,Capitais,Remoto,Masculino,Preta,0.5797362687246399
CAND_01690,4.4,34.0,Mestrado,Região Metropolitana,Presencial,Masculino,Parda,0.5470813264727102
CAND_01691,12.9,56.0,Bacharelado,Capitais,Remoto,Feminino,Branca,0.8579505392787699
CAND_01692,7.0,76.0,Doutorado,Região Metropolitana,Remoto,Feminino,Parda,0.6373295949414156
CAND_01693,6.0,56.0,Bacharelado,Região Metropolitana,Presencial,Feminino,Branca,0.5291487158555991
CAND_01694,8.3,46.0,Bacharelado,Capitais,Presencial,Não-binário,Amarela,0.5934058643789365
CAND_01695,8.7,75.0,Bacharelado,Capitais,Remoto,Não-binário,Amarela,0.7763068904281112
CAND_01696,3.1,47.0,Bacharelado,Capitais,Híbrido,Não-binário,Preta,0.3089720489343715
CAND_01697,1.8,38.0,Mestrado,Capitais,Híbrido,Masculino,Preta,0.36985865207927393
CAND_01698,2.0,60.0,Ensino Médio,Região Metropolitana,Remoto,Masculino,Branca,0.3787891192799508
CAND_01699,5.2,43.0,Bacharelado,Região Metropolitana,Presencial,Masculino,Parda,0.35720555834854095
CAND_01700,4.8,21.0,Bacharelado,Região Metropolitana,Híbrido,Não-binário,Preta,0.2773860798183245
CAND_01701,3.1,45.0,Bacharelado,Interior,Híbrido,Feminino,Preta,0.27824594738878117
CAND_01702,2.2,48.0,Bacharelado,Capitais,Híbrido,Masculino,Indígena,0.5047026386153032
CAND_01703,8.7,70.0,Bacharelado,Região Metropolitana,Remoto,Feminino,Parda,0.5792181096530605
CAND_01704,3.2,38.0,Bacharelado,Interior,Remoto,Não-binário,Preta,0.30914817451839494
CAND_01705,1.6,67.0,Mestrado,Região Metropolitana,Presencial,Feminino,Branca,0.39836779794349503
CAND_01706,3.9,53.0,Bacharelado,Interior,Híbrido,Não-binário,Branca,0.4733428489708828
CAND_01707,2.3,28.0,Bacharelado,Região Metropolitana,Remoto,Não-binário,Indígena,0.4803885969033017
CAND_01708,2.6,33.0,Bacharelado,Capitais,Presencial,Feminino,Branca,0.31896741253993754
CAND_01709,5.0,63.0,Mestrado,Capitais,Híbrido,Masculino,Indígena,0.5667555260146722
CAND_01710,6.7,42.0,Bacharelado,Capitais,Remoto,Masculino,Parda,0.49027809594561506
CAND_01711,14.0,41.0,Mestrado,Capitais,Presencial,Masculino,Preta,0.6435319134454622
CAND_01712,10.3,43.0,Mestrado,Capitais,Híbrido,Masculino,Branca,0.4151872089121686
CAND_01713,1.1,64.0,Bacharelado,Região Metropolitana,Presencial,Não-binário,Parda,0.40697790216406987
CAND_01714,4.4,44.0,Bacharelado,Região Metropolitana,Presencial,Feminino,Indígena,0.36421165576982084
CAND_01715,6.4,50.0,Bacharelado,Região Metropolitana,Presencial,Masculino,Amarela,0.5415427872525617
CAND_01716,6.2,52.0,Mestrado,Capitais,Híbrido,Masculino,Branca,0.5751323376964166
CAND_01717,3.2,25.0,Bacharelado,Região Metropolitana,Híbrido,Não-binário,Indígena,0.2997266710406649
CAND_01718,7.5,62.0,Bacharelado,Interior,Híbrido,Não-binário,Preta,0.5920099963711837
CAND_01719,2.2,45.0,Ensino Médio,Capitais,Remoto,Não-binário,Parda,0.3184400918942851
CAND_01720,3.2,75.0,Mestrado,Capitais,Híbrido,Masculino,Parda,0.4578654119810398
CAND_01721,4.0,54.0,Bacharelado,Capitais,Remoto,Masculino,Branca,0.3862438406303369
CAND_01722,3.1,55.0,Mestrado,Capitais,Híbrido,Feminino,Amarela,0.51178245666271
CAND_01723,9.3,51.0,Bacharelado,Região Metropolitana,Remoto,Masculino,Preta,0.4754513629152611
CAND_01724,6.4,25.0,Bacharelado,Região Metropolitana,Híbrido,Não-binário,Indígena,0.5179990230370471
CAND_01725,6.5,47.0,Bacharelado,Capitais,Híbrido,Masculino,Branca,0.4267161750641424
CAND_01726,3.3,47.0,Ensino Médio,Capitais,Híbrido,Masculino,Parda,0.2510162802326855
CAND_01727,12.8,41.0,Bacharelado,Região Metropolitana,Híbrido,Masculino,Indígena,0.7492442874564894
CAND_01728,1.1,50.0,Bacharelado,Capitais,Híbrido,Não-binário,Parda,0.4111890325538661
CAND_01729,7.6,39.0,Ensino Médio,Capitais,Híbrido,Feminino,Amarela,0.5888493984150222
CAND_01730,10.9,47.0,Mestrado,Região Metropolitana,Híbrido,Feminino,Amarela,0.6469917280112922
CAND_01731,6.3,52.0,Bacharelado,Região Metropolitana,Presencial,Masculino,Indígena,0.41690567348022134
CAND_01732,5.6,59.0,Bacharelado,Interior,Híbrido,Masculino,Amarela,0.4946324286378032
CAND_01733,4.0,53.0,Bacharelado,Capitais,Remoto,Não-binário,Amarela,0.3958509607218041
CAND_01734,6.9,53.0,Mestrado,Interior,Híbrido,Não-binário,Parda,0.6693165102770622
CAND_01735,4.9,69.0,Bacharelado,Capitais,Híbrido,Não-binário,Preta,0.5421876143641629
CAND_01736,10.0,59.0,Ensino Médio,Capitais,Presencial,Não-binário,Preta,0.8384093249272115
CAND_01737,3.3,41.0,Bacharelado,Capitais,Híbrido,Feminino,Preta,0.40662253567328965
CAND_01738,2.8,45.0,Ensino Médio,Interior,Híbrido,Não-binário,Amarela,0.6044093308124623
CAND_01739,2.1,22.0,Bacharelado,Capitais,Híbrido,Não-binário,Parda,0.23815986654355056
CAND_01740,9.7,69.0,Bacharelado,Região Metropolitana,Híbrido,Feminino,Preta,0.53037121915193
CAND_01741,6.5,45.0,Bacharelado,Capitais,Híbrido,Feminino,Amarela,0.5043577294348186
CAND_01742,9.2,37.0,Mestrado,Capitais,Presencial,Não-binário,Amarela,0.4864116323852926
CAND_01743,4.1,42.0,Bacharelado,Capitais,Presencial,Feminino,Parda,0.5300532433129209
CAND_01744,0.7,60.0,Bacharelado,Capitais,Presencial,Feminino,Branca,0.46078717468883346
CAND_01745,8.2,52.0,Ensino Médio,Capitais,Presencial,Feminino,Indígena,0.3916991185602743
CAND_01746,7.7,30.0,Bacharelado,Capitais,Presencial,Masculino,Amarela,0.4346037488883731
CAND_01747,2.9,28.0,Ensino Médio,Capitais,Híbrido,Não-binário,Preta,0.4448510084893841
CAND_01748,2.1,71.0,Ensino Médio,Região Metropolitana,Híbrido,Não-binário,Indígena,0.5276490747109661
CAND_01749,2.9,38.0,Mestrado,Capitais,Remoto,Feminino,Preta,0.2716644145922038
CAND_01750,4.3,44.0,Mestrado,Capitais,Híbrido,Masculino,Amarela,0.6385078536155265
CAND_01751,5.4,58.0,Ensino Médio,Região Metropolitana,Presencial,Não-binário,Branca,0.5536209519434762
CAND_01752,6.5,32.0,Bacharelado,Capitais,Remoto,Feminino,Indígena,0.4682085591739385
CAND_01753,3.8,39.0,Bacharelado,Capitais,Remoto,Feminino,Amarela,0.5268835965060137
CAND_01754,11.2,36.0,Bacharelado,Região Metropolitana,Híbrido,Feminino,Branca,0.5479007690020528
CAND_01755,11.1,66.0,Bacharelado,Interior,Presencial,Feminino,Amarela,0.577408793563109
CAND_01756,5.9,52.0,Bacharelado,Interior,Presencial,Feminino,Branca,0.6303296860663211
CAND_01757,6.0,49.0,Bacharelado,Região Metropolitana,Híbrido,Não-binário,Indígena,0.3516601385522736
CAND_01758,3.2,38.0,Bacharelado,Interior,Remoto,Não-binário,Branca,0.2928652673916327
CAND_01759,8.6,87.0,Mestrado,Região Metropolitana,Remoto,Não-binário,Parda,0.9172183643660198
CAND_01760,5.6,39.0,Bacharelado,Capitais,Remoto,Masculino,Indígena,0.3385152090442196
CAND_01761,0.8,30.0,Mestrado,Interior,Presencial,Feminino,Amarela,0.3839597298203767
CAND_01762,3.2,42.0,Ensino Médio,Região Metropolitana,Presencial,Não-binário,Preta,0.36506479626112026
CAND_01763,5.2,42.0,Ensino Médio,Capitais,Presencial,Não-binário,Amarela,0.24174341433023627
CAND_01764,8.3,47.0,Ensino Médio,Região Metropolitana,Presencial,Não-binário,Amarela,0.4096391666691799
CAND_01765,0.0,63.0,Bacharelado,Capitais,Presencial,Masculino,Parda,0.27473535921298264
CAND_01766,6.1,77.0,Bacharelado,Região Metropolitana,Remoto,Feminino,Preta,0.5966314128120714
CAND_01767,5.0,72.0,Bacharelado,Região Metropolitana,Híbrido,Feminino,Indígena,0.47604972347015595
CAND_01768,3.5,19.0,Bacharelado,Região Metropolitana,Híbrido,Feminino,Parda,0.39048206824720044
CAND_01769,3.7,51.0,Bacharelado,Região Metropolitana,Presencial,Não-binário,Branca,0.6428437820657043
CAND_01770,8.0,53.0,Bacharelado,Capitais,Híbrido,Feminino,Amarela,0.48738583429639437
CAND_01771,5.0,49.0,Mestrado,Região Metropolitana,Híbrido,Masculino,Preta,0.5862855589892125
CAND_01772,0.0,55.0,Bacharelado,Interior,Presencial,Feminino,Branca,0.0
CAND_01773,4.8,68.0,Bacharelado,Capitais,Híbrido,Masculino,Parda,0.5799386814989936
CAND_01774,6.7,48.0,Bacharelado,Região Metropolitana,Presencial,Não-binário,Preta,0.6019513753785128
CAND_01775,3.0,37.0,Bacharelado,Capitais,Remoto,Masculino,Parda,0.32139151498971924
CAND_01776,0.0,51.0,Mestrado,Capitais,Presencial,Masculino,Amarela,0.20661282128678438
CAND_01777,8.6,8.0,Bacharelado,Capitais,Híbrido,Não-binário,Amarela,0.4134752843050915
CAND_01778,3.6,66.0,Bacharelado,Região Metropolitana,Presencial,Masculino,Preta,0.5231209694334793
CAND_01779,5.7,43.0,Bacharelado,Região Metropolitana,Presencial,Masculino,Parda,0.5053032243774271
CAND_01780,0.0,63.0,Mestrado,Capitais,Presencial,Masculino,Preta,0.4706293588962586
CAND_01781,8.6,50.0,Bacharelado,Capitais,Remoto,Masculino,Amarela,0.550296817370114
CAND_01782,1.2,49.0,Bacharelado,Região Metropolitana,Remoto,Masculino,Parda,0.249429924830587
CAND_01783,9.0,60.0,Bacharelado,Capitais,Híbrido,Masculino,Branca,0.6448284519876041
CAND_01784,3.1,62.0,Bacharelado,Capitais,Remoto,Feminino,Preta,0.6312764929257747
CAND_01785,6.2,40.0,Bacharelado,Interior,Remoto,Feminino,Indígena,0.3183809863938574
CAND_01786,7.6,45.0,Ensino Médio,Capitais,Remoto,Masculino,Parda,0.42389766899817105
CAND_01787,1.2,50.0,Mestrado,Região Metropolitana,Híbrido,Masculino,Branca,0.35110806393160837
CAND_01788,6.7,60.0,Bacharelado,Interior,Presencial,Não-binário,Preta,0.4734284643724481
CAND_01789,7.0,43.0,Bacharelado,Capitais,Remoto,Feminino,Parda,0.48534462951820434
CAND_01790,0.0,38.0,Ensino Médio,Região Metropolitana,Remoto,Masculino,Amarela,0.28139883922438663
CAND_01791,3.6,85.0,Ensino Médio,Região Metropolitana,Presencial,Masculino,Preta,0.4716679071320026
CAND_01792,0.7,40.0,Doutorado,Capitais,Remoto,Feminino,Amarela,0.5707695589457444
CAND_01793,0.0,48.0,Bacharelado,Capitais,Remoto,Não-binário,Parda,0.4260314409221558
CAND_01794,4.3,62.0,Bacharelado,Capitais,Remoto,Feminino,Indígena,0.5446317435122775
CAND_01795,4.1,51.0,Mestrado,Capitais,Remoto,Feminino,Amarela,0.6722047203011973
CAND_01796,2.9,30.0,Mestrado,Região Metropolitana,Presencial,Não-binário,Parda,0.3705684892462479
CAND_01797,2.4,71.0,Bacharelado,Interior,Presencial,Masculino,Amarela,0.4298996086695592
CAND_01798,0.1,61.0,Mestrado,Região Metropolitana,Híbrido,Não-binário,Indígena,0.5136536739335834
CAND_01799,5.0,73.0,Ensino Médio,Interior,Remoto,Não-binário,Indígena,0.4638082992697592
CAND_01800,6.8,30.0,Bacharelado,Capitais,Híbrido,Feminino,Branca,0.564432849376328
CAND_01801,6.1,42.0,Bacharelado,Capitais,Presencial,Não-binário,Branca,0.4264365508722977
CAND_01802,0.0,68.0,Bacharelado,Capitais,Híbrido,Feminino,Indígena,0.5162726902784306
CAND_01803,7.2,24.0,Bacharelado,Capitais,Presencial,Masculino,Preta,0.29858825513399423
CAND_01804,8.1,35.0,Bacharelado,Região Metropolitana,Remoto,Masculino,Preta,0.3645789438949563
CAND_01805,12.1,81.0,Bacharelado,Capitais,Presencial,Masculino,Parda,0.6640702997291342
CAND_01806,2.8,52.0,Mestrado,Capitais,Remoto,Masculino,Indígena,0.49030105568340776
CAND_01807,6.9,50.0,Mestrado,Região Metropolitana,Presencial,Não-binário,Branca,0.6391854047547605
CAND_01808,9.8,38.0,Bacharelado,Região Metropolitana,Presencial,Masculino,Preta,0.6728869230692625
CAND_01809,6.8,70.0,Bacharelado,Capitais,Presencial,Masculino,Indígena,0.5376070478717504
CAND_01810,14.1,63.0,Bacharelado,Região Metropolitana,Híbrido,Não-binário,Amarela,0.6874324720629237
CAND_01811,4.2,52.0,Ensino Médio,Capitais,Remoto,Feminino,Amarela,0.3656856532559998
CAND_01812,3.6,74.0,Mestrado,Capitais,Remoto,Não-binário,Amarela,0.5638874130361974
CAND_01813,0.0,28.0,Mestrado,Região Metropolitana,Híbrido,Não-binário,Preta,0.2573546856365212
CAND_01814,4.8,55.0,Doutorado,Capitais,Remoto,Não-binário,Amarela,0.43835199717275525
CAND_01815,5.1,39.0,Bacharelado,Interior,Remoto,Feminino,Parda,0.41105124579348146
CAND_01816,5.9,85.0,Mestrado,Região Metropolitana,Presencial,Masculino,Indígena,0.6160585227864381
CAND_01817,6.6,53.0,Mestrado,Capitais,Remoto,Não-binário,Branca,0.6216898884866582
CAND_01818,4.5,27.0,Bacharelado,Capitais,Híbrido,Feminino,Branca,0.28703214817372696
CAND_01819,5.9,46.0,Doutorado,Interior,Híbrido,Feminino,Parda,0.48562939851058856
CAND_01820,4.2,34.0,Bacharelado,Região Metropolitana,Híbrido,Não-binário,Indígena,0.391617489918754
CAND_01821,6.7,59.0,Mestrado,Capitais,Remoto,Masculino,Parda,0.48038724688609197
CAND_01822,1.0,59.0,Bacharelado,Região Metropolitana,Híbrido,Não-binário,Preta,0.45713915075043937
CAND_01823,2.9,37.0,Bacharelado,Região Metropolitana,Híbrido,Não-binário,Amarela,0.4497841763691343
CAND_01824,6.0,46.0,Bacharelado,Capitais,Remoto,Masculino,Amarela,0.3970657382821818
CAND_01825,7.2,37.0,Ensino Médio,Capitais,Remoto,Não-binário,Branca,0.21423014550299085
CAND_01826,4.6,54.0,Mestrado,Região Metropolitana,Híbrido,Não-binário,Preta,0.5749987649198361
CAND_01827,4.0,38.0,Mestrado,Capitais,Presencial,Masculino,Branca,0.4051053002876588
CAND_01828,4.3,48.0,Bacharelado,Capitais,Híbrido,Não-binário,Amarela,0.3062351028866573
CAND_01829,2.4,55.0,Bacharelado,Capitais,Híbrido,Feminino,Parda,0.26586801459918574
CAND_01830,4.3,52.0,Bacharelado,Região Metropolitana,Híbrido,Masculino,Branca,0.4874726009908084
CAND_01831,8.2,45.0,Bacharelado,Interior,Presencial,Masculino,Amarela,0.3922909455113419
CAND_01832,4.7,55.0,Mestrado,Região Metropolitana,Híbrido,Não-binário,Amarela,0.7365276575333197
CAND_01833,4.2,19.0,Bacharelado,Região Metropolitana,Híbrido,Feminino,Parda,0.2100004808783125
CAND_01834,4.4,47.0,Bacharelado,Capitais,Presencial,Não-binário,Branca,0.46141147795743936
CAND_01835,10.4,39.0,Bacharelado,Interior,Híbrido,Masculino,Branca,0.5309298596019769
CAND_01836,7.6,44.0,Mestrado,Região Metropolitana,Remoto,Masculino,Preta,0.38822495671213564
CAND_01837,7.6,62.0,Doutorado,Região Metropolitana,Híbrido,Não-binário,Indígena,0.8030426190188505
CAND_01838,6.6,69.0,Bacharelado,Região Metropolitana,Remoto,Não-binário,Branca,0.4615959834348583
CAND_01839,6.7,62.0,Mestrado,Capitais,Remoto,Masculino,Parda,0.8338199798331551
CAND_01840,7.6,65.0,Bacharelado,Capitais,Remoto,Feminino,Branca,0.45788789109750694
CAND_01841,10.2,38.0,Doutorado,Capitais,Híbrido,Masculino,Parda,0.7709450114024732
CAND_01842,5.6,19.0,Bacharelado,Capitais,Híbrido,Não-binário,Indígena,0.27224040914232295
CAND_01843,5.6,55.0,Bacharelado,Região Metropolitana,Presencial,Masculino,Branca,0.5990423725541674
CAND_01844,9.2,39.0,Mestrado,Capitais,Remoto,Não-binário,Preta,0.584518041890798
CAND_01845,5.5,37.0,Bacharelado,Interior,Remoto,Feminino,Preta,0.2314059952487595
CAND_01846,8.1,37.0,Bacharelado,Região Metropolitana,Presencial,Masculino,Preta,0.6484795574376276
CAND_01847,4.0,29.0,Mestrado,Região Metropolitana,Remoto,Feminino,Amarela,0.2709172170603762
CAND_01848,0.9,59.0,Mestrado,Região Metropolitana,Presencial,Feminino,Branca,0.45436491008894614
CAND_01849,1.1,62.0,Ensino Médio,Capitais,Presencial,Feminino,Parda,0.28354972230556663
CAND_01850,10.2,27.0,Bacharelado,Capitais,Remoto,Feminino,Branca,0.4702171822367542
CAND_01851,13.5,66.0,Bacharelado,Capitais,Híbrido,Masculino,Indígena,0.7590346023155949
CAND_01852,5.2,45.0,Mestrado,Capitais,Remoto,Não-binário,Parda,0.4546812882551988
CAND_01853,3.4,61.0,Bacharelado,Capitais,Remoto,Feminino,Parda,0.32895606414161527
CAND_01854,6.1,33.0,Bacharelado,Região Metropolitana,Presencial,Masculino,Indígena,0.3425351876926051
CAND_01855,3.0,75.0,Bacharelado,Região Metropolitana,Híbrido,Não-binário,Preta,0.5228114118427221
CAND_01856,11.0,37.0,Mestrado,Região Metropolitana,Remoto,Feminino,Indígena,0.4716503718001618
CAND_01857,2.7,44.0,Bacharelado,Capitais,Híbrido,Masculino,Branca,0.45878454103814476
CAND_01858,1.1,45.0,Bacharelado,Capitais,Híbrido,Não-binário,Amarela,0.24633138731491064
CAND_01859,5.4,46.0,Mestrado,Região Metropolitana,Presencial,Masculino,Preta,0.5498089954631108
CAND_01860,7.1,58.0,Bacharelado,Capitais,Híbrido,Masculino,Branca,0.46120286693753154
CAND_01861,4.9,20.0,Bacharelado,Capitais,Híbrido,Feminino,Parda,0.5705196931354284
CAND_01862,9.2,41.0,Bacharelado,Capitais,Híbrido,Feminino,Amarela,0.5552872034234471
CAND_01863,5.3,62.0,Ensino Médio,Região Metropolitana,Presencial,Não-binário,Indígena,0.5489149118326667
CAND_01864,3.9,42.0,Bacharelado,Interior,Híbrido,Não-binário,Branca,0.35425434901644787
CAND_01865,13.0,25.0,Bacharelado,Capitais,Presencial,Feminino,Branca,0.5980445057479775
CAND_01866,6.2,37.0,Bacharelado,Região Metropolitana,Presencial,Masculino,Branca,0.4215996054315426
CAND_01867,3.0,68.0,Bacharelado,Capitais,Híbrido,Feminino,Preta,0.4649994091144563
CAND_01868,1.8,51.0,Bacharelado,Interior,Remoto,Feminino,Parda,0.43891275355425763
CAND_01869,1.6,49.0,Mestrado,Interior,Presencial,Não-binário,Branca,0.29800188987916965
CAND_01870,0.0,32.0,Bacharelado,Capitais,Presencial,Masculino,Preta,0.22720004074906683
CAND_01871,8.8,64.0,Bacharelado,Região Metropolitana,Híbrido,Não-binário,Preta,0.5130317114456041
CAND_01872,4.6,57.0,Doutorado,Capitais,Híbrido,Não-binário,Preta,0.7693517097136225
CAND_01873,7.3,45.0,Doutorado,Capitais,Híbrido,Feminino,Parda,0.7186278446065182
CAND_01874,5.6,63.0,Ensino Médio,Capitais,Remoto,Não-binário,Branca,0.3935152862282444
CAND_01875,0.0,33.0,Bacharelado,Capitais,Híbrido,Não-binário,Amarela,0.3555244341561977
CAND_01876,4.3,61.0,Bacharelado,Capitais,Remoto,Masculino,Preta,0.44278335184782486
CAND_01877,4.5,42.0,Doutorado,Capitais,Presencial,Feminino,Preta,0.582573253957617
CAND_01878,9.3,48.0,Bacharelado,Região Metropolitana,Remoto,Feminino,Branca,0.6285659163516334
CAND_01879,7.9,32.0,Ensino Médio,Interior,Híbrido,Masculino,Parda,0.3628016488931138
CAND_01880,4.5,45.0,Bacharelado,Capitais,Híbrido,Masculino,Indígena,0.34271072564907074
CAND_01881,4.9,31.0,Mestrado,Capitais,Presencial,Não-binário,Preta,0.43882068308224104
CAND_01882,2.7,40.0,Bacharelado,Região Metropolitana,Remoto,Masculino,Indígena,0.3572032031199648
CAND_01883,2.3,34.0,Doutorado,Região Metropolitana,Presencial,Feminino,Preta,0.4550263049809056
CAND_01884,2.7,67.0,Mestrado,Capitais,Presencial,Não-binário,Indígena,0.5862606828856387
CAND_01885,4.4,50.0,Bacharelado,Capitais,Híbrido,Feminino,Preta,0.46643862417977905
CAND_01886,5.3,53.0,Bacharelado,Capitais,Híbrido,Masculino,Preta,0.5380672774593268
CAND_01887,4.2,49.0,Mestrado,Capitais,Presencial,Não-binário,Indígena,0.4537039093274711
CAND_01888,6.0,52.0,Mestrado,Capitais,Presencial,Masculino,Parda,0.5406968775559325
CAND_01889,3.7,44.0,Bacharelado,Capitais,Híbrido,Masculino,Amarela,0.323928613327797
CAND_01890,7.1,73.0,Bacharelado,Capitais,Presencial,Masculino,Indígena,0.5388379549992753
CAND_01891,10.9,30.0,Bacharelado,Capitais,Presencial,Masculino,Branca,0.5722854568812619
CAND_01892,8.8,53.0,Mestrado,Região Metropolitana,Presencial,Não-binário,Preta,0.38165062092028046
CAND_01893,1.9,56.0,Ensino Médio,Interior,Remoto,Masculino,Preta,0.48531692894184514
CAND_01894,3.3,41.0,Bacharelado,Capitais,Remoto,Feminino,Preta,0.40016244636563286
CAND_01895,8.8,61.0,Mestrado,Capitais,Presencial,Feminino,Branca,0.5117832794411514
CAND_01896,0.1,45.0,Bacharelado,Região Metropolitana,Presencial,Feminino,Preta,0.40673979339528515
CAND_01897,4.1,23.0,Bacharelado,Interior,Presencial,Masculino,Parda,0.35340752576382695
CAND_01898,5.1,49.0,Mestrado,Capitais,Híbrido,Masculino,Branca,0.5495251210406676
CAND_01899,4.2,43.0,Mestrado,Capitais,Híbrido,Feminino,Indígena,0.47411168554842753
CAND_01900,4.3,40.0,Bacharelado,Região Metropolitana,Híbrido,Feminino,Indígena,0.329657463945531
CAND_01901,6.0,71.0,Bacharelado,Região Metropolitana,Híbrido,Masculino,Parda,0.5309120482695422
CAND_01902,5.2,31.0,Bacharelado,Capitais,Presencial,Masculino,Branca,0.38860077689745404
CAND_01903,2.6,61.0,Bacharelado,Capitais,Híbrido,Feminino,Branca,0.50688483411293
CAND_01904,10.2,79.0,Doutorado,Capitais,Remoto,Não-binário,Indígena,0.7136322265031191
CAND_01905,5.0,88.0,Mestrado,Região Metropolitana,Híbrido,Masculino,Amarela,0.5982158420216668
CAND_01906,6.1,81.0,Bacharelado,Região Metropolitana,Híbrido,Não-binário,Indígena,0.7265195115015294
CAND_01907,4.1,44.0,Mestrado,Capitais,Híbrido,Não-binário,Branca,0.48170979983563794
CAND_01908,5.1,52.0,Mestrado,Região Metropolitana,Presencial,Feminino,Preta,0.52907471979002
CAND_01909,2.7,39.0,Ensino Médio,Capitais,Presencial,Não-binário,Preta,0.522046358690138
CAND_01910,1.3,68.0,Bacharelado,Região Metropolitana,Presencial,Não-binário,Amarela,0.5245089422285907
CAND_01911,7.0,76.0,Ensino Médio,Região Metropolitana,Presencial,Não-binário,Branca,0.7184411569408877
CAND_01912,2.3,38.0,Ensino Médio,Capitais,Presencial,Masculino,Branca,0.3577600576216614
CAND_01913,4.1,69.0,Doutorado,Região Metropolitana,Remoto,Não-binário,Amarela,0.653752908309435
CAND_01914,10.3,64.0,Bacharelado,Região Metropolitana,Remoto,Masculino,Parda,0.8260066572190332
CAND_01915,8.9,68.0,Mestrado,Capitais,Remoto,Feminino,Preta,0.5806541094121237
CAND_01916,2.7,49.0,Bacharelado,Capitais,Híbrido,Não-binário,Parda,0.2927890671771523
CAND_01917,6.3,31.0,Bacharelado,Interior,Híbrido,Não-binário,Parda,0.500021909614828
CAND_01918,0.7,49.0,Bacharelado,Capitais,Híbrido,Masculino,Preta,0.32873627566966923
CAND_01919,8.9,70.0,Mestrado,Região Metropolitana,Remoto,Não-binário,Preta,0.6930022479402059
CAND_01920,5.3,58.0,Bacharelado,Capitais,Presencial,Feminino,Indígena,0.5115185393290371
CAND_01921,8.5,50.0,Bacharelado,Interior,Remoto,Não-binário,Branca,0.48202262553606995
CAND_01922,5.8,62.0,Bacharelado,Capitais,Remoto,Não-binário,Parda,0.4661371871218992
CAND_01923,3.8,35.0,Bacharelado,Capitais,Presencial,Masculino,Parda,0.38184385916816077
CAND_01924,4.2,55.0,Bacharelado,Região Metropolitana,Presencial,Masculino,Preta,0.4061104345300985
CAND_01925,3.8,51.0,Bacharelado,Capitais,Remoto,Não-binário,Amarela,0.48313766645647455
CAND_01926,6.3,36.0,Ensino Médio,Região Metropolitana,Híbrido,Masculino,Parda,0.39238304350285597
CAND_01927,2.7,52.0,Doutorado,Capitais,Remoto,Feminino,Preta,0.6478374035230783
CAND_01928,5.0,38.0,Bacharelado,Região Metropolitana,Híbrido,Masculino,Amarela,0.39701759833155914
CAND_01929,5.4,27.0,Bacharelado,Capitais,Remoto,Masculino,Branca,0.4410934558368948
CAND_01930,0.2,66.0,Bacharelado,Capitais,Remoto,Masculino,Preta,0.4833745959612825
CAND_01931,1.7,38.0,Mestrado,Região Metropolitana,Híbrido,Masculino,Indígena,0.4763008254794694
CAND_01932,0.0,48.0,Mestrado,Região Metropolitana,Remoto,Não-binário,Indígena,0.4712287818374558
CAND_01933,4.1,69.0,Mestrado,Capitais,Remoto,Feminino,Amarela,0.5364786445078853
CAND_01934,4.7,24.0,Bacharelado,Capitais,Remoto,Masculino,Preta,0.25257584622618406
CAND_01935,7.2,74.0,Bacharelado,Capitais,Remoto,Feminino,Amarela,0.60571472081348
CAND_01936,2.4,35.0,Bacharelado,Região Metropolitana,Presencial,Feminino,Preta,0.40826891732913734
CAND_01937,1.0,42.0,Bacharelado,Capitais,Remoto,Feminino,Branca,0.23873961515576103
CAND_01938,3.4,62.0,Doutorado,Região Metropolitana,Híbrido,Feminino,Preta,0.6362549488733841
CAND_01939,6.2,46.0,Bacharelado,Interior,Presencial,Masculino,Preta,0.43255503516072596
CAND_01940,10.1,44.0,Bacharelado,Região Metropolitana,Presencial,Feminino,Preta,0.6240669460021832
CAND_01941,5.3,70.0,Bacharelado,Região Metropolitana,Presencial,Não-binário,Preta,0.5652052131300893
CAND_01942,1.9,58.0,Ensino Médio,Capitais,Remoto,Masculino,Indígena,0.5055148312660817
CAND_01943,6.2,57.0,Mestrado,Capitais,Presencial,Masculino,Parda,0.7249437693904955
CAND_01944,5.3,49.0,Doutorado,Região Metropolitana,Híbrido,Masculino,Preta,0.45723580567066213
CAND_01945,5.1,51.0,Bacharelado,Capitais,Presencial,Feminino,Amarela,0.38074519970724857
CAND_01946,1.0,27.0,Bacharelado,Capitais,Presencial,Não-binário,Indígena,0.3366168487300997
CAND_01947,6.2,49.0,Bacharelado,Capitais,Híbrido,Feminino,Branca,0.5443670242898554
CAND_01948,3.6,70.0,Bacharelado,Capitais,Híbrido,Masculino,Amarela,0.48719348309660254
CAND_01949,3.6,29.0,Mestrado,Capitais,Remoto,Feminino,Amarela,0.3968695265492597
CAND_01950,7.7,61.0,Doutorado,Região Metropolitana,Remoto,Feminino,Amarela,0.5524561661522551
CAND_01951,6.7,51.0,Mestrado,Região Metropolitana,Remoto,Feminino,Preta,0.46287420945754354
CAND_01952,1.6,36.0,Mestrado,Região Metropolitana,Remoto,Feminino,Preta,0.36502082207504655
CAND_01953,9.5,19.0,Bacharelado,Capitais,Remoto,Não-binário,Parda,0.5734669310321667
CAND_01954,8.1,64.0,Mestrado,Interior,Híbrido,Não-binário,Indígena,0.5472551341603977
CAND_01955,2.5,65.0,Bacharelado,Região Metropolitana,Remoto,Feminino,Parda,0.545771170138141
CAND_01956,0.0,25.0,Bacharelado,Capitais,Híbrido,Feminino,Branca,0.25792032177500895
CAND_01957,6.1,45.0,Bacharelado,Capitais,Híbrido,Feminino,Amarela,0.64552830588802
CAND_01958,5.8,60.0,Doutorado,Região Metropolitana,Híbrido,Não-binário,Amarela,0.5817591198271197
CAND_01959,2.2,73.0,Bacharelado,Interior,Presencial,Feminino,Parda,0.5250043183506549
CAND_01960,10.5,70.0,Bacharelado,Capitais,Remoto,Não-binário,Indígena,0.6149625380566733
CAND_01961,4.7,47.0,Bacharelado,Capitais,Híbrido,Feminino,Branca,0.4477921369986463
CAND_01962,4.9,55.0,Bacharelado,Região Metropolitana,Híbrido,Não-binário,Amarela,0.5849661826250553
CAND_01963,6.0,51.0,Mestrado,Região Metropolitana,Remoto,Masculino,Preta,0.3160044694593908
CAND_01964,8.7,53.0,Ensino Médio,Região Metropolitana,Presencial,Masculino,Amarela,0.6403873514672457
CAND_01965,5.9,69.0,Bacharelado,Região Metropolitana,Híbrido,Feminino,Preta,0.5107296686658174
CAND_01966,5.2,55.0,Mestrado,Capitais,Remoto,Feminino,Parda,0.4386835027574671
CAND_01967,0.7,83.0,Bacharelado,Capitais,Híbrido,Não-binário,Preta,0.7362990233297402
CAND_01968,4.9,80.0,Mestrado,Região Metropolitana,Remoto,Feminino,Branca,0.6189260304124694
CAND_01969,9.0,42.0,Mestrado,Região Metropolitana,Híbrido,Masculino,Preta,0.6279263865949753
CAND_01970,3.0,39.0,Bacharelado,Região Metropolitana,Híbrido,Feminino,Parda,0.37995455189788435
CAND_01971,5.4,36.0,Bacharelado,Capitais,Remoto,Feminino,Amarela,0.43169052210951525
CAND_01972,0.0,56.0,Mestrado,Capitais,Remoto,Não-binário,Indígena,0.373628547787096
CAND_01973,9.3,30.0,Bacharelado,Capitais,Presencial,Feminino,Branca,0.5792836238423834
CAND_01974,4.7,42.0,Bacharelado,Capitais,Híbrido,Não-binário,Parda,0.6466818205030931
CAND_01975,4.5,40.0,Bacharelado,Capitais,Presencial,Não-binário,Preta,0.33709957647067196
CAND_01976,6.6,87.0,Mestrado,Capitais,Presencial,Masculino,Parda,0.8738385098809969
CAND_01977,5.9,42.0,Bacharelado,Interior,Presencial,Não-binário,Preta,0.49566307371561796
CAND_01978,6.3,22.0,Mestrado,Interior,Híbrido,Feminino,Preta,0.3131674091929099
CAND_01979,1.5,49.0,Mestrado,Interior,Híbrido,Masculino,Indígena,0.2861700746134058
CAND_01980,9.0,37.0,Ensino Médio,Interior,Remoto,Feminino,Indígena,0.5319521652612926
CAND_01981,8.5,58.0,Bacharelado,Capitais,Presencial,Não-binário,Indígena,0.49656401914872844
CAND_01982,6.0,48.0,Bacharelado,Capitais,Híbrido,Não-binário,Preta,0.5064114339025291
CAND_01983,9.7,53.0,Bacharelado,Interior,Híbrido,Masculino,Preta,0.6283276865044062
CAND_01984,5.1,26.0,Bacharelado,Capitais,Presencial,Masculino,Indígena,0.5063052589002182
CAND_01985,3.6,46.0,Bacharelado,Interior,Presencial,Não-binário,Amarela,0.3722005762034829
CAND_01986,5.8,68.0,Ensino Médio,Interior,Presencial,Não-binário,Indígena,0.46161913808796234
CAND_01987,8.6,43.0,Bacharelado,Interior,Remoto,Feminino,Indígena,0.5904714385392387
CAND_01988,3.8,51.0,Ensino Médio,Capitais,Presencial,Feminino,Branca,0.41640615245457613
CAND_01989,3.6,55.0,Bacharelado,Região Metropolitana,Remoto,Não-binário,Parda,0.47589050094822594
CAND_01990,1.8,40.0,Bacharelado,Interior,Híbrido,Feminino,Indígena,0.36424980690978775
CAND_01991,5.0,32.0,Doutorado,Região Metropolitana,Remoto,Não-binário,Indígena,0.44452839977546804
CAND_01992,5.6,88.0,Bacharelado,Interior,Remoto,Não-binário,Branca,0.7059104564758709
CAND_01993,1.9,60.0,Bacharelado,Capitais,Presencial,Feminino,Parda,0.5018774369393254
CAND_01994,0.0,48.0,Mestrado,Região Metropolitana,Presencial,Feminino,Indígena,0.5797673747351838
CAND_01995,3.9,70.0,Bacharelado,Capitais,Híbrido,Feminino,Amarela,0.41752772859468795
CAND_01996,5.8,54.0,Bacharelado,Capitais,Presencial,Masculino,Branca,0.5774649360284763
CAND_01997,10.1,61.0,Doutorado,Capitais,Híbrido,Masculino,Amarela,0.7113748055823742
CAND_01998,7.4,59.0,Ensino Médio,Capitais,Híbrido,Feminino,Indígena,0.6978558882628939
CAND_01999,12.2,65.0,Bacharelado,Capitais,Presencial,Masculino,Branca,0.663946545712484
CAND_02000,3.6,34.0,Mestrado,Região Metropolitana,Híbrido,Não-binário,Parda,0.4430375541178511
CAND_02001,6.4,48.0,Bacharelado,Capitais,Híbrido,Masculino,Branca,0.3947070825941115
CAND_02002,4.7,64.0,Bacharelado,Capitais,Híbrido,Não-binário,Preta,0.48971324679645317
CAND_02003,12.5,50.0,Bacharelado,Capitais,Híbrido,Não-binário,Indígena,0.7538953911254337
CAND_02004,6.8,36.0,Bacharelado,Capitais,Híbrido,Não-binário,Amarela,0.40745678082271636
CAND_02005,0.0,46.0,Mestrado,Capitais,Híbrido,Masculino,Amarela,0.4023461811258986
CAND_02006,3.1,51.0,Bacharelado,Capitais,Híbrido,Não-binário,Branca,0.4446472122813019
CAND_02007,0.5,27.0,Mestrado,Capitais,Remoto,Feminino,Preta,0.31631634611295273
CAND_02008,8.9,74.0,Bacharelado,Capitais,Presencial,Não-binário,Branca,0.6802748823858106
CAND_02009,2.6,32.0,Mestrado,Interior,Híbrido,Masculino,Parda,0.4803977583873479
CAND_02010,6.3,68.0,Mestrado,Capitais,Híbrido,Feminino,Branca,0.7133746139110261
CAND_02011,4.5,74.0,Bacharelado,Capitais,Presencial,Feminino,Branca,0.5680308907004189
CAND_02012,3.8,38.0,Doutorado,Região Metropolitana,Presencial,Não-binário,Parda,0.4422332570493562
CAND_02013,2.1,62.0,Mestrado,Capitais,Remoto,Não-binário,Amarela,0.48965025482870667
CAND_02014,3.5,60.0,Bacharelado,Região Metropolitana,Híbrido,Masculino,Preta,0.6389674153668534
CAND_02015,5.2,49.0,Bacharelado,Capitais,Híbrido,Feminino,Indígena,0.338481849542066
CAND_02016,4.0,72.0,Ensino Médio,Capitais,Presencial,Feminino,Preta,0.5457509458750195
CAND_02017,6.5,60.0,Bacharelado,Região Metropolitana,Híbrido,Feminino,Amarela,0.48838108630130217
CAND_02018,0.0,56.0,Bacharelado,Capitais,Presencial,Feminino,Parda,0.2527578176227021
CAND_02019,0.6,75.0,Bacharelado,Capitais,Híbrido,Feminino,Amarela,0.3750078636337132
CAND_02020,7.3,62.0,Bacharelado,Capitais,Remoto,Feminino,Indígena,0.5500101029736213
CAND_02021,1.9,51.0,Doutorado,Região Metropolitana,Presencial,Masculino,Indígena,0.5829754548813434
CAND_02022,0.3,33.0,Bacharelado,Região Metropolitana,Presencial,Não-binário,Amarela,0.3863272420916034
CAND_02023,5.9,50.0,Doutorado,Interior,Presencial,Masculino,Amarela,0.7742482660144018
CAND_02024,4.5,28.0,Bacharelado,Interior,Presencial,Feminino,Amarela,0.2010906517398563
CAND_02025,7.6,69.0,Bacharelado,Região Metropolitana,Híbrido,Não-binário,Amarela,0.6481107703996143
CAND_02026,0.0,48.0,Mestrado,Região Metropolitana,Híbrido,Feminino,Indígena,0.18199435668373384
CAND_02027,0.0,44.0,Mestrado,Capitais,Remoto,Não-binário,Preta,0.41567600386750725
CAND_02028,6.6,64.0,Bacharelado,Capitais,Remoto,Não-binário,Preta,0.6690071132716537
CAND_02029,6.6,48.0,Bacharelado,Interior,Presencial,Não-binário,Branca,0.6017821368964842
CAND_02030,7.3,74.0,Mestrado,Região Metropolitana,Remoto,Feminino,Indígena,0.5305659094590225
CAND_02031,6.8,40.0,Mestrado,Capitais,Híbrido,Masculino,Branca,0.28961361273394304
CAND_02032,5.2,44.0,Bacharelado,Interior,Híbrido,Não-binário,Preta,0.2940779819696806
CAND_02033,3.2,60.0,Ensino Médio,Interior,Híbrido,Masculino,Indígena,0.2703913087482852
CAND_02034,0.0,87.0,Bacharelado,Região Metropolitana,Híbrido,Masculino,Indígena,0.43486462603699627
CAND_02035,10.8,53.0,Bacharelado,Capitais,Remoto,Feminino,Indígena,0.6765271972417157
CAND_02036,2.1,34.0,Doutorado,Região Metropolitana,Híbrido,Não-binário,Preta,0.3937505590642646
CAND_02037,8.5,17.0,Bacharelado,Região Metropolitana,Presencial,Feminino,Parda,0.37819610741461984
CAND_02038,3.2,64.0,Bacharelado,Região Metropolitana,Presencial,Masculino,Preta,0.5431235265935725
CAND_02039,4.3,40.0,Bacharelado,Capitais,Híbrido,Masculino,Amarela,0.39233452792591933
CAND_02040,2.5,54.0,Ensino Médio,Capitais,Remoto,Não-binário,Preta,0.4581072889826328
CAND_02041,5.2,29.0,Bacharelado,Capitais,Híbrido,Feminino,Indígena,0.3548826751527082
CAND_02042,6.5,79.0,Doutorado,Interior,Presencial,Feminino,Branca,0.6154515756520356
CAND_02043,0.0,26.0,Bacharelado,Capitais,Presencial,Não-binário,Indígena,0.26203444952933697
CAND_02044,6.5,18.0,Bacharelado,Interior,Remoto,Masculino,Parda,0.35966640818098394
CAND_02045,9.9,62.0,Mestrado,Interior,Remoto,Feminino,Preta,0.7108084414528224
CAND_02046,6.6,24.0,Bacharelado,Região Metropolitana,Remoto,Masculino,Parda,0.3922040732387315
CAND_02047,7.4,62.0,Bacharelado,Capitais,Híbrido,Feminino,Indígena,0.4796524361158503
CAND_02048,4.5,52.0,Mestrado,Região Metropolitana,Híbrido,Feminino,Parda,0.3771264484459809
CAND_02049,3.4,18.0,Bacharelado,Região Metropolitana,Remoto,Masculino,Parda,0.3290176217492669
CAND_02050,5.7,69.0,Ensino Médio,Capitais,Híbrido,Masculino,Preta,0.4133585393393899
CAND_02051,1.7,45.0,Mestrado,Região Metropolitana,Presencial,Masculino,Parda,0.4378383432019624
CAND_02052,4.2,42.0,Bacharelado,Capitais,Presencial,Não-binário,Preta,0.4315097513687356
CAND_02053,0.0,54.0,Doutorado,Região Metropolitana,Remoto,Não-binário,Parda,0.6080963476766833
CAND_02054,1.6,50.0,Mestrado,Região Metropolitana,Remoto,Masculino,Preta,0.4600603142269831
CAND_02055,8.5,43.0,Bacharelado,Região Metropolitana,Híbrido,Masculino,Amarela,0.492835795829509
CAND_02056,0.0,33.0,Mestrado,Interior,Remoto,Feminino,Indígena,0.2872965865317489
CAND_02057,7.2,44.0,Mestrado,Capitais,Remoto,Não-binário,Branca,0.5717159924793874
CAND_02058,11.0,34.0,Ensino Médio,Região Metropolitana,Presencial,Feminino,Parda,0.43760371890830924
CAND_02059,5.7,42.0,Bacharelado,Capitais,Híbrido,Não-binário,Parda,0.34024257825514775
CAND_02060,2.1,60.0,Bacharelado,Capitais,Remoto,Feminino,Branca,0.31369552662558337
CAND_02061,6.8,32.0,Bacharelado,Capitais,Híbrido,Feminino,Preta,0.33328788971376744
CAND_02062,0.7,45.0,Ensino Médio,Interior,Híbrido,Masculino,Preta,0.20680095484186276
CAND_02063,2.6,49.0,Bacharelado,Região Metropolitana,Híbrido,Não-binário,Parda,0.45745909191091316
CAND_02064,1.0,46.0,Bacharelado,Região Metropolitana,Híbrido,Não-binário,Branca,0.36326883387942116
CAND_02065,1.0,41.0,Ensino Médio,Capitais,Remoto,Masculino,Indígena,0.20910154546835827
CAND_02066,7.6,54.0,Doutorado,Capitais,Presencial,Não-binário,Parda,0.4012947998444494
CAND_02067,4.5,62.0,Doutorado,Capitais,Híbrido,Masculino,Indígena,0.5039030859391187
CAND_02068,6.9,85.0,Mestrado,Região Metropolitana,Híbrido,Masculino,Parda,0.6813248028010934
CAND_02069,5.7,61.0,Bacharelado,Capitais,Híbrido,Não-binário,Indígena,0.5514262656110327
CAND_02070,0.4,28.0,Bacharelado,Capitais,Híbrido,Feminino,Indígena,0.1612511394839527
CAND_02071,4.1,60.0,Mestrado,Região Metropolitana,Presencial,Feminino,Indígena,0.5655148782385646
CAND_02072,2.1,36.0,Bacharelado,Região Metropolitana,Remoto,Não-binário,Preta,0.3541692105108502
CAND_02073,3.6,52.0,Bacharelado,Região Metropolitana,Híbrido,Masculino,Indígena,0.41817067966937627
CAND_02074,4.7,47.0,Mestrado,Região Metropolitana,Híbrido,Feminino,Amarela,0.5208921226441855
CAND_02075,4.1,44.0,Bacharelado,Capitais,Remoto,Não-binário,Parda,0.5020811392013685
CAND_02076,5.6,63.0,Ensino Médio,Capitais,Híbrido,Masculino,Parda,0.49801446444185465
CAND_02077,5.4,40.0,Bacharelado,Capitais,Híbrido,Feminino,Parda,0.36217368615319667
CAND_02078,2.0,76.0,Bacharelado,Capitais,Híbrido,Não-binário,Preta,0.38570356449438103
CAND_02079,5.3,41.0,Bacharelado,Capitais,Presencial,Feminino,Indígena,0.5343536710325455
CAND_02080,10.2,66.0,Mestrado,Capitais,Presencial,Feminino,Branca,0.6898792003169312
CAND_02081,3.4,56.0,Bacharelado,Região Metropolitana,Remoto,Não-binário,Indígena,0.49859137899568734
CAND_02082,0.6,66.0,Bacharelado,Capitais,Presencial,Não-binário,Preta,0.4359578320041973
CAND_02083,4.3,48.0,Mestrado,Capitais,Remoto,Feminino,Parda,0.5375740628987598
CAND_02084,7.4,62.0,Bacharelado,Capitais,Híbrido,Masculino,Amarela,0.5717730958764969
CAND_02085,7.0,59.0,Mestrado,Região Metropolitana,Presencial,Feminino,Branca,0.6723720349443484
CAND_02086,6.1,38.0,Bacharelado,Capitais,Presencial,Masculino,Branca,0.26088122843209477
CAND_02087,9.7,37.0,Bacharelado,Capitais,Remoto,Masculino,Indígena,0.5466145244301986
CAND_02088,9.3,58.0,Bacharelado,Capitais,Remoto,Não-binário,Amarela,0.4177225083321466
CAND_02089,8.4,56.0,Bacharelado,Interior,Presencial,Feminino,Branca,0.6050072522816999
CAND_02090,4.2,41.0,Bacharelado,Capitais,Remoto,Não-binário,Amarela,0.37031589368701573
CAND_02091,13.4,59.0,Ensino Médio,Capitais,Presencial,Feminino,Indígena,0.5564330640682028
CAND_02092,3.0,39.0,Mestrado,Capitais,Remoto,Masculino,Indígena,0.4104780731447695
CAND_02093,7.7,59.0,Mestrado,Capitais,Remoto,Feminino,Indígena,0.6795807956521774
CAND_02094,3.0,40.0,Ensino Médio,Capitais,Híbrido,Feminino,Parda,0.29829108870000665
CAND_02095,7.3,39.0,Bacharelado,Capitais,Híbrido,Feminino,Preta,0.404374982224367
CAND_02096,6.7,49.0,Mestrado,Região Metropolitana,Híbrido,Masculino,Preta,0.72521003815935
CAND_02097,4.0,47.0,Bacharelado,Capitais,Híbrido,Feminino,Parda,0.26408661381399035
CAND_02098,0.0,42.0,Mestrado,Capitais,Remoto,Feminino,Parda,0.3575640358094636
CAND_02099,11.5,59.0,Bacharelado,Região Metropolitana,Remoto,Feminino,Preta,0.6241940563571123
CAND_02100,9.8,62.0,Ensino Médio,Região Metropolitana,Remoto,Não-binário,Branca,0.5329511230893471
CAND_02101,9.5,36.0,Mestrado,Capitais,Presencial,Masculino,Amarela,0.5034006004702583
CAND_02102,0.6,40.0,Bacharelado,Capitais,Híbrido,Não-binário,Preta,0.17668346254061626
CAND_02103,8.0,73.0,Bacharelado,Capitais,Presencial,Masculino,Parda,0.6725771877763487
CAND_02104,4.6,44.0,Bacharelado,Região Metropolitana,Remoto,Não-binário,Indígena,0.4215158420542955
CAND_02105,3.7,66.0,Mestrado,Região Metropolitana,Remoto,Não-binário,Parda,0.36800316281714934
CAND_02106,2.5,39.0,Bacharelado,Região Metropolitana,Presencial,Masculino,Indígena,0.1549855325767315
CAND_02107,9.4,38.0,Bacharelado,Capitais,Híbrido,Masculino,Parda,0.46026723271164566
CAND_02108,6.0,39.0,Mestrado,Região Metropolitana,Presencial,Não-binário,Indígena,0.3826441494918693
CAND_02109,5.1,42.0,Bacharelado,Capitais,Remoto,Não-binário,Branca,0.27763056940932873
CAND_02110,6.1,61.0,Bacharelado,Região Metropolitana,Presencial,Masculino,Parda,0.534155382501728
CAND_02111,5.6,39.0,Bacharelado,Região Metropolitana,Remoto,Feminino,Branca,0.4491973411855222
CAND_02112,8.0,48.0,Bacharelado,Capitais,Híbrido,Não-binário,Indígena,0.4517834137682663
CAND_02113,0.0,33.0,Doutorado,Região Metropolitana,Híbrido,Não-binário,Amarela,0.3699077934717182
CAND_02114,3.8,46.0,Mestrado,Capitais,Presencial,Feminino,Branca,0.4322611584647053
CAND_02115,0.8,34.0,Mestrado,Capitais,Híbrido,Masculino,Indígena,0.33982569836886595
CAND_02116,5.7,43.0,Bacharelado,Região Metropolitana,Remoto,Masculino,Parda,0.5313162544314035
CAND_02117,0.3,37.0,Bacharelado,Capitais,Remoto,Não-binário,Branca,0.261922746169966
CAND_02118,1.3,53.0,Doutorado,Região Metropolitana,Híbrido,Masculino,Preta,0.47432522379822833
CAND_02119,6.0,46.0,Bacharelado,Capitais,Híbrido,Feminino,Indígena,0.4240051278690573
CAND_02120,4.1,53.0,Bacharelado,Interior,Híbrido,Feminino,Indígena,0.42630461834338534
CAND_02121,6.1,74.0,Mestrado,Interior,Remoto,Feminino,Branca,0.5674568028584411
CAND_02122,1.4,45.0,Bacharelado,Capitais,Remoto,Não-binário,Preta,0.3939650763007458
CAND_02123,4.3,47.0,Bacharelado,Capitais,Remoto,Não-binário,Amarela,0.18263969130310242
CAND_02124,4.8,55.0,Bacharelado,Região Metropolitana,Remoto,Masculino,Indígena,0.6498632035276808
CAND_02125,0.9,69.0,Mestrado,Capitais,Híbrido,Não-binário,Indígena,0.5647226051718895
CAND_02126,2.9,48.0,Bacharelado,Capitais,Presencial,Não-binário,Parda,0.23389988399804498
CAND_02127,5.5,8.0,Bacharelado,Capitais,Remoto,Masculino,Branca,0.355708303301988
CAND_02128,3.9,32.0,Bacharelado,Região Metropolitana,Presencial,Masculino,Branca,0.4549348894575227
CAND_02129,2.5,16.0,Mestrado,Capitais,Presencial,Não-binário,Preta,0.3494359645681258
CAND_02130,5.7,58.0,Bacharelado,Interior,Híbrido,Não-binário,Preta,0.5731991382986668
CAND_02131,3.5,35.0,Bacharelado,Capitais,Presencial,Não-binário,Preta,0.31608950030064104
CAND_02132,5.9,37.0,Bacharelado,Região Metropolitana,Presencial,Não-binário,Amarela,0.5825419694977116
CAND_02133,6.7,33.0,Bacharelado,Capitais,Híbrido,Feminino,Indígena,0.48984613406274036
CAND_02134,6.8,55.0,Bacharelado,Capitais,Remoto,Feminino,Parda,0.5762745745744092
CAND_02135,5.4,50.0,Bacharelado,Capitais,Remoto,Masculino,Parda,0.5144802499389541
CAND_02136,4.5,31.0,Mestrado,Capitais,Híbrido,Feminino,Branca,0.3384160743505321
CAND_02137,4.9,47.0,Mestrado,Interior,Presencial,Não-binário,Indígena,0.3924262622649865
CAND_02138,9.0,33.0,Bacharelado,Região Metropolitana,Híbrido,Masculino,Indígena,0.3819598065836405
CAND_02139,2.9,59.0,Bacharelado,Capitais,Presencial,Não-binário,Indígena,0.4922121609884158
CAND_02140,9.1,55.0,Bacharelado,Interior,Presencial,Feminino,Indígena,0.5394766547025008
CAND_02141,3.5,59.0,Bacharelado,Capitais,Presencial,Feminino,Indígena,0.5252047887891211
CAND_02142,6.4,48.0,Doutorado,Capitais,Híbrido,Não-binário,Preta,0.40934684893117884
CAND_02143,5.6,46.0,Mestrado,Região Metropolitana,Presencial,Não-binário,Amarela,0.5042467756989039
CAND_02144,7.0,61.0,Bacharelado,Capitais,Híbrido,Masculino,Parda,0.5122172435175568
CAND_02145,0.0,44.0,Bacharelado,Região Metropolitana,Presencial,Não-binário,Branca,0.28464061661744555
CAND_02146,6.7,54.0,Bacharelado,Região Metropolitana,Remoto,Feminino,Indígena,0.528946068929242
CAND_02147,4.5,53.0,Bacharelado,Interior,Híbrido,Não-binário,Indígena,0.5335550512203776
CAND_02148,6.9,51.0,Bacharelado,Capitais,Presencial,Masculino,Preta,0.4344139088329027
CAND_02149,5.9,39.0,Bacharelado,Interior,Híbrido,Feminino,Parda,0.42254982169399385
CAND_02150,7.8,9.0,Bacharelado,Capitais,Híbrido,Feminino,Branca,0.27663712533595786
CAND_02151,2.0,82.0,Ensino Médio,Região Metropolitana,Híbrido,Não-binário,Preta,0.4113341086643544
CAND_02152,0.0,55.0,Bacharelado,Capitais,Híbrido,Masculino,Parda,0.4696925930079021
CAND_02153,0.1,46.0,Bacharelado,Capitais,Híbrido,Não-binário,Indígena,0.3798433268159459
CAND_02154,3.5,47.0,Bacharelado,Capitais,Presencial,Masculino,Parda,0.1992153628653236
CAND_02155,2.6,35.0,Bacharelado,Região Metropolitana,Híbrido,Feminino,Branca,0.4179319466938761
CAND_02156,6.5,28.0,Bacharelado,Capitais,Remoto,Masculino,Preta,0.3934105536423056
CAND_02157,8.7,58.0,Mestrado,Capitais,Remoto,Não-binário,Amarela,0.5623863117227147
CAND_02158,7.2,64.0,Bacharelado,Região Metropolitana,Remoto,Feminino,Indígena,0.5699640754361825
CAND_02159,3.2,37.0,Bacharelado,Capitais,Híbrido,Masculino,Indígena,0.3486889532045304
CAND_02160,4.7,59.0,Mestrado,Capitais,Híbrido,Não-binário,Indígena,0.4951818923425842
CAND_02161,6.8,64.0,Ensino Médio,Capitais,Remoto,Feminino,Branca,0.5432646081157729
CAND_02162,9.1,52.0,Mestrado,Região Metropolitana,Presencial,Não-binário,Parda,0.7399543510637989
CAND_02163,8.2,23.0,Mestrado,Interior,Híbrido,Masculino,Parda,0.4079869556252853
CAND_02164,8.2,36.0,Bacharelado,Capitais,Presencial,Não-binário,Parda,0.665039831681991
CAND_02165,6.2,44.0,Mestrado,Capitais,Remoto,Masculino,Branca,0.43877023947988547
CAND_02166,8.4,39.0,Bacharelado,Região Metropolitana,Híbrido,Feminino,Parda,0.45600892948561245
CAND_02167,7.4,63.0,Mestrado,Capitais,Remoto,Masculino,Indígena,0.6812487222971918
CAND_02168,0.3,71.0,Bacharelado,Interior,Híbrido,Não-binário,Parda,0.49477646814879495
CAND_02169,5.9,64.0,Bacharelado,Região Metropolitana,Híbrido,Masculino,Preta,0.6515514579950688
CAND_02170,2.4,72.0,Bacharelado,Interior,Presencial,Feminino,Indígena,0.26967783104790854
CAND_02171,2.4,38.0,Mestrado,Capitais,Híbrido,Não-binário,Amarela,0.3644180899445428
CAND_02172,5.5,62.0,Ensino Médio,Região Metropolitana,Presencial,Masculino,Preta,0.43593597629889375
CAND_02173,5.0,61.0,Bacharelado,Região Metropolitana,Híbrido,Não-binário,Parda,0.6723384816661858
CAND_02174,4.3,48.0,Bacharelado,Capitais,Remoto,Não-binário,Preta,0.4805603382120972
CAND_02175,1.2,70.0,Bacharelado,Capitais,Presencial,Feminino,Amarela,0.29689661597511796
CAND_02176,4.5,32.0,Bacharelado,Região Metropolitana,Presencial,Feminino,Amarela,0.42148841119975544
CAND_02177,1.4,27.0,Doutorado,Capitais,Híbrido,Masculino,Amarela,0.5044524756570489
CAND_02178,5.9,21.0,Mestrado,Capitais,Remoto,Feminino,Preta,0.3771805668804982
CAND_02179,4.9,44.0,Bacharelado,Capitais,Híbrido,Masculino,Indígena,0.3461610843830225
CAND_02180,6.9,59.0,Mestrado,Região Metropolitana,Presencial,Masculino,Indígena,0.5922512880460818
CAND_02181,2.0,39.0,Bacharelado,Capitais,Híbrido,Não-binário,Amarela,0.2917185440451244
CAND_02182,8.5,39.0,Ensino Médio,Capitais,Presencial,Masculino,Branca,0.45722772332154066
CAND_02183,5.6,44.0,Bacharelado,Capitais,Híbrido,Masculino,Preta,0.46398187600014024
CAND_02184,15.2,27.0,Mestrado,Capitais,Remoto,Feminino,Parda,0.6952313915416013
CAND_02185,2.4,47.0,Bacharelado,Capitais,Híbrido,Feminino,Indígena,0.36993619629644203
CAND_02186,9.9,85.0,Mestrado,Região Metropolitana,Híbrido,Não-binário,Preta,0.541324325892514
CAND_02187,2.7,32.0,Mestrado,Capitais,Remoto,Não-binário,Preta,0.40910897640177174
CAND_02188,8.1,57.0,Bacharelado,Capitais,Presencial,Feminino,Branca,0.5310241291762817
CAND_02189,6.5,58.0,Ensino Médio,Capitais,Híbrido,Feminino,Amarela,0.4776531929337404
CAND_02190,0.5,46.0,Bacharelado,Região Metropolitana,Híbrido,Não-binário,Parda,0.31446760362905485
CAND_02191,4.2,55.0,Ensino Médio,Região Metropolitana,Remoto,Feminino,Indígena,0.3977453977312765
CAND_02192,7.9,55.0,Bacharelado,Região Metropolitana,Remoto,Não-binário,Indígena,0.44300920129787513
CAND_02193,4.4,44.0,Bacharelado,Capitais,Híbrido,Não-binário,Branca,0.3765645334629167
CAND_02194,8.0,50.0,Bacharelado,Capitais,Híbrido,Feminino,Preta,0.540487688294292
CAND_02195,6.7,66.0,Bacharelado,Capitais,Presencial,Masculino,Preta,0.46927613543495383
CAND_02196,8.3,59.0,Ensino Médio,Região Metropolitana,Presencial,Masculino,Amarela,0.7106330742579112
CAND_02197,6.6,37.0,Bacharelado,Capitais,Remoto,Feminino,Preta,0.2720095933352026
CAND_02198,2.2,55.0,Bacharelado,Região Metropolitana,Remoto,Não-binário,Indígena,0.33804808704698575
CAND_02199,5.2,38.0,Bacharelado,Capitais,Híbrido,Masculino,Amarela,0.3566711009239915
CAND_02200,5.6,42.0,Bacharelado,Capitais,Híbrido,Não-binário,Parda,0.17046711271717124
CAND_02201,5.0,84.0,Bacharelado,Capitais,Híbrido,Feminino,Amarela,0.6592679007452634
CAND_02202,2.8,73.0,Bacharelado,Capitais,Presencial,Masculino,Indígena,0.5232504364814212
CAND_02203,4.3,66.0,Bacharelado,Capitais,Remoto,Masculino,Parda,0.6351807761866116
CAND_02204,6.8,37.0,Bacharelado,Capitais,Híbrido,Masculino,Preta,0.2121544029231499
CAND_02205,5.1,52.0,Bacharelado,Capitais,Híbrido,Feminino,Preta,0.3806524683980828
CAND_02206,0.0,44.0,Ensino Médio,Capitais,Híbrido,Não-binário,Preta,0.14414047587739304
CAND_02207,8.9,67.0,Mestrado,Região Metropolitana,Presencial,Masculino,Parda,0.7542548336957161
CAND_02208,3.7,49.0,Doutorado,Interior,Remoto,Masculino,Amarela,0.5473147397061862
CAND_02209,0.1,50.0,Bacharelado,Capitais,Presencial,Feminino,Indígena,0.28812648134644747
CAND_02210,5.0,75.0,Bacharelado,Capitais,Presencial,Masculino,Preta,0.5286012699968613
CAND_02211,3.2,46.0,Bacharelado,Capitais,Remoto,Masculino,Preta,0.4878980145782547
CAND_02212,2.3,21.0,Bacharelado,Capitais,Remoto,Feminino,Indígena,0.20695751878369426
CAND_02213,5.5,56.0,Bacharelado,Capitais,Híbrido,Feminino,Branca,0.2961736050144048
CAND_02214,9.2,61.0,Bacharelado,Região Metropolitana,Remoto,Feminino,Indígena,0.48417790504331987
CAND_02215,6.4,62.0,Mestrado,Região Metropolitana,Presencial,Feminino,Preta,0.5166258084275381
CAND_02216,0.9,56.0,Bacharelado,Capitais,Híbrido,Não-binário,Amarela,0.2557662640422242
CAND_02217,4.2,69.0,Bacharelado,Capitais,Híbrido,Feminino,Preta,0.5513015197469215
CAND_02218,3.7,61.0,Mestrado,Região Metropolitana,Remoto,Masculino,Parda,0.7877781790342322
CAND_02219,6.6,58.0,Mestrado,Região Metropolitana,Presencial,Feminino,Preta,0.6007033690622462
CAND_02220,0.0,44.0,Bacharelado,Região Metropolitana,Presencial,Não-binário,Branca,0.40328331963470243
CAND_02221,6.8,12.0,Bacharelado,Capitais,Presencial,Feminino,Indígena,0.3219426903768944
CAND_02222,2.2,46.0,Mestrado,Capitais,Híbrido,Masculino,Amarela,0.38196018158163236
CAND_02223,3.3,85.0,Bacharelado,Capitais,Remoto,Masculino,Branca,0.6509575479238783
CAND_02224,7.8,47.0,Bacharelado,Interior,Híbrido,Masculino,Preta,0.5255557417699317
CAND_02225,6.0,56.0,Bacharelado,Capitais,Híbrido,Não-binário,Indígena,0.37793378457835525
CAND_02226,6.6,40.0,Bacharelado,Capitais,Híbrido,Feminino,Parda,0.5131480269632996
CAND_02227,7.9,63.0,Bacharelado,Região Metropolitana,Híbrido,Masculino,Amarela,0.5854029680825831
CAND_02228,4.2,49.0,Bacharelado,Região Metropolitana,Presencial,Masculino,Branca,0.5638495729613644
CAND_02229,2.0,61.0,Bacharelado,Capitais,Híbrido,Masculino,Preta,0.4517500459716314
CAND_02230,5.8,59.0,Bacharelado,Região Metropolitana,Remoto,Não-binário,Indígena,0.44953849174014376
CAND_02231,7.5,46.0,Mestrado,Capitais,Presencial,Não-binário,Parda,0.5112161694422951
CAND_02232,5.2,59.0,Bacharelado,Região Metropolitana,Remoto,Masculino,Preta,0.49631548757089694
CAND_02233,9.0,63.0,Bacharelado,Região Metropolitana,Híbrido,Feminino,Branca,0.5159554152996786
CAND_02234,4.0,20.0,Bacharelado,Região Metropolitana,Remoto,Não-binário,Parda,0.1907634193241058
CAND_02235,4.4,49.0,Bacharelado,Interior,Híbrido,Não-binário,Amarela,0.3047819234559367
CAND_02236,1.6,67.0,Bacharelado,Capitais,Híbrido,Masculino,Parda,0.32863766580068626
CAND_02237,2.2,48.0,Bacharelado,Capitais,Presencial,Masculino,Branca,0.40258939205027316
CAND_02238,5.6,92.0,Mestrado,Capitais,Presencial,Feminino,Parda,0.7052870914642037
CAND_02239,1.2,38.0,Bacharelado,Capitais,Remoto,Não-binário,Parda,0.3687509343760236
CAND_02240,4.8,59.0,Bacharelado,Região Metropolitana,Remoto,Masculino,Indígena,0.4769068107218102
CAND_02241,4.9,49.0,Mestrado,Capitais,Híbrido,Não-binário,Indígena,0.5261069612894002
CAND_02242,6.8,25.0,Bacharelado,Capitais,Remoto,Não-binário,Preta,0.40440795158038056
CAND_02243,7.9,59.0,Bacharelado,Capitais,Presencial,Feminino,Parda,0.6349801760530638
CAND_02244,6.5,56.0,Bacharelado,Interior,Remoto,Masculino,Preta,0.5021821637891419
CAND_02245,11.5,48.0,Bacharelado,Interior,Híbrido,Masculino,Preta,0.6161696155642982
CAND_02246,5.3,68.0,Bacharelado,Capitais,Híbrido,Não-binário,Indígena,0.7140011130752938
CAND_02247,10.2,28.0,Mestrado,Região Metropolitana,Presencial,Feminino,Indígena,0.5117537932928049
CAND_02248,0.0,42.0,Ensino Médio,Capitais,Remoto,Feminino,Indígena,0.4326223115242199
CAND_02249,6.1,43.0,Bacharelado,Capitais,Híbrido,Não-binário,Preta,0.5280146204448392
CAND_02250,3.8,49.0,Bacharelado,Capitais,Remoto,Masculino,Amarela,0.550856419139071
CAND_02251,6.0,66.0,Mestrado,Capitais,Híbrido,Não-binário,Parda,0.6672191339767028
CAND_02252,6.0,54.0,Ensino Médio,Capitais,Híbrido,Feminino,Parda,0.2912462278884111
CAND_02253,7.5,73.0,Bacharelado,Capitais,Presencial,Masculino,Branca,0.5502354886344513
CAND_02254,7.2,29.0,Bacharelado,Interior,Remoto,Não-binário,Indígena,0.3205669679583882
CAND_02255,5.5,34.0,Ensino Médio,Região Metropolitana,Híbrido,Não-binário,Parda,0.33843282813855896
CAND_02256,1.5,23.0,Mestrado,Região Metropolitana,Remoto,Masculino,Parda,0.17852098321633647
CAND_02257,6.8,65.0,Ensino Médio,Capitais,Híbrido,Masculino,Parda,0.6955841720296132
CAND_02258,1.4,17.0,Bacharelado,Região Metropolitana,Híbrido,Masculino,Amarela,0.3676847088861338
CAND_02259,2.4,30.0,Mestrado,Capitais,Remoto,Masculino,Parda,0.14353194467481592
CAND_02260,6.4,48.0,Bacharelado,Região Metropolitana,Presencial,Não-binário,Amarela,0.47359942809419386
CAND_02261,5.6,13.0,Bacharelado,Capitais,Presencial,Não-binário,Branca,0.4428304264121812
CAND_02262,2.1,52.0,Bacharelado,Capitais,Presencial,Não-binário,Preta,0.6011834486100642
CAND_02263,1.1,68.0,Bacharelado,Interior,Presencial,Masculino,Parda,0.35424553230713207
CAND_02264,5.4,43.0,Bacharelado,Região Metropolitana,Híbrido,Masculino,Amarela,0.3985905508954394
CAND_02265,4.4,57.0,Bacharelado,Interior,Híbrido,Masculino,Amarela,0.5509756748482115
CAND_02266,3.4,77.0,Ensino Médio,Região Metropolitana,Remoto,Masculino,Branca,0.48223830376896676
CAND_02267,7.0,56.0,Bacharelado,Região Metropolitana,Remoto,Masculino,Indígena,0.48170248475794253
CAND_02268,4.9,68.0,Ensino Médio,Capitais,Remoto,Masculino,Parda,0.4861744715530342
CAND_02269,8.1,43.0,Bacharelado,Região Metropolitana,Híbrido,Masculino,Indígena,0.4286872102692362
CAND_02270,6.8,44.0,Mestrado,Capitais,Presencial,Feminino,Indígena,0.3433122256721206
CAND_02271,0.4,56.0,Bacharelado,Capitais,Híbrido,Não-binário,Branca,0.4584811276629874
CAND_02272,0.0,57.0,Mestrado,Capitais,Remoto,Não-binário,Amarela,0.4128258856710707
CAND_02273,7.5,60.0,Ensino Médio,Região Metropolitana,Híbrido,Masculino,Parda,0.4360405867618602
CAND_02274,8.4,65.0,Bacharelado,Capitais,Remoto,Não-binário,Branca,0.564634838156204
CAND_02275,6.8,66.0,Mestrado,Região Metropolitana,Remoto,Não-binário,Parda,0.5265309792223067
CAND_02276,2.5,74.0,Mestrado,Capitais,Presencial,Feminino,Branca,0.45891134468704575
CAND_02277,9.3,77.0,Bacharelado,Capitais,Remoto,Não-binário,Branca,0.42314974280001283
CAND_02278,6.6,46.0,Mestrado,Capitais,Remoto,Masculino,Branca,0.49931466421172765
CAND_02279,8.1,53.0,Ensino Médio,Capitais,Híbrido,Feminino,Amarela,0.39878074496144494
CAND_02280,7.1,55.0,Bacharelado,Capitais,Presencial,Não-binário,Amarela,0.4287512193756365
CAND_02281,3.8,65.0,Mestrado,Capitais,Híbrido,Feminino,Parda,0.6490605246551802
CAND_02282,5.2,51.0,Bacharelado,Capitais,Presencial,Feminino,Amarela,0.2966642158646462
CAND_02283,4.4,38.0,Bacharelado,Capitais,Remoto,Masculino,Indígena,0.3937498260038159
CAND_02284,11.0,56.0,Ensino Médio,Capitais,Híbrido,Não-binário,Preta,0.5433770933684068
CAND_02285,6.1,84.0,Bacharelado,Região Metropolitana,Presencial,Feminino,Amarela,0.6234568435275136
CAND_02286,6.7,31.0,Bacharelado,Capitais,Híbrido,Não-binário,Branca,0.6781003399665244
CAND_02287,5.1,50.0,Bacharelado,Capitais,Remoto,Masculino,Parda,0.25200370854947884
CAND_02288,1.2,59.0,Bacharelado,Região Metropolitana,Híbrido,Masculino,Indígena,0.4443916217605391
CAND_02289,2.3,37.0,Bacharelado,Capitais,Híbrido,Não-binário,Indígena,0.3579607275871657
CAND_02290,4.8,70.0,Mestrado,Região Metropolitana,Remoto,Feminino,Parda,0.6386656455597567
CAND_02291,0.0,37.0,Doutorado,Região Metropolitana,Híbrido,Feminino,Branca,0.3283681637071783
CAND_02292,3.2,56.0,Bacharelado,Capitais,Híbrido,Não-binário,Parda,0.5397316571447586
CAND_02293,5.7,41.0,Bacharelado,Interior,Presencial,Feminino,Parda,0.40707450923135097
CAND_02294,4.3,58.0,Bacharelado,Região Metropolitana,Híbrido,Feminino,Parda,0.5153788929801774
CAND_02295,6.1,47.0,Doutorado,Capitais,Presencial,Não-binário,Amarela,0.6760170689238527
CAND_02296,7.2,42.0,Bacharelado,Capitais,Remoto,Feminino,Indígena,0.3926096845430832
CAND_02297,1.4,66.0,Bacharelado,Capitais,Híbrido,Feminino,Indígena,0.49284096031879
CAND_02298,5.3,65.0,Doutorado,Região Metropolitana,Presencial,Masculino,Indígena,0.6058254604733857
CAND_02299,3.8,45.0,Bacharelado,Região Metropolitana,Presencial,Não-binário,Amarela,0.4654062534562955
CAND_02300,2.5,77.0,Mestrado,Capitais,Presencial,Masculino,Branca,0.5198586953845269
CAND_02301,3.1,52.0,Bacharelado,Capitais,Remoto,Feminino,Preta,0.4222077642921783
CAND_02302,6.5,66.0,Mestrado,Região Metropolitana,Híbrido,Não-binário,Indígena,0.676867648517304
CAND_02303,0.6,40.0,Mestrado,Capitais,Híbrido,Feminino,Amarela,0.17890818374121512
CAND_02304,2.5,41.0,Bacharelado,Capitais,Híbrido,Feminino,Indígena,0.5632907236102774
CAND_02305,3.8,39.0,Doutorado,Capitais,Híbrido,Não-binário,Amarela,0.44819715425018025
CAND_02306,6.7,56.0,Mestrado,Interior,Híbrido,Não-binário,Amarela,0.6720285785720015
CAND_02307,3.3,41.0,Ensino Médio,Capitais,Presencial,Não-binário,Amarela,0.4259951243401447
CAND_02308,2.6,50.0,Ensino Médio,Capitais,Híbrido,Não-binário,Indígena,0.35601316229321034
CAND_02309,3.8,31.0,Bacharelado,Capitais,Híbrido,Feminino,Branca,0.2718964230644058
CAND_02310,9.2,50.0,Bacharelado,Região Metropolitana,Híbrido,Masculino,Indígena,0.5549076690975874
CAND_02311,10.8,60.0,Ensino Médio,Região Metropolitana,Híbrido,Masculino,Indígena,0.768431963735856
CAND_02312,5.6,29.0,Bacharelado,Capitais,Híbrido,Não-binário,Preta,0.14893912804419013
CAND_02313,0.0,79.0,Doutorado,Capitais,Híbrido,Não-binário,Amarela,0.6758717049345394
CAND_02314,7.6,42.0,Bacharelado,Capitais,Remoto,Masculino,Branca,0.41876637845566994
CAND_02315,1.8,58.0,Mestrado,Região Metropolitana,Remoto,Feminino,Indígena,0.1881813584319894
CAND_02316,6.3,17.0,Bacharelado,Região Metropolitana,Presencial,Masculino,Branca,0.16017240169455943
CAND_02317,0.8,53.0,Bacharelado,Região Metropolitana,Remoto,Feminino,Preta,0.2778927549227604
CAND_02318,1.6,48.0,Bacharelado,Capitais,Presencial,Feminino,Parda,0.256635436499586
CAND_02319,4.8,67.0,Bacharelado,Capitais,Presencial,Feminino,Indígena,0.49442781028632143
CAND_02320,6.2,55.0,Bacharelado,Capitais,Presencial,Feminino,Indígena,0.5094508308457104
CAND_02321,0.0,46.0,Bacharelado,Capitais,Presencial,Não-binário,Indígena,0.4084799790434298
CAND_02322,2.2,68.0,Mestrado,Capitais,Presencial,Não-binário,Amarela,0.6069326276951149
CAND_02323,7.6,52.0,Bacharelado,Região Metropolitana,Presencial,Masculino,Amarela,0.45513270489467894
CAND_02324,2.6,57.0,Bacharelado,Região Metropolitana,Remoto,Masculino,Preta,0.5867412927641018
CAND_02325,1.7,48.0,Ensino Médio,Interior,Híbrido,Feminino,Amarela,0.4032508002449973
CAND_02326,3.8,54.0,Mestrado,Capitais,Remoto,Feminino,Branca,0.6683010750101617
CAND_02327,9.8,51.0,Bacharelado,Capitais,Remoto,Feminino,Parda,0.6130864247322726
CAND_02328,7.6,60.0,Ensino Médio,Região Metropolitana,Presencial,Masculino,Amarela,0.4252065885484084
CAND_02329,6.1,27.0,Mestrado,Capitais,Remoto,Não-binário,Amarela,0.36040934564217225
CAND_02330,4.5,57.0,Ensino Médio,Capitais,Remoto,Masculino,Amarela,0.28854614734141526
CAND_02331,7.1,40.0,Bacharelado,Capitais,Híbrido,Não-binário,Branca,0.3656589575939751
CAND_02332,7.2,56.0,Mestrado,Capitais,Presencial,Não-binário,Parda,0.5633659116179902
CAND_02333,3.1,17.0,Ensino Médio,Capitais,Híbrido,Masculino,Indígena,0.16003765393710132
CAND_02334,2.6,39.0,Bacharelado,Capitais,Presencial,Masculino,Indígena,0.3284777509247073
CAND_02335,4.3,49.0,Bacharelado,Interior,Presencial,Masculino,Amarela,0.4839122755729883
CAND_02336,7.8,45.0,Bacharelado,Capitais,Híbrido,Não-binário,Parda,0.4495097440313319
CAND_02337,7.6,24.0,Bacharelado,Capitais,Remoto,Feminino,Branca,0.7166835007509694
CAND_02338,3.9,51.0,Mestrado,Capitais,Presencial,Não-binário,Amarela,0.45006809170969403
CAND_02339,2.8,43.0,Mestrado,Capitais,Híbrido,Não-binário,Parda,0.6678613254857023
CAND_02340,7.5,38.0,Bacharelado,Capitais,Híbrido,Feminino,Preta,0.37859857704434274
CAND_02341,4.1,60.0,Mestrado,Região Metropolitana,Híbrido,Masculino,Preta,0.4473850740313471
CAND_02342,8.1,10.0,Bacharelado,Região Metropolitana,Remoto,Não-binário,Preta,0.5432239016653242
CAND_02343,5.1,38.0,Mestrado,Região Metropolitana,Presencial,Masculino,Indígena,0.5547926445649638
CAND_02344,6.7,68.0,Bacharelado,Capitais,Presencial,Não-binário,Branca,0.542360243452056
CAND_02345,3.1,35.0,Mestrado,Capitais,Remoto,Não-binário,Branca,0.3127053633227547
CAND_02346,9.5,38.0,Bacharelado,Capitais,Remoto,Masculino,Preta,0.5952679430120653
CAND_02347,1.7,63.0,Mestrado,Capitais,Híbrido,Masculino,Amarela,0.5001042565966889
CAND_02348,7.0,50.0,Bacharelado,Capitais,Remoto,Masculino,Preta,0.6367308634200577
CAND_02349,2.2,54.0,Bacharelado,Capitais,Híbrido,Não-binário,Indígena,0.30765951179300915
CAND_02350,9.1,54.0,Mestrado,Interior,Híbrido,Não-binário,Branca,0.574141652961509
CAND_02351,1.2,68.0,Bacharelado,Região Metropolitana,Híbrido,Masculino,Preta,0.5111573326484519
CAND_02352,10.5,52.0,Mestrado,Capitais,Presencial,Masculino,Parda,0.6651741853863137
CAND_02353,10.4,56.0,Ensino Médio,Capitais,Híbrido,Feminino,Amarela,0.45262438781185294
CAND_02354,7.7,66.0,Bacharelado,Região Metropolitana,Remoto,Feminino,Amarela,0.6017658024773058
CAND_02355,7.4,71.0,Mestrado,Região Metropolitana,Híbrido,Não-binário,Preta,0.6386896988941126
CAND_02356,7.1,56.0,Bacharelado,Capitais,Remoto,Feminino,Preta,0.40234699204793756
CAND_02357,3.2,33.0,Doutorado,Região Metropolitana,Híbrido,Não-binário,Amarela,0.5838908431413614
CAND_02358,3.6,73.0,Bacharelado,Interior,Remoto,Feminino,Amarela,0.30147856942968787
CAND_02359,6.4,40.0,Ensino Médio,Interior,Híbrido,Feminino,Parda,0.3314390825316813
CAND_02360,9.1,68.0,Bacharelado,Interior,Remoto,Masculino,Indígena,0.6929756983694996
CAND_02361,7.2,38.0,Ensino Médio,Capitais,Presencial,Feminino,Branca,0.46827070148259947
CAND_02362,0.0,82.0,Bacharelado,Região Metropolitana,Remoto,Feminino,Parda,0.4570382225175442
CAND_02363,7.3,57.0,Bacharelado,Capitais,Presencial,Feminino,Parda,0.3748950442005806
CAND_02364,3.5,69.0,Bacharelado,Capitais,Presencial,Feminino,Parda,0.3984123260753536
CAND_02365,7.1,44.0,Mestrado,Capitais,Híbrido,Feminino,Parda,0.4092367954552004
CAND_02366,3.2,51.0,Bacharelado,Região Metropolitana,Híbrido,Não-binário,Amarela,0.2338220572780752
CAND_02367,7.8,65.0,Mestrado,Região Metropolitana,Presencial,Não-binário,Branca,0.7759737885972608
CAND_02368,7.2,75.0,Bacharelado,Capitais,Remoto,Não-binário,Indígena,0.7980840041873386
CAND_02369,4.8,45.0,Bacharelado,Capitais,Híbrido,Feminino,Branca,0.35270850612364907
CAND_02370,1.7,54.0,Bacharelado,Interior,Remoto,Não-binário,Amarela,0.207300474728067
CAND_02371,8.8,36.0,Mestrado,Interior,Presencial,Masculino,Indígena,0.536182011468097
CAND_02372,5.6,64.0,Ensino Médio,Região Metropolitana,Híbrido,Feminino,Parda,0.47281266325195953
CAND_02373,4.7,53.0,Bacharelado,Capitais,Presencial,Masculino,Branca,0.5508596296427033
CAND_02374,5.6,52.0,Bacharelado,Região Metropolitana,Híbrido,Feminino,Branca,0.4941388469902529
CAND_02375,1.4,22.0,Bacharelado,Capitais,Remoto,Masculino,Parda,0.27923929043490886
CAND_02376,7.0,60.0,Bacharelado,Região Metropolitana,Remoto,Masculino,Branca,0.4230725280166693
CAND_02377,4.1,40.0,Bacharelado,Região Metropolitana,Híbrido,Feminino,Indígena,0.37456801360453174
CAND_02378,5.1,33.0,Ensino Médio,Região Metropolitana,Presencial,Masculino,Preta,0.43918670135983756
CAND_02379,5.7,49.0,Bacharelado,Capitais,Híbrido,Feminino,Branca,0.6301924745137748
CAND_02380,0.0,58.0,Bacharelado,Capitais,Presencial,Não-binário,Parda,0.39820715123398653
CAND_02381,0.0,41.0,Mestrado,Capitais,Presencial,Não-binário,Amarela,0.4066178372958818
CAND_02382,0.0,49.0,Bacharelado,Capitais,Híbrido,Masculino,Indígena,0.3230057411838353
CAND_02383,2.7,37.0,Ensino Médio,Capitais,Remoto,Não-binário,Branca,0.35221791464516256
CAND_02384,4.3,54.0,Ensino Médio,Região Metropolitana,Presencial,Masculino,Branca,0.24366439118169128
CAND_02385,0.0,48.0,Bacharelado,Região Metropolitana,Presencial,Não-binário,Amarela,0.42914163100329406
CAND_02386,0.9,41.0,Bacharelado,Capitais,Remoto,Feminino,Preta,0.5182762104984096
CAND_02387,5.3,42.0,Bacharelado,Região Metropolitana,Presencial,Feminino,Preta,0.4097994558284112
CAND_02388,1.5,79.0,Bacharelado,Interior,Remoto,Masculino,Preta,0.5324124261796768
CAND_02389,3.0,42.0,Mestrado,Capitais,Presencial,Feminino,Parda,0.32139339319827787
CAND_02390,8.5,66.0,Bacharelado,Interior,Híbrido,Feminino,Amarela,0.7166794222611197
CAND_02391,6.0,70.0,Bacharelado,Capitais,Híbrido,Não-binário,Preta,0.5156961972441086
CAND_02392,0.1,61.0,Bacharelado,Região Metropolitana,Híbrido,Feminino,Indígena,0.31126443680564003
CAND_02393,5.3,54.0,Bacharelado,Capitais,Remoto,Feminino,Parda,0.49353718901115484
CAND_02394,6.2,37.0,Bacharelado,Capitais,Híbrido,Não-binário,Amarela,0.37164954052419713
CAND_02395,7.8,43.0,Bacharelado,Capitais,Remoto,Não-binário,Branca,0.4077659943385304
CAND_02396,6.8,58.0,Mestrado,Capitais,Presencial,Feminino,Branca,0.48246804677823346
CAND_02397,6.5,23.0,Bacharelado,Capitais,Híbrido,Masculino,Parda,0.182602905366707
CAND_02398,5.2,61.0,Mestrado,Capitais,Híbrido,Masculino,Preta,0.43256327606641165
CAND_02399,6.4,66.0,Ensino Médio,Capitais,Híbrido,Feminino,Amarela,0.6312737272655292
CAND_02400,7.8,65.0,Bacharelado,Região Metropolitana,Presencial,Feminino,Amarela,0.658730357892528
CAND_02401,4.6,53.0,Bacharelado,Capitais,Remoto,Não-binário,Parda,0.4445494706296765
CAND_02402,2.8,40.0,Ensino Médio,Região Metropolitana,Presencial,Não-binário,Amarela,0.3091481654699607
CAND_02403,4.6,59.0,Bacharelado,Capitais,Presencial,Não-binário,Parda,0.3391304130703628
CAND_02404,3.8,36.0,Ensino Médio,Capitais,Híbrido,Masculino,Indígena,0.42321376963825463
CAND_02405,4.6,63.0,Bacharelado,Capitais,Presencial,Feminino,Parda,0.43590064013941465
CAND_02406,0.0,53.0,Bacharelado,Capitais,Remoto,Masculino,Preta,0.43266023874361487
CAND_02407,8.1,41.0,Bacharelado,Interior,Híbrido,Feminino,Parda,0.4365804750434883
CAND_02408,5.7,70.0,Ensino Médio,Região Metropolitana,Remoto,Masculino,Preta,0.42005957557099055
CAND_02409,8.4,60.0,Ensino Médio,Capitais,Remoto,Feminino,Indígena,0.6762398998083953
CAND_02410,2.0,59.0,Bacharelado,Capitais,Presencial,Não-binário,Branca,0.4186648324071406
CAND_02411,6.5,56.0,Mestrado,Região Metropolitana,Híbrido,Não-binário,Branca,0.6386351481360373
CAND_02412,4.4,49.0,Bacharelado,Capitais,Híbrido,Não-binário,Parda,0.4761940045530841
CAND_02413,5.4,51.0,Bacharelado,Região Metropolitana,Remoto,Masculino,Amarela,0.38647374609386836
CAND_02414,6.8,53.0,Bacharelado,Capitais,Híbrido,Feminino,Indígena,0.6114317484783107
CAND_02415,7.5,30.0,Bacharelado,Capitais,Remoto,Feminino,Preta,0.31624528470146906
CAND_02416,3.5,44.0,Doutorado,Capitais,Híbrido,Feminino,Parda,0.43672463128492567
CAND_02417,3.5,48.0,Mestrado,Capitais,Presencial,Masculino,Preta,0.35566992533416153
CAND_02418,6.0,42.0,Ensino Médio,Região Metropolitana,Remoto,Feminino,Preta,0.3717118985769314
CAND_02419,0.0,59.0,Bacharelado,Interior,Presencial,Não-binário,Indígena,0.3916955779003685
CAND_02420,7.4,73.0,Mestrado,Região Metropolitana,Híbrido,Masculino,Branca,0.5229583160578019
CAND_02421,5.9,46.0,Doutorado,Região Metropolitana,Remoto,Masculino,Branca,0.472066612451549
CAND_02422,5.6,55.0,Bacharelado,Interior,Remoto,Feminino,Preta,0.4661511508513616
CAND_02423,5.6,51.0,Bacharelado,Capitais,Híbrido,Feminino,Parda,0.573377875156665
CAND_02424,0.0,55.0,Mestrado,Capitais,Remoto,Feminino,Parda,0.32590591338916797
CAND_02425,4.3,55.0,Bacharelado,Interior,Presencial,Feminino,Amarela,0.5359007548543062
CAND_02426,5.7,60.0,Bacharelado,Região Metropolitana,Remoto,Masculino,Indígena,0.4259457863444819
CAND_02427,5.6,62.0,Bacharelado,Interior,Presencial,Feminino,Amarela,0.557558727689268
CAND_02428,11.4,71.0,Bacharelado,Capitais,Presencial,Não-binário,Branca,0.7833913303298359
CAND_02429,3.6,56.0,Mestrado,Interior,Presencial,Feminino,Branca,0.6104400773873766
CAND_02430,6.3,31.0,Mestrado,Interior,Híbrido,Não-binário,Indígena,0.4520769179866998
CAND_02431,0.6,79.0,Bacharelado,Capitais,Remoto,Feminino,Indígena,0.48256042017522344
CAND_02432,1.9,88.0,Doutorado,Capitais,Híbrido,Não-binário,Branca,0.4703488951585968
CAND_02433,9.3,74.0,Bacharelado,Capitais,Presencial,Masculino,Branca,0.7518366744626608
CAND_02434,3.9,50.0,Doutorado,Capitais,Remoto,Feminino,Indígena,0.4451293276777367
CAND_02435,5.3,55.0,Bacharelado,Capitais,Híbrido,Não-binário,Indígena,0.425830653634899
CAND_02436,5.8,57.0,Bacharelado,Região Metropolitana,Híbrido,Masculino,Branca,0.5481572673760458
CAND_02437,9.3,71.0,Bacharelado,Capitais,Presencial,Não-binário,Amarela,0.4806808004992811
CAND_02438,4.8,65.0,Mestrado,Capitais,Remoto,Não-binário,Branca,0.5665702257668142
CAND_02439,3.1,49.0,Bacharelado,Capitais,Presencial,Não-binário,Indígena,0.5795151803080854
CAND_02440,2.8,64.0,Doutorado,Capitais,Remoto,Masculino,Branca,0.6752841473638952
CAND_02441,5.5,57.0,Mestrado,Região Metropolitana,Remoto,Masculino,Amarela,0.49721754770820487
CAND_02442,7.4,54.0,Mestrado,Região Metropolitana,Presencial,Feminino,Branca,0.6946067855220592
CAND_02443,3.1,58.0,Bacharelado,Capitais,Presencial,Feminino,Amarela,0.47684426884829445
CAND_02444,2.7,56.0,Mestrado,Capitais,Presencial,Masculino,Indígena,0.6271164351233953
CAND_02445,7.2,45.0,Mestrado,Capitais,Presencial,Feminino,Amarela,0.38939792693063435
CAND_02446,8.1,41.0,Mestrado,Capitais,Remoto,Não-binário,Amarela,0.6452102241529121
CAND_02447,9.5,49.0,Bacharelado,Capitais,Híbrido,Não-binário,Indígena,0.6257272050449689
CAND_02448,5.4,65.0,Bacharelado,Capitais,Remoto,Não-binário,Preta,0.5312708377789285
CAND_02449,6.3,61.0,Mestrado,Capitais,Presencial,Masculino,Preta,0.5394424082164986
CAND_02450,6.2,67.0,Bacharelado,Interior,Presencial,Masculino,Branca,0.3723828872013497
CAND_02451,0.0,46.0,Bacharelado,Região Metropolitana,Remoto,Não-binário,Preta,0.38935795308553406
CAND_02452,8.6,42.0,Bacharelado,Região Metropolitana,Híbrido,Não-binário,Preta,0.6051869128643255
CAND_02453,7.5,55.0,Mestrado,Capitais,Híbrido,Masculino,Indígena,0.42507499273258154
CAND_02454,6.1,60.0,Bacharelado,Capitais,Remoto,Não-binário,Preta,0.5978337514622285
CAND_02455,5.9,48.0,Bacharelado,Capitais,Remoto,Masculino,Amarela,0.46180115594055
CAND_02456,5.4,45.0,Bacharelado,Capitais,Híbrido,Masculino,Parda,0.44591394430262554
CAND_02457,11.4,55.0,Bacharelado,Capitais,Presencial,Feminino,Amarela,0.6363513732297639
CAND_02458,0.0,29.0,Bacharelado,Região Metropolitana,Presencial,Não-binário,Indígena,0.4573716369466181
CAND_02459,3.6,27.0,Ensino Médio,Capitais,Remoto,Feminino,Parda,0.2805214082861369
CAND_02460,5.1,49.0,Bacharelado,Região Metropolitana,Híbrido,Feminino,Branca,0.46820601233244896
CAND_02461,8.6,61.0,Bacharelado,Região Metropolitana,Presencial,Não-binário,Indígena,0.5524092274192453
CAND_02462,6.1,31.0,Bacharelado,Capitais,Presencial,Masculino,Branca,0.2927768007982385
CAND_02463,3.0,51.0,Bacharelado,Região Metropolitana,Híbrido,Não-binário,Amarela,0.3453041398229366
CAND_02464,2.5,36.0,Bacharelado,Interior,Híbrido,Não-binário,Indígena,0.32735269616540674
CAND_02465,5.6,35.0,Mestrado,Capitais,Remoto,Feminino,Preta,0.4839215813932501
CAND_02466,3.9,45.0,Bacharelado,Capitais,Híbrido,Não-binário,Branca,0.6414036760811791
CAND_02467,11.3,67.0,Bacharelado,Interior,Presencial,Masculino,Preta,0.5682516243754099
CAND_02468,5.7,64.0,Mestrado,Região Metropolitana,Híbrido,Feminino,Branca,0.6483497278786521
CAND_02469,2.9,19.0,Mestrado,Capitais,Presencial,Não-binário,Indígena,0.44768092384279623
CAND_02470,10.6,18.0,Mestrado,Capitais,Presencial,Não-binário,Preta,0.5415790047983114
CAND_02471,2.1,62.0,Bacharelado,Capitais,Híbrido,Não-binário,Parda,0.5706401238024013
CAND_02472,5.3,81.0,Bacharelado,Capitais,Remoto,Masculino,Branca,0.5976415977082601
CAND_02473,3.1,43.0,Bacharelado,Região Metropolitana,Híbrido,Não-binário,Amarela,0.3843939382411121
CAND_02474,2.9,44.0,Bacharelado,Capitais,Remoto,Masculino,Parda,0.5265182657211261
CAND_02475,6.0,62.0,Mestrado,Capitais,Híbrido,Feminino,Preta,0.48713082491112913
CAND_02476,7.8,55.0,Mestrado,Capitais,Presencial,Não-binário,Preta,0.6885437216599365
CAND_02477,7.0,63.0,Bacharelado,Capitais,Híbrido,Masculino,Indígena,0.604982187109372
CAND_02478,2.6,51.0,Mestrado,Capitais,Híbrido,Masculino,Branca,0.6243464104442554
CAND_02479,8.7,60.0,Mestrado,Capitais,Presencial,Não-binário,Indígena,0.5492194913966258
CAND_02480,6.4,48.0,Mestrado,Região Metropolitana,Híbrido,Masculino,Parda,0.46964238143040854
CAND_02481,0.0,52.0,Mestrado,Região Metropolitana,Híbrido,Masculino,Parda,0.4345336260485746
CAND_02482,7.3,33.0,Ensino Médio,Capitais,Híbrido,Não-binário,Preta,0.30357519186072307
CAND_02483,8.5,71.0,Bacharelado,Região Metropolitana,Presencial,Masculino,Preta,0.5249190542863948
CAND_02484,5.4,63.0,Bacharelado,Capitais,Híbrido,Feminino,Amarela,0.6736656005681576
CAND_02485,6.7,42.0,Mestrado,Capitais,Presencial,Masculino,Preta,0.5507688272672806
CAND_02486,10.7,47.0,Mestrado,Capitais,Presencial,Feminino,Amarela,0.6578043824117551
CAND_02487,0.0,49.0,Mestrado,Capitais,Híbrido,Não-binário,Amarela,0.2675866183840301
CAND_02488,6.8,45.0,Bacharelado,Capitais,Híbrido,Não-binário,Branca,0.45463754942315815
CAND_02489,2.3,30.0,Ensino Médio,Região Metropolitana,Remoto,Não-binário,Amarela,0.3838388058982354
CAND_02490,8.4,53.0,Bacharelado,Capitais,Híbrido,Masculino,Branca,0.6285773927355514
CAND_02491,4.1,28.0,Bacharelado,Capitais,Remoto,Não-binário,Amarela,0.4327501156575991
CAND_02492,6.2,65.0,Mestrado,Capitais,Presencial,Não-binário,Amarela,0.7950873032639217
CAND_02493,0.2,69.0,Mestrado,Região Metropolitana,Presencial,Não-binário,Branca,0.32124120104419046
CAND_02494,7.4,50.0,Doutorado,Capitais,Remoto,Não-binário,Amarela,0.6812653873609239
CAND_02495,1.4,48.0,Bacharelado,Região Metropolitana,Híbrido,Não-binário,Branca,0.39801667072366154
CAND_02496,4.0,28.0,Doutorado,Capitais,Remoto,Feminino,Indígena,0.35016427366584973
CAND_02497,8.7,45.0,Bacharelado,Capitais,Híbrido,Não-binário,Parda,0.46849373158411284
CAND_02498,7.1,27.0,Bacharelado,Capitais,Remoto,Não-binário,Preta,0.4379800915491213
CAND_02499,4.1,59.0,Bacharelado,Capitais,Híbrido,Feminino,Amarela,0.39146989721657366
CAND_02500,0.6,39.0,Mestrado,Capitais,Remoto,Feminino,Indígena,0.4977963211908494
CAND_02501,4.5,47.0,Doutorado,Região Metropolitana,Híbrido,Masculino,Indígena,0.5629748143253558
CAND_02502,3.4,35.0,Bacharelado,Capitais,Remoto,Masculino,Amarela,0.39729163943518375
CAND_02503,3.4,56.0,Bacharelado,Capitais,Remoto,Feminino,Preta,0.2846890652559939
CAND_02504,2.7,51.0,Bacharelado,Capitais,Presencial,Masculino,Indígena,0.43843595147959
CAND_02505,3.8,22.0,Bacharelado,Capitais,Presencial,Não-binário,Amarela,0.2545232500729905
CAND_02506,4.3,14.0,Mestrado,Interior,Remoto,Masculino,Preta,0.2612475237664015
CAND_02507,10.8,45.0,Ensino Médio,Região Metropolitana,Híbrido,Feminino,Branca,0.503173193100804
CAND_02508,1.7,55.0,Mestrado,Região Metropolitana,Híbrido,Masculino,Branca,0.49252847443299647
CAND_02509,8.4,48.0,Bacharelado,Região Metropolitana,Híbrido,Não-binário,Preta,0.6597576185824563
CAND_02510,8.7,56.0,Mestrado,Região Metropolitana,Presencial,Não-binário,Branca,0.6283594568049939
CAND_02511,0.0,74.0,Ensino Médio,Capitais,Híbrido,Feminino,Branca,0.5378630694654325
CAND_02512,2.5,46.0,Bacharelado,Capitais,Remoto,Feminino,Preta,0.26585407284291324
CAND_02513,4.7,70.0,Mestrado,Capitais,Remoto,Não-binário,Parda,0.61008064676211
CAND_02514,5.4,42.0,Bacharelado,Capitais,Híbrido,Masculino,Branca,0.48256331213326553
CAND_02515,0.5,44.0,Bacharelado,Região Metropolitana,Presencial,Não-binário,Preta,0.2940837452391523
CAND_02516,4.4,44.0,Bacharelado,Região Metropolitana,Híbrido,Masculino,Branca,0.2791053934454007
CAND_02517,6.3,35.0,Mestrado,Região Metropolitana,Remoto,Feminino,Preta,0.5362906915810643
CAND_02518,0.5,63.0,Bacharelado,Capitais,Presencial,Feminino,Parda,0.5112163502482832
CAND_02519,4.8,64.0,Bacharelado,Capitais,Híbrido,Feminino,Indígena,0.5440183138926463
CAND_02520,2.3,19.0,Bacharelado,Região Metropolitana,Remoto,Masculino,Amarela,0.26219141103463756
CAND_02521,4.4,36.0,Bacharelado,Capitais,Híbrido,Feminino,Indígena,0.3219853638998785
CAND_02522,2.6,69.0,Mestrado,Região Metropolitana,Presencial,Não-binário,Parda,0.5490840650018957
CAND_02523,3.8,43.0,Bacharelado,Região Metropolitana,Híbrido,Feminino,Amarela,0.5217934279470781
CAND_02524,3.8,53.0,Bacharelado,Capitais,Híbrido,Não-binário,Preta,0.44032973991637975
CAND_02525,10.0,43.0,Bacharelado,Capitais,Remoto,Masculino,Preta,0.5212102296872129
CAND_02526,11.3,34.0,Bacharelado,Capitais,Remoto,Feminino,Indígena,0.5483857039958129
CAND_02527,11.2,49.0,Bacharelado,Região Metropolitana,Híbrido,Masculino,Amarela,0.39366090186619485
CAND_02528,0.0,24.0,Bacharelado,Região Metropolitana,Híbrido,Não-binário,Amarela,0.24070559109409265
CAND_02529,6.9,43.0,Bacharelado,Região Metropolitana,Presencial,Não-binário,Preta,0.5068113089067482
CAND_02530,4.2,64.0,Mestrado,Capitais,Híbrido,Não-binário,Indígena,0.5082763293733144
CAND_02531,1.8,48.0,Bacharelado,Capitais,Presencial,Feminino,Indígena,0.4763114818468748
CAND_02532,9.4,41.0,Bacharelado,Capitais,Híbrido,Masculino,Indígena,0.45310666366394936
CAND_02533,4.6,36.0,Doutorado,Capitais,Presencial,Feminino,Amarela,0.406330292613523
CAND_02534,7.8,56.0,Mestrado,Capitais,Presencial,Feminino,Preta,0.612461515469042
CAND_02535,8.0,67.0,Bacharelado,Capitais,Remoto,Feminino,Amarela,0.8149221678618219
CAND_02536,7.0,60.0,Bacharelado,Capitais,Híbrido,Feminino,Parda,0.4970043625777253
CAND_02537,4.0,50.0,Bacharelado,Interior,Presencial,Masculino,Amarela,0.3796227406953188
CAND_02538,4.0,49.0,Bacharelado,Capitais,Remoto,Masculino,Indígena,0.35881211347834396
CAND_02539,5.3,46.0,Bacharelado,Capitais,Remoto,Feminino,Preta,0.3106434124005973
CAND_02540,9.4,23.0,Bacharelado,Capitais,Remoto,Feminino,Preta,0.31538445363580037
CAND_02541,8.1,40.0,Bacharelado,Capitais,Presencial,Masculino,Amarela,0.4615863391224694
CAND_02542,4.3,38.0,Bacharelado,Região Metropolitana,Remoto,Não-binário,Branca,0.22380100093401137
CAND_02543,4.7,40.0,Bacharelado,Capitais,Presencial,Não-binário,Preta,0.4853672111535334
CAND_02544,10.4,59.0,Bacharelado,Capitais,Híbrido,Masculino,Parda,0.77269782672373
CAND_02545,1.3,52.0,Bacharelado,Capitais,Híbrido,Feminino,Parda,0.5347105018249737
CAND_02546,0.0,37.0,Mestrado,Capitais,Híbrido,Masculino,Branca,0.3231768670656128
CAND_02547,2.4,64.0,Bacharelado,Capitais,Híbrido,Feminino,Indígena,0.4975595354158461
CAND_02548,11.3,77.0,Bacharelado,Capitais,Híbrido,Masculino,Amarela,0.6373784956777745
CAND_02549,1.4,60.0,Mestrado,Interior,Presencial,Não-binário,Parda,0.20185633635510863
CAND_02550,2.2,89.0,Bacharelado,Região Metropolitana,Presencial,Feminino,Preta,0.6013147397472197
CAND_02551,5.9,51.0,Mestrado,Região Metropolitana,Presencial,Não-binário,Amarela,0.455236727811424
CAND_02552,5.5,75.0,Ensino Médio,Capitais,Presencial,Feminino,Branca,0.7495113065503317
CAND_02553,8.5,61.0,Ensino Médio,Interior,Presencial,Feminino,Parda,0.4454031938380498
CAND_02554,8.8,75.0,Ensino Médio,Interior,Híbrido,Masculino,Indígena,0.6324187989998156
CAND_02555,3.7,43.0,Bacharelado,Região Metropolitana,Remoto,Masculino,Preta,0.48466914419827145
CAND_02556,6.2,45.0,Bacharelado,Interior,Híbrido,Feminino,Parda,0.5166639091391159
CAND_02557,5.6,59.0,Mestrado,Região Metropolitana,Remoto,Feminino,Branca,0.5227583148759148
CAND_02558,2.6,36.0,Doutorado,Região Metropolitana,Híbrido,Não-binário,Indígena,0.5275676074643538
CAND_02559,6.6,28.0,Bacharelado,Capitais,Híbrido,Masculino,Indígena,0.45110077982097074
CAND_02560,5.4,21.0,Bacharelado,Região Metropolitana,Híbrido,Não-binário,Indígena,0.3428894780858789
CAND_02561,6.0,49.0,Bacharelado,Região Metropolitana,Presencial,Feminino,Parda,0.3259603521748835
CAND_02562,3.1,71.0,Bacharelado,Capitais,Remoto,Feminino,Preta,0.5481520329974301
CAND_02563,8.8,57.0,Bacharelado,Capitais,Remoto,Feminino,Indígena,0.6856027054436024
CAND_02564,1.8,35.0,Bacharelado,Interior,Remoto,Masculino,Indígena,0.4283100596437196
CAND_02565,2.5,42.0,Bacharelado,Região Metropolitana,Híbrido,Feminino,Branca,0.4758070655434301
CAND_02566,11.1,48.0,Bacharelado,Capitais,Híbrido,Não-binário,Indígena,0.47701572381818846
CAND_02567,3.7,23.0,Bacharelado,Capitais,Presencial,Masculino,Branca,0.42272881745916957
CAND_02568,5.2,54.0,Mestrado,Capitais,Híbrido,Masculino,Parda,0.27257366748552814
CAND_02569,4.5,48.0,Ensino Médio,Capitais,Híbrido,Feminino,Preta,0.396141014487525
CAND_02570,1.5,55.0,Ensino Médio,Região Metropolitana,Presencial,Feminino,Indígena,0.4241578321093913
CAND_02571,1.0,45.0,Bacharelado,Capitais,Presencial,Feminino,Preta,0.3510503434225302
CAND_02572,3.6,43.0,Bacharelado,Região Metropolitana,Presencial,Não-binário,Preta,0.19163943498679173
CAND_02573,3.9,23.0,Ensino Médio,Capitais,Híbrido,Não-binário,Parda,0.24621499826917612
CAND_02574,2.5,64.0,Mestrado,Capitais,Presencial,Não-binário,Indígena,0.5850388226541164
CAND_02575,6.3,51.0,Bacharelado,Capitais,Híbrido,Masculino,Parda,0.578196556206154
CAND_02576,7.8,59.0,Bacharelado,Região Metropolitana,Híbrido,Feminino,Preta,0.6748187912178418
CAND_02577,5.9,33.0,Bacharelado,Região Metropolitana,Presencial,Feminino,Indígena,0.3573324262208915
CAND_02578,3.8,63.0,Doutorado,Região Metropolitana,Presencial,Masculino,Indígena,0.6942361821253973
CAND_02579,8.1,58.0,Mestrado,Região Metropolitana,Presencial,Masculino,Parda,0.730167222105576
CAND_02580,6.8,42.0,Bacharelado,Capitais,Híbrido,Feminino,Branca,0.3741899130891737
CAND_02581,9.6,69.0,Mestrado,Capitais,Híbrido,Feminino,Branca,0.7459043225207418
CAND_02582,3.1,34.0,Bacharelado,Capitais,Presencial,Feminino,Parda,0.3672764735445513
CAND_02583,2.5,64.0,Bacharelado,Capitais,Híbrido,Não-binário,Preta,0.43817637283990285
CAND_02584,7.4,57.0,Doutorado,Região Metropolitana,Remoto,Feminino,Parda,0.6411587842395945
CAND_02585,4.9,49.0,Mestrado,Capitais,Remoto,Masculino,Branca,0.5707860034392986
CAND_02586,5.7,60.0,Bacharelado,Região Metropolitana,Remoto,Feminino,Parda,0.6409877980857945
CAND_02587,11.9,64.0,Bacharelado,Capitais,Presencial,Não-binário,Parda,0.6331734887371524
CAND_02588,2.1,57.0,Bacharelado,Região Metropolitana,Remoto,Masculino,Indígena,0.31169130837269987
CAND_02589,6.2,66.0,Bacharelado,Capitais,Remoto,Feminino,Parda,0.677196081443558
CAND_02590,5.5,23.0,Mestrado,Capitais,Híbrido,Masculino,Amarela,0.3906823183909103
CAND_02591,8.7,47.0,Bacharelado,Interior,Híbrido,Feminino,Branca,0.458721238017576
CAND_02592,0.0,47.0,Bacharelado,Região Metropolitana,Presencial,Masculino,Indígena,0.42682509968786064
CAND_02593,3.7,37.0,Doutorado,Capitais,Presencial,Feminino,Preta,0.5267607954862752
CAND_02594,6.8,60.0,Doutorado,Capitais,Presencial,Feminino,Indígena,0.6383154480112905
CAND_02595,5.1,49.0,Bacharelado,Região Metropolitana,Híbrido,Não-binário,Indígena,0.38851521619448065
CAND_02596,5.4,42.0,Bacharelado,Capitais,Remoto,Masculino,Parda,0.4003610388971829
CAND_02597,2.9,52.0,Bacharelado,Capitais,Híbrido,Não-binário,Branca,0.4636170653587004
CAND_02598,6.8,71.0,Bacharelado,Região Metropolitana,Híbrido,Feminino,Preta,0.5361699436354223
CAND_02599,8.6,80.0,Bacharelado,Capitais,Remoto,Feminino,Parda,0.617361719545594
CAND_02600,10.0,70.0,Mestrado,Interior,Híbrido,Masculino,Parda,0.5999867709579862
CAND_02601,5.4,37.0,Bacharelado,Capitais,Remoto,Não-binário,Amarela,0.4874178264446619
CAND_02602,4.9,38.0,Bacharelado,Capitais,Híbrido,Masculino,Indígena,0.3471522163402708
CAND_02603,5.8,48.0,Bacharelado,Região Metropolitana,Híbrido,Não-binário,Branca,0.5069161824227176
CAND_02604,2.6,56.0,Bacharelado,Capitais,Presencial,Feminino,Parda,0.4288336168842163
CAND_02605,4.1,62.0,Ensino Médio,Capitais,Híbrido,Feminino,Preta,0.3743081548469684
CAND_02606,2.4,53.0,Bacharelado,Capitais,Remoto,Feminino,Preta,0.5986501690271601
CAND_02607,6.2,51.0,Ensino Médio,Região Metropolitana,Híbrido,Feminino,Preta,0.44061220158067044
CAND_02608,2.9,60.0,Bacharelado,Região Metropolitana,Híbrido,Feminino,Parda,0.33019638997425516
CAND_02609,5.2,41.0,Bacharelado,Capitais,Remoto,Feminino,Preta,0.6151369577814106
CAND_02610,5.3,60.0,Bacharelado,Interior,Híbrido,Masculino,Indígena,0.6112781168136785
CAND_02611,4.5,48.0,Bacharelado,Capitais,Híbrido,Masculino,Amarela,0.3836311536465689
CAND_02612,9.7,62.0,Ensino Médio,Região Metropolitana,Remoto,Feminino,Branca,0.5510177878994544
CAND_02613,7.6,23.0,Doutorado,Região Metropolitana,Presencial,Não-binário,Preta,0.5790942436985023
CAND_02614,6.8,46.0,Bacharelado,Região Metropolitana,Híbrido,Feminino,Amarela,0.5218381144376186
CAND_02615,7.7,52.0,Ensino Médio,Região Metropolitana,Remoto,Feminino,Indígena,0.5582369358922719
CAND_02616,3.4,71.0,Mestrado,Capitais,Remoto,Feminino,Parda,0.5638378496043848
CAND_02617,2.7,65.0,Bacharelado,Capitais,Presencial,Não-binário,Preta,0.4232421981670401
CAND_02618,6.8,42.0,Ensino Médio,Capitais,Presencial,Feminino,Parda,0.4172286192174372
CAND_02619,2.3,64.0,Bacharelado,Capitais,Remoto,Não-binário,Preta,0.3456720499366892
CAND_02620,3.1,62.0,Ensino Médio,Região Metropolitana,Híbrido,Masculino,Preta,0.38485938089321503
CAND_02621,4.6,58.0,Bacharelado,Capitais,Híbrido,Não-binário,Parda,0.47892295393429507
CAND_02622,0.0,42.0,Bacharelado,Região Metropolitana,Híbrido,Feminino,Branca,0.35831213523900557
CAND_02623,2.7,60.0,Mestrado,Capitais,Híbrido,Não-binário,Preta,0.6664575376101851
CAND_02624,7.5,64.0,Mestrado,Capitais,Remoto,Masculino,Indígena,0.5078558280311599
CAND_02625,5.4,59.0,Mestrado,Capitais,Híbrido,Masculino,Parda,0.7024409130770413
CAND_02626,6.8,40.0,Bacharelado,Capitais,Remoto,Não-binário,Branca,0.48973919719414505
CAND_02627,7.1,60.0,Mestrado,Capitais,Híbrido,Masculino,Branca,0.3442462367012111
CAND_02628,2.3,68.0,Mestrado,Capitais,Presencial,Feminino,Branca,0.6433729922937972
CAND_02629,0.0,56.0,Ensino Médio,Capitais,Remoto,Masculino,Branca,0.3144855277191674
CAND_02630,5.3,63.0,Bacharelado,Capitais,Híbrido,Feminino,Amarela,0.6613662033827667
CAND_02631,4.2,77.0,Mestrado,Capitais,Híbrido,Feminino,Parda,0.5313937339077559
CAND_02632,3.1,63.0,Mestrado,Capitais,Remoto,Feminino,Branca,0.47554583907064396
CAND_02633,3.2,39.0,Mestrado,Região Metropolitana,Remoto,Não-binário,Parda,0.4985184355356253
CAND_02634,8.2,52.0,Bacharelado,Região Metropolitana,Presencial,Masculino,Indígena,0.3540757589019722
CAND_02635,2.4,45.0,Mestrado,Capitais,Remoto,Masculino,Parda,0.35726172738252776
CAND_02636,6.5,53.0,Mestrado,Região Metropolitana,Híbrido,Masculino,Branca,0.3907157879765163
CAND_02637,7.2,76.0,Bacharelado,Região Metropolitana,Híbrido,Feminino,Preta,0.5003720224574958
CAND_02638,8.2,44.0,Ensino Médio,Região Metropolitana,Presencial,Feminino,Amarela,0.6030547684444809
CAND_02639,1.1,31.0,Mestrado,Região Metropolitana,Presencial,Masculino,Preta,0.24887561513765216
CAND_02640,4.3,48.0,Mestrado,Capitais,Remoto,Não-binário,Indígena,0.40377535292234384
CAND_02641,12.5,37.0,Ensino Médio,Capitais,Híbrido,Não-binário,Indígena,0.21631446267467946
CAND_02642,13.0,48.0,Bacharelado,Região Metropolitana,Híbrido,Masculino,Amarela,0.5376343070120582
CAND_02643,11.0,48.0,Bacharelado,Região Metropolitana,Presencial,Não-binário,Preta,0.2535523479366083
CAND_02644,7.1,59.0,Bacharelado,Capitais,Remoto,Feminino,Branca,0.5574326338923151
CAND_02645,5.9,36.0,Bacharelado,Capitais,Presencial,Não-binário,Amarela,0.4895944652067589
CAND_02646,2.7,65.0,Bacharelado,Capitais,Híbrido,Masculino,Branca,0.5082276486567147
CAND_02647,0.0,32.0,Bacharelado,Capitais,Presencial,Feminino,Amarela,0.12586086294702356
CAND_02648,7.8,33.0,Mestrado,Região Metropolitana,Híbrido,Masculino,Indígena,0.4814068722941379
CAND_02649,3.7,46.0,Mestrado,Região Metropolitana,Híbrido,Não-binário,Amarela,0.5020595611722014
CAND_02650,0.7,62.0,Bacharelado,Interior,Presencial,Feminino,Branca,0.3732485882751286
CAND_02651,6.4,22.0,Bacharelado,Região Metropolitana,Presencial,Feminino,Preta,0.23666145935037522
CAND_02652,13.8,54.0,Bacharelado,Interior,Híbrido,Feminino,Branca,0.7367176086876495
CAND_02653,6.4,50.0,Bacharelado,Capitais,Híbrido,Masculino,Parda,0.3570565996258625
CAND_02654,3.7,41.0,Ensino Médio,Capitais,Presencial,Masculino,Indígena,0.38531596201164653
CAND_02655,7.0,41.0,Bacharelado,Capitais,Híbrido,Feminino,Amarela,0.456014124243591
CAND_02656,3.0,45.0,Ensino Médio,Capitais,Remoto,Feminino,Indígena,0.4876504484660548
CAND_02657,3.7,69.0,Bacharelado,Capitais,Híbrido,Não-binário,Branca,0.7301682241609879
CAND_02658,6.4,79.0,Bacharelado,Região Metropolitana,Híbrido,Masculino,Indígena,0.5372264390879532
CAND_02659,0.2,42.0,Bacharelado,Capitais,Presencial,Masculino,Branca,0.2040510933975184
CAND_02660,5.8,47.0,Bacharelado,Capitais,Remoto,Não-binário,Branca,0.46815001235985676
CAND_02661,4.5,48.0,Bacharelado,Capitais,Híbrido,Não-binário,Parda,0.4355003697785075
CAND_02662,4.7,57.0,Mestrado,Capitais,Presencial,Masculino,Branca,0.5833115535028416
CAND_02663,3.3,75.0,Bacharelado,Capitais,Híbrido,Masculino,Branca,0.4401008476047925
CAND_02664,9.6,43.0,Bacharelado,Região Metropolitana,Híbrido,Feminino,Branca,0.4384252524816465
CAND_02665,1.8,56.0,Bacharelado,Interior,Presencial,Feminino,Parda,0.40060588486449406
CAND_02666,3.8,49.0,Bacharelado,Capitais,Híbrido,Não-binário,Amarela,0.4521708383459019
CAND_02667,6.1,29.0,Mestrado,Capitais,Híbrido,Feminino,Parda,0.32451210496735855
CAND_02668,9.5,65.0,Bacharelado,Capitais,Remoto,Masculino,Branca,0.5874392835556265
CAND_02669,1.3,60.0,Doutorado,Capitais,Híbrido,Masculino,Amarela,0.5081343985893114
CAND_02670,6.4,67.0,Doutorado,Capitais,Remoto,Feminino,Preta,0.7117339224388647
CAND_02671,4.2,33.0,Bacharelado,Região Metropolitana,Híbrido,Feminino,Amarela,0.35780924416061916
CAND_02672,11.7,56.0,Ensino Médio,Região Metropolitana,Presencial,Não-binário,Preta,0.6738515205746015
CAND_02673,7.0,63.0,Mestrado,Capitais,Presencial,Masculino,Preta,0.6576536226858049
CAND_02674,4.3,57.0,Ensino Médio,Região Metropolitana,Remoto,Não-binário,Indígena,0.23623186361392084
CAND_02675,1.1,59.0,Bacharelado,Interior,Presencial,Não-binário,Branca,0.3847341917027584
CAND_02676,5.0,71.0,Bacharelado,Capitais,Remoto,Feminino,Indígena,0.6500586333659483
CAND_02677,4.7,33.0,Bacharelado,Interior,Presencial,Masculino,Indígena,0.28299903821790956
CAND_02678,0.0,64.0,Mestrado,Capitais,Presencial,Masculino,Indígena,0.48296712880517867
CAND_02679,4.7,50.0,Bacharelado,Capitais,Presencial,Masculino,Branca,0.48159847172043585
CAND_02680,9.5,27.0,Bacharelado,Capitais,Híbrido,Masculino,Preta,0.4622673351682123
CAND_02681,6.7,16.0,Mestrado,Região Metropolitana,Remoto,Não-binário,Branca,0.359895667293673
CAND_02682,4.9,41.0,Bacharelado,Capitais,Híbrido,Feminino,Preta,0.4169360374075862
CAND_02683,4.7,66.0,Mestrado,Região Metropolitana,Híbrido,Não-binário,Branca,0.501774379492582
CAND_02684,3.6,52.0,Bacharelado,Capitais,Híbrido,Feminino,Amarela,0.35797929460931477
CAND_02685,3.0,48.0,Mestrado,Capitais,Híbrido,Não-binário,Indígena,0.5444738109197674
CAND_02686,6.2,59.0,Bacharelado,Região Metropolitana,Remoto,Não-binário,Amarela,0.47954659461635496
CAND_02687,3.6,52.0,Mestrado,Capitais,Remoto,Masculino,Indígena,0.7160508066210769
CAND_02688,5.6,39.0,Bacharelado,Região Metropolitana,Híbrido,Masculino,Parda,0.27211752645646925
CAND_02689,7.1,65.0,Mestrado,Capitais,Híbrido,Masculino,Branca,0.6146804907489204
CAND_02690,0.1,24.0,Mestrado,Capitais,Remoto,Feminino,Parda,0.21675994657868253
CAND_02691,0.6,70.0,Ensino Médio,Capitais,Presencial,Feminino,Amarela,0.46943224813167495
CAND_02692,2.8,26.0,Bacharelado,Interior,Presencial,Não-binário,Branca,0.19600618547733156
CAND_02693,3.7,45.0,Bacharelado,Região Metropolitana,Remoto,Masculino,Indígena,0.5162658726434843
CAND_02694,2.4,31.0,Mestrado,Capitais,Híbrido,Não-binário,Branca,0.4462016100996963
CAND_02695,2.6,39.0,Doutorado,Capitais,Presencial,Não-binário,Amarela,0.3529861139922183
CAND_02696,2.5,34.0,Bacharelado,Região Metropolitana,Presencial,Não-binário,Branca,0.3006258936203633
CAND_02697,2.8,63.0,Mestrado,Capitais,Híbrido,Masculino,Preta,0.5528736454294525
CAND_02698,6.9,47.0,Bacharelado,Região Metropolitana,Remoto,Não-binário,Preta,0.5714310077831276
CAND_02699,3.4,54.0,Bacharelado,Região Metropolitana,Híbrido,Masculino,Branca,0.49381272962223266
CAND_02700,7.7,31.0,Bacharelado,Capitais,Remoto,Masculino,Amarela,0.40604050119932056
CAND_02701,8.4,41.0,Ensino Médio,Região Metropolitana,Híbrido,Feminino,Branca,0.6425506186660559
CAND_02702,6.6,64.0,Mestrado,Região Metropolitana,Presencial,Feminino,Preta,0.7073432881962854
CAND_02703,0.7,55.0,Bacharelado,Região Metropolitana,Presencial,Não-binário,Parda,0.2887851513396814
CAND_02704,2.6,33.0,Doutorado,Região Metropolitana,Remoto,Não-binário,Preta,0.4378458329718629
CAND_02705,7.0,44.0,Bacharelado,Região Metropolitana,Híbrido,Masculino,Amarela,0.6715285572597184
CAND_02706,9.9,53.0,Bacharelado,Capitais,Remoto,Não-binário,Parda,0.6004523117607746
CAND_02707,0.0,79.0,Mestrado,Capitais,Híbrido,Feminino,Amarela,0.5190444733902043
CAND_02708,7.5,67.0,Bacharelado,Capitais,Remoto,Não-binário,Parda,0.5278410013142527
CAND_02709,2.2,83.0,Bacharelado,Capitais,Presencial,Masculino,Indígena,0.4167348093871416
CAND_02710,0.0,58.0,Mestrado,Região Metropolitana,Híbrido,Não-binário,Indígena,0.4241010555948705
CAND_02711,7.1,45.0,Mestrado,Interior,Remoto,Masculino,Parda,0.5083233279935258
CAND_02712,0.9,61.0,Mestrado,Capitais,Híbrido,Não-binário,Preta,0.3129596820268504
CAND_02713,0.8,79.0,Bacharelado,Região Metropolitana,Híbrido,Não-binário,Indígena,0.39535673227316837
CAND_02714,12.4,35.0,Bacharelado,Capitais,Híbrido,Masculino,Parda,0.6332668617214523
CAND_02715,0.0,24.0,Bacharelado,Capitais,Híbrido,Masculino,Preta,0.1271022040747723
CAND_02716,1.4,19.0,Mestrado,Capitais,Presencial,Masculino,Parda,0.28467843121111247
CAND_02717,4.8,76.0,Mestrado,Capitais,Presencial,Não-binário,Parda,0.6463939754929431
CAND_02718,2.8,63.0,Bacharelado,Região Metropolitana,Híbrido,Feminino,Branca,0.5099862109639517
CAND_02719,5.9,54.0,Bacharelado,Região Metropolitana,Híbrido,Feminino,Amarela,0.6409705650343117
CAND_02720,6.4,41.0,Mestrado,Região Metropolitana,Híbrido,Não-binário,Indígena,0.460412757563091
CAND_02721,2.0,60.0,Bacharelado,Capitais,Remoto,Não-binário,Preta,0.431761831004567
CAND_02722,11.4,56.0,Bacharelado,Capitais,Remoto,Masculino,Branca,0.7754164358315394
CAND_02723,0.3,49.0,Mestrado,Capitais,Remoto,Masculino,Preta,0.3383460815388674
CAND_02724,4.1,37.0,Bacharelado,Capitais,Remoto,Masculino,Branca,0.3775817006516693
CAND_02725,4.5,41.0,Bacharelado,Capitais,Remoto,Não-binário,Preta,0.41573150557641536
CAND_02726,5.1,63.0,Mestrado,Capitais,Presencial,Feminino,Branca,0.5401399013393634
CAND_02727,7.1,48.0,Mestrado,Região Metropolitana,Híbrido,Feminino,Amarela,0.6334147078683572
CAND_02728,7.2,72.0,Bacharelado,Capitais,Remoto,Masculino,Preta,0.3432479710011289
CAND_02729,4.8,65.0,Bacharelado,Capitais,Híbrido,Não-binário,Amarela,0.4585964210416302
CAND_02730,8.2,40.0,Bacharelado,Capitais,Híbrido,Masculino,Indígena,0.5455056487209494
CAND_02731,0.8,43.0,Bacharelado,Interior,Presencial,Feminino,Parda,0.2476309074997389
CAND_02732,5.6,65.0,Mestrado,Capitais,Presencial,Não-binário,Indígena,0.4912591166217113
CAND_02733,7.7,67.0,Bacharelado,Interior,Presencial,Feminino,Indígena,0.5324866192923485
CAND_02734,5.0,53.0,Bacharelado,Capitais,Presencial,Masculino,Branca,0.6093091870013178
CAND_02735,4.1,35.0,Bacharelado,Interior,Híbrido,Feminino,Preta,0.3940264687683522
CAND_02736,4.7,46.0,Mestrado,Capitais,Presencial,Feminino,Branca,0.46353483279408836
CAND_02737,5.6,37.0,Mestrado,Capitais,Híbrido,Masculino,Preta,0.3437568285343
CAND_02738,5.6,73.0,Bacharelado,Capitais,Híbrido,Masculino,Branca,0.5750590439627062
CAND_02739,7.3,52.0,Mestrado,Região Metropolitana,Híbrido,Não-binário,Parda,0.414744895010537
CAND_02740,7.2,46.0,Bacharelado,Região Metropolitana,Remoto,Feminino,Amarela,0.26336603531906755
CAND_02741,4.3,40.0,Mestrado,Capitais,Híbrido,Masculino,Parda,0.40505109804852146
CAND_02742,5.7,18.0,Bacharelado,Capitais,Híbrido,Masculino,Amarela,0.10035902714173073
CAND_02743,3.9,44.0,Mestrado,Capitais,Híbrido,Feminino,Preta,0.4249404233788283
CAND_02744,0.0,50.0,Bacharelado,Interior,Remoto,Masculino,Preta,0.4609601285276176
CAND_02745,9.0,37.0,Bacharelado,Capitais,Remoto,Feminino,Amarela,0.6345152423984072
CAND_02746,9.7,62.0,Bacharelado,Interior,Híbrido,Masculino,Parda,0.6786953676069153
CAND_02747,5.6,32.0,Bacharelado,Capitais,Híbrido,Não-binário,Branca,0.4901065257827489
CAND_02748,4.0,53.0,Bacharelado,Região Metropolitana,Remoto,Não-binário,Branca,0.4095950921830932
CAND_02749,3.3,58.0,Bacharelado,Região Metropolitana,Remoto,Masculino,Parda,0.37275122095695007
CAND_02750,9.3,47.0,Mestrado,Capitais,Presencial,Feminino,Branca,0.6236484862532494
CAND_02751,2.8,34.0,Ensino Médio,Região Metropolitana,Remoto,Feminino,Preta,0.371581825378782
CAND_02752,2.7,48.0,Bacharelado,Região Metropolitana,Presencial,Masculino,Indígena,0.4362835774189937
CAND_02753,0.0,34.0,Bacharelado,Capitais,Remoto,Não-binário,Amarela,0.28569168586109345
CAND_02754,6.9,48.0,Bacharelado,Região Metropolitana,Remoto,Não-binário,Branca,0.35096837343299625
CAND_02755,9.6,54.0,Doutorado,Capitais,Remoto,Feminino,Parda,0.4568985851501305
CAND_02756,6.5,49.0,Mestrado,Região Metropolitana,Híbrido,Não-binário,Amarela,0.5286850289863132
CAND_02757,3.4,38.0,Doutorado,Interior,Presencial,Feminino,Parda,0.5925928478323712
CAND_02758,0.0,41.0,Bacharelado,Região Metropolitana,Remoto,Feminino,Preta,0.20154926601518433
CAND_02759,6.4,73.0,Bacharelado,Capitais,Híbrido,Feminino,Branca,0.6062331724023893
CAND_02760,6.0,73.0,Mestrado,Região Metropolitana,Híbrido,Feminino,Indígena,0.6631594807941695
CAND_02761,3.1,46.0,Doutorado,Capitais,Híbrido,Feminino,Preta,0.5366757862865473
CAND_02762,4.6,41.0,Doutorado,Capitais,Híbrido,Não-binário,Preta,0.4097362761463472
CAND_02763,6.9,48.0,Bacharelado,Capitais,Híbrido,Não-binário,Parda,0.3078644016190645
CAND_02764,7.3,31.0,Bacharelado,Região Metropolitana,Híbrido,Feminino,Preta,0.32547566576384057
CAND_02765,6.8,39.0,Mestrado,Capitais,Remoto,Masculino,Branca,0.5028272478166527
CAND_02766,9.0,63.0,Bacharelado,Capitais,Presencial,Feminino,Branca,0.5084777784795472
CAND_02767,5.8,66.0,Bacharelado,Capitais,Híbrido,Não-binário,Indígena,0.5095922774665389
CAND_02768,7.0,67.0,Bacharelado,Interior,Híbrido,Masculino,Parda,0.5330459256732525
CAND_02769,3.9,28.0,Mestrado,Capitais,Remoto,Feminino,Indígena,0.3560156169605432
CAND_02770,2.0,55.0,Bacharelado,Capitais,Presencial,Não-binário,Parda,0.4257266559039749
CAND_02771,6.5,55.0,Doutorado,Capitais,Presencial,Feminino,Branca,0.5006902305375994
CAND_02772,6.3,41.0,Bacharelado,Região Metropolitana,Presencial,Feminino,Indígena,0.49718458593527703
CAND_02773,3.4,68.0,Bacharelado,Capitais,Híbrido,Feminino,Preta,0.3906177600071049
CAND_02774,7.9,83.0,Mestrado,Capitais,Remoto,Não-binário,Branca,0.7103037777629508
CAND_02775,4.3,46.0,Ensino Médio,Capitais,Híbrido,Masculino,Parda,0.3111509726929327
CAND_02776,0.0,73.0,Bacharelado,Região Metropolitana,Híbrido,Masculino,Parda,0.3758213608239268
CAND_02777,5.4,33.0,Bacharelado,Capitais,Presencial,Não-binário,Branca,0.38349512386999024
CAND_02778,0.9,47.0,Ensino Médio,Região Metropolitana,Presencial,Masculino,Indígena,0.28360625777254667
CAND_02779,0.0,52.0,Bacharelado,Capitais,Híbrido,Não-binário,Branca,0.377130812378526
CAND_02780,4.3,75.0,Bacharelado,Região Metropolitana,Presencial,Feminino,Parda,0.5677499878163756
CAND_02781,6.9,29.0,Bacharelado,Capitais,Remoto,Não-binário,Preta,0.20615668668979173
CAND_02782,3.7,76.0,Doutorado,Região Metropolitana,Híbrido,Não-binário,Amarela,0.6650410428172496
CAND_02783,5.4,27.0,Bacharelado,Interior,Presencial,Feminino,Parda,0.4034590822804493
CAND_02784,4.0,64.0,Mestrado,Capitais,Híbrido,Masculino,Branca,0.5372071816313103
CAND_02785,4.0,52.0,Mestrado,Interior,Presencial,Masculino,Branca,0.5644933692746692
CAND_02786,0.0,67.0,Ensino Médio,Capitais,Híbrido,Feminino,Indígena,0.40078981406306136
CAND_02787,0.0,52.0,Ensino Médio,Capitais,Remoto,Masculino,Indígena,0.18218193246261546
CAND_02788,5.4,53.0,Bacharelado,Capitais,Presencial,Não-binário,Amarela,0.6252168187667697
CAND_02789,3.2,37.0,Ensino Médio,Região Metropolitana,Presencial,Masculino,Indígena,0.3563577987731008
CAND_02790,0.9,71.0,Mestrado,Região Metropolitana,Presencial,Não-binário,Preta,0.37385528858122935
CAND_02791,4.2,46.0,Ensino Médio,Região Metropolitana,Remoto,Masculino,Branca,0.31085962104383413
CAND_02792,0.9,74.0,Bacharelado,Região Metropolitana,Remoto,Não-binário,Indígena,0.4150727827255259
CAND_02793,4.7,49.0,Doutorado,Capitais,Híbrido,Feminino,Amarela,0.5826880096713667
CAND_02794,0.0,62.0,Bacharelado,Capitais,Híbrido,Masculino,Branca,0.4769619706453123
CAND_02795,8.6,29.0,Bacharelado,Região Metropolitana,Presencial,Não-binário,Parda,0.4524290061848063
CAND_02796,7.9,45.0,Mestrado,Capitais,Remoto,Feminino,Parda,0.5875908944674597
CAND_02797,2.1,43.0,Bacharelado,Capitais,Presencial,Feminino,Preta,0.4035927861466605
CAND_02798,6.2,50.0,Mestrado,Capitais,Híbrido,Feminino,Indígena,0.29846643008329665
CAND_02799,3.1,27.0,Bacharelado,Região Metropolitana,Presencial,Masculino,Indígena,0.22474896095541524
CAND_02800,11.8,53.0,Bacharelado,Capitais,Híbrido,Não-binário,Preta,0.3562146381370461
CAND_02801,0.4,65.0,Mestrado,Capitais,Híbrido,Feminino,Branca,0.38940216771839925
CAND_02802,8.4,66.0,Mestrado,Capitais,Presencial,Não-binário,Indígena,0.6085350549676056
CAND_02803,7.7,60.0,Bacharelado,Capitais,Presencial,Masculino,Branca,0.41398534503298323
CAND_02804,1.5,38.0,Bacharelado,Capitais,Híbrido,Feminino,Indígena,0.293426674067538
CAND_02805,8.3,70.0,Doutorado,Região Metropolitana,Presencial,Não-binário,Parda,0.7345363830217593
CAND_02806,3.6,41.0,Mestrado,Interior,Presencial,Feminino,Parda,0.45525107753218386
CAND_02807,2.6,65.0,Mestrado,Capitais,Remoto,Masculino,Preta,0.4619036260089453
CAND_02808,5.8,47.0,Mestrado,Capitais,Remoto,Não-binário,Amarela,0.3959688317640668
CAND_02809,4.3,83.0,Mestrado,Região Metropolitana,Híbrido,Não-binário,Amarela,0.6830539591277388
CAND_02810,5.3,48.0,Mestrado,Capitais,Híbrido,Feminino,Indígena,0.5668070174895028
CAND_02811,2.9,49.0,Bacharelado,Capitais,Remoto,Feminino,Indígena,0.5294409553430577
CAND_02812,5.0,45.0,Mestrado,Capitais,Remoto,Masculino,Amarela,0.403632783630329
CAND_02813,8.1,43.0,Bacharelado,Região Metropolitana,Híbrido,Masculino,Branca,0.29936796964987256
CAND_02814,1.9,45.0,Bacharelado,Capitais,Remoto,Não-binário,Branca,0.40928443692726313
CAND_02815,6.0,47.0,Bacharelado,Capitais,Híbrido,Masculino,Parda,0.2673081005629422
CAND_02816,3.0,54.0,Bacharelado,Capitais,Híbrido,Não-binário,Parda,0.42111387994770155
CAND_02817,3.0,33.0,Bacharelado,Região Metropolitana,Híbrido,Feminino,Preta,0.22809246426462
CAND_02818,12.3,90.0,Bacharelado,Capitais,Híbrido,Não-binário,Amarela,0.7405211651777693
CAND_02819,9.6,63.0,Bacharelado,Capitais,Remoto,Não-binário,Parda,0.45072286735418216
CAND_02820,3.2,50.0,Bacharelado,Capitais,Híbrido,Não-binário,Amarela,0.3496864582024755
CAND_02821,3.3,30.0,Bacharelado,Região Metropolitana,Presencial,Feminino,Amarela,0.259106993799193
CAND_02822,2.6,31.0,Bacharelado,Capitais,Presencial,Feminino,Preta,0.34008980643296005
CAND_02823,7.4,67.0,Bacharelado,Capitais,Remoto,Feminino,Amarela,0.6969861369469306
CAND_02824,0.9,56.0,Ensino Médio,Região Metropolitana,Presencial,Feminino,Indígena,0.3751897171176724
CAND_02825,6.2,26.0,Bacharelado,Interior,Híbrido,Não-binário,Preta,0.33451151977231014
CAND_02826,12.1,43.0,Bacharelado,Capitais,Híbrido,Não-binário,Preta,0.6731588016468302
CAND_02827,5.6,33.0,Bacharelado,Capitais,Presencial,Feminino,Branca,0.42908601399287394
CAND_02828,8.1,67.0,Bacharelado,Capitais,Híbrido,Feminino,Indígena,0.33857519206914843
CAND_02829,7.7,66.0,Mestrado,Região Metropolitana,Presencial,Não-binário,Indígena,0.5570187370040363
CAND_02830,3.6,51.0,Mestrado,Capitais,Híbrido,Não-binário,Parda,0.420658614727475
CAND_02831,0.8,49.0,Bacharelado,Capitais,Híbrido,Masculino,Preta,0.32221415449040913
CAND_02832,8.1,66.0,Mestrado,Região Metropolitana,Híbrido,Feminino,Preta,0.5948856039773668
CAND_02833,8.0,72.0,Mestrado,Capitais,Híbrido,Não-binário,Branca,0.6177256760969323
CAND_02834,10.8,46.0,Bacharelado,Capitais,Presencial,Masculino,Branca,0.6443417181975729
CAND_02835,5.0,58.0,Mestrado,Interior,Remoto,Não-binário,Indígena,0.6977978347579878
CAND_02836,2.0,53.0,Bacharelado,Região Metropolitana,Híbrido,Não-binário,Indígena,0.3974739474840084
CAND_02837,5.3,39.0,Mestrado,Capitais,Remoto,Masculino,Indígena,0.4634188365426391
CAND_02838,2.8,42.0,Mestrado,Capitais,Presencial,Masculino,Amarela,0.5492026070427908
CAND_02839,7.5,37.0,Bacharelado,Capitais,Híbrido,Masculino,Amarela,0.27734245491149834
CAND_02840,7.2,53.0,Ensino Médio,Região Metropolitana,Remoto,Não-binário,Parda,0.36295736513372573
CAND_02841,7.0,49.0,Bacharelado,Capitais,Remoto,Masculino,Preta,0.47084607742233353
CAND_02842,3.0,54.0,Bacharelado,Capitais,Remoto,Masculino,Preta,0.4068889158774601
CAND_02843,4.5,68.0,Bacharelado,Região Metropolitana,Híbrido,Não-binário,Indígena,0.5732495543270785
CAND_02844,0.1,49.0,Bacharelado,Capitais,Presencial,Feminino,Branca,0.3021526919652162
CAND_02845,2.1,70.0,Bacharelado,Região Metropolitana,Presencial,Feminino,Parda,0.4915595394574338
CAND_02846,3.0,45.0,Bacharelado,Região Metropolitana,Remoto,Masculino,Preta,0.558110262713161
CAND_02847,1.6,49.0,Mestrado,Região Metropolitana,Híbrido,Não-binário,Parda,0.5016030960625729
CAND_02848,3.5,55.0,Mestrado,Capitais,Presencial,Não-binário,Preta,0.7377527852512693
CAND_02849,5.6,65.0,Bacharelado,Capitais,Presencial,Não-binário,Amarela,0.4904362974179896
CAND_02850,1.6,53.0,Bacharelado,Capitais,Híbrido,Masculino,Preta,0.38196505795347135
CAND_02851,1.9,48.0,Bacharelado,Região Metropolitana,Híbrido,Feminino,Preta,0.4389397481681452
CAND_02852,5.6,64.0,Bacharelado,Região Metropolitana,Remoto,Feminino,Preta,0.5191781094126913
CAND_02853,4.6,36.0,Bacharelado,Capitais,Presencial,Não-binário,Amarela,0.3651401917838002
CAND_02854,6.2,60.0,Bacharelado,Capitais,Presencial,Não-binário,Parda,0.4514506180471949
CAND_02855,7.8,59.0,Bacharelado,Região Metropolitana,Híbrido,Feminino,Indígena,0.564117484113421
CAND_02856,6.8,61.0,Bacharelado,Capitais,Remoto,Não-binário,Branca,0.4804997547992558
CAND_02857,7.7,64.0,Mestrado,Capitais,Híbrido,Masculino,Preta,0.6275583162250477
CAND_02858,6.6,55.0,Bacharelado,Região Metropolitana,Presencial,Feminino,Branca,0.43922860498336774
CAND_02859,0.0,90.0,Bacharelado,Região Metropolitana,Híbrido,Não-binário,Amarela,0.5712576977875585
CAND_02860,2.4,55.0,Bacharelado,Capitais,Presencial,Feminino,Preta,0.34967869189407874
CAND_02861,0.7,39.0,Bacharelado,Capitais,Híbrido,Não-binário,Branca,0.26246557143710375
CAND_02862,4.8,50.0,Bacharelado,Capitais,Remoto,Feminino,Amarela,0.3038068973377809
CAND_02863,3.8,42.0,Mestrado,Interior,Híbrido,Feminino,Indígena,0.5752511059671901
CAND_02864,7.6,43.0,Mestrado,Capitais,Híbrido,Feminino,Indígena,0.48876587140400085
CAND_02865,0.0,43.0,Bacharelado,Região Metropolitana,Híbrido,Não-binário,Indígena,0.35219976671063985
CAND_02866,0.9,61.0,Mestrado,Capitais,Remoto,Não-binário,Parda,0.29225236829076573
CAND_02867,3.3,26.0,Bacharelado,Capitais,Presencial,Feminino,Branca,0.3875037895208701
CAND_02868,6.5,28.0,Mestrado,Capitais,Remoto,Masculino,Amarela,0.2106517606866546
CAND_02869,3.8,31.0,Bacharelado,Capitais,Híbrido,Não-binário,Indígena,0.5079771431564172
CAND_02870,6.9,48.0,Mestrado,Capitais,Presencial,Não-binário,Preta,0.48441248142789955
CAND_02871,4.4,27.0,Bacharelado,Capitais,Híbrido,Não-binário,Branca,0.35616340102799693
CAND_02872,5.1,42.0,Bacharelado,Região Metropolitana,Híbrido,Masculino,Preta,0.3956885585797832
CAND_02873,5.6,69.0,Bacharelado,Região Metropolitana,Híbrido,Não-binário,Indígena,0.5373413498808113
CAND_02874,0.0,53.0,Doutorado,Região Metropolitana,Remoto,Não-binário,Parda,0.4270255227141485
CAND_02875,6.5,34.0,Bacharelado,Região Metropolitana,Híbrido,Não-binário,Amarela,0.45698300522559415
CAND_02876,4.1,55.0,Bacharelado,Capitais,Híbrido,Masculino,Amarela,0.6957270734386205
CAND_02877,6.7,69.0,Bacharelado,Capitais,Presencial,Feminino,Preta,0.5450819152896073
CAND_02878,10.2,50.0,Bacharelado,Interior,Remoto,Feminino,Preta,0.752193097861571
CAND_02879,8.9,41.0,Bacharelado,Região Metropolitana,Presencial,Masculino,Amarela,0.597996481937634
CAND_02880,4.7,49.0,Mestrado,Capitais,Remoto,Não-binário,Parda,0.532179165752198
CAND_02881,6.9,28.0,Mestrado,Capitais,Híbrido,Não-binário,Amarela,0.5553526720860782
CAND_02882,2.7,34.0,Mestrado,Capitais,Híbrido,Feminino,Parda,0.5791244824251448
CAND_02883,0.9,40.0,Ensino Médio,Capitais,Híbrido,Não-binário,Preta,0.0874294315725059
CAND_02884,2.0,40.0,Bacharelado,Interior,Presencial,Feminino,Branca,0.33260404654476133
CAND_02885,7.3,45.0,Bacharelado,Capitais,Híbrido,Não-binário,Preta,0.6419066031966107
CAND_02886,3.1,35.0,Ensino Médio,Região Metropolitana,Remoto,Feminino,Parda,0.28444820613046407
CAND_02887,5.0,61.0,Mestrado,Capitais,Presencial,Não-binário,Branca,0.5089661932657609
CAND_02888,4.8,54.0,Mestrado,Capitais,Presencial,Masculino,Amarela,0.4642950918074739
CAND_02889,12.4,45.0,Mestrado,Capitais,Remoto,Não-binário,Amarela,0.6049498499835142
CAND_02890,0.4,50.0,Ensino Médio,Capitais,Remoto,Masculino,Branca,0.2567779380266594
CAND_02891,4.4,44.0,Ensino Médio,Região Metropolitana,Híbrido,Masculino,Indígena,0.3745078241731609
CAND_02892,6.7,28.0,Mestrado,Interior,Híbrido,Feminino,Indígena,0.3024998041006215
CAND_02893,5.9,42.0,Mestrado,Interior,Híbrido,Masculino,Amarela,0.4595588363273577
CAND_02894,4.0,29.0,Ensino Médio,Capitais,Remoto,Não-binário,Branca,0.2819865122708948
CAND_02895,3.3,42.0,Mestrado,Região Metropolitana,Híbrido,Não-binário,Preta,0.25548811012964984
CAND_02896,7.9,47.0,Bacharelado,Capitais,Híbrido,Feminino,Preta,0.4762774909883074
CAND_02897,1.5,35.0,Bacharelado,Capitais,Presencial,Masculino,Parda,0.39623523591518545
CAND_02898,5.5,53.0,Mestrado,Capitais,Remoto,Feminino,Amarela,0.48291049540410946
CAND_02899,2.6,64.0,Mestrado,Capitais,Presencial,Masculino,Preta,0.4361545493624207
CAND_02900,2.8,79.0,Mestrado,Capitais,Remoto,Feminino,Indígena,0.5689914435582114
CAND_02901,3.5,60.0,Bacharelado,Capitais,Remoto,Não-binário,Preta,0.5588111957343711
CAND_02902,4.5,67.0,Bacharelado,Interior,Remoto,Masculino,Indígena,0.5420906685938929
CAND_02903,3.7,48.0,Ensino Médio,Interior,Remoto,Masculino,Branca,0.45696491868055533
CAND_02904,5.3,32.0,Bacharelado,Região Metropolitana,Híbrido,Masculino,Amarela,0.35005336516797575
CAND_02905,6.9,32.0,Bacharelado,Capitais,Híbrido,Não-binário,Indígena,0.4182810876990694
CAND_02906,6.4,46.0,Bacharelado,Região Metropolitana,Híbrido,Feminino,Parda,0.5207015514289074
CAND_02907,5.2,48.0,Bacharelado,Capitais,Remoto,Masculino,Amarela,0.4605127208983483
CAND_02908,5.0,64.0,Bacharelado,Capitais,Híbrido,Feminino,Amarela,0.3814618981072695
CAND_02909,5.4,42.0,Doutorado,Interior,Presencial,Feminino,Amarela,0.4736325038827236
CAND_02910,5.1,51.0,Bacharelado,Capitais,Presencial,Feminino,Parda,0.2916205267481183
CAND_02911,5.7,51.0,Bacharelado,Capitais,Remoto,Não-binário,Indígena,0.49954308572469974
CAND_02912,0.4,30.0,Bacharelado,Capitais,Híbrido,Feminino,Parda,0.3559487503666346
CAND_02913,0.9,56.0,Mestrado,Região Metropolitana,Remoto,Masculino,Amarela,0.5150888676391531
CAND_02914,5.2,36.0,Mestrado,Região Metropolitana,Remoto,Feminino,Preta,0.39303653906024977
CAND_02915,6.1,39.0,Bacharelado,Região Metropolitana,Presencial,Feminino,Branca,0.342800020062558
CAND_02916,0.0,50.0,Mestrado,Capitais,Presencial,Masculino,Parda,0.42062686612575956
CAND_02917,6.1,40.0,Ensino Médio,Interior,Presencial,Não-binário,Branca,0.3655179960551236
CAND_02918,2.5,65.0,Bacharelado,Capitais,Híbrido,Feminino,Parda,0.6141225802120387
CAND_02919,6.3,64.0,Mestrado,Interior,Remoto,Masculino,Branca,0.47273937124038923
CAND_02920,1.5,44.0,Bacharelado,Interior,Híbrido,Feminino,Preta,0.34223414836931065
CAND_02921,10.9,54.0,Bacharelado,Capitais,Híbrido,Feminino,Amarela,0.48659957628329975
CAND_02922,6.0,75.0,Doutorado,Capitais,Híbrido,Feminino,Indígena,0.6011715403631608
CAND_02923,8.1,35.0,Bacharelado,Região Metropolitana,Híbrido,Feminino,Preta,0.521053677221732
CAND_02924,4.2,50.0,Mestrado,Região Metropolitana,Híbrido,Não-binário,Branca,0.5007732713822053
CAND_02925,7.3,32.0,Mestrado,Região Metropolitana,Remoto,Não-binário,Amarela,0.42627104529670784
CAND_02926,6.6,54.0,Bacharelado,Região Metropolitana,Presencial,Masculino,Preta,0.6916426283665764
CAND_02927,3.2,18.0,Mestrado,Capitais,Presencial,Feminino,Branca,0.3176883046504838
CAND_02928,4.2,52.0,Mestrado,Capitais,Presencial,Masculino,Indígena,0.5376445948390409
CAND_02929,9.5,60.0,Mestrado,Interior,Híbrido,Feminino,Indígena,0.4734671271764044
CAND_02930,8.4,45.0,Mestrado,Capitais,Remoto,Feminino,Preta,0.47285291361669085
CAND_02931,0.8,52.0,Bacharelado,Região Metropolitana,Remoto,Masculino,Parda,0.29911438854052846
CAND_02932,8.1,33.0,Mestrado,Capitais,Híbrido,Masculino,Indígena,0.6949249830590312
CAND_02933,4.1,52.0,Bacharelado,Capitais,Remoto,Masculino,Indígena,0.3368088988335838
CAND_02934,4.3,64.0,Bacharelado,Capitais,Presencial,Não-binário,Amarela,0.5507999272089766
CAND_02935,4.0,68.0,Bacharelado,Região Metropolitana,Remoto,Não-binário,Preta,0.5568788336092427
CAND_02936,7.6,43.0,Bacharelado,Capitais,Híbrido,Masculino,Amarela,0.5960749758151288
CAND_02937,8.6,36.0,Ensino Médio,Capitais,Híbrido,Não-binário,Preta,0.37039753714736295
CAND_02938,7.3,28.0,Bacharelado,Região Metropolitana,Presencial,Masculino,Preta,0.5024902167594801
CAND_02939,4.7,68.0,Bacharelado,Capitais,Presencial,Feminino,Amarela,0.39868285571607787
CAND_02940,5.2,41.0,Bacharelado,Região Metropolitana,Presencial,Masculino,Branca,0.43434439834613997
CAND_02941,4.0,42.0,Doutorado,Capitais,Híbrido,Não-binário,Amarela,0.6289179013986316
CAND_02942,1.2,16.0,Bacharelado,Capitais,Presencial,Masculino,Amarela,0.14188132777764953
CAND_02943,5.6,45.0,Ensino Médio,Capitais,Presencial,Feminino,Amarela,0.38569214961343784
CAND_02944,8.7,92.0,Bacharelado,Região Metropolitana,Híbrido,Masculino,Amarela,0.8053891779914092
CAND_02945,8.0,78.0,Bacharelado,Interior,Remoto,Não-binário,Parda,0.5642630053566022
CAND_02946,3.9,51.0,Bacharelado,Capitais,Presencial,Feminino,Parda,0.5251552190449502
CAND_02947,4.4,70.0,Ensino Médio,Capitais,Híbrido,Não-binário,Indígena,0.5124175143164121
CAND_02948,5.2,40.0,Mestrado,Capitais,Híbrido,Masculino,Amarela,0.3923301923443552
CAND_02949,4.8,73.0,Bacharelado,Capitais,Remoto,Masculino,Indígena,0.47619250643779365
CAND_02950,3.5,53.0,Bacharelado,Região Metropolitana,Presencial,Feminino,Branca,0.21935897213606143
CAND_02951,6.3,60.0,Bacharelado,Capitais,Presencial,Feminino,Branca,0.5238282353719848
CAND_02952,2.6,42.0,Bacharelado,Interior,Presencial,Feminino,Indígena,0.3559018266750305
CAND_02953,6.0,58.0,Bacharelado,Capitais,Híbrido,Não-binário,Preta,0.6337853609309834
CAND_02954,9.0,96.0,Mestrado,Região Metropolitana,Remoto,Feminino,Parda,0.743487107758678
CAND_02955,3.2,66.0,Mestrado,Interior,Híbrido,Masculino,Amarela,0.48437366572251594
CAND_02956,5.4,42.0,Ensino Médio,Região Metropolitana,Híbrido,Feminino,Parda,0.33321793533046107
CAND_02957,5.8,18.0,Bacharelado,Capitais,Remoto,Masculino,Indígena,0.24678372815165933
CAND_02958,7.1,39.0,Bacharelado,Capitais,Híbrido,Não-binário,Parda,0.5839968273133445
CAND_02959,3.0,51.0,Doutorado,Capitais,Híbrido,Masculino,Parda,0.6816972564799448
CAND_02960,0.2,41.0,Doutorado,Região Metropolitana,Presencial,Masculino,Indígena,0.34215492692536353
CAND_02961,10.9,52.0,Mestrado,Capitais,Híbrido,Feminino,Amarela,0.565102886217343
CAND_02962,7.1,47.0,Bacharelado,Interior,Remoto,Masculino,Preta,0.43315681169203657
CAND_02963,2.5,65.0,Mestrado,Capitais,Presencial,Feminino,Indígena,0.44686073319210606
CAND_02964,0.0,23.0,Bacharelado,Região Metropolitana,Remoto,Não-binário,Parda,0.28067418577485875
CAND_02965,3.4,48.0,Bacharelado,Capitais,Remoto,Não-binário,Parda,0.4786418749785887
CAND_02966,6.1,56.0,Bacharelado,Região Metropolitana,Remoto,Masculino,Parda,0.32804854322039556
CAND_02967,2.0,12.0,Mestrado,Interior,Presencial,Não-binário,Indígena,0.4759897144080647
CAND_02968,5.9,35.0,Doutorado,Interior,Híbrido,Masculino,Parda,0.5421738019581667
CAND_02969,5.2,68.0,Mestrado,Capitais,Presencial,Masculino,Parda,0.4792263475562728
CAND_02970,5.6,49.0,Bacharelado,Capitais,Híbrido,Feminino,Amarela,0.3619636307256361
CAND_02971,10.4,57.0,Mestrado,Capitais,Remoto,Masculino,Branca,0.567615804290419
CAND_02972,8.9,37.0,Ensino Médio,Capitais,Híbrido,Masculino,Parda,0.4428974054257331
CAND_02973,2.2,33.0,Mestrado,Capitais,Remoto,Feminino,Indígena,0.6253061128000071
CAND_02974,1.6,50.0,Mestrado,Capitais,Presencial,Masculino,Indígena,0.5915191117030651
CAND_02975,2.3,71.0,Bacharelado,Região Metropolitana,Presencial,Feminino,Branca,0.4933561126114707
CAND_02976,3.1,44.0,Ensino Médio,Capitais,Híbrido,Não-binário,Branca,0.3456963379571644
CAND_02977,7.6,49.0,Mestrado,Região Metropolitana,Presencial,Masculino,Branca,0.44169729844853234
CAND_02978,4.1,56.0,Bacharelado,Capitais,Presencial,Não-binário,Preta,0.45166858120123327
CAND_02979,4.0,64.0,Bacharelado,Capitais,Híbrido,Não-binário,Indígena,0.5248761027844671
CAND_02980,9.2,61.0,Bacharelado,Capitais,Híbrido,Feminino,Preta,0.5104503396923646
CAND_02981,5.7,64.0,Ensino Médio,Região Metropolitana,Híbrido,Não-binário,Amarela,0.34518318355540123
CAND_02982,6.6,30.0,Mestrado,Região Metropolitana,Presencial,Não-binário,Indígena,0.49076012571585725
CAND_02983,0.8,52.0,Bacharelado,Interior,Remoto,Feminino,Preta,0.34276144830085425
CAND_02984,4.8,48.0,Bacharelado,Região Metropolitana,Remoto,Feminino,Preta,0.45282179588722804
CAND_02985,3.5,42.0,Mestrado,Interior,Presencial,Feminino,Branca,0.5475759189588342
CAND_02986,1.2,41.0,Mestrado,Capitais,Remoto,Não-binário,Branca,0.34146952049028045
CAND_02987,4.1,68.0,Mestrado,Capitais,Híbrido,Masculino,Indígena,0.35935129333490723
CAND_02988,2.8,34.0,Bacharelado,Região Metropolitana,Remoto,Não-binário,Indígena,0.38026062679589184
CAND_02989,6.9,20.0,Mestrado,Capitais,Remoto,Masculino,Amarela,0.5362026411534293
CAND_02990,5.0,39.0,Bacharelado,Região Metropolitana,Presencial,Não-binário,Amarela,0.35789335659773114
CAND_02991,4.8,31.0,Bacharelado,Capitais,Remoto,Não-binário,Preta,0.3999699353173525
CAND_02992,0.5,62.0,Mestrado,Região Metropolitana,Presencial,Feminino,Indígena,0.3232834524367624
CAND_02993,7.5,48.0,Bacharelado,Região Metropolitana,Presencial,Masculino,Amarela,0.27980097203316023
CAND_02994,0.0,61.0,Mestrado,Capitais,Híbrido,Feminino,Indígena,0.528225919152509
CAND_02995,3.2,39.0,Bacharelado,Região Metropolitana,Híbrido,Masculino,Preta,0.2536957346063786
CAND_02996,4.1,37.0,Bacharelado,Capitais,Presencial,Feminino,Preta,0.3134620555775741
CAND_02997,6.4,70.0,Bacharelado,Capitais,Remoto,Masculino,Branca,0.5776931453991762
CAND_02998,4.1,53.0,Ensino Médio,Região Metropolitana,Remoto,Não-binário,Amarela,0.43310865272332383
CAND_02999,2.2,49.0,Bacharelado,Capitais,Presencial,Não-binário,Branca,0.3809774906114374
CAND_03000,7.7,45.0,Bacharelado,Capitais,Remoto,Não-binário,Indígena,0.567694207450398
CAND_03001,0.0,35.0,Mestrado,Capitais,Presencial,Feminino,Branca,0.1764414823491073
CAND_03002,7.1,43.0,Mestrado,Região Metropolitana,Híbrido,Masculino,Preta,0.5158613697155124
CAND_03003,6.5,55.0,Mestrado,Interior,Remoto,Feminino,Preta,0.5502176657570792
CAND_03004,4.3,74.0,Ensino Médio,Interior,Presencial,Não-binário,Amarela,0.5494983305630814
CAND_03005,5.1,56.0,Ensino Médio,Região Metropolitana,Híbrido,Não-binário,Branca,0.34821656254644073
CAND_03006,3.7,26.0,Bacharelado,Capitais,Remoto,Não-binário,Indígena,0.3524396352520034
CAND_03007,2.0,53.0,Bacharelado,Capitais,Híbrido,Feminino,Branca,0.44997468984065464
CAND_03008,1.4,56.0,Doutorado,Capitais,Híbrido,Masculino,Preta,0.5875375068526377
CAND_03009,1.8,72.0,Mestrado,Região Metropolitana,Remoto,Feminino,Amarela,0.7206326607973046
CAND_03010,1.2,60.0,Bacharelado,Região Metropolitana,Híbrido,Não-binário,Parda,0.3178813571322203
CAND_03011,7.8,44.0,Bacharelado,Região Metropolitana,Remoto,Não-binário,Parda,0.4447076966235155
CAND_03012,7.0,52.0,Bacharelado,Capitais,Híbrido,Não-binário,Branca,0.2999675553898751
CAND_03013,4.2,42.0,Bacharelado,Região Metropolitana,Híbrido,Feminino,Parda,0.21089566883420385
CAND_03014,0.0,52.0,Doutorado,Capitais,Remoto,Não-binário,Preta,0.5042192824194806
CAND_03015,3.1,92.0,Doutorado,Região Metropolitana,Híbrido,Feminino,Preta,0.7143674182352852
CAND_03016,6.8,59.0,Mestrado,Capitais,Híbrido,Não-binário,Parda,0.7175264958303398
CAND_03017,5.0,16.0,Mestrado,Capitais,Remoto,Feminino,Amarela,0.5219681950842132
CAND_03018,2.1,49.0,Bacharelado,Capitais,Híbrido,Masculino,Branca,0.24090734222674237
CAND_03019,3.8,69.0,Bacharelado,Capitais,Remoto,Não-binário,Preta,0.4346770193052919
CAND_03020,7.3,59.0,Doutorado,Capitais,Remoto,Feminino,Amarela,0.6835404216545075
CAND_03021,10.8,56.0,Mestrado,Capitais,Híbrido,Masculino,Preta,0.7259160802014388
CAND_03022,8.3,59.0,Mestrado,Capitais,Híbrido,Feminino,Indígena,0.4984303179972802
CAND_03023,4.0,47.0,Bacharelado,Capitais,Presencial,Não-binário,Branca,0.2834308160516069
CAND_03024,1.9,50.0,Bacharelado,Região Metropolitana,Híbrido,Masculino,Amarela,0.38261494012978586
CAND_03025,3.1,47.0,Bacharelado,Região Metropolitana,Presencial,Feminino,Amarela,0.2696521798907686
CAND_03026,8.7,49.0,Bacharelado,Capitais,Híbrido,Não-binário,Parda,0.5484614957689788
CAND_03027,4.6,46.0,Bacharelado,Região Metropolitana,Híbrido,Feminino,Preta,0.4499847895402392
CAND_03028,0.0,55.0,Bacharelado,Interior,Híbrido,Não-binário,Parda,0.3220773312583539
CAND_03029,0.0,72.0,Mestrado,Capitais,Híbrido,Feminino,Amarela,0.3325386235906188
CAND_03030,1.9,28.0,Ensino Médio,Capitais,Remoto,Feminino,Indígena,0.23954118377898276
CAND_03031,0.0,53.0,Bacharelado,Capitais,Híbrido,Não-binário,Branca,0.4514254044594795
CAND_03032,7.6,58.0,Bacharelado,Capitais,Presencial,Masculino,Parda,0.5010007836692225
CAND_03033,11.8,58.0,Bacharelado,Capitais,Remoto,Feminino,Parda,0.5572628871113968
CAND_03034,7.8,37.0,Bacharelado,Capitais,Presencial,Não-binário,Parda,0.33040227996974714
CAND_03035,8.0,42.0,Mestrado,Capitais,Presencial,Masculino,Branca,0.5268208045076449
CAND_03036,7.8,65.0,Mestrado,Região Metropolitana,Híbrido,Feminino,Indígena,0.4859855628109876
CAND_03037,1.3,53.0,Mestrado,Capitais,Híbrido,Feminino,Amarela,0.5489086388286136
CAND_03038,4.5,48.0,Bacharelado,Capitais,Híbrido,Feminino,Branca,0.4268625256564733
CAND_03039,5.1,45.0,Bacharelado,Região Metropolitana,Remoto,Feminino,Amarela,0.42449311693639774
CAND_03040,10.2,57.0,Bacharelado,Capitais,Remoto,Masculino,Branca,0.555334668434034
CAND_03041,2.9,48.0,Bacharelado,Capitais,Presencial,Não-binário,Branca,0.3259661787225241
CAND_03042,7.1,65.0,Bacharelado,Região Metropolitana,Presencial,Feminino,Parda,0.5970267296918942
CAND_03043,2.7,37.0,Mestrado,Região Metropolitana,Presencial,Masculino,Preta,0.4296644856470888
CAND_03044,1.4,45.0,Bacharelado,Capitais,Híbrido,Feminino,Preta,0.5608093828749955
CAND_03045,1.6,69.0,Bacharelado,Capitais,Remoto,Feminino,Amarela,0.4866280547390663
CAND_03046,0.0,51.0,Bacharelado,Capitais,Presencial,Feminino,Preta,0.5306389509697199
CAND_03047,4.6,29.0,Ensino Médio,Capitais,Presencial,Não-binário,Indígena,0.2082442272670309
CAND_03048,7.3,75.0,Mestrado,Capitais,Remoto,Não-binário,Indígena,0.6049976772240219
CAND_03049,12.7,54.0,Bacharelado,Capitais,Remoto,Masculino,Preta,0.6892016465052041
CAND_03050,7.3,60.0,Bacharelado,Região Metropolitana,Remoto,Feminino,Indígena,0.6939644451040409
CAND_03051,2.5,38.0,Doutorado,Capitais,Remoto,Masculino,Preta,0.40383257842503106
CAND_03052,8.2,42.0,Bacharelado,Capitais,Presencial,Masculino,Indígena,0.38888112310753953
CAND_03053,7.5,46.0,Bacharelado,Capitais,Remoto,Masculino,Parda,0.6358889215097171
CAND_03054,4.5,38.0,Ensino Médio,Capitais,Presencial,Não-binário,Branca,0.4993287440353281
CAND_03055,1.9,44.0,Ensino Médio,Interior,Presencial,Não-binário,Parda,0.13523003019556623
CAND_03056,0.0,35.0,Bacharelado,Capitais,Híbrido,Não-binário,Parda,0.3830395635415734
CAND_03057,2.5,22.0,Bacharelado,Capitais,Híbrido,Feminino,Branca,0.3046878811129161
CAND_03058,5.3,29.0,Bacharelado,Capitais,Presencial,Não-binário,Indígena,0.30191135226985977
CAND_03059,9.2,37.0,Bacharelado,Capitais,Híbrido,Não-binário,Parda,0.44988571878471306
CAND_03060,2.6,43.0,Bacharelado,Interior,Presencial,Não-binário,Parda,0.30171507347444737
CAND_03061,5.4,43.0,Bacharelado,Capitais,Remoto,Masculino,Indígena,0.4176653971682654
CAND_03062,6.6,55.0,Mestrado,Região Metropolitana,Remoto,Não-binário,Branca,0.647282030042024
CAND_03063,2.9,72.0,Doutorado,Capitais,Remoto,Masculino,Preta,0.7229923974102821
CAND_03064,1.2,45.0,Bacharelado,Capitais,Presencial,Não-binário,Indígena,0.5330045454730568
CAND_03065,4.9,40.0,Doutorado,Capitais,Presencial,Não-binário,Branca,0.4826958601476035
CAND_03066,1.8,68.0,Bacharelado,Capitais,Presencial,Feminino,Indígena,0.5190300288429732
CAND_03067,0.4,50.0,Bacharelado,Capitais,Remoto,Feminino,Preta,0.3803428788614142
CAND_03068,9.6,49.0,Bacharelado,Interior,Presencial,Feminino,Preta,0.5520856440852063
CAND_03069,3.2,63.0,Bacharelado,Capitais,Presencial,Masculino,Parda,0.5690621456090057
CAND_03070,6.4,37.0,Bacharelado,Capitais,Remoto,Feminino,Branca,0.5216128999647133
CAND_03071,5.8,42.0,Bacharelado,Interior,Remoto,Masculino,Preta,0.44610657585319935
CAND_03072,1.3,49.0,Mestrado,Capitais,Híbrido,Feminino,Parda,0.37529040344224507
CAND_03073,5.7,74.0,Bacharelado,Região Metropolitana,Híbrido,Masculino,Indígena,0.5691263515600969
CAND_03074,6.0,21.0,Mestrado,Capitais,Híbrido,Masculino,Preta,0.3537059759360496
CAND_03075,5.4,52.0,Mestrado,Interior,Presencial,Masculino,Parda,0.5285210652600972
CAND_03076,5.1,38.0,Bacharelado,Capitais,Presencial,Masculino,Preta,0.3650544746379013
CAND_03077,6.6,26.0,Bacharelado,Capitais,Presencial,Masculino,Parda,0.5344629099161813
CAND_03078,6.3,40.0,Bacharelado,Capitais,Híbrido,Feminino,Preta,0.48720730507950594
CAND_03079,6.8,50.0,Bacharelado,Região Metropolitana,Presencial,Masculino,Indígena,0.5638056653247112
CAND_03080,1.4,50.0,Bacharelado,Região Metropolitana,Híbrido,Masculino,Amarela,0.3251115638840165
CAND_03081,0.0,41.0,Doutorado,Região Metropolitana,Híbrido,Feminino,Parda,0.44734983116880317
CAND_03082,3.3,58.0,Doutorado,Interior,Remoto,Masculino,Parda,0.5643168957605516
CAND_03083,4.7,24.0,Bacharelado,Capitais,Remoto,Feminino,Branca,0.33840926855640086
CAND_03084,7.4,42.0,Bacharelado,Região Metropolitana,Remoto,Masculino,Parda,0.35312947543731876
CAND_03085,10.9,62.0,Bacharelado,Capitais,Presencial,Masculino,Branca,0.7948184370307002
CAND_03086,2.7,59.0,Mestrado,Capitais,Remoto,Masculino,Preta,0.5827196949719088
CAND_03087,8.5,82.0,Bacharelado,Interior,Presencial,Não-binário,Preta,0.7001792746674674
CAND_03088,5.2,61.0,Mestrado,Capitais,Presencial,Não-binário,Indígena,0.5095420964042706
CAND_03089,3.1,30.0,Mestrado,Região Metropolitana,Remoto,Masculino,Preta,0.4795631752283028
CAND_03090,6.2,65.0,Doutorado,Capitais,Híbrido,Não-binário,Indígena,0.7318507821964035
CAND_03091,6.1,43.0,Bacharelado,Interior,Presencial,Não-binário,Preta,0.37903774741057045
CAND_03092,5.8,73.0,Bacharelado,Capitais,Remoto,Não-binário,Amarela,0.5296510872627055
CAND_03093,9.1,69.0,Bacharelado,Região Metropolitana,Híbrido,Masculino,Branca,0.5392344849640796
CAND_03094,3.3,28.0,Bacharelado,Região Metropolitana,Remoto,Não-binário,Branca,0.3187126140306829
CAND_03095,6.1,54.0,Bacharelado,Capitais,Híbrido,Não-binário,Indígena,0.3808296577191247
CAND_03096,0.0,46.0,Ensino Médio,Região Metropolitana,Remoto,Não-binário,Parda,0.2304509278362603
CAND_03097,0.4,45.0,Bacharelado,Região Metropolitana,Remoto,Feminino,Preta,0.19245051139171696
CAND_03098,4.7,77.0,Bacharelado,Capitais,Presencial,Não-binário,Parda,0.5457577613148112
CAND_03099,2.6,52.0,Bacharelado,Capitais,Presencial,Feminino,Preta,0.4473418522061062
CAND_03100,8.7,64.0,Bacharelado,Capitais,Presencial,Feminino,Amarela,0.494201489756837
CAND_03101,7.5,60.0,Bacharelado,Capitais,Híbrido,Feminino,Preta,0.557896951582389
CAND_03102,6.4,47.0,Bacharelado,Capitais,Remoto,Não-binário,Indígena,0.3322886602237415
CAND_03103,4.6,53.0,Bacharelado,Região Metropolitana,Remoto,Não-binário,Parda,0.3509649987373403
CAND_03104,1.9,26.0,Doutorado,Capitais,Remoto,Masculino,Amarela,0.44722725905991945
CAND_03105,0.0,43.0,Bacharelado,Capitais,Remoto,Não-binário,Parda,0.3045975771972755
CAND_03106,2.5,48.0,Bacharelado,Região Metropolitana,Híbrido,Feminino,Preta,0.5135661622584772
CAND_03107,6.0,48.0,Ensino Médio,Capitais,Presencial,Não-binário,Parda,0.40783741792579575
CAND_03108,1.5,47.0,Bacharelado,Capitais,Remoto,Masculino,Amarela,0.3808021621572024
CAND_03109,9.3,40.0,Bacharelado,Capitais,Presencial,Não-binário,Preta,0.5376241329485103
CAND_03110,5.3,47.0,Bacharelado,Região Metropolitana,Híbrido,Masculino,Indígena,0.4564486584469444
CAND_03111,7.0,28.0,Bacharelado,Capitais,Presencial,Feminino,Preta,0.4049688000410364
CAND_03112,9.2,79.0,Bacharelado,Região Metropolitana,Remoto,Não-binário,Preta,0.6169651974671182
CAND_03113,2.1,30.0,Mestrado,Região Metropolitana,Remoto,Feminino,Branca,0.1441038268140424
CAND_03114,4.2,45.0,Bacharelado,Interior,Presencial,Não-binário,Amarela,0.40875825279116024
CAND_03115,6.9,59.0,Bacharelado,Região Metropolitana,Presencial,Não-binário,Amarela,0.42473980356545055
CAND_03116,0.4,69.0,Ensino Médio,Capitais,Híbrido,Não-binário,Preta,0.4120733828191971
CAND_03117,6.1,70.0,Bacharelado,Capitais,Presencial,Não-binário,Preta,0.648220089783465
CAND_03118,8.6,53.0,Mestrado,Capitais,Presencial,Não-binário,Branca,0.42705884031357955
CAND_03119,6.7,36.0,Bacharelado,Capitais,Híbrido,Feminino,Preta,0.5185690611339986
CAND_03120,5.8,71.0,Mestrado,Capitais,Remoto,Não-binário,Indígena,0.6082214998641472
CAND_03121,0.7,48.0,Bacharelado,Região Metropolitana,Remoto,Feminino,Branca,0.31045286235382674
CAND_03122,4.7,29.0,Bacharelado,Capitais,Híbrido,Feminino,Preta,0.42063855827568
CAND_03123,1.0,50.0,Bacharelado,Região Metropolitana,Presencial,Masculino,Branca,0.35269847548090916
CAND_03124,4.8,45.0,Bacharelado,Interior,Remoto,Masculino,Amarela,0.3862128529876339
CAND_03125,5.1,38.0,Bacharelado,Região Metropolitana,Remoto,Não-binário,Branca,0.2527194552962706
CAND_03126,2.7,53.0,Mestrado,Região Metropolitana,Remoto,Feminino,Preta,0.4488382257683647
CAND_03127,8.9,18.0,Mestrado,Capitais,Remoto,Feminino,Parda,0.5202584801659332
CAND_03128,0.8,27.0,Mestrado,Capitais,Remoto,Feminino,Preta,0.252958902119932
CAND_03129,12.3,51.0,Ensino Médio,Capitais,Híbrido,Não-binário,Parda,0.5869249339495145
CAND_03130,7.2,41.0,Bacharelado,Região Metropolitana,Remoto,Masculino,Amarela,0.3258679645320113
CAND_03131,7.5,48.0,Bacharelado,Capitais,Remoto,Masculino,Branca,0.39791401827047135
CAND_03132,5.3,75.0,Bacharelado,Capitais,Presencial,Feminino,Parda,0.48072004574363286
CAND_03133,0.2,51.0,Bacharelado,Capitais,Remoto,Masculino,Branca,0.19540694757960975
CAND_03134,2.9,27.0,Bacharelado,Capitais,Híbrido,Não-binário,Branca,0.29734519041277
CAND_03135,3.9,62.0,Bacharelado,Capitais,Híbrido,Não-binário,Parda,0.5442363426289876
CAND_03136,4.4,47.0,Bacharelado,Capitais,Híbrido,Não-binário,Branca,0.48120177333414116
CAND_03137,2.8,72.0,Mestrado,Capitais,Remoto,Não-binário,Parda,0.535787165956003
CAND_03138,9.8,52.0,Mestrado,Capitais,Remoto,Feminino,Branca,0.5809164788346782
CAND_03139,2.0,60.0,Bacharelado,Região Metropolitana,Remoto,Masculino,Parda,0.35094037314721455
CAND_03140,4.0,62.0,Bacharelado,Capitais,Remoto,Não-binário,Indígena,0.6760621143555527
CAND_03141,1.9,45.0,Bacharelado,Capitais,Presencial,Feminino,Preta,0.3145287084325121
CAND_03142,4.4,28.0,Bacharelado,Capitais,Híbrido,Não-binário,Parda,0.36007711107683216
CAND_03143,0.0,73.0,Ensino Médio,Região Metropolitana,Presencial,Feminino,Amarela,0.38908001621245675
CAND_03144,3.4,61.0,Bacharelado,Capitais,Híbrido,Não-binário,Amarela,0.37948708090091177
CAND_03145,8.1,57.0,Bacharelado,Capitais,Presencial,Não-binário,Parda,0.44780255695686577
CAND_03146,5.2,40.0,Bacharelado,Capitais,Presencial,Feminino,Preta,0.554222312490849
CAND_03147,0.4,34.0,Bacharelado,Região Metropolitana,Presencial,Feminino,Parda,0.43015144327373184
CAND_03148,5.7,46.0,Bacharelado,Capitais,Híbrido,Não-binário,Parda,0.4729263959296622
CAND_03149,6.4,68.0,Bacharelado,Capitais,Remoto,Masculino,Preta,0.4845149179071672
CAND_03150,5.8,63.0,Mestrado,Capitais,Híbrido,Não-binário,Branca,0.6242980038855652
CAND_03151,6.0,23.0,Mestrado,Capitais,Híbrido,Feminino,Preta,0.40900221344013793
CAND_03152,9.6,62.0,Bacharelado,Região Metropolitana,Remoto,Feminino,Branca,0.4931487880734597
CAND_03153,8.5,31.0,Bacharelado,Região Metropolitana,Híbrido,Não-binário,Amarela,0.4878737302595535
CAND_03154,2.7,49.0,Doutorado,Interior,Remoto,Não-binário,Indígena,0.7154798207134654
CAND_03155,3.2,46.0,Bacharelado,Capitais,Remoto,Feminino,Parda,0.30952226870514704
CAND_03156,2.5,93.0,Bacharelado,Capitais,Presencial,Masculino,Indígena,0.6381621717963725
CAND_03157,5.4,26.0,Mestrado,Capitais,Remoto,Masculino,Parda,0.47209196848179247
CAND_03158,6.9,35.0,Bacharelado,Capitais,Presencial,Feminino,Preta,0.5960108172691452
CAND_03159,0.7,18.0,Bacharelado,Capitais,Remoto,Masculino,Branca,0.07679637724733324
CAND_03160,5.7,58.0,Mestrado,Capitais,Presencial,Feminino,Indígena,0.46243775168666995
CAND_03161,2.7,77.0,Mestrado,Capitais,Presencial,Feminino,Indígena,0.5461727873309898
CAND_03162,1.6,66.0,Bacharelado,Interior,Híbrido,Masculino,Branca,0.5733971668196188
CAND_03163,5.3,24.0,Ensino Médio,Região Metropolitana,Híbrido,Não-binário,Amarela,0.2108315564463693
CAND_03164,10.5,53.0,Mestrado,Capitais,Remoto,Feminino,Indígena,0.5509373970623972
CAND_03165,5.0,65.0,Bacharelado,Capitais,Presencial,Feminino,Indígena,0.49423445335895505
CAND_03166,7.9,45.0,Bacharelado,Capitais,Remoto,Feminino,Amarela,0.3815788613946608
CAND_03167,5.5,32.0,Bacharelado,Região Metropolitana,Remoto,Não-binário,Amarela,0.365808391373776
CAND_03168,4.6,64.0,Bacharelado,Capitais,Remoto,Masculino,Preta,0.4506764726387887
CAND_03169,6.5,55.0,Bacharelado,Capitais,Presencial,Masculino,Amarela,0.38357496567611077
CAND_03170,3.2,71.0,Bacharelado,Interior,Híbrido,Não-binário,Preta,0.550802373592511
CAND_03171,0.5,62.0,Bacharelado,Capitais,Híbrido,Feminino,Amarela,0.5255932442887383
CAND_03172,1.0,99.0,Mestrado,Capitais,Híbrido,Feminino,Parda,0.6173918173448792
CAND_03173,4.5,65.0,Bacharelado,Capitais,Híbrido,Não-binário,Parda,0.2795042833832519
CAND_03174,6.0,46.0,Bacharelado,Capitais,Híbrido,Feminino,Parda,0.49140464592387756
CAND_03175,5.6,29.0,Bacharelado,Capitais,Remoto,Feminino,Indígena,0.2646582129257178
CAND_03176,3.0,40.0,Doutorado,Capitais,Presencial,Feminino,Branca,0.4015457802928081
CAND_03177,4.9,49.0,Ensino Médio,Interior,Híbrido,Masculino,Indígena,0.41966476661305785
CAND_03178,3.3,56.0,Bacharelado,Região Metropolitana,Híbrido,Feminino,Parda,0.4604817018113869
CAND_03179,1.1,66.0,Bacharelado,Capitais,Remoto,Feminino,Parda,0.4021957453735824
CAND_03180,0.0,24.0,Mestrado,Capitais,Híbrido,Não-binário,Preta,0.16441040092772644
CAND_03181,3.9,73.0,Mestrado,Região Metropolitana,Híbrido,Feminino,Amarela,0.37904330853418006
CAND_03182,7.2,42.0,Mestrado,Capitais,Remoto,Feminino,Branca,0.5595738153716129
CAND_03183,4.7,37.0,Bacharelado,Região Metropolitana,Remoto,Não-binário,Amarela,0.41581269727263853
CAND_03184,0.6,78.0,Bacharelado,Capitais,Híbrido,Não-binário,Indígena,0.6052973824973058
CAND_03185,8.2,28.0,Bacharelado,Capitais,Presencial,Feminino,Amarela,0.3674293075190463
CAND_03186,2.6,31.0,Mestrado,Região Metropolitana,Remoto,Feminino,Preta,0.32910273532599077
CAND_03187,0.0,37.0,Bacharelado,Capitais,Remoto,Não-binário,Indígena,0.15363212841145404
CAND_03188,4.6,46.0,Mestrado,Região Metropolitana,Remoto,Não-binário,Branca,0.4585532289781469
CAND_03189,8.2,70.0,Bacharelado,Região Metropolitana,Híbrido,Feminino,Indígena,0.6484636288188828
CAND_03190,5.4,68.0,Bacharelado,Capitais,Híbrido,Não-binário,Amarela,0.5051194239975421
CAND_03191,1.6,69.0,Bacharelado,Capitais,Presencial,Masculino,Branca,0.46928225073152596
CAND_03192,1.9,49.0,Mestrado,Capitais,Presencial,Masculino,Preta,0.5721516239664494
CAND_03193,8.2,48.0,Bacharelado,Capitais,Presencial,Masculino,Amarela,0.49795498301719415
CAND_03194,2.9,54.0,Bacharelado,Capitais,Presencial,Não-binário,Branca,0.4938563387828667
CAND_03195,0.9,57.0,Bacharelado,Capitais,Híbrido,Masculino,Preta,0.3589792981766609
CAND_03196,1.4,53.0,Bacharelado,Interior,Híbrido,Feminino,Amarela,0.38007697885298575
CAND_03197,3.8,62.0,Mestrado,Capitais,Híbrido,Feminino,Branca,0.4764913111196273
CAND_03198,8.8,57.0,Bacharelado,Interior,Híbrido,Masculino,Branca,0.716737907652949
CAND_03199,6.9,53.0,Bacharelado,Região Metropolitana,Remoto,Não-binário,Indígena,0.6238165770490889
CAND_03200,5.2,41.0,Mestrado,Capitais,Remoto,Masculino,Preta,0.47758784976501006
CAND_03201,12.2,64.0,Mestrado,Capitais,Híbrido,Não-binário,Branca,0.7507002645498594
CAND_03202,6.5,42.0,Ensino Médio,Interior,Remoto,Feminino,Branca,0.5003950048574475
CAND_03203,13.1,52.0,Bacharelado,Capitais,Presencial,Não-binário,Branca,0.7893782296623129
CAND_03204,3.6,37.0,Bacharelado,Capitais,Remoto,Não-binário,Indígena,0.28251787036694276
CAND_03205,4.9,38.0,Bacharelado,Região Metropolitana,Presencial,Feminino,Branca,0.3619498621981946
CAND_03206,2.6,25.0,Bacharelado,Capitais,Presencial,Não-binário,Parda,0.4617559780843785
CAND_03207,5.2,39.0,Bacharelado,Capitais,Presencial,Feminino,Branca,0.41750656211277604
CAND_03208,4.3,48.0,Bacharelado,Região Metropolitana,Híbrido,Não-binário,Preta,0.44070348034176354
CAND_03209,14.2,45.0,Mestrado,Capitais,Híbrido,Masculino,Indígena,0.6574279059495921
CAND_03210,4.2,65.0,Mestrado,Capitais,Híbrido,Masculino,Preta,0.5970632667347814
CAND_03211,8.3,42.0,Bacharelado,Região Metropolitana,Híbrido,Masculino,Preta,0.5026810548656305
CAND_03212,4.8,54.0,Mestrado,Capitais,Remoto,Feminino,Amarela,0.4411117237617727
CAND_03213,6.8,53.0,Bacharelado,Região Metropolitana,Remoto,Feminino,Amarela,0.43686513698491053
CAND_03214,5.9,47.0,Bacharelado,Região Metropolitana,Remoto,Não-binário,Amarela,0.5078126318367676
CAND_03215,6.3,46.0,Bacharelado,Capitais,Remoto,Feminino,Parda,0.447096742279506
CAND_03216,4.9,55.0,Bacharelado,Capitais,Remoto,Masculino,Amarela,0.5361186152016572
CAND_03217,0.0,33.0,Bacharelado,Capitais,Presencial,Feminino,Amarela,0.33933024883457164
CAND_03218,7.6,63.0,Bacharelado,Capitais,Híbrido,Não-binário,Preta,0.5644529766650804
CAND_03219,0.0,41.0,Bacharelado,Capitais,Presencial,Masculino,Preta,0.3803150463705239
CAND_03220,9.3,57.0,Bacharelado,Capitais,Presencial,Não-binário,Branca,0.5929062225493827
CAND_03221,6.5,50.0,Mestrado,Capitais,Remoto,Não-binário,Branca,0.5517123446154877
CAND_03222,5.8,71.0,Bacharelado,Capitais,Remoto,Feminino,Indígena,0.41221649590359044
CAND_03223,5.1,54.0,Mestrado,Interior,Híbrido,Feminino,Indígena,0.48427474534631315
CAND_03224,8.9,75.0,Ensino Médio,Capitais,Híbrido,Feminino,Parda,0.5157960863738399
CAND_03225,9.0,54.0,Bacharelado,Capitais,Presencial,Masculino,Preta,0.5637157549111985
CAND_03226,0.4,57.0,Bacharelado,Região Metropolitana,Presencial,Feminino,Branca,0.4979020891459782
CAND_03227,0.0,36.0,Mestrado,Região Metropolitana,Remoto,Masculino,Branca,0.4079943887300936
CAND_03228,6.7,59.0,Bacharelado,Capitais,Híbrido,Feminino,Preta,0.49164325257766345
CAND_03229,5.0,62.0,Mestrado,Capitais,Híbrido,Não-binário,Amarela,0.6699791761022624
CAND_03230,3.1,34.0,Bacharelado,Capitais,Híbrido,Masculino,Preta,0.328506137936518
CAND_03231,5.3,31.0,Mestrado,Capitais,Híbrido,Feminino,Indígena,0.41122815990519884
CAND_03232,2.0,79.0,Bacharelado,Capitais,Híbrido,Não-binário,Branca,0.5862280390873862
CAND_03233,6.5,53.0,Bacharelado,Capitais,Remoto,Feminino,Indígena,0.45159094032131875
CAND_03234,2.5,55.0,Bacharelado,Capitais,Híbrido,Feminino,Branca,0.3943003119204054
CAND_03235,4.5,69.0,Bacharelado,Capitais,Presencial,Feminino,Parda,0.5721861310537019
CAND_03236,6.4,49.0,Bacharelado,Capitais,Remoto,Feminino,Indígena,0.4365955624257211
CAND_03237,3.1,38.0,Bacharelado,Capitais,Híbrido,Feminino,Amarela,0.4938938615262631
CAND_03238,3.6,43.0,Ensino Médio,Capitais,Remoto,Feminino,Indígena,0.4484638499145023
CAND_03239,4.6,64.0,Bacharelado,Capitais,Remoto,Feminino,Parda,0.41927565425092705
CAND_03240,5.8,28.0,Doutorado,Interior,Híbrido,Não-binário,Amarela,0.3720498871370716
CAND_03241,9.0,50.0,Mestrado,Região Metropolitana,Remoto,Não-binário,Parda,0.5277547885975068
CAND_03242,3.7,43.0,Bacharelado,Capitais,Híbrido,Masculino,Amarela,0.6105964448783238
CAND_03243,7.2,58.0,Bacharelado,Capitais,Remoto,Feminino,Branca,0.5861160793481971
CAND_03244,6.6,61.0,Bacharelado,Capitais,Híbrido,Masculino,Amarela,0.43134046514020186
CAND_03245,5.8,70.0,Bacharelado,Capitais,Híbrido,Feminino,Amarela,0.6998403289052517
CAND_03246,7.6,52.0,Mestrado,Capitais,Híbrido,Não-binário,Parda,0.7571566289284045
CAND_03247,9.6,60.0,Bacharelado,Região Metropolitana,Presencial,Não-binário,Preta,0.6236133686705232
CAND_03248,5.2,33.0,Mestrado,Capitais,Híbrido,Feminino,Branca,0.24413017649356467
CAND_03249,7.0,39.0,Bacharelado,Interior,Híbrido,Feminino,Parda,0.45632868704961943
CAND_03250,3.3,70.0,Bacharelado,Capitais,Presencial,Masculino,Amarela,0.5370500172886699
CAND_03251,3.9,34.0,Bacharelado,Região Metropolitana,Híbrido,Masculino,Preta,0.5557823770134676
CAND_03252,1.9,84.0,Bacharelado,Capitais,Híbrido,Masculino,Indígena,0.5722185227399894
CAND_03253,4.1,43.0,Bacharelado,Interior,Remoto,Não-binário,Branca,0.43802405072165795
CAND_03254,5.8,51.0,Mestrado,Capitais,Híbrido,Feminino,Preta,0.5786804833682236
CAND_03255,5.0,57.0,Bacharelado,Interior,Híbrido,Masculino,Preta,0.6419727688821273
CAND_03256,4.3,36.0,Mestrado,Região Metropolitana,Híbrido,Não-binário,Amarela,0.3939192498473328
CAND_03257,4.3,57.0,Bacharelado,Capitais,Híbrido,Feminino,Branca,0.5238123609079474
CAND_03258,4.6,65.0,Bacharelado,Interior,Presencial,Feminino,Parda,0.5311976817823741
CAND_03259,4.6,41.0,Mestrado,Capitais,Híbrido,Não-binário,Amarela,0.36773346026256
CAND_03260,9.7,39.0,Bacharelado,Capitais,Híbrido,Feminino,Amarela,0.3969276806098456
CAND_03261,4.9,67.0,Bacharelado,Capitais,Híbrido,Não-binário,Preta,0.5400742755070156
CAND_03262,1.9,35.0,Mestrado,Região Metropolitana,Híbrido,Feminino,Indígena,0.36298859672798867
CAND_03263,10.5,40.0,Ensino Médio,Capitais,Remoto,Feminino,Preta,0.37462045487061957
CAND_03264,4.8,65.0,Bacharelado,Capitais,Híbrido,Feminino,Parda,0.5269002160910664
CAND_03265,4.5,61.0,Mestrado,Capitais,Remoto,Feminino,Parda,0.6237797596471212
CAND_03266,2.3,67.0,Bacharelado,Região Metropolitana,Presencial,Masculino,Indígena,0.3935240103196783
CAND_03267,2.7,35.0,Mestrado,Região Metropolitana,Remoto,Não-binário,Preta,0.32934154031751367
CAND_03268,9.8,35.0,Mestrado,Capitais,Híbrido,Feminino,Preta,0.3954330775839082
CAND_03269,2.3,55.0,Ensino Médio,Capitais,Híbrido,Feminino,Amarela,0.36921502454726474
CAND_03270,2.7,58.0,Mestrado,Capitais,Híbrido,Feminino,Amarela,0.5716673071780471
CAND_03271,6.8,53.0,Bacharelado,Região Metropolitana,Híbrido,Feminino,Branca,0.4137499142578803
CAND_03272,0.3,66.0,Bacharelado,Interior,Presencial,Masculino,Preta,0.417656769623281
CAND_03273,8.0,50.0,Doutorado,Capitais,Híbrido,Feminino,Preta,0.49295283796913547
CAND_03274,6.8,52.0,Mestrado,Interior,Híbrido,Feminino,Indígena,0.6285742980652569
CAND_03275,4.6,69.0,Bacharelado,Interior,Presencial,Não-binário,Amarela,0.4210732535169201
CAND_03276,6.2,38.0,Bacharelado,Região Metropolitana,Presencial,Masculino,Indígena,0.33239470600007703
CAND_03277,9.7,55.0,Bacharelado,Capitais,Presencial,Não-binário,Preta,0.6604297077927989
CAND_03278,7.4,55.0,Bacharelado,Capitais,Híbrido,Não-binário,Preta,0.6024617574210112
CAND_03279,7.7,41.0,Bacharelado,Capitais,Presencial,Feminino,Preta,0.6415672530451972
CAND_03280,6.6,50.0,Mestrado,Capitais,Remoto,Não-binário,Indígena,0.7945045556825836
CAND_03281,4.4,50.0,Bacharelado,Capitais,Presencial,Não-binário,Indígena,0.33565711614424343
CAND_03282,4.7,41.0,Mestrado,Capitais,Presencial,Não-binário,Branca,0.5983603705485359
CAND_03283,5.6,30.0,Bacharelado,Capitais,Remoto,Não-binário,Branca,0.10524354939713798
CAND_03284,6.9,37.0,Bacharelado,Capitais,Presencial,Feminino,Amarela,0.37824214843657217
CAND_03285,3.7,50.0,Bacharelado,Região Metropolitana,Híbrido,Não-binário,Preta,0.33596728526850744
CAND_03286,6.6,43.0,Bacharelado,Capitais,Híbrido,Não-binário,Amarela,0.42064461699815603
CAND_03287,4.3,29.0,Mestrado,Região Metropolitana,Híbrido,Não-binário,Preta,0.4306208017586943
CAND_03288,5.7,75.0,Mestrado,Capitais,Presencial,Feminino,Parda,0.5100822413866828
CAND_03289,5.2,51.0,Bacharelado,Interior,Híbrido,Não-binário,Parda,0.4906103810173978
CAND_03290,6.2,49.0,Bacharelado,Região Metropolitana,Remoto,Masculino,Parda,0.5185132372725153
CAND_03291,6.1,28.0,Bacharelado,Região Metropolitana,Remoto,Masculino,Preta,0.542934264647407
CAND_03292,5.0,65.0,Bacharelado,Capitais,Híbrido,Não-binário,Preta,0.47536894715247807
CAND_03293,2.5,73.0,Bacharelado,Capitais,Remoto,Feminino,Indígena,0.5289136615452159
CAND_03294,9.1,55.0,Bacharelado,Capitais,Remoto,Não-binário,Branca,0.5652732546221305
CAND_03295,3.6,45.0,Ensino Médio,Região Metropolitana,Híbrido,Masculino,Amarela,0.41253414052089843
CAND_03296,8.5,49.0,Bacharelado,Capitais,Remoto,Feminino,Indígena,0.3160188724228678
CAND_03297,1.5,45.0,Bacharelado,Região Metropolitana,Remoto,Feminino,Indígena,0.4968296044766547
CAND_03298,1.7,41.0,Doutorado,Região Metropolitana,Presencial,Não-binário,Indígena,0.31148602497961475
CAND_03299,8.3,46.0,Doutorado,Região Metropolitana,Híbrido,Feminino,Branca,0.5626275129038835
CAND_03300,10.2,58.0,Bacharelado,Região Metropolitana,Remoto,Masculino,Amarela,0.5997997018251952
CAND_03301,6.8,56.0,Bacharelado,Capitais,Remoto,Masculino,Preta,0.6340679385426764
CAND_03302,0.8,87.0,Bacharelado,Capitais,Híbrido,Não-binário,Parda,0.49803947615236926
CAND_03303,8.4,69.0,Bacharelado,Região Metropolitana,Presencial,Masculino,Indígena,0.5365334328907799
CAND_03304,2.2,20.0,Bacharelado,Capitais,Presencial,Masculino,Branca,0.35667053489442146
CAND_03305,1.7,62.0,Mestrado,Capitais,Remoto,Feminino,Indígena,0.6728644247038158
CAND_03306,5.5,91.0,Ensino Médio,Capitais,Remoto,Não-binário,Indígena,0.5475825631700689
CAND_03307,3.5,66.0,Bacharelado,Capitais,Híbrido,Não-binário,Amarela,0.38643405204539694
CAND_03308,7.4,39.0,Mestrado,Capitais,Presencial,Feminino,Indígena,0.3538977353950771
CAND_03309,6.5,63.0,Mestrado,Interior,Presencial,Não-binário,Parda,0.43642427283384855
CAND_03310,4.0,46.0,Bacharelado,Região Metropolitana,Presencial,Feminino,Parda,0.4410194271583583
CAND_03311,6.9,34.0,Ensino Médio,Capitais,Híbrido,Feminino,Amarela,0.34587487361215774
CAND_03312,11.7,52.0,Mestrado,Interior,Remoto,Não-binário,Amarela,0.719443949323777
CAND_03313,4.2,71.0,Bacharelado,Capitais,Híbrido,Feminino,Branca,0.481639427535454
CAND_03314,6.1,68.0,Ensino Médio,Capitais,Híbrido,Masculino,Indígena,0.29310947162643086
CAND_03315,6.8,47.0,Ensino Médio,Capitais,Presencial,Masculino,Branca,0.39392432939402655
CAND_03316,6.7,42.0,Bacharelado,Capitais,Híbrido,Não-binário,Amarela,0.41669421407316065
CAND_03317,11.3,73.0,Bacharelado,Interior,Híbrido,Não-binário,Preta,0.6843251135401074
CAND_03318,8.5,69.0,Bacharelado,Região Metropolitana,Presencial,Não-binário,Indígena,0.5520716713973863
CAND_03319,2.1,45.0,Ensino Médio,Região Metropolitana,Híbrido,Não-binário,Preta,0.3004191574477484
CAND_03320,2.1,40.0,Bacharelado,Região Metropolitana,Híbrido,Feminino,Amarela,0.2744888632000997
CAND_03321,4.7,51.0,Ensino Médio,Capitais,Híbrido,Não-binário,Amarela,0.22200223962982799
CAND_03322,6.8,39.0,Bacharelado,Capitais,Remoto,Masculino,Indígena,0.5474959003719782
CAND_03323,8.1,73.0,Bacharelado,Capitais,Híbrido,Masculino,Indígena,0.4830327546220465
CAND_03324,8.1,47.0,Ensino Médio,Capitais,Híbrido,Masculino,Branca,0.3525064094886815
CAND_03325,5.0,76.0,Bacharelado,Capitais,Presencial,Masculino,Parda,0.767147353442929
CAND_03326,6.8,35.0,Bacharelado,Capitais,Híbrido,Feminino,Amarela,0.3749020541944929
CAND_03327,9.8,34.0,Bacharelado,Capitais,Presencial,Masculino,Amarela,0.39747197027448133
CAND_03328,6.6,51.0,Bacharelado,Capitais,Presencial,Não-binário,Amarela,0.5955195058893898
CAND_03329,6.2,52.0,Mestrado,Interior,Presencial,Masculino,Parda,0.333929373517876
CAND_03330,8.0,50.0,Bacharelado,Capitais,Presencial,Não-binário,Parda,0.23860813564827194
CAND_03331,5.7,38.0,Bacharelado,Capitais,Presencial,Masculino,Preta,0.36957816670678045
CAND_03332,7.1,47.0,Bacharelado,Região Metropolitana,Remoto,Feminino,Preta,0.5181338420545246
CAND_03333,10.6,43.0,Doutorado,Região Metropolitana,Híbrido,Masculino,Indígena,0.8012120246843872
CAND_03334,1.6,25.0,Bacharelado,Capitais,Presencial,Não-binário,Indígena,0.35592582915248105
CAND_03335,4.5,42.0,Bacharelado,Capitais,Presencial,Masculino,Preta,0.5211794979907142
CAND_03336,3.2,45.0,Bacharelado,Capitais,Remoto,Não-binário,Amarela,0.4622373428454328
CAND_03337,3.0,27.0,Ensino Médio,Capitais,Presencial,Não-binário,Branca,0.26711002300128417
CAND_03338,3.4,63.0,Ensino Médio,Região Metropolitana,Híbrido,Feminino,Preta,0.4457412761813919
CAND_03339,0.0,75.0,Bacharelado,Interior,Remoto,Masculino,Branca,0.45247034363371874
CAND_03340,3.7,51.0,Mestrado,Capitais,Remoto,Feminino,Indígena,0.6476129506670567
CAND_03341,8.3,30.0,Mestrado,Região Metropolitana,Presencial,Não-binário,Amarela,0.47159922976888685
CAND_03342,1.3,47.0,Bacharelado,Capitais,Híbrido,Masculino,Preta,0.0828017192285983
CAND_03343,0.0,48.0,Mestrado,Capitais,Presencial,Não-binário,Preta,0.24056303663861386
CAND_03344,3.3,53.0,Bacharelado,Capitais,Híbrido,Feminino,Amarela,0.48542438191435555
CAND_03345,2.7,77.0,Mestrado,Capitais,Presencial,Masculino,Branca,0.43151082055750534
CAND_03346,7.6,34.0,Bacharelado,Capitais,Remoto,Não-binário,Branca,0.43797148519038837
CAND_03347,10.2,55.0,Bacharelado,Capitais,Remoto,Masculino,Amarela,0.6126328607201449
CAND_03348,11.7,62.0,Ensino Médio,Capitais,Remoto,Masculino,Amarela,0.6589302845642323
CAND_03349,2.8,61.0,Mestrado,Interior,Híbrido,Masculino,Amarela,0.5289258963336556
CAND_03350,6.8,67.0,Bacharelado,Capitais,Remoto,Não-binário,Branca,0.48513966419200893
CAND_03351,4.9,50.0,Mestrado,Capitais,Remoto,Não-binário,Amarela,0.21488439383662244
CAND_03352,6.3,50.0,Bacharelado,Capitais,Presencial,Não-binário,Indígena,0.3729443318070529
CAND_03353,6.7,53.0,Mestrado,Capitais,Presencial,Não-binário,Amarela,0.43599947713419646
CAND_03354,4.8,50.0,Bacharelado,Capitais,Presencial,Masculino,Parda,0.46101589420283984
CAND_03355,2.2,38.0,Mestrado,Capitais,Híbrido,Não-binário,Indígena,0.21967325913476263
CAND_03356,2.7,53.0,Bacharelado,Região Metropolitana,Presencial,Masculino,Preta,0.4149688524404886
CAND_03357,5.6,58.0,Ensino Médio,Região Metropolitana,Remoto,Masculino,Indígena,0.5488452756291908
CAND_03358,6.1,42.0,Bacharelado,Região Metropolitana,Presencial,Masculino,Indígena,0.43013575145017063
CAND_03359,3.2,57.0,Mestrado,Capitais,Presencial,Masculino,Preta,0.5723476964228604
CAND_03360,4.3,39.0,Doutorado,Capitais,Híbrido,Não-binário,Indígena,0.3903651420911364
CAND_03361,8.5,45.0,Bacharelado,Capitais,Remoto,Masculino,Amarela,0.5522394220412317
CAND_03362,5.0,48.0,Mestrado,Região Metropolitana,Remoto,Feminino,Amarela,0.4636778769640092
CAND_03363,6.4,66.0,Mestrado,Capitais,Presencial,Masculino,Indígena,0.6002838172397574
CAND_03364,9.5,55.0,Mestrado,Capitais,Presencial,Feminino,Parda,0.4831484219164352
CAND_03365,5.4,62.0,Mestrado,Região Metropolitana,Presencial,Feminino,Branca,0.6801355911599258
CAND_03366,3.6,54.0,Mestrado,Região Metropolitana,Presencial,Masculino,Indígena,0.40489004590432126
CAND_03367,3.5,58.0,Bacharelado,Interior,Remoto,Feminino,Amarela,0.47011542782483534
CAND_03368,6.9,46.0,Mestrado,Capitais,Híbrido,Não-binário,Amarela,0.7298926994369601
CAND_03369,0.5,50.0,Bacharelado,Região Metropolitana,Presencial,Não-binário,Indígena,0.3043317860802317
CAND_03370,9.5,65.0,Bacharelado,Capitais,Remoto,Masculino,Amarela,0.5649440916471856
CAND_03371,8.5,28.0,Bacharelado,Capitais,Remoto,Masculino,Branca,0.35277310692838837
CAND_03372,1.0,50.0,Bacharelado,Interior,Remoto,Feminino,Preta,0.4735666495180448
CAND_03373,3.5,53.0,Bacharelado,Região Metropolitana,Presencial,Feminino,Amarela,0.5237604617030868
CAND_03374,3.5,58.0,Mestrado,Capitais,Presencial,Feminino,Amarela,0.6308728495271448
CAND_03375,6.6,53.0,Mestrado,Capitais,Remoto,Masculino,Preta,0.7133189651871876
CAND_03376,2.7,51.0,Bacharelado,Capitais,Híbrido,Masculino,Branca,0.26591371360606963
CAND_03377,0.0,35.0,Mestrado,Região Metropolitana,Híbrido,Não-binário,Branca,0.33538725353687954
CAND_03378,8.7,42.0,Ensino Médio,Capitais,Híbrido,Masculino,Preta,0.40707157248039755
CAND_03379,0.0,69.0,Bacharelado,Capitais,Presencial,Feminino,Amarela,0.3295614508828093
CAND_03380,10.1,75.0,Bacharelado,Capitais,Híbrido,Feminino,Amarela,0.7212865237302892
CAND_03381,3.8,61.0,Bacharelado,Capitais,Presencial,Não-binário,Preta,0.40887753832489254
CAND_03382,5.0,38.0,Bacharelado,Capitais,Híbrido,Não-binário,Preta,0.5602392502612631
CAND_03383,4.2,63.0,Bacharelado,Capitais,Remoto,Não-binário,Indígena,0.5596568470099055
CAND_03384,3.7,61.0,Bacharelado,Capitais,Presencial,Masculino,Branca,0.36639265304603613
CAND_03385,5.2,39.0,Bacharelado,Capitais,Híbrido,Masculino,Branca,0.4091052612242852
CAND_03386,4.2,50.0,Bacharelado,Região Metropolitana,Remoto,Feminino,Amarela,0.4920818509819732
CAND_03387,2.5,99.0,Bacharelado,Capitais,Remoto,Não-binário,Indígena,0.7346993108268502
CAND_03388,6.8,59.0,Bacharelado,Capitais,Híbrido,Não-binário,Branca,0.3718564162988843
CAND_03389,4.3,47.0,Bacharelado,Capitais,Híbrido,Feminino,Preta,0.5003542721795734
CAND_03390,10.9,36.0,Ensino Médio,Região Metropolitana,Remoto,Masculino,Parda,0.5496233448641458
CAND_03391,2.3,52.0,Bacharelado,Região Metropolitana,Remoto,Masculino,Amarela,0.41995853832003255
CAND_03392,6.5,61.0,Bacharelado,Região Metropolitana,Híbrido,Não-binário,Preta,0.652953741159014
CAND_03393,3.4,89.0,Bacharelado,Capitais,Híbrido,Feminino,Parda,0.3919096227085032
CAND_03394,3.1,63.0,Bacharelado,Capitais,Híbrido,Não-binário,Parda,0.43371850362212966
CAND_03395,4.9,56.0,Bacharelado,Capitais,Híbrido,Não-binário,Parda,0.37886249690962415
CAND_03396,6.9,67.0,Bacharelado,Capitais,Híbrido,Feminino,Amarela,0.5541669845918424
CAND_03397,7.4,24.0,Doutorado,Capitais,Presencial,Feminino,Preta,0.5063082755861021
CAND_03398,4.5,30.0,Bacharelado,Região Metropolitana,Presencial,Não-binário,Preta,0.3756706139744284
CAND_03399,9.7,50.0,Bacharelado,Capitais,Híbrido,Masculino,Amarela,0.38793925205287083
CAND_03400,7.5,54.0,Ensino Médio,Interior,Híbrido,Feminino,Preta,0.5921940117720834
CAND_03401,5.9,14.0,Bacharelado,Capitais,Remoto,Masculino,Amarela,0.3486959320485911
CAND_03402,7.1,82.0,Bacharelado,Capitais,Remoto,Feminino,Indígena,0.5973027905962203
CAND_03403,2.0,38.0,Doutorado,Capitais,Híbrido,Feminino,Parda,0.33423146848486646
CAND_03404,8.4,30.0,Mestrado,Região Metropolitana,Remoto,Feminino,Amarela,0.6125064281843198
CAND_03405,1.1,59.0,Bacharelado,Capitais,Presencial,Não-binário,Indígena,0.6217950640833662
CAND_03406,6.3,84.0,Bacharelado,Capitais,Remoto,Feminino,Amarela,0.8269732597365941
CAND_03407,4.8,20.0,Doutorado,Região Metropolitana,Híbrido,Masculino,Branca,0.4491053763339706
CAND_03408,0.7,60.0,Bacharelado,Capitais,Híbrido,Não-binário,Preta,0.5098668799907211
CAND_03409,1.3,19.0,Mestrado,Capitais,Presencial,Não-binário,Amarela,0.35383912862243044
CAND_03410,4.9,53.0,Mestrado,Capitais,Híbrido,Masculino,Indígena,0.42570570877127994
CAND_03411,4.7,15.0,Bacharelado,Capitais,Presencial,Feminino,Branca,0.3704159606223448
CAND_03412,2.7,36.0,Bacharelado,Capitais,Remoto,Não-binário,Indígena,0.46680984682530674
CAND_03413,3.8,53.0,Bacharelado,Região Metropolitana,Remoto,Não-binário,Parda,0.26051356539085013
CAND_03414,0.6,65.0,Mestrado,Interior,Presencial,Masculino,Parda,0.37604605502542054
CAND_03415,0.7,63.0,Mestrado,Capitais,Remoto,Não-binário,Parda,0.3775753098517536
CAND_03416,4.1,63.0,Mestrado,Capitais,Remoto,Masculino,Amarela,0.596752563361659
CAND_03417,0.0,46.0,Bacharelado,Capitais,Híbrido,Não-binário,Branca,0.19368548766278978
CAND_03418,4.3,45.0,Bacharelado,Capitais,Híbrido,Masculino,Preta,0.3857833684737147
CAND_03419,6.4,56.0,Ensino Médio,Capitais,Presencial,Masculino,Parda,0.4561518156911603
CAND_03420,4.4,46.0,Bacharelado,Capitais,Híbrido,Feminino,Preta,0.3464601871009927
CAND_03421,6.4,51.0,Mestrado,Interior,Presencial,Feminino,Preta,0.5812796790799145
CAND_03422,2.7,51.0,Bacharelado,Capitais,Híbrido,Masculino,Amarela,0.4954135895235161
CAND_03423,0.0,66.0,Ensino Médio,Região Metropolitana,Híbrido,Feminino,Branca,0.16979339501198332
CAND_03424,6.6,48.0,Bacharelado,Capitais,Presencial,Não-binário,Preta,0.4084300958237933
CAND_03425,4.1,55.0,Bacharelado,Capitais,Presencial,Não-binário,Branca,0.4900426431939082
CAND_03426,1.7,49.0,Bacharelado,Capitais,Presencial,Não-binário,Preta,0.5319870589137204
CAND_03427,3.9,18.0,Bacharelado,Capitais,Presencial,Não-binário,Indígena,0.33817113498722223
CAND_03428,2.6,57.0,Bacharelado,Capitais,Remoto,Masculino,Branca,0.42859984699727893
CAND_03429,7.3,37.0,Bacharelado,Capitais,Híbrido,Feminino,Indígena,0.32127690059420133
CAND_03430,2.1,50.0,Bacharelado,Região Metropolitana,Híbrido,Feminino,Amarela,0.4359590489627424
CAND_03431,2.4,47.0,Mestrado,Região Metropolitana,Presencial,Masculino,Branca,0.4608109122874054
CAND_03432,4.8,57.0,Bacharelado,Capitais,Híbrido,Feminino,Branca,0.5911892482111611
CAND_03433,5.0,30.0,Bacharelado,Capitais,Híbrido,Masculino,Parda,0.43807955951676436
CAND_03434,4.2,71.0,Mestrado,Capitais,Remoto,Masculino,Parda,0.5124859792310503
CAND_03435,0.0,55.0,Bacharelado,Capitais,Híbrido,Não-binário,Amarela,0.5517874773062156
CAND_03436,0.1,47.0,Mestrado,Região Metropolitana,Remoto,Masculino,Preta,0.3871395413753339
CAND_03437,5.4,51.0,Mestrado,Região Metropolitana,Híbrido,Feminino,Amarela,0.499897902579902
CAND_03438,1.5,67.0,Bacharelado,Capitais,Remoto,Masculino,Branca,0.5555815081399315
CAND_03439,6.5,51.0,Bacharelado,Região Metropolitana,Presencial,Não-binário,Preta,0.5008504014182603
CAND_03440,0.0,50.0,Bacharelado,Região Metropolitana,Presencial,Masculino,Preta,0.3434901305282929
CAND_03441,3.5,52.0,Bacharelado,Interior,Presencial,Masculino,Branca,0.3977362925761103
CAND_03442,1.3,63.0,Bacharelado,Capitais,Híbrido,Masculino,Preta,0.33630715913382325
CAND_03443,0.5,43.0,Mestrado,Região Metropolitana,Remoto,Masculino,Amarela,0.4205797101945689
CAND_03444,0.3,53.0,Bacharelado,Capitais,Híbrido,Masculino,Preta,0.3103670221118653
CAND_03445,4.0,53.0,Ensino Médio,Interior,Presencial,Feminino,Preta,0.3124457696531401
CAND_03446,2.7,59.0,Bacharelado,Região Metropolitana,Remoto,Não-binário,Preta,0.45734468952718527
CAND_03447,3.0,65.0,Bacharelado,Capitais,Presencial,Feminino,Amarela,0.447563911245646
CAND_03448,1.4,51.0,Mestrado,Região Metropolitana,Híbrido,Feminino,Parda,0.5407248939948239
CAND_03449,7.4,43.0,Mestrado,Interior,Presencial,Masculino,Preta,0.6962418499212266
CAND_03450,4.8,60.0,Mestrado,Região Metropolitana,Híbrido,Não-binário,Amarela,0.4470521005275899
CAND_03451,3.8,26.0,Mestrado,Interior,Presencial,Não-binário,Branca,0.3561080998093586
CAND_03452,6.8,34.0,Mestrado,Interior,Híbrido,Masculino,Branca,0.44295561854859666
CAND_03453,5.0,35.0,Bacharelado,Região Metropolitana,Presencial,Masculino,Parda,0.35563768431610676
CAND_03454,2.5,39.0,Bacharelado,Capitais,Presencial,Não-binário,Branca,0.3359481028845279
CAND_03455,5.8,29.0,Bacharelado,Região Metropolitana,Presencial,Não-binário,Preta,0.39191830674693184
CAND_03456,9.8,64.0,Ensino Médio,Capitais,Remoto,Feminino,Preta,0.5381965036428088
CAND_03457,4.0,45.0,Mestrado,Capitais,Híbrido,Feminino,Preta,0.31470194828312464
CAND_03458,6.3,24.0,Bacharelado,Interior,Híbrido,Não-binário,Indígena,0.26876542366012823
CAND_03459,8.3,32.0,Mestrado,Capitais,Remoto,Feminino,Preta,0.5335276084915875
CAND_03460,5.2,55.0,Mestrado,Capitais,Remoto,Não-binário,Parda,0.4666034070533896
CAND_03461,7.9,25.0,Mestrado,Região Metropolitana,Híbrido,Masculino,Amarela,0.3985858280366882
CAND_03462,4.2,52.0,Bacharelado,Capitais,Presencial,Masculino,Indígena,0.46949068274299405
CAND_03463,0.0,50.0,Doutorado,Capitais,Remoto,Feminino,Branca,0.5075267303934312
CAND_03464,0.9,48.0,Doutorado,Capitais,Híbrido,Masculino,Branca,0.7233087018579583
CAND_03465,6.6,50.0,Bacharelado,Região Metropolitana,Remoto,Não-binário,Parda,0.44067967451229556
CAND_03466,10.1,33.0,Bacharelado,Capitais,Presencial,Masculino,Preta,0.6291241289473642
CAND_03467,2.6,42.0,Ensino Médio,Capitais,Remoto,Masculino,Preta,0.43039864726615806
CAND_03468,9.6,31.0,Mestrado,Região Metropolitana,Híbrido,Não-binário,Indígena,0.33066990285593645
CAND_03469,1.7,38.0,Bacharelado,Capitais,Híbrido,Feminino,Parda,0.4780685266577608
CAND_03470,3.7,40.0,Bacharelado,Capitais,Híbrido,Masculino,Branca,0.3698620910756715
CAND_03471,4.8,41.0,Mestrado,Capitais,Presencial,Feminino,Indígena,0.3130235470390498
CAND_03472,6.3,44.0,Bacharelado,Região Metropolitana,Remoto,Masculino,Preta,0.5325347618732472
CAND_03473,6.6,54.0,Bacharelado,Capitais,Remoto,Feminino,Indígena,0.722512132876467
CAND_03474,4.7,48.0,Bacharelado,Interior,Presencial,Feminino,Indígena,0.3501901689529891
CAND_03475,12.3,44.0,Bacharelado,Região Metropolitana,Remoto,Masculino,Parda,0.5865772893213255
CAND_03476,5.9,37.0,Bacharelado,Capitais,Híbrido,Feminino,Preta,0.4818084153691789
CAND_03477,3.0,37.0,Bacharelado,Capitais,Remoto,Masculino,Amarela,0.2436695529417836
CAND_03478,10.3,55.0,Mestrado,Capitais,Presencial,Feminino,Indígena,0.5258689072544194
CAND_03479,5.7,45.0,Ensino Médio,Capitais,Remoto,Masculino,Branca,0.47763601594377036
CAND_03480,8.8,48.0,Bacharelado,Região Metropolitana,Híbrido,Feminino,Preta,0.5622108491818663
CAND_03481,0.1,71.0,Mestrado,Capitais,Remoto,Masculino,Indígena,0.6256300607952398
CAND_03482,5.5,33.0,Bacharelado,Capitais,Remoto,Não-binário,Amarela,0.5089600306014027
CAND_03483,4.1,40.0,Doutorado,Capitais,Presencial,Não-binário,Preta,0.5052457393117559
CAND_03484,3.4,70.0,Doutorado,Interior,Híbrido,Masculino,Preta,0.6097187796872395
CAND_03485,5.5,47.0,Doutorado,Capitais,Híbrido,Não-binário,Branca,0.5972984810139811
CAND_03486,8.4,49.0,Doutorado,Capitais,Presencial,Masculino,Indígena,0.5115655614488586
CAND_03487,4.5,79.0,Bacharelado,Capitais,Híbrido,Masculino,Preta,0.4841318539308078
CAND_03488,9.3,86.0,Bacharelado,Interior,Presencial,Não-binário,Parda,0.5805649436894378
CAND_03489,1.3,69.0,Bacharelado,Capitais,Híbrido,Não-binário,Preta,0.3035365166760471
CAND_03490,5.9,43.0,Ensino Médio,Capitais,Presencial,Feminino,Amarela,0.3597718717045789
CAND_03491,6.6,55.0,Bacharelado,Capitais,Remoto,Masculino,Preta,0.5872587683137194
CAND_03492,0.0,27.0,Bacharelado,Capitais,Remoto,Não-binário,Indígena,0.08474883118233997
CAND_03493,6.4,52.0,Bacharelado,Capitais,Híbrido,Feminino,Branca,0.48895641833892506
CAND_03494,4.2,55.0,Bacharelado,Capitais,Híbrido,Não-binário,Indígena,0.5070379541964716
CAND_03495,6.2,46.0,Doutorado,Região Metropolitana,Remoto,Feminino,Preta,0.5550204616974553
CAND_03496,8.6,51.0,Ensino Médio,Interior,Híbrido,Masculino,Branca,0.5251289340484048
CAND_03497,5.7,76.0,Bacharelado,Capitais,Presencial,Masculino,Amarela,0.40650571506843464
CAND_03498,4.2,46.0,Mestrado,Interior,Remoto,Feminino,Parda,0.45477231468140905
CAND_03499,0.5,52.0,Bacharelado,Capitais,Híbrido,Feminino,Indígena,0.3365971848316608
CAND_03500,4.8,52.0,Bacharelado,Capitais,Presencial,Não-binário,Amarela,0.4768532489847082
CAND_03501,9.3,60.0,Bacharelado,Capitais,Remoto,Não-binário,Indígena,0.612924224008226
CAND_03502,0.0,49.0,Mestrado,Capitais,Presencial,Não-binário,Branca,0.37994208748942154
CAND_03503,8.5,47.0,Bacharelado,Região Metropolitana,Presencial,Masculino,Branca,0.5772287822067816
CAND_03504,6.9,65.0,Mestrado,Região Metropolitana,Remoto,Masculino,Indígena,0.6334053338400476
CAND_03505,4.8,46.0,Bacharelado,Capitais,Remoto,Masculino,Branca,0.508056989721689
CAND_03506,6.8,44.0,Bacharelado,Região Metropolitana,Presencial,Feminino,Indígena,0.5266001659771717
CAND_03507,8.4,53.0,Bacharelado,Região Metropolitana,Presencial,Masculino,Indígena,0.5686978247304773
CAND_03508,3.7,49.0,Bacharelado,Capitais,Presencial,Não-binário,Amarela,0.26974179214240857
CAND_03509,5.3,48.0,Bacharelado,Região Metropolitana,Remoto,Não-binário,Indígena,0.6307538408587441
CAND_03510,5.0,62.0,Bacharelado,Região Metropolitana,Remoto,Masculino,Indígena,0.42872577041034915
CAND_03511,9.6,40.0,Bacharelado,Capitais,Presencial,Masculino,Parda,0.3688268490350647
CAND_03512,5.0,37.0,Bacharelado,Capitais,Híbrido,Feminino,Indígena,0.46529473263961196
CAND_03513,5.4,57.0,Bacharelado,Interior,Híbrido,Não-binário,Amarela,0.45581959434051006
CAND_03514,7.8,60.0,Bacharelado,Capitais,Remoto,Não-binário,Parda,0.6231271436615804
CAND_03515,6.5,52.0,Bacharelado,Capitais,Híbrido,Não-binário,Parda,0.399302271003683
CAND_03516,5.7,33.0,Mestrado,Região Metropolitana,Presencial,Feminino,Parda,0.46026352809914495
CAND_03517,1.0,84.0,Bacharelado,Região Metropolitana,Híbrido,Não-binário,Indígena,0.4946758104988507
CAND_03518,3.7,57.0,Mestrado,Região Metropolitana,Híbrido,Masculino,Parda,0.6042336562004769
CAND_03519,6.1,56.0,Mestrado,Região Metropolitana,Remoto,Não-binário,Preta,0.5084832766836623
CAND_03520,5.4,33.0,Bacharelado,Região Metropolitana,Presencial,Feminino,Branca,0.470338592102842
CAND_03521,4.6,44.0,Doutorado,Região Metropolitana,Híbrido,Masculino,Branca,0.3971760563978959
CAND_03522,7.1,58.0,Bacharelado,Região Metropolitana,Presencial,Não-binário,Indígena,0.6471965580904175
CAND_03523,11.5,59.0,Mestrado,Região Metropolitana,Presencial,Feminino,Parda,0.8080658364449985
CAND_03524,5.2,43.0,Bacharelado,Capitais,Presencial,Masculino,Indígena,0.4992970098294829
CAND_03525,7.0,79.0,Bacharelado,Capitais,Remoto,Masculino,Parda,0.6043561748783792
CAND_03526,4.4,57.0,Bacharelado,Capitais,Presencial,Masculino,Preta,0.6715464678926686
CAND_03527,1.6,41.0,Bacharelado,Interior,Híbrido,Não-binário,Indígena,0.29878925037079074
CAND_03528,4.1,40.0,Bacharelado,Interior,Híbrido,Não-binário,Parda,0.5105417531581066
CAND_03529,5.6,38.0,Mestrado,Capitais,Remoto,Não-binário,Branca,0.6012781893089313
CAND_03530,4.8,34.0,Ensino Médio,Região Metropolitana,Presencial,Masculino,Indígena,0.20767123003114246
CAND_03531,5.3,49.0,Bacharelado,Região Metropolitana,Híbrido,Feminino,Indígena,0.5235241670142142
CAND_03532,0.0,55.0,Mestrado,Capitais,Remoto,Feminino,Indígena,0.49187240210843786
CAND_03533,3.6,73.0,Ensino Médio,Interior,Presencial,Masculino,Parda,0.21450302630421125
CAND_03534,0.2,61.0,Bacharelado,Região Metropolitana,Presencial,Não-binário,Indígena,0.14018589310264484
CAND_03535,5.9,68.0,Mestrado,Capitais,Presencial,Não-binário,Amarela,0.47185205783130946
CAND_03536,4.9,42.0,Bacharelado,Capitais,Híbrido,Feminino,Parda,0.3875368235904931
CAND_03537,4.4,55.0,Doutorado,Capitais,Híbrido,Não-binário,Indígena,0.6155326732779673
CAND_03538,0.5,50.0,Mestrado,Capitais,Presencial,Feminino,Parda,0.430214913873926
CAND_03539,4.5,33.0,Mestrado,Capitais,Remoto,Não-binário,Preta,0.48933799982362164
CAND_03540,9.4,60.0,Bacharelado,Região Metropolitana,Remoto,Masculino,Preta,0.5900147682099163
CAND_03541,3.4,67.0,Bacharelado,Capitais,Remoto,Masculino,Indígena,0.3957260540264701
CAND_03542,5.3,42.0,Bacharelado,Capitais,Remoto,Feminino,Preta,0.47800280056297134
CAND_03543,5.6,68.0,Bacharelado,Capitais,Presencial,Masculino,Indígena,0.5300218498801174
CAND_03544,0.4,57.0,Mestrado,Capitais,Híbrido,Feminino,Amarela,0.4898485997073504
CAND_03545,0.5,47.0,Bacharelado,Capitais,Presencial,Masculino,Branca,0.35175317145025675
CAND_03546,0.7,60.0,Bacharelado,Capitais,Remoto,Masculino,Amarela,0.5032305371223073
CAND_03547,6.2,73.0,Bacharelado,Capitais,Remoto,Masculino,Parda,0.6710470077141902
CAND_03548,8.7,78.0,Doutorado,Interior,Presencial,Não-binário,Preta,0.677529082197724
CAND_03549,10.2,53.0,Bacharelado,Capitais,Híbrido,Masculino,Preta,0.5336176093370432
CAND_03550,4.6,67.0,Bacharelado,Capitais,Remoto,Masculino,Amarela,0.3797928897995345
CAND_03551,8.3,74.0,Ensino Médio,Capitais,Presencial,Feminino,Indígena,0.7959808485348417
CAND_03552,3.8,51.0,Ensino Médio,Capitais,Presencial,Masculino,Branca,0.3348283936764425
CAND_03553,1.4,58.0,Mestrado,Capitais,Híbrido,Masculino,Preta,0.4161763097271689
CAND_03554,2.4,24.0,Bacharelado,Capitais,Presencial,Feminino,Branca,0.24330591885473363
CAND_03555,3.7,39.0,Bacharelado,Capitais,Híbrido,Masculino,Parda,0.28971921802069683
CAND_03556,4.9,50.0,Bacharelado,Capitais,Remoto,Não-binário,Indígena,0.55866719049144
CAND_03557,4.8,27.0,Mestrado,Região Metropolitana,Remoto,Feminino,Amarela,0.4158256137602816
CAND_03558,6.8,42.0,Bacharelado,Região Metropolitana,Presencial,Feminino,Indígena,0.43571552509975126
CAND_03559,4.4,69.0,Ensino Médio,Região Metropolitana,Remoto,Feminino,Indígena,0.30607127126738615
CAND_03560,7.8,50.0,Bacharelado,Capitais,Híbrido,Não-binário,Parda,0.5445452098680749
CAND_03561,3.1,70.0,Bacharelado,Capitais,Remoto,Masculino,Amarela,0.40571454473443286
CAND_03562,3.8,59.0,Bacharelado,Capitais,Híbrido,Masculino,Parda,0.4561883079716951
CAND_03563,9.9,29.0,Mestrado,Região Metropolitana,Híbrido,Feminino,Branca,0.4934283713409333
CAND_03564,0.0,38.0,Bacharelado,Região Metropolitana,Presencial,Feminino,Parda,0.4310622405898581
CAND_03565,12.3,50.0,Mestrado,Região Metropolitana,Híbrido,Masculino,Parda,0.7177389644500183
CAND_03566,6.5,57.0,Bacharelado,Região Metropolitana,Remoto,Feminino,Amarela,0.6088827139973649
CAND_03567,14.1,55.0,Bacharelado,Capitais,Remoto,Feminino,Branca,0.5126314207480088
CAND_03568,9.1,45.0,Bacharelado,Região Metropolitana,Presencial,Feminino,Parda,0.5961901705565862
CAND_03569,4.4,46.0,Bacharelado,Região Metropolitana,Presencial,Masculino,Indígena,0.4970665848986396
CAND_03570,1.2,58.0,Bacharelado,Capitais,Remoto,Não-binário,Preta,0.42787822363404715
CAND_03571,9.7,28.0,Bacharelado,Capitais,Híbrido,Masculino,Parda,0.4232828983753145
CAND_03572,0.0,36.0,Bacharelado,Região Metropolitana,Remoto,Masculino,Parda,0.3267322828020247
CAND_03573,6.4,57.0,Bacharelado,Região Metropolitana,Remoto,Não-binário,Amarela,0.4204337941833874
CAND_03574,2.2,42.0,Ensino Médio,Região Metropolitana,Presencial,Masculino,Parda,0.3575313950377446
CAND_03575,7.9,56.0,Bacharelado,Interior,Presencial,Não-binário,Amarela,0.5621785943452671
CAND_03576,0.2,52.0,Mestrado,Interior,Remoto,Masculino,Indígena,0.5292339185231477
CAND_03577,7.3,21.0,Mestrado,Região Metropolitana,Híbrido,Feminino,Amarela,0.42684852415395175
CAND_03578,6.5,38.0,Doutorado,Interior,Presencial,Não-binário,Parda,0.3882459075700496
CAND_03579,5.7,64.0,Mestrado,Interior,Híbrido,Masculino,Preta,0.5437779302233698
CAND_03580,6.2,40.0,Bacharelado,Capitais,Híbrido,Feminino,Branca,0.626463846260944
CAND_03581,5.6,70.0,Bacharelado,Região Metropolitana,Presencial,Não-binário,Indígena,0.5292585000502439
CAND_03582,2.7,36.0,Bacharelado,Capitais,Presencial,Não-binário,Amarela,0.3590304609585743
CAND_03583,1.3,76.0,Bacharelado,Região Metropolitana,Híbrido,Não-binário,Parda,0.5521845259347774
CAND_03584,4.6,45.0,Bacharelado,Capitais,Remoto,Feminino,Amarela,0.2695699477671852
CAND_03585,11.1,61.0,Bacharelado,Capitais,Presencial,Não-binário,Amarela,0.6563264094577046
CAND_03586,6.7,61.0,Bacharelado,Interior,Híbrido,Não-binário,Branca,0.45033955272409343
CAND_03587,2.8,74.0,Mestrado,Capitais,Híbrido,Masculino,Indígena,0.6288943896951442
CAND_03588,7.2,53.0,Bacharelado,Região Metropolitana,Presencial,Feminino,Preta,0.3647055971738226
CAND_03589,4.1,60.0,Bacharelado,Capitais,Híbrido,Não-binário,Indígena,0.48254738840286904
CAND_03590,2.4,43.0,Mestrado,Capitais,Híbrido,Não-binário,Branca,0.6494008419168976
CAND_03591,8.7,47.0,Mestrado,Capitais,Híbrido,Masculino,Amarela,0.6006618530091814
CAND_03592,7.1,42.0,Bacharelado,Região Metropolitana,Remoto,Não-binário,Amarela,0.5224273572567784
CAND_03593,4.9,43.0,Ensino Médio,Região Metropolitana,Remoto,Masculino,Preta,0.4340824926090333
CAND_03594,9.5,8.0,Bacharelado,Região Metropolitana,Híbrido,Masculino,Branca,0.5576866003758608
CAND_03595,6.5,47.0,Bacharelado,Capitais,Híbrido,Feminino,Branca,0.5330935641534694
CAND_03596,5.7,50.0,Bacharelado,Capitais,Híbrido,Masculino,Branca,0.4818605061657471
CAND_03597,0.0,27.0,Bacharelado,Capitais,Remoto,Masculino,Indígena,0.3054593736874836
CAND_03598,8.9,64.0,Bacharelado,Capitais,Presencial,Feminino,Preta,0.6495052874144492
CAND_03599,0.3,38.0,Ensino Médio,Região Metropolitana,Híbrido,Não-binário,Branca,0.22339515561512038
CAND_03600,5.5,51.0,Bacharelado,Interior,Presencial,Masculino,Parda,0.42455889395528157
CAND_03601,5.9,62.0,Bacharelado,Capitais,Remoto,Feminino,Indígena,0.5248344640043963
CAND_03602,3.5,44.0,Mestrado,Capitais,Remoto,Masculino,Parda,0.5262786114581225
CAND_03603,1.7,52.0,Bacharelado,Capitais,Presencial,Masculino,Branca,0.32123757388319574
CAND_03604,5.4,50.0,Bacharelado,Interior,Remoto,Não-binário,Branca,0.39017381124142236
CAND_03605,6.9,54.0,Mestrado,Região Metropolitana,Híbrido,Feminino,Preta,0.7054038868057494
CAND_03606,3.0,52.0,Bacharelado,Região Metropolitana,Presencial,Não-binário,Preta,0.5207168861241913
CAND_03607,3.3,48.0,Mestrado,Capitais,Presencial,Não-binário,Amarela,0.5621963038979415
CAND_03608,1.6,36.0,Bacharelado,Capitais,Presencial,Não-binário,Branca,0.2937453295821362
CAND_03609,0.1,69.0,Bacharelado,Capitais,Híbrido,Masculino,Branca,0.37951126620061343
CAND_03610,4.5,52.0,Mestrado,Capitais,Híbrido,Feminino,Indígena,0.5616789320349381
CAND_03611,2.8,44.0,Bacharelado,Região Metropolitana,Remoto,Não-binário,Indígena,0.3270358867771669
CAND_03612,7.0,29.0,Mestrado,Capitais,Remoto,Não-binário,Indígena,0.3931416309563456
CAND_03613,7.0,65.0,Bacharelado,Capitais,Remoto,Não-binário,Preta,0.5883071970182603
CAND_03614,6.8,34.0,Bacharelado,Capitais,Híbrido,Masculino,Preta,0.4389835558880135
CAND_03615,2.9,57.0,Bacharelado,Interior,Presencial,Não-binário,Amarela,0.2795540441666612
CAND_03616,7.9,47.0,Bacharelado,Capitais,Presencial,Feminino,Indígena,0.5085336127685302
CAND_03617,2.1,60.0,Bacharelado,Região Metropolitana,Híbrido,Não-binário,Parda,0.4316859585716348
CAND_03618,7.5,73.0,Mestrado,Capitais,Híbrido,Feminino,Branca,0.5441818302899776
CAND_03619,6.5,35.0,Bacharelado,Interior,Híbrido,Feminino,Indígena,0.4558683940721956
CAND_03620,7.1,33.0,Bacharelado,Capitais,Presencial,Não-binário,Parda,0.40137549457352534
CAND_03621,0.8,56.0,Mestrado,Capitais,Híbrido,Masculino,Parda,0.465315952759168
CAND_03622,8.7,68.0,Bacharelado,Interior,Remoto,Não-binário,Branca,0.5030453769215596
CAND_03623,5.5,45.0,Bacharelado,Capitais,Híbrido,Feminino,Indígena,0.2762578005785261
CAND_03624,4.9,50.0,Bacharelado,Capitais,Remoto,Masculino,Parda,0.32039785381324004
CAND_03625,2.1,29.0,Bacharelado,Região Metropolitana,Presencial,Não-binário,Amarela,0.2831295983786924
CAND_03626,3.2,65.0,Bacharelado,Região Metropolitana,Presencial,Não-binário,Branca,0.3890788014874944
CAND_03627,4.4,51.0,Bacharelado,Região Metropolitana,Presencial,Masculino,Branca,0.6134306476214378
CAND_03628,4.4,65.0,Bacharelado,Capitais,Híbrido,Masculino,Branca,0.6015834734339107
CAND_03629,10.0,54.0,Bacharelado,Capitais,Remoto,Masculino,Branca,0.5095380235462214
CAND_03630,4.8,48.0,Bacharelado,Capitais,Remoto,Feminino,Parda,0.46206933469201206
CAND_03631,4.1,65.0,Ensino Médio,Região Metropolitana,Remoto,Masculino,Branca,0.37643588440167475
CAND_03632,4.3,53.0,Bacharelado,Capitais,Híbrido,Não-binário,Indígena,0.5501533689432373
CAND_03633,6.2,30.0,Doutorado,Região Metropolitana,Remoto,Masculino,Indígena,0.39634452601033027
CAND_03634,5.7,63.0,Bacharelado,Capitais,Remoto,Não-binário,Preta,0.43077503384759
CAND_03635,1.9,71.0,Bacharelado,Interior,Híbrido,Não-binário,Parda,0.3619753837695775
CAND_03636,10.5,39.0,Bacharelado,Capitais,Híbrido,Feminino,Parda,0.44947048125892264
CAND_03637,4.3,49.0,Mestrado,Capitais,Híbrido,Não-binário,Preta,0.44123655841850123
CAND_03638,1.0,80.0,Bacharelado,Capitais,Híbrido,Masculino,Parda,0.5120290767350177
CAND_03639,3.1,45.0,Bacharelado,Capitais,Híbrido,Masculino,Preta,0.47059925000223535
CAND_03640,4.9,34.0,Mestrado,Capitais,Presencial,Masculino,Preta,0.48199292168362884
CAND_03641,10.0,41.0,Bacharelado,Capitais,Presencial,Não-binário,Preta,0.5170936897135676
CAND_03642,4.3,46.0,Bacharelado,Região Metropolitana,Híbrido,Não-binário,Amarela,0.5830800486045162
CAND_03643,2.5,67.0,Ensino Médio,Capitais,Híbrido,Masculino,Branca,0.44678846697021923
CAND_03644,4.0,44.0,Mestrado,Capitais,Remoto,Feminino,Branca,0.46786419615337027
CAND_03645,4.6,62.0,Mestrado,Capitais,Híbrido,Masculino,Branca,0.5985635742210287
CAND_03646,4.6,55.0,Bacharelado,Região Metropolitana,Presencial,Masculino,Branca,0.6482188229467226
CAND_03647,0.0,51.0,Ensino Médio,Capitais,Híbrido,Masculino,Branca,0.2513984607423898
CAND_03648,2.0,50.0,Doutorado,Região Metropolitana,Remoto,Feminino,Preta,0.4638096588662348
CAND_03649,7.4,16.0,Bacharelado,Capitais,Presencial,Feminino,Parda,0.38922591631234865
CAND_03650,6.2,58.0,Bacharelado,Capitais,Remoto,Feminino,Indígena,0.6278670718240953
CAND_03651,6.0,67.0,Mestrado,Capitais,Presencial,Masculino,Parda,0.46682539750856
CAND_03652,3.2,41.0,Bacharelado,Região Metropolitana,Híbrido,Não-binário,Parda,0.3492142014194301
CAND_03653,0.5,68.0,Bacharelado,Capitais,Híbrido,Feminino,Indígena,0.5638610365594414
CAND_03654,5.3,44.0,Bacharelado,Região Metropolitana,Híbrido,Feminino,Parda,0.39219169890039585
CAND_03655,6.2,49.0,Mestrado,Capitais,Presencial,Não-binário,Parda,0.6814450386015619
CAND_03656,10.5,54.0,Bacharelado,Região Metropolitana,Presencial,Feminino,Indígena,0.7508389246824967
CAND_03657,2.5,71.0,Bacharelado,Capitais,Remoto,Masculino,Indígena,0.45562389251965635
CAND_03658,6.9,21.0,Ensino Médio,Capitais,Híbrido,Não-binário,Indígena,0.30867490549484994
CAND_03659,6.7,60.0,Mestrado,Capitais,Híbrido,Feminino,Preta,0.6286843870638762
CAND_03660,0.0,55.0,Bacharelado,Região Metropolitana,Presencial,Feminino,Indígena,0.32998217462589796
CAND_03661,5.9,59.0,Doutorado,Capitais,Remoto,Não-binário,Branca,0.584854240284265
CAND_03662,2.4,48.0,Bacharelado,Interior,Presencial,Não-binário,Branca,0.29394418443237835
CAND_03663,6.7,45.0,Bacharelado,Região Metropolitana,Remoto,Masculino,Amarela,0.3892490863137146
CAND_03664,7.2,81.0,Bacharelado,Região Metropolitana,Presencial,Masculino,Preta,0.8047287696417824
CAND_03665,3.0,41.0,Bacharelado,Capitais,Híbrido,Masculino,Amarela,0.4171882613211841
CAND_03666,6.2,50.0,Doutorado,Capitais,Presencial,Masculino,Amarela,0.5103655727946488
CAND_03667,10.6,81.0,Bacharelado,Capitais,Híbrido,Masculino,Branca,0.7035824628166572
CAND_03668,6.0,64.0,Bacharelado,Região Metropolitana,Remoto,Feminino,Preta,0.6271783568894046
CAND_03669,4.0,25.0,Mestrado,Região Metropolitana,Híbrido,Feminino,Branca,0.4513308811596157
CAND_03670,5.6,33.0,Bacharelado,Região Metropolitana,Remoto,Masculino,Parda,0.5765687266771533
CAND_03671,3.3,65.0,Bacharelado,Capitais,Híbrido,Feminino,Branca,0.46416724233913786
CAND_03672,2.5,51.0,Bacharelado,Capitais,Remoto,Não-binário,Indígena,0.31892425702167726
CAND_03673,8.0,88.0,Mestrado,Região Metropolitana,Remoto,Feminino,Branca,0.8201137664900673
CAND_03674,4.5,53.0,Bacharelado,Capitais,Remoto,Feminino,Amarela,0.448813854306066
CAND_03675,6.9,62.0,Bacharelado,Região Metropolitana,Híbrido,Masculino,Branca,0.5302304185877225
CAND_03676,3.5,56.0,Bacharelado,Capitais,Híbrido,Não-binário,Indígena,0.33289362823717716
CAND_03677,7.7,69.0,Mestrado,Região Metropolitana,Híbrido,Feminino,Preta,0.5345411922273909
CAND_03678,6.7,83.0,Bacharelado,Capitais,Presencial,Não-binário,Indígena,0.7947136229624636
CAND_03679,10.2,55.0,Bacharelado,Capitais,Híbrido,Feminino,Preta,0.7344353567146729
CAND_03680,5.6,74.0,Bacharelado,Capitais,Híbrido,Feminino,Parda,0.6536786138595998
CAND_03681,4.9,62.0,Bacharelado,Região Metropolitana,Presencial,Masculino,Preta,0.43282223675765363
CAND_03682,3.9,55.0,Bacharelado,Capitais,Presencial,Feminino,Branca,0.40299968255238805
CAND_03683,5.8,51.0,Bacharelado,Região Metropolitana,Híbrido,Masculino,Branca,0.42297456968962827
CAND_03684,4.9,31.0,Bacharelado,Capitais,Híbrido,Masculino,Preta,0.6066206706266678
CAND_03685,6.3,77.0,Bacharelado,Capitais,Remoto,Não-binário,Branca,0.6276017763969575
CAND_03686,2.4,52.0,Bacharelado,Região Metropolitana,Híbrido,Feminino,Branca,0.3952521803190355
CAND_03687,5.9,35.0,Bacharelado,Capitais,Remoto,Não-binário,Parda,0.299154662782779
CAND_03688,5.0,42.0,Mestrado,Capitais,Híbrido,Não-binário,Branca,0.586193693375004
CAND_03689,5.9,34.0,Doutorado,Região Metropolitana,Híbrido,Não-binário,Indígena,0.4568517255575866
CAND_03690,0.0,59.0,Bacharelado,Capitais,Híbrido,Não-binário,Indígena,0.311372721461961
CAND_03691,3.9,73.0,Bacharelado,Região Metropolitana,Remoto,Feminino,Preta,0.45300796940398236
CAND_03692,9.1,41.0,Bacharelado,Capitais,Híbrido,Feminino,Preta,0.5024439613506313
CAND_03693,3.2,33.0,Bacharelado,Capitais,Presencial,Não-binário,Amarela,0.3788771746807352
CAND_03694,4.2,18.0,Ensino Médio,Capitais,Híbrido,Masculino,Parda,0.10784522237593278
CAND_03695,3.5,34.0,Ensino Médio,Capitais,Híbrido,Feminino,Indígena,0.304552304847772
CAND_03696,1.3,33.0,Bacharelado,Capitais,Remoto,Não-binário,Amarela,0.2736877768299598
CAND_03697,2.7,78.0,Mestrado,Capitais,Híbrido,Masculino,Branca,0.4972755858985198
CAND_03698,3.4,27.0,Ensino Médio,Capitais,Remoto,Feminino,Indígena,0.3414930495277966
CAND_03699,6.8,58.0,Bacharelado,Região Metropolitana,Híbrido,Masculino,Parda,0.5160774005169694
CAND_03700,4.3,56.0,Bacharelado,Região Metropolitana,Presencial,Feminino,Branca,0.2816802814052999
CAND_03701,7.6,49.0,Bacharelado,Capitais,Presencial,Feminino,Preta,0.41874778921911265
CAND_03702,5.5,44.0,Mestrado,Capitais,Presencial,Masculino,Parda,0.5169434470328943
CAND_03703,2.7,77.0,Mestrado,Capitais,Presencial,Feminino,Amarela,0.46058659308683697
CAND_03704,0.0,56.0,Mestrado,Capitais,Presencial,Masculino,Indígena,0.2925924193073297
CAND_03705,10.3,29.0,Bacharelado,Capitais,Presencial,Não-binário,Parda,0.6019104189292577
CAND_03706,6.7,45.0,Bacharelado,Capitais,Presencial,Não-binário,Preta,0.6073028586131712
CAND_03707,3.0,48.0,Bacharelado,Capitais,Presencial,Não-binário,Amarela,0.37310772616471766
CAND_03708,9.0,40.0,Doutorado,Região Metropolitana,Presencial,Feminino,Preta,0.5616196706053951
CAND_03709,5.2,51.0,Ensino Médio,Capitais,Presencial,Não-binário,Preta,0.4472457012330223
CAND_03710,4.6,63.0,Mestrado,Capitais,Híbrido,Feminino,Preta,0.42536379600189833
CAND_03711,11.2,53.0,Bacharelado,Região Metropolitana,Presencial,Não-binário,Preta,0.5629221833725887
CAND_03712,6.7,60.0,Bacharelado,Região Metropolitana,Remoto,Feminino,Indígena,0.6021074540435886
CAND_03713,9.4,59.0,Bacharelado,Região Metropolitana,Presencial,Não-binário,Branca,0.48122633175780966
CAND_03714,9.3,62.0,Bacharelado,Capitais,Presencial,Não-binário,Branca,0.6638393133798167
CAND_03715,3.8,73.0,Mestrado,Capitais,Remoto,Não-binário,Branca,0.6576922282346394
CAND_03716,3.0,39.0,Mestrado,Região Metropolitana,Híbrido,Feminino,Indígena,0.46898640885288295
CAND_03717,7.9,25.0,Ensino Médio,Interior,Presencial,Não-binário,Amarela,0.5666577353954793
CAND_03718,7.6,60.0,Ensino Médio,Capitais,Híbrido,Masculino,Indígena,0.6612751158521716
CAND_03719,5.7,81.0,Mestrado,Interior,Híbrido,Não-binário,Preta,0.5441833153548684
CAND_03720,6.5,52.0,Mestrado,Capitais,Híbrido,Feminino,Parda,0.514090325818461
CAND_03721,4.1,34.0,Mestrado,Capitais,Híbrido,Feminino,Preta,0.4541015590481118
CAND_03722,3.3,57.0,Bacharelado,Capitais,Híbrido,Não-binário,Amarela,0.36700943816250425
CAND_03723,2.9,26.0,Ensino Médio,Região Metropolitana,Híbrido,Masculino,Parda,0.3360614674541781
CAND_03724,9.1,52.0,Bacharelado,Capitais,Híbrido,Não-binário,Indígena,0.6783833903937091
CAND_03725,12.4,22.0,Mestrado,Região Metropolitana,Híbrido,Masculino,Amarela,0.439994834496668
CAND_03726,4.1,41.0,Bacharelado,Capitais,Híbrido,Não-binário,Parda,0.34202983584540586
CAND_03727,6.4,84.0,Bacharelado,Região Metropolitana,Híbrido,Não-binário,Preta,0.510760473641163
CAND_03728,5.3,31.0,Ensino Médio,Capitais,Híbrido,Feminino,Indígena,0.2657850441725438
CAND_03729,6.5,57.0,Bacharelado,Capitais,Presencial,Não-binário,Indígena,0.46206486487722
CAND_03730,3.2,60.0,Ensino Médio,Capitais,Presencial,Não-binário,Branca,0.4194333532460233
CAND_03731,4.9,35.0,Bacharelado,Capitais,Híbrido,Não-binário,Branca,0.35955961666422936
CAND_03732,2.3,75.0,Bacharelado,Capitais,Presencial,Feminino,Branca,0.5008941210665995
CAND_03733,4.8,42.0,Ensino Médio,Capitais,Remoto,Não-binário,Preta,0.1898088586810369
CAND_03734,6.0,51.0,Mestrado,Capitais,Remoto,Não-binário,Preta,0.48809898693392095
CAND_03735,10.4,49.0,Bacharelado,Capitais,Híbrido,Masculino,Parda,0.6535989707049731
CAND_03736,3.4,61.0,Mestrado,Interior,Presencial,Feminino,Amarela,0.5319384031087842
CAND_03737,6.5,88.0,Bacharelado,Região Metropolitana,Remoto,Feminino,Branca,0.48822722329501633
CAND_03738,10.9,37.0,Mestrado,Capitais,Híbrido,Feminino,Preta,0.530989255100706
CAND_03739,5.0,56.0,Mestrado,Região Metropolitana,Remoto,Não-binário,Indígena,0.5552409331835771
CAND_03740,0.0,68.0,Mestrado,Região Metropolitana,Remoto,Masculino,Amarela,0.4068581094905904
CAND_03741,0.3,35.0,Bacharelado,Capitais,Híbrido,Não-binário,Preta,0.35005126782962964
CAND_03742,5.8,45.0,Bacharelado,Capitais,Remoto,Feminino,Branca,0.6003881789496477
CAND_03743,4.1,63.0,Mestrado,Capitais,Híbrido,Feminino,Indígena,0.4729991589004372
CAND_03744,3.4,40.0,Bacharelado,Capitais,Presencial,Não-binário,Indígena,0.4450139228606398
CAND_03745,11.4,43.0,Doutorado,Região Metropolitana,Presencial,Não-binário,Parda,0.5613827971632149
CAND_03746,5.8,7.0,Bacharelado,Capitais,Híbrido,Não-binário,Preta,0.31003174407805784
CAND_03747,6.5,38.0,Mestrado,Capitais,Remoto,Masculino,Branca,0.5313095823867966
CAND_03748,6.8,24.0,Bacharelado,Capitais,Remoto,Não-binário,Indígena,0.25700791964059416
CAND_03749,3.3,50.0,Bacharelado,Capitais,Híbrido,Não-binário,Indígena,0.48740990355823127
CAND_03750,6.5,18.0,Bacharelado,Capitais,Presencial,Masculino,Amarela,0.23693010835250766
CAND_03751,2.5,43.0,Mestrado,Capitais,Presencial,Feminino,Preta,0.48487799730426784
CAND_03752,5.0,52.0,Bacharelado,Capitais,Remoto,Não-binário,Amarela,0.5083161823630457
CAND_03753,3.8,47.0,Bacharelado,Interior,Presencial,Masculino,Parda,0.33046368027957584
CAND_03754,1.3,60.0,Bacharelado,Capitais,Remoto,Feminino,Preta,0.3119464809803304
CAND_03755,4.2,58.0,Bacharelado,Capitais,Presencial,Masculino,Indígena,0.5302354056415018
CAND_03756,4.3,27.0,Mestrado,Região Metropolitana,Presencial,Feminino,Amarela,0.18520637145489816
CAND_03757,3.0,50.0,Mestrado,Região Metropolitana,Híbrido,Feminino,Indígena,0.507699867158699
CAND_03758,4.9,18.0,Bacharelado,Capitais,Remoto,Não-binário,Amarela,0.4146458427519607
CAND_03759,0.8,47.0,Ensino Médio,Região Metropolitana,Presencial,Masculino,Preta,0.33779106237713874
CAND_03760,0.0,37.0,Bacharelado,Região Metropolitana,Remoto,Feminino,Branca,0.34540294287397283
CAND_03761,0.0,45.0,Ensino Médio,Interior,Presencial,Masculino,Amarela,0.0895824144222174
CAND_03762,4.6,45.0,Doutorado,Região Metropolitana,Presencial,Feminino,Branca,0.4591376501992249
CAND_03763,6.5,57.0,Mestrado,Capitais,Híbrido,Masculino,Preta,0.5166895422752219
CAND_03764,5.7,49.0,Mestrado,Capitais,Presencial,Feminino,Indígena,0.37287036302518295
CAND_03765,8.4,41.0,Mestrado,Região Metropolitana,Híbrido,Não-binário,Indígena,0.4770425920397173
CAND_03766,6.3,19.0,Bacharelado,Região Metropolitana,Híbrido,Masculino,Parda,0.3738318632012268
CAND_03767,3.9,60.0,Ensino Médio,Capitais,Remoto,Feminino,Branca,0.2838219644929801
CAND_03768,3.2,30.0,Bacharelado,Capitais,Híbrido,Feminino,Indígena,0.28853695682263264
CAND_03769,8.9,26.0,Bacharelado,Capitais,Presencial,Feminino,Preta,0.3513123454837898
CAND_03770,11.8,33.0,Bacharelado,Região Metropolitana,Remoto,Feminino,Branca,0.5787534817969685
CAND_03771,5.8,63.0,Doutorado,Capitais,Híbrido,Masculino,Branca,0.46419526112703713
CAND_03772,7.0,48.0,Bacharelado,Capitais,Híbrido,Masculino,Preta,0.517444908892724
CAND_03773,1.3,59.0,Bacharelado,Capitais,Presencial,Masculino,Preta,0.3945782134892229
CAND_03774,0.2,33.0,Bacharelado,Região Metropolitana,Presencial,Não-binário,Indígena,0.43623873673704255
CAND_03775,9.2,46.0,Bacharelado,Capitais,Remoto,Não-binário,Amarela,0.6401837801732236
CAND_03776,0.3,78.0,Bacharelado,Região Metropolitana,Híbrido,Masculino,Indígena,0.36867302619200704
CAND_03777,7.4,45.0,Bacharelado,Capitais,Remoto,Masculino,Preta,0.45469913604490403
CAND_03778,10.7,34.0,Bacharelado,Capitais,Presencial,Não-binário,Amarela,0.49090373703260626
CAND_03779,9.9,42.0,Bacharelado,Capitais,Remoto,Masculino,Amarela,0.3391280882353892
CAND_03780,4.4,58.0,Mestrado,Capitais,Híbrido,Feminino,Branca,0.4331137035450254
CAND_03781,3.8,71.0,Mestrado,Capitais,Remoto,Masculino,Preta,0.5713728531232867
CAND_03782,5.6,14.0,Bacharelado,Interior,Híbrido,Masculino,Branca,0.23269669445869914
CAND_03783,1.7,47.0,Mestrado,Capitais,Presencial,Feminino,Branca,0.40402337181008496
CAND_03784,4.7,41.0,Bacharelado,Capitais,Remoto,Não-binário,Indígena,0.3978199452511571
CAND_03785,8.2,45.0,Bacharelado,Capitais,Híbrido,Masculino,Preta,0.46191692037092164
CAND_03786,11.8,36.0,Ensino Médio,Região Metropolitana,Presencial,Feminino,Preta,0.5206787034866082
CAND_03787,8.5,36.0,Bacharelado,Capitais,Híbrido,Não-binário,Indígena,0.497666334902608
CAND_03788,8.5,32.0,Bacharelado,Região Metropolitana,Remoto,Não-binário,Amarela,0.3492298342822623
CAND_03789,9.4,37.0,Mestrado,Capitais,Remoto,Não-binário,Indígena,0.5883998195010504
CAND_03790,0.0,47.0,Ensino Médio,Região Metropolitana,Remoto,Feminino,Branca,0.4220537084204702
CAND_03791,5.3,47.0,Bacharelado,Região Metropolitana,Presencial,Masculino,Indígena,0.5725241359817489
CAND_03792,0.5,57.0,Bacharelado,Capitais,Híbrido,Feminino,Parda,0.5341781867185218
CAND_03793,1.7,52.0,Bacharelado,Região Metropolitana,Remoto,Masculino,Parda,0.5690339123751836
CAND_03794,4.5,51.0,Bacharelado,Capitais,Híbrido,Masculino,Amarela,0.6117051331407091
CAND_03795,9.5,62.0,Bacharelado,Capitais,Presencial,Feminino,Parda,0.46021039412221465
CAND_03796,4.1,32.0,Mestrado,Capitais,Híbrido,Masculino,Parda,0.3618327258172096
CAND_03797,3.3,40.0,Ensino Médio,Região Metropolitana,Remoto,Feminino,Indígena,0.3430636151020569
CAND_03798,4.6,43.0,Bacharelado,Capitais,Híbrido,Masculino,Branca,0.4333593911741791
CAND_03799,4.9,48.0,Mestrado,Interior,Híbrido,Masculino,Preta,0.39337130889472316
CAND_03800,0.4,63.0,Bacharelado,Interior,Presencial,Masculino,Amarela,0.36908190634845645
CAND_03801,8.6,53.0,Bacharelado,Capitais,Híbrido,Feminino,Amarela,0.6068851803425457
CAND_03802,4.5,67.0,Bacharelado,Região Metropolitana,Remoto,Masculino,Indígena,0.6051553071192306
CAND_03803,2.5,73.0,Doutorado,Região Metropolitana,Presencial,Não-binário,Indígena,0.5391912818357887
CAND_03804,7.7,43.0,Mestrado,Capitais,Remoto,Masculino,Branca,0.5011947353025828
CAND_03805,2.0,24.0,Bacharelado,Capitais,Presencial,Masculino,Branca,0.354293079552382
CAND_03806,7.1,68.0,Bacharelado,Capitais,Híbrido,Feminino,Branca,0.5480300084213194
CAND_03807,5.1,47.0,Bacharelado,Capitais,Híbrido,Não-binário,Branca,0.25507750846283395
CAND_03808,0.5,46.0,Bacharelado,Capitais,Presencial,Feminino,Branca,0.3274513944139858
CAND_03809,6.7,60.0,Bacharelado,Região Metropolitana,Híbrido,Feminino,Branca,0.4632428220505158
CAND_03810,0.5,48.0,Bacharelado,Capitais,Remoto,Feminino,Amarela,0.33523723220676793
CAND_03811,4.5,48.0,Bacharelado,Região Metropolitana,Presencial,Feminino,Preta,0.5876019095750853
CAND_03812,0.6,50.0,Bacharelado,Região Metropolitana,Remoto,Não-binário,Preta,0.4199354351123544
CAND_03813,7.3,36.0,Bacharelado,Capitais,Presencial,Feminino,Amarela,0.38179095675351876
CAND_03814,2.4,38.0,Bacharelado,Capitais,Presencial,Feminino,Parda,0.3438374291484553
CAND_03815,5.0,65.0,Bacharelado,Região Metropolitana,Híbrido,Feminino,Branca,0.40873222083310984
CAND_03816,7.6,66.0,Bacharelado,Capitais,Presencial,Não-binário,Amarela,0.6696538050750693
CAND_03817,1.2,51.0,Doutorado,Capitais,Remoto,Masculino,Indígena,0.4352685884845616
CAND_03818,2.2,47.0,Bacharelado,Capitais,Presencial,Masculino,Indígena,0.5020943284379256
CAND_03819,1.3,60.0,Bacharelado,Interior,Remoto,Feminino,Indígena,0.5469713180358574
CAND_03820,1.7,46.0,Mestrado,Interior,Remoto,Masculino,Parda,0.5446268214347263
CAND_03821,8.5,52.0,Bacharelado,Região Metropolitana,Híbrido,Não-binário,Parda,0.5849154556546813
CAND_03822,5.2,78.0,Bacharelado,Capitais,Híbrido,Não-binário,Indígena,0.6338663086470977
CAND_03823,3.7,73.0,Bacharelado,Interior,Remoto,Masculino,Preta,0.5865396594230434
CAND_03824,1.7,31.0,Bacharelado,Capitais,Híbrido,Feminino,Parda,0.34308611367072783
CAND_03825,3.6,53.0,Bacharelado,Interior,Remoto,Masculino,Amarela,0.3348560860014539
CAND_03826,3.8,33.0,Mestrado,Capitais,Híbrido,Não-binário,Branca,0.21981608669798122
CAND_03827,2.4,61.0,Bacharelado,Capitais,Híbrido,Masculino,Preta,0.5585513090423342
CAND_03828,6.1,35.0,Mestrado,Capitais,Remoto,Não-binário,Indígena,0.47254708526490713
CAND_03829,2.3,74.0,Bacharelado,Capitais,Híbrido,Feminino,Branca,0.38552246843558646
CAND_03830,0.7,32.0,Mestrado,Capitais,Híbrido,Masculino,Amarela,0.34693452036128153
CAND_03831,1.3,34.0,Mestrado,Região Metropolitana,Remoto,Masculino,Amarela,0.3817073215446003
CAND_03832,3.5,30.0,Bacharelado,Capitais,Híbrido,Não-binário,Preta,0.23860666429446714
CAND_03833,9.0,41.0,Mestrado,Capitais,Remoto,Feminino,Parda,0.44472869532615766
CAND_03834,9.3,56.0,Mestrado,Região Metropolitana,Remoto,Não-binário,Branca,0.6346114193805914
CAND_03835,0.5,66.0,Ensino Médio,Capitais,Remoto,Não-binário,Amarela,0.3466505271732895
CAND_03836,2.1,37.0,Bacharelado,Capitais,Híbrido,Feminino,Parda,0.33248848308498946
CAND_03837,0.0,62.0,Mestrado,Capitais,Híbrido,Masculino,Indígena,0.4118844301514141
CAND_03838,4.4,45.0,Bacharelado,Capitais,Presencial,Feminino,Parda,0.27357486429571
CAND_03839,2.9,29.0,Bacharelado,Capitais,Remoto,Não-binário,Indígena,0.2786960126656489
CAND_03840,5.8,64.0,Mestrado,Região Metropolitana,Presencial,Não-binário,Branca,0.42230599484687614
CAND_03841,2.2,45.0,Bacharelado,Capitais,Presencial,Masculino,Branca,0.4581072042738999
CAND_03842,7.7,41.0,Bacharelado,Capitais,Remoto,Feminino,Parda,0.3341813298828674
CAND_03843,6.2,75.0,Bacharelado,Capitais,Presencial,Não-binário,Amarela,0.48667979239101655
CAND_03844,4.4,62.0,Bacharelado,Capitais,Presencial,Masculino,Amarela,0.35294602764855915
CAND_03845,2.4,87.0,Mestrado,Interior,Remoto,Masculino,Indígena,0.6334522154576376
CAND_03846,11.6,46.0,Bacharelado,Região Metropolitana,Híbrido,Masculino,Branca,0.6698481992819576
CAND_03847,5.0,54.0,Bacharelado,Região Metropolitana,Híbrido,Masculino,Preta,0.5796140426205216
CAND_03848,4.1,34.0,Doutorado,Capitais,Híbrido,Feminino,Indígena,0.4324233837792778
CAND_03849,5.7,62.0,Bacharelado,Região Metropolitana,Presencial,Feminino,Indígena,0.5299381912787644
CAND_03850,0.0,41.0,Bacharelado,Capitais,Remoto,Feminino,Amarela,0.3519942584154308
CAND_03851,2.9,32.0,Mestrado,Capitais,Híbrido,Masculino,Parda,0.3291362580154725
CAND_03852,7.0,39.0,Mestrado,Capitais,Remoto,Masculino,Indígena,0.4395824054392014
CAND_03853,7.5,51.0,Mestrado,Capitais,Presencial,Masculino,Amarela,0.47144028258092063
CAND_03854,6.5,88.0,Bacharelado,Capitais,Presencial,Feminino,Amarela,0.6180956014698051
CAND_03855,0.0,52.0,Mestrado,Capitais,Remoto,Feminino,Parda,0.48658696112510624
CAND_03856,4.4,46.0,Bacharelado,Região Metropolitana,Híbrido,Masculino,Indígena,0.32817422466018176
CAND_03857,2.4,61.0,Ensino Médio,Capitais,Presencial,Feminino,Branca,0.4098265968897712
CAND_03858,6.4,53.0,Bacharelado,Capitais,Híbrido,Feminino,Branca,0.3915366271791789
CAND_03859,5.4,26.0,Mestrado,Região Metropolitana,Remoto,Masculino,Branca,0.2865989158828958
CAND_03860,7.4,54.0,Bacharelado,Capitais,Presencial,Masculino,Parda,0.4931690822920287
CAND_03861,3.9,69.0,Mestrado,Região Metropolitana,Presencial,Não-binário,Preta,0.450899168274797
CAND_03862,5.2,47.0,Mestrado,Região Metropolitana,Remoto,Masculino,Preta,0.5704899898841242
CAND_03863,9.3,54.0,Bacharelado,Região Metropolitana,Híbrido,Feminino,Branca,0.5362597569713846
CAND_03864,9.6,53.0,Ensino Médio,Capitais,Híbrido,Não-binário,Preta,0.4417001366049162
CAND_03865,8.0,66.0,Ensino Médio,Capitais,Presencial,Feminino,Branca,0.45924691991710054
CAND_03866,0.0,43.0,Bacharelado,Capitais,Híbrido,Feminino,Indígena,0.30638579776547786
CAND_03867,3.6,46.0,Bacharelado,Região Metropolitana,Híbrido,Masculino,Branca,0.4445385021604038
CAND_03868,9.0,53.0,Bacharelado,Interior,Remoto,Masculino,Parda,0.23339037503701976
CAND_03869,4.9,42.0,Bacharelado,Capitais,Presencial,Feminino,Amarela,0.3046326086574498
CAND_03870,2.9,38.0,Bacharelado,Capitais,Híbrido,Não-binário,Parda,0.34663512624503534
CAND_03871,5.5,60.0,Bacharelado,Capitais,Remoto,Masculino,Branca,0.4122264104332754
CAND_03872,3.1,65.0,Bacharelado,Região Metropolitana,Presencial,Feminino,Preta,0.5242255999559203
CAND_03873,5.5,41.0,Bacharelado,Capitais,Híbrido,Não-binário,Indígena,0.20496551288981346
CAND_03874,5.5,43.0,Mestrado,Capitais,Híbrido,Feminino,Preta,0.46274237004159346
CAND_03875,3.3,50.0,Doutorado,Região Metropolitana,Remoto,Não-binário,Parda,0.4154319281788938
CAND_03876,5.6,58.0,Mestrado,Capitais,Híbrido,Feminino,Amarela,0.5037140099327676
CAND_03877,3.6,45.0,Mestrado,Capitais,Híbrido,Masculino,Branca,0.3760876075820978
CAND_03878,3.5,43.0,Bacharelado,Capitais,Híbrido,Não-binário,Indígena,0.5625057262088909
CAND_03879,5.9,57.0,Mestrado,Capitais,Remoto,Não-binário,Amarela,0.5671031223053021
CAND_03880,6.8,34.0,Bacharelado,Capitais,Híbrido,Não-binário,Parda,0.4094675618302231
CAND_03881,5.1,46.0,Ensino Médio,Capitais,Híbrido,Feminino,Preta,0.4642006676088809
CAND_03882,1.8,0.0,Bacharelado,Interior,Híbrido,Masculino,Preta,0.35528806868256885
CAND_03883,2.2,51.0,Bacharelado,Capitais,Híbrido,Não-binário,Preta,0.4318987530401187
CAND_03884,8.9,51.0,Bacharelado,Região Metropolitana,Presencial,Não-binário,Indígena,0.5208932491363504
CAND_03885,4.3,53.0,Bacharelado,Interior,Híbrido,Masculino,Amarela,0.5962084273217629
CAND_03886,3.0,18.0,Mestrado,Interior,Presencial,Feminino,Indígena,0.32433942135151206
CAND_03887,10.9,39.0,Bacharelado,Capitais,Híbrido,Não-binário,Indígena,0.5229033233227836
CAND_03888,8.9,60.0,Mestrado,Região Metropolitana,Híbrido,Feminino,Amarela,0.5815827455195653
CAND_03889,8.2,85.0,Doutorado,Capitais,Híbrido,Masculino,Amarela,0.9022794633005851
CAND_03890,5.0,59.0,Bacharelado,Capitais,Híbrido,Masculino,Indígena,0.44229869809818384
CAND_03891,4.3,79.0,Bacharelado,Região Metropolitana,Presencial,Masculino,Parda,0.5841332903230257
CAND_03892,4.3,71.0,Mestrado,Interior,Presencial,Masculino,Branca,0.7559083254883546
CAND_03893,4.0,54.0,Bacharelado,Capitais,Híbrido,Feminino,Branca,0.5784966939362606
CAND_03894,6.3,65.0,Bacharelado,Capitais,Híbrido,Não-binário,Preta,0.5765732768414101
CAND_03895,7.6,77.0,Bacharelado,Capitais,Híbrido,Feminino,Preta,0.6706218984478013
CAND_03896,0.0,51.0,Mestrado,Capitais,Presencial,Feminino,Amarela,0.44340281384578234
CAND_03897,2.2,33.0,Ensino Médio,Capitais,Presencial,Masculino,Preta,0.12402148608237906
CAND_03898,3.1,57.0,Bacharelado,Capitais,Remoto,Feminino,Preta,0.419952737096681
CAND_03899,0.0,47.0,Mestrado,Capitais,Híbrido,Não-binário,Preta,0.512590719200743
CAND_03900,5.6,43.0,Doutorado,Capitais,Presencial,Feminino,Branca,0.5577717199911423
CAND_03901,1.4,51.0,Bacharelado,Capitais,Remoto,Masculino,Parda,0.5846766918687178
CAND_03902,8.6,39.0,Mestrado,Capitais,Presencial,Feminino,Preta,0.5315474436982305
CAND_03903,4.6,43.0,Bacharelado,Região Metropolitana,Remoto,Masculino,Branca,0.500951830348083
CAND_03904,5.3,42.0,Bacharelado,Região Metropolitana,Presencial,Feminino,Amarela,0.360381202955877
CAND_03905,7.4,43.0,Bacharelado,Capitais,Remoto,Feminino,Amarela,0.4188240743086473
CAND_03906,5.9,43.0,Mestrado,Região Metropolitana,Remoto,Masculino,Preta,0.4407927056501475
CAND_03907,5.3,71.0,Ensino Médio,Capitais,Híbrido,Não-binário,Parda,0.5895586186916677
CAND_03908,3.9,32.0,Bacharelado,Capitais,Presencial,Feminino,Preta,0.2861144214656837
CAND_03909,4.4,66.0,Mestrado,Capitais,Híbrido,Masculino,Indígena,0.479044595460814
CAND_03910,2.9,83.0,Mestrado,Interior,Presencial,Masculino,Preta,0.5848167657158203
CAND_03911,7.8,35.0,Ensino Médio,Capitais,Híbrido,Não-binário,Parda,0.35735189135471995
CAND_03912,6.5,49.0,Bacharelado,Capitais,Híbrido,Não-binário,Indígena,0.475209135510181
CAND_03913,11.1,48.0,Bacharelado,Capitais,Presencial,Masculino,Amarela,0.48579136414485263
CAND_03914,6.6,25.0,Bacharelado,Interior,Híbrido,Masculino,Indígena,0.3575761148736833
CAND_03915,5.5,57.0,Ensino Médio,Capitais,Presencial,Não-binário,Preta,0.28938283524527963
CAND_03916,5.8,55.0,Bacharelado,Capitais,Remoto,Masculino,Preta,0.4825076854731591
CAND_03917,2.9,67.0,Mestrado,Capitais,Híbrido,Não-binário,Amarela,0.4940708872226615
CAND_03918,8.6,56.0,Ensino Médio,Região Metropolitana,Híbrido,Não-binário,Preta,0.6395097837001229
CAND_03919,4.5,53.0,Bacharelado,Capitais,Presencial,Feminino,Parda,0.4894152016675655
CAND_03920,0.0,40.0,Bacharelado,Capitais,Remoto,Masculino,Indígena,0.3446904443139925
CAND_03921,0.9,22.0,Bacharelado,Interior,Remoto,Masculino,Indígena,0.25070202806092595
CAND_03922,4.5,59.0,Ensino Médio,Capitais,Híbrido,Masculino,Amarela,0.35275729441846415
CAND_03923,0.5,73.0,Bacharelado,Capitais,Presencial,Não-binário,Branca,0.5128484240869866
CAND_03924,2.0,29.0,Bacharelado,Capitais,Híbrido,Não-binário,Amarela,0.23541759497250225
CAND_03925,7.4,61.0,Mestrado,Capitais,Remoto,Masculino,Branca,0.608327131095808
CAND_03926,7.6,49.0,Bacharelado,Região Metropolitana,Híbrido,Não-binário,Parda,0.25060477617247257
CAND_03927,6.9,35.0,Ensino Médio,Capitais,Presencial,Feminino,Branca,0.40057011187966335
CAND_03928,7.3,73.0,Bacharelado,Capitais,Remoto,Feminino,Preta,0.5676222519164908
CAND_03929,6.9,55.0,Bacharelado,Capitais,Remoto,Feminino,Indígena,0.3631661568881125
CAND_03930,7.2,54.0,Bacharelado,Capitais,Presencial,Não-binário,Parda,0.47869184049101976
CAND_03931,6.1,27.0,Bacharelado,Região Metropolitana,Remoto,Não-binário,Amarela,0.41126537372290667
CAND_03932,6.7,75.0,Bacharelado,Região Metropolitana,Híbrido,Não-binário,Amarela,0.4317116790641688
CAND_03933,9.9,39.0,Bacharelado,Capitais,Presencial,Feminino,Preta,0.6050438308691478
CAND_03934,4.3,55.0,Bacharelado,Região Metropolitana,Híbrido,Masculino,Amarela,0.4754408773651515
CAND_03935,11.8,65.0,Bacharelado,Interior,Remoto,Masculino,Branca,0.6623950959070738
CAND_03936,3.9,55.0,Bacharelado,Capitais,Híbrido,Não-binário,Amarela,0.5359963015317216
CAND_03937,3.6,63.0,Bacharelado,Região Metropolitana,Híbrido,Masculino,Indígena,0.496019758859531
CAND_03938,5.9,66.0,Bacharelado,Região Metropolitana,Presencial,Feminino,Branca,0.43533636532095865
CAND_03939,3.8,85.0,Ensino Médio,Capitais,Presencial,Não-binário,Parda,0.38158545693310797
CAND_03940,0.0,31.0,Mestrado,Capitais,Presencial,Não-binário,Branca,0.30616700571958827
CAND_03941,2.3,50.0,Bacharelado,Capitais,Remoto,Feminino,Indígena,0.33550878702812215
CAND_03942,3.2,73.0,Bacharelado,Interior,Remoto,Masculino,Parda,0.45391500324600653
CAND_03943,3.8,49.0,Bacharelado,Capitais,Remoto,Feminino,Preta,0.4903254226552286
CAND_03944,0.0,17.0,Bacharelado,Região Metropolitana,Presencial,Feminino,Amarela,0.28905050232304114
CAND_03945,2.8,72.0,Bacharelado,Capitais,Híbrido,Masculino,Indígena,0.6275771637486333
CAND_03946,3.1,52.0,Mestrado,Capitais,Remoto,Não-binário,Preta,0.46180104944227807
CAND_03947,2.8,35.0,Bacharelado,Capitais,Presencial,Masculino,Amarela,0.23498233760274623
CAND_03948,3.9,54.0,Bacharelado,Capitais,Remoto,Feminino,Branca,0.40985204214274784
CAND_03949,7.5,58.0,Mestrado,Capitais,Remoto,Não-binário,Indígena,0.5424952399768119
CAND_03950,7.7,38.0,Mestrado,Capitais,Presencial,Feminino,Indígena,0.5803886297719525
CAND_03951,5.8,48.0,Bacharelado,Capitais,Híbrido,Masculino,Amarela,0.40267957635021084
CAND_03952,8.1,60.0,Mestrado,Região Metropolitana,Híbrido,Masculino,Branca,0.6443155923993718
CAND_03953,5.2,36.0,Bacharelado,Capitais,Presencial,Não-binário,Branca,0.43327303862898253
CAND_03954,8.4,61.0,Bacharelado,Capitais,Híbrido,Feminino,Amarela,0.640887727531467
CAND_03955,6.2,76.0,Ensino Médio,Capitais,Híbrido,Masculino,Parda,0.42507871184318824
CAND_03956,3.0,22.0,Bacharelado,Capitais,Híbrido,Feminino,Branca,0.18895422914915183
CAND_03957,3.1,53.0,Bacharelado,Região Metropolitana,Híbrido,Masculino,Parda,0.4981151005205342
CAND_03958,6.7,57.0,Bacharelado,Capitais,Presencial,Masculino,Branca,0.4898245025620765
CAND_03959,7.3,52.0,Mestrado,Interior,Presencial,Não-binário,Indígena,0.507469482525396
CAND_03960,2.0,62.0,Mestrado,Interior,Remoto,Não-binário,Amarela,0.5939352232033022
CAND_03961,11.1,55.0,Bacharelado,Interior,Remoto,Masculino,Preta,0.5661366593494789
CAND_03962,7.7,65.0,Bacharelado,Capitais,Híbrido,Masculino,Indígena,0.5438284970541449
CAND_03963,3.8,62.0,Bacharelado,Capitais,Presencial,Feminino,Indígena,0.5296396044083346
CAND_03964,1.9,35.0,Bacharelado,Capitais,Híbrido,Não-binário,Parda,0.41890912321914997
CAND_03965,0.4,28.0,Bacharelado,Capitais,Presencial,Não-binário,Indígena,0.37987836301929445
CAND_03966,9.2,31.0,Bacharelado,Capitais,Híbrido,Não-binário,Amarela,0.5604311908619034
CAND_03967,7.4,75.0,Bacharelado,Região Metropolitana,Híbrido,Masculino,Branca,0.5849096072819382
CAND_03968,5.1,40.0,Bacharelado,Região Metropolitana,Híbrido,Feminino,Indígena,0.43060394278898007
CAND_03969,6.1,52.0,Ensino Médio,Capitais,Remoto,Masculino,Amarela,0.4430242080145475
CAND_03970,0.0,64.0,Bacharelado,Região Metropolitana,Remoto,Não-binário,Branca,0.3093131238425094
CAND_03971,0.0,49.0,Mestrado,Capitais,Presencial,Não-binário,Preta,0.40109171115988534
CAND_03972,6.4,62.0,Bacharelado,Região Metropolitana,Híbrido,Masculino,Parda,0.47525313893054894
CAND_03973,5.8,60.0,Bacharelado,Região Metropolitana,Híbrido,Masculino,Preta,0.4134923558297819
CAND_03974,5.4,41.0,Bacharelado,Capitais,Remoto,Feminino,Indígena,0.4528320345143678
CAND_03975,9.6,33.0,Doutorado,Capitais,Híbrido,Masculino,Amarela,0.5488024019437874
CAND_03976,7.1,63.0,Mestrado,Capitais,Presencial,Feminino,Branca,0.5064112511876487
CAND_03977,3.5,57.0,Bacharelado,Interior,Remoto,Não-binário,Indígena,0.4504189606539781
CAND_03978,3.5,42.0,Bacharelado,Capitais,Híbrido,Feminino,Amarela,0.17849046544169875
CAND_03979,6.8,66.0,Bacharelado,Capitais,Presencial,Masculino,Amarela,0.6462734336551973
CAND_03980,6.6,48.0,Bacharelado,Região Metropolitana,Remoto,Feminino,Amarela,0.39696851674030825
CAND_03981,10.6,54.0,Bacharelado,Região Metropolitana,Híbrido,Não-binário,Preta,0.6168364405402139
CAND_03982,2.9,55.0,Bacharelado,Capitais,Presencial,Masculino,Branca,0.5438350399074652
CAND_03983,2.1,44.0,Mestrado,Região Metropolitana,Híbrido,Feminino,Branca,0.4169955945408458
CAND_03984,5.5,37.0,Bacharelado,Região Metropolitana,Remoto,Não-binário,Indígena,0.32939100439389507
CAND_03985,5.1,71.0,Bacharelado,Região Metropolitana,Híbrido,Masculino,Preta,0.6469468380546782
CAND_03986,8.4,74.0,Bacharelado,Região Metropolitana,Remoto,Não-binário,Branca,0.6230251216683999
CAND_03987,5.4,38.0,Mestrado,Região Metropolitana,Híbrido,Feminino,Amarela,0.5390214861864041
CAND_03988,6.3,48.0,Bacharelado,Região Metropolitana,Híbrido,Não-binário,Amarela,0.4971115989021687
CAND_03989,0.0,60.0,Ensino Médio,Capitais,Híbrido,Não-binário,Amarela,0.46574489442903577
CAND_03990,8.8,56.0,Bacharelado,Capitais,Híbrido,Não-binário,Indígena,0.5867592910239664
CAND_03991,5.0,74.0,Mestrado,Capitais,Presencial,Feminino,Amarela,0.6443063338114985
CAND_03992,0.0,58.0,Bacharelado,Capitais,Híbrido,Não-binário,Amarela,0.42356782995039305
CAND_03993,6.2,54.0,Bacharelado,Região Metropolitana,Remoto,Feminino,Parda,0.5433364286876687
CAND_03994,2.9,23.0,Bacharelado,Interior,Remoto,Não-binário,Indígena,0.3563746435326579
CAND_03995,2.1,23.0,Mestrado,Região Metropolitana,Híbrido,Feminino,Indígena,0.3130525661908759
CAND_03996,5.9,41.0,Mestrado,Região Metropolitana,Híbrido,Masculino,Indígena,0.44034430499496785
CAND_03997,1.9,44.0,Bacharelado,Capitais,Remoto,Não-binário,Preta,0.3805325688292737
CAND_03998,6.6,52.0,Bacharelado,Capitais,Presencial,Masculino,Parda,0.4914286142457028
CAND_03999,3.9,64.0,Bacharelado,Região Metropolitana,Presencial,Não-binário,Indígena,0.2161529862605595
CAND_04000,4.7,49.0,Bacharelado,Capitais,Remoto,Não-binário,Preta,0.5928248138769376
CAND_04001,6.2,42.0,Bacharelado,Região Metropolitana,Presencial,Não-binário,Preta,0.3940984686528934
CAND_04002,1.0,59.0,Ensino Médio,Região Metropolitana,Presencial,Feminino,Amarela,0.32101946375038115
CAND_04003,5.2,45.0,Mestrado,Capitais,Híbrido,Masculino,Preta,0.38429701853016013
CAND_04004,9.3,56.0,Bacharelado,Região Metropolitana,Híbrido,Feminino,Indígena,0.43875486685268017
CAND_04005,6.3,35.0,Bacharelado,Região Metropolitana,Presencial,Feminino,Branca,0.4333598688333218
CAND_04006,7.0,56.0,Bacharelado,Capitais,Presencial,Masculino,Parda,0.30866843827775536
CAND_04007,6.5,42.0,Bacharelado,Capitais,Remoto,Feminino,Amarela,0.6034703333026714
CAND_04008,0.4,63.0,Bacharelado,Capitais,Remoto,Masculino,Amarela,0.4185846115364995
CAND_04009,6.2,47.0,Mestrado,Capitais,Híbrido,Não-binário,Branca,0.6124734737028867
CAND_04010,4.9,47.0,Mestrado,Região Metropolitana,Remoto,Feminino,Preta,0.5388885283268652
CAND_04011,3.5,39.0,Bacharelado,Capitais,Presencial,Masculino,Parda,0.5453062987851108
CAND_04012,10.6,67.0,Bacharelado,Capitais,Remoto,Masculino,Preta,0.6653471546634878
CAND_04013,0.0,54.0,Bacharelado,Região Metropolitana,Híbrido,Feminino,Preta,0.3763404980444307
CAND_04014,15.0,74.0,Bacharelado,Região Metropolitana,Presencial,Feminino,Indígena,0.9285019952205694
CAND_04015,7.7,53.0,Mestrado,Capitais,Híbrido,Não-binário,Indígena,0.5745010787857404
CAND_04016,7.6,28.0,Mestrado,Capitais,Presencial,Não-binário,Indígena,0.30717605214974886
CAND_04017,0.5,63.0,Bacharelado,Região Metropolitana,Remoto,Feminino,Branca,0.47832660206456346
CAND_04018,4.0,67.0,Mestrado,Capitais,Híbrido,Masculino,Parda,0.43868354623949024
CAND_04019,0.0,45.0,Mestrado,Interior,Presencial,Masculino,Preta,0.25792806130050283
CAND_04020,2.8,33.0,Mestrado,Capitais,Híbrido,Masculino,Branca,0.40378221264058706
CAND_04021,3.9,78.0,Mestrado,Região Metropolitana,Presencial,Feminino,Amarela,0.6460980952690802
CAND_04022,6.0,53.0,Bacharelado,Capitais,Remoto,Feminino,Branca,0.3895639939953892
CAND_04023,3.8,66.0,Bacharelado,Região Metropolitana,Híbrido,Masculino,Branca,0.4212168487571976
CAND_04024,4.4,41.0,Bacharelado,Região Metropolitana,Presencial,Masculino,Amarela,0.48448008538741505
CAND_04025,5.2,55.0,Bacharelado,Interior,Remoto,Não-binário,Preta,0.5108707361798401
CAND_04026,1.8,48.0,Mestrado,Capitais,Híbrido,Feminino,Preta,0.32007551747053753
CAND_04027,3.8,47.0,Mestrado,Região Metropolitana,Híbrido,Não-binário,Preta,0.43752091148396927
CAND_04028,2.3,54.0,Bacharelado,Capitais,Remoto,Não-binário,Parda,0.47028232630219347
CAND_04029,3.2,11.0,Bacharelado,Interior,Híbrido,Masculino,Amarela,0.11116801381298091
CAND_04030,4.0,63.0,Mestrado,Região Metropolitana,Remoto,Feminino,Parda,0.445004306874196
CAND_04031,5.8,63.0,Bacharelado,Região Metropolitana,Remoto,Não-binário,Parda,0.5393305995316513
CAND_04032,4.3,42.0,Mestrado,Capitais,Híbrido,Feminino,Preta,0.38152212825549114
CAND_04033,3.8,57.0,Bacharelado,Capitais,Presencial,Feminino,Indígena,0.6052603521907864
CAND_04034,1.4,72.0,Bacharelado,Região Metropolitana,Remoto,Não-binário,Preta,0.31959479307799954
CAND_04035,0.7,43.0,Bacharelado,Interior,Híbrido,Feminino,Amarela,0.28417615353806736
CAND_04036,4.8,52.0,Ensino Médio,Capitais,Remoto,Não-binário,Preta,0.4046534090302084
CAND_04037,3.9,41.0,Bacharelado,Capitais,Presencial,Não-binário,Preta,0.457658017138328
CAND_04038,6.2,27.0,Bacharelado,Capitais,Presencial,Masculino,Amarela,0.39576448842653994
CAND_04039,0.0,45.0,Bacharelado,Capitais,Presencial,Masculino,Amarela,0.22277058196496968
CAND_04040,7.1,42.0,Bacharelado,Capitais,Remoto,Não-binário,Indígena,0.34621875293429294
CAND_04041,2.7,57.0,Bacharelado,Capitais,Híbrido,Feminino,Preta,0.21702211493884385
CAND_04042,3.7,68.0,Bacharelado,Capitais,Híbrido,Não-binário,Branca,0.5801869069358552
CAND_04043,5.7,55.0,Bacharelado,Região Metropolitana,Presencial,Masculino,Indígena,0.5330038269878916
CAND_04044,2.9,46.0,Doutorado,Capitais,Híbrido,Masculino,Preta,0.5119217484595809
CAND_04045,0.5,41.0,Bacharelado,Capitais,Remoto,Não-binário,Parda,0.3494269206134683
CAND_04046,4.1,67.0,Mestrado,Capitais,Híbrido,Masculino,Parda,0.6626008613994158
CAND_04047,1.1,66.0,Bacharelado,Região Metropolitana,Híbrido,Não-binário,Preta,0.5050602338002061
CAND_04048,0.4,45.0,Mestrado,Capitais,Híbrido,Masculino,Branca,0.4475845229082779
CAND_04049,6.9,54.0,Bacharelado,Capitais,Presencial,Não-binário,Parda,0.6073901807193899
CAND_04050,5.1,56.0,Bacharelado,Capitais,Remoto,Não-binário,Parda,0.5133343656410424
CAND_04051,5.8,40.0,Bacharelado,Capitais,Presencial,Feminino,Branca,0.4397484468877551
CAND_04052,6.7,48.0,Mestrado,Região Metropolitana,Presencial,Não-binário,Branca,0.4529020455071687
CAND_04053,5.9,38.0,Bacharelado,Capitais,Remoto,Feminino,Preta,0.22900359578122154
CAND_04054,2.9,73.0,Bacharelado,Interior,Remoto,Masculino,Preta,0.4108023125428279
CAND_04055,4.4,35.0,Mestrado,Capitais,Remoto,Não-binário,Parda,0.49354274657014247
CAND_04056,2.7,41.0,Mestrado,Capitais,Híbrido,Feminino,Parda,0.36863614984285736
CAND_04057,6.0,59.0,Bacharelado,Região Metropolitana,Híbrido,Não-binário,Parda,0.47507483271636475
CAND_04058,1.1,50.0,Bacharelado,Capitais,Remoto,Não-binário,Parda,0.44292882124682953
CAND_04059,2.4,48.0,Bacharelado,Capitais,Remoto,Masculino,Parda,0.21065882905761624
CAND_04060,5.2,68.0,Mestrado,Capitais,Presencial,Masculino,Amarela,0.6516924689968943
CAND_04061,4.2,55.0,Bacharelado,Região Metropolitana,Remoto,Feminino,Indígena,0.5346609223760985
CAND_04062,1.8,47.0,Bacharelado,Região Metropolitana,Híbrido,Feminino,Preta,0.36680331010847794
CAND_04063,0.0,44.0,Doutorado,Região Metropolitana,Presencial,Não-binário,Preta,0.4214371692053029
CAND_04064,3.8,38.0,Bacharelado,Capitais,Híbrido,Feminino,Amarela,0.35963246241905855
CAND_04065,4.8,40.0,Ensino Médio,Capitais,Híbrido,Não-binário,Indígena,0.42222007861787775
CAND_04066,6.7,44.0,Mestrado,Capitais,Presencial,Feminino,Preta,0.4328023767783112
CAND_04067,3.8,44.0,Ensino Médio,Região Metropolitana,Híbrido,Não-binário,Indígena,0.31926994936063785
CAND_04068,7.8,39.0,Doutorado,Região Metropolitana,Presencial,Não-binário,Parda,0.6804788483115407
CAND_04069,7.4,62.0,Doutorado,Capitais,Presencial,Não-binário,Preta,0.6011683895596848
CAND_04070,4.3,63.0,Bacharelado,Capitais,Híbrido,Não-binário,Indígena,0.5279923954821586
CAND_04071,7.0,36.0,Bacharelado,Capitais,Remoto,Masculino,Parda,0.44123275158902303
CAND_04072,7.5,66.0,Ensino Médio,Capitais,Híbrido,Não-binário,Preta,0.4866057860291325
CAND_04073,3.5,41.0,Bacharelado,Capitais,Híbrido,Feminino,Parda,0.44895726475099507
CAND_04074,3.4,27.0,Bacharelado,Capitais,Híbrido,Masculino,Parda,0.3634970490993123
CAND_04075,5.6,34.0,Bacharelado,Região Metropolitana,Híbrido,Feminino,Amarela,0.4417118767548983
CAND_04076,3.9,64.0,Ensino Médio,Capitais,Remoto,Não-binário,Preta,0.5825277222623801
CAND_04077,10.7,68.0,Bacharelado,Interior,Híbrido,Masculino,Parda,0.3458779657745671
CAND_04078,7.1,43.0,Doutorado,Região Metropolitana,Remoto,Feminino,Parda,0.5782701142344101
CAND_04079,5.9,60.0,Mestrado,Capitais,Presencial,Não-binário,Branca,0.5951796521427668
CAND_04080,3.3,47.0,Mestrado,Região Metropolitana,Presencial,Feminino,Amarela,0.32233834523562266
CAND_04081,10.1,82.0,Bacharelado,Região Metropolitana,Híbrido,Não-binário,Branca,0.5138289429458169
CAND_04082,3.6,20.0,Bacharelado,Região Metropolitana,Híbrido,Não-binário,Indígena,0.12781237968707498
CAND_04083,6.2,57.0,Mestrado,Capitais,Remoto,Feminino,Indígena,0.9139985950973573
CAND_04084,8.2,56.0,Bacharelado,Capitais,Presencial,Masculino,Branca,0.32539049470946696
CAND_04085,6.4,79.0,Mestrado,Interior,Híbrido,Não-binário,Preta,0.466190235000443
CAND_04086,2.9,61.0,Ensino Médio,Capitais,Remoto,Não-binário,Branca,0.3851452704688284
CAND_04087,5.6,23.0,Mestrado,Capitais,Híbrido,Não-binário,Indígena,0.538427896797139
CAND_04088,4.4,45.0,Bacharelado,Região Metropolitana,Presencial,Masculino,Preta,0.4910017066254879
CAND_04089,3.3,57.0,Bacharelado,Capitais,Remoto,Não-binário,Amarela,0.4286789203096094
CAND_04090,9.0,39.0,Bacharelado,Capitais,Remoto,Masculino,Indígena,0.5648640395645133
CAND_04091,6.0,48.0,Ensino Médio,Capitais,Híbrido,Feminino,Indígena,0.4924571014041509
CAND_04092,7.4,45.0,Mestrado,Capitais,Híbrido,Masculino,Indígena,0.518403097203652
CAND_04093,3.5,42.0,Doutorado,Interior,Presencial,Masculino,Branca,0.35798864982536716
CAND_04094,3.9,47.0,Mestrado,Região Metropolitana,Híbrido,Masculino,Branca,0.6390549814515325
CAND_04095,4.8,49.0,Bacharelado,Capitais,Presencial,Não-binário,Preta,0.49933943315887724
CAND_04096,6.1,62.0,Bacharelado,Região Metropolitana,Híbrido,Feminino,Preta,0.5321513571546672
CAND_04097,9.4,40.0,Mestrado,Interior,Presencial,Feminino,Branca,0.5525440044759705
CAND_04098,4.9,48.0,Bacharelado,Capitais,Presencial,Não-binário,Parda,0.5683248489682045
CAND_04099,1.6,61.0,Mestrado,Interior,Presencial,Masculino,Preta,0.5865121719997166
CAND_04100,6.9,58.0,Doutorado,Capitais,Híbrido,Não-binário,Preta,0.38665819306789057
CAND_04101,3.5,25.0,Bacharelado,Região Metropolitana,Presencial,Masculino,Indígena,0.10841338970757444
CAND_04102,4.4,37.0,Bacharelado,Capitais,Remoto,Não-binário,Amarela,0.4644361608973585
CAND_04103,9.8,41.0,Bacharelado,Capitais,Híbrido,Feminino,Branca,0.5706192027967247
CAND_04104,3.3,41.0,Bacharelado,Região Metropolitana,Híbrido,Masculino,Preta,0.24714282166064136
CAND_04105,3.4,47.0,Bacharelado,Capitais,Remoto,Não-binário,Amarela,0.3607551443276075
CAND_04106,2.9,35.0,Mestrado,Capitais,Presencial,Feminino,Amarela,0.4715193494640053
CAND_04107,2.1,12.0,Bacharelado,Região Metropolitana,Remoto,Feminino,Branca,0.20747474141461458
CAND_04108,3.2,36.0,Bacharelado,Capitais,Híbrido,Feminino,Indígena,0.4704508358215953
CAND_04109,5.7,63.0,Bacharelado,Capitais,Híbrido,Não-binário,Preta,0.24119854945650032
CAND_04110,0.0,50.0,Bacharelado,Capitais,Presencial,Não-binário,Amarela,0.38458946201772826
CAND_04111,2.6,43.0,Mestrado,Capitais,Híbrido,Masculino,Parda,0.4589312369990215
CAND_04112,4.1,52.0,Bacharelado,Capitais,Presencial,Feminino,Preta,0.4803968272385254
CAND_04113,7.9,51.0,Ensino Médio,Capitais,Presencial,Feminino,Preta,0.5146676184408214
CAND_04114,10.9,89.0,Bacharelado,Capitais,Híbrido,Não-binário,Parda,0.8058807000849237
CAND_04115,2.1,61.0,Ensino Médio,Capitais,Presencial,Não-binário,Indígena,0.43995942208178473
CAND_04116,6.7,47.0,Mestrado,Região Metropolitana,Presencial,Feminino,Branca,0.5348073144387114
CAND_04117,6.6,64.0,Bacharelado,Capitais,Híbrido,Não-binário,Preta,0.44347107500943295
CAND_04118,4.8,63.0,Mestrado,Região Metropolitana,Remoto,Masculino,Parda,0.3921534899921849
CAND_04119,10.3,46.0,Mestrado,Capitais,Híbrido,Não-binário,Indígena,0.6972208468972032
CAND_04120,4.6,63.0,Bacharelado,Região Metropolitana,Híbrido,Feminino,Indígena,0.4813765648575698
CAND_04121,7.0,68.0,Mestrado,Capitais,Híbrido,Masculino,Preta,0.5271643073464041
CAND_04122,8.4,46.0,Bacharelado,Região Metropolitana,Presencial,Feminino,Preta,0.39406689228814623
CAND_04123,4.4,32.0,Bacharelado,Capitais,Remoto,Não-binário,Preta,0.353687733756786
CAND_04124,1.7,62.0,Mestrado,Capitais,Híbrido,Não-binário,Parda,0.48642325124064056
CAND_04125,0.2,47.0,Bacharelado,Interior,Remoto,Masculino,Parda,0.35662906451139853
CAND_04126,6.3,53.0,Bacharelado,Capitais,Presencial,Feminino,Preta,0.3894249572352569
CAND_04127,5.1,61.0,Ensino Médio,Capitais,Remoto,Não-binário,Amarela,0.43327924485401476
CAND_04128,3.8,72.0,Ensino Médio,Região Metropolitana,Híbrido,Não-binário,Indígena,0.37720434284994664
CAND_04129,5.3,44.0,Bacharelado,Região Metropolitana,Híbrido,Masculino,Parda,0.4540603726413558
CAND_04130,8.2,45.0,Mestrado,Capitais,Presencial,Feminino,Preta,0.6055801300433956
CAND_04131,7.3,56.0,Bacharelado,Capitais,Remoto,Masculino,Preta,0.7154440157967299
CAND_04132,4.0,30.0,Bacharelado,Região Metropolitana,Presencial,Não-binário,Parda,0.2134852748574673
CAND_04133,4.6,44.0,Bacharelado,Interior,Presencial,Masculino,Indígena,0.42613769155764936
CAND_04134,8.2,61.0,Bacharelado,Capitais,Presencial,Não-binário,Indígena,0.38285771775691413
CAND_04135,3.1,51.0,Mestrado,Capitais,Remoto,Masculino,Amarela,0.28982031126991037
CAND_04136,4.5,66.0,Bacharelado,Região Metropolitana,Presencial,Feminino,Branca,0.47089710003060015
CAND_04137,7.5,42.0,Bacharelado,Região Metropolitana,Presencial,Masculino,Parda,0.37902416367124625
CAND_04138,7.9,70.0,Bacharelado,Região Metropolitana,Presencial,Não-binário,Indígena,0.5449695831982011
CAND_04139,4.7,51.0,Doutorado,Região Metropolitana,Híbrido,Não-binário,Amarela,0.43151065599780525
CAND_04140,11.0,48.0,Bacharelado,Região Metropolitana,Híbrido,Masculino,Amarela,0.4833338467895831
CAND_04141,5.4,64.0,Bacharelado,Região Metropolitana,Remoto,Masculino,Preta,0.68253847939135
CAND_04142,1.1,30.0,Bacharelado,Capitais,Híbrido,Não-binário,Parda,0.2693245300605084
CAND_04143,8.3,43.0,Ensino Médio,Interior,Presencial,Masculino,Indígena,0.47079415938352714
CAND_04144,3.4,55.0,Ensino Médio,Capitais,Híbrido,Feminino,Parda,0.40136418589631845
CAND_04145,7.0,57.0,Mestrado,Capitais,Presencial,Masculino,Indígena,0.4635290859623533
CAND_04146,5.6,16.0,Ensino Médio,Capitais,Híbrido,Masculino,Preta,0.36590438468785713
CAND_04147,13.1,38.0,Mestrado,Capitais,Remoto,Feminino,Amarela,0.7539951185692195
CAND_04148,3.8,49.0,Ensino Médio,Capitais,Remoto,Não-binário,Amarela,0.4620050524283302
CAND_04149,4.9,49.0,Bacharelado,Capitais,Híbrido,Não-binário,Branca,0.3700111217526722
CAND_04150,4.8,59.0,Mestrado,Capitais,Híbrido,Masculino,Preta,0.5636182187848028
CAND_04151,4.3,45.0,Bacharelado,Capitais,Híbrido,Feminino,Amarela,0.3599447168096633
CAND_04152,1.4,35.0,Bacharelado,Capitais,Híbrido,Masculino,Indígena,0.2572095980274465
CAND_04153,1.2,58.0,Mestrado,Capitais,Remoto,Masculino,Parda,0.4353402974557186
CAND_04154,4.0,34.0,Bacharelado,Região Metropolitana,Híbrido,Feminino,Parda,0.4813224746495743
CAND_04155,5.1,42.0,Bacharelado,Região Metropolitana,Híbrido,Feminino,Branca,0.5484140390012657
CAND_04156,3.7,38.0,Bacharelado,Capitais,Presencial,Não-binário,Preta,0.3850775076352983
CAND_04157,3.8,43.0,Bacharelado,Região Metropolitana,Presencial,Não-binário,Indígena,0.36233555649291344
CAND_04158,7.0,24.0,Ensino Médio,Região Metropolitana,Híbrido,Masculino,Amarela,0.5556282467580242
CAND_04159,3.6,43.0,Mestrado,Interior,Híbrido,Feminino,Indígena,0.3462479921261682
CAND_04160,0.7,63.0,Bacharelado,Região Metropolitana,Presencial,Não-binário,Branca,0.5465105014226184
CAND_04161,6.8,47.0,Mestrado,Região Metropolitana,Remoto,Feminino,Amarela,0.6335022587525063
CAND_04162,8.3,16.0,Ensino Médio,Região Metropolitana,Remoto,Masculino,Branca,0.28560620108936674
CAND_04163,6.7,28.0,Bacharelado,Capitais,Híbrido,Feminino,Parda,0.44156476661796873
CAND_04164,3.7,34.0,Bacharelado,Capitais,Remoto,Masculino,Preta,0.39189532869099336
CAND_04165,4.5,46.0,Bacharelado,Capitais,Híbrido,Masculino,Branca,0.32702331407848384
CAND_04166,3.8,24.0,Mestrado,Região Metropolitana,Híbrido,Não-binário,Branca,0.3765595696849813
CAND_04167,6.3,57.0,Mestrado,Capitais,Híbrido,Não-binário,Preta,0.5997050847666312
CAND_04168,8.6,74.0,Mestrado,Região Metropolitana,Híbrido,Masculino,Indígena,0.6804066053514516
CAND_04169,6.2,66.0,Bacharelado,Capitais,Híbrido,Masculino,Amarela,0.4118739934606765
CAND_04170,4.9,59.0,Bacharelado,Capitais,Híbrido,Feminino,Parda,0.2983808824494464
CAND_04171,5.2,63.0,Doutorado,Capitais,Híbrido,Não-binário,Preta,0.5118130308302864
CAND_04172,6.2,70.0,Bacharelado,Capitais,Remoto,Não-binário,Branca,0.5688304934292289
CAND_04173,10.5,59.0,Mestrado,Capitais,Híbrido,Masculino,Preta,0.6228812155333736
CAND_04174,7.3,31.0,Bacharelado,Capitais,Híbrido,Feminino,Indígena,0.3461487337939535
CAND_04175,2.1,69.0,Mestrado,Interior,Remoto,Masculino,Branca,0.6077641057601615
CAND_04176,2.1,55.0,Mestrado,Capitais,Presencial,Masculino,Indígena,0.2330843549104021
CAND_04177,10.4,43.0,Bacharelado,Região Metropolitana,Remoto,Masculino,Preta,0.6276706023194489
CAND_04178,7.2,57.0,Doutorado,Interior,Remoto,Feminino,Parda,0.6373204817350288
CAND_04179,1.9,45.0,Mestrado,Capitais,Híbrido,Masculino,Preta,0.587495095061418
CAND_04180,2.4,43.0,Mestrado,Interior,Híbrido,Masculino,Indígena,0.40069337563314444
CAND_04181,4.9,77.0,Bacharelado,Capitais,Híbrido,Masculino,Parda,0.5154669855306476
CAND_04182,8.4,21.0,Bacharelado,Capitais,Remoto,Feminino,Amarela,0.32068285627869464
CAND_04183,2.3,47.0,Mestrado,Capitais,Presencial,Feminino,Branca,0.5575784697809805
CAND_04184,6.1,36.0,Bacharelado,Capitais,Híbrido,Não-binário,Amarela,0.42497353201198035
CAND_04185,9.2,37.0,Bacharelado,Região Metropolitana,Híbrido,Não-binário,Amarela,0.47944881720142773
CAND_04186,2.8,30.0,Bacharelado,Capitais,Remoto,Não-binário,Preta,0.296272721770969
CAND_04187,4.0,47.0,Bacharelado,Capitais,Remoto,Não-binário,Preta,0.5665448559668667
CAND_04188,12.3,62.0,Ensino Médio,Região Metropolitana,Híbrido,Masculino,Parda,0.6177783353825292
CAND_04189,4.7,58.0,Mestrado,Região Metropolitana,Híbrido,Não-binário,Indígena,0.4695258627365527
CAND_04190,4.7,53.0,Bacharelado,Região Metropolitana,Presencial,Não-binário,Parda,0.6373832625316691
CAND_04191,5.3,46.0,Mestrado,Capitais,Híbrido,Masculino,Indígena,0.3747199186218019
CAND_04192,4.7,37.0,Bacharelado,Capitais,Remoto,Masculino,Parda,0.4797190836589701
CAND_04193,7.4,50.0,Doutorado,Capitais,Presencial,Não-binário,Preta,0.5692737215079813
CAND_04194,5.7,60.0,Mestrado,Capitais,Presencial,Não-binário,Branca,0.6414529866717963
CAND_04195,3.5,45.0,Doutorado,Região Metropolitana,Híbrido,Masculino,Amarela,0.486204382658614
CAND_04196,3.3,39.0,Doutorado,Interior,Híbrido,Não-binário,Amarela,0.6280462093742809
CAND_04197,5.9,73.0,Bacharelado,Interior,Híbrido,Masculino,Amarela,0.475811895404242
CAND_04198,1.4,35.0,Mestrado,Região Metropolitana,Híbrido,Feminino,Branca,0.3871162344426336
CAND_04199,7.6,63.0,Bacharelado,Capitais,Híbrido,Feminino,Amarela,0.45822713535770876
CAND_04200,11.7,34.0,Bacharelado,Região Metropolitana,Híbrido,Feminino,Indígena,0.6340460506776046
CAND_04201,5.6,40.0,Ensino Médio,Região Metropolitana,Presencial,Não-binário,Amarela,0.26080893768405783
CAND_04202,0.6,64.0,Bacharelado,Região Metropolitana,Remoto,Masculino,Amarela,0.4329631447002769
CAND_04203,4.6,54.0,Mestrado,Interior,Presencial,Não-binário,Indígena,0.5194338708735572
CAND_04204,3.6,45.0,Bacharelado,Região Metropolitana,Híbrido,Não-binário,Amarela,0.3305851084784447
CAND_04205,5.3,73.0,Bacharelado,Região Metropolitana,Presencial,Não-binário,Preta,0.6162575866707348
CAND_04206,4.9,32.0,Bacharelado,Região Metropolitana,Remoto,Feminino,Amarela,0.2184399787167186
CAND_04207,8.8,58.0,Mestrado,Capitais,Presencial,Masculino,Indígena,0.6070978790266479
CAND_04208,3.5,69.0,Mestrado,Capitais,Híbrido,Masculino,Parda,0.5747321764054606
CAND_04209,4.8,51.0,Bacharelado,Interior,Híbrido,Não-binário,Branca,0.5044569636082866
CAND_04210,2.3,52.0,Bacharelado,Capitais,Presencial,Masculino,Branca,0.30619352409268336
CAND_04211,6.0,53.0,Ensino Médio,Interior,Presencial,Feminino,Preta,0.6148461467996104
CAND_04212,7.6,28.0,Mestrado,Capitais,Híbrido,Masculino,Amarela,0.5846370716485461
CAND_04213,9.2,40.0,Ensino Médio,Capitais,Híbrido,Não-binário,Amarela,0.5495590869960713
CAND_04214,6.2,67.0,Bacharelado,Capitais,Híbrido,Masculino,Indígena,0.30052705865885976
CAND_04215,5.8,38.0,Bacharelado,Região Metropolitana,Presencial,Não-binário,Indígena,0.4084627316131797
CAND_04216,2.7,44.0,Bacharelado,Região Metropolitana,Híbrido,Masculino,Preta,0.4898893905864661
CAND_04217,0.0,31.0,Bacharelado,Capitais,Presencial,Feminino,Branca,0.3296399883407789
CAND_04218,3.3,39.0,Mestrado,Capitais,Remoto,Feminino,Parda,0.5586218001552198
CAND_04219,4.3,59.0,Ensino Médio,Capitais,Presencial,Masculino,Branca,0.4603076116651308
CAND_04220,4.6,29.0,Bacharelado,Capitais,Remoto,Masculino,Preta,0.35467776028473313
CAND_04221,0.2,23.0,Bacharelado,Capitais,Remoto,Não-binário,Branca,0.182937451920209
CAND_04222,4.2,65.0,Bacharelado,Região Metropolitana,Híbrido,Masculino,Preta,0.4908052408092798
CAND_04223,0.0,50.0,Bacharelado,Capitais,Híbrido,Feminino,Preta,0.30234513848515465
CAND_04224,1.1,33.0,Bacharelado,Capitais,Híbrido,Masculino,Branca,0.3292159620810171
CAND_04225,8.3,58.0,Bacharelado,Região Metropolitana,Presencial,Feminino,Preta,0.5017587601694183
CAND_04226,8.9,33.0,Bacharelado,Capitais,Remoto,Não-binário,Amarela,0.3141939787529484
CAND_04227,4.5,47.0,Bacharelado,Interior,Remoto,Feminino,Indígena,0.3374438250256169
CAND_04228,5.7,37.0,Bacharelado,Capitais,Remoto,Feminino,Branca,0.3675350900476586
CAND_04229,6.2,22.0,Bacharelado,Capitais,Presencial,Feminino,Indígena,0.2898705037850366
CAND_04230,6.2,66.0,Mestrado,Capitais,Híbrido,Masculino,Branca,0.7366564028517002
CAND_04231,2.3,39.0,Ensino Médio,Capitais,Remoto,Masculino,Preta,0.26232309494634504
CAND_04232,5.5,71.0,Bacharelado,Interior,Híbrido,Não-binário,Preta,0.34386702806561176
CAND_04233,5.8,52.0,Bacharelado,Região Metropolitana,Presencial,Não-binário,Preta,0.5383158943992791
CAND_04234,5.7,42.0,Bacharelado,Capitais,Presencial,Não-binário,Preta,0.2238579797635802
CAND_04235,2.7,34.0,Ensino Médio,Região Metropolitana,Remoto,Não-binário,Preta,0.33330936464954464
CAND_04236,1.6,51.0,Bacharelado,Capitais,Híbrido,Masculino,Branca,0.47515703750321875
CAND_04237,4.4,57.0,Mestrado,Região Metropolitana,Remoto,Masculino,Amarela,0.3897833231618584
CAND_04238,0.9,65.0,Bacharelado,Capitais,Presencial,Feminino,Branca,0.40020892888474424
CAND_04239,2.6,59.0,Mestrado,Interior,Híbrido,Feminino,Parda,0.5734811991542524
CAND_04240,6.4,46.0,Bacharelado,Capitais,Remoto,Feminino,Preta,0.5971158377868084
CAND_04241,8.2,58.0,Doutorado,Região Metropolitana,Remoto,Feminino,Branca,0.7009561288120121
CAND_04242,7.6,44.0,Bacharelado,Capitais,Presencial,Feminino,Preta,0.5513846252761212
CAND_04243,3.0,73.0,Bacharelado,Capitais,Remoto,Feminino,Branca,0.3927168679466121
CAND_04244,3.8,45.0,Ensino Médio,Região Metropolitana,Presencial,Masculino,Indígena,0.16486494520181907
CAND_04245,3.6,58.0,Doutorado,Capitais,Presencial,Feminino,Parda,0.54709248318944
CAND_04246,5.6,17.0,Bacharelado,Região Metropolitana,Remoto,Masculino,Preta,0.10322516857073985
CAND_04247,2.4,57.0,Bacharelado,Região Metropolitana,Remoto,Masculino,Parda,0.4418624165341822
CAND_04248,5.1,56.0,Bacharelado,Região Metropolitana,Remoto,Não-binário,Parda,0.45010571128776716
CAND_04249,4.7,79.0,Bacharelado,Região Metropolitana,Presencial,Feminino,Indígena,0.5108378739751844
CAND_04250,6.8,43.0,Ensino Médio,Capitais,Remoto,Feminino,Indígena,0.47702554276273706
CAND_04251,1.6,75.0,Bacharelado,Capitais,Híbrido,Feminino,Preta,0.41611777948215806
CAND_04252,2.1,51.0,Bacharelado,Região Metropolitana,Presencial,Feminino,Branca,0.2591097271876546
CAND_04253,5.9,73.0,Bacharelado,Interior,Híbrido,Não-binário,Amarela,0.5888110018055794
CAND_04254,5.4,55.0,Ensino Médio,Capitais,Remoto,Feminino,Parda,0.6036329933632769
CAND_04255,1.5,42.0,Mestrado,Capitais,Híbrido,Masculino,Amarela,0.4683215007503139
CAND_04256,0.0,71.0,Mestrado,Capitais,Híbrido,Feminino,Branca,0.5923351269793939
CAND_04257,6.6,45.0,Doutorado,Capitais,Presencial,Masculino,Parda,0.6042700220613171
CAND_04258,5.4,45.0,Bacharelado,Capitais,Presencial,Não-binário,Branca,0.5175575626277137
CAND_04259,4.3,54.0,Bacharelado,Capitais,Híbrido,Não-binário,Amarela,0.5324810192124755
CAND_04260,6.5,50.0,Bacharelado,Capitais,Híbrido,Masculino,Preta,0.4995747610705317
CAND_04261,2.6,58.0,Ensino Médio,Capitais,Híbrido,Feminino,Amarela,0.30907768012573456
CAND_04262,6.2,54.0,Mestrado,Capitais,Presencial,Feminino,Parda,0.6560240194906437
CAND_04263,8.2,59.0,Bacharelado,Capitais,Presencial,Não-binário,Amarela,0.60567363551194
CAND_04264,6.2,58.0,Bacharelado,Região Metropolitana,Remoto,Feminino,Amarela,0.5046764281352841
CAND_04265,1.0,32.0,Bacharelado,Capitais,Presencial,Masculino,Branca,0.3009575004733541
CAND_04266,7.7,20.0,Bacharelado,Capitais,Remoto,Feminino,Amarela,0.45953519684047667
CAND_04267,1.7,54.0,Bacharelado,Interior,Presencial,Masculino,Indígena,0.373940738861784
CAND_04268,3.9,40.0,Bacharelado,Região Metropolitana,Presencial,Masculino,Amarela,0.5501126789954016
CAND_04269,6.3,38.0,Bacharelado,Interior,Presencial,Não-binário,Preta,0.5091931353889798
CAND_04270,7.2,46.0,Ensino Médio,Região Metropolitana,Remoto,Feminino,Preta,0.5061250283519103
CAND_04271,4.9,54.0,Bacharelado,Região Metropolitana,Remoto,Não-binário,Preta,0.41908628748253635
CAND_04272,11.1,48.0,Mestrado,Capitais,Presencial,Feminino,Amarela,0.655419202195654
CAND_04273,1.4,61.0,Bacharelado,Região Metropolitana,Híbrido,Não-binário,Branca,0.3465774961861122
CAND_04274,11.1,36.0,Mestrado,Capitais,Híbrido,Não-binário,Indígena,0.7914302774156585
CAND_04275,0.0,78.0,Bacharelado,Interior,Presencial,Masculino,Indígena,0.6116722370017551
CAND_04276,4.9,64.0,Ensino Médio,Capitais,Presencial,Não-binário,Preta,0.45004595554073146
CAND_04277,0.4,45.0,Bacharelado,Região Metropolitana,Híbrido,Masculino,Branca,0.30544972378816415
CAND_04278,6.0,81.0,Bacharelado,Interior,Híbrido,Masculino,Indígena,0.7114819883037924
CAND_04279,0.4,15.0,Bacharelado,Interior,Híbrido,Não-binário,Parda,0.36823890761832767
CAND_04280,6.4,66.0,Mestrado,Capitais,Híbrido,Masculino,Indígena,0.5468779515639502
CAND_04281,3.1,51.0,Bacharelado,Capitais,Híbrido,Feminino,Branca,0.4289586873700187
CAND_04282,0.0,68.0,Bacharelado,Capitais,Presencial,Masculino,Parda,0.4858999540040739
CAND_04283,9.5,43.0,Mestrado,Capitais,Remoto,Não-binário,Amarela,0.592290278323924
CAND_04284,7.1,33.0,Bacharelado,Capitais,Presencial,Feminino,Parda,0.5315523149638874
CAND_04285,6.5,54.0,Bacharelado,Capitais,Remoto,Feminino,Branca,0.7638928324958838
CAND_04286,10.5,43.0,Bacharelado,Capitais,Remoto,Não-binário,Preta,0.5810950837205291
CAND_04287,3.7,54.0,Bacharelado,Região Metropolitana,Presencial,Feminino,Parda,0.5844003248804771
CAND_04288,8.6,55.0,Bacharelado,Capitais,Híbrido,Masculino,Amarela,0.46274910643276423
CAND_04289,1.9,26.0,Mestrado,Capitais,Híbrido,Não-binário,Branca,0.4661665369004147
CAND_04290,5.0,64.0,Bacharelado,Capitais,Híbrido,Feminino,Branca,0.5876813244059522
CAND_04291,0.1,7.0,Mestrado,Capitais,Presencial,Feminino,Indígena,0.3509977994053737
CAND_04292,10.6,95.0,Bacharelado,Interior,Híbrido,Não-binário,Parda,0.7574912501154744
CAND_04293,4.3,54.0,Bacharelado,Interior,Híbrido,Masculino,Amarela,0.4919597844082722
CAND_04294,2.7,39.0,Doutorado,Capitais,Remoto,Masculino,Preta,0.39466704587615403
CAND_04295,10.7,25.0,Bacharelado,Capitais,Remoto,Feminino,Preta,0.3240885349998921
CAND_04296,6.9,59.0,Bacharelado,Capitais,Presencial,Masculino,Parda,0.4041850209771917
CAND_04297,2.7,56.0,Mestrado,Região Metropolitana,Híbrido,Não-binário,Amarela,0.5472123526912701
CAND_04298,3.3,49.0,Bacharelado,Interior,Presencial,Não-binário,Preta,0.3878175226679123
CAND_04299,5.6,45.0,Bacharelado,Capitais,Híbrido,Masculino,Parda,0.18824187860266328
CAND_04300,12.4,60.0,Mestrado,Região Metropolitana,Híbrido,Não-binário,Amarela,0.7398438199958597
CAND_04301,2.6,16.0,Mestrado,Interior,Presencial,Não-binário,Parda,0.11532147573229967
CAND_04302,7.2,30.0,Bacharelado,Região Metropolitana,Remoto,Masculino,Parda,0.36470557803130965
CAND_04303,4.1,59.0,Bacharelado,Região Metropolitana,Remoto,Não-binário,Indígena,0.29320502011255345
CAND_04304,7.9,43.0,Bacharelado,Capitais,Presencial,Masculino,Parda,0.47891919469371336
CAND_04305,4.1,61.0,Mestrado,Região Metropolitana,Presencial,Masculino,Parda,0.4449615978180934
CAND_04306,4.5,35.0,Bacharelado,Região Metropolitana,Presencial,Masculino,Preta,0.38233955002900927
CAND_04307,0.1,48.0,Bacharelado,Região Metropolitana,Híbrido,Feminino,Parda,0.28751027511995497
CAND_04308,4.6,42.0,Bacharelado,Capitais,Presencial,Não-binário,Preta,0.6013470234095094
CAND_04309,12.9,74.0,Bacharelado,Interior,Presencial,Masculino,Preta,0.8005967166742856
CAND_04310,1.7,44.0,Bacharelado,Capitais,Presencial,Feminino,Amarela,0.34011617541968264
CAND_04311,4.3,66.0,Mestrado,Capitais,Presencial,Masculino,Parda,0.6070851392429458
CAND_04312,5.1,54.0,Bacharelado,Capitais,Remoto,Feminino,Indígena,0.5324512607578877
CAND_04313,8.0,36.0,Bacharelado,Capitais,Presencial,Não-binário,Indígena,0.5164083331207774
CAND_04314,5.1,56.0,Bacharelado,Interior,Remoto,Feminino,Preta,0.4129361320478711
CAND_04315,8.8,54.0,Bacharelado,Capitais,Remoto,Masculino,Amarela,0.5004226333056845
CAND_04316,2.5,29.0,Ensino Médio,Capitais,Híbrido,Masculino,Indígena,0.3078382239462516
CAND_04317,5.0,44.0,Ensino Médio,Capitais,Híbrido,Não-binário,Amarela,0.27637576589025414
CAND_04318,4.8,50.0,Mestrado,Capitais,Remoto,Não-binário,Preta,0.33863607465975865
CAND_04319,3.3,72.0,Ensino Médio,Região Metropolitana,Híbrido,Não-binário,Preta,0.5451807858215876
CAND_04320,5.0,62.0,Doutorado,Capitais,Presencial,Feminino,Branca,0.43532966629482783
CAND_04321,2.7,44.0,Mestrado,Capitais,Híbrido,Masculino,Branca,0.36697964871981875
CAND_04322,7.4,27.0,Bacharelado,Capitais,Presencial,Não-binário,Branca,0.36217528321098374
CAND_04323,1.1,69.0,Ensino Médio,Região Metropolitana,Remoto,Feminino,Branca,0.3573814362769606
CAND_04324,0.4,59.0,Bacharelado,Capitais,Híbrido,Não-binário,Indígena,0.5380958286724551
CAND_04325,2.0,26.0,Mestrado,Capitais,Presencial,Masculino,Indígena,0.32139808177809776
CAND_04326,5.2,28.0,Bacharelado,Interior,Remoto,Feminino,Parda,0.3696549809803452
CAND_04327,6.3,39.0,Bacharelado,Região Metropolitana,Presencial,Não-binário,Preta,0.4813529149228868
CAND_04328,3.0,72.0,Bacharelado,Capitais,Híbrido,Feminino,Preta,0.48833627315993705
CAND_04329,6.6,37.0,Bacharelado,Região Metropolitana,Presencial,Masculino,Branca,0.5226066837448857
CAND_04330,0.0,38.0,Bacharelado,Capitais,Remoto,Feminino,Parda,0.3497757131584138
CAND_04331,3.8,12.0,Mestrado,Região Metropolitana,Híbrido,Feminino,Branca,0.4509782807074648
CAND_04332,3.4,47.0,Bacharelado,Interior,Presencial,Feminino,Amarela,0.44533164215548515
CAND_04333,6.0,81.0,Bacharelado,Capitais,Híbrido,Feminino,Amarela,0.6112489585759022
CAND_04334,8.1,63.0,Mestrado,Capitais,Remoto,Não-binário,Indígena,0.41317707453496055
CAND_04335,13.0,56.0,Mestrado,Região Metropolitana,Híbrido,Feminino,Branca,0.581455039999677
CAND_04336,4.7,41.0,Bacharelado,Capitais,Híbrido,Não-binário,Amarela,0.5007118642544071
CAND_04337,0.0,26.0,Mestrado,Capitais,Remoto,Feminino,Amarela,0.2372362003848014
CAND_04338,5.2,61.0,Bacharelado,Capitais,Híbrido,Feminino,Branca,0.4945632942143905
CAND_04339,4.2,47.0,Bacharelado,Capitais,Híbrido,Não-binário,Preta,0.4354218946355227
CAND_04340,6.2,57.0,Bacharelado,Região Metropolitana,Híbrido,Não-binário,Parda,0.4731074455303861
CAND_04341,6.4,21.0,Bacharelado,Capitais,Remoto,Feminino,Amarela,0.5311807557511473
CAND_04342,3.2,59.0,Mestrado,Capitais,Remoto,Masculino,Indígena,0.2779093944874381
CAND_04343,1.3,80.0,Ensino Médio,Região Metropolitana,Remoto,Não-binário,Preta,0.5576016577037374
CAND_04344,6.9,38.0,Mestrado,Capitais,Presencial,Não-binário,Parda,0.5131322927977016
CAND_04345,8.5,10.0,Mestrado,Capitais,Híbrido,Não-binário,Parda,0.35490796955296383
CAND_04346,6.8,68.0,Bacharelado,Região Metropolitana,Híbrido,Feminino,Parda,0.6556360920564366
CAND_04347,6.6,3.0,Bacharelado,Região Metropolitana,Presencial,Feminino,Indígena,0.18029168049701072
CAND_04348,5.3,69.0,Bacharelado,Capitais,Presencial,Feminino,Preta,0.6257974072808646
CAND_04349,7.8,49.0,Ensino Médio,Capitais,Presencial,Feminino,Amarela,0.36804546705822766
CAND_04350,1.5,88.0,Mestrado,Capitais,Híbrido,Feminino,Indígena,0.532711436657732
CAND_04351,6.1,29.0,Bacharelado,Capitais,Híbrido,Feminino,Branca,0.4562212917539983
CAND_04352,2.5,56.0,Bacharelado,Capitais,Presencial,Masculino,Parda,0.4150798592754542
CAND_04353,0.7,22.0,Doutorado,Região Metropolitana,Presencial,Feminino,Amarela,0.4278908424630109
CAND_04354,8.5,72.0,Ensino Médio,Capitais,Híbrido,Masculino,Branca,0.5783277366863446
CAND_04355,2.8,60.0,Mestrado,Capitais,Híbrido,Feminino,Amarela,0.4673185510178656
CAND_04356,6.2,56.0,Mestrado,Região Metropolitana,Remoto,Não-binário,Indígena,0.5636607386292153
CAND_04357,7.4,65.0,Mestrado,Capitais,Remoto,Masculino,Indígena,0.6616947589788017
CAND_04358,5.3,27.0,Mestrado,Capitais,Presencial,Masculino,Indígena,0.3810202112611101
CAND_04359,2.4,58.0,Bacharelado,Capitais,Híbrido,Masculino,Branca,0.48467638815392544
CAND_04360,9.5,79.0,Doutorado,Região Metropolitana,Híbrido,Masculino,Parda,0.7391413693145849
CAND_04361,0.1,32.0,Mestrado,Região Metropolitana,Híbrido,Não-binário,Indígena,0.31863230306030815
CAND_04362,5.6,66.0,Bacharelado,Região Metropolitana,Presencial,Feminino,Indígena,0.570362055644124
CAND_04363,11.0,61.0,Mestrado,Capitais,Híbrido,Feminino,Preta,0.5899102365125317
CAND_04364,9.8,40.0,Mestrado,Região Metropolitana,Híbrido,Não-binário,Branca,0.4040350627137819
CAND_04365,2.9,50.0,Mestrado,Capitais,Híbrido,Não-binário,Indígena,0.49422479243485296
CAND_04366,8.8,90.0,Ensino Médio,Região Metropolitana,Presencial,Masculino,Parda,0.44716546612094943
CAND_04367,2.1,57.0,Bacharelado,Capitais,Híbrido,Masculino,Amarela,0.48470884264976577
CAND_04368,2.7,81.0,Bacharelado,Interior,Remoto,Masculino,Parda,0.7101558025220421
CAND_04369,6.7,47.0,Bacharelado,Capitais,Presencial,Masculino,Preta,0.5377099123638269
CAND_04370,1.9,59.0,Bacharelado,Capitais,Híbrido,Feminino,Indígena,0.6038416578060755
CAND_04371,2.7,45.0,Bacharelado,Capitais,Remoto,Não-binário,Branca,0.3086665886692246
CAND_04372,4.2,57.0,Bacharelado,Capitais,Remoto,Não-binário,Indígena,0.29097999792022206
CAND_04373,5.7,38.0,Bacharelado,Capitais,Híbrido,Feminino,Preta,0.43203206378370707
CAND_04374,4.5,27.0,Mestrado,Capitais,Presencial,Não-binário,Branca,0.5068375503219482
CAND_04375,4.0,42.0,Mestrado,Capitais,Presencial,Masculino,Branca,0.4304872731191888
CAND_04376,2.1,78.0,Bacharelado,Capitais,Remoto,Feminino,Parda,0.6573169425879315
CAND_04377,0.0,19.0,Doutorado,Região Metropolitana,Presencial,Não-binário,Preta,0.6135879189720311
CAND_04378,1.6,53.0,Mestrado,Capitais,Presencial,Não-binário,Indígena,0.19255626772718432
CAND_04379,8.7,48.0,Mestrado,Interior,Presencial,Não-binário,Amarela,0.6319808768894132
CAND_04380,5.7,52.0,Doutorado,Capitais,Remoto,Masculino,Branca,0.710834303002991
CAND_04381,5.8,36.0,Mestrado,Região Metropolitana,Remoto,Não-binário,Indígena,0.629805253316142
CAND_04382,7.9,67.0,Mestrado,Capitais,Híbrido,Masculino,Preta,0.5147636204362962
CAND_04383,4.2,49.0,Mestrado,Capitais,Remoto,Masculino,Amarela,0.3741757301345564
CAND_04384,7.3,83.0,Bacharelado,Região Metropolitana,Híbrido,Não-binário,Branca,0.5523266740911245
CAND_04385,7.3,33.0,Bacharelado,Capitais,Híbrido,Não-binário,Preta,0.48097594407465877
CAND_04386,2.7,62.0,Bacharelado,Capitais,Presencial,Masculino,Branca,0.43872065329849935
CAND_04387,7.3,51.0,Bacharelado,Região Metropolitana,Remoto,Masculino,Preta,0.6464188180041661
CAND_04388,5.9,44.0,Mestrado,Capitais,Remoto,Não-binário,Indígena,0.5624807555990344
CAND_04389,2.4,28.0,Bacharelado,Capitais,Presencial,Não-binário,Amarela,0.36172572281057486
CAND_04390,10.4,82.0,Ensino Médio,Capitais,Presencial,Não-binário,Indígena,0.6406901735823173
CAND_04391,7.6,39.0,Ensino Médio,Capitais,Presencial,Masculino,Parda,0.45855927175680666
CAND_04392,2.0,59.0,Bacharelado,Capitais,Presencial,Feminino,Preta,0.4344996747062294
CAND_04393,4.8,41.0,Bacharelado,Região Metropolitana,Presencial,Masculino,Preta,0.39713449278912144
CAND_04394,3.1,67.0,Ensino Médio,Capitais,Presencial,Masculino,Branca,0.3755417476280041
CAND_04395,9.5,35.0,Bacharelado,Região Metropolitana,Presencial,Não-binário,Indígena,0.5145731127643302
CAND_04396,2.8,75.0,Bacharelado,Capitais,Remoto,Masculino,Amarela,0.6403388536271364
CAND_04397,6.7,35.0,Bacharelado,Capitais,Híbrido,Feminino,Preta,0.35720847390035926
CAND_04398,2.3,53.0,Ensino Médio,Região Metropolitana,Híbrido,Feminino,Branca,0.29664822024393156
CAND_04399,10.1,52.0,Bacharelado,Região Metropolitana,Híbrido,Masculino,Branca,0.5793883698874743
CAND_04400,6.9,45.0,Bacharelado,Capitais,Presencial,Masculino,Parda,0.5892848231241863
CAND_04401,6.8,36.0,Mestrado,Região Metropolitana,Presencial,Feminino,Parda,0.3080127049000415
CAND_04402,5.8,45.0,Bacharelado,Capitais,Presencial,Masculino,Preta,0.52400848384242
CAND_04403,5.2,54.0,Bacharelado,Capitais,Remoto,Feminino,Parda,0.42662302758747345
CAND_04404,0.0,34.0,Bacharelado,Capitais,Remoto,Masculino,Parda,0.4306551608571119
CAND_04405,6.7,38.0,Mestrado,Região Metropolitana,Remoto,Feminino,Amarela,0.3571520478938681
CAND_04406,5.3,32.0,Mestrado,Região Metropolitana,Híbrido,Masculino,Indígena,0.5556903361138732
CAND_04407,1.1,50.0,Mestrado,Capitais,Remoto,Não-binário,Indígena,0.523655033143291
CAND_04408,5.6,82.0,Doutorado,Região Metropolitana,Híbrido,Feminino,Branca,0.9429105079344036
CAND_04409,1.4,52.0,Ensino Médio,Capitais,Remoto,Feminino,Parda,0.24777901159411206
CAND_04410,10.2,35.0,Bacharelado,Capitais,Híbrido,Feminino,Preta,0.5485620860638425
CAND_04411,5.2,50.0,Bacharelado,Região Metropolitana,Híbrido,Masculino,Indígena,0.4623669517438997
CAND_04412,5.0,61.0,Doutorado,Capitais,Híbrido,Masculino,Preta,0.5644294874275047
CAND_04413,6.8,56.0,Bacharelado,Região Metropolitana,Híbrido,Masculino,Amarela,0.5254685239551705
CAND_04414,3.7,61.0,Bacharelado,Capitais,Presencial,Feminino,Branca,0.6925623893759008
CAND_04415,4.5,26.0,Ensino Médio,Região Metropolitana,Híbrido,Masculino,Parda,0.261971108727229
CAND_04416,3.8,59.0,Bacharelado,Capitais,Presencial,Feminino,Branca,0.2864737394802686
CAND_04417,2.6,58.0,Ensino Médio,Capitais,Remoto,Masculino,Preta,0.3638099566014804
CAND_04418,2.8,36.0,Ensino Médio,Capitais,Remoto,Não-binário,Branca,0.23498653163548278
CAND_04419,4.9,84.0,Bacharelado,Capitais,Presencial,Masculino,Amarela,0.4696290989950494
CAND_04420,4.0,23.0,Mestrado,Região Metropolitana,Híbrido,Não-binário,Parda,0.20240907782020867
CAND_04421,6.0,72.0,Bacharelado,Região Metropolitana,Presencial,Feminino,Amarela,0.6857261988193936
CAND_04422,1.2,44.0,Bacharelado,Capitais,Híbrido,Masculino,Preta,0.35282049976878
CAND_04423,2.2,46.0,Bacharelado,Capitais,Híbrido,Não-binário,Branca,0.2908659964733379
CAND_04424,5.3,56.0,Mestrado,Capitais,Remoto,Masculino,Amarela,0.456019184622923
CAND_04425,7.2,24.0,Bacharelado,Capitais,Híbrido,Não-binário,Parda,0.670846912593922
CAND_04426,4.2,92.0,Bacharelado,Capitais,Híbrido,Masculino,Indígena,0.6904351624637005
CAND_04427,4.2,53.0,Bacharelado,Capitais,Híbrido,Feminino,Indígena,0.3836476902545725
CAND_04428,5.0,29.0,Bacharelado,Região Metropolitana,Híbrido,Não-binário,Parda,0.3084262099147424
CAND_04429,5.3,45.0,Bacharelado,Capitais,Presencial,Não-binário,Parda,0.6327322987732404
CAND_04430,9.8,49.0,Bacharelado,Capitais,Híbrido,Não-binário,Branca,0.6203252971448387
CAND_04431,6.6,52.0,Bacharelado,Região Metropolitana,Remoto,Masculino,Parda,0.36350805845529666
CAND_04432,3.1,38.0,Bacharelado,Região Metropolitana,Remoto,Masculino,Parda,0.26709062917260673
CAND_04433,5.7,67.0,Mestrado,Capitais,Híbrido,Masculino,Parda,0.6778714700935109
CAND_04434,5.5,69.0,Ensino Médio,Capitais,Híbrido,Masculino,Branca,0.5745924312678033
CAND_04435,0.3,80.0,Bacharelado,Região Metropolitana,Híbrido,Não-binário,Parda,0.5436353231814641
CAND_04436,0.0,55.0,Bacharelado,Capitais,Presencial,Masculino,Indígena,0.38297164251906346
CAND_04437,7.2,68.0,Bacharelado,Capitais,Presencial,Não-binário,Preta,0.49424166564606764
CAND_04438,2.2,76.0,Mestrado,Região Metropolitana,Remoto,Feminino,Parda,0.6933065032798441
CAND_04439,8.5,23.0,Bacharelado,Capitais,Remoto,Feminino,Amarela,0.4192445514752815
CAND_04440,6.1,84.0,Bacharelado,Capitais,Presencial,Masculino,Amarela,0.7372908664559696
CAND_04441,4.7,62.0,Bacharelado,Capitais,Remoto,Masculino,Branca,0.6050106340985492
CAND_04442,4.7,40.0,Mestrado,Região Metropolitana,Híbrido,Feminino,Parda,0.524841224254914
CAND_04443,3.9,47.0,Bacharelado,Capitais,Híbrido,Masculino,Amarela,0.4116863251455734
CAND_04444,0.9,43.0,Bacharelado,Capitais,Presencial,Masculino,Indígena,0.3164737510268658
CAND_04445,3.7,32.0,Ensino Médio,Capitais,Remoto,Masculino,Preta,0.2946323192340645
CAND_04446,0.7,70.0,Ensino Médio,Capitais,Híbrido,Não-binário,Indígena,0.5357944570546858
CAND_04447,7.6,81.0,Bacharelado,Capitais,Híbrido,Feminino,Branca,0.5848757548295361
CAND_04448,6.4,19.0,Bacharelado,Região Metropolitana,Remoto,Masculino,Branca,0.3436750617739969
CAND_04449,4.4,77.0,Bacharelado,Capitais,Remoto,Masculino,Amarela,0.602303500080524
CAND_04450,5.9,49.0,Bacharelado,Interior,Presencial,Não-binário,Amarela,0.6521534341129533
CAND_04451,8.1,59.0,Bacharelado,Capitais,Presencial,Feminino,Parda,0.6003104415640438
CAND_04452,0.0,34.0,Mestrado,Região Metropolitana,Híbrido,Masculino,Branca,0.35233849330059636
CAND_04453,4.4,49.0,Doutorado,Capitais,Presencial,Não-binário,Amarela,0.4987069443752399
CAND_04454,4.3,71.0,Bacharelado,Região Metropolitana,Presencial,Feminino,Amarela,0.7757777040257058
CAND_04455,5.0,31.0,Mestrado,Região Metropolitana,Híbrido,Feminino,Preta,0.4088280775723113
CAND_04456,3.2,60.0,Mestrado,Capitais,Presencial,Não-binário,Amarela,0.41155109043826255
CAND_04457,6.9,66.0,Ensino Médio,Capitais,Remoto,Feminino,Parda,0.600549981598909
CAND_04458,7.8,43.0,Bacharelado,Capitais,Presencial,Masculino,Parda,0.5266668044572526
CAND_04459,4.5,33.0,Bacharelado,Região Metropolitana,Presencial,Masculino,Preta,0.3001474410990471
CAND_04460,8.0,47.0,Bacharelado,Interior,Presencial,Não-binário,Preta,0.5143294086780628
CAND_04461,6.3,76.0,Mestrado,Capitais,Híbrido,Não-binário,Preta,0.6958311778361701
CAND_04462,4.2,61.0,Mestrado,Capitais,Híbrido,Masculino,Amarela,0.6088919014726581
CAND_04463,5.5,68.0,Bacharelado,Região Metropolitana,Híbrido,Feminino,Parda,0.5129592496132604
CAND_04464,4.0,19.0,Bacharelado,Região Metropolitana,Remoto,Feminino,Preta,0.3656441707047421
CAND_04465,6.6,44.0,Mestrado,Capitais,Híbrido,Masculino,Preta,0.6820234175290294
CAND_04466,8.1,47.0,Bacharelado,Interior,Híbrido,Feminino,Parda,0.5353396930237162
CAND_04467,7.5,32.0,Bacharelado,Região Metropolitana,Híbrido,Não-binário,Indígena,0.5150192352419035
CAND_04468,5.9,42.0,Mestrado,Região Metropolitana,Remoto,Feminino,Parda,0.46547831687327706
CAND_04469,8.7,53.0,Bacharelado,Capitais,Presencial,Feminino,Amarela,0.5008342375499428
CAND_04470,4.6,38.0,Bacharelado,Capitais,Presencial,Não-binário,Amarela,0.3647041059221184
CAND_04471,7.3,44.0,Mestrado,Região Metropolitana,Presencial,Masculino,Indígena,0.4190889029944938
CAND_04472,2.2,64.0,Bacharelado,Capitais,Presencial,Feminino,Amarela,0.30058043319094685
CAND_04473,6.8,41.0,Bacharelado,Região Metropolitana,Presencial,Masculino,Indígena,0.5316295254206505
CAND_04474,6.7,65.0,Doutorado,Capitais,Presencial,Não-binário,Indígena,0.7080687450255342
CAND_04475,4.1,46.0,Mestrado,Região Metropolitana,Remoto,Masculino,Parda,0.49806254900812186
CAND_04476,6.5,38.0,Bacharelado,Região Metropolitana,Remoto,Não-binário,Branca,0.31345108992719856
CAND_04477,4.9,71.0,Mestrado,Capitais,Presencial,Feminino,Preta,0.8068304236908217
CAND_04478,10.2,52.0,Mestrado,Capitais,Presencial,Não-binário,Branca,0.48999200484372846
CAND_04479,5.8,9.0,Mestrado,Capitais,Presencial,Feminino,Parda,0.2904333592136903
CAND_04480,0.0,19.0,Mestrado,Capitais,Híbrido,Feminino,Indígena,0.22662573950009343
CAND_04481,1.3,38.0,Mestrado,Interior,Híbrido,Feminino,Amarela,0.3346298005960211
CAND_04482,5.0,43.0,Bacharelado,Capitais,Remoto,Masculino,Amarela,0.5150255802478461
CAND_04483,0.5,54.0,Bacharelado,Capitais,Remoto,Não-binário,Branca,0.3666287757650248
CAND_04484,4.5,52.0,Mestrado,Região Metropolitana,Presencial,Feminino,Preta,0.3956333280025572
CAND_04485,7.6,36.0,Bacharelado,Capitais,Remoto,Masculino,Amarela,0.5105202356781947
CAND_04486,7.5,49.0,Ensino Médio,Capitais,Presencial,Masculino,Indígena,0.3782991988196328
CAND_04487,7.2,44.0,Bacharelado,Região Metropolitana,Presencial,Masculino,Amarela,0.4179337056220802
CAND_04488,0.0,41.0,Bacharelado,Capitais,Remoto,Masculino,Parda,0.17802504223795443
CAND_04489,7.5,41.0,Bacharelado,Capitais,Híbrido,Feminino,Amarela,0.5371078135591603
CAND_04490,5.7,94.0,Bacharelado,Capitais,Híbrido,Masculino,Parda,0.5332563141761623
CAND_04491,12.1,31.0,Bacharelado,Capitais,Presencial,Masculino,Amarela,0.3829974234201114
CAND_04492,3.4,34.0,Bacharelado,Região Metropolitana,Híbrido,Feminino,Indígena,0.5034577304786936
CAND_04493,7.2,46.0,Mestrado,Capitais,Híbrido,Feminino,Indígena,0.6594114587809251
CAND_04494,3.2,71.0,Bacharelado,Capitais,Híbrido,Não-binário,Indígena,0.5313848060364973
CAND_04495,3.0,48.0,Bacharelado,Região Metropolitana,Presencial,Feminino,Parda,0.28732249470442073
CAND_04496,7.2,53.0,Ensino Médio,Capitais,Presencial,Feminino,Preta,0.5270296013018239
CAND_04497,0.5,80.0,Mestrado,Capitais,Híbrido,Masculino,Preta,0.46385872620407254
CAND_04498,1.9,55.0,Mestrado,Interior,Híbrido,Não-binário,Indígena,0.41497581921104254
CAND_04499,5.5,35.0,Bacharelado,Região Metropolitana,Híbrido,Não-binário,Branca,0.43687910815889425
CAND_04500,3.5,70.0,Bacharelado,Capitais,Híbrido,Feminino,Amarela,0.7195463001259235
CAND_04501,5.7,50.0,Mestrado,Região Metropolitana,Presencial,Masculino,Preta,0.6315861185196405
CAND_04502,5.5,45.0,Bacharelado,Capitais,Presencial,Masculino,Amarela,0.5886912391138832
CAND_04503,4.3,34.0,Bacharelado,Região Metropolitana,Presencial,Masculino,Amarela,0.3380320807445156
CAND_04504,0.0,51.0,Bacharelado,Interior,Híbrido,Masculino,Amarela,0.37833879086534183
CAND_04505,5.5,36.0,Bacharelado,Capitais,Híbrido,Masculino,Indígena,0.5212675454947975
CAND_04506,7.5,49.0,Bacharelado,Capitais,Remoto,Feminino,Branca,0.5033908225029462
CAND_04507,6.4,45.0,Mestrado,Região Metropolitana,Híbrido,Não-binário,Parda,0.34704022885906843
CAND_04508,0.0,67.0,Bacharelado,Região Metropolitana,Híbrido,Não-binário,Branca,0.24502376180581542
CAND_04509,3.1,28.0,Mestrado,Capitais,Remoto,Masculino,Parda,0.29055661603850846
CAND_04510,7.5,37.0,Mestrado,Região Metropolitana,Híbrido,Feminino,Indígena,0.5674738974022817
CAND_04511,9.1,59.0,Bacharelado,Interior,Presencial,Não-binário,Indígena,0.4771042533501219
CAND_04512,5.0,41.0,Doutorado,Região Metropolitana,Híbrido,Não-binário,Parda,0.5972047355572909
CAND_04513,0.0,37.0,Bacharelado,Interior,Presencial,Masculino,Branca,0.4564118524521725
CAND_04514,2.7,51.0,Bacharelado,Região Metropolitana,Remoto,Masculino,Indígena,0.2605357171216436
CAND_04515,2.6,44.0,Bacharelado,Interior,Híbrido,Feminino,Indígena,0.6086737958471935
CAND_04516,5.4,28.0,Bacharelado,Capitais,Híbrido,Masculino,Preta,0.40441878457466096
CAND_04517,5.0,16.0,Bacharelado,Capitais,Híbrido,Não-binário,Indígena,0.2236008642402095
CAND_04518,3.5,71.0,Bacharelado,Capitais,Híbrido,Masculino,Branca,0.6112519562110067
CAND_04519,0.0,59.0,Bacharelado,Capitais,Presencial,Não-binário,Indígena,0.3275498588333858
CAND_04520,1.7,73.0,Bacharelado,Capitais,Híbrido,Não-binário,Preta,0.7247319288347422
CAND_04521,6.0,26.0,Ensino Médio,Capitais,Remoto,Feminino,Amarela,0.2608733765627169
CAND_04522,4.0,81.0,Bacharelado,Capitais,Híbrido,Não-binário,Amarela,0.49679568576208966
CAND_04523,4.1,48.0,Bacharelado,Região Metropolitana,Remoto,Feminino,Amarela,0.5232001465529552
CAND_04524,1.2,22.0,Ensino Médio,Interior,Remoto,Masculino,Amarela,0.26872091455484715
CAND_04525,8.8,61.0,Bacharelado,Região Metropolitana,Híbrido,Masculino,Amarela,0.46186646475066784
CAND_04526,0.0,39.0,Bacharelado,Capitais,Presencial,Masculino,Branca,0.29944247104939786
CAND_04527,9.7,72.0,Bacharelado,Região Metropolitana,Presencial,Não-binário,Preta,0.680279418495033
CAND_04528,6.3,32.0,Bacharelado,Capitais,Híbrido,Não-binário,Amarela,0.39653966265628926
CAND_04529,3.2,65.0,Mestrado,Região Metropolitana,Presencial,Masculino,Amarela,0.7482932087747272
CAND_04530,3.9,26.0,Doutorado,Região Metropolitana,Remoto,Não-binário,Preta,0.3569968217414972
CAND_04531,4.4,46.0,Ensino Médio,Capitais,Híbrido,Masculino,Parda,0.42984695661364897
CAND_04532,6.7,62.0,Bacharelado,Capitais,Híbrido,Não-binário,Preta,0.7980600384261725
CAND_04533,4.5,70.0,Bacharelado,Capitais,Presencial,Masculino,Amarela,0.5143414854560621
CAND_04534,9.1,15.0,Bacharelado,Capitais,Híbrido,Masculino,Indígena,0.30491370720045363
CAND_04535,1.3,55.0,Bacharelado,Região Metropolitana,Híbrido,Não-binário,Branca,0.4419610909165131
CAND_04536,7.2,64.0,Bacharelado,Capitais,Remoto,Feminino,Preta,0.44052506996431307
CAND_04537,7.6,41.0,Bacharelado,Interior,Híbrido,Masculino,Parda,0.358984068543831
CAND_04538,1.9,42.0,Bacharelado,Interior,Presencial,Feminino,Amarela,0.17235729901052335
CAND_04539,5.7,14.0,Bacharelado,Capitais,Híbrido,Feminino,Parda,0.06944301442216483
CAND_04540,5.1,53.0,Doutorado,Região Metropolitana,Presencial,Não-binário,Branca,0.6805399584065307
CAND_04541,6.4,47.0,Bacharelado,Capitais,Presencial,Feminino,Amarela,0.4855647227813385
CAND_04542,5.6,40.0,Mestrado,Interior,Remoto,Não-binário,Indígena,0.45191233090745875
CAND_04543,4.6,42.0,Mestrado,Região Metropolitana,Presencial,Não-binário,Parda,0.47382898751894614
CAND_04544,4.4,36.0,Bacharelado,Região Metropolitana,Híbrido,Masculino,Branca,0.20586451887277732
CAND_04545,4.6,55.0,Ensino Médio,Capitais,Híbrido,Feminino,Amarela,0.5039342727335916
CAND_04546,2.8,51.0,Doutorado,Capitais,Remoto,Feminino,Indígena,0.5724971107003672
CAND_04547,3.0,56.0,Bacharelado,Região Metropolitana,Remoto,Não-binário,Amarela,0.5434294160851723
CAND_04548,4.3,51.0,Bacharelado,Região Metropolitana,Híbrido,Masculino,Branca,0.37889509852554326
CAND_04549,7.1,61.0,Bacharelado,Região Metropolitana,Presencial,Masculino,Preta,0.4705896877785637
CAND_04550,2.4,70.0,Bacharelado,Capitais,Híbrido,Masculino,Preta,0.5391603191838543
CAND_04551,6.8,35.0,Bacharelado,Capitais,Híbrido,Masculino,Amarela,0.5364854886100299
CAND_04552,0.0,35.0,Mestrado,Capitais,Remoto,Feminino,Preta,0.4000618544991442
CAND_04553,2.7,45.0,Bacharelado,Capitais,Híbrido,Não-binário,Preta,0.36297647357463403
CAND_04554,6.4,39.0,Bacharelado,Capitais,Presencial,Feminino,Indígena,0.34880419035221183
CAND_04555,9.2,70.0,Bacharelado,Capitais,Híbrido,Não-binário,Indígena,0.5897735606213226
CAND_04556,6.6,52.0,Mestrado,Região Metropolitana,Presencial,Masculino,Indígena,0.4724317594238141
CAND_04557,3.2,39.0,Ensino Médio,Capitais,Híbrido,Feminino,Preta,0.23902164977186047
CAND_04558,8.6,51.0,Bacharelado,Interior,Presencial,Não-binário,Branca,0.5211991975919168
CAND_04559,5.9,48.0,Mestrado,Capitais,Remoto,Não-binário,Indígena,0.5728523608063724
CAND_04560,4.4,54.0,Bacharelado,Região Metropolitana,Presencial,Feminino,Indígena,0.36335197040525613
CAND_04561,4.3,49.0,Bacharelado,Capitais,Presencial,Não-binário,Indígena,0.47015615323419546
CAND_04562,6.2,51.0,Bacharelado,Capitais,Remoto,Masculino,Preta,0.5940062248817642
CAND_04563,6.3,64.0,Bacharelado,Capitais,Presencial,Não-binário,Branca,0.5385090916471484
CAND_04564,1.4,37.0,Bacharelado,Região Metropolitana,Híbrido,Não-binário,Amarela,0.14318592219931092
CAND_04565,3.9,45.0,Bacharelado,Região Metropolitana,Híbrido,Feminino,Branca,0.22779127146221348
CAND_04566,4.4,61.0,Bacharelado,Capitais,Presencial,Não-binário,Preta,0.4572182075415664
CAND_04567,3.1,58.0,Bacharelado,Capitais,Presencial,Feminino,Branca,0.5375068573451267
CAND_04568,8.8,32.0,Ensino Médio,Região Metropolitana,Presencial,Masculino,Branca,0.3631442246324251
CAND_04569,6.9,36.0,Bacharelado,Capitais,Híbrido,Feminino,Indígena,0.4827326961936391
CAND_04570,1.7,30.0,Bacharelado,Região Metropolitana,Presencial,Feminino,Amarela,0.2772293934577599
CAND_04571,9.2,45.0,Bacharelado,Capitais,Presencial,Não-binário,Parda,0.5694465171620307
CAND_04572,7.3,63.0,Bacharelado,Capitais,Híbrido,Não-binário,Parda,0.5349121457069208
CAND_04573,2.7,58.0,Mestrado,Interior,Remoto,Feminino,Preta,0.4783543435224526
CAND_04574,2.1,48.0,Bacharelado,Região Metropolitana,Híbrido,Feminino,Branca,0.6417130271013911
CAND_04575,4.4,25.0,Mestrado,Capitais,Presencial,Não-binário,Parda,0.4559030083219083
CAND_04576,0.6,67.0,Bacharelado,Capitais,Presencial,Masculino,Preta,0.49660573728549173
CAND_04577,8.4,43.0,Ensino Médio,Região Metropolitana,Híbrido,Feminino,Preta,0.3993891514432517
CAND_04578,3.4,45.0,Mestrado,Interior,Híbrido,Masculino,Preta,0.46766107740412377
CAND_04579,7.0,44.0,Mestrado,Capitais,Híbrido,Não-binário,Parda,0.5062959765576696
CAND_04580,4.6,28.0,Bacharelado,Interior,Remoto,Masculino,Preta,0.402589367553104
CAND_04581,3.5,73.0,Doutorado,Região Metropolitana,Híbrido,Feminino,Preta,0.5640407100454201
CAND_04582,6.0,76.0,Ensino Médio,Capitais,Presencial,Não-binário,Parda,0.43360709640641143
CAND_04583,5.4,47.0,Bacharelado,Região Metropolitana,Híbrido,Masculino,Branca,0.6828196723012163
CAND_04584,4.1,26.0,Bacharelado,Região Metropolitana,Remoto,Não-binário,Preta,0.3653295010070934
CAND_04585,4.5,66.0,Bacharelado,Capitais,Remoto,Não-binário,Branca,0.4370318975695636
CAND_04586,7.4,59.0,Mestrado,Interior,Remoto,Feminino,Branca,0.5146300394542649
CAND_04587,2.5,47.0,Mestrado,Capitais,Presencial,Feminino,Indígena,0.3764405896539998
CAND_04588,10.7,89.0,Bacharelado,Região Metropolitana,Remoto,Feminino,Preta,0.6416252418757409
CAND_04589,5.5,64.0,Bacharelado,Região Metropolitana,Presencial,Feminino,Parda,0.4305527870371093
CAND_04590,5.0,36.0,Bacharelado,Capitais,Presencial,Masculino,Indígena,0.39204046851417423
CAND_04591,6.2,25.0,Bacharelado,Capitais,Presencial,Feminino,Parda,0.5175628051206033
CAND_04592,4.3,44.0,Bacharelado,Interior,Presencial,Não-binário,Branca,0.2224226564628136
CAND_04593,2.2,81.0,Bacharelado,Capitais,Presencial,Masculino,Parda,0.4448986215069338
CAND_04594,6.3,45.0,Mestrado,Capitais,Remoto,Feminino,Branca,0.4264090981758807
CAND_04595,5.0,49.0,Mestrado,Capitais,Remoto,Não-binário,Amarela,0.4618544660304269
CAND_04596,7.1,33.0,Bacharelado,Capitais,Híbrido,Masculino,Branca,0.367022615127998
CAND_04597,5.1,43.0,Doutorado,Capitais,Híbrido,Feminino,Preta,0.5374554594752637
CAND_04598,3.0,49.0,Mestrado,Capitais,Presencial,Não-binário,Branca,0.40476706491062225
CAND_04599,4.1,53.0,Bacharelado,Região Metropolitana,Híbrido,Não-binário,Indígena,0.4790143551347525
CAND_04600,7.3,48.0,Bacharelado,Interior,Presencial,Feminino,Amarela,0.524794680697579
CAND_04601,4.1,47.0,Mestrado,Capitais,Híbrido,Não-binário,Amarela,0.4999634857847402
CAND_04602,8.3,39.0,Mestrado,Capitais,Presencial,Não-binário,Amarela,0.5522511091371535
CAND_04603,3.2,61.0,Bacharelado,Capitais,Híbrido,Não-binário,Amarela,0.23754974395355388
CAND_04604,4.8,67.0,Bacharelado,Região Metropolitana,Remoto,Masculino,Amarela,0.5133798707035565
CAND_04605,9.3,71.0,Mestrado,Região Metropolitana,Presencial,Não-binário,Indígena,0.5199130296199338
CAND_04606,6.0,34.0,Bacharelado,Capitais,Presencial,Masculino,Branca,0.33017047979192965
CAND_04607,9.2,28.0,Mestrado,Capitais,Híbrido,Não-binário,Amarela,0.5025993630206975
CAND_04608,8.4,49.0,Bacharelado,Região Metropolitana,Presencial,Não-binário,Amarela,0.5401317197841482
CAND_04609,0.0,64.0,Bacharelado,Capitais,Presencial,Masculino,Branca,0.3941164645498916
CAND_04610,2.9,50.0,Bacharelado,Capitais,Presencial,Masculino,Indígena,0.3200817484622556
CAND_04611,10.5,42.0,Doutorado,Região Metropolitana,Híbrido,Masculino,Parda,0.6375452289197058
CAND_04612,3.0,59.0,Bacharelado,Capitais,Híbrido,Feminino,Amarela,0.6449951199628965
CAND_04613,6.3,88.0,Bacharelado,Capitais,Híbrido,Não-binário,Parda,0.6947342095181916
CAND_04614,8.2,31.0,Ensino Médio,Capitais,Híbrido,Feminino,Amarela,0.5223245646016809
CAND_04615,9.3,70.0,Bacharelado,Região Metropolitana,Presencial,Feminino,Indígena,0.5777859731579871
CAND_04616,3.8,44.0,Bacharelado,Região Metropolitana,Remoto,Feminino,Amarela,0.32100342850803454
CAND_04617,7.3,40.0,Bacharelado,Região Metropolitana,Híbrido,Masculino,Parda,0.5372119439146044
CAND_04618,7.7,62.0,Mestrado,Região Metropolitana,Híbrido,Masculino,Amarela,0.8514142186230881
CAND_04619,1.6,46.0,Bacharelado,Capitais,Remoto,Não-binário,Parda,0.29213895535858997
CAND_04620,8.0,31.0,Bacharelado,Capitais,Presencial,Masculino,Indígena,0.381232552684749
CAND_04621,8.0,50.0,Doutorado,Capitais,Remoto,Não-binário,Preta,0.7453942129164041
CAND_04622,5.3,52.0,Bacharelado,Região Metropolitana,Híbrido,Não-binário,Indígena,0.3422873042673312
CAND_04623,7.5,49.0,Bacharelado,Interior,Híbrido,Feminino,Preta,0.48049172315803573
CAND_04624,8.6,51.0,Mestrado,Capitais,Remoto,Feminino,Preta,0.7365526239982692
CAND_04625,3.2,44.0,Mestrado,Capitais,Presencial,Não-binário,Indígena,0.45387178822960605
CAND_04626,8.8,64.0,Bacharelado,Região Metropolitana,Híbrido,Feminino,Amarela,0.3981618511515123
CAND_04627,11.1,54.0,Bacharelado,Região Metropolitana,Presencial,Masculino,Branca,0.4556730232671853
CAND_04628,12.2,25.0,Bacharelado,Região Metropolitana,Presencial,Masculino,Preta,0.3312883788741223
CAND_04629,4.8,23.0,Bacharelado,Região Metropolitana,Presencial,Masculino,Indígena,0.4096996670568789
CAND_04630,8.6,73.0,Bacharelado,Capitais,Remoto,Masculino,Indígena,0.5402411863167034
CAND_04631,4.9,62.0,Mestrado,Região Metropolitana,Híbrido,Feminino,Preta,0.6629493439026984
CAND_04632,1.5,54.0,Bacharelado,Região Metropolitana,Remoto,Não-binário,Amarela,0.3499677276335228
CAND_04633,4.9,42.0,Bacharelado,Capitais,Remoto,Não-binário,Indígena,0.4343679537232101
CAND_04634,6.2,56.0,Bacharelado,Capitais,Presencial,Não-binário,Parda,0.3830762840563208
CAND_04635,4.3,65.0,Bacharelado,Capitais,Presencial,Não-binário,Parda,0.5027121864346825
CAND_04636,2.2,53.0,Bacharelado,Capitais,Remoto,Feminino,Amarela,0.43551956241070355
CAND_04637,6.6,60.0,Ensino Médio,Região Metropolitana,Híbrido,Feminino,Branca,0.4423919149687665
CAND_04638,11.9,79.0,Ensino Médio,Capitais,Presencial,Feminino,Indígena,0.767488851225993
CAND_04639,4.2,32.0,Bacharelado,Capitais,Híbrido,Masculino,Indígena,0.3058986969709169
CAND_04640,5.9,47.0,Bacharelado,Região Metropolitana,Híbrido,Não-binário,Branca,0.39245827033510683
CAND_04641,5.1,66.0,Ensino Médio,Capitais,Remoto,Não-binário,Preta,0.4545654101715042
CAND_04642,7.4,36.0,Bacharelado,Capitais,Híbrido,Não-binário,Branca,0.5722038859177279
CAND_04643,5.1,47.0,Bacharelado,Capitais,Remoto,Masculino,Indígena,0.38591018698624646
CAND_04644,6.0,24.0,Mestrado,Região Metropolitana,Presencial,Feminino,Branca,0.44763258548605106
CAND_04645,8.3,80.0,Ensino Médio,Capitais,Remoto,Feminino,Indígena,0.6587556518230542
CAND_04646,8.5,44.0,Ensino Médio,Interior,Remoto,Feminino,Branca,0.6007513607270326
CAND_04647,10.5,48.0,Bacharelado,Capitais,Remoto,Masculino,Preta,0.4449947889619583
CAND_04648,4.2,41.0,Bacharelado,Capitais,Híbrido,Feminino,Parda,0.3570929785725638
CAND_04649,3.3,52.0,Bacharelado,Capitais,Híbrido,Feminino,Preta,0.5375291403132559
CAND_04650,0.0,52.0,Bacharelado,Interior,Presencial,Não-binário,Preta,0.276871965802835
CAND_04651,4.3,23.0,Bacharelado,Capitais,Remoto,Feminino,Branca,0.4545463044498787
CAND_04652,3.2,24.0,Mestrado,Capitais,Remoto,Feminino,Amarela,0.5172816759381461
CAND_04653,5.6,66.0,Bacharelado,Capitais,Presencial,Não-binário,Indígena,0.6408214586704467
CAND_04654,4.5,65.0,Mestrado,Capitais,Híbrido,Não-binário,Parda,0.49462212864113597
CAND_04655,0.0,61.0,Bacharelado,Interior,Presencial,Masculino,Indígena,0.41270248853364794
CAND_04656,0.3,25.0,Mestrado,Região Metropolitana,Remoto,Não-binário,Preta,0.3578597886092447
CAND_04657,2.7,66.0,Bacharelado,Capitais,Híbrido,Feminino,Indígena,0.522160136402089
CAND_04658,4.2,29.0,Bacharelado,Região Metropolitana,Híbrido,Feminino,Amarela,0.30025715189417584
CAND_04659,11.9,44.0,Mestrado,Capitais,Híbrido,Feminino,Preta,0.6756343899487809
CAND_04660,5.1,37.0,Mestrado,Capitais,Presencial,Feminino,Amarela,0.552722997643405
CAND_04661,5.2,94.0,Bacharelado,Região Metropolitana,Híbrido,Masculino,Preta,0.739004527188476
CAND_04662,3.7,51.0,Bacharelado,Interior,Remoto,Não-binário,Indígena,0.43252385611149297
CAND_04663,2.8,49.0,Mestrado,Capitais,Híbrido,Masculino,Parda,0.25996166393831366
CAND_04664,6.9,55.0,Doutorado,Capitais,Remoto,Feminino,Indígena,0.5921023393312274
CAND_04665,8.6,60.0,Bacharelado,Capitais,Híbrido,Feminino,Preta,0.42213998522533697
CAND_04666,11.1,37.0,Bacharelado,Região Metropolitana,Híbrido,Masculino,Parda,0.5687679507084604
CAND_04667,6.7,70.0,Bacharelado,Capitais,Remoto,Masculino,Indígena,0.5068513446740176
CAND_04668,3.8,46.0,Ensino Médio,Capitais,Híbrido,Masculino,Parda,0.3340160588142753
CAND_04669,6.0,14.0,Bacharelado,Região Metropolitana,Híbrido,Feminino,Indígena,0.2695006516686663
CAND_04670,7.6,36.0,Doutorado,Região Metropolitana,Híbrido,Não-binário,Parda,0.7075774199793037
CAND_04671,7.2,79.0,Bacharelado,Capitais,Remoto,Masculino,Amarela,0.69752679553572
CAND_04672,5.6,60.0,Bacharelado,Interior,Híbrido,Masculino,Indígena,0.48724864589335753
CAND_04673,6.0,44.0,Ensino Médio,Capitais,Remoto,Feminino,Indígena,0.5129491151821973
CAND_04674,6.4,62.0,Mestrado,Região Metropolitana,Híbrido,Masculino,Indígena,0.6534482594570084
CAND_04675,2.8,28.0,Bacharelado,Capitais,Híbrido,Feminino,Indígena,0.41491610876918206
CAND_04676,0.0,63.0,Doutorado,Região Metropolitana,Presencial,Masculino,Indígena,0.25880593036999244
CAND_04677,5.2,72.0,Bacharelado,Capitais,Híbrido,Não-binário,Preta,0.7975107700425268
CAND_04678,7.5,39.0,Bacharelado,Capitais,Presencial,Masculino,Branca,0.5787354592994409
CAND_04679,0.7,60.0,Bacharelado,Capitais,Presencial,Não-binário,Indígena,0.3903657411331805
CAND_04680,3.0,67.0,Mestrado,Capitais,Híbrido,Feminino,Indígena,0.6200648098698319
CAND_04681,0.0,19.0,Bacharelado,Capitais,Remoto,Masculino,Amarela,0.21254582498526187
CAND_04682,3.1,35.0,Mestrado,Capitais,Híbrido,Não-binário,Preta,0.5176301673318856
CAND_04683,0.7,46.0,Bacharelado,Capitais,Presencial,Feminino,Amarela,0.3895302878880653
CAND_04684,0.0,60.0,Mestrado,Região Metropolitana,Híbrido,Não-binário,Indígena,0.29133315528877235
CAND_04685,2.2,54.0,Ensino Médio,Região Metropolitana,Presencial,Masculino,Amarela,0.30986274773190614
CAND_04686,3.5,51.0,Bacharelado,Região Metropolitana,Híbrido,Feminino,Indígena,0.5800027243353442
CAND_04687,3.8,50.0,Bacharelado,Interior,Híbrido,Feminino,Indígena,0.3323887755507452
CAND_04688,3.5,39.0,Mestrado,Capitais,Remoto,Não-binário,Amarela,0.44559309126047697
CAND_04689,4.6,26.0,Bacharelado,Capitais,Presencial,Masculino,Parda,0.496889615667805
CAND_04690,10.1,52.0,Bacharelado,Capitais,Presencial,Não-binário,Amarela,0.6781299556567915
CAND_04691,3.2,47.0,Bacharelado,Capitais,Remoto,Não-binário,Preta,0.3642298615249933
CAND_04692,9.4,49.0,Ensino Médio,Capitais,Remoto,Não-binário,Parda,0.4418938058675688
CAND_04693,10.0,46.0,Doutorado,Capitais,Remoto,Masculino,Parda,0.5024887580502998
CAND_04694,3.8,59.0,Mestrado,Capitais,Presencial,Feminino,Parda,0.5942781218237281
CAND_04695,1.1,31.0,Bacharelado,Região Metropolitana,Presencial,Feminino,Branca,0.2712693745395505
CAND_04696,6.1,54.0,Bacharelado,Região Metropolitana,Híbrido,Masculino,Indígena,0.514433515265416
CAND_04697,9.8,28.0,Mestrado,Região Metropolitana,Remoto,Feminino,Preta,0.777115125916418
CAND_04698,0.0,54.0,Bacharelado,Região Metropolitana,Remoto,Não-binário,Parda,0.38057619788096314
CAND_04699,4.2,55.0,Mestrado,Capitais,Híbrido,Não-binário,Indígena,0.5740689076507044
CAND_04700,5.4,32.0,Mestrado,Capitais,Híbrido,Masculino,Parda,0.5257594457777806
CAND_04701,10.2,66.0,Bacharelado,Capitais,Remoto,Masculino,Indígena,0.572184723852449
CAND_04702,0.0,60.0,Bacharelado,Capitais,Remoto,Masculino,Preta,0.3673420817478719
CAND_04703,6.2,43.0,Bacharelado,Região Metropolitana,Híbrido,Masculino,Indígena,0.3515282905936507
CAND_04704,7.2,43.0,Bacharelado,Capitais,Híbrido,Masculino,Branca,0.38952857074228814
CAND_04705,2.4,48.0,Bacharelado,Capitais,Híbrido,Feminino,Parda,0.39133518101253
CAND_04706,5.8,34.0,Mestrado,Capitais,Híbrido,Masculino,Indígena,0.4326818301836284
CAND_04707,6.0,43.0,Doutorado,Região Metropolitana,Remoto,Não-binário,Parda,0.46094863175015477
CAND_04708,8.6,66.0,Bacharelado,Região Metropolitana,Híbrido,Não-binário,Parda,0.5497384474759843
CAND_04709,9.0,68.0,Ensino Médio,Capitais,Presencial,Feminino,Parda,0.44670845173594975
CAND_04710,6.0,73.0,Bacharelado,Interior,Presencial,Não-binário,Parda,0.5145099146777771
CAND_04711,5.6,61.0,Mestrado,Capitais,Remoto,Masculino,Preta,0.6506062963503647
CAND_04712,1.2,51.0,Mestrado,Interior,Híbrido,Masculino,Amarela,0.48847481193491815
CAND_04713,5.2,42.0,Bacharelado,Interior,Híbrido,Feminino,Preta,0.40074573974532757
CAND_04714,5.2,38.0,Bacharelado,Capitais,Presencial,Feminino,Branca,0.24046839823800004
CAND_04715,2.4,47.0,Mestrado,Região Metropolitana,Presencial,Não-binário,Preta,0.5591948516408867
CAND_04716,7.6,59.0,Bacharelado,Capitais,Híbrido,Não-binário,Indígena,0.5358675731147018
CAND_04717,6.0,50.0,Doutorado,Capitais,Híbrido,Não-binário,Indígena,0.658332223087665
CAND_04718,5.8,45.0,Bacharelado,Capitais,Híbrido,Feminino,Indígena,0.2696185369592814
CAND_04719,6.6,81.0,Bacharelado,Região Metropolitana,Presencial,Não-binário,Parda,0.7009226735811089
CAND_04720,2.3,28.0,Bacharelado,Região Metropolitana,Remoto,Masculino,Branca,0.14661596502988017
CAND_04721,0.6,58.0,Bacharelado,Capitais,Presencial,Feminino,Preta,0.38850072735192615
CAND_04722,6.7,20.0,Bacharelado,Capitais,Híbrido,Feminino,Amarela,0.29439652069207284
CAND_04723,0.6,44.0,Bacharelado,Capitais,Híbrido,Feminino,Indígena,0.29456214049865714
CAND_04724,11.2,36.0,Bacharelado,Capitais,Remoto,Feminino,Amarela,0.47747116220742014
CAND_04725,4.7,48.0,Mestrado,Região Metropolitana,Híbrido,Masculino,Preta,0.3950658493071641
CAND_04726,4.4,48.0,Bacharelado,Capitais,Híbrido,Masculino,Preta,0.38351211660974227
CAND_04727,7.7,34.0,Mestrado,Capitais,Híbrido,Não-binário,Amarela,0.4948940823441032
CAND_04728,6.0,38.0,Bacharelado,Capitais,Híbrido,Feminino,Amarela,0.4378141681305889
CAND_04729,10.2,36.0,Doutorado,Região Metropolitana,Remoto,Não-binário,Branca,0.6068240511724161
CAND_04730,8.0,85.0,Bacharelado,Capitais,Híbrido,Feminino,Preta,0.739137143422243
CAND_04731,5.3,30.0,Mestrado,Região Metropolitana,Presencial,Feminino,Indígena,0.4727787894769637
CAND_04732,3.4,56.0,Bacharelado,Interior,Híbrido,Não-binário,Parda,0.49497121313273085
CAND_04733,8.7,18.0,Bacharelado,Interior,Híbrido,Masculino,Branca,0.5119741273268055
CAND_04734,1.6,47.0,Bacharelado,Capitais,Híbrido,Feminino,Amarela,0.38311909315839043
CAND_04735,4.8,69.0,Mestrado,Capitais,Remoto,Não-binário,Branca,0.852908854003732
CAND_04736,4.8,67.0,Ensino Médio,Região Metropolitana,Remoto,Não-binário,Parda,0.5417073840023702
CAND_04737,3.9,49.0,Bacharelado,Região Metropolitana,Remoto,Masculino,Preta,0.39004408260131573
CAND_04738,12.7,60.0,Bacharelado,Capitais,Presencial,Feminino,Amarela,0.6719193730057793
CAND_04739,10.0,49.0,Mestrado,Capitais,Híbrido,Não-binário,Branca,0.7148244518710964
CAND_04740,7.6,50.0,Doutorado,Capitais,Presencial,Não-binário,Preta,0.48182142987373755
CAND_04741,13.0,30.0,Bacharelado,Região Metropolitana,Remoto,Masculino,Amarela,0.3373280213590011
CAND_04742,8.6,32.0,Ensino Médio,Região Metropolitana,Híbrido,Masculino,Parda,0.3976065805166446
CAND_04743,5.8,47.0,Mestrado,Capitais,Remoto,Feminino,Indígena,0.22020652875525276
CAND_04744,3.9,68.0,Ensino Médio,Capitais,Híbrido,Feminino,Branca,0.39254931990358055
CAND_04745,1.8,66.0,Bacharelado,Capitais,Remoto,Masculino,Preta,0.45330817799287837
CAND_04746,2.9,32.0,Bacharelado,Capitais,Presencial,Feminino,Branca,0.37548848943249513
CAND_04747,5.2,51.0,Bacharelado,Capitais,Presencial,Masculino,Indígena,0.3282374651153033
CAND_04748,1.3,74.0,Mestrado,Região Metropolitana,Presencial,Feminino,Parda,0.7462638927667502
CAND_04749,0.4,62.0,Bacharelado,Capitais,Remoto,Não-binário,Amarela,0.42844177650380616
CAND_04750,8.4,52.0,Bacharelado,Região Metropolitana,Presencial,Feminino,Branca,0.42685862559088383
CAND_04751,0.7,38.0,Mestrado,Região Metropolitana,Presencial,Masculino,Parda,0.4574004629979884
CAND_04752,4.8,54.0,Bacharelado,Capitais,Remoto,Feminino,Indígena,0.4016015470788239
CAND_04753,7.6,63.0,Ensino Médio,Região Metropolitana,Híbrido,Não-binário,Parda,0.6054429321066256
CAND_04754,4.8,47.0,Bacharelado,Região Metropolitana,Remoto,Não-binário,Indígena,0.5812654504304953
CAND_04755,2.3,55.0,Doutorado,Região Metropolitana,Remoto,Feminino,Indígena,0.47360982034985427
CAND_04756,7.6,37.0,Mestrado,Capitais,Híbrido,Masculino,Preta,0.5078194209278235
CAND_04757,1.9,58.0,Mestrado,Capitais,Presencial,Feminino,Parda,0.5719396696489252
CAND_04758,8.2,48.0,Bacharelado,Capitais,Remoto,Não-binário,Amarela,0.527296878151287
CAND_04759,3.9,39.0,Mestrado,Região Metropolitana,Híbrido,Feminino,Parda,0.5207392436238563
CAND_04760,6.8,65.0,Bacharelado,Capitais,Remoto,Não-binário,Branca,0.4974186896012312
CAND_04761,5.8,69.0,Bacharelado,Capitais,Presencial,Não-binário,Preta,0.8056022322682045
CAND_04762,8.9,22.0,Bacharelado,Capitais,Híbrido,Masculino,Parda,0.34824537477126255
CAND_04763,3.5,44.0,Bacharelado,Interior,Remoto,Masculino,Preta,0.41779201227444246
CAND_04764,6.8,41.0,Bacharelado,Capitais,Híbrido,Masculino,Preta,0.36716857072196174
CAND_04765,2.7,47.0,Bacharelado,Capitais,Presencial,Masculino,Parda,0.3429315401994097
CAND_04766,1.6,58.0,Mestrado,Região Metropolitana,Remoto,Masculino,Preta,0.46510904761842253
CAND_04767,5.9,26.0,Bacharelado,Capitais,Híbrido,Feminino,Amarela,0.28160599209755827
CAND_04768,7.3,65.0,Mestrado,Região Metropolitana,Remoto,Não-binário,Parda,0.3121406470182442
CAND_04769,6.8,39.0,Bacharelado,Capitais,Híbrido,Masculino,Branca,0.5551428887815549
CAND_04770,6.4,38.0,Ensino Médio,Região Metropolitana,Presencial,Não-binário,Amarela,0.20613863991789427
CAND_04771,5.1,56.0,Bacharelado,Região Metropolitana,Híbrido,Feminino,Amarela,0.6330798087675789
CAND_04772,8.4,70.0,Ensino Médio,Região Metropolitana,Remoto,Feminino,Preta,0.547217089498695
CAND_04773,2.7,56.0,Mestrado,Capitais,Híbrido,Não-binário,Preta,0.3480451973412038
CAND_04774,2.0,51.0,Bacharelado,Capitais,Híbrido,Não-binário,Amarela,0.3519823024022999
CAND_04775,6.7,39.0,Bacharelado,Capitais,Remoto,Não-binário,Amarela,0.5424915294641617
CAND_04776,3.3,50.0,Bacharelado,Região Metropolitana,Híbrido,Não-binário,Indígena,0.41244884628275
CAND_04777,2.3,42.0,Bacharelado,Interior,Híbrido,Não-binário,Parda,0.31003656773096633
CAND_04778,6.9,28.0,Bacharelado,Região Metropolitana,Híbrido,Masculino,Branca,0.3642030324398231
CAND_04779,8.0,52.0,Doutorado,Região Metropolitana,Híbrido,Não-binário,Parda,0.5569335385603774
CAND_04780,5.5,65.0,Bacharelado,Capitais,Híbrido,Feminino,Indígena,0.5021735090771551
CAND_04781,0.0,46.0,Mestrado,Interior,Híbrido,Feminino,Amarela,0.26729445662761575
CAND_04782,11.5,76.0,Bacharelado,Capitais,Híbrido,Masculino,Preta,0.6850731622610116
CAND_04783,8.1,43.0,Mestrado,Capitais,Presencial,Feminino,Preta,0.521611647142906
CAND_04784,0.0,36.0,Bacharelado,Capitais,Híbrido,Masculino,Indígena,0.347692931973911
CAND_04785,0.0,85.0,Bacharelado,Capitais,Presencial,Não-binário,Preta,0.4637056275403552
CAND_04786,5.7,51.0,Bacharelado,Capitais,Remoto,Masculino,Branca,0.42776063029053935
CAND_04787,6.6,46.0,Bacharelado,Capitais,Híbrido,Masculino,Parda,0.39014034413390525
CAND_04788,2.9,51.0,Bacharelado,Capitais,Híbrido,Não-binário,Branca,0.5036275881769611
CAND_04789,5.4,52.0,Bacharelado,Capitais,Presencial,Não-binário,Branca,0.49783418904083426
CAND_04790,7.2,42.0,Bacharelado,Região Metropolitana,Remoto,Feminino,Parda,0.6699196047825531
CAND_04791,7.0,51.0,Bacharelado,Região Metropolitana,Remoto,Não-binário,Preta,0.5049704629636399
CAND_04792,2.0,42.0,Bacharelado,Capitais,Híbrido,Não-binário,Indígena,0.3642488484014269
CAND_04793,11.2,31.0,Bacharelado,Interior,Presencial,Feminino,Parda,0.5627944912416941
CAND_04794,9.8,40.0,Bacharelado,Interior,Presencial,Feminino,Amarela,0.521344595254885
CAND_04795,7.7,36.0,Mestrado,Capitais,Presencial,Masculino,Parda,0.5450007858485467
CAND_04796,2.2,48.0,Ensino Médio,Região Metropolitana,Híbrido,Não-binário,Branca,0.30944836730016073
CAND_04797,8.5,40.0,Mestrado,Capitais,Presencial,Feminino,Indígena,0.39726008085314457
CAND_04798,2.3,77.0,Bacharelado,Capitais,Presencial,Masculino,Amarela,0.3018393895541477
CAND_04799,7.1,53.0,Bacharelado,Capitais,Remoto,Masculino,Indígena,0.5538476763525346
CAND_04800,6.1,18.0,Bacharelado,Região Metropolitana,Híbrido,Feminino,Amarela,0.32813325283518974
CAND_04801,7.5,29.0,Bacharelado,Região Metropolitana,Presencial,Feminino,Indígena,0.3501910773530892
CAND_04802,3.7,50.0,Bacharelado,Região Metropolitana,Híbrido,Feminino,Indígena,0.3933189065980413
CAND_04803,9.0,59.0,Bacharelado,Região Metropolitana,Remoto,Não-binário,Branca,0.41455051483291583
CAND_04804,6.0,55.0,Bacharelado,Região Metropolitana,Remoto,Masculino,Parda,0.6475092464134954
CAND_04805,2.8,57.0,Bacharelado,Capitais,Presencial,Masculino,Branca,0.48035137684058526
CAND_04806,7.1,39.0,Bacharelado,Capitais,Presencial,Feminino,Indígena,0.46880285504089864
CAND_04807,6.2,80.0,Mestrado,Região Metropolitana,Híbrido,Feminino,Amarela,0.6087574078083893
CAND_04808,7.6,40.0,Ensino Médio,Capitais,Híbrido,Masculino,Amarela,0.4665897817924713
CAND_04809,3.3,63.0,Doutorado,Capitais,Presencial,Não-binário,Indígena,0.4993216613116503
CAND_04810,4.2,28.0,Bacharelado,Capitais,Híbrido,Feminino,Amarela,0.2304594556375112
CAND_04811,5.6,28.0,Mestrado,Capitais,Remoto,Não-binário,Parda,0.5418960417004166
CAND_04812,3.2,56.0,Bacharelado,Capitais,Remoto,Feminino,Amarela,0.39669995613499054
CAND_04813,2.9,61.0,Mestrado,Região Metropolitana,Remoto,Não-binário,Indígena,0.4728304056612567
CAND_04814,1.2,37.0,Bacharelado,Capitais,Híbrido,Masculino,Branca,0.2392522074923467
CAND_04815,5.0,66.0,Mestrado,Região Metropolitana,Híbrido,Feminino,Amarela,0.42236992004925616
CAND_04816,3.1,56.0,Bacharelado,Capitais,Híbrido,Feminino,Branca,0.4880237433333764
CAND_04817,3.0,53.0,Bacharelado,Capitais,Remoto,Feminino,Amarela,0.42946514847163475
CAND_04818,3.2,55.0,Mestrado,Região Metropolitana,Presencial,Não-binário,Indígena,0.48448041358798805
CAND_04819,0.8,53.0,Bacharelado,Capitais,Remoto,Não-binário,Parda,0.3344819066038245
CAND_04820,3.3,35.0,Mestrado,Região Metropolitana,Presencial,Masculino,Parda,0.2967182594978483
CAND_04821,5.5,75.0,Ensino Médio,Região Metropolitana,Remoto,Não-binário,Branca,0.6115631243853537
CAND_04822,3.1,62.0,Doutorado,Capitais,Remoto,Não-binário,Branca,0.4020158613173044
CAND_04823,0.6,48.0,Bacharelado,Região Metropolitana,Presencial,Masculino,Branca,0.211785891244706
CAND_04824,7.8,66.0,Mestrado,Capitais,Presencial,Feminino,Indígena,0.4770367421094003
CAND_04825,4.1,73.0,Ensino Médio,Capitais,Híbrido,Não-binário,Preta,0.7880478720889789
CAND_04826,4.6,64.0,Bacharelado,Região Metropolitana,Presencial,Feminino,Amarela,0.48000902740738954
CAND_04827,2.3,57.0,Bacharelado,Região Metropolitana,Remoto,Feminino,Preta,0.38325829812065737
CAND_04828,2.3,40.0,Bacharelado,Interior,Remoto,Masculino,Branca,0.22362006791438602
CAND_04829,5.4,40.0,Mestrado,Região Metropolitana,Híbrido,Masculino,Indígena,0.42301796763395794
CAND_04830,0.0,21.0,Mestrado,Região Metropolitana,Híbrido,Feminino,Preta,0.4396799672688958
CAND_04831,0.0,54.0,Bacharelado,Região Metropolitana,Remoto,Masculino,Branca,0.4811868202948382
CAND_04832,6.3,49.0,Bacharelado,Região Metropolitana,Remoto,Não-binário,Branca,0.29016187871674337
CAND_04833,6.0,15.0,Bacharelado,Capitais,Híbrido,Não-binário,Indígena,0.27542345968004606
CAND_04834,2.3,14.0,Mestrado,Região Metropolitana,Remoto,Feminino,Indígena,0.48835115982136
CAND_04835,3.9,75.0,Mestrado,Capitais,Presencial,Não-binário,Indígena,0.5743184709514249
CAND_04836,3.1,24.0,Bacharelado,Capitais,Presencial,Não-binário,Preta,0.1759517128629481
CAND_04837,1.0,57.0,Bacharelado,Capitais,Híbrido,Feminino,Parda,0.35610694155262124
CAND_04838,4.2,27.0,Bacharelado,Capitais,Híbrido,Não-binário,Parda,0.3611837963625526
CAND_04839,4.0,71.0,Bacharelado,Região Metropolitana,Híbrido,Não-binário,Branca,0.7298880563763963
CAND_04840,8.2,59.0,Bacharelado,Região Metropolitana,Presencial,Masculino,Amarela,0.47380342245042645
CAND_04841,1.3,58.0,Bacharelado,Capitais,Remoto,Não-binário,Indígena,0.4421533868387249
CAND_04842,12.8,35.0,Bacharelado,Capitais,Remoto,Masculino,Branca,0.43359130464482676
CAND_04843,1.6,56.0,Bacharelado,Capitais,Híbrido,Masculino,Amarela,0.38355880216731353
CAND_04844,6.5,43.0,Mestrado,Capitais,Presencial,Não-binário,Parda,0.5661699073327164
CAND_04845,5.1,27.0,Bacharelado,Capitais,Remoto,Não-binário,Branca,0.23481672132897818
CAND_04846,12.6,45.0,Bacharelado,Capitais,Híbrido,Masculino,Amarela,0.6422445436203892
CAND_04847,7.3,37.0,Bacharelado,Interior,Presencial,Masculino,Preta,0.6382594675442215
CAND_04848,7.0,35.0,Mestrado,Capitais,Híbrido,Masculino,Amarela,0.5120084664277837
CAND_04849,8.8,53.0,Bacharelado,Capitais,Presencial,Feminino,Indígena,0.6487107808016759
CAND_04850,4.5,28.0,Bacharelado,Capitais,Presencial,Feminino,Preta,0.20880090271714244
CAND_04851,3.5,72.0,Mestrado,Região Metropolitana,Híbrido,Feminino,Preta,0.5185771255062745
CAND_04852,6.6,62.0,Bacharelado,Região Metropolitana,Presencial,Feminino,Parda,0.32148602926223646
CAND_04853,3.8,46.0,Bacharelado,Região Metropolitana,Presencial,Masculino,Indígena,0.43415131250878275
CAND_04854,4.6,73.0,Bacharelado,Capitais,Híbrido,Masculino,Indígena,0.5675716097251982
CAND_04855,7.8,38.0,Bacharelado,Interior,Remoto,Feminino,Parda,0.43829499275959716
CAND_04856,0.9,53.0,Bacharelado,Capitais,Remoto,Não-binário,Preta,0.378288461776123
CAND_04857,5.2,55.0,Bacharelado,Região Metropolitana,Presencial,Feminino,Preta,0.5671013160937993
CAND_04858,4.5,31.0,Bacharelado,Capitais,Presencial,Não-binário,Amarela,0.33173751454956973
CAND_04859,4.1,63.0,Bacharelado,Região Metropolitana,Remoto,Feminino,Amarela,0.560015307331408
CAND_04860,6.5,37.0,Bacharelado,Capitais,Híbrido,Feminino,Branca,0.43183261157456526
CAND_04861,0.5,60.0,Bacharelado,Região Metropolitana,Híbrido,Masculino,Parda,0.46215617995576397
CAND_04862,2.4,51.0,Bacharelado,Capitais,Remoto,Feminino,Preta,0.3911255619579593
CAND_04863,3.6,38.0,Bacharelado,Região Metropolitana,Remoto,Masculino,Amarela,0.5598395475150886
CAND_04864,1.0,47.0,Bacharelado,Capitais,Híbrido,Não-binário,Parda,0.24742173777113752
CAND_04865,8.5,57.0,Mestrado,Capitais,Remoto,Feminino,Branca,0.7089655830202992
CAND_04866,3.0,59.0,Ensino Médio,Capitais,Híbrido,Masculino,Parda,0.3681278101517801
CAND_04867,11.0,23.0,Bacharelado,Região Metropolitana,Remoto,Masculino,Parda,0.47850603321270424
CAND_04868,3.5,57.0,Ensino Médio,Região Metropolitana,Híbrido,Não-binário,Preta,0.42579952459337056
CAND_04869,2.6,37.0,Bacharelado,Região Metropolitana,Híbrido,Masculino,Indígena,0.3459252138571834
CAND_04870,7.4,31.0,Bacharelado,Região Metropolitana,Híbrido,Masculino,Branca,0.5599115746275385
CAND_04871,2.3,49.0,Doutorado,Capitais,Híbrido,Masculino,Preta,0.4061981641739032
CAND_04872,0.0,35.0,Bacharelado,Capitais,Presencial,Não-binário,Preta,0.3711247763029223
CAND_04873,6.5,49.0,Bacharelado,Região Metropolitana,Híbrido,Não-binário,Amarela,0.5910288855152636
CAND_04874,10.2,38.0,Bacharelado,Capitais,Híbrido,Masculino,Preta,0.5690815921125925
CAND_04875,0.1,54.0,Bacharelado,Capitais,Remoto,Feminino,Indígena,0.4999066462396243
CAND_04876,6.3,62.0,Doutorado,Capitais,Remoto,Feminino,Indígena,0.49312033424758495
CAND_04877,8.3,67.0,Mestrado,Capitais,Híbrido,Não-binário,Amarela,0.6562150277802044
CAND_04878,5.4,38.0,Ensino Médio,Capitais,Remoto,Não-binário,Branca,0.3995352038704682
CAND_04879,8.9,44.0,Bacharelado,Capitais,Híbrido,Feminino,Indígena,0.48246979271035434
CAND_04880,4.5,34.0,Bacharelado,Interior,Híbrido,Não-binário,Amarela,0.3415873120553443
CAND_04881,2.5,41.0,Bacharelado,Região Metropolitana,Híbrido,Masculino,Amarela,0.41431430310594763
CAND_04882,2.3,38.0,Doutorado,Capitais,Híbrido,Feminino,Parda,0.3448034298430886
CAND_04883,6.4,56.0,Mestrado,Capitais,Presencial,Não-binário,Branca,0.6508997892207565
CAND_04884,4.4,47.0,Bacharelado,Capitais,Híbrido,Não-binário,Parda,0.4870458272900716
CAND_04885,3.9,49.0,Bacharelado,Região Metropolitana,Híbrido,Masculino,Branca,0.37078692521195583
CAND_04886,7.4,63.0,Bacharelado,Capitais,Presencial,Não-binário,Amarela,0.5048478291401186
CAND_04887,8.8,63.0,Mestrado,Região Metropolitana,Remoto,Não-binário,Branca,0.5128431597280869
CAND_04888,4.2,42.0,Ensino Médio,Região Metropolitana,Híbrido,Feminino,Parda,0.3235904355762677
CAND_04889,1.7,0.0,Mestrado,Capitais,Híbrido,Feminino,Indígena,0.21290118679059025
CAND_04890,8.4,64.0,Bacharelado,Capitais,Híbrido,Masculino,Indígena,0.6326561701835041
CAND_04891,10.6,63.0,Bacharelado,Capitais,Híbrido,Masculino,Indígena,0.6003235637748428
CAND_04892,1.3,39.0,Bacharelado,Capitais,Presencial,Não-binário,Indígena,0.49613286284169844
CAND_04893,3.3,54.0,Bacharelado,Região Metropolitana,Híbrido,Feminino,Parda,0.1287721550667731
CAND_04894,10.8,75.0,Doutorado,Capitais,Híbrido,Não-binário,Amarela,0.77393877392023
CAND_04895,4.3,75.0,Bacharelado,Interior,Híbrido,Feminino,Branca,0.5800983380866188
CAND_04896,11.1,33.0,Mestrado,Capitais,Híbrido,Masculino,Parda,0.42987783415555686
CAND_04897,4.6,44.0,Bacharelado,Região Metropolitana,Híbrido,Feminino,Indígena,0.44460215918698964
CAND_04898,6.2,24.0,Bacharelado,Capitais,Híbrido,Feminino,Branca,0.33193708905252334
CAND_04899,1.1,43.0,Bacharelado,Capitais,Híbrido,Masculino,Preta,0.4969426469652846
CAND_04900,0.0,41.0,Bacharelado,Capitais,Presencial,Não-binário,Parda,0.2505359345391744
CAND_04901,4.3,12.0,Bacharelado,Capitais,Remoto,Feminino,Parda,0.2784121171079084
CAND_04902,5.7,66.0,Bacharelado,Região Metropolitana,Presencial,Masculino,Parda,0.5366959376573339
CAND_04903,7.0,71.0,Mestrado,Capitais,Híbrido,Feminino,Amarela,0.4408826122276651
CAND_04904,9.4,69.0,Bacharelado,Capitais,Remoto,Feminino,Indígena,0.7143896506651155
CAND_04905,4.0,64.0,Bacharelado,Região Metropolitana,Remoto,Feminino,Indígena,0.4159250202391242
CAND_04906,6.0,24.0,Bacharelado,Capitais,Híbrido,Não-binário,Preta,0.3217708515011331
CAND_04907,4.8,78.0,Mestrado,Capitais,Híbrido,Feminino,Amarela,0.5505357144272172
CAND_04908,2.4,51.0,Mestrado,Região Metropolitana,Híbrido,Não-binário,Amarela,0.2875372549855249
CAND_04909,5.6,57.0,Doutorado,Capitais,Presencial,Não-binário,Preta,0.5468530697609577
CAND_04910,10.5,66.0,Bacharelado,Capitais,Híbrido,Não-binário,Parda,0.6947806448744469
CAND_04911,7.7,58.0,Mestrado,Capitais,Híbrido,Não-binário,Parda,0.6267507431283249
CAND_04912,6.4,75.0,Bacharelado,Capitais,Presencial,Não-binário,Preta,0.7926653130953795
CAND_04913,3.0,39.0,Mestrado,Região Metropolitana,Presencial,Masculino,Amarela,0.41105548051634583
CAND_04914,3.6,72.0,Bacharelado,Capitais,Híbrido,Não-binário,Branca,0.4905967409535403
CAND_04915,5.6,28.0,Bacharelado,Capitais,Remoto,Masculino,Parda,0.44473820367926625
CAND_04916,6.7,56.0,Ensino Médio,Região Metropolitana,Híbrido,Feminino,Parda,0.46840496407044263
CAND_04917,4.6,42.0,Bacharelado,Interior,Híbrido,Não-binário,Preta,0.42040526865311284
CAND_04918,5.0,53.0,Bacharelado,Capitais,Híbrido,Masculino,Branca,0.3587579375206826
CAND_04919,1.7,69.0,Bacharelado,Capitais,Híbrido,Masculino,Amarela,0.5291637277251104
CAND_04920,4.1,66.0,Bacharelado,Capitais,Presencial,Não-binário,Amarela,0.7040427182471375
CAND_04921,5.7,50.0,Mestrado,Capitais,Remoto,Masculino,Preta,0.6353202450044048
CAND_04922,5.7,32.0,Mestrado,Capitais,Remoto,Não-binário,Branca,0.6479885984037774
CAND_04923,9.0,32.0,Bacharelado,Capitais,Presencial,Feminino,Indígena,0.4133777127494336
CAND_04924,2.4,68.0,Bacharelado,Capitais,Presencial,Não-binário,Amarela,0.3541024920485089
CAND_04925,4.3,52.0,Bacharelado,Capitais,Híbrido,Feminino,Amarela,0.39699657425313467
CAND_04926,10.5,40.0,Mestrado,Capitais,Remoto,Não-binário,Indígena,0.4611106786555199
CAND_04927,1.4,36.0,Mestrado,Capitais,Híbrido,Feminino,Preta,0.559162299866216
CAND_04928,4.4,59.0,Bacharelado,Capitais,Remoto,Feminino,Amarela,0.4867929027087427
CAND_04929,9.9,77.0,Mestrado,Interior,Híbrido,Masculino,Indígena,0.5112058408829318
CAND_04930,10.2,46.0,Mestrado,Capitais,Presencial,Masculino,Amarela,0.570373857626281
CAND_04931,4.9,65.0,Bacharelado,Capitais,Remoto,Não-binário,Branca,0.5618989573112523
CAND_04932,2.3,33.0,Bacharelado,Região Metropolitana,Presencial,Não-binário,Indígena,0.3063397902407822
CAND_04933,4.3,62.0,Bacharelado,Capitais,Remoto,Não-binário,Parda,0.4493477757383534
CAND_04934,5.2,73.0,Bacharelado,Capitais,Híbrido,Não-binário,Preta,0.5920638407402233
CAND_04935,5.0,39.0,Bacharelado,Região Metropolitana,Presencial,Feminino,Preta,0.27662371540869346
CAND_04936,9.4,62.0,Bacharelado,Região Metropolitana,Híbrido,Masculino,Parda,0.5737934658064301
CAND_04937,3.1,53.0,Bacharelado,Região Metropolitana,Remoto,Masculino,Amarela,0.21900181754088807
CAND_04938,6.5,49.0,Bacharelado,Capitais,Presencial,Não-binário,Preta,0.5356477258186667
CAND_04939,5.0,28.0,Bacharelado,Capitais,Remoto,Masculino,Amarela,0.4239917535924929
CAND_04940,5.5,32.0,Doutorado,Capitais,Remoto,Masculino,Amarela,0.5016207977714667
CAND_04941,5.8,56.0,Ensino Médio,Interior,Híbrido,Não-binário,Amarela,0.47533321495110986
CAND_04942,3.4,48.0,Mestrado,Capitais,Híbrido,Masculino,Branca,0.41449095209465364
CAND_04943,8.0,55.0,Mestrado,Interior,Presencial,Não-binário,Indígena,0.6118099894487343
CAND_04944,6.8,71.0,Mestrado,Interior,Remoto,Masculino,Amarela,0.6811302607202403
CAND_04945,6.8,28.0,Bacharelado,Interior,Presencial,Masculino,Indígena,0.43217113676548113
CAND_04946,2.7,71.0,Mestrado,Interior,Híbrido,Não-binário,Branca,0.5794797139214367
CAND_04947,10.0,33.0,Bacharelado,Capitais,Remoto,Não-binário,Branca,0.6127673276096466
CAND_04948,5.7,47.0,Bacharelado,Região Metropolitana,Presencial,Não-binário,Parda,0.43758474800479946
CAND_04949,3.9,42.0,Mestrado,Capitais,Remoto,Masculino,Parda,0.39356921607874057
CAND_04950,2.3,36.0,Bacharelado,Região Metropolitana,Híbrido,Masculino,Parda,0.30442172743173085
CAND_04951,3.1,80.0,Bacharelado,Interior,Híbrido,Feminino,Parda,0.4356187964340692
CAND_04952,4.5,53.0,Bacharelado,Região Metropolitana,Remoto,Não-binário,Preta,0.37613799091609124
CAND_04953,0.0,72.0,Bacharelado,Região Metropolitana,Presencial,Não-binário,Branca,0.4841605275074861
CAND_04954,10.0,34.0,Bacharelado,Capitais,Híbrido,Não-binário,Indígena,0.4204762643252049
CAND_04955,7.1,49.0,Bacharelado,Região Metropolitana,Híbrido,Não-binário,Amarela,0.6106772512672347
CAND_04956,8.7,31.0,Bacharelado,Capitais,Presencial,Não-binário,Amarela,0.23819798478195287
CAND_04957,4.6,27.0,Bacharelado,Capitais,Híbrido,Não-binário,Parda,0.3318839332351595
CAND_04958,8.3,56.0,Mestrado,Capitais,Presencial,Não-binário,Parda,0.5851380780483855
CAND_04959,7.2,51.0,Mestrado,Região Metropolitana,Híbrido,Masculino,Preta,0.5639183567886263
CAND_04960,6.1,62.0,Bacharelado,Capitais,Presencial,Feminino,Branca,0.4778652785270708
CAND_04961,4.1,87.0,Bacharelado,Capitais,Remoto,Não-binário,Parda,0.4487309617087104
CAND_04962,6.6,31.0,Mestrado,Capitais,Híbrido,Masculino,Amarela,0.4726836247593823
CAND_04963,7.0,43.0,Bacharelado,Capitais,Remoto,Masculino,Amarela,0.6398919259930936
CAND_04964,7.2,59.0,Bacharelado,Capitais,Híbrido,Não-binário,Branca,0.34311036289830044
CAND_04965,4.6,38.0,Bacharelado,Região Metropolitana,Remoto,Não-binário,Branca,0.3554461390858159
CAND_04966,3.7,54.0,Bacharelado,Região Metropolitana,Híbrido,Não-binário,Amarela,0.591572397115949
CAND_04967,5.4,43.0,Bacharelado,Capitais,Presencial,Não-binário,Parda,0.5413621272429217
CAND_04968,6.0,44.0,Bacharelado,Capitais,Híbrido,Masculino,Amarela,0.41994800936772175
CAND_04969,7.8,33.0,Bacharelado,Capitais,Híbrido,Masculino,Amarela,0.38187628280846103
CAND_04970,1.9,56.0,Ensino Médio,Capitais,Remoto,Feminino,Amarela,0.33767284994199387
CAND_04971,1.4,54.0,Ensino Médio,Capitais,Remoto,Feminino,Preta,0.4184653932870975
CAND_04972,4.4,46.0,Ensino Médio,Capitais,Híbrido,Masculino,Preta,0.2655076029357585
CAND_04973,4.4,60.0,Mestrado,Capitais,Híbrido,Feminino,Indígena,0.6094483010906775
CAND_04974,4.4,43.0,Bacharelado,Capitais,Remoto,Masculino,Parda,0.44555581955050483
CAND_04975,11.2,87.0,Bacharelado,Capitais,Presencial,Não-binário,Parda,0.7401555886038846
CAND_04976,9.8,65.0,Ensino Médio,Região Metropolitana,Presencial,Não-binário,Indígena,0.42263716357624737
CAND_04977,6.9,63.0,Bacharelado,Interior,Híbrido,Masculino,Parda,0.518631358389152
CAND_04978,3.2,27.0,Bacharelado,Capitais,Híbrido,Feminino,Parda,0.28323927972061663
CAND_04979,7.1,49.0,Bacharelado,Capitais,Remoto,Não-binário,Branca,0.462205404922503
CAND_04980,3.9,40.0,Bacharelado,Capitais,Presencial,Não-binário,Parda,0.36349675586586855
CAND_04981,5.7,44.0,Ensino Médio,Capitais,Presencial,Não-binário,Indígena,0.21250847190424557
CAND_04982,5.0,54.0,Bacharelado,Capitais,Híbrido,Masculino,Branca,0.42066990780306823
CAND_04983,3.0,46.0,Doutorado,Região Metropolitana,Presencial,Não-binário,Preta,0.4390450719750575
CAND_04984,0.0,47.0,Doutorado,Região Metropolitana,Híbrido,Feminino,Indígena,0.5458274504067753
CAND_04985,0.1,68.0,Mestrado,Região Metropolitana,Remoto,Não-binário,Indígena,0.5381125332424355
CAND_04986,7.0,39.0,Bacharelado,Capitais,Remoto,Masculino,Parda,0.47405567406945576
CAND_04987,5.4,50.0,Ensino Médio,Capitais,Híbrido,Feminino,Branca,0.4877186578944404
CAND_04988,8.0,38.0,Bacharelado,Capitais,Presencial,Feminino,Indígena,0.4451273219578908
CAND_04989,6.8,38.0,Ensino Médio,Região Metropolitana,Híbrido,Masculino,Branca,0.4655030110274977
CAND_04990,11.0,47.0,Bacharelado,Capitais,Presencial,Masculino,Amarela,0.5280973727269863
CAND_04991,5.6,68.0,Bacharelado,Região Metropolitana,Presencial,Masculino,Parda,0.5673366803181057
CAND_04992,4.7,31.0,Bacharelado,Região Metropolitana,Remoto,Masculino,Branca,0.49343811907073787
CAND_04993,1.9,47.0,Bacharelado,Região Metropolitana,Presencial,Feminino,Parda,0.25225111960488344
CAND_04994,5.6,49.0,Bacharelado,Região Metropolitana,Híbrido,Masculino,Preta,0.3755152892731274
CAND_04995,6.4,26.0,Bacharelado,Região Metropolitana,Presencial,Feminino,Amarela,0.44263422109223227
CAND_04996,4.3,39.0,Mestrado,Capitais,Remoto,Feminino,Indígena,0.5411404154965402
CAND_04997,6.2,61.0,Mestrado,Capitais,Presencial,Masculino,Branca,0.6111531364845215
CAND_04998,5.4,56.0,Doutorado,Capitais,Presencial,Não-binário,Preta,0.6688752390924787
CAND_04999,9.3,56.0,Mestrado,Interior,Remoto,Não-binário,Preta,0.5670199700272784
