id,years_experience,skills,education_level,location,preferred_work_mode,gender,race,suitability_score
CAND_00000,6.4,42.0,Bacharelado,Região Metropolitana,Híbrido,Feminino,Branca,0.556546556964132
CAND_00001,3.9,39.0,Bacharelado,Capitais,Presencial,Masculino,Parda,0.36448707582834383
CAND_00002,5.1,18.0,Bacharelado,Capitais,Remoto,Masculino,Parda,0.2971789159033404
CAND_00003,6.5,60.0,Mestrado,Capitais,Híbrido,Feminino,Parda,0.42373661337833235
CAND_00004,5.7,69.0,Bacharelado,Capitais,Presencial,Feminino,Parda,0.5461737854669828
CAND_00005,8.0,51.0,Bacharelado,Região Metropolitana,Remoto,Não-binário,Preta,0.45251198102661755
CAND_00006,5.0,50.0,Mestrado,Capitais,Presencial,Masculino,Preta,0.5469441966677246
CAND_00007,7.6,46.0,Mestrado,Região Metropolitana,Remoto,Não-binário,Parda,0.44090075840300025
CAND_00008,0.7,41.0,Bacharelado,Capitais,Presencial,Masculino,Indígena,0.5794348001759755
CAND_00009,6.4,60.0,Bacharelado,Região Metropolitana,Presencial,Masculino,Amarela,0.5323426684838666
CAND_00010,6.7,40.0,Mestrado,Capitais,Presencial,Feminino,Preta,0.4148977738939621
CAND_00011,9.7,33.0,Bacharelado,Região Metropolitana,Presencial,Masculino,Amarela,0.5494873829737046
CAND_00012,3.1,57.0,Ensino Médio,Interior,Presencial,Masculino,Branca,0.25567362057807086
CAND_00013,4.1,52.0,Bacharelado,Capitais,Híbrido,Não-binário,Branca,0.589654548637715
CAND_00014,3.0,28.0,Bacharelado,Capitais,Remoto,Feminino,Preta,0.37682115469581384
CAND_00015,8.4,55.0,Mestrado,Capitais,Presencial,Feminino,Indígena,0.650880357801642
CAND_00016,3.9,73.0,Bacharelado,Região Metropolitana,Híbrido,Masculino,Parda,0.4768656502317947
CAND_00017,2.8,59.0,Bacharelado,Capitais,Híbrido,Masculino,Parda,0.3287651680949465
CAND_00018,10.6,59.0,Bacharelado,Região Metropolitana,Híbrido,Feminino,Parda,0.46909729418814217
CAND_00019,7.5,46.0,Bacharelado,Interior,Remoto,Não-binário,Preta,0.4795729878221356
CAND_00020,7.9,77.0,Bacharelado,Capitais,Híbrido,Masculino,Amarela,0.6837022837950937
CAND_00021,3.4,61.0,Ensino Médio,Capitais,Híbrido,Masculino,Preta,0.44003914953285117
CAND_00022,2.1,62.0,Mestrado,Capitais,Presencial,Masculino,Parda,0.49503853674621046
CAND_00023,9.0,52.0,Mestrado,Capitais,Híbrido,Masculino,Amarela,0.7836409398220034
CAND_00024,6.0,63.0,Bacharelado,Região Metropolitana,Híbrido,Não-binário,Branca,0.44602386814698586
CAND_00025,7.3,46.0,Ensino Médio,Capitais,Remoto,Masculino,Preta,0.47489148977022805
CAND_00026,8.6,66.0,Bacharelado,Região Metropolitana,Presencial,Feminino,Indígena,0.5451180957173292
CAND_00027,7.5,55.0,Bacharelado,Região Metropolitana,Remoto,Não-binário,Branca,0.6188367574495574
CAND_00028,7.6,43.0,Bacharelado,Capitais,Presencial,Não-binário,Branca,0.31425260195254273
CAND_00029,1.8,76.0,Mestrado,Interior,Híbrido,Feminino,Preta,0.6347262571722638
CAND_00030,1.8,46.0,Bacharelado,Capitais,Remoto,Feminino,Parda,0.34715607850990043
CAND_00031,2.5,37.0,Bacharelado,Região Metropolitana,Híbrido,Feminino,Indígena,0.3981535307048684
CAND_00032,2.2,87.0,Bacharelado,Região Metropolitana,Híbrido,Feminino,Parda,0.41986362727968934
CAND_00033,3.0,51.0,Mestrado,Região Metropolitana,Presencial,Feminino,Amarela,0.4575378602973258
CAND_00034,5.2,50.0,Bacharelado,Capitais,Presencial,Não-binário,Indígena,0.4719256069728717
CAND_00035,2.6,58.0,Mestrado,Capitais,Remoto,Feminino,Amarela,0.42565028111426595
CAND_00036,1.9,57.0,Ensino Médio,Capitais,Híbrido,Masculino,Preta,0.37440322564267975
CAND_00037,8.0,41.0,Bacharelado,Região Metropolitana,Presencial,Não-binário,Amarela,0.5766177027884022
CAND_00038,2.0,16.0,Bacharelado,Interior,Remoto,Feminino,Parda,0.16480824327971477
CAND_00039,3.3,75.0,Mestrado,Capitais,Presencial,Masculino,Amarela,0.5282678677410776
CAND_00040,4.2,48.0,Mestrado,Capitais,Híbrido,Não-binário,Parda,0.4726449336476793
CAND_00041,0.0,79.0,Bacharelado,Capitais,Presencial,Masculino,Amarela,0.422301486358936
CAND_00042,2.6,71.0,Mestrado,Região Metropolitana,Híbrido,Masculino,Amarela,0.46852590866116783
CAND_00043,3.3,83.0,Ensino Médio,Capitais,Híbrido,Feminino,Indígena,0.47470204499991414
CAND_00044,3.0,55.0,Bacharelado,Capitais,Presencial,Não-binário,Indígena,0.38088919525716325
CAND_00045,1.3,45.0,Bacharelado,Capitais,Presencial,Masculino,Preta,0.19559435972663616
CAND_00046,2.8,32.0,Bacharelado,Região Metropolitana,Híbrido,Não-binário,Parda,0.13943323474919775
CAND_00047,8.8,44.0,Doutorado,Região Metropolitana,Híbrido,Feminino,Amarela,0.4063308532830743
CAND_00048,3.1,53.0,Mestrado,Capitais,Remoto,Masculino,Indígena,0.4647717133545408
CAND_00049,5.1,49.0,Bacharelado,Capitais,Remoto,Masculino,Branca,0.37542680276815643
CAND_00050,8.4,40.0,Bacharelado,Região Metropolitana,Presencial,Feminino,Amarela,0.5264851172181995
CAND_00051,2.8,37.0,Bacharelado,Região Metropolitana,Presencial,Feminino,Amarela,0.1493863857771059
CAND_00052,3.4,43.0,Doutorado,Capitais,Remoto,Masculino,Branca,0.5260981549901903
CAND_00053,9.5,45.0,Mestrado,Região Metropolitana,Remoto,Feminino,Parda,0.4390830988647567
CAND_00054,3.7,68.0,Ensino Médio,Interior,Híbrido,Feminino,Amarela,0.3845574053292504
CAND_00055,9.4,53.0,Mestrado,Região Metropolitana,Híbrido,Masculino,Parda,0.4118650920418444
CAND_00056,1.9,38.0,Bacharelado,Capitais,Remoto,Não-binário,Indígena,0.3449574405528175
CAND_00057,3.6,65.0,Mestrado,Capitais,Remoto,Masculino,Indígena,0.5705902056463704
CAND_00058,5.1,49.0,Bacharelado,Capitais,Presencial,Masculino,Parda,0.4927203021012427
CAND_00059,0.0,65.0,Mestrado,Capitais,Presencial,Feminino,Parda,0.4228575550019329
CAND_00060,3.7,43.0,Bacharelado,Capitais,Híbrido,Não-binário,Branca,0.5104527600272097
CAND_00061,5.6,64.0,Mestrado,Região Metropolitana,Híbrido,Masculino,Preta,0.5481886639082172
CAND_00062,4.5,72.0,Bacharelado,Região Metropolitana,Presencial,Não-binário,Preta,0.6329353682480999
CAND_00063,4.3,64.0,Bacharelado,Capitais,Remoto,Feminino,Indígena,0.5566525303924824
CAND_00064,11.6,48.0,Mestrado,Interior,Híbrido,Masculino,Preta,0.5589006442188648
CAND_00065,1.7,29.0,Bacharelado,Região Metropolitana,Presencial,Feminino,Preta,0.2738084889567426
CAND_00066,11.0,89.0,Mestrado,Capitais,Presencial,Masculino,Parda,0.620010529522051
CAND_00067,8.5,28.0,Bacharelado,Região Metropolitana,Remoto,Masculino,Branca,0.40343185199096
CAND_00068,6.2,42.0,Bacharelado,Região Metropolitana,Presencial,Não-binário,Parda,0.2750904312449486
CAND_00069,3.2,79.0,Mestrado,Interior,Presencial,Feminino,Branca,0.6227144924122828
CAND_00070,0.0,64.0,Doutorado,Região Metropolitana,Remoto,Feminino,Branca,0.5204130291884114
CAND_00071,2.6,60.0,Ensino Médio,Região Metropolitana,Presencial,Masculino,Amarela,0.4101328526751338
CAND_00072,8.2,36.0,Mestrado,Interior,Híbrido,Não-binário,Preta,0.43415874533240023
CAND_00073,0.9,51.0,Mestrado,Capitais,Presencial,Masculino,Indígena,0.36811421992041066
CAND_00074,3.1,47.0,Bacharelado,Capitais,Presencial,Não-binário,Amarela,0.3336071739982958
CAND_00075,6.7,57.0,Mestrado,Capitais,Presencial,Masculino,Indígena,0.6899179890736098
CAND_00076,1.9,29.0,Bacharelado,Capitais,Híbrido,Não-binário,Parda,0.26214962083354565
CAND_00077,0.6,56.0,Mestrado,Região Metropolitana,Híbrido,Masculino,Indígena,0.4793636390819187
CAND_00078,2.9,52.0,Bacharelado,Capitais,Híbrido,Masculino,Preta,0.4104653783283118
CAND_00079,5.3,58.0,Bacharelado,Região Metropolitana,Remoto,Não-binário,Amarela,0.2713567894311657
CAND_00080,9.4,84.0,Bacharelado,Região Metropolitana,Remoto,Masculino,Indígena,0.7871037577332498
CAND_00081,8.0,30.0,Bacharelado,Capitais,Híbrido,Não-binário,Amarela,0.3024666753510489
CAND_00082,6.4,45.0,Bacharelado,Região Metropolitana,Híbrido,Masculino,Preta,0.40436844373183223
CAND_00083,9.8,55.0,Mestrado,Região Metropolitana,Presencial,Masculino,Indígena,0.5809627222477369
CAND_00084,1.8,80.0,Mestrado,Região Metropolitana,Híbrido,Masculino,Parda,0.6637933817899121
CAND_00085,6.4,47.0,Bacharelado,Região Metropolitana,Remoto,Feminino,Parda,0.5015438515854396
CAND_00086,8.1,71.0,Bacharelado,Capitais,Remoto,Não-binário,Indígena,0.5515931608155332
CAND_00087,0.9,49.0,Bacharelado,Capitais,Presencial,Feminino,Parda,0.3762743644966794
CAND_00088,3.8,72.0,Bacharelado,Região Metropolitana,Híbrido,Masculino,Indígena,0.503229203912105
CAND_00089,6.3,36.0,Bacharelado,Região Metropolitana,Híbrido,Masculino,Indígena,0.3970576338925378
CAND_00090,3.8,14.0,Mestrado,Região Metropolitana,Híbrido,Não-binário,Amarela,0.485804417093811
CAND_00091,4.1,47.0,Bacharelado,Capitais,Híbrido,Feminino,Branca,0.30646065048467624
CAND_00092,7.5,43.0,Bacharelado,Capitais,Presencial,Masculino,Amarela,0.26780690801031715
CAND_00093,9.5,40.0,Bacharelado,Região Metropolitana,Remoto,Masculino,Preta,0.4304858375812192
CAND_00094,1.1,38.0,Bacharelado,Região Metropolitana,Presencial,Não-binário,Preta,0.3640772116248877
CAND_00095,9.1,52.0,Bacharelado,Região Metropolitana,Híbrido,Feminino,Parda,0.49312552934096293
CAND_00096,2.3,46.0,Bacharelado,Capitais,Remoto,Feminino,Parda,0.35808535372379197
CAND_00097,4.4,70.0,Mestrado,Região Metropolitana,Remoto,Não-binário,Preta,0.6459482665417304
CAND_00098,7.5,63.0,Ensino Médio,Região Metropolitana,Remoto,Masculino,Preta,0.5826398864789214
CAND_00099,7.5,56.0,Mestrado,Capitais,Presencial,Não-binário,Branca,0.6344202355885148
CAND_00100,0.8,59.0,Ensino Médio,Interior,Remoto,Não-binário,Amarela,0.27274474485499545
CAND_00101,9.6,33.0,Ensino Médio,Região Metropolitana,Presencial,Feminino,Preta,0.4021951194115992
CAND_00102,3.6,49.0,Bacharelado,Capitais,Remoto,Feminino,Branca,0.3603398748949931
CAND_00103,7.9,49.0,Ensino Médio,Capitais,Remoto,Não-binário,Preta,0.5510427591937259
CAND_00104,8.3,45.0,Doutorado,Interior,Remoto,Masculino,Amarela,0.6636096906879504
CAND_00105,6.9,47.0,Bacharelado,Capitais,Híbrido,Não-binário,Parda,0.38109428414900526
CAND_00106,3.5,69.0,Bacharelado,Interior,Presencial,Não-binário,Branca,0.46069815606067976
CAND_00107,3.9,52.0,Mestrado,Capitais,Híbrido,Feminino,Parda,0.35739532180955047
CAND_00108,4.2,58.0,Bacharelado,Capitais,Remoto,Masculino,Preta,0.5170212997236663
CAND_00109,0.1,44.0,Bacharelado,Capitais,Remoto,Feminino,Parda,0.382109799471407
CAND_00110,4.8,78.0,Ensino Médio,Região Metropolitana,Presencial,Masculino,Amarela,0.6294190487552185
CAND_00111,4.0,72.0,Mestrado,Região Metropolitana,Remoto,Masculino,Parda,0.6514816601131097
CAND_00112,4.2,56.0,Doutorado,Capitais,Remoto,Masculino,Amarela,0.49331962216259634
CAND_00113,2.8,68.0,Mestrado,Interior,Híbrido,Não-binário,Branca,0.5213088781569831
CAND_00114,4.4,45.0,Mestrado,Interior,Híbrido,Não-binário,Amarela,0.43724991583495293
CAND_00115,8.3,51.0,Bacharelado,Capitais,Híbrido,Não-binário,Indígena,0.6322371383903851
CAND_00116,7.2,41.0,Ensino Médio,Capitais,Remoto,Feminino,Parda,0.494082899180662
CAND_00117,11.1,70.0,Bacharelado,Capitais,Presencial,Masculino,Indígena,0.6952296654424098
CAND_00118,4.0,69.0,Bacharelado,Capitais,Presencial,Masculino,Branca,0.3300405702347087
CAND_00119,2.9,78.0,Bacharelado,Região Metropolitana,Presencial,Masculino,Parda,0.5757257361382697
CAND_00120,1.8,53.0,Bacharelado,Capitais,Presencial,Masculino,Indígena,0.4473622042268458
CAND_00121,6.2,56.0,Ensino Médio,Capitais,Remoto,Não-binário,Parda,0.3798825499312842
CAND_00122,5.3,51.0,Bacharelado,Região Metropolitana,Remoto,Feminino,Indígena,0.6314088722025927
CAND_00123,8.0,42.0,Bacharelado,Interior,Híbrido,Não-binário,Indígena,0.6049302038552398
CAND_00124,0.2,47.0,Mestrado,Região Metropolitana,Híbrido,Feminino,Indígena,0.26270752750848136
CAND_00125,2.9,41.0,Mestrado,Capitais,Híbrido,Masculino,Preta,0.384136438511528
CAND_00126,3.2,20.0,Bacharelado,Capitais,Presencial,Não-binário,Indígena,0.31929542985574966
CAND_00127,4.7,71.0,Bacharelado,Capitais,Híbrido,Feminino,Parda,0.6207828131257614
CAND_00128,3.8,41.0,Bacharelado,Capitais,Presencial,Não-binário,Indígena,0.4598317047551964
CAND_00129,6.4,44.0,Bacharelado,Capitais,Presencial,Não-binário,Amarela,0.5793601563400228
CAND_00130,10.9,50.0,Bacharelado,Capitais,Remoto,Não-binário,Indígena,0.6144895228016503
CAND_00131,0.7,48.0,Bacharelado,Região Metropolitana,Híbrido,Masculino,Preta,0.43925849909884623
CAND_00132,2.8,45.0,Mestrado,Capitais,Híbrido,Feminino,Parda,0.3856692243112833
CAND_00133,2.1,57.0,Mestrado,Interior,Presencial,Feminino,Indígena,0.4405675185358872
CAND_00134,2.6,40.0,Mestrado,Capitais,Híbrido,Feminino,Branca,0.15060048106072788
CAND_00135,10.7,84.0,Bacharelado,Região Metropolitana,Presencial,Masculino,Indígena,0.6024849216970882
CAND_00136,9.7,41.0,Ensino Médio,Capitais,Híbrido,Masculino,Branca,0.2711132686699168
CAND_00137,2.6,42.0,Ensino Médio,Interior,Presencial,Não-binário,Branca,0.38374016396317934
CAND_00138,3.2,69.0,Doutorado,Região Metropolitana,Remoto,Masculino,Amarela,0.6794835035570609
CAND_00139,0.0,67.0,Bacharelado,Capitais,Híbrido,Masculino,Preta,0.28162268577898786
CAND_00140,5.0,58.0,Bacharelado,Capitais,Híbrido,Masculino,Amarela,0.3342732030529407
CAND_00141,2.5,54.0,Doutorado,Capitais,Híbrido,Masculino,Indígena,0.4126319407941906
CAND_00142,3.4,57.0,Ensino Médio,Região Metropolitana,Presencial,Feminino,Preta,0.3256633179166508
CAND_00143,5.8,57.0,Bacharelado,Capitais,Remoto,Masculino,Branca,0.6815506933655683
CAND_00144,4.1,42.0,Bacharelado,Capitais,Presencial,Masculino,Branca,0.1368192701953218
CAND_00145,3.2,49.0,Bacharelado,Capitais,Híbrido,Feminino,Indígena,0.3350096364207646
CAND_00146,7.9,79.0,Ensino Médio,Região Metropolitana,Híbrido,Masculino,Preta,0.5328515077702746
CAND_00147,6.2,59.0,Mestrado,Região Metropolitana,Híbrido,Feminino,Amarela,0.6357158246808967
CAND_00148,9.3,42.0,Mestrado,Região Metropolitana,Presencial,Feminino,Amarela,0.5028688368976201
CAND_00149,2.5,60.0,Bacharelado,Região Metropolitana,Híbrido,Feminino,Branca,0.5795984208968461
CAND_00150,9.4,32.0,Bacharelado,Capitais,Híbrido,Não-binário,Preta,0.4018352114175174
CAND_00151,10.0,34.0,Bacharelado,Capitais,Híbrido,Feminino,Indígena,0.45948553937571607
CAND_00152,3.9,56.0,Ensino Médio,Interior,Remoto,Feminino,Indígena,0.3062159043625872
CAND_00153,2.7,69.0,Ensino Médio,Capitais,Remoto,Não-binário,Amarela,0.30230986290039685
CAND_00154,5.2,50.0,Mestrado,Capitais,Híbrido,Feminino,Amarela,0.4542284773192403
CAND_00155,3.7,35.0,Mestrado,Capitais,Presencial,Masculino,Indígena,0.3249889276131061
CAND_00156,11.3,54.0,Ensino Médio,Região Metropolitana,Presencial,Feminino,Branca,0.5740651582606607
CAND_00157,5.4,66.0,Bacharelado,Capitais,Remoto,Masculino,Parda,0.5858470105921949
CAND_00158,6.2,61.0,Mestrado,Região Metropolitana,Híbrido,Feminino,Branca,0.654269246645308
CAND_00159,7.5,59.0,Mestrado,Capitais,Remoto,Não-binário,Branca,0.6173456278819303
CAND_00160,6.7,45.0,Bacharelado,Capitais,Remoto,Não-binário,Parda,0.585568689287701
CAND_00161,1.2,24.0,Bacharelado,Capitais,Híbrido,Não-binário,Preta,0.1449229722874277
CAND_00162,4.7,73.0,Bacharelado,Interior,Híbrido,Feminino,Branca,0.5636323211039639
CAND_00163,7.1,63.0,Bacharelado,Interior,Híbrido,Masculino,Amarela,0.7903695099642593
CAND_00164,7.4,58.0,Bacharelado,Capitais,Presencial,Masculino,Branca,0.43826358954912364
CAND_00165,0.0,50.0,Bacharelado,Capitais,Remoto,Feminino,Parda,0.2420493377073062
CAND_00166,6.1,24.0,Bacharelado,Região Metropolitana,Presencial,Não-binário,Parda,0.34449440751550703
CAND_00167,4.6,89.0,Bacharelado,Capitais,Remoto,Masculino,Indígena,0.45227611370921117
CAND_00168,5.5,65.0,Mestrado,Região Metropolitana,Híbrido,Masculino,Indígena,0.4808199705700165
CAND_00169,6.6,73.0,Bacharelado,Capitais,Presencial,Não-binário,Parda,0.6091251214870896
CAND_00170,6.4,53.0,Bacharelado,Capitais,Híbrido,Masculino,Amarela,0.42047514908080497
CAND_00171,5.7,45.0,Bacharelado,Capitais,Presencial,Não-binário,Branca,0.4870235918925385
CAND_00172,4.3,50.0,Bacharelado,Capitais,Remoto,Não-binário,Amarela,0.5268961023034295
CAND_00173,0.0,39.0,Mestrado,Capitais,Remoto,Masculino,Amarela,0.4644540226219227
CAND_00174,2.1,26.0,Bacharelado,Capitais,Presencial,Não-binário,Preta,0.22109287709017472
CAND_00175,2.8,29.0,Mestrado,Capitais,Remoto,Não-binário,Parda,0.44220819587980653
CAND_00176,4.5,42.0,Ensino Médio,Região Metropolitana,Presencial,Não-binário,Branca,0.3207481294533936
CAND_00177,1.1,61.0,Bacharelado,Região Metropolitana,Presencial,Não-binário,Amarela,0.45524706960125216
CAND_00178,3.4,52.0,Ensino Médio,Região Metropolitana,Híbrido,Feminino,Parda,0.381612706004353
CAND_00179,8.0,64.0,Bacharelado,Região Metropolitana,Híbrido,Feminino,Amarela,0.616231501856921
CAND_00180,9.9,47.0,Doutorado,Região Metropolitana,Híbrido,Não-binário,Amarela,0.7216975350598925
CAND_00181,3.7,33.0,Ensino Médio,Capitais,Presencial,Não-binário,Branca,0.23705730459383395
CAND_00182,0.7,43.0,Bacharelado,Capitais,Remoto,Masculino,Indígena,0.2602192555071808
CAND_00183,3.6,53.0,Bacharelado,Capitais,Híbrido,Masculino,Amarela,0.5972263705368017
CAND_00184,6.7,54.0,Bacharelado,Região Metropolitana,Remoto,Feminino,Preta,0.5307430671662623
CAND_00185,0.8,49.0,Bacharelado,Região Metropolitana,Remoto,Feminino,Parda,0.3802826074761993
CAND_00186,4.5,40.0,Mestrado,Capitais,Remoto,Não-binário,Branca,0.465607422676931
CAND_00187,4.5,54.0,Bacharelado,Região Metropolitana,Híbrido,Não-binário,Indígena,0.4911499691075113
CAND_00188,2.4,61.0,Bacharelado,Região Metropolitana,Híbrido,Masculino,Parda,0.5203265331419482
CAND_00189,1.5,12.0,Bacharelado,Região Metropolitana,Presencial,Feminino,Indígena,0.19742156694331953
CAND_00190,9.3,39.0,Ensino Médio,Capitais,Remoto,Feminino,Indígena,0.4906382842813325
CAND_00191,7.8,36.0,Bacharelado,Região Metropolitana,Remoto,Masculino,Amarela,0.5112630333979818
CAND_00192,5.9,59.0,Bacharelado,Capitais,Híbrido,Não-binário,Amarela,0.4223218978395066
CAND_00193,3.9,55.0,Bacharelado,Região Metropolitana,Híbrido,Feminino,Indígena,0.39933405341047845
CAND_00194,10.2,60.0,Bacharelado,Interior,Híbrido,Não-binário,Indígena,0.5989897466171668
CAND_00195,5.9,38.0,Ensino Médio,Interior,Remoto,Feminino,Amarela,0.5185861710987578
CAND_00196,3.0,50.0,Ensino Médio,Região Metropolitana,Remoto,Feminino,Parda,0.19075681381326454
CAND_00197,4.4,49.0,Doutorado,Capitais,Presencial,Feminino,Parda,0.6129975143191513
CAND_00198,3.1,34.0,Bacharelado,Capitais,Remoto,Masculino,Preta,0.4317481931293006
CAND_00199,5.2,42.0,Bacharelado,Capitais,Híbrido,Masculino,Preta,0.49361657462257247
CAND_00200,4.0,41.0,Bacharelado,Região Metropolitana,Híbrido,Não-binário,Indígena,0.5551163908930096
CAND_00201,4.3,33.0,Doutorado,Capitais,Híbrido,Feminino,Preta,0.5723833472037181
CAND_00202,7.5,27.0,Bacharelado,Capitais,Híbrido,Não-binário,Parda,0.5974041134129644
CAND_00203,8.0,56.0,Mestrado,Região Metropolitana,Híbrido,Masculino,Branca,0.3887606169184441
CAND_00204,7.3,62.0,Mestrado,Capitais,Híbrido,Feminino,Parda,0.6157161574546407
CAND_00205,4.5,60.0,Bacharelado,Capitais,Remoto,Feminino,Parda,0.4640053389090223
CAND_00206,5.0,43.0,Bacharelado,Capitais,Presencial,Não-binário,Preta,0.4975986354852078
CAND_00207,2.5,87.0,Bacharelado,Região Metropolitana,Híbrido,Não-binário,Indígena,0.599992980481716
CAND_00208,0.7,41.0,Mestrado,Interior,Híbrido,Não-binário,Branca,0.2884014512616629
CAND_00209,0.2,53.0,Doutorado,Capitais,Híbrido,Feminino,Branca,0.5636660851890005
CAND_00210,2.7,61.0,Doutorado,Capitais,Híbrido,Masculino,Preta,0.751995296364053
CAND_00211,4.0,51.0,Ensino Médio,Capitais,Híbrido,Não-binário,Preta,0.3857290130479489
CAND_00212,3.4,75.0,Doutorado,Interior,Híbrido,Não-binário,Parda,0.6711949528586499
CAND_00213,0.7,75.0,Mestrado,Capitais,Híbrido,Feminino,Indígena,0.42616713686742186
CAND_00214,9.8,61.0,Bacharelado,Capitais,Híbrido,Não-binário,Parda,0.7068131837538555
CAND_00215,5.5,46.0,Bacharelado,Capitais,Remoto,Não-binário,Preta,0.46033307961436687
CAND_00216,0.0,43.0,Mestrado,Região Metropolitana,Remoto,Masculino,Parda,0.37704974958187343
CAND_00217,5.8,42.0,Bacharelado,Capitais,Híbrido,Feminino,Preta,0.5604381219124146
CAND_00218,7.4,80.0,Bacharelado,Região Metropolitana,Remoto,Masculino,Branca,0.6957364948991075
CAND_00219,4.4,48.0,Bacharelado,Região Metropolitana,Presencial,Masculino,Preta,0.353382407725655
CAND_00220,4.8,73.0,Bacharelado,Capitais,Híbrido,Feminino,Amarela,0.4821253044969878
CAND_00221,4.1,61.0,Bacharelado,Capitais,Híbrido,Masculino,Branca,0.5833372217655205
CAND_00222,5.6,36.0,Bacharelado,Capitais,Híbrido,Masculino,Amarela,0.4368635563494373
CAND_00223,2.6,65.0,Ensino Médio,Região Metropolitana,Remoto,Não-binário,Indígena,0.3234382951955365
CAND_00224,8.1,51.0,Bacharelado,Região Metropolitana,Presencial,Masculino,Parda,0.45283321146125854
CAND_00225,3.8,47.0,Mestrado,Região Metropolitana,Presencial,Masculino,Indígena,0.44496943390980614
CAND_00226,2.0,47.0,Bacharelado,Capitais,Híbrido,Não-binário,Indígena,0.28310186730905446
CAND_00227,8.3,48.0,Bacharelado,Capitais,Presencial,Não-binário,Indígena,0.5357096894299765
CAND_00228,6.7,38.0,Bacharelado,Região Metropolitana,Remoto,Feminino,Amarela,0.5723369667660257
CAND_00229,6.5,38.0,Ensino Médio,Capitais,Presencial,Masculino,Amarela,0.4020389812956661
CAND_00230,5.9,55.0,Ensino Médio,Região Metropolitana,Presencial,Masculino,Preta,0.48495126064758026
CAND_00231,5.7,56.0,Bacharelado,Interior,Híbrido,Não-binário,Parda,0.5023377595438656
CAND_00232,9.0,49.0,Mestrado,Região Metropolitana,Híbrido,Feminino,Parda,0.46357349875450343
CAND_00233,4.3,0.0,Bacharelado,Região Metropolitana,Híbrido,Masculino,Preta,0.3336863122304895
CAND_00234,2.2,43.0,Bacharelado,Capitais,Híbrido,Masculino,Indígena,0.4535201380609199
CAND_00235,1.0,55.0,Bacharelado,Capitais,Presencial,Feminino,Branca,0.25851665290850107
CAND_00236,4.2,71.0,Mestrado,Capitais,Híbrido,Masculino,Amarela,0.4688781740427892
CAND_00237,4.8,76.0,Mestrado,Capitais,Híbrido,Feminino,Parda,0.725313094260686
CAND_00238,7.3,62.0,Mestrado,Capitais,Remoto,Feminino,Branca,0.7866112501333398
CAND_00239,1.2,50.0,Bacharelado,Interior,Presencial,Feminino,Amarela,0.4406360598643307
CAND_00240,2.7,74.0,Bacharelado,Capitais,Remoto,Não-binário,Branca,0.5039723007421256
CAND_00241,3.9,72.0,Doutorado,Interior,Presencial,Não-binário,Indígena,0.6004412562931922
CAND_00242,10.2,28.0,Mestrado,Região Metropolitana,Remoto,Masculino,Branca,0.441825023537548
CAND_00243,2.1,48.0,Ensino Médio,Capitais,Híbrido,Masculino,Amarela,0.2924952229124892
CAND_00244,4.3,63.0,Bacharelado,Capitais,Presencial,Não-binário,Amarela,0.4141726222010428
CAND_00245,6.9,37.0,Bacharelado,Capitais,Presencial,Masculino,Preta,0.4291114076848106
CAND_00246,6.5,53.0,Bacharelado,Interior,Híbrido,Masculino,Preta,0.6117559980874097
CAND_00247,4.3,31.0,Bacharelado,Capitais,Presencial,Masculino,Amarela,0.3408256212395485
CAND_00248,4.3,40.0,Doutorado,Região Metropolitana,Híbrido,Feminino,Indígena,0.5374470525134156
CAND_00249,7.6,44.0,Mestrado,Capitais,Híbrido,Feminino,Indígena,0.571881165808096
CAND_00250,7.1,26.0,Ensino Médio,Capitais,Remoto,Não-binário,Amarela,0.21601752863971546
CAND_00251,5.7,58.0,Bacharelado,Capitais,Híbrido,Não-binário,Parda,0.75388408487575
CAND_00252,6.1,54.0,Bacharelado,Capitais,Híbrido,Feminino,Indígena,0.408877655158177
CAND_00253,6.2,28.0,Bacharelado,Capitais,Presencial,Feminino,Amarela,0.6572455578638841
CAND_00254,5.3,66.0,Mestrado,Capitais,Presencial,Não-binário,Branca,0.43362125654292405
CAND_00255,2.5,51.0,Ensino Médio,Região Metropolitana,Híbrido,Masculino,Amarela,0.3089430604148658
CAND_00256,5.8,29.0,Mestrado,Região Metropolitana,Presencial,Não-binário,Preta,0.29828415944022857
CAND_00257,0.0,45.0,Mestrado,Capitais,Híbrido,Masculino,Branca,0.39322370205154245
CAND_00258,3.2,68.0,Bacharelado,Região Metropolitana,Híbrido,Feminino,Parda,0.38148538256154285
CAND_00259,5.4,58.0,Bacharelado,Capitais,Remoto,Não-binário,Branca,0.41918136685205953
CAND_00260,5.4,44.0,Bacharelado,Capitais,Presencial,Feminino,Indígena,0.4127970040164193
CAND_00261,4.0,44.0,Bacharelado,Região Metropolitana,Híbrido,Feminino,Preta,0.2919365698366436
CAND_00262,7.9,51.0,Bacharelado,Região Metropolitana,Presencial,Não-binário,Parda,0.37208328780904254
CAND_00263,3.5,65.0,Bacharelado,Capitais,Remoto,Feminino,Indígena,0.4939753816634483
CAND_00264,4.2,57.0,Bacharelado,Capitais,Híbrido,Masculino,Indígena,0.4031487529440555
CAND_00265,0.3,57.0,Bacharelado,Região Metropolitana,Híbrido,Feminino,Indígena,0.5481339013129327
CAND_00266,8.0,45.0,Bacharelado,Interior,Híbrido,Não-binário,Indígena,0.44925130932033186
CAND_00267,0.1,74.0,Mestrado,Interior,Presencial,Feminino,Amarela,0.4476782248507459
CAND_00268,8.0,70.0,Bacharelado,Capitais,Presencial,Não-binário,Preta,0.7358775633291552
CAND_00269,4.3,48.0,Bacharelado,Interior,Remoto,Masculino,Parda,0.513836777499188
CAND_00270,10.8,61.0,Mestrado,Região Metropolitana,Híbrido,Masculino,Indígena,0.7338667031814018
CAND_00271,0.3,75.0,Bacharelado,Capitais,Presencial,Masculino,Parda,0.5019042442431038
CAND_00272,6.3,62.0,Mestrado,Interior,Híbrido,Não-binário,Branca,0.4640228450143779
CAND_00273,8.4,49.0,Bacharelado,Capitais,Híbrido,Masculino,Indígena,0.4470738200556842
CAND_00274,9.4,66.0,Doutorado,Interior,Remoto,Não-binário,Branca,0.6224557141736955
CAND_00275,7.7,60.0,Bacharelado,Região Metropolitana,Presencial,Não-binário,Preta,0.5026468457363206
CAND_00276,4.3,64.0,Bacharelado,Capitais,Presencial,Masculino,Indígena,0.22309470919793783
CAND_00277,4.8,51.0,Ensino Médio,Capitais,Presencial,Não-binário,Indígena,0.35169556912725186
CAND_00278,1.6,52.0,Bacharelado,Capitais,Remoto,Masculino,Amarela,0.5552478338247975
CAND_00279,6.5,74.0,Ensino Médio,Capitais,Híbrido,Masculino,Indígena,0.5938292163456819
CAND_00280,6.6,57.0,Bacharelado,Interior,Presencial,Masculino,Branca,0.4832553378494516
CAND_00281,4.7,35.0,Bacharelado,Região Metropolitana,Remoto,Feminino,Parda,0.4468310382295077
CAND_00282,4.0,29.0,Mestrado,Capitais,Híbrido,Feminino,Preta,0.4777705006302674
CAND_00283,1.9,25.0,Bacharelado,Região Metropolitana,Híbrido,Não-binário,Branca,0.21360150650938908
CAND_00284,7.7,38.0,Bacharelado,Capitais,Remoto,Feminino,Branca,0.5206689508473942
CAND_00285,3.9,64.0,Bacharelado,Capitais,Presencial,Masculino,Indígena,0.31135765976013063
CAND_00286,7.6,43.0,Mestrado,Capitais,Híbrido,Não-binário,Indígena,0.519440911619957
CAND_00287,2.5,57.0,Doutorado,Capitais,Remoto,Feminino,Branca,0.6519381555292638
CAND_00288,4.9,75.0,Bacharelado,Capitais,Presencial,Feminino,Indígena,0.6510910724199267
CAND_00289,0.2,12.0,Bacharelado,Região Metropolitana,Híbrido,Masculino,Parda,0.2940646013134079
CAND_00290,5.3,38.0,Bacharelado,Região Metropolitana,Presencial,Masculino,Indígena,0.35385948354914076
CAND_00291,2.2,45.0,Mestrado,Capitais,Híbrido,Feminino,Indígena,0.5241367693800976
CAND_00292,1.7,45.0,Bacharelado,Capitais,Híbrido,Masculino,Parda,0.36542709577530835
CAND_00293,9.6,47.0,Bacharelado,Região Metropolitana,Remoto,Não-binário,Preta,0.3693668315051764
CAND_00294,12.0,34.0,Mestrado,Capitais,Presencial,Feminino,Parda,0.7264232748559306
CAND_00295,6.9,42.0,Bacharelado,Região Metropolitana,Remoto,Não-binário,Parda,0.3822096488090999
CAND_00296,2.4,54.0,Bacharelado,Região Metropolitana,Remoto,Não-binário,Branca,0.3636559540831007
CAND_00297,10.9,50.0,Bacharelado,Capitais,Presencial,Feminino,Parda,0.658338591803981
CAND_00298,6.4,40.0,Bacharelado,Capitais,Híbrido,Masculino,Branca,0.5026393414681063
CAND_00299,8.5,52.0,Bacharelado,Capitais,Híbrido,Não-binário,Parda,0.7213696398967644
CAND_00300,2.9,63.0,Bacharelado,Capitais,Híbrido,Não-binário,Preta,0.4454740947165217
CAND_00301,0.0,51.0,Bacharelado,Interior,Presencial,Feminino,Parda,0.5334522631217259
CAND_00302,5.9,50.0,Doutorado,Capitais,Híbrido,Não-binário,Preta,0.527952635682027
CAND_00303,7.5,50.0,Bacharelado,Capitais,Híbrido,Não-binário,Preta,0.5678289522508796
CAND_00304,5.3,57.0,Mestrado,Região Metropolitana,Híbrido,Masculino,Branca,0.43514898319231554
CAND_00305,1.3,78.0,Bacharelado,Capitais,Híbrido,Não-binário,Parda,0.3730573889414715
CAND_00306,6.8,60.0,Mestrado,Capitais,Híbrido,Masculino,Preta,0.6114529528961611
CAND_00307,2.6,31.0,Bacharelado,Capitais,Remoto,Masculino,Indígena,0.24548231811241022
CAND_00308,4.2,47.0,Bacharelado,Região Metropolitana,Presencial,Feminino,Preta,0.33455170607902324
CAND_00309,7.8,46.0,Bacharelado,Capitais,Híbrido,Feminino,Parda,0.39761262811054754
CAND_00310,4.2,47.0,Mestrado,Capitais,Remoto,Não-binário,Parda,0.585793035572844
CAND_00311,2.9,54.0,Bacharelado,Capitais,Híbrido,Não-binário,Indígena,0.4400902808046727
CAND_00312,4.1,33.0,Mestrado,Capitais,Presencial,Não-binário,Parda,0.37452067768256664
CAND_00313,10.2,42.0,Bacharelado,Capitais,Híbrido,Não-binário,Amarela,0.38579593445761484
CAND_00314,1.7,28.0,Mestrado,Região Metropolitana,Híbrido,Não-binário,Parda,0.39425095216749834
CAND_00315,8.6,34.0,Bacharelado,Região Metropolitana,Presencial,Masculino,Preta,0.45549736695335147
CAND_00316,6.3,32.0,Mestrado,Região Metropolitana,Remoto,Não-binário,Branca,0.43943075924721486
CAND_00317,6.8,47.0,Bacharelado,Capitais,Presencial,Feminino,Parda,0.49303261094282785
CAND_00318,5.9,46.0,Bacharelado,Região Metropolitana,Remoto,Masculino,Amarela,0.4529102221671333
CAND_00319,8.9,56.0,Bacharelado,Capitais,Híbrido,Masculino,Parda,0.5234813526063009
CAND_00320,1.0,42.0,Mestrado,Região Metropolitana,Híbrido,Masculino,Parda,0.35173273149209244
CAND_00321,5.9,41.0,Mestrado,Capitais,Híbrido,Masculino,Indígena,0.32485880218609564
CAND_00322,5.6,63.0,Ensino Médio,Região Metropolitana,Híbrido,Masculino,Branca,0.2961661048920694
CAND_00323,3.8,30.0,Bacharelado,Capitais,Híbrido,Não-binário,Parda,0.3108136116589559
CAND_00324,6.3,38.0,Mestrado,Interior,Presencial,Feminino,Preta,0.42982359434130085
CAND_00325,4.5,71.0,Bacharelado,Interior,Híbrido,Feminino,Indígena,0.4330031404991523
CAND_00326,5.3,46.0,Bacharelado,Capitais,Remoto,Não-binário,Branca,0.36515480240611037
CAND_00327,5.1,32.0,Bacharelado,Capitais,Remoto,Masculino,Indígena,0.3115282366481903
CAND_00328,5.3,28.0,Bacharelado,Interior,Presencial,Não-binário,Branca,0.24986238993608328
CAND_00329,3.0,62.0,Bacharelado,Capitais,Presencial,Não-binário,Indígena,0.5146374497848333
CAND_00330,4.8,37.0,Mestrado,Capitais,Híbrido,Feminino,Amarela,0.4260117036506843
CAND_00331,12.4,32.0,Mestrado,Capitais,Híbrido,Feminino,Indígena,0.5616295006094604
CAND_00332,3.4,44.0,Bacharelado,Interior,Híbrido,Feminino,Parda,0.4410424363425977
CAND_00333,8.2,54.0,Bacharelado,Capitais,Presencial,Masculino,Parda,0.29237580687857967
CAND_00334,7.0,55.0,Ensino Médio,Capitais,Híbrido,Masculino,Branca,0.5931636781197056
CAND_00335,4.3,55.0,Bacharelado,Capitais,Presencial,Feminino,Parda,0.41907767387025363
CAND_00336,6.5,54.0,Mestrado,Capitais,Híbrido,Feminino,Preta,0.5443651836746038
CAND_00337,5.3,61.0,Doutorado,Região Metropolitana,Presencial,Masculino,Indígena,0.41172926448462976
CAND_00338,5.9,38.0,Doutorado,Região Metropolitana,Presencial,Masculino,Parda,0.4715130359252766
CAND_00339,7.2,67.0,Bacharelado,Capitais,Remoto,Masculino,Preta,0.6373041503206781
CAND_00340,6.3,85.0,Bacharelado,Região Metropolitana,Presencial,Feminino,Amarela,0.6066064228836131
CAND_00341,3.4,48.0,Mestrado,Interior,Híbrido,Masculino,Indígena,0.44109456998863444
CAND_00342,6.8,54.0,Bacharelado,Capitais,Híbrido,Masculino,Preta,0.3929488226900474
CAND_00343,5.5,55.0,Bacharelado,Capitais,Presencial,Não-binário,Indígena,0.4925598919281254
CAND_00344,4.5,66.0,Bacharelado,Região Metropolitana,Presencial,Não-binário,Parda,0.49377893061804384
CAND_00345,5.2,48.0,Ensino Médio,Capitais,Híbrido,Feminino,Parda,0.45739859802326893
CAND_00346,8.0,31.0,Bacharelado,Capitais,Remoto,Feminino,Indígena,0.4965069308086372
CAND_00347,2.0,40.0,Ensino Médio,Interior,Híbrido,Masculino,Parda,0.4012577826445259
CAND_00348,0.6,42.0,Bacharelado,Capitais,Presencial,Não-binário,Preta,0.32146914938059745
CAND_00349,4.2,42.0,Mestrado,Região Metropolitana,Presencial,Não-binário,Preta,0.54520034612384
CAND_00350,2.7,57.0,Bacharelado,Capitais,Presencial,Masculino,Parda,0.39766456551498386
CAND_00351,5.6,56.0,Doutorado,Capitais,Remoto,Não-binário,Parda,0.5643398440894224
CAND_00352,1.1,51.0,Mestrado,Capitais,Presencial,Não-binário,Parda,0.4822260519021704
CAND_00353,2.0,25.0,Bacharelado,Região Metropolitana,Híbrido,Não-binário,Parda,0.4239807060986084
CAND_00354,8.9,52.0,Bacharelado,Região Metropolitana,Híbrido,Não-binário,Branca,0.5208557566777573
CAND_00355,6.2,57.0,Ensino Médio,Capitais,Remoto,Não-binário,Preta,0.48209550101288795
CAND_00356,5.8,62.0,Mestrado,Capitais,Presencial,Feminino,Branca,0.5198068495320589
CAND_00357,6.0,25.0,Ensino Médio,Capitais,Presencial,Não-binário,Preta,0.2956184410896223
CAND_00358,5.1,80.0,Bacharelado,Região Metropolitana,Presencial,Masculino,Preta,0.7067419957621444
CAND_00359,5.5,34.0,Bacharelado,Interior,Remoto,Masculino,Amarela,0.37727338421379275
CAND_00360,0.0,64.0,Doutorado,Capitais,Híbrido,Masculino,Parda,0.5878569001600783
CAND_00361,9.4,54.0,Bacharelado,Capitais,Presencial,Não-binário,Parda,0.36254633446734696
CAND_00362,4.8,72.0,Bacharelado,Capitais,Presencial,Masculino,Branca,0.5556856187225855
CAND_00363,4.5,19.0,Mestrado,Região Metropolitana,Presencial,Masculino,Parda,0.22306333860391026
CAND_00364,7.3,34.0,Bacharelado,Capitais,Híbrido,Masculino,Amarela,0.47063587154922915
CAND_00365,10.5,58.0,Mestrado,Interior,Híbrido,Masculino,Parda,0.5153079609649492
CAND_00366,2.9,53.0,Ensino Médio,Capitais,Híbrido,Masculino,Branca,0.3612637960290441
CAND_00367,4.9,44.0,Mestrado,Região Metropolitana,Remoto,Masculino,Amarela,0.4380855768704675
CAND_00368,4.2,38.0,Mestrado,Capitais,Híbrido,Feminino,Preta,0.5941864289110796
CAND_00369,6.3,58.0,Bacharelado,Região Metropolitana,Híbrido,Não-binário,Preta,0.5539376705130624
CAND_00370,6.7,23.0,Bacharelado,Capitais,Híbrido,Não-binário,Parda,0.3561619214272049
CAND_00371,8.0,85.0,Bacharelado,Capitais,Híbrido,Masculino,Amarela,0.7124126441462794
CAND_00372,0.0,63.0,Mestrado,Capitais,Remoto,Não-binário,Parda,0.46967580809918746
CAND_00373,8.9,43.0,Bacharelado,Região Metropolitana,Remoto,Feminino,Branca,0.6817095711020061
CAND_00374,6.8,57.0,Ensino Médio,Capitais,Remoto,Masculino,Amarela,0.30610310262375573
CAND_00375,6.6,48.0,Bacharelado,Interior,Híbrido,Masculino,Preta,0.4704162706307022
CAND_00376,2.7,34.0,Bacharelado,Região Metropolitana,Remoto,Não-binário,Indígena,0.416206122924551
CAND_00377,1.7,46.0,Bacharelado,Interior,Híbrido,Não-binário,Indígena,0.5309340979085803
CAND_00378,4.1,63.0,Ensino Médio,Região Metropolitana,Híbrido,Feminino,Parda,0.4538703260039556
CAND_00379,5.6,51.0,Bacharelado,Capitais,Remoto,Masculino,Indígena,0.47939557480408856
CAND_00380,1.5,42.0,Bacharelado,Capitais,Remoto,Masculino,Branca,0.17609980193572164
CAND_00381,7.0,66.0,Bacharelado,Capitais,Presencial,Feminino,Indígena,0.6369220702242495
CAND_00382,10.7,36.0,Bacharelado,Capitais,Presencial,Feminino,Amarela,0.5393856664906111
CAND_00383,1.8,42.0,Bacharelado,Interior,Híbrido,Masculino,Preta,0.41726120208497636
CAND_00384,4.5,52.0,Bacharelado,Região Metropolitana,Híbrido,Não-binário,Amarela,0.6802222033700581
CAND_00385,0.6,57.0,Bacharelado,Capitais,Remoto,Feminino,Branca,0.3554705306833227
CAND_00386,4.5,33.0,Bacharelado,Capitais,Híbrido,Não-binário,Preta,0.27514784077621024
CAND_00387,0.0,63.0,Bacharelado,Capitais,Híbrido,Feminino,Indígena,0.27470728071789347
CAND_00388,4.0,34.0,Bacharelado,Capitais,Presencial,Masculino,Indígena,0.46470845411330164
CAND_00389,0.0,37.0,Ensino Médio,Região Metropolitana,Remoto,Feminino,Indígena,0.30149301369061027
CAND_00390,10.7,28.0,Bacharelado,Capitais,Presencial,Masculino,Preta,0.4021588011345797
CAND_00391,0.0,41.0,Bacharelado,Capitais,Presencial,Masculino,Branca,0.23408429839130956
CAND_00392,3.8,34.0,Mestrado,Região Metropolitana,Presencial,Não-binário,Branca,0.45235804134587626
CAND_00393,8.1,49.0,Bacharelado,Região Metropolitana,Híbrido,Não-binário,Branca,0.31712032302504034
CAND_00394,7.3,46.0,Bacharelado,Capitais,Presencial,Feminino,Parda,0.5585196281699704
CAND_00395,8.6,48.0,Bacharelado,Capitais,Híbrido,Não-binário,Parda,0.3256660532294777
CAND_00396,6.5,55.0,Bacharelado,Região Metropolitana,Híbrido,Não-binário,Amarela,0.48000755976685483
CAND_00397,7.9,48.0,Mestrado,Capitais,Híbrido,Não-binário,Branca,0.5174033953969731
CAND_00398,5.8,33.0,Bacharelado,Região Metropolitana,Híbrido,Não-binário,Branca,0.3211961194785332
CAND_00399,2.9,34.0,Mestrado,Capitais,Remoto,Masculino,Parda,0.31013678183127724
CAND_00400,1.9,35.0,Mestrado,Capitais,Híbrido,Não-binário,Preta,0.46356531210768986
CAND_00401,8.2,27.0,Mestrado,Capitais,Híbrido,Masculino,Indígena,0.3883720036579682
CAND_00402,3.7,36.0,Bacharelado,Região Metropolitana,Presencial,Masculino,Parda,0.3676767658829009
CAND_00403,6.4,50.0,Mestrado,Capitais,Presencial,Não-binário,Preta,0.6146544568501704
CAND_00404,3.1,50.0,Bacharelado,Região Metropolitana,Presencial,Masculino,Parda,0.5270751239542378
CAND_00405,2.8,52.0,Bacharelado,Capitais,Presencial,Masculino,Preta,0.1834160749374033
CAND_00406,4.5,63.0,Bacharelado,Região Metropolitana,Híbrido,Não-binário,Indígena,0.6301983207469997
CAND_00407,6.8,43.0,Bacharelado,Interior,Híbrido,Feminino,Amarela,0.637351067876382
CAND_00408,4.6,37.0,Bacharelado,Capitais,Híbrido,Não-binário,Branca,0.3647341061843238
CAND_00409,2.8,64.0,Bacharelado,Capitais,Presencial,Não-binário,Preta,0.36967382902116114
CAND_00410,9.2,44.0,Doutorado,Capitais,Híbrido,Feminino,Branca,0.5275154746864417
CAND_00411,4.2,74.0,Bacharelado,Capitais,Remoto,Feminino,Branca,0.6814358137400038
CAND_00412,7.2,37.0,Bacharelado,Capitais,Híbrido,Feminino,Amarela,0.24601999319396392
CAND_00413,5.0,47.0,Mestrado,Capitais,Híbrido,Masculino,Amarela,0.5927260168901907
CAND_00414,6.6,51.0,Mestrado,Capitais,Presencial,Não-binário,Parda,0.46227016417324296
CAND_00415,5.5,55.0,Bacharelado,Capitais,Híbrido,Não-binário,Preta,0.3009645283270917
CAND_00416,6.6,53.0,Mestrado,Capitais,Presencial,Não-binário,Preta,0.5595579937073025
CAND_00417,5.7,80.0,Ensino Médio,Capitais,Presencial,Feminino,Amarela,0.47819740445916936
CAND_00418,6.4,34.0,Mestrado,Interior,Remoto,Masculino,Branca,0.380018358183938
CAND_00419,0.0,50.0,Doutorado,Capitais,Híbrido,Feminino,Amarela,0.4436849080342365
CAND_00420,8.2,63.0,Mestrado,Capitais,Remoto,Masculino,Branca,0.8506059092226453
CAND_00421,5.0,54.0,Bacharelado,Capitais,Presencial,Feminino,Indígena,0.4682294436175986
CAND_00422,5.8,43.0,Bacharelado,Região Metropolitana,Híbrido,Não-binário,Branca,0.369396903196458
CAND_00423,1.1,38.0,Bacharelado,Interior,Remoto,Não-binário,Parda,0.26218934609148103
CAND_00424,7.9,37.0,Bacharelado,Capitais,Remoto,Não-binário,Parda,0.6040559419626773
CAND_00425,8.6,48.0,Bacharelado,Capitais,Remoto,Feminino,Amarela,0.5013753487926357
CAND_00426,3.1,51.0,Mestrado,Capitais,Remoto,Não-binário,Amarela,0.3726118867773629
CAND_00427,5.6,27.0,Bacharelado,Capitais,Remoto,Feminino,Branca,0.44945036166942814
CAND_00428,0.0,27.0,Mestrado,Interior,Remoto,Masculino,Amarela,0.31439288289367034
CAND_00429,3.6,46.0,Bacharelado,Capitais,Híbrido,Masculino,Branca,0.48292525591066116
CAND_00430,2.0,52.0,Bacharelado,Capitais,Presencial,Não-binário,Branca,0.4858536472799276
CAND_00431,9.6,54.0,Mestrado,Capitais,Presencial,Não-binário,Parda,0.4046959402077132
CAND_00432,5.3,80.0,Bacharelado,Região Metropolitana,Remoto,Feminino,Amarela,0.6641753243384858
CAND_00433,11.2,61.0,Bacharelado,Capitais,Híbrido,Feminino,Preta,0.5561744963798866
CAND_00434,4.6,42.0,Bacharelado,Capitais,Presencial,Masculino,Preta,0.3473176574610351
CAND_00435,2.9,35.0,Ensino Médio,Capitais,Remoto,Feminino,Branca,0.1928030534850551
CAND_00436,3.5,61.0,Bacharelado,Capitais,Remoto,Feminino,Parda,0.5128901617318424
CAND_00437,0.0,42.0,Bacharelado,Capitais,Presencial,Não-binário,Indígena,0.18644182015228236
CAND_00438,9.7,36.0,Bacharelado,Região Metropolitana,Presencial,Masculino,Preta,0.48901136175716275
CAND_00439,2.7,57.0,Bacharelado,Capitais,Presencial,Não-binário,Indígena,0.511284103042637
CAND_00440,2.3,62.0,Bacharelado,Capitais,Híbrido,Masculino,Indígena,0.42058057910949537
CAND_00441,0.0,33.0,Bacharelado,Região Metropolitana,Híbrido,Não-binário,Preta,0.3948094186568139
CAND_00442,6.1,66.0,Bacharelado,Capitais,Híbrido,Não-binário,Parda,0.4095427848036103
CAND_00443,7.9,47.0,Bacharelado,Capitais,Híbrido,Feminino,Parda,0.6044428847701679
CAND_00444,5.9,32.0,Bacharelado,Capitais,Presencial,Masculino,Indígena,0.5298464198178754
CAND_00445,3.7,54.0,Mestrado,Capitais,Híbrido,Feminino,Indígena,0.7329237154256725
CAND_00446,5.6,66.0,Doutorado,Capitais,Híbrido,Feminino,Branca,0.6250508323444436
CAND_00447,6.6,51.0,Ensino Médio,Interior,Remoto,Feminino,Preta,0.4303404526778583
CAND_00448,5.1,38.0,Bacharelado,Região Metropolitana,Remoto,Feminino,Parda,0.496656548693614
CAND_00449,2.7,28.0,Mestrado,Região Metropolitana,Remoto,Masculino,Preta,0.29808203549372275
CAND_00450,6.4,35.0,Mestrado,Capitais,Híbrido,Masculino,Preta,0.530005786282781
CAND_00451,5.3,48.0,Bacharelado,Região Metropolitana,Remoto,Masculino,Indígena,0.5482875086963152
CAND_00452,2.3,77.0,Mestrado,Capitais,Remoto,Masculino,Preta,0.37304667010194814
CAND_00453,9.5,48.0,Bacharelado,Região Metropolitana,Presencial,Não-binário,Parda,0.6888716184932362
CAND_00454,3.6,65.0,Mestrado,Região Metropolitana,Híbrido,Não-binário,Preta,0.5604101453061365
CAND_00455,2.2,57.0,Bacharelado,Região Metropolitana,Remoto,Feminino,Branca,0.5838126422161678
CAND_00456,0.0,70.0,Bacharelado,Capitais,Híbrido,Masculino,Branca,0.3817972912752635
CAND_00457,9.2,88.0,Bacharelado,Capitais,Híbrido,Feminino,Branca,0.6759519347447729
CAND_00458,10.2,65.0,Mestrado,Capitais,Híbrido,Masculino,Amarela,0.6425287747949245
CAND_00459,4.9,55.0,Bacharelado,Capitais,Híbrido,Feminino,Parda,0.48065295301593847
CAND_00460,6.7,69.0,Ensino Médio,Capitais,Presencial,Feminino,Preta,0.4246203824825781
CAND_00461,6.3,66.0,Mestrado,Interior,Presencial,Masculino,Parda,0.5636992603723371
CAND_00462,0.9,55.0,Ensino Médio,Região Metropolitana,Presencial,Não-binário,Amarela,0.38331419025110564
CAND_00463,7.5,50.0,Bacharelado,Capitais,Híbrido,Masculino,Parda,0.512007627052059
CAND_00464,6.1,59.0,Bacharelado,Capitais,Híbrido,Feminino,Branca,0.32825817732214635
CAND_00465,3.9,61.0,Doutorado,Capitais,Híbrido,Feminino,Parda,0.5783049710928054
CAND_00466,1.2,28.0,Bacharelado,Capitais,Presencial,Masculino,Preta,0.28041176561926784
CAND_00467,9.8,64.0,Bacharelado,Capitais,Remoto,Masculino,Indígena,0.7006446095832117
CAND_00468,2.9,52.0,Bacharelado,Região Metropolitana,Remoto,Não-binário,Branca,0.38485395119205895
CAND_00469,3.1,90.0,Bacharelado,Capitais,Híbrido,Masculino,Amarela,0.5816490142188386
CAND_00470,0.0,48.0,Ensino Médio,Capitais,Híbrido,Masculino,Indígena,0.27499254159390096
CAND_00471,6.5,32.0,Mestrado,Região Metropolitana,Remoto,Masculino,Amarela,0.5213282475059838
CAND_00472,6.1,46.0,Bacharelado,Capitais,Remoto,Feminino,Parda,0.5512993796896206
CAND_00473,4.8,65.0,Bacharelado,Capitais,Híbrido,Feminino,Indígena,0.5210473710904147
CAND_00474,3.0,41.0,Mestrado,Capitais,Remoto,Masculino,Amarela,0.4626091725433489
CAND_00475,5.6,24.0,Bacharelado,Interior,Presencial,Feminino,Parda,0.40708317751052514
CAND_00476,6.8,12.0,Bacharelado,Região Metropolitana,Presencial,Não-binário,Preta,0.3615419865528669
CAND_00477,2.7,63.0,Bacharelado,Capitais,Remoto,Masculino,Indígena,0.5001277465931661
CAND_00478,1.7,37.0,Mestrado,Capitais,Presencial,Não-binário,Parda,0.46125421946871487
CAND_00479,3.4,55.0,Bacharelado,Capitais,Híbrido,Feminino,Branca,0.5049432124629009
CAND_00480,5.4,50.0,Mestrado,Capitais,Híbrido,Masculino,Parda,0.2968687612209906
CAND_00481,4.2,66.0,Ensino Médio,Região Metropolitana,Remoto,Feminino,Indígena,0.4555416717600055
CAND_00482,0.0,56.0,Doutorado,Capitais,Remoto,Não-binário,Branca,0.3776742217442548
CAND_00483,0.6,72.0,Bacharelado,Região Metropolitana,Remoto,Masculino,Parda,0.40445275587984225
CAND_00484,4.8,41.0,Bacharelado,Região Metropolitana,Remoto,Masculino,Preta,0.4069286536787434
CAND_00485,5.7,46.0,Bacharelado,Região Metropolitana,Presencial,Não-binário,Indígena,0.4708932507604383
CAND_00486,2.3,35.0,Mestrado,Região Metropolitana,Presencial,Não-binário,Indígena,0.4280893771098657
CAND_00487,0.3,39.0,Bacharelado,Interior,Remoto,Masculino,Preta,0.23088569161785272
CAND_00488,3.4,44.0,Bacharelado,Capitais,Remoto,Feminino,Parda,0.24459361433926066
CAND_00489,2.4,74.0,Bacharelado,Capitais,Remoto,Feminino,Preta,0.39237353723965407
CAND_00490,7.5,42.0,Mestrado,Capitais,Remoto,Não-binário,Amarela,0.5112542824546922
CAND_00491,6.9,58.0,Bacharelado,Capitais,Híbrido,Não-binário,Indígena,0.5823076432169958
CAND_00492,11.5,82.0,Mestrado,Capitais,Remoto,Feminino,Branca,0.5604904834093941
CAND_00493,1.0,33.0,Bacharelado,Região Metropolitana,Presencial,Não-binário,Parda,0.38578763456361886
CAND_00494,1.8,27.0,Ensino Médio,Capitais,Híbrido,Masculino,Indígena,0.12122494748633383
CAND_00495,5.6,58.0,Ensino Médio,Capitais,Híbrido,Masculino,Branca,0.40891012141725047
CAND_00496,4.0,51.0,Doutorado,Capitais,Remoto,Feminino,Preta,0.7915576545897143
CAND_00497,4.6,53.0,Bacharelado,Região Metropolitana,Presencial,Não-binário,Parda,0.601893006036999
CAND_00498,3.9,56.0,Bacharelado,Capitais,Remoto,Não-binário,Indígena,0.4696128794864773
CAND_00499,3.7,40.0,Bacharelado,Interior,Híbrido,Masculino,Branca,0.3332554425597885
CAND_00500,4.1,64.0,Mestrado,Interior,Remoto,Não-binário,Preta,0.53008774160272
CAND_00501,3.8,56.0,Doutorado,Região Metropolitana,Presencial,Masculino,Preta,0.48480698840939046
CAND_00502,1.1,77.0,Mestrado,Região Metropolitana,Híbrido,Feminino,Indígena,0.5000908614885686
CAND_00503,1.5,27.0,Bacharelado,Capitais,Híbrido,Feminino,Branca,0.1295543882055182
CAND_00504,2.8,65.0,Doutorado,Interior,Híbrido,Feminino,Indígena,0.520563690676366
CAND_00505,1.5,61.0,Bacharelado,Capitais,Híbrido,Não-binário,Indígena,0.2412318210379503
CAND_00506,6.9,34.0,Bacharelado,Capitais,Híbrido,Não-binário,Preta,0.19782101854796552
CAND_00507,0.0,35.0,Bacharelado,Capitais,Remoto,Feminino,Preta,0.3586729820163594
CAND_00508,12.7,75.0,Bacharelado,Região Metropolitana,Híbrido,Feminino,Preta,0.5862584061002204
CAND_00509,2.8,46.0,Bacharelado,Interior,Remoto,Não-binário,Preta,0.21457552957171078
CAND_00510,6.8,27.0,Mestrado,Capitais,Remoto,Masculino,Preta,0.4356737858189154
CAND_00511,7.1,65.0,Mestrado,Interior,Presencial,Masculino,Branca,0.5479387712381213
CAND_00512,0.0,39.0,Doutorado,Capitais,Híbrido,Não-binário,Amarela,0.40045824369725014
CAND_00513,7.0,31.0,Mestrado,Capitais,Híbrido,Feminino,Branca,0.44886845468568926
CAND_00514,10.4,43.0,Bacharelado,Capitais,Híbrido,Não-binário,Amarela,0.41991698094305446
CAND_00515,12.2,56.0,Bacharelado,Região Metropolitana,Presencial,Não-binário,Preta,0.6668214235823194
CAND_00516,1.4,45.0,Bacharelado,Região Metropolitana,Híbrido,Feminino,Preta,0.3535788111170844
CAND_00517,6.0,37.0,Bacharelado,Capitais,Remoto,Masculino,Indígena,0.6581783657948408
CAND_00518,7.4,62.0,Mestrado,Interior,Remoto,Não-binário,Branca,0.6586898509577475
CAND_00519,3.9,58.0,Bacharelado,Capitais,Híbrido,Masculino,Parda,0.5414998218805475
CAND_00520,3.4,60.0,Bacharelado,Capitais,Híbrido,Não-binário,Parda,0.4708312697047617
CAND_00521,6.6,29.0,Bacharelado,Interior,Remoto,Feminino,Parda,0.41526526000230984
CAND_00522,6.2,59.0,Bacharelado,Capitais,Híbrido,Não-binário,Indígena,0.6351335284170695
CAND_00523,8.8,46.0,Mestrado,Interior,Híbrido,Feminino,Amarela,0.5170702635293889
CAND_00524,0.0,78.0,Mestrado,Região Metropolitana,Presencial,Masculino,Branca,0.32472018025246446
CAND_00525,3.9,71.0,Bacharelado,Capitais,Presencial,Masculino,Parda,0.5353279679740178
CAND_00526,1.6,38.0,Bacharelado,Interior,Híbrido,Não-binário,Preta,0.19627821131438267
CAND_00527,6.5,15.0,Mestrado,Capitais,Híbrido,Não-binário,Parda,0.3075192714953611
CAND_00528,5.4,46.0,Doutorado,Região Metropolitana,Remoto,Feminino,Indígena,0.6844481128803767
CAND_00529,7.1,65.0,Bacharelado,Região Metropolitana,Presencial,Não-binário,Indígena,0.5757533582725921
CAND_00530,3.1,58.0,Doutorado,Capitais,Remoto,Não-binário,Indígena,0.5643881979751505
CAND_00531,4.3,51.0,Mestrado,Região Metropolitana,Presencial,Feminino,Preta,0.5603011806853702
CAND_00532,5.6,32.0,Doutorado,Região Metropolitana,Híbrido,Masculino,Indígena,0.46269750686659455
CAND_00533,5.8,44.0,Mestrado,Capitais,Híbrido,Masculino,Branca,0.6540056316097577
CAND_00534,1.6,70.0,Bacharelado,Região Metropolitana,Híbrido,Não-binário,Parda,0.47331556210475123
CAND_00535,4.3,68.0,Bacharelado,Capitais,Remoto,Masculino,Preta,0.4914013039059701
CAND_00536,1.7,43.0,Bacharelado,Capitais,Presencial,Não-binário,Amarela,0.25574673271973236
CAND_00537,5.8,52.0,Bacharelado,Região Metropolitana,Híbrido,Masculino,Branca,0.37226369280655225
CAND_00538,7.3,17.0,Ensino Médio,Capitais,Híbrido,Masculino,Parda,0.4998465765438474
CAND_00539,3.9,83.0,Bacharelado,Capitais,Híbrido,Não-binário,Amarela,0.5785247869904844
CAND_00540,8.0,55.0,Doutorado,Capitais,Remoto,Masculino,Preta,0.7150138307533448
CAND_00541,7.5,55.0,Bacharelado,Capitais,Presencial,Feminino,Amarela,0.7125619225382498
CAND_00542,7.3,66.0,Mestrado,Capitais,Híbrido,Feminino,Branca,0.5637002692119245
CAND_00543,1.9,19.0,Mestrado,Região Metropolitana,Híbrido,Feminino,Indígena,0.5500251207824705
CAND_00544,5.4,56.0,Mestrado,Capitais,Híbrido,Feminino,Amarela,0.48751713465675883
CAND_00545,8.1,80.0,Ensino Médio,Interior,Remoto,Feminino,Amarela,0.5257556173256681
CAND_00546,5.3,32.0,Bacharelado,Capitais,Presencial,Feminino,Preta,0.46630194612105585
CAND_00547,9.4,66.0,Mestrado,Capitais,Híbrido,Feminino,Indígena,0.6451897296480834
CAND_00548,6.2,53.0,Mestrado,Capitais,Híbrido,Masculino,Indígena,0.673853970318678
CAND_00549,3.3,64.0,Bacharelado,Capitais,Híbrido,Masculino,Indígena,0.39998423246274933
CAND_00550,1.8,52.0,Mestrado,Capitais,Presencial,Não-binário,Preta,0.5940369637034936
CAND_00551,11.1,74.0,Doutorado,Capitais,Remoto,Não-binário,Parda,0.7493721202416
CAND_00552,0.0,37.0,Mestrado,Região Metropolitana,Híbrido,Masculino,Amarela,0.2975833829867218
CAND_00553,0.6,58.0,Doutorado,Capitais,Híbrido,Feminino,Parda,0.33001793633325605
CAND_00554,8.1,40.0,Bacharelado,Capitais,Híbrido,Feminino,Indígena,0.3833110997236422
CAND_00555,6.5,71.0,Bacharelado,Região Metropolitana,Remoto,Masculino,Parda,0.565060713157333
CAND_00556,3.0,48.0,Bacharelado,Interior,Híbrido,Feminino,Indígena,0.36910857999203706
CAND_00557,10.7,45.0,Mestrado,Interior,Híbrido,Não-binário,Preta,0.3867039816010837
CAND_00558,4.4,48.0,Bacharelado,Região Metropolitana,Híbrido,Masculino,Indígena,0.4335021845724762
CAND_00559,4.2,68.0,Bacharelado,Região Metropolitana,Presencial,Não-binário,Preta,0.5835211355416683
CAND_00560,6.0,59.0,Bacharelado,Capitais,Remoto,Não-binário,Branca,0.4769712608739922
CAND_00561,6.8,79.0,Bacharelado,Capitais,Híbrido,Feminino,Preta,0.6114562907077511
CAND_00562,6.7,36.0,Bacharelado,Região Metropolitana,Presencial,Masculino,Parda,0.25103484588759706
CAND_00563,4.9,48.0,Doutorado,Região Metropolitana,Presencial,Feminino,Preta,0.5264639602248673
CAND_00564,6.8,57.0,Bacharelado,Capitais,Presencial,Feminino,Preta,0.42516418960236213
CAND_00565,0.0,46.0,Bacharelado,Região Metropolitana,Remoto,Feminino,Parda,0.15097142198569408
CAND_00566,0.0,47.0,Mestrado,Região Metropolitana,Híbrido,Não-binário,Indígena,0.2750632229317767
CAND_00567,5.2,57.0,Bacharelado,Capitais,Híbrido,Não-binário,Parda,0.6930475248641434
CAND_00568,2.3,53.0,Mestrado,Capitais,Remoto,Não-binário,Preta,0.42940188977477356
CAND_00569,3.7,67.0,Bacharelado,Capitais,Híbrido,Feminino,Amarela,0.6313337751281177
CAND_00570,4.1,70.0,Bacharelado,Capitais,Híbrido,Não-binário,Branca,0.6462465488812694
CAND_00571,4.9,76.0,Bacharelado,Região Metropolitana,Presencial,Feminino,Amarela,0.569800951190603
CAND_00572,9.5,48.0,Bacharelado,Capitais,Presencial,Masculino,Indígena,0.6364298286195613
CAND_00573,2.0,42.0,Bacharelado,Capitais,Remoto,Feminino,Parda,0.34147560841196956
CAND_00574,3.3,60.0,Bacharelado,Interior,Presencial,Feminino,Preta,0.548826969928694
CAND_00575,3.6,58.0,Bacharelado,Região Metropolitana,Presencial,Feminino,Amarela,0.39140654456521845
CAND_00576,0.5,46.0,Bacharelado,Interior,Remoto,Feminino,Indígena,0.4361325596625187
CAND_00577,4.4,31.0,Bacharelado,Região Metropolitana,Remoto,Masculino,Parda,0.38618699915225446
CAND_00578,5.9,64.0,Bacharelado,Interior,Presencial,Masculino,Branca,0.6498105738035799
CAND_00579,7.9,79.0,Bacharelado,Interior,Presencial,Feminino,Preta,0.5149414121470036
CAND_00580,0.0,54.0,Bacharelado,Capitais,Híbrido,Feminino,Branca,0.3084267927464706
CAND_00581,0.0,67.0,Mestrado,Capitais,Híbrido,Não-binário,Branca,0.3799076307979379
CAND_00582,4.6,59.0,Bacharelado,Capitais,Híbrido,Feminino,Parda,0.3536693825576415
CAND_00583,2.7,43.0,Bacharelado,Região Metropolitana,Remoto,Feminino,Parda,0.3958164182505409
CAND_00584,7.6,61.0,Bacharelado,Região Metropolitana,Híbrido,Masculino,Branca,0.6203667193022872
CAND_00585,4.7,47.0,Mestrado,Capitais,Presencial,Masculino,Amarela,0.5466253442749458
CAND_00586,5.8,57.0,Mestrado,Região Metropolitana,Híbrido,Masculino,Amarela,0.685922768478652
CAND_00587,0.7,39.0,Bacharelado,Capitais,Híbrido,Feminino,Amarela,0.43015780346576965
CAND_00588,3.8,51.0,Bacharelado,Capitais,Híbrido,Masculino,Parda,0.36740509987500725
CAND_00589,7.5,66.0,Mestrado,Capitais,Híbrido,Não-binário,Indígena,0.5887996108596549
CAND_00590,6.0,66.0,Mestrado,Capitais,Remoto,Feminino,Parda,0.7465419702602184
CAND_00591,0.0,64.0,Mestrado,Capitais,Presencial,Não-binário,Parda,0.4807328892592885
CAND_00592,4.0,12.0,Bacharelado,Interior,Híbrido,Feminino,Indígena,0.2929568116861108
CAND_00593,13.0,27.0,Bacharelado,Capitais,Remoto,Feminino,Branca,0.6974691536665776
CAND_00594,8.4,54.0,Ensino Médio,Região Metropolitana,Híbrido,Feminino,Branca,0.6807776247821362
CAND_00595,0.6,53.0,Mestrado,Capitais,Remoto,Não-binário,Preta,0.4820528722730593
CAND_00596,2.6,46.0,Mestrado,Região Metropolitana,Híbrido,Feminino,Branca,0.41243188303137546
CAND_00597,4.2,31.0,Mestrado,Capitais,Híbrido,Masculino,Amarela,0.22590790366508187
CAND_00598,4.0,41.0,Bacharelado,Capitais,Híbrido,Não-binário,Amarela,0.3813609058037596
CAND_00599,6.3,64.0,Bacharelado,Capitais,Remoto,Não-binário,Indígena,0.6731442681309288
CAND_00600,5.5,44.0,Bacharelado,Interior,Híbrido,Masculino,Branca,0.37891448797483096
CAND_00601,5.1,34.0,Ensino Médio,Região Metropolitana,Presencial,Não-binário,Indígena,0.3521290220802129
CAND_00602,4.7,49.0,Bacharelado,Capitais,Remoto,Não-binário,Amarela,0.41024728675282374
CAND_00603,0.0,34.0,Bacharelado,Capitais,Presencial,Não-binário,Preta,0.30925552119228855
CAND_00604,6.8,44.0,Mestrado,Capitais,Híbrido,Feminino,Preta,0.5288767583838847
CAND_00605,5.7,56.0,Bacharelado,Capitais,Remoto,Não-binário,Parda,0.47773845348002425
CAND_00606,3.5,49.0,Doutorado,Capitais,Híbrido,Não-binário,Indígena,0.49026619260305865
CAND_00607,5.3,36.0,Mestrado,Capitais,Híbrido,Não-binário,Branca,0.378986732012768
CAND_00608,0.0,25.0,Ensino Médio,Interior,Presencial,Não-binário,Branca,0.055818158156132086
CAND_00609,4.6,45.0,Bacharelado,Capitais,Presencial,Não-binário,Branca,0.22423795400516466
CAND_00610,2.1,77.0,Bacharelado,Região Metropolitana,Presencial,Feminino,Branca,0.41016333647891956
CAND_00611,7.8,43.0,Bacharelado,Região Metropolitana,Presencial,Feminino,Indígena,0.46661525646277335
CAND_00612,5.5,45.0,Bacharelado,Capitais,Remoto,Feminino,Parda,0.6161504327311966
CAND_00613,1.2,52.0,Doutorado,Capitais,Presencial,Não-binário,Branca,0.42426966595242255
CAND_00614,7.0,53.0,Bacharelado,Capitais,Presencial,Não-binário,Parda,0.5051375823446718
CAND_00615,1.9,52.0,Mestrado,Região Metropolitana,Presencial,Feminino,Amarela,0.44117035744088234
CAND_00616,8.6,56.0,Bacharelado,Região Metropolitana,Híbrido,Não-binário,Indígena,0.3964867079852197
CAND_00617,8.3,56.0,Bacharelado,Região Metropolitana,Presencial,Feminino,Preta,0.47661071356284634
CAND_00618,2.6,49.0,Bacharelado,Interior,Presencial,Não-binário,Branca,0.4364566208512115
CAND_00619,6.8,39.0,Mestrado,Capitais,Remoto,Feminino,Indígena,0.3256787911067627
CAND_00620,3.1,69.0,Doutorado,Capitais,Presencial,Não-binário,Branca,0.47452450755685494
CAND_00621,4.9,35.0,Bacharelado,Capitais,Híbrido,Não-binário,Parda,0.49348551802376694
CAND_00622,8.7,28.0,Bacharelado,Capitais,Híbrido,Masculino,Amarela,0.472748657368905
CAND_00623,9.9,51.0,Ensino Médio,Capitais,Híbrido,Masculino,Amarela,0.3865101982277451
CAND_00624,4.8,66.0,Bacharelado,Região Metropolitana,Híbrido,Não-binário,Indígena,0.3881870228810662
CAND_00625,0.0,64.0,Ensino Médio,Capitais,Presencial,Não-binário,Preta,0.42298184355883983
CAND_00626,7.0,59.0,Bacharelado,Capitais,Presencial,Não-binário,Indígena,0.4998104828569253
CAND_00627,11.0,78.0,Bacharelado,Capitais,Presencial,Feminino,Preta,0.778442492889199
CAND_00628,0.0,29.0,Bacharelado,Região Metropolitana,Remoto,Feminino,Parda,0.17800253775362912
CAND_00629,3.2,57.0,Bacharelado,Região Metropolitana,Presencial,Não-binário,Indígena,0.5491483885965128
CAND_00630,1.7,37.0,Bacharelado,Capitais,Remoto,Masculino,Amarela,0.39807904979910497
CAND_00631,4.2,48.0,Doutorado,Capitais,Presencial,Masculino,Preta,0.6466328643184407
CAND_00632,10.1,41.0,Ensino Médio,Região Metropolitana,Híbrido,Masculino,Amarela,0.5910010354176954
CAND_00633,5.5,57.0,Mestrado,Capitais,Presencial,Feminino,Branca,0.5303921750825815
CAND_00634,1.5,51.0,Mestrado,Capitais,Híbrido,Masculino,Branca,0.4994288283686967
CAND_00635,5.7,69.0,Bacharelado,Capitais,Remoto,Feminino,Branca,0.6547182572359445
CAND_00636,1.0,65.0,Mestrado,Capitais,Presencial,Não-binário,Parda,0.5727816086343582
CAND_00637,2.3,82.0,Bacharelado,Capitais,Remoto,Não-binário,Preta,0.46911847557870967
CAND_00638,3.3,62.0,Bacharelado,Região Metropolitana,Híbrido,Não-binário,Preta,0.4370878775212915
CAND_00639,5.5,38.0,Bacharelado,Capitais,Presencial,Não-binário,Branca,0.4565820902782739
CAND_00640,10.9,74.0,Mestrado,Região Metropolitana,Remoto,Feminino,Amarela,0.9196874950860568
CAND_00641,1.3,32.0,Mestrado,Capitais,Presencial,Não-binário,Preta,0.36967045831054296
CAND_00642,6.2,75.0,Doutorado,Interior,Remoto,Não-binário,Branca,0.7942992860996452
CAND_00643,7.1,79.0,Bacharelado,Capitais,Híbrido,Feminino,Preta,0.6424721352129711
CAND_00644,6.8,70.0,Bacharelado,Capitais,Híbrido,Masculino,Amarela,0.5942826946972403
CAND_00645,6.2,61.0,Mestrado,Capitais,Presencial,Feminino,Branca,0.5343441185892855
CAND_00646,6.5,47.0,Mestrado,Capitais,Híbrido,Feminino,Parda,0.5907253283695431
CAND_00647,5.8,77.0,Mestrado,Capitais,Remoto,Não-binário,Preta,0.6996588917073899
CAND_00648,6.1,48.0,Bacharelado,Capitais,Híbrido,Não-binário,Indígena,0.42655562418899007
CAND_00649,3.2,36.0,Mestrado,Região Metropolitana,Híbrido,Feminino,Amarela,0.34475970116752974
CAND_00650,7.8,57.0,Bacharelado,Capitais,Híbrido,Feminino,Preta,0.5679441710356681
CAND_00651,7.2,54.0,Bacharelado,Capitais,Remoto,Masculino,Amarela,0.5391331385418573
CAND_00652,5.4,19.0,Mestrado,Capitais,Presencial,Não-binário,Parda,0.4010843690925407
CAND_00653,4.8,45.0,Mestrado,Região Metropolitana,Híbrido,Feminino,Preta,0.4459431561280673
CAND_00654,1.2,36.0,Bacharelado,Capitais,Remoto,Masculino,Amarela,0.41358286639356806
CAND_00655,6.5,56.0,Mestrado,Capitais,Presencial,Não-binário,Indígena,0.7823701997872041
CAND_00656,8.7,27.0,Mestrado,Capitais,Remoto,Masculino,Preta,0.6014125936473369
CAND_00657,7.5,46.0,Bacharelado,Capitais,Remoto,Não-binário,Parda,0.45812713204297517
CAND_00658,3.5,45.0,Ensino Médio,Capitais,Híbrido,Feminino,Indígena,0.3889091567942923
CAND_00659,5.9,27.0,Bacharelado,Capitais,Híbrido,Masculino,Branca,0.5041422083709307
CAND_00660,5.1,67.0,Mestrado,Capitais,Híbrido,Não-binário,Parda,0.4416891308586235
CAND_00661,9.6,51.0,Bacharelado,Capitais,Presencial,Não-binário,Branca,0.5375822102007242
CAND_00662,8.3,70.0,Bacharelado,Capitais,Híbrido,Não-binário,Preta,0.6468192274255055
CAND_00663,4.7,48.0,Ensino Médio,Capitais,Presencial,Masculino,Parda,0.389094186296952
CAND_00664,4.3,68.0,Ensino Médio,Capitais,Híbrido,Feminino,Amarela,0.4004878106879211
CAND_00665,2.7,69.0,Bacharelado,Capitais,Remoto,Feminino,Preta,0.4988180510488254
CAND_00666,8.3,51.0,Bacharelado,Capitais,Presencial,Feminino,Parda,0.5603163315551332
CAND_00667,4.3,53.0,Mestrado,Capitais,Remoto,Feminino,Preta,0.5258328844831769
CAND_00668,6.9,57.0,Mestrado,Capitais,Remoto,Feminino,Parda,0.4424261806924225
CAND_00669,6.1,34.0,Doutorado,Capitais,Híbrido,Feminino,Branca,0.5178823265415433
CAND_00670,5.7,38.0,Mestrado,Capitais,Presencial,Não-binário,Indígena,0.4611157816033597
CAND_00671,3.3,47.0,Bacharelado,Interior,Presencial,Feminino,Amarela,0.5426486278989481
CAND_00672,4.3,52.0,Mestrado,Região Metropolitana,Híbrido,Não-binário,Branca,0.4227024430744737
CAND_00673,6.9,73.0,Bacharelado,Capitais,Híbrido,Masculino,Amarela,0.4458454159160189
CAND_00674,2.7,41.0,Bacharelado,Região Metropolitana,Remoto,Feminino,Parda,0.1714000406748401
CAND_00675,3.5,44.0,Bacharelado,Capitais,Híbrido,Não-binário,Parda,0.34951650388040484
CAND_00676,2.8,60.0,Mestrado,Capitais,Presencial,Feminino,Parda,0.38132144950310576
CAND_00677,4.9,62.0,Mestrado,Capitais,Híbrido,Não-binário,Amarela,0.6764463033357535
CAND_00678,4.0,58.0,Ensino Médio,Capitais,Remoto,Feminino,Preta,0.3554629856958756
CAND_00679,2.4,25.0,Bacharelado,Capitais,Híbrido,Feminino,Indígena,0.2990492089237827
CAND_00680,7.0,40.0,Bacharelado,Capitais,Presencial,Não-binário,Preta,0.5162040953546791
CAND_00681,3.2,50.0,Mestrado,Região Metropolitana,Híbrido,Feminino,Branca,0.3378034211562084
CAND_00682,5.2,42.0,Bacharelado,Capitais,Presencial,Feminino,Preta,0.4687745874866092
CAND_00683,1.5,58.0,Bacharelado,Capitais,Presencial,Não-binário,Branca,0.3011090840747664
CAND_00684,0.1,45.0,Bacharelado,Capitais,Híbrido,Não-binário,Preta,0.3411612202957788
CAND_00685,2.9,39.0,Mestrado,Região Metropolitana,Remoto,Masculino,Parda,0.37934465740269824
CAND_00686,0.0,53.0,Ensino Médio,Capitais,Remoto,Feminino,Indígena,0.3253188898521139
CAND_00687,9.2,40.0,Bacharelado,Capitais,Remoto,Masculino,Branca,0.4535527670604592
CAND_00688,9.2,35.0,Bacharelado,Região Metropolitana,Presencial,Feminino,Preta,0.5261604748966108
CAND_00689,4.8,32.0,Bacharelado,Capitais,Híbrido,Não-binário,Branca,0.437084372614011
CAND_00690,7.8,48.0,Bacharelado,Região Metropolitana,Presencial,Masculino,Parda,0.6134196280790544
CAND_00691,0.0,51.0,Mestrado,Capitais,Presencial,Masculino,Amarela,0.5328247224627101
CAND_00692,5.0,51.0,Bacharelado,Região Metropolitana,Remoto,Feminino,Parda,0.6631235710036805
CAND_00693,9.7,37.0,Bacharelado,Interior,Presencial,Feminino,Branca,0.7352784242402828
CAND_00694,7.2,29.0,Doutorado,Capitais,Híbrido,Masculino,Indígena,0.5216199021442443
CAND_00695,5.0,58.0,Bacharelado,Capitais,Presencial,Masculino,Indígena,0.4958181153825883
CAND_00696,2.8,71.0,Ensino Médio,Capitais,Híbrido,Masculino,Preta,0.2890894090930365
CAND_00697,7.0,45.0,Bacharelado,Interior,Híbrido,Masculino,Parda,0.24006557905211134
CAND_00698,12.2,48.0,Mestrado,Capitais,Presencial,Não-binário,Preta,0.5092641426350473
CAND_00699,4.3,25.0,Bacharelado,Capitais,Híbrido,Masculino,Preta,0.30769102760004463
CAND_00700,8.3,34.0,Ensino Médio,Região Metropolitana,Híbrido,Masculino,Indígena,0.4378532315338625
CAND_00701,0.0,71.0,Ensino Médio,Capitais,Híbrido,Feminino,Parda,0.33940092721911
CAND_00702,5.9,50.0,Bacharelado,Região Metropolitana,Híbrido,Feminino,Amarela,0.5000430243031844
CAND_00703,3.0,47.0,Ensino Médio,Capitais,Híbrido,Feminino,Amarela,0.39336485546641037
CAND_00704,12.3,64.0,Bacharelado,Capitais,Híbrido,Masculino,Parda,0.5575217088498107
CAND_00705,2.0,84.0,Bacharelado,Capitais,Híbrido,Feminino,Branca,0.655599057693967
CAND_00706,6.9,71.0,Ensino Médio,Capitais,Remoto,Masculino,Branca,0.4540839012869643
CAND_00707,10.0,38.0,Bacharelado,Capitais,Presencial,Masculino,Preta,0.5260525782836252
CAND_00708,2.6,59.0,Bacharelado,Capitais,Remoto,Masculino,Preta,0.5520623259167379
CAND_00709,7.5,54.0,Bacharelado,Capitais,Remoto,Feminino,Preta,0.45133014484097533
CAND_00710,11.9,54.0,Bacharelado,Região Metropolitana,Presencial,Não-binário,Preta,0.7189721367303912
CAND_00711,7.5,49.0,Mestrado,Capitais,Híbrido,Não-binário,Branca,0.6828173693441852
CAND_00712,8.3,50.0,Bacharelado,Região Metropolitana,Remoto,Feminino,Parda,0.5443951911131029
CAND_00713,7.6,54.0,Bacharelado,Capitais,Presencial,Não-binário,Preta,0.44391482002394717
CAND_00714,4.3,65.0,Bacharelado,Capitais,Presencial,Feminino,Amarela,0.4907762942473067
CAND_00715,7.7,43.0,Bacharelado,Interior,Híbrido,Feminino,Branca,0.5538118084673225
CAND_00716,11.4,36.0,Bacharelado,Capitais,Presencial,Feminino,Branca,0.5532330434682581
CAND_00717,2.6,49.0,Bacharelado,Região Metropolitana,Remoto,Masculino,Indígena,0.3345296676106664
CAND_00718,3.5,34.0,Bacharelado,Capitais,Híbrido,Masculino,Amarela,0.47097487053868226
CAND_00719,2.6,40.0,Mestrado,Região Metropolitana,Híbrido,Não-binário,Preta,0.29353438882052557
CAND_00720,2.2,38.0,Bacharelado,Região Metropolitana,Híbrido,Masculino,Branca,0.3478727490980792
CAND_00721,5.3,16.0,Mestrado,Capitais,Híbrido,Masculino,Amarela,0.5021467393514429
CAND_00722,8.6,60.0,Bacharelado,Região Metropolitana,Remoto,Masculino,Preta,0.5240935785723295
CAND_00723,0.0,63.0,Bacharelado,Região Metropolitana,Híbrido,Masculino,Preta,0.5045892315387124
CAND_00724,3.9,51.0,Bacharelado,Interior,Híbrido,Não-binário,Indígena,0.47519837660350706
CAND_00725,6.2,62.0,Mestrado,Capitais,Presencial,Não-binário,Branca,0.4636497609204166
CAND_00726,12.6,38.0,Bacharelado,Região Metropolitana,Presencial,Masculino,Preta,0.49355991344387523
CAND_00727,9.0,21.0,Mestrado,Capitais,Híbrido,Não-binário,Amarela,0.5909437195215923
CAND_00728,5.6,73.0,Mestrado,Capitais,Híbrido,Não-binário,Amarela,0.6092866818080037
CAND_00729,7.8,47.0,Mestrado,Capitais,Presencial,Feminino,Branca,0.6077463774462374
CAND_00730,6.2,53.0,Bacharelado,Interior,Presencial,Masculino,Indígena,0.5731779497309932
CAND_00731,1.1,39.0,Bacharelado,Região Metropolitana,Presencial,Não-binário,Amarela,0.3419420707592369
CAND_00732,2.9,26.0,Bacharelado,Região Metropolitana,Híbrido,Não-binário,Branca,0.19912700747991377
CAND_00733,0.0,28.0,Ensino Médio,Capitais,Presencial,Masculino,Preta,0.2581218749540081
CAND_00734,6.9,55.0,Bacharelado,Região Metropolitana,Presencial,Não-binário,Indígena,0.6478645106724676
CAND_00735,2.1,63.0,Ensino Médio,Capitais,Híbrido,Não-binário,Branca,0.42522814162868766
CAND_00736,3.3,37.0,Mestrado,Região Metropolitana,Presencial,Não-binário,Branca,0.21586125530603426
CAND_00737,2.0,70.0,Bacharelado,Capitais,Presencial,Masculino,Preta,0.4295198492311169
CAND_00738,4.9,25.0,Bacharelado,Capitais,Híbrido,Feminino,Indígena,0.2769080741475219
CAND_00739,5.4,17.0,Bacharelado,Capitais,Remoto,Masculino,Preta,0.4026816310730329
CAND_00740,4.8,55.0,Bacharelado,Capitais,Híbrido,Feminino,Parda,0.4136369265210255
CAND_00741,9.0,47.0,Bacharelado,Região Metropolitana,Híbrido,Não-binário,Branca,0.424574535751551
CAND_00742,3.5,59.0,Mestrado,Região Metropolitana,Presencial,Feminino,Branca,0.5497015715053404
CAND_00743,7.5,55.0,Bacharelado,Região Metropolitana,Remoto,Feminino,Amarela,0.48238155847491626
CAND_00744,13.4,13.0,Mestrado,Capitais,Híbrido,Não-binário,Branca,0.4491353160903672
CAND_00745,7.2,68.0,Mestrado,Interior,Híbrido,Não-binário,Parda,0.7446436715297036
CAND_00746,5.9,57.0,Bacharelado,Região Metropolitana,Remoto,Masculino,Amarela,0.5753105191686593
CAND_00747,2.6,51.0,Ensino Médio,Capitais,Híbrido,Não-binário,Indígena,0.4392416303940241
CAND_00748,4.9,75.0,Bacharelado,Capitais,Híbrido,Não-binário,Preta,0.4147404246065719
CAND_00749,9.5,38.0,Bacharelado,Região Metropolitana,Presencial,Não-binário,Branca,0.4128026579602042
CAND_00750,5.8,64.0,Bacharelado,Região Metropolitana,Remoto,Feminino,Amarela,0.300876527905767
CAND_00751,6.1,46.0,Bacharelado,Capitais,Híbrido,Feminino,Branca,0.3878824502641083
CAND_00752,3.8,42.0,Bacharelado,Região Metropolitana,Remoto,Feminino,Branca,0.4913317957479797
CAND_00753,7.9,40.0,Bacharelado,Região Metropolitana,Presencial,Não-binário,Branca,0.5045380507229429
CAND_00754,0.6,60.0,Bacharelado,Capitais,Híbrido,Não-binário,Indígena,0.5735371318723215
CAND_00755,5.4,64.0,Mestrado,Região Metropolitana,Híbrido,Masculino,Preta,0.5324996148248038
CAND_00756,1.8,72.0,Bacharelado,Região Metropolitana,Híbrido,Feminino,Preta,0.5325691033978501
CAND_00757,6.4,23.0,Mestrado,Região Metropolitana,Híbrido,Masculino,Branca,0.41202665508259945
CAND_00758,0.0,49.0,Bacharelado,Capitais,Híbrido,Feminino,Indígena,0.1823436741766608
CAND_00759,8.7,37.0,Bacharelado,Capitais,Presencial,Feminino,Parda,0.4326334857919285
CAND_00760,4.0,45.0,Mestrado,Capitais,Híbrido,Feminino,Indígena,0.3117528491839947
CAND_00761,3.6,56.0,Bacharelado,Capitais,Híbrido,Masculino,Amarela,0.6123701167205137
CAND_00762,1.7,13.0,Bacharelado,Capitais,Híbrido,Masculino,Branca,0.37293580888433414
CAND_00763,4.7,59.0,Mestrado,Região Metropolitana,Remoto,Não-binário,Amarela,0.3389317092807428
CAND_00764,3.3,16.0,Bacharelado,Capitais,Híbrido,Não-binário,Preta,0.23391503816423023
CAND_00765,6.4,59.0,Bacharelado,Região Metropolitana,Híbrido,Masculino,Preta,0.49244366135191975
CAND_00766,8.5,34.0,Bacharelado,Capitais,Presencial,Masculino,Preta,0.3410660712592926
CAND_00767,7.4,42.0,Bacharelado,Capitais,Presencial,Masculino,Parda,0.3754077327822491
CAND_00768,0.0,59.0,Bacharelado,Capitais,Presencial,Não-binário,Amarela,0.44737583881583676
CAND_00769,6.5,41.0,Doutorado,Região Metropolitana,Híbrido,Não-binário,Branca,0.5460074475717613
CAND_00770,6.2,65.0,Bacharelado,Capitais,Presencial,Feminino,Preta,0.6085006782737589
CAND_00771,0.0,47.0,Mestrado,Capitais,Híbrido,Feminino,Parda,0.3798972662432849
CAND_00772,7.4,63.0,Bacharelado,Capitais,Presencial,Feminino,Branca,0.39638144333190883
CAND_00773,8.3,39.0,Bacharelado,Capitais,Remoto,Feminino,Branca,0.44464690045194366
CAND_00774,0.5,44.0,Doutorado,Interior,Remoto,Feminino,Parda,0.6023882236753894
CAND_00775,0.6,39.0,Bacharelado,Capitais,Híbrido,Não-binário,Indígena,0.3157789959909015
CAND_00776,7.3,54.0,Mestrado,Capitais,Híbrido,Não-binário,Parda,0.748156828385343
CAND_00777,7.4,62.0,Bacharelado,Capitais,Presencial,Masculino,Preta,0.515470098223804
CAND_00778,6.1,50.0,Doutorado,Região Metropolitana,Presencial,Feminino,Branca,0.5298398597509282
CAND_00779,8.3,18.0,Bacharelado,Capitais,Híbrido,Feminino,Branca,0.491696806000416
CAND_00780,2.3,66.0,Bacharelado,Interior,Remoto,Masculino,Preta,0.46203072355534075
CAND_00781,0.3,41.0,Bacharelado,Capitais,Híbrido,Masculino,Amarela,0.3234279192348987
CAND_00782,6.3,35.0,Bacharelado,Região Metropolitana,Híbrido,Não-binário,Parda,0.2940919058366417
CAND_00783,10.0,68.0,Mestrado,Região Metropolitana,Remoto,Feminino,Amarela,0.6368476459658475
CAND_00784,2.2,49.0,Bacharelado,Região Metropolitana,Remoto,Masculino,Amarela,0.38430543697809844
CAND_00785,0.0,46.0,Mestrado,Região Metropolitana,Híbrido,Feminino,Parda,0.4451257872589929
CAND_00786,5.1,55.0,Bacharelado,Capitais,Híbrido,Feminino,Branca,0.3389298070683727
CAND_00787,7.9,51.0,Bacharelado,Região Metropolitana,Remoto,Não-binário,Amarela,0.5647125544675649
CAND_00788,5.7,47.0,Ensino Médio,Capitais,Remoto,Feminino,Amarela,0.4422369333181409
CAND_00789,7.8,43.0,Bacharelado,Região Metropolitana,Presencial,Não-binário,Parda,0.45111081068491976
CAND_00790,6.5,40.0,Mestrado,Capitais,Presencial,Masculino,Indígena,0.36686614996267614
CAND_00791,5.1,29.0,Bacharelado,Capitais,Híbrido,Não-binário,Indígena,0.5538344422535089
CAND_00792,4.7,48.0,Bacharelado,Região Metropolitana,Híbrido,Não-binário,Amarela,0.5985353402612207
CAND_00793,2.6,61.0,Bacharelado,Região Metropolitana,Híbrido,Feminino,Branca,0.5399273834830337
CAND_00794,5.9,45.0,Doutorado,Região Metropolitana,Remoto,Masculino,Amarela,0.38293841403802653
CAND_00795,3.6,47.0,Bacharelado,Capitais,Híbrido,Masculino,Indígena,0.47524789252954575
CAND_00796,0.0,65.0,Bacharelado,Região Metropolitana,Presencial,Feminino,Indígena,0.3751022729992893
CAND_00797,8.8,50.0,Bacharelado,Região Metropolitana,Remoto,Feminino,Indígena,0.6493122416295344
CAND_00798,1.9,54.0,Bacharelado,Região Metropolitana,Híbrido,Feminino,Indígena,0.4528004814460825
CAND_00799,4.1,75.0,Bacharelado,Capitais,Híbrido,Feminino,Amarela,0.41787674836312083
CAND_00800,7.6,70.0,Bacharelado,Capitais,Híbrido,Masculino,Amarela,0.5296813992421431
CAND_00801,2.7,81.0,Bacharelado,Capitais,Presencial,Masculino,Branca,0.6470436002635156
CAND_00802,6.1,66.0,Bacharelado,Capitais,Híbrido,Não-binário,Branca,0.6964147378154542
CAND_00803,6.0,49.0,Bacharelado,Capitais,Remoto,Masculino,Indígena,0.603796385565298
CAND_00804,0.6,55.0,Bacharelado,Capitais,Presencial,Não-binário,Branca,0.4637107226197386
CAND_00805,0.0,50.0,Doutorado,Região Metropolitana,Remoto,Não-binário,Parda,0.38073841743558884
CAND_00806,2.1,36.0,Bacharelado,Capitais,Híbrido,Feminino,Amarela,0.2628423831679567
CAND_00807,7.1,47.0,Bacharelado,Região Metropolitana,Remoto,Masculino,Parda,0.5608554451262944
CAND_00808,6.7,58.0,Bacharelado,Interior,Presencial,Não-binário,Indígena,0.4398057755749176
CAND_00809,0.0,33.0,Doutorado,Capitais,Remoto,Masculino,Indígena,0.4307121629828888
CAND_00810,9.8,50.0,Doutorado,Capitais,Remoto,Masculino,Preta,0.7102597438046456
CAND_00811,12.3,40.0,Mestrado,Região Metropolitana,Presencial,Feminino,Parda,0.6817735472484916
CAND_00812,7.2,57.0,Bacharelado,Capitais,Remoto,Não-binário,Branca,0.4817929995262232
CAND_00813,6.9,34.0,Bacharelado,Capitais,Híbrido,Feminino,Parda,0.5591994468892458
CAND_00814,0.0,48.0,Bacharelado,Capitais,Remoto,Feminino,Amarela,0.18146019987602088
CAND_00815,7.7,18.0,Mestrado,Capitais,Presencial,Feminino,Branca,0.35223102478410295
CAND_00816,7.0,32.0,Mestrado,Capitais,Híbrido,Não-binário,Amarela,0.37068493630560617
CAND_00817,6.3,48.0,Bacharelado,Região Metropolitana,Remoto,Feminino,Branca,0.4298655848341562
CAND_00818,4.0,46.0,Mestrado,Capitais,Híbrido,Masculino,Amarela,0.35974751794718784
CAND_00819,5.4,37.0,Mestrado,Capitais,Híbrido,Masculino,Preta,0.47884275167824697
CAND_00820,4.6,55.0,Ensino Médio,Capitais,Remoto,Não-binário,Indígena,0.5097641254869625
CAND_00821,7.6,33.0,Doutorado,Capitais,Presencial,Feminino,Indígena,0.5704209348024831
CAND_00822,8.0,38.0,Mestrado,Região Metropolitana,Híbrido,Masculino,Branca,0.646337711193439
CAND_00823,4.6,54.0,Bacharelado,Capitais,Remoto,Masculino,Parda,0.4281459986432544
CAND_00824,6.1,38.0,Bacharelado,Capitais,Híbrido,Feminino,Parda,0.20468479752738566
CAND_00825,6.0,89.0,Bacharelado,Interior,Remoto,Não-binário,Preta,0.5864956410815867
CAND_00826,5.0,45.0,Bacharelado,Região Metropolitana,Híbrido,Feminino,Preta,0.4600239430718955
CAND_00827,3.1,58.0,Mestrado,Região Metropolitana,Híbrido,Masculino,Parda,0.3993349357301692
CAND_00828,6.2,25.0,Bacharelado,Região Metropolitana,Presencial,Feminino,Parda,0.3193605416397883
CAND_00829,6.7,62.0,Bacharelado,Região Metropolitana,Remoto,Feminino,Preta,0.5171124400252354
CAND_00830,4.9,35.0,Bacharelado,Capitais,Híbrido,Não-binário,Amarela,0.3465360617308483
CAND_00831,5.9,47.0,Ensino Médio,Região Metropolitana,Híbrido,Não-binário,Indígena,0.3346305868307474
CAND_00832,3.9,63.0,Bacharelado,Capitais,Remoto,Não-binário,Preta,0.4419769250259876
CAND_00833,4.6,46.0,Bacharelado,Capitais,Presencial,Não-binário,Parda,0.4210167819860688
CAND_00834,4.9,33.0,Ensino Médio,Região Metropolitana,Híbrido,Não-binário,Preta,0.35267660394867273
CAND_00835,1.7,49.0,Bacharelado,Capitais,Presencial,Masculino,Parda,0.4161561457933897
CAND_00836,3.4,34.0,Bacharelado,Região Metropolitana,Híbrido,Masculino,Indígena,0.4077778794898851
CAND_00837,9.9,45.0,Bacharelado,Região Metropolitana,Híbrido,Não-binário,Branca,0.702408103029747
CAND_00838,8.1,52.0,Bacharelado,Região Metropolitana,Presencial,Feminino,Branca,0.5671867894915216
CAND_00839,5.2,57.0,Ensino Médio,Capitais,Híbrido,Não-binário,Indígena,0.5156180249590382
CAND_00840,5.0,60.0,Mestrado,Capitais,Presencial,Masculino,Preta,0.49470617725696286
CAND_00841,1.9,43.0,Bacharelado,Capitais,Remoto,Masculino,Parda,0.28139242842802714
CAND_00842,1.9,24.0,Ensino Médio,Capitais,Remoto,Não-binário,Amarela,0.18686577880720068
CAND_00843,0.0,21.0,Mestrado,Região Metropolitana,Remoto,Não-binário,Branca,0.23179545131698892
CAND_00844,1.4,54.0,Bacharelado,Capitais,Híbrido,Feminino,Parda,0.3273700664175635
CAND_00845,8.1,38.0,Mestrado,Capitais,Presencial,Feminino,Branca,0.6060690111570873
CAND_00846,0.0,43.0,Bacharelado,Capitais,Presencial,Masculino,Amarela,0.49612685323666306
CAND_00847,3.3,20.0,Bacharelado,Região Metropolitana,Híbrido,Não-binário,Preta,0.39265770465625915
CAND_00848,4.6,49.0,Bacharelado,Região Metropolitana,Presencial,Feminino,Preta,0.43148900131872997
CAND_00849,5.9,43.0,Mestrado,Região Metropolitana,Híbrido,Masculino,Amarela,0.6298701351185316
CAND_00850,2.8,38.0,Doutorado,Capitais,Híbrido,Feminino,Preta,0.31437889078551107
CAND_00851,3.3,56.0,Bacharelado,Região Metropolitana,Remoto,Não-binário,Preta,0.4092565271691351
CAND_00852,0.3,29.0,Bacharelado,Capitais,Híbrido,Masculino,Indígena,0.25535642137073317
CAND_00853,3.1,57.0,Bacharelado,Capitais,Híbrido,Masculino,Amarela,0.3864127134413161
CAND_00854,1.0,21.0,Bacharelado,Capitais,Híbrido,Masculino,Amarela,0.22431291285929839
CAND_00855,4.5,79.0,Bacharelado,Região Metropolitana,Remoto,Masculino,Indígena,0.48058388771288496
CAND_00856,5.2,50.0,Bacharelado,Interior,Híbrido,Feminino,Parda,0.4787895657601433
CAND_00857,5.7,84.0,Bacharelado,Região Metropolitana,Remoto,Não-binário,Amarela,0.5167263395444808
CAND_00858,8.9,26.0,Bacharelado,Capitais,Presencial,Feminino,Amarela,0.349663428494977
CAND_00859,8.7,45.0,Bacharelado,Capitais,Remoto,Masculino,Parda,0.6498511167303546
CAND_00860,7.6,68.0,Mestrado,Capitais,Híbrido,Masculino,Amarela,0.49465900072342595
CAND_00861,3.0,61.0,Bacharelado,Capitais,Presencial,Não-binário,Indígena,0.40578398062884413
CAND_00862,2.5,58.0,Mestrado,Interior,Híbrido,Não-binário,Preta,0.6149091351604021
CAND_00863,2.8,47.0,Mestrado,Capitais,Híbrido,Masculino,Branca,0.38502225397653483
CAND_00864,12.9,39.0,Ensino Médio,Capitais,Híbrido,Feminino,Preta,0.48327507776887757
CAND_00865,5.5,52.0,Bacharelado,Capitais,Remoto,Masculino,Parda,0.5560463730273566
CAND_00866,7.8,50.0,Bacharelado,Capitais,Remoto,Feminino,Indígena,0.6540727591611639
CAND_00867,6.4,55.0,Mestrado,Região Metropolitana,Remoto,Masculino,Parda,0.5180308989165106
CAND_00868,4.0,67.0,Bacharelado,Capitais,Remoto,Masculino,Branca,0.5130456120786497
CAND_00869,8.2,46.0,Mestrado,Capitais,Híbrido,Não-binário,Indígena,0.6740087162557916
CAND_00870,1.9,43.0,Bacharelado,Capitais,Híbrido,Não-binário,Preta,0.502863558705317
CAND_00871,2.6,31.0,Bacharelado,Capitais,Híbrido,Masculino,Branca,0.2961320173612873
CAND_00872,2.5,25.0,Mestrado,Região Metropolitana,Remoto,Não-binário,Parda,0.3527189303463484
CAND_00873,7.9,32.0,Bacharelado,Região Metropolitana,Híbrido,Masculino,Parda,0.4258680763431541
CAND_00874,8.6,65.0,Bacharelado,Capitais,Híbrido,Masculino,Branca,0.5538543964396356
CAND_00875,4.4,68.0,Mestrado,Capitais,Híbrido,Não-binário,Indígena,0.7075007854147849
CAND_00876,1.8,30.0,Bacharelado,Região Metropolitana,Remoto,Masculino,Indígena,0.37193418885020024
CAND_00877,0.0,42.0,Bacharelado,Capitais,Presencial,Masculino,Branca,0.34702888958099604
CAND_00878,2.2,56.0,Mestrado,Região Metropolitana,Remoto,Masculino,Preta,0.5255828176736184
CAND_00879,2.1,56.0,Bacharelado,Capitais,Presencial,Masculino,Parda,0.5162981238031236
CAND_00880,4.4,65.0,Doutorado,Capitais,Híbrido,Feminino,Amarela,0.43201359569970343
CAND_00881,7.8,62.0,Mestrado,Capitais,Híbrido,Não-binário,Branca,0.6523714007054018
CAND_00882,4.4,45.0,Bacharelado,Capitais,Presencial,Não-binário,Parda,0.670044320504235
CAND_00883,1.2,30.0,Bacharelado,Interior,Remoto,Não-binário,Indígena,0.402544952021309
CAND_00884,1.2,67.0,Bacharelado,Capitais,Presencial,Masculino,Preta,0.3436562657388945
CAND_00885,6.1,74.0,Ensino Médio,Interior,Presencial,Não-binário,Preta,0.6011412151317801
CAND_00886,6.0,54.0,Bacharelado,Região Metropolitana,Remoto,Não-binário,Amarela,0.3948816907356726
CAND_00887,7.6,55.0,Mestrado,Região Metropolitana,Híbrido,Feminino,Branca,0.7287800369168359
CAND_00888,3.9,26.0,Bacharelado,Interior,Remoto,Feminino,Indígena,0.3946794148265701
CAND_00889,3.9,62.0,Bacharelado,Capitais,Remoto,Não-binário,Branca,0.5546446357413937
CAND_00890,8.1,64.0,Mestrado,Capitais,Híbrido,Não-binário,Parda,0.5793216588793899
CAND_00891,10.7,91.0,Ensino Médio,Capitais,Híbrido,Não-binário,Branca,0.7766365777597951
CAND_00892,7.9,54.0,Doutorado,Capitais,Presencial,Não-binário,Branca,0.6950284171105864
CAND_00893,5.2,35.0,Bacharelado,Interior,Remoto,Feminino,Parda,0.42870160273066477
CAND_00894,0.2,28.0,Mestrado,Interior,Presencial,Não-binário,Parda,0.22009701218752822
CAND_00895,6.2,46.0,Mestrado,Interior,Presencial,Feminino,Preta,0.4386144878711038
CAND_00896,5.6,33.0,Bacharelado,Região Metropolitana,Remoto,Feminino,Preta,0.4898049044138944
CAND_00897,1.7,36.0,Mestrado,Capitais,Remoto,Não-binário,Parda,0.377511309025564
CAND_00898,3.7,30.0,Bacharelado,Região Metropolitana,Remoto,Não-binário,Indígena,0.19338303397130396
CAND_00899,7.8,46.0,Bacharelado,Capitais,Remoto,Masculino,Indígena,0.6327709399358834
CAND_00900,1.9,48.0,Mestrado,Capitais,Híbrido,Masculino,Indígena,0.37038720408390924
CAND_00901,5.8,89.0,Bacharelado,Capitais,Híbrido,Não-binário,Amarela,0.6842821330926185
CAND_00902,0.2,55.0,Bacharelado,Região Metropolitana,Presencial,Masculino,Indígena,0.3308106259742937
CAND_00903,3.5,68.0,Bacharelado,Capitais,Remoto,Feminino,Amarela,0.6049240988036488
CAND_00904,6.1,49.0,Bacharelado,Capitais,Remoto,Não-binário,Branca,0.4991031441688076
CAND_00905,8.7,42.0,Bacharelado,Capitais,Híbrido,Não-binário,Amarela,0.6147313126504644
CAND_00906,0.0,49.0,Bacharelado,Capitais,Híbrido,Masculino,Parda,0.350166299985045
CAND_00907,1.8,46.0,Bacharelado,Interior,Híbrido,Não-binário,Indígena,0.4184377426747604
CAND_00908,1.6,72.0,Bacharelado,Região Metropolitana,Remoto,Masculino,Parda,0.4503632127652773
CAND_00909,2.1,57.0,Ensino Médio,Capitais,Remoto,Masculino,Indígena,0.28304494489258003
CAND_00910,2.2,69.0,Bacharelado,Região Metropolitana,Híbrido,Feminino,Branca,0.34322576998402166
CAND_00911,4.5,72.0,Bacharelado,Capitais,Remoto,Não-binário,Parda,0.5342820244101256
CAND_00912,3.3,42.0,Bacharelado,Interior,Híbrido,Masculino,Indígena,0.3748534445983173
CAND_00913,4.7,72.0,Mestrado,Região Metropolitana,Híbrido,Não-binário,Indígena,0.4004831918097147
CAND_00914,2.7,11.0,Bacharelado,Capitais,Presencial,Feminino,Amarela,0.26707601712800805
CAND_00915,10.4,12.0,Bacharelado,Capitais,Presencial,Masculino,Branca,0.35821798106694697
CAND_00916,8.3,45.0,Bacharelado,Capitais,Híbrido,Não-binário,Branca,0.6369609496364791
CAND_00917,5.0,28.0,Mestrado,Capitais,Presencial,Masculino,Branca,0.519205319536685
CAND_00918,2.7,50.0,Bacharelado,Região Metropolitana,Remoto,Não-binário,Parda,0.36093255074019853
CAND_00919,3.2,22.0,Bacharelado,Região Metropolitana,Presencial,Feminino,Amarela,0.2328053583631727
CAND_00920,4.2,36.0,Bacharelado,Região Metropolitana,Híbrido,Masculino,Preta,0.6016994245675094
CAND_00921,6.3,47.0,Bacharelado,Interior,Presencial,Não-binário,Amarela,0.47332086297232223
CAND_00922,3.1,54.0,Ensino Médio,Capitais,Remoto,Feminino,Amarela,0.2753581752076024
CAND_00923,5.0,70.0,Mestrado,Região Metropolitana,Híbrido,Não-binário,Preta,0.8171442729904634
CAND_00924,6.6,40.0,Bacharelado,Região Metropolitana,Remoto,Feminino,Parda,0.5508173577039844
CAND_00925,8.7,60.0,Bacharelado,Interior,Híbrido,Masculino,Amarela,0.5194450192362923
CAND_00926,5.2,46.0,Mestrado,Interior,Remoto,Não-binário,Indígena,0.5327738236649856
CAND_00927,8.4,63.0,Mestrado,Capitais,Híbrido,Feminino,Preta,0.5179877965370672
CAND_00928,4.2,37.0,Ensino Médio,Capitais,Presencial,Masculino,Parda,0.1729726178440409
CAND_00929,0.6,57.0,Bacharelado,Região Metropolitana,Presencial,Masculino,Branca,0.2923790957613257
CAND_00930,3.4,34.0,Bacharelado,Região Metropolitana,Presencial,Masculino,Amarela,0.351813856168566
CAND_00931,4.1,51.0,Bacharelado,Capitais,Híbrido,Masculino,Branca,0.5039747693912364
CAND_00932,7.7,38.0,Bacharelado,Região Metropolitana,Híbrido,Masculino,Amarela,0.5176119261837707
CAND_00933,3.8,56.0,Doutorado,Região Metropolitana,Presencial,Não-binário,Preta,0.609697428303724
CAND_00934,3.6,56.0,Mestrado,Capitais,Híbrido,Feminino,Preta,0.5905086723059959
CAND_00935,3.7,48.0,Bacharelado,Interior,Remoto,Feminino,Parda,0.5099261798112652
CAND_00936,9.8,62.0,Mestrado,Interior,Híbrido,Masculino,Preta,0.634029236091338
CAND_00937,6.2,65.0,Bacharelado,Capitais,Remoto,Feminino,Parda,0.4707283711609476
CAND_00938,5.4,38.0,Ensino Médio,Capitais,Remoto,Não-binário,Preta,0.3932758291172033
CAND_00939,2.6,54.0,Bacharelado,Capitais,Remoto,Masculino,Branca,0.4338340334846046
CAND_00940,4.5,73.0,Bacharelado,Região Metropolitana,Híbrido,Não-binário,Amarela,0.4103598109874689
CAND_00941,0.0,35.0,Bacharelado,Região Metropolitana,Remoto,Não-binário,Amarela,0.32162013395885636
CAND_00942,7.2,50.0,Bacharelado,Região Metropolitana,Presencial,Masculino,Indígena,0.49310738628543793
CAND_00943,2.4,57.0,Bacharelado,Capitais,Remoto,Não-binário,Amarela,0.40978886337095055
CAND_00944,0.0,26.0,Ensino Médio,Capitais,Presencial,Masculino,Indígena,0.09211097165816351
CAND_00945,3.5,80.0,Mestrado,Capitais,Presencial,Não-binário,Parda,0.6802407090394355
CAND_00946,10.3,38.0,Bacharelado,Capitais,Híbrido,Feminino,Indígena,0.5548590911129955
CAND_00947,6.7,42.0,Bacharelado,Região Metropolitana,Híbrido,Masculino,Preta,0.4925379571215208
CAND_00948,5.6,47.0,Mestrado,Região Metropolitana,Presencial,Não-binário,Amarela,0.39824408280046975
CAND_00949,4.3,35.0,Ensino Médio,Capitais,Presencial,Masculino,Preta,0.4664264625840719
CAND_00950,0.1,57.0,Ensino Médio,Interior,Presencial,Não-binário,Indígena,0.38112436687403006
CAND_00951,5.8,70.0,Bacharelado,Interior,Remoto,Feminino,Indígena,0.4631489384747386
CAND_00952,2.9,59.0,Bacharelado,Capitais,Remoto,Não-binário,Preta,0.48935417355507127
CAND_00953,5.5,57.0,Mestrado,Capitais,Híbrido,Feminino,Parda,0.5893112167609348
CAND_00954,11.5,62.0,Doutorado,Região Metropolitana,Remoto,Masculino,Branca,0.7986147304506552
CAND_00955,3.7,42.0,Bacharelado,Interior,Híbrido,Não-binário,Branca,0.3326827234225559
CAND_00956,0.0,40.0,Mestrado,Região Metropolitana,Híbrido,Masculino,Indígena,0.6047985242667109
CAND_00957,4.4,74.0,Ensino Médio,Capitais,Híbrido,Não-binário,Amarela,0.5028060971991324
CAND_00958,2.7,61.0,Mestrado,Região Metropolitana,Híbrido,Não-binário,Branca,0.47070591113208243
CAND_00959,2.3,28.0,Bacharelado,Capitais,Presencial,Feminino,Indígena,0.3210168727574287
CAND_00960,7.5,76.0,Mestrado,Capitais,Híbrido,Feminino,Indígena,0.6007474020666848
CAND_00961,6.0,72.0,Bacharelado,Capitais,Remoto,Masculino,Preta,0.4957024652902141
CAND_00962,7.3,60.0,Bacharelado,Região Metropolitana,Híbrido,Masculino,Branca,0.5255769026091494
CAND_00963,0.0,69.0,Mestrado,Capitais,Presencial,Masculino,Parda,0.30492137231950955
CAND_00964,4.9,73.0,Mestrado,Capitais,Remoto,Não-binário,Indígena,0.702416076274577
CAND_00965,8.2,49.0,Bacharelado,Capitais,Remoto,Não-binário,Preta,0.5707521134453406
CAND_00966,2.7,65.0,Bacharelado,Capitais,Híbrido,Masculino,Branca,0.5194926270597943
CAND_00967,0.5,90.0,Mestrado,Interior,Remoto,Masculino,Parda,0.6218095941969496
CAND_00968,0.0,41.0,Bacharelado,Região Metropolitana,Híbrido,Não-binário,Amarela,0.4642782485262777
CAND_00969,0.0,47.0,Ensino Médio,Capitais,Híbrido,Masculino,Branca,0.04895388279352553
CAND_00970,5.7,33.0,Bacharelado,Capitais,Híbrido,Masculino,Parda,0.5425594701063852
CAND_00971,2.3,46.0,Bacharelado,Região Metropolitana,Híbrido,Masculino,Branca,0.40321001135965895
CAND_00972,6.2,71.0,Bacharelado,Capitais,Presencial,Não-binário,Amarela,0.7316348578910528
CAND_00973,5.1,35.0,Mestrado,Interior,Remoto,Feminino,Amarela,0.2854229295424293
CAND_00974,4.3,65.0,Bacharelado,Capitais,Híbrido,Masculino,Branca,0.49484539186592585
CAND_00975,5.7,73.0,Bacharelado,Capitais,Híbrido,Feminino,Indígena,0.48429591016591284
CAND_00976,5.0,21.0,Ensino Médio,Capitais,Remoto,Masculino,Indígena,0.27163924103532033
CAND_00977,10.3,40.0,Mestrado,Capitais,Remoto,Feminino,Amarela,0.5469600325908083
CAND_00978,8.9,73.0,Mestrado,Região Metropolitana,Presencial,Feminino,Indígena,0.701537465574112
CAND_00979,1.9,58.0,Bacharelado,Capitais,Remoto,Masculino,Parda,0.23056606058323978
CAND_00980,7.3,36.0,Bacharelado,Região Metropolitana,Híbrido,Feminino,Branca,0.40002141722704243
CAND_00981,4.5,43.0,Mestrado,Capitais,Híbrido,Feminino,Preta,0.3592083347476721
CAND_00982,8.0,55.0,Doutorado,Interior,Remoto,Feminino,Indígena,0.6077277686366961
CAND_00983,4.2,65.0,Bacharelado,Região Metropolitana,Remoto,Masculino,Parda,0.42299307145069753
CAND_00984,4.4,80.0,Bacharelado,Capitais,Híbrido,Masculino,Parda,0.536099486231656
CAND_00985,1.8,48.0,Bacharelado,Capitais,Híbrido,Feminino,Amarela,0.31939901068426446
CAND_00986,5.1,61.0,Ensino Médio,Interior,Presencial,Não-binário,Amarela,0.48165395310173953
CAND_00987,5.9,47.0,Mestrado,Região Metropolitana,Presencial,Não-binário,Amarela,0.6220830334382199
CAND_00988,2.7,54.0,Mestrado,Capitais,Remoto,Não-binário,Indígena,0.51729188305689
CAND_00989,1.5,63.0,Doutorado,Capitais,Híbrido,Masculino,Amarela,0.36514513442463903
CAND_00990,5.2,38.0,Bacharelado,Região Metropolitana,Híbrido,Não-binário,Preta,0.4004954556936824
CAND_00991,6.4,60.0,Bacharelado,Capitais,Híbrido,Feminino,Amarela,0.33285815181506073
CAND_00992,8.3,29.0,Ensino Médio,Capitais,Híbrido,Não-binário,Parda,0.3747336674742592
CAND_00993,2.9,58.0,Bacharelado,Capitais,Presencial,Não-binário,Preta,0.6820741625030802
CAND_00994,5.9,84.0,Mestrado,Região Metropolitana,Remoto,Feminino,Indígena,0.5329912186477339
CAND_00995,9.4,51.0,Mestrado,Capitais,Híbrido,Masculino,Amarela,0.5255427017559131
CAND_00996,7.2,30.0,Mestrado,Capitais,Remoto,Masculino,Preta,0.44609696773817265
CAND_00997,7.0,33.0,Ensino Médio,Interior,Remoto,Não-binário,Amarela,0.46371413127863126
CAND_00998,9.9,61.0,Bacharelado,Região Metropolitana,Remoto,Não-binário,Indígena,0.6692927043542207
CAND_00999,4.0,19.0,Mestrado,Região Metropolitana,Remoto,Não-binário,Indígena,0.15244849858393777
CAND_01000,4.9,42.0,Bacharelado,Capitais,Híbrido,Masculino,Parda,0.39234457681719104
CAND_01001,0.2,52.0,Bacharelado,Região Metropolitana,Presencial,Masculino,Indígena,0.5131303205774171
CAND_01002,5.1,86.0,Bacharelado,Interior,Híbrido,Não-binário,Branca,0.4638351357201196
CAND_01003,0.6,84.0,Bacharelado,Interior,Remoto,Feminino,Branca,0.5288159283919873
CAND_01004,4.9,51.0,Bacharelado,Região Metropolitana,Híbrido,Masculino,Branca,0.35728278863971474
CAND_01005,2.3,36.0,Mestrado,Região Metropolitana,Híbrido,Masculino,Branca,0.27539703918991015
CAND_01006,4.2,69.0,Mestrado,Interior,Híbrido,Feminino,Indígena,0.6421881016801319
CAND_01007,2.8,46.0,Bacharelado,Capitais,Presencial,Feminino,Branca,0.5570711665673789
CAND_01008,6.0,54.0,Mestrado,Capitais,Remoto,Feminino,Parda,0.5038439949767629
CAND_01009,7.6,60.0,Bacharelado,Interior,Presencial,Não-binário,Parda,0.6471563045293356
CAND_01010,1.7,69.0,Mestrado,Capitais,Presencial,Masculino,Branca,0.48950580164927215
CAND_01011,3.4,53.0,Mestrado,Capitais,Presencial,Não-binário,Parda,0.5894113667926183
CAND_01012,9.9,61.0,Ensino Médio,Interior,Remoto,Masculino,Preta,0.4801771889166225
CAND_01013,3.7,41.0,Bacharelado,Capitais,Remoto,Não-binário,Parda,0.5282173612412825
CAND_01014,7.6,36.0,Bacharelado,Capitais,Presencial,Masculino,Preta,0.5578545943463362
CAND_01015,3.8,46.0,Bacharelado,Interior,Remoto,Masculino,Preta,0.2153397995652852
CAND_01016,1.1,39.0,Bacharelado,Interior,Híbrido,Feminino,Indígena,0.37608772690751735
CAND_01017,0.3,63.0,Mestrado,Capitais,Presencial,Não-binário,Preta,0.5335446311368247
CAND_01018,4.6,85.0,Ensino Médio,Interior,Híbrido,Não-binário,Indígena,0.601979931974815
CAND_01019,8.5,48.0,Bacharelado,Região Metropolitana,Presencial,Feminino,Preta,0.2983486801330767
CAND_01020,3.7,49.0,Ensino Médio,Região Metropolitana,Presencial,Masculino,Amarela,0.3978665185806077
CAND_01021,2.8,76.0,Bacharelado,Capitais,Presencial,Masculino,Parda,0.4463702605766908
CAND_01022,1.2,86.0,Mestrado,Região Metropolitana,Presencial,Não-binário,Branca,0.48491514937999813
CAND_01023,8.7,32.0,Bacharelado,Capitais,Híbrido,Não-binário,Amarela,0.4533802205527179
CAND_01024,0.0,31.0,Ensino Médio,Capitais,Remoto,Masculino,Amarela,0.138251523907078
CAND_01025,6.7,60.0,Ensino Médio,Interior,Presencial,Não-binário,Branca,0.24797765757246826
CAND_01026,5.7,51.0,Bacharelado,Região Metropolitana,Híbrido,Não-binário,Preta,0.36491605214015277
CAND_01027,6.0,68.0,Mestrado,Capitais,Remoto,Feminino,Indígena,0.6094335944907813
CAND_01028,6.7,61.0,Bacharelado,Capitais,Híbrido,Não-binário,Branca,0.6922001127839555
CAND_01029,1.6,50.0,Bacharelado,Capitais,Remoto,Feminino,Parda,0.3352221076570956
CAND_01030,4.3,55.0,Bacharelado,Região Metropolitana,Híbrido,Não-binário,Branca,0.470928972875481
CAND_01031,2.9,60.0,Mestrado,Região Metropolitana,Híbrido,Feminino,Preta,0.5585774633515157
CAND_01032,6.8,35.0,Bacharelado,Região Metropolitana,Remoto,Feminino,Branca,0.5075007556232729
CAND_01033,5.2,52.0,Bacharelado,Capitais,Híbrido,Não-binário,Indígena,0.40227230862328267
CAND_01034,3.0,40.0,Bacharelado,Capitais,Remoto,Feminino,Branca,0.3494446581089675
CAND_01035,8.8,47.0,Ensino Médio,Capitais,Presencial,Não-binário,Preta,0.19152096781909517
CAND_01036,5.1,61.0,Bacharelado,Capitais,Presencial,Masculino,Preta,0.5547531495512185
CAND_01037,8.8,37.0,Doutorado,Capitais,Híbrido,Masculino,Parda,0.4106801072000996
CAND_01038,4.8,49.0,Mestrado,Capitais,Híbrido,Masculino,Indígena,0.5456357264114757
CAND_01039,7.1,37.0,Mestrado,Capitais,Híbrido,Feminino,Parda,0.41161983580613776
CAND_01040,2.7,43.0,Bacharelado,Capitais,Remoto,Feminino,Indígena,0.45149345723121503
CAND_01041,0.0,70.0,Mestrado,Região Metropolitana,Híbrido,Masculino,Indígena,0.5481141383568645
CAND_01042,5.7,48.0,Ensino Médio,Região Metropolitana,Presencial,Masculino,Preta,0.23345560393238574
CAND_01043,4.3,46.0,Bacharelado,Capitais,Presencial,Masculino,Preta,0.4371058998073011
CAND_01044,3.0,19.0,Mestrado,Região Metropolitana,Remoto,Feminino,Indígena,0.21938075976306287
CAND_01045,5.7,36.0,Mestrado,Região Metropolitana,Remoto,Não-binário,Indígena,0.4568209499546521
CAND_01046,9.1,38.0,Mestrado,Região Metropolitana,Híbrido,Não-binário,Indígena,0.600180128394106
CAND_01047,4.0,65.0,Doutorado,Capitais,Remoto,Masculino,Preta,0.5466323037534034
CAND_01048,0.9,47.0,Bacharelado,Região Metropolitana,Remoto,Masculino,Branca,0.15690663897684132
CAND_01049,5.9,28.0,Bacharelado,Capitais,Presencial,Masculino,Preta,0.13010264925581733
CAND_01050,1.1,44.0,Bacharelado,Região Metropolitana,Remoto,Masculino,Preta,0.35360822971564043
CAND_01051,5.0,75.0,Bacharelado,Capitais,Remoto,Não-binário,Preta,0.4833842593592331
CAND_01052,3.2,51.0,Mestrado,Região Metropolitana,Híbrido,Não-binário,Indígena,0.47036697642619935
CAND_01053,5.7,32.0,Bacharelado,Capitais,Remoto,Feminino,Preta,0.24929029752812523
CAND_01054,6.5,48.0,Mestrado,Interior,Remoto,Feminino,Preta,0.570074687519497
CAND_01055,6.0,47.0,Bacharelado,Região Metropolitana,Remoto,Masculino,Preta,0.37711607536144076
CAND_01056,4.5,54.0,Bacharelado,Capitais,Híbrido,Não-binário,Indígena,0.502899227602772
CAND_01057,0.9,53.0,Bacharelado,Capitais,Híbrido,Feminino,Preta,0.37477424446765717
CAND_01058,5.3,39.0,Bacharelado,Capitais,Presencial,Masculino,Branca,0.5832041214483764
CAND_01059,5.4,59.0,Bacharelado,Capitais,Presencial,Feminino,Preta,0.4571523549203973
CAND_01060,3.4,72.0,Bacharelado,Região Metropolitana,Presencial,Masculino,Indígena,0.3303444182476518
CAND_01061,5.1,74.0,Ensino Médio,Capitais,Híbrido,Feminino,Indígena,0.5703388752344424
CAND_01062,4.3,36.0,Mestrado,Capitais,Remoto,Masculino,Amarela,0.522853811571762
CAND_01063,1.6,51.0,Mestrado,Região Metropolitana,Remoto,Não-binário,Parda,0.4363031324780805
CAND_01064,6.4,40.0,Mestrado,Região Metropolitana,Híbrido,Masculino,Preta,0.5193251840697434
CAND_01065,0.9,31.0,Bacharelado,Região Metropolitana,Remoto,Feminino,Parda,0.23199509058092305
CAND_01066,5.2,43.0,Bacharelado,Interior,Remoto,Não-binário,Branca,0.5128646231752888
CAND_01067,5.5,67.0,Bacharelado,Região Metropolitana,Híbrido,Feminino,Parda,0.4568632203162767
CAND_01068,3.8,36.0,Bacharelado,Capitais,Remoto,Feminino,Amarela,0.4549706419639845
CAND_01069,5.2,54.0,Bacharelado,Interior,Híbrido,Feminino,Preta,0.48076189322835344
CAND_01070,5.9,67.0,Bacharelado,Interior,Remoto,Feminino,Amarela,0.4356806928761059
CAND_01071,8.5,51.0,Bacharelado,Capitais,Remoto,Masculino,Branca,0.6219650380866037
CAND_01072,7.2,46.0,Bacharelado,Região Metropolitana,Híbrido,Masculino,Preta,0.5866948939531056
CAND_01073,2.2,69.0,Mestrado,Região Metropolitana,Híbrido,Masculino,Parda,0.6736417446846521
CAND_01074,7.6,36.0,Bacharelado,Interior,Presencial,Feminino,Branca,0.6045739937947864
CAND_01075,9.1,58.0,Bacharelado,Capitais,Presencial,Masculino,Amarela,0.7190126608866985
CAND_01076,4.7,50.0,Bacharelado,Região Metropolitana,Híbrido,Não-binário,Preta,0.36142829761543677
CAND_01077,11.8,49.0,Bacharelado,Região Metropolitana,Presencial,Masculino,Preta,0.6637425660811379
CAND_01078,3.6,49.0,Bacharelado,Interior,Presencial,Masculino,Amarela,0.41688443272720294
CAND_01079,4.9,61.0,Ensino Médio,Capitais,Remoto,Não-binário,Branca,0.532777995944395
CAND_01080,5.4,57.0,Ensino Médio,Região Metropolitana,Híbrido,Não-binário,Branca,0.3214750580792375
CAND_01081,6.8,52.0,Doutorado,Interior,Híbrido,Feminino,Indígena,0.5047308558653235
CAND_01082,7.8,53.0,Bacharelado,Capitais,Remoto,Feminino,Parda,0.5925676941207325
CAND_01083,10.8,67.0,Ensino Médio,Interior,Presencial,Não-binário,Amarela,0.5310156188376832
CAND_01084,8.2,47.0,Mestrado,Capitais,Presencial,Não-binário,Preta,0.6265103376497306
CAND_01085,4.0,32.0,Mestrado,Capitais,Remoto,Não-binário,Amarela,0.5919099174297133
CAND_01086,5.8,76.0,Bacharelado,Capitais,Híbrido,Não-binário,Amarela,0.4761923592072046
CAND_01087,6.1,53.0,Bacharelado,Capitais,Híbrido,Não-binário,Parda,0.41978417207022023
CAND_01088,8.9,55.0,Mestrado,Capitais,Híbrido,Masculino,Amarela,0.6499693835142493
CAND_01089,9.3,58.0,Mestrado,Capitais,Presencial,Feminino,Parda,0.6363336540409423
CAND_01090,3.8,66.0,Doutorado,Região Metropolitana,Presencial,Feminino,Amarela,0.5673663949466291
CAND_01091,4.8,30.0,Mestrado,Região Metropolitana,Híbrido,Masculino,Amarela,0.48537136879348813
CAND_01092,1.0,62.0,Bacharelado,Capitais,Presencial,Masculino,Branca,0.4624998760512169
CAND_01093,6.9,49.0,Bacharelado,Capitais,Híbrido,Não-binário,Parda,0.4718170615325898
CAND_01094,3.0,44.0,Doutorado,Capitais,Híbrido,Não-binário,Indígena,0.36494734875176854
CAND_01095,2.3,76.0,Bacharelado,Capitais,Presencial,Não-binário,Indígena,0.45276347807192535
CAND_01096,1.8,60.0,Bacharelado,Região Metropolitana,Remoto,Masculino,Indígena,0.4575321721021294
CAND_01097,3.4,45.0,Bacharelado,Região Metropolitana,Remoto,Não-binário,Branca,0.46644683449443247
CAND_01098,5.1,45.0,Doutorado,Capitais,Híbrido,Masculino,Preta,0.4914506617138498
CAND_01099,5.2,58.0,Bacharelado,Capitais,Híbrido,Não-binário,Amarela,0.4137950827760202
CAND_01100,3.4,55.0,Bacharelado,Capitais,Híbrido,Feminino,Branca,0.38018887894146497
CAND_01101,4.6,34.0,Bacharelado,Interior,Presencial,Não-binário,Amarela,0.3501957984851391
CAND_01102,3.8,34.0,Mestrado,Região Metropolitana,Híbrido,Masculino,Preta,0.446690467797603
CAND_01103,8.1,55.0,Bacharelado,Capitais,Remoto,Feminino,Amarela,0.5072302685774965
CAND_01104,8.9,53.0,Bacharelado,Região Metropolitana,Remoto,Não-binário,Amarela,0.6744968112258561
CAND_01105,6.9,69.0,Bacharelado,Capitais,Presencial,Não-binário,Parda,0.6118053735526675
CAND_01106,9.3,77.0,Bacharelado,Região Metropolitana,Presencial,Não-binário,Preta,0.8334781757129637
CAND_01107,7.7,49.0,Bacharelado,Capitais,Remoto,Masculino,Amarela,0.46414015755612253
CAND_01108,3.1,30.0,Bacharelado,Região Metropolitana,Híbrido,Masculino,Amarela,0.34074284296229207
CAND_01109,4.8,74.0,Bacharelado,Região Metropolitana,Híbrido,Masculino,Branca,0.5597237934809
CAND_01110,6.4,14.0,Bacharelado,Interior,Híbrido,Não-binário,Indígena,0.3116035498080433
CAND_01111,11.1,17.0,Mestrado,Capitais,Híbrido,Feminino,Branca,0.4690388161957837
CAND_01112,5.7,50.0,Ensino Médio,Região Metropolitana,Presencial,Não-binário,Branca,0.31524718207759206
CAND_01113,5.8,38.0,Ensino Médio,Interior,Presencial,Não-binário,Parda,0.3402265333012918
CAND_01114,2.6,51.0,Mestrado,Região Metropolitana,Remoto,Feminino,Preta,0.43666591356825973
CAND_01115,0.0,46.0,Bacharelado,Capitais,Presencial,Feminino,Indígena,0.14850720444133553
CAND_01116,2.3,47.0,Ensino Médio,Capitais,Remoto,Masculino,Amarela,0.4086893575059951
CAND_01117,2.5,59.0,Mestrado,Capitais,Híbrido,Feminino,Indígena,0.566720692984999
CAND_01118,6.7,51.0,Mestrado,Região Metropolitana,Híbrido,Feminino,Amarela,0.563384386008146
CAND_01119,5.7,59.0,Bacharelado,Capitais,Híbrido,Não-binário,Indígena,0.4195358048141541
CAND_01120,3.8,61.0,Bacharelado,Região Metropolitana,Híbrido,Feminino,Branca,0.42946704215524933
CAND_01121,6.6,61.0,Bacharelado,Região Metropolitana,Remoto,Não-binário,Indígena,0.5009767006856835
CAND_01122,4.7,36.0,Bacharelado,Capitais,Presencial,Masculino,Preta,0.3452345278510931
CAND_01123,7.2,74.0,Bacharelado,Capitais,Presencial,Não-binário,Preta,0.7374069034582877
CAND_01124,1.8,37.0,Bacharelado,Capitais,Híbrido,Masculino,Preta,0.48729128520609344
CAND_01125,3.2,48.0,Mestrado,Capitais,Presencial,Feminino,Parda,0.3634990724481384
CAND_01126,3.1,44.0,Ensino Médio,Região Metropolitana,Presencial,Feminino,Parda,0.08919201592232515
CAND_01127,10.9,73.0,Ensino Médio,Região Metropolitana,Híbrido,Masculino,Indígena,0.7019985367174675
CAND_01128,0.0,24.0,Doutorado,Região Metropolitana,Híbrido,Masculino,Parda,0.4444052630115016
CAND_01129,5.2,29.0,Doutorado,Capitais,Híbrido,Não-binário,Preta,0.6061260316292864
CAND_01130,2.7,55.0,Bacharelado,Região Metropolitana,Presencial,Não-binário,Amarela,0.43389072940418283
CAND_01131,6.0,46.0,Mestrado,Capitais,Presencial,Não-binário,Indígena,0.5000845518369362
CAND_01132,5.7,61.0,Mestrado,Capitais,Presencial,Não-binário,Branca,0.8170452982622081
CAND_01133,7.6,70.0,Mestrado,Capitais,Híbrido,Não-binário,Indígena,0.6960235766671429
CAND_01134,1.2,64.0,Bacharelado,Capitais,Presencial,Masculino,Parda,0.43331217866812505
CAND_01135,4.5,39.0,Ensino Médio,Região Metropolitana,Remoto,Feminino,Amarela,0.29265023750904207
CAND_01136,0.0,18.0,Ensino Médio,Capitais,Presencial,Masculino,Preta,0.2160921010199166
CAND_01137,6.4,60.0,Mestrado,Capitais,Híbrido,Masculino,Preta,0.5797443023085065
CAND_01138,5.2,73.0,Mestrado,Região Metropolitana,Presencial,Feminino,Preta,0.5984615910255048
CAND_01139,8.8,60.0,Bacharelado,Região Metropolitana,Remoto,Não-binário,Preta,0.6740320292588853
CAND_01140,4.0,55.0,Mestrado,Região Metropolitana,Híbrido,Feminino,Indígena,0.5461866381842749
CAND_01141,7.2,37.0,Mestrado,Região Metropolitana,Presencial,Feminino,Parda,0.5241755302092298
CAND_01142,6.9,57.0,Bacharelado,Capitais,Híbrido,Feminino,Amarela,0.5360817989125082
CAND_01143,4.3,60.0,Bacharelado,Região Metropolitana,Híbrido,Feminino,Indígena,0.5683477952125058
CAND_01144,2.2,51.0,Doutorado,Capitais,Presencial,Masculino,Preta,0.5316373443582572
CAND_01145,3.1,64.0,Bacharelado,Região Metropolitana,Híbrido,Masculino,Branca,0.5297402889021785
CAND_01146,3.3,67.0,Mestrado,Capitais,Presencial,Masculino,Amarela,0.5181755577207144
CAND_01147,0.0,43.0,Mestrado,Região Metropolitana,Híbrido,Feminino,Preta,0.2916144384806425
CAND_01148,4.6,44.0,Ensino Médio,Região Metropolitana,Remoto,Feminino,Indígena,0.2905611951586361
CAND_01149,7.1,48.0,Bacharelado,Capitais,Remoto,Não-binário,Preta,0.32183706761334124
CAND_01150,4.5,73.0,Mestrado,Capitais,Presencial,Feminino,Branca,0.6096991923974995
CAND_01151,4.3,72.0,Bacharelado,Interior,Híbrido,Feminino,Parda,0.4993200366031363
CAND_01152,0.7,66.0,Bacharelado,Capitais,Híbrido,Masculino,Amarela,0.46590485647097685
CAND_01153,3.5,48.0,Bacharelado,Região Metropolitana,Híbrido,Não-binário,Parda,0.6778135588704858
CAND_01154,8.7,57.0,Mestrado,Capitais,Híbrido,Feminino,Amarela,0.6864013980585737
CAND_01155,2.0,42.0,Doutorado,Interior,Híbrido,Não-binário,Indígena,0.5022579266249255
CAND_01156,0.3,31.0,Mestrado,Região Metropolitana,Presencial,Feminino,Branca,0.30279047603125986
CAND_01157,8.5,46.0,Bacharelado,Capitais,Remoto,Não-binário,Indígena,0.4615273953972835
CAND_01158,4.1,64.0,Bacharelado,Capitais,Presencial,Feminino,Amarela,0.5118763608079596
CAND_01159,5.1,54.0,Bacharelado,Região Metropolitana,Híbrido,Feminino,Branca,0.5774406604907578
CAND_01160,11.0,54.0,Bacharelado,Região Metropolitana,Remoto,Masculino,Indígena,0.704117220520284
CAND_01161,6.3,44.0,Bacharelado,Região Metropolitana,Presencial,Masculino,Preta,0.4434433498187397
CAND_01162,6.8,61.0,Bacharelado,Capitais,Remoto,Feminino,Indígena,0.4794023974843231
CAND_01163,1.1,72.0,Bacharelado,Capitais,Híbrido,Não-binário,Parda,0.646134372908123
CAND_01164,8.7,69.0,Bacharelado,Região Metropolitana,Híbrido,Feminino,Indígena,0.5984512174374704
CAND_01165,1.5,62.0,Mestrado,Região Metropolitana,Híbrido,Masculino,Amarela,0.3421297314077743
CAND_01166,0.0,28.0,Mestrado,Capitais,Presencial,Masculino,Parda,0.379991074377375
CAND_01167,6.4,14.0,Ensino Médio,Interior,Híbrido,Feminino,Parda,0.1501482236865796
CAND_01168,5.4,52.0,Bacharelado,Região Metropolitana,Presencial,Não-binário,Branca,0.5107833065447831
CAND_01169,6.5,53.0,Doutorado,Capitais,Remoto,Não-binário,Amarela,0.6886257688208092
CAND_01170,2.4,18.0,Mestrado,Capitais,Remoto,Feminino,Parda,0.44805711799124337
CAND_01171,2.9,37.0,Bacharelado,Capitais,Remoto,Feminino,Parda,0.40575987499634025
CAND_01172,2.4,75.0,Mestrado,Região Metropolitana,Remoto,Não-binário,Parda,0.5332785126875124
CAND_01173,9.8,56.0,Ensino Médio,Capitais,Presencial,Feminino,Amarela,0.49392010818962306
CAND_01174,2.1,46.0,Bacharelado,Capitais,Presencial,Masculino,Branca,0.5023167923683388
CAND_01175,2.7,48.0,Mestrado,Capitais,Híbrido,Feminino,Indígena,0.4345971691756358
CAND_01176,4.8,54.0,Bacharelado,Região Metropolitana,Presencial,Feminino,Branca,0.5170673447896184
CAND_01177,1.5,45.0,Bacharelado,Região Metropolitana,Remoto,Não-binário,Preta,0.35715146403644343
CAND_01178,3.7,54.0,Mestrado,Interior,Híbrido,Masculino,Indígena,0.5037203009448489
CAND_01179,0.0,47.0,Bacharelado,Capitais,Híbrido,Masculino,Indígena,0.2124602851111356
CAND_01180,3.6,54.0,Mestrado,Capitais,Híbrido,Feminino,Parda,0.6368255821947505
CAND_01181,0.0,48.0,Bacharelado,Interior,Híbrido,Masculino,Preta,0.38110458810711645
CAND_01182,4.3,17.0,Bacharelado,Capitais,Presencial,Não-binário,Amarela,0.3215828506317216
CAND_01183,1.2,54.0,Ensino Médio,Região Metropolitana,Presencial,Masculino,Indígena,0.1921491303369947
CAND_01184,1.3,65.0,Bacharelado,Região Metropolitana,Híbrido,Masculino,Amarela,0.5129333404812132
CAND_01185,3.3,50.0,Doutorado,Capitais,Remoto,Masculino,Amarela,0.6357242579263108
CAND_01186,2.6,42.0,Bacharelado,Capitais,Presencial,Masculino,Preta,0.4651519336816815
CAND_01187,8.5,66.0,Bacharelado,Capitais,Remoto,Não-binário,Parda,0.6106517770355806
CAND_01188,2.0,52.0,Bacharelado,Capitais,Híbrido,Masculino,Preta,0.3518580604216666
CAND_01189,5.9,49.0,Bacharelado,Interior,Presencial,Não-binário,Preta,0.4949863874253005
CAND_01190,0.0,48.0,Ensino Médio,Capitais,Presencial,Masculino,Indígena,0.2629360674577311
CAND_01191,3.9,33.0,Bacharelado,Região Metropolitana,Remoto,Masculino,Amarela,0.34875799848189803
CAND_01192,3.7,45.0,Mestrado,Região Metropolitana,Híbrido,Não-binário,Preta,0.5064790862478944
CAND_01193,6.0,69.0,Bacharelado,Capitais,Híbrido,Não-binário,Preta,0.6361179919898925
CAND_01194,5.2,47.0,Bacharelado,Região Metropolitana,Remoto,Feminino,Indígena,0.36325590253349205
CAND_01195,3.8,41.0,Bacharelado,Região Metropolitana,Híbrido,Masculino,Branca,0.28248673662638973
CAND_01196,4.7,55.0,Bacharelado,Região Metropolitana,Remoto,Não-binário,Indígena,0.2447430014955507
CAND_01197,8.3,68.0,Bacharelado,Capitais,Híbrido,Não-binário,Amarela,0.6142468036352207
CAND_01198,2.5,46.0,Bacharelado,Capitais,Remoto,Feminino,Preta,0.27826763570964075
CAND_01199,4.5,50.0,Ensino Médio,Capitais,Remoto,Feminino,Indígena,0.5110374586113372
CAND_01200,4.7,62.0,Mestrado,Região Metropolitana,Remoto,Feminino,Indígena,0.6904165373658145
CAND_01201,9.2,59.0,Bacharelado,Região Metropolitana,Presencial,Masculino,Parda,0.4876550605846452
CAND_01202,7.2,54.0,Bacharelado,Interior,Híbrido,Feminino,Indígena,0.5111440145608218
CAND_01203,3.1,31.0,Bacharelado,Região Metropolitana,Híbrido,Feminino,Amarela,0.38585206823537505
CAND_01204,1.6,53.0,Bacharelado,Capitais,Híbrido,Não-binário,Preta,0.5558786186861052
CAND_01205,4.5,68.0,Ensino Médio,Região Metropolitana,Presencial,Não-binário,Indígena,0.31043904929620125
CAND_01206,1.2,35.0,Mestrado,Região Metropolitana,Remoto,Masculino,Preta,0.47424177886161734
CAND_01207,7.1,47.0,Bacharelado,Região Metropolitana,Híbrido,Feminino,Indígena,0.5298479721168066
CAND_01208,9.6,50.0,Bacharelado,Capitais,Remoto,Não-binário,Parda,0.6122442760627272
CAND_01209,5.1,52.0,Bacharelado,Capitais,Presencial,Feminino,Indígena,0.41500448141690793
CAND_01210,5.6,62.0,Ensino Médio,Capitais,Remoto,Não-binário,Preta,0.7159804406128574
CAND_01211,7.7,38.0,Bacharelado,Capitais,Híbrido,Não-binário,Parda,0.4802095525646766
CAND_01212,4.6,26.0,Bacharelado,Região Metropolitana,Híbrido,Masculino,Indígena,0.2332724917066824
CAND_01213,7.6,43.0,Bacharelado,Região Metropolitana,Híbrido,Não-binário,Parda,0.43437202292655147
CAND_01214,2.1,52.0,Bacharelado,Capitais,Híbrido,Masculino,Indígena,0.4438636000511345
CAND_01215,9.8,51.0,Bacharelado,Região Metropolitana,Remoto,Masculino,Preta,0.47417206347625585
CAND_01216,7.8,62.0,Mestrado,Capitais,Híbrido,Não-binário,Parda,0.7570211557771971
CAND_01217,8.1,61.0,Mestrado,Região Metropolitana,Remoto,Masculino,Amarela,0.5184809370629824
CAND_01218,8.4,31.0,Bacharelado,Capitais,Remoto,Feminino,Branca,0.30379395696909733
CAND_01219,5.5,57.0,Mestrado,Região Metropolitana,Híbrido,Masculino,Branca,0.7325338116380626
CAND_01220,5.7,35.0,Bacharelado,Capitais,Híbrido,Feminino,Branca,0.3811145347410411
CAND_01221,0.0,30.0,Bacharelado,Capitais,Presencial,Masculino,Preta,0.24437315812644309
CAND_01222,6.1,62.0,Bacharelado,Capitais,Remoto,Não-binário,Amarela,0.40847283870563866
CAND_01223,5.5,60.0,Bacharelado,Capitais,Presencial,Feminino,Parda,0.5005261115302437
CAND_01224,5.0,32.0,Ensino Médio,Região Metropolitana,Presencial,Masculino,Amarela,0.34466280398252375
CAND_01225,8.3,46.0,Bacharelado,Interior,Híbrido,Não-binário,Branca,0.5086825872411516
CAND_01226,1.1,67.0,Bacharelado,Capitais,Remoto,Não-binário,Branca,0.2787177523709071
CAND_01227,5.1,47.0,Ensino Médio,Capitais,Presencial,Masculino,Preta,0.4545021536467559
CAND_01228,3.8,48.0,Mestrado,Capitais,Remoto,Feminino,Amarela,0.44240908342072954
CAND_01229,7.1,74.0,Mestrado,Capitais,Presencial,Feminino,Branca,0.5855806173906335
CAND_01230,7.6,58.0,Mestrado,Capitais,Híbrido,Feminino,Indígena,0.4114743780011131
CAND_01231,9.4,58.0,Doutorado,Capitais,Híbrido,Feminino,Parda,0.5957536711196882
CAND_01232,6.3,42.0,Mestrado,Região Metropolitana,Híbrido,Não-binário,Preta,0.5328077173833132
CAND_01233,4.4,35.0,Bacharelado,Capitais,Híbrido,Masculino,Branca,0.5032543451589824
CAND_01234,7.9,60.0,Bacharelado,Capitais,Remoto,Masculino,Indígena,0.6772410549732831
CAND_01235,4.9,34.0,Ensino Médio,Capitais,Híbrido,Masculino,Amarela,0.22508780847732934
CAND_01236,2.9,58.0,Ensino Médio,Região Metropolitana,Presencial,Não-binário,Branca,0.3746862817641125
CAND_01237,3.3,59.0,Ensino Médio,Capitais,Híbrido,Masculino,Parda,0.33842922340387527
CAND_01238,3.7,39.0,Ensino Médio,Capitais,Remoto,Não-binário,Preta,0.23619595920864914
CAND_01239,12.6,36.0,Ensino Médio,Capitais,Híbrido,Não-binário,Branca,0.34558818326499363
CAND_01240,9.8,52.0,Bacharelado,Capitais,Presencial,Feminino,Parda,0.5139474473118408
CAND_01241,2.1,29.0,Ensino Médio,Região Metropolitana,Remoto,Feminino,Parda,0.2779435573618299
CAND_01242,8.7,84.0,Bacharelado,Capitais,Presencial,Feminino,Branca,0.8380631806822936
CAND_01243,6.6,72.0,Mestrado,Região Metropolitana,Presencial,Não-binário,Preta,0.5368724744616337
CAND_01244,1.9,70.0,Doutorado,Capitais,Presencial,Feminino,Parda,0.4355948637152165
CAND_01245,1.8,50.0,Mestrado,Região Metropolitana,Híbrido,Masculino,Preta,0.5743460110518479
CAND_01246,6.5,35.0,Mestrado,Região Metropolitana,Presencial,Não-binário,Amarela,0.6294121337647169
CAND_01247,0.0,24.0,Bacharelado,Capitais,Remoto,Masculino,Amarela,0.14420924930953968
CAND_01248,11.4,27.0,Mestrado,Região Metropolitana,Remoto,Feminino,Branca,0.46900240685950684
CAND_01249,5.1,65.0,Bacharelado,Capitais,Híbrido,Não-binário,Amarela,0.576751606795125
CAND_01250,10.0,71.0,Mestrado,Região Metropolitana,Híbrido,Não-binário,Amarela,0.7061183074140278
CAND_01251,1.5,30.0,Bacharelado,Região Metropolitana,Híbrido,Masculino,Branca,0.160557570762045
CAND_01252,7.6,60.0,Bacharelado,Região Metropolitana,Presencial,Feminino,Parda,0.37602907377062617
CAND_01253,8.4,91.0,Mestrado,Capitais,Híbrido,Não-binário,Amarela,0.830045979535399
CAND_01254,6.1,53.0,Bacharelado,Região Metropolitana,Híbrido,Feminino,Indígena,0.37311735957038616
CAND_01255,10.1,42.0,Bacharelado,Região Metropolitana,Presencial,Feminino,Preta,0.3639114999345405
CAND_01256,4.8,48.0,Mestrado,Capitais,Híbrido,Masculino,Preta,0.46706349411466686
CAND_01257,7.0,51.0,Bacharelado,Capitais,Híbrido,Masculino,Preta,0.5257138396370509
CAND_01258,3.7,46.0,Bacharelado,Capitais,Híbrido,Masculino,Parda,0.1969846262069822
CAND_01259,6.7,44.0,Bacharelado,Capitais,Híbrido,Não-binário,Indígena,0.7148271521010274
CAND_01260,6.6,20.0,Mestrado,Capitais,Híbrido,Não-binário,Branca,0.4108037338895049
CAND_01261,8.6,52.0,Bacharelado,Capitais,Híbrido,Masculino,Amarela,0.6452348952948336
CAND_01262,5.9,64.0,Mestrado,Região Metropolitana,Remoto,Não-binário,Preta,0.5489425827509699
CAND_01263,7.5,63.0,Bacharelado,Região Metropolitana,Híbrido,Masculino,Parda,0.3397921778476054
CAND_01264,1.8,24.0,Bacharelado,Capitais,Híbrido,Não-binário,Amarela,0.1656837827836145
CAND_01265,7.5,60.0,Ensino Médio,Capitais,Híbrido,Não-binário,Preta,0.31260853005199296
CAND_01266,6.8,53.0,Mestrado,Região Metropolitana,Remoto,Masculino,Preta,0.49154205316771105
CAND_01267,5.2,39.0,Bacharelado,Capitais,Presencial,Não-binário,Parda,0.43345976851372875
CAND_01268,0.0,50.0,Bacharelado,Região Metropolitana,Híbrido,Feminino,Parda,0.35088154259232895
CAND_01269,9.3,40.0,Mestrado,Interior,Presencial,Masculino,Amarela,0.5946142410545462
CAND_01270,4.1,62.0,Mestrado,Região Metropolitana,Remoto,Feminino,Amarela,0.40829346249076615
CAND_01271,1.3,49.0,Mestrado,Capitais,Híbrido,Feminino,Branca,0.5232273017084494
CAND_01272,3.9,59.0,Bacharelado,Região Metropolitana,Híbrido,Não-binário,Parda,0.404654939658728
CAND_01273,3.0,59.0,Mestrado,Interior,Híbrido,Não-binário,Branca,0.47845000878081295
CAND_01274,4.6,35.0,Bacharelado,Região Metropolitana,Híbrido,Masculino,Preta,0.3151631722114934
CAND_01275,2.7,35.0,Mestrado,Interior,Presencial,Não-binário,Parda,0.3499586401697632
CAND_01276,7.6,40.0,Mestrado,Capitais,Presencial,Feminino,Indígena,0.540511939131498
CAND_01277,3.8,46.0,Bacharelado,Capitais,Remoto,Não-binário,Branca,0.38540303562895684
CAND_01278,5.6,72.0,Bacharelado,Região Metropolitana,Presencial,Não-binário,Amarela,0.6104797243664232
CAND_01279,1.5,54.0,Ensino Médio,Região Metropolitana,Remoto,Não-binário,Indígena,0.3147657400073312
CAND_01280,12.0,56.0,Mestrado,Região Metropolitana,Híbrido,Masculino,Preta,0.551735940674096
CAND_01281,3.9,54.0,Mestrado,Região Metropolitana,Remoto,Masculino,Branca,0.6536907774173282
CAND_01282,5.5,68.0,Bacharelado,Capitais,Híbrido,Feminino,Amarela,0.5465910878433797
CAND_01283,3.2,51.0,Bacharelado,Região Metropolitana,Presencial,Feminino,Amarela,0.414677545491209
CAND_01284,7.4,44.0,Bacharelado,Capitais,Remoto,Não-binário,Amarela,0.5025977818467103
CAND_01285,9.1,45.0,Bacharelado,Região Metropolitana,Presencial,Masculino,Branca,0.5113636984177556
CAND_01286,7.0,64.0,Mestrado,Interior,Híbrido,Feminino,Preta,0.4661442715986983
CAND_01287,9.1,84.0,Bacharelado,Região Metropolitana,Híbrido,Feminino,Preta,0.6366077153323043
CAND_01288,6.7,46.0,Bacharelado,Capitais,Híbrido,Não-binário,Amarela,0.3847966845778552
CAND_01289,7.2,48.0,Mestrado,Interior,Presencial,Masculino,Preta,0.4475273600039728
CAND_01290,5.8,46.0,Mestrado,Capitais,Presencial,Não-binário,Branca,0.4998466982943067
CAND_01291,6.0,43.0,Bacharelado,Capitais,Presencial,Masculino,Branca,0.42897348669012564
CAND_01292,8.0,69.0,Bacharelado,Capitais,Remoto,Não-binário,Indígena,0.47143762514399623
CAND_01293,7.8,63.0,Ensino Médio,Capitais,Híbrido,Não-binário,Amarela,0.6266019653083248
CAND_01294,1.6,52.0,Mestrado,Capitais,Remoto,Masculino,Preta,0.37368765973381046
CAND_01295,8.4,64.0,Mestrado,Capitais,Híbrido,Não-binário,Indígena,0.6310187055807646
CAND_01296,7.3,65.0,Bacharelado,Região Metropolitana,Remoto,Não-binário,Indígena,0.6232390128543813
CAND_01297,3.1,47.0,Bacharelado,Capitais,Remoto,Não-binário,Amarela,0.3560153789455841
CAND_01298,3.7,43.0,Bacharelado,Interior,Remoto,Não-binário,Amarela,0.40329361635523425
CAND_01299,8.9,14.0,Bacharelado,Capitais,Remoto,Feminino,Preta,0.3868012118277375
CAND_01300,9.1,75.0,Bacharelado,Capitais,Presencial,Masculino,Branca,0.6339112327189605
CAND_01301,3.7,38.0,Mestrado,Região Metropolitana,Híbrido,Feminino,Branca,0.5053109065005987
CAND_01302,8.2,57.0,Bacharelado,Capitais,Remoto,Masculino,Indígena,0.5177629419569889
CAND_01303,5.0,77.0,Bacharelado,Capitais,Presencial,Feminino,Preta,0.6037450487117233
CAND_01304,6.9,36.0,Bacharelado,Região Metropolitana,Presencial,Não-binário,Preta,0.2860788876240637
CAND_01305,8.3,55.0,Mestrado,Capitais,Híbrido,Feminino,Parda,0.6495079401337035
CAND_01306,6.4,59.0,Bacharelado,Região Metropolitana,Remoto,Masculino,Preta,0.45457398870278465
CAND_01307,8.9,61.0,Doutorado,Capitais,Remoto,Masculino,Parda,0.5138305669292407
CAND_01308,9.0,53.0,Ensino Médio,Região Metropolitana,Híbrido,Não-binário,Amarela,0.5225803755519773
CAND_01309,6.8,37.0,Bacharelado,Capitais,Presencial,Masculino,Branca,0.3964473556095942
CAND_01310,3.9,66.0,Bacharelado,Região Metropolitana,Híbrido,Não-binário,Amarela,0.48054176608617416
CAND_01311,9.8,36.0,Ensino Médio,Capitais,Remoto,Não-binário,Parda,0.5109551311701994
CAND_01312,0.0,67.0,Bacharelado,Capitais,Presencial,Não-binário,Preta,0.5864373798469256
CAND_01313,4.3,58.0,Bacharelado,Região Metropolitana,Presencial,Masculino,Amarela,0.7440896260993737
CAND_01314,5.2,41.0,Ensino Médio,Interior,Presencial,Masculino,Indígena,0.6535960173762567
CAND_01315,2.3,42.0,Bacharelado,Região Metropolitana,Presencial,Masculino,Preta,0.29032416548628925
CAND_01316,5.8,31.0,Bacharelado,Interior,Remoto,Não-binário,Amarela,0.5281269239296436
CAND_01317,6.9,53.0,Doutorado,Região Metropolitana,Híbrido,Não-binário,Preta,0.6479920722044817
CAND_01318,6.2,22.0,Bacharelado,Capitais,Remoto,Masculino,Parda,0.38119624499803373
CAND_01319,3.5,30.0,Bacharelado,Capitais,Remoto,Feminino,Amarela,0.48439861191646894
CAND_01320,5.2,68.0,Doutorado,Capitais,Remoto,Masculino,Indígena,0.511785847752817
CAND_01321,0.7,49.0,Mestrado,Capitais,Híbrido,Masculino,Amarela,0.46689018357526846
CAND_01322,5.0,66.0,Bacharelado,Capitais,Presencial,Masculino,Indígena,0.4665678380226674
CAND_01323,9.0,38.0,Bacharelado,Região Metropolitana,Remoto,Masculino,Amarela,0.5808472535281475
CAND_01324,6.9,59.0,Mestrado,Capitais,Remoto,Masculino,Preta,0.638637693699645
CAND_01325,6.0,47.0,Mestrado,Capitais,Híbrido,Não-binário,Indígena,0.5171973846809739
CAND_01326,6.8,35.0,Bacharelado,Capitais,Presencial,Feminino,Branca,0.2697290836018633
CAND_01327,5.4,41.0,Ensino Médio,Capitais,Híbrido,Não-binário,Parda,0.5229688325528953
CAND_01328,6.9,42.0,Bacharelado,Capitais,Híbrido,Feminino,Parda,0.39084584283182744
CAND_01329,6.0,63.0,Bacharelado,Região Metropolitana,Remoto,Não-binário,Parda,0.7590222699656419
CAND_01330,6.8,54.0,Mestrado,Interior,Remoto,Feminino,Amarela,0.543685695106919
CAND_01331,1.4,82.0,Bacharelado,Capitais,Remoto,Feminino,Preta,0.6373800454464567
CAND_01332,3.5,59.0,Bacharelado,Capitais,Híbrido,Não-binário,Parda,0.5677915319458585
CAND_01333,4.1,36.0,Bacharelado,Capitais,Híbrido,Feminino,Parda,0.3932619944980149
CAND_01334,2.3,27.0,Bacharelado,Região Metropolitana,Presencial,Masculino,Parda,0.37582250012918295
CAND_01335,7.5,78.0,Bacharelado,Capitais,Híbrido,Não-binário,Parda,0.7755476629132296
CAND_01336,5.5,41.0,Bacharelado,Capitais,Híbrido,Feminino,Preta,0.3110410107847661
CAND_01337,1.7,50.0,Bacharelado,Capitais,Híbrido,Feminino,Amarela,0.5611677339858738
CAND_01338,5.5,31.0,Mestrado,Região Metropolitana,Híbrido,Feminino,Parda,0.2789938575887655
CAND_01339,2.0,48.0,Bacharelado,Capitais,Presencial,Masculino,Parda,0.44621528047442705
CAND_01340,3.9,65.0,Mestrado,Capitais,Remoto,Masculino,Amarela,0.5225237122351639
CAND_01341,5.5,91.0,Bacharelado,Região Metropolitana,Híbrido,Feminino,Indígena,0.6356824528278717
CAND_01342,8.2,33.0,Bacharelado,Capitais,Remoto,Masculino,Parda,0.53028490775065
CAND_01343,9.4,44.0,Bacharelado,Capitais,Híbrido,Feminino,Amarela,0.6141130216219459
CAND_01344,6.7,47.0,Bacharelado,Capitais,Presencial,Não-binário,Indígena,0.4147755965172173
CAND_01345,2.3,88.0,Bacharelado,Interior,Híbrido,Masculino,Branca,0.6139801041243392
CAND_01346,3.7,31.0,Bacharelado,Capitais,Presencial,Masculino,Branca,0.3931100858562488
CAND_01347,10.6,60.0,Bacharelado,Capitais,Remoto,Não-binário,Parda,0.5450112508480728
CAND_01348,0.0,20.0,Mestrado,Região Metropolitana,Híbrido,Não-binário,Amarela,0.5157178656488839
CAND_01349,0.2,26.0,Doutorado,Região Metropolitana,Remoto,Masculino,Branca,0.37246939976534993
CAND_01350,7.6,53.0,Mestrado,Interior,Remoto,Não-binário,Branca,0.5797570739629474
CAND_01351,3.7,60.0,Mestrado,Capitais,Presencial,Feminino,Preta,0.43685321739863675
CAND_01352,8.8,55.0,Bacharelado,Capitais,Remoto,Masculino,Preta,0.4160837250916888
CAND_01353,2.5,63.0,Bacharelado,Região Metropolitana,Híbrido,Feminino,Preta,0.3346554438075597
CAND_01354,4.6,62.0,Ensino Médio,Capitais,Remoto,Feminino,Amarela,0.6015626483323357
CAND_01355,7.4,47.0,Bacharelado,Interior,Presencial,Feminino,Amarela,0.3790518090293966
CAND_01356,3.2,40.0,Mestrado,Interior,Remoto,Não-binário,Indígena,0.37006753438864604
CAND_01357,2.1,46.0,Ensino Médio,Região Metropolitana,Híbrido,Não-binário,Preta,0.38331092590879373
CAND_01358,0.3,47.0,Bacharelado,Capitais,Presencial,Feminino,Branca,0.36813555218646105
CAND_01359,2.9,36.0,Bacharelado,Capitais,Híbrido,Masculino,Branca,0.4345027158419708
CAND_01360,8.3,63.0,Bacharelado,Capitais,Remoto,Feminino,Amarela,0.4422702721646473
CAND_01361,5.8,36.0,Bacharelado,Capitais,Híbrido,Não-binário,Indígena,0.2799514906342767
CAND_01362,8.9,63.0,Bacharelado,Região Metropolitana,Remoto,Não-binário,Preta,0.5945032948068536
CAND_01363,6.2,51.0,Mestrado,Capitais,Presencial,Não-binário,Branca,0.5513847326924868
CAND_01364,5.9,54.0,Bacharelado,Região Metropolitana,Presencial,Feminino,Amarela,0.5294748731763486
CAND_01365,2.1,51.0,Doutorado,Capitais,Híbrido,Feminino,Branca,0.4383365599465774
CAND_01366,1.7,54.0,Bacharelado,Capitais,Remoto,Masculino,Parda,0.302846163736253
CAND_01367,6.7,41.0,Ensino Médio,Região Metropolitana,Presencial,Masculino,Parda,0.4071831777408406
CAND_01368,0.9,73.0,Bacharelado,Capitais,Híbrido,Masculino,Parda,0.32770094911231157
CAND_01369,8.0,65.0,Bacharelado,Capitais,Remoto,Feminino,Amarela,0.628376098578187
CAND_01370,5.8,41.0,Bacharelado,Região Metropolitana,Presencial,Feminino,Indígena,0.6080603233110765
CAND_01371,8.4,46.0,Bacharelado,Região Metropolitana,Presencial,Feminino,Parda,0.4684151137046761
CAND_01372,4.2,57.0,Bacharelado,Região Metropolitana,Híbrido,Não-binário,Amarela,0.2914122466044442
CAND_01373,2.0,45.0,Bacharelado,Capitais,Híbrido,Não-binário,Branca,0.5314579737476405
CAND_01374,8.3,42.0,Bacharelado,Capitais,Remoto,Não-binário,Preta,0.40495304231585355
CAND_01375,5.1,59.0,Bacharelado,Capitais,Remoto,Masculino,Indígena,0.6630194325657431
CAND_01376,4.6,50.0,Ensino Médio,Capitais,Remoto,Não-binário,Branca,0.46961021687234367
CAND_01377,9.5,49.0,Mestrado,Capitais,Presencial,Masculino,Parda,0.48699624816352305
CAND_01378,14.7,49.0,Bacharelado,Capitais,Híbrido,Não-binário,Parda,0.6752094678071513
CAND_01379,0.0,27.0,Bacharelado,Capitais,Presencial,Masculino,Amarela,0.06302407775840546
CAND_01380,3.7,79.0,Bacharelado,Região Metropolitana,Híbrido,Masculino,Parda,0.40715408865469593
CAND_01381,3.8,39.0,Bacharelado,Capitais,Híbrido,Masculino,Preta,0.5561390821859726
CAND_01382,1.0,38.0,Mestrado,Região Metropolitana,Remoto,Masculino,Branca,0.5307663411536399
CAND_01383,6.5,21.0,Bacharelado,Capitais,Híbrido,Masculino,Amarela,0.3524243271556604
CAND_01384,2.6,42.0,Bacharelado,Capitais,Híbrido,Feminino,Parda,0.4639382574993577
CAND_01385,3.8,64.0,Bacharelado,Capitais,Híbrido,Masculino,Parda,0.3444849739957666
CAND_01386,2.5,43.0,Mestrado,Região Metropolitana,Remoto,Masculino,Amarela,0.232605659322928
CAND_01387,4.2,32.0,Bacharelado,Capitais,Híbrido,Masculino,Branca,0.37464232267705716
CAND_01388,0.0,57.0,Ensino Médio,Região Metropolitana,Remoto,Feminino,Preta,0.3067270937863711
CAND_01389,0.0,46.0,Bacharelado,Interior,Remoto,Não-binário,Amarela,0.3380848337933378
CAND_01390,0.0,38.0,Bacharelado,Capitais,Híbrido,Não-binário,Branca,0.36898002960225873
CAND_01391,5.4,36.0,Bacharelado,Capitais,Híbrido,Feminino,Indígena,0.4064117890403661
CAND_01392,9.6,51.0,Bacharelado,Região Metropolitana,Remoto,Masculino,Preta,0.5352246642953082
CAND_01393,6.7,35.0,Bacharelado,Capitais,Híbrido,Feminino,Indígena,0.48976771502913996
CAND_01394,5.9,49.0,Bacharelado,Capitais,Híbrido,Feminino,Parda,0.4123272971581903
CAND_01395,4.4,41.0,Bacharelado,Capitais,Presencial,Não-binário,Branca,0.44917709250629045
CAND_01396,5.8,64.0,Ensino Médio,Capitais,Híbrido,Não-binário,Parda,0.46509450358608107
CAND_01397,5.9,65.0,Bacharelado,Capitais,Híbrido,Masculino,Branca,0.5450035268525325
CAND_01398,3.5,44.0,Mestrado,Região Metropolitana,Presencial,Feminino,Parda,0.5259928835030298
CAND_01399,1.2,37.0,Bacharelado,Região Metropolitana,Remoto,Masculino,Parda,0.2538839348789587
CAND_01400,9.3,43.0,Bacharelado,Capitais,Remoto,Masculino,Indígena,0.5275713374427335
CAND_01401,0.8,56.0,Ensino Médio,Região Metropolitana,Remoto,Não-binário,Preta,0.6253770897127058
CAND_01402,1.3,41.0,Bacharelado,Capitais,Híbrido,Não-binário,Parda,0.18197150083972793
CAND_01403,5.0,42.0,Mestrado,Capitais,Híbrido,Masculino,Parda,0.35047881060785524
CAND_01404,6.5,65.0,Doutorado,Região Metropolitana,Presencial,Masculino,Preta,0.6693756525069966
CAND_01405,6.2,65.0,Bacharelado,Capitais,Presencial,Masculino,Preta,0.6684446801564172
CAND_01406,7.8,63.0,Mestrado,Capitais,Remoto,Masculino,Branca,0.7219959420345453
CAND_01407,5.4,29.0,Doutorado,Região Metropolitana,Híbrido,Feminino,Amarela,0.37713061015698535
CAND_01408,8.3,21.0,Bacharelado,Capitais,Híbrido,Não-binário,Parda,0.373447473862874
CAND_01409,1.7,44.0,Mestrado,Capitais,Híbrido,Masculino,Amarela,0.3458514277569716
CAND_01410,9.7,50.0,Ensino Médio,Capitais,Híbrido,Não-binário,Branca,0.38726672666286477
CAND_01411,0.9,38.0,Bacharelado,Capitais,Remoto,Feminino,Preta,0.12085231178625125
CAND_01412,1.0,76.0,Mestrado,Interior,Presencial,Feminino,Amarela,0.5515335926921204
CAND_01413,4.5,51.0,Doutorado,Capitais,Híbrido,Masculino,Amarela,0.6707077238731833
CAND_01414,6.6,53.0,Bacharelado,Interior,Remoto,Masculino,Indígena,0.5009756154817301
CAND_01415,7.6,48.0,Bacharelado,Capitais,Presencial,Masculino,Preta,0.507379147021263
CAND_01416,0.0,56.0,Bacharelado,Região Metropolitana,Presencial,Feminino,Amarela,0.38602243079457416
CAND_01417,5.5,71.0,Mestrado,Região Metropolitana,Presencial,Feminino,Preta,0.5255545336134523
CAND_01418,3.0,26.0,Bacharelado,Capitais,Presencial,Não-binário,Parda,0.37933763435601014
CAND_01419,3.4,67.0,Ensino Médio,Capitais,Remoto,Feminino,Amarela,0.28808425859607256
CAND_01420,11.4,57.0,Bacharelado,Interior,Presencial,Masculino,Indígena,0.7262483393936827
CAND_01421,6.8,58.0,Bacharelado,Região Metropolitana,Presencial,Masculino,Indígena,0.4913874714415406
CAND_01422,3.3,70.0,Doutorado,Interior,Remoto,Feminino,Amarela,0.5166685518900913
CAND_01423,5.6,53.0,Mestrado,Região Metropolitana,Híbrido,Não-binário,Branca,0.49239936972750775
CAND_01424,0.0,19.0,Bacharelado,Interior,Presencial,Feminino,Branca,0.17590376184520137
CAND_01425,1.9,76.0,Bacharelado,Região Metropolitana,Presencial,Masculino,Branca,0.5955498472077964
CAND_01426,3.8,39.0,Mestrado,Capitais,Presencial,Feminino,Indígena,0.26239446518224707
CAND_01427,4.8,36.0,Ensino Médio,Região Metropolitana,Presencial,Não-binário,Branca,0.2792011486715199
CAND_01428,4.6,68.0,Mestrado,Região Metropolitana,Remoto,Feminino,Indígena,0.7247533942905595
CAND_01429,6.3,62.0,Bacharelado,Região Metropolitana,Presencial,Masculino,Preta,0.5246528518005665
CAND_01430,4.5,56.0,Mestrado,Capitais,Presencial,Não-binário,Indígena,0.47481599262880914
CAND_01431,5.7,34.0,Bacharelado,Capitais,Híbrido,Feminino,Amarela,0.5279265233905355
CAND_01432,4.0,49.0,Bacharelado,Capitais,Remoto,Feminino,Indígena,0.4718901093310485
CAND_01433,4.0,70.0,Bacharelado,Região Metropolitana,Híbrido,Não-binário,Parda,0.4061438400766892
CAND_01434,6.4,21.0,Bacharelado,Capitais,Presencial,Feminino,Indígena,0.3776395163613626
CAND_01435,3.3,69.0,Ensino Médio,Região Metropolitana,Híbrido,Não-binário,Parda,0.4381988864426303
CAND_01436,7.6,57.0,Bacharelado,Capitais,Presencial,Feminino,Branca,0.6226842525593469
CAND_01437,5.3,38.0,Mestrado,Capitais,Remoto,Não-binário,Amarela,0.341002506882934
CAND_01438,5.2,83.0,Bacharelado,Capitais,Híbrido,Masculino,Branca,0.5788704010193643
CAND_01439,11.7,31.0,Mestrado,Capitais,Presencial,Feminino,Parda,0.46660866163485315
CAND_01440,1.7,36.0,Doutorado,Capitais,Presencial,Feminino,Indígena,0.46722986549719386
CAND_01441,9.4,38.0,Mestrado,Capitais,Híbrido,Masculino,Parda,0.5008695474240221
CAND_01442,4.2,23.0,Mestrado,Região Metropolitana,Presencial,Feminino,Parda,0.24307229447632744
CAND_01443,4.8,60.0,Bacharelado,Capitais,Presencial,Masculino,Amarela,0.3998906493117352
CAND_01444,5.8,38.0,Bacharelado,Capitais,Presencial,Feminino,Indígena,0.39216118560544594
CAND_01445,5.1,37.0,Ensino Médio,Capitais,Híbrido,Masculino,Preta,0.1212739201663336
CAND_01446,3.7,45.0,Bacharelado,Capitais,Presencial,Feminino,Amarela,0.41658775644949575
CAND_01447,3.6,53.0,Mestrado,Capitais,Presencial,Não-binário,Branca,0.6070033140311065
CAND_01448,8.9,49.0,Bacharelado,Região Metropolitana,Híbrido,Não-binário,Preta,0.6190236133756643
CAND_01449,3.8,42.0,Bacharelado,Região Metropolitana,Híbrido,Masculino,Parda,0.2515131668718652
CAND_01450,5.2,69.0,Ensino Médio,Região Metropolitana,Híbrido,Não-binário,Branca,0.3495795461340333
CAND_01451,0.0,42.0,Bacharelado,Capitais,Presencial,Masculino,Indígena,0.21517388681993438
CAND_01452,6.3,48.0,Bacharelado,Interior,Híbrido,Não-binário,Indígena,0.31457562272418044
CAND_01453,6.4,69.0,Mestrado,Capitais,Remoto,Não-binário,Parda,0.5207304262442517
CAND_01454,1.8,40.0,Mestrado,Capitais,Híbrido,Feminino,Indígena,0.45434243119392553
CAND_01455,10.1,36.0,Bacharelado,Região Metropolitana,Presencial,Não-binário,Preta,0.543847226424908
CAND_01456,5.1,44.0,Bacharelado,Capitais,Híbrido,Masculino,Preta,0.3859993061993118
CAND_01457,7.4,54.0,Ensino Médio,Região Metropolitana,Híbrido,Não-binário,Parda,0.3861420462303794
CAND_01458,1.8,63.0,Bacharelado,Capitais,Híbrido,Feminino,Indígena,0.4650842202934954
CAND_01459,7.0,50.0,Mestrado,Interior,Presencial,Não-binário,Parda,0.613749087029418
CAND_01460,3.2,18.0,Mestrado,Região Metropolitana,Híbrido,Feminino,Parda,0.3817389639385359
CAND_01461,3.5,47.0,Bacharelado,Capitais,Presencial,Masculino,Branca,0.3822483156072381
CAND_01462,2.9,62.0,Mestrado,Região Metropolitana,Presencial,Masculino,Preta,0.5175425732054892
CAND_01463,5.9,58.0,Bacharelado,Capitais,Presencial,Não-binário,Branca,0.4189285036175547
CAND_01464,8.1,38.0,Bacharelado,Capitais,Remoto,Não-binário,Amarela,0.45763740486213883
CAND_01465,7.6,34.0,Ensino Médio,Capitais,Híbrido,Masculino,Indígena,0.48354419564119266
CAND_01466,3.9,51.0,Bacharelado,Interior,Presencial,Feminino,Branca,0.3823276488272081
CAND_01467,1.6,45.0,Bacharelado,Região Metropolitana,Híbrido,Feminino,Amarela,0.3753842273591956
CAND_01468,1.6,42.0,Bacharelado,Região Metropolitana,Híbrido,Feminino,Parda,0.3707016665067397
CAND_01469,5.8,92.0,Bacharelado,Interior,Presencial,Feminino,Amarela,0.6586489468318253
CAND_01470,2.0,58.0,Mestrado,Capitais,Presencial,Masculino,Indígena,0.511017172470237
CAND_01471,4.4,28.0,Mestrado,Interior,Híbrido,Feminino,Branca,0.5339363301903302
CAND_01472,7.8,67.0,Bacharelado,Região Metropolitana,Presencial,Masculino,Preta,0.5956315196422993
CAND_01473,2.1,56.0,Bacharelado,Capitais,Híbrido,Masculino,Preta,0.5329863828007898
CAND_01474,9.8,65.0,Bacharelado,Interior,Presencial,Masculino,Branca,0.5856363901216567
CAND_01475,7.0,44.0,Bacharelado,Capitais,Híbrido,Não-binário,Amarela,0.47228776202290995
CAND_01476,3.9,58.0,Bacharelado,Região Metropolitana,Híbrido,Feminino,Indígena,0.4090613101168229
CAND_01477,6.0,57.0,Bacharelado,Capitais,Presencial,Masculino,Branca,0.4428636650650501
CAND_01478,7.1,45.0,Mestrado,Capitais,Híbrido,Não-binário,Amarela,0.37475763512239735
CAND_01479,8.1,44.0,Mestrado,Capitais,Remoto,Feminino,Parda,0.6724135064972548
CAND_01480,0.0,53.0,Mestrado,Capitais,Remoto,Feminino,Amarela,0.32890847345094865
CAND_01481,5.8,68.0,Bacharelado,Interior,Híbrido,Masculino,Indígena,0.6986056327464207
CAND_01482,3.0,47.0,Bacharelado,Interior,Remoto,Feminino,Preta,0.3348068381511839
CAND_01483,9.1,84.0,Bacharelado,Capitais,Híbrido,Masculino,Branca,0.7479518800262333
CAND_01484,4.2,59.0,Bacharelado,Capitais,Híbrido,Feminino,Parda,0.44307446904611375
CAND_01485,7.4,76.0,Bacharelado,Capitais,Remoto,Não-binário,Branca,0.756356864350038
CAND_01486,10.6,46.0,Bacharelado,Região Metropolitana,Remoto,Masculino,Preta,0.3429978683995258
CAND_01487,0.5,42.0,Bacharelado,Região Metropolitana,Híbrido,Masculino,Parda,0.4134942169602932
CAND_01488,5.7,48.0,Bacharelado,Capitais,Remoto,Feminino,Indígena,0.4064108610590954
CAND_01489,9.2,62.0,Bacharelado,Capitais,Presencial,Masculino,Amarela,0.3915467544060365
CAND_01490,7.0,42.0,Bacharelado,Capitais,Híbrido,Feminino,Preta,0.44646658639382136
CAND_01491,9.5,32.0,Mestrado,Capitais,Remoto,Feminino,Branca,0.4463050742768247
CAND_01492,4.7,63.0,Bacharelado,Interior,Presencial,Feminino,Indígena,0.5539251606121927
CAND_01493,7.6,30.0,Bacharelado,Capitais,Remoto,Masculino,Branca,0.45909885925426996
CAND_01494,10.7,35.0,Ensino Médio,Interior,Híbrido,Feminino,Amarela,0.3993926383162943
CAND_01495,6.0,52.0,Bacharelado,Capitais,Remoto,Feminino,Branca,0.29180335768984056
CAND_01496,11.6,45.0,Bacharelado,Capitais,Presencial,Não-binário,Parda,0.5339040138153989
CAND_01497,4.5,62.0,Bacharelado,Região Metropolitana,Híbrido,Não-binário,Branca,0.3902484809096922
CAND_01498,5.1,44.0,Doutorado,Capitais,Presencial,Masculino,Branca,0.5944264262168698
CAND_01499,4.3,77.0,Bacharelado,Capitais,Presencial,Feminino,Amarela,0.36447358695476195
CAND_01500,7.5,51.0,Ensino Médio,Região Metropolitana,Híbrido,Feminino,Preta,0.33970267183572517
CAND_01501,3.4,53.0,Mestrado,Capitais,Presencial,Feminino,Preta,0.44762079167149543
CAND_01502,7.3,77.0,Bacharelado,Capitais,Remoto,Feminino,Preta,0.6595667790221662
CAND_01503,2.2,68.0,Bacharelado,Capitais,Híbrido,Masculino,Amarela,0.5087946229327952
CAND_01504,7.4,66.0,Bacharelado,Capitais,Híbrido,Não-binário,Preta,0.6253297603536663
CAND_01505,6.4,68.0,Bacharelado,Região Metropolitana,Híbrido,Não-binário,Indígena,0.523281759021911
CAND_01506,7.8,53.0,Doutorado,Capitais,Remoto,Feminino,Indígena,0.6276086233087803
CAND_01507,0.0,39.0,Bacharelado,Região Metropolitana,Presencial,Não-binário,Preta,0.4149607217367354
CAND_01508,3.1,36.0,Bacharelado,Capitais,Remoto,Masculino,Amarela,0.30094680768687465
CAND_01509,9.2,29.0,Bacharelado,Região Metropolitana,Presencial,Masculino,Preta,0.5481164287690867
CAND_01510,0.9,51.0,Mestrado,Região Metropolitana,Presencial,Masculino,Branca,0.48968677101981345
CAND_01511,5.7,48.0,Bacharelado,Capitais,Híbrido,Não-binário,Indígena,0.41638649390687116
CAND_01512,6.1,37.0,Mestrado,Capitais,Híbrido,Feminino,Indígena,0.3708712235991556
CAND_01513,4.4,27.0,Bacharelado,Interior,Híbrido,Não-binário,Parda,0.2742329668286333
CAND_01514,5.4,67.0,Bacharelado,Capitais,Presencial,Não-binário,Branca,0.5786856915917871
CAND_01515,1.7,38.0,Bacharelado,Capitais,Híbrido,Não-binário,Branca,0.26276032962063667
CAND_01516,5.4,31.0,Bacharelado,Região Metropolitana,Presencial,Feminino,Branca,0.22730619646894124
CAND_01517,4.1,32.0,Ensino Médio,Região Metropolitana,Híbrido,Masculino,Amarela,0.29690928963028895
CAND_01518,7.3,63.0,Doutorado,Capitais,Presencial,Feminino,Preta,0.66211330488833
CAND_01519,8.2,35.0,Doutorado,Interior,Híbrido,Masculino,Branca,0.5948967498883314
CAND_01520,3.7,42.0,Mestrado,Região Metropolitana,Híbrido,Feminino,Preta,0.3045706616305861
CAND_01521,6.5,50.0,Bacharelado,Capitais,Híbrido,Masculino,Branca,0.46378471726956394
CAND_01522,5.2,49.0,Bacharelado,Capitais,Híbrido,Não-binário,Parda,0.42340646425578293
CAND_01523,1.6,41.0,Mestrado,Capitais,Presencial,Feminino,Amarela,0.45521431164312615
CAND_01524,3.9,48.0,Bacharelado,Capitais,Híbrido,Masculino,Indígena,0.4330266213693035
CAND_01525,2.6,48.0,Doutorado,Capitais,Híbrido,Não-binário,Preta,0.3963289512082816
CAND_01526,6.2,45.0,Bacharelado,Capitais,Remoto,Não-binário,Indígena,0.4112400948566871
CAND_01527,2.1,58.0,Bacharelado,Capitais,Híbrido,Não-binário,Indígena,0.5271348269747498
CAND_01528,5.2,40.0,Bacharelado,Região Metropolitana,Remoto,Masculino,Parda,0.5454984455817512
CAND_01529,7.1,51.0,Mestrado,Capitais,Remoto,Feminino,Amarela,0.38302400256238284
CAND_01530,2.1,59.0,Bacharelado,Capitais,Remoto,Não-binário,Parda,0.39791795059181945
CAND_01531,8.9,34.0,Bacharelado,Capitais,Híbrido,Feminino,Branca,0.40777833190814583
CAND_01532,9.9,48.0,Bacharelado,Capitais,Remoto,Feminino,Branca,0.5882484768940227
CAND_01533,1.7,42.0,Doutorado,Região Metropolitana,Remoto,Feminino,Branca,0.311457946617551
CAND_01534,3.8,79.0,Mestrado,Capitais,Híbrido,Masculino,Branca,0.6392929170375187
CAND_01535,3.1,49.0,Mestrado,Capitais,Remoto,Masculino,Parda,0.3705169218482734
CAND_01536,5.4,47.0,Bacharelado,Capitais,Híbrido,Masculino,Amarela,0.5070933366093413
CAND_01537,2.9,67.0,Bacharelado,Região Metropolitana,Presencial,Masculino,Branca,0.2860158445269648
CAND_01538,7.9,36.0,Mestrado,Capitais,Presencial,Feminino,Parda,0.5338737732553651
CAND_01539,3.3,60.0,Bacharelado,Região Metropolitana,Presencial,Feminino,Parda,0.45778951076751
CAND_01540,7.7,47.0,Bacharelado,Capitais,Remoto,Feminino,Parda,0.6508599353391014
CAND_01541,3.4,60.0,Bacharelado,Capitais,Híbrido,Feminino,Branca,0.49381792854929213
CAND_01542,8.7,45.0,Mestrado,Capitais,Presencial,Feminino,Branca,0.5441230793023019
CAND_01543,7.4,35.0,Bacharelado,Interior,Presencial,Feminino,Branca,0.6516448783236695
CAND_01544,3.4,43.0,Doutorado,Região Metropolitana,Híbrido,Feminino,Indígena,0.4937090230832144
CAND_01545,6.9,35.0,Ensino Médio,Capitais,Remoto,Não-binário,Branca,0.4988002501274331
CAND_01546,2.1,45.0,Bacharelado,Capitais,Remoto,Não-binário,Branca,0.35928951540153464
CAND_01547,7.5,53.0,Bacharelado,Capitais,Presencial,Masculino,Branca,0.4544807505539161
CAND_01548,4.1,33.0,Mestrado,Capitais,Híbrido,Masculino,Preta,0.370578598346822
CAND_01549,4.7,47.0,Bacharelado,Capitais,Remoto,Feminino,Preta,0.4967506167910465
CAND_01550,3.1,61.0,Mestrado,Capitais,Presencial,Masculino,Branca,0.31227339165305157
CAND_01551,8.0,67.0,Bacharelado,Capitais,Híbrido,Não-binário,Parda,0.33367662605624704
CAND_01552,8.2,65.0,Mestrado,Capitais,Híbrido,Feminino,Amarela,0.6071215969151231
CAND_01553,2.5,18.0,Ensino Médio,Capitais,Presencial,Não-binário,Preta,0.27256753893914804
CAND_01554,0.6,65.0,Bacharelado,Capitais,Híbrido,Masculino,Amarela,0.3453378384159791
CAND_01555,3.0,69.0,Mestrado,Capitais,Híbrido,Masculino,Preta,0.45071615921852426
CAND_01556,5.5,50.0,Mestrado,Região Metropolitana,Remoto,Não-binário,Amarela,0.5035202762893876
CAND_01557,1.5,41.0,Bacharelado,Capitais,Híbrido,Não-binário,Preta,0.31986280519175847
CAND_01558,1.5,17.0,Bacharelado,Capitais,Híbrido,Não-binário,Preta,0.32294508549704126
CAND_01559,1.8,56.0,Bacharelado,Capitais,Híbrido,Não-binário,Parda,0.32086929112857154
CAND_01560,1.2,45.0,Mestrado,Capitais,Remoto,Não-binário,Indígena,0.36353238778576175
CAND_01561,6.5,19.0,Mestrado,Capitais,Híbrido,Masculino,Parda,0.39764217638058574
CAND_01562,4.7,60.0,Bacharelado,Região Metropolitana,Remoto,Masculino,Parda,0.5141380979022385
CAND_01563,8.6,41.0,Bacharelado,Capitais,Presencial,Feminino,Preta,0.5479204080502984
CAND_01564,1.5,56.0,Bacharelado,Capitais,Remoto,Feminino,Parda,0.33762066681069036
CAND_01565,3.1,49.0,Mestrado,Região Metropolitana,Híbrido,Não-binário,Indígena,0.48165170168277815
CAND_01566,8.3,55.0,Ensino Médio,Região Metropolitana,Remoto,Masculino,Indígena,0.5698757161789288
CAND_01567,5.0,28.0,Bacharelado,Capitais,Remoto,Não-binário,Indígena,0.28261141813968993
CAND_01568,6.8,45.0,Mestrado,Capitais,Híbrido,Não-binário,Amarela,0.6826994789103874
CAND_01569,3.5,12.0,Bacharelado,Capitais,Remoto,Masculino,Branca,0.3584987653324632
CAND_01570,5.0,55.0,Bacharelado,Capitais,Remoto,Masculino,Indígena,0.6352812436815811
CAND_01571,0.0,80.0,Bacharelado,Região Metropolitana,Presencial,Feminino,Indígena,0.4164970478816722
CAND_01572,9.1,74.0,Bacharelado,Capitais,Remoto,Feminino,Preta,0.5983958571426374
CAND_01573,7.3,46.0,Bacharelado,Capitais,Remoto,Masculino,Amarela,0.6262987324431252
CAND_01574,0.0,44.0,Bacharelado,Interior,Híbrido,Masculino,Preta,0.5035630260053949
CAND_01575,4.4,33.0,Bacharelado,Capitais,Híbrido,Feminino,Preta,0.43218849968299733
CAND_01576,6.9,40.0,Bacharelado,Região Metropolitana,Presencial,Masculino,Amarela,0.4761822561397959
CAND_01577,6.3,66.0,Bacharelado,Região Metropolitana,Híbrido,Masculino,Indígena,0.5378042332257186
CAND_01578,5.8,60.0,Bacharelado,Capitais,Presencial,Masculino,Parda,0.3763021128844265
CAND_01579,7.0,46.0,Doutorado,Região Metropolitana,Remoto,Feminino,Branca,0.45989034492394343
CAND_01580,4.5,55.0,Mestrado,Região Metropolitana,Híbrido,Feminino,Indígena,0.4978278374781383
CAND_01581,3.6,65.0,Bacharelado,Capitais,Presencial,Masculino,Indígena,0.2170355617328184
CAND_01582,6.2,41.0,Bacharelado,Capitais,Híbrido,Feminino,Amarela,0.4749739523563322
CAND_01583,3.3,52.0,Mestrado,Capitais,Híbrido,Masculino,Indígena,0.47794404504774574
CAND_01584,6.6,34.0,Bacharelado,Capitais,Híbrido,Feminino,Branca,0.42875036282270323
CAND_01585,5.3,51.0,Bacharelado,Capitais,Híbrido,Feminino,Parda,0.5255256310341013
CAND_01586,6.4,62.0,Mestrado,Região Metropolitana,Presencial,Não-binário,Branca,0.4346684299606012
CAND_01587,7.5,33.0,Mestrado,Capitais,Presencial,Não-binário,Amarela,0.5605084148453121
CAND_01588,9.4,43.0,Bacharelado,Capitais,Presencial,Masculino,Amarela,0.615316926632552
CAND_01589,5.2,33.0,Mestrado,Capitais,Presencial,Feminino,Parda,0.3383616732687817
CAND_01590,3.7,51.0,Bacharelado,Capitais,Híbrido,Masculino,Amarela,0.3006243780282045
CAND_01591,4.0,22.0,Bacharelado,Capitais,Híbrido,Masculino,Indígena,0.36795421069888734
CAND_01592,7.4,44.0,Mestrado,Capitais,Híbrido,Masculino,Indígena,0.3407919555561767
CAND_01593,4.6,58.0,Bacharelado,Capitais,Híbrido,Não-binário,Preta,0.48641683728335744
CAND_01594,7.3,18.0,Bacharelado,Capitais,Presencial,Feminino,Parda,0.31859362921909623
CAND_01595,5.2,61.0,Ensino Médio,Capitais,Híbrido,Masculino,Preta,0.6182498681499403
CAND_01596,9.0,85.0,Bacharelado,Região Metropolitana,Presencial,Masculino,Branca,0.3772799810251661
CAND_01597,5.9,46.0,Bacharelado,Capitais,Híbrido,Masculino,Parda,0.5806654710801621
CAND_01598,2.9,49.0,Bacharelado,Região Metropolitana,Híbrido,Feminino,Parda,0.39644165126045033
CAND_01599,8.9,26.0,Bacharelado,Capitais,Remoto,Não-binário,Branca,0.5295726281638031
CAND_01600,3.1,43.0,Mestrado,Capitais,Presencial,Feminino,Parda,0.37622113798015916
CAND_01601,2.6,56.0,Mestrado,Capitais,Híbrido,Feminino,Indígena,0.44787600993753973
CAND_01602,6.5,57.0,Bacharelado,Capitais,Híbrido,Masculino,Indígena,0.4333726109421126
CAND_01603,2.4,47.0,Ensino Médio,Interior,Presencial,Masculino,Amarela,0.23080097985181647
CAND_01604,5.7,45.0,Mestrado,Capitais,Presencial,Masculino,Parda,0.3709478071942665
CAND_01605,5.2,38.0,Bacharelado,Região Metropolitana,Híbrido,Masculino,Amarela,0.4368633552360169
CAND_01606,5.9,45.0,Bacharelado,Capitais,Híbrido,Não-binário,Branca,0.638230382541699
CAND_01607,11.5,45.0,Bacharelado,Capitais,Presencial,Feminino,Branca,0.5512846273702788
CAND_01608,6.7,41.0,Mestrado,Região Metropolitana,Híbrido,Não-binário,Preta,0.48575824558230224
CAND_01609,4.4,7.0,Bacharelado,Região Metropolitana,Presencial,Masculino,Indígena,0.2949839262569199
CAND_01610,13.7,39.0,Bacharelado,Capitais,Presencial,Feminino,Parda,0.6796464557390909
CAND_01611,7.7,43.0,Bacharelado,Capitais,Híbrido,Feminino,Preta,0.4220865719901994
CAND_01612,4.1,51.0,Mestrado,Região Metropolitana,Híbrido,Não-binário,Parda,0.40207131472426105
CAND_01613,9.8,47.0,Bacharelado,Capitais,Remoto,Não-binário,Preta,0.4861159838098268
CAND_01614,0.0,59.0,Mestrado,Região Metropolitana,Híbrido,Feminino,Indígena,0.5267269706347046
CAND_01615,4.8,75.0,Bacharelado,Capitais,Híbrido,Não-binário,Branca,0.5534151651973641
CAND_01616,3.9,89.0,Bacharelado,Capitais,Presencial,Não-binário,Branca,0.4375934716137536
CAND_01617,5.3,70.0,Bacharelado,Capitais,Remoto,Não-binário,Branca,0.5983115860270637
CAND_01618,5.7,30.0,Bacharelado,Capitais,Híbrido,Masculino,Amarela,0.26028832066415136
CAND_01619,4.1,54.0,Bacharelado,Capitais,Presencial,Não-binário,Indígena,0.5270033117869114
CAND_01620,7.8,59.0,Mestrado,Capitais,Remoto,Masculino,Branca,0.6968745466400064
CAND_01621,8.5,64.0,Bacharelado,Capitais,Presencial,Feminino,Indígena,0.547688857695848
CAND_01622,1.2,49.0,Ensino Médio,Região Metropolitana,Presencial,Não-binário,Branca,0.4836506930195976
CAND_01623,1.0,30.0,Bacharelado,Capitais,Híbrido,Não-binário,Amarela,0.4604661981775885
CAND_01624,10.0,25.0,Bacharelado,Capitais,Híbrido,Masculino,Preta,0.41792201890934844
CAND_01625,3.8,43.0,Bacharelado,Interior,Presencial,Masculino,Amarela,0.47991139511892283
CAND_01626,0.1,64.0,Bacharelado,Região Metropolitana,Remoto,Masculino,Branca,0.6278401122795435
CAND_01627,4.5,55.0,Bacharelado,Região Metropolitana,Híbrido,Feminino,Indígena,0.4354694138316507
CAND_01628,6.2,30.0,Bacharelado,Região Metropolitana,Híbrido,Feminino,Parda,0.2850770870727209
CAND_01629,6.9,65.0,Ensino Médio,Capitais,Híbrido,Masculino,Branca,0.3790711194898559
CAND_01630,6.6,68.0,Ensino Médio,Região Metropolitana,Remoto,Não-binário,Amarela,0.6141089754171104
CAND_01631,4.9,25.0,Mestrado,Capitais,Híbrido,Feminino,Indígena,0.27168360573428013
CAND_01632,0.9,49.0,Ensino Médio,Região Metropolitana,Remoto,Masculino,Parda,0.2940726172200835
CAND_01633,5.0,61.0,Bacharelado,Capitais,Híbrido,Masculino,Branca,0.44859767295080794
CAND_01634,7.0,29.0,Bacharelado,Interior,Híbrido,Feminino,Branca,0.44097898258452584
CAND_01635,8.4,61.0,Ensino Médio,Região Metropolitana,Remoto,Masculino,Preta,0.4841003554287023
CAND_01636,6.2,49.0,Bacharelado,Interior,Remoto,Feminino,Indígena,0.5076123193898038
CAND_01637,8.9,64.0,Doutorado,Interior,Híbrido,Não-binário,Parda,0.6750913169392833
CAND_01638,1.8,50.0,Bacharelado,Capitais,Presencial,Não-binário,Indígena,0.3412166157905793
CAND_01639,5.2,77.0,Bacharelado,Capitais,Presencial,Feminino,Indígena,0.5199531852146334
CAND_01640,4.2,46.0,Bacharelado,Capitais,Presencial,Masculino,Indígena,0.34698002716169907
CAND_01641,10.5,50.0,Bacharelado,Região Metropolitana,Remoto,Masculino,Preta,0.5985437509003511
CAND_01642,7.7,35.0,Doutorado,Capitais,Híbrido,Não-binário,Branca,0.6504309791737877
CAND_01643,14.6,55.0,Bacharelado,Capitais,Remoto,Feminino,Preta,0.6913681492587322
CAND_01644,5.8,59.0,Bacharelado,Capitais,Presencial,Masculino,Amarela,0.3574500447184671
CAND_01645,7.4,67.0,Bacharelado,Capitais,Presencial,Feminino,Parda,0.6299555393839508
CAND_01646,5.9,59.0,Mestrado,Capitais,Presencial,Masculino,Amarela,0.5271441199044453
CAND_01647,1.6,56.0,Bacharelado,Região Metropolitana,Presencial,Feminino,Branca,0.3329137121783148
CAND_01648,4.1,20.0,Bacharelado,Capitais,Híbrido,Masculino,Indígena,0.24093884015454994
CAND_01649,5.4,61.0,Ensino Médio,Capitais,Presencial,Não-binário,Amarela,0.33507396536302486
CAND_01650,1.1,32.0,Mestrado,Capitais,Presencial,Feminino,Amarela,0.5301980151216809
CAND_01651,5.0,42.0,Bacharelado,Capitais,Presencial,Feminino,Indígena,0.42309900210479734
CAND_01652,1.1,28.0,Bacharelado,Capitais,Presencial,Masculino,Branca,0.16026656678545942
CAND_01653,14.4,47.0,Doutorado,Interior,Presencial,Feminino,Parda,0.8408695838330885
CAND_01654,8.5,62.0,Bacharelado,Região Metropolitana,Remoto,Não-binário,Indígena,0.8350111433982341
CAND_01655,6.6,73.0,Bacharelado,Capitais,Remoto,Feminino,Preta,0.6250800583022201
CAND_01656,7.9,41.0,Mestrado,Capitais,Híbrido,Feminino,Branca,0.5079962629279925
CAND_01657,9.3,43.0,Bacharelado,Região Metropolitana,Híbrido,Não-binário,Amarela,0.408815841596388
CAND_01658,9.4,39.0,Bacharelado,Capitais,Presencial,Não-binário,Amarela,0.6251713786833637
CAND_01659,5.8,59.0,Bacharelado,Interior,Híbrido,Masculino,Branca,0.5847041147844556
CAND_01660,4.5,33.0,Bacharelado,Região Metropolitana,Presencial,Masculino,Indígena,0.3030057677121769
CAND_01661,6.2,28.0,Mestrado,Capitais,Híbrido,Não-binário,Indígena,0.5468442742688336
CAND_01662,5.4,70.0,Bacharelado,Capitais,Remoto,Masculino,Indígena,0.5188234239950319
CAND_01663,1.2,13.0,Mestrado,Capitais,Presencial,Feminino,Indígena,0.4174368660788741
CAND_01664,0.0,51.0,Mestrado,Região Metropolitana,Presencial,Masculino,Branca,0.46485605091887555
CAND_01665,8.0,32.0,Mestrado,Região Metropolitana,Híbrido,Masculino,Amarela,0.5273511638237843
CAND_01666,7.9,66.0,Bacharelado,Capitais,Híbrido,Masculino,Branca,0.44152489154121005
CAND_01667,4.8,61.0,Bacharelado,Capitais,Híbrido,Não-binário,Amarela,0.5403713037715643
CAND_01668,2.0,46.0,Bacharelado,Capitais,Híbrido,Masculino,Preta,0.3261302549681381
CAND_01669,3.3,17.0,Mestrado,Capitais,Remoto,Masculino,Amarela,0.47017819815576467
CAND_01670,6.9,38.0,Bacharelado,Capitais,Híbrido,Não-binário,Amarela,0.32051391292605014
CAND_01671,4.1,48.0,Mestrado,Capitais,Remoto,Masculino,Branca,0.6006546141707898
CAND_01672,1.4,60.0,Bacharelado,Interior,Presencial,Feminino,Parda,0.37122469496624577
CAND_01673,5.9,60.0,Bacharelado,Capitais,Presencial,Masculino,Branca,0.4100797097452182
CAND_01674,3.1,59.0,Mestrado,Capitais,Remoto,Masculino,Branca,0.5469322279944744
CAND_01675,7.5,25.0,Ensino Médio,Interior,Híbrido,Masculino,Preta,0.18705618382047942
CAND_01676,5.9,42.0,Bacharelado,Capitais,Híbrido,Masculino,Amarela,0.36458688029595837
CAND_01677,8.1,40.0,Ensino Médio,Capitais,Presencial,Feminino,Preta,0.37549711194075075
CAND_01678,3.2,46.0,Bacharelado,Região Metropolitana,Híbrido,Feminino,Branca,0.36952504116926493
CAND_01679,9.0,51.0,Doutorado,Capitais,Presencial,Masculino,Branca,0.6175985637406296
CAND_01680,1.6,72.0,Ensino Médio,Capitais,Presencial,Feminino,Parda,0.3999711641615302
CAND_01681,4.2,44.0,Doutorado,Região Metropolitana,Remoto,Feminino,Indígena,0.45609689109931467
CAND_01682,2.0,55.0,Ensino Médio,Capitais,Híbrido,Feminino,Parda,0.3729112411428609
CAND_01683,1.1,66.0,Bacharelado,Capitais,Híbrido,Masculino,Indígena,0.4997126575111459
CAND_01684,2.3,30.0,Bacharelado,Região Metropolitana,Híbrido,Não-binário,Amarela,0.20294023518840998
CAND_01685,2.0,53.0,Mestrado,Capitais,Remoto,Masculino,Preta,0.5900107572789624
CAND_01686,11.4,60.0,Bacharelado,Capitais,Presencial,Masculino,Amarela,0.47421565736225535
CAND_01687,4.1,33.0,Mestrado,Região Metropolitana,Híbrido,Masculino,Branca,0.5476897913207984
CAND_01688,5.8,68.0,Doutorado,Região Metropolitana,Remoto,Feminino,Indígena,0.5835730061546053
CAND_01689,3.8,55.0,Bacharelado,Capitais,Híbrido,Não-binário,Preta,0.5334288252381056
CAND_01690,5.5,69.0,Mestrado,Capitais,Híbrido,Masculino,Parda,0.5420134976683498
CAND_01691,5.7,68.0,Bacharelado,Capitais,Híbrido,Feminino,Preta,0.6819830937543041
CAND_01692,2.1,54.0,Mestrado,Capitais,Presencial,Não-binário,Branca,0.2811893661451561
CAND_01693,5.1,42.0,Bacharelado,Região Metropolitana,Híbrido,Masculino,Preta,0.37353210293091765
CAND_01694,0.5,61.0,Bacharelado,Capitais,Remoto,Masculino,Preta,0.3037750802056904
CAND_01695,3.6,10.0,Mestrado,Região Metropolitana,Presencial,Masculino,Parda,0.17087766937916268
CAND_01696,6.1,35.0,Doutorado,Capitais,Remoto,Feminino,Preta,0.6278211651729309
CAND_01697,7.8,48.0,Bacharelado,Capitais,Híbrido,Masculino,Parda,0.43476506047610763
CAND_01698,2.7,54.0,Bacharelado,Região Metropolitana,Presencial,Feminino,Indígena,0.38295734960135663
CAND_01699,9.0,91.0,Bacharelado,Capitais,Presencial,Feminino,Parda,0.5400716557161096
CAND_01700,8.3,65.0,Ensino Médio,Região Metropolitana,Presencial,Feminino,Preta,0.5632060062219691
CAND_01701,3.1,87.0,Bacharelado,Região Metropolitana,Híbrido,Masculino,Preta,0.5035051538050497
CAND_01702,2.0,46.0,Bacharelado,Capitais,Remoto,Não-binário,Parda,0.3488958601408462
CAND_01703,3.1,36.0,Bacharelado,Capitais,Presencial,Feminino,Amarela,0.2339751311373236
CAND_01704,0.1,43.0,Bacharelado,Capitais,Híbrido,Não-binário,Amarela,0.4543903214071575
CAND_01705,1.4,49.0,Bacharelado,Região Metropolitana,Remoto,Feminino,Branca,0.5206617988776143
CAND_01706,1.2,24.0,Bacharelado,Capitais,Remoto,Feminino,Preta,0.3127545656158698
CAND_01707,6.0,50.0,Mestrado,Capitais,Híbrido,Feminino,Preta,0.5375048216865256
CAND_01708,6.8,52.0,Mestrado,Capitais,Remoto,Não-binário,Preta,0.6118848634210619
CAND_01709,11.2,20.0,Mestrado,Região Metropolitana,Remoto,Masculino,Amarela,0.6438731270996351
CAND_01710,7.9,50.0,Bacharelado,Capitais,Híbrido,Feminino,Branca,0.3652030779229185
CAND_01711,5.0,27.0,Bacharelado,Capitais,Híbrido,Masculino,Indígena,0.09064307801307725
CAND_01712,3.8,46.0,Mestrado,Capitais,Híbrido,Não-binário,Branca,0.7598024171793625
CAND_01713,9.0,58.0,Bacharelado,Interior,Remoto,Masculino,Amarela,0.32310860475489117
CAND_01714,1.3,24.0,Bacharelado,Interior,Híbrido,Masculino,Branca,0.21591483653262747
CAND_01715,5.1,43.0,Bacharelado,Capitais,Híbrido,Feminino,Branca,0.44926270522709993
CAND_01716,1.3,66.0,Bacharelado,Capitais,Remoto,Masculino,Parda,0.4580084718005477
CAND_01717,6.7,57.0,Bacharelado,Capitais,Remoto,Masculino,Amarela,0.4937610682803869
CAND_01718,9.0,52.0,Bacharelado,Capitais,Híbrido,Não-binário,Amarela,0.6149870219903035
CAND_01719,0.3,56.0,Bacharelado,Capitais,Remoto,Não-binário,Preta,0.37376200028027134
CAND_01720,10.7,32.0,Bacharelado,Capitais,Presencial,Feminino,Parda,0.420841926145366
CAND_01721,2.1,38.0,Bacharelado,Capitais,Presencial,Não-binário,Parda,0.37662094262783885
CAND_01722,2.8,48.0,Bacharelado,Capitais,Presencial,Feminino,Amarela,0.25698485265535886
CAND_01723,5.5,43.0,Bacharelado,Capitais,Remoto,Não-binário,Preta,0.5741122420542375
CAND_01724,1.7,59.0,Bacharelado,Capitais,Remoto,Masculino,Amarela,0.429643048592281
CAND_01725,11.1,59.0,Bacharelado,Região Metropolitana,Híbrido,Não-binário,Indígena,0.525235932667048
CAND_01726,0.2,45.0,Bacharelado,Capitais,Híbrido,Feminino,Preta,0.3133550133874545
CAND_01727,2.6,66.0,Bacharelado,Região Metropolitana,Remoto,Não-binário,Indígena,0.4718937793089199
CAND_01728,2.5,35.0,Bacharelado,Região Metropolitana,Remoto,Feminino,Indígena,0.30799337324926634
CAND_01729,7.8,56.0,Ensino Médio,Região Metropolitana,Híbrido,Não-binário,Parda,0.6785649913618981
CAND_01730,2.8,73.0,Doutorado,Capitais,Híbrido,Não-binário,Indígena,0.5705563603973659
CAND_01731,7.5,69.0,Bacharelado,Capitais,Presencial,Masculino,Amarela,0.39465401423944096
CAND_01732,5.5,26.0,Bacharelado,Região Metropolitana,Híbrido,Masculino,Amarela,0.2847535992256186
CAND_01733,4.8,66.0,Mestrado,Capitais,Remoto,Feminino,Indígena,0.5960313520165902
CAND_01734,0.8,31.0,Mestrado,Capitais,Presencial,Masculino,Preta,0.48824817729808995
CAND_01735,3.1,14.0,Mestrado,Região Metropolitana,Remoto,Não-binário,Indígena,0.3853972488335173
CAND_01736,2.9,57.0,Ensino Médio,Capitais,Presencial,Masculino,Amarela,0.27117937038950046
CAND_01737,1.2,64.0,Bacharelado,Capitais,Híbrido,Masculino,Amarela,0.3010545982204938
CAND_01738,3.2,30.0,Mestrado,Capitais,Presencial,Masculino,Branca,0.30175665838561216
CAND_01739,7.7,72.0,Bacharelado,Região Metropolitana,Presencial,Masculino,Branca,0.3854945050875476
CAND_01740,4.6,46.0,Bacharelado,Capitais,Remoto,Feminino,Indígena,0.608057095181352
CAND_01741,6.8,37.0,Bacharelado,Capitais,Híbrido,Masculino,Parda,0.4315269391167888
CAND_01742,3.7,55.0,Bacharelado,Interior,Presencial,Não-binário,Indígena,0.47562961989887964
CAND_01743,3.8,61.0,Bacharelado,Interior,Presencial,Feminino,Preta,0.5498746334627858
CAND_01744,7.6,63.0,Bacharelado,Capitais,Híbrido,Não-binário,Amarela,0.4817989844302951
CAND_01745,4.8,39.0,Bacharelado,Capitais,Híbrido,Feminino,Parda,0.37732536558058344
CAND_01746,0.0,55.0,Bacharelado,Capitais,Presencial,Não-binário,Parda,0.28875525228302223
CAND_01747,4.7,52.0,Mestrado,Região Metropolitana,Remoto,Masculino,Indígena,0.4605125014771948
CAND_01748,3.4,31.0,Mestrado,Capitais,Híbrido,Não-binário,Branca,0.42313356989094303
CAND_01749,5.5,34.0,Mestrado,Capitais,Híbrido,Não-binário,Preta,0.3925659530566378
CAND_01750,8.3,58.0,Bacharelado,Interior,Remoto,Masculino,Indígena,0.5875483779275844
CAND_01751,7.1,43.0,Bacharelado,Capitais,Remoto,Masculino,Amarela,0.49318792877034356
CAND_01752,2.8,57.0,Doutorado,Capitais,Híbrido,Não-binário,Parda,0.6225948158277159
CAND_01753,2.9,66.0,Bacharelado,Capitais,Híbrido,Masculino,Parda,0.6800008036922277
CAND_01754,4.7,53.0,Ensino Médio,Capitais,Remoto,Não-binário,Branca,0.5123855904033218
CAND_01755,7.7,65.0,Doutorado,Região Metropolitana,Presencial,Masculino,Amarela,0.6479568038014633
CAND_01756,0.0,55.0,Mestrado,Região Metropolitana,Híbrido,Feminino,Indígena,0.3466645471831584
CAND_01757,3.9,70.0,Bacharelado,Capitais,Presencial,Masculino,Preta,0.5342335908856564
CAND_01758,5.3,62.0,Bacharelado,Capitais,Presencial,Não-binário,Amarela,0.4022539394382513
CAND_01759,8.6,66.0,Bacharelado,Capitais,Remoto,Não-binário,Parda,0.3860802317661979
CAND_01760,7.5,48.0,Ensino Médio,Capitais,Presencial,Não-binário,Indígena,0.5661380170342056
CAND_01761,7.7,42.0,Bacharelado,Capitais,Presencial,Não-binário,Branca,0.38771619016501135
CAND_01762,0.0,55.0,Bacharelado,Capitais,Remoto,Feminino,Branca,0.4605993915846147
CAND_01763,8.6,42.0,Ensino Médio,Capitais,Híbrido,Masculino,Preta,0.4899304755424611
CAND_01764,7.3,72.0,Bacharelado,Capitais,Remoto,Feminino,Indígena,0.6109601637880395
CAND_01765,6.9,56.0,Bacharelado,Capitais,Presencial,Feminino,Parda,0.5867573926864074
CAND_01766,6.1,60.0,Ensino Médio,Região Metropolitana,Híbrido,Não-binário,Indígena,0.3950540250714044
CAND_01767,6.3,49.0,Bacharelado,Capitais,Híbrido,Não-binário,Amarela,0.3966127625062528
CAND_01768,6.2,59.0,Bacharelado,Capitais,Remoto,Masculino,Branca,0.29722276966984257
CAND_01769,6.2,9.0,Bacharelado,Capitais,Híbrido,Feminino,Amarela,0.4027830965338808
CAND_01770,4.1,68.0,Mestrado,Capitais,Remoto,Feminino,Branca,0.7034200754073451
CAND_01771,8.2,11.0,Bacharelado,Capitais,Híbrido,Feminino,Indígena,0.4354061610328983
CAND_01772,5.2,38.0,Mestrado,Interior,Presencial,Feminino,Parda,0.42611123172565635
CAND_01773,3.6,51.0,Bacharelado,Capitais,Remoto,Não-binário,Amarela,0.5516747949017091
CAND_01774,5.2,58.0,Bacharelado,Capitais,Híbrido,Feminino,Amarela,0.6279757189309333
CAND_01775,3.5,76.0,Doutorado,Capitais,Remoto,Masculino,Amarela,0.48838937417145123
CAND_01776,6.0,49.0,Bacharelado,Capitais,Híbrido,Feminino,Amarela,0.4295106621972447
CAND_01777,6.3,60.0,Bacharelado,Região Metropolitana,Remoto,Masculino,Amarela,0.34473698330018077
CAND_01778,2.8,37.0,Bacharelado,Capitais,Presencial,Não-binário,Branca,0.2228152481872016
CAND_01779,6.5,69.0,Bacharelado,Capitais,Remoto,Não-binário,Branca,0.6780120824749922
CAND_01780,0.0,48.0,Ensino Médio,Região Metropolitana,Presencial,Não-binário,Indígena,0.34523251508532193
CAND_01781,7.6,40.0,Doutorado,Capitais,Presencial,Não-binário,Indígena,0.5366768373949483
CAND_01782,6.7,53.0,Bacharelado,Capitais,Presencial,Não-binário,Branca,0.43714039922522463
CAND_01783,3.9,51.0,Mestrado,Região Metropolitana,Remoto,Não-binário,Amarela,0.3701766119174105
CAND_01784,1.8,65.0,Bacharelado,Capitais,Remoto,Não-binário,Amarela,0.5004489625549148
CAND_01785,4.5,82.0,Bacharelado,Capitais,Híbrido,Masculino,Parda,0.5981687983526223
CAND_01786,3.3,41.0,Mestrado,Capitais,Híbrido,Masculino,Indígena,0.5417092687759996
CAND_01787,6.4,14.0,Bacharelado,Região Metropolitana,Remoto,Masculino,Preta,0.38420786905002946
CAND_01788,11.5,75.0,Bacharelado,Capitais,Remoto,Feminino,Parda,0.7421125472005743
CAND_01789,6.3,65.0,Bacharelado,Capitais,Remoto,Não-binário,Preta,0.5022329611119722
CAND_01790,5.2,60.0,Bacharelado,Região Metropolitana,Remoto,Masculino,Indígena,0.44405398422895803
CAND_01791,8.3,53.0,Doutorado,Capitais,Presencial,Feminino,Preta,0.6194593600625001
CAND_01792,5.4,65.0,Ensino Médio,Região Metropolitana,Remoto,Masculino,Indígena,0.3553736996743238
CAND_01793,4.0,39.0,Bacharelado,Região Metropolitana,Remoto,Não-binário,Branca,0.33870680366374534
CAND_01794,1.4,62.0,Bacharelado,Região Metropolitana,Híbrido,Feminino,Branca,0.44562378403953024
CAND_01795,1.5,41.0,Bacharelado,Capitais,Remoto,Feminino,Branca,0.3562627129508401
CAND_01796,4.1,81.0,Bacharelado,Capitais,Presencial,Masculino,Indígena,0.6316945298498005
CAND_01797,1.7,42.0,Bacharelado,Capitais,Presencial,Masculino,Preta,0.38301767985392987
CAND_01798,6.8,30.0,Mestrado,Capitais,Híbrido,Não-binário,Indígena,0.49248125301848267
CAND_01799,5.3,61.0,Bacharelado,Capitais,Híbrido,Não-binário,Parda,0.40267571323774226
CAND_01800,3.0,63.0,Mestrado,Capitais,Híbrido,Feminino,Indígena,0.8421736453652275
CAND_01801,8.9,54.0,Bacharelado,Interior,Presencial,Masculino,Preta,0.5133539732518705
CAND_01802,6.1,42.0,Bacharelado,Região Metropolitana,Remoto,Feminino,Indígena,0.6296359526335567
CAND_01803,7.2,37.0,Ensino Médio,Região Metropolitana,Presencial,Masculino,Preta,0.23245465065197546
CAND_01804,6.6,79.0,Bacharelado,Região Metropolitana,Híbrido,Feminino,Parda,0.6569813545728411
CAND_01805,3.4,47.0,Bacharelado,Capitais,Presencial,Não-binário,Preta,0.4006479172283873
CAND_01806,4.6,32.0,Bacharelado,Capitais,Presencial,Não-binário,Indígena,0.31689059236642336
CAND_01807,10.4,33.0,Bacharelado,Capitais,Presencial,Masculino,Branca,0.523832997857808
CAND_01808,0.3,57.0,Bacharelado,Capitais,Remoto,Feminino,Parda,0.3108682554294415
CAND_01809,7.4,56.0,Ensino Médio,Região Metropolitana,Remoto,Masculino,Parda,0.6614819953176028
CAND_01810,2.5,32.0,Bacharelado,Capitais,Híbrido,Não-binário,Amarela,0.4550523170112414
CAND_01811,5.6,40.0,Bacharelado,Capitais,Híbrido,Não-binário,Branca,0.43039830030592807
CAND_01812,7.0,58.0,Ensino Médio,Capitais,Híbrido,Feminino,Branca,0.3959133658792213
CAND_01813,4.7,65.0,Bacharelado,Capitais,Presencial,Não-binário,Indígena,0.5846253224261969
CAND_01814,6.4,62.0,Mestrado,Interior,Remoto,Masculino,Branca,0.4046051513424144
CAND_01815,0.0,47.0,Mestrado,Região Metropolitana,Remoto,Masculino,Preta,0.23148631127794705
CAND_01816,5.1,52.0,Bacharelado,Capitais,Remoto,Não-binário,Indígena,0.36261618551193087
CAND_01817,7.0,54.0,Ensino Médio,Interior,Remoto,Não-binário,Branca,0.20216377567564142
CAND_01818,1.4,47.0,Bacharelado,Interior,Presencial,Masculino,Parda,0.1184311251945172
CAND_01819,3.8,58.0,Mestrado,Região Metropolitana,Remoto,Feminino,Indígena,0.6065910033456361
CAND_01820,6.9,53.0,Bacharelado,Interior,Remoto,Masculino,Branca,0.44134282264342894
CAND_01821,5.3,69.0,Mestrado,Capitais,Remoto,Masculino,Branca,0.5948966123337153
CAND_01822,8.5,48.0,Bacharelado,Capitais,Híbrido,Masculino,Preta,0.47009054790316546
CAND_01823,2.7,33.0,Mestrado,Região Metropolitana,Remoto,Masculino,Amarela,0.3606540058832652
CAND_01824,5.7,40.0,Bacharelado,Capitais,Presencial,Não-binário,Preta,0.3059422394793607
CAND_01825,4.1,53.0,Bacharelado,Capitais,Híbrido,Masculino,Amarela,0.4221817402066881
CAND_01826,7.9,32.0,Mestrado,Capitais,Remoto,Feminino,Parda,0.4098286248742713
CAND_01827,3.7,51.0,Bacharelado,Região Metropolitana,Híbrido,Não-binário,Parda,0.40458053093417146
CAND_01828,4.4,57.0,Bacharelado,Capitais,Híbrido,Masculino,Preta,0.3197653211601963
CAND_01829,6.6,50.0,Mestrado,Interior,Híbrido,Feminino,Indígena,0.5382033205982891
CAND_01830,1.2,31.0,Bacharelado,Região Metropolitana,Presencial,Masculino,Parda,0.27737943321851305
CAND_01831,8.5,46.0,Bacharelado,Capitais,Híbrido,Não-binário,Preta,0.4342051007784798
CAND_01832,0.0,63.0,Doutorado,Região Metropolitana,Remoto,Feminino,Indígena,0.6364324179642281
CAND_01833,1.8,43.0,Bacharelado,Região Metropolitana,Presencial,Não-binário,Parda,0.24949997858849554
CAND_01834,4.2,55.0,Bacharelado,Região Metropolitana,Presencial,Não-binário,Indígena,0.4186987940408122
CAND_01835,0.0,41.0,Ensino Médio,Região Metropolitana,Híbrido,Masculino,Preta,0.24729728240340287
CAND_01836,1.6,45.0,Mestrado,Capitais,Remoto,Feminino,Branca,0.4847899137702364
CAND_01837,7.5,55.0,Mestrado,Capitais,Remoto,Não-binário,Branca,0.6664327372525383
CAND_01838,2.7,38.0,Bacharelado,Capitais,Remoto,Não-binário,Amarela,0.13723157740843825
CAND_01839,2.1,73.0,Ensino Médio,Região Metropolitana,Remoto,Feminino,Indígena,0.597411531437706
CAND_01840,5.1,58.0,Mestrado,Capitais,Presencial,Feminino,Branca,0.6563984305148934
CAND_01841,6.4,41.0,Bacharelado,Região Metropolitana,Presencial,Não-binário,Amarela,0.34885054596209397
CAND_01842,3.2,38.0,Bacharelado,Interior,Remoto,Feminino,Parda,0.5293147643828385
CAND_01843,6.3,65.0,Ensino Médio,Região Metropolitana,Presencial,Não-binário,Branca,0.5435107424454518
CAND_01844,7.9,84.0,Bacharelado,Capitais,Remoto,Masculino,Amarela,0.7003211749168994
CAND_01845,2.7,44.0,Bacharelado,Capitais,Híbrido,Feminino,Preta,0.3242961075838146
CAND_01846,8.3,6.0,Bacharelado,Interior,Presencial,Não-binário,Amarela,0.3626084264334299
CAND_01847,7.8,47.0,Bacharelado,Capitais,Híbrido,Não-binário,Parda,0.5187797854750147
CAND_01848,9.1,65.0,Bacharelado,Capitais,Remoto,Feminino,Indígena,0.45222182906415653
CAND_01849,4.2,40.0,Mestrado,Região Metropolitana,Híbrido,Não-binário,Indígena,0.33412690865450984
CAND_01850,7.2,57.0,Mestrado,Capitais,Remoto,Feminino,Amarela,0.49517170189451576
CAND_01851,9.5,34.0,Mestrado,Região Metropolitana,Presencial,Não-binário,Branca,0.43791920295508946
CAND_01852,4.1,67.0,Bacharelado,Capitais,Híbrido,Não-binário,Parda,0.5647798030780052
CAND_01853,9.9,46.0,Bacharelado,Capitais,Presencial,Masculino,Amarela,0.49046593117998766
CAND_01854,5.4,57.0,Mestrado,Interior,Presencial,Feminino,Parda,0.8120238954055415
CAND_01855,4.7,63.0,Mestrado,Capitais,Remoto,Feminino,Parda,0.6648849944026272
CAND_01856,1.1,59.0,Bacharelado,Região Metropolitana,Remoto,Feminino,Amarela,0.28520031361738296
CAND_01857,7.1,67.0,Bacharelado,Interior,Híbrido,Feminino,Amarela,0.5364658778328779
CAND_01858,10.6,52.0,Mestrado,Capitais,Presencial,Feminino,Amarela,0.6112969689466173
CAND_01859,0.8,40.0,Mestrado,Capitais,Presencial,Feminino,Indígena,0.2695199836130096
CAND_01860,6.5,49.0,Bacharelado,Capitais,Presencial,Masculino,Parda,0.3748085671298518
CAND_01861,7.6,16.0,Bacharelado,Capitais,Presencial,Masculino,Indígena,0.28364135266962726
CAND_01862,3.1,68.0,Mestrado,Capitais,Remoto,Feminino,Preta,0.5405789194157405
CAND_01863,4.7,55.0,Ensino Médio,Região Metropolitana,Remoto,Feminino,Preta,0.5687697248119518
CAND_01864,6.4,72.0,Bacharelado,Capitais,Presencial,Masculino,Branca,0.5609278063867369
CAND_01865,0.3,49.0,Bacharelado,Interior,Presencial,Feminino,Indígena,0.38307058170670477
CAND_01866,5.0,67.0,Mestrado,Região Metropolitana,Remoto,Não-binário,Indígena,0.6051172625096107
CAND_01867,1.2,49.0,Bacharelado,Capitais,Remoto,Feminino,Amarela,0.44493643209007644
CAND_01868,8.1,54.0,Mestrado,Capitais,Remoto,Masculino,Amarela,0.550836913434629
CAND_01869,7.1,48.0,Bacharelado,Interior,Híbrido,Feminino,Amarela,0.5855787922099269
CAND_01870,3.4,51.0,Mestrado,Região Metropolitana,Híbrido,Não-binário,Amarela,0.4714228029426945
CAND_01871,5.5,41.0,Bacharelado,Capitais,Remoto,Feminino,Indígena,0.43957403414259777
CAND_01872,0.0,84.0,Bacharelado,Região Metropolitana,Híbrido,Masculino,Parda,0.3021899938857896
CAND_01873,6.8,57.0,Bacharelado,Região Metropolitana,Remoto,Masculino,Indígena,0.5492839336834132
CAND_01874,6.7,84.0,Mestrado,Capitais,Presencial,Masculino,Preta,0.6130403790524339
CAND_01875,3.7,55.0,Ensino Médio,Região Metropolitana,Híbrido,Feminino,Branca,0.42963419797541275
CAND_01876,10.3,48.0,Bacharelado,Capitais,Presencial,Não-binário,Preta,0.43195313255997947
CAND_01877,6.2,54.0,Mestrado,Capitais,Remoto,Feminino,Branca,0.5676318522995605
CAND_01878,5.8,58.0,Bacharelado,Capitais,Híbrido,Masculino,Parda,0.30602472722086743
CAND_01879,9.1,75.0,Bacharelado,Capitais,Híbrido,Não-binário,Parda,0.7252008039471911
CAND_01880,8.1,39.0,Bacharelado,Capitais,Presencial,Masculino,Branca,0.34641141479906795
CAND_01881,4.0,84.0,Bacharelado,Capitais,Híbrido,Feminino,Preta,0.6506106520855
CAND_01882,6.5,30.0,Bacharelado,Capitais,Remoto,Masculino,Amarela,0.298914059642749
CAND_01883,8.9,26.0,Bacharelado,Região Metropolitana,Remoto,Feminino,Indígena,0.47082481569415335
CAND_01884,7.9,62.0,Mestrado,Região Metropolitana,Remoto,Masculino,Preta,0.5469491942241865
CAND_01885,6.1,47.0,Mestrado,Capitais,Presencial,Não-binário,Branca,0.4365783023261144
CAND_01886,4.2,43.0,Bacharelado,Interior,Remoto,Masculino,Preta,0.4667583992032483
CAND_01887,5.9,38.0,Bacharelado,Interior,Híbrido,Feminino,Amarela,0.3601047891815359
CAND_01888,3.4,61.0,Bacharelado,Capitais,Presencial,Masculino,Amarela,0.5323972226777892
CAND_01889,4.8,38.0,Mestrado,Região Metropolitana,Presencial,Masculino,Branca,0.3991198723832724
CAND_01890,3.8,50.0,Bacharelado,Capitais,Híbrido,Feminino,Indígena,0.4774138144733048
CAND_01891,3.8,46.0,Mestrado,Região Metropolitana,Remoto,Masculino,Branca,0.519146628974133
CAND_01892,4.5,32.0,Bacharelado,Capitais,Remoto,Masculino,Indígena,0.3043674561035361
CAND_01893,9.0,62.0,Bacharelado,Região Metropolitana,Presencial,Masculino,Amarela,0.5861741802490646
CAND_01894,3.1,13.0,Mestrado,Capitais,Híbrido,Masculino,Branca,0.2971367274374232
CAND_01895,7.5,47.0,Bacharelado,Capitais,Híbrido,Feminino,Amarela,0.4829311853917696
CAND_01896,4.7,80.0,Bacharelado,Capitais,Híbrido,Masculino,Preta,0.6272348495039596
CAND_01897,10.4,46.0,Bacharelado,Capitais,Híbrido,Não-binário,Parda,0.4002331097517833
CAND_01898,10.0,68.0,Mestrado,Região Metropolitana,Remoto,Masculino,Branca,0.786215853650658
CAND_01899,4.2,25.0,Ensino Médio,Região Metropolitana,Híbrido,Feminino,Preta,0.11149507176458792
CAND_01900,1.1,50.0,Bacharelado,Capitais,Presencial,Feminino,Amarela,0.3153752002472624
CAND_01901,2.5,37.0,Bacharelado,Capitais,Remoto,Masculino,Branca,0.3458826250058312
CAND_01902,11.2,24.0,Ensino Médio,Região Metropolitana,Híbrido,Feminino,Amarela,0.3792799507631189
CAND_01903,5.8,63.0,Bacharelado,Região Metropolitana,Híbrido,Não-binário,Indígena,0.6537703991794493
CAND_01904,11.4,47.0,Mestrado,Capitais,Remoto,Não-binário,Branca,0.6627101277116382
CAND_01905,10.4,52.0,Bacharelado,Região Metropolitana,Presencial,Feminino,Indígena,0.5183323118636041
CAND_01906,9.9,27.0,Mestrado,Capitais,Híbrido,Masculino,Parda,0.5147173986442091
CAND_01907,3.6,39.0,Bacharelado,Região Metropolitana,Remoto,Não-binário,Parda,0.49488936910173076
CAND_01908,8.7,60.0,Mestrado,Capitais,Presencial,Feminino,Amarela,0.7307849149576643
CAND_01909,7.1,31.0,Bacharelado,Capitais,Híbrido,Não-binário,Indígena,0.5398995542299208
CAND_01910,9.3,29.0,Bacharelado,Capitais,Remoto,Feminino,Amarela,0.4782415819020044
CAND_01911,2.5,75.0,Bacharelado,Capitais,Presencial,Feminino,Preta,0.5379412661648744
CAND_01912,5.2,23.0,Bacharelado,Região Metropolitana,Presencial,Feminino,Amarela,0.33012964889584095
CAND_01913,7.9,51.0,Bacharelado,Região Metropolitana,Híbrido,Masculino,Indígena,0.5727630772060486
CAND_01914,10.1,72.0,Bacharelado,Região Metropolitana,Presencial,Masculino,Parda,0.7198568439255277
CAND_01915,0.1,46.0,Bacharelado,Capitais,Híbrido,Masculino,Indígena,0.43354655019925925
CAND_01916,11.7,34.0,Bacharelado,Capitais,Presencial,Não-binário,Preta,0.627342535882164
CAND_01917,4.5,35.0,Bacharelado,Região Metropolitana,Remoto,Masculino,Indígena,0.40201418539587114
CAND_01918,0.8,66.0,Bacharelado,Capitais,Híbrido,Feminino,Parda,0.4328369359786242
CAND_01919,0.9,57.0,Mestrado,Região Metropolitana,Remoto,Feminino,Branca,0.4080945021901819
CAND_01920,0.0,44.0,Ensino Médio,Capitais,Remoto,Masculino,Indígena,0.1735977551199453
CAND_01921,1.7,67.0,Ensino Médio,Região Metropolitana,Híbrido,Feminino,Preta,0.41495749667732823
CAND_01922,3.8,45.0,Bacharelado,Interior,Híbrido,Masculino,Preta,0.4011270682457775
CAND_01923,8.9,46.0,Mestrado,Capitais,Remoto,Feminino,Amarela,0.5540231952088794
CAND_01924,8.5,48.0,Bacharelado,Região Metropolitana,Presencial,Masculino,Parda,0.6229991240798508
CAND_01925,6.9,56.0,Bacharelado,Região Metropolitana,Remoto,Feminino,Preta,0.5480734554918221
CAND_01926,7.7,25.0,Bacharelado,Interior,Remoto,Feminino,Indígena,0.41675249676098325
CAND_01927,8.3,78.0,Bacharelado,Capitais,Híbrido,Feminino,Parda,0.6490591528682762
CAND_01928,8.7,53.0,Mestrado,Capitais,Presencial,Masculino,Amarela,0.6339421003523763
CAND_01929,7.8,55.0,Bacharelado,Capitais,Híbrido,Masculino,Amarela,0.48769256837619623
CAND_01930,2.0,45.0,Bacharelado,Região Metropolitana,Remoto,Não-binário,Parda,0.4060345262473347
CAND_01931,5.6,76.0,Mestrado,Capitais,Híbrido,Feminino,Indígena,0.6978493479752339
CAND_01932,8.4,62.0,Bacharelado,Capitais,Presencial,Feminino,Indígena,0.49995216200608467
CAND_01933,0.0,60.0,Bacharelado,Capitais,Remoto,Feminino,Amarela,0.1881819398704165
CAND_01934,6.0,35.0,Bacharelado,Região Metropolitana,Híbrido,Masculino,Indígena,0.23189086978893214
CAND_01935,4.2,59.0,Ensino Médio,Capitais,Presencial,Masculino,Indígena,0.2813923668357872
CAND_01936,1.9,30.0,Bacharelado,Capitais,Presencial,Não-binário,Branca,0.2050931864700215
CAND_01937,5.6,60.0,Bacharelado,Interior,Presencial,Feminino,Amarela,0.3821888736267196
CAND_01938,4.8,51.0,Bacharelado,Capitais,Híbrido,Não-binário,Amarela,0.25142513760610713
CAND_01939,2.5,49.0,Doutorado,Região Metropolitana,Remoto,Feminino,Amarela,0.6237436526842252
CAND_01940,5.6,29.0,Mestrado,Região Metropolitana,Híbrido,Feminino,Amarela,0.2670499503744749
CAND_01941,3.2,41.0,Ensino Médio,Capitais,Híbrido,Masculino,Amarela,0.4678128896916711
CAND_01942,6.5,43.0,Bacharelado,Interior,Presencial,Não-binário,Branca,0.5655689368214731
CAND_01943,8.4,70.0,Mestrado,Região Metropolitana,Remoto,Feminino,Parda,0.6686352961856772
CAND_01944,5.4,59.0,Bacharelado,Região Metropolitana,Remoto,Masculino,Parda,0.5175365729767872
CAND_01945,9.1,31.0,Bacharelado,Região Metropolitana,Remoto,Masculino,Preta,0.43989315428850573
CAND_01946,7.7,65.0,Mestrado,Capitais,Presencial,Feminino,Preta,0.6535874564352433
CAND_01947,4.8,50.0,Mestrado,Capitais,Remoto,Feminino,Amarela,0.6030121482176551
CAND_01948,7.0,48.0,Mestrado,Capitais,Presencial,Não-binário,Branca,0.595064047103124
CAND_01949,1.5,39.0,Bacharelado,Região Metropolitana,Híbrido,Masculino,Preta,0.36436181286123565
CAND_01950,6.8,50.0,Bacharelado,Capitais,Híbrido,Masculino,Preta,0.4664775727117002
CAND_01951,6.9,46.0,Bacharelado,Capitais,Híbrido,Feminino,Amarela,0.2746512043241487
CAND_01952,9.5,68.0,Ensino Médio,Capitais,Remoto,Não-binário,Parda,0.5608115831395872
CAND_01953,7.5,39.0,Bacharelado,Capitais,Híbrido,Não-binário,Parda,0.35552960573286035
CAND_01954,4.1,49.0,Doutorado,Região Metropolitana,Presencial,Não-binário,Parda,0.5087924147416777
CAND_01955,3.9,39.0,Bacharelado,Interior,Híbrido,Não-binário,Branca,0.33147786707526344
CAND_01956,5.6,38.0,Bacharelado,Interior,Híbrido,Não-binário,Preta,0.5405040857503514
CAND_01957,1.1,29.0,Bacharelado,Interior,Presencial,Feminino,Branca,0.44178263813199287
CAND_01958,7.4,33.0,Bacharelado,Capitais,Remoto,Feminino,Indígena,0.49572906278552487
CAND_01959,5.2,62.0,Bacharelado,Capitais,Presencial,Masculino,Amarela,0.5179182555790042
CAND_01960,3.0,41.0,Mestrado,Capitais,Presencial,Feminino,Indígena,0.27717762389676914
CAND_01961,6.6,60.0,Bacharelado,Região Metropolitana,Híbrido,Feminino,Preta,0.5095904498532706
CAND_01962,3.4,73.0,Mestrado,Região Metropolitana,Híbrido,Não-binário,Amarela,0.6079948333162841
CAND_01963,2.9,69.0,Bacharelado,Região Metropolitana,Remoto,Masculino,Parda,0.5966869340218522
CAND_01964,0.5,41.0,Bacharelado,Capitais,Híbrido,Não-binário,Indígena,0.45407712484993407
CAND_01965,2.0,23.0,Bacharelado,Região Metropolitana,Híbrido,Não-binário,Branca,0.33708317649957686
CAND_01966,7.5,47.0,Bacharelado,Interior,Híbrido,Feminino,Preta,0.5337375442306618
CAND_01967,6.9,35.0,Bacharelado,Capitais,Remoto,Não-binário,Branca,0.43921935961298836
CAND_01968,3.6,42.0,Mestrado,Região Metropolitana,Remoto,Feminino,Parda,0.3595607791091184
CAND_01969,6.9,80.0,Bacharelado,Região Metropolitana,Híbrido,Não-binário,Parda,0.4812885129208798
CAND_01970,5.3,22.0,Bacharelado,Capitais,Híbrido,Feminino,Preta,0.3689679607797279
CAND_01971,7.7,51.0,Bacharelado,Capitais,Presencial,Masculino,Parda,0.5178175697499724
CAND_01972,5.5,46.0,Mestrado,Região Metropolitana,Híbrido,Feminino,Preta,0.5906151623318219
CAND_01973,2.9,57.0,Bacharelado,Região Metropolitana,Híbrido,Masculino,Preta,0.45555642743247576
CAND_01974,5.3,21.0,Mestrado,Capitais,Híbrido,Masculino,Preta,0.6007465546808053
CAND_01975,2.1,42.0,Mestrado,Capitais,Híbrido,Não-binário,Preta,0.3661135572120888
CAND_01976,11.5,43.0,Mestrado,Capitais,Presencial,Masculino,Preta,0.8171389091743145
CAND_01977,6.6,64.0,Bacharelado,Capitais,Presencial,Masculino,Branca,0.5382922452253269
CAND_01978,5.1,53.0,Mestrado,Capitais,Híbrido,Masculino,Branca,0.671399447206404
CAND_01979,4.7,44.0,Bacharelado,Capitais,Híbrido,Não-binário,Amarela,0.28827254517732337
CAND_01980,0.0,28.0,Mestrado,Capitais,Presencial,Não-binário,Indígena,0.2710000130693584
CAND_01981,3.9,84.0,Bacharelado,Interior,Presencial,Feminino,Amarela,0.6196908446496626
CAND_01982,3.2,43.0,Mestrado,Capitais,Híbrido,Masculino,Parda,0.4984071932515578
CAND_01983,3.8,36.0,Mestrado,Capitais,Presencial,Masculino,Indígena,0.49249837640822425
CAND_01984,4.3,44.0,Ensino Médio,Região Metropolitana,Híbrido,Masculino,Branca,0.38000764015460825
CAND_01985,5.6,50.0,Bacharelado,Região Metropolitana,Presencial,Feminino,Amarela,0.36527100926988465
CAND_01986,4.7,52.0,Bacharelado,Interior,Remoto,Masculino,Branca,0.3564760594041676
CAND_01987,6.1,36.0,Ensino Médio,Capitais,Remoto,Feminino,Indígena,0.37765451374292736
CAND_01988,11.7,32.0,Mestrado,Interior,Presencial,Feminino,Indígena,0.505735689073284
CAND_01989,4.1,32.0,Bacharelado,Capitais,Híbrido,Feminino,Preta,0.3991578521296637
CAND_01990,3.9,28.0,Bacharelado,Capitais,Híbrido,Masculino,Branca,0.20528668440305092
CAND_01991,0.0,47.0,Bacharelado,Capitais,Presencial,Masculino,Branca,0.27225727931305455
CAND_01992,1.4,44.0,Mestrado,Capitais,Remoto,Não-binário,Indígena,0.6108167881368399
CAND_01993,5.5,44.0,Mestrado,Interior,Remoto,Não-binário,Indígena,0.5762208099645454
CAND_01994,3.5,60.0,Bacharelado,Região Metropolitana,Híbrido,Masculino,Branca,0.4944649324697754
CAND_01995,4.2,46.0,Bacharelado,Capitais,Híbrido,Feminino,Parda,0.5382101178964965
CAND_01996,3.1,10.0,Ensino Médio,Capitais,Presencial,Masculino,Amarela,0.29798031141764
CAND_01997,0.0,41.0,Bacharelado,Interior,Híbrido,Masculino,Preta,0.5337979987310659
CAND_01998,8.2,55.0,Bacharelado,Capitais,Remoto,Não-binário,Amarela,0.563595639932967
CAND_01999,5.6,51.0,Mestrado,Capitais,Presencial,Feminino,Indígena,0.36402457676040945
CAND_02000,5.4,47.0,Bacharelado,Capitais,Híbrido,Masculino,Amarela,0.48722783991017415
CAND_02001,4.3,46.0,Mestrado,Região Metropolitana,Remoto,Feminino,Branca,0.5016054527760707
CAND_02002,3.5,64.0,Mestrado,Região Metropolitana,Híbrido,Masculino,Branca,0.5561608928754985
CAND_02003,7.3,52.0,Bacharelado,Capitais,Presencial,Feminino,Indígena,0.5057200393228146
CAND_02004,0.3,45.0,Bacharelado,Capitais,Presencial,Não-binário,Indígena,0.41190333895001224
CAND_02005,1.4,60.0,Mestrado,Interior,Presencial,Masculino,Preta,0.6216440406770545
CAND_02006,6.5,28.0,Bacharelado,Capitais,Presencial,Não-binário,Branca,0.42609021571810746
CAND_02007,9.1,46.0,Ensino Médio,Capitais,Remoto,Feminino,Branca,0.5957609244834936
CAND_02008,5.8,50.0,Mestrado,Interior,Híbrido,Masculino,Preta,0.6375127298649181
CAND_02009,4.8,50.0,Doutorado,Capitais,Presencial,Feminino,Amarela,0.47948971374028143
CAND_02010,7.6,48.0,Ensino Médio,Capitais,Híbrido,Masculino,Indígena,0.3546043606608364
CAND_02011,0.0,42.0,Bacharelado,Capitais,Remoto,Feminino,Parda,0.2970381166307416
CAND_02012,2.4,41.0,Bacharelado,Capitais,Híbrido,Masculino,Indígena,0.33495184169497005
CAND_02013,5.9,16.0,Bacharelado,Região Metropolitana,Híbrido,Masculino,Indígena,0.39600374024829554
CAND_02014,2.0,38.0,Doutorado,Capitais,Híbrido,Feminino,Parda,0.4812898003717455
CAND_02015,6.7,39.0,Bacharelado,Capitais,Presencial,Masculino,Parda,0.27129052253565317
CAND_02016,3.5,68.0,Mestrado,Região Metropolitana,Híbrido,Feminino,Preta,0.5096440309829944
CAND_02017,7.1,61.0,Bacharelado,Região Metropolitana,Remoto,Feminino,Parda,0.26321585692983807
CAND_02018,2.8,51.0,Mestrado,Capitais,Híbrido,Não-binário,Parda,0.27251895935091375
CAND_02019,6.0,29.0,Bacharelado,Interior,Híbrido,Feminino,Amarela,0.16726083292776744
CAND_02020,1.4,49.0,Mestrado,Capitais,Híbrido,Feminino,Amarela,0.40818611847426944
CAND_02021,5.4,42.0,Bacharelado,Capitais,Presencial,Feminino,Preta,0.35526744875777855
CAND_02022,10.8,38.0,Mestrado,Capitais,Híbrido,Feminino,Indígena,0.5024851386121086
CAND_02023,2.5,15.0,Bacharelado,Região Metropolitana,Presencial,Não-binário,Amarela,0.3540679761966693
CAND_02024,4.3,49.0,Bacharelado,Região Metropolitana,Remoto,Masculino,Amarela,0.3982125402393603
CAND_02025,2.1,38.0,Bacharelado,Interior,Remoto,Masculino,Preta,0.12417487968308377
CAND_02026,4.3,57.0,Bacharelado,Capitais,Remoto,Não-binário,Amarela,0.40436090248547063
CAND_02027,0.4,69.0,Bacharelado,Capitais,Presencial,Masculino,Branca,0.6115811938853889
CAND_02028,0.7,81.0,Mestrado,Capitais,Presencial,Masculino,Amarela,0.4700824034219694
CAND_02029,5.1,43.0,Ensino Médio,Região Metropolitana,Remoto,Feminino,Indígena,0.4527464265744049
CAND_02030,2.0,43.0,Bacharelado,Região Metropolitana,Híbrido,Masculino,Parda,0.353795254264541
CAND_02031,5.3,65.0,Bacharelado,Região Metropolitana,Presencial,Não-binário,Preta,0.4873808124324008
CAND_02032,7.2,33.0,Bacharelado,Capitais,Remoto,Não-binário,Preta,0.6336048107055514
CAND_02033,4.2,65.0,Mestrado,Região Metropolitana,Híbrido,Masculino,Preta,0.5599668182298121
CAND_02034,3.8,48.0,Mestrado,Região Metropolitana,Presencial,Não-binário,Indígena,0.40609371252267595
CAND_02035,3.0,40.0,Bacharelado,Região Metropolitana,Remoto,Não-binário,Branca,0.2604415439602502
CAND_02036,9.0,51.0,Bacharelado,Capitais,Presencial,Feminino,Preta,0.3937616534886931
CAND_02037,8.0,42.0,Mestrado,Região Metropolitana,Híbrido,Feminino,Preta,0.6243474915201608
CAND_02038,3.3,66.0,Bacharelado,Região Metropolitana,Remoto,Feminino,Parda,0.5492030052785665
CAND_02039,4.4,68.0,Ensino Médio,Capitais,Híbrido,Masculino,Amarela,0.4967238029876097
CAND_02040,2.1,40.0,Ensino Médio,Capitais,Presencial,Feminino,Amarela,0.2824595297255063
CAND_02041,6.6,46.0,Bacharelado,Capitais,Presencial,Feminino,Preta,0.4165846321013652
CAND_02042,2.7,42.0,Mestrado,Região Metropolitana,Remoto,Feminino,Parda,0.4105108418010735
CAND_02043,7.8,51.0,Bacharelado,Região Metropolitana,Híbrido,Feminino,Branca,0.46812377312907305
CAND_02044,0.5,65.0,Bacharelado,Capitais,Presencial,Masculino,Branca,0.49921938470473454
CAND_02045,4.2,38.0,Mestrado,Região Metropolitana,Remoto,Masculino,Preta,0.41845900893116156
CAND_02046,6.0,40.0,Bacharelado,Região Metropolitana,Presencial,Feminino,Branca,0.4939665080946355
CAND_02047,10.2,53.0,Bacharelado,Interior,Híbrido,Masculino,Preta,0.49225355563712525
CAND_02048,8.5,50.0,Bacharelado,Capitais,Remoto,Feminino,Branca,0.6379583468508145
CAND_02049,8.3,56.0,Bacharelado,Região Metropolitana,Híbrido,Masculino,Branca,0.6602975790889686
CAND_02050,5.1,65.0,Bacharelado,Interior,Remoto,Não-binário,Indígena,0.5046085728544842
CAND_02051,6.3,55.0,Bacharelado,Capitais,Híbrido,Não-binário,Indígena,0.5675315087095021
CAND_02052,0.2,23.0,Mestrado,Capitais,Híbrido,Não-binário,Preta,0.3286390111111477
CAND_02053,6.0,56.0,Mestrado,Capitais,Presencial,Não-binário,Indígena,0.5715329157027803
CAND_02054,5.2,41.0,Mestrado,Capitais,Híbrido,Não-binário,Preta,0.4701338326115226
CAND_02055,7.7,57.0,Ensino Médio,Capitais,Remoto,Feminino,Indígena,0.4421650615568976
CAND_02056,0.0,64.0,Bacharelado,Região Metropolitana,Híbrido,Feminino,Parda,0.523014351254986
CAND_02057,6.2,56.0,Bacharelado,Capitais,Híbrido,Feminino,Branca,0.469882426489285
CAND_02058,0.2,7.0,Bacharelado,Capitais,Híbrido,Masculino,Preta,0.0722761688424562
CAND_02059,10.2,45.0,Bacharelado,Capitais,Presencial,Masculino,Indígena,0.5095586357341654
CAND_02060,7.9,48.0,Mestrado,Capitais,Presencial,Não-binário,Indígena,0.5998781612812017
CAND_02061,2.9,35.0,Bacharelado,Capitais,Remoto,Feminino,Branca,0.2643814658455504
CAND_02062,4.3,62.0,Bacharelado,Capitais,Remoto,Não-binário,Branca,0.34347181625005724
CAND_02063,2.2,54.0,Mestrado,Região Metropolitana,Híbrido,Feminino,Preta,0.5285386198968501
CAND_02064,4.7,56.0,Doutorado,Interior,Híbrido,Não-binário,Amarela,0.5568056318276275
CAND_02065,1.2,57.0,Bacharelado,Capitais,Presencial,Masculino,Indígena,0.3570448858151381
CAND_02066,3.6,36.0,Bacharelado,Região Metropolitana,Presencial,Não-binário,Branca,0.43135918215667574
CAND_02067,4.3,48.0,Bacharelado,Capitais,Remoto,Feminino,Indígena,0.43620836879250346
CAND_02068,4.3,81.0,Mestrado,Capitais,Remoto,Masculino,Preta,0.5559769958177095
CAND_02069,5.6,34.0,Bacharelado,Interior,Presencial,Feminino,Preta,0.353639289000759
CAND_02070,8.0,40.0,Ensino Médio,Capitais,Remoto,Não-binário,Amarela,0.3994965951054766
CAND_02071,8.0,44.0,Mestrado,Região Metropolitana,Remoto,Masculino,Indígena,0.5101582056299337
CAND_02072,8.0,42.0,Bacharelado,Capitais,Remoto,Masculino,Branca,0.311911539863825
CAND_02073,3.7,50.0,Bacharelado,Capitais,Remoto,Não-binário,Branca,0.3830309730609928
CAND_02074,7.2,23.0,Doutorado,Capitais,Híbrido,Feminino,Parda,0.4690114422770339
CAND_02075,2.5,53.0,Bacharelado,Capitais,Remoto,Não-binário,Parda,0.4523657530189708
CAND_02076,6.6,69.0,Bacharelado,Capitais,Remoto,Não-binário,Amarela,0.5724245658457552
CAND_02077,4.7,54.0,Bacharelado,Capitais,Híbrido,Não-binário,Parda,0.2427743664480956
CAND_02078,11.5,67.0,Mestrado,Capitais,Remoto,Masculino,Preta,0.7594439356819277
CAND_02079,1.5,58.0,Ensino Médio,Região Metropolitana,Híbrido,Masculino,Preta,0.6732982912748615
CAND_02080,5.8,39.0,Mestrado,Capitais,Híbrido,Não-binário,Indígena,0.30500412481602646
CAND_02081,6.1,18.0,Bacharelado,Interior,Remoto,Feminino,Branca,0.3987881192543724
CAND_02082,8.3,49.0,Bacharelado,Capitais,Presencial,Feminino,Indígena,0.39927090117539554
CAND_02083,1.9,54.0,Bacharelado,Região Metropolitana,Híbrido,Masculino,Branca,0.4323205041460064
CAND_02084,7.6,51.0,Bacharelado,Região Metropolitana,Presencial,Masculino,Amarela,0.33291986099387116
CAND_02085,6.2,86.0,Mestrado,Região Metropolitana,Híbrido,Masculino,Amarela,0.6133596942073892
CAND_02086,10.8,62.0,Bacharelado,Capitais,Presencial,Não-binário,Indígena,0.6426011000278771
CAND_02087,6.0,29.0,Bacharelado,Capitais,Híbrido,Não-binário,Parda,0.3217790025284391
CAND_02088,10.0,45.0,Mestrado,Interior,Híbrido,Feminino,Indígena,0.4073896155348051
CAND_02089,4.9,58.0,Bacharelado,Capitais,Presencial,Feminino,Indígena,0.4615323852599486
CAND_02090,3.2,69.0,Bacharelado,Região Metropolitana,Presencial,Masculino,Amarela,0.4476724519120594
CAND_02091,5.0,41.0,Bacharelado,Capitais,Presencial,Feminino,Branca,0.6341323993764707
CAND_02092,5.6,37.0,Mestrado,Capitais,Híbrido,Feminino,Preta,0.5884212454318953
CAND_02093,5.0,26.0,Bacharelado,Capitais,Presencial,Feminino,Amarela,0.22372662335739898
CAND_02094,3.8,61.0,Mestrado,Região Metropolitana,Híbrido,Não-binário,Indígena,0.2949492845101621
CAND_02095,5.1,57.0,Mestrado,Região Metropolitana,Híbrido,Masculino,Amarela,0.6515964466863305
CAND_02096,1.9,43.0,Bacharelado,Capitais,Presencial,Não-binário,Parda,0.36729401914766985
CAND_02097,3.9,38.0,Mestrado,Região Metropolitana,Presencial,Masculino,Preta,0.258500159394663
CAND_02098,0.0,46.0,Bacharelado,Capitais,Híbrido,Masculino,Amarela,0.2907500654543964
CAND_02099,6.9,30.0,Bacharelado,Região Metropolitana,Remoto,Masculino,Amarela,0.43340359119105304
CAND_02100,7.1,37.0,Ensino Médio,Capitais,Híbrido,Não-binário,Amarela,0.4260089672149422
CAND_02101,5.3,22.0,Doutorado,Capitais,Híbrido,Feminino,Parda,0.3036036937486474
CAND_02102,7.5,35.0,Bacharelado,Capitais,Presencial,Não-binário,Parda,0.33640275256869184
CAND_02103,5.0,53.0,Ensino Médio,Capitais,Híbrido,Feminino,Indígena,0.36280802349334423
CAND_02104,5.0,76.0,Bacharelado,Região Metropolitana,Presencial,Não-binário,Amarela,0.5983666220868193
CAND_02105,4.9,41.0,Bacharelado,Capitais,Presencial,Feminino,Preta,0.25235293667043535
CAND_02106,5.1,60.0,Doutorado,Capitais,Remoto,Masculino,Preta,0.6677679440965711
CAND_02107,5.4,37.0,Mestrado,Capitais,Presencial,Não-binário,Branca,0.3691088248998723
CAND_02108,2.1,47.0,Bacharelado,Capitais,Híbrido,Feminino,Indígena,0.3591178607103597
CAND_02109,2.9,55.0,Mestrado,Interior,Híbrido,Não-binário,Indígena,0.39203927438544195
CAND_02110,5.3,63.0,Bacharelado,Capitais,Híbrido,Masculino,Preta,0.5126725651035642
CAND_02111,8.0,48.0,Bacharelado,Capitais,Remoto,Masculino,Branca,0.4504932777235312
CAND_02112,6.9,55.0,Bacharelado,Região Metropolitana,Remoto,Não-binário,Preta,0.5033944091141538
CAND_02113,4.1,44.0,Bacharelado,Capitais,Presencial,Feminino,Indígena,0.3518197540909949
CAND_02114,12.5,61.0,Bacharelado,Capitais,Remoto,Masculino,Preta,0.5741702159480405
CAND_02115,7.0,72.0,Bacharelado,Capitais,Presencial,Masculino,Parda,0.6413116475961691
CAND_02116,5.9,61.0,Mestrado,Região Metropolitana,Remoto,Não-binário,Amarela,0.586586765931371
CAND_02117,10.1,45.0,Bacharelado,Interior,Remoto,Não-binário,Amarela,0.51619110683577
CAND_02118,1.5,51.0,Bacharelado,Região Metropolitana,Híbrido,Masculino,Indígena,0.3594732701224229
CAND_02119,3.8,54.0,Bacharelado,Capitais,Remoto,Não-binário,Indígena,0.56331030141617
CAND_02120,3.4,50.0,Bacharelado,Capitais,Remoto,Não-binário,Indígena,0.22799344476303862
CAND_02121,5.0,35.0,Bacharelado,Capitais,Híbrido,Feminino,Preta,0.48579502340334574
CAND_02122,5.0,35.0,Bacharelado,Região Metropolitana,Híbrido,Feminino,Preta,0.3836773606128601
CAND_02123,6.2,39.0,Bacharelado,Região Metropolitana,Presencial,Não-binário,Branca,0.4895388439787344
CAND_02124,6.5,57.0,Mestrado,Capitais,Presencial,Feminino,Preta,0.6769152688556969
CAND_02125,6.5,56.0,Ensino Médio,Capitais,Remoto,Masculino,Parda,0.4003953222397735
CAND_02126,4.2,50.0,Bacharelado,Capitais,Presencial,Masculino,Branca,0.2781685755257792
CAND_02127,6.3,20.0,Ensino Médio,Capitais,Remoto,Masculino,Branca,0.1705857351309129
CAND_02128,3.8,95.0,Mestrado,Capitais,Remoto,Feminino,Parda,0.6290159563454466
CAND_02129,1.2,39.0,Bacharelado,Capitais,Remoto,Masculino,Amarela,0.2370622685688518
CAND_02130,7.9,37.0,Doutorado,Capitais,Presencial,Não-binário,Parda,0.5649507851208707
CAND_02131,3.9,88.0,Bacharelado,Região Metropolitana,Remoto,Não-binário,Indígena,0.8075998560437696
CAND_02132,6.3,67.0,Bacharelado,Capitais,Presencial,Não-binário,Indígena,0.6280939251243536
CAND_02133,0.0,55.0,Bacharelado,Capitais,Remoto,Não-binário,Indígena,0.3362524494838585
CAND_02134,4.0,14.0,Doutorado,Capitais,Remoto,Não-binário,Preta,0.42105357021026174
CAND_02135,6.0,20.0,Bacharelado,Capitais,Híbrido,Não-binário,Amarela,0.3216058210962104
CAND_02136,2.3,47.0,Bacharelado,Capitais,Presencial,Não-binário,Amarela,0.19300091227209004
CAND_02137,5.1,25.0,Ensino Médio,Região Metropolitana,Remoto,Masculino,Indígena,0.14406219433725642
CAND_02138,7.4,54.0,Bacharelado,Capitais,Híbrido,Feminino,Preta,0.45072440419798737
CAND_02139,8.6,53.0,Bacharelado,Capitais,Presencial,Feminino,Amarela,0.5935208543012802
CAND_02140,6.4,45.0,Mestrado,Capitais,Presencial,Não-binário,Amarela,0.6440870625702558
CAND_02141,0.4,33.0,Bacharelado,Região Metropolitana,Presencial,Não-binário,Preta,0.3177707693320322
CAND_02142,2.5,35.0,Mestrado,Capitais,Remoto,Não-binário,Parda,0.5608529028687144
CAND_02143,1.6,46.0,Bacharelado,Capitais,Remoto,Masculino,Parda,0.3586563188527935
CAND_02144,8.1,63.0,Bacharelado,Região Metropolitana,Híbrido,Não-binário,Amarela,0.41511568083965467
CAND_02145,7.4,56.0,Ensino Médio,Capitais,Presencial,Não-binário,Indígena,0.6112198089205045
CAND_02146,6.3,40.0,Bacharelado,Interior,Híbrido,Feminino,Parda,0.34768965701085425
CAND_02147,3.3,59.0,Ensino Médio,Região Metropolitana,Presencial,Masculino,Amarela,0.3463851110490808
CAND_02148,2.8,39.0,Bacharelado,Capitais,Presencial,Não-binário,Indígena,0.29829554270376435
CAND_02149,2.1,46.0,Bacharelado,Região Metropolitana,Remoto,Não-binário,Indígena,0.16094907238521616
CAND_02150,6.3,36.0,Bacharelado,Região Metropolitana,Presencial,Feminino,Preta,0.42240314726593703
CAND_02151,7.6,52.0,Bacharelado,Capitais,Remoto,Não-binário,Branca,0.45581307756633394
CAND_02152,5.9,61.0,Bacharelado,Região Metropolitana,Remoto,Feminino,Parda,0.47418325877860446
CAND_02153,6.2,63.0,Bacharelado,Capitais,Remoto,Masculino,Branca,0.6034404141905769
CAND_02154,1.3,53.0,Bacharelado,Capitais,Híbrido,Feminino,Branca,0.2553570646335745
CAND_02155,4.9,86.0,Mestrado,Capitais,Híbrido,Masculino,Amarela,0.6856900870218051
CAND_02156,9.9,56.0,Bacharelado,Interior,Híbrido,Masculino,Branca,0.5351039455438985
CAND_02157,0.6,47.0,Bacharelado,Capitais,Remoto,Não-binário,Branca,0.5839386091223504
CAND_02158,5.0,46.0,Bacharelado,Capitais,Híbrido,Masculino,Parda,0.4960890068797629
CAND_02159,6.1,66.0,Bacharelado,Capitais,Remoto,Não-binário,Branca,0.5804022400965868
CAND_02160,1.8,55.0,Doutorado,Capitais,Presencial,Não-binário,Branca,0.4655974569087216
CAND_02161,10.6,43.0,Bacharelado,Capitais,Presencial,Feminino,Indígena,0.5267808271302038
CAND_02162,11.2,42.0,Bacharelado,Capitais,Híbrido,Não-binário,Branca,0.6033148418981037
CAND_02163,3.9,47.0,Mestrado,Capitais,Presencial,Não-binário,Branca,0.2822728388737326
CAND_02164,0.9,44.0,Bacharelado,Capitais,Presencial,Feminino,Preta,0.3639485804560824
CAND_02165,3.2,55.0,Bacharelado,Capitais,Híbrido,Masculino,Branca,0.380771955502608
CAND_02166,4.8,44.0,Bacharelado,Região Metropolitana,Remoto,Não-binário,Branca,0.30006061605300366
CAND_02167,4.8,57.0,Ensino Médio,Região Metropolitana,Híbrido,Masculino,Parda,0.571203664351399
CAND_02168,13.1,69.0,Mestrado,Interior,Remoto,Não-binário,Amarela,0.721308238336518
CAND_02169,2.1,28.0,Bacharelado,Região Metropolitana,Híbrido,Masculino,Amarela,0.2053694990879793
CAND_02170,6.3,44.0,Mestrado,Região Metropolitana,Híbrido,Feminino,Preta,0.42633767522632454
CAND_02171,7.4,31.0,Mestrado,Capitais,Remoto,Masculino,Parda,0.4282166214765828
CAND_02172,10.6,60.0,Mestrado,Capitais,Híbrido,Não-binário,Branca,0.6718693835160575
CAND_02173,4.8,65.0,Mestrado,Capitais,Híbrido,Masculino,Amarela,0.7003393983457193
CAND_02174,7.8,70.0,Mestrado,Capitais,Presencial,Não-binário,Indígena,0.4720358816143193
CAND_02175,9.0,54.0,Mestrado,Capitais,Remoto,Masculino,Indígena,0.5076112163408448
CAND_02176,1.6,54.0,Mestrado,Capitais,Híbrido,Feminino,Amarela,0.49087309481682273
CAND_02177,1.8,60.0,Mestrado,Região Metropolitana,Híbrido,Masculino,Amarela,0.5609743680487274
CAND_02178,4.0,66.0,Mestrado,Região Metropolitana,Híbrido,Não-binário,Parda,0.5513023655867716
CAND_02179,1.4,27.0,Ensino Médio,Região Metropolitana,Híbrido,Masculino,Preta,0.37714878093808474
CAND_02180,8.0,62.0,Mestrado,Capitais,Híbrido,Não-binário,Branca,0.562109175595744
CAND_02181,4.8,30.0,Mestrado,Região Metropolitana,Presencial,Não-binário,Amarela,0.3711585652123576
CAND_02182,6.0,48.0,Bacharelado,Capitais,Híbrido,Feminino,Preta,0.6877644648082412
CAND_02183,10.1,54.0,Bacharelado,Capitais,Remoto,Feminino,Parda,0.7487737853436127
CAND_02184,3.0,65.0,Bacharelado,Interior,Híbrido,Feminino,Preta,0.682218168228217
CAND_02185,5.0,56.0,Ensino Médio,Região Metropolitana,Presencial,Feminino,Branca,0.28575935689912557
CAND_02186,2.0,59.0,Mestrado,Capitais,Híbrido,Masculino,Parda,0.45113826506152604
CAND_02187,5.1,51.0,Ensino Médio,Capitais,Presencial,Não-binário,Amarela,0.43465817715939775
CAND_02188,2.2,39.0,Bacharelado,Capitais,Híbrido,Masculino,Amarela,0.4062181750225871
CAND_02189,6.4,31.0,Mestrado,Capitais,Híbrido,Não-binário,Preta,0.31727885645284426
CAND_02190,4.3,58.0,Doutorado,Região Metropolitana,Remoto,Masculino,Preta,0.4300084150075433
CAND_02191,8.5,39.0,Ensino Médio,Capitais,Híbrido,Não-binário,Preta,0.4265569407175475
CAND_02192,5.2,61.0,Ensino Médio,Capitais,Híbrido,Feminino,Branca,0.37036056906059256
CAND_02193,8.2,52.0,Ensino Médio,Capitais,Remoto,Masculino,Indígena,0.5152779843378339
CAND_02194,3.1,51.0,Bacharelado,Região Metropolitana,Remoto,Masculino,Amarela,0.4557726983438053
CAND_02195,3.5,46.0,Mestrado,Capitais,Presencial,Masculino,Indígena,0.6101172636965815
CAND_02196,4.4,49.0,Bacharelado,Região Metropolitana,Híbrido,Não-binário,Amarela,0.42322957852982984
CAND_02197,4.2,39.0,Bacharelado,Capitais,Presencial,Não-binário,Preta,0.24307419001739716
CAND_02198,4.0,81.0,Bacharelado,Capitais,Presencial,Feminino,Amarela,0.4185863597946343
CAND_02199,5.6,73.0,Bacharelado,Região Metropolitana,Presencial,Não-binário,Parda,0.4116811594213817
CAND_02200,3.7,57.0,Bacharelado,Capitais,Híbrido,Masculino,Parda,0.6081989164175651
CAND_02201,3.9,27.0,Mestrado,Interior,Remoto,Feminino,Indígena,0.3531578178252588
CAND_02202,6.8,56.0,Ensino Médio,Capitais,Híbrido,Masculino,Parda,0.48282012160191606
CAND_02203,0.0,52.0,Mestrado,Interior,Híbrido,Feminino,Amarela,0.33725544171744326
CAND_02204,4.2,58.0,Bacharelado,Capitais,Presencial,Não-binário,Branca,0.5827689364917567
CAND_02205,2.3,70.0,Bacharelado,Região Metropolitana,Presencial,Não-binário,Parda,0.38677248435592537
CAND_02206,3.2,44.0,Bacharelado,Interior,Remoto,Masculino,Indígena,0.2914832355247507
CAND_02207,4.3,43.0,Ensino Médio,Região Metropolitana,Presencial,Não-binário,Parda,0.4224156202959166
CAND_02208,5.2,65.0,Bacharelado,Capitais,Presencial,Feminino,Parda,0.5727147313132003
CAND_02209,3.0,67.0,Bacharelado,Capitais,Presencial,Feminino,Preta,0.40257166384736626
CAND_02210,7.7,53.0,Bacharelado,Capitais,Remoto,Não-binário,Amarela,0.46261781368351546
CAND_02211,8.7,71.0,Bacharelado,Região Metropolitana,Remoto,Feminino,Preta,0.6614251175159461
CAND_02212,6.9,21.0,Mestrado,Região Metropolitana,Presencial,Masculino,Amarela,0.45598029823354563
CAND_02213,0.0,57.0,Bacharelado,Capitais,Remoto,Feminino,Indígena,0.40653169485311036
CAND_02214,4.4,54.0,Bacharelado,Capitais,Presencial,Masculino,Parda,0.378436248591757
CAND_02215,4.4,70.0,Ensino Médio,Interior,Presencial,Masculino,Parda,0.4526591785891354
CAND_02216,4.2,34.0,Mestrado,Capitais,Remoto,Masculino,Indígena,0.41368188086692814
CAND_02217,9.4,67.0,Bacharelado,Região Metropolitana,Híbrido,Feminino,Branca,0.6434612149370922
CAND_02218,2.2,41.0,Bacharelado,Capitais,Remoto,Não-binário,Preta,0.5299848976700787
CAND_02219,4.3,48.0,Mestrado,Capitais,Híbrido,Feminino,Preta,0.5237095911339751
CAND_02220,5.5,38.0,Ensino Médio,Região Metropolitana,Presencial,Não-binário,Branca,0.4320110512765673
CAND_02221,9.9,30.0,Mestrado,Capitais,Remoto,Não-binário,Branca,0.4564641423872174
CAND_02222,0.6,61.0,Bacharelado,Capitais,Remoto,Masculino,Amarela,0.353047706986991
CAND_02223,7.8,43.0,Bacharelado,Capitais,Remoto,Feminino,Branca,0.4130940837196704
CAND_02224,6.5,37.0,Doutorado,Região Metropolitana,Presencial,Não-binário,Preta,0.4011975567216875
CAND_02225,1.7,37.0,Bacharelado,Capitais,Presencial,Masculino,Indígena,0.4248417124905401
CAND_02226,3.2,48.0,Bacharelado,Região Metropolitana,Presencial,Feminino,Branca,0.37103428936508687
CAND_02227,5.2,56.0,Mestrado,Interior,Híbrido,Masculino,Parda,0.6561057555037547
CAND_02228,6.2,73.0,Ensino Médio,Capitais,Presencial,Feminino,Branca,0.5765991751615988
CAND_02229,4.5,21.0,Bacharelado,Região Metropolitana,Remoto,Masculino,Indígena,0.26377392682983125
CAND_02230,1.1,47.0,Mestrado,Região Metropolitana,Híbrido,Não-binário,Indígena,0.460665620550082
CAND_02231,5.9,55.0,Mestrado,Região Metropolitana,Remoto,Feminino,Indígena,0.6084085692538472
CAND_02232,9.8,44.0,Mestrado,Capitais,Remoto,Não-binário,Indígena,0.6718329474973036
CAND_02233,3.8,69.0,Bacharelado,Região Metropolitana,Presencial,Masculino,Preta,0.5827643322628663
CAND_02234,2.5,46.0,Bacharelado,Capitais,Híbrido,Feminino,Branca,0.46692685616496404
CAND_02235,3.1,49.0,Bacharelado,Capitais,Híbrido,Masculino,Branca,0.18819140670181633
CAND_02236,2.7,34.0,Bacharelado,Região Metropolitana,Presencial,Feminino,Preta,0.3859929426674149
CAND_02237,5.5,57.0,Bacharelado,Capitais,Presencial,Masculino,Amarela,0.6876287498069202
CAND_02238,7.5,48.0,Bacharelado,Capitais,Híbrido,Feminino,Parda,0.5110150342551312
CAND_02239,10.1,66.0,Bacharelado,Interior,Remoto,Feminino,Indígena,0.7573952431529025
CAND_02240,2.0,38.0,Mestrado,Região Metropolitana,Presencial,Masculino,Indígena,0.4294570130404703
CAND_02241,3.0,53.0,Bacharelado,Capitais,Remoto,Masculino,Indígena,0.3784418055001862
CAND_02242,9.1,56.0,Mestrado,Capitais,Presencial,Masculino,Branca,0.5648346661347265
CAND_02243,7.4,59.0,Ensino Médio,Capitais,Presencial,Masculino,Branca,0.5209306209305703
CAND_02244,5.7,56.0,Bacharelado,Região Metropolitana,Remoto,Masculino,Branca,0.5183496514791472
CAND_02245,6.4,77.0,Bacharelado,Interior,Remoto,Masculino,Parda,0.5788758387014111
CAND_02246,4.0,7.0,Bacharelado,Capitais,Remoto,Masculino,Amarela,0.1681090051216619
CAND_02247,7.1,49.0,Mestrado,Região Metropolitana,Híbrido,Masculino,Indígena,0.5076779700014269
CAND_02248,4.8,39.0,Bacharelado,Região Metropolitana,Presencial,Não-binário,Preta,0.45002781928244273
CAND_02249,2.7,31.0,Ensino Médio,Capitais,Remoto,Masculino,Branca,0.22179396180978722
CAND_02250,5.6,58.0,Bacharelado,Capitais,Híbrido,Masculino,Preta,0.5037574471516882
CAND_02251,8.9,62.0,Bacharelado,Capitais,Remoto,Masculino,Preta,0.6542334857525285
CAND_02252,6.5,81.0,Ensino Médio,Interior,Presencial,Não-binário,Preta,0.6087491963609075
CAND_02253,12.1,66.0,Mestrado,Região Metropolitana,Híbrido,Masculino,Preta,0.6398914167544911
CAND_02254,4.8,35.0,Mestrado,Capitais,Presencial,Masculino,Parda,0.37861966630711363
CAND_02255,4.5,24.0,Bacharelado,Capitais,Presencial,Masculino,Branca,0.2741502424178609
CAND_02256,0.8,54.0,Bacharelado,Região Metropolitana,Presencial,Não-binário,Indígena,0.480522549314174
CAND_02257,8.7,53.0,Bacharelado,Capitais,Presencial,Masculino,Parda,0.4830605200555613
CAND_02258,6.7,50.0,Doutorado,Região Metropolitana,Remoto,Feminino,Indígena,0.6289491738106381
CAND_02259,6.0,48.0,Bacharelado,Região Metropolitana,Híbrido,Feminino,Indígena,0.587632976047106
CAND_02260,1.1,48.0,Ensino Médio,Capitais,Presencial,Feminino,Parda,0.47087699302691366
CAND_02261,7.7,39.0,Doutorado,Capitais,Presencial,Masculino,Preta,0.5561504666766884
CAND_02262,6.4,58.0,Bacharelado,Região Metropolitana,Híbrido,Feminino,Parda,0.4745398185063925
CAND_02263,2.3,40.0,Bacharelado,Capitais,Presencial,Não-binário,Indígena,0.4185693033612088
CAND_02264,8.3,64.0,Bacharelado,Região Metropolitana,Híbrido,Masculino,Preta,0.5975064918233745
CAND_02265,4.9,55.0,Bacharelado,Capitais,Híbrido,Masculino,Amarela,0.5878392241268225
CAND_02266,0.0,34.0,Bacharelado,Capitais,Híbrido,Não-binário,Preta,0.31824140356014063
CAND_02267,2.6,38.0,Mestrado,Capitais,Remoto,Masculino,Indígena,0.6147941378387319
CAND_02268,0.6,24.0,Bacharelado,Região Metropolitana,Presencial,Masculino,Indígena,0.17909036268972806
CAND_02269,3.9,74.0,Mestrado,Capitais,Remoto,Feminino,Parda,0.49335032653117494
CAND_02270,4.7,31.0,Bacharelado,Capitais,Remoto,Masculino,Parda,0.13862313873982457
CAND_02271,4.2,38.0,Bacharelado,Capitais,Híbrido,Feminino,Amarela,0.3976510333377515
CAND_02272,1.2,53.0,Bacharelado,Região Metropolitana,Remoto,Feminino,Amarela,0.1685401408252865
CAND_02273,2.0,81.0,Bacharelado,Interior,Híbrido,Feminino,Branca,0.6359743355643503
CAND_02274,0.0,52.0,Mestrado,Capitais,Híbrido,Masculino,Branca,0.5348375606858508
CAND_02275,8.6,43.0,Mestrado,Região Metropolitana,Híbrido,Masculino,Preta,0.4704234185665155
CAND_02276,4.3,57.0,Mestrado,Região Metropolitana,Presencial,Feminino,Preta,0.6068254719376085
CAND_02277,6.3,37.0,Mestrado,Região Metropolitana,Híbrido,Masculino,Branca,0.5318255616493827
CAND_02278,6.8,21.0,Bacharelado,Interior,Híbrido,Não-binário,Parda,0.31619010011902265
CAND_02279,7.1,93.0,Bacharelado,Capitais,Híbrido,Não-binário,Indígena,0.6892518152803155
CAND_02280,4.3,47.0,Mestrado,Região Metropolitana,Remoto,Masculino,Amarela,0.4627998959569144
CAND_02281,7.7,46.0,Bacharelado,Capitais,Presencial,Masculino,Indígena,0.3741936500815607
CAND_02282,0.3,62.0,Doutorado,Capitais,Presencial,Masculino,Parda,0.5756589824159888
CAND_02283,1.1,27.0,Mestrado,Região Metropolitana,Presencial,Masculino,Branca,0.2825913751221439
CAND_02284,2.5,56.0,Doutorado,Capitais,Presencial,Feminino,Amarela,0.7449481503014982
CAND_02285,7.0,33.0,Mestrado,Capitais,Presencial,Não-binário,Preta,0.5341792022856241
CAND_02286,3.1,53.0,Mestrado,Interior,Remoto,Não-binário,Preta,0.4608654059662494
CAND_02287,4.0,40.0,Bacharelado,Capitais,Híbrido,Não-binário,Preta,0.36812555205892794
CAND_02288,8.5,52.0,Ensino Médio,Região Metropolitana,Presencial,Masculino,Amarela,0.6389384250213608
CAND_02289,8.3,28.0,Bacharelado,Capitais,Presencial,Masculino,Preta,0.685754667361529
CAND_02290,5.8,36.0,Bacharelado,Capitais,Presencial,Não-binário,Parda,0.29957848759486
CAND_02291,9.9,50.0,Mestrado,Capitais,Remoto,Não-binário,Branca,0.4882935232669793
CAND_02292,6.4,56.0,Bacharelado,Capitais,Presencial,Não-binário,Parda,0.5060861888325017
CAND_02293,4.9,52.0,Bacharelado,Região Metropolitana,Híbrido,Masculino,Indígena,0.4226565213578183
CAND_02294,8.6,25.0,Bacharelado,Capitais,Híbrido,Masculino,Parda,0.41955195241410964
CAND_02295,5.5,65.0,Ensino Médio,Interior,Presencial,Feminino,Indígena,0.4038919636541094
CAND_02296,6.9,60.0,Mestrado,Capitais,Remoto,Não-binário,Parda,0.5077976135664151
CAND_02297,0.0,32.0,Ensino Médio,Capitais,Remoto,Masculino,Preta,0.25197010244857665
CAND_02298,5.1,51.0,Mestrado,Capitais,Híbrido,Masculino,Amarela,0.5311156334664918
CAND_02299,1.9,37.0,Bacharelado,Capitais,Presencial,Masculino,Amarela,0.43392044745957176
CAND_02300,2.8,13.0,Mestrado,Capitais,Presencial,Não-binário,Indígena,0.51376435839448
CAND_02301,4.8,52.0,Mestrado,Capitais,Presencial,Masculino,Amarela,0.4797288401863644
CAND_02302,8.5,74.0,Bacharelado,Região Metropolitana,Híbrido,Não-binário,Indígena,0.6727752386345314
CAND_02303,6.9,42.0,Bacharelado,Região Metropolitana,Presencial,Masculino,Branca,0.31266920715648305
CAND_02304,1.8,62.0,Bacharelado,Capitais,Presencial,Masculino,Parda,0.41508842929338857
CAND_02305,5.2,60.0,Bacharelado,Capitais,Remoto,Não-binário,Amarela,0.5441521226403205
CAND_02306,5.0,62.0,Bacharelado,Região Metropolitana,Híbrido,Feminino,Indígena,0.7198185647206712
CAND_02307,5.1,41.0,Mestrado,Capitais,Presencial,Masculino,Branca,0.5614941879411041
CAND_02308,8.2,59.0,Bacharelado,Capitais,Híbrido,Masculino,Parda,0.47751607403949703
CAND_02309,7.5,50.0,Bacharelado,Região Metropolitana,Presencial,Não-binário,Preta,0.5907827621001677
CAND_02310,8.7,54.0,Ensino Médio,Região Metropolitana,Remoto,Feminino,Indígena,0.5742951088380851
CAND_02311,4.6,22.0,Mestrado,Região Metropolitana,Híbrido,Não-binário,Preta,0.47478042950412114
CAND_02312,0.4,40.0,Bacharelado,Região Metropolitana,Remoto,Não-binário,Parda,0.2844109118295386
CAND_02313,5.1,52.0,Bacharelado,Capitais,Híbrido,Masculino,Parda,0.6246199958336243
CAND_02314,5.3,53.0,Mestrado,Capitais,Híbrido,Não-binário,Parda,0.5381065892114524
CAND_02315,10.7,26.0,Bacharelado,Capitais,Híbrido,Masculino,Branca,0.6188183815707176
CAND_02316,4.9,89.0,Bacharelado,Região Metropolitana,Híbrido,Feminino,Amarela,0.5363612301364323
CAND_02317,10.2,52.0,Bacharelado,Capitais,Remoto,Masculino,Parda,0.7056947842477861
CAND_02318,8.5,49.0,Bacharelado,Região Metropolitana,Presencial,Feminino,Parda,0.3511273353256522
CAND_02319,6.7,49.0,Bacharelado,Capitais,Presencial,Feminino,Preta,0.2720165239392391
CAND_02320,5.5,43.0,Bacharelado,Capitais,Híbrido,Feminino,Preta,0.3501840024623637
CAND_02321,2.5,43.0,Bacharelado,Região Metropolitana,Remoto,Masculino,Preta,0.347846152113357
CAND_02322,3.1,30.0,Bacharelado,Capitais,Presencial,Masculino,Preta,0.16291971787762416
CAND_02323,0.7,62.0,Mestrado,Capitais,Remoto,Feminino,Amarela,0.5129673586203856
CAND_02324,7.5,45.0,Doutorado,Interior,Presencial,Não-binário,Amarela,0.6455929939964525
CAND_02325,0.0,68.0,Bacharelado,Interior,Híbrido,Masculino,Branca,0.5887331038323818
CAND_02326,4.1,34.0,Bacharelado,Região Metropolitana,Presencial,Não-binário,Indígena,0.3155000965967535
CAND_02327,7.3,73.0,Ensino Médio,Capitais,Remoto,Não-binário,Branca,0.5548233246107496
CAND_02328,3.7,44.0,Mestrado,Região Metropolitana,Remoto,Masculino,Amarela,0.5023766353935187
CAND_02329,4.0,65.0,Bacharelado,Capitais,Remoto,Feminino,Amarela,0.5299695626754453
CAND_02330,7.4,43.0,Mestrado,Capitais,Híbrido,Feminino,Amarela,0.6208072099988047
CAND_02331,1.3,31.0,Bacharelado,Região Metropolitana,Remoto,Feminino,Amarela,0.35815716813205967
CAND_02332,4.6,47.0,Bacharelado,Capitais,Remoto,Não-binário,Amarela,0.3621745170286661
CAND_02333,5.5,43.0,Bacharelado,Região Metropolitana,Presencial,Feminino,Preta,0.5163171037810014
CAND_02334,2.9,62.0,Bacharelado,Capitais,Híbrido,Não-binário,Amarela,0.4552855669757552
CAND_02335,0.0,57.0,Bacharelado,Capitais,Remoto,Masculino,Parda,0.4024055355325779
CAND_02336,7.9,53.0,Mestrado,Capitais,Remoto,Não-binário,Branca,0.7513265083200352
CAND_02337,0.7,78.0,Bacharelado,Interior,Presencial,Feminino,Indígena,0.6038379036210837
CAND_02338,4.9,46.0,Mestrado,Capitais,Presencial,Feminino,Preta,0.5528853822399152
CAND_02339,5.1,39.0,Bacharelado,Capitais,Remoto,Feminino,Indígena,0.42615839306326614
CAND_02340,1.4,29.0,Mestrado,Região Metropolitana,Remoto,Feminino,Amarela,0.28081127849652693
CAND_02341,5.6,33.0,Mestrado,Capitais,Presencial,Feminino,Indígena,0.4152144530128754
CAND_02342,4.9,44.0,Bacharelado,Capitais,Híbrido,Masculino,Branca,0.5551535965159419
CAND_02343,7.6,53.0,Ensino Médio,Região Metropolitana,Presencial,Não-binário,Parda,0.2914469348161536
CAND_02344,4.5,57.0,Ensino Médio,Região Metropolitana,Híbrido,Masculino,Indígena,0.5492131766853937
CAND_02345,2.1,46.0,Bacharelado,Capitais,Presencial,Feminino,Parda,0.24667829285294676
CAND_02346,1.5,69.0,Bacharelado,Região Metropolitana,Presencial,Masculino,Branca,0.4825023621565869
CAND_02347,1.6,40.0,Bacharelado,Região Metropolitana,Presencial,Masculino,Indígena,0.46610190694728926
CAND_02348,10.0,60.0,Bacharelado,Região Metropolitana,Híbrido,Feminino,Indígena,0.6133471683132452
CAND_02349,0.1,6.0,Bacharelado,Capitais,Presencial,Feminino,Amarela,0.044023318007879064
CAND_02350,2.3,45.0,Ensino Médio,Capitais,Presencial,Masculino,Branca,0.5017549374658326
CAND_02351,6.7,55.0,Bacharelado,Capitais,Presencial,Masculino,Parda,0.5858496937913149
CAND_02352,2.1,85.0,Bacharelado,Interior,Híbrido,Feminino,Indígena,0.5895522133148782
CAND_02353,2.7,63.0,Bacharelado,Capitais,Remoto,Não-binário,Indígena,0.39091160257324054
CAND_02354,2.5,19.0,Bacharelado,Região Metropolitana,Remoto,Feminino,Indígena,0.1955370646764356
CAND_02355,7.1,63.0,Bacharelado,Região Metropolitana,Remoto,Não-binário,Preta,0.6065575806588847
CAND_02356,0.0,61.0,Mestrado,Capitais,Híbrido,Não-binário,Amarela,0.32915853541958
CAND_02357,3.4,63.0,Bacharelado,Capitais,Remoto,Masculino,Preta,0.34218391915739466
CAND_02358,6.0,67.0,Bacharelado,Região Metropolitana,Remoto,Feminino,Parda,0.562596175913034
CAND_02359,4.9,49.0,Doutorado,Interior,Híbrido,Masculino,Indígena,0.6253384599414124
CAND_02360,2.5,50.0,Bacharelado,Região Metropolitana,Híbrido,Feminino,Parda,0.37146623242592025
CAND_02361,9.2,24.0,Mestrado,Capitais,Remoto,Masculino,Indígena,0.34886448415352156
CAND_02362,4.3,58.0,Bacharelado,Capitais,Remoto,Feminino,Indígena,0.35144541968762893
CAND_02363,3.5,42.0,Bacharelado,Capitais,Híbrido,Feminino,Branca,0.419690739924512
CAND_02364,5.3,39.0,Bacharelado,Capitais,Remoto,Não-binário,Parda,0.34689864688155425
CAND_02365,4.6,35.0,Mestrado,Capitais,Remoto,Não-binário,Parda,0.5818199911839985
CAND_02366,8.5,26.0,Mestrado,Capitais,Híbrido,Não-binário,Preta,0.6436166460165407
CAND_02367,1.6,47.0,Bacharelado,Capitais,Híbrido,Feminino,Amarela,0.2573042450438531
CAND_02368,4.1,74.0,Bacharelado,Interior,Remoto,Masculino,Amarela,0.48630191504907255
CAND_02369,1.6,48.0,Mestrado,Capitais,Remoto,Feminino,Parda,0.5679200184394745
CAND_02370,7.0,40.0,Mestrado,Capitais,Remoto,Masculino,Branca,0.41918921124348557
CAND_02371,2.7,50.0,Bacharelado,Região Metropolitana,Remoto,Masculino,Amarela,0.40479031105841473
CAND_02372,2.1,51.0,Mestrado,Capitais,Remoto,Masculino,Parda,0.3781244402467965
CAND_02373,0.0,61.0,Mestrado,Capitais,Remoto,Feminino,Preta,0.4914112894406472
CAND_02374,3.7,46.0,Doutorado,Região Metropolitana,Remoto,Não-binário,Amarela,0.6768558333350863
CAND_02375,10.0,33.0,Bacharelado,Região Metropolitana,Híbrido,Masculino,Preta,0.49046107016602036
CAND_02376,2.2,44.0,Bacharelado,Região Metropolitana,Presencial,Masculino,Parda,0.4414783092955822
CAND_02377,4.4,56.0,Mestrado,Interior,Remoto,Não-binário,Preta,0.51830856599771
CAND_02378,7.9,33.0,Bacharelado,Capitais,Remoto,Não-binário,Branca,0.4411743882649909
CAND_02379,3.4,37.0,Mestrado,Interior,Híbrido,Não-binário,Amarela,0.3981956771583461
CAND_02380,0.2,75.0,Mestrado,Capitais,Presencial,Feminino,Indígena,0.5620150273574719
CAND_02381,6.7,51.0,Bacharelado,Capitais,Híbrido,Masculino,Indígena,0.5229565848679442
CAND_02382,12.0,63.0,Bacharelado,Capitais,Presencial,Feminino,Amarela,0.5833598450301386
CAND_02383,1.4,22.0,Bacharelado,Região Metropolitana,Presencial,Feminino,Parda,0.16458636150274214
CAND_02384,7.4,56.0,Bacharelado,Capitais,Híbrido,Não-binário,Indígena,0.5305020382928297
CAND_02385,2.6,38.0,Bacharelado,Região Metropolitana,Híbrido,Não-binário,Parda,0.44481808922275634
CAND_02386,6.5,45.0,Mestrado,Interior,Presencial,Não-binário,Amarela,0.7663349436430833
CAND_02387,2.9,35.0,Bacharelado,Capitais,Presencial,Feminino,Preta,0.32743942197458226
CAND_02388,5.4,41.0,Bacharelado,Capitais,Remoto,Feminino,Preta,0.40666933267863725
CAND_02389,4.3,55.0,Bacharelado,Região Metropolitana,Remoto,Masculino,Indígena,0.46894597403278054
CAND_02390,11.5,70.0,Bacharelado,Região Metropolitana,Híbrido,Não-binário,Indígena,0.647045232057996
CAND_02391,2.2,56.0,Bacharelado,Capitais,Remoto,Masculino,Parda,0.3016820542634503
CAND_02392,2.6,58.0,Bacharelado,Capitais,Híbrido,Não-binário,Branca,0.5024305650298058
CAND_02393,7.6,43.0,Mestrado,Interior,Presencial,Masculino,Branca,0.5941892990771599
CAND_02394,7.0,39.0,Bacharelado,Região Metropolitana,Presencial,Masculino,Parda,0.3261586473542793
CAND_02395,2.9,74.0,Bacharelado,Capitais,Remoto,Feminino,Preta,0.5128546381561869
CAND_02396,8.0,56.0,Bacharelado,Região Metropolitana,Presencial,Não-binário,Indígena,0.5371831546100941
CAND_02397,4.8,60.0,Mestrado,Capitais,Híbrido,Não-binário,Parda,0.5983381399612071
CAND_02398,6.6,63.0,Bacharelado,Capitais,Presencial,Feminino,Branca,0.5649725359230787
CAND_02399,1.6,60.0,Bacharelado,Região Metropolitana,Híbrido,Feminino,Parda,0.36967500843547246
CAND_02400,8.3,48.0,Bacharelado,Capitais,Presencial,Masculino,Indígena,0.5976010718964437
CAND_02401,6.3,47.0,Bacharelado,Capitais,Híbrido,Masculino,Preta,0.5513670613142463
CAND_02402,1.5,37.0,Mestrado,Capitais,Híbrido,Feminino,Amarela,0.2395342067428287
CAND_02403,8.3,36.0,Mestrado,Capitais,Presencial,Masculino,Parda,0.36873444700755276
CAND_02404,8.0,54.0,Bacharelado,Capitais,Presencial,Masculino,Parda,0.547197052165346
CAND_02405,5.8,27.0,Bacharelado,Capitais,Presencial,Masculino,Preta,0.32478990796759843
CAND_02406,9.7,63.0,Bacharelado,Capitais,Híbrido,Masculino,Branca,0.7256996358103238
CAND_02407,5.6,65.0,Bacharelado,Capitais,Presencial,Não-binário,Parda,0.542084432058255
CAND_02408,11.3,53.0,Bacharelado,Capitais,Remoto,Masculino,Branca,0.7413973419330513
CAND_02409,6.5,56.0,Bacharelado,Interior,Remoto,Não-binário,Indígena,0.44458212990850154
CAND_02410,1.9,33.0,Bacharelado,Região Metropolitana,Híbrido,Masculino,Indígena,0.25153234921197937
CAND_02411,5.7,70.0,Mestrado,Região Metropolitana,Presencial,Não-binário,Preta,0.5867131569633746
CAND_02412,3.7,46.0,Bacharelado,Capitais,Híbrido,Feminino,Parda,0.5438864493089006
CAND_02413,7.9,65.0,Mestrado,Interior,Híbrido,Masculino,Preta,0.678022969002754
CAND_02414,3.9,63.0,Bacharelado,Capitais,Híbrido,Não-binário,Indígena,0.6269755007438873
CAND_02415,3.3,27.0,Bacharelado,Região Metropolitana,Remoto,Feminino,Parda,0.24548004787314978
CAND_02416,0.8,53.0,Bacharelado,Capitais,Híbrido,Feminino,Branca,0.2762287258698448
CAND_02417,0.0,60.0,Bacharelado,Capitais,Presencial,Masculino,Amarela,0.3501795383425668
CAND_02418,7.2,50.0,Bacharelado,Capitais,Híbrido,Não-binário,Preta,0.556195955073968
CAND_02419,1.8,45.0,Bacharelado,Região Metropolitana,Híbrido,Masculino,Preta,0.47987918701357163
CAND_02420,6.2,35.0,Bacharelado,Região Metropolitana,Presencial,Masculino,Amarela,0.43188615116193674
CAND_02421,3.2,31.0,Bacharelado,Capitais,Presencial,Não-binário,Indígena,0.27044992153386704
CAND_02422,5.9,56.0,Mestrado,Região Metropolitana,Remoto,Masculino,Branca,0.4206201343163282
CAND_02423,11.7,49.0,Mestrado,Região Metropolitana,Presencial,Masculino,Indígena,0.5345137382072405
CAND_02424,11.9,82.0,Bacharelado,Capitais,Híbrido,Não-binário,Amarela,0.8052376639526355
CAND_02425,4.6,39.0,Ensino Médio,Interior,Híbrido,Feminino,Branca,0.25746631024064676
CAND_02426,3.4,61.0,Ensino Médio,Capitais,Híbrido,Feminino,Amarela,0.34181431846581267
CAND_02427,5.1,40.0,Ensino Médio,Capitais,Remoto,Feminino,Preta,0.3074006478172743
CAND_02428,1.6,50.0,Bacharelado,Capitais,Híbrido,Não-binário,Preta,0.4435417934560192
CAND_02429,6.0,30.0,Ensino Médio,Capitais,Híbrido,Feminino,Amarela,0.21385511171074292
CAND_02430,5.6,76.0,Mestrado,Região Metropolitana,Híbrido,Feminino,Indígena,0.5579646325731034
CAND_02431,3.6,22.0,Bacharelado,Capitais,Presencial,Feminino,Branca,0.1726225233582334
CAND_02432,8.9,57.0,Bacharelado,Capitais,Remoto,Feminino,Preta,0.5706175903815918
CAND_02433,6.2,63.0,Ensino Médio,Capitais,Híbrido,Feminino,Parda,0.4156835406947482
CAND_02434,9.3,62.0,Bacharelado,Capitais,Híbrido,Masculino,Amarela,0.5472642121825472
CAND_02435,0.0,75.0,Bacharelado,Interior,Híbrido,Masculino,Preta,0.41678694054869203
CAND_02436,5.2,51.0,Bacharelado,Capitais,Remoto,Feminino,Branca,0.4159953124238638
CAND_02437,7.8,60.0,Bacharelado,Capitais,Híbrido,Feminino,Amarela,0.5110552746288906
CAND_02438,4.4,55.0,Bacharelado,Região Metropolitana,Presencial,Não-binário,Parda,0.5060822610025811
CAND_02439,9.8,61.0,Bacharelado,Região Metropolitana,Remoto,Feminino,Indígena,0.45821520769668156
CAND_02440,0.0,61.0,Bacharelado,Capitais,Remoto,Masculino,Branca,0.5005050979728753
CAND_02441,3.5,30.0,Bacharelado,Capitais,Remoto,Feminino,Amarela,0.34898573872449806
CAND_02442,7.7,56.0,Ensino Médio,Capitais,Híbrido,Feminino,Parda,0.5286038404854565
CAND_02443,5.9,64.0,Doutorado,Capitais,Híbrido,Feminino,Preta,0.5343850858506263
CAND_02444,2.2,55.0,Mestrado,Região Metropolitana,Híbrido,Feminino,Parda,0.40011837964011676
CAND_02445,1.9,49.0,Bacharelado,Capitais,Presencial,Masculino,Preta,0.4392758999120244
CAND_02446,6.4,78.0,Mestrado,Capitais,Híbrido,Feminino,Parda,0.5915420685632925
CAND_02447,6.1,66.0,Bacharelado,Capitais,Remoto,Masculino,Amarela,0.4133698378986236
CAND_02448,4.2,47.0,Ensino Médio,Capitais,Presencial,Não-binário,Indígena,0.618446811352274
CAND_02449,6.5,34.0,Bacharelado,Região Metropolitana,Presencial,Feminino,Preta,0.23353765731525863
CAND_02450,0.0,39.0,Mestrado,Capitais,Híbrido,Masculino,Branca,0.3662342682815054
CAND_02451,5.8,48.0,Bacharelado,Região Metropolitana,Presencial,Feminino,Amarela,0.5156613497295875
CAND_02452,0.0,52.0,Bacharelado,Capitais,Presencial,Masculino,Branca,0.43118407803328823
CAND_02453,8.8,34.0,Ensino Médio,Capitais,Remoto,Masculino,Amarela,0.3119685705939339
CAND_02454,5.8,34.0,Bacharelado,Capitais,Híbrido,Feminino,Preta,0.5744055628318842
CAND_02455,5.9,77.0,Bacharelado,Capitais,Remoto,Feminino,Parda,0.4762472522517301
CAND_02456,5.2,43.0,Bacharelado,Interior,Presencial,Feminino,Indígena,0.3315277382453732
CAND_02457,2.3,70.0,Ensino Médio,Capitais,Remoto,Masculino,Indígena,0.3733142997128484
CAND_02458,2.0,59.0,Mestrado,Região Metropolitana,Remoto,Feminino,Indígena,0.5947616565298938
CAND_02459,8.8,53.0,Bacharelado,Capitais,Remoto,Masculino,Parda,0.7176449767057522
CAND_02460,3.1,70.0,Ensino Médio,Capitais,Presencial,Feminino,Amarela,0.4209590384631946
CAND_02461,3.9,50.0,Bacharelado,Interior,Remoto,Não-binário,Indígena,0.5144586199659265
CAND_02462,3.5,44.0,Mestrado,Interior,Híbrido,Feminino,Parda,0.4273775973481174
CAND_02463,5.2,77.0,Mestrado,Região Metropolitana,Híbrido,Masculino,Parda,0.5138030345493887
CAND_02464,3.8,45.0,Mestrado,Região Metropolitana,Híbrido,Feminino,Indígena,0.5984117535401479
CAND_02465,4.4,59.0,Bacharelado,Capitais,Remoto,Masculino,Branca,0.3227823761084774
CAND_02466,7.0,53.0,Bacharelado,Capitais,Presencial,Não-binário,Preta,0.5571135679612199
CAND_02467,2.1,44.0,Mestrado,Capitais,Híbrido,Feminino,Amarela,0.48717034989408325
CAND_02468,5.4,49.0,Bacharelado,Capitais,Presencial,Feminino,Parda,0.47951343969462124
CAND_02469,9.2,74.0,Bacharelado,Capitais,Remoto,Masculino,Amarela,0.6489260192568737
CAND_02470,7.1,15.0,Ensino Médio,Região Metropolitana,Remoto,Masculino,Preta,0.35304677019482295
CAND_02471,1.2,64.0,Ensino Médio,Capitais,Presencial,Feminino,Amarela,0.2636706549388351
CAND_02472,4.2,42.0,Bacharelado,Região Metropolitana,Híbrido,Feminino,Branca,0.3137217511696238
CAND_02473,6.2,63.0,Bacharelado,Capitais,Presencial,Masculino,Branca,0.44560630744322266
CAND_02474,2.2,89.0,Mestrado,Capitais,Presencial,Masculino,Parda,0.6811059832982647
CAND_02475,8.5,40.0,Bacharelado,Capitais,Híbrido,Masculino,Preta,0.3694481735058863
CAND_02476,4.6,62.0,Bacharelado,Capitais,Presencial,Masculino,Amarela,0.5639442944924925
CAND_02477,9.5,50.0,Bacharelado,Região Metropolitana,Híbrido,Não-binário,Preta,0.5445699103881845
CAND_02478,6.3,57.0,Ensino Médio,Região Metropolitana,Híbrido,Masculino,Amarela,0.5353154102699933
CAND_02479,3.0,57.0,Ensino Médio,Região Metropolitana,Presencial,Masculino,Indígena,0.5303573257118777
CAND_02480,4.2,51.0,Bacharelado,Capitais,Híbrido,Masculino,Preta,0.38595222644085186
CAND_02481,5.2,19.0,Bacharelado,Capitais,Híbrido,Feminino,Indígena,0.3957147805600188
CAND_02482,2.6,57.0,Ensino Médio,Região Metropolitana,Remoto,Feminino,Parda,0.5069656145038716
CAND_02483,8.0,48.0,Doutorado,Capitais,Híbrido,Feminino,Parda,0.747193111869385
CAND_02484,1.4,58.0,Doutorado,Capitais,Híbrido,Feminino,Parda,0.4862207741031896
CAND_02485,2.4,67.0,Bacharelado,Capitais,Híbrido,Feminino,Amarela,0.3441408343193363
CAND_02486,3.7,56.0,Ensino Médio,Capitais,Presencial,Feminino,Amarela,0.41245048959078023
CAND_02487,7.3,46.0,Bacharelado,Capitais,Presencial,Não-binário,Amarela,0.4915808001246288
CAND_02488,9.1,23.0,Bacharelado,Região Metropolitana,Híbrido,Masculino,Preta,0.3863911096450672
CAND_02489,9.5,37.0,Ensino Médio,Capitais,Presencial,Feminino,Parda,0.4767694116040785
CAND_02490,7.4,60.0,Bacharelado,Região Metropolitana,Híbrido,Não-binário,Indígena,0.4796135532836447
CAND_02491,3.4,54.0,Mestrado,Capitais,Presencial,Feminino,Parda,0.4154881895973295
CAND_02492,0.0,64.0,Bacharelado,Interior,Presencial,Não-binário,Parda,0.3269754004414007
CAND_02493,7.5,57.0,Bacharelado,Capitais,Híbrido,Masculino,Preta,0.3028593767054313
CAND_02494,8.7,54.0,Doutorado,Capitais,Híbrido,Masculino,Amarela,0.5042537114652643
CAND_02495,3.4,45.0,Bacharelado,Capitais,Presencial,Masculino,Preta,0.46285416466859813
CAND_02496,9.7,53.0,Bacharelado,Interior,Presencial,Feminino,Parda,0.5836895048507594
CAND_02497,4.7,47.0,Bacharelado,Capitais,Híbrido,Feminino,Branca,0.46308823151504813
CAND_02498,3.6,51.0,Mestrado,Interior,Presencial,Masculino,Parda,0.5421270292343796
CAND_02499,4.9,33.0,Bacharelado,Interior,Remoto,Masculino,Amarela,0.3200819024793468
CAND_02500,2.6,71.0,Mestrado,Capitais,Remoto,Não-binário,Preta,0.6909008901216547
CAND_02501,0.8,46.0,Bacharelado,Capitais,Híbrido,Não-binário,Amarela,0.2572359645842475
CAND_02502,1.5,16.0,Bacharelado,Capitais,Híbrido,Feminino,Preta,0.12215308890489096
CAND_02503,5.8,35.0,Bacharelado,Capitais,Remoto,Masculino,Amarela,0.3809271334817008
CAND_02504,2.4,45.0,Mestrado,Capitais,Remoto,Feminino,Amarela,0.4043502264298025
CAND_02505,9.2,64.0,Mestrado,Região Metropolitana,Híbrido,Não-binário,Amarela,0.723211196620974
CAND_02506,5.6,59.0,Bacharelado,Capitais,Presencial,Não-binário,Amarela,0.5146342090804691
CAND_02507,3.8,59.0,Bacharelado,Interior,Híbrido,Masculino,Branca,0.5767851978331584
CAND_02508,1.0,12.0,Mestrado,Capitais,Híbrido,Não-binário,Amarela,0.2998134657119914
CAND_02509,2.0,56.0,Mestrado,Capitais,Híbrido,Não-binário,Indígena,0.32333915454263185
CAND_02510,5.6,59.0,Bacharelado,Capitais,Remoto,Não-binário,Parda,0.5006519899160013
CAND_02511,6.8,23.0,Mestrado,Capitais,Remoto,Masculino,Preta,0.45561913340749394
CAND_02512,0.0,38.0,Bacharelado,Capitais,Híbrido,Feminino,Parda,0.3235625334931599
CAND_02513,0.1,72.0,Mestrado,Capitais,Presencial,Não-binário,Indígena,0.49509210390383135
CAND_02514,5.5,52.0,Bacharelado,Interior,Presencial,Masculino,Amarela,0.4878011247744896
CAND_02515,4.4,57.0,Bacharelado,Capitais,Híbrido,Masculino,Indígena,0.44417781104343856
CAND_02516,6.5,34.0,Ensino Médio,Interior,Híbrido,Masculino,Branca,0.27977143428870854
CAND_02517,3.8,75.0,Mestrado,Capitais,Híbrido,Feminino,Parda,0.5838463661906028
CAND_02518,6.0,53.0,Mestrado,Capitais,Híbrido,Feminino,Branca,0.5324691542791965
CAND_02519,6.3,67.0,Bacharelado,Interior,Híbrido,Não-binário,Amarela,0.441446081796309
CAND_02520,6.0,39.0,Bacharelado,Capitais,Remoto,Masculino,Parda,0.4691304630628471
CAND_02521,7.7,40.0,Bacharelado,Região Metropolitana,Remoto,Masculino,Preta,0.4373285509321347
CAND_02522,6.2,56.0,Ensino Médio,Região Metropolitana,Remoto,Feminino,Parda,0.2980948185520529
CAND_02523,0.0,70.0,Doutorado,Capitais,Híbrido,Não-binário,Amarela,0.5991291239445059
CAND_02524,7.9,57.0,Doutorado,Região Metropolitana,Presencial,Masculino,Branca,0.4701902266978025
CAND_02525,14.2,40.0,Bacharelado,Região Metropolitana,Híbrido,Feminino,Indígena,0.3845399272806561
CAND_02526,3.4,36.0,Bacharelado,Capitais,Presencial,Não-binário,Amarela,0.3932234182654868
CAND_02527,2.6,49.0,Bacharelado,Capitais,Presencial,Feminino,Parda,0.3528838281586093
CAND_02528,3.5,52.0,Bacharelado,Interior,Híbrido,Feminino,Amarela,0.4009047509820968
CAND_02529,3.3,50.0,Mestrado,Capitais,Presencial,Masculino,Parda,0.524368724880282
CAND_02530,4.1,38.0,Bacharelado,Capitais,Presencial,Não-binário,Indígena,0.46835144062567585
CAND_02531,5.9,35.0,Bacharelado,Capitais,Híbrido,Masculino,Preta,0.3979986123090704
CAND_02532,8.4,49.0,Mestrado,Capitais,Híbrido,Não-binário,Indígena,0.5134784738002227
CAND_02533,0.6,31.0,Mestrado,Capitais,Híbrido,Não-binário,Preta,0.318008957470009
CAND_02534,4.7,58.0,Bacharelado,Capitais,Híbrido,Feminino,Parda,0.36332160284282833
CAND_02535,5.2,56.0,Bacharelado,Região Metropolitana,Remoto,Feminino,Amarela,0.6690678836550537
CAND_02536,2.3,65.0,Mestrado,Capitais,Híbrido,Não-binário,Amarela,0.5288007699561641
CAND_02537,6.8,78.0,Bacharelado,Capitais,Remoto,Não-binário,Preta,0.5896405566076288
CAND_02538,4.1,43.0,Bacharelado,Capitais,Híbrido,Masculino,Preta,0.6229417863489807
CAND_02539,10.8,28.0,Bacharelado,Região Metropolitana,Híbrido,Não-binário,Branca,0.3158130222166785
CAND_02540,7.5,41.0,Bacharelado,Capitais,Híbrido,Masculino,Branca,0.5323836160337369
CAND_02541,1.1,45.0,Bacharelado,Capitais,Híbrido,Feminino,Parda,0.29860888541937364
CAND_02542,0.4,65.0,Mestrado,Região Metropolitana,Remoto,Feminino,Parda,0.5699022006203267
CAND_02543,10.6,43.0,Mestrado,Interior,Presencial,Não-binário,Parda,0.504106703531612
CAND_02544,6.1,64.0,Bacharelado,Capitais,Remoto,Feminino,Amarela,0.6214521486449601
CAND_02545,8.0,42.0,Bacharelado,Região Metropolitana,Presencial,Masculino,Branca,0.4525048937864281
CAND_02546,9.9,54.0,Bacharelado,Capitais,Presencial,Feminino,Preta,0.5648080971163973
CAND_02547,2.8,42.0,Bacharelado,Capitais,Remoto,Masculino,Indígena,0.4092964428147704
CAND_02548,6.4,18.0,Ensino Médio,Interior,Híbrido,Não-binário,Indígena,0.2480347164921451
CAND_02549,6.0,30.0,Bacharelado,Capitais,Híbrido,Feminino,Branca,0.2557398064345815
CAND_02550,2.7,30.0,Mestrado,Região Metropolitana,Híbrido,Feminino,Parda,0.35442372060752486
CAND_02551,2.8,42.0,Mestrado,Capitais,Remoto,Não-binário,Preta,0.25203447617354924
CAND_02552,6.6,72.0,Bacharelado,Região Metropolitana,Híbrido,Masculino,Preta,0.5184129516660408
CAND_02553,1.1,53.0,Ensino Médio,Região Metropolitana,Remoto,Masculino,Parda,0.36160878066680474
CAND_02554,3.4,42.0,Ensino Médio,Capitais,Híbrido,Masculino,Preta,0.2738586426120705
CAND_02555,6.2,56.0,Doutorado,Capitais,Híbrido,Masculino,Amarela,0.6052329018443077
CAND_02556,5.2,74.0,Mestrado,Capitais,Remoto,Feminino,Amarela,0.5183144188595319
CAND_02557,8.0,13.0,Bacharelado,Região Metropolitana,Híbrido,Não-binário,Branca,0.1898520353237435
CAND_02558,5.2,51.0,Ensino Médio,Região Metropolitana,Presencial,Não-binário,Branca,0.31481025181211214
CAND_02559,6.4,31.0,Bacharelado,Região Metropolitana,Presencial,Feminino,Amarela,0.27742062454554584
CAND_02560,3.0,70.0,Mestrado,Capitais,Remoto,Não-binário,Preta,0.6541758119995158
CAND_02561,5.2,55.0,Ensino Médio,Região Metropolitana,Presencial,Não-binário,Branca,0.41974118895200613
CAND_02562,6.5,28.0,Mestrado,Interior,Remoto,Masculino,Parda,0.2870400235281533
CAND_02563,4.4,50.0,Bacharelado,Interior,Presencial,Não-binário,Preta,0.34910959746345877
CAND_02564,0.0,50.0,Bacharelado,Região Metropolitana,Presencial,Masculino,Amarela,0.24704495576186464
CAND_02565,8.3,68.0,Ensino Médio,Capitais,Presencial,Feminino,Preta,0.41484525884794454
CAND_02566,9.5,59.0,Bacharelado,Interior,Híbrido,Masculino,Amarela,0.4897236884732614
CAND_02567,1.0,53.0,Doutorado,Capitais,Híbrido,Não-binário,Amarela,0.41181609447451983
CAND_02568,8.6,51.0,Doutorado,Região Metropolitana,Remoto,Feminino,Parda,0.6808075414392278
CAND_02569,8.6,65.0,Bacharelado,Capitais,Híbrido,Não-binário,Branca,0.6475992899091905
CAND_02570,5.5,65.0,Mestrado,Interior,Presencial,Masculino,Preta,0.5310895359502883
CAND_02571,2.4,40.0,Doutorado,Capitais,Remoto,Feminino,Indígena,0.45572777849744733
CAND_02572,0.6,59.0,Mestrado,Capitais,Híbrido,Masculino,Preta,0.6099069680147122
CAND_02573,7.3,37.0,Bacharelado,Região Metropolitana,Híbrido,Não-binário,Amarela,0.5610951578895971
CAND_02574,1.4,65.0,Bacharelado,Capitais,Presencial,Feminino,Amarela,0.40810752030207326
CAND_02575,3.9,60.0,Bacharelado,Região Metropolitana,Presencial,Não-binário,Amarela,0.31139267447106284
CAND_02576,10.7,43.0,Bacharelado,Capitais,Remoto,Não-binário,Amarela,0.5830928819321626
CAND_02577,2.3,55.0,Doutorado,Região Metropolitana,Presencial,Feminino,Amarela,0.3706998824650562
CAND_02578,5.5,43.0,Bacharelado,Capitais,Híbrido,Masculino,Amarela,0.5468239241201258
CAND_02579,6.9,20.0,Doutorado,Capitais,Híbrido,Feminino,Indígena,0.42689439624658376
CAND_02580,7.5,70.0,Mestrado,Interior,Presencial,Não-binário,Indígena,0.6949092514158407
CAND_02581,5.1,29.0,Mestrado,Capitais,Presencial,Masculino,Indígena,0.2924945825697162
CAND_02582,4.8,29.0,Mestrado,Capitais,Presencial,Masculino,Preta,0.4591678392664207
CAND_02583,0.0,56.0,Mestrado,Região Metropolitana,Remoto,Feminino,Preta,0.3244111456265921
CAND_02584,0.0,49.0,Mestrado,Interior,Remoto,Feminino,Preta,0.3414821646275434
CAND_02585,2.6,45.0,Mestrado,Capitais,Remoto,Não-binário,Branca,0.5504043514812815
CAND_02586,7.6,54.0,Mestrado,Região Metropolitana,Remoto,Não-binário,Amarela,0.6382741996639635
CAND_02587,6.2,48.0,Mestrado,Capitais,Remoto,Masculino,Preta,0.6046731997176317
CAND_02588,5.3,33.0,Bacharelado,Capitais,Presencial,Masculino,Parda,0.36754620577530495
CAND_02589,7.2,61.0,Mestrado,Capitais,Remoto,Feminino,Preta,0.45246834366025923
CAND_02590,6.6,60.0,Mestrado,Capitais,Presencial,Masculino,Preta,0.5265345625392032
CAND_02591,9.0,52.0,Ensino Médio,Capitais,Remoto,Não-binário,Preta,0.4857994198928642
CAND_02592,8.1,46.0,Bacharelado,Região Metropolitana,Presencial,Masculino,Branca,0.33682122762537703
CAND_02593,3.4,56.0,Mestrado,Região Metropolitana,Híbrido,Masculino,Parda,0.586553281624106
CAND_02594,6.3,52.0,Bacharelado,Capitais,Presencial,Não-binário,Indígena,0.4815800065162034
CAND_02595,8.2,59.0,Ensino Médio,Região Metropolitana,Remoto,Não-binário,Parda,0.4681648473346427
CAND_02596,5.8,33.0,Ensino Médio,Capitais,Híbrido,Feminino,Indígena,0.43614960336545444
CAND_02597,6.9,25.0,Bacharelado,Capitais,Híbrido,Masculino,Preta,0.4351963450528103
CAND_02598,3.1,62.0,Bacharelado,Capitais,Híbrido,Masculino,Branca,0.44737577629292624
CAND_02599,1.2,59.0,Mestrado,Região Metropolitana,Híbrido,Feminino,Branca,0.40808082212569796
CAND_02600,2.5,50.0,Bacharelado,Capitais,Presencial,Feminino,Branca,0.5529215580378692
CAND_02601,8.6,56.0,Mestrado,Interior,Remoto,Não-binário,Preta,0.5575196325687162
CAND_02602,4.1,34.0,Bacharelado,Região Metropolitana,Remoto,Feminino,Amarela,0.238033422630963
CAND_02603,3.5,40.0,Bacharelado,Capitais,Híbrido,Não-binário,Indígena,0.448561089050954
CAND_02604,5.0,56.0,Bacharelado,Capitais,Híbrido,Não-binário,Branca,0.4385137764106608
CAND_02605,4.4,38.0,Bacharelado,Capitais,Presencial,Não-binário,Indígena,0.2758811922585397
CAND_02606,0.0,38.0,Mestrado,Região Metropolitana,Híbrido,Feminino,Parda,0.3069047404829145
CAND_02607,6.9,3.0,Doutorado,Região Metropolitana,Híbrido,Masculino,Amarela,0.47046344911081184
CAND_02608,5.2,43.0,Mestrado,Região Metropolitana,Híbrido,Masculino,Amarela,0.625005597391843
CAND_02609,7.1,42.0,Mestrado,Capitais,Remoto,Masculino,Parda,0.4307793066313719
CAND_02610,5.0,54.0,Bacharelado,Capitais,Remoto,Masculino,Preta,0.4428723273904677
CAND_02611,5.2,50.0,Mestrado,Capitais,Presencial,Feminino,Branca,0.5801449389882757
CAND_02612,5.0,44.0,Ensino Médio,Capitais,Presencial,Masculino,Amarela,0.3572540380784769
CAND_02613,9.3,46.0,Bacharelado,Capitais,Híbrido,Feminino,Parda,0.41710206713899134
CAND_02614,4.5,39.0,Bacharelado,Capitais,Híbrido,Não-binário,Preta,0.41840113545507374
CAND_02615,5.2,59.0,Doutorado,Região Metropolitana,Remoto,Feminino,Parda,0.6704452147006262
CAND_02616,9.9,53.0,Bacharelado,Região Metropolitana,Presencial,Feminino,Indígena,0.6559724515002827
CAND_02617,3.9,33.0,Bacharelado,Região Metropolitana,Presencial,Masculino,Amarela,0.2403986092429789
CAND_02618,5.7,53.0,Bacharelado,Capitais,Híbrido,Masculino,Branca,0.3786131905351954
CAND_02619,2.3,66.0,Bacharelado,Capitais,Híbrido,Masculino,Preta,0.6730986082118343
CAND_02620,1.2,47.0,Bacharelado,Região Metropolitana,Presencial,Feminino,Indígena,0.5399895297462132
CAND_02621,3.3,62.0,Mestrado,Região Metropolitana,Híbrido,Masculino,Parda,0.40851399326143095
CAND_02622,2.2,66.0,Mestrado,Capitais,Remoto,Feminino,Indígena,0.501452068571497
CAND_02623,8.5,29.0,Doutorado,Capitais,Híbrido,Não-binário,Preta,0.5460392443369914
CAND_02624,6.7,58.0,Bacharelado,Capitais,Remoto,Masculino,Preta,0.44362097428603
CAND_02625,0.9,42.0,Bacharelado,Região Metropolitana,Presencial,Feminino,Amarela,0.4619566289475347
CAND_02626,0.7,51.0,Mestrado,Capitais,Remoto,Masculino,Branca,0.36392852814290233
CAND_02627,5.4,39.0,Bacharelado,Região Metropolitana,Remoto,Não-binário,Indígena,0.49819328214597197
CAND_02628,8.4,49.0,Bacharelado,Interior,Remoto,Feminino,Preta,0.6038807064686676
CAND_02629,2.5,37.0,Bacharelado,Capitais,Presencial,Não-binário,Branca,0.3311094913430216
CAND_02630,7.0,40.0,Bacharelado,Região Metropolitana,Presencial,Masculino,Indígena,0.3918404649236052
CAND_02631,11.1,33.0,Bacharelado,Região Metropolitana,Híbrido,Não-binário,Preta,0.594938968912111
CAND_02632,8.7,56.0,Bacharelado,Capitais,Remoto,Feminino,Branca,0.47315296081207414
CAND_02633,10.3,66.0,Mestrado,Capitais,Presencial,Não-binário,Preta,0.5745025523897208
CAND_02634,7.8,33.0,Bacharelado,Interior,Remoto,Masculino,Amarela,0.6538200351434543
CAND_02635,1.5,76.0,Doutorado,Região Metropolitana,Híbrido,Não-binário,Branca,0.5283709730605036
CAND_02636,6.3,40.0,Bacharelado,Capitais,Híbrido,Não-binário,Branca,0.38478089350654177
CAND_02637,4.2,48.0,Mestrado,Capitais,Remoto,Feminino,Parda,0.3937420073395201
CAND_02638,5.4,39.0,Bacharelado,Região Metropolitana,Híbrido,Não-binário,Amarela,0.33690366356643364
CAND_02639,4.7,63.0,Bacharelado,Capitais,Presencial,Feminino,Preta,0.5498032339224594
CAND_02640,10.6,53.0,Mestrado,Capitais,Presencial,Feminino,Indígena,0.6583231530341999
CAND_02641,5.4,53.0,Bacharelado,Capitais,Híbrido,Não-binário,Preta,0.47787500486974754
CAND_02642,3.8,38.0,Bacharelado,Capitais,Híbrido,Masculino,Indígena,0.40793146935135327
CAND_02643,7.2,53.0,Bacharelado,Região Metropolitana,Híbrido,Não-binário,Preta,0.6001129289631513
CAND_02644,5.7,59.0,Bacharelado,Capitais,Híbrido,Masculino,Indígena,0.5757483863369001
CAND_02645,5.6,47.0,Bacharelado,Região Metropolitana,Híbrido,Não-binário,Indígena,0.34437179584028826
CAND_02646,3.4,54.0,Bacharelado,Capitais,Remoto,Não-binário,Indígena,0.5632517471795115
CAND_02647,4.8,49.0,Bacharelado,Região Metropolitana,Presencial,Masculino,Branca,0.34635414959120775
CAND_02648,7.9,62.0,Mestrado,Capitais,Híbrido,Feminino,Parda,0.6163334424451254
CAND_02649,1.7,27.0,Bacharelado,Capitais,Remoto,Masculino,Indígena,0.1727265815234183
CAND_02650,8.1,41.0,Bacharelado,Interior,Presencial,Não-binário,Amarela,0.3615687319212467
CAND_02651,3.1,38.0,Bacharelado,Interior,Híbrido,Feminino,Indígena,0.27007507962271454
CAND_02652,5.1,52.0,Ensino Médio,Capitais,Híbrido,Não-binário,Parda,0.3273483184355327
CAND_02653,6.0,22.0,Bacharelado,Capitais,Remoto,Masculino,Amarela,0.2869454690154979
CAND_02654,4.3,28.0,Mestrado,Capitais,Híbrido,Não-binário,Parda,0.4159279532823015
CAND_02655,4.7,78.0,Mestrado,Interior,Remoto,Masculino,Indígena,0.6230278460907892
CAND_02656,2.5,43.0,Bacharelado,Capitais,Presencial,Não-binário,Indígena,0.4907206026791347
CAND_02657,6.0,27.0,Bacharelado,Capitais,Híbrido,Feminino,Parda,0.4983451572042035
CAND_02658,8.4,54.0,Bacharelado,Capitais,Presencial,Feminino,Amarela,0.4234776118134519
CAND_02659,0.5,76.0,Mestrado,Região Metropolitana,Híbrido,Feminino,Branca,0.6124860801698465
CAND_02660,7.2,54.0,Bacharelado,Região Metropolitana,Remoto,Feminino,Parda,0.5213755885123231
CAND_02661,4.0,46.0,Bacharelado,Capitais,Presencial,Feminino,Parda,0.27568405273096186
CAND_02662,5.6,54.0,Ensino Médio,Região Metropolitana,Híbrido,Masculino,Amarela,0.6187467583047923
CAND_02663,4.0,60.0,Bacharelado,Capitais,Remoto,Masculino,Indígena,0.47617308630444155
CAND_02664,5.0,45.0,Mestrado,Região Metropolitana,Presencial,Não-binário,Parda,0.39404723650852735
CAND_02665,1.6,46.0,Bacharelado,Interior,Híbrido,Masculino,Indígena,0.3376669625958473
CAND_02666,10.7,55.0,Doutorado,Capitais,Híbrido,Não-binário,Parda,0.6126547979598093
CAND_02667,0.6,52.0,Bacharelado,Interior,Híbrido,Não-binário,Preta,0.30481167408194976
CAND_02668,5.0,10.0,Bacharelado,Capitais,Híbrido,Masculino,Preta,0.3830583193936467
CAND_02669,1.4,61.0,Ensino Médio,Região Metropolitana,Presencial,Não-binário,Amarela,0.30606015059515934
CAND_02670,6.3,65.0,Bacharelado,Capitais,Híbrido,Não-binário,Branca,0.43588863766721386
CAND_02671,0.0,50.0,Bacharelado,Interior,Presencial,Masculino,Branca,0.25507886333799523
CAND_02672,6.1,63.0,Bacharelado,Região Metropolitana,Presencial,Masculino,Parda,0.6017909445794325
CAND_02673,3.4,43.0,Ensino Médio,Capitais,Presencial,Não-binário,Parda,0.2372517226130561
CAND_02674,4.0,48.0,Bacharelado,Capitais,Híbrido,Masculino,Parda,0.46705899549352614
CAND_02675,5.9,44.0,Mestrado,Capitais,Híbrido,Masculino,Indígena,0.3506110199607465
CAND_02676,6.8,51.0,Bacharelado,Capitais,Híbrido,Masculino,Branca,0.5568419971503085
CAND_02677,7.4,34.0,Mestrado,Região Metropolitana,Híbrido,Não-binário,Branca,0.6654380481258406
CAND_02678,1.8,63.0,Bacharelado,Capitais,Híbrido,Feminino,Amarela,0.448048628932732
CAND_02679,7.4,64.0,Ensino Médio,Região Metropolitana,Remoto,Não-binário,Indígena,0.6370240917452779
CAND_02680,5.6,74.0,Bacharelado,Interior,Remoto,Feminino,Indígena,0.49408439112524327
CAND_02681,8.7,57.0,Ensino Médio,Capitais,Híbrido,Não-binário,Preta,0.37378405529120684
CAND_02682,2.3,48.0,Ensino Médio,Capitais,Híbrido,Feminino,Amarela,0.3709552001084358
CAND_02683,3.7,52.0,Ensino Médio,Capitais,Remoto,Masculino,Indígena,0.4603554972904918
CAND_02684,2.7,59.0,Bacharelado,Capitais,Híbrido,Masculino,Amarela,0.30222973874153786
CAND_02685,6.7,50.0,Bacharelado,Região Metropolitana,Remoto,Feminino,Branca,0.41078523500962627
CAND_02686,7.4,67.0,Bacharelado,Interior,Híbrido,Masculino,Amarela,0.5754731532163189
CAND_02687,7.4,66.0,Bacharelado,Capitais,Híbrido,Feminino,Branca,0.5871625124648947
CAND_02688,5.7,18.0,Bacharelado,Capitais,Híbrido,Masculino,Indígena,0.33017795563112534
CAND_02689,4.9,48.0,Bacharelado,Região Metropolitana,Remoto,Feminino,Preta,0.46282974732080157
CAND_02690,8.6,46.0,Mestrado,Região Metropolitana,Presencial,Masculino,Parda,0.5948515838603315
CAND_02691,1.8,28.0,Bacharelado,Região Metropolitana,Híbrido,Feminino,Branca,0.19097318492554632
CAND_02692,1.3,62.0,Mestrado,Interior,Híbrido,Masculino,Parda,0.4250031959861614
CAND_02693,7.5,51.0,Ensino Médio,Capitais,Presencial,Feminino,Parda,0.3999240291911869
CAND_02694,0.1,45.0,Bacharelado,Interior,Presencial,Não-binário,Preta,0.28441640434831716
CAND_02695,10.4,45.0,Bacharelado,Capitais,Remoto,Feminino,Indígena,0.4358405479563597
CAND_02696,5.2,56.0,Bacharelado,Interior,Presencial,Feminino,Branca,0.38866276781153614
CAND_02697,11.3,52.0,Bacharelado,Interior,Remoto,Não-binário,Amarela,0.5259312102396245
CAND_02698,2.8,73.0,Bacharelado,Capitais,Híbrido,Feminino,Amarela,0.3817856397918735
CAND_02699,3.5,76.0,Bacharelado,Capitais,Remoto,Feminino,Indígena,0.5234809869721827
CAND_02700,6.5,29.0,Ensino Médio,Região Metropolitana,Remoto,Masculino,Amarela,0.4288463425931902
CAND_02701,0.6,50.0,Ensino Médio,Interior,Híbrido,Masculino,Indígena,0.3294790670034428
CAND_02702,3.3,43.0,Ensino Médio,Capitais,Híbrido,Não-binário,Preta,0.48335336292487735
CAND_02703,2.8,54.0,Mestrado,Capitais,Híbrido,Masculino,Indígena,0.45186729962556915
CAND_02704,2.7,40.0,Mestrado,Capitais,Remoto,Masculino,Branca,0.31771727353562773
CAND_02705,6.9,74.0,Mestrado,Capitais,Híbrido,Masculino,Indígena,0.6208822555051123
CAND_02706,2.0,71.0,Bacharelado,Capitais,Remoto,Não-binário,Amarela,0.39736471247718375
CAND_02707,6.2,58.0,Doutorado,Capitais,Presencial,Feminino,Indígena,0.6280233673869786
CAND_02708,9.2,42.0,Bacharelado,Região Metropolitana,Remoto,Não-binário,Amarela,0.3579039929963663
CAND_02709,5.8,37.0,Bacharelado,Capitais,Híbrido,Não-binário,Parda,0.5775301133613628
CAND_02710,4.8,68.0,Ensino Médio,Região Metropolitana,Remoto,Masculino,Branca,0.5981465838288966
CAND_02711,2.2,33.0,Bacharelado,Capitais,Presencial,Feminino,Branca,0.2608778159512911
CAND_02712,0.0,54.0,Bacharelado,Capitais,Híbrido,Feminino,Indígena,0.39137121419076737
CAND_02713,6.6,48.0,Bacharelado,Capitais,Presencial,Feminino,Amarela,0.4609989916061966
CAND_02714,6.3,37.0,Bacharelado,Interior,Híbrido,Não-binário,Indígena,0.5267925056250217
CAND_02715,8.5,50.0,Bacharelado,Região Metropolitana,Presencial,Feminino,Preta,0.7089333274341356
CAND_02716,6.7,43.0,Bacharelado,Interior,Presencial,Masculino,Branca,0.4969657938248254
CAND_02717,5.7,48.0,Mestrado,Capitais,Híbrido,Não-binário,Indígena,0.6012987214263672
CAND_02718,6.8,31.0,Mestrado,Capitais,Híbrido,Feminino,Branca,0.5389150123274834
CAND_02719,4.7,25.0,Bacharelado,Interior,Híbrido,Feminino,Branca,0.3204837451589188
CAND_02720,0.2,67.0,Mestrado,Região Metropolitana,Remoto,Feminino,Indígena,0.3685259616801274
CAND_02721,4.1,51.0,Bacharelado,Capitais,Remoto,Masculino,Branca,0.494535265498813
CAND_02722,5.2,44.0,Bacharelado,Região Metropolitana,Remoto,Feminino,Indígena,0.4456291152724627
CAND_02723,1.8,62.0,Bacharelado,Capitais,Híbrido,Feminino,Branca,0.5303191720287136
CAND_02724,7.8,50.0,Mestrado,Região Metropolitana,Híbrido,Masculino,Amarela,0.6177647185007358
CAND_02725,4.8,31.0,Mestrado,Capitais,Presencial,Masculino,Branca,0.3363246312022568
CAND_02726,0.0,25.0,Doutorado,Capitais,Híbrido,Masculino,Branca,0.3520762459203101
CAND_02727,1.6,46.0,Bacharelado,Interior,Híbrido,Feminino,Indígena,0.3058279100061517
CAND_02728,9.8,54.0,Bacharelado,Capitais,Híbrido,Masculino,Branca,0.6190480995677254
CAND_02729,6.9,47.0,Bacharelado,Capitais,Híbrido,Masculino,Amarela,0.40902363576792955
CAND_02730,2.5,25.0,Bacharelado,Capitais,Remoto,Feminino,Parda,0.4674601566950469
CAND_02731,7.2,38.0,Bacharelado,Capitais,Híbrido,Masculino,Preta,0.5298248791589383
CAND_02732,5.8,44.0,Bacharelado,Região Metropolitana,Presencial,Não-binário,Amarela,0.4248429494227304
CAND_02733,9.4,76.0,Bacharelado,Capitais,Presencial,Masculino,Preta,0.7261668218323678
CAND_02734,12.6,67.0,Ensino Médio,Capitais,Remoto,Não-binário,Amarela,0.5029205199694043
CAND_02735,2.4,55.0,Bacharelado,Região Metropolitana,Híbrido,Não-binário,Parda,0.39394879331125027
CAND_02736,4.9,54.0,Bacharelado,Capitais,Híbrido,Feminino,Amarela,0.3123872964204908
CAND_02737,10.7,54.0,Bacharelado,Região Metropolitana,Remoto,Não-binário,Branca,0.4998850043335872
CAND_02738,7.5,69.0,Bacharelado,Região Metropolitana,Híbrido,Masculino,Amarela,0.4755589053257542
CAND_02739,2.0,25.0,Mestrado,Região Metropolitana,Híbrido,Masculino,Branca,0.32955687373471654
CAND_02740,10.0,60.0,Mestrado,Capitais,Híbrido,Feminino,Preta,0.7994700337241781
CAND_02741,7.3,47.0,Bacharelado,Capitais,Remoto,Masculino,Indígena,0.645201928039078
CAND_02742,9.7,59.0,Mestrado,Capitais,Remoto,Masculino,Amarela,0.6266782022918421
CAND_02743,1.4,53.0,Bacharelado,Capitais,Híbrido,Não-binário,Amarela,0.1864700654562023
CAND_02744,1.6,47.0,Doutorado,Capitais,Híbrido,Masculino,Branca,0.4936531871747235
CAND_02745,4.6,50.0,Mestrado,Interior,Remoto,Não-binário,Preta,0.5099882257562722
CAND_02746,6.6,50.0,Bacharelado,Interior,Híbrido,Não-binário,Branca,0.5945331127312172
CAND_02747,1.6,40.0,Mestrado,Capitais,Remoto,Masculino,Amarela,0.5066532878136196
CAND_02748,8.1,48.0,Bacharelado,Região Metropolitana,Remoto,Não-binário,Preta,0.4035621228770312
CAND_02749,11.9,28.0,Bacharelado,Capitais,Híbrido,Masculino,Indígena,0.32366356806265484
CAND_02750,3.2,41.0,Mestrado,Capitais,Remoto,Não-binário,Indígena,0.3742097522041822
CAND_02751,3.0,46.0,Bacharelado,Capitais,Híbrido,Feminino,Branca,0.4683797550399786
CAND_02752,10.4,46.0,Bacharelado,Região Metropolitana,Híbrido,Masculino,Amarela,0.6188569767915683
CAND_02753,3.4,54.0,Mestrado,Interior,Remoto,Masculino,Preta,0.4712713755603508
CAND_02754,0.9,37.0,Mestrado,Região Metropolitana,Híbrido,Masculino,Preta,0.2783149053365115
CAND_02755,9.5,42.0,Mestrado,Capitais,Híbrido,Feminino,Branca,0.6652422577326467
CAND_02756,7.2,58.0,Ensino Médio,Capitais,Presencial,Feminino,Preta,0.32638106998084415
CAND_02757,9.5,69.0,Bacharelado,Capitais,Remoto,Masculino,Parda,0.5491675557541936
CAND_02758,5.1,65.0,Mestrado,Capitais,Híbrido,Masculino,Indígena,0.39356503239548396
CAND_02759,5.3,48.0,Mestrado,Região Metropolitana,Remoto,Masculino,Parda,0.4304464056083235
CAND_02760,4.2,44.0,Mestrado,Capitais,Presencial,Feminino,Indígena,0.4917805098692366
CAND_02761,3.9,44.0,Bacharelado,Capitais,Presencial,Não-binário,Branca,0.4296818017007502
CAND_02762,3.5,43.0,Bacharelado,Interior,Híbrido,Feminino,Indígena,0.026924074140018572
CAND_02763,2.2,59.0,Bacharelado,Capitais,Presencial,Feminino,Amarela,0.4002799763244866
CAND_02764,2.8,41.0,Bacharelado,Região Metropolitana,Híbrido,Masculino,Parda,0.36263467586216885
CAND_02765,3.8,59.0,Bacharelado,Região Metropolitana,Remoto,Não-binário,Parda,0.3475362073105464
CAND_02766,5.8,51.0,Mestrado,Capitais,Híbrido,Feminino,Indígena,0.5965095303090483
CAND_02767,9.1,58.0,Bacharelado,Capitais,Presencial,Masculino,Indígena,0.5349449875949784
CAND_02768,0.0,35.0,Ensino Médio,Região Metropolitana,Híbrido,Feminino,Parda,0.2004481320143201
CAND_02769,6.1,45.0,Mestrado,Região Metropolitana,Remoto,Masculino,Parda,0.4496858885337602
CAND_02770,0.0,37.0,Bacharelado,Capitais,Híbrido,Feminino,Amarela,0.21160764375033067
CAND_02771,6.6,82.0,Bacharelado,Região Metropolitana,Híbrido,Masculino,Indígena,0.5476252470022996
CAND_02772,0.0,46.0,Ensino Médio,Região Metropolitana,Híbrido,Feminino,Preta,0.2796496333077021
CAND_02773,0.0,33.0,Bacharelado,Capitais,Híbrido,Masculino,Indígena,0.5369958863828443
CAND_02774,6.6,37.0,Ensino Médio,Região Metropolitana,Presencial,Não-binário,Preta,0.5338742622724244
CAND_02775,5.6,41.0,Mestrado,Capitais,Híbrido,Não-binário,Parda,0.5519672671693089
CAND_02776,0.7,57.0,Mestrado,Capitais,Presencial,Feminino,Branca,0.3126308878156735
CAND_02777,8.3,50.0,Bacharelado,Capitais,Híbrido,Não-binário,Preta,0.5720759640780215
CAND_02778,4.2,64.0,Bacharelado,Região Metropolitana,Híbrido,Feminino,Indígena,0.4042960468936591
CAND_02779,6.5,59.0,Bacharelado,Capitais,Híbrido,Feminino,Parda,0.4897241375589898
CAND_02780,8.0,69.0,Ensino Médio,Capitais,Presencial,Não-binário,Indígena,0.48723021250509657
CAND_02781,10.2,37.0,Bacharelado,Região Metropolitana,Remoto,Masculino,Preta,0.6091443626300626
CAND_02782,5.0,34.0,Bacharelado,Região Metropolitana,Híbrido,Feminino,Indígena,0.39906064495936344
CAND_02783,1.9,57.0,Bacharelado,Capitais,Híbrido,Não-binário,Parda,0.5804752269323639
CAND_02784,8.4,73.0,Mestrado,Região Metropolitana,Presencial,Masculino,Parda,0.7227128077916194
CAND_02785,9.1,61.0,Bacharelado,Capitais,Remoto,Não-binário,Preta,0.6374823035083262
CAND_02786,7.6,50.0,Bacharelado,Capitais,Remoto,Masculino,Preta,0.5764478445146496
CAND_02787,6.2,49.0,Ensino Médio,Região Metropolitana,Híbrido,Não-binário,Amarela,0.5912505712478122
CAND_02788,8.5,22.0,Mestrado,Capitais,Híbrido,Não-binário,Indígena,0.6926723530380992
CAND_02789,4.1,56.0,Bacharelado,Capitais,Remoto,Não-binário,Parda,0.40259501793496466
CAND_02790,5.1,28.0,Bacharelado,Capitais,Presencial,Masculino,Amarela,0.48201048227031895
CAND_02791,7.5,85.0,Bacharelado,Região Metropolitana,Remoto,Masculino,Indígena,0.5587533244985574
CAND_02792,6.3,67.0,Doutorado,Capitais,Híbrido,Não-binário,Preta,0.8351005471233768
CAND_02793,8.1,78.0,Bacharelado,Região Metropolitana,Presencial,Masculino,Amarela,0.62968339199161
CAND_02794,0.1,41.0,Mestrado,Capitais,Remoto,Feminino,Parda,0.5170874858937826
CAND_02795,4.4,35.0,Ensino Médio,Capitais,Remoto,Não-binário,Preta,0.49180189220564496
CAND_02796,7.6,66.0,Doutorado,Capitais,Remoto,Não-binário,Indígena,0.6171811353723342
CAND_02797,4.7,60.0,Bacharelado,Capitais,Híbrido,Masculino,Branca,0.4099008213518093
CAND_02798,7.2,61.0,Bacharelado,Capitais,Híbrido,Masculino,Parda,0.5210183785576514
CAND_02799,3.7,67.0,Bacharelado,Capitais,Híbrido,Feminino,Branca,0.4496637678625374
CAND_02800,9.1,65.0,Mestrado,Região Metropolitana,Presencial,Não-binário,Branca,0.733388445467378
CAND_02801,4.0,55.0,Bacharelado,Capitais,Presencial,Masculino,Branca,0.3787056814024383
CAND_02802,2.6,53.0,Bacharelado,Capitais,Presencial,Feminino,Amarela,0.3152700669374901
CAND_02803,4.3,39.0,Bacharelado,Região Metropolitana,Presencial,Não-binário,Parda,0.4423159729088898
CAND_02804,7.6,40.0,Bacharelado,Região Metropolitana,Presencial,Feminino,Parda,0.554226363125159
CAND_02805,4.3,59.0,Bacharelado,Capitais,Híbrido,Masculino,Preta,0.3831243846515063
CAND_02806,0.0,50.0,Doutorado,Interior,Híbrido,Não-binário,Parda,0.5173551711508549
CAND_02807,2.9,59.0,Bacharelado,Capitais,Presencial,Feminino,Parda,0.555332078975146
CAND_02808,5.0,77.0,Bacharelado,Capitais,Híbrido,Feminino,Amarela,0.4693530932603677
CAND_02809,5.4,61.0,Mestrado,Capitais,Presencial,Masculino,Parda,0.5780485049275075
CAND_02810,7.5,47.0,Mestrado,Capitais,Híbrido,Não-binário,Parda,0.3760445774780483
CAND_02811,3.6,36.0,Bacharelado,Capitais,Remoto,Feminino,Amarela,0.3071958015454514
CAND_02812,3.1,45.0,Bacharelado,Capitais,Remoto,Masculino,Amarela,0.4456910467121914
CAND_02813,4.9,36.0,Bacharelado,Região Metropolitana,Híbrido,Feminino,Amarela,0.3851956822353564
CAND_02814,3.9,42.0,Ensino Médio,Capitais,Híbrido,Não-binário,Preta,0.3865526093218519
CAND_02815,4.1,24.0,Bacharelado,Região Metropolitana,Presencial,Masculino,Indígena,0.4775625669375175
CAND_02816,2.8,34.0,Bacharelado,Interior,Presencial,Não-binário,Amarela,0.40362503027046426
CAND_02817,7.4,54.0,Bacharelado,Capitais,Híbrido,Não-binário,Parda,0.3458072879763505
CAND_02818,9.9,31.0,Mestrado,Região Metropolitana,Híbrido,Masculino,Amarela,0.49578345326751416
CAND_02819,0.0,37.0,Bacharelado,Capitais,Híbrido,Masculino,Branca,0.15973575060921727
CAND_02820,3.8,65.0,Bacharelado,Capitais,Remoto,Masculino,Branca,0.6660909569732028
CAND_02821,8.3,59.0,Bacharelado,Capitais,Remoto,Não-binário,Preta,0.3070023510067238
CAND_02822,5.6,42.0,Bacharelado,Interior,Híbrido,Masculino,Branca,0.48430104115559724
CAND_02823,4.3,86.0,Bacharelado,Região Metropolitana,Presencial,Masculino,Indígena,0.6234783199997541
CAND_02824,10.2,55.0,Bacharelado,Capitais,Híbrido,Feminino,Preta,0.4584398628230346
CAND_02825,3.1,38.0,Bacharelado,Capitais,Remoto,Não-binário,Parda,0.2786698210162604
CAND_02826,7.1,80.0,Bacharelado,Capitais,Híbrido,Masculino,Preta,0.6419772128727962
CAND_02827,6.7,63.0,Ensino Médio,Capitais,Híbrido,Não-binário,Amarela,0.4779825609352124
CAND_02828,1.4,93.0,Bacharelado,Capitais,Híbrido,Não-binário,Parda,0.45550639365791573
CAND_02829,4.2,72.0,Ensino Médio,Interior,Presencial,Feminino,Branca,0.5765188937859196
CAND_02830,5.3,62.0,Bacharelado,Capitais,Presencial,Feminino,Indígena,0.5652848433116106
CAND_02831,8.7,40.0,Bacharelado,Capitais,Presencial,Feminino,Branca,0.31847382253955137
CAND_02832,10.4,77.0,Mestrado,Região Metropolitana,Presencial,Feminino,Preta,0.8336318045284302
CAND_02833,4.1,20.0,Bacharelado,Região Metropolitana,Híbrido,Não-binário,Amarela,0.10027679592266947
CAND_02834,6.7,19.0,Mestrado,Capitais,Presencial,Não-binário,Branca,0.2952413689598234
CAND_02835,7.3,87.0,Bacharelado,Capitais,Híbrido,Masculino,Parda,0.6809277475277369
CAND_02836,6.4,33.0,Bacharelado,Região Metropolitana,Híbrido,Feminino,Amarela,0.4666143288858912
CAND_02837,2.8,33.0,Mestrado,Capitais,Híbrido,Não-binário,Parda,0.38656680435349977
CAND_02838,5.2,32.0,Bacharelado,Capitais,Híbrido,Feminino,Preta,0.39141670355646396
CAND_02839,7.4,40.0,Bacharelado,Capitais,Presencial,Feminino,Parda,0.3835095985047551
CAND_02840,3.1,63.0,Ensino Médio,Interior,Remoto,Masculino,Branca,0.40024214127368435
CAND_02841,1.6,52.0,Mestrado,Interior,Híbrido,Feminino,Preta,0.4298942305066686
CAND_02842,0.8,52.0,Mestrado,Capitais,Presencial,Não-binário,Branca,0.5423440818006267
CAND_02843,5.7,44.0,Bacharelado,Capitais,Híbrido,Feminino,Parda,0.44124165878392513
CAND_02844,0.0,63.0,Doutorado,Capitais,Remoto,Masculino,Indígena,0.5386901703346204
CAND_02845,2.6,44.0,Bacharelado,Região Metropolitana,Remoto,Não-binário,Parda,0.2990909973783262
CAND_02846,0.3,82.0,Bacharelado,Capitais,Remoto,Não-binário,Amarela,0.6000648982004357
CAND_02847,1.9,39.0,Bacharelado,Capitais,Híbrido,Feminino,Preta,0.4378795090689628
CAND_02848,3.7,83.0,Bacharelado,Região Metropolitana,Remoto,Masculino,Preta,0.6972992653682508
CAND_02849,0.6,55.0,Bacharelado,Capitais,Híbrido,Feminino,Amarela,0.29431138523314104
CAND_02850,3.9,79.0,Bacharelado,Interior,Híbrido,Masculino,Parda,0.3599924250253398
CAND_02851,1.7,75.0,Bacharelado,Capitais,Remoto,Masculino,Parda,0.5459342863007689
CAND_02852,4.9,45.0,Bacharelado,Interior,Remoto,Não-binário,Parda,0.45874125544984
CAND_02853,2.7,52.0,Mestrado,Capitais,Presencial,Feminino,Branca,0.506841025548101
CAND_02854,8.1,43.0,Bacharelado,Capitais,Remoto,Não-binário,Branca,0.4759952591008571
CAND_02855,6.3,47.0,Mestrado,Capitais,Presencial,Não-binário,Indígena,0.41360207006907723
CAND_02856,1.8,69.0,Mestrado,Capitais,Híbrido,Masculino,Branca,0.6200216047418968
CAND_02857,7.3,30.0,Mestrado,Interior,Híbrido,Não-binário,Amarela,0.45173956061994724
CAND_02858,1.0,52.0,Bacharelado,Capitais,Híbrido,Masculino,Amarela,0.43745758674662155
CAND_02859,7.1,33.0,Bacharelado,Capitais,Híbrido,Não-binário,Amarela,0.38409836764506233
CAND_02860,10.6,54.0,Mestrado,Capitais,Presencial,Feminino,Parda,0.5461935546827644
CAND_02861,6.3,52.0,Bacharelado,Capitais,Remoto,Feminino,Branca,0.46450265235854044
CAND_02862,1.6,53.0,Bacharelado,Região Metropolitana,Presencial,Não-binário,Amarela,0.35702851584478645
CAND_02863,4.4,39.0,Mestrado,Interior,Presencial,Não-binário,Branca,0.40566530088686137
CAND_02864,3.9,61.0,Bacharelado,Capitais,Híbrido,Feminino,Amarela,0.5763551255669839
CAND_02865,2.9,61.0,Bacharelado,Capitais,Híbrido,Masculino,Indígena,0.3246513920592716
CAND_02866,4.4,67.0,Bacharelado,Capitais,Híbrido,Não-binário,Branca,0.51333829477446
CAND_02867,4.7,48.0,Bacharelado,Região Metropolitana,Híbrido,Feminino,Amarela,0.2741452936654751
CAND_02868,7.0,69.0,Bacharelado,Capitais,Remoto,Masculino,Amarela,0.6072086279749621
CAND_02869,6.8,43.0,Bacharelado,Capitais,Híbrido,Masculino,Parda,0.5070074746953097
CAND_02870,7.4,31.0,Bacharelado,Região Metropolitana,Remoto,Feminino,Indígena,0.5043987203397702
CAND_02871,0.8,56.0,Mestrado,Capitais,Presencial,Feminino,Amarela,0.3777719751562689
CAND_02872,1.5,51.0,Doutorado,Capitais,Remoto,Feminino,Amarela,0.4222057143946073
CAND_02873,8.4,40.0,Doutorado,Capitais,Híbrido,Feminino,Indígena,0.5520611198103841
CAND_02874,4.3,53.0,Bacharelado,Capitais,Híbrido,Masculino,Preta,0.5588437741449243
CAND_02875,5.7,31.0,Bacharelado,Capitais,Híbrido,Não-binário,Branca,0.35079761547723937
CAND_02876,5.6,52.0,Bacharelado,Região Metropolitana,Presencial,Feminino,Preta,0.48174479503406836
CAND_02877,3.2,61.0,Bacharelado,Região Metropolitana,Híbrido,Masculino,Parda,0.39650667963191827
CAND_02878,4.8,47.0,Ensino Médio,Região Metropolitana,Presencial,Feminino,Branca,0.5596453723453795
CAND_02879,3.3,36.0,Bacharelado,Interior,Híbrido,Não-binário,Parda,0.23695118445560598
CAND_02880,0.1,49.0,Bacharelado,Capitais,Híbrido,Feminino,Amarela,0.28996404414481064
CAND_02881,3.4,65.0,Bacharelado,Capitais,Híbrido,Masculino,Amarela,0.5318795114390525
CAND_02882,7.2,48.0,Ensino Médio,Capitais,Híbrido,Masculino,Parda,0.44202857216931407
CAND_02883,3.8,60.0,Bacharelado,Interior,Remoto,Não-binário,Parda,0.37033166136815243
CAND_02884,6.5,62.0,Ensino Médio,Região Metropolitana,Híbrido,Masculino,Preta,0.6038647755105496
CAND_02885,5.0,36.0,Mestrado,Interior,Híbrido,Feminino,Amarela,0.33798119675953653
CAND_02886,8.0,41.0,Bacharelado,Capitais,Remoto,Não-binário,Preta,0.4601165269857657
CAND_02887,8.5,70.0,Mestrado,Capitais,Presencial,Não-binário,Parda,0.7915542576444214
CAND_02888,5.6,61.0,Bacharelado,Capitais,Remoto,Feminino,Preta,0.522133609779268
CAND_02889,7.1,46.0,Mestrado,Capitais,Presencial,Masculino,Amarela,0.5564452933521568
CAND_02890,3.9,63.0,Bacharelado,Capitais,Híbrido,Masculino,Amarela,0.5883307981924571
CAND_02891,0.4,71.0,Mestrado,Capitais,Presencial,Masculino,Amarela,0.4638079569152035
CAND_02892,0.0,34.0,Mestrado,Região Metropolitana,Remoto,Feminino,Parda,0.4030735167809803
CAND_02893,5.0,43.0,Bacharelado,Região Metropolitana,Remoto,Masculino,Branca,0.5423322418201543
CAND_02894,1.0,42.0,Ensino Médio,Capitais,Presencial,Masculino,Branca,0.3296283200256591
CAND_02895,9.8,48.0,Mestrado,Capitais,Presencial,Masculino,Branca,0.6518834421989761
CAND_02896,2.3,69.0,Bacharelado,Capitais,Presencial,Feminino,Parda,0.40257119822517823
CAND_02897,5.6,70.0,Bacharelado,Capitais,Híbrido,Não-binário,Parda,0.5049278583851636
CAND_02898,4.3,63.0,Bacharelado,Capitais,Presencial,Feminino,Amarela,0.5826423152748764
CAND_02899,0.7,73.0,Mestrado,Capitais,Híbrido,Masculino,Parda,0.6779218482417791
CAND_02900,2.9,22.0,Bacharelado,Região Metropolitana,Híbrido,Masculino,Amarela,0.34453329527855614
CAND_02901,5.1,37.0,Mestrado,Capitais,Híbrido,Feminino,Parda,0.5308182706861565
CAND_02902,5.2,49.0,Bacharelado,Região Metropolitana,Presencial,Masculino,Parda,0.4170085127801999
CAND_02903,3.9,64.0,Bacharelado,Interior,Presencial,Não-binário,Indígena,0.5201116611946535
CAND_02904,6.0,48.0,Bacharelado,Região Metropolitana,Híbrido,Masculino,Parda,0.43884611870493895
CAND_02905,1.6,54.0,Bacharelado,Capitais,Híbrido,Feminino,Preta,0.3398732513154715
CAND_02906,3.9,37.0,Mestrado,Região Metropolitana,Presencial,Não-binário,Branca,0.3751898774764536
CAND_02907,10.0,57.0,Bacharelado,Capitais,Remoto,Não-binário,Parda,0.6170088300849265
CAND_02908,1.9,53.0,Ensino Médio,Interior,Híbrido,Feminino,Preta,0.18616429553465771
CAND_02909,8.7,21.0,Mestrado,Região Metropolitana,Híbrido,Feminino,Branca,0.3280513823377279
CAND_02910,2.5,25.0,Bacharelado,Interior,Híbrido,Não-binário,Parda,0.22360445305251114
CAND_02911,1.8,56.0,Mestrado,Capitais,Presencial,Não-binário,Preta,0.47160772203294393
CAND_02912,5.3,36.0,Bacharelado,Capitais,Híbrido,Não-binário,Branca,0.34195442203386384
CAND_02913,7.4,59.0,Mestrado,Capitais,Híbrido,Masculino,Indígena,0.8251551212083736
CAND_02914,2.8,80.0,Bacharelado,Capitais,Híbrido,Feminino,Amarela,0.389080649697513
CAND_02915,0.0,69.0,Bacharelado,Capitais,Presencial,Feminino,Preta,0.34075451136906515
CAND_02916,8.9,62.0,Bacharelado,Interior,Híbrido,Masculino,Branca,0.39324500532280887
CAND_02917,2.8,86.0,Bacharelado,Região Metropolitana,Híbrido,Masculino,Amarela,0.6494187070007522
CAND_02918,1.3,59.0,Mestrado,Capitais,Remoto,Não-binário,Amarela,0.3692844044511633
CAND_02919,5.8,47.0,Mestrado,Interior,Híbrido,Masculino,Amarela,0.4042712217225933
CAND_02920,3.3,43.0,Bacharelado,Interior,Remoto,Masculino,Preta,0.4236135133417881
CAND_02921,5.7,56.0,Bacharelado,Região Metropolitana,Presencial,Não-binário,Parda,0.5847690263805335
CAND_02922,2.3,40.0,Bacharelado,Região Metropolitana,Presencial,Feminino,Indígena,0.17814657886424046
CAND_02923,3.0,72.0,Ensino Médio,Região Metropolitana,Remoto,Masculino,Preta,0.5878638597638975
CAND_02924,1.8,59.0,Bacharelado,Capitais,Remoto,Masculino,Preta,0.4230938575905829
CAND_02925,2.1,72.0,Bacharelado,Capitais,Híbrido,Feminino,Indígena,0.7104805434301693
CAND_02926,4.4,64.0,Mestrado,Capitais,Remoto,Masculino,Indígena,0.4761795901636286
CAND_02927,10.4,49.0,Ensino Médio,Capitais,Presencial,Não-binário,Parda,0.6265157952952848
CAND_02928,5.5,61.0,Bacharelado,Capitais,Remoto,Feminino,Branca,0.5298274743562413
CAND_02929,3.9,50.0,Bacharelado,Capitais,Híbrido,Feminino,Preta,0.3587178250690263
CAND_02930,4.5,33.0,Bacharelado,Região Metropolitana,Remoto,Feminino,Amarela,0.3656152312298138
CAND_02931,0.4,54.0,Mestrado,Capitais,Remoto,Não-binário,Indígena,0.4592110957702748
CAND_02932,9.9,65.0,Bacharelado,Região Metropolitana,Presencial,Não-binário,Indígena,0.5337906905252557
CAND_02933,8.6,64.0,Bacharelado,Capitais,Presencial,Masculino,Preta,0.49797419451850516
CAND_02934,8.0,73.0,Mestrado,Capitais,Híbrido,Não-binário,Parda,0.7032034736982334
CAND_02935,6.6,37.0,Bacharelado,Capitais,Presencial,Feminino,Branca,0.45466590250505506
CAND_02936,8.8,56.0,Bacharelado,Capitais,Híbrido,Feminino,Branca,0.4676663227292891
CAND_02937,6.3,22.0,Doutorado,Capitais,Híbrido,Feminino,Indígena,0.3513099016402486
CAND_02938,6.5,55.0,Mestrado,Capitais,Presencial,Feminino,Amarela,0.3219774456663875
CAND_02939,3.4,57.0,Bacharelado,Capitais,Remoto,Masculino,Branca,0.3969878469737397
CAND_02940,6.4,30.0,Bacharelado,Região Metropolitana,Remoto,Feminino,Preta,0.3692783377996115
CAND_02941,9.9,25.0,Bacharelado,Capitais,Híbrido,Masculino,Parda,0.5394201636042225
CAND_02942,10.0,57.0,Bacharelado,Capitais,Híbrido,Feminino,Amarela,0.6829416221377934
CAND_02943,2.2,38.0,Bacharelado,Região Metropolitana,Híbrido,Não-binário,Amarela,0.4655569467560796
CAND_02944,0.9,42.0,Doutorado,Capitais,Presencial,Masculino,Amarela,0.4283862567498457
CAND_02945,5.5,46.0,Bacharelado,Interior,Remoto,Não-binário,Indígena,0.3607364948105698
CAND_02946,3.4,41.0,Bacharelado,Capitais,Presencial,Feminino,Parda,0.5161265657743277
CAND_02947,5.1,55.0,Doutorado,Capitais,Híbrido,Feminino,Amarela,0.46681120919592617
CAND_02948,4.1,62.0,Bacharelado,Capitais,Presencial,Feminino,Parda,0.3366254687196705
CAND_02949,3.3,30.0,Bacharelado,Capitais,Remoto,Feminino,Branca,0.22551301047447808
CAND_02950,9.4,48.0,Mestrado,Capitais,Híbrido,Feminino,Branca,0.5470953962166052
CAND_02951,4.0,90.0,Bacharelado,Capitais,Remoto,Não-binário,Preta,0.5145037885196572
CAND_02952,5.2,61.0,Bacharelado,Região Metropolitana,Presencial,Feminino,Amarela,0.4618743568011126
CAND_02953,0.4,62.0,Bacharelado,Capitais,Presencial,Feminino,Parda,0.5520614716397019
CAND_02954,12.3,43.0,Bacharelado,Capitais,Presencial,Não-binário,Branca,0.48084736098499553
CAND_02955,0.2,57.0,Bacharelado,Capitais,Presencial,Feminino,Amarela,0.26060457282639227
CAND_02956,4.5,69.0,Doutorado,Capitais,Remoto,Não-binário,Preta,0.5198207052932895
CAND_02957,7.7,60.0,Mestrado,Região Metropolitana,Híbrido,Masculino,Amarela,0.5676040095331946
CAND_02958,2.5,56.0,Ensino Médio,Região Metropolitana,Presencial,Não-binário,Parda,0.3448330787868538
CAND_02959,4.7,45.0,Bacharelado,Capitais,Remoto,Masculino,Parda,0.35053924029290673
CAND_02960,9.6,44.0,Mestrado,Região Metropolitana,Presencial,Masculino,Indígena,0.4764389999312014
CAND_02961,4.7,43.0,Ensino Médio,Região Metropolitana,Presencial,Não-binário,Preta,0.3355786966982071
CAND_02962,7.2,24.0,Bacharelado,Interior,Híbrido,Não-binário,Branca,0.03082426360604934
CAND_02963,1.1,63.0,Bacharelado,Região Metropolitana,Híbrido,Masculino,Branca,0.43452855262558504
CAND_02964,6.5,74.0,Bacharelado,Capitais,Presencial,Masculino,Branca,0.48880638793453823
CAND_02965,12.2,40.0,Bacharelado,Região Metropolitana,Remoto,Masculino,Branca,0.5976447009337574
CAND_02966,9.0,42.0,Ensino Médio,Capitais,Presencial,Masculino,Indígena,0.2683241941247779
CAND_02967,9.0,42.0,Ensino Médio,Região Metropolitana,Remoto,Masculino,Branca,0.5041387256812101
CAND_02968,8.4,59.0,Doutorado,Capitais,Híbrido,Feminino,Preta,0.5577780047823482
CAND_02969,5.1,25.0,Mestrado,Região Metropolitana,Híbrido,Feminino,Preta,0.4272345869979273
CAND_02970,1.1,60.0,Bacharelado,Capitais,Presencial,Masculino,Indígena,0.3657334189045392
CAND_02971,1.8,26.0,Mestrado,Capitais,Híbrido,Masculino,Preta,0.2888967377453158
CAND_02972,4.7,54.0,Mestrado,Região Metropolitana,Remoto,Feminino,Preta,0.4848752341750815
CAND_02973,6.7,84.0,Bacharelado,Capitais,Remoto,Não-binário,Indígena,0.50186650377629
CAND_02974,3.4,57.0,Ensino Médio,Capitais,Presencial,Feminino,Indígena,0.3919102250775277
CAND_02975,8.1,69.0,Mestrado,Região Metropolitana,Presencial,Feminino,Branca,0.6727165185426862
CAND_02976,5.2,42.0,Mestrado,Capitais,Presencial,Não-binário,Branca,0.46931421567338405
CAND_02977,5.5,50.0,Mestrado,Capitais,Remoto,Feminino,Amarela,0.33905599310451306
CAND_02978,6.7,59.0,Mestrado,Região Metropolitana,Híbrido,Feminino,Parda,0.4262783922047857
CAND_02979,1.6,35.0,Bacharelado,Capitais,Híbrido,Não-binário,Indígena,0.31520656885521
CAND_02980,2.3,46.0,Mestrado,Capitais,Híbrido,Não-binário,Branca,0.4210256223055776
CAND_02981,3.8,36.0,Doutorado,Capitais,Remoto,Masculino,Amarela,0.6257798304032067
CAND_02982,4.7,50.0,Mestrado,Capitais,Presencial,Masculino,Amarela,0.47413617402062425
CAND_02983,4.4,28.0,Doutorado,Capitais,Presencial,Masculino,Amarela,0.6435974280435897
CAND_02984,5.3,32.0,Bacharelado,Região Metropolitana,Remoto,Masculino,Indígena,0.33337341801522646
CAND_02985,6.1,42.0,Bacharelado,Interior,Híbrido,Masculino,Amarela,0.4233234227661038
CAND_02986,4.5,60.0,Bacharelado,Capitais,Híbrido,Não-binário,Amarela,0.4675606293876691
CAND_02987,11.4,64.0,Mestrado,Capitais,Remoto,Não-binário,Branca,0.6502481990573485
CAND_02988,2.1,64.0,Bacharelado,Região Metropolitana,Remoto,Masculino,Preta,0.5213178224220809
CAND_02989,5.4,48.0,Bacharelado,Região Metropolitana,Híbrido,Feminino,Indígena,0.4756917894956164
CAND_02990,10.4,44.0,Bacharelado,Capitais,Remoto,Masculino,Indígena,0.5928862501624769
CAND_02991,2.6,36.0,Mestrado,Capitais,Remoto,Masculino,Amarela,0.3426803382788599
CAND_02992,1.4,58.0,Bacharelado,Capitais,Remoto,Feminino,Preta,0.4416051758611116
CAND_02993,8.4,33.0,Mestrado,Região Metropolitana,Híbrido,Feminino,Preta,0.4388182726534179
CAND_02994,8.5,73.0,Bacharelado,Interior,Presencial,Feminino,Indígena,0.5295206729320331
CAND_02995,1.8,48.0,Doutorado,Capitais,Remoto,Feminino,Amarela,0.5444234831311372
CAND_02996,5.9,30.0,Mestrado,Capitais,Híbrido,Feminino,Branca,0.5084364475326753
CAND_02997,8.6,49.0,Bacharelado,Capitais,Remoto,Feminino,Indígena,0.694907022550704
CAND_02998,4.1,44.0,Doutorado,Capitais,Remoto,Feminino,Preta,0.5086537337779194
CAND_02999,7.2,30.0,Bacharelado,Capitais,Presencial,Masculino,Preta,0.47615285473808217
CAND_03000,8.2,76.0,Bacharelado,Interior,Remoto,Não-binário,Parda,0.5092889180960999
CAND_03001,8.0,56.0,Ensino Médio,Capitais,Híbrido,Não-binário,Indígena,0.510599399104863
CAND_03002,4.9,36.0,Ensino Médio,Capitais,Híbrido,Não-binário,Parda,0.30634965906984674
CAND_03003,0.0,34.0,Bacharelado,Capitais,Presencial,Masculino,Parda,0.20702660409774465
CAND_03004,0.0,58.0,Bacharelado,Capitais,Híbrido,Feminino,Amarela,0.31950938232408643
CAND_03005,6.1,65.0,Ensino Médio,Capitais,Presencial,Feminino,Preta,0.47057842932102417
CAND_03006,6.6,63.0,Bacharelado,Capitais,Presencial,Feminino,Parda,0.6166342777396883
CAND_03007,9.1,60.0,Bacharelado,Região Metropolitana,Remoto,Masculino,Preta,0.6734836640333269
CAND_03008,4.7,54.0,Bacharelado,Capitais,Híbrido,Masculino,Preta,0.5282826773720746
CAND_03009,2.7,73.0,Ensino Médio,Capitais,Presencial,Masculino,Amarela,0.6425521120409305
CAND_03010,8.8,64.0,Ensino Médio,Capitais,Híbrido,Não-binário,Indígena,0.642097343008295
CAND_03011,7.3,53.0,Mestrado,Capitais,Híbrido,Feminino,Indígena,0.5959517050390052
CAND_03012,4.5,55.0,Bacharelado,Capitais,Híbrido,Não-binário,Branca,0.534883501574185
CAND_03013,0.0,27.0,Mestrado,Região Metropolitana,Presencial,Masculino,Branca,0.31388286776647684
CAND_03014,6.2,41.0,Bacharelado,Capitais,Híbrido,Masculino,Preta,0.4369232328340342
CAND_03015,9.5,30.0,Mestrado,Capitais,Híbrido,Não-binário,Amarela,0.4177059003812281
CAND_03016,10.3,53.0,Doutorado,Capitais,Híbrido,Masculino,Branca,0.7531434224598407
CAND_03017,4.9,22.0,Mestrado,Capitais,Presencial,Feminino,Branca,0.3661961536647592
CAND_03018,7.7,68.0,Bacharelado,Capitais,Remoto,Masculino,Amarela,0.564291249729613
CAND_03019,4.5,87.0,Ensino Médio,Interior,Remoto,Masculino,Amarela,0.5439578687105153
CAND_03020,7.6,48.0,Bacharelado,Região Metropolitana,Presencial,Não-binário,Indígena,0.5491149006222787
CAND_03021,7.5,41.0,Ensino Médio,Capitais,Híbrido,Não-binário,Parda,0.30640673314406086
CAND_03022,0.0,39.0,Mestrado,Região Metropolitana,Remoto,Masculino,Amarela,0.3068870314254113
CAND_03023,4.8,22.0,Bacharelado,Região Metropolitana,Remoto,Masculino,Parda,0.2329205584457435
CAND_03024,0.8,60.0,Bacharelado,Região Metropolitana,Híbrido,Feminino,Branca,0.3391141709824209
CAND_03025,6.7,49.0,Bacharelado,Capitais,Remoto,Não-binário,Indígena,0.46566777425210426
CAND_03026,5.1,55.0,Bacharelado,Região Metropolitana,Presencial,Masculino,Indígena,0.36634021162777464
CAND_03027,6.0,51.0,Bacharelado,Capitais,Remoto,Não-binário,Branca,0.43734067562079393
CAND_03028,7.1,50.0,Bacharelado,Capitais,Híbrido,Não-binário,Parda,0.4559484036252006
CAND_03029,6.3,28.0,Ensino Médio,Capitais,Presencial,Masculino,Parda,0.25229128762331055
CAND_03030,6.5,58.0,Bacharelado,Região Metropolitana,Presencial,Feminino,Amarela,0.5876947690640596
CAND_03031,9.0,75.0,Ensino Médio,Interior,Híbrido,Masculino,Amarela,0.6548945139285862
CAND_03032,4.7,43.0,Mestrado,Região Metropolitana,Híbrido,Feminino,Preta,0.5526537549295776
CAND_03033,6.7,38.0,Mestrado,Capitais,Remoto,Não-binário,Parda,0.2658127026512031
CAND_03034,1.6,69.0,Mestrado,Região Metropolitana,Híbrido,Não-binário,Preta,0.6016416042859452
CAND_03035,4.0,32.0,Bacharelado,Capitais,Híbrido,Masculino,Amarela,0.35455944854292365
CAND_03036,10.1,60.0,Mestrado,Interior,Presencial,Masculino,Preta,0.5221343700373619
CAND_03037,2.0,68.0,Ensino Médio,Região Metropolitana,Presencial,Feminino,Indígena,0.6335643360409313
CAND_03038,7.3,66.0,Bacharelado,Capitais,Presencial,Não-binário,Branca,0.4723287509737709
CAND_03039,8.7,27.0,Mestrado,Capitais,Híbrido,Feminino,Preta,0.3651486938026531
CAND_03040,5.6,51.0,Bacharelado,Região Metropolitana,Remoto,Masculino,Amarela,0.5613053467753983
CAND_03041,6.0,43.0,Bacharelado,Interior,Híbrido,Feminino,Branca,0.3860562256126268
CAND_03042,1.2,30.0,Bacharelado,Região Metropolitana,Presencial,Feminino,Amarela,0.32222687460845106
CAND_03043,8.0,51.0,Bacharelado,Região Metropolitana,Remoto,Masculino,Preta,0.42202416998846815
CAND_03044,3.2,60.0,Bacharelado,Interior,Híbrido,Feminino,Indígena,0.27328637812156437
CAND_03045,6.5,55.0,Mestrado,Região Metropolitana,Remoto,Não-binário,Branca,0.6619856984197287
CAND_03046,6.4,88.0,Bacharelado,Região Metropolitana,Híbrido,Masculino,Parda,0.7572178045209796
CAND_03047,0.3,81.0,Bacharelado,Capitais,Remoto,Feminino,Preta,0.5500560858845442
CAND_03048,4.9,51.0,Bacharelado,Capitais,Remoto,Masculino,Branca,0.531474420734954
CAND_03049,2.7,49.0,Bacharelado,Capitais,Híbrido,Não-binário,Indígena,0.22356338702387352
CAND_03050,5.3,48.0,Bacharelado,Capitais,Híbrido,Masculino,Preta,0.49827221552211676
CAND_03051,8.6,68.0,Mestrado,Região Metropolitana,Remoto,Não-binário,Preta,0.5248251519992757
CAND_03052,6.6,25.0,Bacharelado,Interior,Presencial,Masculino,Preta,0.49902690287465973
CAND_03053,5.6,53.0,Mestrado,Capitais,Presencial,Masculino,Preta,0.6876033759476228
CAND_03054,6.9,20.0,Bacharelado,Capitais,Remoto,Não-binário,Indígena,0.30748842956169786
CAND_03055,2.4,54.0,Bacharelado,Capitais,Remoto,Feminino,Parda,0.4381088743789497
CAND_03056,7.3,52.0,Doutorado,Interior,Híbrido,Feminino,Preta,0.6536398881699274
CAND_03057,4.7,74.0,Bacharelado,Região Metropolitana,Remoto,Masculino,Preta,0.5348587979536797
CAND_03058,0.0,55.0,Bacharelado,Região Metropolitana,Híbrido,Não-binário,Amarela,0.3179779332592393
CAND_03059,9.4,60.0,Mestrado,Capitais,Remoto,Feminino,Preta,0.6750075271229814
CAND_03060,4.6,70.0,Mestrado,Capitais,Presencial,Não-binário,Preta,0.4767947377116501
CAND_03061,3.0,58.0,Bacharelado,Capitais,Híbrido,Masculino,Branca,0.4405140445979926
CAND_03062,11.4,47.0,Bacharelado,Região Metropolitana,Presencial,Não-binário,Indígena,0.6812148086646006
CAND_03063,6.1,30.0,Bacharelado,Capitais,Remoto,Não-binário,Branca,0.37947686203660375
CAND_03064,1.3,40.0,Bacharelado,Capitais,Híbrido,Masculino,Indígena,0.4478100049506951
CAND_03065,2.7,77.0,Bacharelado,Capitais,Presencial,Feminino,Preta,0.7288145060673931
CAND_03066,5.3,43.0,Bacharelado,Capitais,Híbrido,Não-binário,Preta,0.298132398641917
CAND_03067,9.2,42.0,Mestrado,Região Metropolitana,Remoto,Masculino,Preta,0.5291335997215765
CAND_03068,4.5,67.0,Bacharelado,Região Metropolitana,Híbrido,Feminino,Amarela,0.4061907284370776
CAND_03069,6.2,45.0,Mestrado,Capitais,Remoto,Não-binário,Preta,0.4990617576974786
CAND_03070,8.0,16.0,Mestrado,Região Metropolitana,Híbrido,Feminino,Parda,0.4403964616103867
CAND_03071,3.5,24.0,Mestrado,Capitais,Remoto,Feminino,Branca,0.2686631698082188
CAND_03072,4.8,39.0,Mestrado,Capitais,Presencial,Não-binário,Branca,0.44586284090612033
CAND_03073,5.9,63.0,Bacharelado,Capitais,Presencial,Não-binário,Amarela,0.5171608072773382
CAND_03074,3.0,59.0,Mestrado,Região Metropolitana,Remoto,Não-binário,Preta,0.3735346496148953
CAND_03075,2.9,42.0,Bacharelado,Região Metropolitana,Híbrido,Feminino,Preta,0.46707703710225895
CAND_03076,7.5,51.0,Bacharelado,Região Metropolitana,Presencial,Masculino,Indígena,0.4801073986532898
CAND_03077,8.5,55.0,Bacharelado,Capitais,Presencial,Não-binário,Branca,0.37491598670946336
CAND_03078,4.8,19.0,Ensino Médio,Capitais,Híbrido,Feminino,Preta,0.5520271725093001
CAND_03079,4.7,22.0,Ensino Médio,Região Metropolitana,Híbrido,Não-binário,Preta,0.06510276515894864
CAND_03080,4.5,51.0,Bacharelado,Capitais,Remoto,Feminino,Parda,0.4562295972225666
CAND_03081,4.1,48.0,Bacharelado,Região Metropolitana,Presencial,Masculino,Amarela,0.5649813641436262
CAND_03082,2.9,61.0,Bacharelado,Capitais,Remoto,Não-binário,Preta,0.4124637047825771
CAND_03083,0.0,16.0,Mestrado,Capitais,Presencial,Feminino,Indígena,0.18352955833809792
CAND_03084,0.0,55.0,Bacharelado,Região Metropolitana,Remoto,Masculino,Indígena,0.2790948173766182
CAND_03085,7.9,35.0,Bacharelado,Região Metropolitana,Presencial,Masculino,Branca,0.4789790408941085
CAND_03086,9.7,54.0,Mestrado,Capitais,Remoto,Não-binário,Parda,0.6440942128651079
CAND_03087,2.1,32.0,Bacharelado,Capitais,Remoto,Masculino,Preta,0.5042240365741382
CAND_03088,5.1,66.0,Bacharelado,Capitais,Híbrido,Feminino,Preta,0.6610306221648756
CAND_03089,5.0,64.0,Bacharelado,Capitais,Híbrido,Masculino,Parda,0.5773056606180188
CAND_03090,4.2,43.0,Bacharelado,Capitais,Remoto,Feminino,Parda,0.3031830346069869
CAND_03091,4.3,22.0,Mestrado,Interior,Presencial,Masculino,Branca,0.21967037864472105
CAND_03092,6.8,67.0,Bacharelado,Região Metropolitana,Presencial,Feminino,Amarela,0.43936084474367854
CAND_03093,9.8,53.0,Mestrado,Capitais,Híbrido,Não-binário,Parda,0.6099026254824456
CAND_03094,6.2,82.0,Bacharelado,Região Metropolitana,Híbrido,Feminino,Amarela,0.66223783988859
CAND_03095,6.8,55.0,Bacharelado,Capitais,Híbrido,Masculino,Branca,0.530974046074939
CAND_03096,5.0,71.0,Mestrado,Região Metropolitana,Híbrido,Não-binário,Branca,0.5014101089840088
CAND_03097,7.8,56.0,Mestrado,Capitais,Remoto,Masculino,Preta,0.7990087619981723
CAND_03098,7.5,17.0,Bacharelado,Capitais,Remoto,Não-binário,Parda,0.3744591946223902
CAND_03099,3.7,37.0,Bacharelado,Região Metropolitana,Presencial,Masculino,Preta,0.5104788956748549
CAND_03100,6.5,31.0,Mestrado,Capitais,Presencial,Feminino,Branca,0.5766746546800614
CAND_03101,3.3,22.0,Bacharelado,Capitais,Híbrido,Masculino,Parda,0.42067292972568476
CAND_03102,4.6,53.0,Mestrado,Capitais,Presencial,Não-binário,Preta,0.45988192992640825
CAND_03103,1.4,52.0,Bacharelado,Capitais,Presencial,Não-binário,Preta,0.33106655245621414
CAND_03104,12.4,34.0,Mestrado,Região Metropolitana,Presencial,Não-binário,Amarela,0.5439412980238008
CAND_03105,13.2,55.0,Bacharelado,Região Metropolitana,Híbrido,Feminino,Indígena,0.8777787353547418
CAND_03106,7.2,30.0,Doutorado,Capitais,Híbrido,Masculino,Parda,0.4325424296969459
CAND_03107,6.6,65.0,Ensino Médio,Região Metropolitana,Híbrido,Masculino,Branca,0.4163190626709451
CAND_03108,5.0,76.0,Bacharelado,Capitais,Híbrido,Feminino,Branca,0.43662924327200947
CAND_03109,2.1,77.0,Ensino Médio,Capitais,Híbrido,Masculino,Parda,0.4113912260718033
CAND_03110,3.0,54.0,Bacharelado,Região Metropolitana,Presencial,Masculino,Branca,0.45487856685839323
CAND_03111,6.5,41.0,Ensino Médio,Interior,Presencial,Não-binário,Branca,0.49945425635299007
CAND_03112,7.9,44.0,Ensino Médio,Região Metropolitana,Presencial,Masculino,Parda,0.4239557756924616
CAND_03113,3.6,45.0,Bacharelado,Capitais,Híbrido,Masculino,Amarela,0.2853553903887048
CAND_03114,7.8,76.0,Bacharelado,Capitais,Presencial,Não-binário,Preta,0.4636212455453993
CAND_03115,2.6,62.0,Bacharelado,Região Metropolitana,Presencial,Não-binário,Parda,0.4481059581040149
CAND_03116,5.8,32.0,Bacharelado,Capitais,Remoto,Não-binário,Parda,0.3126933074043001
CAND_03117,7.1,72.0,Doutorado,Capitais,Presencial,Não-binário,Parda,0.6800879340880761
CAND_03118,11.3,42.0,Bacharelado,Capitais,Híbrido,Feminino,Parda,0.37602048346227646
CAND_03119,7.5,53.0,Bacharelado,Região Metropolitana,Presencial,Não-binário,Branca,0.624221655008738
CAND_03120,3.0,67.0,Bacharelado,Região Metropolitana,Híbrido,Não-binário,Parda,0.6198773001224203
CAND_03121,4.8,50.0,Bacharelado,Capitais,Presencial,Feminino,Indígena,0.49399226941060426
CAND_03122,1.8,42.0,Bacharelado,Capitais,Híbrido,Feminino,Preta,0.32755747077704983
CAND_03123,7.9,42.0,Mestrado,Região Metropolitana,Híbrido,Masculino,Branca,0.6123193838772382
CAND_03124,4.8,37.0,Bacharelado,Região Metropolitana,Presencial,Feminino,Branca,0.3700967288495717
CAND_03125,3.8,39.0,Mestrado,Região Metropolitana,Híbrido,Feminino,Parda,0.47500532763492576
CAND_03126,3.2,47.0,Mestrado,Capitais,Remoto,Não-binário,Indígena,0.3962736342548583
CAND_03127,2.4,49.0,Bacharelado,Interior,Presencial,Masculino,Parda,0.45521130773752283
CAND_03128,3.0,61.0,Bacharelado,Capitais,Híbrido,Masculino,Indígena,0.4180332525107378
CAND_03129,9.8,50.0,Mestrado,Capitais,Híbrido,Não-binário,Preta,0.5137013376543242
CAND_03130,4.9,44.0,Bacharelado,Capitais,Presencial,Não-binário,Branca,0.3510376120579065
CAND_03131,10.6,58.0,Bacharelado,Capitais,Híbrido,Não-binário,Indígena,0.5226524729550917
CAND_03132,3.4,52.0,Bacharelado,Capitais,Híbrido,Feminino,Parda,0.3601789248215543
CAND_03133,8.8,67.0,Bacharelado,Capitais,Presencial,Não-binário,Branca,0.5926612993035596
CAND_03134,2.4,61.0,Bacharelado,Capitais,Presencial,Não-binário,Preta,0.5162114782397932
CAND_03135,8.9,16.0,Bacharelado,Capitais,Remoto,Feminino,Parda,0.25135665757710346
CAND_03136,8.0,51.0,Mestrado,Região Metropolitana,Híbrido,Não-binário,Parda,0.31790809091865446
CAND_03137,4.9,63.0,Mestrado,Região Metropolitana,Híbrido,Feminino,Indígena,0.5045919494787073
CAND_03138,0.7,48.0,Bacharelado,Região Metropolitana,Remoto,Feminino,Parda,0.32861046429435414
CAND_03139,7.1,57.0,Mestrado,Região Metropolitana,Híbrido,Masculino,Preta,0.5960727294851494
CAND_03140,5.5,33.0,Bacharelado,Interior,Presencial,Feminino,Preta,0.49298893653247133
CAND_03141,2.5,57.0,Mestrado,Capitais,Remoto,Feminino,Parda,0.4916141981109838
CAND_03142,8.7,71.0,Bacharelado,Capitais,Presencial,Masculino,Branca,0.7051887438793196
CAND_03143,6.0,36.0,Bacharelado,Capitais,Presencial,Feminino,Indígena,0.41824048775660105
CAND_03144,5.5,54.0,Bacharelado,Região Metropolitana,Híbrido,Feminino,Preta,0.2853162900988482
CAND_03145,5.0,37.0,Mestrado,Capitais,Híbrido,Feminino,Preta,0.4065247674360183
CAND_03146,2.5,53.0,Mestrado,Capitais,Remoto,Feminino,Parda,0.43865549913863583
CAND_03147,5.4,25.0,Bacharelado,Capitais,Remoto,Não-binário,Branca,0.3450542149191708
CAND_03148,4.7,42.0,Mestrado,Capitais,Híbrido,Masculino,Indígena,0.5466992042324512
CAND_03149,8.4,62.0,Bacharelado,Interior,Presencial,Masculino,Indígena,0.6114826821326671
CAND_03150,2.6,43.0,Bacharelado,Capitais,Híbrido,Feminino,Indígena,0.40238990324371704
CAND_03151,7.0,49.0,Mestrado,Capitais,Híbrido,Masculino,Amarela,0.523668703734884
CAND_03152,2.4,67.0,Mestrado,Capitais,Presencial,Masculino,Preta,0.5240931687886667
CAND_03153,4.7,55.0,Bacharelado,Região Metropolitana,Híbrido,Não-binário,Amarela,0.4204193211343713
CAND_03154,5.8,60.0,Bacharelado,Capitais,Remoto,Não-binário,Preta,0.47342351183762743
CAND_03155,4.8,32.0,Bacharelado,Capitais,Presencial,Não-binário,Parda,0.1853596655972147
CAND_03156,7.7,47.0,Bacharelado,Capitais,Remoto,Não-binário,Amarela,0.6017706533158712
CAND_03157,4.4,44.0,Ensino Médio,Capitais,Remoto,Não-binário,Amarela,0.34977249195655136
CAND_03158,6.8,54.0,Bacharelado,Capitais,Remoto,Feminino,Indígena,0.5648171088832277
CAND_03159,4.7,51.0,Bacharelado,Capitais,Presencial,Feminino,Branca,0.3064537316547007
CAND_03160,3.0,49.0,Bacharelado,Região Metropolitana,Remoto,Masculino,Preta,0.32825401115337866
CAND_03161,8.8,55.0,Bacharelado,Capitais,Híbrido,Feminino,Indígena,0.4720864833599969
CAND_03162,9.2,72.0,Bacharelado,Interior,Presencial,Não-binário,Amarela,0.78990855432676
CAND_03163,5.6,36.0,Mestrado,Interior,Remoto,Masculino,Branca,0.4877533294226518
CAND_03164,2.4,50.0,Mestrado,Região Metropolitana,Presencial,Masculino,Indígena,0.5014366461712206
CAND_03165,4.5,39.0,Mestrado,Capitais,Remoto,Não-binário,Branca,0.4258241638209555
CAND_03166,4.7,87.0,Bacharelado,Capitais,Presencial,Não-binário,Branca,0.5408429255420045
CAND_03167,6.9,18.0,Mestrado,Capitais,Presencial,Não-binário,Parda,0.5127727838102301
CAND_03168,9.7,33.0,Bacharelado,Interior,Híbrido,Não-binário,Preta,0.42605113809705164
CAND_03169,10.3,33.0,Bacharelado,Região Metropolitana,Híbrido,Feminino,Amarela,0.6797861637449487
CAND_03170,3.8,65.0,Bacharelado,Interior,Remoto,Masculino,Amarela,0.7379159537645876
CAND_03171,6.8,75.0,Bacharelado,Capitais,Remoto,Feminino,Indígena,0.3867936533109936
CAND_03172,7.9,55.0,Bacharelado,Interior,Presencial,Não-binário,Amarela,0.5919806467298602
CAND_03173,5.6,53.0,Ensino Médio,Interior,Presencial,Não-binário,Branca,0.46205257169873015
CAND_03174,6.0,49.0,Mestrado,Interior,Híbrido,Feminino,Parda,0.4134352845691766
CAND_03175,9.0,49.0,Bacharelado,Região Metropolitana,Presencial,Não-binário,Amarela,0.39568138514698065
CAND_03176,3.2,67.0,Mestrado,Capitais,Híbrido,Masculino,Branca,0.5527400603185613
CAND_03177,6.3,35.0,Mestrado,Capitais,Híbrido,Não-binário,Parda,0.3379997773161254
CAND_03178,7.6,61.0,Mestrado,Região Metropolitana,Presencial,Feminino,Indígena,0.6151150203244895
CAND_03179,1.4,23.0,Bacharelado,Capitais,Presencial,Não-binário,Amarela,0.3408093064581308
CAND_03180,0.2,64.0,Bacharelado,Capitais,Híbrido,Masculino,Preta,0.6036742773005919
CAND_03181,6.2,35.0,Mestrado,Capitais,Híbrido,Não-binário,Amarela,0.48566102716525145
CAND_03182,10.2,38.0,Bacharelado,Capitais,Presencial,Não-binário,Parda,0.525272217874396
CAND_03183,6.2,72.0,Bacharelado,Região Metropolitana,Híbrido,Masculino,Indígena,0.6268527347437549
CAND_03184,4.2,25.0,Mestrado,Capitais,Remoto,Não-binário,Parda,0.3252989556040645
CAND_03185,4.5,65.0,Mestrado,Capitais,Presencial,Masculino,Preta,0.5589093955980403
CAND_03186,4.8,46.0,Bacharelado,Capitais,Remoto,Feminino,Indígena,0.5091936609065335
CAND_03187,9.5,65.0,Bacharelado,Capitais,Híbrido,Feminino,Amarela,0.5702305383804689
CAND_03188,6.4,55.0,Bacharelado,Região Metropolitana,Presencial,Masculino,Branca,0.5666897632988824
CAND_03189,9.6,44.0,Bacharelado,Região Metropolitana,Remoto,Não-binário,Indígena,0.5616645384699696
CAND_03190,9.4,37.0,Doutorado,Capitais,Presencial,Feminino,Branca,0.5321662230697182
CAND_03191,8.2,25.0,Ensino Médio,Região Metropolitana,Presencial,Feminino,Indígena,0.4561357339352915
CAND_03192,0.0,35.0,Bacharelado,Região Metropolitana,Remoto,Feminino,Branca,0.3014637856559732
CAND_03193,7.6,37.0,Bacharelado,Região Metropolitana,Remoto,Masculino,Preta,0.48304503023199596
CAND_03194,4.8,34.0,Bacharelado,Região Metropolitana,Remoto,Masculino,Amarela,0.42266982895645067
CAND_03195,2.6,61.0,Bacharelado,Capitais,Híbrido,Não-binário,Amarela,0.5218443638987967
CAND_03196,3.9,65.0,Mestrado,Capitais,Híbrido,Feminino,Branca,0.49905415370092565
CAND_03197,4.2,54.0,Ensino Médio,Região Metropolitana,Híbrido,Feminino,Preta,0.3368067314506703
CAND_03198,7.8,57.0,Bacharelado,Capitais,Híbrido,Não-binário,Parda,0.5350838446902935
CAND_03199,1.9,54.0,Bacharelado,Região Metropolitana,Presencial,Feminino,Branca,0.34775278787185687
CAND_03200,1.1,61.0,Bacharelado,Capitais,Remoto,Feminino,Parda,0.21246602199291714
CAND_03201,2.9,48.0,Mestrado,Capitais,Híbrido,Feminino,Parda,0.2862537434116744
CAND_03202,7.2,61.0,Ensino Médio,Interior,Presencial,Feminino,Preta,0.5597981133934011
CAND_03203,1.6,55.0,Bacharelado,Capitais,Híbrido,Masculino,Indígena,0.3851323711312522
CAND_03204,0.0,56.0,Bacharelado,Capitais,Remoto,Masculino,Amarela,0.3298253996082405
CAND_03205,3.6,55.0,Bacharelado,Capitais,Remoto,Masculino,Preta,0.45943746327280605
CAND_03206,3.4,52.0,Bacharelado,Capitais,Híbrido,Feminino,Indígena,0.5081959255557787
CAND_03207,6.1,39.0,Bacharelado,Capitais,Presencial,Masculino,Parda,0.4627499385990027
CAND_03208,7.0,48.0,Bacharelado,Região Metropolitana,Híbrido,Masculino,Parda,0.6258069567479978
CAND_03209,5.8,56.0,Mestrado,Capitais,Remoto,Não-binário,Parda,0.3458230994468151
CAND_03210,8.1,39.0,Mestrado,Capitais,Presencial,Feminino,Preta,0.5757405249472237
CAND_03211,6.3,51.0,Bacharelado,Capitais,Híbrido,Não-binário,Branca,0.5358471589317154
CAND_03212,5.4,46.0,Bacharelado,Região Metropolitana,Híbrido,Não-binário,Preta,0.43451259213458177
CAND_03213,1.0,67.0,Bacharelado,Região Metropolitana,Híbrido,Feminino,Amarela,0.5466414125519026
CAND_03214,3.1,42.0,Bacharelado,Região Metropolitana,Híbrido,Não-binário,Parda,0.3956547093212644
CAND_03215,0.7,43.0,Mestrado,Capitais,Híbrido,Feminino,Preta,0.3359492712710511
CAND_03216,1.5,68.0,Bacharelado,Capitais,Híbrido,Masculino,Parda,0.5460414955755648
CAND_03217,6.1,63.0,Mestrado,Capitais,Híbrido,Não-binário,Parda,0.4084295917655484
CAND_03218,2.6,39.0,Doutorado,Capitais,Remoto,Feminino,Indígena,0.5285606033364249
CAND_03219,8.4,44.0,Mestrado,Capitais,Remoto,Masculino,Preta,0.582694719911984
CAND_03220,11.6,54.0,Mestrado,Capitais,Híbrido,Não-binário,Branca,0.6972737284958452
CAND_03221,1.2,60.0,Doutorado,Capitais,Remoto,Masculino,Parda,0.5526295918852723
CAND_03222,9.4,50.0,Mestrado,Região Metropolitana,Presencial,Não-binário,Amarela,0.810792673893795
CAND_03223,5.8,42.0,Doutorado,Região Metropolitana,Remoto,Feminino,Parda,0.5075495680347027
CAND_03224,5.3,37.0,Bacharelado,Capitais,Presencial,Feminino,Branca,0.44790452159579397
CAND_03225,1.1,50.0,Bacharelado,Região Metropolitana,Presencial,Feminino,Indígena,0.6112744300025923
CAND_03226,0.0,43.0,Bacharelado,Capitais,Remoto,Não-binário,Preta,0.23148757628991384
CAND_03227,4.4,70.0,Bacharelado,Interior,Presencial,Feminino,Amarela,0.5468086353651198
CAND_03228,8.5,30.0,Bacharelado,Capitais,Remoto,Não-binário,Parda,0.47171516310873796
CAND_03229,4.4,75.0,Mestrado,Capitais,Remoto,Feminino,Parda,0.6196736901190021
CAND_03230,1.6,51.0,Bacharelado,Capitais,Presencial,Feminino,Amarela,0.4027431876833144
CAND_03231,4.9,33.0,Bacharelado,Capitais,Híbrido,Feminino,Amarela,0.3899398342995972
CAND_03232,8.2,43.0,Bacharelado,Região Metropolitana,Híbrido,Masculino,Parda,0.3851333423534895
CAND_03233,6.0,34.0,Mestrado,Região Metropolitana,Híbrido,Masculino,Amarela,0.32858888663774055
CAND_03234,4.7,54.0,Mestrado,Região Metropolitana,Presencial,Masculino,Preta,0.4337411603139785
CAND_03235,6.8,88.0,Mestrado,Capitais,Presencial,Feminino,Indígena,0.7297701235997648
CAND_03236,4.8,49.0,Bacharelado,Capitais,Remoto,Não-binário,Branca,0.3912583462645462
CAND_03237,9.6,63.0,Bacharelado,Região Metropolitana,Remoto,Feminino,Preta,0.549160511657541
CAND_03238,5.6,82.0,Mestrado,Capitais,Presencial,Feminino,Branca,0.45398898245724517
CAND_03239,2.9,71.0,Mestrado,Capitais,Presencial,Masculino,Branca,0.43787502670366396
CAND_03240,7.9,54.0,Doutorado,Capitais,Híbrido,Não-binário,Preta,0.6665847401772022
CAND_03241,0.0,53.0,Bacharelado,Região Metropolitana,Remoto,Não-binário,Indígena,0.34226444150976437
CAND_03242,6.1,58.0,Mestrado,Interior,Presencial,Feminino,Preta,0.7143780877722623
CAND_03243,3.5,34.0,Bacharelado,Região Metropolitana,Presencial,Não-binário,Amarela,0.39169042420220457
CAND_03244,2.6,35.0,Mestrado,Capitais,Remoto,Masculino,Branca,0.5962657474323025
CAND_03245,2.7,38.0,Mestrado,Interior,Híbrido,Feminino,Preta,0.41587698781643806
CAND_03246,2.6,54.0,Mestrado,Região Metropolitana,Remoto,Não-binário,Preta,0.34838436127866995
CAND_03247,3.4,47.0,Bacharelado,Capitais,Presencial,Não-binário,Amarela,0.4392624621772453
CAND_03248,2.5,67.0,Bacharelado,Região Metropolitana,Remoto,Feminino,Parda,0.33984900259151374
CAND_03249,4.3,82.0,Bacharelado,Capitais,Híbrido,Feminino,Branca,0.5196313223709883
CAND_03250,5.1,45.0,Bacharelado,Capitais,Híbrido,Masculino,Indígena,0.43918464366895726
CAND_03251,1.5,81.0,Mestrado,Capitais,Remoto,Masculino,Preta,0.5794843799302005
CAND_03252,2.0,61.0,Bacharelado,Região Metropolitana,Híbrido,Masculino,Amarela,0.34548905046356015
CAND_03253,4.1,29.0,Ensino Médio,Capitais,Híbrido,Feminino,Amarela,0.33824034869312525
CAND_03254,6.5,73.0,Bacharelado,Capitais,Presencial,Masculino,Indígena,0.5323358232722883
CAND_03255,1.0,57.0,Bacharelado,Região Metropolitana,Híbrido,Masculino,Branca,0.47352620919243477
CAND_03256,1.6,30.0,Mestrado,Capitais,Híbrido,Masculino,Amarela,0.16816006613245701
CAND_03257,5.9,47.0,Mestrado,Capitais,Remoto,Masculino,Parda,0.4541814176591713
CAND_03258,4.1,47.0,Bacharelado,Capitais,Presencial,Masculino,Parda,0.13414264526802921
CAND_03259,2.5,37.0,Mestrado,Capitais,Híbrido,Não-binário,Branca,0.487811347071452
CAND_03260,2.5,59.0,Bacharelado,Capitais,Remoto,Não-binário,Indígena,0.6334225737561973
CAND_03261,2.6,83.0,Mestrado,Interior,Híbrido,Feminino,Branca,0.44753029668373967
CAND_03262,1.9,47.0,Bacharelado,Região Metropolitana,Híbrido,Não-binário,Indígena,0.20411515648634546
CAND_03263,8.3,63.0,Bacharelado,Região Metropolitana,Híbrido,Feminino,Preta,0.5602439139671056
CAND_03264,2.9,36.0,Bacharelado,Região Metropolitana,Remoto,Feminino,Parda,0.283798399702116
CAND_03265,3.3,60.0,Doutorado,Região Metropolitana,Remoto,Masculino,Branca,0.5170484021351164
CAND_03266,7.6,69.0,Mestrado,Capitais,Remoto,Masculino,Amarela,0.5377530484687402
CAND_03267,2.5,44.0,Bacharelado,Capitais,Presencial,Masculino,Parda,0.35711895105512576
CAND_03268,9.6,25.0,Bacharelado,Região Metropolitana,Presencial,Feminino,Indígena,0.45669148537278237
CAND_03269,4.4,70.0,Bacharelado,Capitais,Presencial,Masculino,Preta,0.5368592972674876
CAND_03270,8.8,15.0,Doutorado,Capitais,Híbrido,Masculino,Indígena,0.5851642327307395
CAND_03271,4.7,59.0,Ensino Médio,Região Metropolitana,Presencial,Não-binário,Preta,0.45133481558710564
CAND_03272,8.1,74.0,Bacharelado,Região Metropolitana,Remoto,Não-binário,Amarela,0.6165527267645805
CAND_03273,9.5,36.0,Mestrado,Capitais,Presencial,Masculino,Preta,0.6466194631012679
CAND_03274,6.1,39.0,Bacharelado,Interior,Híbrido,Masculino,Preta,0.3837900963113967
CAND_03275,3.6,58.0,Bacharelado,Capitais,Remoto,Masculino,Preta,0.4557723381337568
CAND_03276,2.8,54.0,Mestrado,Interior,Híbrido,Feminino,Parda,0.3431227875955283
CAND_03277,6.4,46.0,Mestrado,Capitais,Híbrido,Feminino,Amarela,0.5637300251269723
CAND_03278,5.3,63.0,Doutorado,Capitais,Presencial,Feminino,Branca,0.45975054325847864
CAND_03279,2.8,27.0,Bacharelado,Interior,Remoto,Masculino,Parda,0.3675199237389558
CAND_03280,8.4,61.0,Bacharelado,Capitais,Híbrido,Feminino,Parda,0.7722559973169402
CAND_03281,4.5,60.0,Bacharelado,Capitais,Remoto,Feminino,Indígena,0.3420515373604668
CAND_03282,0.4,40.0,Bacharelado,Região Metropolitana,Remoto,Não-binário,Amarela,0.4428097234646107
CAND_03283,4.7,70.0,Mestrado,Capitais,Remoto,Masculino,Parda,0.5948649530763509
CAND_03284,4.3,52.0,Doutorado,Capitais,Remoto,Masculino,Indígena,0.5387897835515167
CAND_03285,6.6,58.0,Bacharelado,Região Metropolitana,Híbrido,Feminino,Branca,0.38487208821401564
CAND_03286,0.0,17.0,Ensino Médio,Capitais,Híbrido,Feminino,Branca,0.24511218071808416
CAND_03287,0.0,14.0,Mestrado,Região Metropolitana,Híbrido,Feminino,Preta,0.30701004726404957
CAND_03288,9.6,47.0,Bacharelado,Região Metropolitana,Híbrido,Feminino,Preta,0.39680734772070925
CAND_03289,4.9,45.0,Bacharelado,Capitais,Híbrido,Não-binário,Amarela,0.41121206772815927
CAND_03290,4.4,40.0,Ensino Médio,Interior,Híbrido,Não-binário,Indígena,0.2936710236965791
CAND_03291,6.5,60.0,Mestrado,Região Metropolitana,Híbrido,Feminino,Amarela,0.5985699916526204
CAND_03292,1.9,55.0,Bacharelado,Região Metropolitana,Presencial,Masculino,Preta,0.44865781594928794
CAND_03293,4.1,26.0,Mestrado,Capitais,Remoto,Feminino,Parda,0.256262740159592
CAND_03294,4.9,69.0,Mestrado,Capitais,Presencial,Feminino,Parda,0.5055639303824353
CAND_03295,1.5,47.0,Bacharelado,Capitais,Presencial,Feminino,Preta,0.26668064927804724
CAND_03296,3.3,38.0,Bacharelado,Região Metropolitana,Híbrido,Não-binário,Indígena,0.2789783170978508
CAND_03297,0.0,58.0,Bacharelado,Região Metropolitana,Remoto,Não-binário,Preta,0.42217474855023795
CAND_03298,8.7,76.0,Bacharelado,Capitais,Híbrido,Feminino,Amarela,0.6397165947704646
CAND_03299,2.1,20.0,Ensino Médio,Capitais,Híbrido,Masculino,Parda,0.2879559685470185
CAND_03300,2.7,35.0,Bacharelado,Região Metropolitana,Remoto,Feminino,Branca,0.3327825097045926
CAND_03301,8.5,54.0,Mestrado,Região Metropolitana,Híbrido,Feminino,Amarela,0.7177639209319522
CAND_03302,5.4,52.0,Mestrado,Capitais,Presencial,Não-binário,Amarela,0.5357504251696928
CAND_03303,4.6,67.0,Bacharelado,Capitais,Presencial,Não-binário,Preta,0.4972255020320034
CAND_03304,3.8,56.0,Bacharelado,Região Metropolitana,Remoto,Não-binário,Preta,0.4523218980895186
CAND_03305,5.4,30.0,Ensino Médio,Capitais,Híbrido,Feminino,Preta,0.2539202475377571
CAND_03306,1.1,32.0,Ensino Médio,Capitais,Remoto,Não-binário,Indígena,0.18263081406929177
CAND_03307,10.3,38.0,Ensino Médio,Capitais,Híbrido,Não-binário,Preta,0.507054303363342
CAND_03308,1.4,65.0,Mestrado,Capitais,Híbrido,Feminino,Parda,0.5028191480565525
CAND_03309,4.3,45.0,Mestrado,Interior,Presencial,Não-binário,Indígena,0.6484618121820096
CAND_03310,0.6,49.0,Mestrado,Capitais,Presencial,Feminino,Parda,0.5638907046304618
CAND_03311,10.0,56.0,Mestrado,Capitais,Presencial,Masculino,Parda,0.5129033827981822
CAND_03312,1.2,77.0,Bacharelado,Capitais,Presencial,Masculino,Indígena,0.4621541313193162
CAND_03313,2.3,38.0,Bacharelado,Região Metropolitana,Híbrido,Masculino,Branca,0.44994505028894405
CAND_03314,7.3,34.0,Bacharelado,Capitais,Híbrido,Não-binário,Preta,0.5306752405172922
CAND_03315,4.0,48.0,Bacharelado,Capitais,Remoto,Feminino,Preta,0.4930481036939781
CAND_03316,0.0,39.0,Doutorado,Região Metropolitana,Presencial,Masculino,Parda,0.4508156194260251
CAND_03317,5.2,38.0,Mestrado,Região Metropolitana,Presencial,Feminino,Preta,0.414719100399509
CAND_03318,7.0,46.0,Bacharelado,Capitais,Remoto,Feminino,Parda,0.5526362078944244
CAND_03319,4.6,63.0,Bacharelado,Capitais,Híbrido,Masculino,Branca,0.5341021848926271
CAND_03320,2.5,47.0,Bacharelado,Capitais,Remoto,Masculino,Indígena,0.42339608427135084
CAND_03321,4.0,58.0,Bacharelado,Capitais,Presencial,Masculino,Branca,0.6089475494376295
CAND_03322,7.1,33.0,Bacharelado,Região Metropolitana,Híbrido,Feminino,Parda,0.37257698163902114
CAND_03323,10.5,79.0,Bacharelado,Capitais,Híbrido,Não-binário,Parda,0.7768245199075017
CAND_03324,4.0,53.0,Bacharelado,Capitais,Híbrido,Feminino,Amarela,0.1570926289370712
CAND_03325,4.6,47.0,Bacharelado,Interior,Presencial,Não-binário,Indígena,0.47487544899550627
CAND_03326,7.8,22.0,Bacharelado,Capitais,Remoto,Masculino,Amarela,0.30840907805684636
CAND_03327,6.8,51.0,Doutorado,Capitais,Presencial,Não-binário,Preta,0.5678273632098373
CAND_03328,7.8,54.0,Mestrado,Região Metropolitana,Remoto,Não-binário,Indígena,0.551882651709179
CAND_03329,3.2,47.0,Doutorado,Capitais,Híbrido,Não-binário,Indígena,0.662563587543328
CAND_03330,3.3,57.0,Bacharelado,Capitais,Presencial,Não-binário,Indígena,0.4069422515339772
CAND_03331,2.5,54.0,Bacharelado,Capitais,Presencial,Masculino,Branca,0.45553468351319437
CAND_03332,1.8,36.0,Mestrado,Capitais,Remoto,Feminino,Amarela,0.45830977129571304
CAND_03333,4.2,66.0,Bacharelado,Capitais,Presencial,Não-binário,Amarela,0.4067846825967309
CAND_03334,5.1,48.0,Bacharelado,Capitais,Presencial,Não-binário,Amarela,0.441071791662074
CAND_03335,0.0,54.0,Mestrado,Capitais,Híbrido,Não-binário,Indígena,0.468143823696675
CAND_03336,5.1,71.0,Mestrado,Capitais,Híbrido,Não-binário,Indígena,0.5846563811471117
CAND_03337,2.3,35.0,Mestrado,Capitais,Híbrido,Não-binário,Branca,0.533374267010513
CAND_03338,5.8,50.0,Ensino Médio,Capitais,Híbrido,Feminino,Indígena,0.3881397553261638
CAND_03339,6.6,47.0,Ensino Médio,Capitais,Remoto,Feminino,Indígena,0.44472036828210654
CAND_03340,3.9,23.0,Bacharelado,Capitais,Híbrido,Feminino,Indígena,0.3941731199390797
CAND_03341,6.6,54.0,Mestrado,Capitais,Remoto,Feminino,Branca,0.5473167928412218
CAND_03342,2.2,83.0,Mestrado,Capitais,Remoto,Masculino,Parda,0.6078679495010728
CAND_03343,5.2,61.0,Doutorado,Capitais,Híbrido,Feminino,Branca,0.604508121821933
CAND_03344,1.7,49.0,Mestrado,Região Metropolitana,Híbrido,Masculino,Branca,0.4115181338649306
CAND_03345,7.1,28.0,Mestrado,Capitais,Remoto,Feminino,Branca,0.3335988565182377
CAND_03346,3.6,54.0,Mestrado,Capitais,Remoto,Feminino,Branca,0.42419049399969766
CAND_03347,3.5,25.0,Bacharelado,Capitais,Remoto,Masculino,Indígena,0.25195186943885695
CAND_03348,2.3,63.0,Doutorado,Capitais,Remoto,Masculino,Branca,0.5804910411078062
CAND_03349,10.5,40.0,Bacharelado,Capitais,Híbrido,Não-binário,Parda,0.728892000356667
CAND_03350,1.7,49.0,Bacharelado,Interior,Híbrido,Feminino,Indígena,0.4741996588679742
CAND_03351,4.1,53.0,Bacharelado,Capitais,Híbrido,Masculino,Indígena,0.47924129442187147
CAND_03352,4.2,43.0,Mestrado,Interior,Presencial,Não-binário,Parda,0.6141170081848278
CAND_03353,2.0,61.0,Bacharelado,Capitais,Remoto,Masculino,Amarela,0.34349815540369794
CAND_03354,0.7,67.0,Bacharelado,Capitais,Presencial,Não-binário,Preta,0.36803162582473997
CAND_03355,3.2,37.0,Bacharelado,Região Metropolitana,Presencial,Feminino,Parda,0.30939222658550225
CAND_03356,6.6,71.0,Mestrado,Capitais,Remoto,Masculino,Parda,0.6474931421703382
CAND_03357,7.6,72.0,Mestrado,Interior,Híbrido,Não-binário,Preta,0.5503480844794197
CAND_03358,5.9,73.0,Mestrado,Capitais,Remoto,Feminino,Preta,0.7443867139102641
CAND_03359,0.0,34.0,Bacharelado,Capitais,Híbrido,Não-binário,Amarela,0.20838751482449536
CAND_03360,4.3,41.0,Bacharelado,Região Metropolitana,Híbrido,Feminino,Amarela,0.2510553158096862
CAND_03361,10.9,52.0,Mestrado,Interior,Remoto,Masculino,Parda,0.6729314409749814
CAND_03362,4.5,41.0,Mestrado,Região Metropolitana,Híbrido,Feminino,Indígena,0.40869076313006825
CAND_03363,1.8,72.0,Bacharelado,Interior,Presencial,Masculino,Parda,0.49071468486666975
CAND_03364,2.8,29.0,Mestrado,Capitais,Híbrido,Feminino,Parda,0.5230772385513329
CAND_03365,3.4,56.0,Bacharelado,Região Metropolitana,Presencial,Masculino,Branca,0.5659645804328793
CAND_03366,7.1,62.0,Bacharelado,Região Metropolitana,Remoto,Feminino,Amarela,0.6622201558227356
CAND_03367,3.2,60.0,Bacharelado,Capitais,Híbrido,Masculino,Branca,0.6444228763436839
CAND_03368,8.7,51.0,Bacharelado,Capitais,Híbrido,Masculino,Preta,0.5084345278163239
CAND_03369,3.8,68.0,Bacharelado,Capitais,Híbrido,Feminino,Indígena,0.46730469950872433
CAND_03370,5.6,69.0,Bacharelado,Capitais,Híbrido,Feminino,Preta,0.5937616987980999
CAND_03371,1.9,46.0,Bacharelado,Região Metropolitana,Híbrido,Feminino,Preta,0.47579721797936403
CAND_03372,7.8,37.0,Bacharelado,Capitais,Presencial,Masculino,Preta,0.4363492538335143
CAND_03373,5.7,37.0,Bacharelado,Capitais,Remoto,Masculino,Indígena,0.4352947956856626
CAND_03374,11.9,34.0,Bacharelado,Região Metropolitana,Híbrido,Masculino,Parda,0.3802011140638989
CAND_03375,4.8,38.0,Doutorado,Capitais,Remoto,Feminino,Branca,0.38830022270953224
CAND_03376,2.6,68.0,Bacharelado,Capitais,Híbrido,Feminino,Indígena,0.3922910996254197
CAND_03377,5.4,25.0,Bacharelado,Capitais,Remoto,Não-binário,Indígena,0.4107970369233224
CAND_03378,3.1,64.0,Bacharelado,Região Metropolitana,Remoto,Masculino,Preta,0.3453301690414203
CAND_03379,8.9,35.0,Bacharelado,Região Metropolitana,Híbrido,Masculino,Parda,0.5583220055771296
CAND_03380,0.0,74.0,Bacharelado,Capitais,Presencial,Não-binário,Branca,0.32907935009137756
CAND_03381,5.8,63.0,Bacharelado,Região Metropolitana,Híbrido,Feminino,Parda,0.5794567297582587
CAND_03382,6.0,62.0,Bacharelado,Capitais,Híbrido,Masculino,Indígena,0.5236966688570809
CAND_03383,2.4,49.0,Ensino Médio,Região Metropolitana,Híbrido,Feminino,Parda,0.46651182764232946
CAND_03384,8.2,71.0,Bacharelado,Capitais,Híbrido,Não-binário,Amarela,0.6833077313930257
CAND_03385,7.0,31.0,Bacharelado,Região Metropolitana,Remoto,Masculino,Indígena,0.3268123586512076
CAND_03386,5.8,62.0,Ensino Médio,Interior,Remoto,Masculino,Indígena,0.41946321400483555
CAND_03387,0.0,51.0,Bacharelado,Região Metropolitana,Presencial,Feminino,Branca,0.2916663407763168
CAND_03388,1.8,55.0,Bacharelado,Região Metropolitana,Híbrido,Masculino,Indígena,0.4242503070627494
CAND_03389,10.9,50.0,Bacharelado,Região Metropolitana,Presencial,Não-binário,Amarela,0.6924227757484369
CAND_03390,5.0,61.0,Bacharelado,Região Metropolitana,Presencial,Feminino,Indígena,0.3174133638789345
CAND_03391,9.2,43.0,Bacharelado,Capitais,Presencial,Masculino,Branca,0.6284077521710255
CAND_03392,0.7,71.0,Bacharelado,Região Metropolitana,Híbrido,Feminino,Amarela,0.47517290347204394
CAND_03393,2.1,36.0,Mestrado,Capitais,Híbrido,Feminino,Branca,0.35152374761095645
CAND_03394,3.6,54.0,Bacharelado,Capitais,Híbrido,Feminino,Branca,0.3869234170966835
CAND_03395,6.0,57.0,Bacharelado,Interior,Presencial,Não-binário,Branca,0.5781710234430631
CAND_03396,8.0,52.0,Ensino Médio,Capitais,Remoto,Masculino,Preta,0.495587612414786
CAND_03397,3.5,36.0,Bacharelado,Capitais,Presencial,Não-binário,Amarela,0.6030691724011443
CAND_03398,10.4,39.0,Ensino Médio,Região Metropolitana,Híbrido,Feminino,Amarela,0.37886416655412425
CAND_03399,6.7,46.0,Bacharelado,Capitais,Híbrido,Não-binário,Branca,0.5891699106006816
CAND_03400,3.9,34.0,Bacharelado,Capitais,Presencial,Masculino,Amarela,0.3700452615085166
CAND_03401,5.0,74.0,Bacharelado,Região Metropolitana,Remoto,Não-binário,Parda,0.3976260265272777
CAND_03402,4.8,49.0,Bacharelado,Interior,Presencial,Masculino,Parda,0.4676304627489654
CAND_03403,5.0,61.0,Doutorado,Capitais,Presencial,Feminino,Preta,0.5376479305775759
CAND_03404,3.1,58.0,Mestrado,Capitais,Presencial,Masculino,Branca,0.583845218110691
CAND_03405,3.8,78.0,Mestrado,Região Metropolitana,Híbrido,Masculino,Branca,0.7405492600881669
CAND_03406,4.0,24.0,Mestrado,Capitais,Remoto,Masculino,Indígena,0.35919850834523154
CAND_03407,3.8,55.0,Mestrado,Capitais,Híbrido,Não-binário,Preta,0.6073318345959728
CAND_03408,5.6,45.0,Bacharelado,Capitais,Híbrido,Feminino,Preta,0.47538798295516776
CAND_03409,6.0,55.0,Bacharelado,Região Metropolitana,Híbrido,Feminino,Branca,0.6144551035552215
CAND_03410,5.9,58.0,Mestrado,Capitais,Híbrido,Não-binário,Parda,0.3598676546846963
CAND_03411,6.1,53.0,Mestrado,Interior,Remoto,Não-binário,Amarela,0.6228920828260975
CAND_03412,4.5,64.0,Bacharelado,Capitais,Presencial,Masculino,Indígena,0.7102221801569681
CAND_03413,4.4,72.0,Bacharelado,Capitais,Híbrido,Feminino,Parda,0.7392840496838594
CAND_03414,0.7,44.0,Bacharelado,Capitais,Presencial,Não-binário,Indígena,0.4198614395557138
CAND_03415,2.9,20.0,Bacharelado,Região Metropolitana,Presencial,Masculino,Preta,0.30977503773943643
CAND_03416,5.5,53.0,Bacharelado,Capitais,Presencial,Feminino,Branca,0.6313691339687821
CAND_03417,3.7,74.0,Bacharelado,Capitais,Híbrido,Não-binário,Branca,0.5546789421362697
CAND_03418,2.5,57.0,Mestrado,Região Metropolitana,Remoto,Não-binário,Amarela,0.4165434250410358
CAND_03419,13.5,60.0,Bacharelado,Capitais,Remoto,Masculino,Amarela,0.6232223657687795
CAND_03420,7.1,46.0,Bacharelado,Capitais,Remoto,Masculino,Parda,0.5656422802657242
CAND_03421,6.9,27.0,Bacharelado,Capitais,Híbrido,Masculino,Amarela,0.5152352625566325
CAND_03422,1.8,35.0,Bacharelado,Capitais,Remoto,Não-binário,Amarela,0.30604680224433367
CAND_03423,4.1,32.0,Doutorado,Capitais,Híbrido,Masculino,Parda,0.4939832013647544
CAND_03424,2.0,49.0,Mestrado,Capitais,Híbrido,Não-binário,Amarela,0.3914454153267732
CAND_03425,3.9,61.0,Bacharelado,Capitais,Híbrido,Não-binário,Preta,0.6370048065367075
CAND_03426,5.4,54.0,Mestrado,Capitais,Presencial,Não-binário,Amarela,0.25662522078508027
CAND_03427,6.1,27.0,Bacharelado,Capitais,Remoto,Masculino,Amarela,0.39633494501798416
CAND_03428,6.1,50.0,Mestrado,Interior,Híbrido,Masculino,Indígena,0.4209064707882698
CAND_03429,4.7,77.0,Bacharelado,Região Metropolitana,Remoto,Feminino,Branca,0.6980943729478082
CAND_03430,3.9,63.0,Bacharelado,Capitais,Presencial,Não-binário,Amarela,0.43505937465155753
CAND_03431,3.4,29.0,Bacharelado,Capitais,Presencial,Não-binário,Parda,0.20791966278075216
CAND_03432,5.0,59.0,Mestrado,Capitais,Remoto,Feminino,Amarela,0.5562030837867289
CAND_03433,5.6,76.0,Mestrado,Região Metropolitana,Remoto,Não-binário,Branca,0.7891548877101843
CAND_03434,6.8,42.0,Doutorado,Capitais,Remoto,Não-binário,Amarela,0.34292863538236945
CAND_03435,3.9,30.0,Mestrado,Interior,Remoto,Feminino,Amarela,0.32955065171447706
CAND_03436,4.6,55.0,Mestrado,Região Metropolitana,Remoto,Feminino,Preta,0.5873054326841074
CAND_03437,1.2,53.0,Bacharelado,Capitais,Presencial,Não-binário,Amarela,0.5380771102702239
CAND_03438,3.4,38.0,Bacharelado,Região Metropolitana,Híbrido,Masculino,Preta,0.3497919668599684
CAND_03439,8.5,54.0,Bacharelado,Capitais,Remoto,Não-binário,Branca,0.5658771936567872
CAND_03440,0.0,41.0,Mestrado,Região Metropolitana,Híbrido,Feminino,Indígena,0.48123823360580503
CAND_03441,4.8,65.0,Bacharelado,Região Metropolitana,Híbrido,Masculino,Parda,0.36317093078777396
CAND_03442,4.7,50.0,Doutorado,Capitais,Presencial,Não-binário,Parda,0.5545314738049624
CAND_03443,3.3,24.0,Mestrado,Capitais,Híbrido,Masculino,Branca,0.38514641425243773
CAND_03444,0.0,30.0,Ensino Médio,Capitais,Remoto,Feminino,Parda,0.08484157347960278
CAND_03445,4.5,49.0,Ensino Médio,Capitais,Híbrido,Feminino,Parda,0.46840796580191046
CAND_03446,7.3,40.0,Bacharelado,Capitais,Presencial,Feminino,Amarela,0.545583754009257
CAND_03447,6.8,37.0,Bacharelado,Capitais,Remoto,Feminino,Branca,0.5521221409335212
CAND_03448,4.6,48.0,Bacharelado,Capitais,Presencial,Masculino,Indígena,0.5854837454680997
CAND_03449,8.9,41.0,Bacharelado,Interior,Presencial,Feminino,Indígena,0.3694816786438846
CAND_03450,6.1,30.0,Bacharelado,Região Metropolitana,Remoto,Feminino,Branca,0.6391369711481804
CAND_03451,0.0,35.0,Ensino Médio,Capitais,Híbrido,Não-binário,Indígena,0.07679110159535196
CAND_03452,6.2,46.0,Doutorado,Capitais,Híbrido,Feminino,Indígena,0.6554295857771498
CAND_03453,8.8,58.0,Bacharelado,Capitais,Híbrido,Não-binário,Preta,0.5268729215802956
CAND_03454,5.1,32.0,Bacharelado,Capitais,Remoto,Feminino,Parda,0.4733463189879932
CAND_03455,3.4,24.0,Mestrado,Capitais,Presencial,Feminino,Preta,0.3373039357196671
CAND_03456,6.3,69.0,Bacharelado,Capitais,Híbrido,Masculino,Amarela,0.4799948914458678
CAND_03457,3.1,31.0,Doutorado,Região Metropolitana,Remoto,Não-binário,Branca,0.42820215871844974
CAND_03458,1.5,41.0,Bacharelado,Capitais,Presencial,Não-binário,Indígena,0.32374380481580445
CAND_03459,2.7,69.0,Bacharelado,Capitais,Remoto,Não-binário,Parda,0.45859777368225607
CAND_03460,4.4,73.0,Bacharelado,Região Metropolitana,Remoto,Não-binário,Amarela,0.6638823871620744
CAND_03461,6.2,52.0,Bacharelado,Região Metropolitana,Híbrido,Masculino,Branca,0.32930998490159935
CAND_03462,8.3,46.0,Bacharelado,Capitais,Remoto,Feminino,Amarela,0.36416812052643066
CAND_03463,6.3,39.0,Mestrado,Capitais,Híbrido,Masculino,Preta,0.4875531385541159
CAND_03464,0.0,62.0,Bacharelado,Capitais,Remoto,Não-binário,Amarela,0.274388005989925
CAND_03465,4.3,69.0,Mestrado,Região Metropolitana,Híbrido,Feminino,Indígena,0.4755520946588526
CAND_03466,0.0,26.0,Bacharelado,Capitais,Híbrido,Masculino,Parda,0.3708671221185796
CAND_03467,4.7,26.0,Bacharelado,Capitais,Remoto,Feminino,Parda,0.25895366665381747
CAND_03468,4.9,50.0,Ensino Médio,Capitais,Remoto,Não-binário,Indígena,0.4793671852155419
CAND_03469,5.0,57.0,Mestrado,Capitais,Remoto,Feminino,Indígena,0.5355646293802371
CAND_03470,10.9,74.0,Bacharelado,Região Metropolitana,Remoto,Feminino,Parda,0.6730275939548259
CAND_03471,5.6,63.0,Bacharelado,Capitais,Híbrido,Masculino,Preta,0.5625664015986187
CAND_03472,2.0,25.0,Bacharelado,Capitais,Híbrido,Masculino,Preta,0.3857337597824016
CAND_03473,4.7,31.0,Bacharelado,Capitais,Presencial,Feminino,Preta,0.42164695393705065
CAND_03474,3.8,42.0,Bacharelado,Capitais,Presencial,Feminino,Parda,0.2497383740575432
CAND_03475,2.0,30.0,Bacharelado,Região Metropolitana,Híbrido,Masculino,Branca,0.3295347082435827
CAND_03476,8.3,29.0,Mestrado,Capitais,Híbrido,Masculino,Branca,0.5052384837895795
CAND_03477,8.2,39.0,Ensino Médio,Capitais,Remoto,Não-binário,Parda,0.2881717201413602
CAND_03478,4.9,65.0,Bacharelado,Capitais,Presencial,Não-binário,Preta,0.5864207189918507
CAND_03479,10.5,51.0,Bacharelado,Capitais,Híbrido,Não-binário,Branca,0.7832381279633185
CAND_03480,3.9,55.0,Ensino Médio,Capitais,Híbrido,Não-binário,Branca,0.28305750680284936
CAND_03481,6.6,28.0,Bacharelado,Capitais,Híbrido,Masculino,Amarela,0.4282720846151931
CAND_03482,6.0,61.0,Mestrado,Capitais,Híbrido,Masculino,Parda,0.7511361540875928
CAND_03483,7.9,56.0,Bacharelado,Capitais,Presencial,Masculino,Parda,0.44311227323458285
CAND_03484,9.2,55.0,Mestrado,Região Metropolitana,Presencial,Não-binário,Amarela,0.5496420613446475
CAND_03485,3.8,45.0,Bacharelado,Capitais,Híbrido,Feminino,Indígena,0.48784924042983924
CAND_03486,5.8,42.0,Bacharelado,Capitais,Presencial,Feminino,Parda,0.492243261855236
CAND_03487,10.8,47.0,Bacharelado,Interior,Presencial,Feminino,Branca,0.6135296890154786
CAND_03488,1.8,42.0,Doutorado,Região Metropolitana,Remoto,Feminino,Branca,0.49518518906730874
CAND_03489,8.7,58.0,Bacharelado,Região Metropolitana,Presencial,Masculino,Branca,0.46345933207563805
CAND_03490,4.3,45.0,Bacharelado,Capitais,Presencial,Feminino,Amarela,0.5818249192693837
CAND_03491,4.6,37.0,Bacharelado,Capitais,Híbrido,Feminino,Preta,0.3899015419399862
CAND_03492,1.4,38.0,Mestrado,Região Metropolitana,Híbrido,Feminino,Parda,0.3545033222556765
CAND_03493,2.0,58.0,Mestrado,Capitais,Híbrido,Feminino,Parda,0.4082689430308193
CAND_03494,4.4,17.0,Bacharelado,Capitais,Remoto,Masculino,Indígena,0.40850997498301217
CAND_03495,2.1,49.0,Mestrado,Capitais,Híbrido,Masculino,Amarela,0.4192595017568346
CAND_03496,6.5,28.0,Mestrado,Capitais,Remoto,Masculino,Parda,0.37622881246112605
CAND_03497,6.4,49.0,Ensino Médio,Região Metropolitana,Presencial,Feminino,Amarela,0.454292398572186
CAND_03498,5.8,45.0,Bacharelado,Capitais,Presencial,Não-binário,Amarela,0.6109777683325782
CAND_03499,3.5,47.0,Bacharelado,Capitais,Presencial,Feminino,Indígena,0.35848448394296795
CAND_03500,1.8,63.0,Bacharelado,Região Metropolitana,Híbrido,Não-binário,Amarela,0.4933863257666818
CAND_03501,6.2,28.0,Bacharelado,Região Metropolitana,Presencial,Feminino,Amarela,0.5357451064102294
CAND_03502,4.3,53.0,Bacharelado,Capitais,Presencial,Masculino,Preta,0.4363095529012636
CAND_03503,4.9,52.0,Bacharelado,Capitais,Híbrido,Não-binário,Amarela,0.5378216532729247
CAND_03504,6.9,54.0,Mestrado,Capitais,Presencial,Feminino,Amarela,0.9218191444286667
CAND_03505,5.5,75.0,Bacharelado,Capitais,Híbrido,Masculino,Branca,0.7743376053048012
CAND_03506,3.9,21.0,Bacharelado,Região Metropolitana,Híbrido,Masculino,Indígena,0.3206500958830889
CAND_03507,11.6,56.0,Mestrado,Capitais,Híbrido,Feminino,Indígena,0.8130655394193137
CAND_03508,2.9,77.0,Ensino Médio,Região Metropolitana,Presencial,Feminino,Branca,0.596935947298203
CAND_03509,1.1,46.0,Bacharelado,Região Metropolitana,Híbrido,Não-binário,Indígena,0.20682624657727522
CAND_03510,4.8,46.0,Bacharelado,Região Metropolitana,Remoto,Masculino,Indígena,0.4492967461333395
CAND_03511,4.2,73.0,Mestrado,Região Metropolitana,Remoto,Masculino,Amarela,0.7694993181322992
CAND_03512,5.9,66.0,Bacharelado,Capitais,Presencial,Feminino,Amarela,0.6244959520288621
CAND_03513,1.8,65.0,Doutorado,Região Metropolitana,Presencial,Não-binário,Preta,0.44628351574273073
CAND_03514,0.0,48.0,Mestrado,Capitais,Presencial,Feminino,Indígena,0.3977584371495866
CAND_03515,8.5,62.0,Bacharelado,Capitais,Presencial,Não-binário,Branca,0.5119197953318865
CAND_03516,6.9,39.0,Bacharelado,Região Metropolitana,Híbrido,Masculino,Indígena,0.5325519206410525
CAND_03517,6.7,32.0,Bacharelado,Região Metropolitana,Presencial,Feminino,Parda,0.3098541920184499
CAND_03518,2.0,30.0,Bacharelado,Capitais,Remoto,Feminino,Amarela,0.21648609525979884
CAND_03519,4.3,45.0,Bacharelado,Capitais,Híbrido,Não-binário,Parda,0.35930218781892775
CAND_03520,4.9,55.0,Bacharelado,Capitais,Híbrido,Feminino,Branca,0.4464022516933966
CAND_03521,10.0,48.0,Doutorado,Capitais,Presencial,Masculino,Indígena,0.5566224175902007
CAND_03522,3.1,34.0,Mestrado,Capitais,Presencial,Masculino,Parda,0.450065408282747
CAND_03523,7.2,66.0,Mestrado,Capitais,Presencial,Não-binário,Preta,0.7104037929151404
CAND_03524,1.9,33.0,Bacharelado,Capitais,Remoto,Não-binário,Parda,0.37124295459277923
CAND_03525,5.4,35.0,Ensino Médio,Região Metropolitana,Híbrido,Não-binário,Amarela,0.38568157669074554
CAND_03526,9.3,40.0,Bacharelado,Interior,Híbrido,Feminino,Branca,0.3705564946244664
CAND_03527,8.2,49.0,Bacharelado,Capitais,Presencial,Não-binário,Branca,0.5219943101637305
CAND_03528,5.1,48.0,Bacharelado,Região Metropolitana,Híbrido,Masculino,Preta,0.4991348404989942
CAND_03529,0.9,39.0,Mestrado,Capitais,Presencial,Não-binário,Indígena,0.4360251948494971
CAND_03530,3.6,48.0,Mestrado,Região Metropolitana,Remoto,Não-binário,Branca,0.5034165768298904
CAND_03531,2.4,41.0,Bacharelado,Capitais,Híbrido,Feminino,Preta,0.2777818666113656
CAND_03532,3.9,45.0,Mestrado,Capitais,Presencial,Não-binário,Amarela,0.4204192392033755
CAND_03533,7.7,66.0,Bacharelado,Capitais,Híbrido,Feminino,Branca,0.49588961845157087
CAND_03534,3.5,39.0,Doutorado,Região Metropolitana,Presencial,Não-binário,Amarela,0.5190857410202958
CAND_03535,9.7,32.0,Ensino Médio,Capitais,Remoto,Feminino,Preta,0.4553472650882825
CAND_03536,1.1,41.0,Bacharelado,Capitais,Híbrido,Não-binário,Branca,0.31470117300118616
CAND_03537,7.0,51.0,Bacharelado,Capitais,Presencial,Masculino,Parda,0.7136154801499404
CAND_03538,2.2,84.0,Bacharelado,Capitais,Presencial,Não-binário,Amarela,0.6547613998630007
CAND_03539,5.0,29.0,Mestrado,Capitais,Remoto,Não-binário,Indígena,0.31111619835979093
CAND_03540,2.6,58.0,Bacharelado,Capitais,Remoto,Não-binário,Parda,0.5090774917909593
CAND_03541,11.6,66.0,Bacharelado,Capitais,Presencial,Não-binário,Indígena,0.7678791475272035
CAND_03542,5.5,67.0,Bacharelado,Capitais,Híbrido,Feminino,Parda,0.532218872668056
CAND_03543,0.9,44.0,Bacharelado,Interior,Remoto,Masculino,Branca,0.42828282098441744
CAND_03544,1.9,46.0,Ensino Médio,Capitais,Presencial,Não-binário,Branca,0.54860179852508
CAND_03545,2.1,43.0,Bacharelado,Região Metropolitana,Presencial,Masculino,Amarela,0.40824979226766167
CAND_03546,6.7,63.0,Mestrado,Capitais,Híbrido,Não-binário,Branca,0.5857156058475383
CAND_03547,3.4,52.0,Mestrado,Região Metropolitana,Presencial,Não-binário,Parda,0.2700159427744876
CAND_03548,6.1,66.0,Doutorado,Capitais,Híbrido,Feminino,Preta,0.4606443898684245
CAND_03549,7.8,47.0,Bacharelado,Capitais,Remoto,Não-binário,Amarela,0.46963982416738154
CAND_03550,0.9,42.0,Ensino Médio,Capitais,Híbrido,Feminino,Parda,0.30537369043880946
CAND_03551,9.7,27.0,Bacharelado,Capitais,Híbrido,Masculino,Indígena,0.3785591436762087
CAND_03552,1.6,82.0,Mestrado,Capitais,Presencial,Não-binário,Parda,0.37440629250207347
CAND_03553,8.7,29.0,Bacharelado,Capitais,Híbrido,Não-binário,Parda,0.6348179389016742
CAND_03554,4.7,28.0,Mestrado,Interior,Híbrido,Não-binário,Branca,0.3761838993699468
CAND_03555,10.7,17.0,Ensino Médio,Capitais,Remoto,Masculino,Preta,0.3920706633344167
CAND_03556,3.6,55.0,Mestrado,Capitais,Remoto,Feminino,Branca,0.3637469357246727
CAND_03557,3.7,41.0,Bacharelado,Capitais,Presencial,Masculino,Indígena,0.46906918449240953
CAND_03558,6.9,77.0,Doutorado,Capitais,Híbrido,Feminino,Parda,0.8134298639248292
CAND_03559,2.0,36.0,Bacharelado,Interior,Remoto,Não-binário,Preta,0.3476716365558325
CAND_03560,1.2,49.0,Bacharelado,Capitais,Presencial,Não-binário,Preta,0.31669957954040384
CAND_03561,7.2,31.0,Mestrado,Região Metropolitana,Híbrido,Não-binário,Branca,0.5496463606143989
CAND_03562,7.9,62.0,Bacharelado,Capitais,Híbrido,Masculino,Parda,0.5101177895173874
CAND_03563,8.3,20.0,Bacharelado,Capitais,Presencial,Feminino,Branca,0.5795428987070183
CAND_03564,7.0,39.0,Bacharelado,Capitais,Presencial,Feminino,Parda,0.4800017917478019
CAND_03565,3.0,24.0,Mestrado,Região Metropolitana,Presencial,Não-binário,Amarela,0.21666285262882623
CAND_03566,5.6,50.0,Bacharelado,Interior,Híbrido,Não-binário,Amarela,0.6141517119807695
CAND_03567,2.1,31.0,Mestrado,Região Metropolitana,Remoto,Masculino,Preta,0.3902647370896613
CAND_03568,10.0,43.0,Mestrado,Capitais,Híbrido,Não-binário,Branca,0.6242357976561994
CAND_03569,6.5,44.0,Bacharelado,Interior,Remoto,Não-binário,Branca,0.5155146686893007
CAND_03570,7.3,45.0,Mestrado,Capitais,Híbrido,Feminino,Branca,0.5791964972640656
CAND_03571,6.4,31.0,Bacharelado,Interior,Presencial,Não-binário,Preta,0.3652881364519439
CAND_03572,4.0,43.0,Mestrado,Capitais,Híbrido,Não-binário,Preta,0.29159864303874033
CAND_03573,10.1,26.0,Bacharelado,Capitais,Remoto,Feminino,Indígena,0.4890746702143178
CAND_03574,5.3,40.0,Bacharelado,Capitais,Remoto,Não-binário,Amarela,0.42511956057519457
CAND_03575,8.8,41.0,Bacharelado,Região Metropolitana,Híbrido,Feminino,Amarela,0.44223653416124414
CAND_03576,4.2,49.0,Bacharelado,Capitais,Híbrido,Não-binário,Indígena,0.36970387599117627
CAND_03577,12.8,44.0,Bacharelado,Região Metropolitana,Remoto,Não-binário,Indígena,0.4090692600137106
CAND_03578,6.4,45.0,Mestrado,Região Metropolitana,Presencial,Não-binário,Amarela,0.6031941556768783
CAND_03579,3.7,57.0,Bacharelado,Região Metropolitana,Presencial,Masculino,Branca,0.48321563732471845
CAND_03580,2.1,46.0,Mestrado,Capitais,Híbrido,Feminino,Amarela,0.46356474462521124
CAND_03581,8.0,31.0,Mestrado,Região Metropolitana,Híbrido,Não-binário,Preta,0.40817395101012804
CAND_03582,4.7,46.0,Bacharelado,Região Metropolitana,Remoto,Feminino,Indígena,0.5289561076524262
CAND_03583,1.3,61.0,Bacharelado,Região Metropolitana,Presencial,Não-binário,Branca,0.4441401201346109
CAND_03584,3.9,63.0,Mestrado,Capitais,Híbrido,Não-binário,Parda,0.6147746543145693
CAND_03585,4.1,46.0,Bacharelado,Capitais,Remoto,Feminino,Amarela,0.45026436772342504
CAND_03586,2.5,83.0,Mestrado,Interior,Remoto,Não-binário,Parda,0.5392789249144648
CAND_03587,8.8,37.0,Bacharelado,Capitais,Híbrido,Masculino,Indígena,0.4486198192572468
CAND_03588,3.1,50.0,Bacharelado,Região Metropolitana,Remoto,Não-binário,Indígena,0.4732328761269885
CAND_03589,3.4,25.0,Bacharelado,Região Metropolitana,Presencial,Feminino,Amarela,0.38945251363231875
CAND_03590,4.6,32.0,Bacharelado,Interior,Remoto,Masculino,Amarela,0.35544171583330425
CAND_03591,6.3,76.0,Bacharelado,Capitais,Presencial,Não-binário,Parda,0.739923447429971
CAND_03592,5.1,53.0,Bacharelado,Capitais,Remoto,Feminino,Amarela,0.3683263885216393
CAND_03593,11.6,63.0,Bacharelado,Capitais,Híbrido,Masculino,Amarela,0.5624812115617176
CAND_03594,5.1,49.0,Bacharelado,Capitais,Remoto,Masculino,Amarela,0.3399875844632513
CAND_03595,10.0,52.0,Mestrado,Capitais,Presencial,Feminino,Indígena,0.6435809553703135
CAND_03596,7.0,75.0,Bacharelado,Região Metropolitana,Híbrido,Não-binário,Preta,0.6830379446461596
CAND_03597,4.7,66.0,Ensino Médio,Capitais,Presencial,Feminino,Preta,0.5349196247289016
CAND_03598,6.7,12.0,Bacharelado,Região Metropolitana,Híbrido,Masculino,Indígena,0.35118640651531635
CAND_03599,5.8,77.0,Bacharelado,Interior,Remoto,Feminino,Preta,0.5997803344043864
CAND_03600,7.0,50.0,Bacharelado,Região Metropolitana,Remoto,Masculino,Branca,0.4769078368576561
CAND_03601,3.0,55.0,Bacharelado,Capitais,Híbrido,Masculino,Parda,0.5523750642865874
CAND_03602,3.8,67.0,Ensino Médio,Região Metropolitana,Presencial,Não-binário,Indígena,0.46384642727728737
CAND_03603,3.3,19.0,Ensino Médio,Região Metropolitana,Remoto,Feminino,Branca,0.2224961336152569
CAND_03604,8.4,52.0,Mestrado,Capitais,Híbrido,Feminino,Indígena,0.7050068004019885
CAND_03605,9.9,64.0,Ensino Médio,Capitais,Remoto,Masculino,Parda,0.5679402383538443
CAND_03606,3.9,43.0,Mestrado,Região Metropolitana,Remoto,Feminino,Branca,0.4105440688341774
CAND_03607,1.7,41.0,Bacharelado,Interior,Híbrido,Feminino,Parda,0.45165632773901615
CAND_03608,1.9,54.0,Bacharelado,Região Metropolitana,Híbrido,Feminino,Parda,0.2874035755774758
CAND_03609,8.5,60.0,Mestrado,Capitais,Remoto,Não-binário,Parda,0.6517613252481872
CAND_03610,3.5,49.0,Mestrado,Região Metropolitana,Híbrido,Não-binário,Indígena,0.35126441489065763
CAND_03611,5.1,34.0,Bacharelado,Região Metropolitana,Presencial,Masculino,Parda,0.5683172591726187
CAND_03612,6.6,70.0,Bacharelado,Capitais,Remoto,Não-binário,Branca,0.45748660272061675
CAND_03613,7.9,69.0,Bacharelado,Região Metropolitana,Presencial,Não-binário,Indígena,0.45018642550194127
CAND_03614,0.0,55.0,Bacharelado,Capitais,Híbrido,Não-binário,Branca,0.2744514922465908
CAND_03615,4.5,38.0,Bacharelado,Capitais,Presencial,Não-binário,Branca,0.3830112288079672
CAND_03616,5.9,83.0,Mestrado,Interior,Híbrido,Masculino,Amarela,0.605647764318443
CAND_03617,0.0,72.0,Bacharelado,Capitais,Híbrido,Não-binário,Indígena,0.4454777758097589
CAND_03618,2.1,41.0,Bacharelado,Região Metropolitana,Remoto,Não-binário,Indígena,0.3048833821766809
CAND_03619,7.9,21.0,Mestrado,Capitais,Híbrido,Feminino,Parda,0.42730861670408726
CAND_03620,1.7,50.0,Bacharelado,Capitais,Presencial,Não-binário,Parda,0.5107386388281168
CAND_03621,9.0,42.0,Bacharelado,Região Metropolitana,Híbrido,Não-binário,Preta,0.4882829928091569
CAND_03622,6.3,31.0,Mestrado,Interior,Híbrido,Não-binário,Branca,0.33959631039768845
CAND_03623,8.8,56.0,Bacharelado,Região Metropolitana,Presencial,Masculino,Indígena,0.6001258701447624
CAND_03624,5.3,58.0,Mestrado,Capitais,Híbrido,Masculino,Amarela,0.4628317082724893
CAND_03625,6.0,56.0,Bacharelado,Capitais,Remoto,Masculino,Amarela,0.524421301882024
CAND_03626,2.3,51.0,Doutorado,Região Metropolitana,Remoto,Não-binário,Indígena,0.5482110202244868
CAND_03627,2.6,23.0,Ensino Médio,Capitais,Remoto,Masculino,Parda,0.37540013513017945
CAND_03628,4.2,68.0,Mestrado,Capitais,Remoto,Não-binário,Preta,0.6659629107457671
CAND_03629,6.3,44.0,Bacharelado,Capitais,Presencial,Não-binário,Branca,0.3971712887319925
CAND_03630,5.9,62.0,Bacharelado,Capitais,Híbrido,Feminino,Parda,0.6452546239046884
CAND_03631,2.1,31.0,Ensino Médio,Capitais,Remoto,Feminino,Amarela,0.37876174574583465
CAND_03632,5.3,67.0,Ensino Médio,Região Metropolitana,Híbrido,Masculino,Preta,0.4726814932033726
CAND_03633,2.7,51.0,Bacharelado,Capitais,Remoto,Não-binário,Parda,0.40701561775315814
CAND_03634,2.8,33.0,Bacharelado,Capitais,Presencial,Masculino,Branca,0.3821792583468907
CAND_03635,0.0,36.0,Mestrado,Região Metropolitana,Remoto,Não-binário,Parda,0.25521593620500294
CAND_03636,9.7,38.0,Bacharelado,Capitais,Remoto,Não-binário,Amarela,0.37978813927679106
CAND_03637,6.3,26.0,Mestrado,Interior,Presencial,Masculino,Indígena,0.23639172385270382
CAND_03638,8.7,25.0,Doutorado,Capitais,Remoto,Masculino,Preta,0.5913772897802119
CAND_03639,0.4,40.0,Bacharelado,Capitais,Híbrido,Feminino,Branca,0.2984308427142599
CAND_03640,3.5,58.0,Bacharelado,Capitais,Presencial,Não-binário,Indígena,0.6077356956359413
CAND_03641,2.5,51.0,Bacharelado,Capitais,Híbrido,Masculino,Preta,0.37812266942910083
CAND_03642,4.2,54.0,Bacharelado,Capitais,Presencial,Feminino,Amarela,0.36376864692898897
CAND_03643,7.1,64.0,Bacharelado,Capitais,Híbrido,Não-binário,Amarela,0.5783822086538811
CAND_03644,4.5,47.0,Bacharelado,Capitais,Remoto,Masculino,Amarela,0.36846865659356504
CAND_03645,3.9,65.0,Bacharelado,Região Metropolitana,Remoto,Não-binário,Amarela,0.597459006211601
CAND_03646,7.3,66.0,Mestrado,Interior,Remoto,Não-binário,Preta,0.7334362471410107
CAND_03647,5.1,68.0,Bacharelado,Capitais,Remoto,Masculino,Branca,0.4764413393706276
CAND_03648,3.0,49.0,Bacharelado,Capitais,Remoto,Masculino,Parda,0.5048789300297152
CAND_03649,7.6,29.0,Mestrado,Região Metropolitana,Remoto,Masculino,Amarela,0.5105406136838084
CAND_03650,5.9,34.0,Bacharelado,Região Metropolitana,Híbrido,Masculino,Indígena,0.4275131480657921
CAND_03651,0.3,47.0,Bacharelado,Região Metropolitana,Remoto,Feminino,Amarela,0.23959924584032272
CAND_03652,7.6,48.0,Bacharelado,Região Metropolitana,Presencial,Não-binário,Indígena,0.46839996709193427
CAND_03653,8.6,39.0,Bacharelado,Capitais,Híbrido,Não-binário,Branca,0.4017593900183251
CAND_03654,3.2,56.0,Bacharelado,Capitais,Híbrido,Masculino,Amarela,0.4872929382675266
CAND_03655,5.1,41.0,Mestrado,Região Metropolitana,Híbrido,Feminino,Parda,0.43325525527975434
CAND_03656,0.0,62.0,Bacharelado,Capitais,Remoto,Masculino,Amarela,0.23569871942539278
CAND_03657,0.0,33.0,Mestrado,Capitais,Presencial,Não-binário,Preta,0.2637609911467002
CAND_03658,4.3,45.0,Bacharelado,Capitais,Presencial,Feminino,Branca,0.3523889421878373
CAND_03659,7.4,61.0,Bacharelado,Interior,Remoto,Feminino,Branca,0.6710061558122132
CAND_03660,2.8,63.0,Bacharelado,Capitais,Híbrido,Feminino,Indígena,0.5948920008856847
CAND_03661,3.4,46.0,Bacharelado,Capitais,Híbrido,Não-binário,Parda,0.4046111415202748
CAND_03662,6.8,57.0,Bacharelado,Capitais,Remoto,Não-binário,Preta,0.5660487798038689
CAND_03663,8.3,56.0,Bacharelado,Interior,Presencial,Masculino,Amarela,0.7127089933256607
CAND_03664,7.9,15.0,Mestrado,Capitais,Remoto,Masculino,Parda,0.432621783098834
CAND_03665,7.5,52.0,Doutorado,Capitais,Híbrido,Masculino,Amarela,0.6957753248664527
CAND_03666,1.8,33.0,Bacharelado,Região Metropolitana,Híbrido,Feminino,Parda,0.3921088843597599
CAND_03667,2.7,62.0,Mestrado,Capitais,Presencial,Feminino,Preta,0.42053926478724274
CAND_03668,3.9,78.0,Doutorado,Capitais,Híbrido,Masculino,Preta,0.7342227839581001
CAND_03669,1.8,62.0,Bacharelado,Região Metropolitana,Remoto,Não-binário,Amarela,0.47992621853350176
CAND_03670,4.9,85.0,Bacharelado,Interior,Híbrido,Não-binário,Parda,0.6161002926151142
CAND_03671,3.7,45.0,Bacharelado,Região Metropolitana,Remoto,Não-binário,Preta,0.5475486501276604
CAND_03672,3.5,44.0,Mestrado,Capitais,Presencial,Masculino,Branca,0.49654623830707223
CAND_03673,4.8,58.0,Mestrado,Capitais,Híbrido,Não-binário,Amarela,0.6150032212224766
CAND_03674,1.6,71.0,Bacharelado,Capitais,Híbrido,Não-binário,Parda,0.41446610888533686
CAND_03675,9.5,76.0,Bacharelado,Capitais,Remoto,Feminino,Amarela,0.6364127954067574
CAND_03676,5.4,75.0,Mestrado,Região Metropolitana,Híbrido,Masculino,Indígena,0.6387325822271286
CAND_03677,7.6,62.0,Bacharelado,Região Metropolitana,Presencial,Masculino,Indígena,0.4853023529447264
CAND_03678,5.4,71.0,Mestrado,Capitais,Presencial,Não-binário,Indígena,0.6269498043645205
CAND_03679,1.9,54.0,Bacharelado,Região Metropolitana,Híbrido,Não-binário,Preta,0.42875638032771757
CAND_03680,8.7,77.0,Bacharelado,Capitais,Presencial,Masculino,Amarela,0.5206695635550795
CAND_03681,6.7,26.0,Bacharelado,Região Metropolitana,Remoto,Não-binário,Amarela,0.529583685639502
CAND_03682,4.6,67.0,Bacharelado,Capitais,Remoto,Masculino,Preta,0.44295565759658184
CAND_03683,4.2,61.0,Bacharelado,Região Metropolitana,Híbrido,Não-binário,Preta,0.4486935332171606
CAND_03684,5.2,32.0,Bacharelado,Região Metropolitana,Híbrido,Não-binário,Indígena,0.29483683658704135
CAND_03685,2.5,47.0,Mestrado,Capitais,Híbrido,Masculino,Amarela,0.5962056395043727
CAND_03686,6.0,58.0,Bacharelado,Região Metropolitana,Híbrido,Masculino,Parda,0.38890854941424474
CAND_03687,5.6,17.0,Bacharelado,Região Metropolitana,Presencial,Não-binário,Indígena,0.41992625547121276
CAND_03688,1.1,26.0,Bacharelado,Capitais,Híbrido,Não-binário,Indígena,0.24006419133032375
CAND_03689,4.5,29.0,Mestrado,Capitais,Presencial,Feminino,Parda,0.5245966284412124
CAND_03690,2.9,31.0,Bacharelado,Capitais,Presencial,Não-binário,Indígena,0.24969751691228464
CAND_03691,3.8,70.0,Bacharelado,Capitais,Híbrido,Não-binário,Indígena,0.5824845311948351
CAND_03692,4.8,39.0,Bacharelado,Região Metropolitana,Presencial,Feminino,Preta,0.38817407456293757
CAND_03693,5.6,77.0,Bacharelado,Capitais,Presencial,Não-binário,Amarela,0.502670287671248
CAND_03694,2.4,59.0,Mestrado,Capitais,Híbrido,Masculino,Preta,0.3547964699048852
CAND_03695,3.0,39.0,Mestrado,Capitais,Híbrido,Feminino,Preta,0.5717642456100973
CAND_03696,9.0,52.0,Bacharelado,Capitais,Remoto,Masculino,Indígena,0.6631546616508845
CAND_03697,1.2,26.0,Mestrado,Capitais,Remoto,Masculino,Preta,0.4322482597778812
CAND_03698,2.0,37.0,Bacharelado,Capitais,Remoto,Masculino,Indígena,0.3229188468013416
CAND_03699,3.4,55.0,Bacharelado,Capitais,Presencial,Feminino,Branca,0.4006447822946043
CAND_03700,1.1,68.0,Mestrado,Região Metropolitana,Remoto,Masculino,Amarela,0.49987687652008084
CAND_03701,3.8,28.0,Bacharelado,Região Metropolitana,Híbrido,Masculino,Amarela,0.36060475181914275
CAND_03702,5.0,35.0,Mestrado,Capitais,Remoto,Não-binário,Parda,0.5666686486748364
CAND_03703,3.6,46.0,Bacharelado,Capitais,Híbrido,Feminino,Indígena,0.44978607742342025
CAND_03704,0.0,81.0,Bacharelado,Interior,Presencial,Não-binário,Amarela,0.4825660923066129
CAND_03705,7.5,59.0,Bacharelado,Região Metropolitana,Remoto,Masculino,Indígena,0.5033685201118827
CAND_03706,3.4,50.0,Mestrado,Região Metropolitana,Híbrido,Masculino,Branca,0.39627130100087743
CAND_03707,3.2,41.0,Mestrado,Capitais,Híbrido,Feminino,Parda,0.4211424188079511
CAND_03708,0.0,47.0,Bacharelado,Região Metropolitana,Presencial,Não-binário,Indígena,0.397850367589602
CAND_03709,6.4,50.0,Bacharelado,Região Metropolitana,Híbrido,Masculino,Branca,0.5721041328652928
CAND_03710,6.5,82.0,Bacharelado,Interior,Híbrido,Feminino,Parda,0.4486186018201755
CAND_03711,5.0,25.0,Bacharelado,Interior,Remoto,Masculino,Parda,0.3243516115014641
CAND_03712,6.3,28.0,Bacharelado,Capitais,Remoto,Não-binário,Branca,0.32799062093828996
CAND_03713,3.8,42.0,Bacharelado,Região Metropolitana,Híbrido,Não-binário,Preta,0.3260288531868345
CAND_03714,9.2,71.0,Ensino Médio,Capitais,Remoto,Masculino,Branca,0.405226854758843
CAND_03715,7.9,53.0,Ensino Médio,Capitais,Híbrido,Não-binário,Indígena,0.5529430782373227
CAND_03716,3.9,66.0,Bacharelado,Região Metropolitana,Remoto,Feminino,Preta,0.4925088249711231
CAND_03717,4.4,47.0,Bacharelado,Região Metropolitana,Híbrido,Feminino,Branca,0.47290658561122934
CAND_03718,0.0,54.0,Mestrado,Capitais,Híbrido,Não-binário,Parda,0.42924018675150466
CAND_03719,3.2,61.0,Ensino Médio,Capitais,Remoto,Masculino,Preta,0.5631289987306531
CAND_03720,5.1,45.0,Bacharelado,Capitais,Híbrido,Não-binário,Branca,0.4705305018206358
CAND_03721,4.8,51.0,Bacharelado,Interior,Híbrido,Feminino,Indígena,0.5698348149782926
CAND_03722,0.0,59.0,Bacharelado,Região Metropolitana,Presencial,Feminino,Indígena,0.5092311744661842
CAND_03723,7.2,87.0,Mestrado,Capitais,Remoto,Não-binário,Preta,0.7653496161927931
CAND_03724,16.9,42.0,Ensino Médio,Capitais,Híbrido,Feminino,Amarela,0.6659106259624056
CAND_03725,0.0,42.0,Ensino Médio,Capitais,Remoto,Não-binário,Indígena,0.4400319641333591
CAND_03726,8.5,60.0,Bacharelado,Capitais,Híbrido,Masculino,Parda,0.6615354897936666
CAND_03727,9.0,34.0,Bacharelado,Capitais,Presencial,Feminino,Parda,0.5234170883378593
CAND_03728,5.4,68.0,Bacharelado,Região Metropolitana,Híbrido,Masculino,Parda,0.4866129429123126
CAND_03729,5.9,50.0,Bacharelado,Interior,Híbrido,Feminino,Branca,0.41890648656945056
CAND_03730,6.7,44.0,Bacharelado,Capitais,Híbrido,Não-binário,Branca,0.6315181307616741
CAND_03731,8.7,52.0,Bacharelado,Região Metropolitana,Remoto,Masculino,Preta,0.3980945392707953
CAND_03732,8.0,87.0,Bacharelado,Região Metropolitana,Híbrido,Masculino,Preta,0.6169159041808951
CAND_03733,4.2,38.0,Bacharelado,Capitais,Remoto,Feminino,Branca,0.43868017314062663
CAND_03734,2.5,25.0,Doutorado,Capitais,Híbrido,Feminino,Indígena,0.528619299912637
CAND_03735,7.3,68.0,Mestrado,Região Metropolitana,Remoto,Não-binário,Indígena,0.6963382846189283
CAND_03736,9.1,46.0,Bacharelado,Capitais,Presencial,Feminino,Branca,0.5982783667730713
CAND_03737,8.6,38.0,Bacharelado,Capitais,Remoto,Não-binário,Parda,0.5202035995331243
CAND_03738,0.0,30.0,Mestrado,Região Metropolitana,Híbrido,Não-binário,Branca,0.28313938300060393
CAND_03739,8.6,74.0,Ensino Médio,Capitais,Remoto,Não-binário,Indígena,0.7656072488974291
CAND_03740,5.9,77.0,Mestrado,Capitais,Presencial,Feminino,Indígena,0.7280026876132627
CAND_03741,6.7,38.0,Bacharelado,Região Metropolitana,Híbrido,Não-binário,Preta,0.4426678579103296
CAND_03742,0.5,52.0,Bacharelado,Capitais,Híbrido,Feminino,Amarela,0.3487863836110669
CAND_03743,5.4,72.0,Bacharelado,Região Metropolitana,Híbrido,Não-binário,Indígena,0.6644687854051288
CAND_03744,5.5,43.0,Bacharelado,Capitais,Híbrido,Masculino,Amarela,0.32213798121641196
CAND_03745,4.6,54.0,Mestrado,Interior,Presencial,Feminino,Preta,0.4945899988867209
CAND_03746,6.5,65.0,Ensino Médio,Capitais,Presencial,Não-binário,Amarela,0.5047112736058447
CAND_03747,4.5,43.0,Mestrado,Capitais,Remoto,Não-binário,Indígena,0.4091135981417464
CAND_03748,0.0,66.0,Ensino Médio,Capitais,Remoto,Não-binário,Amarela,0.3091660123299548
CAND_03749,3.0,29.0,Bacharelado,Capitais,Híbrido,Não-binário,Preta,0.3916083534470916
CAND_03750,6.6,42.0,Ensino Médio,Capitais,Híbrido,Não-binário,Amarela,0.3000869664533744
CAND_03751,1.8,54.0,Bacharelado,Região Metropolitana,Híbrido,Não-binário,Indígena,0.29220436759993046
CAND_03752,3.6,49.0,Ensino Médio,Interior,Presencial,Não-binário,Branca,0.17444476017336943
CAND_03753,8.5,48.0,Bacharelado,Capitais,Presencial,Feminino,Preta,0.44012138255432837
CAND_03754,4.9,44.0,Mestrado,Capitais,Presencial,Feminino,Amarela,0.5221783620067055
CAND_03755,6.8,49.0,Bacharelado,Região Metropolitana,Híbrido,Masculino,Indígena,0.5426571189037551
CAND_03756,8.7,23.0,Doutorado,Capitais,Híbrido,Masculino,Preta,0.4201384076014693
CAND_03757,1.7,56.0,Bacharelado,Capitais,Presencial,Masculino,Branca,0.5376479413923428
CAND_03758,2.5,62.0,Mestrado,Capitais,Presencial,Masculino,Parda,0.37273244485856105
CAND_03759,3.0,73.0,Bacharelado,Interior,Remoto,Masculino,Indígena,0.4561633453627058
CAND_03760,5.2,71.0,Bacharelado,Capitais,Híbrido,Feminino,Parda,0.6646758797463987
CAND_03761,2.0,63.0,Bacharelado,Capitais,Presencial,Feminino,Preta,0.38758931702298643
CAND_03762,9.5,36.0,Mestrado,Região Metropolitana,Remoto,Feminino,Branca,0.5345564692034052
CAND_03763,0.7,60.0,Bacharelado,Interior,Remoto,Não-binário,Branca,0.41384244975626083
CAND_03764,7.5,48.0,Bacharelado,Capitais,Remoto,Não-binário,Preta,0.5265843304939044
CAND_03765,9.0,47.0,Mestrado,Região Metropolitana,Híbrido,Masculino,Indígena,0.4941395417916984
CAND_03766,0.0,46.0,Bacharelado,Capitais,Híbrido,Não-binário,Branca,0.5741679278822553
CAND_03767,0.8,56.0,Bacharelado,Capitais,Presencial,Masculino,Indígena,0.35717457662018975
CAND_03768,4.0,37.0,Bacharelado,Interior,Remoto,Feminino,Preta,0.39534458286697033
CAND_03769,6.1,57.0,Bacharelado,Capitais,Presencial,Não-binário,Parda,0.32962392345425884
CAND_03770,3.2,41.0,Bacharelado,Região Metropolitana,Presencial,Masculino,Preta,0.4211438465159597
CAND_03771,2.9,33.0,Bacharelado,Região Metropolitana,Híbrido,Não-binário,Preta,0.280629591302237
CAND_03772,4.8,67.0,Bacharelado,Região Metropolitana,Presencial,Feminino,Branca,0.4850684673119625
CAND_03773,2.7,51.0,Mestrado,Região Metropolitana,Híbrido,Não-binário,Amarela,0.49920695193848785
CAND_03774,0.0,60.0,Bacharelado,Região Metropolitana,Híbrido,Não-binário,Amarela,0.5327679639235229
CAND_03775,3.2,38.0,Bacharelado,Capitais,Remoto,Masculino,Preta,0.42224202206419725
CAND_03776,1.3,40.0,Bacharelado,Região Metropolitana,Remoto,Feminino,Preta,0.4661966014698553
CAND_03777,5.4,77.0,Mestrado,Capitais,Presencial,Feminino,Branca,0.5797366938435016
CAND_03778,2.8,41.0,Mestrado,Região Metropolitana,Híbrido,Não-binário,Preta,0.33459337490313273
CAND_03779,1.8,69.0,Bacharelado,Capitais,Híbrido,Masculino,Preta,0.43005624228341954
CAND_03780,4.5,47.0,Bacharelado,Região Metropolitana,Remoto,Não-binário,Indígena,0.3083791118936325
CAND_03781,2.1,52.0,Ensino Médio,Capitais,Remoto,Masculino,Indígena,0.3691733878411547
CAND_03782,0.0,78.0,Bacharelado,Capitais,Híbrido,Não-binário,Preta,0.4126462296691916
CAND_03783,4.9,48.0,Mestrado,Capitais,Remoto,Feminino,Indígena,0.4030031960415859
CAND_03784,1.5,52.0,Bacharelado,Capitais,Híbrido,Não-binário,Parda,0.42512084979923853
CAND_03785,6.6,17.0,Bacharelado,Capitais,Remoto,Masculino,Branca,0.2823402093924687
CAND_03786,6.3,64.0,Mestrado,Capitais,Remoto,Feminino,Preta,0.6929987964425212
CAND_03787,2.6,54.0,Bacharelado,Região Metropolitana,Híbrido,Não-binário,Parda,0.496637598671046
CAND_03788,8.8,39.0,Bacharelado,Capitais,Remoto,Não-binário,Indígena,0.7079320738638796
CAND_03789,6.9,89.0,Bacharelado,Região Metropolitana,Híbrido,Não-binário,Branca,0.41867364617612296
CAND_03790,2.2,41.0,Ensino Médio,Capitais,Remoto,Não-binário,Preta,0.30281651425002876
CAND_03791,9.3,38.0,Bacharelado,Capitais,Híbrido,Não-binário,Preta,0.48345512875902097
CAND_03792,0.0,48.0,Mestrado,Capitais,Híbrido,Feminino,Parda,0.20394142529431536
CAND_03793,8.5,31.0,Ensino Médio,Capitais,Presencial,Não-binário,Amarela,0.17189924516277233
CAND_03794,6.7,51.0,Bacharelado,Região Metropolitana,Híbrido,Masculino,Amarela,0.6911236838454766
CAND_03795,3.0,20.0,Ensino Médio,Região Metropolitana,Remoto,Feminino,Parda,0.12585347462028834
CAND_03796,2.9,66.0,Bacharelado,Interior,Remoto,Feminino,Branca,0.3885985250545154
CAND_03797,4.0,50.0,Bacharelado,Região Metropolitana,Remoto,Masculino,Preta,0.3915917263389454
CAND_03798,4.3,47.0,Mestrado,Região Metropolitana,Remoto,Feminino,Preta,0.4864965428886874
CAND_03799,0.1,54.0,Mestrado,Região Metropolitana,Híbrido,Masculino,Parda,0.40904749683710895
CAND_03800,5.9,34.0,Doutorado,Região Metropolitana,Remoto,Masculino,Amarela,0.5209824967497647
CAND_03801,8.4,33.0,Doutorado,Capitais,Presencial,Feminino,Preta,0.6717032551747796
CAND_03802,8.7,63.0,Mestrado,Capitais,Híbrido,Não-binário,Amarela,0.6227940824770984
CAND_03803,3.5,58.0,Bacharelado,Capitais,Híbrido,Feminino,Parda,0.26973966979476366
CAND_03804,5.6,36.0,Bacharelado,Capitais,Presencial,Feminino,Indígena,0.3952797035000258
CAND_03805,8.6,61.0,Ensino Médio,Capitais,Presencial,Feminino,Parda,0.4875978571764072
CAND_03806,4.8,96.0,Bacharelado,Região Metropolitana,Presencial,Feminino,Branca,0.7756328466466393
CAND_03807,9.6,43.0,Bacharelado,Capitais,Híbrido,Não-binário,Parda,0.4399045616846191
CAND_03808,2.1,71.0,Bacharelado,Região Metropolitana,Remoto,Masculino,Indígena,0.5233385006404992
CAND_03809,3.8,52.0,Bacharelado,Interior,Híbrido,Não-binário,Branca,0.3939118833711934
CAND_03810,0.5,46.0,Bacharelado,Capitais,Remoto,Não-binário,Amarela,0.27831319976195734
CAND_03811,6.9,39.0,Doutorado,Região Metropolitana,Remoto,Não-binário,Indígena,0.5009709904076035
CAND_03812,2.2,64.0,Bacharelado,Capitais,Híbrido,Masculino,Preta,0.5437444086480266
CAND_03813,7.6,57.0,Bacharelado,Capitais,Presencial,Feminino,Parda,0.5443146958425763
CAND_03814,7.1,66.0,Bacharelado,Capitais,Remoto,Masculino,Parda,0.3432136182802498
CAND_03815,10.2,63.0,Bacharelado,Capitais,Presencial,Masculino,Parda,0.6230608442510935
CAND_03816,6.3,67.0,Bacharelado,Região Metropolitana,Remoto,Não-binário,Indígena,0.5242785262688285
CAND_03817,5.3,69.0,Mestrado,Região Metropolitana,Híbrido,Masculino,Amarela,0.5689538171122253
CAND_03818,0.7,45.0,Bacharelado,Capitais,Híbrido,Feminino,Parda,0.2160404235494218
CAND_03819,6.3,56.0,Mestrado,Capitais,Presencial,Masculino,Amarela,0.43382971755328464
CAND_03820,9.2,53.0,Bacharelado,Região Metropolitana,Remoto,Masculino,Amarela,0.4797493803107107
CAND_03821,9.6,41.0,Mestrado,Região Metropolitana,Remoto,Masculino,Preta,0.4759536732782
CAND_03822,4.1,34.0,Bacharelado,Capitais,Presencial,Não-binário,Parda,0.37366910358484035
CAND_03823,5.2,73.0,Mestrado,Capitais,Presencial,Feminino,Indígena,0.5256882712345864
CAND_03824,8.2,61.0,Bacharelado,Capitais,Presencial,Feminino,Parda,0.6145506980538801
CAND_03825,5.5,77.0,Bacharelado,Capitais,Presencial,Não-binário,Indígena,0.607540046624436
CAND_03826,7.4,58.0,Bacharelado,Capitais,Remoto,Não-binário,Amarela,0.5702626619049285
CAND_03827,9.7,47.0,Doutorado,Capitais,Híbrido,Feminino,Branca,0.6813307392550269
CAND_03828,6.5,46.0,Mestrado,Capitais,Remoto,Feminino,Amarela,0.44852732394847544
CAND_03829,0.0,44.0,Ensino Médio,Capitais,Remoto,Não-binário,Preta,0.30927871339397567
CAND_03830,8.7,48.0,Mestrado,Região Metropolitana,Remoto,Masculino,Indígena,0.5285946848677288
CAND_03831,3.0,48.0,Ensino Médio,Capitais,Remoto,Feminino,Amarela,0.3331913507902574
CAND_03832,2.0,60.0,Bacharelado,Capitais,Presencial,Feminino,Branca,0.3269007235077176
CAND_03833,2.6,31.0,Ensino Médio,Região Metropolitana,Híbrido,Não-binário,Indígena,0.10650364651411448
CAND_03834,4.9,41.0,Bacharelado,Região Metropolitana,Remoto,Masculino,Preta,0.43179339759515306
CAND_03835,4.0,27.0,Mestrado,Capitais,Presencial,Feminino,Preta,0.38880962290943305
CAND_03836,2.4,57.0,Mestrado,Região Metropolitana,Presencial,Não-binário,Indígena,0.5304875757439574
CAND_03837,1.8,61.0,Bacharelado,Capitais,Híbrido,Feminino,Indígena,0.4570556610668049
CAND_03838,3.5,61.0,Bacharelado,Região Metropolitana,Híbrido,Feminino,Indígena,0.37168040321019874
CAND_03839,5.0,37.0,Bacharelado,Capitais,Híbrido,Feminino,Branca,0.41816984585387407
CAND_03840,10.9,36.0,Mestrado,Capitais,Presencial,Não-binário,Indígena,0.5307165419684516
CAND_03841,9.2,39.0,Bacharelado,Região Metropolitana,Remoto,Não-binário,Branca,0.461113182420075
CAND_03842,3.5,33.0,Bacharelado,Capitais,Híbrido,Masculino,Amarela,0.4421999728994295
CAND_03843,10.0,59.0,Mestrado,Capitais,Híbrido,Não-binário,Amarela,0.5975354445880664
CAND_03844,4.8,38.0,Bacharelado,Região Metropolitana,Híbrido,Não-binário,Indígena,0.42398179308482725
CAND_03845,11.8,55.0,Bacharelado,Capitais,Híbrido,Não-binário,Preta,0.6120444724967151
CAND_03846,5.7,67.0,Bacharelado,Região Metropolitana,Remoto,Não-binário,Branca,0.4530375007613142
CAND_03847,6.1,47.0,Bacharelado,Capitais,Remoto,Feminino,Indígena,0.44022446872593257
CAND_03848,5.9,48.0,Bacharelado,Capitais,Remoto,Masculino,Parda,0.3479389692577379
CAND_03849,3.0,38.0,Bacharelado,Capitais,Híbrido,Masculino,Preta,0.26562049897144663
CAND_03850,10.2,60.0,Bacharelado,Capitais,Presencial,Masculino,Indígena,0.4871211202540928
CAND_03851,3.8,45.0,Bacharelado,Capitais,Híbrido,Masculino,Preta,0.5300894752044871
CAND_03852,3.8,50.0,Bacharelado,Capitais,Remoto,Feminino,Branca,0.5467681126441067
CAND_03853,7.4,66.0,Bacharelado,Capitais,Remoto,Feminino,Preta,0.6029355087306348
CAND_03854,0.6,50.0,Bacharelado,Capitais,Presencial,Não-binário,Indígena,0.267069748236881
CAND_03855,5.0,34.0,Mestrado,Capitais,Híbrido,Masculino,Amarela,0.37351856007324685
CAND_03856,3.8,49.0,Bacharelado,Capitais,Remoto,Feminino,Indígena,0.45458039829993374
CAND_03857,0.5,49.0,Bacharelado,Capitais,Remoto,Não-binário,Parda,0.41906449006477253
CAND_03858,4.1,56.0,Mestrado,Interior,Presencial,Feminino,Preta,0.5674092804272873
CAND_03859,5.4,71.0,Ensino Médio,Região Metropolitana,Híbrido,Não-binário,Branca,0.5357201979829624
CAND_03860,6.3,32.0,Bacharelado,Capitais,Remoto,Feminino,Indígena,0.44965092778259064
CAND_03861,1.0,50.0,Bacharelado,Região Metropolitana,Presencial,Feminino,Branca,0.31246545409299115
CAND_03862,0.6,43.0,Mestrado,Capitais,Presencial,Não-binário,Indígena,0.3887707006888738
CAND_03863,8.0,58.0,Bacharelado,Capitais,Híbrido,Feminino,Indígena,0.6258951333110736
CAND_03864,10.6,56.0,Bacharelado,Interior,Híbrido,Feminino,Indígena,0.293492423981854
CAND_03865,1.8,46.0,Mestrado,Capitais,Remoto,Masculino,Indígena,0.4954048669409273
CAND_03866,2.2,39.0,Mestrado,Região Metropolitana,Remoto,Não-binário,Indígena,0.613614170468267
CAND_03867,3.0,73.0,Bacharelado,Capitais,Remoto,Masculino,Amarela,0.3945140661801072
CAND_03868,1.9,49.0,Bacharelado,Região Metropolitana,Presencial,Não-binário,Amarela,0.3524756148692301
CAND_03869,3.8,39.0,Mestrado,Capitais,Híbrido,Feminino,Indígena,0.5271033365118689
CAND_03870,2.6,12.0,Mestrado,Região Metropolitana,Remoto,Não-binário,Indígena,0.37549853556282375
CAND_03871,6.1,53.0,Bacharelado,Capitais,Híbrido,Não-binário,Amarela,0.3057381730216107
CAND_03872,4.4,49.0,Doutorado,Região Metropolitana,Presencial,Feminino,Parda,0.3734977930098027
CAND_03873,5.7,61.0,Doutorado,Capitais,Remoto,Feminino,Parda,0.6585748382906389
CAND_03874,9.6,55.0,Bacharelado,Região Metropolitana,Remoto,Não-binário,Amarela,0.4455949552952968
CAND_03875,8.2,57.0,Mestrado,Interior,Remoto,Masculino,Preta,0.44575790531131465
CAND_03876,4.1,33.0,Bacharelado,Capitais,Híbrido,Feminino,Indígena,0.38273783224413355
CAND_03877,6.8,36.0,Mestrado,Região Metropolitana,Presencial,Não-binário,Amarela,0.5807548785720965
CAND_03878,11.8,60.0,Bacharelado,Capitais,Presencial,Feminino,Branca,0.6307761752479035
CAND_03879,0.0,42.0,Ensino Médio,Região Metropolitana,Híbrido,Feminino,Indígena,0.2911295008522327
CAND_03880,4.3,51.0,Mestrado,Região Metropolitana,Híbrido,Feminino,Indígena,0.4942457901902979
CAND_03881,4.0,25.0,Bacharelado,Capitais,Remoto,Não-binário,Indígena,0.3057469644099194
CAND_03882,5.8,24.0,Ensino Médio,Região Metropolitana,Remoto,Não-binário,Parda,0.5050700971073984
CAND_03883,3.1,38.0,Bacharelado,Capitais,Remoto,Não-binário,Parda,0.36505518158374994
CAND_03884,7.1,50.0,Bacharelado,Capitais,Híbrido,Masculino,Parda,0.4423732220837509
CAND_03885,10.8,57.0,Bacharelado,Capitais,Remoto,Masculino,Branca,0.6716625822917933
CAND_03886,0.2,61.0,Mestrado,Capitais,Presencial,Feminino,Preta,0.4921048799605354
CAND_03887,4.7,44.0,Bacharelado,Capitais,Híbrido,Não-binário,Amarela,0.5177818004278341
CAND_03888,3.8,47.0,Ensino Médio,Capitais,Presencial,Não-binário,Parda,0.4582672503355382
CAND_03889,5.0,53.0,Bacharelado,Capitais,Remoto,Masculino,Parda,0.638579593847179
CAND_03890,1.5,50.0,Bacharelado,Interior,Remoto,Não-binário,Branca,0.28715456311135856
CAND_03891,4.2,51.0,Bacharelado,Capitais,Presencial,Feminino,Parda,0.45934536199440995
CAND_03892,7.2,68.0,Bacharelado,Capitais,Híbrido,Feminino,Preta,0.5034691184108965
CAND_03893,5.2,74.0,Bacharelado,Capitais,Remoto,Não-binário,Amarela,0.37528968491161413
CAND_03894,8.6,19.0,Bacharelado,Capitais,Remoto,Feminino,Amarela,0.4849080071915833
CAND_03895,8.0,54.0,Bacharelado,Capitais,Híbrido,Masculino,Indígena,0.4917619702664075
CAND_03896,3.8,45.0,Doutorado,Capitais,Presencial,Feminino,Parda,0.664377897801334
CAND_03897,5.7,43.0,Doutorado,Capitais,Presencial,Feminino,Indígena,0.44976175518319883
CAND_03898,0.9,44.0,Doutorado,Capitais,Híbrido,Feminino,Parda,0.41163702558556586
CAND_03899,4.1,73.0,Ensino Médio,Região Metropolitana,Presencial,Não-binário,Preta,0.5702302838504345
CAND_03900,9.7,57.0,Mestrado,Região Metropolitana,Híbrido,Não-binário,Preta,0.520284831309195
CAND_03901,3.3,74.0,Bacharelado,Capitais,Remoto,Não-binário,Preta,0.3760098492375084
CAND_03902,5.2,65.0,Mestrado,Região Metropolitana,Presencial,Masculino,Parda,0.6407866033681384
CAND_03903,2.0,72.0,Mestrado,Capitais,Híbrido,Não-binário,Preta,0.5336901911102322
CAND_03904,1.6,51.0,Bacharelado,Interior,Híbrido,Não-binário,Parda,0.23749836750103168
CAND_03905,8.5,39.0,Bacharelado,Interior,Remoto,Feminino,Branca,0.42634964628224337
CAND_03906,4.7,51.0,Doutorado,Capitais,Híbrido,Feminino,Indígena,0.4977871753085891
CAND_03907,5.1,44.0,Mestrado,Capitais,Híbrido,Não-binário,Preta,0.47405156046875846
CAND_03908,2.5,54.0,Bacharelado,Capitais,Remoto,Masculino,Preta,0.368914872283202
CAND_03909,4.4,16.0,Bacharelado,Capitais,Presencial,Não-binário,Amarela,0.5341963283724007
CAND_03910,4.7,41.0,Mestrado,Região Metropolitana,Híbrido,Masculino,Branca,0.4496194115424317
CAND_03911,1.7,51.0,Bacharelado,Capitais,Híbrido,Masculino,Parda,0.4231890693221751
CAND_03912,7.9,48.0,Bacharelado,Capitais,Híbrido,Masculino,Indígena,0.5832289923049735
CAND_03913,4.2,36.0,Bacharelado,Capitais,Híbrido,Não-binário,Parda,0.24708484753982202
CAND_03914,3.3,71.0,Doutorado,Capitais,Remoto,Não-binário,Indígena,0.6994581745299395
CAND_03915,2.2,42.0,Bacharelado,Capitais,Híbrido,Não-binário,Branca,0.3467387380591041
CAND_03916,4.4,61.0,Bacharelado,Capitais,Presencial,Feminino,Amarela,0.563416001031747
CAND_03917,3.5,16.0,Bacharelado,Capitais,Remoto,Não-binário,Branca,0.1683571503493114
CAND_03918,5.5,29.0,Doutorado,Capitais,Híbrido,Não-binário,Amarela,0.5719175714986082
CAND_03919,9.2,22.0,Mestrado,Capitais,Remoto,Não-binário,Amarela,0.497988172811451
CAND_03920,6.7,33.0,Bacharelado,Capitais,Remoto,Feminino,Indígena,0.5930598966390502
CAND_03921,5.2,42.0,Bacharelado,Capitais,Remoto,Não-binário,Preta,0.5299201614195104
CAND_03922,3.9,45.0,Bacharelado,Capitais,Híbrido,Não-binário,Indígena,0.3820931184327184
CAND_03923,7.2,37.0,Bacharelado,Interior,Presencial,Não-binário,Preta,0.39996685048581787
CAND_03924,2.0,26.0,Bacharelado,Capitais,Híbrido,Não-binário,Indígena,0.1917053232784592
CAND_03925,3.5,52.0,Bacharelado,Capitais,Presencial,Masculino,Indígena,0.5293867894163371
CAND_03926,4.5,49.0,Bacharelado,Capitais,Remoto,Feminino,Branca,0.29892476648196187
CAND_03927,2.8,63.0,Bacharelado,Capitais,Híbrido,Feminino,Branca,0.3082869729784666
CAND_03928,4.5,48.0,Mestrado,Capitais,Híbrido,Feminino,Branca,0.44415358614653244
CAND_03929,0.0,46.0,Mestrado,Capitais,Remoto,Não-binário,Parda,0.5612280812506658
CAND_03930,5.6,70.0,Mestrado,Capitais,Remoto,Não-binário,Amarela,0.50676489215736
CAND_03931,14.7,37.0,Ensino Médio,Capitais,Presencial,Não-binário,Branca,0.6446769743409273
CAND_03932,6.1,28.0,Bacharelado,Capitais,Híbrido,Masculino,Amarela,0.38891376865571176
CAND_03933,5.5,68.0,Bacharelado,Região Metropolitana,Remoto,Não-binário,Parda,0.4912092193435974
CAND_03934,1.5,64.0,Bacharelado,Região Metropolitana,Presencial,Não-binário,Preta,0.546471771864079
CAND_03935,2.3,80.0,Bacharelado,Região Metropolitana,Híbrido,Masculino,Amarela,0.6047038098514966
CAND_03936,2.6,60.0,Mestrado,Capitais,Presencial,Masculino,Indígena,0.424450142738851
CAND_03937,1.8,27.0,Mestrado,Região Metropolitana,Híbrido,Masculino,Preta,0.3501714607749585
CAND_03938,6.6,40.0,Mestrado,Região Metropolitana,Presencial,Feminino,Indígena,0.5525464881910642
CAND_03939,3.3,41.0,Bacharelado,Capitais,Presencial,Não-binário,Amarela,0.49111519337705856
CAND_03940,3.6,35.0,Bacharelado,Capitais,Presencial,Não-binário,Parda,0.27006127615562736
CAND_03941,12.0,74.0,Ensino Médio,Interior,Remoto,Não-binário,Parda,0.5719969612613809
CAND_03942,3.3,14.0,Bacharelado,Capitais,Híbrido,Masculino,Preta,0.3187961752486237
CAND_03943,7.2,55.0,Bacharelado,Capitais,Presencial,Masculino,Amarela,0.5157028409993814
CAND_03944,6.5,50.0,Bacharelado,Região Metropolitana,Híbrido,Feminino,Indígena,0.5379524331733146
CAND_03945,8.4,40.0,Bacharelado,Interior,Remoto,Feminino,Indígena,0.26754825526078185
CAND_03946,5.3,38.0,Bacharelado,Região Metropolitana,Híbrido,Masculino,Amarela,0.47912746809075396
CAND_03947,6.8,21.0,Mestrado,Região Metropolitana,Híbrido,Feminino,Branca,0.45439546455630825
CAND_03948,1.7,72.0,Bacharelado,Capitais,Presencial,Não-binário,Indígena,0.29807702777772205
CAND_03949,4.2,48.0,Bacharelado,Capitais,Presencial,Masculino,Indígena,0.3662692216903798
CAND_03950,5.8,26.0,Bacharelado,Região Metropolitana,Híbrido,Feminino,Branca,0.3134434304189122
CAND_03951,11.7,41.0,Mestrado,Capitais,Híbrido,Não-binário,Amarela,0.6952575660771309
CAND_03952,4.4,68.0,Mestrado,Capitais,Híbrido,Masculino,Preta,0.5519739849172751
CAND_03953,5.4,44.0,Bacharelado,Capitais,Remoto,Não-binário,Branca,0.530365137375488
CAND_03954,4.7,59.0,Bacharelado,Região Metropolitana,Remoto,Feminino,Amarela,0.4147633913461485
CAND_03955,11.1,60.0,Bacharelado,Capitais,Híbrido,Feminino,Branca,0.5239579002346897
CAND_03956,7.3,53.0,Mestrado,Capitais,Remoto,Feminino,Indígena,0.5275965959579964
CAND_03957,5.8,19.0,Mestrado,Capitais,Presencial,Não-binário,Preta,0.4900358435960621
CAND_03958,3.0,46.0,Bacharelado,Capitais,Híbrido,Feminino,Branca,0.4489251202393887
CAND_03959,6.2,64.0,Mestrado,Capitais,Presencial,Masculino,Parda,0.5456025604834778
CAND_03960,6.7,8.0,Bacharelado,Capitais,Híbrido,Masculino,Indígena,0.43434831276188546
CAND_03961,4.1,51.0,Mestrado,Região Metropolitana,Híbrido,Não-binário,Indígena,0.4976586671705866
CAND_03962,1.8,52.0,Mestrado,Região Metropolitana,Híbrido,Feminino,Amarela,0.4057826268647369
CAND_03963,1.7,48.0,Bacharelado,Região Metropolitana,Híbrido,Não-binário,Preta,0.44684003610915685
CAND_03964,2.1,69.0,Bacharelado,Capitais,Híbrido,Feminino,Branca,0.5060407932657675
CAND_03965,6.5,50.0,Bacharelado,Capitais,Presencial,Não-binário,Branca,0.43261159613742556
CAND_03966,9.9,25.0,Bacharelado,Capitais,Híbrido,Não-binário,Parda,0.48607914315144524
CAND_03967,9.0,49.0,Bacharelado,Região Metropolitana,Híbrido,Masculino,Preta,0.6734301576230378
CAND_03968,7.7,49.0,Bacharelado,Região Metropolitana,Presencial,Feminino,Parda,0.4913799344976437
CAND_03969,7.5,41.0,Bacharelado,Região Metropolitana,Presencial,Masculino,Parda,0.4865834514439876
CAND_03970,6.0,14.0,Bacharelado,Capitais,Remoto,Feminino,Parda,0.3980817125136224
CAND_03971,5.7,63.0,Bacharelado,Região Metropolitana,Híbrido,Feminino,Branca,0.6167172127956164
CAND_03972,3.6,32.0,Bacharelado,Capitais,Híbrido,Não-binário,Branca,0.4091794902683461
CAND_03973,5.3,42.0,Mestrado,Interior,Presencial,Não-binário,Amarela,0.5781718494999507
CAND_03974,6.6,43.0,Bacharelado,Capitais,Híbrido,Masculino,Parda,0.43316521258937146
CAND_03975,4.9,60.0,Bacharelado,Capitais,Presencial,Não-binário,Branca,0.528443380291445
CAND_03976,0.0,58.0,Bacharelado,Região Metropolitana,Presencial,Masculino,Preta,0.406433452069107
CAND_03977,2.6,53.0,Doutorado,Região Metropolitana,Remoto,Feminino,Amarela,0.4722729838624198
CAND_03978,5.7,46.0,Bacharelado,Interior,Presencial,Feminino,Preta,0.4695001339012102
CAND_03979,4.5,69.0,Bacharelado,Capitais,Remoto,Feminino,Branca,0.5221107228257889
CAND_03980,7.5,53.0,Bacharelado,Capitais,Híbrido,Não-binário,Indígena,0.4851647782324971
CAND_03981,2.5,59.0,Mestrado,Capitais,Híbrido,Feminino,Amarela,0.4617926385587976
CAND_03982,6.0,59.0,Mestrado,Capitais,Remoto,Não-binário,Indígena,0.5551841888600616
CAND_03983,8.7,36.0,Bacharelado,Interior,Híbrido,Masculino,Branca,0.5118499433607956
CAND_03984,4.9,60.0,Mestrado,Capitais,Híbrido,Feminino,Parda,0.37506209477072266
CAND_03985,4.4,55.0,Bacharelado,Interior,Presencial,Masculino,Branca,0.4901479879306361
CAND_03986,8.1,42.0,Bacharelado,Capitais,Remoto,Feminino,Parda,0.37402455567760945
CAND_03987,1.2,67.0,Ensino Médio,Região Metropolitana,Híbrido,Não-binário,Branca,0.5387555151283127
CAND_03988,3.9,71.0,Bacharelado,Região Metropolitana,Híbrido,Não-binário,Amarela,0.31735357429283984
CAND_03989,0.4,51.0,Mestrado,Capitais,Híbrido,Não-binário,Indígena,0.4783900648705166
CAND_03990,4.8,72.0,Bacharelado,Região Metropolitana,Híbrido,Masculino,Branca,0.3636614766941236
CAND_03991,8.1,50.0,Bacharelado,Capitais,Híbrido,Feminino,Preta,0.5839794411261103
CAND_03992,4.8,53.0,Bacharelado,Interior,Híbrido,Não-binário,Indígena,0.5008080329096033
CAND_03993,1.6,36.0,Mestrado,Capitais,Presencial,Feminino,Indígena,0.3243347955386319
CAND_03994,8.2,53.0,Mestrado,Capitais,Presencial,Feminino,Parda,0.6902644196369059
CAND_03995,6.0,48.0,Bacharelado,Capitais,Híbrido,Masculino,Preta,0.3557562463264595
CAND_03996,2.8,42.0,Bacharelado,Capitais,Presencial,Não-binário,Preta,0.32226229945653717
CAND_03997,7.6,63.0,Mestrado,Região Metropolitana,Remoto,Masculino,Indígena,0.6491831711225313
CAND_03998,6.2,51.0,Doutorado,Capitais,Remoto,Não-binário,Parda,0.7571539529202456
CAND_03999,9.9,58.0,Mestrado,Capitais,Presencial,Feminino,Indígena,0.7112252245089583
CAND_04000,4.7,29.0,Mestrado,Interior,Híbrido,Feminino,Parda,0.4445732470490418
CAND_04001,7.4,62.0,Bacharelado,Capitais,Remoto,Não-binário,Preta,0.6442402202329902
CAND_04002,0.0,51.0,Ensino Médio,Capitais,Híbrido,Masculino,Branca,0.3369738377574802
CAND_04003,1.5,49.0,Bacharelado,Região Metropolitana,Híbrido,Masculino,Preta,0.4312158238233466
CAND_04004,4.0,49.0,Bacharelado,Região Metropolitana,Remoto,Não-binário,Preta,0.4339985104013428
CAND_04005,6.0,35.0,Bacharelado,Região Metropolitana,Híbrido,Masculino,Preta,0.40646834796331016
CAND_04006,4.4,70.0,Ensino Médio,Região Metropolitana,Híbrido,Feminino,Indígena,0.47218033873485915
CAND_04007,3.7,48.0,Bacharelado,Capitais,Remoto,Feminino,Parda,0.31535239897201917
CAND_04008,4.8,40.0,Bacharelado,Região Metropolitana,Remoto,Não-binário,Amarela,0.29974566359986154
CAND_04009,7.0,43.0,Mestrado,Capitais,Presencial,Feminino,Branca,0.5632100453426047
CAND_04010,4.1,60.0,Bacharelado,Capitais,Híbrido,Não-binário,Amarela,0.4823585889399219
CAND_04011,4.6,77.0,Bacharelado,Região Metropolitana,Presencial,Não-binário,Branca,0.3805608456239143
CAND_04012,6.3,26.0,Bacharelado,Capitais,Presencial,Feminino,Amarela,0.40993880326989174
CAND_04013,11.2,74.0,Bacharelado,Capitais,Presencial,Feminino,Indígena,0.7038021339666894
CAND_04014,3.7,65.0,Mestrado,Região Metropolitana,Presencial,Masculino,Preta,0.3020701529199753
CAND_04015,9.0,37.0,Mestrado,Capitais,Presencial,Não-binário,Parda,0.5683138542745211
CAND_04016,2.8,62.0,Bacharelado,Capitais,Híbrido,Não-binário,Indígena,0.5825392430419603
CAND_04017,6.7,57.0,Bacharelado,Região Metropolitana,Híbrido,Não-binário,Branca,0.39837172736974935
CAND_04018,2.0,55.0,Mestrado,Capitais,Remoto,Feminino,Parda,0.5916581358480806
CAND_04019,7.6,71.0,Bacharelado,Região Metropolitana,Remoto,Masculino,Amarela,0.5897407500721464
CAND_04020,6.5,42.0,Bacharelado,Região Metropolitana,Presencial,Masculino,Preta,0.49285057320607817
CAND_04021,8.4,61.0,Doutorado,Região Metropolitana,Híbrido,Não-binário,Amarela,0.664316647215943
CAND_04022,1.8,26.0,Ensino Médio,Região Metropolitana,Presencial,Feminino,Amarela,0.22491117232265387
CAND_04023,4.6,66.0,Ensino Médio,Região Metropolitana,Híbrido,Não-binário,Parda,0.3859040951706221
CAND_04024,3.0,35.0,Bacharelado,Capitais,Híbrido,Feminino,Indígena,0.4205075850739806
CAND_04025,3.5,65.0,Bacharelado,Capitais,Presencial,Feminino,Parda,0.5118940396033749
CAND_04026,1.1,42.0,Bacharelado,Capitais,Remoto,Feminino,Indígena,0.14331764982709413
CAND_04027,3.2,45.0,Bacharelado,Capitais,Presencial,Não-binário,Branca,0.48313145307296357
CAND_04028,6.8,56.0,Mestrado,Região Metropolitana,Presencial,Masculino,Branca,0.5021542105944108
CAND_04029,4.6,52.0,Bacharelado,Capitais,Remoto,Feminino,Parda,0.48270078557909074
CAND_04030,10.1,76.0,Bacharelado,Capitais,Remoto,Feminino,Indígena,0.748518794283026
CAND_04031,5.4,55.0,Bacharelado,Capitais,Remoto,Masculino,Parda,0.4379558474285492
CAND_04032,7.7,42.0,Bacharelado,Capitais,Remoto,Feminino,Parda,0.39275570907371005
CAND_04033,3.1,44.0,Bacharelado,Região Metropolitana,Presencial,Não-binário,Parda,0.39355128834209024
CAND_04034,0.3,57.0,Ensino Médio,Região Metropolitana,Remoto,Não-binário,Branca,0.418903896977822
CAND_04035,6.0,44.0,Mestrado,Região Metropolitana,Híbrido,Masculino,Indígena,0.47773225347365145
CAND_04036,7.3,48.0,Bacharelado,Capitais,Híbrido,Não-binário,Branca,0.5604289936666065
CAND_04037,5.2,70.0,Mestrado,Capitais,Presencial,Não-binário,Amarela,0.42688082515853226
CAND_04038,5.4,43.0,Bacharelado,Interior,Híbrido,Masculino,Parda,0.4340688825489908
CAND_04039,8.7,25.0,Bacharelado,Interior,Remoto,Masculino,Branca,0.5676732718943237
CAND_04040,4.8,49.0,Bacharelado,Capitais,Presencial,Feminino,Amarela,0.3598151172099848
CAND_04041,2.6,50.0,Bacharelado,Capitais,Remoto,Feminino,Branca,0.22062484703535112
CAND_04042,10.2,29.0,Ensino Médio,Capitais,Remoto,Feminino,Preta,0.3511693552725005
CAND_04043,10.9,49.0,Bacharelado,Região Metropolitana,Híbrido,Feminino,Indígena,0.6115105802355687
CAND_04044,9.6,84.0,Ensino Médio,Interior,Presencial,Não-binário,Indígena,0.5533806287886573
CAND_04045,7.9,24.0,Doutorado,Região Metropolitana,Presencial,Masculino,Parda,0.44140730649661336
CAND_04046,4.6,59.0,Mestrado,Capitais,Presencial,Masculino,Parda,0.47056373684718245
CAND_04047,6.9,52.0,Mestrado,Interior,Presencial,Feminino,Branca,0.7623299225230754
CAND_04048,5.2,47.0,Bacharelado,Capitais,Híbrido,Não-binário,Branca,0.45353592756965944
CAND_04049,3.7,54.0,Mestrado,Região Metropolitana,Remoto,Feminino,Preta,0.5979067485947283
CAND_04050,0.5,61.0,Ensino Médio,Capitais,Híbrido,Masculino,Amarela,0.4330630207616743
CAND_04051,6.2,41.0,Bacharelado,Capitais,Presencial,Masculino,Indígena,0.5083828340367252
CAND_04052,7.9,11.0,Ensino Médio,Capitais,Híbrido,Masculino,Preta,0.36232607506066006
CAND_04053,5.2,56.0,Bacharelado,Capitais,Híbrido,Masculino,Branca,0.46668644667381565
CAND_04054,9.2,38.0,Bacharelado,Capitais,Remoto,Masculino,Branca,0.5234183734014983
CAND_04055,7.2,53.0,Bacharelado,Capitais,Híbrido,Masculino,Branca,0.6259587156010182
CAND_04056,1.1,46.0,Bacharelado,Região Metropolitana,Presencial,Não-binário,Amarela,0.4511867054495364
CAND_04057,8.6,50.0,Bacharelado,Interior,Presencial,Masculino,Amarela,0.4190855644273793
CAND_04058,3.7,43.0,Bacharelado,Região Metropolitana,Remoto,Feminino,Parda,0.38598970633320673
CAND_04059,1.5,52.0,Ensino Médio,Capitais,Híbrido,Não-binário,Parda,0.35592782621292485
CAND_04060,3.0,52.0,Bacharelado,Capitais,Presencial,Masculino,Preta,0.2654632345086221
CAND_04061,10.3,46.0,Ensino Médio,Capitais,Remoto,Feminino,Parda,0.41252106961324875
CAND_04062,10.3,37.0,Bacharelado,Região Metropolitana,Presencial,Não-binário,Indígena,0.5309952742945798
CAND_04063,3.9,60.0,Bacharelado,Capitais,Híbrido,Não-binário,Preta,0.24480938372967564
CAND_04064,8.0,52.0,Bacharelado,Capitais,Presencial,Não-binário,Preta,0.4758141737502247
CAND_04065,6.3,48.0,Bacharelado,Região Metropolitana,Remoto,Feminino,Branca,0.4711510121015609
CAND_04066,4.0,40.0,Ensino Médio,Interior,Remoto,Não-binário,Amarela,0.42809814207467534
CAND_04067,5.9,59.0,Bacharelado,Capitais,Híbrido,Masculino,Amarela,0.6022395382477516
CAND_04068,0.0,36.0,Bacharelado,Capitais,Remoto,Feminino,Amarela,0.2576838069627953
CAND_04069,3.4,39.0,Bacharelado,Interior,Híbrido,Masculino,Indígena,0.2672423588283916
CAND_04070,4.8,81.0,Bacharelado,Capitais,Presencial,Masculino,Indígena,0.46015037902853867
CAND_04071,6.0,60.0,Mestrado,Capitais,Presencial,Feminino,Branca,0.708642413801507
CAND_04072,8.8,35.0,Bacharelado,Região Metropolitana,Remoto,Não-binário,Preta,0.5312130975627188
CAND_04073,11.8,51.0,Bacharelado,Região Metropolitana,Híbrido,Feminino,Amarela,0.3095907446084525
CAND_04074,2.8,72.0,Doutorado,Interior,Híbrido,Masculino,Amarela,0.774537019018793
CAND_04075,6.4,48.0,Bacharelado,Interior,Híbrido,Masculino,Amarela,0.5420278847385972
CAND_04076,6.6,62.0,Bacharelado,Capitais,Presencial,Masculino,Branca,0.5325176403043549
CAND_04077,0.0,25.0,Bacharelado,Capitais,Presencial,Feminino,Amarela,0.293815708841663
CAND_04078,6.8,35.0,Bacharelado,Capitais,Presencial,Feminino,Parda,0.3849635933428052
CAND_04079,3.0,58.0,Mestrado,Capitais,Remoto,Não-binário,Branca,0.5270257924096218
CAND_04080,0.0,82.0,Bacharelado,Capitais,Remoto,Não-binário,Preta,0.4274823450534086
CAND_04081,5.1,71.0,Bacharelado,Capitais,Remoto,Não-binário,Branca,0.5794551035803829
CAND_04082,7.8,56.0,Bacharelado,Região Metropolitana,Remoto,Masculino,Indígena,0.3801364528678104
CAND_04083,2.7,81.0,Doutorado,Interior,Presencial,Masculino,Preta,0.6099967966618479
CAND_04084,10.1,66.0,Bacharelado,Região Metropolitana,Presencial,Masculino,Indígena,0.7111105302022596
CAND_04085,3.2,48.0,Bacharelado,Região Metropolitana,Presencial,Feminino,Indígena,0.3800767869382561
CAND_04086,11.0,50.0,Ensino Médio,Capitais,Híbrido,Masculino,Indígena,0.5166008997098032
CAND_04087,4.7,26.0,Doutorado,Região Metropolitana,Remoto,Masculino,Indígena,0.33922115383756063
CAND_04088,9.6,35.0,Bacharelado,Capitais,Híbrido,Masculino,Indígena,0.5927013468119263
CAND_04089,4.7,53.0,Bacharelado,Capitais,Remoto,Não-binário,Branca,0.41051425550410264
CAND_04090,4.7,54.0,Mestrado,Capitais,Presencial,Masculino,Preta,0.566927493279125
CAND_04091,3.6,61.0,Ensino Médio,Capitais,Híbrido,Masculino,Parda,0.31069483745560655
CAND_04092,4.2,43.0,Mestrado,Capitais,Remoto,Masculino,Amarela,0.2862533493977523
CAND_04093,3.4,59.0,Bacharelado,Capitais,Híbrido,Masculino,Indígena,0.44650556888607684
CAND_04094,4.3,56.0,Mestrado,Região Metropolitana,Híbrido,Masculino,Amarela,0.5038030217928088
CAND_04095,9.0,72.0,Bacharelado,Capitais,Presencial,Masculino,Amarela,0.4477797211485539
CAND_04096,6.9,55.0,Mestrado,Capitais,Remoto,Feminino,Branca,0.5105063218573467
CAND_04097,0.1,65.0,Ensino Médio,Capitais,Híbrido,Masculino,Parda,0.3702375105665239
CAND_04098,4.5,66.0,Bacharelado,Região Metropolitana,Híbrido,Masculino,Preta,0.4845458886524542
CAND_04099,9.4,56.0,Bacharelado,Capitais,Presencial,Masculino,Preta,0.5546020018521407
CAND_04100,7.8,18.0,Bacharelado,Capitais,Presencial,Masculino,Branca,0.31762019958574295
CAND_04101,2.6,62.0,Bacharelado,Capitais,Presencial,Masculino,Branca,0.36668485145521884
CAND_04102,3.6,43.0,Bacharelado,Região Metropolitana,Híbrido,Masculino,Branca,0.3381774696717299
CAND_04103,6.9,67.0,Bacharelado,Região Metropolitana,Presencial,Feminino,Amarela,0.5299534311925687
CAND_04104,2.9,56.0,Bacharelado,Região Metropolitana,Presencial,Masculino,Branca,0.3472850616395053
CAND_04105,1.4,72.0,Bacharelado,Capitais,Presencial,Não-binário,Amarela,0.5448814623575279
CAND_04106,5.0,27.0,Ensino Médio,Região Metropolitana,Híbrido,Não-binário,Parda,0.17982096304818107
CAND_04107,7.0,73.0,Mestrado,Interior,Remoto,Não-binário,Parda,0.6739383597193493
CAND_04108,5.9,29.0,Mestrado,Capitais,Remoto,Não-binário,Amarela,0.40249532183196446
CAND_04109,4.5,69.0,Bacharelado,Capitais,Presencial,Masculino,Parda,0.6445078748597375
CAND_04110,3.8,36.0,Bacharelado,Capitais,Remoto,Masculino,Amarela,0.4952577411652206
CAND_04111,7.8,53.0,Mestrado,Capitais,Remoto,Não-binário,Parda,0.7167897402783149
CAND_04112,2.2,51.0,Doutorado,Capitais,Híbrido,Não-binário,Parda,0.5881899155194655
CAND_04113,7.3,48.0,Bacharelado,Capitais,Remoto,Masculino,Indígena,0.4492748839150811
CAND_04114,7.4,60.0,Bacharelado,Capitais,Híbrido,Não-binário,Amarela,0.500537646675492
CAND_04115,3.7,53.0,Bacharelado,Capitais,Presencial,Feminino,Preta,0.5711583139878604
CAND_04116,5.9,49.0,Bacharelado,Capitais,Presencial,Não-binário,Amarela,0.38981599343139567
CAND_04117,6.7,43.0,Mestrado,Capitais,Híbrido,Masculino,Branca,0.5895116044169764
CAND_04118,4.7,26.0,Bacharelado,Capitais,Presencial,Não-binário,Branca,0.5413825058768424
CAND_04119,2.4,41.0,Mestrado,Capitais,Presencial,Feminino,Branca,0.366817611353683
CAND_04120,1.1,57.0,Ensino Médio,Região Metropolitana,Presencial,Não-binário,Indígena,0.37167791900594155
CAND_04121,1.9,59.0,Bacharelado,Interior,Remoto,Não-binário,Parda,0.30853278325009603
CAND_04122,7.5,52.0,Doutorado,Capitais,Híbrido,Feminino,Branca,0.5945204957315888
CAND_04123,0.9,68.0,Bacharelado,Capitais,Remoto,Masculino,Amarela,0.30424056809019995
CAND_04124,6.0,77.0,Bacharelado,Interior,Remoto,Não-binário,Parda,0.5084593398159346
CAND_04125,3.7,63.0,Ensino Médio,Capitais,Híbrido,Masculino,Parda,0.40481510755502553
CAND_04126,1.9,40.0,Mestrado,Região Metropolitana,Presencial,Feminino,Indígena,0.4956129416479062
CAND_04127,0.8,69.0,Bacharelado,Capitais,Híbrido,Feminino,Preta,0.511144373391481
CAND_04128,4.5,39.0,Bacharelado,Capitais,Presencial,Feminino,Indígena,0.29434551411928445
CAND_04129,8.8,49.0,Bacharelado,Capitais,Presencial,Masculino,Preta,0.5914338753737479
CAND_04130,5.2,50.0,Bacharelado,Interior,Remoto,Feminino,Indígena,0.28779444706036916
CAND_04131,13.3,49.0,Bacharelado,Interior,Presencial,Feminino,Amarela,0.6430996483026725
CAND_04132,10.5,22.0,Bacharelado,Capitais,Híbrido,Masculino,Amarela,0.116230713130545
CAND_04133,2.1,41.0,Bacharelado,Capitais,Híbrido,Não-binário,Parda,0.3037773725417629
CAND_04134,1.5,35.0,Bacharelado,Capitais,Remoto,Masculino,Parda,0.3083209884491948
CAND_04135,7.7,54.0,Mestrado,Região Metropolitana,Híbrido,Feminino,Branca,0.688948341284205
CAND_04136,2.3,60.0,Ensino Médio,Capitais,Híbrido,Masculino,Preta,0.5698352360067626
CAND_04137,2.6,42.0,Bacharelado,Capitais,Híbrido,Masculino,Preta,0.283535525064691
CAND_04138,6.8,39.0,Bacharelado,Capitais,Presencial,Feminino,Branca,0.6228379986495647
CAND_04139,10.0,56.0,Bacharelado,Região Metropolitana,Híbrido,Masculino,Preta,0.5569807823640184
CAND_04140,7.6,77.0,Bacharelado,Capitais,Presencial,Feminino,Indígena,0.43421665739115245
CAND_04141,5.3,61.0,Bacharelado,Capitais,Híbrido,Não-binário,Preta,0.3002974221309599
CAND_04142,8.5,50.0,Mestrado,Região Metropolitana,Presencial,Feminino,Preta,0.603528482699687
CAND_04143,10.1,62.0,Mestrado,Capitais,Híbrido,Não-binário,Preta,0.7034495576028161
CAND_04144,4.5,33.0,Mestrado,Capitais,Presencial,Masculino,Parda,0.5236223973395533
CAND_04145,2.3,70.0,Mestrado,Capitais,Híbrido,Não-binário,Branca,0.4794226640629128
CAND_04146,2.9,28.0,Bacharelado,Capitais,Remoto,Não-binário,Preta,0.3331284122392183
CAND_04147,4.7,63.0,Ensino Médio,Região Metropolitana,Híbrido,Feminino,Indígena,0.4069947310406323
CAND_04148,3.8,85.0,Bacharelado,Região Metropolitana,Remoto,Masculino,Indígena,0.6450938163919556
CAND_04149,6.0,43.0,Bacharelado,Capitais,Híbrido,Feminino,Preta,0.5897617146821719
CAND_04150,1.9,54.0,Mestrado,Capitais,Remoto,Feminino,Amarela,0.5627455964401988
CAND_04151,5.9,55.0,Mestrado,Capitais,Híbrido,Feminino,Preta,0.5318354209577735
CAND_04152,3.7,50.0,Ensino Médio,Capitais,Híbrido,Masculino,Amarela,0.41419385082356575
CAND_04153,5.1,67.0,Ensino Médio,Capitais,Híbrido,Não-binário,Indígena,0.48488184413659985
CAND_04154,9.2,20.0,Ensino Médio,Capitais,Presencial,Não-binário,Indígena,0.231442418587822
CAND_04155,11.1,57.0,Bacharelado,Capitais,Presencial,Masculino,Branca,0.5425286430790758
CAND_04156,5.2,82.0,Bacharelado,Região Metropolitana,Híbrido,Feminino,Parda,0.7166023284228618
CAND_04157,9.3,45.0,Bacharelado,Interior,Híbrido,Feminino,Branca,0.6272606680301689
CAND_04158,5.7,72.0,Bacharelado,Capitais,Híbrido,Feminino,Preta,0.8024844090004706
CAND_04159,0.7,14.0,Bacharelado,Capitais,Híbrido,Não-binário,Amarela,0.15487216979480461
CAND_04160,5.6,52.0,Mestrado,Interior,Híbrido,Feminino,Parda,0.46423247891258856
CAND_04161,1.2,76.0,Doutorado,Capitais,Híbrido,Não-binário,Indígena,0.6434852995767787
CAND_04162,8.9,55.0,Bacharelado,Região Metropolitana,Híbrido,Feminino,Parda,0.6643484410504024
CAND_04163,4.1,50.0,Mestrado,Região Metropolitana,Híbrido,Feminino,Branca,0.436094292589212
CAND_04164,0.0,54.0,Bacharelado,Interior,Presencial,Feminino,Branca,0.19074107890861397
CAND_04165,0.7,29.0,Bacharelado,Interior,Híbrido,Feminino,Preta,0.30707667788122894
CAND_04166,3.2,45.0,Bacharelado,Capitais,Remoto,Não-binário,Amarela,0.3130357149014928
CAND_04167,0.0,90.0,Bacharelado,Capitais,Híbrido,Feminino,Parda,0.4401495708285251
CAND_04168,5.9,53.0,Bacharelado,Capitais,Híbrido,Masculino,Preta,0.5438650601110483
CAND_04169,8.4,48.0,Bacharelado,Capitais,Presencial,Feminino,Parda,0.5171664282287006
CAND_04170,3.6,59.0,Bacharelado,Região Metropolitana,Híbrido,Feminino,Branca,0.41591087091407036
CAND_04171,5.4,37.0,Mestrado,Interior,Presencial,Masculino,Parda,0.2880590650990677
CAND_04172,10.6,33.0,Mestrado,Capitais,Híbrido,Feminino,Parda,0.47465821261004043
CAND_04173,3.1,27.0,Doutorado,Interior,Remoto,Não-binário,Preta,0.5232045056210527
CAND_04174,3.2,33.0,Bacharelado,Capitais,Presencial,Masculino,Amarela,0.22526488660712696
CAND_04175,3.5,28.0,Mestrado,Região Metropolitana,Híbrido,Masculino,Preta,0.2976805353445175
CAND_04176,7.2,69.0,Bacharelado,Capitais,Híbrido,Feminino,Parda,0.6771655497389161
CAND_04177,2.4,58.0,Mestrado,Capitais,Remoto,Masculino,Parda,0.5823418200181358
CAND_04178,4.8,52.0,Bacharelado,Capitais,Presencial,Masculino,Indígena,0.36315435572660304
CAND_04179,9.7,48.0,Bacharelado,Capitais,Híbrido,Não-binário,Amarela,0.5593622984151491
CAND_04180,1.3,24.0,Bacharelado,Capitais,Híbrido,Masculino,Branca,0.34696707905585217
CAND_04181,7.0,28.0,Ensino Médio,Capitais,Híbrido,Feminino,Parda,0.4377889829350453
CAND_04182,8.3,63.0,Mestrado,Capitais,Remoto,Masculino,Branca,0.5308939209786818
CAND_04183,7.5,44.0,Bacharelado,Região Metropolitana,Híbrido,Não-binário,Parda,0.4432168587932549
CAND_04184,8.0,39.0,Bacharelado,Região Metropolitana,Híbrido,Masculino,Preta,0.7428658296997457
CAND_04185,2.9,46.0,Doutorado,Capitais,Remoto,Masculino,Preta,0.5999375553800792
CAND_04186,7.8,56.0,Mestrado,Capitais,Presencial,Masculino,Amarela,0.6482647921882738
CAND_04187,2.5,68.0,Ensino Médio,Capitais,Híbrido,Masculino,Parda,0.5796074462821049
CAND_04188,4.8,30.0,Doutorado,Região Metropolitana,Remoto,Feminino,Parda,0.54590617498956
CAND_04189,1.1,66.0,Doutorado,Região Metropolitana,Híbrido,Masculino,Parda,0.4486633613369253
CAND_04190,5.3,51.0,Bacharelado,Capitais,Presencial,Não-binário,Amarela,0.35948759585836737
CAND_04191,5.1,45.0,Mestrado,Região Metropolitana,Remoto,Não-binário,Indígena,0.29339256335335034
CAND_04192,9.4,56.0,Bacharelado,Capitais,Híbrido,Não-binário,Amarela,0.6070446337528329
CAND_04193,1.8,54.0,Mestrado,Capitais,Híbrido,Masculino,Preta,0.5377499425499086
CAND_04194,4.1,23.0,Bacharelado,Capitais,Híbrido,Masculino,Indígena,0.4756724973999474
CAND_04195,2.4,41.0,Bacharelado,Capitais,Remoto,Não-binário,Parda,0.3809219520435317
CAND_04196,3.4,55.0,Mestrado,Capitais,Híbrido,Feminino,Parda,0.4193511519681754
CAND_04197,0.4,21.0,Ensino Médio,Capitais,Presencial,Masculino,Branca,0.1225860405377396
CAND_04198,1.4,56.0,Ensino Médio,Capitais,Híbrido,Masculino,Preta,0.4053142741829117
CAND_04199,7.0,22.0,Doutorado,Capitais,Presencial,Masculino,Branca,0.35189714520274595
CAND_04200,0.7,48.0,Ensino Médio,Capitais,Híbrido,Masculino,Indígena,0.18499070988769
CAND_04201,0.0,51.0,Mestrado,Interior,Presencial,Masculino,Amarela,0.4316027330538988
CAND_04202,7.3,82.0,Ensino Médio,Capitais,Híbrido,Feminino,Branca,0.7420235912800965
CAND_04203,2.5,48.0,Bacharelado,Capitais,Híbrido,Masculino,Amarela,0.4362841010589489
CAND_04204,8.7,51.0,Bacharelado,Interior,Híbrido,Não-binário,Indígena,0.4834320326445984
CAND_04205,4.7,51.0,Mestrado,Capitais,Presencial,Não-binário,Indígena,0.5745895046238614
CAND_04206,5.1,71.0,Bacharelado,Região Metropolitana,Presencial,Feminino,Amarela,0.5529297495836843
CAND_04207,0.5,60.0,Bacharelado,Capitais,Híbrido,Masculino,Preta,0.47523768109874426
CAND_04208,3.2,39.0,Ensino Médio,Capitais,Híbrido,Não-binário,Indígena,0.08226083150080815
CAND_04209,3.8,47.0,Mestrado,Região Metropolitana,Híbrido,Masculino,Branca,0.5083181172002971
CAND_04210,7.7,63.0,Bacharelado,Capitais,Remoto,Feminino,Branca,0.5835345913330491
CAND_04211,5.8,78.0,Ensino Médio,Capitais,Híbrido,Feminino,Parda,0.8096628157651409
CAND_04212,5.5,44.0,Bacharelado,Região Metropolitana,Remoto,Não-binário,Parda,0.4862789520194756
CAND_04213,3.2,56.0,Bacharelado,Capitais,Presencial,Não-binário,Amarela,0.47604160822681757
CAND_04214,4.8,47.0,Ensino Médio,Capitais,Híbrido,Não-binário,Parda,0.2954794135250093
CAND_04215,8.5,70.0,Bacharelado,Capitais,Híbrido,Feminino,Parda,0.5220506728968869
CAND_04216,6.5,64.0,Mestrado,Capitais,Híbrido,Masculino,Indígena,0.3892252155887499
CAND_04217,4.9,43.0,Bacharelado,Capitais,Híbrido,Não-binário,Preta,0.33770383301354134
CAND_04218,3.3,60.0,Bacharelado,Capitais,Híbrido,Masculino,Indígena,0.501345758534957
CAND_04219,7.6,15.0,Mestrado,Capitais,Remoto,Masculino,Indígena,0.4103554268129949
CAND_04220,5.5,65.0,Bacharelado,Interior,Híbrido,Masculino,Amarela,0.5524127055362491
CAND_04221,6.3,27.0,Mestrado,Região Metropolitana,Presencial,Masculino,Branca,0.44831612778960217
CAND_04222,5.8,49.0,Ensino Médio,Região Metropolitana,Híbrido,Masculino,Branca,0.21427944610719687
CAND_04223,7.5,50.0,Bacharelado,Capitais,Híbrido,Masculino,Amarela,0.6544215207501939
CAND_04224,0.3,56.0,Ensino Médio,Capitais,Híbrido,Masculino,Amarela,0.36019818631731465
CAND_04225,5.2,36.0,Mestrado,Capitais,Presencial,Feminino,Preta,0.3798108977874043
CAND_04226,2.4,53.0,Ensino Médio,Capitais,Presencial,Masculino,Indígena,0.277297799817672
CAND_04227,3.2,52.0,Bacharelado,Capitais,Presencial,Não-binário,Indígena,0.4178799822170087
CAND_04228,2.4,63.0,Mestrado,Região Metropolitana,Presencial,Não-binário,Parda,0.1677874076706939
CAND_04229,6.2,41.0,Bacharelado,Região Metropolitana,Presencial,Não-binário,Preta,0.17158405133501542
CAND_04230,9.4,61.0,Bacharelado,Região Metropolitana,Remoto,Masculino,Amarela,0.6460054637256608
CAND_04231,9.0,26.0,Ensino Médio,Região Metropolitana,Presencial,Não-binário,Preta,0.4175522408177155
CAND_04232,7.3,64.0,Bacharelado,Capitais,Remoto,Feminino,Parda,0.49794994801015247
CAND_04233,9.9,38.0,Bacharelado,Capitais,Híbrido,Masculino,Preta,0.690149460557334
CAND_04234,5.0,32.0,Bacharelado,Interior,Híbrido,Masculino,Indígena,0.4035875366446346
CAND_04235,2.2,65.0,Mestrado,Região Metropolitana,Híbrido,Masculino,Parda,0.5977012937395092
CAND_04236,4.5,30.0,Bacharelado,Região Metropolitana,Remoto,Não-binário,Amarela,0.4899880581427227
CAND_04237,6.4,55.0,Mestrado,Capitais,Presencial,Feminino,Parda,0.5700856818984452
CAND_04238,8.4,50.0,Bacharelado,Região Metropolitana,Híbrido,Masculino,Amarela,0.7788718145836835
CAND_04239,8.9,68.0,Bacharelado,Capitais,Remoto,Feminino,Indígena,0.568970235073849
CAND_04240,0.0,51.0,Ensino Médio,Capitais,Presencial,Feminino,Amarela,0.32179994046516786
CAND_04241,0.0,50.0,Bacharelado,Região Metropolitana,Híbrido,Não-binário,Amarela,0.4702127156714229
CAND_04242,4.2,35.0,Mestrado,Capitais,Remoto,Masculino,Branca,0.5608582823480955
CAND_04243,7.9,57.0,Bacharelado,Capitais,Presencial,Não-binário,Preta,0.5696085035077549
CAND_04244,3.7,49.0,Ensino Médio,Interior,Presencial,Não-binário,Branca,0.3250891679220189
CAND_04245,3.5,43.0,Bacharelado,Capitais,Remoto,Não-binário,Amarela,0.31953226893294095
CAND_04246,3.3,37.0,Bacharelado,Região Metropolitana,Híbrido,Não-binário,Parda,0.15490891070589605
CAND_04247,3.7,68.0,Bacharelado,Interior,Remoto,Masculino,Indígena,0.4465018586774381
CAND_04248,6.2,47.0,Bacharelado,Região Metropolitana,Remoto,Feminino,Amarela,0.40361832087862676
CAND_04249,0.0,40.0,Mestrado,Capitais,Presencial,Feminino,Parda,0.22434319853619458
CAND_04250,7.9,87.0,Bacharelado,Capitais,Remoto,Não-binário,Amarela,0.50964181307785
CAND_04251,7.2,30.0,Ensino Médio,Capitais,Presencial,Masculino,Amarela,0.393464928873803
CAND_04252,0.6,36.0,Bacharelado,Região Metropolitana,Presencial,Masculino,Parda,0.321501117257171
CAND_04253,5.8,47.0,Mestrado,Região Metropolitana,Híbrido,Masculino,Parda,0.5761796688459704
CAND_04254,6.1,48.0,Bacharelado,Capitais,Híbrido,Feminino,Amarela,0.24765991631240833
CAND_04255,2.0,36.0,Bacharelado,Capitais,Remoto,Feminino,Indígena,0.1678548879444841
CAND_04256,3.4,47.0,Ensino Médio,Capitais,Remoto,Masculino,Indígena,0.5311576869059602
CAND_04257,3.6,42.0,Bacharelado,Capitais,Presencial,Masculino,Branca,0.5185875717465214
CAND_04258,0.0,46.0,Bacharelado,Capitais,Remoto,Não-binário,Parda,0.22779320770947897
CAND_04259,2.9,47.0,Mestrado,Capitais,Remoto,Masculino,Branca,0.3710200118412714
CAND_04260,7.8,63.0,Bacharelado,Capitais,Remoto,Não-binário,Amarela,0.6549271465845713
CAND_04261,2.1,42.0,Mestrado,Capitais,Presencial,Feminino,Branca,0.4059717643972566
CAND_04262,5.2,38.0,Bacharelado,Capitais,Híbrido,Feminino,Parda,0.25049677455743224
CAND_04263,6.2,67.0,Bacharelado,Capitais,Híbrido,Masculino,Amarela,0.40418127236902196
CAND_04264,2.2,43.0,Bacharelado,Capitais,Híbrido,Masculino,Parda,0.29077621278117993
CAND_04265,8.1,38.0,Ensino Médio,Capitais,Híbrido,Não-binário,Preta,0.2913510229925974
CAND_04266,3.8,36.0,Bacharelado,Região Metropolitana,Híbrido,Não-binário,Amarela,0.42915304515540786
CAND_04267,3.8,70.0,Ensino Médio,Interior,Remoto,Feminino,Branca,0.4408257628165577
CAND_04268,5.3,58.0,Bacharelado,Capitais,Híbrido,Feminino,Branca,0.5407596475289332
CAND_04269,15.5,50.0,Ensino Médio,Região Metropolitana,Presencial,Feminino,Indígena,0.5942495085366502
CAND_04270,7.7,20.0,Bacharelado,Capitais,Presencial,Masculino,Parda,0.346055849314238
CAND_04271,5.1,56.0,Bacharelado,Capitais,Presencial,Masculino,Preta,0.4581175269011597
CAND_04272,3.2,36.0,Ensino Médio,Capitais,Presencial,Masculino,Indígena,0.2736848043405192
CAND_04273,8.5,70.0,Bacharelado,Capitais,Remoto,Não-binário,Branca,0.5025299907833523
CAND_04274,9.7,72.0,Bacharelado,Interior,Presencial,Feminino,Amarela,0.5481445025837188
CAND_04275,6.9,46.0,Bacharelado,Região Metropolitana,Remoto,Não-binário,Branca,0.6667037764869536
CAND_04276,5.3,24.0,Bacharelado,Capitais,Remoto,Feminino,Preta,0.058150329632016884
CAND_04277,8.1,41.0,Bacharelado,Região Metropolitana,Remoto,Feminino,Amarela,0.6034412499016606
CAND_04278,7.5,20.0,Bacharelado,Capitais,Presencial,Feminino,Parda,0.41336032254563293
CAND_04279,4.0,70.0,Bacharelado,Capitais,Remoto,Não-binário,Branca,0.5138243341208428
CAND_04280,7.1,50.0,Bacharelado,Interior,Remoto,Não-binário,Indígena,0.5151716483164015
CAND_04281,3.2,34.0,Mestrado,Região Metropolitana,Presencial,Não-binário,Amarela,0.6085544479112028
CAND_04282,6.0,31.0,Bacharelado,Capitais,Remoto,Feminino,Parda,0.46514469972958283
CAND_04283,0.1,40.0,Mestrado,Região Metropolitana,Remoto,Feminino,Indígena,0.3631634595430063
CAND_04284,7.8,60.0,Mestrado,Capitais,Híbrido,Não-binário,Parda,0.42327986126198136
CAND_04285,2.2,39.0,Bacharelado,Capitais,Híbrido,Feminino,Indígena,0.40036757093484143
CAND_04286,7.5,69.0,Bacharelado,Região Metropolitana,Presencial,Feminino,Parda,0.6467687905826431
CAND_04287,3.5,53.0,Bacharelado,Interior,Remoto,Feminino,Preta,0.4432645731703768
CAND_04288,2.3,59.0,Mestrado,Região Metropolitana,Presencial,Não-binário,Branca,0.33656118617777986
CAND_04289,1.4,43.0,Bacharelado,Capitais,Híbrido,Feminino,Indígena,0.3726709073195393
CAND_04290,5.1,78.0,Mestrado,Capitais,Remoto,Feminino,Preta,0.46151907341817106
CAND_04291,7.3,61.0,Bacharelado,Região Metropolitana,Remoto,Não-binário,Amarela,0.5330001714400945
CAND_04292,0.8,44.0,Bacharelado,Capitais,Presencial,Não-binário,Branca,0.3623136694570302
CAND_04293,3.2,54.0,Bacharelado,Capitais,Híbrido,Masculino,Branca,0.300416903812582
CAND_04294,6.8,22.0,Doutorado,Capitais,Híbrido,Masculino,Amarela,0.5076254552804577
CAND_04295,3.7,43.0,Bacharelado,Região Metropolitana,Híbrido,Feminino,Indígena,0.3644177234259066
CAND_04296,12.1,45.0,Bacharelado,Capitais,Híbrido,Masculino,Indígena,0.5421883239495472
CAND_04297,1.4,64.0,Bacharelado,Capitais,Híbrido,Masculino,Indígena,0.24498884037599508
CAND_04298,5.8,81.0,Mestrado,Capitais,Híbrido,Masculino,Indígena,0.7379962582334432
CAND_04299,7.8,61.0,Mestrado,Interior,Presencial,Masculino,Amarela,0.7237447539085936
CAND_04300,2.0,32.0,Ensino Médio,Região Metropolitana,Híbrido,Não-binário,Branca,0.45907490271039647
CAND_04301,9.6,63.0,Bacharelado,Capitais,Presencial,Feminino,Amarela,0.6698087369598332
CAND_04302,8.4,47.0,Bacharelado,Região Metropolitana,Híbrido,Feminino,Branca,0.7078559537464378
CAND_04303,3.3,50.0,Mestrado,Capitais,Híbrido,Masculino,Indígena,0.5331596855398346
CAND_04304,7.5,25.0,Ensino Médio,Capitais,Presencial,Não-binário,Amarela,0.4844640575721937
CAND_04305,3.7,51.0,Mestrado,Capitais,Híbrido,Feminino,Indígena,0.4667156844567007
CAND_04306,0.7,39.0,Bacharelado,Capitais,Presencial,Não-binário,Indígena,0.5174327684354724
CAND_04307,7.2,38.0,Bacharelado,Região Metropolitana,Remoto,Não-binário,Preta,0.2803364681230466
CAND_04308,5.4,91.0,Ensino Médio,Capitais,Híbrido,Não-binário,Amarela,0.5433539935632491
CAND_04309,4.7,25.0,Mestrado,Capitais,Presencial,Não-binário,Branca,0.32208131419092195
CAND_04310,5.1,92.0,Ensino Médio,Capitais,Remoto,Não-binário,Indígena,0.6875987728028827
CAND_04311,5.5,46.0,Mestrado,Capitais,Presencial,Feminino,Branca,0.68459282971858
CAND_04312,2.4,55.0,Bacharelado,Região Metropolitana,Remoto,Masculino,Parda,0.32706184208475203
CAND_04313,2.4,59.0,Ensino Médio,Região Metropolitana,Híbrido,Masculino,Parda,0.41238379027273203
CAND_04314,4.9,58.0,Mestrado,Capitais,Remoto,Feminino,Branca,0.3869843123302361
CAND_04315,6.4,18.0,Ensino Médio,Capitais,Presencial,Feminino,Branca,0.36261652066478106
CAND_04316,6.6,26.0,Mestrado,Região Metropolitana,Híbrido,Não-binário,Preta,0.6089629912579057
CAND_04317,6.9,52.0,Mestrado,Região Metropolitana,Híbrido,Masculino,Branca,0.3566347072270408
CAND_04318,8.7,49.0,Ensino Médio,Interior,Híbrido,Masculino,Indígena,0.34416525790978547
CAND_04319,1.5,66.0,Ensino Médio,Interior,Remoto,Feminino,Indígena,0.4866942860732398
CAND_04320,7.1,7.0,Ensino Médio,Capitais,Presencial,Feminino,Parda,0.3490847413024925
CAND_04321,7.0,49.0,Bacharelado,Capitais,Híbrido,Masculino,Amarela,0.5157733213849781
CAND_04322,5.2,37.0,Ensino Médio,Interior,Presencial,Masculino,Preta,0.14676592198084598
CAND_04323,7.0,50.0,Bacharelado,Capitais,Presencial,Não-binário,Indígena,0.5322517554793522
CAND_04324,3.3,54.0,Bacharelado,Capitais,Híbrido,Não-binário,Parda,0.5498850409243752
CAND_04325,3.4,57.0,Mestrado,Capitais,Remoto,Feminino,Parda,0.44756765055836245
CAND_04326,8.2,65.0,Bacharelado,Região Metropolitana,Remoto,Masculino,Preta,0.5397835656024047
CAND_04327,6.4,59.0,Bacharelado,Região Metropolitana,Presencial,Não-binário,Branca,0.4480014483008251
CAND_04328,6.8,43.0,Bacharelado,Interior,Remoto,Feminino,Indígena,0.42140842029634873
CAND_04329,3.6,64.0,Bacharelado,Região Metropolitana,Presencial,Não-binário,Amarela,0.4102261862179801
CAND_04330,4.1,61.0,Mestrado,Capitais,Presencial,Feminino,Branca,0.44689374229597756
CAND_04331,3.4,45.0,Bacharelado,Região Metropolitana,Híbrido,Feminino,Indígena,0.3094405328384023
CAND_04332,4.3,72.0,Mestrado,Capitais,Híbrido,Masculino,Branca,0.6165132836645285
CAND_04333,7.7,87.0,Mestrado,Região Metropolitana,Híbrido,Não-binário,Indígena,0.6798117593830251
CAND_04334,2.6,45.0,Bacharelado,Capitais,Híbrido,Não-binário,Indígena,0.4204167281322504
CAND_04335,3.5,52.0,Bacharelado,Capitais,Remoto,Não-binário,Preta,0.4294858281935409
CAND_04336,5.3,62.0,Mestrado,Capitais,Presencial,Feminino,Branca,0.46343274824336705
CAND_04337,8.2,45.0,Ensino Médio,Capitais,Híbrido,Feminino,Indígena,0.3851458376792144
CAND_04338,5.8,46.0,Bacharelado,Capitais,Híbrido,Não-binário,Indígena,0.5168344908779955
CAND_04339,0.0,60.0,Bacharelado,Interior,Híbrido,Masculino,Amarela,0.483640037326183
CAND_04340,11.5,72.0,Bacharelado,Capitais,Presencial,Não-binário,Branca,0.7997388117282616
CAND_04341,7.9,23.0,Bacharelado,Capitais,Híbrido,Masculino,Preta,0.3092123320301494
CAND_04342,6.1,49.0,Mestrado,Capitais,Híbrido,Não-binário,Parda,0.6332271841762129
CAND_04343,2.7,55.0,Doutorado,Interior,Remoto,Não-binário,Preta,0.5721149901273767
CAND_04344,7.4,47.0,Mestrado,Capitais,Híbrido,Masculino,Parda,0.580901633215328
CAND_04345,7.5,72.0,Bacharelado,Região Metropolitana,Presencial,Feminino,Indígena,0.596022982378404
CAND_04346,6.4,54.0,Bacharelado,Capitais,Remoto,Não-binário,Amarela,0.5065619549862025
CAND_04347,1.8,38.0,Mestrado,Região Metropolitana,Presencial,Masculino,Parda,0.5200137473049309
CAND_04348,0.6,62.0,Bacharelado,Região Metropolitana,Remoto,Masculino,Indígena,0.27921724147801197
CAND_04349,6.4,25.0,Mestrado,Região Metropolitana,Híbrido,Feminino,Indígena,0.48550291492061154
CAND_04350,6.9,40.0,Mestrado,Capitais,Híbrido,Masculino,Branca,0.5194105473186363
CAND_04351,7.8,29.0,Bacharelado,Capitais,Híbrido,Não-binário,Branca,0.4280114448679891
CAND_04352,4.0,18.0,Bacharelado,Capitais,Híbrido,Masculino,Amarela,0.3801294466066371
CAND_04353,0.0,53.0,Bacharelado,Capitais,Híbrido,Não-binário,Indígena,0.24974943163180574
CAND_04354,3.4,51.0,Ensino Médio,Região Metropolitana,Remoto,Masculino,Amarela,0.4034310075825591
CAND_04355,5.3,59.0,Mestrado,Capitais,Remoto,Masculino,Preta,0.6494655127941791
CAND_04356,0.0,53.0,Mestrado,Interior,Presencial,Feminino,Parda,0.2957004659693953
CAND_04357,7.7,18.0,Bacharelado,Capitais,Híbrido,Masculino,Branca,0.2860515662639129
CAND_04358,8.5,48.0,Mestrado,Capitais,Híbrido,Feminino,Parda,0.6438788884179898
CAND_04359,0.0,65.0,Bacharelado,Capitais,Presencial,Não-binário,Branca,0.5217374252512503
CAND_04360,2.3,63.0,Mestrado,Interior,Remoto,Feminino,Preta,0.581769021143829
CAND_04361,2.9,73.0,Bacharelado,Capitais,Remoto,Masculino,Parda,0.5154481077385369
CAND_04362,3.2,23.0,Bacharelado,Capitais,Presencial,Feminino,Amarela,0.237136927321378
CAND_04363,7.0,61.0,Mestrado,Capitais,Híbrido,Não-binário,Branca,0.5358358397305595
CAND_04364,3.3,40.0,Ensino Médio,Capitais,Híbrido,Masculino,Parda,0.28640301156268055
CAND_04365,3.4,51.0,Mestrado,Região Metropolitana,Presencial,Feminino,Indígena,0.5902643755679007
CAND_04366,4.1,52.0,Bacharelado,Capitais,Presencial,Masculino,Preta,0.4827517305590898
CAND_04367,12.4,46.0,Ensino Médio,Interior,Híbrido,Masculino,Preta,0.5666452452946057
CAND_04368,12.2,51.0,Bacharelado,Capitais,Híbrido,Feminino,Parda,0.6886834197396222
CAND_04369,8.8,68.0,Mestrado,Capitais,Híbrido,Masculino,Branca,0.6449077451119622
CAND_04370,4.6,43.0,Bacharelado,Capitais,Remoto,Feminino,Branca,0.2619408287414684
CAND_04371,1.9,51.0,Bacharelado,Capitais,Presencial,Masculino,Indígena,0.4651855339459955
CAND_04372,2.0,37.0,Bacharelado,Capitais,Remoto,Não-binário,Amarela,0.2951822822644876
CAND_04373,6.5,59.0,Bacharelado,Interior,Remoto,Feminino,Branca,0.5692907336240678
CAND_04374,2.0,53.0,Mestrado,Interior,Híbrido,Feminino,Branca,0.3162120950909404
CAND_04375,1.7,56.0,Bacharelado,Capitais,Híbrido,Feminino,Amarela,0.41379517237469154
CAND_04376,4.6,64.0,Bacharelado,Capitais,Presencial,Não-binário,Amarela,0.5563958319932023
CAND_04377,5.2,63.0,Bacharelado,Região Metropolitana,Híbrido,Feminino,Parda,0.5642335504961968
CAND_04378,6.7,54.0,Bacharelado,Capitais,Presencial,Não-binário,Parda,0.4624909231792893
CAND_04379,8.1,41.0,Bacharelado,Região Metropolitana,Híbrido,Masculino,Branca,0.4400512441096269
CAND_04380,7.7,62.0,Bacharelado,Capitais,Presencial,Não-binário,Preta,0.39283569897850246
CAND_04381,1.5,41.0,Bacharelado,Capitais,Híbrido,Masculino,Amarela,0.3510360242370781
CAND_04382,2.8,27.0,Ensino Médio,Capitais,Presencial,Masculino,Preta,0.23601958334185869
CAND_04383,9.7,52.0,Mestrado,Capitais,Híbrido,Não-binário,Branca,0.5576957320949499
CAND_04384,5.7,37.0,Mestrado,Capitais,Presencial,Feminino,Indígena,0.4444703423676723
CAND_04385,9.1,65.0,Mestrado,Região Metropolitana,Remoto,Feminino,Indígena,0.5860540192272871
CAND_04386,4.3,54.0,Ensino Médio,Capitais,Híbrido,Não-binário,Indígena,0.31502261739100823
CAND_04387,3.7,81.0,Mestrado,Capitais,Híbrido,Feminino,Branca,0.42045155675140666
CAND_04388,0.0,76.0,Bacharelado,Capitais,Híbrido,Não-binário,Branca,0.42766385142702
CAND_04389,9.1,50.0,Bacharelado,Região Metropolitana,Presencial,Masculino,Parda,0.4003942512648796
CAND_04390,5.6,57.0,Bacharelado,Capitais,Híbrido,Feminino,Branca,0.47610944599921967
CAND_04391,5.3,74.0,Doutorado,Capitais,Remoto,Masculino,Branca,0.769862703372934
CAND_04392,0.3,46.0,Ensino Médio,Região Metropolitana,Presencial,Não-binário,Branca,0.3167506709431969
CAND_04393,6.9,35.0,Bacharelado,Capitais,Presencial,Não-binário,Amarela,0.7067453748824433
CAND_04394,5.4,38.0,Bacharelado,Capitais,Remoto,Masculino,Preta,0.5172064339978115
CAND_04395,4.8,38.0,Doutorado,Região Metropolitana,Híbrido,Masculino,Amarela,0.48405862582065223
CAND_04396,3.8,41.0,Bacharelado,Capitais,Híbrido,Não-binário,Preta,0.4573722588281064
CAND_04397,0.0,28.0,Ensino Médio,Interior,Presencial,Masculino,Parda,0.16271701063815971
CAND_04398,3.9,69.0,Bacharelado,Interior,Remoto,Não-binário,Amarela,0.31204387627232877
CAND_04399,1.8,49.0,Bacharelado,Região Metropolitana,Remoto,Masculino,Preta,0.17478669956192855
CAND_04400,7.3,37.0,Mestrado,Capitais,Híbrido,Não-binário,Preta,0.5763895334405218
CAND_04401,4.4,37.0,Mestrado,Capitais,Presencial,Feminino,Branca,0.42088944320738436
CAND_04402,2.8,57.0,Mestrado,Capitais,Híbrido,Não-binário,Branca,0.4796587264641129
CAND_04403,7.5,34.0,Bacharelado,Capitais,Remoto,Feminino,Amarela,0.4375303836792598
CAND_04404,1.8,83.0,Mestrado,Capitais,Remoto,Masculino,Parda,0.4134297375525396
CAND_04405,8.0,42.0,Doutorado,Interior,Presencial,Masculino,Branca,0.5197013693384226
CAND_04406,7.7,51.0,Bacharelado,Capitais,Presencial,Feminino,Amarela,0.6069645302758926
CAND_04407,2.9,25.0,Bacharelado,Região Metropolitana,Híbrido,Masculino,Branca,0.2677987388360813
CAND_04408,5.8,38.0,Bacharelado,Interior,Remoto,Feminino,Parda,0.3573962959977189
CAND_04409,1.1,59.0,Mestrado,Capitais,Remoto,Masculino,Preta,0.4040735170706661
CAND_04410,8.7,62.0,Bacharelado,Capitais,Presencial,Não-binário,Preta,0.44188300829345617
CAND_04411,8.4,67.0,Bacharelado,Capitais,Remoto,Não-binário,Parda,0.605390893044429
CAND_04412,5.0,36.0,Bacharelado,Capitais,Híbrido,Feminino,Amarela,0.4861875691912494
CAND_04413,4.2,52.0,Mestrado,Região Metropolitana,Presencial,Não-binário,Amarela,0.5561667986446809
CAND_04414,7.3,53.0,Mestrado,Região Metropolitana,Remoto,Não-binário,Indígena,0.4754780610776999
CAND_04415,0.0,59.0,Mestrado,Capitais,Híbrido,Não-binário,Amarela,0.22661908788416835
CAND_04416,4.3,53.0,Ensino Médio,Capitais,Remoto,Não-binário,Branca,0.47910783024663084
CAND_04417,4.3,70.0,Bacharelado,Capitais,Híbrido,Feminino,Branca,0.5122201056443421
CAND_04418,3.2,53.0,Bacharelado,Capitais,Remoto,Não-binário,Branca,0.5297643178242696
CAND_04419,8.6,53.0,Mestrado,Região Metropolitana,Remoto,Feminino,Amarela,0.5400643203018667
CAND_04420,4.9,37.0,Bacharelado,Região Metropolitana,Remoto,Feminino,Indígena,0.33238691491733785
CAND_04421,3.8,91.0,Mestrado,Capitais,Remoto,Masculino,Branca,0.45698908607126554
CAND_04422,0.0,37.0,Mestrado,Capitais,Híbrido,Não-binário,Parda,0.4395008192377001
CAND_04423,6.2,52.0,Bacharelado,Capitais,Presencial,Feminino,Preta,0.5018487718184649
CAND_04424,4.0,65.0,Bacharelado,Capitais,Híbrido,Masculino,Amarela,0.6594333583489977
CAND_04425,4.5,72.0,Ensino Médio,Capitais,Presencial,Masculino,Branca,0.3774608155747826
CAND_04426,6.4,54.0,Bacharelado,Capitais,Presencial,Feminino,Amarela,0.4751139337404548
CAND_04427,1.3,48.0,Ensino Médio,Capitais,Híbrido,Feminino,Indígena,0.5397094860481801
CAND_04428,4.4,49.0,Bacharelado,Capitais,Remoto,Masculino,Preta,0.3230378574421724
CAND_04429,4.0,72.0,Mestrado,Capitais,Presencial,Feminino,Preta,0.6191322204202484
CAND_04430,6.0,71.0,Bacharelado,Região Metropolitana,Remoto,Não-binário,Branca,0.6716472880318625
CAND_04431,2.4,55.0,Bacharelado,Capitais,Híbrido,Feminino,Amarela,0.39831463060560657
CAND_04432,3.5,55.0,Ensino Médio,Região Metropolitana,Híbrido,Masculino,Preta,0.4289130046278868
CAND_04433,8.8,31.0,Bacharelado,Capitais,Híbrido,Não-binário,Amarela,0.6608260011442723
CAND_04434,2.3,64.0,Mestrado,Região Metropolitana,Remoto,Feminino,Amarela,0.4772360874692813
CAND_04435,8.3,48.0,Bacharelado,Interior,Remoto,Não-binário,Amarela,0.5535331620464062
CAND_04436,8.3,37.0,Bacharelado,Região Metropolitana,Híbrido,Feminino,Branca,0.5312388610029755
CAND_04437,15.2,10.0,Bacharelado,Capitais,Híbrido,Não-binário,Amarela,0.48990334180589734
CAND_04438,7.1,42.0,Mestrado,Região Metropolitana,Presencial,Não-binário,Branca,0.46377185470896287
CAND_04439,5.7,56.0,Bacharelado,Capitais,Híbrido,Masculino,Branca,0.4391550006013635
CAND_04440,8.4,54.0,Bacharelado,Região Metropolitana,Presencial,Feminino,Indígena,0.5337177588106871
CAND_04441,3.8,50.0,Mestrado,Capitais,Presencial,Masculino,Parda,0.39881740514979036
CAND_04442,6.0,40.0,Bacharelado,Capitais,Híbrido,Não-binário,Indígena,0.4883925923697851
CAND_04443,2.6,47.0,Bacharelado,Interior,Remoto,Feminino,Preta,0.24066801963077078
CAND_04444,11.2,54.0,Bacharelado,Capitais,Híbrido,Não-binário,Amarela,0.8327048599139617
CAND_04445,1.9,62.0,Bacharelado,Região Metropolitana,Híbrido,Feminino,Parda,0.46762771962979605
CAND_04446,6.7,65.0,Bacharelado,Interior,Presencial,Masculino,Branca,0.5115234198535106
CAND_04447,5.8,50.0,Ensino Médio,Interior,Híbrido,Feminino,Indígena,0.3808041133757613
CAND_04448,2.0,59.0,Doutorado,Capitais,Híbrido,Masculino,Branca,0.6282349099799731
CAND_04449,2.2,53.0,Bacharelado,Região Metropolitana,Híbrido,Feminino,Indígena,0.20186784986165224
CAND_04450,1.7,41.0,Bacharelado,Região Metropolitana,Híbrido,Masculino,Branca,0.3056507471630171
CAND_04451,2.7,31.0,Ensino Médio,Região Metropolitana,Remoto,Feminino,Amarela,0.2866478726723019
CAND_04452,5.0,69.0,Bacharelado,Região Metropolitana,Presencial,Masculino,Amarela,0.5623167071701913
CAND_04453,6.0,56.0,Mestrado,Região Metropolitana,Híbrido,Masculino,Preta,0.6077680839225862
CAND_04454,5.7,33.0,Mestrado,Capitais,Híbrido,Feminino,Preta,0.2841153135611662
CAND_04455,5.8,72.0,Mestrado,Região Metropolitana,Remoto,Feminino,Indígena,0.6245173468387274
CAND_04456,8.0,60.0,Bacharelado,Capitais,Híbrido,Masculino,Preta,0.5669177794745841
CAND_04457,5.5,92.0,Bacharelado,Região Metropolitana,Presencial,Não-binário,Branca,0.6344115576019719
CAND_04458,7.3,68.0,Bacharelado,Região Metropolitana,Remoto,Feminino,Branca,0.7208237241957954
CAND_04459,6.8,50.0,Mestrado,Capitais,Híbrido,Masculino,Parda,0.5911648647011136
CAND_04460,6.8,37.0,Bacharelado,Região Metropolitana,Remoto,Não-binário,Indígena,0.3959777059524525
CAND_04461,7.1,33.0,Mestrado,Capitais,Presencial,Masculino,Parda,0.5489871888988955
CAND_04462,5.6,58.0,Bacharelado,Capitais,Híbrido,Não-binário,Amarela,0.417375435505522
CAND_04463,1.1,57.0,Bacharelado,Região Metropolitana,Presencial,Feminino,Preta,0.49778239859907664
CAND_04464,7.6,49.0,Mestrado,Capitais,Remoto,Feminino,Branca,0.5541212945280279
CAND_04465,9.8,57.0,Bacharelado,Região Metropolitana,Híbrido,Masculino,Parda,0.6085085180277031
CAND_04466,1.7,43.0,Bacharelado,Capitais,Híbrido,Masculino,Parda,0.12978684710459315
CAND_04467,7.6,43.0,Bacharelado,Capitais,Presencial,Não-binário,Branca,0.41320512821688715
CAND_04468,5.1,58.0,Bacharelado,Capitais,Remoto,Masculino,Indígena,0.6564302447824094
CAND_04469,6.2,40.0,Doutorado,Região Metropolitana,Híbrido,Feminino,Parda,0.5302511259019588
CAND_04470,8.5,56.0,Ensino Médio,Capitais,Presencial,Não-binário,Amarela,0.5897710369935749
CAND_04471,7.7,44.0,Bacharelado,Capitais,Remoto,Feminino,Amarela,0.5719551861952067
CAND_04472,3.0,35.0,Bacharelado,Região Metropolitana,Presencial,Feminino,Branca,0.48426758025691863
CAND_04473,2.6,49.0,Bacharelado,Região Metropolitana,Híbrido,Não-binário,Preta,0.5029036089487801
CAND_04474,3.2,50.0,Bacharelado,Interior,Presencial,Não-binário,Amarela,0.3966573021147003
CAND_04475,3.7,60.0,Mestrado,Região Metropolitana,Híbrido,Masculino,Branca,0.5436526218187878
CAND_04476,5.2,55.0,Bacharelado,Região Metropolitana,Remoto,Não-binário,Parda,0.4013267208610493
CAND_04477,4.2,66.0,Mestrado,Capitais,Híbrido,Não-binário,Amarela,0.5445106835615047
CAND_04478,3.6,65.0,Bacharelado,Capitais,Presencial,Não-binário,Branca,0.3022463420842503
CAND_04479,3.1,36.0,Ensino Médio,Região Metropolitana,Presencial,Masculino,Branca,0.1441342627426344
CAND_04480,5.4,61.0,Bacharelado,Região Metropolitana,Presencial,Não-binário,Amarela,0.4439710838343127
CAND_04481,2.2,50.0,Bacharelado,Capitais,Híbrido,Masculino,Amarela,0.409475661046429
CAND_04482,7.2,65.0,Bacharelado,Região Metropolitana,Híbrido,Feminino,Amarela,0.5645056347049909
CAND_04483,5.4,41.0,Mestrado,Capitais,Híbrido,Feminino,Branca,0.44629477696547254
CAND_04484,0.0,38.0,Bacharelado,Região Metropolitana,Híbrido,Não-binário,Parda,0.1430852202380569
CAND_04485,6.3,32.0,Bacharelado,Capitais,Híbrido,Feminino,Parda,0.3132939368641121
CAND_04486,7.0,61.0,Bacharelado,Região Metropolitana,Presencial,Não-binário,Branca,0.6041264509021232
CAND_04487,8.7,43.0,Bacharelado,Interior,Híbrido,Feminino,Amarela,0.6595140409606999
CAND_04488,2.6,43.0,Doutorado,Capitais,Presencial,Não-binário,Preta,0.4638108048621598
CAND_04489,2.1,68.0,Bacharelado,Região Metropolitana,Presencial,Não-binário,Parda,0.30721807725444794
CAND_04490,6.8,54.0,Doutorado,Região Metropolitana,Remoto,Feminino,Parda,0.8049942225810724
CAND_04491,3.9,57.0,Bacharelado,Capitais,Híbrido,Não-binário,Parda,0.3919862905568695
CAND_04492,6.2,19.0,Mestrado,Região Metropolitana,Híbrido,Feminino,Preta,0.47333554710373915
CAND_04493,7.4,61.0,Mestrado,Capitais,Híbrido,Feminino,Parda,0.6129979400525127
CAND_04494,4.8,60.0,Mestrado,Capitais,Híbrido,Masculino,Preta,0.5895287280364878
CAND_04495,5.4,66.0,Mestrado,Região Metropolitana,Presencial,Não-binário,Indígena,0.512902107844869
CAND_04496,1.9,69.0,Ensino Médio,Capitais,Presencial,Feminino,Parda,0.38139597077352433
CAND_04497,6.1,57.0,Bacharelado,Capitais,Híbrido,Masculino,Branca,0.5083056202881476
CAND_04498,6.3,25.0,Bacharelado,Região Metropolitana,Híbrido,Não-binário,Parda,0.27911080935337323
CAND_04499,3.6,46.0,Bacharelado,Interior,Presencial,Não-binário,Amarela,0.48558155237343986
CAND_04500,5.5,57.0,Bacharelado,Região Metropolitana,Remoto,Masculino,Preta,0.4978918591694115
CAND_04501,6.1,51.0,Ensino Médio,Capitais,Remoto,Não-binário,Branca,0.513342964295852
CAND_04502,6.8,48.0,Bacharelado,Região Metropolitana,Remoto,Feminino,Branca,0.45967753069042644
CAND_04503,2.0,65.0,Mestrado,Região Metropolitana,Híbrido,Feminino,Preta,0.5353418068635348
CAND_04504,2.1,39.0,Bacharelado,Região Metropolitana,Híbrido,Masculino,Parda,0.3302273839603404
CAND_04505,2.0,46.0,Mestrado,Capitais,Presencial,Feminino,Amarela,0.40358738774442615
CAND_04506,3.5,49.0,Bacharelado,Capitais,Presencial,Não-binário,Amarela,0.27501293172991365
CAND_04507,0.0,84.0,Bacharelado,Região Metropolitana,Híbrido,Não-binário,Amarela,0.5601121444496359
CAND_04508,7.6,20.0,Bacharelado,Região Metropolitana,Presencial,Não-binário,Branca,0.3700303421020684
CAND_04509,7.0,71.0,Mestrado,Capitais,Remoto,Masculino,Parda,0.7554270348649166
CAND_04510,1.3,33.0,Mestrado,Capitais,Presencial,Masculino,Indígena,0.41992787277560967
CAND_04511,4.0,50.0,Bacharelado,Capitais,Presencial,Não-binário,Amarela,0.3185701511990294
CAND_04512,6.8,59.0,Mestrado,Capitais,Remoto,Masculino,Parda,0.41954111188283216
CAND_04513,7.1,56.0,Bacharelado,Capitais,Presencial,Masculino,Branca,0.5901536288815075
CAND_04514,4.8,49.0,Bacharelado,Capitais,Híbrido,Não-binário,Preta,0.4578919412020418
CAND_04515,9.6,66.0,Ensino Médio,Capitais,Presencial,Feminino,Amarela,0.5720985955801502
CAND_04516,7.7,48.0,Ensino Médio,Região Metropolitana,Presencial,Masculino,Parda,0.6686566138242542
CAND_04517,7.1,45.0,Bacharelado,Capitais,Híbrido,Feminino,Indígena,0.5321804995379912
CAND_04518,8.9,54.0,Mestrado,Capitais,Presencial,Masculino,Branca,0.6935890191117798
CAND_04519,3.3,46.0,Ensino Médio,Capitais,Híbrido,Não-binário,Preta,0.4010229381318432
CAND_04520,1.8,46.0,Mestrado,Região Metropolitana,Presencial,Feminino,Preta,0.5031571005719938
CAND_04521,3.3,66.0,Doutorado,Capitais,Híbrido,Masculino,Preta,0.50409615495219
CAND_04522,2.2,56.0,Bacharelado,Capitais,Presencial,Feminino,Parda,0.3605269587964943
CAND_04523,5.5,42.0,Bacharelado,Capitais,Presencial,Não-binário,Parda,0.6068953812410054
CAND_04524,3.2,54.0,Bacharelado,Capitais,Híbrido,Masculino,Indígena,0.40664562016936356
CAND_04525,5.7,17.0,Bacharelado,Região Metropolitana,Remoto,Não-binário,Parda,0.4661387431957892
CAND_04526,6.3,51.0,Bacharelado,Capitais,Presencial,Masculino,Amarela,0.42572864959364465
CAND_04527,3.3,58.0,Bacharelado,Região Metropolitana,Remoto,Não-binário,Parda,0.39204814124291815
CAND_04528,5.3,56.0,Mestrado,Interior,Remoto,Não-binário,Preta,0.6557080644236037
CAND_04529,2.8,30.0,Ensino Médio,Capitais,Presencial,Feminino,Parda,0.22237348565020168
CAND_04530,6.4,47.0,Bacharelado,Capitais,Remoto,Feminino,Indígena,0.4258856236031511
CAND_04531,0.2,59.0,Ensino Médio,Capitais,Presencial,Não-binário,Amarela,0.3061147649622806
CAND_04532,6.0,61.0,Ensino Médio,Interior,Híbrido,Feminino,Amarela,0.504384046055885
CAND_04533,4.1,57.0,Bacharelado,Capitais,Presencial,Feminino,Indígena,0.4097535090873524
CAND_04534,2.8,48.0,Bacharelado,Capitais,Presencial,Não-binário,Branca,0.4190196663774421
CAND_04535,1.8,31.0,Mestrado,Interior,Presencial,Masculino,Parda,0.4421556155144841
CAND_04536,2.6,32.0,Bacharelado,Capitais,Híbrido,Masculino,Amarela,0.35566477019619364
CAND_04537,11.3,61.0,Bacharelado,Capitais,Presencial,Feminino,Branca,0.6060746942959803
CAND_04538,3.9,64.0,Mestrado,Interior,Híbrido,Feminino,Indígena,0.7895070999911509
CAND_04539,4.7,34.0,Mestrado,Capitais,Remoto,Feminino,Amarela,0.5841502098087907
CAND_04540,5.0,43.0,Mestrado,Região Metropolitana,Híbrido,Masculino,Indígena,0.5079427698038048
CAND_04541,6.0,54.0,Mestrado,Interior,Remoto,Masculino,Indígena,0.2733792254128196
CAND_04542,4.5,54.0,Bacharelado,Capitais,Híbrido,Não-binário,Indígena,0.5362448594105387
CAND_04543,5.6,56.0,Mestrado,Capitais,Híbrido,Masculino,Parda,0.5158566199230037
CAND_04544,8.4,52.0,Mestrado,Capitais,Híbrido,Não-binário,Indígena,0.5130541146884623
CAND_04545,7.1,37.0,Bacharelado,Capitais,Remoto,Feminino,Branca,0.46842891145845206
CAND_04546,12.8,60.0,Bacharelado,Capitais,Presencial,Não-binário,Branca,0.6725154695280162
CAND_04547,5.6,60.0,Bacharelado,Região Metropolitana,Remoto,Não-binário,Branca,0.5621046076176346
CAND_04548,2.6,37.0,Bacharelado,Capitais,Presencial,Feminino,Amarela,0.3954681759140345
CAND_04549,5.7,65.0,Mestrado,Interior,Híbrido,Não-binário,Indígena,0.7485820381672441
CAND_04550,2.0,6.0,Doutorado,Capitais,Presencial,Feminino,Preta,0.3142905060360369
CAND_04551,8.0,43.0,Mestrado,Capitais,Presencial,Masculino,Indígena,0.7058411638626307
CAND_04552,4.9,72.0,Ensino Médio,Capitais,Presencial,Não-binário,Preta,0.5959388313357268
CAND_04553,6.3,74.0,Mestrado,Capitais,Remoto,Feminino,Parda,0.7177986628849777
CAND_04554,1.0,57.0,Bacharelado,Capitais,Híbrido,Masculino,Amarela,0.46717902790967814
CAND_04555,2.1,59.0,Bacharelado,Capitais,Híbrido,Masculino,Parda,0.5432925539116693
CAND_04556,0.6,58.0,Bacharelado,Interior,Híbrido,Masculino,Branca,0.3548278121510925
CAND_04557,7.7,52.0,Bacharelado,Capitais,Presencial,Não-binário,Preta,0.5323761941751927
CAND_04558,3.0,59.0,Bacharelado,Capitais,Presencial,Masculino,Branca,0.3046852187084754
CAND_04559,4.5,49.0,Bacharelado,Capitais,Presencial,Não-binário,Preta,0.601844383965464
CAND_04560,9.5,62.0,Doutorado,Capitais,Presencial,Feminino,Amarela,0.7294710816009322
CAND_04561,3.9,41.0,Bacharelado,Região Metropolitana,Presencial,Não-binário,Branca,0.6269330561860907
CAND_04562,7.3,55.0,Doutorado,Região Metropolitana,Híbrido,Feminino,Preta,0.7154736349904839
CAND_04563,4.2,32.0,Ensino Médio,Interior,Presencial,Masculino,Branca,0.3128561647124448
CAND_04564,7.9,35.0,Bacharelado,Região Metropolitana,Híbrido,Masculino,Indígena,0.5020969872266045
CAND_04565,3.9,55.0,Bacharelado,Região Metropolitana,Híbrido,Não-binário,Preta,0.4797294069899152
CAND_04566,8.4,39.0,Bacharelado,Capitais,Híbrido,Feminino,Parda,0.5834770701029018
CAND_04567,8.6,55.0,Bacharelado,Capitais,Presencial,Masculino,Parda,0.44102623310185196
CAND_04568,1.0,22.0,Bacharelado,Capitais,Presencial,Não-binário,Amarela,0.24777454342420546
CAND_04569,6.9,29.0,Mestrado,Capitais,Híbrido,Não-binário,Amarela,0.45067531884456624
CAND_04570,8.9,52.0,Bacharelado,Capitais,Híbrido,Não-binário,Branca,0.5203249368230708
CAND_04571,3.9,28.0,Mestrado,Capitais,Híbrido,Não-binário,Amarela,0.4099559629429557
CAND_04572,2.8,44.0,Doutorado,Capitais,Híbrido,Feminino,Amarela,0.6340174865685515
CAND_04573,0.6,51.0,Bacharelado,Capitais,Presencial,Masculino,Parda,0.1803450398657509
CAND_04574,5.8,55.0,Bacharelado,Região Metropolitana,Remoto,Não-binário,Indígena,0.35695302867350176
CAND_04575,4.4,51.0,Bacharelado,Capitais,Híbrido,Masculino,Amarela,0.5246410473591806
CAND_04576,4.7,49.0,Bacharelado,Capitais,Híbrido,Masculino,Preta,0.3789660320628121
CAND_04577,4.6,58.0,Bacharelado,Capitais,Remoto,Não-binário,Parda,0.30725871977959784
CAND_04578,6.5,26.0,Mestrado,Interior,Remoto,Masculino,Branca,0.3815859852278108
CAND_04579,6.8,63.0,Bacharelado,Capitais,Remoto,Masculino,Branca,0.6767952844898781
CAND_04580,12.1,59.0,Bacharelado,Capitais,Presencial,Não-binário,Branca,0.5754862546147348
CAND_04581,7.1,44.0,Doutorado,Região Metropolitana,Presencial,Masculino,Preta,0.5382635407861661
CAND_04582,9.1,63.0,Ensino Médio,Região Metropolitana,Híbrido,Masculino,Parda,0.3685967329037004
CAND_04583,5.0,57.0,Doutorado,Interior,Híbrido,Masculino,Parda,0.6322294581567556
CAND_04584,6.4,75.0,Mestrado,Capitais,Presencial,Não-binário,Parda,0.6034386238940885
CAND_04585,4.6,65.0,Bacharelado,Capitais,Presencial,Não-binário,Preta,0.49886630253799785
CAND_04586,3.4,48.0,Bacharelado,Capitais,Presencial,Não-binário,Parda,0.4836244984948472
CAND_04587,6.5,37.0,Ensino Médio,Capitais,Presencial,Não-binário,Preta,0.31786622831560096
CAND_04588,5.5,66.0,Bacharelado,Capitais,Remoto,Não-binário,Branca,0.6009236803273673
CAND_04589,0.0,51.0,Mestrado,Capitais,Híbrido,Não-binário,Indígena,0.5619479226176727
CAND_04590,8.3,47.0,Ensino Médio,Capitais,Híbrido,Masculino,Preta,0.46484204235237697
CAND_04591,0.4,39.0,Bacharelado,Região Metropolitana,Presencial,Masculino,Parda,0.3353309666350661
CAND_04592,4.6,78.0,Bacharelado,Capitais,Remoto,Não-binário,Parda,0.6874976208758805
CAND_04593,4.2,37.0,Bacharelado,Capitais,Híbrido,Feminino,Amarela,0.4143854155254231
CAND_04594,3.1,61.0,Mestrado,Capitais,Remoto,Feminino,Parda,0.4195414829041007
CAND_04595,2.5,73.0,Bacharelado,Região Metropolitana,Presencial,Feminino,Indígena,0.6194541461263716
CAND_04596,5.1,45.0,Bacharelado,Região Metropolitana,Remoto,Masculino,Indígena,0.4962590375685103
CAND_04597,5.1,51.0,Mestrado,Capitais,Híbrido,Não-binário,Indígena,0.33781212153183543
CAND_04598,4.6,23.0,Ensino Médio,Capitais,Remoto,Masculino,Amarela,0.42973941319501735
CAND_04599,1.0,32.0,Mestrado,Região Metropolitana,Presencial,Masculino,Branca,0.3593996151187103
CAND_04600,3.4,77.0,Bacharelado,Região Metropolitana,Híbrido,Não-binário,Amarela,0.46234401949989246
CAND_04601,3.8,29.0,Bacharelado,Região Metropolitana,Híbrido,Não-binário,Preta,0.19095492533254727
CAND_04602,3.1,50.0,Mestrado,Capitais,Remoto,Feminino,Indígena,0.49192612534465885
CAND_04603,7.8,58.0,Bacharelado,Região Metropolitana,Remoto,Feminino,Branca,0.5752186380609893
CAND_04604,0.7,39.0,Bacharelado,Capitais,Híbrido,Masculino,Parda,0.31475871354385715
CAND_04605,3.7,42.0,Bacharelado,Capitais,Remoto,Feminino,Preta,0.3455129697830739
CAND_04606,1.0,66.0,Bacharelado,Capitais,Presencial,Masculino,Amarela,0.3558687735581601
CAND_04607,1.9,36.0,Bacharelado,Capitais,Híbrido,Feminino,Preta,0.5107165357594072
CAND_04608,4.7,47.0,Bacharelado,Interior,Remoto,Não-binário,Parda,0.46728561491666676
CAND_04609,7.5,38.0,Bacharelado,Região Metropolitana,Presencial,Feminino,Indígena,0.4919674883709688
CAND_04610,9.3,42.0,Bacharelado,Capitais,Presencial,Não-binário,Indígena,0.6780174780021653
CAND_04611,3.4,82.0,Bacharelado,Região Metropolitana,Presencial,Feminino,Branca,0.5786801606280754
CAND_04612,0.0,32.0,Bacharelado,Capitais,Híbrido,Feminino,Parda,0.19063223724359984
CAND_04613,7.6,84.0,Ensino Médio,Capitais,Presencial,Não-binário,Branca,0.5927510121396388
CAND_04614,8.8,34.0,Bacharelado,Capitais,Presencial,Feminino,Indígena,0.5241924577962342
CAND_04615,1.3,29.0,Bacharelado,Região Metropolitana,Híbrido,Feminino,Preta,0.45652675012486715
CAND_04616,6.4,46.0,Doutorado,Capitais,Híbrido,Feminino,Indígena,0.44611464048629534
CAND_04617,5.5,33.0,Bacharelado,Região Metropolitana,Híbrido,Feminino,Amarela,0.38001051536870134
CAND_04618,2.2,61.0,Bacharelado,Capitais,Remoto,Masculino,Amarela,0.4253024590196508
CAND_04619,0.0,61.0,Mestrado,Região Metropolitana,Híbrido,Feminino,Parda,0.5423961200005851
CAND_04620,2.6,35.0,Bacharelado,Capitais,Presencial,Feminino,Amarela,0.39667478837635073
CAND_04621,2.3,35.0,Mestrado,Capitais,Remoto,Masculino,Branca,0.4540461008528972
CAND_04622,0.4,59.0,Bacharelado,Região Metropolitana,Presencial,Feminino,Preta,0.21238962431552588
CAND_04623,5.1,47.0,Bacharelado,Região Metropolitana,Presencial,Masculino,Indígena,0.36868589068285573
CAND_04624,0.2,40.0,Mestrado,Capitais,Remoto,Não-binário,Indígena,0.40329522182508937
CAND_04625,6.2,45.0,Ensino Médio,Interior,Híbrido,Feminino,Amarela,0.45302712503848497
CAND_04626,12.6,56.0,Bacharelado,Capitais,Remoto,Masculino,Indígena,0.6394042327488053
CAND_04627,6.4,59.0,Ensino Médio,Capitais,Presencial,Masculino,Indígena,0.6154931382305927
CAND_04628,11.3,44.0,Mestrado,Interior,Híbrido,Masculino,Amarela,0.640508530227516
CAND_04629,9.2,59.0,Ensino Médio,Capitais,Híbrido,Masculino,Amarela,0.3705758753087479
CAND_04630,2.4,52.0,Bacharelado,Capitais,Presencial,Não-binário,Branca,0.439712392657725
CAND_04631,6.5,41.0,Mestrado,Capitais,Híbrido,Masculino,Amarela,0.4294849599828595
CAND_04632,7.6,56.0,Bacharelado,Capitais,Presencial,Masculino,Amarela,0.5639748017785637
CAND_04633,1.5,49.0,Bacharelado,Interior,Remoto,Feminino,Amarela,0.1939117010771378
CAND_04634,1.5,35.0,Mestrado,Capitais,Presencial,Não-binário,Parda,0.2845463766232567
CAND_04635,8.2,95.0,Bacharelado,Região Metropolitana,Remoto,Não-binário,Amarela,0.8338376873164478
CAND_04636,0.0,67.0,Mestrado,Capitais,Híbrido,Masculino,Preta,0.5320993866567624
CAND_04637,6.8,58.0,Bacharelado,Capitais,Híbrido,Feminino,Amarela,0.657023636271685
CAND_04638,5.9,76.0,Bacharelado,Capitais,Presencial,Feminino,Indígena,0.5550803725821816
CAND_04639,9.6,44.0,Ensino Médio,Capitais,Remoto,Feminino,Amarela,0.6076482346981401
CAND_04640,9.3,48.0,Mestrado,Capitais,Híbrido,Não-binário,Amarela,0.5137100275406693
CAND_04641,4.4,41.0,Mestrado,Região Metropolitana,Híbrido,Não-binário,Parda,0.4870129646637645
CAND_04642,0.6,66.0,Bacharelado,Capitais,Híbrido,Feminino,Parda,0.4579242889747386
CAND_04643,6.3,53.0,Bacharelado,Capitais,Remoto,Masculino,Indígena,0.6411129862281328
CAND_04644,4.0,51.0,Bacharelado,Capitais,Híbrido,Masculino,Indígena,0.20124002763104087
CAND_04645,1.2,38.0,Bacharelado,Região Metropolitana,Híbrido,Masculino,Parda,0.35858464392369743
CAND_04646,4.5,38.0,Mestrado,Capitais,Híbrido,Masculino,Amarela,0.5516143961803825
CAND_04647,4.7,42.0,Mestrado,Capitais,Presencial,Masculino,Preta,0.3594269624037
CAND_04648,1.5,56.0,Doutorado,Região Metropolitana,Híbrido,Masculino,Amarela,0.45309214279944016
CAND_04649,2.8,54.0,Bacharelado,Capitais,Híbrido,Feminino,Amarela,0.27422955136791505
CAND_04650,7.6,60.0,Mestrado,Capitais,Híbrido,Masculino,Indígena,0.6401009678780817
CAND_04651,5.7,51.0,Bacharelado,Interior,Remoto,Feminino,Indígena,0.4256326377564918
CAND_04652,0.0,34.0,Mestrado,Capitais,Presencial,Não-binário,Amarela,0.3006715861349055
CAND_04653,10.9,56.0,Mestrado,Região Metropolitana,Presencial,Feminino,Indígena,0.7765889808973632
CAND_04654,3.5,54.0,Bacharelado,Região Metropolitana,Híbrido,Não-binário,Parda,0.4590561341337933
CAND_04655,6.5,53.0,Bacharelado,Região Metropolitana,Híbrido,Masculino,Preta,0.30412231903260245
CAND_04656,9.6,35.0,Bacharelado,Região Metropolitana,Remoto,Feminino,Parda,0.5096396537787437
CAND_04657,4.2,58.0,Bacharelado,Capitais,Presencial,Feminino,Branca,0.3699776068199563
CAND_04658,7.4,47.0,Mestrado,Capitais,Remoto,Não-binário,Preta,0.4429259571036042
CAND_04659,1.3,47.0,Bacharelado,Região Metropolitana,Remoto,Feminino,Amarela,0.24470738398384012
CAND_04660,0.0,53.0,Bacharelado,Interior,Híbrido,Feminino,Preta,0.3700391074986166
CAND_04661,7.0,73.0,Mestrado,Capitais,Híbrido,Feminino,Preta,0.5735542494416881
CAND_04662,6.4,63.0,Ensino Médio,Capitais,Remoto,Não-binário,Parda,0.4332047687291174
CAND_04663,4.4,16.0,Bacharelado,Interior,Presencial,Masculino,Preta,0.3624992798257858
CAND_04664,2.0,60.0,Mestrado,Região Metropolitana,Remoto,Feminino,Branca,0.5897074807680525
CAND_04665,3.0,71.0,Bacharelado,Região Metropolitana,Híbrido,Não-binário,Preta,0.34999129873184054
CAND_04666,0.0,80.0,Bacharelado,Interior,Híbrido,Feminino,Parda,0.2137621178821668
CAND_04667,1.1,52.0,Mestrado,Região Metropolitana,Híbrido,Masculino,Amarela,0.46064863109729415
CAND_04668,1.7,37.0,Mestrado,Região Metropolitana,Presencial,Feminino,Indígena,0.2061103070457878
CAND_04669,1.9,57.0,Bacharelado,Capitais,Híbrido,Feminino,Branca,0.278013357504472
CAND_04670,4.0,37.0,Ensino Médio,Capitais,Remoto,Masculino,Preta,0.2777791201714301
CAND_04671,11.3,52.0,Mestrado,Região Metropolitana,Presencial,Masculino,Indígena,0.7156928619150085
CAND_04672,4.2,67.0,Bacharelado,Capitais,Híbrido,Masculino,Indígena,0.6265801787370964
CAND_04673,0.0,19.0,Mestrado,Região Metropolitana,Híbrido,Masculino,Indígena,0.21525213802004978
CAND_04674,3.8,41.0,Ensino Médio,Região Metropolitana,Remoto,Masculino,Parda,0.2639319148854349
CAND_04675,3.0,58.0,Bacharelado,Região Metropolitana,Presencial,Feminino,Branca,0.33073701801490446
CAND_04676,6.8,19.0,Doutorado,Interior,Presencial,Masculino,Parda,0.46169772210672727
CAND_04677,8.3,36.0,Bacharelado,Região Metropolitana,Presencial,Masculino,Indígena,0.43398115670942694
CAND_04678,7.7,94.0,Mestrado,Interior,Híbrido,Feminino,Parda,0.642318643196571
CAND_04679,6.0,57.0,Bacharelado,Capitais,Remoto,Feminino,Amarela,0.6328820741238429
CAND_04680,4.2,54.0,Bacharelado,Capitais,Presencial,Masculino,Amarela,0.16936250396121033
CAND_04681,5.9,58.0,Mestrado,Capitais,Remoto,Não-binário,Indígena,0.49786578631531087
CAND_04682,4.4,51.0,Bacharelado,Capitais,Híbrido,Masculino,Indígena,0.5606188056191169
CAND_04683,4.1,88.0,Mestrado,Região Metropolitana,Híbrido,Não-binário,Indígena,0.5407479039673289
CAND_04684,8.0,68.0,Bacharelado,Região Metropolitana,Híbrido,Masculino,Indígena,0.753273013525969
CAND_04685,5.0,44.0,Mestrado,Capitais,Presencial,Feminino,Preta,0.43130974287390467
CAND_04686,6.4,39.0,Ensino Médio,Interior,Presencial,Não-binário,Amarela,0.4429160016574855
CAND_04687,1.5,57.0,Mestrado,Região Metropolitana,Presencial,Feminino,Preta,0.4937443302198077
CAND_04688,10.8,34.0,Bacharelado,Capitais,Híbrido,Não-binário,Preta,0.5400637275325334
CAND_04689,4.9,59.0,Bacharelado,Capitais,Híbrido,Masculino,Branca,0.5058649569468718
CAND_04690,5.9,74.0,Bacharelado,Região Metropolitana,Presencial,Feminino,Preta,0.42733826821736043
CAND_04691,2.9,59.0,Doutorado,Capitais,Remoto,Não-binário,Parda,0.5541269000723966
CAND_04692,3.4,48.0,Bacharelado,Região Metropolitana,Híbrido,Não-binário,Branca,0.5054447811585114
CAND_04693,10.2,68.0,Bacharelado,Capitais,Híbrido,Masculino,Amarela,0.763507001029874
CAND_04694,0.8,66.0,Bacharelado,Capitais,Remoto,Não-binário,Amarela,0.4835998461979193
CAND_04695,4.9,29.0,Bacharelado,Região Metropolitana,Híbrido,Feminino,Parda,0.09962726296710633
CAND_04696,5.2,51.0,Bacharelado,Região Metropolitana,Remoto,Masculino,Amarela,0.40396133336133017
CAND_04697,1.8,44.0,Mestrado,Capitais,Remoto,Masculino,Preta,0.3617868837871946
CAND_04698,6.6,55.0,Bacharelado,Capitais,Híbrido,Não-binário,Preta,0.3102526797659565
CAND_04699,2.5,42.0,Mestrado,Região Metropolitana,Híbrido,Masculino,Branca,0.4518906030116149
CAND_04700,10.6,67.0,Ensino Médio,Capitais,Remoto,Masculino,Branca,0.630399559616987
CAND_04701,6.2,41.0,Bacharelado,Capitais,Híbrido,Masculino,Indígena,0.5340724748607328
CAND_04702,4.9,35.0,Mestrado,Capitais,Híbrido,Feminino,Amarela,0.395429080631988
CAND_04703,0.0,49.0,Bacharelado,Região Metropolitana,Híbrido,Masculino,Parda,0.33488430951703846
CAND_04704,0.0,15.0,Doutorado,Capitais,Presencial,Não-binário,Preta,0.3504970095089531
CAND_04705,9.1,42.0,Bacharelado,Região Metropolitana,Híbrido,Não-binário,Preta,0.44155579107027837
CAND_04706,3.9,45.0,Bacharelado,Capitais,Híbrido,Não-binário,Amarela,0.1939518436485905
CAND_04707,4.3,95.0,Bacharelado,Capitais,Remoto,Masculino,Parda,0.5682040773013054
CAND_04708,4.1,48.0,Bacharelado,Capitais,Presencial,Não-binário,Branca,0.31373879366430646
CAND_04709,4.4,82.0,Bacharelado,Capitais,Presencial,Não-binário,Parda,0.5738201147319941
CAND_04710,9.9,54.0,Bacharelado,Capitais,Híbrido,Não-binário,Branca,0.6636024931059331
CAND_04711,3.0,52.0,Bacharelado,Capitais,Remoto,Masculino,Parda,0.26075873956605156
CAND_04712,0.0,67.0,Bacharelado,Capitais,Híbrido,Não-binário,Branca,0.32035456159950654
CAND_04713,12.1,39.0,Bacharelado,Capitais,Híbrido,Masculino,Indígena,0.6677769945520357
CAND_04714,6.0,39.0,Bacharelado,Região Metropolitana,Híbrido,Masculino,Amarela,0.4804097412210576
CAND_04715,4.2,48.0,Bacharelado,Capitais,Presencial,Feminino,Parda,0.4908969845169462
CAND_04716,10.5,39.0,Doutorado,Região Metropolitana,Híbrido,Feminino,Indígena,0.6492656658068913
CAND_04717,9.3,44.0,Bacharelado,Capitais,Presencial,Masculino,Parda,0.528186384636027
CAND_04718,0.0,50.0,Bacharelado,Região Metropolitana,Presencial,Feminino,Indígena,0.2886001669951539
CAND_04719,7.7,46.0,Doutorado,Capitais,Remoto,Feminino,Branca,0.5029153519769114
CAND_04720,6.7,28.0,Ensino Médio,Capitais,Remoto,Masculino,Indígena,0.33078248677713984
CAND_04721,2.0,65.0,Bacharelado,Capitais,Presencial,Feminino,Preta,0.6886901740644249
CAND_04722,0.0,44.0,Bacharelado,Região Metropolitana,Híbrido,Feminino,Indígena,0.28252944053747175
CAND_04723,4.5,66.0,Bacharelado,Capitais,Remoto,Feminino,Amarela,0.3921317334700082
CAND_04724,3.4,57.0,Bacharelado,Capitais,Híbrido,Não-binário,Preta,0.6043688899508196
CAND_04725,6.0,54.0,Ensino Médio,Capitais,Híbrido,Feminino,Parda,0.44523588355943217
CAND_04726,2.6,53.0,Bacharelado,Capitais,Remoto,Feminino,Branca,0.4928087554925819
CAND_04727,4.0,35.0,Bacharelado,Região Metropolitana,Híbrido,Masculino,Amarela,0.38244530222916145
CAND_04728,10.7,64.0,Mestrado,Interior,Remoto,Não-binário,Indígena,0.7366236827121228
CAND_04729,4.0,54.0,Bacharelado,Capitais,Presencial,Feminino,Branca,0.6954896223563236
CAND_04730,9.3,45.0,Bacharelado,Capitais,Híbrido,Masculino,Amarela,0.38182895491285246
CAND_04731,0.8,63.0,Ensino Médio,Capitais,Presencial,Feminino,Amarela,0.49077371874644027
CAND_04732,9.5,52.0,Mestrado,Capitais,Híbrido,Masculino,Preta,0.5039500814967302
CAND_04733,4.6,43.0,Bacharelado,Região Metropolitana,Híbrido,Não-binário,Indígena,0.5003960202001585
CAND_04734,0.0,44.0,Mestrado,Região Metropolitana,Presencial,Masculino,Branca,0.24950838901951564
CAND_04735,7.9,38.0,Mestrado,Região Metropolitana,Remoto,Masculino,Amarela,0.5415043633652709
CAND_04736,4.4,54.0,Bacharelado,Capitais,Remoto,Masculino,Amarela,0.5037103920931062
CAND_04737,4.1,31.0,Ensino Médio,Capitais,Remoto,Masculino,Parda,0.2483435307343254
CAND_04738,0.2,46.0,Bacharelado,Capitais,Remoto,Masculino,Branca,0.2744379899116502
CAND_04739,3.3,54.0,Bacharelado,Capitais,Remoto,Feminino,Branca,0.5459871083480451
CAND_04740,8.4,45.0,Bacharelado,Capitais,Híbrido,Masculino,Preta,0.4279739237300375
CAND_04741,3.6,55.0,Bacharelado,Região Metropolitana,Presencial,Não-binário,Indígena,0.32618316564486177
CAND_04742,0.9,60.0,Bacharelado,Capitais,Presencial,Não-binário,Indígena,0.3409008899983854
CAND_04743,3.3,24.0,Bacharelado,Capitais,Presencial,Não-binário,Amarela,0.3986301151968894
CAND_04744,7.3,48.0,Bacharelado,Capitais,Remoto,Feminino,Branca,0.506190650360431
CAND_04745,5.3,25.0,Bacharelado,Capitais,Presencial,Feminino,Preta,0.5576077993135418
CAND_04746,7.9,71.0,Mestrado,Capitais,Híbrido,Não-binário,Branca,0.6151732095257648
CAND_04747,9.6,59.0,Mestrado,Capitais,Híbrido,Feminino,Indígena,0.6297757048658744
CAND_04748,2.5,41.0,Doutorado,Capitais,Híbrido,Não-binário,Indígena,0.37568931065992184
CAND_04749,5.0,42.0,Bacharelado,Capitais,Presencial,Não-binário,Preta,0.2512171179134488
CAND_04750,3.3,60.0,Bacharelado,Capitais,Presencial,Feminino,Amarela,0.418469043323178
CAND_04751,3.4,45.0,Bacharelado,Capitais,Híbrido,Masculino,Branca,0.22869062758840356
CAND_04752,2.3,63.0,Mestrado,Região Metropolitana,Remoto,Masculino,Amarela,0.5044940647516213
CAND_04753,6.0,44.0,Mestrado,Capitais,Presencial,Masculino,Parda,0.42589895830118996
CAND_04754,2.2,52.0,Bacharelado,Interior,Híbrido,Não-binário,Preta,0.4011233480918775
CAND_04755,3.3,41.0,Bacharelado,Capitais,Híbrido,Masculino,Parda,0.4712956140720915
CAND_04756,0.0,44.0,Bacharelado,Capitais,Presencial,Feminino,Preta,0.2233835973627165
CAND_04757,8.2,59.0,Bacharelado,Região Metropolitana,Híbrido,Masculino,Amarela,0.6511448606686533
CAND_04758,3.7,83.0,Bacharelado,Capitais,Presencial,Masculino,Preta,0.5918523622765391
CAND_04759,6.0,42.0,Bacharelado,Interior,Híbrido,Feminino,Parda,0.4232040138822749
CAND_04760,9.0,32.0,Ensino Médio,Capitais,Híbrido,Masculino,Parda,0.3974592153847238
CAND_04761,8.6,26.0,Bacharelado,Capitais,Híbrido,Feminino,Indígena,0.5630615649716317
CAND_04762,3.8,69.0,Bacharelado,Capitais,Presencial,Não-binário,Amarela,0.32291701201012113
CAND_04763,3.4,60.0,Mestrado,Capitais,Remoto,Masculino,Branca,0.5084253683812259
CAND_04764,4.7,47.0,Mestrado,Região Metropolitana,Híbrido,Não-binário,Preta,0.5585005716743195
CAND_04765,2.4,28.0,Ensino Médio,Região Metropolitana,Presencial,Masculino,Indígena,0.2925571180860802
CAND_04766,7.7,67.0,Bacharelado,Região Metropolitana,Remoto,Não-binário,Amarela,0.5160349750132176
CAND_04767,4.6,68.0,Bacharelado,Capitais,Híbrido,Feminino,Preta,0.7363287097830244
CAND_04768,2.7,42.0,Bacharelado,Interior,Híbrido,Não-binário,Branca,0.4241608974131588
CAND_04769,7.0,50.0,Bacharelado,Capitais,Híbrido,Feminino,Indígena,0.4738661295652677
CAND_04770,6.1,63.0,Bacharelado,Capitais,Híbrido,Não-binário,Amarela,0.5256969229864277
CAND_04771,0.8,28.0,Bacharelado,Capitais,Presencial,Masculino,Indígena,0.0921323134763481
CAND_04772,6.4,31.0,Mestrado,Capitais,Presencial,Masculino,Branca,0.4871113179758488
CAND_04773,11.3,56.0,Bacharelado,Interior,Remoto,Masculino,Parda,0.5887604184160874
CAND_04774,5.4,40.0,Doutorado,Região Metropolitana,Remoto,Masculino,Indígena,0.56048902914398
CAND_04775,7.2,62.0,Bacharelado,Região Metropolitana,Remoto,Masculino,Preta,0.41258809858317064
CAND_04776,9.3,45.0,Doutorado,Capitais,Híbrido,Não-binário,Indígena,0.3981425694177724
CAND_04777,8.0,58.0,Bacharelado,Capitais,Remoto,Não-binário,Amarela,0.4875057118184461
CAND_04778,0.2,39.0,Bacharelado,Interior,Presencial,Feminino,Branca,0.43399460389765654
CAND_04779,0.0,51.0,Mestrado,Capitais,Híbrido,Não-binário,Amarela,0.42938069663552675
CAND_04780,7.3,46.0,Bacharelado,Capitais,Remoto,Feminino,Amarela,0.5102010866914826
CAND_04781,8.3,47.0,Bacharelado,Capitais,Híbrido,Masculino,Preta,0.34144097023199893
CAND_04782,1.1,49.0,Bacharelado,Capitais,Remoto,Masculino,Branca,0.3849164286278045
CAND_04783,7.9,47.0,Bacharelado,Interior,Híbrido,Não-binário,Parda,0.42366424815679515
CAND_04784,2.7,52.0,Ensino Médio,Interior,Híbrido,Não-binário,Branca,0.4907572901159698
CAND_04785,4.0,31.0,Bacharelado,Interior,Presencial,Não-binário,Parda,0.2892323003804779
CAND_04786,3.3,53.0,Mestrado,Capitais,Presencial,Masculino,Amarela,0.4970015183115144
CAND_04787,10.3,52.0,Bacharelado,Região Metropolitana,Híbrido,Não-binário,Indígena,0.6574724409143236
CAND_04788,1.3,75.0,Bacharelado,Região Metropolitana,Remoto,Masculino,Indígena,0.25335584967552005
CAND_04789,2.9,46.0,Bacharelado,Capitais,Híbrido,Masculino,Amarela,0.35835497409929906
CAND_04790,6.6,21.0,Bacharelado,Capitais,Presencial,Não-binário,Parda,0.3401257965113348
CAND_04791,2.5,67.0,Bacharelado,Capitais,Remoto,Feminino,Parda,0.45333836929087257
CAND_04792,10.0,76.0,Ensino Médio,Interior,Híbrido,Feminino,Amarela,0.5840949752917067
CAND_04793,5.2,63.0,Bacharelado,Capitais,Remoto,Masculino,Indígena,0.42522174871239427
CAND_04794,7.9,60.0,Bacharelado,Capitais,Remoto,Masculino,Amarela,0.45973468460105427
CAND_04795,5.7,20.0,Bacharelado,Região Metropolitana,Presencial,Feminino,Parda,0.19709262231942576
CAND_04796,5.8,39.0,Bacharelado,Interior,Híbrido,Masculino,Indígena,0.4754047801612862
CAND_04797,8.2,55.0,Bacharelado,Capitais,Híbrido,Masculino,Amarela,0.48141261290744225
CAND_04798,6.9,77.0,Mestrado,Região Metropolitana,Híbrido,Masculino,Preta,0.7107354295522963
CAND_04799,9.0,57.0,Ensino Médio,Capitais,Remoto,Feminino,Preta,0.47115558004288227
CAND_04800,4.1,31.0,Mestrado,Região Metropolitana,Remoto,Não-binário,Branca,0.3344095052650326
CAND_04801,6.0,46.0,Bacharelado,Capitais,Remoto,Feminino,Amarela,0.5847830806885741
CAND_04802,0.0,44.0,Doutorado,Capitais,Presencial,Feminino,Parda,0.30468950319195276
CAND_04803,1.5,80.0,Ensino Médio,Interior,Híbrido,Não-binário,Parda,0.36381001378261074
CAND_04804,2.4,62.0,Bacharelado,Capitais,Presencial,Não-binário,Indígena,0.4102650552232544
CAND_04805,2.5,32.0,Bacharelado,Região Metropolitana,Presencial,Feminino,Branca,0.33415941225200696
CAND_04806,6.1,33.0,Mestrado,Interior,Remoto,Não-binário,Preta,0.4830144096044849
CAND_04807,1.5,66.0,Bacharelado,Capitais,Remoto,Não-binário,Indígena,0.47293938338698227
CAND_04808,5.3,66.0,Bacharelado,Região Metropolitana,Híbrido,Não-binário,Preta,0.31815389511044334
CAND_04809,5.1,53.0,Mestrado,Capitais,Híbrido,Masculino,Preta,0.3506929920319441
CAND_04810,5.0,52.0,Bacharelado,Capitais,Híbrido,Não-binário,Amarela,0.5171040084582037
CAND_04811,5.5,60.0,Bacharelado,Região Metropolitana,Híbrido,Feminino,Preta,0.5895197533277273
CAND_04812,5.3,60.0,Bacharelado,Capitais,Presencial,Masculino,Amarela,0.45609290894316157
CAND_04813,10.8,42.0,Mestrado,Região Metropolitana,Remoto,Não-binário,Indígena,0.5993421967277193
CAND_04814,5.3,48.0,Bacharelado,Capitais,Remoto,Não-binário,Indígena,0.5184926975774666
CAND_04815,4.6,45.0,Mestrado,Capitais,Remoto,Não-binário,Indígena,0.43868677863262456
CAND_04816,0.3,42.0,Bacharelado,Região Metropolitana,Presencial,Masculino,Parda,0.3775485023496409
CAND_04817,0.8,47.0,Bacharelado,Capitais,Remoto,Masculino,Parda,0.43236415565555575
CAND_04818,9.0,55.0,Bacharelado,Capitais,Remoto,Não-binário,Preta,0.5423276613192485
CAND_04819,7.7,71.0,Bacharelado,Região Metropolitana,Híbrido,Masculino,Branca,0.4606561878100812
CAND_04820,7.8,38.0,Mestrado,Capitais,Híbrido,Não-binário,Amarela,0.40152521465663754
CAND_04821,9.3,48.0,Ensino Médio,Interior,Híbrido,Não-binário,Amarela,0.6098263694418739
CAND_04822,6.4,70.0,Bacharelado,Região Metropolitana,Remoto,Feminino,Parda,0.5376282673976689
CAND_04823,10.4,42.0,Mestrado,Interior,Híbrido,Feminino,Indígena,0.6626747243798681
CAND_04824,1.9,16.0,Bacharelado,Região Metropolitana,Híbrido,Feminino,Branca,0.2586051093679793
CAND_04825,0.1,63.0,Bacharelado,Região Metropolitana,Remoto,Feminino,Amarela,0.4642499345132172
CAND_04826,4.6,75.0,Bacharelado,Interior,Remoto,Feminino,Amarela,0.6241127296604114
CAND_04827,6.0,44.0,Bacharelado,Interior,Híbrido,Masculino,Parda,0.4754258914774311
CAND_04828,6.2,64.0,Bacharelado,Capitais,Presencial,Feminino,Indígena,0.29044911043791455
CAND_04829,8.4,55.0,Bacharelado,Interior,Remoto,Não-binário,Amarela,0.6296085519529853
CAND_04830,5.0,33.0,Bacharelado,Capitais,Presencial,Feminino,Indígena,0.4179420896365091
CAND_04831,7.4,64.0,Bacharelado,Região Metropolitana,Presencial,Feminino,Amarela,0.6585715227938445
CAND_04832,4.7,67.0,Bacharelado,Capitais,Remoto,Não-binário,Amarela,0.6053061683895515
CAND_04833,2.5,47.0,Bacharelado,Região Metropolitana,Híbrido,Masculino,Indígena,0.24193313867546512
CAND_04834,6.0,62.0,Ensino Médio,Capitais,Híbrido,Feminino,Amarela,0.34582514079754045
CAND_04835,7.0,40.0,Bacharelado,Capitais,Híbrido,Masculino,Parda,0.4111891262849973
CAND_04836,5.0,56.0,Mestrado,Região Metropolitana,Presencial,Feminino,Parda,0.6916805747517676
CAND_04837,4.9,58.0,Bacharelado,Capitais,Presencial,Não-binário,Parda,0.35110247719648174
CAND_04838,3.4,50.0,Bacharelado,Região Metropolitana,Remoto,Feminino,Indígena,0.33919839232679305
CAND_04839,2.3,33.0,Bacharelado,Região Metropolitana,Remoto,Masculino,Indígena,0.21079123588457235
CAND_04840,7.0,52.0,Bacharelado,Capitais,Remoto,Feminino,Preta,0.5008643169997
CAND_04841,2.4,57.0,Doutorado,Capitais,Híbrido,Masculino,Preta,0.5613696373427389
CAND_04842,2.1,35.0,Bacharelado,Capitais,Remoto,Feminino,Indígena,0.3185482381585269
CAND_04843,5.5,65.0,Bacharelado,Interior,Híbrido,Masculino,Parda,0.6503784445548708
CAND_04844,2.1,42.0,Bacharelado,Região Metropolitana,Remoto,Não-binário,Branca,0.3310305917377266
CAND_04845,4.9,46.0,Bacharelado,Capitais,Presencial,Não-binário,Amarela,0.4263252046529702
CAND_04846,9.3,32.0,Mestrado,Região Metropolitana,Híbrido,Não-binário,Branca,0.415127312890028
CAND_04847,5.1,58.0,Bacharelado,Região Metropolitana,Remoto,Feminino,Amarela,0.5166648754870988
CAND_04848,0.8,90.0,Bacharelado,Capitais,Presencial,Masculino,Amarela,0.5887103454161247
CAND_04849,5.0,45.0,Mestrado,Região Metropolitana,Híbrido,Não-binário,Amarela,0.3766823733244096
CAND_04850,0.0,39.0,Mestrado,Região Metropolitana,Remoto,Não-binário,Preta,0.49607038083073546
CAND_04851,0.0,45.0,Bacharelado,Capitais,Presencial,Feminino,Branca,0.43465348472075166
CAND_04852,1.5,52.0,Mestrado,Capitais,Presencial,Masculino,Preta,0.5892322499276117
CAND_04853,9.4,57.0,Bacharelado,Região Metropolitana,Híbrido,Feminino,Parda,0.7504571089147385
CAND_04854,2.8,66.0,Mestrado,Região Metropolitana,Remoto,Não-binário,Branca,0.46380909359802625
CAND_04855,10.3,62.0,Bacharelado,Capitais,Híbrido,Não-binário,Indígena,0.5948991112852332
CAND_04856,7.7,43.0,Bacharelado,Capitais,Remoto,Masculino,Branca,0.5085435866961672
CAND_04857,10.1,57.0,Bacharelado,Capitais,Híbrido,Não-binário,Amarela,0.61049129441587
CAND_04858,0.0,24.0,Mestrado,Capitais,Presencial,Feminino,Preta,0.3182436920568553
CAND_04859,7.5,39.0,Doutorado,Capitais,Remoto,Não-binário,Parda,0.6060472332684357
CAND_04860,4.2,39.0,Mestrado,Capitais,Remoto,Feminino,Branca,0.43742852418904143
CAND_04861,7.6,48.0,Bacharelado,Capitais,Remoto,Feminino,Parda,0.5478306496139205
CAND_04862,4.2,22.0,Bacharelado,Capitais,Híbrido,Masculino,Amarela,0.24765140637993838
CAND_04863,5.1,62.0,Bacharelado,Capitais,Presencial,Feminino,Branca,0.5937538544536779
CAND_04864,4.6,34.0,Bacharelado,Capitais,Híbrido,Masculino,Parda,0.3765006284187929
CAND_04865,5.4,59.0,Mestrado,Capitais,Híbrido,Feminino,Amarela,0.6630557253929674
CAND_04866,9.0,70.0,Mestrado,Capitais,Remoto,Feminino,Parda,0.6317737809652479
CAND_04867,6.2,86.0,Bacharelado,Região Metropolitana,Híbrido,Feminino,Amarela,0.6036239585644987
CAND_04868,4.5,25.0,Bacharelado,Região Metropolitana,Remoto,Não-binário,Indígena,0.2316417782260774
CAND_04869,1.8,63.0,Bacharelado,Capitais,Presencial,Feminino,Parda,0.5019149088721248
CAND_04870,3.5,45.0,Mestrado,Capitais,Remoto,Masculino,Branca,0.4487437961043684
CAND_04871,1.8,57.0,Bacharelado,Capitais,Remoto,Masculino,Amarela,0.4359058179066986
CAND_04872,2.6,44.0,Ensino Médio,Capitais,Presencial,Não-binário,Preta,0.3010110378123547
CAND_04873,7.7,37.0,Bacharelado,Capitais,Híbrido,Feminino,Preta,0.4668741640695379
CAND_04874,6.3,51.0,Mestrado,Capitais,Remoto,Masculino,Indígena,0.5255769787767038
CAND_04875,10.4,56.0,Bacharelado,Capitais,Presencial,Não-binário,Amarela,0.6416868257146976
CAND_04876,4.0,75.0,Ensino Médio,Região Metropolitana,Presencial,Masculino,Preta,0.5037277812702843
CAND_04877,5.1,28.0,Bacharelado,Capitais,Remoto,Feminino,Indígena,0.3042670086041367
CAND_04878,5.2,48.0,Ensino Médio,Capitais,Híbrido,Masculino,Preta,0.4512599630552941
CAND_04879,4.8,32.0,Doutorado,Região Metropolitana,Híbrido,Masculino,Indígena,0.33982838575090807
CAND_04880,0.9,42.0,Mestrado,Capitais,Híbrido,Feminino,Branca,0.3765745395696755
CAND_04881,3.8,58.0,Bacharelado,Capitais,Remoto,Feminino,Preta,0.4451619962031367
CAND_04882,7.5,45.0,Bacharelado,Capitais,Remoto,Não-binário,Parda,0.5808628908101734
CAND_04883,6.3,55.0,Bacharelado,Capitais,Presencial,Não-binário,Branca,0.5331706875534593
CAND_04884,5.9,73.0,Bacharelado,Capitais,Híbrido,Feminino,Preta,0.738067470746049
CAND_04885,9.4,40.0,Bacharelado,Interior,Presencial,Masculino,Preta,0.5315426537487999
CAND_04886,9.7,28.0,Bacharelado,Região Metropolitana,Híbrido,Feminino,Parda,0.4813711112538676
CAND_04887,7.5,35.0,Ensino Médio,Região Metropolitana,Remoto,Feminino,Preta,0.3894167901770071
CAND_04888,11.8,46.0,Doutorado,Capitais,Remoto,Não-binário,Parda,0.5900703310048888
CAND_04889,7.3,0.0,Bacharelado,Região Metropolitana,Híbrido,Não-binário,Amarela,0.29036019501290566
CAND_04890,3.4,56.0,Bacharelado,Capitais,Híbrido,Feminino,Branca,0.24801900454528686
CAND_04891,3.6,96.0,Mestrado,Região Metropolitana,Híbrido,Feminino,Branca,0.6048396222411847
CAND_04892,6.4,21.0,Mestrado,Capitais,Remoto,Masculino,Parda,0.5114187899774616
CAND_04893,3.3,29.0,Doutorado,Interior,Remoto,Feminino,Indígena,0.4905371675915853
CAND_04894,8.0,46.0,Bacharelado,Capitais,Presencial,Feminino,Branca,0.42469359896994735
CAND_04895,0.0,65.0,Bacharelado,Capitais,Híbrido,Feminino,Parda,0.4048151946259343
CAND_04896,3.1,41.0,Bacharelado,Interior,Presencial,Não-binário,Parda,0.36317396041224487
CAND_04897,6.9,48.0,Ensino Médio,Capitais,Híbrido,Não-binário,Branca,0.39747287986704
CAND_04898,4.9,45.0,Bacharelado,Região Metropolitana,Remoto,Feminino,Parda,0.42260174657003946
CAND_04899,0.8,43.0,Bacharelado,Capitais,Remoto,Feminino,Branca,0.23455512452409166
CAND_04900,5.6,57.0,Bacharelado,Interior,Híbrido,Feminino,Branca,0.3343852140222021
CAND_04901,7.7,53.0,Mestrado,Região Metropolitana,Presencial,Feminino,Amarela,0.4814186424129137
CAND_04902,0.0,78.0,Mestrado,Capitais,Híbrido,Feminino,Indígena,0.5991274307525469
CAND_04903,8.9,71.0,Bacharelado,Capitais,Presencial,Feminino,Preta,0.617940993337859
CAND_04904,2.8,32.0,Doutorado,Região Metropolitana,Híbrido,Feminino,Branca,0.39602214148913994
CAND_04905,4.3,49.0,Mestrado,Interior,Remoto,Não-binário,Indígena,0.4249219580173715
CAND_04906,1.2,59.0,Bacharelado,Região Metropolitana,Híbrido,Não-binário,Parda,0.40496701178026295
CAND_04907,5.2,47.0,Mestrado,Região Metropolitana,Remoto,Feminino,Amarela,0.459415732287702
CAND_04908,16.2,27.0,Bacharelado,Capitais,Remoto,Feminino,Indígena,0.5760972378711183
CAND_04909,4.1,40.0,Mestrado,Capitais,Remoto,Não-binário,Parda,0.5471757051012716
CAND_04910,5.2,49.0,Mestrado,Interior,Remoto,Não-binário,Indígena,0.5866174578587807
CAND_04911,2.5,32.0,Bacharelado,Capitais,Híbrido,Feminino,Preta,0.27391869085801884
CAND_04912,1.5,57.0,Bacharelado,Capitais,Híbrido,Não-binário,Preta,0.5152581102347717
CAND_04913,5.4,23.0,Bacharelado,Capitais,Presencial,Masculino,Preta,0.37299891822371134
CAND_04914,3.3,30.0,Bacharelado,Capitais,Remoto,Feminino,Amarela,0.3311267877153022
CAND_04915,5.8,45.0,Bacharelado,Capitais,Presencial,Não-binário,Preta,0.32353582359937616
CAND_04916,2.7,51.0,Bacharelado,Capitais,Híbrido,Não-binário,Amarela,0.30400615095284217
CAND_04917,5.3,59.0,Bacharelado,Capitais,Híbrido,Feminino,Branca,0.5308301665007665
CAND_04918,0.0,34.0,Bacharelado,Região Metropolitana,Remoto,Feminino,Parda,0.4366439854454194
CAND_04919,0.0,45.0,Bacharelado,Interior,Presencial,Não-binário,Preta,0.5290744590840584
CAND_04920,8.2,39.0,Bacharelado,Capitais,Presencial,Feminino,Amarela,0.4747367040780881
CAND_04921,3.9,39.0,Bacharelado,Capitais,Híbrido,Não-binário,Preta,0.3697169113832702
CAND_04922,2.7,56.0,Bacharelado,Região Metropolitana,Remoto,Não-binário,Indígena,0.44796241862062713
CAND_04923,3.1,59.0,Ensino Médio,Capitais,Presencial,Masculino,Parda,0.49229990131645524
CAND_04924,5.4,67.0,Bacharelado,Capitais,Presencial,Feminino,Parda,0.4401796681932466
CAND_04925,3.6,50.0,Bacharelado,Capitais,Remoto,Feminino,Branca,0.4590968478550506
CAND_04926,1.5,27.0,Bacharelado,Capitais,Híbrido,Masculino,Branca,0.2783540275352083
CAND_04927,6.5,63.0,Bacharelado,Capitais,Híbrido,Feminino,Indígena,0.5120849021457126
CAND_04928,4.0,4.0,Mestrado,Capitais,Presencial,Feminino,Preta,0.3549892497880785
CAND_04929,0.0,46.0,Bacharelado,Interior,Remoto,Não-binário,Branca,0.18091517572476584
CAND_04930,4.6,67.0,Bacharelado,Interior,Remoto,Masculino,Indígena,0.6216002088478343
CAND_04931,2.3,39.0,Mestrado,Capitais,Remoto,Feminino,Amarela,0.26917224597738687
CAND_04932,3.0,17.0,Bacharelado,Capitais,Remoto,Não-binário,Preta,0.031948736292749635
CAND_04933,2.4,60.0,Bacharelado,Capitais,Remoto,Não-binário,Preta,0.44740713226900847
CAND_04934,8.0,52.0,Ensino Médio,Região Metropolitana,Presencial,Feminino,Indígena,0.41468871687596526
CAND_04935,4.8,68.0,Mestrado,Capitais,Remoto,Não-binário,Preta,0.6375199923447056
CAND_04936,4.1,55.0,Bacharelado,Interior,Híbrido,Masculino,Indígena,0.32888731824422845
CAND_04937,5.1,44.0,Bacharelado,Interior,Híbrido,Feminino,Indígena,0.3746798969022714
CAND_04938,3.4,52.0,Bacharelado,Capitais,Presencial,Masculino,Amarela,0.22894414593703927
CAND_04939,1.8,78.0,Doutorado,Região Metropolitana,Híbrido,Feminino,Indígena,0.528685583813114
CAND_04940,4.5,46.0,Bacharelado,Capitais,Presencial,Masculino,Branca,0.25649372814864724
CAND_04941,1.1,61.0,Bacharelado,Interior,Híbrido,Não-binário,Preta,0.29771002983852696
CAND_04942,6.2,54.0,Mestrado,Região Metropolitana,Presencial,Feminino,Branca,0.4714653735029024
CAND_04943,6.2,32.0,Bacharelado,Região Metropolitana,Remoto,Masculino,Branca,0.31179816725575116
CAND_04944,1.2,48.0,Bacharelado,Capitais,Presencial,Não-binário,Branca,0.32639193992480253
CAND_04945,1.5,82.0,Mestrado,Região Metropolitana,Presencial,Não-binário,Preta,0.6780090426161911
CAND_04946,3.4,68.0,Bacharelado,Capitais,Híbrido,Feminino,Branca,0.23758672733179836
CAND_04947,9.6,59.0,Bacharelado,Capitais,Presencial,Masculino,Parda,0.7245336143583442
CAND_04948,4.8,50.0,Bacharelado,Capitais,Remoto,Masculino,Preta,0.6399123114653422
CAND_04949,6.4,28.0,Doutorado,Capitais,Híbrido,Não-binário,Parda,0.5964535431867467
CAND_04950,0.0,70.0,Bacharelado,Capitais,Remoto,Feminino,Branca,0.2970723555769623
CAND_04951,2.3,85.0,Mestrado,Capitais,Híbrido,Não-binário,Amarela,0.7520042507974539
CAND_04952,5.7,72.0,Ensino Médio,Região Metropolitana,Híbrido,Feminino,Indígena,0.5240368241131419
CAND_04953,8.9,63.0,Bacharelado,Capitais,Presencial,Feminino,Preta,0.6304152821558555
CAND_04954,9.1,42.0,Mestrado,Região Metropolitana,Híbrido,Feminino,Branca,0.5224854156675449
CAND_04955,6.2,38.0,Bacharelado,Região Metropolitana,Presencial,Feminino,Branca,0.2622021775206612
CAND_04956,9.6,39.0,Mestrado,Capitais,Remoto,Masculino,Preta,0.7439333357187066
CAND_04957,10.9,35.0,Mestrado,Região Metropolitana,Presencial,Feminino,Parda,0.4891503178569049
CAND_04958,4.7,61.0,Bacharelado,Capitais,Remoto,Feminino,Preta,0.4551810832286512
CAND_04959,7.2,66.0,Bacharelado,Capitais,Presencial,Não-binário,Parda,0.503664266108652
CAND_04960,1.0,40.0,Bacharelado,Capitais,Presencial,Feminino,Parda,0.3531995740455406
CAND_04961,9.6,43.0,Doutorado,Capitais,Remoto,Não-binário,Parda,0.5776995063138745
CAND_04962,7.7,51.0,Bacharelado,Região Metropolitana,Presencial,Não-binário,Parda,0.3483568573138167
CAND_04963,7.1,27.0,Bacharelado,Capitais,Remoto,Feminino,Parda,0.3978075466025679
CAND_04964,5.0,50.0,Bacharelado,Capitais,Híbrido,Não-binário,Amarela,0.5193875760413568
CAND_04965,8.2,57.0,Bacharelado,Região Metropolitana,Híbrido,Masculino,Parda,0.5555528656715938
CAND_04966,8.0,60.0,Bacharelado,Região Metropolitana,Híbrido,Feminino,Amarela,0.28920487832934
CAND_04967,2.2,57.0,Bacharelado,Região Metropolitana,Híbrido,Feminino,Parda,0.4061382937085122
CAND_04968,5.6,37.0,Mestrado,Capitais,Híbrido,Masculino,Preta,0.28354195456643594
CAND_04969,6.2,39.0,Bacharelado,Capitais,Híbrido,Masculino,Indígena,0.3552036774676404
CAND_04970,4.1,12.0,Bacharelado,Região Metropolitana,Híbrido,Masculino,Indígena,0.18200715618748126
CAND_04971,8.7,44.0,Bacharelado,Região Metropolitana,Presencial,Masculino,Amarela,0.5170344382504088
CAND_04972,10.9,45.0,Bacharelado,Capitais,Híbrido,Feminino,Indígena,0.4957428682174975
CAND_04973,8.6,43.0,Bacharelado,Região Metropolitana,Presencial,Masculino,Branca,0.4497079787857351
CAND_04974,2.2,72.0,Bacharelado,Região Metropolitana,Presencial,Feminino,Branca,0.5763989364209963
CAND_04975,5.1,60.0,Doutorado,Capitais,Híbrido,Masculino,Amarela,0.4953440904497039
CAND_04976,3.4,44.0,Bacharelado,Interior,Híbrido,Masculino,Amarela,0.3942661587840487
CAND_04977,3.8,51.0,Ensino Médio,Interior,Híbrido,Não-binário,Parda,0.42196807752152565
CAND_04978,3.7,64.0,Bacharelado,Região Metropolitana,Híbrido,Não-binário,Parda,0.41845572019953
CAND_04979,8.3,69.0,Bacharelado,Capitais,Híbrido,Feminino,Parda,0.6297171160080541
CAND_04980,2.2,41.0,Bacharelado,Região Metropolitana,Híbrido,Feminino,Parda,0.47882261119428376
CAND_04981,2.9,43.0,Mestrado,Região Metropolitana,Híbrido,Masculino,Amarela,0.38640128658645384
CAND_04982,5.6,41.0,Mestrado,Capitais,Híbrido,Não-binário,Amarela,0.5185047695298298
CAND_04983,10.7,40.0,Mestrado,Capitais,Remoto,Masculino,Amarela,0.4722107016881119
CAND_04984,9.4,27.0,Ensino Médio,Capitais,Híbrido,Feminino,Indígena,0.4306325784979445
CAND_04985,6.6,46.0,Bacharelado,Capitais,Híbrido,Masculino,Indígena,0.49807077740570255
CAND_04986,2.4,70.0,Bacharelado,Região Metropolitana,Remoto,Masculino,Branca,0.420568211593974
CAND_04987,6.3,70.0,Mestrado,Capitais,Presencial,Feminino,Indígena,0.6460458935980883
CAND_04988,8.1,57.0,Bacharelado,Capitais,Híbrido,Não-binário,Preta,0.5399904564627517
CAND_04989,9.0,73.0,Bacharelado,Interior,Presencial,Masculino,Amarela,0.6394182814391801
CAND_04990,9.2,59.0,Bacharelado,Região Metropolitana,Remoto,Não-binário,Amarela,0.6554983690858125
CAND_04991,9.4,59.0,Bacharelado,Capitais,Remoto,Feminino,Branca,0.5877617556644593
CAND_04992,7.7,67.0,Bacharelado,Capitais,Remoto,Feminino,Indígena,0.5439330146719985
CAND_04993,6.5,59.0,Bacharelado,Região Metropolitana,Híbrido,Feminino,Preta,0.4354617955725014
CAND_04994,7.0,16.0,Bacharelado,Capitais,Remoto,Não-binário,Indígena,0.5239412734415023
CAND_04995,9.6,66.0,Bacharelado,Região Metropolitana,Presencial,Não-binário,Parda,0.7308431452418966
CAND_04996,7.1,57.0,Bacharelado,Região Metropolitana,Remoto,Feminino,Preta,0.5377729144340194
CAND_04997,2.8,38.0,Bacharelado,Capitais,Híbrido,Não-binário,Branca,0.3436252313845947
CAND_04998,7.4,59.0,Mestrado,Capitais,Remoto,Não-binário,Indígena,0.7201549987163179
CAND_04999,1.6,48.0,Bacharelado,Capitais,Remoto,Feminino,Preta,0.21328582483997893
CAND_05000,5.1,66.0,Bacharelado,Interior,Presencial,Feminino,Amarela,0.6269126398756202
CAND_05001,1.6,71.0,Bacharelado,Capitais,Presencial,Não-binário,Preta,0.587279920834942
CAND_05002,8.4,52.0,Mestrado,Capitais,Presencial,Masculino,Parda,0.6375108150050642
CAND_05003,6.4,64.0,Mestrado,Capitais,Remoto,Masculino,Branca,0.45111692723603836
CAND_05004,7.8,53.0,Bacharelado,Capitais,Presencial,Feminino,Branca,0.688259601358002
CAND_05005,6.8,50.0,Ensino Médio,Capitais,Remoto,Masculino,Branca,0.5524738283239055
CAND_05006,4.0,63.0,Bacharelado,Interior,Remoto,Feminino,Preta,0.4036869738956159
CAND_05007,6.7,52.0,Bacharelado,Região Metropolitana,Presencial,Não-binário,Parda,0.6828422566495145
CAND_05008,5.5,55.0,Mestrado,Região Metropolitana,Presencial,Masculino,Amarela,0.47277482453494846
CAND_05009,5.7,73.0,Bacharelado,Região Metropolitana,Híbrido,Não-binário,Amarela,0.47460697292887344
CAND_05010,6.3,85.0,Bacharelado,Capitais,Presencial,Feminino,Parda,0.7470205499686695
CAND_05011,4.7,58.0,Bacharelado,Capitais,Remoto,Feminino,Branca,0.6322971046361029
CAND_05012,4.2,48.0,Mestrado,Região Metropolitana,Presencial,Não-binário,Parda,0.43392601334469616
CAND_05013,3.4,73.0,Mestrado,Região Metropolitana,Híbrido,Não-binário,Amarela,0.5660175076496528
CAND_05014,6.3,64.0,Mestrado,Região Metropolitana,Híbrido,Feminino,Branca,0.5567526832023028
CAND_05015,3.5,61.0,Bacharelado,Capitais,Híbrido,Masculino,Preta,0.49234325518045013
CAND_05016,6.6,45.0,Doutorado,Região Metropolitana,Remoto,Masculino,Parda,0.38550149185714644
CAND_05017,7.1,52.0,Bacharelado,Capitais,Híbrido,Não-binário,Preta,0.41986635825894963
CAND_05018,11.4,42.0,Bacharelado,Interior,Remoto,Masculino,Parda,0.5829107571346651
CAND_05019,7.3,65.0,Mestrado,Região Metropolitana,Remoto,Não-binário,Amarela,0.6767735246090967
CAND_05020,0.4,58.0,Mestrado,Capitais,Híbrido,Masculino,Branca,0.34072777424623685
CAND_05021,6.5,32.0,Bacharelado,Capitais,Presencial,Feminino,Amarela,0.5046868303552063
CAND_05022,8.5,33.0,Mestrado,Região Metropolitana,Híbrido,Masculino,Amarela,0.3334537653383184
CAND_05023,3.7,73.0,Bacharelado,Região Metropolitana,Presencial,Não-binário,Preta,0.4725996938676721
CAND_05024,7.7,54.0,Bacharelado,Interior,Híbrido,Não-binário,Indígena,0.352622149511586
CAND_05025,6.5,84.0,Bacharelado,Capitais,Remoto,Não-binário,Parda,0.6436304644632945
CAND_05026,9.1,52.0,Ensino Médio,Região Metropolitana,Híbrido,Feminino,Preta,0.5368810305588209
CAND_05027,6.8,81.0,Bacharelado,Capitais,Presencial,Masculino,Indígena,0.5552850640643546
CAND_05028,5.2,39.0,Mestrado,Capitais,Presencial,Masculino,Amarela,0.5406151279697065
CAND_05029,5.6,49.0,Bacharelado,Capitais,Híbrido,Masculino,Indígena,0.5544391821884508
CAND_05030,5.5,53.0,Ensino Médio,Capitais,Presencial,Masculino,Branca,0.48422731379645256
CAND_05031,4.9,36.0,Bacharelado,Região Metropolitana,Remoto,Masculino,Preta,0.403804672873618
CAND_05032,1.6,56.0,Bacharelado,Capitais,Remoto,Masculino,Preta,0.4113795297730438
CAND_05033,6.3,61.0,Mestrado,Capitais,Híbrido,Feminino,Branca,0.6933292710906749
CAND_05034,8.3,68.0,Bacharelado,Região Metropolitana,Híbrido,Não-binário,Preta,0.6035155875618539
CAND_05035,7.6,56.0,Bacharelado,Região Metropolitana,Presencial,Não-binário,Branca,0.37672223176771136
CAND_05036,4.9,52.0,Doutorado,Região Metropolitana,Presencial,Não-binário,Branca,0.576189264430435
CAND_05037,4.3,79.0,Mestrado,Interior,Remoto,Feminino,Amarela,0.5315419489941333
CAND_05038,3.1,44.0,Ensino Médio,Capitais,Híbrido,Masculino,Amarela,0.38366192055732956
CAND_05039,2.1,65.0,Doutorado,Capitais,Remoto,Não-binário,Indígena,0.4777589387569866
CAND_05040,7.0,62.0,Bacharelado,Capitais,Remoto,Não-binário,Branca,0.627538207649554
CAND_05041,5.8,44.0,Bacharelado,Interior,Híbrido,Não-binário,Branca,0.3174146267901389
CAND_05042,4.0,48.0,Bacharelado,Capitais,Híbrido,Não-binário,Branca,0.43758038742855
CAND_05043,6.5,45.0,Ensino Médio,Região Metropolitana,Remoto,Masculino,Parda,0.26516223165262287
CAND_05044,7.0,32.0,Bacharelado,Capitais,Remoto,Masculino,Parda,0.3510071054547059
CAND_05045,10.5,31.0,Bacharelado,Capitais,Híbrido,Feminino,Preta,0.3762786934454231
CAND_05046,0.6,34.0,Ensino Médio,Região Metropolitana,Remoto,Masculino,Preta,0.12232692752749474
CAND_05047,2.2,42.0,Mestrado,Região Metropolitana,Remoto,Não-binário,Amarela,0.34437028409239795
CAND_05048,13.5,16.0,Ensino Médio,Região Metropolitana,Remoto,Masculino,Indígena,0.5464927864936836
CAND_05049,4.8,39.0,Bacharelado,Região Metropolitana,Presencial,Não-binário,Indígena,0.30090639575796213
CAND_05050,5.8,61.0,Mestrado,Região Metropolitana,Híbrido,Feminino,Indígena,0.6064833486903056
CAND_05051,6.2,89.0,Mestrado,Capitais,Híbrido,Feminino,Indígena,0.6107633213437945
CAND_05052,2.8,36.0,Mestrado,Capitais,Híbrido,Feminino,Parda,0.4282689847104252
CAND_05053,3.0,35.0,Bacharelado,Capitais,Remoto,Masculino,Indígena,0.2981914406387336
CAND_05054,2.8,78.0,Bacharelado,Capitais,Híbrido,Feminino,Indígena,0.46890508962464056
CAND_05055,0.1,47.0,Bacharelado,Capitais,Híbrido,Feminino,Parda,0.30661883221584696
CAND_05056,8.1,56.0,Ensino Médio,Região Metropolitana,Remoto,Não-binário,Amarela,0.520360718113754
CAND_05057,10.0,76.0,Mestrado,Capitais,Remoto,Não-binário,Preta,0.8688843918531017
CAND_05058,3.0,55.0,Bacharelado,Capitais,Presencial,Feminino,Preta,0.25910828360932897
CAND_05059,9.5,55.0,Mestrado,Capitais,Remoto,Feminino,Preta,0.43018766341550496
CAND_05060,6.5,53.0,Bacharelado,Região Metropolitana,Remoto,Feminino,Indígena,0.605291170535832
CAND_05061,9.7,63.0,Mestrado,Capitais,Presencial,Não-binário,Branca,0.6949947041996123
CAND_05062,6.3,49.0,Bacharelado,Capitais,Presencial,Feminino,Parda,0.4168245274130378
CAND_05063,8.0,74.0,Ensino Médio,Capitais,Presencial,Feminino,Parda,0.636646272623706
CAND_05064,6.5,51.0,Mestrado,Capitais,Remoto,Não-binário,Branca,0.5423569817228522
CAND_05065,3.1,64.0,Ensino Médio,Região Metropolitana,Presencial,Não-binário,Amarela,0.4947507640691227
CAND_05066,6.0,32.0,Bacharelado,Capitais,Remoto,Não-binário,Preta,0.509158477310747
CAND_05067,6.5,19.0,Mestrado,Capitais,Híbrido,Masculino,Preta,0.3222966236741013
CAND_05068,9.6,47.0,Bacharelado,Capitais,Presencial,Masculino,Parda,0.652270037097516
CAND_05069,6.6,37.0,Bacharelado,Capitais,Presencial,Feminino,Indígena,0.3816970980127343
CAND_05070,2.1,47.0,Bacharelado,Capitais,Remoto,Não-binário,Indígena,0.39558364685138303
CAND_05071,3.9,71.0,Bacharelado,Capitais,Híbrido,Masculino,Indígena,0.575456541084549
CAND_05072,7.7,44.0,Bacharelado,Capitais,Remoto,Feminino,Preta,0.4612637078364215
CAND_05073,3.8,64.0,Bacharelado,Interior,Híbrido,Masculino,Parda,0.4889385632011384
CAND_05074,4.7,76.0,Bacharelado,Capitais,Híbrido,Não-binário,Branca,0.36756059793788054
CAND_05075,5.4,53.0,Bacharelado,Região Metropolitana,Presencial,Não-binário,Amarela,0.6358307484956482
CAND_05076,0.0,45.0,Bacharelado,Capitais,Híbrido,Não-binário,Preta,0.34747916076717555
CAND_05077,6.0,53.0,Mestrado,Região Metropolitana,Presencial,Masculino,Amarela,0.3733296940527403
CAND_05078,9.2,54.0,Bacharelado,Região Metropolitana,Presencial,Não-binário,Amarela,0.8243840235756145
CAND_05079,0.0,21.0,Doutorado,Capitais,Remoto,Masculino,Preta,0.09665966069893758
CAND_05080,4.4,51.0,Mestrado,Capitais,Presencial,Não-binário,Branca,0.49646165567653444
CAND_05081,1.1,27.0,Bacharelado,Capitais,Remoto,Feminino,Parda,0.3118782342205398
CAND_05082,5.5,53.0,Bacharelado,Capitais,Presencial,Feminino,Preta,0.3999943275723319
CAND_05083,5.6,72.0,Ensino Médio,Capitais,Presencial,Feminino,Preta,0.39823943844118914
CAND_05084,6.0,68.0,Bacharelado,Capitais,Híbrido,Feminino,Branca,0.4325780564995116
CAND_05085,6.8,61.0,Ensino Médio,Capitais,Presencial,Masculino,Parda,0.42119850077023446
CAND_05086,3.4,36.0,Mestrado,Capitais,Remoto,Feminino,Amarela,0.43460805400643476
CAND_05087,0.8,25.0,Bacharelado,Região Metropolitana,Remoto,Não-binário,Parda,0.2688174587586498
CAND_05088,4.2,51.0,Bacharelado,Capitais,Híbrido,Não-binário,Indígena,0.36618482137747377
CAND_05089,2.6,37.0,Bacharelado,Região Metropolitana,Remoto,Não-binário,Preta,0.38086660586200205
CAND_05090,5.0,33.0,Mestrado,Capitais,Híbrido,Feminino,Preta,0.28491069981106204
CAND_05091,4.5,47.0,Doutorado,Região Metropolitana,Remoto,Não-binário,Parda,0.4922940876956682
CAND_05092,2.9,68.0,Mestrado,Capitais,Híbrido,Feminino,Branca,0.5796346284607123
CAND_05093,5.4,63.0,Mestrado,Região Metropolitana,Híbrido,Masculino,Amarela,0.6505647624405513
CAND_05094,8.3,62.0,Mestrado,Capitais,Híbrido,Não-binário,Parda,0.6527856976869402
CAND_05095,8.6,40.0,Bacharelado,Região Metropolitana,Presencial,Feminino,Indígena,0.42436893828751954
CAND_05096,4.8,24.0,Mestrado,Região Metropolitana,Presencial,Masculino,Branca,0.6107127943617473
CAND_05097,7.6,38.0,Mestrado,Capitais,Remoto,Masculino,Parda,0.6954719437234078
CAND_05098,0.0,49.0,Ensino Médio,Região Metropolitana,Presencial,Não-binário,Indígena,0.3176627329719107
CAND_05099,3.0,64.0,Ensino Médio,Capitais,Remoto,Não-binário,Preta,0.4039668710525753
CAND_05100,0.0,54.0,Mestrado,Capitais,Remoto,Masculino,Parda,0.21717101965581756
CAND_05101,1.3,40.0,Bacharelado,Capitais,Híbrido,Feminino,Indígena,0.5180725241944897
CAND_05102,6.2,41.0,Bacharelado,Região Metropolitana,Presencial,Feminino,Preta,0.4943411309860371
CAND_05103,3.6,62.0,Mestrado,Capitais,Presencial,Masculino,Indígena,0.6046710570419038
CAND_05104,0.6,63.0,Bacharelado,Capitais,Presencial,Masculino,Branca,0.5167398531721381
CAND_05105,6.3,64.0,Mestrado,Capitais,Presencial,Não-binário,Parda,0.6434483120243151
CAND_05106,3.4,63.0,Mestrado,Região Metropolitana,Presencial,Masculino,Parda,0.37444620250397576
CAND_05107,8.8,27.0,Bacharelado,Capitais,Híbrido,Não-binário,Preta,0.46922775214331186
CAND_05108,0.0,43.0,Bacharelado,Capitais,Presencial,Masculino,Branca,0.26661036873799493
CAND_05109,7.1,53.0,Mestrado,Interior,Remoto,Não-binário,Amarela,0.6220054798697792
CAND_05110,12.7,52.0,Bacharelado,Capitais,Remoto,Não-binário,Amarela,0.6762588943023375
CAND_05111,12.4,36.0,Bacharelado,Interior,Presencial,Feminino,Amarela,0.7093385895645121
CAND_05112,7.2,54.0,Bacharelado,Região Metropolitana,Presencial,Não-binário,Amarela,0.4456148281115096
CAND_05113,8.6,63.0,Doutorado,Região Metropolitana,Presencial,Masculino,Amarela,0.46187286868501976
CAND_05114,4.3,61.0,Mestrado,Região Metropolitana,Remoto,Não-binário,Amarela,0.49564507143488057
CAND_05115,3.6,42.0,Bacharelado,Interior,Remoto,Não-binário,Indígena,0.5389852301232849
CAND_05116,4.6,35.0,Bacharelado,Capitais,Híbrido,Feminino,Branca,0.146489004162208
CAND_05117,2.6,49.0,Ensino Médio,Capitais,Presencial,Feminino,Indígena,0.48981764972220687
CAND_05118,0.0,48.0,Bacharelado,Região Metropolitana,Remoto,Feminino,Preta,0.34839241088481027
CAND_05119,4.2,58.0,Bacharelado,Região Metropolitana,Remoto,Masculino,Parda,0.5509837864926159
CAND_05120,3.6,60.0,Bacharelado,Região Metropolitana,Presencial,Masculino,Branca,0.603588558409787
CAND_05121,1.6,61.0,Bacharelado,Capitais,Remoto,Feminino,Preta,0.595424425995123
CAND_05122,2.8,29.0,Mestrado,Capitais,Presencial,Não-binário,Branca,0.26682073644629906
CAND_05123,6.1,68.0,Mestrado,Capitais,Remoto,Não-binário,Parda,0.4206348123621557
CAND_05124,10.7,54.0,Mestrado,Região Metropolitana,Remoto,Não-binário,Preta,0.7474532684077188
CAND_05125,5.7,53.0,Bacharelado,Interior,Híbrido,Não-binário,Indígena,0.5436485996815125
CAND_05126,4.9,48.0,Bacharelado,Região Metropolitana,Presencial,Masculino,Preta,0.6036436401007137
CAND_05127,4.9,54.0,Bacharelado,Capitais,Híbrido,Masculino,Branca,0.45142111131923546
CAND_05128,5.8,71.0,Mestrado,Capitais,Remoto,Masculino,Branca,0.4637615947566504
CAND_05129,4.1,55.0,Bacharelado,Capitais,Remoto,Masculino,Preta,0.4671771750362296
CAND_05130,5.0,50.0,Mestrado,Capitais,Remoto,Masculino,Indígena,0.6231816164670559
CAND_05131,2.2,54.0,Mestrado,Capitais,Presencial,Masculino,Parda,0.4294504011802553
CAND_05132,5.5,54.0,Bacharelado,Capitais,Remoto,Não-binário,Parda,0.433605620418089
CAND_05133,7.9,47.0,Bacharelado,Região Metropolitana,Presencial,Masculino,Branca,0.4096941871598736
CAND_05134,2.9,63.0,Bacharelado,Capitais,Remoto,Feminino,Amarela,0.5776365117536455
CAND_05135,0.0,26.0,Mestrado,Interior,Presencial,Feminino,Amarela,0.20972566945175736
CAND_05136,5.0,55.0,Bacharelado,Capitais,Remoto,Feminino,Parda,0.43102361704409836
CAND_05137,3.6,56.0,Bacharelado,Região Metropolitana,Remoto,Não-binário,Indígena,0.21658087402981244
CAND_05138,4.9,67.0,Bacharelado,Capitais,Híbrido,Não-binário,Preta,0.373297362287208
CAND_05139,2.7,39.0,Ensino Médio,Capitais,Híbrido,Feminino,Indígena,0.3910703114383018
CAND_05140,5.6,27.0,Bacharelado,Região Metropolitana,Híbrido,Masculino,Amarela,0.2789304324057523
CAND_05141,2.4,67.0,Mestrado,Capitais,Remoto,Não-binário,Branca,0.40214328756470963
CAND_05142,10.9,54.0,Mestrado,Capitais,Híbrido,Feminino,Amarela,0.6651848267839736
CAND_05143,3.5,39.0,Mestrado,Capitais,Híbrido,Não-binário,Parda,0.42426261530866743
CAND_05144,0.0,36.0,Bacharelado,Capitais,Híbrido,Não-binário,Preta,0.22987455764332548
CAND_05145,5.9,55.0,Mestrado,Região Metropolitana,Presencial,Não-binário,Amarela,0.5130699176099087
CAND_05146,3.3,66.0,Bacharelado,Capitais,Remoto,Não-binário,Parda,0.5751500345746916
CAND_05147,4.4,64.0,Bacharelado,Capitais,Híbrido,Feminino,Indígena,0.5392934526777258
CAND_05148,2.2,45.0,Bacharelado,Região Metropolitana,Remoto,Não-binário,Parda,0.3598537476836064
CAND_05149,6.6,14.0,Bacharelado,Capitais,Híbrido,Feminino,Indígena,0.43020947556489697
CAND_05150,3.4,31.0,Bacharelado,Capitais,Híbrido,Não-binário,Preta,0.27021705178655475
CAND_05151,8.0,37.0,Doutorado,Capitais,Presencial,Masculino,Amarela,0.6026885902627268
CAND_05152,9.6,63.0,Bacharelado,Capitais,Presencial,Feminino,Branca,0.5871015048571632
CAND_05153,4.2,37.0,Bacharelado,Capitais,Presencial,Feminino,Amarela,0.3667368851665708
CAND_05154,0.0,52.0,Bacharelado,Capitais,Híbrido,Não-binário,Parda,0.33746673650478554
CAND_05155,6.3,59.0,Bacharelado,Região Metropolitana,Remoto,Masculino,Branca,0.3980669878048504
CAND_05156,0.0,46.0,Bacharelado,Região Metropolitana,Remoto,Masculino,Amarela,0.44369096149473863
CAND_05157,3.6,72.0,Bacharelado,Região Metropolitana,Remoto,Masculino,Indígena,0.5541989451018975
CAND_05158,7.7,68.0,Mestrado,Capitais,Remoto,Masculino,Parda,0.6668402508480995
CAND_05159,5.3,27.0,Ensino Médio,Capitais,Presencial,Não-binário,Branca,0.4509811997903159
CAND_05160,1.0,35.0,Ensino Médio,Capitais,Presencial,Masculino,Parda,0.2932695915794735
CAND_05161,2.9,48.0,Bacharelado,Capitais,Remoto,Feminino,Indígena,0.3704580009379204
CAND_05162,3.3,21.0,Bacharelado,Região Metropolitana,Presencial,Não-binário,Amarela,0.21002491055618083
CAND_05163,2.6,63.0,Bacharelado,Interior,Remoto,Masculino,Parda,0.3634209366677188
CAND_05164,6.3,58.0,Bacharelado,Capitais,Remoto,Masculino,Parda,0.645161500022417
CAND_05165,5.2,54.0,Bacharelado,Capitais,Híbrido,Masculino,Indígena,0.664939647351906
CAND_05166,1.0,43.0,Mestrado,Capitais,Híbrido,Masculino,Parda,0.2995676180199805
CAND_05167,0.0,32.0,Doutorado,Capitais,Presencial,Masculino,Branca,0.3397734923408964
CAND_05168,6.5,61.0,Bacharelado,Capitais,Híbrido,Masculino,Amarela,0.47628706681273186
CAND_05169,4.7,30.0,Bacharelado,Capitais,Presencial,Não-binário,Branca,0.24834185943733478
CAND_05170,3.8,41.0,Mestrado,Interior,Presencial,Masculino,Parda,0.4734230450645565
CAND_05171,2.7,24.0,Bacharelado,Capitais,Remoto,Não-binário,Branca,0.2318369943710128
CAND_05172,4.8,12.0,Bacharelado,Região Metropolitana,Presencial,Masculino,Parda,0.5302851489222067
CAND_05173,4.4,53.0,Bacharelado,Região Metropolitana,Presencial,Não-binário,Parda,0.4983888496835686
CAND_05174,2.2,34.0,Bacharelado,Capitais,Remoto,Masculino,Indígena,0.3182695509894956
CAND_05175,2.6,46.0,Bacharelado,Capitais,Híbrido,Não-binário,Preta,0.48847455582932287
CAND_05176,3.0,52.0,Bacharelado,Capitais,Híbrido,Feminino,Preta,0.5003831393219871
CAND_05177,1.6,47.0,Bacharelado,Região Metropolitana,Híbrido,Não-binário,Parda,0.3513345376658434
CAND_05178,5.3,67.0,Ensino Médio,Capitais,Presencial,Masculino,Indígena,0.4619634717878617
CAND_05179,5.6,61.0,Bacharelado,Capitais,Remoto,Não-binário,Preta,0.7047856426957039
CAND_05180,6.0,55.0,Bacharelado,Capitais,Presencial,Feminino,Parda,0.383983984629571
CAND_05181,1.1,33.0,Bacharelado,Região Metropolitana,Híbrido,Masculino,Parda,0.21434235404270502
CAND_05182,0.0,67.0,Bacharelado,Capitais,Híbrido,Feminino,Preta,0.22863688338730517
CAND_05183,5.9,48.0,Mestrado,Capitais,Presencial,Masculino,Amarela,0.5691371647508172
CAND_05184,7.9,49.0,Ensino Médio,Região Metropolitana,Presencial,Masculino,Parda,0.4199142102981132
CAND_05185,0.0,71.0,Bacharelado,Capitais,Híbrido,Não-binário,Branca,0.5988033600029905
CAND_05186,7.5,23.0,Bacharelado,Região Metropolitana,Híbrido,Masculino,Parda,0.40609098022131523
CAND_05187,4.9,25.0,Bacharelado,Capitais,Remoto,Masculino,Preta,0.2804137840760548
CAND_05188,10.9,57.0,Mestrado,Capitais,Híbrido,Não-binário,Preta,0.6312120372526165
CAND_05189,6.1,89.0,Ensino Médio,Região Metropolitana,Remoto,Masculino,Branca,0.6059388759097625
CAND_05190,0.0,73.0,Bacharelado,Capitais,Híbrido,Não-binário,Branca,0.38350838249548647
CAND_05191,8.8,51.0,Bacharelado,Capitais,Híbrido,Masculino,Preta,0.5341661925661194
CAND_05192,3.0,63.0,Bacharelado,Capitais,Híbrido,Feminino,Parda,0.5907702574104006
CAND_05193,5.9,52.0,Bacharelado,Interior,Presencial,Feminino,Parda,0.4777771891303566
CAND_05194,5.2,57.0,Mestrado,Região Metropolitana,Presencial,Masculino,Parda,0.38642174028528775
CAND_05195,6.2,51.0,Mestrado,Capitais,Remoto,Feminino,Indígena,0.5768421840458021
CAND_05196,9.6,47.0,Bacharelado,Região Metropolitana,Híbrido,Masculino,Indígena,0.6049140796858947
CAND_05197,5.2,62.0,Bacharelado,Região Metropolitana,Híbrido,Masculino,Indígena,0.4798142715049605
CAND_05198,9.6,48.0,Bacharelado,Região Metropolitana,Híbrido,Não-binário,Preta,0.579702103845277
CAND_05199,3.4,61.0,Bacharelado,Região Metropolitana,Híbrido,Feminino,Preta,0.35480068131101355
CAND_05200,5.7,46.0,Bacharelado,Região Metropolitana,Híbrido,Não-binário,Preta,0.30757887462220324
CAND_05201,9.3,43.0,Bacharelado,Capitais,Híbrido,Masculino,Amarela,0.5205467667472514
CAND_05202,5.8,40.0,Bacharelado,Capitais,Presencial,Feminino,Indígena,0.4414895636374626
CAND_05203,9.1,32.0,Mestrado,Interior,Híbrido,Feminino,Parda,0.38176297883709126
CAND_05204,3.2,56.0,Bacharelado,Região Metropolitana,Presencial,Não-binário,Indígena,0.3746980780630783
CAND_05205,4.3,54.0,Ensino Médio,Região Metropolitana,Híbrido,Feminino,Indígena,0.5487650575555963
CAND_05206,8.3,26.0,Mestrado,Capitais,Remoto,Feminino,Amarela,0.5266861317241871
CAND_05207,8.6,22.0,Ensino Médio,Região Metropolitana,Remoto,Masculino,Parda,0.4407085265107163
CAND_05208,7.8,55.0,Bacharelado,Capitais,Híbrido,Masculino,Indígena,0.5357115708330547
CAND_05209,7.6,38.0,Bacharelado,Capitais,Remoto,Masculino,Preta,0.45683385506499136
CAND_05210,5.6,41.0,Doutorado,Capitais,Presencial,Não-binário,Preta,0.5680003267506751
CAND_05211,1.6,47.0,Mestrado,Capitais,Remoto,Não-binário,Indígena,0.32046073539089487
CAND_05212,3.2,42.0,Ensino Médio,Capitais,Híbrido,Não-binário,Parda,0.45123337898747123
CAND_05213,2.3,45.0,Bacharelado,Capitais,Híbrido,Não-binário,Branca,0.3549533032115126
CAND_05214,8.1,66.0,Mestrado,Região Metropolitana,Presencial,Masculino,Preta,0.5154507818673646
CAND_05215,2.0,44.0,Bacharelado,Região Metropolitana,Híbrido,Não-binário,Branca,0.445208276214969
CAND_05216,0.0,26.0,Mestrado,Interior,Presencial,Feminino,Branca,0.37912364241384855
CAND_05217,5.7,45.0,Bacharelado,Capitais,Híbrido,Feminino,Parda,0.4783594408860957
CAND_05218,5.3,54.0,Mestrado,Região Metropolitana,Presencial,Não-binário,Parda,0.4928484189687617
CAND_05219,6.9,69.0,Bacharelado,Capitais,Híbrido,Não-binário,Parda,0.592912818870768
CAND_05220,7.8,58.0,Bacharelado,Capitais,Híbrido,Feminino,Parda,0.46641973777745316
CAND_05221,5.0,25.0,Ensino Médio,Região Metropolitana,Híbrido,Não-binário,Preta,0.2452382773092026
CAND_05222,3.8,75.0,Bacharelado,Capitais,Presencial,Feminino,Branca,0.5526700535860893
CAND_05223,4.9,48.0,Mestrado,Capitais,Presencial,Não-binário,Indígena,0.5425172126601178
CAND_05224,5.9,53.0,Mestrado,Capitais,Híbrido,Masculino,Branca,0.5102655765777548
CAND_05225,3.6,50.0,Ensino Médio,Capitais,Presencial,Feminino,Preta,0.44404467764839395
CAND_05226,3.5,56.0,Bacharelado,Interior,Presencial,Masculino,Parda,0.5567752475607161
CAND_05227,8.4,27.0,Doutorado,Capitais,Remoto,Feminino,Preta,0.6013561586985513
CAND_05228,6.0,66.0,Mestrado,Capitais,Presencial,Não-binário,Indígena,0.748899295655945
CAND_05229,3.1,35.0,Ensino Médio,Capitais,Remoto,Feminino,Indígena,0.35700560416982696
CAND_05230,3.5,51.0,Mestrado,Capitais,Híbrido,Não-binário,Indígena,0.3295828158614996
CAND_05231,5.5,65.0,Bacharelado,Capitais,Remoto,Masculino,Parda,0.5251934349756933
CAND_05232,0.2,47.0,Bacharelado,Interior,Híbrido,Não-binário,Parda,0.15389530049499364
CAND_05233,5.9,46.0,Ensino Médio,Região Metropolitana,Remoto,Masculino,Amarela,0.38920497444263186
CAND_05234,4.8,45.0,Mestrado,Capitais,Presencial,Masculino,Parda,0.6264614791148939
CAND_05235,4.8,34.0,Bacharelado,Capitais,Presencial,Feminino,Branca,0.31408700309549514
CAND_05236,3.5,55.0,Bacharelado,Capitais,Presencial,Masculino,Preta,0.47704260962180156
CAND_05237,3.7,55.0,Mestrado,Interior,Remoto,Feminino,Amarela,0.5390128305383023
CAND_05238,5.5,67.0,Mestrado,Região Metropolitana,Presencial,Feminino,Amarela,0.6267283759757996
CAND_05239,1.0,38.0,Bacharelado,Região Metropolitana,Híbrido,Feminino,Amarela,0.40171011820189756
CAND_05240,4.8,34.0,Bacharelado,Região Metropolitana,Híbrido,Não-binário,Branca,0.46273342157167513
CAND_05241,4.6,60.0,Ensino Médio,Interior,Remoto,Não-binário,Branca,0.520817848847112
CAND_05242,5.8,63.0,Bacharelado,Região Metropolitana,Presencial,Não-binário,Preta,0.532620935491619
CAND_05243,2.4,32.0,Bacharelado,Capitais,Remoto,Não-binário,Branca,0.3355290249602852
CAND_05244,5.7,80.0,Bacharelado,Capitais,Presencial,Não-binário,Branca,0.7274751799756001
CAND_05245,6.1,61.0,Doutorado,Capitais,Remoto,Não-binário,Preta,0.6443912378230696
CAND_05246,6.9,59.0,Bacharelado,Capitais,Remoto,Feminino,Indígena,0.5702642729740419
CAND_05247,5.2,52.0,Mestrado,Região Metropolitana,Presencial,Masculino,Indígena,0.5251026000412081
CAND_05248,3.8,64.0,Bacharelado,Capitais,Remoto,Masculino,Indígena,0.4760633849217063
CAND_05249,5.9,80.0,Bacharelado,Capitais,Remoto,Não-binário,Indígena,0.7035033899842649
CAND_05250,6.7,27.0,Bacharelado,Capitais,Presencial,Não-binário,Amarela,0.34438381343738506
CAND_05251,3.8,35.0,Bacharelado,Capitais,Híbrido,Feminino,Preta,0.4507900236404173
CAND_05252,0.0,36.0,Ensino Médio,Interior,Remoto,Feminino,Amarela,0.1890230465240272
CAND_05253,6.4,41.0,Bacharelado,Capitais,Híbrido,Feminino,Amarela,0.49350981852682446
CAND_05254,7.7,35.0,Bacharelado,Capitais,Híbrido,Feminino,Indígena,0.3667578347287737
CAND_05255,2.9,57.0,Bacharelado,Capitais,Presencial,Masculino,Preta,0.5293831493897243
CAND_05256,7.8,45.0,Ensino Médio,Capitais,Híbrido,Masculino,Indígena,0.3688724613601954
CAND_05257,6.3,45.0,Bacharelado,Capitais,Remoto,Masculino,Parda,0.33162997495287083
CAND_05258,0.3,50.0,Bacharelado,Região Metropolitana,Remoto,Masculino,Branca,0.2596208661418854
CAND_05259,8.7,52.0,Bacharelado,Capitais,Híbrido,Feminino,Amarela,0.5143861291753159
CAND_05260,7.1,81.0,Bacharelado,Capitais,Híbrido,Feminino,Parda,0.5379606475737919
CAND_05261,4.3,59.0,Mestrado,Interior,Híbrido,Feminino,Parda,0.6891932131293934
CAND_05262,7.8,48.0,Bacharelado,Interior,Remoto,Feminino,Indígena,0.5355609707051864
CAND_05263,6.4,66.0,Ensino Médio,Interior,Híbrido,Não-binário,Preta,0.5755078986457116
CAND_05264,2.8,52.0,Bacharelado,Região Metropolitana,Híbrido,Feminino,Indígena,0.5135178991806193
CAND_05265,6.9,35.0,Bacharelado,Capitais,Híbrido,Feminino,Preta,0.09691020710663045
CAND_05266,2.5,51.0,Bacharelado,Interior,Híbrido,Masculino,Amarela,0.3574917962203632
CAND_05267,4.7,59.0,Bacharelado,Capitais,Presencial,Masculino,Preta,0.4503269303547293
CAND_05268,5.6,58.0,Bacharelado,Capitais,Híbrido,Feminino,Branca,0.5487537505758109
CAND_05269,8.6,47.0,Mestrado,Interior,Remoto,Não-binário,Branca,0.5306569851204572
CAND_05270,6.4,31.0,Doutorado,Capitais,Presencial,Masculino,Branca,0.4409916963241743
CAND_05271,3.1,50.0,Bacharelado,Capitais,Presencial,Masculino,Amarela,0.3630441852037577
CAND_05272,0.0,39.0,Bacharelado,Região Metropolitana,Híbrido,Feminino,Indígena,0.3487716646369378
CAND_05273,4.4,69.0,Bacharelado,Capitais,Híbrido,Feminino,Parda,0.7704700047581151
CAND_05274,12.7,63.0,Ensino Médio,Região Metropolitana,Híbrido,Masculino,Indígena,0.6812873071922296
CAND_05275,9.5,44.0,Bacharelado,Capitais,Híbrido,Masculino,Branca,0.5729204273310722
CAND_05276,2.5,24.0,Doutorado,Capitais,Híbrido,Não-binário,Preta,0.18143926206558592
CAND_05277,10.4,33.0,Mestrado,Região Metropolitana,Remoto,Masculino,Preta,0.43604721126378637
CAND_05278,9.0,58.0,Bacharelado,Capitais,Remoto,Masculino,Indígena,0.6317749465045274
CAND_05279,3.0,27.0,Mestrado,Capitais,Presencial,Masculino,Indígena,0.39385631396352894
CAND_05280,13.1,38.0,Bacharelado,Interior,Remoto,Masculino,Preta,0.5968727706977004
CAND_05281,4.0,70.0,Bacharelado,Capitais,Híbrido,Masculino,Indígena,0.5836464593551927
CAND_05282,8.4,63.0,Mestrado,Capitais,Presencial,Feminino,Branca,0.6268148161126379
CAND_05283,0.0,35.0,Bacharelado,Capitais,Híbrido,Feminino,Indígena,0.47785732575689266
CAND_05284,1.4,62.0,Mestrado,Região Metropolitana,Híbrido,Feminino,Parda,0.5470324696716533
CAND_05285,7.3,52.0,Mestrado,Capitais,Remoto,Masculino,Indígena,0.6254590673489411
CAND_05286,5.1,37.0,Bacharelado,Interior,Remoto,Feminino,Indígena,0.3439827974757642
CAND_05287,7.5,21.0,Mestrado,Capitais,Presencial,Feminino,Preta,0.5580707606579387
CAND_05288,9.4,49.0,Bacharelado,Capitais,Presencial,Não-binário,Parda,0.658175593512583
CAND_05289,2.1,53.0,Bacharelado,Interior,Remoto,Não-binário,Amarela,0.479818045239974
CAND_05290,5.2,67.0,Bacharelado,Capitais,Híbrido,Não-binário,Amarela,0.3728130746701781
CAND_05291,7.1,60.0,Bacharelado,Capitais,Presencial,Masculino,Amarela,0.502902600670187
CAND_05292,8.6,30.0,Doutorado,Capitais,Presencial,Masculino,Branca,0.6016441831159821
CAND_05293,1.3,51.0,Mestrado,Capitais,Presencial,Masculino,Amarela,0.5334057616535457
CAND_05294,0.5,99.0,Bacharelado,Capitais,Presencial,Feminino,Preta,0.40154715817430586
CAND_05295,5.6,15.0,Bacharelado,Capitais,Remoto,Não-binário,Branca,0.4446623999695605
CAND_05296,9.6,44.0,Bacharelado,Capitais,Híbrido,Feminino,Branca,0.47621960956553433
CAND_05297,5.5,58.0,Mestrado,Interior,Presencial,Não-binário,Preta,0.7457101906888037
CAND_05298,2.1,51.0,Bacharelado,Interior,Presencial,Masculino,Branca,0.5364091772753949
CAND_05299,3.0,50.0,Bacharelado,Capitais,Híbrido,Masculino,Preta,0.2964887942598062
CAND_05300,4.0,61.0,Bacharelado,Capitais,Híbrido,Masculino,Preta,0.6429481654231598
CAND_05301,0.0,48.0,Bacharelado,Região Metropolitana,Presencial,Feminino,Parda,0.3553656544448437
CAND_05302,5.0,58.0,Bacharelado,Região Metropolitana,Híbrido,Feminino,Preta,0.5555807633515034
CAND_05303,2.7,49.0,Mestrado,Capitais,Presencial,Não-binário,Amarela,0.3042857458317151
CAND_05304,4.9,38.0,Mestrado,Capitais,Remoto,Masculino,Indígena,0.4655830107595574
CAND_05305,10.2,51.0,Mestrado,Capitais,Híbrido,Masculino,Indígena,0.5196536357509411
CAND_05306,8.6,49.0,Mestrado,Região Metropolitana,Presencial,Feminino,Branca,0.41732475718588186
CAND_05307,6.9,21.0,Bacharelado,Capitais,Remoto,Masculino,Preta,0.3507679346918686
CAND_05308,3.6,48.0,Mestrado,Região Metropolitana,Híbrido,Feminino,Branca,0.4892835118188327
CAND_05309,7.5,70.0,Mestrado,Interior,Presencial,Feminino,Indígena,0.8199305929441114
CAND_05310,0.9,38.0,Bacharelado,Capitais,Presencial,Não-binário,Amarela,0.2779894808617273
CAND_05311,2.3,53.0,Bacharelado,Capitais,Híbrido,Não-binário,Branca,0.41219007805326374
CAND_05312,4.0,33.0,Mestrado,Capitais,Híbrido,Feminino,Preta,0.3904366671524732
CAND_05313,8.1,50.0,Bacharelado,Capitais,Presencial,Não-binário,Branca,0.5177100737200524
CAND_05314,2.7,76.0,Bacharelado,Capitais,Híbrido,Feminino,Indígena,0.6245787188109563
CAND_05315,5.5,73.0,Ensino Médio,Região Metropolitana,Híbrido,Não-binário,Indígena,0.4008840663218514
CAND_05316,1.3,47.0,Mestrado,Interior,Híbrido,Masculino,Amarela,0.5190922345344603
CAND_05317,7.3,75.0,Bacharelado,Região Metropolitana,Híbrido,Não-binário,Indígena,0.6484712364706089
CAND_05318,6.7,36.0,Mestrado,Interior,Presencial,Masculino,Parda,0.5446835377605361
CAND_05319,8.9,41.0,Mestrado,Capitais,Híbrido,Feminino,Preta,0.4018374678732095
CAND_05320,4.7,51.0,Bacharelado,Região Metropolitana,Remoto,Não-binário,Indígena,0.4593599576535332
CAND_05321,7.8,57.0,Mestrado,Capitais,Híbrido,Feminino,Branca,0.7266784740668079
CAND_05322,0.2,42.0,Bacharelado,Capitais,Presencial,Feminino,Branca,0.3264837695957293
CAND_05323,2.0,52.0,Mestrado,Capitais,Híbrido,Não-binário,Branca,0.5554852937284958
CAND_05324,3.4,54.0,Bacharelado,Capitais,Presencial,Não-binário,Amarela,0.2905121057151805
CAND_05325,1.9,44.0,Bacharelado,Região Metropolitana,Presencial,Masculino,Indígena,0.34341982085699013
CAND_05326,5.0,35.0,Bacharelado,Capitais,Híbrido,Não-binário,Indígena,0.4175881953912344
CAND_05327,8.9,72.0,Bacharelado,Capitais,Híbrido,Não-binário,Indígena,0.6875096048097542
CAND_05328,4.5,63.0,Bacharelado,Capitais,Remoto,Feminino,Branca,0.2704468040486101
CAND_05329,3.7,44.0,Bacharelado,Região Metropolitana,Híbrido,Masculino,Amarela,0.548619514114156
CAND_05330,9.2,51.0,Bacharelado,Capitais,Presencial,Feminino,Amarela,0.6524698749995378
CAND_05331,1.0,51.0,Mestrado,Capitais,Híbrido,Não-binário,Amarela,0.4305373791130758
CAND_05332,4.3,31.0,Bacharelado,Capitais,Remoto,Feminino,Indígena,0.3437746685847728
CAND_05333,2.7,40.0,Bacharelado,Região Metropolitana,Híbrido,Não-binário,Preta,0.28630325396372824
CAND_05334,5.3,39.0,Bacharelado,Região Metropolitana,Híbrido,Masculino,Branca,0.20503433406312213
CAND_05335,3.6,81.0,Ensino Médio,Capitais,Remoto,Masculino,Branca,0.424635222484443
CAND_05336,0.6,78.0,Bacharelado,Capitais,Híbrido,Masculino,Preta,0.3262202518702827
CAND_05337,4.3,67.0,Bacharelado,Interior,Híbrido,Feminino,Indígena,0.6336385974935815
CAND_05338,3.8,40.0,Mestrado,Região Metropolitana,Híbrido,Não-binário,Parda,0.3423564321985807
CAND_05339,4.0,72.0,Bacharelado,Região Metropolitana,Remoto,Masculino,Preta,0.42033386522101174
CAND_05340,0.8,49.0,Mestrado,Capitais,Híbrido,Não-binário,Indígena,0.5013475038352316
CAND_05341,5.8,53.0,Ensino Médio,Região Metropolitana,Presencial,Masculino,Amarela,0.39202896684304295
CAND_05342,6.4,38.0,Bacharelado,Capitais,Híbrido,Feminino,Amarela,0.47596076808481985
CAND_05343,4.9,50.0,Mestrado,Capitais,Remoto,Masculino,Parda,0.5063171645801592
CAND_05344,3.8,48.0,Bacharelado,Região Metropolitana,Presencial,Não-binário,Parda,0.497419529229743
CAND_05345,2.4,55.0,Mestrado,Capitais,Presencial,Masculino,Indígena,0.4117762740948018
CAND_05346,3.4,22.0,Ensino Médio,Capitais,Presencial,Não-binário,Amarela,0.27478964648110416
CAND_05347,9.1,40.0,Bacharelado,Capitais,Presencial,Não-binário,Parda,0.39826064306802084
CAND_05348,3.5,31.0,Mestrado,Interior,Híbrido,Masculino,Indígena,0.46275474332679767
CAND_05349,5.2,57.0,Ensino Médio,Região Metropolitana,Presencial,Não-binário,Parda,0.5663301121446602
CAND_05350,5.3,71.0,Mestrado,Região Metropolitana,Presencial,Masculino,Amarela,0.7183422950431688
CAND_05351,2.2,44.0,Mestrado,Capitais,Presencial,Não-binário,Preta,0.6575925855427587
CAND_05352,3.4,49.0,Bacharelado,Interior,Híbrido,Masculino,Indígena,0.5077596926130786
CAND_05353,5.8,31.0,Bacharelado,Região Metropolitana,Presencial,Feminino,Preta,0.40342978832652215
CAND_05354,3.0,48.0,Bacharelado,Capitais,Presencial,Feminino,Indígena,0.28412260428967556
CAND_05355,2.4,45.0,Mestrado,Capitais,Híbrido,Não-binário,Amarela,0.32835510329327966
CAND_05356,0.0,41.0,Bacharelado,Capitais,Presencial,Masculino,Branca,0.37106050762809306
CAND_05357,7.0,90.0,Bacharelado,Capitais,Híbrido,Não-binário,Parda,0.8337536656615377
CAND_05358,2.9,38.0,Ensino Médio,Capitais,Presencial,Feminino,Preta,0.4312792697355874
CAND_05359,2.0,42.0,Ensino Médio,Capitais,Remoto,Não-binário,Preta,0.20383791348447677
CAND_05360,4.8,38.0,Bacharelado,Capitais,Remoto,Não-binário,Preta,0.0
CAND_05361,5.9,43.0,Bacharelado,Interior,Remoto,Não-binário,Preta,0.5240411482307982
CAND_05362,3.3,40.0,Bacharelado,Região Metropolitana,Híbrido,Feminino,Parda,0.3467577310544182
CAND_05363,10.0,64.0,Bacharelado,Capitais,Remoto,Feminino,Parda,0.578752086061423
CAND_05364,8.9,59.0,Mestrado,Capitais,Híbrido,Masculino,Preta,0.6405256773661274
CAND_05365,4.4,39.0,Bacharelado,Capitais,Remoto,Não-binário,Indígena,0.5299693948198249
CAND_05366,5.9,29.0,Bacharelado,Capitais,Presencial,Masculino,Amarela,0.4744883287896501
CAND_05367,0.0,65.0,Bacharelado,Capitais,Híbrido,Feminino,Amarela,0.38532945006621083
CAND_05368,6.7,26.0,Bacharelado,Capitais,Híbrido,Feminino,Indígena,0.4417741430215228
CAND_05369,5.6,58.0,Mestrado,Região Metropolitana,Presencial,Não-binário,Preta,0.6154178324880627
CAND_05370,0.0,54.0,Mestrado,Região Metropolitana,Remoto,Masculino,Parda,0.20383594732145444
CAND_05371,3.7,37.0,Bacharelado,Região Metropolitana,Híbrido,Feminino,Amarela,0.3393048047897006
CAND_05372,0.2,22.0,Mestrado,Interior,Híbrido,Não-binário,Preta,0.3922062786526931
CAND_05373,7.4,62.0,Mestrado,Capitais,Híbrido,Não-binário,Branca,0.561087090839874
CAND_05374,0.9,51.0,Bacharelado,Região Metropolitana,Híbrido,Masculino,Branca,0.22689790654516567
CAND_05375,0.0,23.0,Bacharelado,Região Metropolitana,Híbrido,Masculino,Parda,0.3784977250309278
CAND_05376,1.8,35.0,Bacharelado,Capitais,Presencial,Não-binário,Preta,0.3260136740195203
CAND_05377,4.3,41.0,Bacharelado,Região Metropolitana,Híbrido,Não-binário,Parda,0.21510182769707042
CAND_05378,4.4,87.0,Bacharelado,Interior,Híbrido,Masculino,Amarela,0.6378277238073534
CAND_05379,2.3,91.0,Ensino Médio,Capitais,Híbrido,Não-binário,Indígena,0.5381402306152353
CAND_05380,4.7,46.0,Ensino Médio,Capitais,Presencial,Masculino,Branca,0.3117713935214728
CAND_05381,2.6,34.0,Ensino Médio,Região Metropolitana,Presencial,Feminino,Parda,0.4046215352578989
CAND_05382,5.3,34.0,Bacharelado,Capitais,Híbrido,Masculino,Parda,0.37722615466768633
CAND_05383,6.9,56.0,Bacharelado,Capitais,Híbrido,Não-binário,Preta,0.526721163292098
CAND_05384,5.0,66.0,Mestrado,Capitais,Remoto,Não-binário,Amarela,0.6507591651140087
CAND_05385,4.1,33.0,Bacharelado,Capitais,Híbrido,Feminino,Indígena,0.39624631141452754
CAND_05386,4.7,58.0,Bacharelado,Região Metropolitana,Híbrido,Masculino,Amarela,0.3519863158810314
CAND_05387,2.0,61.0,Bacharelado,Capitais,Híbrido,Feminino,Amarela,0.3604903877155417
CAND_05388,7.3,63.0,Bacharelado,Capitais,Remoto,Não-binário,Parda,0.48520405447911485
CAND_05389,4.6,48.0,Bacharelado,Região Metropolitana,Híbrido,Não-binário,Parda,0.43461417065322305
CAND_05390,8.9,29.0,Bacharelado,Região Metropolitana,Híbrido,Masculino,Indígena,0.46203588111268745
CAND_05391,10.5,42.0,Bacharelado,Capitais,Presencial,Não-binário,Indígena,0.30915869163908627
CAND_05392,0.3,54.0,Bacharelado,Capitais,Híbrido,Masculino,Branca,0.38398836654465424
CAND_05393,6.6,51.0,Doutorado,Interior,Remoto,Não-binário,Indígena,0.6019378488244366
CAND_05394,3.8,59.0,Bacharelado,Região Metropolitana,Remoto,Não-binário,Preta,0.4939378610495746
CAND_05395,5.4,68.0,Bacharelado,Capitais,Híbrido,Não-binário,Preta,0.32126238708196797
CAND_05396,4.5,57.0,Ensino Médio,Capitais,Híbrido,Não-binário,Parda,0.31261719717873887
CAND_05397,1.1,38.0,Doutorado,Região Metropolitana,Presencial,Não-binário,Branca,0.51256845507147
CAND_05398,6.6,64.0,Bacharelado,Região Metropolitana,Remoto,Não-binário,Indígena,0.5641194503543034
CAND_05399,2.8,47.0,Bacharelado,Capitais,Remoto,Feminino,Indígena,0.42164457490248963
CAND_05400,9.2,46.0,Bacharelado,Capitais,Presencial,Masculino,Amarela,0.39697907478407957
CAND_05401,4.0,37.0,Mestrado,Capitais,Presencial,Feminino,Preta,0.3762694364603418
CAND_05402,5.4,36.0,Mestrado,Região Metropolitana,Remoto,Não-binário,Preta,0.41917374332661095
CAND_05403,6.4,56.0,Bacharelado,Região Metropolitana,Híbrido,Não-binário,Amarela,0.46502587667447104
CAND_05404,6.2,66.0,Mestrado,Capitais,Híbrido,Não-binário,Branca,0.5098578534724965
CAND_05405,6.6,46.0,Bacharelado,Capitais,Remoto,Não-binário,Branca,0.2759155733064715
CAND_05406,6.8,87.0,Bacharelado,Capitais,Híbrido,Masculino,Amarela,0.5925025662185822
CAND_05407,4.2,57.0,Bacharelado,Capitais,Presencial,Feminino,Parda,0.4452482230758812
CAND_05408,3.6,44.0,Bacharelado,Capitais,Remoto,Masculino,Branca,0.49964070279864226
CAND_05409,6.8,28.0,Bacharelado,Interior,Híbrido,Masculino,Parda,0.38402928400146386
CAND_05410,5.1,56.0,Bacharelado,Interior,Híbrido,Não-binário,Preta,0.43999106657935183
CAND_05411,2.6,59.0,Bacharelado,Capitais,Remoto,Masculino,Indígena,0.45052691616003626
CAND_05412,4.9,62.0,Bacharelado,Região Metropolitana,Presencial,Não-binário,Branca,0.45852219048484716
CAND_05413,0.7,45.0,Bacharelado,Interior,Híbrido,Feminino,Branca,0.3188120371060118
CAND_05414,4.3,31.0,Bacharelado,Capitais,Presencial,Não-binário,Branca,0.36869745767247397
CAND_05415,4.2,39.0,Bacharelado,Capitais,Remoto,Não-binário,Preta,0.5028678047337205
CAND_05416,4.7,47.0,Bacharelado,Interior,Remoto,Feminino,Indígena,0.32680949180636787
CAND_05417,4.9,44.0,Ensino Médio,Capitais,Remoto,Não-binário,Branca,0.4930291671550222
CAND_05418,6.9,38.0,Mestrado,Capitais,Presencial,Masculino,Preta,0.4840712550858172
CAND_05419,8.7,53.0,Bacharelado,Capitais,Remoto,Feminino,Parda,0.5592202888524553
CAND_05420,3.3,62.0,Bacharelado,Capitais,Remoto,Feminino,Preta,0.4674317374262587
CAND_05421,3.0,59.0,Bacharelado,Região Metropolitana,Remoto,Feminino,Indígena,0.5877173236973631
CAND_05422,5.1,50.0,Bacharelado,Região Metropolitana,Híbrido,Masculino,Branca,0.4694226659785894
CAND_05423,1.9,45.0,Ensino Médio,Capitais,Remoto,Feminino,Parda,0.27258042453097275
CAND_05424,10.2,41.0,Bacharelado,Capitais,Híbrido,Masculino,Parda,0.6653828310648908
CAND_05425,4.9,53.0,Bacharelado,Região Metropolitana,Presencial,Não-binário,Branca,0.5378473280851404
CAND_05426,2.2,51.0,Mestrado,Capitais,Presencial,Masculino,Parda,0.46768929467143766
CAND_05427,2.8,48.0,Doutorado,Capitais,Híbrido,Feminino,Indígena,0.6263711313832238
CAND_05428,2.6,63.0,Doutorado,Capitais,Remoto,Feminino,Indígena,0.5434281771990044
CAND_05429,7.5,61.0,Bacharelado,Região Metropolitana,Presencial,Feminino,Indígena,0.5128210175778208
CAND_05430,5.5,53.0,Bacharelado,Região Metropolitana,Híbrido,Feminino,Branca,0.47656225583026396
CAND_05431,10.9,44.0,Bacharelado,Interior,Híbrido,Não-binário,Indígena,0.5049015522002747
CAND_05432,0.0,29.0,Doutorado,Capitais,Híbrido,Feminino,Indígena,0.39347671874634466
CAND_05433,8.5,42.0,Mestrado,Capitais,Híbrido,Não-binário,Parda,0.4227359651064261
CAND_05434,0.0,38.0,Mestrado,Capitais,Híbrido,Não-binário,Parda,0.250064181777635
CAND_05435,2.0,47.0,Mestrado,Capitais,Remoto,Não-binário,Branca,0.3516043999465703
CAND_05436,4.5,45.0,Bacharelado,Capitais,Remoto,Não-binário,Amarela,0.428674698580004
CAND_05437,2.5,38.0,Bacharelado,Capitais,Presencial,Não-binário,Parda,0.38383325013199915
CAND_05438,2.6,57.0,Bacharelado,Região Metropolitana,Híbrido,Não-binário,Branca,0.3256707313297724
CAND_05439,7.0,23.0,Mestrado,Região Metropolitana,Presencial,Masculino,Amarela,0.36992269420035145
CAND_05440,8.5,47.0,Ensino Médio,Interior,Híbrido,Não-binário,Indígena,0.45308484226955564
CAND_05441,7.4,39.0,Bacharelado,Região Metropolitana,Presencial,Não-binário,Amarela,0.48002456949666045
CAND_05442,5.8,71.0,Bacharelado,Capitais,Presencial,Feminino,Preta,0.5164066993191244
CAND_05443,5.2,49.0,Bacharelado,Região Metropolitana,Presencial,Feminino,Branca,0.34759310675134414
CAND_05444,0.0,45.0,Bacharelado,Região Metropolitana,Presencial,Feminino,Branca,0.15616641221691666
CAND_05445,3.3,44.0,Bacharelado,Capitais,Remoto,Masculino,Branca,0.17047030030317956
CAND_05446,1.9,68.0,Bacharelado,Interior,Remoto,Feminino,Indígena,0.42532918814643733
CAND_05447,8.3,60.0,Mestrado,Região Metropolitana,Híbrido,Masculino,Parda,0.6876667196951114
CAND_05448,8.3,33.0,Bacharelado,Região Metropolitana,Presencial,Masculino,Branca,0.33590573889714914
CAND_05449,1.9,38.0,Bacharelado,Região Metropolitana,Remoto,Masculino,Amarela,0.23030657304416918
CAND_05450,0.0,28.0,Bacharelado,Capitais,Remoto,Feminino,Branca,0.26854433576274545
CAND_05451,10.6,50.0,Doutorado,Região Metropolitana,Híbrido,Masculino,Branca,0.617653684651829
CAND_05452,11.8,35.0,Ensino Médio,Capitais,Remoto,Feminino,Preta,0.40221843326201306
CAND_05453,1.5,38.0,Mestrado,Interior,Híbrido,Não-binário,Indígena,0.39939456306053156
CAND_05454,0.8,64.0,Mestrado,Capitais,Presencial,Feminino,Parda,0.43928574741405707
CAND_05455,3.3,38.0,Mestrado,Capitais,Híbrido,Não-binário,Parda,0.2663963394174387
CAND_05456,6.5,39.0,Bacharelado,Capitais,Híbrido,Feminino,Preta,0.32298715658827043
CAND_05457,7.3,67.0,Bacharelado,Capitais,Híbrido,Masculino,Indígena,0.5834046235487924
CAND_05458,1.7,80.0,Mestrado,Capitais,Híbrido,Não-binário,Preta,0.660387202834897
CAND_05459,9.9,50.0,Bacharelado,Capitais,Remoto,Feminino,Indígena,0.5621791661048494
CAND_05460,2.8,47.0,Bacharelado,Capitais,Híbrido,Não-binário,Preta,0.3609445468518563
CAND_05461,4.9,47.0,Mestrado,Interior,Presencial,Feminino,Indígena,0.411602842503591
CAND_05462,4.0,57.0,Bacharelado,Região Metropolitana,Híbrido,Masculino,Preta,0.535535958060942
CAND_05463,3.4,17.0,Mestrado,Região Metropolitana,Remoto,Não-binário,Indígena,0.515826603903563
CAND_05464,10.5,60.0,Doutorado,Região Metropolitana,Híbrido,Masculino,Amarela,0.7970432863930639
CAND_05465,0.0,45.0,Bacharelado,Capitais,Híbrido,Feminino,Parda,0.23564914563794814
CAND_05466,5.2,46.0,Bacharelado,Interior,Híbrido,Feminino,Preta,0.4411158235964815
CAND_05467,9.0,50.0,Bacharelado,Capitais,Híbrido,Feminino,Branca,0.49314451438906476
CAND_05468,0.0,34.0,Ensino Médio,Capitais,Híbrido,Não-binário,Parda,0.24477842204764183
CAND_05469,4.1,72.0,Bacharelado,Região Metropolitana,Híbrido,Não-binário,Branca,0.45441534692675956
CAND_05470,6.8,35.0,Ensino Médio,Capitais,Híbrido,Masculino,Preta,0.4809302210589999
CAND_05471,8.1,71.0,Bacharelado,Capitais,Híbrido,Feminino,Indígena,0.6409573689087138
CAND_05472,5.4,72.0,Ensino Médio,Capitais,Presencial,Não-binário,Preta,0.35413813482888423
CAND_05473,1.0,59.0,Bacharelado,Interior,Híbrido,Masculino,Preta,0.4081221872623282
CAND_05474,6.5,59.0,Mestrado,Capitais,Híbrido,Feminino,Indígena,0.6157738749004532
CAND_05475,2.6,52.0,Bacharelado,Região Metropolitana,Presencial,Feminino,Parda,0.3324793772555345
CAND_05476,5.8,55.0,Mestrado,Região Metropolitana,Híbrido,Masculino,Indígena,0.5407463823846114
CAND_05477,0.0,37.0,Bacharelado,Capitais,Híbrido,Masculino,Indígena,0.3174228333280694
CAND_05478,4.3,42.0,Bacharelado,Capitais,Presencial,Feminino,Amarela,0.41203950548926205
CAND_05479,4.9,41.0,Bacharelado,Interior,Remoto,Masculino,Amarela,0.465217247583542
CAND_05480,3.7,53.0,Doutorado,Capitais,Híbrido,Feminino,Branca,0.6410187611870172
CAND_05481,6.0,30.0,Bacharelado,Região Metropolitana,Presencial,Feminino,Branca,0.4029690026953477
CAND_05482,6.1,54.0,Bacharelado,Região Metropolitana,Presencial,Não-binário,Branca,0.29596215108463664
CAND_05483,10.3,60.0,Bacharelado,Capitais,Híbrido,Não-binário,Amarela,0.6110102533576363
CAND_05484,2.6,60.0,Bacharelado,Interior,Híbrido,Masculino,Preta,0.450262417718406
CAND_05485,7.7,40.0,Bacharelado,Interior,Remoto,Feminino,Indígena,0.49968088652292947
CAND_05486,4.9,36.0,Bacharelado,Capitais,Remoto,Masculino,Parda,0.45839108848732657
CAND_05487,6.8,62.0,Bacharelado,Região Metropolitana,Presencial,Feminino,Parda,0.4661403568675621
CAND_05488,6.4,38.0,Mestrado,Região Metropolitana,Presencial,Não-binário,Amarela,0.43025612780421485
CAND_05489,4.8,46.0,Mestrado,Capitais,Remoto,Masculino,Amarela,0.6057106561695403
CAND_05490,7.0,79.0,Mestrado,Capitais,Remoto,Feminino,Indígena,0.5573656591695264
CAND_05491,2.2,49.0,Bacharelado,Capitais,Remoto,Feminino,Parda,0.35526780089396176
CAND_05492,6.7,57.0,Bacharelado,Capitais,Remoto,Não-binário,Preta,0.494327302292749
CAND_05493,0.6,58.0,Bacharelado,Capitais,Híbrido,Feminino,Indígena,0.28702650174727
CAND_05494,6.3,23.0,Bacharelado,Região Metropolitana,Híbrido,Feminino,Parda,0.35790742376821677
CAND_05495,7.0,55.0,Bacharelado,Região Metropolitana,Híbrido,Masculino,Indígena,0.5803958036998701
CAND_05496,0.0,87.0,Ensino Médio,Região Metropolitana,Remoto,Masculino,Branca,0.3722133515782278
CAND_05497,1.3,68.0,Bacharelado,Capitais,Híbrido,Masculino,Branca,0.4948813709533718
CAND_05498,2.6,63.0,Mestrado,Capitais,Presencial,Não-binário,Indígena,0.34298964328009357
CAND_05499,8.0,66.0,Bacharelado,Capitais,Presencial,Masculino,Parda,0.5592902071173202
CAND_05500,8.1,67.0,Bacharelado,Capitais,Híbrido,Feminino,Amarela,0.6434248286559319
CAND_05501,3.8,35.0,Bacharelado,Região Metropolitana,Remoto,Feminino,Amarela,0.27618531219461695
CAND_05502,5.8,62.0,Mestrado,Capitais,Híbrido,Feminino,Preta,0.5235090472581887
CAND_05503,1.7,51.0,Bacharelado,Região Metropolitana,Híbrido,Feminino,Parda,0.3739444644236216
CAND_05504,4.3,28.0,Bacharelado,Capitais,Presencial,Feminino,Parda,0.5395816891222986
CAND_05505,7.6,45.0,Bacharelado,Capitais,Híbrido,Feminino,Branca,0.5758912814547825
CAND_05506,8.0,50.0,Mestrado,Capitais,Presencial,Feminino,Parda,0.5252149579160751
CAND_05507,9.4,38.0,Ensino Médio,Região Metropolitana,Remoto,Feminino,Branca,0.23152189539694
CAND_05508,2.6,44.0,Mestrado,Região Metropolitana,Híbrido,Feminino,Parda,0.4970957767052862
CAND_05509,4.5,55.0,Bacharelado,Capitais,Remoto,Masculino,Amarela,0.5876000320149467
CAND_05510,1.9,55.0,Bacharelado,Região Metropolitana,Presencial,Masculino,Branca,0.3421658502234265
CAND_05511,5.4,57.0,Mestrado,Capitais,Híbrido,Não-binário,Preta,0.46192415956478333
CAND_05512,4.0,56.0,Bacharelado,Região Metropolitana,Presencial,Feminino,Preta,0.19798763959790439
CAND_05513,5.5,36.0,Bacharelado,Capitais,Híbrido,Masculino,Branca,0.4640473015016869
CAND_05514,4.0,26.0,Bacharelado,Região Metropolitana,Híbrido,Não-binário,Branca,0.22941515121691414
CAND_05515,12.7,54.0,Bacharelado,Capitais,Remoto,Masculino,Amarela,0.6958660040096036
CAND_05516,6.3,47.0,Mestrado,Região Metropolitana,Híbrido,Não-binário,Amarela,0.623230195015521
CAND_05517,2.8,50.0,Bacharelado,Região Metropolitana,Híbrido,Masculino,Preta,0.2888632942649173
CAND_05518,4.0,51.0,Ensino Médio,Região Metropolitana,Híbrido,Feminino,Parda,0.2956868552491504
CAND_05519,5.7,43.0,Bacharelado,Capitais,Remoto,Não-binário,Indígena,0.2909849164721139
CAND_05520,2.4,55.0,Mestrado,Região Metropolitana,Remoto,Não-binário,Preta,0.590730963770448
CAND_05521,3.9,28.0,Mestrado,Capitais,Remoto,Feminino,Amarela,0.3042914256605027
CAND_05522,0.7,84.0,Mestrado,Interior,Remoto,Masculino,Indígena,0.40016637527295773
CAND_05523,3.4,53.0,Bacharelado,Capitais,Remoto,Feminino,Amarela,0.0795860494495676
CAND_05524,2.3,49.0,Mestrado,Região Metropolitana,Híbrido,Feminino,Indígena,0.5555537535435584
CAND_05525,0.0,37.0,Ensino Médio,Capitais,Híbrido,Feminino,Parda,0.38267117925427485
CAND_05526,4.4,56.0,Bacharelado,Região Metropolitana,Remoto,Feminino,Parda,0.36925807979144326
CAND_05527,2.6,25.0,Mestrado,Região Metropolitana,Presencial,Feminino,Indígena,0.34079213605976816
CAND_05528,0.0,47.0,Mestrado,Capitais,Presencial,Não-binário,Parda,0.254709294264829
CAND_05529,7.6,75.0,Bacharelado,Capitais,Presencial,Masculino,Amarela,0.4061650572620312
CAND_05530,7.6,33.0,Bacharelado,Capitais,Remoto,Não-binário,Amarela,0.41289098075342523
CAND_05531,2.7,48.0,Bacharelado,Capitais,Remoto,Não-binário,Preta,0.47397011968054575
CAND_05532,6.9,44.0,Bacharelado,Capitais,Presencial,Masculino,Preta,0.4158135897392459
CAND_05533,2.0,55.0,Bacharelado,Capitais,Remoto,Masculino,Preta,0.3189399265588688
CAND_05534,2.9,55.0,Bacharelado,Região Metropolitana,Híbrido,Masculino,Indígena,0.5166713132636669
CAND_05535,4.0,43.0,Bacharelado,Capitais,Híbrido,Masculino,Preta,0.34226308425701224
CAND_05536,8.9,40.0,Ensino Médio,Capitais,Híbrido,Feminino,Branca,0.4198556461905584
CAND_05537,5.0,49.0,Doutorado,Interior,Presencial,Masculino,Preta,0.5550110316391713
CAND_05538,7.3,51.0,Doutorado,Região Metropolitana,Híbrido,Feminino,Indígena,0.5344445131846396
CAND_05539,0.0,53.0,Bacharelado,Capitais,Híbrido,Não-binário,Branca,0.23298596284399903
CAND_05540,3.4,50.0,Bacharelado,Região Metropolitana,Remoto,Masculino,Branca,0.4449312912624968
CAND_05541,7.3,69.0,Doutorado,Capitais,Híbrido,Feminino,Preta,0.7927689799481838
CAND_05542,4.6,47.0,Mestrado,Capitais,Híbrido,Feminino,Branca,0.4807382771778489
CAND_05543,4.4,78.0,Mestrado,Capitais,Híbrido,Não-binário,Branca,0.654228908346862
CAND_05544,3.8,84.0,Bacharelado,Região Metropolitana,Híbrido,Não-binário,Parda,0.6120838342035902
CAND_05545,7.6,40.0,Mestrado,Interior,Presencial,Masculino,Parda,0.5268921368069304
CAND_05546,5.1,60.0,Bacharelado,Região Metropolitana,Remoto,Masculino,Branca,0.3818449257171396
CAND_05547,1.0,55.0,Ensino Médio,Capitais,Remoto,Feminino,Indígena,0.3654901248138037
CAND_05548,2.8,59.0,Bacharelado,Capitais,Presencial,Feminino,Preta,0.5228321224254363
CAND_05549,11.8,54.0,Bacharelado,Capitais,Presencial,Feminino,Branca,0.4489849855029842
CAND_05550,4.7,39.0,Bacharelado,Capitais,Remoto,Feminino,Amarela,0.28104791252782146
CAND_05551,0.0,37.0,Doutorado,Região Metropolitana,Presencial,Masculino,Preta,0.48501815025623607
CAND_05552,5.8,45.0,Bacharelado,Região Metropolitana,Híbrido,Não-binário,Amarela,0.5473888621185713
CAND_05553,7.2,46.0,Bacharelado,Capitais,Híbrido,Feminino,Amarela,0.3826063707013798
CAND_05554,8.9,24.0,Bacharelado,Capitais,Híbrido,Não-binário,Parda,0.3551845265644552
CAND_05555,4.2,72.0,Bacharelado,Capitais,Remoto,Feminino,Amarela,0.6348260381215431
CAND_05556,11.2,58.0,Bacharelado,Região Metropolitana,Remoto,Masculino,Indígena,0.7196149650897642
CAND_05557,6.5,86.0,Mestrado,Capitais,Híbrido,Masculino,Parda,0.6946010666467755
CAND_05558,11.6,22.0,Mestrado,Região Metropolitana,Presencial,Feminino,Amarela,0.602982624462249
CAND_05559,4.7,65.0,Bacharelado,Capitais,Presencial,Masculino,Preta,0.36682546133336236
CAND_05560,8.5,59.0,Bacharelado,Interior,Híbrido,Não-binário,Indígena,0.3761044449322827
CAND_05561,11.0,35.0,Bacharelado,Região Metropolitana,Híbrido,Não-binário,Amarela,0.48126139179892136
CAND_05562,4.4,55.0,Bacharelado,Capitais,Híbrido,Masculino,Preta,0.539805207147499
CAND_05563,1.6,53.0,Mestrado,Capitais,Remoto,Masculino,Parda,0.43067469624203314
CAND_05564,0.5,61.0,Mestrado,Capitais,Híbrido,Feminino,Parda,0.5524352078882848
CAND_05565,4.0,42.0,Bacharelado,Região Metropolitana,Remoto,Masculino,Branca,0.46512000724058017
CAND_05566,2.0,35.0,Bacharelado,Capitais,Remoto,Não-binário,Amarela,0.30211586776015326
CAND_05567,2.9,57.0,Bacharelado,Capitais,Presencial,Não-binário,Branca,0.39094582877995115
CAND_05568,3.8,59.0,Bacharelado,Capitais,Presencial,Não-binário,Parda,0.4658097717515105
CAND_05569,4.7,44.0,Bacharelado,Capitais,Remoto,Feminino,Preta,0.6130092912544595
CAND_05570,4.2,66.0,Bacharelado,Capitais,Presencial,Masculino,Preta,0.4573616089135589
CAND_05571,0.5,56.0,Bacharelado,Região Metropolitana,Presencial,Feminino,Indígena,0.16760248161662444
CAND_05572,0.3,75.0,Mestrado,Região Metropolitana,Híbrido,Masculino,Indígena,0.5010051546566757
CAND_05573,11.0,45.0,Ensino Médio,Capitais,Presencial,Não-binário,Indígena,0.3990999073280279
CAND_05574,8.2,37.0,Doutorado,Interior,Remoto,Masculino,Branca,0.4447456119626165
CAND_05575,5.0,43.0,Bacharelado,Capitais,Presencial,Masculino,Amarela,0.4140650940271329
CAND_05576,10.2,30.0,Bacharelado,Capitais,Remoto,Feminino,Preta,0.5621707911011057
CAND_05577,4.6,55.0,Bacharelado,Capitais,Remoto,Feminino,Parda,0.5290113297406144
CAND_05578,2.0,58.0,Mestrado,Capitais,Remoto,Feminino,Indígena,0.5602403443259739
CAND_05579,9.1,34.0,Bacharelado,Região Metropolitana,Presencial,Não-binário,Amarela,0.33637184261588504
CAND_05580,8.1,68.0,Bacharelado,Região Metropolitana,Presencial,Não-binário,Indígena,0.6843343183633558
CAND_05581,9.3,60.0,Bacharelado,Região Metropolitana,Remoto,Não-binário,Preta,0.4826825513544419
CAND_05582,2.5,45.0,Bacharelado,Capitais,Presencial,Masculino,Amarela,0.37448595987162125
CAND_05583,3.0,53.0,Bacharelado,Capitais,Híbrido,Masculino,Branca,0.5481176939007828
CAND_05584,4.7,46.0,Mestrado,Interior,Remoto,Não-binário,Indígena,0.6192263258591251
CAND_05585,2.7,35.0,Ensino Médio,Região Metropolitana,Híbrido,Feminino,Indígena,0.28158354680617387
CAND_05586,3.3,43.0,Bacharelado,Capitais,Remoto,Masculino,Branca,0.38019707786671497
CAND_05587,5.1,55.0,Ensino Médio,Capitais,Híbrido,Masculino,Branca,0.3017556612727465
CAND_05588,2.6,53.0,Mestrado,Capitais,Presencial,Masculino,Branca,0.4196990935856536
CAND_05589,4.4,58.0,Bacharelado,Região Metropolitana,Presencial,Masculino,Indígena,0.41284239790208715
CAND_05590,4.4,56.0,Mestrado,Capitais,Remoto,Não-binário,Amarela,0.48653996222635293
CAND_05591,3.8,51.0,Ensino Médio,Região Metropolitana,Híbrido,Não-binário,Branca,0.4092173751072891
CAND_05592,12.2,58.0,Bacharelado,Capitais,Presencial,Não-binário,Preta,0.6202909778584274
CAND_05593,6.3,79.0,Bacharelado,Capitais,Presencial,Masculino,Indígena,0.4625244746702477
CAND_05594,6.5,46.0,Bacharelado,Capitais,Presencial,Masculino,Parda,0.44830825487025155
CAND_05595,5.2,67.0,Bacharelado,Capitais,Híbrido,Feminino,Indígena,0.5604222886514948
CAND_05596,4.1,50.0,Mestrado,Capitais,Remoto,Não-binário,Branca,0.6518366365526059
CAND_05597,0.5,46.0,Bacharelado,Interior,Remoto,Masculino,Preta,0.34789063907943224
CAND_05598,0.6,46.0,Bacharelado,Interior,Remoto,Masculino,Branca,0.21691078689822632
CAND_05599,5.0,51.0,Bacharelado,Capitais,Remoto,Feminino,Preta,0.4069199846428382
CAND_05600,7.2,21.0,Bacharelado,Capitais,Remoto,Masculino,Preta,0.3915852065896863
CAND_05601,1.2,38.0,Doutorado,Capitais,Remoto,Masculino,Amarela,0.4514044726667763
CAND_05602,4.2,72.0,Bacharelado,Capitais,Remoto,Masculino,Parda,0.26393985448796436
CAND_05603,8.2,38.0,Bacharelado,Região Metropolitana,Híbrido,Masculino,Parda,0.491587877780424
CAND_05604,5.8,68.0,Bacharelado,Capitais,Presencial,Masculino,Amarela,0.7091306022340135
CAND_05605,5.1,57.0,Mestrado,Capitais,Remoto,Não-binário,Amarela,0.6208436423642489
CAND_05606,3.9,39.0,Bacharelado,Capitais,Híbrido,Masculino,Preta,0.4011211508119702
CAND_05607,5.8,44.0,Mestrado,Região Metropolitana,Presencial,Feminino,Parda,0.49520240470178417
CAND_05608,3.6,21.0,Bacharelado,Capitais,Presencial,Masculino,Parda,0.39342362721748264
CAND_05609,3.2,92.0,Bacharelado,Capitais,Híbrido,Feminino,Indígena,0.7593274846899872
CAND_05610,7.8,38.0,Bacharelado,Capitais,Híbrido,Não-binário,Branca,0.4491287607982862
CAND_05611,6.4,72.0,Bacharelado,Capitais,Presencial,Feminino,Preta,0.5298875730782551
CAND_05612,13.0,47.0,Bacharelado,Capitais,Presencial,Não-binário,Preta,0.6622136629964585
CAND_05613,7.3,29.0,Bacharelado,Capitais,Remoto,Não-binário,Parda,0.38683570611110357
CAND_05614,6.4,88.0,Bacharelado,Região Metropolitana,Híbrido,Masculino,Parda,0.6261629877870217
CAND_05615,1.3,61.0,Mestrado,Interior,Remoto,Masculino,Preta,0.3931107732934232
CAND_05616,0.4,77.0,Bacharelado,Capitais,Presencial,Feminino,Branca,0.5196321305248284
CAND_05617,11.0,62.0,Ensino Médio,Interior,Híbrido,Feminino,Indígena,0.5149651492866412
CAND_05618,5.5,52.0,Bacharelado,Capitais,Presencial,Não-binário,Indígena,0.38265713326937406
CAND_05619,3.7,37.0,Bacharelado,Interior,Híbrido,Feminino,Indígena,0.34112759133143566
CAND_05620,0.0,41.0,Mestrado,Capitais,Presencial,Masculino,Indígena,0.42276903260273213
CAND_05621,13.4,23.0,Mestrado,Capitais,Remoto,Feminino,Indígena,0.5673171864933924
CAND_05622,5.2,31.0,Ensino Médio,Capitais,Presencial,Não-binário,Amarela,0.4143534348471646
CAND_05623,6.4,53.0,Bacharelado,Região Metropolitana,Presencial,Masculino,Parda,0.29108662137023567
CAND_05624,5.6,21.0,Bacharelado,Capitais,Remoto,Feminino,Amarela,0.23934332401744637
CAND_05625,6.4,34.0,Bacharelado,Região Metropolitana,Presencial,Masculino,Branca,0.30800533949422126
CAND_05626,5.8,38.0,Bacharelado,Região Metropolitana,Híbrido,Não-binário,Branca,0.3640800364104835
CAND_05627,0.9,47.0,Bacharelado,Região Metropolitana,Híbrido,Feminino,Parda,0.5384587988327454
CAND_05628,7.5,54.0,Bacharelado,Capitais,Remoto,Masculino,Indígena,0.5233090512179012
CAND_05629,7.5,45.0,Bacharelado,Região Metropolitana,Híbrido,Masculino,Preta,0.385052352687292
CAND_05630,8.9,37.0,Mestrado,Capitais,Híbrido,Masculino,Preta,0.5702411081169027
CAND_05631,3.6,40.0,Bacharelado,Capitais,Remoto,Feminino,Parda,0.3610513771029281
CAND_05632,6.0,56.0,Bacharelado,Interior,Remoto,Masculino,Branca,0.38378101563379785
CAND_05633,6.4,30.0,Doutorado,Capitais,Remoto,Feminino,Amarela,0.45585901510847926
CAND_05634,13.9,73.0,Mestrado,Capitais,Presencial,Feminino,Parda,0.8094547163675759
CAND_05635,14.8,37.0,Bacharelado,Região Metropolitana,Híbrido,Feminino,Amarela,0.36501278097153733
CAND_05636,6.0,70.0,Bacharelado,Interior,Remoto,Feminino,Indígena,0.6972189516331826
CAND_05637,2.0,20.0,Bacharelado,Capitais,Híbrido,Feminino,Preta,0.2863124485954343
CAND_05638,3.2,49.0,Bacharelado,Capitais,Presencial,Feminino,Preta,0.4234642607469767
CAND_05639,4.3,63.0,Bacharelado,Capitais,Remoto,Masculino,Preta,0.6556675570891228
CAND_05640,8.6,63.0,Bacharelado,Capitais,Remoto,Masculino,Amarela,0.6267948346953268
CAND_05641,9.1,39.0,Mestrado,Capitais,Presencial,Feminino,Branca,0.30544819760229736
CAND_05642,8.0,53.0,Mestrado,Capitais,Remoto,Feminino,Parda,0.45477771626239666
CAND_05643,7.3,59.0,Bacharelado,Capitais,Híbrido,Feminino,Amarela,0.45107710348042707
CAND_05644,8.2,39.0,Bacharelado,Capitais,Híbrido,Masculino,Indígena,0.45545812574704186
CAND_05645,0.7,39.0,Bacharelado,Interior,Híbrido,Masculino,Preta,0.3328877520745784
CAND_05646,1.3,39.0,Bacharelado,Região Metropolitana,Híbrido,Não-binário,Amarela,0.31923720006843365
CAND_05647,1.4,43.0,Mestrado,Capitais,Híbrido,Não-binário,Amarela,0.37215593345127845
CAND_05648,5.6,78.0,Bacharelado,Região Metropolitana,Híbrido,Feminino,Preta,0.7877313555056004
CAND_05649,6.1,52.0,Bacharelado,Capitais,Presencial,Feminino,Indígena,0.38892480180499794
CAND_05650,0.4,56.0,Mestrado,Capitais,Presencial,Não-binário,Branca,0.3683232483328712
CAND_05651,5.3,19.0,Bacharelado,Capitais,Híbrido,Masculino,Parda,0.34183339157198583
CAND_05652,6.6,52.0,Bacharelado,Interior,Presencial,Não-binário,Preta,0.5014533212905042
CAND_05653,4.2,41.0,Ensino Médio,Capitais,Remoto,Não-binário,Preta,0.3487482207776657
CAND_05654,10.4,57.0,Bacharelado,Capitais,Híbrido,Não-binário,Branca,0.6060800406939673
CAND_05655,11.4,78.0,Bacharelado,Capitais,Híbrido,Não-binário,Preta,0.728364523514783
CAND_05656,2.5,12.0,Mestrado,Capitais,Remoto,Masculino,Parda,0.3550287138286318
CAND_05657,4.1,47.0,Bacharelado,Região Metropolitana,Híbrido,Não-binário,Amarela,0.34847336219582115
CAND_05658,7.1,54.0,Ensino Médio,Capitais,Híbrido,Feminino,Parda,0.5098086749807313
CAND_05659,5.0,31.0,Mestrado,Região Metropolitana,Híbrido,Não-binário,Amarela,0.42941982509928533
CAND_05660,1.5,54.0,Bacharelado,Capitais,Remoto,Feminino,Branca,0.5433071367146604
CAND_05661,9.1,40.0,Bacharelado,Capitais,Presencial,Não-binário,Preta,0.46752073515352544
CAND_05662,5.4,34.0,Mestrado,Interior,Presencial,Feminino,Branca,0.44963578011953304
CAND_05663,5.3,61.0,Bacharelado,Região Metropolitana,Presencial,Feminino,Preta,0.5248430028749146
CAND_05664,2.0,35.0,Bacharelado,Capitais,Híbrido,Não-binário,Indígena,0.31529304568681754
CAND_05665,1.7,43.0,Bacharelado,Capitais,Presencial,Feminino,Branca,0.23255229331934874
CAND_05666,6.0,64.0,Bacharelado,Capitais,Remoto,Não-binário,Indígena,0.5728497480428253
CAND_05667,11.3,81.0,Bacharelado,Capitais,Remoto,Masculino,Amarela,0.7106367079076412
CAND_05668,1.2,40.0,Bacharelado,Capitais,Presencial,Não-binário,Branca,0.195674918680753
CAND_05669,3.7,58.0,Mestrado,Capitais,Remoto,Não-binário,Indígena,0.42855008296318176
CAND_05670,1.9,67.0,Bacharelado,Capitais,Presencial,Não-binário,Amarela,0.4888146749626038
CAND_05671,2.1,39.0,Bacharelado,Região Metropolitana,Remoto,Masculino,Amarela,0.37677753226948274
CAND_05672,10.2,29.0,Ensino Médio,Região Metropolitana,Híbrido,Não-binário,Preta,0.510261185693884
CAND_05673,5.7,51.0,Bacharelado,Região Metropolitana,Presencial,Feminino,Parda,0.28760932254410276
CAND_05674,7.0,57.0,Mestrado,Região Metropolitana,Híbrido,Não-binário,Parda,0.5387004851210151
CAND_05675,3.1,42.0,Mestrado,Capitais,Remoto,Não-binário,Preta,0.3319334451948358
CAND_05676,8.7,40.0,Mestrado,Capitais,Remoto,Masculino,Indígena,0.47150191764077815
CAND_05677,3.4,17.0,Bacharelado,Capitais,Remoto,Masculino,Branca,0.19844254897596578
CAND_05678,0.0,57.0,Mestrado,Capitais,Híbrido,Masculino,Amarela,0.4285122002695045
CAND_05679,3.6,72.0,Bacharelado,Região Metropolitana,Híbrido,Não-binário,Preta,0.34215464905683735
CAND_05680,9.0,31.0,Mestrado,Capitais,Presencial,Feminino,Branca,0.4210497389726824
CAND_05681,1.4,31.0,Mestrado,Região Metropolitana,Presencial,Masculino,Amarela,0.3254302838085519
CAND_05682,7.1,30.0,Bacharelado,Capitais,Presencial,Feminino,Preta,0.3602748771002886
CAND_05683,5.7,40.0,Bacharelado,Região Metropolitana,Remoto,Feminino,Parda,0.36515632924434815
CAND_05684,8.9,58.0,Mestrado,Capitais,Remoto,Não-binário,Branca,0.7276017391398664
CAND_05685,6.9,44.0,Ensino Médio,Capitais,Presencial,Masculino,Preta,0.3898967352343454
CAND_05686,8.3,57.0,Bacharelado,Região Metropolitana,Híbrido,Masculino,Parda,0.592199098089474
CAND_05687,9.8,27.0,Bacharelado,Região Metropolitana,Híbrido,Não-binário,Preta,0.5427145845665768
CAND_05688,3.3,34.0,Bacharelado,Capitais,Híbrido,Não-binário,Branca,0.41829295579558823
CAND_05689,7.7,38.0,Bacharelado,Capitais,Presencial,Masculino,Amarela,0.4677760254414587
CAND_05690,4.9,45.0,Mestrado,Capitais,Híbrido,Feminino,Parda,0.47724101139364744
CAND_05691,4.4,45.0,Mestrado,Região Metropolitana,Híbrido,Feminino,Preta,0.4429071860197087
CAND_05692,10.7,55.0,Bacharelado,Interior,Híbrido,Não-binário,Preta,0.7113039231648536
CAND_05693,12.0,47.0,Bacharelado,Capitais,Remoto,Masculino,Amarela,0.6534378132686594
CAND_05694,5.1,59.0,Bacharelado,Região Metropolitana,Híbrido,Não-binário,Parda,0.3475065245137521
CAND_05695,4.2,59.0,Ensino Médio,Capitais,Remoto,Feminino,Preta,0.2962598073259644
CAND_05696,11.8,39.0,Ensino Médio,Região Metropolitana,Remoto,Masculino,Parda,0.5261442748419863
CAND_05697,4.8,39.0,Bacharelado,Interior,Remoto,Feminino,Amarela,0.41386921508934954
CAND_05698,2.0,41.0,Bacharelado,Capitais,Híbrido,Não-binário,Indígena,0.3945004349753986
CAND_05699,7.6,65.0,Mestrado,Capitais,Remoto,Masculino,Parda,0.6209728584667852
CAND_05700,2.4,51.0,Bacharelado,Interior,Presencial,Feminino,Indígena,0.28121186627285893
CAND_05701,0.0,48.0,Bacharelado,Interior,Presencial,Feminino,Amarela,0.4103512500729475
CAND_05702,0.0,50.0,Bacharelado,Região Metropolitana,Presencial,Não-binário,Parda,0.34799559051757334
CAND_05703,1.2,74.0,Bacharelado,Capitais,Presencial,Não-binário,Amarela,0.5144109858636932
CAND_05704,0.6,73.0,Bacharelado,Capitais,Remoto,Não-binário,Preta,0.510329695101261
CAND_05705,2.3,49.0,Bacharelado,Região Metropolitana,Presencial,Feminino,Parda,0.36242309738998346
CAND_05706,7.2,80.0,Bacharelado,Capitais,Presencial,Feminino,Amarela,0.6990282678535987
CAND_05707,5.9,58.0,Bacharelado,Capitais,Híbrido,Feminino,Branca,0.5660039014166749
CAND_05708,2.7,49.0,Ensino Médio,Capitais,Presencial,Masculino,Parda,0.3411457629037819
CAND_05709,6.9,57.0,Bacharelado,Capitais,Remoto,Não-binário,Preta,0.5162832261038176
CAND_05710,5.0,48.0,Mestrado,Capitais,Híbrido,Feminino,Branca,0.649274004616573
CAND_05711,3.6,35.0,Bacharelado,Capitais,Presencial,Feminino,Parda,0.4573707294543052
CAND_05712,6.0,59.0,Ensino Médio,Região Metropolitana,Híbrido,Masculino,Parda,0.535372610810738
CAND_05713,5.7,63.0,Bacharelado,Região Metropolitana,Presencial,Masculino,Indígena,0.5518420474616915
CAND_05714,3.6,35.0,Bacharelado,Capitais,Remoto,Não-binário,Preta,0.4195490769558087
CAND_05715,0.0,42.0,Bacharelado,Região Metropolitana,Híbrido,Masculino,Branca,0.30399149759930966
CAND_05716,2.4,39.0,Bacharelado,Capitais,Remoto,Feminino,Branca,0.33242383406294934
CAND_05717,8.3,66.0,Bacharelado,Capitais,Híbrido,Masculino,Preta,0.5277515008424397
CAND_05718,0.0,38.0,Doutorado,Região Metropolitana,Híbrido,Feminino,Preta,0.3835632163193811
CAND_05719,5.7,76.0,Bacharelado,Região Metropolitana,Híbrido,Feminino,Indígena,0.5219915757593536
CAND_05720,6.4,54.0,Bacharelado,Capitais,Presencial,Feminino,Amarela,0.6140384104083809
CAND_05721,3.8,55.0,Mestrado,Interior,Remoto,Não-binário,Parda,0.49656455048839676
CAND_05722,1.4,53.0,Mestrado,Capitais,Presencial,Não-binário,Preta,0.41088255372006105
CAND_05723,10.7,40.0,Bacharelado,Capitais,Presencial,Masculino,Amarela,0.4090388723665294
CAND_05724,7.9,37.0,Mestrado,Região Metropolitana,Remoto,Feminino,Preta,0.45638937749749375
CAND_05725,3.0,33.0,Bacharelado,Capitais,Híbrido,Masculino,Amarela,0.3281251616150269
CAND_05726,0.1,30.0,Bacharelado,Região Metropolitana,Remoto,Masculino,Branca,0.4808469797795768
CAND_05727,7.3,58.0,Bacharelado,Capitais,Presencial,Não-binário,Parda,0.5895917064964015
CAND_05728,3.9,49.0,Mestrado,Região Metropolitana,Presencial,Não-binário,Amarela,0.37687642587191716
CAND_05729,7.6,49.0,Bacharelado,Capitais,Híbrido,Não-binário,Parda,0.46484248561463165
CAND_05730,6.5,43.0,Ensino Médio,Região Metropolitana,Híbrido,Não-binário,Parda,0.4252276723210078
CAND_05731,3.6,41.0,Bacharelado,Capitais,Remoto,Não-binário,Branca,0.4089413084103561
CAND_05732,5.7,46.0,Bacharelado,Capitais,Remoto,Não-binário,Indígena,0.23492238804765658
CAND_05733,9.1,52.0,Mestrado,Capitais,Remoto,Masculino,Amarela,0.5880536548365698
CAND_05734,3.5,50.0,Doutorado,Capitais,Presencial,Feminino,Indígena,0.49246880350215483
CAND_05735,0.0,38.0,Bacharelado,Região Metropolitana,Presencial,Não-binário,Preta,0.3999847678486579
CAND_05736,3.3,48.0,Bacharelado,Região Metropolitana,Presencial,Masculino,Amarela,0.3209967104686178
CAND_05737,4.2,40.0,Mestrado,Capitais,Remoto,Não-binário,Preta,0.34860893356887
CAND_05738,1.8,78.0,Mestrado,Região Metropolitana,Presencial,Feminino,Preta,0.6360454892297073
CAND_05739,6.9,64.0,Bacharelado,Capitais,Híbrido,Masculino,Indígena,0.4761619612436034
CAND_05740,6.1,73.0,Bacharelado,Interior,Presencial,Feminino,Amarela,0.37679749818802977
CAND_05741,7.5,41.0,Bacharelado,Capitais,Presencial,Masculino,Parda,0.3899414214100596
CAND_05742,5.9,44.0,Doutorado,Capitais,Remoto,Masculino,Branca,0.6258794415915842
CAND_05743,3.9,60.0,Bacharelado,Região Metropolitana,Híbrido,Feminino,Branca,0.5535852518824391
CAND_05744,8.7,33.0,Bacharelado,Capitais,Presencial,Não-binário,Parda,0.5075969199413366
CAND_05745,6.0,49.0,Bacharelado,Capitais,Remoto,Feminino,Indígena,0.4475110931083705
CAND_05746,8.4,78.0,Bacharelado,Capitais,Presencial,Não-binário,Amarela,0.6284952281094202
CAND_05747,3.3,68.0,Bacharelado,Capitais,Híbrido,Não-binário,Branca,0.43750473871906737
CAND_05748,7.5,46.0,Mestrado,Capitais,Remoto,Não-binário,Preta,0.695640336871322
CAND_05749,5.7,52.0,Ensino Médio,Região Metropolitana,Presencial,Feminino,Amarela,0.3655102015278726
CAND_05750,6.2,45.0,Bacharelado,Capitais,Remoto,Feminino,Preta,0.510568449128904
CAND_05751,6.8,72.0,Bacharelado,Interior,Híbrido,Masculino,Parda,0.5181044665640319
CAND_05752,0.2,51.0,Bacharelado,Região Metropolitana,Remoto,Masculino,Branca,0.44427328514440656
CAND_05753,4.3,66.0,Bacharelado,Capitais,Remoto,Feminino,Indígena,0.5238508809631562
CAND_05754,3.9,77.0,Doutorado,Capitais,Remoto,Feminino,Amarela,0.6270670260056008
CAND_05755,5.3,48.0,Bacharelado,Região Metropolitana,Remoto,Masculino,Parda,0.3256325926991694
CAND_05756,4.8,40.0,Mestrado,Capitais,Presencial,Não-binário,Amarela,0.5121635957745376
CAND_05757,6.5,45.0,Bacharelado,Capitais,Híbrido,Feminino,Preta,0.3908248090616908
CAND_05758,3.7,44.0,Ensino Médio,Capitais,Remoto,Não-binário,Amarela,0.38511804875748545
CAND_05759,5.1,61.0,Bacharelado,Capitais,Presencial,Feminino,Branca,0.43716313116812344
CAND_05760,6.1,12.0,Bacharelado,Interior,Híbrido,Masculino,Indígena,0.39505409626648663
CAND_05761,6.2,64.0,Bacharelado,Região Metropolitana,Híbrido,Feminino,Amarela,0.6147119380999384
CAND_05762,3.8,74.0,Bacharelado,Capitais,Híbrido,Masculino,Amarela,0.49375947203732845
CAND_05763,4.5,36.0,Bacharelado,Capitais,Remoto,Masculino,Branca,0.32445939857609074
CAND_05764,7.6,38.0,Mestrado,Capitais,Híbrido,Não-binário,Branca,0.6308787941055001
CAND_05765,4.4,27.0,Bacharelado,Capitais,Remoto,Não-binário,Amarela,0.35241033614479184
CAND_05766,0.8,36.0,Mestrado,Capitais,Híbrido,Feminino,Indígena,0.28136846220442535
CAND_05767,4.9,72.0,Bacharelado,Interior,Híbrido,Masculino,Preta,0.531779411766585
CAND_05768,5.8,34.0,Bacharelado,Região Metropolitana,Remoto,Masculino,Preta,0.3951167229192887
CAND_05769,7.9,52.0,Bacharelado,Capitais,Híbrido,Não-binário,Indígena,0.5037449696761143
CAND_05770,5.9,31.0,Mestrado,Região Metropolitana,Híbrido,Masculino,Indígena,0.4361463636475389
CAND_05771,6.6,53.0,Ensino Médio,Capitais,Presencial,Masculino,Preta,0.365489596913183
CAND_05772,3.2,43.0,Bacharelado,Região Metropolitana,Presencial,Não-binário,Parda,0.3510910812265962
CAND_05773,2.6,65.0,Bacharelado,Capitais,Híbrido,Feminino,Parda,0.388207026129751
CAND_05774,6.0,57.0,Mestrado,Região Metropolitana,Híbrido,Não-binário,Amarela,0.7746195056453107
CAND_05775,10.9,63.0,Bacharelado,Capitais,Presencial,Feminino,Amarela,0.5729219785018848
CAND_05776,9.1,48.0,Mestrado,Interior,Presencial,Não-binário,Preta,0.5124369851836519
CAND_05777,8.4,36.0,Mestrado,Interior,Híbrido,Feminino,Indígena,0.4226173260903643
CAND_05778,6.6,46.0,Bacharelado,Capitais,Híbrido,Masculino,Branca,0.6657037243742944
CAND_05779,4.6,68.0,Bacharelado,Capitais,Híbrido,Feminino,Amarela,0.48639194089482113
CAND_05780,8.7,37.0,Doutorado,Capitais,Presencial,Feminino,Indígena,0.5443257240493384
CAND_05781,8.6,42.0,Bacharelado,Capitais,Remoto,Feminino,Preta,0.5132385782402324
CAND_05782,4.4,61.0,Ensino Médio,Capitais,Presencial,Não-binário,Amarela,0.33336000406555055
CAND_05783,2.7,42.0,Bacharelado,Capitais,Híbrido,Feminino,Branca,0.2893731053689093
CAND_05784,4.7,63.0,Bacharelado,Região Metropolitana,Híbrido,Não-binário,Branca,0.4448375966745743
CAND_05785,5.7,58.0,Bacharelado,Capitais,Híbrido,Feminino,Amarela,0.5151417457440489
CAND_05786,2.7,52.0,Mestrado,Capitais,Híbrido,Feminino,Branca,0.5069175822801998
CAND_05787,2.5,66.0,Bacharelado,Região Metropolitana,Remoto,Não-binário,Branca,0.4009567062818459
CAND_05788,4.6,62.0,Mestrado,Capitais,Remoto,Masculino,Preta,0.5579215881427372
CAND_05789,3.0,33.0,Ensino Médio,Capitais,Presencial,Não-binário,Amarela,0.23942713330863347
CAND_05790,5.1,50.0,Mestrado,Capitais,Presencial,Feminino,Preta,0.45665412826905527
CAND_05791,10.4,64.0,Bacharelado,Região Metropolitana,Híbrido,Masculino,Indígena,0.699249295544843
CAND_05792,8.7,33.0,Bacharelado,Capitais,Presencial,Masculino,Amarela,0.44239577714821954
CAND_05793,10.2,66.0,Mestrado,Interior,Híbrido,Masculino,Preta,0.5563259714477514
CAND_05794,0.0,56.0,Bacharelado,Capitais,Presencial,Masculino,Preta,0.2550642151800756
CAND_05795,10.5,60.0,Bacharelado,Região Metropolitana,Remoto,Não-binário,Parda,0.6836549481202827
CAND_05796,3.8,57.0,Bacharelado,Capitais,Híbrido,Masculino,Branca,0.36920813060088137
CAND_05797,6.4,67.0,Mestrado,Região Metropolitana,Remoto,Não-binário,Indígena,0.6095422421497747
CAND_05798,12.0,27.0,Bacharelado,Capitais,Híbrido,Não-binário,Indígena,0.6575762486240674
CAND_05799,5.4,53.0,Bacharelado,Região Metropolitana,Híbrido,Não-binário,Parda,0.46468425520169465
CAND_05800,0.4,48.0,Bacharelado,Capitais,Presencial,Feminino,Indígena,0.34357793906369943
CAND_05801,0.0,32.0,Bacharelado,Capitais,Presencial,Não-binário,Parda,0.3368325912793919
CAND_05802,5.0,73.0,Bacharelado,Capitais,Híbrido,Feminino,Amarela,0.6191420024129951
CAND_05803,1.5,41.0,Ensino Médio,Capitais,Remoto,Não-binário,Branca,0.2926459085063948
CAND_05804,4.2,57.0,Bacharelado,Capitais,Híbrido,Masculino,Branca,0.41157372484846677
CAND_05805,5.4,34.0,Bacharelado,Capitais,Remoto,Não-binário,Branca,0.4395277400151332
CAND_05806,6.4,38.0,Ensino Médio,Capitais,Presencial,Masculino,Preta,0.17413730069696864
CAND_05807,4.4,42.0,Doutorado,Capitais,Híbrido,Masculino,Amarela,0.5338778318894056
CAND_05808,9.3,70.0,Bacharelado,Capitais,Híbrido,Não-binário,Preta,0.8014644237577083
CAND_05809,4.8,47.0,Bacharelado,Região Metropolitana,Híbrido,Não-binário,Indígena,0.5209456961526457
CAND_05810,5.3,35.0,Mestrado,Capitais,Remoto,Feminino,Indígena,0.47557033285483385
CAND_05811,4.3,48.0,Bacharelado,Capitais,Híbrido,Feminino,Parda,0.45464636059430363
CAND_05812,5.6,45.0,Ensino Médio,Interior,Híbrido,Masculino,Parda,0.5912139770866968
CAND_05813,6.2,56.0,Bacharelado,Região Metropolitana,Híbrido,Masculino,Amarela,0.39465990970858505
CAND_05814,6.0,63.0,Mestrado,Região Metropolitana,Remoto,Feminino,Indígena,0.46994355071285343
CAND_05815,3.5,28.0,Bacharelado,Capitais,Presencial,Feminino,Branca,0.3340615273594308
CAND_05816,7.8,42.0,Bacharelado,Capitais,Híbrido,Masculino,Preta,0.43000268990252405
CAND_05817,0.0,44.0,Doutorado,Capitais,Remoto,Não-binário,Preta,0.46639034903502896
CAND_05818,3.5,33.0,Bacharelado,Capitais,Presencial,Feminino,Indígena,0.2851662087455263
CAND_05819,9.0,37.0,Mestrado,Região Metropolitana,Híbrido,Masculino,Branca,0.5970346206858271
CAND_05820,8.5,61.0,Bacharelado,Capitais,Remoto,Feminino,Branca,0.4576712668080685
CAND_05821,4.7,56.0,Mestrado,Região Metropolitana,Híbrido,Masculino,Amarela,0.41758057382022007
CAND_05822,1.9,40.0,Bacharelado,Região Metropolitana,Híbrido,Feminino,Amarela,0.428508901726361
CAND_05823,3.0,41.0,Mestrado,Capitais,Híbrido,Não-binário,Branca,0.3509145297103069
CAND_05824,3.3,68.0,Bacharelado,Interior,Híbrido,Feminino,Preta,0.30990885379305866
CAND_05825,1.6,64.0,Bacharelado,Capitais,Remoto,Masculino,Branca,0.4494463921223431
CAND_05826,7.2,51.0,Ensino Médio,Capitais,Híbrido,Não-binário,Preta,0.4357362796269469
CAND_05827,5.0,41.0,Bacharelado,Capitais,Presencial,Feminino,Amarela,0.3755972473710334
CAND_05828,9.4,66.0,Bacharelado,Capitais,Híbrido,Feminino,Amarela,0.6479359834707311
CAND_05829,1.0,46.0,Mestrado,Capitais,Remoto,Feminino,Preta,0.5304906595418866
CAND_05830,2.0,40.0,Bacharelado,Capitais,Híbrido,Masculino,Branca,0.28788921675164797
CAND_05831,7.2,35.0,Ensino Médio,Capitais,Híbrido,Masculino,Parda,0.45658584073563113
CAND_05832,10.6,32.0,Bacharelado,Interior,Híbrido,Feminino,Indígena,0.40209562533721244
CAND_05833,1.5,34.0,Bacharelado,Capitais,Presencial,Feminino,Branca,0.5087421226904787
CAND_05834,5.4,55.0,Doutorado,Capitais,Presencial,Masculino,Parda,0.48096226810320664
CAND_05835,2.8,55.0,Bacharelado,Região Metropolitana,Presencial,Feminino,Parda,0.41905296758322974
CAND_05836,0.3,78.0,Bacharelado,Região Metropolitana,Híbrido,Não-binário,Preta,0.37356284424623165
CAND_05837,2.7,68.0,Doutorado,Capitais,Híbrido,Feminino,Amarela,0.6648456556016337
CAND_05838,3.3,46.0,Bacharelado,Capitais,Remoto,Masculino,Parda,0.4395420684234538
CAND_05839,5.1,41.0,Bacharelado,Região Metropolitana,Híbrido,Masculino,Branca,0.44702005270057305
CAND_05840,0.4,69.0,Mestrado,Região Metropolitana,Remoto,Feminino,Amarela,0.49064466586033445
CAND_05841,6.0,58.0,Mestrado,Região Metropolitana,Híbrido,Não-binário,Branca,0.4444501517451568
CAND_05842,6.6,65.0,Bacharelado,Capitais,Remoto,Não-binário,Preta,0.5132919400011391
CAND_05843,4.0,44.0,Ensino Médio,Região Metropolitana,Híbrido,Masculino,Preta,0.254242354178161
CAND_05844,12.1,32.0,Mestrado,Capitais,Remoto,Masculino,Amarela,0.6253011330435023
CAND_05845,9.0,44.0,Bacharelado,Capitais,Remoto,Feminino,Branca,0.46537999501173494
CAND_05846,11.7,67.0,Bacharelado,Região Metropolitana,Híbrido,Não-binário,Parda,0.5748539178774041
CAND_05847,3.3,72.0,Ensino Médio,Capitais,Presencial,Feminino,Parda,0.41792573192544596
CAND_05848,6.8,57.0,Bacharelado,Região Metropolitana,Presencial,Feminino,Parda,0.3579251247417957
CAND_05849,5.3,57.0,Ensino Médio,Região Metropolitana,Remoto,Não-binário,Preta,0.3150801436711503
CAND_05850,4.0,26.0,Bacharelado,Capitais,Remoto,Não-binário,Amarela,0.285834261464542
CAND_05851,5.3,54.0,Mestrado,Região Metropolitana,Híbrido,Feminino,Branca,0.4396284597805131
CAND_05852,2.3,43.0,Ensino Médio,Região Metropolitana,Híbrido,Feminino,Amarela,0.22165193213690548
CAND_05853,3.7,41.0,Bacharelado,Região Metropolitana,Presencial,Não-binário,Parda,0.5027197982734135
CAND_05854,3.1,52.0,Mestrado,Interior,Presencial,Feminino,Parda,0.5821663894876817
CAND_05855,7.0,52.0,Mestrado,Capitais,Híbrido,Feminino,Preta,0.5237433967426944
CAND_05856,2.3,45.0,Bacharelado,Capitais,Híbrido,Feminino,Parda,0.3340845239327502
CAND_05857,5.6,46.0,Doutorado,Região Metropolitana,Presencial,Feminino,Preta,0.4816387127612516
CAND_05858,3.1,45.0,Mestrado,Região Metropolitana,Presencial,Não-binário,Parda,0.36354259794871036
CAND_05859,6.5,52.0,Bacharelado,Capitais,Remoto,Feminino,Preta,0.5649944155035329
CAND_05860,5.2,70.0,Bacharelado,Capitais,Remoto,Não-binário,Amarela,0.5742723681130886
CAND_05861,3.7,71.0,Bacharelado,Região Metropolitana,Híbrido,Feminino,Branca,0.46855184645358106
CAND_05862,7.6,30.0,Bacharelado,Região Metropolitana,Híbrido,Masculino,Parda,0.2565534083821408
CAND_05863,1.3,32.0,Bacharelado,Capitais,Remoto,Masculino,Preta,0.19355442984105647
CAND_05864,3.6,46.0,Bacharelado,Região Metropolitana,Híbrido,Feminino,Amarela,0.3586217717902915
CAND_05865,2.4,38.0,Bacharelado,Capitais,Remoto,Não-binário,Indígena,0.5624338176825582
CAND_05866,0.0,49.0,Bacharelado,Capitais,Presencial,Masculino,Preta,0.24786556652342456
CAND_05867,2.7,43.0,Mestrado,Interior,Remoto,Masculino,Branca,0.4499878208911249
CAND_05868,3.1,56.0,Ensino Médio,Interior,Híbrido,Feminino,Amarela,0.160327025052158
CAND_05869,5.4,53.0,Bacharelado,Capitais,Presencial,Masculino,Amarela,0.45498832796239763
CAND_05870,5.0,31.0,Bacharelado,Capitais,Remoto,Feminino,Parda,0.40869196486842624
CAND_05871,7.9,47.0,Mestrado,Capitais,Presencial,Masculino,Parda,0.5856530591837057
CAND_05872,6.6,42.0,Bacharelado,Capitais,Híbrido,Feminino,Branca,0.4123411943005968
CAND_05873,5.2,37.0,Bacharelado,Região Metropolitana,Presencial,Feminino,Parda,0.6389841337972932
CAND_05874,8.0,57.0,Bacharelado,Capitais,Remoto,Feminino,Amarela,0.4658530681293459
CAND_05875,1.2,52.0,Ensino Médio,Capitais,Remoto,Masculino,Branca,0.20153426027566576
CAND_05876,7.2,43.0,Mestrado,Interior,Remoto,Feminino,Amarela,0.5903399319128932
CAND_05877,5.0,56.0,Bacharelado,Região Metropolitana,Remoto,Não-binário,Branca,0.40232915464492414
CAND_05878,8.8,56.0,Bacharelado,Região Metropolitana,Presencial,Feminino,Branca,0.5319757448182023
CAND_05879,7.1,39.0,Bacharelado,Capitais,Remoto,Não-binário,Indígena,0.5788566329819063
CAND_05880,0.0,90.0,Mestrado,Região Metropolitana,Híbrido,Não-binário,Parda,0.5167767058193955
CAND_05881,1.3,61.0,Bacharelado,Capitais,Híbrido,Não-binário,Parda,0.24176044118624315
CAND_05882,3.4,41.0,Ensino Médio,Interior,Híbrido,Masculino,Parda,0.3960206408127657
CAND_05883,2.7,59.0,Bacharelado,Capitais,Presencial,Não-binário,Indígena,0.41881164375028074
CAND_05884,1.0,36.0,Mestrado,Capitais,Remoto,Feminino,Branca,0.2908631421576502
CAND_05885,2.4,45.0,Bacharelado,Capitais,Remoto,Não-binário,Preta,0.43678007437202293
CAND_05886,0.5,54.0,Bacharelado,Capitais,Remoto,Masculino,Parda,0.330171487006756
CAND_05887,6.5,56.0,Ensino Médio,Região Metropolitana,Híbrido,Feminino,Amarela,0.45633253274835706
CAND_05888,6.0,61.0,Bacharelado,Interior,Remoto,Não-binário,Preta,0.47643074555622966
CAND_05889,3.8,6.0,Bacharelado,Capitais,Híbrido,Feminino,Indígena,0.16023130922567036
CAND_05890,11.1,34.0,Bacharelado,Capitais,Presencial,Feminino,Preta,0.47010298619090546
CAND_05891,0.5,63.0,Ensino Médio,Interior,Remoto,Não-binário,Branca,0.3199969642194933
CAND_05892,8.0,47.0,Bacharelado,Capitais,Híbrido,Masculino,Amarela,0.4233404980928228
CAND_05893,5.7,62.0,Bacharelado,Região Metropolitana,Presencial,Feminino,Amarela,0.6485949328324533
CAND_05894,0.1,52.0,Bacharelado,Região Metropolitana,Remoto,Masculino,Amarela,0.29324276684857675
CAND_05895,6.6,49.0,Bacharelado,Capitais,Híbrido,Feminino,Parda,0.6477870514507155
CAND_05896,6.2,41.0,Bacharelado,Capitais,Remoto,Feminino,Parda,0.49934342728069336
CAND_05897,7.2,39.0,Bacharelado,Capitais,Remoto,Feminino,Parda,0.4173881029651136
CAND_05898,4.0,65.0,Bacharelado,Região Metropolitana,Remoto,Feminino,Branca,0.436160146779239
CAND_05899,2.5,57.0,Ensino Médio,Interior,Presencial,Masculino,Branca,0.34489117788204277
CAND_05900,3.4,49.0,Bacharelado,Capitais,Híbrido,Masculino,Amarela,0.43149032237627893
CAND_05901,6.9,45.0,Bacharelado,Capitais,Híbrido,Não-binário,Indígena,0.5592839080617034
CAND_05902,1.8,48.0,Bacharelado,Interior,Híbrido,Masculino,Preta,0.5699135709574032
CAND_05903,5.2,33.0,Bacharelado,Capitais,Híbrido,Masculino,Indígena,0.29062289824066484
CAND_05904,9.4,37.0,Bacharelado,Capitais,Remoto,Não-binário,Preta,0.41452285995852706
CAND_05905,6.5,64.0,Mestrado,Interior,Presencial,Feminino,Parda,0.4520836857892898
CAND_05906,6.5,39.0,Bacharelado,Capitais,Híbrido,Não-binário,Branca,0.32510071650136785
CAND_05907,8.4,48.0,Mestrado,Capitais,Remoto,Masculino,Indígena,0.5932659209536816
CAND_05908,6.4,55.0,Bacharelado,Região Metropolitana,Híbrido,Masculino,Branca,0.4784711383676821
CAND_05909,5.2,57.0,Bacharelado,Região Metropolitana,Remoto,Masculino,Amarela,0.48899344694773234
CAND_05910,3.3,29.0,Mestrado,Região Metropolitana,Híbrido,Masculino,Amarela,0.5124937359959264
CAND_05911,3.3,38.0,Mestrado,Capitais,Presencial,Masculino,Branca,0.49762898623534846
CAND_05912,7.8,53.0,Doutorado,Região Metropolitana,Presencial,Não-binário,Indígena,0.7205302812189563
CAND_05913,5.2,66.0,Ensino Médio,Interior,Híbrido,Feminino,Preta,0.46504006903114375
CAND_05914,2.3,37.0,Mestrado,Capitais,Híbrido,Feminino,Preta,0.32437791559537765
CAND_05915,6.2,77.0,Bacharelado,Região Metropolitana,Presencial,Feminino,Preta,0.4555994727022067
CAND_05916,10.0,41.0,Bacharelado,Capitais,Remoto,Não-binário,Indígena,0.4621345253227137
CAND_05917,0.2,42.0,Bacharelado,Interior,Presencial,Não-binário,Preta,0.3215345377808428
CAND_05918,4.9,41.0,Bacharelado,Capitais,Híbrido,Feminino,Parda,0.3310378803368687
CAND_05919,4.4,38.0,Bacharelado,Capitais,Presencial,Não-binário,Parda,0.3410330575095334
CAND_05920,9.2,47.0,Bacharelado,Região Metropolitana,Híbrido,Feminino,Parda,0.38489169723082817
CAND_05921,4.8,57.0,Bacharelado,Região Metropolitana,Presencial,Não-binário,Amarela,0.4091314869937163
CAND_05922,5.3,73.0,Bacharelado,Capitais,Presencial,Feminino,Indígena,0.5947254763469796
CAND_05923,5.6,63.0,Bacharelado,Capitais,Presencial,Não-binário,Amarela,0.4626404046635554
CAND_05924,7.3,49.0,Ensino Médio,Região Metropolitana,Remoto,Não-binário,Branca,0.5617980924053332
CAND_05925,7.5,49.0,Bacharelado,Capitais,Remoto,Masculino,Indígena,0.5278490312474314
CAND_05926,2.9,66.0,Bacharelado,Capitais,Remoto,Feminino,Parda,0.5176462534363112
CAND_05927,1.2,25.0,Doutorado,Capitais,Remoto,Não-binário,Amarela,0.4806620426162522
CAND_05928,0.6,41.0,Bacharelado,Capitais,Remoto,Feminino,Indígena,0.234985246594834
CAND_05929,4.1,23.0,Bacharelado,Capitais,Remoto,Não-binário,Amarela,0.35019702335911507
CAND_05930,9.0,47.0,Mestrado,Região Metropolitana,Híbrido,Masculino,Indígena,0.643648873035323
CAND_05931,1.3,44.0,Bacharelado,Região Metropolitana,Presencial,Não-binário,Indígena,0.2916112164781272
CAND_05932,11.2,42.0,Doutorado,Capitais,Presencial,Masculino,Indígena,0.4387837587023361
CAND_05933,6.1,55.0,Ensino Médio,Região Metropolitana,Remoto,Masculino,Branca,0.27806673946406746
CAND_05934,0.0,38.0,Bacharelado,Capitais,Presencial,Feminino,Amarela,0.21171429880913153
CAND_05935,3.1,41.0,Mestrado,Região Metropolitana,Híbrido,Masculino,Branca,0.3903274515131173
CAND_05936,6.5,58.0,Mestrado,Capitais,Remoto,Feminino,Indígena,0.6548405895848877
CAND_05937,7.4,36.0,Bacharelado,Capitais,Presencial,Feminino,Parda,0.5453779817449473
CAND_05938,0.0,42.0,Bacharelado,Capitais,Remoto,Feminino,Parda,0.33248925448277117
CAND_05939,9.8,49.0,Bacharelado,Capitais,Híbrido,Não-binário,Indígena,0.5562257644585189
CAND_05940,6.7,57.0,Ensino Médio,Capitais,Presencial,Não-binário,Parda,0.39428987585399927
CAND_05941,5.9,62.0,Bacharelado,Região Metropolitana,Presencial,Não-binário,Branca,0.5741628229227215
CAND_05942,13.0,48.0,Bacharelado,Capitais,Remoto,Masculino,Preta,0.5980749592467726
CAND_05943,3.3,72.0,Mestrado,Capitais,Híbrido,Não-binário,Indígena,0.41648866673891444
CAND_05944,3.4,43.0,Mestrado,Capitais,Híbrido,Feminino,Branca,0.48720057635822417
CAND_05945,11.2,52.0,Mestrado,Região Metropolitana,Híbrido,Feminino,Indígena,0.7327686448417701
CAND_05946,3.2,62.0,Mestrado,Capitais,Híbrido,Masculino,Indígena,0.6436283220968813
CAND_05947,5.0,33.0,Bacharelado,Interior,Remoto,Feminino,Preta,0.5549215150592813
CAND_05948,0.0,71.0,Bacharelado,Região Metropolitana,Híbrido,Não-binário,Amarela,0.34474761784731767
CAND_05949,10.1,40.0,Doutorado,Capitais,Híbrido,Não-binário,Indígena,0.7099598258873361
CAND_05950,2.6,57.0,Bacharelado,Região Metropolitana,Híbrido,Não-binário,Parda,0.3717416559657663
CAND_05951,6.1,34.0,Bacharelado,Capitais,Híbrido,Feminino,Preta,0.2419631011740903
CAND_05952,7.8,33.0,Bacharelado,Região Metropolitana,Remoto,Feminino,Indígena,0.20487916143092752
CAND_05953,4.1,48.0,Bacharelado,Capitais,Remoto,Feminino,Indígena,0.45447111538636425
CAND_05954,8.2,68.0,Doutorado,Capitais,Remoto,Feminino,Branca,0.7949912187805427
CAND_05955,0.7,63.0,Ensino Médio,Região Metropolitana,Presencial,Feminino,Branca,0.3077109599985311
CAND_05956,6.0,57.0,Ensino Médio,Capitais,Híbrido,Feminino,Indígena,0.48849901441423266
CAND_05957,5.0,81.0,Doutorado,Capitais,Remoto,Não-binário,Preta,0.5652797302152264
CAND_05958,10.9,41.0,Bacharelado,Capitais,Híbrido,Masculino,Amarela,0.6703520282814468
CAND_05959,6.3,80.0,Bacharelado,Região Metropolitana,Híbrido,Não-binário,Preta,0.5452158301936277
CAND_05960,2.9,37.0,Bacharelado,Região Metropolitana,Híbrido,Não-binário,Branca,0.2553280655988174
CAND_05961,8.1,47.0,Bacharelado,Região Metropolitana,Remoto,Feminino,Amarela,0.5564309274162178
CAND_05962,5.2,53.0,Bacharelado,Capitais,Híbrido,Feminino,Parda,0.48474041108902177
CAND_05963,6.6,54.0,Bacharelado,Capitais,Remoto,Não-binário,Indígena,0.5024757813360581
CAND_05964,5.3,60.0,Bacharelado,Região Metropolitana,Remoto,Feminino,Indígena,0.47838075198159186
CAND_05965,3.7,30.0,Bacharelado,Região Metropolitana,Remoto,Masculino,Amarela,0.42984987457227775
CAND_05966,6.1,60.0,Bacharelado,Capitais,Híbrido,Masculino,Preta,0.4778133445434322
CAND_05967,4.1,20.0,Bacharelado,Região Metropolitana,Presencial,Masculino,Branca,0.3563540789291521
CAND_05968,10.2,44.0,Bacharelado,Capitais,Presencial,Não-binário,Branca,0.44172176349104425
CAND_05969,0.0,35.0,Bacharelado,Capitais,Híbrido,Feminino,Indígena,0.2810444080797633
CAND_05970,5.6,47.0,Bacharelado,Capitais,Híbrido,Não-binário,Parda,0.27391735401369427
CAND_05971,1.8,40.0,Ensino Médio,Região Metropolitana,Híbrido,Feminino,Amarela,0.2966225332956622
CAND_05972,4.0,47.0,Bacharelado,Capitais,Híbrido,Masculino,Branca,0.4219156164907409
CAND_05973,2.6,65.0,Bacharelado,Capitais,Remoto,Feminino,Amarela,0.4118706026396723
CAND_05974,4.8,29.0,Bacharelado,Capitais,Híbrido,Masculino,Indígena,0.29555541098181565
CAND_05975,1.8,56.0,Mestrado,Capitais,Presencial,Masculino,Amarela,0.5553143802357707
CAND_05976,4.7,71.0,Bacharelado,Região Metropolitana,Híbrido,Masculino,Amarela,0.43137493512736425
CAND_05977,4.1,92.0,Bacharelado,Região Metropolitana,Remoto,Feminino,Parda,0.5691452631341409
CAND_05978,4.5,43.0,Bacharelado,Capitais,Híbrido,Masculino,Amarela,0.44483291450626006
CAND_05979,7.8,41.0,Doutorado,Capitais,Híbrido,Feminino,Indígena,0.5095627156704277
CAND_05980,3.8,31.0,Mestrado,Capitais,Híbrido,Masculino,Parda,0.3631612542555119
CAND_05981,6.2,25.0,Bacharelado,Capitais,Presencial,Não-binário,Amarela,0.4074685616529187
CAND_05982,10.7,57.0,Doutorado,Região Metropolitana,Híbrido,Não-binário,Indígena,0.5986241364490991
CAND_05983,1.6,70.0,Mestrado,Região Metropolitana,Híbrido,Não-binário,Branca,0.5726330516684
CAND_05984,6.5,64.0,Bacharelado,Capitais,Híbrido,Feminino,Amarela,0.5916013345601081
CAND_05985,2.0,37.0,Bacharelado,Capitais,Híbrido,Não-binário,Parda,0.41415882507809465
CAND_05986,6.4,66.0,Bacharelado,Capitais,Híbrido,Feminino,Preta,0.5184261879108021
CAND_05987,1.8,72.0,Ensino Médio,Interior,Remoto,Masculino,Indígena,0.503621457711164
CAND_05988,6.1,42.0,Mestrado,Capitais,Remoto,Masculino,Amarela,0.4967794460420879
CAND_05989,10.7,77.0,Ensino Médio,Região Metropolitana,Presencial,Não-binário,Preta,0.5600181707809281
CAND_05990,6.1,52.0,Bacharelado,Interior,Híbrido,Não-binário,Parda,0.49919057654647
CAND_05991,4.3,54.0,Mestrado,Capitais,Presencial,Feminino,Parda,0.4137186878431426
CAND_05992,6.0,45.0,Bacharelado,Região Metropolitana,Presencial,Feminino,Parda,0.5009191992895297
CAND_05993,0.0,21.0,Ensino Médio,Capitais,Remoto,Masculino,Branca,0.21932955484780317
CAND_05994,6.8,47.0,Bacharelado,Capitais,Híbrido,Não-binário,Parda,0.4270191548822862
CAND_05995,3.7,49.0,Mestrado,Capitais,Presencial,Masculino,Branca,0.4806395207608427
CAND_05996,8.2,46.0,Bacharelado,Capitais,Remoto,Feminino,Preta,0.47773797415634517
CAND_05997,5.4,33.0,Mestrado,Região Metropolitana,Presencial,Não-binário,Indígena,0.5227674435610002
CAND_05998,0.6,60.0,Bacharelado,Interior,Híbrido,Não-binário,Preta,0.4221498482928118
CAND_05999,4.2,41.0,Ensino Médio,Interior,Híbrido,Feminino,Branca,0.42337977861759174
CAND_06000,0.1,29.0,Doutorado,Interior,Híbrido,Masculino,Branca,0.3525879481150177
CAND_06001,7.1,42.0,Bacharelado,Capitais,Híbrido,Masculino,Indígena,0.7115811900996418
CAND_06002,2.7,47.0,Bacharelado,Capitais,Remoto,Feminino,Branca,0.5322158255905356
CAND_06003,7.3,71.0,Ensino Médio,Capitais,Remoto,Masculino,Branca,0.4303232409691837
CAND_06004,1.3,35.0,Bacharelado,Capitais,Presencial,Masculino,Parda,0.3933852746308513
CAND_06005,6.0,31.0,Bacharelado,Capitais,Presencial,Não-binário,Amarela,0.36417311943458613
CAND_06006,5.6,26.0,Bacharelado,Capitais,Remoto,Não-binário,Parda,0.3678785868040235
CAND_06007,7.8,23.0,Bacharelado,Interior,Remoto,Não-binário,Branca,0.36547791297168675
CAND_06008,2.5,67.0,Ensino Médio,Interior,Remoto,Não-binário,Amarela,0.4546521889638374
CAND_06009,6.5,89.0,Mestrado,Capitais,Híbrido,Masculino,Branca,0.5438210869835496
CAND_06010,2.9,72.0,Bacharelado,Região Metropolitana,Remoto,Feminino,Branca,0.43941309973500187
CAND_06011,7.7,44.0,Mestrado,Capitais,Presencial,Feminino,Amarela,0.470134644762399
CAND_06012,8.9,60.0,Bacharelado,Capitais,Presencial,Não-binário,Amarela,0.5289454901317756
CAND_06013,3.2,63.0,Bacharelado,Capitais,Remoto,Não-binário,Parda,0.28242049639015154
CAND_06014,3.0,50.0,Doutorado,Capitais,Remoto,Não-binário,Preta,0.44916460199610386
CAND_06015,0.9,68.0,Bacharelado,Interior,Híbrido,Masculino,Amarela,0.4259143582714801
CAND_06016,0.0,32.0,Mestrado,Capitais,Remoto,Feminino,Preta,0.26303362039934974
CAND_06017,7.4,76.0,Mestrado,Capitais,Presencial,Masculino,Indígena,0.6071771076483993
CAND_06018,8.4,45.0,Bacharelado,Capitais,Presencial,Feminino,Indígena,0.5133594773264276
CAND_06019,4.5,61.0,Bacharelado,Capitais,Presencial,Não-binário,Parda,0.6042209906116005
CAND_06020,2.3,42.0,Mestrado,Capitais,Remoto,Masculino,Amarela,0.484780304980489
CAND_06021,3.6,44.0,Bacharelado,Capitais,Híbrido,Feminino,Branca,0.4552402881431877
CAND_06022,5.5,34.0,Bacharelado,Capitais,Presencial,Feminino,Indígena,0.5989082082207013
CAND_06023,7.4,56.0,Mestrado,Região Metropolitana,Remoto,Masculino,Parda,0.5717224493196441
CAND_06024,1.7,48.0,Ensino Médio,Região Metropolitana,Remoto,Feminino,Preta,0.41597103095366533
CAND_06025,5.2,54.0,Bacharelado,Capitais,Presencial,Não-binário,Indígena,0.4840481235553792
CAND_06026,4.9,39.0,Bacharelado,Capitais,Híbrido,Não-binário,Parda,0.26668804589369133
CAND_06027,2.5,61.0,Doutorado,Capitais,Remoto,Masculino,Parda,0.5679496204834452
CAND_06028,7.4,41.0,Ensino Médio,Região Metropolitana,Presencial,Feminino,Amarela,0.4348534922282451
CAND_06029,7.7,61.0,Mestrado,Capitais,Remoto,Feminino,Indígena,0.4824491048102045
CAND_06030,4.5,51.0,Bacharelado,Capitais,Presencial,Masculino,Amarela,0.3189414190259895
CAND_06031,5.2,65.0,Bacharelado,Capitais,Híbrido,Feminino,Preta,0.5303734342883359
CAND_06032,1.9,46.0,Bacharelado,Capitais,Híbrido,Feminino,Parda,0.27923536722854386
CAND_06033,6.5,31.0,Ensino Médio,Interior,Híbrido,Não-binário,Preta,0.4668450976716855
CAND_06034,10.8,43.0,Mestrado,Região Metropolitana,Remoto,Masculino,Branca,0.6000624178061318
CAND_06035,8.2,47.0,Bacharelado,Capitais,Híbrido,Masculino,Indígena,0.44433818974873296
CAND_06036,4.1,47.0,Doutorado,Capitais,Híbrido,Não-binário,Parda,0.6049367654118532
CAND_06037,0.1,25.0,Bacharelado,Capitais,Híbrido,Masculino,Amarela,0.13286029096334767
CAND_06038,5.9,46.0,Bacharelado,Capitais,Presencial,Masculino,Preta,0.5332795373181173
CAND_06039,4.7,24.0,Mestrado,Capitais,Híbrido,Masculino,Branca,0.5404015548565273
CAND_06040,3.7,54.0,Mestrado,Interior,Remoto,Feminino,Parda,0.4963004116562254
CAND_06041,6.5,39.0,Bacharelado,Capitais,Híbrido,Masculino,Amarela,0.36890118027145197
CAND_06042,5.1,46.0,Bacharelado,Capitais,Híbrido,Feminino,Parda,0.5373975912274361
CAND_06043,2.6,52.0,Ensino Médio,Capitais,Presencial,Feminino,Indígena,0.47447894651831857
CAND_06044,6.6,60.0,Mestrado,Capitais,Remoto,Feminino,Amarela,0.5405579458330686
CAND_06045,4.3,64.0,Bacharelado,Capitais,Presencial,Masculino,Parda,0.45116758685748715
CAND_06046,2.5,38.0,Bacharelado,Região Metropolitana,Remoto,Masculino,Branca,0.36355435144221376
CAND_06047,2.5,40.0,Mestrado,Capitais,Remoto,Feminino,Parda,0.29997473998490387
CAND_06048,3.0,43.0,Mestrado,Capitais,Híbrido,Não-binário,Branca,0.6140248074618458
CAND_06049,4.1,39.0,Mestrado,Capitais,Presencial,Feminino,Parda,0.4797688030962166
CAND_06050,0.0,50.0,Doutorado,Região Metropolitana,Híbrido,Feminino,Parda,0.3073992927561735
CAND_06051,5.5,45.0,Bacharelado,Capitais,Presencial,Feminino,Amarela,0.2158786325781554
CAND_06052,10.0,69.0,Bacharelado,Região Metropolitana,Híbrido,Não-binário,Parda,0.3372584173742637
CAND_06053,0.6,80.0,Bacharelado,Interior,Presencial,Não-binário,Parda,0.5805087949609457
CAND_06054,0.0,40.0,Ensino Médio,Capitais,Presencial,Não-binário,Branca,0.18949995847948858
CAND_06055,7.3,48.0,Bacharelado,Capitais,Híbrido,Não-binário,Indígena,0.2967313900483755
CAND_06056,6.3,50.0,Bacharelado,Capitais,Híbrido,Não-binário,Parda,0.39593257817112315
CAND_06057,2.4,50.0,Mestrado,Região Metropolitana,Híbrido,Não-binário,Branca,0.5192083201296309
CAND_06058,0.0,33.0,Mestrado,Capitais,Híbrido,Masculino,Indígena,0.4541204348965343
CAND_06059,10.2,65.0,Bacharelado,Interior,Presencial,Masculino,Indígena,0.6303950853352787
CAND_06060,6.6,47.0,Bacharelado,Capitais,Presencial,Masculino,Amarela,0.28485834423830975
CAND_06061,3.7,83.0,Bacharelado,Capitais,Remoto,Masculino,Preta,0.6498152659255721
CAND_06062,3.4,50.0,Bacharelado,Capitais,Remoto,Feminino,Parda,0.3441985320441443
CAND_06063,3.3,46.0,Bacharelado,Interior,Remoto,Não-binário,Branca,0.6383543279945872
CAND_06064,6.5,63.0,Ensino Médio,Capitais,Presencial,Feminino,Amarela,0.37369216604750116
CAND_06065,1.0,76.0,Bacharelado,Capitais,Remoto,Masculino,Parda,0.49353386187090303
CAND_06066,4.2,50.0,Mestrado,Capitais,Presencial,Não-binário,Amarela,0.41755390453695523
CAND_06067,7.9,58.0,Bacharelado,Região Metropolitana,Remoto,Feminino,Indígena,0.6346470794282958
CAND_06068,3.2,37.0,Mestrado,Capitais,Híbrido,Masculino,Branca,0.382477346193158
CAND_06069,5.8,38.0,Bacharelado,Capitais,Presencial,Feminino,Branca,0.40557584255559676
CAND_06070,5.6,42.0,Bacharelado,Interior,Remoto,Masculino,Preta,0.46198042780442156
CAND_06071,13.4,56.0,Ensino Médio,Interior,Presencial,Feminino,Parda,0.3624046227071713
CAND_06072,4.5,75.0,Mestrado,Capitais,Presencial,Masculino,Branca,0.6709384724226936
CAND_06073,9.5,26.0,Bacharelado,Região Metropolitana,Presencial,Não-binário,Preta,0.5285755557181289
CAND_06074,6.3,43.0,Bacharelado,Interior,Híbrido,Feminino,Indígena,0.40529428868431294
CAND_06075,5.7,69.0,Bacharelado,Interior,Presencial,Não-binário,Indígena,0.6302462487275207
CAND_06076,3.7,73.0,Mestrado,Capitais,Remoto,Masculino,Preta,0.532986024907335
CAND_06077,6.3,67.0,Bacharelado,Capitais,Híbrido,Masculino,Amarela,0.4033534269722374
CAND_06078,8.3,50.0,Mestrado,Capitais,Híbrido,Feminino,Preta,0.3583741590991313
CAND_06079,8.3,62.0,Bacharelado,Capitais,Híbrido,Feminino,Indígena,0.6653968718273646
CAND_06080,5.0,35.0,Doutorado,Capitais,Híbrido,Masculino,Branca,0.3065130132427131
CAND_06081,6.1,56.0,Bacharelado,Capitais,Remoto,Não-binário,Preta,0.4515238717918339
CAND_06082,10.3,30.0,Bacharelado,Capitais,Híbrido,Masculino,Preta,0.47243256281051915
CAND_06083,3.8,47.0,Bacharelado,Região Metropolitana,Híbrido,Masculino,Branca,0.33416092129767816
CAND_06084,6.0,29.0,Mestrado,Região Metropolitana,Híbrido,Masculino,Amarela,0.369724820524851
CAND_06085,8.8,81.0,Bacharelado,Capitais,Remoto,Masculino,Amarela,0.4473839836964302
CAND_06086,7.2,50.0,Bacharelado,Interior,Remoto,Não-binário,Indígena,0.4576617761036044
CAND_06087,6.0,69.0,Doutorado,Região Metropolitana,Remoto,Masculino,Parda,0.7224148453292347
CAND_06088,3.7,9.0,Bacharelado,Capitais,Híbrido,Não-binário,Parda,0.1329803810854731
CAND_06089,6.0,50.0,Doutorado,Capitais,Híbrido,Masculino,Amarela,0.5732377196641677
CAND_06090,5.3,59.0,Bacharelado,Região Metropolitana,Remoto,Masculino,Amarela,0.53282419788429
CAND_06091,8.3,73.0,Mestrado,Interior,Híbrido,Masculino,Branca,0.6881389567376408
CAND_06092,6.0,64.0,Bacharelado,Região Metropolitana,Híbrido,Feminino,Indígena,0.5056003649529885
CAND_06093,5.5,54.0,Bacharelado,Região Metropolitana,Híbrido,Feminino,Preta,0.37612351461351273
CAND_06094,6.9,23.0,Mestrado,Capitais,Remoto,Masculino,Preta,0.13270007324712635
CAND_06095,7.0,46.0,Ensino Médio,Interior,Híbrido,Masculino,Preta,0.591187559776787
CAND_06096,6.7,54.0,Mestrado,Interior,Híbrido,Masculino,Indígena,0.37766490899579697
CAND_06097,5.4,48.0,Bacharelado,Capitais,Remoto,Não-binário,Amarela,0.357862829061934
CAND_06098,1.5,50.0,Bacharelado,Região Metropolitana,Híbrido,Masculino,Branca,0.351157735302434
CAND_06099,1.2,42.0,Mestrado,Região Metropolitana,Híbrido,Não-binário,Preta,0.3098488708384255
CAND_06100,3.1,61.0,Doutorado,Capitais,Híbrido,Masculino,Preta,0.6797535337826669
CAND_06101,11.7,61.0,Bacharelado,Interior,Remoto,Masculino,Preta,0.6937621938723755
CAND_06102,1.4,70.0,Mestrado,Interior,Híbrido,Não-binário,Preta,0.46055748060993884
CAND_06103,8.4,35.0,Bacharelado,Capitais,Remoto,Feminino,Branca,0.3425685397955491
CAND_06104,5.4,63.0,Mestrado,Capitais,Presencial,Masculino,Parda,0.5052053879709258
CAND_06105,9.0,33.0,Mestrado,Região Metropolitana,Remoto,Masculino,Branca,0.5381026516357673
CAND_06106,7.6,38.0,Bacharelado,Capitais,Presencial,Não-binário,Amarela,0.5494048916165328
CAND_06107,7.4,85.0,Bacharelado,Região Metropolitana,Híbrido,Feminino,Indígena,0.4397304033054376
CAND_06108,6.7,39.0,Bacharelado,Capitais,Presencial,Masculino,Amarela,0.4699709768687019
CAND_06109,0.0,35.0,Bacharelado,Região Metropolitana,Presencial,Não-binário,Amarela,0.13487388821532006
CAND_06110,8.9,57.0,Bacharelado,Capitais,Presencial,Feminino,Preta,0.6848695666000415
CAND_06111,4.1,58.0,Bacharelado,Capitais,Híbrido,Não-binário,Indígena,0.5835233811740569
CAND_06112,10.7,39.0,Bacharelado,Região Metropolitana,Híbrido,Feminino,Parda,0.4999430053817055
CAND_06113,7.2,40.0,Bacharelado,Capitais,Presencial,Feminino,Preta,0.45253780483728284
CAND_06114,0.0,36.0,Mestrado,Interior,Híbrido,Feminino,Indígena,0.4401013495288778
CAND_06115,3.2,56.0,Ensino Médio,Capitais,Presencial,Não-binário,Parda,0.3805412566742195
CAND_06116,0.0,57.0,Doutorado,Interior,Presencial,Feminino,Parda,0.41156583677355496
CAND_06117,1.1,43.0,Bacharelado,Capitais,Remoto,Não-binário,Preta,0.2969683106596476
CAND_06118,6.5,40.0,Bacharelado,Capitais,Híbrido,Masculino,Branca,0.4612350666420019
CAND_06119,9.0,55.0,Mestrado,Capitais,Remoto,Feminino,Indígena,0.49985222656515166
CAND_06120,7.4,40.0,Bacharelado,Capitais,Híbrido,Não-binário,Parda,0.4753244835882788
CAND_06121,1.9,50.0,Ensino Médio,Capitais,Remoto,Masculino,Branca,0.4391851504287049
CAND_06122,8.9,59.0,Bacharelado,Interior,Remoto,Masculino,Parda,0.6312531835252615
CAND_06123,7.6,67.0,Bacharelado,Região Metropolitana,Presencial,Masculino,Amarela,0.8396937439428349
CAND_06124,11.8,47.0,Bacharelado,Capitais,Híbrido,Feminino,Preta,0.5286836444252863
CAND_06125,6.1,55.0,Bacharelado,Região Metropolitana,Híbrido,Feminino,Branca,0.5890997103209773
CAND_06126,1.6,53.0,Mestrado,Capitais,Híbrido,Masculino,Branca,0.32590671056448006
CAND_06127,6.2,19.0,Bacharelado,Região Metropolitana,Híbrido,Feminino,Parda,0.3893285748864287
CAND_06128,4.9,31.0,Ensino Médio,Capitais,Híbrido,Feminino,Indígena,0.43734237558500433
CAND_06129,13.6,38.0,Doutorado,Capitais,Remoto,Não-binário,Parda,0.6770346800840328
CAND_06130,5.1,61.0,Ensino Médio,Região Metropolitana,Híbrido,Não-binário,Amarela,0.3575017363705396
CAND_06131,2.8,46.0,Bacharelado,Interior,Remoto,Masculino,Branca,0.2591000778571839
CAND_06132,6.5,34.0,Mestrado,Capitais,Híbrido,Feminino,Indígena,0.42993299325215595
CAND_06133,1.1,54.0,Bacharelado,Interior,Remoto,Não-binário,Amarela,0.5084919076818777
CAND_06134,6.7,16.0,Bacharelado,Capitais,Híbrido,Feminino,Amarela,0.175796575045754
CAND_06135,3.7,54.0,Bacharelado,Capitais,Remoto,Masculino,Indígena,0.41637355417474475
CAND_06136,6.0,68.0,Mestrado,Região Metropolitana,Híbrido,Não-binário,Parda,0.6003164496541583
CAND_06137,0.0,31.0,Bacharelado,Interior,Remoto,Masculino,Preta,0.12262569855502439
CAND_06138,6.3,65.0,Bacharelado,Interior,Remoto,Não-binário,Preta,0.6381468486585751
CAND_06139,7.0,57.0,Bacharelado,Capitais,Remoto,Masculino,Preta,0.5619995059291422
CAND_06140,6.5,48.0,Bacharelado,Interior,Remoto,Masculino,Parda,0.5559633425775695
CAND_06141,3.6,25.0,Bacharelado,Capitais,Híbrido,Não-binário,Preta,0.46860338922089484
CAND_06142,3.7,62.0,Doutorado,Capitais,Remoto,Feminino,Amarela,0.6311695217964901
CAND_06143,3.3,60.0,Bacharelado,Capitais,Remoto,Não-binário,Branca,0.5893193912122122
CAND_06144,6.6,51.0,Bacharelado,Capitais,Presencial,Não-binário,Preta,0.39182503723755024
CAND_06145,9.5,36.0,Bacharelado,Capitais,Híbrido,Masculino,Branca,0.5052128789670226
CAND_06146,4.6,38.0,Bacharelado,Capitais,Híbrido,Masculino,Preta,0.4130784654217542
CAND_06147,9.0,39.0,Mestrado,Região Metropolitana,Remoto,Masculino,Branca,0.3362529635978139
CAND_06148,3.3,58.0,Doutorado,Capitais,Híbrido,Masculino,Indígena,0.7021209564394821
CAND_06149,8.6,58.0,Bacharelado,Capitais,Remoto,Masculino,Indígena,0.597478382672945
CAND_06150,7.2,29.0,Ensino Médio,Capitais,Remoto,Masculino,Branca,0.3084321407124385
CAND_06151,1.6,48.0,Bacharelado,Capitais,Presencial,Não-binário,Indígena,0.447342210926611
CAND_06152,6.8,83.0,Bacharelado,Região Metropolitana,Híbrido,Feminino,Amarela,0.6902909814840463
CAND_06153,4.7,49.0,Bacharelado,Região Metropolitana,Remoto,Masculino,Preta,0.5277010937656398
CAND_06154,8.2,41.0,Bacharelado,Região Metropolitana,Presencial,Masculino,Parda,0.47502083693485947
CAND_06155,7.1,45.0,Bacharelado,Capitais,Presencial,Feminino,Preta,0.4604180815825088
CAND_06156,4.8,13.0,Mestrado,Capitais,Presencial,Masculino,Preta,0.5629891827700286
CAND_06157,3.3,42.0,Mestrado,Região Metropolitana,Remoto,Não-binário,Parda,0.4944830014566046
CAND_06158,4.5,50.0,Bacharelado,Capitais,Híbrido,Feminino,Preta,0.40388587820222244
CAND_06159,5.6,62.0,Ensino Médio,Capitais,Remoto,Masculino,Parda,0.46273933008753493
CAND_06160,6.8,17.0,Bacharelado,Capitais,Híbrido,Masculino,Preta,0.3723657329053778
CAND_06161,6.4,69.0,Mestrado,Interior,Híbrido,Masculino,Branca,0.4240019963439313
CAND_06162,4.1,49.0,Bacharelado,Capitais,Remoto,Feminino,Amarela,0.28521589827734833
CAND_06163,1.4,40.0,Mestrado,Interior,Presencial,Não-binário,Indígena,0.39751250373911967
CAND_06164,6.3,48.0,Mestrado,Capitais,Híbrido,Feminino,Amarela,0.7674484831807215
CAND_06165,6.8,60.0,Bacharelado,Capitais,Remoto,Feminino,Indígena,0.5212487795715477
CAND_06166,5.3,66.0,Bacharelado,Região Metropolitana,Remoto,Não-binário,Branca,0.4745847534976637
CAND_06167,0.0,47.0,Bacharelado,Capitais,Presencial,Não-binário,Indígena,0.2619639587216147
CAND_06168,4.3,62.0,Bacharelado,Capitais,Presencial,Não-binário,Amarela,0.6890672210193047
CAND_06169,0.3,59.0,Bacharelado,Interior,Híbrido,Masculino,Amarela,0.4838849791244536
CAND_06170,6.2,36.0,Bacharelado,Região Metropolitana,Presencial,Masculino,Branca,0.3616180132149661
CAND_06171,0.6,42.0,Doutorado,Região Metropolitana,Híbrido,Masculino,Amarela,0.2935241033114636
CAND_06172,5.5,49.0,Bacharelado,Capitais,Presencial,Masculino,Branca,0.5623649898975738
CAND_06173,5.4,60.0,Bacharelado,Capitais,Híbrido,Masculino,Parda,0.6173679135086751
CAND_06174,8.0,41.0,Mestrado,Região Metropolitana,Híbrido,Não-binário,Indígena,0.5342979744437939
CAND_06175,4.9,62.0,Bacharelado,Capitais,Presencial,Não-binário,Indígena,0.43267097468063226
CAND_06176,5.9,36.0,Bacharelado,Região Metropolitana,Híbrido,Não-binário,Branca,0.4931451766891223
CAND_06177,5.6,60.0,Bacharelado,Capitais,Híbrido,Feminino,Parda,0.5440655106029962
CAND_06178,5.0,32.0,Bacharelado,Interior,Remoto,Masculino,Indígena,0.21512905390975023
CAND_06179,8.1,71.0,Bacharelado,Capitais,Híbrido,Feminino,Indígena,0.6024374279705242
CAND_06180,8.4,29.0,Mestrado,Capitais,Remoto,Feminino,Parda,0.5746699975553033
CAND_06181,3.6,57.0,Mestrado,Capitais,Híbrido,Não-binário,Parda,0.4883274498909703
CAND_06182,2.9,43.0,Bacharelado,Região Metropolitana,Remoto,Masculino,Indígena,0.32730166575946745
CAND_06183,6.6,40.0,Bacharelado,Capitais,Presencial,Feminino,Branca,0.2637441191162636
CAND_06184,5.1,63.0,Bacharelado,Região Metropolitana,Remoto,Não-binário,Amarela,0.4345473198984488
CAND_06185,4.6,59.0,Bacharelado,Região Metropolitana,Híbrido,Não-binário,Indígena,0.4433518388762627
CAND_06186,0.7,50.0,Mestrado,Região Metropolitana,Presencial,Não-binário,Parda,0.37177854490992474
CAND_06187,8.3,57.0,Bacharelado,Capitais,Presencial,Masculino,Preta,0.7003016643341364
CAND_06188,0.8,76.0,Bacharelado,Região Metropolitana,Híbrido,Feminino,Indígena,0.41668309717011087
CAND_06189,4.2,23.0,Bacharelado,Capitais,Híbrido,Não-binário,Parda,0.13237130075729836
CAND_06190,2.8,11.0,Bacharelado,Região Metropolitana,Remoto,Masculino,Preta,0.2705781016793525
CAND_06191,1.1,43.0,Mestrado,Capitais,Remoto,Não-binário,Preta,0.28261351757876557
CAND_06192,12.7,45.0,Doutorado,Capitais,Presencial,Masculino,Branca,0.6844135042156863
CAND_06193,3.9,58.0,Mestrado,Região Metropolitana,Presencial,Masculino,Parda,0.4561025153982015
CAND_06194,4.9,53.0,Mestrado,Capitais,Híbrido,Masculino,Parda,0.41983067137008734
CAND_06195,10.1,51.0,Bacharelado,Capitais,Remoto,Masculino,Preta,0.2935724182206795
CAND_06196,6.2,36.0,Bacharelado,Interior,Remoto,Feminino,Preta,0.3607483015023888
CAND_06197,4.6,54.0,Ensino Médio,Capitais,Presencial,Feminino,Preta,0.5513912511192207
CAND_06198,4.2,63.0,Bacharelado,Região Metropolitana,Presencial,Masculino,Parda,0.45995518976653965
CAND_06199,4.3,55.0,Mestrado,Região Metropolitana,Presencial,Feminino,Indígena,0.49362724528570007
CAND_06200,8.7,52.0,Bacharelado,Capitais,Presencial,Não-binário,Branca,0.6832055645569767
CAND_06201,7.4,63.0,Bacharelado,Capitais,Híbrido,Feminino,Amarela,0.6918341450794798
CAND_06202,3.2,48.0,Bacharelado,Capitais,Híbrido,Feminino,Amarela,0.3482394112844135
CAND_06203,3.0,48.0,Bacharelado,Região Metropolitana,Presencial,Masculino,Preta,0.3950182517033393
CAND_06204,8.9,62.0,Bacharelado,Capitais,Presencial,Feminino,Branca,0.6367960373749945
CAND_06205,3.9,51.0,Mestrado,Região Metropolitana,Presencial,Masculino,Amarela,0.4095861803157171
CAND_06206,9.6,47.0,Mestrado,Capitais,Híbrido,Feminino,Parda,0.5509993704654133
CAND_06207,0.0,70.0,Ensino Médio,Capitais,Presencial,Feminino,Amarela,0.39277931116433995
CAND_06208,9.0,37.0,Mestrado,Capitais,Presencial,Feminino,Parda,0.4714851110814281
CAND_06209,5.5,49.0,Doutorado,Capitais,Híbrido,Não-binário,Parda,0.6575656347776747
CAND_06210,5.6,36.0,Bacharelado,Capitais,Presencial,Não-binário,Preta,0.4558726373444245
CAND_06211,7.3,45.0,Ensino Médio,Capitais,Remoto,Não-binário,Parda,0.4901712325610894
CAND_06212,3.6,57.0,Ensino Médio,Capitais,Híbrido,Feminino,Preta,0.5020689675840534
CAND_06213,7.4,47.0,Bacharelado,Capitais,Remoto,Feminino,Amarela,0.5760471527706121
CAND_06214,8.2,71.0,Bacharelado,Região Metropolitana,Presencial,Não-binário,Parda,0.6387518194539107
CAND_06215,2.2,32.0,Bacharelado,Região Metropolitana,Híbrido,Masculino,Preta,0.25730977907073876
CAND_06216,6.3,53.0,Bacharelado,Capitais,Remoto,Não-binário,Preta,0.6126482725185438
CAND_06217,5.6,56.0,Bacharelado,Capitais,Híbrido,Feminino,Amarela,0.3835029181561033
CAND_06218,1.7,54.0,Bacharelado,Capitais,Remoto,Masculino,Parda,0.31318897053176076
CAND_06219,3.1,71.0,Bacharelado,Região Metropolitana,Remoto,Feminino,Branca,0.5208470528257781
CAND_06220,4.6,64.0,Bacharelado,Região Metropolitana,Remoto,Não-binário,Branca,0.5706286297859282
CAND_06221,4.7,27.0,Mestrado,Capitais,Híbrido,Masculino,Branca,0.4782415861151302
CAND_06222,2.2,67.0,Bacharelado,Capitais,Remoto,Masculino,Parda,0.6209493880350911
CAND_06223,7.2,57.0,Bacharelado,Capitais,Presencial,Masculino,Preta,0.5183442486142072
CAND_06224,9.8,55.0,Bacharelado,Capitais,Remoto,Masculino,Indígena,0.6220988838826671
CAND_06225,6.8,39.0,Bacharelado,Capitais,Presencial,Masculino,Parda,0.5563001227432547
CAND_06226,6.9,45.0,Bacharelado,Região Metropolitana,Híbrido,Feminino,Branca,0.37670307271756653
CAND_06227,10.8,48.0,Bacharelado,Capitais,Presencial,Feminino,Branca,0.5546337993078926
CAND_06228,5.5,40.0,Ensino Médio,Região Metropolitana,Híbrido,Não-binário,Amarela,0.31720298640430855
CAND_06229,4.9,40.0,Bacharelado,Capitais,Presencial,Masculino,Amarela,0.512826880212195
CAND_06230,12.2,51.0,Bacharelado,Região Metropolitana,Híbrido,Não-binário,Branca,0.7245223988947983
CAND_06231,9.0,56.0,Mestrado,Região Metropolitana,Híbrido,Masculino,Preta,0.5797500787553161
CAND_06232,6.6,81.0,Bacharelado,Capitais,Híbrido,Masculino,Parda,0.6741870873867056
CAND_06233,4.3,51.0,Ensino Médio,Capitais,Híbrido,Não-binário,Preta,0.40238785001514576
CAND_06234,7.1,83.0,Bacharelado,Região Metropolitana,Remoto,Feminino,Preta,0.6312965047514945
CAND_06235,1.8,51.0,Bacharelado,Capitais,Híbrido,Masculino,Preta,0.3640053947279142
CAND_06236,4.6,47.0,Bacharelado,Região Metropolitana,Presencial,Não-binário,Amarela,0.5372104210220251
CAND_06237,4.2,48.0,Bacharelado,Capitais,Híbrido,Masculino,Amarela,0.5432811773972527
CAND_06238,4.6,30.0,Doutorado,Capitais,Presencial,Não-binário,Indígena,0.5446658742518636
CAND_06239,7.5,44.0,Mestrado,Região Metropolitana,Remoto,Não-binário,Indígena,0.5279055193602409
CAND_06240,0.8,50.0,Ensino Médio,Região Metropolitana,Remoto,Masculino,Indígena,0.3833669247497196
CAND_06241,8.6,63.0,Mestrado,Região Metropolitana,Presencial,Masculino,Parda,0.7421449063075496
CAND_06242,3.6,26.0,Bacharelado,Capitais,Remoto,Feminino,Branca,0.43648734498819985
CAND_06243,5.3,65.0,Mestrado,Capitais,Remoto,Masculino,Branca,0.5997886960040485
CAND_06244,6.1,75.0,Bacharelado,Região Metropolitana,Híbrido,Masculino,Preta,0.46445752918718286
CAND_06245,4.4,43.0,Mestrado,Capitais,Remoto,Não-binário,Branca,0.4311051124915228
CAND_06246,3.9,26.0,Bacharelado,Capitais,Remoto,Masculino,Branca,0.490080146970626
CAND_06247,3.9,23.0,Mestrado,Capitais,Híbrido,Não-binário,Preta,0.2535706346620868
CAND_06248,9.2,23.0,Mestrado,Capitais,Presencial,Masculino,Preta,0.6147640649187456
CAND_06249,4.9,63.0,Bacharelado,Capitais,Híbrido,Não-binário,Preta,0.48756975511880274
CAND_06250,6.2,54.0,Bacharelado,Região Metropolitana,Remoto,Masculino,Parda,0.45575284212574174
CAND_06251,4.1,53.0,Bacharelado,Região Metropolitana,Presencial,Não-binário,Branca,0.20498044433870044
CAND_06252,5.1,32.0,Bacharelado,Capitais,Remoto,Masculino,Branca,0.4120574036555144
CAND_06253,2.3,62.0,Mestrado,Capitais,Remoto,Feminino,Amarela,0.5666648968140963
CAND_06254,2.3,40.0,Mestrado,Capitais,Presencial,Masculino,Preta,0.32512118357812547
CAND_06255,3.5,47.0,Bacharelado,Região Metropolitana,Remoto,Não-binário,Indígena,0.27000994377398174
CAND_06256,7.7,65.0,Ensino Médio,Região Metropolitana,Híbrido,Feminino,Indígena,0.5903308298759045
CAND_06257,2.8,55.0,Bacharelado,Capitais,Remoto,Feminino,Parda,0.5076806324154436
CAND_06258,2.1,44.0,Mestrado,Capitais,Presencial,Masculino,Parda,0.5158737655681067
CAND_06259,8.3,41.0,Ensino Médio,Capitais,Presencial,Não-binário,Parda,0.42262875775402825
CAND_06260,1.0,55.0,Bacharelado,Capitais,Presencial,Masculino,Preta,0.47452360328691245
CAND_06261,0.0,74.0,Bacharelado,Região Metropolitana,Remoto,Masculino,Branca,0.47753194500841323
CAND_06262,1.5,67.0,Ensino Médio,Capitais,Remoto,Não-binário,Branca,0.40037595233294104
CAND_06263,2.7,43.0,Bacharelado,Capitais,Remoto,Não-binário,Preta,0.5386617926807146
CAND_06264,2.7,33.0,Bacharelado,Capitais,Remoto,Não-binário,Parda,0.2593691657155166
CAND_06265,7.2,76.0,Bacharelado,Capitais,Híbrido,Masculino,Indígena,0.5708831575968377
CAND_06266,5.8,63.0,Bacharelado,Capitais,Presencial,Não-binário,Amarela,0.5374100354248624
CAND_06267,4.7,66.0,Bacharelado,Capitais,Remoto,Não-binário,Branca,0.4334099208156626
CAND_06268,5.9,56.0,Mestrado,Região Metropolitana,Presencial,Não-binário,Amarela,0.6134465035267843
CAND_06269,6.0,48.0,Bacharelado,Região Metropolitana,Híbrido,Masculino,Parda,0.5566971221141581
CAND_06270,6.4,54.0,Mestrado,Capitais,Remoto,Não-binário,Parda,0.5827923825605501
CAND_06271,8.2,49.0,Mestrado,Capitais,Remoto,Não-binário,Parda,0.5613746393173175
CAND_06272,8.8,51.0,Bacharelado,Interior,Híbrido,Masculino,Amarela,0.6321042040719009
CAND_06273,5.4,57.0,Doutorado,Capitais,Remoto,Masculino,Parda,0.6510826218771669
CAND_06274,7.1,63.0,Bacharelado,Região Metropolitana,Presencial,Feminino,Branca,0.6466631226899697
CAND_06275,0.0,51.0,Bacharelado,Capitais,Presencial,Feminino,Amarela,0.3245397623713271
CAND_06276,6.7,42.0,Ensino Médio,Região Metropolitana,Remoto,Masculino,Preta,0.5514500777220308
CAND_06277,10.0,48.0,Mestrado,Capitais,Híbrido,Masculino,Parda,0.7411850214827659
CAND_06278,3.7,50.0,Bacharelado,Capitais,Híbrido,Masculino,Parda,0.4323880851479888
CAND_06279,4.5,38.0,Bacharelado,Capitais,Presencial,Feminino,Amarela,0.30293322827667946
CAND_06280,2.9,38.0,Bacharelado,Interior,Híbrido,Feminino,Parda,0.2764051873193007
CAND_06281,4.7,37.0,Mestrado,Capitais,Híbrido,Feminino,Amarela,0.4553815122554767
CAND_06282,0.0,83.0,Ensino Médio,Capitais,Remoto,Feminino,Preta,0.347504694100711
CAND_06283,5.5,60.0,Bacharelado,Capitais,Presencial,Feminino,Preta,0.4059852791910661
CAND_06284,4.5,53.0,Bacharelado,Capitais,Remoto,Masculino,Preta,0.377926840091177
CAND_06285,10.4,52.0,Mestrado,Capitais,Remoto,Masculino,Preta,0.8295212026312726
CAND_06286,1.6,76.0,Bacharelado,Região Metropolitana,Remoto,Feminino,Preta,0.49437432771051815
CAND_06287,8.1,27.0,Mestrado,Capitais,Híbrido,Masculino,Amarela,0.48247717681779406
CAND_06288,6.4,56.0,Bacharelado,Região Metropolitana,Híbrido,Feminino,Indígena,0.5646239903176765
CAND_06289,2.1,57.0,Mestrado,Região Metropolitana,Híbrido,Não-binário,Indígena,0.34137315246369704
CAND_06290,3.8,31.0,Mestrado,Região Metropolitana,Híbrido,Feminino,Amarela,0.3241193181097804
CAND_06291,8.9,69.0,Bacharelado,Capitais,Híbrido,Não-binário,Parda,0.6074753069786651
CAND_06292,0.0,53.0,Bacharelado,Capitais,Presencial,Não-binário,Indígena,0.40691472393165695
CAND_06293,4.6,45.0,Bacharelado,Interior,Remoto,Masculino,Preta,0.3236384613587341
CAND_06294,6.3,34.0,Mestrado,Capitais,Híbrido,Não-binário,Branca,0.5238145380525197
CAND_06295,6.2,45.0,Bacharelado,Capitais,Presencial,Masculino,Parda,0.44377221161780556
CAND_06296,7.1,54.0,Bacharelado,Capitais,Híbrido,Masculino,Preta,0.5743449980099695
CAND_06297,3.4,58.0,Ensino Médio,Capitais,Presencial,Não-binário,Preta,0.4935227347082688
CAND_06298,5.3,42.0,Bacharelado,Capitais,Presencial,Não-binário,Amarela,0.4950049850996296
CAND_06299,2.2,74.0,Bacharelado,Interior,Híbrido,Não-binário,Parda,0.6513395793979146
CAND_06300,3.4,61.0,Mestrado,Capitais,Presencial,Não-binário,Parda,0.52608915745974
CAND_06301,6.8,61.0,Bacharelado,Capitais,Presencial,Não-binário,Indígena,0.5431523430294991
CAND_06302,8.0,58.0,Bacharelado,Região Metropolitana,Híbrido,Feminino,Parda,0.45667076477973406
CAND_06303,1.7,39.0,Bacharelado,Capitais,Híbrido,Feminino,Branca,0.4450781685001283
CAND_06304,5.5,15.0,Bacharelado,Interior,Presencial,Masculino,Indígena,0.23806837967329553
CAND_06305,7.9,53.0,Mestrado,Região Metropolitana,Híbrido,Feminino,Parda,0.5429114100397118
CAND_06306,1.8,34.0,Ensino Médio,Capitais,Remoto,Masculino,Indígena,0.3281221619614394
CAND_06307,6.2,55.0,Bacharelado,Região Metropolitana,Remoto,Masculino,Preta,0.4979411566812972
CAND_06308,3.5,62.0,Mestrado,Capitais,Híbrido,Masculino,Parda,0.542038059263566
CAND_06309,4.3,19.0,Mestrado,Região Metropolitana,Híbrido,Não-binário,Amarela,0.4087832403949586
CAND_06310,7.0,51.0,Bacharelado,Região Metropolitana,Híbrido,Feminino,Branca,0.5114188383372329
CAND_06311,2.0,62.0,Doutorado,Capitais,Remoto,Feminino,Amarela,0.539875702133027
CAND_06312,2.1,78.0,Doutorado,Capitais,Presencial,Não-binário,Amarela,0.6552348859123711
CAND_06313,5.2,55.0,Doutorado,Capitais,Híbrido,Masculino,Parda,0.7007698199152317
CAND_06314,12.0,63.0,Ensino Médio,Região Metropolitana,Remoto,Masculino,Branca,0.5746735915173794
CAND_06315,3.7,42.0,Bacharelado,Região Metropolitana,Remoto,Masculino,Indígena,0.2979493181113466
CAND_06316,9.5,88.0,Bacharelado,Capitais,Remoto,Masculino,Indígena,0.7582161609125231
CAND_06317,6.7,39.0,Ensino Médio,Região Metropolitana,Presencial,Masculino,Parda,0.47848852504434847
CAND_06318,11.1,12.0,Bacharelado,Capitais,Híbrido,Feminino,Amarela,0.4318399371977698
CAND_06319,2.7,62.0,Mestrado,Capitais,Remoto,Masculino,Parda,0.5156787700303507
CAND_06320,10.5,47.0,Bacharelado,Capitais,Híbrido,Masculino,Preta,0.42196878338292565
CAND_06321,3.6,76.0,Bacharelado,Região Metropolitana,Remoto,Masculino,Branca,0.6561524328938575
CAND_06322,7.1,32.0,Bacharelado,Capitais,Presencial,Feminino,Preta,0.34780231146750085
CAND_06323,7.2,41.0,Ensino Médio,Capitais,Remoto,Feminino,Parda,0.39672197580938395
CAND_06324,16.0,55.0,Bacharelado,Capitais,Híbrido,Feminino,Amarela,0.5619812491608769
CAND_06325,6.4,62.0,Mestrado,Capitais,Presencial,Não-binário,Parda,0.6469204527480108
CAND_06326,4.6,57.0,Bacharelado,Capitais,Híbrido,Feminino,Amarela,0.4728017323688625
CAND_06327,2.4,50.0,Mestrado,Capitais,Híbrido,Não-binário,Branca,0.4688262633698861
CAND_06328,2.3,55.0,Bacharelado,Capitais,Remoto,Feminino,Preta,0.328300391937918
CAND_06329,3.5,31.0,Doutorado,Capitais,Remoto,Feminino,Branca,0.3571987737257314
CAND_06330,4.2,36.0,Ensino Médio,Região Metropolitana,Presencial,Masculino,Amarela,0.5614702074769082
CAND_06331,4.3,11.0,Mestrado,Capitais,Presencial,Masculino,Parda,0.3428473743032255
CAND_06332,5.6,55.0,Bacharelado,Capitais,Híbrido,Feminino,Amarela,0.6613733546386042
CAND_06333,6.6,38.0,Bacharelado,Capitais,Híbrido,Não-binário,Preta,0.39127406466743475
CAND_06334,3.6,30.0,Bacharelado,Capitais,Presencial,Feminino,Parda,0.2620321206656066
CAND_06335,6.1,11.0,Bacharelado,Região Metropolitana,Remoto,Não-binário,Branca,0.31947384440298127
CAND_06336,8.0,52.0,Mestrado,Região Metropolitana,Híbrido,Não-binário,Branca,0.5409831595410936
CAND_06337,6.8,30.0,Bacharelado,Capitais,Híbrido,Feminino,Parda,0.3874310881635975
CAND_06338,5.6,23.0,Bacharelado,Região Metropolitana,Presencial,Masculino,Branca,0.22888982406246253
CAND_06339,3.2,40.0,Doutorado,Capitais,Presencial,Masculino,Preta,0.6809484559475953
CAND_06340,2.6,59.0,Bacharelado,Interior,Presencial,Feminino,Amarela,0.4236459056501536
CAND_06341,7.2,77.0,Mestrado,Capitais,Remoto,Não-binário,Parda,0.8925482237774055
CAND_06342,5.0,50.0,Mestrado,Capitais,Remoto,Não-binário,Parda,0.4373338309302582
CAND_06343,0.9,57.0,Bacharelado,Capitais,Presencial,Feminino,Preta,0.4621769387162978
CAND_06344,0.8,58.0,Ensino Médio,Capitais,Presencial,Feminino,Indígena,0.3883595503927991
CAND_06345,7.3,56.0,Bacharelado,Capitais,Remoto,Feminino,Branca,0.4968475596243882
CAND_06346,8.0,56.0,Mestrado,Região Metropolitana,Presencial,Não-binário,Branca,0.6735737651361485
CAND_06347,6.6,56.0,Bacharelado,Capitais,Presencial,Não-binário,Indígena,0.4295224542008075
CAND_06348,3.8,60.0,Ensino Médio,Região Metropolitana,Presencial,Feminino,Branca,0.42339108355878996
CAND_06349,6.6,27.0,Bacharelado,Capitais,Presencial,Masculino,Branca,0.18853879560973974
CAND_06350,3.2,55.0,Bacharelado,Região Metropolitana,Remoto,Não-binário,Parda,0.5438199607191039
CAND_06351,6.0,57.0,Mestrado,Capitais,Híbrido,Masculino,Preta,0.4993289661768552
CAND_06352,9.8,48.0,Bacharelado,Capitais,Remoto,Não-binário,Preta,0.5544172631809798
CAND_06353,0.0,37.0,Doutorado,Capitais,Presencial,Masculino,Preta,0.40205669868413196
CAND_06354,2.9,37.0,Mestrado,Capitais,Remoto,Não-binário,Branca,0.31171501404076757
CAND_06355,1.6,27.0,Bacharelado,Capitais,Híbrido,Não-binário,Preta,0.3760475651733266
CAND_06356,12.0,23.0,Ensino Médio,Região Metropolitana,Remoto,Não-binário,Parda,0.5508203326040411
CAND_06357,6.7,71.0,Bacharelado,Região Metropolitana,Híbrido,Feminino,Parda,0.7488090069094533
CAND_06358,1.5,78.0,Bacharelado,Região Metropolitana,Presencial,Não-binário,Amarela,0.49646950944377083
CAND_06359,4.9,30.0,Bacharelado,Interior,Remoto,Feminino,Amarela,0.531190594910041
CAND_06360,4.1,55.0,Doutorado,Capitais,Híbrido,Feminino,Indígena,0.6621718929609033
CAND_06361,2.5,55.0,Bacharelado,Capitais,Remoto,Masculino,Parda,0.39359874779343007
CAND_06362,2.3,58.0,Doutorado,Interior,Híbrido,Masculino,Preta,0.27926366003673053
CAND_06363,0.0,50.0,Bacharelado,Região Metropolitana,Presencial,Masculino,Amarela,0.45368171979619143
CAND_06364,2.2,71.0,Mestrado,Região Metropolitana,Presencial,Masculino,Branca,0.488861591155331
CAND_06365,0.5,54.0,Bacharelado,Capitais,Remoto,Não-binário,Parda,0.42461152110145217
CAND_06366,10.1,68.0,Mestrado,Capitais,Híbrido,Não-binário,Indígena,0.6149733273493968
CAND_06367,3.3,55.0,Bacharelado,Capitais,Híbrido,Masculino,Indígena,0.3607478982198841
CAND_06368,2.6,40.0,Bacharelado,Capitais,Híbrido,Feminino,Branca,0.5026165199355421
CAND_06369,6.5,59.0,Bacharelado,Região Metropolitana,Remoto,Feminino,Amarela,0.2797056179584016
CAND_06370,3.9,19.0,Bacharelado,Capitais,Híbrido,Masculino,Indígena,0.19829291414139372
CAND_06371,0.0,68.0,Bacharelado,Região Metropolitana,Presencial,Feminino,Indígena,0.20466488118841594
CAND_06372,2.9,56.0,Bacharelado,Região Metropolitana,Híbrido,Masculino,Parda,0.4394832158490436
CAND_06373,4.3,46.0,Ensino Médio,Interior,Híbrido,Masculino,Amarela,0.2643086905579626
CAND_06374,8.8,38.0,Bacharelado,Capitais,Remoto,Masculino,Branca,0.35676105171381434
CAND_06375,5.9,56.0,Bacharelado,Interior,Híbrido,Masculino,Branca,0.43401791656417565
CAND_06376,5.8,37.0,Bacharelado,Capitais,Híbrido,Feminino,Branca,0.43445689337793447
CAND_06377,1.6,35.0,Bacharelado,Capitais,Presencial,Masculino,Parda,0.387193414242403
CAND_06378,6.0,31.0,Bacharelado,Região Metropolitana,Remoto,Não-binário,Indígena,0.47125520448980157
CAND_06379,3.8,39.0,Bacharelado,Capitais,Presencial,Feminino,Preta,0.5332488300571777
CAND_06380,5.2,51.0,Bacharelado,Região Metropolitana,Híbrido,Masculino,Parda,0.388105808014201
CAND_06381,1.6,77.0,Ensino Médio,Capitais,Remoto,Masculino,Amarela,0.48480730160586405
CAND_06382,6.4,34.0,Mestrado,Capitais,Remoto,Masculino,Amarela,0.40138174092711637
CAND_06383,6.5,100.0,Bacharelado,Região Metropolitana,Híbrido,Não-binário,Amarela,0.6369771538636763
CAND_06384,0.6,61.0,Mestrado,Capitais,Remoto,Masculino,Branca,0.4620532860959462
CAND_06385,2.6,41.0,Bacharelado,Região Metropolitana,Híbrido,Não-binário,Indígena,0.34199497340934876
CAND_06386,2.2,58.0,Mestrado,Capitais,Presencial,Masculino,Amarela,0.5709403424056159
CAND_06387,7.5,56.0,Mestrado,Capitais,Híbrido,Feminino,Indígena,0.5764420767041253
CAND_06388,8.1,37.0,Bacharelado,Capitais,Remoto,Não-binário,Branca,0.5324587127579448
CAND_06389,0.0,47.0,Doutorado,Interior,Remoto,Não-binário,Branca,0.2529154240960144
CAND_06390,4.7,68.0,Doutorado,Região Metropolitana,Híbrido,Não-binário,Indígena,0.6071699839117065
CAND_06391,3.8,52.0,Bacharelado,Capitais,Remoto,Masculino,Parda,0.6454697348468245
CAND_06392,3.3,44.0,Mestrado,Capitais,Presencial,Não-binário,Amarela,0.361217877340949
CAND_06393,6.7,53.0,Bacharelado,Capitais,Remoto,Não-binário,Amarela,0.6109018174582125
CAND_06394,7.7,76.0,Ensino Médio,Capitais,Presencial,Não-binário,Preta,0.6515723965902361
CAND_06395,7.2,37.0,Bacharelado,Região Metropolitana,Híbrido,Feminino,Branca,0.5225813640182984
CAND_06396,7.8,55.0,Doutorado,Capitais,Híbrido,Não-binário,Indígena,0.6887369469359585
CAND_06397,8.7,33.0,Mestrado,Região Metropolitana,Híbrido,Não-binário,Indígena,0.23488601888837496
CAND_06398,4.7,21.0,Doutorado,Capitais,Remoto,Feminino,Indígena,0.45134148115523054
CAND_06399,7.7,59.0,Bacharelado,Capitais,Remoto,Feminino,Preta,0.3967956826672214
CAND_06400,7.1,68.0,Bacharelado,Região Metropolitana,Híbrido,Masculino,Branca,0.4997697914860685
CAND_06401,7.2,77.0,Bacharelado,Capitais,Remoto,Não-binário,Parda,0.508913267005173
CAND_06402,1.4,63.0,Bacharelado,Capitais,Híbrido,Feminino,Branca,0.40027960642211297
CAND_06403,5.5,49.0,Bacharelado,Capitais,Híbrido,Não-binário,Parda,0.46903544411683273
CAND_06404,5.1,33.0,Mestrado,Capitais,Remoto,Não-binário,Parda,0.6193234037648732
CAND_06405,7.8,57.0,Bacharelado,Capitais,Remoto,Feminino,Preta,0.5903230450108536
CAND_06406,4.5,52.0,Bacharelado,Região Metropolitana,Presencial,Não-binário,Indígena,0.4149970606005582
CAND_06407,3.4,46.0,Bacharelado,Interior,Híbrido,Feminino,Amarela,0.34414785631641165
CAND_06408,5.9,53.0,Ensino Médio,Região Metropolitana,Presencial,Não-binário,Branca,0.5797748681453042
CAND_06409,4.2,48.0,Bacharelado,Capitais,Remoto,Feminino,Branca,0.4710209295627109
CAND_06410,7.6,71.0,Ensino Médio,Região Metropolitana,Presencial,Não-binário,Branca,0.789456357953201
CAND_06411,3.0,36.0,Bacharelado,Região Metropolitana,Híbrido,Não-binário,Branca,0.28962647720602586
CAND_06412,8.0,69.0,Bacharelado,Interior,Remoto,Masculino,Preta,0.6861292599776175
CAND_06413,1.3,41.0,Bacharelado,Região Metropolitana,Remoto,Não-binário,Indígena,0.2841966362225474
CAND_06414,6.5,78.0,Mestrado,Região Metropolitana,Presencial,Não-binário,Indígena,0.6211024702120139
CAND_06415,5.1,56.0,Bacharelado,Região Metropolitana,Presencial,Feminino,Branca,0.5444185470798505
CAND_06416,7.3,84.0,Doutorado,Interior,Presencial,Masculino,Amarela,0.7561925391790155
CAND_06417,3.2,43.0,Bacharelado,Região Metropolitana,Presencial,Não-binário,Parda,0.31923158885275243
CAND_06418,4.9,46.0,Bacharelado,Interior,Híbrido,Feminino,Branca,0.450531630143283
CAND_06419,5.6,57.0,Mestrado,Região Metropolitana,Remoto,Não-binário,Indígena,0.48372159199277753
CAND_06420,8.0,75.0,Bacharelado,Região Metropolitana,Presencial,Não-binário,Parda,0.8074669703149479
CAND_06421,8.4,84.0,Mestrado,Interior,Presencial,Feminino,Amarela,0.7222157264603972
CAND_06422,3.1,46.0,Mestrado,Região Metropolitana,Remoto,Masculino,Branca,0.5339216849754923
CAND_06423,0.8,59.0,Mestrado,Capitais,Presencial,Masculino,Parda,0.49012392027127827
CAND_06424,3.1,52.0,Mestrado,Capitais,Remoto,Feminino,Amarela,0.4404219859300715
CAND_06425,2.6,32.0,Bacharelado,Região Metropolitana,Remoto,Feminino,Indígena,0.38433569100174664
CAND_06426,0.6,57.0,Doutorado,Região Metropolitana,Presencial,Não-binário,Parda,0.463387888480973
CAND_06427,3.4,51.0,Bacharelado,Região Metropolitana,Presencial,Feminino,Branca,0.3455309561099965
CAND_06428,3.9,84.0,Bacharelado,Capitais,Híbrido,Masculino,Indígena,0.562738012250435
CAND_06429,6.0,43.0,Bacharelado,Região Metropolitana,Híbrido,Não-binário,Parda,0.4367717532979572
CAND_06430,12.9,62.0,Doutorado,Interior,Presencial,Masculino,Indígena,0.8349559115653032
CAND_06431,4.0,66.0,Bacharelado,Capitais,Presencial,Feminino,Amarela,0.3384478978413211
CAND_06432,9.9,48.0,Mestrado,Capitais,Híbrido,Masculino,Amarela,0.3870303334206703
CAND_06433,1.5,53.0,Mestrado,Capitais,Presencial,Feminino,Indígena,0.5228427395361563
CAND_06434,7.9,51.0,Bacharelado,Capitais,Remoto,Masculino,Indígena,0.4467349286640774
CAND_06435,6.4,65.0,Bacharelado,Região Metropolitana,Presencial,Feminino,Preta,0.32743194647808965
CAND_06436,3.2,59.0,Doutorado,Capitais,Remoto,Masculino,Branca,0.3488204954199079
CAND_06437,5.0,37.0,Mestrado,Capitais,Híbrido,Masculino,Indígena,0.5207658755960308
CAND_06438,6.0,43.0,Bacharelado,Região Metropolitana,Presencial,Feminino,Indígena,0.42051877560375606
CAND_06439,3.9,53.0,Bacharelado,Região Metropolitana,Presencial,Masculino,Amarela,0.5417133972773023
CAND_06440,3.6,73.0,Bacharelado,Capitais,Presencial,Masculino,Amarela,0.49249889102200595
CAND_06441,4.5,49.0,Mestrado,Capitais,Híbrido,Não-binário,Parda,0.37655139356316747
CAND_06442,5.6,35.0,Bacharelado,Região Metropolitana,Remoto,Masculino,Branca,0.4763699725075221
CAND_06443,2.7,73.0,Mestrado,Capitais,Híbrido,Masculino,Preta,0.5842429932110492
CAND_06444,4.4,70.0,Bacharelado,Capitais,Híbrido,Masculino,Branca,0.4225427628752386
CAND_06445,5.2,59.0,Bacharelado,Região Metropolitana,Presencial,Feminino,Branca,0.3938561133179221
CAND_06446,5.3,44.0,Bacharelado,Região Metropolitana,Presencial,Não-binário,Indígena,0.48628741728573777
CAND_06447,6.3,83.0,Bacharelado,Capitais,Presencial,Masculino,Amarela,0.5658153345856254
CAND_06448,5.3,68.0,Mestrado,Região Metropolitana,Híbrido,Masculino,Amarela,0.5334635044739318
CAND_06449,2.4,42.0,Doutorado,Região Metropolitana,Presencial,Não-binário,Branca,0.5187464688903001
CAND_06450,2.6,67.0,Bacharelado,Região Metropolitana,Presencial,Masculino,Amarela,0.42345041221912627
CAND_06451,7.2,35.0,Bacharelado,Região Metropolitana,Híbrido,Masculino,Branca,0.4264213486391432
CAND_06452,5.4,54.0,Bacharelado,Capitais,Híbrido,Feminino,Preta,0.37939177780766126
CAND_06453,6.3,78.0,Bacharelado,Capitais,Híbrido,Feminino,Amarela,0.5226322721717083
CAND_06454,6.0,60.0,Mestrado,Capitais,Híbrido,Masculino,Amarela,0.7486560306127079
CAND_06455,4.3,58.0,Bacharelado,Interior,Presencial,Não-binário,Branca,0.44332186241631066
CAND_06456,6.6,51.0,Bacharelado,Interior,Híbrido,Não-binário,Preta,0.5313000418401701
CAND_06457,2.7,38.0,Bacharelado,Interior,Presencial,Feminino,Indígena,0.4089115502858975
CAND_06458,4.1,61.0,Mestrado,Capitais,Híbrido,Feminino,Amarela,0.6262058795659613
CAND_06459,4.6,40.0,Bacharelado,Capitais,Híbrido,Não-binário,Parda,0.4236668144431138
CAND_06460,6.7,66.0,Doutorado,Interior,Híbrido,Não-binário,Indígena,0.6620144767102465
CAND_06461,4.8,47.0,Bacharelado,Interior,Remoto,Feminino,Preta,0.5266168033380473
CAND_06462,2.6,38.0,Bacharelado,Região Metropolitana,Remoto,Não-binário,Parda,0.19295957842338332
CAND_06463,1.3,55.0,Mestrado,Capitais,Híbrido,Masculino,Amarela,0.668499783959916
CAND_06464,5.1,41.0,Mestrado,Capitais,Presencial,Não-binário,Branca,0.4308105983970378
CAND_06465,5.8,28.0,Bacharelado,Capitais,Híbrido,Feminino,Preta,0.4891896714885798
CAND_06466,2.6,28.0,Bacharelado,Interior,Remoto,Masculino,Preta,0.19638788306612742
CAND_06467,6.5,26.0,Mestrado,Região Metropolitana,Remoto,Não-binário,Branca,0.4952261382256692
CAND_06468,10.5,49.0,Bacharelado,Capitais,Remoto,Masculino,Parda,0.6551828069356381
CAND_06469,5.6,64.0,Mestrado,Região Metropolitana,Remoto,Feminino,Parda,0.6029941833200225
CAND_06470,5.6,46.0,Bacharelado,Capitais,Remoto,Feminino,Indígena,0.30528012062788745
CAND_06471,3.8,41.0,Mestrado,Capitais,Presencial,Não-binário,Indígena,0.4779598870658157
CAND_06472,10.8,20.0,Mestrado,Região Metropolitana,Presencial,Não-binário,Amarela,0.6536465239791439
CAND_06473,3.9,39.0,Mestrado,Capitais,Híbrido,Feminino,Branca,0.5535385256120605
CAND_06474,4.4,43.0,Mestrado,Capitais,Remoto,Masculino,Branca,0.43529468900555746
CAND_06475,6.1,28.0,Bacharelado,Região Metropolitana,Híbrido,Feminino,Parda,0.34274234891569977
CAND_06476,2.8,47.0,Bacharelado,Região Metropolitana,Presencial,Feminino,Parda,0.3563830244567533
CAND_06477,4.9,64.0,Bacharelado,Região Metropolitana,Híbrido,Feminino,Indígena,0.5292530540567072
CAND_06478,8.1,35.0,Bacharelado,Interior,Remoto,Não-binário,Amarela,0.23492700185770954
CAND_06479,6.9,22.0,Bacharelado,Região Metropolitana,Presencial,Não-binário,Parda,0.2550635601442156
CAND_06480,1.3,31.0,Bacharelado,Interior,Presencial,Feminino,Preta,0.5115957713683916
CAND_06481,4.6,18.0,Bacharelado,Capitais,Híbrido,Não-binário,Branca,0.28467101075009105
CAND_06482,2.8,43.0,Mestrado,Capitais,Híbrido,Masculino,Indígena,0.28136203761955003
CAND_06483,9.5,47.0,Bacharelado,Capitais,Híbrido,Masculino,Amarela,0.6378356975435588
CAND_06484,6.7,47.0,Bacharelado,Região Metropolitana,Presencial,Feminino,Preta,0.7134717512310651
CAND_06485,1.5,71.0,Bacharelado,Capitais,Presencial,Não-binário,Branca,0.5937987693935328
CAND_06486,8.3,38.0,Mestrado,Região Metropolitana,Híbrido,Feminino,Indígena,0.5620435605577813
CAND_06487,7.1,23.0,Bacharelado,Região Metropolitana,Remoto,Não-binário,Indígena,0.19155212638550695
CAND_06488,0.3,46.0,Bacharelado,Região Metropolitana,Presencial,Não-binário,Branca,0.4115576972653233
CAND_06489,5.6,52.0,Bacharelado,Região Metropolitana,Presencial,Masculino,Indígena,0.426869788182892
CAND_06490,5.4,48.0,Ensino Médio,Capitais,Remoto,Feminino,Amarela,0.36379414277662775
CAND_06491,7.1,85.0,Bacharelado,Região Metropolitana,Remoto,Não-binário,Amarela,0.4761639382489944
CAND_06492,4.0,68.0,Bacharelado,Interior,Presencial,Masculino,Parda,0.3903063910494423
CAND_06493,0.7,82.0,Bacharelado,Capitais,Híbrido,Feminino,Parda,0.5718878405559912
CAND_06494,2.4,54.0,Bacharelado,Capitais,Híbrido,Não-binário,Preta,0.466286036641432
CAND_06495,8.2,33.0,Bacharelado,Capitais,Remoto,Masculino,Parda,0.4995952887717288
CAND_06496,5.5,61.0,Bacharelado,Região Metropolitana,Híbrido,Feminino,Parda,0.42373626193371267
CAND_06497,4.2,58.0,Mestrado,Região Metropolitana,Híbrido,Não-binário,Branca,0.5033009251270253
CAND_06498,2.0,37.0,Doutorado,Interior,Híbrido,Masculino,Amarela,0.43285693229357786
CAND_06499,2.1,39.0,Bacharelado,Capitais,Remoto,Não-binário,Branca,0.2527426536657331
CAND_06500,1.0,71.0,Bacharelado,Capitais,Híbrido,Não-binário,Branca,0.5744334718290989
CAND_06501,3.9,46.0,Bacharelado,Capitais,Remoto,Feminino,Parda,0.4020784675464601
CAND_06502,7.4,72.0,Mestrado,Capitais,Híbrido,Masculino,Preta,0.6249622266654536
CAND_06503,0.0,23.0,Bacharelado,Capitais,Híbrido,Masculino,Amarela,0.161522529548488
CAND_06504,3.3,63.0,Bacharelado,Região Metropolitana,Presencial,Feminino,Parda,0.5780498103174208
CAND_06505,0.8,58.0,Bacharelado,Capitais,Híbrido,Não-binário,Indígena,0.29532499273450397
CAND_06506,2.7,55.0,Bacharelado,Capitais,Híbrido,Masculino,Indígena,0.39386018719983157
CAND_06507,7.6,44.0,Bacharelado,Capitais,Presencial,Não-binário,Branca,0.49203888841241694
CAND_06508,8.3,47.0,Bacharelado,Região Metropolitana,Presencial,Não-binário,Preta,0.34842255104909015
CAND_06509,7.6,56.0,Ensino Médio,Região Metropolitana,Remoto,Masculino,Indígena,0.41890681083530923
CAND_06510,4.9,50.0,Mestrado,Capitais,Híbrido,Feminino,Branca,0.5648747525465472
CAND_06511,3.1,57.0,Bacharelado,Região Metropolitana,Remoto,Não-binário,Amarela,0.6254868967678171
CAND_06512,6.6,55.0,Mestrado,Região Metropolitana,Remoto,Masculino,Amarela,0.7929466903933335
CAND_06513,2.8,63.0,Ensino Médio,Interior,Remoto,Masculino,Parda,0.3057718195484247
CAND_06514,2.6,34.0,Ensino Médio,Capitais,Presencial,Feminino,Parda,0.3134645613173959
CAND_06515,9.2,32.0,Bacharelado,Capitais,Híbrido,Masculino,Branca,0.5555812634004152
CAND_06516,2.1,70.0,Mestrado,Capitais,Presencial,Masculino,Amarela,0.5248409596490715
CAND_06517,8.5,60.0,Mestrado,Capitais,Híbrido,Não-binário,Indígena,0.681823777856494
CAND_06518,2.4,57.0,Bacharelado,Capitais,Presencial,Não-binário,Amarela,0.23035948056990288
CAND_06519,5.9,25.0,Ensino Médio,Capitais,Remoto,Não-binário,Preta,0.26398001431025636
CAND_06520,3.9,73.0,Mestrado,Região Metropolitana,Híbrido,Masculino,Parda,0.4102901977525475
CAND_06521,4.1,57.0,Mestrado,Região Metropolitana,Remoto,Masculino,Preta,0.4294223206801554
CAND_06522,2.8,58.0,Mestrado,Capitais,Presencial,Masculino,Parda,0.2651572511439847
CAND_06523,7.0,92.0,Bacharelado,Capitais,Híbrido,Não-binário,Amarela,0.49322128681749955
CAND_06524,7.8,94.0,Mestrado,Capitais,Presencial,Feminino,Branca,0.7160511866897588
CAND_06525,8.6,58.0,Bacharelado,Capitais,Híbrido,Masculino,Parda,0.5601687130468247
CAND_06526,2.4,17.0,Doutorado,Capitais,Presencial,Não-binário,Parda,0.5215581523240662
CAND_06527,8.5,45.0,Ensino Médio,Região Metropolitana,Remoto,Não-binário,Indígena,0.5082551852851338
CAND_06528,7.5,45.0,Bacharelado,Capitais,Híbrido,Não-binário,Amarela,0.3142606832957015
CAND_06529,0.0,48.0,Bacharelado,Interior,Híbrido,Feminino,Parda,0.26385600753088645
CAND_06530,5.5,63.0,Bacharelado,Região Metropolitana,Híbrido,Não-binário,Parda,0.656541145838541
CAND_06531,7.9,56.0,Bacharelado,Interior,Remoto,Masculino,Amarela,0.5078740464697376
CAND_06532,5.7,61.0,Mestrado,Capitais,Híbrido,Feminino,Indígena,0.42270645927099404
CAND_06533,3.1,64.0,Bacharelado,Capitais,Híbrido,Não-binário,Parda,0.4677574013098464
CAND_06534,0.2,60.0,Bacharelado,Capitais,Híbrido,Masculino,Preta,0.43802984638115444
CAND_06535,2.0,69.0,Bacharelado,Interior,Presencial,Feminino,Preta,0.6229475033866794
CAND_06536,6.4,78.0,Bacharelado,Região Metropolitana,Híbrido,Não-binário,Amarela,0.6558026361274928
CAND_06537,1.0,42.0,Bacharelado,Capitais,Presencial,Masculino,Indígena,0.4172684777241299
CAND_06538,3.4,52.0,Bacharelado,Capitais,Presencial,Feminino,Preta,0.16671757729518383
CAND_06539,6.0,39.0,Bacharelado,Região Metropolitana,Híbrido,Feminino,Preta,0.20836320477811549
CAND_06540,3.0,54.0,Ensino Médio,Capitais,Presencial,Feminino,Amarela,0.3160970139977473
CAND_06541,1.8,54.0,Ensino Médio,Região Metropolitana,Presencial,Masculino,Preta,0.42700207906174886
CAND_06542,1.8,49.0,Bacharelado,Região Metropolitana,Remoto,Não-binário,Amarela,0.42508962716942283
CAND_06543,7.8,28.0,Mestrado,Capitais,Híbrido,Não-binário,Parda,0.564420705594494
CAND_06544,3.7,38.0,Ensino Médio,Região Metropolitana,Híbrido,Não-binário,Parda,0.3681170971661626
CAND_06545,2.8,48.0,Bacharelado,Capitais,Híbrido,Masculino,Parda,0.4607524664671099
CAND_06546,0.0,41.0,Mestrado,Capitais,Presencial,Masculino,Amarela,0.45584233845291444
CAND_06547,9.6,34.0,Mestrado,Interior,Presencial,Não-binário,Amarela,0.60740763480862
CAND_06548,2.9,46.0,Mestrado,Capitais,Híbrido,Feminino,Amarela,0.4194297122860704
CAND_06549,6.5,88.0,Mestrado,Região Metropolitana,Presencial,Masculino,Branca,0.6079705158783467
CAND_06550,8.0,50.0,Bacharelado,Capitais,Presencial,Masculino,Amarela,0.36100408548902196
CAND_06551,4.0,33.0,Bacharelado,Capitais,Híbrido,Não-binário,Indígena,0.3934654120281601
CAND_06552,2.1,67.0,Bacharelado,Região Metropolitana,Remoto,Feminino,Amarela,0.5342742933838222
CAND_06553,1.0,25.0,Mestrado,Capitais,Presencial,Feminino,Amarela,0.3555794270253721
CAND_06554,6.2,58.0,Bacharelado,Capitais,Presencial,Masculino,Preta,0.5727624715454795
CAND_06555,7.9,38.0,Ensino Médio,Região Metropolitana,Híbrido,Feminino,Indígena,0.4619720163621517
CAND_06556,4.1,76.0,Bacharelado,Capitais,Híbrido,Não-binário,Amarela,0.6389538901903513
CAND_06557,5.1,72.0,Bacharelado,Capitais,Presencial,Feminino,Preta,0.4925113485800534
CAND_06558,3.8,57.0,Bacharelado,Capitais,Remoto,Não-binário,Preta,0.4698326673297268
CAND_06559,3.6,66.0,Mestrado,Capitais,Remoto,Não-binário,Preta,0.49442285669734287
CAND_06560,9.1,44.0,Bacharelado,Capitais,Híbrido,Feminino,Parda,0.5834770591276192
CAND_06561,6.0,79.0,Bacharelado,Capitais,Presencial,Não-binário,Branca,0.5188296359038386
CAND_06562,3.8,77.0,Bacharelado,Região Metropolitana,Híbrido,Feminino,Amarela,0.4190659197429682
CAND_06563,4.0,48.0,Mestrado,Capitais,Presencial,Não-binário,Branca,0.4321754440753387
CAND_06564,3.6,38.0,Bacharelado,Capitais,Híbrido,Não-binário,Preta,0.44255905777447685
CAND_06565,2.8,19.0,Ensino Médio,Capitais,Presencial,Feminino,Branca,0.049700574159225935
CAND_06566,5.3,58.0,Bacharelado,Região Metropolitana,Presencial,Feminino,Preta,0.41530238835043554
CAND_06567,0.2,35.0,Ensino Médio,Capitais,Presencial,Não-binário,Branca,0.23688985151032968
CAND_06568,1.3,64.0,Bacharelado,Região Metropolitana,Remoto,Masculino,Amarela,0.41615230353021937
CAND_06569,2.8,56.0,Bacharelado,Capitais,Híbrido,Masculino,Preta,0.3238471457041343
CAND_06570,5.9,22.0,Ensino Médio,Região Metropolitana,Remoto,Não-binário,Preta,0.21659363113291158
CAND_06571,2.3,64.0,Bacharelado,Região Metropolitana,Remoto,Não-binário,Parda,0.4326911895872331
CAND_06572,9.2,35.0,Bacharelado,Interior,Presencial,Masculino,Indígena,0.5711947890498776
CAND_06573,3.1,49.0,Bacharelado,Capitais,Presencial,Feminino,Branca,0.5060044291283765
CAND_06574,4.3,65.0,Bacharelado,Capitais,Remoto,Feminino,Indígena,0.4430176864574459
CAND_06575,7.1,79.0,Ensino Médio,Capitais,Híbrido,Feminino,Indígena,0.5676872021644922
CAND_06576,3.2,67.0,Ensino Médio,Capitais,Remoto,Feminino,Amarela,0.2714560392691034
CAND_06577,8.9,56.0,Bacharelado,Capitais,Presencial,Não-binário,Indígena,0.5909806999002069
CAND_06578,4.6,40.0,Mestrado,Capitais,Remoto,Masculino,Branca,0.4236637867382609
CAND_06579,5.9,57.0,Bacharelado,Capitais,Presencial,Feminino,Parda,0.4874122007178844
CAND_06580,4.3,65.0,Mestrado,Região Metropolitana,Presencial,Masculino,Branca,0.7365654913619895
CAND_06581,5.0,41.0,Mestrado,Capitais,Híbrido,Feminino,Branca,0.47837491183878766
CAND_06582,3.2,37.0,Mestrado,Capitais,Híbrido,Não-binário,Indígena,0.43039443147134365
CAND_06583,3.7,37.0,Ensino Médio,Região Metropolitana,Híbrido,Não-binário,Preta,0.2192387842808667
CAND_06584,3.9,48.0,Mestrado,Capitais,Remoto,Feminino,Branca,0.4759557574805256
CAND_06585,5.5,53.0,Bacharelado,Capitais,Presencial,Feminino,Branca,0.27910670757204864
CAND_06586,1.3,49.0,Bacharelado,Capitais,Remoto,Feminino,Amarela,0.38755999302287525
CAND_06587,6.2,53.0,Ensino Médio,Capitais,Presencial,Masculino,Parda,0.5061777506879246
CAND_06588,7.0,31.0,Bacharelado,Região Metropolitana,Presencial,Masculino,Branca,0.42500604804766645
CAND_06589,8.4,45.0,Mestrado,Capitais,Presencial,Feminino,Parda,0.635527425711037
CAND_06590,4.4,50.0,Bacharelado,Capitais,Remoto,Feminino,Preta,0.2934248974342468
CAND_06591,5.5,44.0,Bacharelado,Interior,Remoto,Não-binário,Amarela,0.413076289747648
CAND_06592,3.1,49.0,Bacharelado,Capitais,Híbrido,Não-binário,Branca,0.5044191959561755
CAND_06593,9.4,31.0,Bacharelado,Região Metropolitana,Híbrido,Não-binário,Preta,0.3918516391134582
CAND_06594,3.0,37.0,Bacharelado,Interior,Remoto,Feminino,Parda,0.43472793929467307
CAND_06595,5.4,17.0,Bacharelado,Capitais,Remoto,Masculino,Parda,0.4393516407916859
CAND_06596,10.5,39.0,Bacharelado,Região Metropolitana,Híbrido,Masculino,Preta,0.41570852761666266
CAND_06597,7.3,64.0,Bacharelado,Capitais,Híbrido,Feminino,Indígena,0.524993836457803
CAND_06598,0.0,42.0,Bacharelado,Capitais,Híbrido,Masculino,Amarela,0.19504955566739435
CAND_06599,4.6,58.0,Mestrado,Interior,Presencial,Feminino,Parda,0.4773381019871033
CAND_06600,5.7,39.0,Bacharelado,Região Metropolitana,Híbrido,Feminino,Parda,0.3782857107618829
CAND_06601,1.6,85.0,Mestrado,Região Metropolitana,Híbrido,Feminino,Branca,0.5429968222202761
CAND_06602,11.7,57.0,Mestrado,Capitais,Híbrido,Feminino,Amarela,0.7021016409938841
CAND_06603,0.0,90.0,Ensino Médio,Interior,Híbrido,Masculino,Branca,0.45339510329874677
CAND_06604,7.8,52.0,Bacharelado,Região Metropolitana,Remoto,Feminino,Amarela,0.5435093086464088
CAND_06605,4.9,55.0,Bacharelado,Capitais,Híbrido,Não-binário,Indígena,0.5063759916805376
CAND_06606,2.6,56.0,Bacharelado,Capitais,Presencial,Não-binário,Preta,0.40373896205552806
CAND_06607,7.0,29.0,Mestrado,Região Metropolitana,Presencial,Masculino,Preta,0.507275237947632
CAND_06608,3.7,66.0,Mestrado,Capitais,Remoto,Não-binário,Indígena,0.4715201048772866
CAND_06609,11.8,65.0,Bacharelado,Região Metropolitana,Presencial,Masculino,Amarela,0.7420272499588778
CAND_06610,6.5,75.0,Mestrado,Capitais,Presencial,Masculino,Parda,0.5720373425834886
CAND_06611,6.5,48.0,Bacharelado,Região Metropolitana,Híbrido,Masculino,Branca,0.414255493570281
CAND_06612,5.0,53.0,Bacharelado,Capitais,Híbrido,Não-binário,Preta,0.43658004656246596
CAND_06613,0.5,51.0,Ensino Médio,Capitais,Remoto,Não-binário,Preta,0.23014201576823212
CAND_06614,0.0,66.0,Mestrado,Capitais,Presencial,Não-binário,Branca,0.473175802566534
CAND_06615,6.6,31.0,Mestrado,Capitais,Remoto,Masculino,Parda,0.41905807979396564
CAND_06616,7.8,34.0,Mestrado,Capitais,Remoto,Não-binário,Amarela,0.574681399442212
CAND_06617,2.0,69.0,Mestrado,Capitais,Híbrido,Não-binário,Amarela,0.35421891185023513
CAND_06618,4.0,51.0,Bacharelado,Capitais,Híbrido,Não-binário,Indígena,0.33245609334517146
CAND_06619,6.5,27.0,Mestrado,Região Metropolitana,Remoto,Masculino,Branca,0.3761724049443162
CAND_06620,1.0,46.0,Doutorado,Capitais,Híbrido,Não-binário,Amarela,0.404145803875911
CAND_06621,8.3,51.0,Bacharelado,Capitais,Remoto,Não-binário,Amarela,0.5239530350908059
CAND_06622,6.4,49.0,Bacharelado,Região Metropolitana,Híbrido,Não-binário,Parda,0.6708588600043622
CAND_06623,5.0,49.0,Doutorado,Capitais,Híbrido,Masculino,Preta,0.5048411673423784
CAND_06624,10.6,60.0,Mestrado,Região Metropolitana,Remoto,Não-binário,Amarela,0.564599094602922
CAND_06625,6.2,38.0,Bacharelado,Capitais,Presencial,Feminino,Amarela,0.5461771676754376
CAND_06626,6.4,59.0,Mestrado,Capitais,Híbrido,Feminino,Parda,0.45881587675154717
CAND_06627,3.7,52.0,Mestrado,Capitais,Híbrido,Masculino,Branca,0.616505594486326
CAND_06628,3.9,30.0,Doutorado,Capitais,Presencial,Masculino,Amarela,0.4973576379383016
CAND_06629,3.1,40.0,Mestrado,Capitais,Presencial,Masculino,Parda,0.4311627596515266
CAND_06630,2.4,59.0,Bacharelado,Região Metropolitana,Híbrido,Não-binário,Preta,0.6983418870354707
CAND_06631,8.1,46.0,Bacharelado,Região Metropolitana,Presencial,Masculino,Amarela,0.4218615644912215
CAND_06632,2.0,49.0,Bacharelado,Região Metropolitana,Remoto,Masculino,Indígena,0.27053777182578076
CAND_06633,5.9,52.0,Bacharelado,Região Metropolitana,Presencial,Feminino,Indígena,0.1938444299978087
CAND_06634,2.4,52.0,Mestrado,Interior,Híbrido,Masculino,Branca,0.42973274423414387
CAND_06635,5.5,71.0,Ensino Médio,Região Metropolitana,Remoto,Feminino,Parda,0.43130728074651353
CAND_06636,5.1,70.0,Mestrado,Capitais,Remoto,Feminino,Branca,0.5331881204400828
CAND_06637,2.4,30.0,Bacharelado,Capitais,Híbrido,Masculino,Preta,0.42401113899541143
CAND_06638,6.4,58.0,Mestrado,Região Metropolitana,Híbrido,Masculino,Branca,0.5961364746494112
CAND_06639,2.3,57.0,Bacharelado,Região Metropolitana,Híbrido,Feminino,Parda,0.34988682279949407
CAND_06640,5.2,45.0,Bacharelado,Região Metropolitana,Presencial,Não-binário,Preta,0.5516465139169505
CAND_06641,0.0,32.0,Doutorado,Região Metropolitana,Remoto,Feminino,Parda,0.4171583788538831
CAND_06642,7.0,53.0,Mestrado,Capitais,Híbrido,Masculino,Indígena,0.6499231843794262
CAND_06643,7.0,39.0,Bacharelado,Região Metropolitana,Híbrido,Masculino,Amarela,0.36021049305815733
CAND_06644,9.8,16.0,Ensino Médio,Região Metropolitana,Remoto,Masculino,Parda,0.35155333936255945
CAND_06645,7.0,99.0,Mestrado,Interior,Presencial,Não-binário,Branca,0.6978909305438696
CAND_06646,0.8,45.0,Mestrado,Região Metropolitana,Remoto,Não-binário,Parda,0.4349367053327157
CAND_06647,0.6,22.0,Mestrado,Interior,Presencial,Feminino,Parda,0.4890802178121229
CAND_06648,8.0,37.0,Mestrado,Região Metropolitana,Presencial,Não-binário,Indígena,0.3924863774601326
CAND_06649,9.8,57.0,Bacharelado,Capitais,Presencial,Masculino,Indígena,0.6783747373886939
CAND_06650,0.0,42.0,Ensino Médio,Região Metropolitana,Híbrido,Feminino,Indígena,0.30869358712761147
CAND_06651,4.2,64.0,Bacharelado,Capitais,Presencial,Feminino,Branca,0.4609327139715275
CAND_06652,5.1,83.0,Mestrado,Capitais,Remoto,Não-binário,Amarela,0.6902470026264436
CAND_06653,3.7,73.0,Mestrado,Capitais,Híbrido,Não-binário,Preta,0.44432928082939055
CAND_06654,5.3,67.0,Bacharelado,Capitais,Híbrido,Não-binário,Amarela,0.5759727813546553
CAND_06655,7.1,34.0,Bacharelado,Região Metropolitana,Híbrido,Não-binário,Parda,0.3250058806519186
CAND_06656,10.7,65.0,Bacharelado,Capitais,Presencial,Não-binário,Branca,0.6249755560353766
CAND_06657,6.6,64.0,Mestrado,Capitais,Presencial,Feminino,Amarela,0.35702368974640386
CAND_06658,4.2,52.0,Bacharelado,Capitais,Híbrido,Masculino,Parda,0.4282463394142925
CAND_06659,5.8,28.0,Bacharelado,Capitais,Híbrido,Não-binário,Preta,0.39015435215890737
CAND_06660,1.6,32.0,Bacharelado,Capitais,Híbrido,Feminino,Branca,0.3391288525880456
CAND_06661,4.8,55.0,Bacharelado,Região Metropolitana,Híbrido,Masculino,Preta,0.35806380301096663
CAND_06662,5.8,38.0,Bacharelado,Região Metropolitana,Presencial,Feminino,Amarela,0.4163982903142289
CAND_06663,4.3,43.0,Bacharelado,Interior,Híbrido,Não-binário,Amarela,0.3821711014167414
CAND_06664,1.8,45.0,Bacharelado,Capitais,Presencial,Não-binário,Parda,0.4100452240738953
CAND_06665,3.8,45.0,Bacharelado,Região Metropolitana,Remoto,Não-binário,Branca,0.4643622419705134
CAND_06666,3.8,59.0,Bacharelado,Capitais,Remoto,Feminino,Indígena,0.5129459735239895
CAND_06667,2.1,50.0,Bacharelado,Região Metropolitana,Remoto,Masculino,Parda,0.4060651793906246
CAND_06668,1.1,45.0,Bacharelado,Capitais,Presencial,Masculino,Branca,0.2949410111748755
CAND_06669,1.2,39.0,Mestrado,Capitais,Presencial,Feminino,Branca,0.5238202808998174
CAND_06670,6.9,35.0,Ensino Médio,Interior,Híbrido,Não-binário,Parda,0.3026082823206479
CAND_06671,2.7,49.0,Mestrado,Região Metropolitana,Presencial,Feminino,Indígena,0.5748995724154751
CAND_06672,2.6,37.0,Ensino Médio,Capitais,Remoto,Masculino,Amarela,0.05769127950934719
CAND_06673,9.8,54.0,Doutorado,Capitais,Híbrido,Não-binário,Branca,0.5503079117498384
CAND_06674,2.8,38.0,Bacharelado,Capitais,Presencial,Não-binário,Amarela,0.3191988500275914
CAND_06675,9.1,58.0,Mestrado,Capitais,Remoto,Não-binário,Preta,0.7257574718320519
CAND_06676,9.2,44.0,Bacharelado,Capitais,Remoto,Masculino,Parda,0.42392240535041426
CAND_06677,4.2,44.0,Bacharelado,Capitais,Híbrido,Feminino,Branca,0.4875412220014457
CAND_06678,6.3,38.0,Ensino Médio,Interior,Presencial,Não-binário,Indígena,0.3805134151613753
CAND_06679,1.4,37.0,Bacharelado,Interior,Híbrido,Masculino,Amarela,0.3571002167659196
CAND_06680,1.7,52.0,Bacharelado,Capitais,Presencial,Masculino,Preta,0.34854498539027945
CAND_06681,7.2,65.0,Ensino Médio,Região Metropolitana,Presencial,Masculino,Preta,0.48592123139146676
CAND_06682,9.3,81.0,Mestrado,Capitais,Remoto,Feminino,Indígena,0.6601476668598094
CAND_06683,6.7,51.0,Bacharelado,Região Metropolitana,Presencial,Masculino,Parda,0.6058363140670261
CAND_06684,3.8,51.0,Bacharelado,Capitais,Remoto,Masculino,Amarela,0.4794937851678325
CAND_06685,3.8,42.0,Ensino Médio,Região Metropolitana,Presencial,Não-binário,Parda,0.24922422349422108
CAND_06686,4.9,58.0,Bacharelado,Capitais,Remoto,Não-binário,Amarela,0.6329017977164363
CAND_06687,8.0,57.0,Bacharelado,Interior,Remoto,Não-binário,Indígena,0.555769371750543
CAND_06688,3.4,40.0,Mestrado,Região Metropolitana,Presencial,Não-binário,Indígena,0.4286869344999016
CAND_06689,4.2,56.0,Bacharelado,Capitais,Remoto,Não-binário,Branca,0.3773415569311115
CAND_06690,6.9,28.0,Bacharelado,Região Metropolitana,Remoto,Não-binário,Branca,0.42589422530556675
CAND_06691,8.2,63.0,Mestrado,Capitais,Presencial,Feminino,Parda,0.5590243878080595
CAND_06692,4.3,50.0,Ensino Médio,Região Metropolitana,Híbrido,Não-binário,Parda,0.2890257026658422
CAND_06693,3.6,38.0,Bacharelado,Capitais,Híbrido,Masculino,Indígena,0.23061935819305326
CAND_06694,3.4,48.0,Bacharelado,Capitais,Remoto,Feminino,Preta,0.43268054379482307
CAND_06695,7.5,53.0,Ensino Médio,Capitais,Híbrido,Masculino,Preta,0.39475111999304163
CAND_06696,5.6,74.0,Doutorado,Capitais,Híbrido,Masculino,Parda,0.7590621482953208
CAND_06697,2.8,72.0,Bacharelado,Região Metropolitana,Híbrido,Masculino,Parda,0.618733694845308
CAND_06698,10.5,51.0,Bacharelado,Capitais,Híbrido,Masculino,Branca,0.46378133417084233
CAND_06699,6.8,64.0,Bacharelado,Capitais,Remoto,Não-binário,Parda,0.6200542675455782
CAND_06700,5.6,13.0,Bacharelado,Capitais,Remoto,Feminino,Amarela,0.44929806407490613
CAND_06701,5.0,59.0,Bacharelado,Região Metropolitana,Híbrido,Masculino,Parda,0.5993485751525478
CAND_06702,3.4,54.0,Mestrado,Capitais,Remoto,Masculino,Branca,0.6465542941949342
CAND_06703,0.5,48.0,Doutorado,Capitais,Presencial,Não-binário,Parda,0.36801169725489985
CAND_06704,7.8,30.0,Bacharelado,Capitais,Presencial,Masculino,Preta,0.43715072585067255
CAND_06705,3.3,65.0,Mestrado,Capitais,Híbrido,Feminino,Preta,0.35262474912024677
CAND_06706,3.5,48.0,Bacharelado,Região Metropolitana,Presencial,Masculino,Branca,0.5136479876173101
CAND_06707,4.5,46.0,Ensino Médio,Região Metropolitana,Presencial,Não-binário,Amarela,0.4015479485512284
CAND_06708,3.5,43.0,Bacharelado,Região Metropolitana,Híbrido,Feminino,Preta,0.4312226086346288
CAND_06709,8.6,50.0,Bacharelado,Região Metropolitana,Presencial,Feminino,Parda,0.4393992260876286
CAND_06710,1.5,59.0,Mestrado,Região Metropolitana,Remoto,Não-binário,Amarela,0.4308885749789585
CAND_06711,3.9,40.0,Mestrado,Capitais,Remoto,Não-binário,Preta,0.33282970247249377
CAND_06712,0.8,57.0,Ensino Médio,Região Metropolitana,Híbrido,Masculino,Preta,0.20248666673844315
CAND_06713,2.6,49.0,Bacharelado,Capitais,Remoto,Não-binário,Parda,0.41726088060458294
CAND_06714,3.7,61.0,Mestrado,Capitais,Remoto,Não-binário,Branca,0.578133154333905
CAND_06715,8.5,70.0,Bacharelado,Capitais,Híbrido,Não-binário,Indígena,0.5124348574640462
CAND_06716,4.1,49.0,Doutorado,Capitais,Remoto,Não-binário,Amarela,0.580520604306195
CAND_06717,5.9,65.0,Ensino Médio,Capitais,Presencial,Feminino,Preta,0.538452084237432
CAND_06718,2.1,72.0,Mestrado,Capitais,Presencial,Não-binário,Branca,0.3588434775370774
CAND_06719,4.5,64.0,Bacharelado,Capitais,Presencial,Feminino,Preta,0.39153195328160895
CAND_06720,4.7,48.0,Bacharelado,Capitais,Presencial,Feminino,Amarela,0.5537532605273721
CAND_06721,0.0,48.0,Bacharelado,Capitais,Remoto,Masculino,Branca,0.46606379512456286
CAND_06722,3.6,49.0,Mestrado,Região Metropolitana,Presencial,Feminino,Preta,0.5385130702841083
CAND_06723,9.1,24.0,Ensino Médio,Interior,Híbrido,Masculino,Indígena,0.3970242636057914
CAND_06724,3.2,48.0,Bacharelado,Região Metropolitana,Híbrido,Não-binário,Amarela,0.38620981238140223
CAND_06725,8.7,43.0,Mestrado,Capitais,Híbrido,Feminino,Indígena,0.4969516953988373
CAND_06726,8.3,43.0,Bacharelado,Região Metropolitana,Presencial,Masculino,Indígena,0.3703335540274806
CAND_06727,1.0,40.0,Ensino Médio,Capitais,Remoto,Feminino,Branca,0.394106234798656
CAND_06728,3.5,54.0,Bacharelado,Capitais,Remoto,Não-binário,Indígena,0.4137407479939697
CAND_06729,0.1,26.0,Mestrado,Região Metropolitana,Presencial,Masculino,Indígena,0.22555946745765576
CAND_06730,4.9,42.0,Bacharelado,Capitais,Presencial,Feminino,Branca,0.28251057989964223
CAND_06731,10.8,42.0,Bacharelado,Região Metropolitana,Presencial,Não-binário,Preta,0.543264167594854
CAND_06732,9.3,52.0,Bacharelado,Região Metropolitana,Remoto,Masculino,Preta,0.5697473611690862
CAND_06733,5.0,66.0,Bacharelado,Capitais,Remoto,Feminino,Indígena,0.40066658988605264
CAND_06734,4.6,75.0,Bacharelado,Região Metropolitana,Remoto,Feminino,Amarela,0.39205617110679425
CAND_06735,11.2,48.0,Ensino Médio,Capitais,Híbrido,Feminino,Preta,0.47228420925657516
CAND_06736,2.1,43.0,Bacharelado,Capitais,Remoto,Feminino,Branca,0.4841544483236643
CAND_06737,6.9,38.0,Mestrado,Região Metropolitana,Presencial,Feminino,Preta,0.5902278271681862
CAND_06738,0.0,70.0,Bacharelado,Região Metropolitana,Híbrido,Masculino,Indígena,0.3823442329474591
CAND_06739,0.1,47.0,Mestrado,Capitais,Remoto,Masculino,Preta,0.4212368148446042
CAND_06740,2.1,19.0,Mestrado,Capitais,Presencial,Não-binário,Indígena,0.24400635121631886
CAND_06741,3.4,69.0,Mestrado,Capitais,Presencial,Masculino,Amarela,0.6059728314767319
CAND_06742,5.3,21.0,Ensino Médio,Capitais,Presencial,Não-binário,Parda,0.2507346625586936
CAND_06743,6.8,69.0,Ensino Médio,Capitais,Presencial,Masculino,Branca,0.619607881160709
CAND_06744,2.1,50.0,Mestrado,Capitais,Remoto,Não-binário,Branca,0.43841498277389923
CAND_06745,6.6,24.0,Mestrado,Capitais,Presencial,Masculino,Amarela,0.2951434431928658
CAND_06746,12.0,56.0,Bacharelado,Região Metropolitana,Remoto,Não-binário,Preta,0.4399479646242026
CAND_06747,3.1,47.0,Mestrado,Capitais,Híbrido,Masculino,Branca,0.3272744028749271
CAND_06748,5.3,23.0,Bacharelado,Capitais,Híbrido,Feminino,Branca,0.4416484763675804
CAND_06749,6.8,37.0,Bacharelado,Capitais,Remoto,Masculino,Indígena,0.3002989661154814
CAND_06750,8.7,24.0,Bacharelado,Região Metropolitana,Remoto,Masculino,Branca,0.3908679843462094
CAND_06751,0.0,23.0,Bacharelado,Capitais,Presencial,Masculino,Amarela,0.3837356611325301
CAND_06752,4.8,30.0,Bacharelado,Capitais,Híbrido,Feminino,Preta,0.46047803384608604
CAND_06753,11.3,70.0,Bacharelado,Região Metropolitana,Remoto,Não-binário,Branca,0.5650026973213781
CAND_06754,0.0,70.0,Bacharelado,Região Metropolitana,Híbrido,Feminino,Amarela,0.2956019521254887
CAND_06755,4.0,6.0,Bacharelado,Capitais,Híbrido,Feminino,Indígena,0.3487711639322892
CAND_06756,7.2,27.0,Bacharelado,Região Metropolitana,Híbrido,Feminino,Indígena,0.6545808775208173
CAND_06757,3.0,46.0,Bacharelado,Capitais,Presencial,Não-binário,Branca,0.3587505870303394
CAND_06758,9.1,49.0,Mestrado,Capitais,Híbrido,Feminino,Indígena,0.4719993482157553
CAND_06759,3.4,43.0,Ensino Médio,Região Metropolitana,Híbrido,Masculino,Parda,0.45302835009598164
CAND_06760,8.0,41.0,Mestrado,Capitais,Híbrido,Não-binário,Amarela,0.6282467894245233
CAND_06761,7.7,67.0,Ensino Médio,Capitais,Presencial,Não-binário,Indígena,0.4445452047876667
CAND_06762,4.0,19.0,Ensino Médio,Região Metropolitana,Presencial,Não-binário,Parda,0.22133677226605047
CAND_06763,7.3,47.0,Mestrado,Capitais,Remoto,Feminino,Preta,0.5822076445879738
CAND_06764,2.8,31.0,Ensino Médio,Capitais,Híbrido,Feminino,Parda,0.2745479712398779
CAND_06765,9.3,65.0,Bacharelado,Capitais,Híbrido,Masculino,Parda,0.8029777162908953
CAND_06766,9.1,41.0,Bacharelado,Capitais,Híbrido,Feminino,Branca,0.3158499051527998
CAND_06767,11.4,33.0,Bacharelado,Região Metropolitana,Híbrido,Não-binário,Indígena,0.6402429519876888
CAND_06768,10.3,81.0,Bacharelado,Região Metropolitana,Remoto,Masculino,Parda,0.663362497803165
CAND_06769,7.5,58.0,Mestrado,Capitais,Híbrido,Feminino,Preta,0.47918474750078044
CAND_06770,3.0,63.0,Bacharelado,Capitais,Presencial,Masculino,Preta,0.5428412596255819
CAND_06771,9.6,44.0,Doutorado,Capitais,Presencial,Feminino,Branca,0.5943296749425043
CAND_06772,7.8,36.0,Bacharelado,Capitais,Híbrido,Masculino,Indígena,0.5437463732803871
CAND_06773,3.0,58.0,Bacharelado,Capitais,Híbrido,Masculino,Amarela,0.5508903806555951
CAND_06774,4.5,50.0,Bacharelado,Capitais,Remoto,Não-binário,Parda,0.4128480238018336
CAND_06775,5.0,23.0,Bacharelado,Capitais,Híbrido,Feminino,Preta,0.19771117122867754
CAND_06776,1.5,63.0,Bacharelado,Interior,Híbrido,Não-binário,Branca,0.5996857308577646
CAND_06777,2.9,44.0,Bacharelado,Capitais,Remoto,Masculino,Indígena,0.3463195118555928
CAND_06778,8.3,37.0,Mestrado,Capitais,Presencial,Não-binário,Preta,0.4172885878146014
CAND_06779,6.9,50.0,Bacharelado,Capitais,Híbrido,Feminino,Parda,0.39134740681109836
CAND_06780,12.3,58.0,Ensino Médio,Capitais,Híbrido,Feminino,Branca,0.6305258753836052
CAND_06781,2.1,49.0,Bacharelado,Capitais,Presencial,Feminino,Parda,0.5887343187933607
CAND_06782,5.0,75.0,Ensino Médio,Região Metropolitana,Híbrido,Feminino,Branca,0.6164504174860025
CAND_06783,4.3,47.0,Mestrado,Região Metropolitana,Remoto,Não-binário,Parda,0.3137542424199963
CAND_06784,6.9,31.0,Bacharelado,Capitais,Presencial,Feminino,Indígena,0.4736784964666909
CAND_06785,4.3,48.0,Bacharelado,Capitais,Híbrido,Feminino,Branca,0.4656361053935031
CAND_06786,1.7,25.0,Bacharelado,Região Metropolitana,Híbrido,Não-binário,Branca,0.29875597419890376
CAND_06787,3.2,62.0,Bacharelado,Capitais,Híbrido,Masculino,Parda,0.30277212168293854
CAND_06788,8.9,34.0,Mestrado,Capitais,Remoto,Feminino,Amarela,0.5598286719700487
CAND_06789,3.3,51.0,Ensino Médio,Região Metropolitana,Híbrido,Masculino,Branca,0.5599512216729746
CAND_06790,5.8,50.0,Bacharelado,Capitais,Remoto,Masculino,Parda,0.44220923212256585
CAND_06791,4.8,32.0,Bacharelado,Capitais,Presencial,Feminino,Branca,0.34707474209197897
CAND_06792,2.9,63.0,Bacharelado,Região Metropolitana,Híbrido,Feminino,Parda,0.4410882391939864
CAND_06793,6.6,34.0,Bacharelado,Capitais,Híbrido,Masculino,Parda,0.32589718029635484
CAND_06794,7.8,64.0,Bacharelado,Capitais,Presencial,Não-binário,Parda,0.4248413048186548
CAND_06795,7.8,44.0,Bacharelado,Região Metropolitana,Híbrido,Masculino,Branca,0.4708800428754235
CAND_06796,5.3,57.0,Bacharelado,Região Metropolitana,Presencial,Masculino,Branca,0.4418905759956746
CAND_06797,8.0,39.0,Mestrado,Capitais,Híbrido,Feminino,Indígena,0.43601525229239024
CAND_06798,1.2,41.0,Bacharelado,Capitais,Híbrido,Não-binário,Indígena,0.3326700388805806
CAND_06799,3.8,50.0,Bacharelado,Região Metropolitana,Híbrido,Feminino,Preta,0.4385522341178787
CAND_06800,4.5,42.0,Mestrado,Região Metropolitana,Híbrido,Não-binário,Amarela,0.5227530367326569
CAND_06801,5.1,50.0,Bacharelado,Região Metropolitana,Híbrido,Masculino,Branca,0.5274033048078313
CAND_06802,10.3,81.0,Bacharelado,Capitais,Presencial,Feminino,Parda,0.4508096666184854
CAND_06803,2.5,49.0,Bacharelado,Região Metropolitana,Híbrido,Não-binário,Preta,0.4221550067438507
CAND_06804,3.1,59.0,Ensino Médio,Capitais,Híbrido,Não-binário,Amarela,0.49390884179826683
CAND_06805,3.6,51.0,Mestrado,Capitais,Presencial,Não-binário,Amarela,0.4863199855472908
CAND_06806,7.7,35.0,Bacharelado,Capitais,Híbrido,Não-binário,Branca,0.4080858858081586
CAND_06807,6.2,17.0,Mestrado,Capitais,Híbrido,Masculino,Amarela,0.5197708767507356
CAND_06808,10.5,66.0,Bacharelado,Região Metropolitana,Remoto,Feminino,Indígena,0.6900365377890502
CAND_06809,4.5,57.0,Mestrado,Capitais,Híbrido,Não-binário,Amarela,0.5802416928896493
CAND_06810,6.5,45.0,Bacharelado,Capitais,Remoto,Feminino,Amarela,0.5241794691231152
CAND_06811,7.1,35.0,Bacharelado,Capitais,Híbrido,Masculino,Branca,0.40317885174058227
CAND_06812,1.7,41.0,Bacharelado,Capitais,Híbrido,Feminino,Indígena,0.40415247279509353
CAND_06813,4.8,67.0,Mestrado,Região Metropolitana,Presencial,Feminino,Branca,0.5102566803746702
CAND_06814,4.3,60.0,Bacharelado,Região Metropolitana,Remoto,Masculino,Parda,0.5283310843457251
CAND_06815,7.0,5.0,Mestrado,Capitais,Presencial,Não-binário,Preta,0.5971421735352457
CAND_06816,11.5,67.0,Mestrado,Região Metropolitana,Híbrido,Masculino,Parda,0.7845408113946599
CAND_06817,3.3,40.0,Bacharelado,Capitais,Híbrido,Masculino,Indígena,0.4301715737548102
CAND_06818,6.7,67.0,Mestrado,Interior,Híbrido,Não-binário,Indígena,0.426510628368458
CAND_06819,4.2,33.0,Bacharelado,Capitais,Remoto,Masculino,Branca,0.46905245279799573
CAND_06820,2.4,64.0,Mestrado,Capitais,Remoto,Masculino,Indígena,0.3891135032504076
CAND_06821,3.6,45.0,Mestrado,Capitais,Presencial,Não-binário,Indígena,0.2950764484014092
CAND_06822,6.0,36.0,Bacharelado,Região Metropolitana,Remoto,Masculino,Amarela,0.6095517312758522
CAND_06823,6.6,43.0,Bacharelado,Capitais,Presencial,Feminino,Branca,0.4798370995428571
CAND_06824,7.1,52.0,Doutorado,Capitais,Híbrido,Masculino,Parda,0.6323561873291276
CAND_06825,4.6,50.0,Bacharelado,Capitais,Remoto,Não-binário,Amarela,0.5347954487926876
CAND_06826,2.3,45.0,Mestrado,Capitais,Remoto,Masculino,Branca,0.6288818811876187
CAND_06827,1.8,57.0,Mestrado,Interior,Híbrido,Feminino,Preta,0.43130353049886655
CAND_06828,2.8,60.0,Mestrado,Capitais,Presencial,Feminino,Preta,0.5415831611576916
CAND_06829,0.0,49.0,Doutorado,Interior,Presencial,Masculino,Indígena,0.4766941133904452
CAND_06830,3.2,68.0,Bacharelado,Região Metropolitana,Presencial,Não-binário,Preta,0.5533948040096669
CAND_06831,4.5,74.0,Bacharelado,Capitais,Híbrido,Feminino,Parda,0.5132662187956833
CAND_06832,0.0,40.0,Bacharelado,Capitais,Remoto,Não-binário,Parda,0.3216487618332097
CAND_06833,2.9,51.0,Bacharelado,Interior,Híbrido,Masculino,Parda,0.5220712616726532
CAND_06834,4.5,42.0,Bacharelado,Capitais,Híbrido,Não-binário,Branca,0.3283720085974958
CAND_06835,8.3,43.0,Bacharelado,Capitais,Remoto,Masculino,Branca,0.5793982772866534
CAND_06836,4.7,58.0,Mestrado,Região Metropolitana,Híbrido,Não-binário,Branca,0.4708729800733832
CAND_06837,11.0,49.0,Bacharelado,Interior,Remoto,Masculino,Parda,0.6136492891183413
CAND_06838,8.4,44.0,Mestrado,Capitais,Híbrido,Feminino,Branca,0.51740161667018
CAND_06839,4.3,46.0,Bacharelado,Capitais,Híbrido,Feminino,Parda,0.5155929564011419
CAND_06840,1.6,60.0,Bacharelado,Capitais,Presencial,Feminino,Amarela,0.4092597170485093
CAND_06841,1.1,33.0,Doutorado,Capitais,Remoto,Não-binário,Parda,0.46335321921812217
CAND_06842,4.1,41.0,Mestrado,Capitais,Remoto,Masculino,Branca,0.4235830152228238
CAND_06843,2.6,54.0,Bacharelado,Capitais,Híbrido,Não-binário,Branca,0.307999208248595
CAND_06844,7.4,62.0,Ensino Médio,Região Metropolitana,Presencial,Masculino,Preta,0.5162284850985842
CAND_06845,9.3,47.0,Bacharelado,Capitais,Remoto,Masculino,Branca,0.461088157192637
CAND_06846,0.0,45.0,Mestrado,Capitais,Remoto,Feminino,Branca,0.2609080313979748
CAND_06847,9.6,88.0,Mestrado,Interior,Presencial,Feminino,Amarela,0.6310821014180241
CAND_06848,13.3,48.0,Bacharelado,Região Metropolitana,Híbrido,Masculino,Branca,0.5431113910917741
CAND_06849,5.7,33.0,Bacharelado,Capitais,Presencial,Não-binário,Amarela,0.4580333978360158
CAND_06850,2.3,56.0,Bacharelado,Região Metropolitana,Remoto,Feminino,Branca,0.3892800635879125
CAND_06851,5.9,47.0,Bacharelado,Região Metropolitana,Remoto,Não-binário,Preta,0.364497121149796
CAND_06852,5.3,26.0,Bacharelado,Capitais,Híbrido,Não-binário,Branca,0.36292234404296797
CAND_06853,7.6,39.0,Bacharelado,Região Metropolitana,Remoto,Masculino,Amarela,0.5174394864202502
CAND_06854,4.0,73.0,Mestrado,Capitais,Remoto,Feminino,Indígena,0.5932516591754637
CAND_06855,6.6,63.0,Bacharelado,Região Metropolitana,Remoto,Masculino,Amarela,0.5470078848059008
CAND_06856,4.9,55.0,Bacharelado,Capitais,Híbrido,Masculino,Indígena,0.5203289271143758
CAND_06857,1.2,56.0,Bacharelado,Capitais,Híbrido,Não-binário,Branca,0.23703784096957325
CAND_06858,5.4,39.0,Bacharelado,Capitais,Remoto,Feminino,Branca,0.2896637606511151
CAND_06859,3.9,59.0,Doutorado,Região Metropolitana,Presencial,Feminino,Parda,0.6205208636943061
CAND_06860,4.0,38.0,Mestrado,Região Metropolitana,Remoto,Feminino,Preta,0.32871384936059916
CAND_06861,1.8,41.0,Mestrado,Região Metropolitana,Híbrido,Masculino,Indígena,0.34123337212801613
CAND_06862,10.3,64.0,Doutorado,Capitais,Híbrido,Não-binário,Indígena,0.9213585120368774
CAND_06863,5.9,43.0,Mestrado,Região Metropolitana,Presencial,Masculino,Branca,0.43929566756405825
CAND_06864,6.0,88.0,Ensino Médio,Região Metropolitana,Remoto,Masculino,Branca,0.5850237642333909
CAND_06865,3.7,47.0,Bacharelado,Capitais,Híbrido,Não-binário,Parda,0.5098634207421446
CAND_06866,1.2,46.0,Mestrado,Capitais,Remoto,Feminino,Preta,0.29619922760813355
CAND_06867,0.9,77.0,Bacharelado,Interior,Híbrido,Feminino,Preta,0.34063852507034453
CAND_06868,3.9,44.0,Bacharelado,Interior,Remoto,Não-binário,Parda,0.4607622447693508
CAND_06869,6.8,37.0,Bacharelado,Capitais,Remoto,Masculino,Indígena,0.57886666873246
CAND_06870,7.7,81.0,Bacharelado,Capitais,Remoto,Masculino,Indígena,0.6401826568071901
CAND_06871,2.1,70.0,Ensino Médio,Capitais,Híbrido,Não-binário,Parda,0.4256160226123892
CAND_06872,0.0,61.0,Ensino Médio,Capitais,Remoto,Feminino,Amarela,0.47800731656246875
CAND_06873,6.9,38.0,Bacharelado,Capitais,Remoto,Feminino,Preta,0.48184864086419826
CAND_06874,3.0,47.0,Doutorado,Capitais,Híbrido,Feminino,Indígena,0.45156223279853547
CAND_06875,6.5,44.0,Mestrado,Região Metropolitana,Remoto,Feminino,Branca,0.542337871474869
CAND_06876,6.7,54.0,Ensino Médio,Capitais,Remoto,Não-binário,Amarela,0.40322848382698645
CAND_06877,6.5,58.0,Bacharelado,Capitais,Remoto,Feminino,Amarela,0.5430578129486916
CAND_06878,4.6,42.0,Doutorado,Capitais,Remoto,Masculino,Preta,0.6207181460877381
CAND_06879,11.7,37.0,Bacharelado,Capitais,Presencial,Não-binário,Branca,0.579616247024509
CAND_06880,0.4,33.0,Bacharelado,Região Metropolitana,Remoto,Masculino,Branca,0.1423748467266753
CAND_06881,0.5,42.0,Bacharelado,Capitais,Híbrido,Feminino,Branca,0.3558602214752457
CAND_06882,0.0,48.0,Ensino Médio,Capitais,Híbrido,Feminino,Parda,0.25704118592548464
CAND_06883,4.1,65.0,Mestrado,Capitais,Híbrido,Masculino,Amarela,0.5635081105579324
CAND_06884,5.1,50.0,Mestrado,Região Metropolitana,Híbrido,Não-binário,Indígena,0.5941087930526234
CAND_06885,0.1,52.0,Mestrado,Capitais,Remoto,Não-binário,Indígena,0.43596740242878634
CAND_06886,7.8,38.0,Bacharelado,Capitais,Remoto,Masculino,Indígena,0.39071689610314336
CAND_06887,9.6,55.0,Mestrado,Interior,Presencial,Feminino,Indígena,0.6518338646676759
CAND_06888,6.4,58.0,Bacharelado,Capitais,Híbrido,Feminino,Indígena,0.5124767377048737
CAND_06889,6.0,58.0,Mestrado,Região Metropolitana,Híbrido,Não-binário,Indígena,0.3989415510911173
CAND_06890,0.0,38.0,Bacharelado,Capitais,Remoto,Não-binário,Parda,0.3326180288953921
CAND_06891,4.1,53.0,Ensino Médio,Capitais,Presencial,Feminino,Branca,0.4032191670159785
CAND_06892,4.6,57.0,Mestrado,Capitais,Presencial,Não-binário,Branca,0.6218438519616629
CAND_06893,8.4,40.0,Bacharelado,Capitais,Híbrido,Masculino,Parda,0.40636000207059114
CAND_06894,2.9,54.0,Ensino Médio,Região Metropolitana,Híbrido,Feminino,Parda,0.4563663353158612
CAND_06895,8.3,27.0,Ensino Médio,Capitais,Remoto,Masculino,Amarela,0.31183338040497427
CAND_06896,7.7,44.0,Mestrado,Interior,Remoto,Feminino,Parda,0.610716231312333
CAND_06897,7.2,36.0,Mestrado,Capitais,Híbrido,Não-binário,Parda,0.4369742789314589
CAND_06898,5.7,37.0,Bacharelado,Capitais,Presencial,Feminino,Indígena,0.4010273223443546
CAND_06899,0.0,61.0,Mestrado,Capitais,Remoto,Feminino,Branca,0.329068561435754
CAND_06900,6.0,75.0,Bacharelado,Capitais,Híbrido,Masculino,Branca,0.6464233143203234
CAND_06901,9.8,43.0,Bacharelado,Capitais,Híbrido,Não-binário,Indígena,0.501739598852344
CAND_06902,7.4,35.0,Bacharelado,Interior,Híbrido,Masculino,Amarela,0.4081835751333176
CAND_06903,8.6,39.0,Bacharelado,Capitais,Presencial,Feminino,Parda,0.5670635907851087
CAND_06904,1.1,64.0,Mestrado,Capitais,Remoto,Feminino,Branca,0.4577070759869291
CAND_06905,2.2,59.0,Mestrado,Capitais,Remoto,Não-binário,Amarela,0.42704419829148865
CAND_06906,3.7,65.0,Bacharelado,Capitais,Presencial,Não-binário,Parda,0.5007989952049726
CAND_06907,8.0,49.0,Bacharelado,Capitais,Híbrido,Não-binário,Parda,0.33286193060649527
CAND_06908,6.3,62.0,Mestrado,Interior,Presencial,Não-binário,Preta,0.5578695828808639
CAND_06909,7.2,39.0,Mestrado,Capitais,Presencial,Não-binário,Amarela,0.5220839642123396
CAND_06910,5.3,63.0,Bacharelado,Região Metropolitana,Híbrido,Feminino,Indígena,0.49294110210075864
CAND_06911,5.2,60.0,Ensino Médio,Capitais,Remoto,Masculino,Amarela,0.4254512007945033
CAND_06912,0.1,37.0,Bacharelado,Capitais,Presencial,Masculino,Indígena,0.16875204091828236
CAND_06913,1.3,43.0,Mestrado,Capitais,Híbrido,Não-binário,Branca,0.5535529783040988
CAND_06914,6.5,46.0,Bacharelado,Capitais,Presencial,Não-binário,Parda,0.46908903869444457
CAND_06915,0.0,59.0,Bacharelado,Região Metropolitana,Híbrido,Não-binário,Amarela,0.21238563228624646
CAND_06916,4.7,49.0,Bacharelado,Região Metropolitana,Híbrido,Não-binário,Preta,0.38413509425715475
CAND_06917,4.1,47.0,Mestrado,Capitais,Híbrido,Masculino,Preta,0.5747810634506163
CAND_06918,9.2,32.0,Bacharelado,Região Metropolitana,Remoto,Não-binário,Preta,0.28456777033617736
CAND_06919,6.3,58.0,Bacharelado,Capitais,Híbrido,Masculino,Preta,0.42103966341736654
CAND_06920,8.1,46.0,Mestrado,Região Metropolitana,Remoto,Não-binário,Preta,0.5792920285873613
CAND_06921,5.9,41.0,Bacharelado,Região Metropolitana,Remoto,Masculino,Amarela,0.40230191912907615
CAND_06922,8.2,37.0,Mestrado,Capitais,Presencial,Não-binário,Indígena,0.3164233881764458
CAND_06923,7.1,53.0,Doutorado,Capitais,Remoto,Feminino,Indígena,0.7201211024352039
CAND_06924,2.1,66.0,Bacharelado,Interior,Remoto,Feminino,Parda,0.3882793598410222
CAND_06925,4.9,27.0,Mestrado,Capitais,Híbrido,Masculino,Branca,0.45268106875795533
CAND_06926,3.0,40.0,Bacharelado,Interior,Remoto,Não-binário,Branca,0.37221760206070115
CAND_06927,7.0,40.0,Doutorado,Interior,Presencial,Feminino,Parda,0.5345616936624262
CAND_06928,6.4,75.0,Bacharelado,Capitais,Presencial,Feminino,Parda,0.5558060376514639
CAND_06929,3.2,54.0,Bacharelado,Região Metropolitana,Remoto,Feminino,Amarela,0.4187252760316807
CAND_06930,6.5,52.0,Ensino Médio,Capitais,Remoto,Feminino,Branca,0.41755892490707613
CAND_06931,2.0,45.0,Mestrado,Interior,Híbrido,Masculino,Parda,0.5349481085702694
CAND_06932,5.2,61.0,Ensino Médio,Interior,Remoto,Feminino,Branca,0.4565284373679254
CAND_06933,5.3,21.0,Bacharelado,Capitais,Presencial,Não-binário,Preta,0.37162297926124827
CAND_06934,4.9,28.0,Bacharelado,Capitais,Presencial,Feminino,Parda,0.5567331859265332
CAND_06935,0.1,37.0,Bacharelado,Região Metropolitana,Híbrido,Não-binário,Amarela,0.26632871094950755
CAND_06936,8.7,57.0,Mestrado,Capitais,Híbrido,Não-binário,Parda,0.5116939353751858
CAND_06937,0.0,65.0,Bacharelado,Capitais,Remoto,Feminino,Amarela,0.4695181462233358
CAND_06938,5.3,52.0,Bacharelado,Capitais,Remoto,Feminino,Indígena,0.2639300498239302
CAND_06939,5.1,27.0,Mestrado,Região Metropolitana,Híbrido,Não-binário,Parda,0.21488505826256876
CAND_06940,0.0,52.0,Bacharelado,Região Metropolitana,Híbrido,Masculino,Branca,0.4979465180083671
CAND_06941,8.3,39.0,Mestrado,Capitais,Híbrido,Feminino,Branca,0.5659878336958173
CAND_06942,3.2,60.0,Bacharelado,Região Metropolitana,Híbrido,Não-binário,Amarela,0.4194536171331851
CAND_06943,6.6,64.0,Bacharelado,Região Metropolitana,Híbrido,Não-binário,Indígena,0.4093380684902489
CAND_06944,6.1,68.0,Bacharelado,Interior,Híbrido,Não-binário,Preta,0.6459882311953076
CAND_06945,3.4,54.0,Bacharelado,Capitais,Híbrido,Feminino,Amarela,0.37224862763311756
CAND_06946,1.7,46.0,Ensino Médio,Capitais,Remoto,Feminino,Preta,0.3881359476111821
CAND_06947,0.7,21.0,Bacharelado,Região Metropolitana,Híbrido,Não-binário,Parda,0.3741036824510141
CAND_06948,3.8,39.0,Bacharelado,Capitais,Presencial,Masculino,Indígena,0.3229303144894311
CAND_06949,9.9,27.0,Bacharelado,Região Metropolitana,Remoto,Feminino,Parda,0.17468318229620466
CAND_06950,6.2,15.0,Bacharelado,Capitais,Remoto,Masculino,Parda,0.5039949077729441
CAND_06951,8.5,54.0,Bacharelado,Interior,Híbrido,Não-binário,Preta,0.5537364055768511
CAND_06952,5.2,43.0,Bacharelado,Interior,Híbrido,Feminino,Indígena,0.3358170289369298
CAND_06953,3.3,59.0,Mestrado,Capitais,Híbrido,Masculino,Preta,0.4870790898500168
CAND_06954,5.2,50.0,Bacharelado,Região Metropolitana,Presencial,Masculino,Indígena,0.3370932466554755
CAND_06955,4.8,30.0,Bacharelado,Capitais,Híbrido,Feminino,Amarela,0.21360090412602362
CAND_06956,0.0,62.0,Bacharelado,Capitais,Híbrido,Masculino,Amarela,0.5349209751461366
CAND_06957,5.8,50.0,Bacharelado,Capitais,Remoto,Feminino,Preta,0.43876466546607124
CAND_06958,1.7,66.0,Mestrado,Capitais,Remoto,Feminino,Indígena,0.5859680600459164
CAND_06959,1.0,53.0,Doutorado,Capitais,Híbrido,Masculino,Branca,0.41115429776640355
CAND_06960,5.2,55.0,Bacharelado,Capitais,Híbrido,Não-binário,Parda,0.6222003649342502
CAND_06961,6.2,46.0,Bacharelado,Capitais,Presencial,Não-binário,Parda,0.44148128881362037
CAND_06962,5.1,32.0,Bacharelado,Capitais,Remoto,Não-binário,Branca,0.4024430424908617
CAND_06963,5.2,78.0,Mestrado,Capitais,Presencial,Feminino,Parda,0.47198327357114445
CAND_06964,5.1,59.0,Bacharelado,Capitais,Híbrido,Feminino,Indígena,0.6649522730797877
CAND_06965,4.0,29.0,Bacharelado,Capitais,Híbrido,Não-binário,Amarela,0.22546411844009662
CAND_06966,3.9,54.0,Mestrado,Capitais,Presencial,Não-binário,Preta,0.4783310557313255
CAND_06967,5.5,34.0,Bacharelado,Região Metropolitana,Remoto,Feminino,Indígena,0.20474461236370192
CAND_06968,6.7,30.0,Doutorado,Região Metropolitana,Remoto,Não-binário,Amarela,0.4954167079616331
CAND_06969,4.1,46.0,Doutorado,Capitais,Híbrido,Não-binário,Amarela,0.6753500764755658
CAND_06970,0.0,48.0,Doutorado,Capitais,Remoto,Feminino,Amarela,0.38665892985675965
CAND_06971,5.1,39.0,Mestrado,Região Metropolitana,Remoto,Não-binário,Amarela,0.4389568318401225
CAND_06972,4.3,51.0,Mestrado,Interior,Híbrido,Não-binário,Parda,0.5407353728418265
CAND_06973,5.1,46.0,Mestrado,Região Metropolitana,Remoto,Feminino,Parda,0.7096804720060312
CAND_06974,4.1,36.0,Ensino Médio,Capitais,Remoto,Feminino,Amarela,0.28446898910852053
CAND_06975,3.3,41.0,Mestrado,Região Metropolitana,Híbrido,Masculino,Amarela,0.5462874508773372
CAND_06976,9.0,23.0,Bacharelado,Capitais,Híbrido,Não-binário,Indígena,0.5759531419558688
CAND_06977,2.4,55.0,Bacharelado,Capitais,Híbrido,Não-binário,Branca,0.38657383762056885
CAND_06978,10.7,60.0,Bacharelado,Região Metropolitana,Presencial,Masculino,Parda,0.6940406933941742
CAND_06979,2.8,47.0,Bacharelado,Região Metropolitana,Remoto,Masculino,Parda,0.14666659375389776
CAND_06980,4.0,18.0,Bacharelado,Capitais,Remoto,Masculino,Indígena,0.30396224175840275
CAND_06981,7.0,54.0,Mestrado,Capitais,Presencial,Não-binário,Indígena,0.5595604633035923
CAND_06982,9.4,30.0,Bacharelado,Capitais,Remoto,Não-binário,Amarela,0.5423146567928696
CAND_06983,7.4,45.0,Bacharelado,Capitais,Remoto,Não-binário,Parda,0.5046320561766812
CAND_06984,9.4,49.0,Mestrado,Região Metropolitana,Remoto,Não-binário,Indígena,0.566460851551355
CAND_06985,7.2,48.0,Ensino Médio,Capitais,Híbrido,Masculino,Parda,0.5762349279590055
CAND_06986,3.1,38.0,Bacharelado,Capitais,Híbrido,Não-binário,Branca,0.3974462450996826
CAND_06987,8.3,56.0,Ensino Médio,Interior,Híbrido,Feminino,Preta,0.5520767109832765
CAND_06988,0.0,45.0,Bacharelado,Região Metropolitana,Remoto,Não-binário,Parda,0.3702750133242549
CAND_06989,7.2,32.0,Bacharelado,Região Metropolitana,Remoto,Masculino,Amarela,0.6256565117446702
CAND_06990,7.0,39.0,Bacharelado,Capitais,Híbrido,Feminino,Amarela,0.2967709756639154
CAND_06991,7.9,27.0,Ensino Médio,Capitais,Híbrido,Não-binário,Parda,0.31141632511338946
CAND_06992,3.1,51.0,Doutorado,Região Metropolitana,Presencial,Feminino,Indígena,0.5017338257250552
CAND_06993,3.0,27.0,Bacharelado,Capitais,Presencial,Feminino,Amarela,0.2971772447492619
CAND_06994,1.2,57.0,Mestrado,Capitais,Presencial,Feminino,Amarela,0.6103809660711076
CAND_06995,4.7,17.0,Mestrado,Capitais,Remoto,Feminino,Parda,0.2601575517135258
CAND_06996,3.5,44.0,Bacharelado,Capitais,Híbrido,Feminino,Preta,0.35520161396921124
CAND_06997,2.3,40.0,Mestrado,Capitais,Remoto,Feminino,Amarela,0.5062827105679002
CAND_06998,0.0,49.0,Ensino Médio,Capitais,Híbrido,Feminino,Preta,0.20975088472471226
CAND_06999,4.5,59.0,Bacharelado,Região Metropolitana,Híbrido,Feminino,Amarela,0.27308862577810267
CAND_07000,4.1,44.0,Bacharelado,Capitais,Presencial,Feminino,Preta,0.31950442530453527
CAND_07001,6.1,27.0,Bacharelado,Capitais,Remoto,Não-binário,Indígena,0.2721921120939693
CAND_07002,1.8,51.0,Mestrado,Região Metropolitana,Híbrido,Não-binário,Indígena,0.45642460246692734
CAND_07003,0.7,59.0,Mestrado,Região Metropolitana,Híbrido,Não-binário,Indígena,0.4722333452538351
CAND_07004,4.6,56.0,Mestrado,Capitais,Remoto,Não-binário,Branca,0.5323798530031082
CAND_07005,8.6,33.0,Bacharelado,Capitais,Híbrido,Masculino,Indígena,0.3363248767150315
CAND_07006,11.1,55.0,Bacharelado,Capitais,Híbrido,Masculino,Preta,0.5965149042213537
CAND_07007,3.7,61.0,Doutorado,Capitais,Remoto,Feminino,Branca,0.6438252443918716
CAND_07008,3.5,55.0,Mestrado,Capitais,Híbrido,Masculino,Preta,0.5449924866053798
CAND_07009,0.0,66.0,Bacharelado,Região Metropolitana,Presencial,Não-binário,Indígena,0.4672628788461186
CAND_07010,6.2,81.0,Bacharelado,Capitais,Presencial,Feminino,Amarela,0.5163650829668416
CAND_07011,3.0,23.0,Bacharelado,Região Metropolitana,Híbrido,Masculino,Preta,0.5147483074633551
CAND_07012,3.1,60.0,Bacharelado,Capitais,Remoto,Masculino,Amarela,0.5714370308900725
CAND_07013,4.2,54.0,Doutorado,Capitais,Remoto,Feminino,Indígena,0.6663188445375795
CAND_07014,8.0,30.0,Bacharelado,Capitais,Presencial,Masculino,Amarela,0.5511931965622858
CAND_07015,5.7,76.0,Bacharelado,Capitais,Remoto,Masculino,Preta,0.6118409405915622
CAND_07016,6.9,52.0,Mestrado,Capitais,Presencial,Não-binário,Branca,0.6174092724137181
CAND_07017,10.0,88.0,Bacharelado,Capitais,Híbrido,Não-binário,Branca,0.634416334180386
CAND_07018,2.8,46.0,Bacharelado,Capitais,Presencial,Não-binário,Preta,0.24910705443840214
CAND_07019,7.2,48.0,Bacharelado,Interior,Híbrido,Masculino,Preta,0.4496648847802229
CAND_07020,3.8,52.0,Bacharelado,Capitais,Híbrido,Feminino,Preta,0.5286093161023468
CAND_07021,1.9,49.0,Bacharelado,Região Metropolitana,Híbrido,Masculino,Indígena,0.36863434369781006
CAND_07022,5.3,78.0,Bacharelado,Região Metropolitana,Remoto,Feminino,Amarela,0.5543190363418139
CAND_07023,8.7,23.0,Bacharelado,Capitais,Presencial,Masculino,Branca,0.3632785948050047
CAND_07024,7.0,81.0,Ensino Médio,Região Metropolitana,Remoto,Masculino,Indígena,0.5952102301985708
CAND_07025,2.5,49.0,Bacharelado,Capitais,Híbrido,Não-binário,Parda,0.37995135869940666
CAND_07026,1.7,68.0,Bacharelado,Capitais,Híbrido,Não-binário,Parda,0.3620995908050559
CAND_07027,5.6,14.0,Bacharelado,Capitais,Remoto,Masculino,Preta,0.28126838763503403
CAND_07028,4.6,31.0,Bacharelado,Capitais,Presencial,Não-binário,Branca,0.4018772844827705
CAND_07029,1.2,53.0,Bacharelado,Capitais,Presencial,Feminino,Parda,0.3711287235319191
CAND_07030,7.3,31.0,Mestrado,Capitais,Presencial,Masculino,Parda,0.36353320137758993
CAND_07031,3.1,56.0,Bacharelado,Capitais,Remoto,Não-binário,Branca,0.4564771857233647
CAND_07032,3.5,29.0,Doutorado,Capitais,Híbrido,Masculino,Branca,0.3435579661519678
CAND_07033,8.6,29.0,Doutorado,Região Metropolitana,Presencial,Não-binário,Indígena,0.5408836535821192
CAND_07034,5.1,51.0,Bacharelado,Interior,Híbrido,Não-binário,Preta,0.46218913796565947
CAND_07035,7.8,53.0,Bacharelado,Capitais,Presencial,Não-binário,Indígena,0.49000485731269333
CAND_07036,6.1,41.0,Bacharelado,Capitais,Presencial,Masculino,Amarela,0.30044054935744635
CAND_07037,9.1,49.0,Mestrado,Capitais,Híbrido,Masculino,Branca,0.496333463920445
CAND_07038,0.3,55.0,Mestrado,Capitais,Remoto,Feminino,Parda,0.36931564879852763
CAND_07039,8.1,23.0,Mestrado,Capitais,Remoto,Masculino,Preta,0.5174867898344153
CAND_07040,7.6,51.0,Ensino Médio,Capitais,Remoto,Masculino,Preta,0.40032041942137353
CAND_07041,5.2,73.0,Mestrado,Capitais,Híbrido,Não-binário,Branca,0.6430926938334647
CAND_07042,4.5,74.0,Doutorado,Região Metropolitana,Presencial,Feminino,Amarela,0.605627377864274
CAND_07043,5.0,65.0,Bacharelado,Capitais,Remoto,Masculino,Indígena,0.6314337296075959
CAND_07044,0.0,31.0,Bacharelado,Capitais,Remoto,Masculino,Amarela,0.3580293087936218
CAND_07045,9.8,35.0,Bacharelado,Região Metropolitana,Híbrido,Masculino,Indígena,0.734445107832941
CAND_07046,4.3,52.0,Bacharelado,Região Metropolitana,Remoto,Masculino,Parda,0.3712242350997013
CAND_07047,6.4,49.0,Mestrado,Região Metropolitana,Híbrido,Feminino,Amarela,0.4362133819144835
CAND_07048,9.7,42.0,Bacharelado,Região Metropolitana,Remoto,Não-binário,Indígena,0.6137276784469298
CAND_07049,3.6,48.0,Ensino Médio,Capitais,Presencial,Masculino,Branca,0.4261150602205278
CAND_07050,4.7,49.0,Mestrado,Região Metropolitana,Híbrido,Masculino,Amarela,0.4412700391715826
CAND_07051,5.6,65.0,Mestrado,Capitais,Presencial,Feminino,Preta,0.5608434842216075
CAND_07052,7.6,43.0,Doutorado,Capitais,Híbrido,Masculino,Preta,0.6843831398168516
CAND_07053,4.3,43.0,Bacharelado,Capitais,Presencial,Feminino,Amarela,0.44840458188866844
CAND_07054,0.0,88.0,Mestrado,Região Metropolitana,Híbrido,Não-binário,Parda,0.6094869585727555
CAND_07055,0.6,38.0,Doutorado,Capitais,Híbrido,Não-binário,Parda,0.3129205384314112
CAND_07056,4.6,18.0,Bacharelado,Capitais,Híbrido,Não-binário,Indígena,0.33428910463440936
CAND_07057,0.8,46.0,Bacharelado,Capitais,Híbrido,Masculino,Amarela,0.2661124679966133
CAND_07058,0.0,43.0,Bacharelado,Região Metropolitana,Presencial,Não-binário,Indígena,0.18644904122742145
CAND_07059,6.7,71.0,Ensino Médio,Capitais,Remoto,Não-binário,Amarela,0.42155936150875695
CAND_07060,7.9,54.0,Bacharelado,Capitais,Presencial,Feminino,Amarela,0.3898073298443112
CAND_07061,5.2,71.0,Bacharelado,Capitais,Híbrido,Masculino,Parda,0.6808460922311167
CAND_07062,6.4,40.0,Bacharelado,Capitais,Híbrido,Masculino,Amarela,0.4469967012978011
CAND_07063,3.5,46.0,Mestrado,Capitais,Híbrido,Masculino,Amarela,0.4402069783284328
CAND_07064,7.1,64.0,Bacharelado,Capitais,Híbrido,Feminino,Indígena,0.47392315823625214
CAND_07065,0.8,62.0,Doutorado,Capitais,Presencial,Masculino,Amarela,0.5401162517755543
CAND_07066,9.7,29.0,Mestrado,Capitais,Remoto,Feminino,Indígena,0.4296077856154804
CAND_07067,2.7,44.0,Bacharelado,Interior,Remoto,Não-binário,Branca,0.4461351276339643
CAND_07068,2.8,57.0,Bacharelado,Região Metropolitana,Híbrido,Não-binário,Preta,0.3721772824849439
CAND_07069,1.7,29.0,Mestrado,Região Metropolitana,Remoto,Não-binário,Parda,0.24074629692696925
CAND_07070,2.6,52.0,Mestrado,Interior,Presencial,Feminino,Branca,0.4950741272781871
CAND_07071,2.4,15.0,Mestrado,Capitais,Presencial,Não-binário,Indígena,0.06641845092696583
CAND_07072,1.5,31.0,Mestrado,Capitais,Híbrido,Não-binário,Preta,0.3997084510870359
CAND_07073,4.3,59.0,Bacharelado,Capitais,Remoto,Feminino,Parda,0.4261450810825495
CAND_07074,4.1,42.0,Bacharelado,Capitais,Remoto,Feminino,Branca,0.26793610231836307
CAND_07075,3.5,43.0,Ensino Médio,Região Metropolitana,Híbrido,Não-binário,Parda,0.31886253250000207
CAND_07076,7.1,50.0,Bacharelado,Interior,Híbrido,Não-binário,Branca,0.5137709658901384
CAND_07077,8.8,56.0,Bacharelado,Capitais,Remoto,Não-binário,Indígena,0.5355104563981722
CAND_07078,3.6,43.0,Bacharelado,Capitais,Remoto,Não-binário,Amarela,0.3698911380227169
CAND_07079,8.8,70.0,Ensino Médio,Região Metropolitana,Presencial,Masculino,Preta,0.40882585025484874
CAND_07080,0.0,53.0,Ensino Médio,Capitais,Híbrido,Não-binário,Preta,0.4351124200377918
CAND_07081,5.2,36.0,Bacharelado,Região Metropolitana,Presencial,Masculino,Branca,0.17302540605097527
CAND_07082,7.1,32.0,Bacharelado,Capitais,Presencial,Não-binário,Indígena,0.43941782587408446
CAND_07083,5.7,63.0,Ensino Médio,Capitais,Presencial,Masculino,Indígena,0.5235898568142504
CAND_07084,6.0,47.0,Mestrado,Capitais,Remoto,Feminino,Amarela,0.6396002871114883
CAND_07085,3.6,76.0,Bacharelado,Região Metropolitana,Remoto,Não-binário,Parda,0.6519602623957315
CAND_07086,6.7,48.0,Bacharelado,Capitais,Híbrido,Masculino,Branca,0.5877870151245652
CAND_07087,6.6,50.0,Bacharelado,Interior,Remoto,Feminino,Indígena,0.4491335266908349
CAND_07088,3.7,42.0,Mestrado,Região Metropolitana,Híbrido,Não-binário,Branca,0.47155282465188525
CAND_07089,7.2,84.0,Mestrado,Capitais,Presencial,Não-binário,Indígena,0.7510646391523962
CAND_07090,7.5,57.0,Bacharelado,Interior,Presencial,Feminino,Preta,0.5598328833381221
CAND_07091,2.1,47.0,Bacharelado,Capitais,Remoto,Feminino,Branca,0.43646117825142394
CAND_07092,5.7,44.0,Ensino Médio,Região Metropolitana,Remoto,Masculino,Indígena,0.37230383785619137
CAND_07093,4.9,50.0,Bacharelado,Região Metropolitana,Presencial,Masculino,Branca,0.5470764671118108
CAND_07094,5.1,65.0,Bacharelado,Região Metropolitana,Híbrido,Não-binário,Parda,0.50353292305992
CAND_07095,6.1,70.0,Bacharelado,Capitais,Híbrido,Feminino,Amarela,0.5345449209122686
CAND_07096,5.4,38.0,Bacharelado,Capitais,Híbrido,Masculino,Parda,0.22026009603448937
CAND_07097,3.6,64.0,Bacharelado,Capitais,Remoto,Feminino,Parda,0.6424781534168881
CAND_07098,2.2,83.0,Bacharelado,Capitais,Híbrido,Masculino,Amarela,0.4440325245243807
CAND_07099,2.0,48.0,Mestrado,Região Metropolitana,Híbrido,Masculino,Indígena,0.4500365169009463
CAND_07100,11.6,78.0,Bacharelado,Região Metropolitana,Presencial,Feminino,Branca,0.7099155050458492
CAND_07101,7.3,46.0,Doutorado,Região Metropolitana,Híbrido,Masculino,Preta,0.5990809721809137
CAND_07102,6.8,47.0,Doutorado,Capitais,Remoto,Feminino,Branca,0.5931534507765446
CAND_07103,3.1,46.0,Bacharelado,Capitais,Remoto,Não-binário,Amarela,0.4944425109775421
CAND_07104,5.5,47.0,Ensino Médio,Região Metropolitana,Remoto,Masculino,Branca,0.42247512801425297
CAND_07105,9.0,34.0,Mestrado,Região Metropolitana,Híbrido,Masculino,Indígena,0.546170828765897
CAND_07106,6.7,70.0,Mestrado,Região Metropolitana,Remoto,Não-binário,Amarela,0.6778313812010515
CAND_07107,2.0,58.0,Bacharelado,Capitais,Remoto,Feminino,Branca,0.3959674764833142
CAND_07108,3.4,49.0,Bacharelado,Capitais,Remoto,Masculino,Branca,0.3447650181238922
CAND_07109,3.6,53.0,Bacharelado,Região Metropolitana,Híbrido,Masculino,Parda,0.33468092877218397
CAND_07110,3.0,37.0,Mestrado,Capitais,Híbrido,Masculino,Parda,0.5204398331625646
CAND_07111,5.8,30.0,Mestrado,Região Metropolitana,Presencial,Masculino,Indígena,0.3436687937447341
CAND_07112,2.8,37.0,Bacharelado,Capitais,Híbrido,Não-binário,Amarela,0.46508565223905396
CAND_07113,8.3,16.0,Bacharelado,Capitais,Híbrido,Não-binário,Amarela,0.5026307300345905
CAND_07114,8.5,44.0,Bacharelado,Região Metropolitana,Remoto,Feminino,Preta,0.5118376994650727
CAND_07115,5.0,36.0,Bacharelado,Capitais,Remoto,Masculino,Amarela,0.26885209467017324
CAND_07116,2.8,52.0,Bacharelado,Região Metropolitana,Remoto,Feminino,Amarela,0.38394160518738274
CAND_07117,5.5,49.0,Bacharelado,Região Metropolitana,Remoto,Feminino,Preta,0.39638945500336176
CAND_07118,1.4,47.0,Ensino Médio,Interior,Remoto,Feminino,Preta,0.3145652445901439
CAND_07119,3.4,71.0,Bacharelado,Capitais,Remoto,Masculino,Amarela,0.5048610684558146
CAND_07120,4.2,50.0,Bacharelado,Capitais,Remoto,Feminino,Indígena,0.5494483031212261
CAND_07121,5.0,56.0,Bacharelado,Capitais,Híbrido,Feminino,Amarela,0.576401016739797
CAND_07122,3.1,43.0,Bacharelado,Região Metropolitana,Híbrido,Feminino,Amarela,0.357053253767883
CAND_07123,5.4,48.0,Bacharelado,Capitais,Presencial,Feminino,Amarela,0.5968771755365323
CAND_07124,6.5,60.0,Bacharelado,Interior,Presencial,Masculino,Branca,0.407375562914006
CAND_07125,4.8,57.0,Bacharelado,Capitais,Presencial,Masculino,Indígena,0.4997572677982313
CAND_07126,5.5,54.0,Doutorado,Capitais,Híbrido,Feminino,Amarela,0.47942675901905585
CAND_07127,4.7,50.0,Mestrado,Região Metropolitana,Presencial,Não-binário,Preta,0.6629049759083596
CAND_07128,7.4,68.0,Bacharelado,Capitais,Presencial,Feminino,Preta,0.5325543548813908
CAND_07129,10.2,69.0,Bacharelado,Região Metropolitana,Híbrido,Masculino,Indígena,0.7731139119850914
CAND_07130,1.9,72.0,Bacharelado,Capitais,Híbrido,Feminino,Branca,0.5727831113518107
CAND_07131,5.4,33.0,Bacharelado,Capitais,Híbrido,Não-binário,Parda,0.39029681464911603
CAND_07132,3.7,50.0,Ensino Médio,Capitais,Híbrido,Feminino,Amarela,0.47215606925673487
CAND_07133,4.6,49.0,Bacharelado,Interior,Presencial,Masculino,Branca,0.5056951779847718
CAND_07134,4.0,60.0,Bacharelado,Capitais,Híbrido,Não-binário,Amarela,0.3226537001612445
CAND_07135,2.7,27.0,Mestrado,Região Metropolitana,Presencial,Feminino,Indígena,0.2980625956715921
CAND_07136,5.4,47.0,Bacharelado,Região Metropolitana,Presencial,Masculino,Preta,0.3549248372403495
CAND_07137,8.5,57.0,Ensino Médio,Interior,Híbrido,Não-binário,Amarela,0.32849839523683755
CAND_07138,2.8,63.0,Bacharelado,Interior,Híbrido,Feminino,Branca,0.44965794270481346
CAND_07139,2.7,46.0,Bacharelado,Capitais,Híbrido,Feminino,Preta,0.5107274377879554
CAND_07140,0.7,52.0,Mestrado,Interior,Presencial,Feminino,Parda,0.314602433813874
CAND_07141,2.3,77.0,Doutorado,Região Metropolitana,Híbrido,Feminino,Branca,0.6247486014911842
CAND_07142,8.6,47.0,Mestrado,Região Metropolitana,Híbrido,Feminino,Indígena,0.5154291769181428
CAND_07143,10.6,57.0,Bacharelado,Capitais,Híbrido,Não-binário,Parda,0.533317672696324
CAND_07144,9.0,58.0,Mestrado,Região Metropolitana,Remoto,Masculino,Preta,0.6430595889142844
CAND_07145,6.1,53.0,Bacharelado,Capitais,Presencial,Não-binário,Indígena,0.467597672251625
CAND_07146,5.4,78.0,Ensino Médio,Capitais,Híbrido,Masculino,Branca,0.7075476946329705
CAND_07147,7.6,43.0,Mestrado,Capitais,Híbrido,Não-binário,Indígena,0.6633885582318171
CAND_07148,4.6,53.0,Ensino Médio,Interior,Remoto,Masculino,Amarela,0.5190004064734316
CAND_07149,5.3,70.0,Bacharelado,Capitais,Híbrido,Não-binário,Branca,0.5620240320049709
CAND_07150,0.0,43.0,Bacharelado,Capitais,Presencial,Feminino,Preta,0.5472060358353743
CAND_07151,11.5,15.0,Bacharelado,Capitais,Presencial,Feminino,Amarela,0.37747012564037563
CAND_07152,6.0,26.0,Mestrado,Capitais,Presencial,Não-binário,Branca,0.3721400528761205
CAND_07153,8.8,55.0,Bacharelado,Capitais,Remoto,Não-binário,Branca,0.5501095148836774
CAND_07154,2.6,49.0,Mestrado,Capitais,Remoto,Masculino,Branca,0.4764403850087055
CAND_07155,5.2,70.0,Bacharelado,Interior,Remoto,Feminino,Amarela,0.5161472482688905
CAND_07156,4.5,64.0,Mestrado,Capitais,Híbrido,Masculino,Parda,0.5376755784317738
CAND_07157,0.4,75.0,Bacharelado,Região Metropolitana,Híbrido,Não-binário,Indígena,0.398117271958374
CAND_07158,5.7,26.0,Bacharelado,Região Metropolitana,Presencial,Feminino,Indígena,0.3629264582934014
CAND_07159,6.7,43.0,Mestrado,Capitais,Presencial,Masculino,Amarela,0.4650788761566768
CAND_07160,8.4,33.0,Ensino Médio,Interior,Remoto,Masculino,Branca,0.43533902502598065
CAND_07161,6.7,49.0,Bacharelado,Capitais,Presencial,Feminino,Branca,0.4223633576936578
CAND_07162,6.0,54.0,Bacharelado,Capitais,Híbrido,Feminino,Parda,0.45326799914153815
CAND_07163,3.3,73.0,Mestrado,Capitais,Híbrido,Feminino,Indígena,0.49396421537179974
CAND_07164,3.0,72.0,Ensino Médio,Capitais,Híbrido,Feminino,Preta,0.5486814119913511
CAND_07165,7.7,28.0,Bacharelado,Região Metropolitana,Presencial,Feminino,Parda,0.45317963246088755
CAND_07166,8.6,45.0,Mestrado,Capitais,Remoto,Feminino,Preta,0.5956893755150999
CAND_07167,7.3,72.0,Bacharelado,Região Metropolitana,Presencial,Masculino,Branca,0.6695784614270233
CAND_07168,2.5,52.0,Bacharelado,Capitais,Remoto,Masculino,Amarela,0.34804373777660796
CAND_07169,6.1,23.0,Ensino Médio,Região Metropolitana,Presencial,Feminino,Amarela,0.36756464535845673
CAND_07170,1.0,75.0,Ensino Médio,Capitais,Presencial,Feminino,Indígena,0.3526766112568525
CAND_07171,9.0,54.0,Bacharelado,Capitais,Híbrido,Não-binário,Preta,0.4798426327960038
CAND_07172,1.2,41.0,Ensino Médio,Capitais,Híbrido,Feminino,Branca,0.2544989101115333
CAND_07173,2.7,60.0,Mestrado,Região Metropolitana,Presencial,Masculino,Parda,0.5808403679510976
CAND_07174,9.5,48.0,Doutorado,Interior,Presencial,Feminino,Indígena,0.6270262390192111
CAND_07175,6.6,41.0,Bacharelado,Região Metropolitana,Presencial,Não-binário,Branca,0.4810819462536108
CAND_07176,2.7,37.0,Bacharelado,Região Metropolitana,Híbrido,Não-binário,Branca,0.24523278338688848
CAND_07177,5.2,51.0,Ensino Médio,Capitais,Remoto,Não-binário,Indígena,0.3505996415740387
CAND_07178,11.3,36.0,Mestrado,Capitais,Presencial,Não-binário,Preta,0.4381179522050555
CAND_07179,4.5,52.0,Bacharelado,Capitais,Híbrido,Não-binário,Indígena,0.4914623568779131
CAND_07180,4.4,25.0,Ensino Médio,Capitais,Presencial,Masculino,Parda,0.3292647530464502
CAND_07181,1.7,28.0,Bacharelado,Capitais,Híbrido,Feminino,Branca,0.12687476768636136
CAND_07182,4.6,66.0,Bacharelado,Interior,Presencial,Masculino,Branca,0.3805138304634954
CAND_07183,5.0,33.0,Mestrado,Região Metropolitana,Presencial,Masculino,Preta,0.37990496939380103
CAND_07184,7.8,61.0,Mestrado,Capitais,Remoto,Masculino,Preta,0.4161019407110379
CAND_07185,5.5,43.0,Bacharelado,Região Metropolitana,Híbrido,Não-binário,Parda,0.3666328973522028
CAND_07186,6.1,72.0,Bacharelado,Capitais,Híbrido,Feminino,Indígena,0.5476761094581419
CAND_07187,7.0,63.0,Mestrado,Região Metropolitana,Presencial,Feminino,Branca,0.6136922155390129
CAND_07188,7.2,37.0,Bacharelado,Capitais,Híbrido,Feminino,Branca,0.34800605145900815
CAND_07189,4.6,56.0,Mestrado,Capitais,Presencial,Não-binário,Indígena,0.7236597224914149
CAND_07190,4.3,47.0,Mestrado,Região Metropolitana,Híbrido,Feminino,Amarela,0.4235465744877409
CAND_07191,6.5,51.0,Bacharelado,Interior,Híbrido,Não-binário,Parda,0.44480186821296935
CAND_07192,7.6,49.0,Bacharelado,Capitais,Presencial,Feminino,Parda,0.4897706127085468
CAND_07193,8.1,75.0,Mestrado,Interior,Presencial,Feminino,Indígena,0.6116473823147992
CAND_07194,3.6,41.0,Bacharelado,Capitais,Remoto,Feminino,Preta,0.2103929667785772
CAND_07195,3.3,56.0,Ensino Médio,Região Metropolitana,Presencial,Masculino,Amarela,0.23626558899178499
CAND_07196,10.0,43.0,Bacharelado,Região Metropolitana,Remoto,Não-binário,Parda,0.5635545197790717
CAND_07197,6.9,51.0,Bacharelado,Região Metropolitana,Presencial,Não-binário,Parda,0.5845237897768121
CAND_07198,3.0,63.0,Doutorado,Região Metropolitana,Híbrido,Não-binário,Indígena,0.5956537722565316
CAND_07199,8.6,42.0,Bacharelado,Interior,Híbrido,Masculino,Branca,0.5817528987764455
CAND_07200,0.0,58.0,Bacharelado,Capitais,Remoto,Feminino,Indígena,0.2870988332698473
CAND_07201,5.1,53.0,Doutorado,Capitais,Híbrido,Masculino,Preta,0.6886992049286257
CAND_07202,3.0,51.0,Bacharelado,Capitais,Remoto,Não-binário,Parda,0.549148918637894
CAND_07203,2.4,55.0,Bacharelado,Capitais,Remoto,Masculino,Parda,0.5807075348431301
CAND_07204,8.6,72.0,Bacharelado,Capitais,Híbrido,Feminino,Parda,0.52870062989054
CAND_07205,6.5,26.0,Mestrado,Capitais,Presencial,Não-binário,Parda,0.4591684712682963
CAND_07206,3.3,73.0,Mestrado,Interior,Híbrido,Feminino,Parda,0.6811657066939377
CAND_07207,12.2,71.0,Bacharelado,Região Metropolitana,Híbrido,Não-binário,Amarela,0.5982562446045064
CAND_07208,3.8,42.0,Mestrado,Capitais,Remoto,Masculino,Indígena,0.5290380239683112
CAND_07209,5.8,40.0,Mestrado,Capitais,Híbrido,Não-binário,Indígena,0.4474906701358842
CAND_07210,2.6,64.0,Bacharelado,Interior,Presencial,Feminino,Branca,0.3865200010521015
CAND_07211,13.1,83.0,Bacharelado,Interior,Presencial,Não-binário,Preta,0.8431086046684094
CAND_07212,3.0,49.0,Bacharelado,Capitais,Remoto,Masculino,Branca,0.16757993569579172
CAND_07213,2.2,39.0,Bacharelado,Capitais,Remoto,Feminino,Branca,0.2002038871318708
CAND_07214,5.1,59.0,Bacharelado,Capitais,Presencial,Feminino,Preta,0.4594929973708631
CAND_07215,10.4,17.0,Mestrado,Região Metropolitana,Presencial,Masculino,Branca,0.4914062668199381
CAND_07216,0.9,47.0,Mestrado,Capitais,Presencial,Feminino,Amarela,0.27906394676132984
CAND_07217,2.1,72.0,Bacharelado,Capitais,Híbrido,Feminino,Amarela,0.6652119675236943
CAND_07218,7.0,26.0,Bacharelado,Capitais,Presencial,Masculino,Branca,0.2341036098980004
CAND_07219,0.8,71.0,Mestrado,Interior,Presencial,Masculino,Indígena,0.4209592330086338
CAND_07220,9.0,40.0,Mestrado,Interior,Híbrido,Não-binário,Indígena,0.659404978541793
CAND_07221,4.5,54.0,Bacharelado,Capitais,Presencial,Masculino,Amarela,0.33475795526594965
CAND_07222,5.0,54.0,Mestrado,Região Metropolitana,Presencial,Masculino,Indígena,0.5285428020815541
CAND_07223,3.0,37.0,Ensino Médio,Região Metropolitana,Presencial,Masculino,Branca,0.26185345892708556
CAND_07224,3.3,73.0,Bacharelado,Capitais,Remoto,Masculino,Preta,0.5992548523976275
CAND_07225,3.2,68.0,Bacharelado,Interior,Híbrido,Feminino,Amarela,0.49787834144463167
CAND_07226,7.4,52.0,Ensino Médio,Capitais,Presencial,Feminino,Indígena,0.22465725281034005
CAND_07227,8.4,43.0,Bacharelado,Região Metropolitana,Híbrido,Feminino,Indígena,0.4862264914860668
CAND_07228,9.6,41.0,Bacharelado,Capitais,Presencial,Feminino,Preta,0.5914541783496691
CAND_07229,5.3,81.0,Bacharelado,Região Metropolitana,Presencial,Não-binário,Amarela,0.5217598234251117
CAND_07230,4.0,65.0,Ensino Médio,Capitais,Presencial,Feminino,Indígena,0.38908707212751187
CAND_07231,3.3,50.0,Bacharelado,Capitais,Híbrido,Feminino,Branca,0.37747172683765784
CAND_07232,0.4,21.0,Mestrado,Interior,Híbrido,Masculino,Amarela,0.48951086927319254
CAND_07233,0.0,55.0,Bacharelado,Região Metropolitana,Remoto,Feminino,Amarela,0.2770834839089382
CAND_07234,4.6,34.0,Bacharelado,Região Metropolitana,Remoto,Masculino,Preta,0.5127016673300255
CAND_07235,5.1,36.0,Mestrado,Capitais,Presencial,Feminino,Indígena,0.4187858823395103
CAND_07236,4.0,50.0,Doutorado,Região Metropolitana,Híbrido,Masculino,Preta,0.5794490216082316
CAND_07237,5.5,47.0,Bacharelado,Região Metropolitana,Remoto,Masculino,Preta,0.3152060015032868
CAND_07238,12.1,62.0,Ensino Médio,Região Metropolitana,Híbrido,Não-binário,Preta,0.7504397259405722
CAND_07239,5.1,26.0,Bacharelado,Região Metropolitana,Híbrido,Masculino,Parda,0.47126806970408414
CAND_07240,7.5,84.0,Ensino Médio,Região Metropolitana,Presencial,Feminino,Indígena,0.6411823708534952
CAND_07241,5.7,59.0,Doutorado,Capitais,Híbrido,Masculino,Preta,0.6748325486486559
CAND_07242,3.1,65.0,Bacharelado,Capitais,Híbrido,Não-binário,Branca,0.5767435267737793
CAND_07243,3.3,79.0,Bacharelado,Capitais,Presencial,Feminino,Preta,0.39520566838024923
CAND_07244,3.8,58.0,Bacharelado,Capitais,Híbrido,Feminino,Parda,0.5071319485610382
CAND_07245,11.0,46.0,Bacharelado,Capitais,Híbrido,Não-binário,Indígena,0.6761982309085673
CAND_07246,4.2,36.0,Bacharelado,Região Metropolitana,Presencial,Feminino,Branca,0.47974503291680826
CAND_07247,9.7,50.0,Ensino Médio,Região Metropolitana,Híbrido,Feminino,Indígena,0.45889367126445757
CAND_07248,4.0,60.0,Bacharelado,Região Metropolitana,Híbrido,Feminino,Preta,0.5583012054383336
CAND_07249,5.2,57.0,Mestrado,Interior,Remoto,Feminino,Parda,0.5210838908381052
CAND_07250,4.3,45.0,Doutorado,Região Metropolitana,Remoto,Masculino,Preta,0.4694268230753267
CAND_07251,4.1,48.0,Mestrado,Região Metropolitana,Híbrido,Não-binário,Indígena,0.29997491947259386
CAND_07252,4.6,70.0,Bacharelado,Capitais,Híbrido,Não-binário,Amarela,0.33494257458979115
CAND_07253,4.6,41.0,Bacharelado,Capitais,Presencial,Não-binário,Preta,0.5658576332372443
CAND_07254,7.2,69.0,Mestrado,Capitais,Presencial,Feminino,Preta,0.5529770969753028
CAND_07255,0.0,64.0,Bacharelado,Capitais,Híbrido,Feminino,Amarela,0.45489217280812333
CAND_07256,12.3,38.0,Bacharelado,Região Metropolitana,Remoto,Masculino,Amarela,0.5998342358931139
CAND_07257,7.5,73.0,Bacharelado,Capitais,Presencial,Feminino,Amarela,0.6668654236402557
CAND_07258,0.0,70.0,Bacharelado,Capitais,Remoto,Não-binário,Amarela,0.6271016259777928
CAND_07259,3.9,50.0,Bacharelado,Capitais,Híbrido,Masculino,Amarela,0.421150209951901
CAND_07260,5.9,80.0,Mestrado,Capitais,Remoto,Feminino,Preta,0.6536651816966045
CAND_07261,1.9,29.0,Ensino Médio,Interior,Híbrido,Feminino,Parda,0.40009046167412066
CAND_07262,0.0,54.0,Bacharelado,Capitais,Presencial,Masculino,Parda,0.4192775950800478
CAND_07263,5.3,38.0,Mestrado,Capitais,Híbrido,Masculino,Parda,0.36695558551324503
CAND_07264,7.2,31.0,Bacharelado,Região Metropolitana,Híbrido,Feminino,Preta,0.24538361780238874
CAND_07265,4.5,57.0,Bacharelado,Região Metropolitana,Híbrido,Não-binário,Parda,0.3037170951219419
CAND_07266,9.1,30.0,Mestrado,Capitais,Remoto,Feminino,Parda,0.5349042750178042
CAND_07267,6.4,43.0,Bacharelado,Capitais,Remoto,Masculino,Preta,0.4453941542464822
CAND_07268,1.0,46.0,Bacharelado,Interior,Presencial,Masculino,Preta,0.3387590946839594
CAND_07269,0.7,61.0,Doutorado,Capitais,Presencial,Não-binário,Amarela,0.5535521200833929
CAND_07270,3.1,27.0,Bacharelado,Região Metropolitana,Híbrido,Feminino,Branca,0.2332910407816765
CAND_07271,9.3,29.0,Bacharelado,Região Metropolitana,Híbrido,Não-binário,Amarela,0.4186088599498719
CAND_07272,3.0,71.0,Bacharelado,Capitais,Híbrido,Não-binário,Amarela,0.40893913718469854
CAND_07273,0.0,67.0,Bacharelado,Capitais,Presencial,Feminino,Parda,0.44474539014188214
CAND_07274,3.4,27.0,Bacharelado,Região Metropolitana,Presencial,Masculino,Branca,0.1923713792671003
CAND_07275,5.3,51.0,Bacharelado,Capitais,Presencial,Feminino,Amarela,0.518801133708997
CAND_07276,5.5,79.0,Doutorado,Capitais,Remoto,Não-binário,Branca,0.7306453975820669
CAND_07277,14.5,61.0,Bacharelado,Capitais,Híbrido,Masculino,Branca,0.5761853077408411
CAND_07278,4.7,59.0,Mestrado,Capitais,Presencial,Não-binário,Amarela,0.5343812049464238
CAND_07279,3.2,47.0,Bacharelado,Região Metropolitana,Presencial,Não-binário,Indígena,0.5695195594447903
CAND_07280,2.8,58.0,Mestrado,Capitais,Remoto,Não-binário,Parda,0.5190293759501976
CAND_07281,9.6,55.0,Mestrado,Região Metropolitana,Híbrido,Não-binário,Branca,0.5939784902509863
CAND_07282,4.9,45.0,Bacharelado,Capitais,Híbrido,Masculino,Amarela,0.39337449852376727
CAND_07283,5.2,58.0,Bacharelado,Capitais,Híbrido,Não-binário,Preta,0.6110706930257529
CAND_07284,0.5,47.0,Mestrado,Região Metropolitana,Híbrido,Não-binário,Indígena,0.364444864848327
CAND_07285,4.4,55.0,Mestrado,Capitais,Híbrido,Feminino,Parda,0.555844060947201
CAND_07286,3.8,61.0,Bacharelado,Capitais,Remoto,Masculino,Indígena,0.496101950281557
CAND_07287,6.1,66.0,Mestrado,Capitais,Presencial,Feminino,Preta,0.5145316537133967
CAND_07288,0.0,65.0,Bacharelado,Região Metropolitana,Presencial,Não-binário,Amarela,0.30977283651160714
CAND_07289,6.6,43.0,Doutorado,Capitais,Híbrido,Feminino,Indígena,0.578355476008873
CAND_07290,9.4,44.0,Ensino Médio,Capitais,Híbrido,Masculino,Indígena,0.4313701770196695
CAND_07291,3.7,18.0,Bacharelado,Região Metropolitana,Presencial,Feminino,Indígena,0.25288526800609634
CAND_07292,1.6,50.0,Bacharelado,Interior,Híbrido,Feminino,Branca,0.49205606496448423
CAND_07293,8.0,77.0,Ensino Médio,Capitais,Híbrido,Feminino,Parda,0.5526079412726761
CAND_07294,0.8,63.0,Bacharelado,Capitais,Híbrido,Masculino,Preta,0.4931681049660736
CAND_07295,8.1,25.0,Mestrado,Região Metropolitana,Remoto,Masculino,Preta,0.5962263766445327
CAND_07296,9.5,55.0,Bacharelado,Capitais,Remoto,Masculino,Parda,0.5559692986828373
CAND_07297,5.4,68.0,Ensino Médio,Região Metropolitana,Presencial,Feminino,Parda,0.514721497509805
CAND_07298,6.0,66.0,Mestrado,Interior,Remoto,Masculino,Branca,0.552270004251555
CAND_07299,5.3,63.0,Mestrado,Capitais,Híbrido,Feminino,Parda,0.3781138036520026
CAND_07300,3.8,62.0,Bacharelado,Capitais,Híbrido,Masculino,Preta,0.4978534443977391
CAND_07301,7.2,35.0,Mestrado,Região Metropolitana,Remoto,Masculino,Parda,0.551890246536954
CAND_07302,5.0,54.0,Bacharelado,Capitais,Remoto,Feminino,Indígena,0.5260445111990375
CAND_07303,4.7,79.0,Bacharelado,Região Metropolitana,Presencial,Feminino,Indígena,0.6174592661059922
CAND_07304,4.7,42.0,Mestrado,Capitais,Híbrido,Masculino,Amarela,0.4023253627672935
CAND_07305,4.1,62.0,Bacharelado,Capitais,Remoto,Masculino,Branca,0.4135289083971584
CAND_07306,1.9,56.0,Mestrado,Capitais,Híbrido,Masculino,Parda,0.47220900048657777
CAND_07307,5.5,21.0,Bacharelado,Capitais,Remoto,Não-binário,Amarela,0.21397739796526932
CAND_07308,5.0,45.0,Bacharelado,Capitais,Remoto,Feminino,Amarela,0.3109316773433514
CAND_07309,3.7,54.0,Ensino Médio,Capitais,Híbrido,Feminino,Indígena,0.40624514074951323
CAND_07310,2.9,51.0,Mestrado,Capitais,Híbrido,Masculino,Parda,0.30344748119515774
CAND_07311,7.2,73.0,Bacharelado,Capitais,Presencial,Feminino,Indígena,0.5752744807528215
CAND_07312,6.0,42.0,Bacharelado,Capitais,Presencial,Não-binário,Preta,0.38617170968952896
CAND_07313,1.0,65.0,Mestrado,Região Metropolitana,Remoto,Masculino,Parda,0.3994169725697751
CAND_07314,2.8,59.0,Mestrado,Região Metropolitana,Remoto,Não-binário,Indígena,0.47569458022908745
CAND_07315,11.3,49.0,Mestrado,Capitais,Remoto,Feminino,Parda,0.6896516175894469
CAND_07316,1.4,51.0,Bacharelado,Capitais,Presencial,Feminino,Indígena,0.39700511578919156
CAND_07317,2.5,63.0,Mestrado,Capitais,Presencial,Feminino,Preta,0.4460009885324735
CAND_07318,3.5,44.0,Ensino Médio,Região Metropolitana,Híbrido,Não-binário,Branca,0.3350474698723418
CAND_07319,8.7,40.0,Mestrado,Região Metropolitana,Híbrido,Não-binário,Parda,0.48585523173764067
CAND_07320,9.4,53.0,Bacharelado,Capitais,Remoto,Feminino,Preta,0.6307217630802797
CAND_07321,1.0,41.0,Mestrado,Capitais,Remoto,Não-binário,Parda,0.3396658173799818
CAND_07322,0.4,47.0,Mestrado,Capitais,Híbrido,Não-binário,Amarela,0.29027565109738374
CAND_07323,3.4,63.0,Bacharelado,Região Metropolitana,Híbrido,Feminino,Indígena,0.5699919653239658
CAND_07324,5.0,52.0,Bacharelado,Interior,Presencial,Feminino,Branca,0.44515744143778474
CAND_07325,10.4,49.0,Bacharelado,Capitais,Remoto,Masculino,Parda,0.5233526459293366
CAND_07326,1.5,56.0,Bacharelado,Interior,Híbrido,Feminino,Branca,0.33387604782200675
CAND_07327,8.7,56.0,Bacharelado,Região Metropolitana,Presencial,Feminino,Parda,0.45772741542211426
CAND_07328,6.5,69.0,Bacharelado,Capitais,Híbrido,Masculino,Preta,0.6114513209779582
CAND_07329,6.9,40.0,Bacharelado,Capitais,Híbrido,Não-binário,Amarela,0.41402218166525434
CAND_07330,6.4,51.0,Mestrado,Capitais,Presencial,Feminino,Parda,0.35277707963836624
CAND_07331,7.3,55.0,Bacharelado,Capitais,Remoto,Feminino,Preta,0.5326367143165857
CAND_07332,8.1,40.0,Bacharelado,Capitais,Presencial,Masculino,Branca,0.32123015419455514
CAND_07333,4.7,65.0,Bacharelado,Região Metropolitana,Híbrido,Masculino,Amarela,0.5538593778898464
CAND_07334,1.9,68.0,Bacharelado,Região Metropolitana,Remoto,Feminino,Indígena,0.6743199288163495
CAND_07335,8.5,9.0,Bacharelado,Região Metropolitana,Remoto,Masculino,Amarela,0.4376292033875082
CAND_07336,2.2,62.0,Bacharelado,Capitais,Remoto,Masculino,Indígena,0.6893906311687418
CAND_07337,4.3,49.0,Mestrado,Região Metropolitana,Remoto,Masculino,Preta,0.47917881461636924
CAND_07338,4.6,42.0,Bacharelado,Capitais,Remoto,Não-binário,Preta,0.6048853118135828
CAND_07339,6.2,82.0,Ensino Médio,Interior,Remoto,Não-binário,Parda,0.6346101946932657
CAND_07340,6.7,25.0,Bacharelado,Capitais,Presencial,Feminino,Amarela,0.497155176640246
CAND_07341,2.7,37.0,Doutorado,Capitais,Remoto,Não-binário,Preta,0.43620605233771637
CAND_07342,10.1,46.0,Mestrado,Região Metropolitana,Híbrido,Feminino,Indígena,0.4695365603757624
CAND_07343,9.4,61.0,Bacharelado,Capitais,Híbrido,Não-binário,Parda,0.536832323377615
CAND_07344,5.7,56.0,Ensino Médio,Capitais,Remoto,Masculino,Preta,0.3926783249283608
CAND_07345,4.9,46.0,Bacharelado,Região Metropolitana,Híbrido,Feminino,Preta,0.3623304014622633
CAND_07346,2.6,63.0,Mestrado,Capitais,Presencial,Masculino,Indígena,0.4362393218722107
CAND_07347,4.9,70.0,Bacharelado,Região Metropolitana,Presencial,Feminino,Indígena,0.44720278836801264
CAND_07348,5.0,37.0,Doutorado,Capitais,Híbrido,Não-binário,Branca,0.4385455282852273
CAND_07349,0.0,40.0,Mestrado,Capitais,Presencial,Masculino,Preta,0.41074387808586776
CAND_07350,7.5,73.0,Ensino Médio,Região Metropolitana,Remoto,Não-binário,Parda,0.63234414908979
CAND_07351,11.7,39.0,Ensino Médio,Região Metropolitana,Remoto,Não-binário,Amarela,0.6503616268802422
CAND_07352,3.7,56.0,Mestrado,Capitais,Híbrido,Feminino,Preta,0.4777183860478646
CAND_07353,5.1,29.0,Mestrado,Capitais,Presencial,Feminino,Parda,0.434744962633576
CAND_07354,8.5,70.0,Bacharelado,Capitais,Presencial,Não-binário,Indígena,0.6899330124486022
CAND_07355,2.2,59.0,Mestrado,Capitais,Híbrido,Masculino,Amarela,0.41393610676543424
CAND_07356,0.0,39.0,Bacharelado,Capitais,Presencial,Não-binário,Parda,0.21943013349233637
CAND_07357,4.7,54.0,Mestrado,Região Metropolitana,Remoto,Feminino,Amarela,0.380377713692148
CAND_07358,7.7,32.0,Bacharelado,Região Metropolitana,Presencial,Masculino,Branca,0.2619643815783894
CAND_07359,3.1,39.0,Bacharelado,Capitais,Híbrido,Não-binário,Amarela,0.2742814606951511
CAND_07360,3.4,24.0,Bacharelado,Capitais,Híbrido,Feminino,Indígena,0.46420581663162613
CAND_07361,1.1,38.0,Bacharelado,Capitais,Híbrido,Não-binário,Amarela,0.3055803388301945
CAND_07362,0.0,60.0,Mestrado,Região Metropolitana,Presencial,Masculino,Parda,0.5831150692015721
CAND_07363,7.6,58.0,Bacharelado,Capitais,Remoto,Não-binário,Indígena,0.5228166518563175
CAND_07364,11.6,56.0,Bacharelado,Capitais,Presencial,Feminino,Amarela,0.6080346241183782
CAND_07365,9.0,45.0,Bacharelado,Capitais,Presencial,Não-binário,Amarela,0.46203077978247303
CAND_07366,6.2,58.0,Bacharelado,Capitais,Presencial,Feminino,Branca,0.7053475709825043
CAND_07367,3.2,25.0,Mestrado,Região Metropolitana,Híbrido,Masculino,Indígena,0.4528146403833279
CAND_07368,8.6,37.0,Bacharelado,Interior,Remoto,Masculino,Preta,0.5484374821222842
CAND_07369,6.5,40.0,Mestrado,Interior,Remoto,Não-binário,Branca,0.5031836502978106
CAND_07370,1.7,35.0,Bacharelado,Capitais,Remoto,Feminino,Indígena,0.46414276885175154
CAND_07371,0.5,58.0,Mestrado,Capitais,Remoto,Masculino,Preta,0.28704190526699547
CAND_07372,1.3,33.0,Mestrado,Região Metropolitana,Remoto,Feminino,Branca,0.46750349213547493
CAND_07373,4.2,16.0,Bacharelado,Região Metropolitana,Remoto,Feminino,Amarela,0.23267753166543387
CAND_07374,6.5,59.0,Bacharelado,Capitais,Remoto,Feminino,Preta,0.499423198315286
CAND_07375,6.9,53.0,Mestrado,Capitais,Híbrido,Não-binário,Parda,0.6693563728407923
CAND_07376,2.9,43.0,Bacharelado,Capitais,Remoto,Masculino,Branca,0.451939170535656
CAND_07377,5.0,58.0,Bacharelado,Capitais,Presencial,Feminino,Amarela,0.5387871922936583
CAND_07378,7.6,49.0,Doutorado,Capitais,Presencial,Feminino,Amarela,0.5764655649380993
CAND_07379,5.8,65.0,Bacharelado,Interior,Híbrido,Masculino,Amarela,0.6080475734895198
CAND_07380,2.8,49.0,Bacharelado,Capitais,Híbrido,Feminino,Branca,0.5056767851634208
CAND_07381,2.1,42.0,Mestrado,Capitais,Presencial,Não-binário,Preta,0.4705781898767455
CAND_07382,0.0,62.0,Bacharelado,Capitais,Presencial,Não-binário,Preta,0.32722367808287883
CAND_07383,2.0,39.0,Ensino Médio,Capitais,Presencial,Masculino,Branca,0.30565814928047386
CAND_07384,5.3,39.0,Bacharelado,Capitais,Presencial,Masculino,Amarela,0.27056650368707424
CAND_07385,6.0,29.0,Bacharelado,Capitais,Híbrido,Masculino,Indígena,0.5235721465716991
CAND_07386,10.5,36.0,Bacharelado,Região Metropolitana,Presencial,Masculino,Amarela,0.40843895483296255
CAND_07387,7.4,28.0,Bacharelado,Região Metropolitana,Híbrido,Masculino,Preta,0.42427442405132193
CAND_07388,6.8,61.0,Bacharelado,Região Metropolitana,Remoto,Feminino,Parda,0.5621341835403004
CAND_07389,6.2,45.0,Bacharelado,Região Metropolitana,Remoto,Feminino,Indígena,0.2498933307760008
CAND_07390,0.6,51.0,Doutorado,Região Metropolitana,Híbrido,Não-binário,Branca,0.5290848419775791
CAND_07391,0.0,60.0,Mestrado,Capitais,Híbrido,Não-binário,Indígena,0.5293768921194384
CAND_07392,9.5,50.0,Bacharelado,Região Metropolitana,Híbrido,Feminino,Branca,0.5900155903462454
CAND_07393,2.2,50.0,Bacharelado,Capitais,Presencial,Masculino,Indígena,0.2812977169075681
CAND_07394,9.4,51.0,Ensino Médio,Capitais,Híbrido,Masculino,Branca,0.38676312496287973
CAND_07395,2.1,52.0,Bacharelado,Região Metropolitana,Híbrido,Masculino,Amarela,0.2577220894804776
CAND_07396,8.5,21.0,Bacharelado,Região Metropolitana,Presencial,Não-binário,Amarela,0.3788468276269924
CAND_07397,6.2,28.0,Bacharelado,Capitais,Remoto,Feminino,Preta,0.3592506400208402
CAND_07398,9.5,45.0,Bacharelado,Capitais,Híbrido,Feminino,Branca,0.40463738247037323
CAND_07399,0.0,60.0,Bacharelado,Capitais,Remoto,Feminino,Amarela,0.4282834537958581
CAND_07400,7.8,57.0,Mestrado,Capitais,Híbrido,Não-binário,Parda,0.5565436862961627
CAND_07401,0.0,53.0,Mestrado,Região Metropolitana,Remoto,Não-binário,Indígena,0.575485843828388
CAND_07402,6.1,71.0,Bacharelado,Capitais,Híbrido,Não-binário,Parda,0.5750326766609298
CAND_07403,3.9,84.0,Bacharelado,Capitais,Remoto,Feminino,Branca,0.47476969438562294
CAND_07404,8.0,46.0,Bacharelado,Região Metropolitana,Presencial,Feminino,Branca,0.5903746856120813
CAND_07405,4.4,85.0,Mestrado,Região Metropolitana,Híbrido,Feminino,Parda,0.6114780105854163
CAND_07406,2.7,50.0,Bacharelado,Capitais,Híbrido,Feminino,Amarela,0.4484417437098415
CAND_07407,4.9,83.0,Mestrado,Capitais,Remoto,Não-binário,Indígena,0.6413192419213284
CAND_07408,3.0,40.0,Bacharelado,Capitais,Híbrido,Masculino,Indígena,0.2325751906690543
CAND_07409,4.2,34.0,Mestrado,Região Metropolitana,Presencial,Feminino,Branca,0.36959462618559674
CAND_07410,3.7,32.0,Bacharelado,Interior,Presencial,Feminino,Amarela,0.34308245242352
CAND_07411,1.5,54.0,Mestrado,Capitais,Presencial,Masculino,Branca,0.5790632615401219
CAND_07412,7.6,46.0,Bacharelado,Região Metropolitana,Presencial,Masculino,Amarela,0.5754792201480282
CAND_07413,3.5,52.0,Bacharelado,Capitais,Presencial,Feminino,Amarela,0.33536091496740617
CAND_07414,5.8,45.0,Mestrado,Região Metropolitana,Híbrido,Masculino,Parda,0.34180535300819403
CAND_07415,7.3,36.0,Bacharelado,Capitais,Híbrido,Feminino,Amarela,0.40150896519851537
CAND_07416,2.8,49.0,Bacharelado,Capitais,Remoto,Não-binário,Branca,0.478650019577173
CAND_07417,6.9,39.0,Bacharelado,Capitais,Remoto,Masculino,Preta,0.5687761204522982
CAND_07418,4.2,84.0,Bacharelado,Capitais,Híbrido,Masculino,Parda,0.6003114347558228
CAND_07419,4.0,62.0,Mestrado,Capitais,Híbrido,Feminino,Branca,0.6141591828757827
CAND_07420,7.1,64.0,Bacharelado,Capitais,Remoto,Não-binário,Branca,0.5095853139954452
CAND_07421,5.2,48.0,Bacharelado,Capitais,Híbrido,Feminino,Indígena,0.5113706186517069
CAND_07422,5.3,35.0,Bacharelado,Interior,Híbrido,Feminino,Preta,0.30185937076708785
CAND_07423,7.5,70.0,Mestrado,Região Metropolitana,Híbrido,Não-binário,Parda,0.698576360392849
CAND_07424,4.6,41.0,Doutorado,Capitais,Híbrido,Feminino,Preta,0.4901268176598081
CAND_07425,6.9,51.0,Bacharelado,Interior,Presencial,Não-binário,Amarela,0.4964705219755919
CAND_07426,3.3,64.0,Bacharelado,Região Metropolitana,Remoto,Não-binário,Preta,0.44123381083890867
CAND_07427,6.3,52.0,Mestrado,Capitais,Híbrido,Feminino,Amarela,0.7608322645499731
CAND_07428,5.0,31.0,Bacharelado,Capitais,Presencial,Masculino,Indígena,0.5292763120821535
CAND_07429,6.7,25.0,Bacharelado,Região Metropolitana,Remoto,Não-binário,Preta,0.42540703563661797
CAND_07430,0.0,48.0,Bacharelado,Capitais,Remoto,Não-binário,Preta,0.3211388001506484
CAND_07431,6.4,50.0,Mestrado,Interior,Híbrido,Feminino,Branca,0.4863588460193277
CAND_07432,6.4,56.0,Bacharelado,Região Metropolitana,Remoto,Não-binário,Preta,0.35995029454792116
CAND_07433,6.7,67.0,Mestrado,Capitais,Remoto,Masculino,Indígena,0.7342696835232795
CAND_07434,7.2,22.0,Bacharelado,Capitais,Híbrido,Masculino,Parda,0.33737325289636666
CAND_07435,3.4,60.0,Mestrado,Região Metropolitana,Remoto,Feminino,Amarela,0.5231421075201184
CAND_07436,3.3,45.0,Bacharelado,Capitais,Presencial,Não-binário,Amarela,0.3537044354656246
CAND_07437,2.4,59.0,Mestrado,Interior,Presencial,Feminino,Indígena,0.49165853760699674
CAND_07438,1.5,47.0,Bacharelado,Capitais,Híbrido,Masculino,Indígena,0.09067519283614295
CAND_07439,8.5,40.0,Bacharelado,Região Metropolitana,Híbrido,Não-binário,Parda,0.5966184549397758
CAND_07440,5.0,53.0,Bacharelado,Região Metropolitana,Presencial,Feminino,Preta,0.5111513047204594
CAND_07441,9.4,32.0,Bacharelado,Capitais,Híbrido,Masculino,Amarela,0.6951151730137808
CAND_07442,3.5,75.0,Bacharelado,Capitais,Presencial,Masculino,Preta,0.4709019311633051
CAND_07443,2.4,45.0,Bacharelado,Capitais,Presencial,Feminino,Amarela,0.2102257309077928
CAND_07444,2.0,43.0,Bacharelado,Capitais,Remoto,Masculino,Preta,0.6052097007449567
CAND_07445,11.4,74.0,Bacharelado,Interior,Híbrido,Masculino,Parda,0.7042763881896187
CAND_07446,0.0,52.0,Mestrado,Interior,Presencial,Não-binário,Preta,0.5077769640084844
CAND_07447,6.3,35.0,Bacharelado,Região Metropolitana,Híbrido,Masculino,Preta,0.3718680933049108
CAND_07448,3.6,67.0,Bacharelado,Interior,Híbrido,Não-binário,Branca,0.5284475562763162
CAND_07449,0.0,50.0,Bacharelado,Capitais,Remoto,Feminino,Branca,0.43231402618017833
CAND_07450,2.2,47.0,Bacharelado,Capitais,Remoto,Não-binário,Preta,0.42439662634900566
CAND_07451,2.5,36.0,Bacharelado,Capitais,Híbrido,Não-binário,Amarela,0.43370779708473683
CAND_07452,4.0,54.0,Ensino Médio,Região Metropolitana,Remoto,Masculino,Preta,0.5506388244038267
CAND_07453,5.0,50.0,Bacharelado,Interior,Presencial,Masculino,Preta,0.38430672248187503
CAND_07454,1.0,59.0,Bacharelado,Capitais,Presencial,Feminino,Parda,0.4828509084986884
CAND_07455,3.6,41.0,Bacharelado,Capitais,Híbrido,Não-binário,Parda,0.5561342889101463
CAND_07456,2.1,67.0,Mestrado,Capitais,Presencial,Não-binário,Branca,0.46463801765112817
CAND_07457,5.6,45.0,Bacharelado,Capitais,Híbrido,Feminino,Amarela,0.4218081153264066
CAND_07458,6.4,78.0,Mestrado,Região Metropolitana,Híbrido,Feminino,Branca,0.6220239164043219
CAND_07459,4.4,44.0,Bacharelado,Interior,Híbrido,Feminino,Branca,0.2719789128127183
CAND_07460,8.1,46.0,Bacharelado,Interior,Presencial,Masculino,Branca,0.3964779636029867
CAND_07461,3.3,51.0,Mestrado,Capitais,Presencial,Feminino,Branca,0.5515637613921694
CAND_07462,2.2,81.0,Bacharelado,Capitais,Remoto,Não-binário,Preta,0.5246356503004056
CAND_07463,8.0,86.0,Bacharelado,Região Metropolitana,Remoto,Masculino,Preta,0.716068992883677
CAND_07464,3.8,57.0,Bacharelado,Capitais,Remoto,Masculino,Amarela,0.36250350764500183
CAND_07465,0.8,46.0,Bacharelado,Região Metropolitana,Híbrido,Não-binário,Indígena,0.44035244190738415
CAND_07466,3.9,29.0,Bacharelado,Capitais,Remoto,Feminino,Parda,0.1823587413955185
CAND_07467,4.5,52.0,Bacharelado,Região Metropolitana,Híbrido,Masculino,Indígena,0.38186355809422984
CAND_07468,2.2,66.0,Doutorado,Região Metropolitana,Presencial,Masculino,Parda,0.5891798560879185
CAND_07469,5.9,56.0,Bacharelado,Capitais,Presencial,Não-binário,Amarela,0.3332372995245557
CAND_07470,9.0,30.0,Bacharelado,Capitais,Remoto,Feminino,Amarela,0.3820389402810426
CAND_07471,0.7,44.0,Bacharelado,Interior,Híbrido,Masculino,Parda,0.22305001907471086
CAND_07472,6.5,72.0,Bacharelado,Região Metropolitana,Híbrido,Masculino,Parda,0.606659257684988
CAND_07473,10.8,53.0,Bacharelado,Capitais,Híbrido,Não-binário,Indígena,0.5607302341829237
CAND_07474,5.9,68.0,Mestrado,Região Metropolitana,Híbrido,Não-binário,Branca,0.5933869140800951
CAND_07475,3.4,51.0,Ensino Médio,Capitais,Remoto,Masculino,Parda,0.49367868524007696
CAND_07476,6.7,43.0,Mestrado,Capitais,Presencial,Feminino,Indígena,0.4545902145296775
CAND_07477,1.8,32.0,Bacharelado,Capitais,Remoto,Feminino,Branca,0.25227562259413755
CAND_07478,3.3,55.0,Bacharelado,Capitais,Híbrido,Masculino,Preta,0.3919847829652449
CAND_07479,8.0,67.0,Mestrado,Capitais,Presencial,Feminino,Branca,0.6856990902387159
CAND_07480,8.2,59.0,Mestrado,Interior,Presencial,Não-binário,Parda,0.753520679884097
CAND_07481,3.5,63.0,Bacharelado,Região Metropolitana,Remoto,Não-binário,Amarela,0.4878665003573402
CAND_07482,7.2,34.0,Mestrado,Capitais,Híbrido,Masculino,Branca,0.4195168887325646
CAND_07483,10.3,48.0,Bacharelado,Capitais,Presencial,Masculino,Parda,0.5297689442914824
CAND_07484,6.6,78.0,Bacharelado,Capitais,Presencial,Masculino,Indígena,0.5006370188429199
CAND_07485,0.0,48.0,Mestrado,Região Metropolitana,Presencial,Feminino,Parda,0.43444602369599333
CAND_07486,4.3,40.0,Mestrado,Capitais,Presencial,Não-binário,Preta,0.6110648612607356
CAND_07487,5.4,26.0,Bacharelado,Capitais,Híbrido,Masculino,Parda,0.22521906681671605
CAND_07488,1.1,61.0,Doutorado,Região Metropolitana,Híbrido,Feminino,Amarela,0.6319661503956846
CAND_07489,5.0,67.0,Bacharelado,Capitais,Presencial,Masculino,Indígena,0.4431470023874895
CAND_07490,5.0,40.0,Bacharelado,Capitais,Híbrido,Feminino,Indígena,0.2522029643161684
CAND_07491,5.2,84.0,Mestrado,Capitais,Híbrido,Masculino,Preta,0.7684110061302811
CAND_07492,3.4,68.0,Doutorado,Região Metropolitana,Híbrido,Feminino,Branca,0.7727925739088977
CAND_07493,1.5,67.0,Bacharelado,Capitais,Remoto,Não-binário,Indígena,0.47536272721195144
CAND_07494,5.2,65.0,Bacharelado,Região Metropolitana,Presencial,Não-binário,Parda,0.5013749031355373
CAND_07495,2.8,14.0,Bacharelado,Capitais,Remoto,Masculino,Branca,0.20300856269966727
CAND_07496,7.7,66.0,Bacharelado,Capitais,Presencial,Feminino,Branca,0.576868737090606
CAND_07497,7.8,30.0,Bacharelado,Região Metropolitana,Híbrido,Não-binário,Indígena,0.3873224582991595
CAND_07498,5.5,58.0,Bacharelado,Interior,Híbrido,Não-binário,Amarela,0.4605687449993859
CAND_07499,7.9,43.0,Bacharelado,Capitais,Híbrido,Masculino,Branca,0.5190293782653104
CAND_07500,7.8,18.0,Bacharelado,Região Metropolitana,Híbrido,Feminino,Preta,0.5048955332686682
CAND_07501,7.8,73.0,Bacharelado,Capitais,Presencial,Não-binário,Amarela,0.632955666594539
CAND_07502,5.8,54.0,Bacharelado,Capitais,Remoto,Masculino,Amarela,0.5782763012911919
CAND_07503,1.5,31.0,Doutorado,Capitais,Presencial,Feminino,Amarela,0.5551473612621927
CAND_07504,7.0,79.0,Bacharelado,Região Metropolitana,Remoto,Não-binário,Branca,0.5718393487482671
CAND_07505,7.2,60.0,Bacharelado,Interior,Presencial,Masculino,Indígena,0.5055787090475692
CAND_07506,3.0,22.0,Mestrado,Capitais,Presencial,Feminino,Branca,0.380193792137617
CAND_07507,4.8,61.0,Bacharelado,Capitais,Remoto,Feminino,Parda,0.6346669283037307
CAND_07508,11.2,37.0,Bacharelado,Interior,Híbrido,Feminino,Branca,0.4934700295316768
CAND_07509,8.2,52.0,Bacharelado,Capitais,Presencial,Masculino,Preta,0.6258494154609714
CAND_07510,7.8,33.0,Bacharelado,Região Metropolitana,Híbrido,Não-binário,Preta,0.24155493173592515
CAND_07511,6.2,57.0,Bacharelado,Capitais,Híbrido,Masculino,Amarela,0.34759106305716364
CAND_07512,0.0,46.0,Mestrado,Capitais,Presencial,Masculino,Amarela,0.32158869280762337
CAND_07513,6.4,50.0,Mestrado,Capitais,Híbrido,Masculino,Amarela,0.5358523725579739
CAND_07514,1.8,61.0,Bacharelado,Região Metropolitana,Híbrido,Feminino,Parda,0.5291543491033515
CAND_07515,4.4,54.0,Bacharelado,Região Metropolitana,Híbrido,Feminino,Parda,0.46489114983938656
CAND_07516,7.7,51.0,Bacharelado,Região Metropolitana,Remoto,Feminino,Parda,0.5796210715591712
CAND_07517,9.9,57.0,Doutorado,Interior,Híbrido,Masculino,Amarela,0.7439342383406332
CAND_07518,0.0,25.0,Mestrado,Capitais,Presencial,Não-binário,Indígena,0.3378470711614851
CAND_07519,8.2,49.0,Bacharelado,Capitais,Híbrido,Feminino,Parda,0.5291554528174134
CAND_07520,1.5,50.0,Bacharelado,Capitais,Híbrido,Não-binário,Amarela,0.34888829308749403
CAND_07521,0.0,63.0,Mestrado,Região Metropolitana,Remoto,Feminino,Branca,0.4183792571684048
CAND_07522,1.6,43.0,Bacharelado,Capitais,Remoto,Feminino,Indígena,0.4342133632921422
CAND_07523,6.4,53.0,Bacharelado,Região Metropolitana,Presencial,Não-binário,Indígena,0.7254673939100698
CAND_07524,4.7,53.0,Ensino Médio,Capitais,Híbrido,Masculino,Preta,0.4448485319768455
CAND_07525,4.1,81.0,Mestrado,Capitais,Híbrido,Não-binário,Indígena,0.5541332729537223
CAND_07526,6.1,60.0,Doutorado,Capitais,Presencial,Masculino,Indígena,0.5908801031387962
CAND_07527,2.1,37.0,Bacharelado,Capitais,Presencial,Feminino,Branca,0.2902891269606817
CAND_07528,5.4,64.0,Bacharelado,Região Metropolitana,Presencial,Não-binário,Parda,0.4340490982031559
CAND_07529,4.9,48.0,Bacharelado,Capitais,Presencial,Não-binário,Branca,0.4868698177760179
CAND_07530,8.7,57.0,Mestrado,Interior,Híbrido,Feminino,Amarela,0.5598978725103015
CAND_07531,7.3,36.0,Mestrado,Capitais,Presencial,Não-binário,Parda,0.5020931684865265
CAND_07532,3.9,60.0,Bacharelado,Capitais,Híbrido,Não-binário,Indígena,0.44644200230327724
CAND_07533,7.1,24.0,Bacharelado,Região Metropolitana,Remoto,Masculino,Indígena,0.375753177459873
CAND_07534,7.9,64.0,Ensino Médio,Região Metropolitana,Presencial,Não-binário,Indígena,0.6961540089076179
CAND_07535,4.1,63.0,Bacharelado,Região Metropolitana,Remoto,Feminino,Branca,0.45523720095147624
CAND_07536,10.1,35.0,Mestrado,Região Metropolitana,Híbrido,Não-binário,Indígena,0.45413368630387446
CAND_07537,10.2,71.0,Bacharelado,Capitais,Remoto,Masculino,Branca,0.8491265501871413
CAND_07538,3.2,40.0,Bacharelado,Interior,Híbrido,Não-binário,Branca,0.2580789175875229
CAND_07539,4.6,36.0,Bacharelado,Região Metropolitana,Presencial,Não-binário,Indígena,0.33358581185924524
CAND_07540,7.9,7.0,Mestrado,Região Metropolitana,Remoto,Masculino,Indígena,0.45168184333365985
CAND_07541,6.9,49.0,Mestrado,Região Metropolitana,Remoto,Feminino,Indígena,0.46839036272037715
CAND_07542,7.3,41.0,Mestrado,Capitais,Híbrido,Feminino,Indígena,0.6154901598466033
CAND_07543,6.8,54.0,Bacharelado,Região Metropolitana,Híbrido,Não-binário,Parda,0.47139269864790384
CAND_07544,6.9,52.0,Bacharelado,Capitais,Remoto,Feminino,Parda,0.5965321288849167
CAND_07545,4.4,61.0,Bacharelado,Capitais,Híbrido,Feminino,Indígena,0.3492619213082143
CAND_07546,6.8,61.0,Bacharelado,Capitais,Remoto,Masculino,Indígena,0.6118753107133378
CAND_07547,6.8,37.0,Mestrado,Região Metropolitana,Presencial,Feminino,Amarela,0.6636698790802307
CAND_07548,4.1,47.0,Bacharelado,Região Metropolitana,Híbrido,Masculino,Branca,0.5476598470397402
CAND_07549,0.6,47.0,Bacharelado,Capitais,Híbrido,Feminino,Amarela,0.29756173686481346
CAND_07550,4.8,38.0,Mestrado,Região Metropolitana,Híbrido,Não-binário,Indígena,0.4084835526084223
CAND_07551,1.9,16.0,Bacharelado,Região Metropolitana,Híbrido,Não-binário,Indígena,0.3889280612151491
CAND_07552,3.2,60.0,Mestrado,Capitais,Remoto,Masculino,Amarela,0.3814878061728932
CAND_07553,4.8,62.0,Bacharelado,Região Metropolitana,Presencial,Masculino,Branca,0.30059748188083596
CAND_07554,3.0,58.0,Bacharelado,Capitais,Presencial,Não-binário,Amarela,0.5486647660829624
CAND_07555,5.8,68.0,Bacharelado,Capitais,Híbrido,Masculino,Branca,0.4242340938987734
CAND_07556,0.4,54.0,Bacharelado,Região Metropolitana,Híbrido,Não-binário,Indígena,0.2871031505017029
CAND_07557,9.8,69.0,Bacharelado,Interior,Híbrido,Masculino,Branca,0.5773128693551975
CAND_07558,0.0,49.0,Bacharelado,Capitais,Presencial,Feminino,Branca,0.2968881734931753
CAND_07559,0.9,68.0,Mestrado,Capitais,Remoto,Não-binário,Branca,0.5382876149998607
CAND_07560,3.9,47.0,Mestrado,Interior,Remoto,Masculino,Branca,0.48180989710217903
CAND_07561,0.0,66.0,Mestrado,Região Metropolitana,Presencial,Feminino,Branca,0.6188381352289178
CAND_07562,0.8,52.0,Bacharelado,Região Metropolitana,Presencial,Não-binário,Branca,0.2898696156481424
CAND_07563,10.3,62.0,Mestrado,Capitais,Híbrido,Feminino,Branca,0.5175813943030428
CAND_07564,5.3,35.0,Doutorado,Interior,Híbrido,Não-binário,Parda,0.6021665323529297
CAND_07565,1.1,76.0,Bacharelado,Interior,Híbrido,Masculino,Amarela,0.5170292773965371
CAND_07566,3.4,78.0,Bacharelado,Capitais,Híbrido,Não-binário,Amarela,0.5376117633996019
CAND_07567,5.7,47.0,Doutorado,Capitais,Presencial,Masculino,Branca,0.5744957982170836
CAND_07568,0.0,17.0,Bacharelado,Capitais,Híbrido,Feminino,Branca,0.13620161056054442
CAND_07569,0.0,47.0,Mestrado,Capitais,Remoto,Feminino,Indígena,0.4147902386041447
CAND_07570,6.6,10.0,Bacharelado,Região Metropolitana,Remoto,Masculino,Preta,0.33282039813227043
CAND_07571,3.8,47.0,Bacharelado,Capitais,Híbrido,Feminino,Branca,0.5293536329627133
CAND_07572,4.7,53.0,Bacharelado,Região Metropolitana,Presencial,Feminino,Branca,0.32279412676539615
CAND_07573,4.4,48.0,Bacharelado,Interior,Híbrido,Feminino,Parda,0.25462754792307674
CAND_07574,6.2,54.0,Mestrado,Capitais,Presencial,Não-binário,Amarela,0.4973161162833357
CAND_07575,4.2,24.0,Bacharelado,Região Metropolitana,Remoto,Feminino,Indígena,0.21432159754283314
CAND_07576,5.0,41.0,Bacharelado,Região Metropolitana,Presencial,Não-binário,Preta,0.41854852199639314
CAND_07577,3.6,45.0,Bacharelado,Interior,Híbrido,Não-binário,Preta,0.39526020761788405
CAND_07578,6.5,66.0,Bacharelado,Região Metropolitana,Híbrido,Feminino,Parda,0.6474079920154178
CAND_07579,4.2,60.0,Bacharelado,Capitais,Híbrido,Masculino,Preta,0.5334398535977092
CAND_07580,5.4,69.0,Bacharelado,Região Metropolitana,Remoto,Não-binário,Preta,0.5444907462419054
CAND_07581,9.2,59.0,Bacharelado,Capitais,Remoto,Não-binário,Parda,0.6889672631871079
CAND_07582,8.9,40.0,Bacharelado,Interior,Presencial,Não-binário,Amarela,0.36319478176545716
CAND_07583,2.3,47.0,Bacharelado,Região Metropolitana,Remoto,Feminino,Indígena,0.4098833930327705
CAND_07584,4.1,41.0,Mestrado,Região Metropolitana,Híbrido,Feminino,Indígena,0.6068175227608519
CAND_07585,7.2,49.0,Bacharelado,Região Metropolitana,Presencial,Masculino,Amarela,0.538596589101648
CAND_07586,9.3,23.0,Bacharelado,Capitais,Híbrido,Feminino,Indígena,0.3428448909304223
CAND_07587,2.1,45.0,Ensino Médio,Capitais,Remoto,Feminino,Indígena,0.22348247408982644
CAND_07588,9.6,50.0,Bacharelado,Capitais,Remoto,Feminino,Indígena,0.47078123924294135
CAND_07589,7.6,62.0,Bacharelado,Região Metropolitana,Híbrido,Não-binário,Preta,0.5107385688496114
CAND_07590,2.3,50.0,Ensino Médio,Capitais,Presencial,Feminino,Parda,0.2222224473411003
CAND_07591,6.0,65.0,Bacharelado,Capitais,Presencial,Feminino,Amarela,0.5661339766444078
CAND_07592,5.9,68.0,Bacharelado,Capitais,Híbrido,Feminino,Parda,0.5515506455683691
CAND_07593,2.7,60.0,Mestrado,Capitais,Remoto,Masculino,Parda,0.4388494384506356
CAND_07594,6.9,45.0,Bacharelado,Capitais,Presencial,Feminino,Parda,0.6221478859004019
CAND_07595,4.2,55.0,Mestrado,Região Metropolitana,Remoto,Masculino,Parda,0.43279712776303036
CAND_07596,2.2,47.0,Bacharelado,Capitais,Híbrido,Não-binário,Parda,0.4332257680241446
CAND_07597,8.6,75.0,Bacharelado,Capitais,Presencial,Não-binário,Amarela,0.8050510354964896
CAND_07598,1.8,52.0,Bacharelado,Região Metropolitana,Presencial,Masculino,Indígena,0.4179912118326568
CAND_07599,3.3,49.0,Ensino Médio,Região Metropolitana,Híbrido,Feminino,Parda,0.4809317709863466
CAND_07600,10.5,69.0,Bacharelado,Região Metropolitana,Híbrido,Não-binário,Indígena,0.4730613577835514
CAND_07601,3.0,40.0,Ensino Médio,Capitais,Híbrido,Não-binário,Indígena,0.36157446612132693
CAND_07602,10.6,80.0,Mestrado,Interior,Remoto,Masculino,Preta,0.754220151517266
CAND_07603,7.7,66.0,Bacharelado,Capitais,Híbrido,Não-binário,Preta,0.636773645937134
CAND_07604,3.1,54.0,Doutorado,Região Metropolitana,Presencial,Feminino,Branca,0.32624316202519904
CAND_07605,7.1,45.0,Bacharelado,Capitais,Híbrido,Feminino,Preta,0.577824251994517
CAND_07606,9.1,51.0,Bacharelado,Capitais,Híbrido,Não-binário,Branca,0.32981351769299116
CAND_07607,9.9,47.0,Bacharelado,Região Metropolitana,Remoto,Masculino,Preta,0.5827551173663815
CAND_07608,7.0,69.0,Ensino Médio,Região Metropolitana,Híbrido,Não-binário,Parda,0.49631118597498236
CAND_07609,5.7,37.0,Bacharelado,Região Metropolitana,Híbrido,Feminino,Amarela,0.39383656535027184
CAND_07610,5.0,59.0,Ensino Médio,Interior,Híbrido,Não-binário,Preta,0.5405282381281217
CAND_07611,5.0,38.0,Mestrado,Capitais,Híbrido,Feminino,Indígena,0.5117279572762237
CAND_07612,10.6,69.0,Mestrado,Capitais,Presencial,Masculino,Branca,0.7894177426436542
CAND_07613,1.7,58.0,Mestrado,Interior,Remoto,Masculino,Parda,0.4842661195539292
CAND_07614,8.1,57.0,Mestrado,Capitais,Híbrido,Feminino,Parda,0.521562341515826
CAND_07615,1.7,58.0,Bacharelado,Região Metropolitana,Híbrido,Masculino,Parda,0.3916719549833646
CAND_07616,8.5,43.0,Bacharelado,Capitais,Híbrido,Masculino,Parda,0.5094471132755775
CAND_07617,5.1,52.0,Mestrado,Região Metropolitana,Remoto,Masculino,Indígena,0.48401177931283607
CAND_07618,4.8,43.0,Doutorado,Interior,Presencial,Não-binário,Parda,0.46835200435826235
CAND_07619,6.0,40.0,Bacharelado,Capitais,Híbrido,Masculino,Parda,0.4719249472652379
CAND_07620,9.2,57.0,Bacharelado,Região Metropolitana,Híbrido,Feminino,Amarela,0.6760811320852465
CAND_07621,8.1,19.0,Bacharelado,Capitais,Remoto,Masculino,Amarela,0.5089662807766058
CAND_07622,6.2,36.0,Mestrado,Interior,Presencial,Feminino,Amarela,0.6562937339341529
CAND_07623,3.4,57.0,Mestrado,Capitais,Presencial,Masculino,Branca,0.47545490161302223
CAND_07624,3.0,35.0,Mestrado,Interior,Híbrido,Feminino,Amarela,0.30289348642003405
CAND_07625,5.9,63.0,Doutorado,Capitais,Presencial,Não-binário,Amarela,0.6396381617365853
CAND_07626,2.7,45.0,Bacharelado,Capitais,Remoto,Não-binário,Indígena,0.43726541233392346
CAND_07627,4.3,56.0,Mestrado,Capitais,Remoto,Feminino,Amarela,0.48044863408626093
CAND_07628,0.4,63.0,Mestrado,Região Metropolitana,Híbrido,Não-binário,Amarela,0.3193540846105137
CAND_07629,5.6,38.0,Mestrado,Capitais,Remoto,Não-binário,Parda,0.32929587681108574
CAND_07630,5.0,39.0,Bacharelado,Região Metropolitana,Presencial,Feminino,Amarela,0.41267948530456683
CAND_07631,2.9,25.0,Bacharelado,Capitais,Híbrido,Não-binário,Amarela,0.12603515333754228
CAND_07632,2.2,44.0,Mestrado,Capitais,Híbrido,Masculino,Preta,0.4134807125388027
CAND_07633,4.3,19.0,Bacharelado,Capitais,Híbrido,Não-binário,Parda,0.19024111573912877
CAND_07634,4.3,22.0,Mestrado,Capitais,Remoto,Feminino,Parda,0.5356792561717435
CAND_07635,7.6,45.0,Bacharelado,Capitais,Presencial,Masculino,Parda,0.48313454849660226
CAND_07636,5.8,38.0,Bacharelado,Região Metropolitana,Presencial,Feminino,Amarela,0.49790584789113407
CAND_07637,3.8,48.0,Bacharelado,Região Metropolitana,Híbrido,Masculino,Preta,0.4930094665265689
CAND_07638,7.3,38.0,Bacharelado,Capitais,Híbrido,Não-binário,Amarela,0.5544328824659577
CAND_07639,1.2,38.0,Mestrado,Região Metropolitana,Presencial,Feminino,Amarela,0.29588762246803973
CAND_07640,5.2,68.0,Doutorado,Capitais,Híbrido,Feminino,Preta,0.5475519065305041
CAND_07641,5.2,36.0,Bacharelado,Capitais,Presencial,Não-binário,Amarela,0.40359607605924464
CAND_07642,8.1,54.0,Mestrado,Capitais,Remoto,Feminino,Parda,0.6653288526145402
CAND_07643,7.8,49.0,Mestrado,Capitais,Híbrido,Não-binário,Branca,0.8889605677409924
CAND_07644,5.1,52.0,Bacharelado,Capitais,Híbrido,Não-binário,Indígena,0.24672361511616986
CAND_07645,4.8,34.0,Mestrado,Capitais,Presencial,Masculino,Preta,0.3625057679516496
CAND_07646,6.2,52.0,Ensino Médio,Capitais,Híbrido,Feminino,Parda,0.3289490985130016
CAND_07647,2.9,60.0,Bacharelado,Capitais,Remoto,Masculino,Branca,0.46951976008609003
CAND_07648,2.4,11.0,Doutorado,Capitais,Remoto,Feminino,Branca,0.27240728113141915
CAND_07649,5.6,38.0,Mestrado,Capitais,Híbrido,Masculino,Branca,0.5149176465346935
CAND_07650,10.0,36.0,Bacharelado,Capitais,Presencial,Masculino,Preta,0.4668377191141698
CAND_07651,4.7,32.0,Bacharelado,Capitais,Presencial,Não-binário,Preta,0.4063335294012672
CAND_07652,7.1,32.0,Bacharelado,Interior,Híbrido,Feminino,Parda,0.31094585639348044
CAND_07653,4.5,70.0,Bacharelado,Capitais,Híbrido,Feminino,Preta,0.5391016365703161
CAND_07654,2.2,50.0,Mestrado,Região Metropolitana,Remoto,Feminino,Parda,0.30766877698932404
CAND_07655,6.2,30.0,Mestrado,Capitais,Presencial,Feminino,Indígena,0.45332571309731196
CAND_07656,3.2,54.0,Bacharelado,Capitais,Híbrido,Não-binário,Preta,0.37757829506299084
CAND_07657,2.4,69.0,Ensino Médio,Capitais,Remoto,Não-binário,Indígena,0.576527275163732
CAND_07658,6.1,45.0,Bacharelado,Capitais,Remoto,Masculino,Parda,0.42806927274628065
CAND_07659,6.2,50.0,Mestrado,Capitais,Remoto,Não-binário,Parda,0.5904021517536233
CAND_07660,8.9,44.0,Bacharelado,Região Metropolitana,Presencial,Feminino,Parda,0.44325130300839366
CAND_07661,7.5,48.0,Bacharelado,Capitais,Híbrido,Masculino,Parda,0.49298236499511633
CAND_07662,6.7,44.0,Bacharelado,Região Metropolitana,Híbrido,Masculino,Amarela,0.43158563604956746
CAND_07663,7.5,53.0,Bacharelado,Capitais,Híbrido,Feminino,Amarela,0.5122550828652533
CAND_07664,0.0,42.0,Mestrado,Capitais,Híbrido,Feminino,Amarela,0.24955929087101963
CAND_07665,4.0,58.0,Mestrado,Região Metropolitana,Híbrido,Feminino,Indígena,0.32677320078218464
CAND_07666,5.7,60.0,Ensino Médio,Região Metropolitana,Presencial,Não-binário,Branca,0.5376230983596164
CAND_07667,8.0,53.0,Ensino Médio,Capitais,Híbrido,Não-binário,Branca,0.5141174253768546
CAND_07668,0.6,49.0,Bacharelado,Capitais,Híbrido,Masculino,Indígena,0.41663600157315395
CAND_07669,0.2,28.0,Bacharelado,Capitais,Remoto,Não-binário,Preta,0.2274457916162892
CAND_07670,0.2,61.0,Bacharelado,Capitais,Remoto,Masculino,Preta,0.5080571236185332
CAND_07671,3.5,50.0,Mestrado,Região Metropolitana,Híbrido,Feminino,Preta,0.397129966933165
CAND_07672,6.0,48.0,Mestrado,Capitais,Presencial,Masculino,Preta,0.4584220419022844
CAND_07673,0.5,68.0,Bacharelado,Capitais,Remoto,Masculino,Preta,0.44087740163733363
CAND_07674,4.0,47.0,Bacharelado,Região Metropolitana,Presencial,Não-binário,Amarela,0.3610623570925319
CAND_07675,6.3,77.0,Bacharelado,Capitais,Híbrido,Feminino,Indígena,0.6730287308940677
CAND_07676,4.7,42.0,Doutorado,Capitais,Remoto,Feminino,Preta,0.42797372984363746
CAND_07677,0.7,42.0,Ensino Médio,Região Metropolitana,Remoto,Feminino,Preta,0.16683225587672118
CAND_07678,6.4,65.0,Ensino Médio,Região Metropolitana,Remoto,Não-binário,Parda,0.2711777223418208
CAND_07679,7.3,51.0,Ensino Médio,Capitais,Presencial,Feminino,Amarela,0.49576766127442556
CAND_07680,2.2,59.0,Mestrado,Região Metropolitana,Remoto,Masculino,Indígena,0.4745880638896693
CAND_07681,3.7,44.0,Bacharelado,Região Metropolitana,Presencial,Não-binário,Branca,0.37395635927295223
CAND_07682,2.0,41.0,Doutorado,Região Metropolitana,Presencial,Feminino,Branca,0.49072155813822604
CAND_07683,11.5,75.0,Bacharelado,Interior,Híbrido,Feminino,Branca,0.49842280681138385
CAND_07684,4.8,45.0,Ensino Médio,Capitais,Remoto,Não-binário,Branca,0.33799320045534886
CAND_07685,3.1,54.0,Bacharelado,Capitais,Presencial,Masculino,Parda,0.5869207948877844
CAND_07686,5.8,62.0,Mestrado,Região Metropolitana,Presencial,Masculino,Preta,0.6624008824981487
CAND_07687,1.6,37.0,Mestrado,Região Metropolitana,Remoto,Feminino,Branca,0.3964429884361587
CAND_07688,5.8,54.0,Mestrado,Interior,Presencial,Não-binário,Indígena,0.4269211667121946
CAND_07689,5.3,38.0,Bacharelado,Capitais,Presencial,Masculino,Amarela,0.34251608706553727
CAND_07690,7.8,63.0,Ensino Médio,Capitais,Presencial,Feminino,Parda,0.4587064030511485
CAND_07691,0.5,26.0,Bacharelado,Capitais,Híbrido,Não-binário,Branca,0.2320484071607615
CAND_07692,5.2,85.0,Doutorado,Interior,Remoto,Masculino,Preta,0.6449856340997331
CAND_07693,5.7,56.0,Bacharelado,Capitais,Híbrido,Masculino,Branca,0.5579134929987448
CAND_07694,3.7,58.0,Mestrado,Capitais,Híbrido,Feminino,Branca,0.5021101540514274
CAND_07695,9.9,37.0,Doutorado,Capitais,Híbrido,Feminino,Preta,0.5239379191380372
CAND_07696,2.0,59.0,Bacharelado,Capitais,Híbrido,Feminino,Parda,0.43405016830737553
CAND_07697,5.2,44.0,Bacharelado,Região Metropolitana,Híbrido,Feminino,Preta,0.3976127564692091
CAND_07698,2.2,27.0,Bacharelado,Capitais,Presencial,Masculino,Branca,0.35178304570764574
CAND_07699,2.3,62.0,Bacharelado,Capitais,Híbrido,Não-binário,Amarela,0.3759669986027369
CAND_07700,10.3,47.0,Mestrado,Capitais,Híbrido,Masculino,Preta,0.5755780053502405
CAND_07701,3.7,24.0,Bacharelado,Capitais,Híbrido,Não-binário,Branca,0.22250788547428768
CAND_07702,6.0,87.0,Bacharelado,Capitais,Presencial,Feminino,Indígena,0.6472195906148497
CAND_07703,1.6,32.0,Doutorado,Capitais,Remoto,Masculino,Indígena,0.2440217679553682
CAND_07704,4.3,51.0,Mestrado,Região Metropolitana,Remoto,Feminino,Amarela,0.44840443652113743
CAND_07705,6.9,45.0,Bacharelado,Capitais,Remoto,Feminino,Preta,0.568637644417879
CAND_07706,1.9,33.0,Mestrado,Região Metropolitana,Presencial,Masculino,Indígena,0.2460211087375947
CAND_07707,3.9,55.0,Mestrado,Capitais,Presencial,Feminino,Parda,0.4792361452428703
CAND_07708,6.6,26.0,Bacharelado,Região Metropolitana,Híbrido,Feminino,Indígena,0.4488660615548249
CAND_07709,11.1,59.0,Mestrado,Capitais,Híbrido,Feminino,Amarela,0.7187475312181826
CAND_07710,2.6,41.0,Bacharelado,Capitais,Presencial,Masculino,Preta,0.33275467752935295
CAND_07711,6.7,34.0,Bacharelado,Capitais,Remoto,Masculino,Amarela,0.4402888722999833
CAND_07712,6.9,41.0,Mestrado,Interior,Remoto,Feminino,Preta,0.5529785102692341
CAND_07713,6.5,50.0,Mestrado,Interior,Remoto,Feminino,Branca,0.5479634749011418
CAND_07714,3.6,59.0,Bacharelado,Capitais,Remoto,Não-binário,Parda,0.4004555338337931
CAND_07715,2.4,20.0,Bacharelado,Capitais,Híbrido,Masculino,Indígena,0.2830371703697461
CAND_07716,8.7,50.0,Bacharelado,Capitais,Presencial,Não-binário,Indígena,0.4669994804784598
CAND_07717,0.9,27.0,Mestrado,Região Metropolitana,Presencial,Feminino,Parda,0.25214309041803806
CAND_07718,2.8,8.0,Bacharelado,Região Metropolitana,Híbrido,Masculino,Indígena,0.2833059575843406
CAND_07719,8.4,85.0,Bacharelado,Capitais,Remoto,Não-binário,Amarela,0.5881480413494214
CAND_07720,1.6,49.0,Ensino Médio,Capitais,Híbrido,Feminino,Amarela,0.23585647161255469
CAND_07721,4.3,57.0,Bacharelado,Região Metropolitana,Híbrido,Feminino,Parda,0.3651058210153951
CAND_07722,9.7,39.0,Doutorado,Capitais,Remoto,Masculino,Preta,0.46591506061090227
CAND_07723,3.5,45.0,Bacharelado,Capitais,Remoto,Masculino,Parda,0.43672946357487497
CAND_07724,2.8,43.0,Bacharelado,Região Metropolitana,Híbrido,Não-binário,Branca,0.4278299174899212
CAND_07725,0.8,69.0,Mestrado,Capitais,Remoto,Não-binário,Branca,0.6179404482008822
CAND_07726,3.7,50.0,Mestrado,Interior,Remoto,Masculino,Amarela,0.4109010554706876
CAND_07727,6.7,68.0,Bacharelado,Capitais,Híbrido,Não-binário,Branca,0.6712930669146193
CAND_07728,3.4,29.0,Doutorado,Capitais,Híbrido,Masculino,Preta,0.5362972354704956
CAND_07729,5.1,55.0,Bacharelado,Capitais,Remoto,Feminino,Parda,0.4903562487311452
CAND_07730,3.4,49.0,Ensino Médio,Região Metropolitana,Remoto,Não-binário,Indígena,0.4062758731492102
CAND_07731,7.7,57.0,Bacharelado,Capitais,Híbrido,Masculino,Parda,0.49000434794001363
CAND_07732,7.9,35.0,Doutorado,Capitais,Remoto,Feminino,Parda,0.537084989792657
CAND_07733,4.3,40.0,Ensino Médio,Capitais,Híbrido,Não-binário,Parda,0.36978966358953763
CAND_07734,9.5,48.0,Bacharelado,Capitais,Híbrido,Masculino,Branca,0.3518218366226773
CAND_07735,5.5,55.0,Mestrado,Região Metropolitana,Híbrido,Masculino,Parda,0.5363559617876833
CAND_07736,5.5,51.0,Mestrado,Região Metropolitana,Presencial,Não-binário,Branca,0.39283866357040303
CAND_07737,0.0,53.0,Bacharelado,Capitais,Híbrido,Feminino,Branca,0.17385858945487623
CAND_07738,4.2,19.0,Bacharelado,Região Metropolitana,Presencial,Masculino,Indígena,0.31863885811843473
CAND_07739,4.9,37.0,Bacharelado,Região Metropolitana,Híbrido,Masculino,Indígena,0.43286378600276226
CAND_07740,6.0,32.0,Mestrado,Região Metropolitana,Híbrido,Não-binário,Branca,0.326899082643897
CAND_07741,3.0,48.0,Bacharelado,Capitais,Remoto,Masculino,Parda,0.36537384535301987
CAND_07742,2.4,71.0,Doutorado,Região Metropolitana,Presencial,Não-binário,Indígena,0.4652505478580195
CAND_07743,9.2,74.0,Doutorado,Região Metropolitana,Híbrido,Feminino,Parda,0.6622682141332217
CAND_07744,7.2,40.0,Bacharelado,Região Metropolitana,Híbrido,Feminino,Parda,0.3868152176057761
CAND_07745,9.9,43.0,Bacharelado,Capitais,Híbrido,Não-binário,Amarela,0.4113754078399804
CAND_07746,2.2,20.0,Bacharelado,Região Metropolitana,Presencial,Não-binário,Preta,0.3444674973694791
CAND_07747,6.4,69.0,Mestrado,Capitais,Presencial,Feminino,Parda,0.5992370833112556
CAND_07748,4.7,43.0,Mestrado,Interior,Remoto,Feminino,Branca,0.4358091980199529
CAND_07749,2.0,57.0,Bacharelado,Região Metropolitana,Presencial,Masculino,Amarela,0.5659068255848868
CAND_07750,4.1,59.0,Bacharelado,Região Metropolitana,Remoto,Masculino,Preta,0.3732434398054271
CAND_07751,0.9,45.0,Ensino Médio,Capitais,Presencial,Masculino,Preta,0.38937548196534894
CAND_07752,3.2,39.0,Doutorado,Região Metropolitana,Híbrido,Masculino,Parda,0.32586763347877756
CAND_07753,6.8,54.0,Mestrado,Capitais,Remoto,Masculino,Parda,0.6961575554024719
CAND_07754,8.7,53.0,Mestrado,Interior,Presencial,Feminino,Parda,0.6262910122451845
CAND_07755,2.9,59.0,Bacharelado,Capitais,Remoto,Feminino,Branca,0.37199838445416733
CAND_07756,9.3,33.0,Doutorado,Capitais,Híbrido,Não-binário,Amarela,0.6362562445675612
CAND_07757,0.0,63.0,Bacharelado,Capitais,Híbrido,Não-binário,Branca,0.48808706134138286
CAND_07758,6.2,48.0,Bacharelado,Capitais,Remoto,Masculino,Branca,0.36245704801618156
CAND_07759,4.1,42.0,Bacharelado,Região Metropolitana,Remoto,Masculino,Indígena,0.4621997412449386
CAND_07760,3.8,32.0,Bacharelado,Capitais,Remoto,Masculino,Preta,0.42951951335576183
CAND_07761,0.0,37.0,Bacharelado,Capitais,Híbrido,Feminino,Preta,0.30670496382401186
CAND_07762,3.3,21.0,Doutorado,Capitais,Híbrido,Masculino,Branca,0.41765665265597895
CAND_07763,3.2,65.0,Ensino Médio,Capitais,Presencial,Feminino,Branca,0.5119509141057872
CAND_07764,0.9,55.0,Mestrado,Capitais,Remoto,Masculino,Parda,0.4121213831837367
CAND_07765,4.2,62.0,Bacharelado,Capitais,Remoto,Feminino,Branca,0.4044199156923564
CAND_07766,5.1,56.0,Mestrado,Capitais,Presencial,Não-binário,Amarela,0.602550518268133
CAND_07767,5.4,52.0,Bacharelado,Capitais,Híbrido,Não-binário,Preta,0.444647838768375
CAND_07768,3.1,58.0,Bacharelado,Região Metropolitana,Híbrido,Feminino,Branca,0.4282817469579973
CAND_07769,4.8,66.0,Mestrado,Capitais,Remoto,Não-binário,Preta,0.6113986161561029
CAND_07770,7.6,93.0,Mestrado,Interior,Remoto,Masculino,Parda,0.8202387925315419
CAND_07771,8.0,46.0,Bacharelado,Capitais,Híbrido,Não-binário,Preta,0.4744177217839727
CAND_07772,7.4,43.0,Bacharelado,Capitais,Remoto,Masculino,Branca,0.4170294936381069
CAND_07773,7.4,40.0,Ensino Médio,Capitais,Presencial,Masculino,Amarela,0.4218145472754271
CAND_07774,5.4,56.0,Mestrado,Capitais,Híbrido,Feminino,Indígena,0.39913892641464666
CAND_07775,8.7,65.0,Mestrado,Capitais,Híbrido,Feminino,Amarela,0.4914588946949051
CAND_07776,6.1,63.0,Bacharelado,Região Metropolitana,Presencial,Não-binário,Branca,0.4509012172469158
CAND_07777,4.3,18.0,Bacharelado,Capitais,Híbrido,Não-binário,Amarela,0.08993883449399825
CAND_07778,0.1,43.0,Bacharelado,Capitais,Híbrido,Masculino,Branca,0.49713512972434815
CAND_07779,0.9,44.0,Bacharelado,Interior,Remoto,Feminino,Amarela,0.35964175177836905
CAND_07780,0.5,65.0,Mestrado,Capitais,Híbrido,Feminino,Indígena,0.41048320903713964
CAND_07781,6.7,45.0,Bacharelado,Região Metropolitana,Remoto,Feminino,Amarela,0.645847147910818
CAND_07782,2.4,64.0,Bacharelado,Região Metropolitana,Remoto,Masculino,Parda,0.510218396167617
CAND_07783,2.6,78.0,Bacharelado,Interior,Presencial,Masculino,Amarela,0.6211659336266402
CAND_07784,3.8,52.0,Bacharelado,Região Metropolitana,Híbrido,Não-binário,Branca,0.3521540936755263
CAND_07785,2.1,36.0,Bacharelado,Capitais,Presencial,Feminino,Preta,0.15930810097557158
CAND_07786,5.2,22.0,Ensino Médio,Capitais,Presencial,Masculino,Parda,0.17904077302805096
CAND_07787,0.2,66.0,Bacharelado,Interior,Híbrido,Masculino,Preta,0.5419752670180179
CAND_07788,6.7,52.0,Bacharelado,Região Metropolitana,Presencial,Não-binário,Preta,0.6510181799243816
CAND_07789,6.5,40.0,Mestrado,Região Metropolitana,Híbrido,Masculino,Indígena,0.4816190376039031
CAND_07790,4.4,81.0,Mestrado,Capitais,Híbrido,Masculino,Indígena,0.6196218216751128
CAND_07791,3.1,69.0,Bacharelado,Interior,Remoto,Masculino,Indígena,0.5191323221549606
CAND_07792,5.8,61.0,Mestrado,Capitais,Remoto,Não-binário,Parda,0.5149403906889974
CAND_07793,8.2,33.0,Bacharelado,Capitais,Híbrido,Masculino,Indígena,0.6478426879368553
CAND_07794,0.0,44.0,Bacharelado,Capitais,Remoto,Feminino,Preta,0.05794418972962623
CAND_07795,6.7,13.0,Bacharelado,Capitais,Híbrido,Feminino,Indígena,0.48463828421213445
CAND_07796,4.3,57.0,Mestrado,Capitais,Presencial,Feminino,Preta,0.5319536872055115
CAND_07797,3.4,61.0,Ensino Médio,Região Metropolitana,Remoto,Feminino,Amarela,0.4256355044996321
CAND_07798,4.0,56.0,Bacharelado,Capitais,Híbrido,Não-binário,Parda,0.6495653253313817
CAND_07799,1.3,68.0,Bacharelado,Região Metropolitana,Presencial,Masculino,Amarela,0.5448332920189043
CAND_07800,0.0,56.0,Mestrado,Interior,Híbrido,Não-binário,Branca,0.31584105400819795
CAND_07801,6.8,48.0,Bacharelado,Interior,Híbrido,Feminino,Amarela,0.5032742903943604
CAND_07802,6.8,68.0,Mestrado,Capitais,Presencial,Feminino,Parda,0.7252361772207856
CAND_07803,5.1,49.0,Bacharelado,Capitais,Presencial,Masculino,Parda,0.39090916937251685
CAND_07804,7.8,54.0,Bacharelado,Capitais,Remoto,Feminino,Preta,0.39194464142742136
CAND_07805,8.1,55.0,Mestrado,Capitais,Híbrido,Masculino,Parda,0.5760241856747186
CAND_07806,7.0,64.0,Mestrado,Capitais,Presencial,Feminino,Amarela,0.5144054170668878
CAND_07807,7.5,58.0,Bacharelado,Região Metropolitana,Remoto,Feminino,Parda,0.599910829712217
CAND_07808,8.1,59.0,Mestrado,Região Metropolitana,Híbrido,Masculino,Amarela,0.5997159101308132
CAND_07809,6.2,14.0,Mestrado,Capitais,Híbrido,Não-binário,Parda,0.4246396321191555
CAND_07810,4.3,40.0,Mestrado,Capitais,Híbrido,Não-binário,Branca,0.35711710189631324
CAND_07811,4.7,28.0,Bacharelado,Capitais,Híbrido,Masculino,Indígena,0.2637571928163236
CAND_07812,4.6,73.0,Mestrado,Região Metropolitana,Presencial,Não-binário,Amarela,0.6505233754930602
CAND_07813,1.8,33.0,Mestrado,Interior,Remoto,Não-binário,Amarela,0.37299929814863364
CAND_07814,6.7,42.0,Bacharelado,Capitais,Remoto,Não-binário,Branca,0.40249634941769574
CAND_07815,4.4,83.0,Mestrado,Capitais,Presencial,Não-binário,Amarela,0.6727045304144008
CAND_07816,8.0,54.0,Doutorado,Interior,Remoto,Não-binário,Preta,0.6398301150912401
CAND_07817,2.5,80.0,Mestrado,Capitais,Remoto,Feminino,Preta,0.5476098371408885
CAND_07818,10.4,40.0,Ensino Médio,Capitais,Presencial,Masculino,Amarela,0.47356524291339785
CAND_07819,2.7,16.0,Mestrado,Capitais,Presencial,Não-binário,Indígena,0.4537807066868978
CAND_07820,1.4,68.0,Bacharelado,Região Metropolitana,Remoto,Feminino,Parda,0.3205073744485254
CAND_07821,6.1,56.0,Ensino Médio,Capitais,Híbrido,Feminino,Parda,0.4391756336417449
CAND_07822,8.0,44.0,Bacharelado,Região Metropolitana,Híbrido,Feminino,Indígena,0.5366805814046669
CAND_07823,5.1,36.0,Bacharelado,Interior,Remoto,Feminino,Indígena,0.3028221526498288
CAND_07824,5.3,62.0,Mestrado,Região Metropolitana,Híbrido,Masculino,Amarela,0.5443629618708326
CAND_07825,3.6,46.0,Bacharelado,Capitais,Remoto,Masculino,Branca,0.500927643560743
CAND_07826,2.5,57.0,Bacharelado,Capitais,Remoto,Feminino,Branca,0.26258306661697456
CAND_07827,4.7,47.0,Mestrado,Capitais,Híbrido,Não-binário,Indígena,0.5450655163187998
CAND_07828,3.2,45.0,Bacharelado,Interior,Presencial,Não-binário,Parda,0.4302026621339544
CAND_07829,7.3,58.0,Bacharelado,Interior,Presencial,Masculino,Preta,0.5939015841705666
CAND_07830,8.3,70.0,Bacharelado,Região Metropolitana,Híbrido,Feminino,Branca,0.676946661003529
CAND_07831,2.1,65.0,Bacharelado,Capitais,Híbrido,Feminino,Parda,0.6047121227090966
CAND_07832,0.3,38.0,Bacharelado,Capitais,Híbrido,Feminino,Parda,0.3657400177423027
CAND_07833,8.5,26.0,Ensino Médio,Região Metropolitana,Híbrido,Feminino,Indígena,0.3077207434354928
CAND_07834,2.8,53.0,Bacharelado,Região Metropolitana,Presencial,Masculino,Amarela,0.37295574500194917
CAND_07835,1.4,21.0,Ensino Médio,Interior,Híbrido,Não-binário,Preta,0.0
CAND_07836,7.2,51.0,Bacharelado,Região Metropolitana,Híbrido,Não-binário,Indígena,0.5725255831638023
CAND_07837,6.8,49.0,Mestrado,Capitais,Híbrido,Não-binário,Branca,0.4497666702990428
CAND_07838,7.8,62.0,Bacharelado,Interior,Híbrido,Feminino,Parda,0.561991484992186
CAND_07839,0.0,57.0,Bacharelado,Capitais,Híbrido,Não-binário,Amarela,0.43316155532539324
CAND_07840,4.6,57.0,Bacharelado,Capitais,Presencial,Feminino,Amarela,0.47627205998855393
CAND_07841,3.7,55.0,Bacharelado,Capitais,Híbrido,Masculino,Preta,0.47040367797319876
CAND_07842,7.4,46.0,Bacharelado,Capitais,Remoto,Feminino,Indígena,0.4114417001196974
CAND_07843,5.2,51.0,Bacharelado,Capitais,Remoto,Não-binário,Branca,0.5455187707175441
CAND_07844,0.1,58.0,Mestrado,Capitais,Remoto,Não-binário,Branca,0.4528982147570028
CAND_07845,7.5,52.0,Bacharelado,Região Metropolitana,Presencial,Masculino,Branca,0.4642309520472296
CAND_07846,3.1,44.0,Bacharelado,Capitais,Híbrido,Masculino,Amarela,0.40653140553426304
CAND_07847,6.2,61.0,Doutorado,Região Metropolitana,Presencial,Feminino,Preta,0.5387798567607005
CAND_07848,2.7,56.0,Mestrado,Região Metropolitana,Remoto,Masculino,Amarela,0.34104395626685835
CAND_07849,2.3,46.0,Ensino Médio,Capitais,Presencial,Feminino,Branca,0.3491323770021829
CAND_07850,4.4,42.0,Mestrado,Região Metropolitana,Remoto,Não-binário,Parda,0.44522346328301105
CAND_07851,3.9,42.0,Mestrado,Interior,Remoto,Feminino,Branca,0.4624832269304737
CAND_07852,8.1,36.0,Mestrado,Capitais,Presencial,Não-binário,Preta,0.549296826495658
CAND_07853,0.0,46.0,Bacharelado,Capitais,Remoto,Não-binário,Preta,0.34974690311607926
CAND_07854,5.6,59.0,Bacharelado,Capitais,Remoto,Feminino,Preta,0.22810240736436477
CAND_07855,5.4,22.0,Ensino Médio,Capitais,Remoto,Não-binário,Preta,0.45041792663096836
CAND_07856,7.6,43.0,Bacharelado,Capitais,Remoto,Feminino,Branca,0.4340117334977733
CAND_07857,8.3,20.0,Mestrado,Capitais,Presencial,Não-binário,Indígena,0.5529328370042644
CAND_07858,3.0,36.0,Bacharelado,Capitais,Presencial,Masculino,Indígena,0.2620714733877753
CAND_07859,6.0,49.0,Mestrado,Interior,Remoto,Não-binário,Indígena,0.7133942892258835
CAND_07860,4.8,64.0,Mestrado,Região Metropolitana,Presencial,Não-binário,Indígena,0.5052549486889099
CAND_07861,1.6,58.0,Bacharelado,Capitais,Híbrido,Não-binário,Parda,0.32752020296110546
CAND_07862,2.7,14.0,Bacharelado,Capitais,Remoto,Não-binário,Branca,0.22953358437747234
CAND_07863,5.6,61.0,Mestrado,Região Metropolitana,Presencial,Não-binário,Indígena,0.6368419292180373
CAND_07864,6.9,11.0,Bacharelado,Capitais,Remoto,Feminino,Preta,0.5362632844020271
CAND_07865,2.6,40.0,Ensino Médio,Capitais,Remoto,Não-binário,Parda,0.0721073915230368
CAND_07866,1.5,36.0,Bacharelado,Capitais,Remoto,Feminino,Parda,0.5293636586854628
CAND_07867,6.1,37.0,Bacharelado,Capitais,Remoto,Não-binário,Preta,0.42159467011847584
CAND_07868,2.8,54.0,Mestrado,Capitais,Híbrido,Feminino,Parda,0.519276951130545
CAND_07869,1.8,59.0,Bacharelado,Região Metropolitana,Híbrido,Feminino,Parda,0.4163329667709343
CAND_07870,2.9,63.0,Bacharelado,Capitais,Híbrido,Masculino,Branca,0.550563622226972
CAND_07871,8.9,81.0,Bacharelado,Capitais,Híbrido,Não-binário,Branca,0.6543725389194541
CAND_07872,8.5,46.0,Ensino Médio,Capitais,Remoto,Não-binário,Amarela,0.4227990067635311
CAND_07873,7.9,20.0,Ensino Médio,Capitais,Presencial,Masculino,Parda,0.3509628304366687
CAND_07874,9.7,26.0,Mestrado,Capitais,Presencial,Feminino,Amarela,0.5888894521825445
CAND_07875,5.9,54.0,Bacharelado,Capitais,Híbrido,Feminino,Amarela,0.5298507324276793
CAND_07876,5.5,60.0,Bacharelado,Capitais,Presencial,Masculino,Amarela,0.5300903498427189
CAND_07877,1.7,60.0,Mestrado,Capitais,Remoto,Masculino,Amarela,0.4277016652942451
CAND_07878,4.3,23.0,Ensino Médio,Capitais,Presencial,Feminino,Indígena,0.1901405230690414
CAND_07879,6.7,39.0,Bacharelado,Capitais,Presencial,Feminino,Amarela,0.5997126677319293
CAND_07880,4.0,61.0,Bacharelado,Capitais,Híbrido,Não-binário,Indígena,0.5370019724210613
CAND_07881,2.9,82.0,Mestrado,Região Metropolitana,Presencial,Não-binário,Indígena,0.4870854264752986
CAND_07882,6.9,59.0,Bacharelado,Região Metropolitana,Híbrido,Feminino,Branca,0.5345769627369777
CAND_07883,4.2,35.0,Bacharelado,Região Metropolitana,Remoto,Masculino,Amarela,0.3225778476090745
CAND_07884,5.4,26.0,Bacharelado,Capitais,Presencial,Não-binário,Branca,0.4695196212416567
CAND_07885,6.4,48.0,Bacharelado,Região Metropolitana,Presencial,Masculino,Amarela,0.4763972324195544
CAND_07886,0.0,39.0,Bacharelado,Região Metropolitana,Presencial,Não-binário,Branca,0.42498976339524247
CAND_07887,7.0,76.0,Bacharelado,Região Metropolitana,Presencial,Masculino,Parda,0.5234163449772249
CAND_07888,2.2,72.0,Bacharelado,Capitais,Presencial,Masculino,Parda,0.37891557502599377
CAND_07889,5.6,58.0,Mestrado,Capitais,Híbrido,Feminino,Amarela,0.5304912296535284
CAND_07890,4.0,36.0,Bacharelado,Capitais,Híbrido,Não-binário,Amarela,0.4637715135313939
CAND_07891,1.7,52.0,Bacharelado,Interior,Presencial,Não-binário,Amarela,0.30373493572042287
CAND_07892,6.3,44.0,Ensino Médio,Região Metropolitana,Híbrido,Masculino,Amarela,0.4538090585701071
CAND_07893,1.2,43.0,Bacharelado,Região Metropolitana,Presencial,Feminino,Parda,0.45002912577848575
CAND_07894,6.2,79.0,Bacharelado,Região Metropolitana,Híbrido,Não-binário,Indígena,0.4766833741388712
CAND_07895,5.1,40.0,Mestrado,Capitais,Remoto,Masculino,Amarela,0.3193999963813542
CAND_07896,0.0,13.0,Bacharelado,Capitais,Híbrido,Feminino,Amarela,0.2548545535824975
CAND_07897,5.4,16.0,Ensino Médio,Região Metropolitana,Remoto,Não-binário,Indígena,0.31475262141813537
CAND_07898,6.2,63.0,Bacharelado,Capitais,Híbrido,Não-binário,Branca,0.5843896667322414
CAND_07899,1.9,43.0,Mestrado,Capitais,Híbrido,Masculino,Parda,0.29311339372703227
CAND_07900,2.1,55.0,Bacharelado,Interior,Presencial,Não-binário,Amarela,0.4214209985901564
CAND_07901,5.0,31.0,Bacharelado,Capitais,Remoto,Masculino,Branca,0.3406550293482558
CAND_07902,9.8,57.0,Ensino Médio,Interior,Presencial,Não-binário,Amarela,0.6001331935015402
CAND_07903,1.0,16.0,Bacharelado,Capitais,Remoto,Masculino,Branca,0.33408824106972096
CAND_07904,9.9,38.0,Bacharelado,Capitais,Híbrido,Feminino,Parda,0.6029399380706977
CAND_07905,3.9,52.0,Ensino Médio,Capitais,Remoto,Masculino,Amarela,0.42881838217912516
CAND_07906,7.6,56.0,Mestrado,Capitais,Híbrido,Não-binário,Parda,0.6306437174915431
CAND_07907,5.2,24.0,Bacharelado,Capitais,Remoto,Não-binário,Branca,0.40395688384258904
CAND_07908,5.0,75.0,Mestrado,Capitais,Híbrido,Masculino,Indígena,0.4624336944967416
CAND_07909,1.6,54.0,Mestrado,Capitais,Presencial,Feminino,Amarela,0.09242202425729529
CAND_07910,9.2,49.0,Bacharelado,Região Metropolitana,Remoto,Não-binário,Preta,0.6925839513465009
CAND_07911,0.0,40.0,Bacharelado,Capitais,Híbrido,Feminino,Branca,0.43594761816754524
CAND_07912,2.4,29.0,Bacharelado,Região Metropolitana,Híbrido,Não-binário,Amarela,0.5049214876752075
CAND_07913,6.1,51.0,Bacharelado,Interior,Presencial,Não-binário,Preta,0.39674179173455937
CAND_07914,10.9,62.0,Bacharelado,Capitais,Remoto,Não-binário,Parda,0.625321066056902
CAND_07915,5.5,16.0,Mestrado,Capitais,Remoto,Masculino,Preta,0.4680977464146916
CAND_07916,8.6,41.0,Bacharelado,Capitais,Híbrido,Não-binário,Indígena,0.5766276410678959
CAND_07917,5.6,47.0,Bacharelado,Região Metropolitana,Híbrido,Masculino,Branca,0.3581738219800329
CAND_07918,4.7,68.0,Bacharelado,Região Metropolitana,Remoto,Não-binário,Branca,0.48439137605853866
CAND_07919,9.1,55.0,Bacharelado,Região Metropolitana,Remoto,Feminino,Indígena,0.4617333886058301
CAND_07920,2.4,62.0,Bacharelado,Interior,Remoto,Não-binário,Indígena,0.3554991034201899
CAND_07921,0.0,51.0,Mestrado,Capitais,Remoto,Feminino,Indígena,0.3240676898367759
CAND_07922,6.2,51.0,Bacharelado,Capitais,Híbrido,Feminino,Preta,0.4501133194341267
CAND_07923,8.9,47.0,Doutorado,Capitais,Remoto,Masculino,Preta,0.5973784953629767
CAND_07924,6.6,45.0,Ensino Médio,Região Metropolitana,Híbrido,Masculino,Indígena,0.46858539233145363
CAND_07925,4.8,24.0,Bacharelado,Interior,Híbrido,Não-binário,Indígena,0.0581011287293125
CAND_07926,1.7,48.0,Mestrado,Região Metropolitana,Híbrido,Masculino,Branca,0.5428611132755314
CAND_07927,6.3,61.0,Mestrado,Interior,Remoto,Feminino,Indígena,0.42138511134059753
CAND_07928,5.8,41.0,Bacharelado,Interior,Remoto,Feminino,Amarela,0.26773438385555426
CAND_07929,9.9,39.0,Bacharelado,Capitais,Remoto,Masculino,Indígena,0.48691526229315707
CAND_07930,5.3,69.0,Ensino Médio,Capitais,Híbrido,Feminino,Parda,0.5304135705721204
CAND_07931,0.0,63.0,Mestrado,Interior,Híbrido,Masculino,Parda,0.27159595415047283
CAND_07932,2.4,58.0,Bacharelado,Região Metropolitana,Híbrido,Feminino,Indígena,0.3912162076691451
CAND_07933,12.3,27.0,Bacharelado,Região Metropolitana,Híbrido,Feminino,Parda,0.45037779421572544
CAND_07934,3.1,62.0,Bacharelado,Capitais,Presencial,Feminino,Parda,0.35842164503716856
CAND_07935,3.1,33.0,Bacharelado,Capitais,Híbrido,Feminino,Amarela,0.45682034999277993
CAND_07936,0.0,32.0,Bacharelado,Capitais,Presencial,Feminino,Preta,0.20881958984017285
CAND_07937,5.1,54.0,Mestrado,Capitais,Híbrido,Feminino,Parda,0.45368494791686004
CAND_07938,5.0,49.0,Ensino Médio,Capitais,Remoto,Não-binário,Amarela,0.4330767023471588
CAND_07939,3.5,50.0,Bacharelado,Capitais,Híbrido,Masculino,Preta,0.41991029987047834
CAND_07940,4.1,46.0,Ensino Médio,Interior,Remoto,Feminino,Parda,0.38579579468501923
CAND_07941,6.2,60.0,Bacharelado,Capitais,Presencial,Masculino,Amarela,0.5629528563729052
CAND_07942,4.8,41.0,Mestrado,Região Metropolitana,Presencial,Não-binário,Indígena,0.4636533149968667
CAND_07943,0.0,34.0,Bacharelado,Capitais,Presencial,Masculino,Indígena,0.3105503011503586
CAND_07944,5.3,36.0,Mestrado,Capitais,Híbrido,Masculino,Parda,0.5302511039992253
CAND_07945,4.3,69.0,Mestrado,Capitais,Híbrido,Não-binário,Parda,0.4470714754837064
CAND_07946,5.9,45.0,Mestrado,Capitais,Híbrido,Masculino,Branca,0.5001118469715362
CAND_07947,8.7,64.0,Bacharelado,Capitais,Remoto,Masculino,Branca,0.5700646956140364
CAND_07948,6.4,44.0,Mestrado,Capitais,Presencial,Feminino,Parda,0.327721737393056
CAND_07949,9.0,38.0,Bacharelado,Capitais,Híbrido,Masculino,Preta,0.43841476976101623
CAND_07950,10.1,58.0,Bacharelado,Região Metropolitana,Híbrido,Masculino,Indígena,0.5573002115828245
CAND_07951,5.8,62.0,Bacharelado,Capitais,Híbrido,Masculino,Parda,0.4226828509838136
CAND_07952,5.8,40.0,Ensino Médio,Região Metropolitana,Híbrido,Feminino,Preta,0.396020266672205
CAND_07953,6.3,65.0,Bacharelado,Região Metropolitana,Híbrido,Masculino,Preta,0.514625507373468
CAND_07954,2.4,54.0,Mestrado,Capitais,Presencial,Não-binário,Amarela,0.5216559565606252
CAND_07955,2.9,43.0,Bacharelado,Região Metropolitana,Presencial,Masculino,Branca,0.3350930037359488
CAND_07956,4.2,52.0,Bacharelado,Capitais,Presencial,Feminino,Branca,0.30936737867240593
CAND_07957,0.0,38.0,Bacharelado,Capitais,Remoto,Feminino,Parda,0.29686834138874496
CAND_07958,0.0,38.0,Bacharelado,Capitais,Remoto,Feminino,Branca,0.375154407588496
CAND_07959,3.0,74.0,Bacharelado,Região Metropolitana,Remoto,Feminino,Parda,0.5912447994664174
CAND_07960,2.5,74.0,Bacharelado,Capitais,Remoto,Masculino,Preta,0.5590763837648912
CAND_07961,6.9,61.0,Mestrado,Região Metropolitana,Híbrido,Não-binário,Parda,0.4389303522015891
CAND_07962,0.0,51.0,Ensino Médio,Região Metropolitana,Remoto,Não-binário,Indígena,0.2682087272777844
CAND_07963,4.7,48.0,Mestrado,Capitais,Remoto,Não-binário,Indígena,0.4666444389830419
CAND_07964,5.9,57.0,Doutorado,Região Metropolitana,Remoto,Masculino,Indígena,0.7577338653633373
CAND_07965,6.4,48.0,Bacharelado,Região Metropolitana,Híbrido,Não-binário,Preta,0.5903190319118756
CAND_07966,7.6,45.0,Bacharelado,Capitais,Híbrido,Não-binário,Indígena,0.47571109497947384
CAND_07967,3.6,31.0,Bacharelado,Capitais,Híbrido,Feminino,Preta,0.3533046494529061
CAND_07968,5.5,53.0,Bacharelado,Região Metropolitana,Híbrido,Feminino,Amarela,0.5185027007120763
CAND_07969,4.3,57.0,Bacharelado,Interior,Híbrido,Masculino,Branca,0.2757029698959743
CAND_07970,2.3,36.0,Mestrado,Região Metropolitana,Híbrido,Masculino,Indígena,0.39570252618586893
CAND_07971,2.6,56.0,Bacharelado,Capitais,Híbrido,Feminino,Branca,0.5034220942474319
CAND_07972,0.4,81.0,Bacharelado,Capitais,Híbrido,Feminino,Amarela,0.543256327923678
CAND_07973,5.3,49.0,Bacharelado,Região Metropolitana,Híbrido,Feminino,Amarela,0.4741555947086909
CAND_07974,4.3,34.0,Bacharelado,Capitais,Híbrido,Feminino,Preta,0.5521181412912999
CAND_07975,2.7,53.0,Bacharelado,Capitais,Híbrido,Masculino,Indígena,0.35001200768969476
CAND_07976,7.4,54.0,Bacharelado,Interior,Híbrido,Feminino,Indígena,0.6349858762175281
CAND_07977,6.5,57.0,Bacharelado,Capitais,Híbrido,Feminino,Preta,0.4608979077386949
CAND_07978,7.6,46.0,Bacharelado,Capitais,Remoto,Não-binário,Preta,0.45411163824316364
CAND_07979,5.2,48.0,Ensino Médio,Região Metropolitana,Híbrido,Masculino,Preta,0.3097933597911967
CAND_07980,2.6,34.0,Bacharelado,Capitais,Híbrido,Feminino,Branca,0.2928706052461181
CAND_07981,2.8,56.0,Bacharelado,Região Metropolitana,Remoto,Masculino,Preta,0.39287895122390953
CAND_07982,6.8,34.0,Mestrado,Capitais,Presencial,Masculino,Amarela,0.475691601405804
CAND_07983,1.2,71.0,Mestrado,Região Metropolitana,Híbrido,Masculino,Amarela,0.43879838869758003
CAND_07984,3.7,50.0,Bacharelado,Capitais,Remoto,Não-binário,Indígena,0.37578378836712417
CAND_07985,5.9,70.0,Bacharelado,Interior,Remoto,Feminino,Parda,0.527277890817229
CAND_07986,2.5,56.0,Mestrado,Interior,Presencial,Não-binário,Branca,0.35189032641264073
CAND_07987,4.3,87.0,Bacharelado,Capitais,Híbrido,Masculino,Preta,0.6840194711150304
CAND_07988,1.8,12.0,Bacharelado,Capitais,Híbrido,Masculino,Branca,0.12801891688483663
CAND_07989,3.4,17.0,Bacharelado,Capitais,Presencial,Não-binário,Indígena,0.1961402834558823
CAND_07990,10.3,69.0,Ensino Médio,Região Metropolitana,Remoto,Não-binário,Parda,0.5973680722557747
CAND_07991,0.8,35.0,Mestrado,Capitais,Híbrido,Não-binário,Branca,0.33527212210859086
CAND_07992,7.4,58.0,Bacharelado,Capitais,Presencial,Feminino,Preta,0.5324319808155226
CAND_07993,5.3,55.0,Bacharelado,Capitais,Híbrido,Feminino,Preta,0.663933275762478
CAND_07994,0.0,62.0,Bacharelado,Capitais,Presencial,Não-binário,Amarela,0.12041873731110864
CAND_07995,0.9,43.0,Mestrado,Capitais,Remoto,Masculino,Parda,0.3369548013976595
CAND_07996,3.0,47.0,Mestrado,Capitais,Híbrido,Masculino,Amarela,0.45428355658242825
CAND_07997,2.4,53.0,Bacharelado,Capitais,Híbrido,Não-binário,Preta,0.3016674269193806
CAND_07998,4.0,57.0,Bacharelado,Capitais,Remoto,Não-binário,Indígena,0.3722554337486116
CAND_07999,4.9,50.0,Ensino Médio,Capitais,Híbrido,Masculino,Indígena,0.4029261843181744
CAND_08000,10.9,29.0,Mestrado,Região Metropolitana,Híbrido,Feminino,Amarela,0.6010104303447917
CAND_08001,3.2,49.0,Bacharelado,Região Metropolitana,Híbrido,Feminino,Indígena,0.2990858258613284
CAND_08002,1.6,52.0,Bacharelado,Região Metropolitana,Híbrido,Masculino,Branca,0.5249585178873281
CAND_08003,0.0,83.0,Bacharelado,Capitais,Remoto,Masculino,Preta,0.6703307617668308
CAND_08004,3.3,37.0,Bacharelado,Região Metropolitana,Remoto,Não-binário,Preta,0.48691097560116214
CAND_08005,0.0,77.0,Bacharelado,Interior,Híbrido,Masculino,Preta,0.47962524876027923
CAND_08006,2.9,65.0,Bacharelado,Região Metropolitana,Remoto,Não-binário,Indígena,0.42805999756984725
CAND_08007,0.2,52.0,Bacharelado,Capitais,Presencial,Feminino,Amarela,0.5293574019202443
CAND_08008,0.2,76.0,Bacharelado,Capitais,Híbrido,Não-binário,Parda,0.5299870310613698
CAND_08009,6.4,50.0,Bacharelado,Capitais,Remoto,Feminino,Preta,0.562189074666981
CAND_08010,5.2,4.0,Mestrado,Capitais,Remoto,Não-binário,Parda,0.3658206598654147
CAND_08011,3.6,48.0,Bacharelado,Capitais,Presencial,Masculino,Indígena,0.3562756923984674
CAND_08012,5.4,62.0,Mestrado,Região Metropolitana,Híbrido,Masculino,Preta,0.612466191343906
CAND_08013,3.4,56.0,Bacharelado,Interior,Híbrido,Não-binário,Branca,0.453536910481053
CAND_08014,6.2,41.0,Mestrado,Capitais,Híbrido,Masculino,Amarela,0.49257232903350584
CAND_08015,2.9,32.0,Mestrado,Região Metropolitana,Híbrido,Feminino,Indígena,0.2809390332357774
CAND_08016,7.4,70.0,Mestrado,Capitais,Híbrido,Não-binário,Branca,0.6950045757744338
CAND_08017,5.0,23.0,Bacharelado,Capitais,Presencial,Feminino,Indígena,0.4438631421640213
CAND_08018,7.5,49.0,Bacharelado,Capitais,Híbrido,Masculino,Indígena,0.4812504630660215
CAND_08019,2.3,56.0,Bacharelado,Região Metropolitana,Híbrido,Não-binário,Amarela,0.4839704579022217
CAND_08020,1.3,37.0,Mestrado,Capitais,Presencial,Feminino,Parda,0.44670340514512824
CAND_08021,1.6,59.0,Doutorado,Capitais,Presencial,Feminino,Branca,0.5462319015715505
CAND_08022,5.8,62.0,Bacharelado,Capitais,Híbrido,Feminino,Branca,0.288797760776465
CAND_08023,4.0,45.0,Bacharelado,Região Metropolitana,Híbrido,Masculino,Preta,0.5036053609887186
CAND_08024,5.0,66.0,Bacharelado,Capitais,Remoto,Não-binário,Indígena,0.6058697781131324
CAND_08025,9.8,61.0,Bacharelado,Capitais,Remoto,Feminino,Indígena,0.5541529186703269
CAND_08026,0.0,63.0,Bacharelado,Capitais,Presencial,Não-binário,Preta,0.43628948437202014
CAND_08027,8.0,75.0,Bacharelado,Capitais,Remoto,Masculino,Amarela,0.6470009306237624
CAND_08028,4.8,33.0,Bacharelado,Capitais,Presencial,Feminino,Branca,0.3629494730811704
CAND_08029,7.9,18.0,Mestrado,Capitais,Remoto,Masculino,Preta,0.3940434625990953
CAND_08030,0.0,72.0,Bacharelado,Região Metropolitana,Presencial,Não-binário,Branca,0.4068182078763395
CAND_08031,3.2,47.0,Bacharelado,Região Metropolitana,Híbrido,Feminino,Preta,0.6005478540437867
CAND_08032,6.4,47.0,Bacharelado,Capitais,Híbrido,Masculino,Indígena,0.5318995878642703
CAND_08033,3.1,51.0,Ensino Médio,Capitais,Híbrido,Masculino,Preta,0.4989645196636334
CAND_08034,6.2,26.0,Bacharelado,Capitais,Híbrido,Feminino,Branca,0.11706217593049262
CAND_08035,8.3,40.0,Bacharelado,Capitais,Híbrido,Feminino,Indígena,0.38587351022840755
CAND_08036,8.1,38.0,Bacharelado,Região Metropolitana,Presencial,Não-binário,Indígena,0.4886260398894157
CAND_08037,0.0,39.0,Ensino Médio,Capitais,Híbrido,Não-binário,Amarela,0.15857835163256034
CAND_08038,1.8,33.0,Bacharelado,Interior,Remoto,Feminino,Branca,0.12603886898853384
CAND_08039,1.7,50.0,Mestrado,Capitais,Presencial,Feminino,Indígena,0.225093136961562
CAND_08040,6.5,43.0,Bacharelado,Capitais,Híbrido,Não-binário,Branca,0.43529277858086757
CAND_08041,8.6,82.0,Bacharelado,Capitais,Presencial,Não-binário,Parda,0.6354852398415302
CAND_08042,1.9,52.0,Mestrado,Capitais,Presencial,Feminino,Branca,0.45480342758303677
CAND_08043,3.0,56.0,Bacharelado,Capitais,Presencial,Masculino,Indígena,0.22245443608941406
CAND_08044,8.7,45.0,Bacharelado,Capitais,Remoto,Feminino,Branca,0.6136175505554513
CAND_08045,7.4,54.0,Mestrado,Capitais,Presencial,Não-binário,Preta,0.7057682550568101
CAND_08046,5.3,69.0,Mestrado,Capitais,Remoto,Feminino,Parda,0.48140935110111926
CAND_08047,11.8,57.0,Mestrado,Capitais,Híbrido,Não-binário,Preta,0.5647722684605438
CAND_08048,5.5,48.0,Ensino Médio,Região Metropolitana,Remoto,Feminino,Parda,0.456789602545776
CAND_08049,3.8,30.0,Mestrado,Região Metropolitana,Presencial,Não-binário,Indígena,0.47565739524014056
CAND_08050,0.0,58.0,Mestrado,Região Metropolitana,Presencial,Feminino,Branca,0.5635414412374604
CAND_08051,0.0,34.0,Doutorado,Interior,Remoto,Masculino,Preta,0.4451817916892705
CAND_08052,9.7,34.0,Bacharelado,Região Metropolitana,Remoto,Feminino,Preta,0.3786488382050143
CAND_08053,0.0,25.0,Bacharelado,Capitais,Remoto,Masculino,Indígena,0.1976951827249212
CAND_08054,3.9,42.0,Bacharelado,Capitais,Híbrido,Feminino,Indígena,0.37386959073766246
CAND_08055,2.0,100.0,Ensino Médio,Região Metropolitana,Híbrido,Não-binário,Amarela,0.586493617717427
CAND_08056,0.0,60.0,Bacharelado,Região Metropolitana,Remoto,Não-binário,Indígena,0.32968172544464897
CAND_08057,8.2,32.0,Mestrado,Capitais,Remoto,Não-binário,Preta,0.4412417208238477
CAND_08058,5.4,65.0,Bacharelado,Capitais,Híbrido,Masculino,Preta,0.5464535852074565
CAND_08059,1.6,41.0,Bacharelado,Região Metropolitana,Híbrido,Masculino,Parda,0.25471251146239327
CAND_08060,3.5,34.0,Bacharelado,Capitais,Híbrido,Masculino,Preta,0.2717037168087128
CAND_08061,2.7,45.0,Bacharelado,Capitais,Híbrido,Não-binário,Preta,0.3756724723905271
CAND_08062,2.1,48.0,Ensino Médio,Capitais,Remoto,Não-binário,Branca,0.35955626189245143
CAND_08063,8.9,53.0,Bacharelado,Região Metropolitana,Presencial,Não-binário,Indígena,0.504925702642845
CAND_08064,3.9,60.0,Bacharelado,Região Metropolitana,Híbrido,Não-binário,Amarela,0.424891473290293
CAND_08065,0.2,37.0,Bacharelado,Capitais,Híbrido,Feminino,Branca,0.5132726923459633
CAND_08066,4.9,51.0,Mestrado,Região Metropolitana,Remoto,Não-binário,Preta,0.6166613828687141
CAND_08067,6.7,41.0,Bacharelado,Região Metropolitana,Remoto,Feminino,Amarela,0.5565958433712824
CAND_08068,1.9,28.0,Doutorado,Capitais,Remoto,Masculino,Preta,0.5186457915570285
CAND_08069,8.1,47.0,Bacharelado,Capitais,Híbrido,Não-binário,Indígena,0.6241978016293395
CAND_08070,7.4,28.0,Bacharelado,Região Metropolitana,Híbrido,Masculino,Indígena,0.496294704478712
CAND_08071,3.0,60.0,Bacharelado,Capitais,Remoto,Não-binário,Indígena,0.42897719805027157
CAND_08072,0.1,27.0,Ensino Médio,Capitais,Híbrido,Feminino,Preta,0.08067012866100484
CAND_08073,7.3,38.0,Bacharelado,Capitais,Remoto,Masculino,Parda,0.5254843834649009
CAND_08074,8.4,41.0,Ensino Médio,Capitais,Presencial,Não-binário,Parda,0.355211550165584
CAND_08075,2.1,56.0,Bacharelado,Capitais,Presencial,Feminino,Amarela,0.5472215663935882
CAND_08076,3.4,59.0,Bacharelado,Capitais,Presencial,Masculino,Parda,0.4854108215748884
CAND_08077,6.4,56.0,Mestrado,Capitais,Presencial,Masculino,Amarela,0.5534230126738018
CAND_08078,8.6,34.0,Ensino Médio,Capitais,Presencial,Feminino,Branca,0.3173288020726019
CAND_08079,10.1,41.0,Bacharelado,Capitais,Remoto,Não-binário,Parda,0.5624506710095942
CAND_08080,2.3,31.0,Bacharelado,Capitais,Híbrido,Feminino,Preta,0.26229978711614427
CAND_08081,7.0,49.0,Mestrado,Capitais,Híbrido,Masculino,Indígena,0.4088811741098553
CAND_08082,6.2,76.0,Bacharelado,Região Metropolitana,Presencial,Não-binário,Indígena,0.5571326700116991
CAND_08083,7.2,44.0,Bacharelado,Capitais,Presencial,Não-binário,Amarela,0.3282488690885482
CAND_08084,0.3,35.0,Mestrado,Capitais,Híbrido,Masculino,Indígena,0.42470426220571816
CAND_08085,5.9,53.0,Bacharelado,Interior,Presencial,Feminino,Parda,0.4725372913446171
CAND_08086,0.0,50.0,Bacharelado,Região Metropolitana,Híbrido,Não-binário,Branca,0.2524254339190862
CAND_08087,8.7,60.0,Bacharelado,Capitais,Híbrido,Não-binário,Indígena,0.6009088787109534
CAND_08088,5.7,48.0,Bacharelado,Capitais,Remoto,Masculino,Preta,0.36423902620645815
CAND_08089,5.0,52.0,Bacharelado,Capitais,Híbrido,Feminino,Branca,0.5515258383947897
CAND_08090,4.1,59.0,Bacharelado,Capitais,Remoto,Masculino,Preta,0.42374575640384354
CAND_08091,9.4,49.0,Bacharelado,Capitais,Remoto,Feminino,Amarela,0.6109343582658933
CAND_08092,1.1,69.0,Doutorado,Capitais,Híbrido,Feminino,Indígena,0.6140594148059981
CAND_08093,5.0,48.0,Ensino Médio,Capitais,Remoto,Não-binário,Amarela,0.4488832963041132
CAND_08094,9.3,59.0,Bacharelado,Capitais,Híbrido,Não-binário,Amarela,0.6937372094557223
CAND_08095,4.1,61.0,Doutorado,Capitais,Presencial,Masculino,Parda,0.3579003761717813
CAND_08096,11.2,38.0,Mestrado,Capitais,Remoto,Masculino,Branca,0.6808755065831211
CAND_08097,9.7,57.0,Bacharelado,Região Metropolitana,Presencial,Feminino,Parda,0.635827493571164
CAND_08098,8.4,36.0,Bacharelado,Capitais,Remoto,Masculino,Parda,0.39684982882466646
CAND_08099,5.2,35.0,Bacharelado,Capitais,Remoto,Não-binário,Parda,0.497869364452331
CAND_08100,10.4,76.0,Bacharelado,Capitais,Híbrido,Masculino,Parda,0.6898651515706357
CAND_08101,10.4,70.0,Mestrado,Capitais,Híbrido,Feminino,Parda,0.6021202440960284
CAND_08102,2.2,47.0,Ensino Médio,Região Metropolitana,Remoto,Não-binário,Indígena,0.12215698672060021
CAND_08103,7.7,69.0,Bacharelado,Região Metropolitana,Presencial,Masculino,Parda,0.7322074109794061
CAND_08104,5.0,71.0,Mestrado,Capitais,Remoto,Masculino,Indígena,0.5518987697873435
CAND_08105,5.8,14.0,Bacharelado,Capitais,Presencial,Não-binário,Indígena,0.19454646355182928
CAND_08106,3.3,64.0,Doutorado,Capitais,Híbrido,Masculino,Amarela,0.6375053523505094
CAND_08107,8.6,36.0,Bacharelado,Capitais,Híbrido,Não-binário,Indígena,0.2905872478293161
CAND_08108,10.8,63.0,Bacharelado,Capitais,Remoto,Não-binário,Preta,0.38665586202425706
CAND_08109,3.5,62.0,Mestrado,Capitais,Remoto,Feminino,Amarela,0.6374606346674421
CAND_08110,3.0,44.0,Bacharelado,Região Metropolitana,Presencial,Masculino,Preta,0.3891031099973041
CAND_08111,6.2,70.0,Mestrado,Capitais,Remoto,Feminino,Parda,0.6028646651504693
CAND_08112,6.0,76.0,Bacharelado,Capitais,Híbrido,Não-binário,Amarela,0.568502979157213
CAND_08113,3.1,60.0,Bacharelado,Região Metropolitana,Híbrido,Não-binário,Parda,0.3949324373934954
CAND_08114,7.5,52.0,Bacharelado,Interior,Híbrido,Masculino,Amarela,0.4553079940371273
CAND_08115,6.9,56.0,Bacharelado,Interior,Híbrido,Feminino,Parda,0.6632306486967373
CAND_08116,6.8,33.0,Bacharelado,Região Metropolitana,Remoto,Masculino,Branca,0.24013637462553705
CAND_08117,9.6,53.0,Bacharelado,Região Metropolitana,Híbrido,Masculino,Amarela,0.5099147893909568
CAND_08118,6.8,55.0,Bacharelado,Capitais,Híbrido,Não-binário,Branca,0.4107794019185881
CAND_08119,4.6,56.0,Bacharelado,Capitais,Presencial,Não-binário,Indígena,0.36970520821633973
CAND_08120,4.7,53.0,Bacharelado,Capitais,Híbrido,Não-binário,Preta,0.5268093714264038
CAND_08121,0.0,42.0,Mestrado,Interior,Híbrido,Feminino,Indígena,0.4354575140332107
CAND_08122,2.7,43.0,Mestrado,Região Metropolitana,Híbrido,Masculino,Parda,0.6463384135510949
CAND_08123,8.9,38.0,Mestrado,Capitais,Híbrido,Feminino,Parda,0.6373536355547078
CAND_08124,8.6,26.0,Bacharelado,Capitais,Híbrido,Masculino,Parda,0.47205665947129527
CAND_08125,6.4,36.0,Ensino Médio,Capitais,Remoto,Não-binário,Indígena,0.20291543786400046
CAND_08126,5.4,22.0,Bacharelado,Região Metropolitana,Presencial,Masculino,Parda,0.3426203367865704
CAND_08127,1.7,52.0,Bacharelado,Capitais,Remoto,Masculino,Indígena,0.3112156389232259
CAND_08128,0.6,38.0,Mestrado,Região Metropolitana,Híbrido,Não-binário,Parda,0.32653459346753694
CAND_08129,5.4,27.0,Bacharelado,Capitais,Presencial,Não-binário,Branca,0.5642154043976101
CAND_08130,6.1,45.0,Bacharelado,Região Metropolitana,Remoto,Masculino,Amarela,0.37858618364315466
CAND_08131,1.9,74.0,Mestrado,Capitais,Remoto,Masculino,Amarela,0.6280702735324077
CAND_08132,4.7,40.0,Mestrado,Capitais,Híbrido,Masculino,Branca,0.5603506094530247
CAND_08133,8.8,43.0,Bacharelado,Capitais,Presencial,Feminino,Parda,0.6156882041373605
CAND_08134,6.2,72.0,Bacharelado,Região Metropolitana,Remoto,Masculino,Amarela,0.7061964977937778
CAND_08135,5.3,62.0,Bacharelado,Região Metropolitana,Presencial,Masculino,Preta,0.526849617467505
CAND_08136,2.8,64.0,Bacharelado,Região Metropolitana,Remoto,Masculino,Preta,0.38637194546070885
CAND_08137,10.6,49.0,Doutorado,Capitais,Híbrido,Não-binário,Branca,0.5731517355102786
CAND_08138,9.9,44.0,Bacharelado,Capitais,Híbrido,Masculino,Parda,0.43315813743898
CAND_08139,5.1,47.0,Bacharelado,Capitais,Híbrido,Feminino,Branca,0.4220514626895877
CAND_08140,0.1,52.0,Mestrado,Região Metropolitana,Híbrido,Feminino,Preta,0.337907806071713
CAND_08141,7.8,53.0,Mestrado,Capitais,Híbrido,Não-binário,Preta,0.5478306201650619
CAND_08142,7.5,30.0,Bacharelado,Região Metropolitana,Remoto,Não-binário,Preta,0.39818173241477967
CAND_08143,2.1,42.0,Bacharelado,Região Metropolitana,Híbrido,Feminino,Indígena,0.4052552524045044
CAND_08144,0.0,50.0,Bacharelado,Região Metropolitana,Remoto,Masculino,Parda,0.34163824930888353
CAND_08145,3.4,43.0,Bacharelado,Capitais,Remoto,Feminino,Preta,0.28374120880484
CAND_08146,3.4,41.0,Mestrado,Capitais,Híbrido,Feminino,Branca,0.49390685611931123
CAND_08147,7.8,76.0,Mestrado,Capitais,Remoto,Masculino,Branca,0.7564511850477007
CAND_08148,6.8,82.0,Bacharelado,Capitais,Híbrido,Não-binário,Branca,0.6035426121533246
CAND_08149,8.3,80.0,Mestrado,Interior,Híbrido,Masculino,Indígena,0.6580259129345961
CAND_08150,4.4,46.0,Bacharelado,Capitais,Híbrido,Não-binário,Preta,0.1365103580867728
CAND_08151,5.1,44.0,Mestrado,Capitais,Híbrido,Não-binário,Branca,0.3123102821053414
CAND_08152,4.6,37.0,Bacharelado,Região Metropolitana,Híbrido,Masculino,Parda,0.7356908131440266
CAND_08153,6.6,55.0,Bacharelado,Região Metropolitana,Presencial,Masculino,Branca,0.5655370471143019
CAND_08154,4.9,45.0,Bacharelado,Região Metropolitana,Remoto,Masculino,Indígena,0.41734437474928304
CAND_08155,8.8,64.0,Mestrado,Capitais,Híbrido,Masculino,Branca,0.5758069422096328
CAND_08156,8.7,40.0,Mestrado,Capitais,Remoto,Masculino,Indígena,0.5460701903704738
CAND_08157,2.0,49.0,Bacharelado,Região Metropolitana,Remoto,Não-binário,Preta,0.3785297173604399
CAND_08158,6.6,69.0,Ensino Médio,Capitais,Híbrido,Feminino,Branca,0.41620137941191426
CAND_08159,4.7,37.0,Ensino Médio,Interior,Presencial,Masculino,Amarela,0.48959589955278016
CAND_08160,2.6,42.0,Bacharelado,Capitais,Presencial,Feminino,Branca,0.4026218894729179
CAND_08161,2.5,31.0,Mestrado,Capitais,Remoto,Não-binário,Indígena,0.4161704014160936
CAND_08162,3.8,38.0,Ensino Médio,Capitais,Híbrido,Feminino,Amarela,0.2963591563209398
CAND_08163,8.9,62.0,Ensino Médio,Região Metropolitana,Remoto,Masculino,Indígena,0.4466228090689648
CAND_08164,4.3,44.0,Mestrado,Região Metropolitana,Remoto,Não-binário,Parda,0.4960901083460769
CAND_08165,10.8,63.0,Mestrado,Região Metropolitana,Remoto,Masculino,Indígena,0.5815994143460373
CAND_08166,7.6,42.0,Mestrado,Capitais,Remoto,Feminino,Parda,0.5648713217145126
CAND_08167,6.0,69.0,Bacharelado,Interior,Presencial,Não-binário,Indígena,0.6434693441884245
CAND_08168,3.9,25.0,Ensino Médio,Região Metropolitana,Remoto,Não-binário,Indígena,0.33020396573717026
CAND_08169,1.9,59.0,Bacharelado,Região Metropolitana,Presencial,Não-binário,Amarela,0.3468631612308682
CAND_08170,8.7,53.0,Mestrado,Capitais,Presencial,Feminino,Indígena,0.5792769546102138
CAND_08171,4.2,46.0,Bacharelado,Região Metropolitana,Presencial,Feminino,Preta,0.49148956940112354
CAND_08172,2.3,26.0,Mestrado,Região Metropolitana,Remoto,Não-binário,Amarela,0.5080953456900745
CAND_08173,2.4,43.0,Bacharelado,Região Metropolitana,Híbrido,Não-binário,Branca,0.5302774302685365
CAND_08174,4.5,48.0,Mestrado,Capitais,Remoto,Masculino,Preta,0.5029294852997966
CAND_08175,3.2,58.0,Bacharelado,Região Metropolitana,Remoto,Não-binário,Preta,0.36315756898991186
CAND_08176,1.7,57.0,Bacharelado,Capitais,Presencial,Masculino,Amarela,0.34781619966733707
CAND_08177,2.7,38.0,Mestrado,Capitais,Presencial,Não-binário,Indígena,0.41743802837206345
CAND_08178,5.1,51.0,Doutorado,Capitais,Remoto,Não-binário,Parda,0.6851638677054207
CAND_08179,1.4,42.0,Mestrado,Região Metropolitana,Presencial,Masculino,Parda,0.45750444803801005
CAND_08180,3.9,43.0,Mestrado,Capitais,Remoto,Não-binário,Amarela,0.43861251184360933
CAND_08181,2.4,40.0,Bacharelado,Região Metropolitana,Presencial,Não-binário,Indígena,0.3652946994476271
CAND_08182,4.6,59.0,Ensino Médio,Capitais,Remoto,Feminino,Branca,0.5053298947843493
CAND_08183,4.4,57.0,Bacharelado,Capitais,Presencial,Masculino,Indígena,0.5369633741411027
CAND_08184,2.5,46.0,Bacharelado,Região Metropolitana,Presencial,Não-binário,Parda,0.2712190014032975
CAND_08185,7.4,26.0,Bacharelado,Interior,Remoto,Não-binário,Amarela,0.48880025434180985
CAND_08186,1.7,72.0,Bacharelado,Capitais,Remoto,Masculino,Branca,0.6411496564711432
CAND_08187,4.9,62.0,Mestrado,Capitais,Remoto,Feminino,Preta,0.4839144046807605
CAND_08188,8.9,53.0,Bacharelado,Região Metropolitana,Presencial,Masculino,Indígena,0.4815707751126015
CAND_08189,7.9,67.0,Mestrado,Interior,Híbrido,Feminino,Branca,0.6305852153551684
CAND_08190,0.0,43.0,Bacharelado,Região Metropolitana,Híbrido,Não-binário,Parda,0.44656048913744373
CAND_08191,2.5,31.0,Bacharelado,Capitais,Híbrido,Não-binário,Parda,0.42927930569208517
CAND_08192,4.2,69.0,Bacharelado,Capitais,Remoto,Não-binário,Indígena,0.5221323804359143
CAND_08193,5.8,52.0,Mestrado,Capitais,Presencial,Não-binário,Preta,0.49335919491465724
CAND_08194,0.0,58.0,Mestrado,Interior,Remoto,Não-binário,Amarela,0.39258658552195264
CAND_08195,11.0,67.0,Bacharelado,Capitais,Presencial,Feminino,Amarela,0.4355678467347971
CAND_08196,3.6,63.0,Ensino Médio,Interior,Presencial,Masculino,Amarela,0.5055491135955605
CAND_08197,8.0,23.0,Bacharelado,Região Metropolitana,Híbrido,Masculino,Preta,0.4934650703766607
CAND_08198,6.0,17.0,Mestrado,Região Metropolitana,Remoto,Não-binário,Preta,0.5182064874512538
CAND_08199,1.9,30.0,Bacharelado,Capitais,Híbrido,Feminino,Branca,0.01795254617477754
CAND_08200,0.5,72.0,Mestrado,Capitais,Híbrido,Masculino,Parda,0.604993995810181
CAND_08201,3.2,20.0,Bacharelado,Capitais,Presencial,Feminino,Branca,0.2835248219890861
CAND_08202,11.7,52.0,Mestrado,Capitais,Remoto,Feminino,Indígena,0.6395098929636982
CAND_08203,0.2,52.0,Ensino Médio,Região Metropolitana,Híbrido,Feminino,Preta,0.19233630442273214
CAND_08204,2.9,54.0,Bacharelado,Região Metropolitana,Híbrido,Masculino,Preta,0.3057472881154376
CAND_08205,2.3,91.0,Bacharelado,Capitais,Híbrido,Feminino,Indígena,0.6659746236154394
CAND_08206,8.3,37.0,Bacharelado,Capitais,Híbrido,Não-binário,Branca,0.6800784343665862
CAND_08207,5.1,59.0,Bacharelado,Capitais,Presencial,Feminino,Preta,0.5719825293692561
CAND_08208,9.9,20.0,Bacharelado,Interior,Remoto,Masculino,Preta,0.5621214750024366
CAND_08209,9.2,67.0,Bacharelado,Capitais,Presencial,Masculino,Indígena,0.6290577076891543
CAND_08210,12.2,72.0,Mestrado,Capitais,Remoto,Feminino,Indígena,0.8923870891493132
CAND_08211,9.9,52.0,Ensino Médio,Região Metropolitana,Híbrido,Feminino,Amarela,0.4953105135830628
CAND_08212,1.6,63.0,Mestrado,Capitais,Presencial,Feminino,Amarela,0.5447167151057544
CAND_08213,10.0,52.0,Bacharelado,Capitais,Presencial,Feminino,Amarela,0.5161369628019868
CAND_08214,3.2,57.0,Ensino Médio,Capitais,Híbrido,Não-binário,Preta,0.3909762207817949
CAND_08215,5.3,49.0,Ensino Médio,Região Metropolitana,Presencial,Não-binário,Parda,0.42890938848770727
CAND_08216,7.1,47.0,Bacharelado,Capitais,Presencial,Feminino,Parda,0.32814446669177627
CAND_08217,8.1,72.0,Bacharelado,Região Metropolitana,Presencial,Masculino,Preta,0.7428938363776763
CAND_08218,5.8,35.0,Bacharelado,Interior,Remoto,Feminino,Branca,0.4860386127058335
CAND_08219,9.9,30.0,Mestrado,Capitais,Remoto,Masculino,Preta,0.6246920521700312
CAND_08220,2.0,27.0,Bacharelado,Capitais,Remoto,Masculino,Branca,0.2994385893790878
CAND_08221,5.2,49.0,Bacharelado,Interior,Híbrido,Feminino,Branca,0.6176046106961837
CAND_08222,2.3,31.0,Doutorado,Região Metropolitana,Híbrido,Masculino,Amarela,0.4638908076239658
CAND_08223,4.1,71.0,Bacharelado,Capitais,Remoto,Feminino,Parda,0.580860035829732
CAND_08224,1.8,43.0,Ensino Médio,Capitais,Híbrido,Feminino,Amarela,0.3428510047789909
CAND_08225,4.5,51.0,Mestrado,Região Metropolitana,Híbrido,Não-binário,Parda,0.5481790170962773
CAND_08226,0.0,51.0,Bacharelado,Capitais,Remoto,Masculino,Amarela,0.3116467095367767
CAND_08227,7.5,32.0,Doutorado,Região Metropolitana,Presencial,Feminino,Preta,0.7984469391079523
CAND_08228,6.4,53.0,Mestrado,Capitais,Híbrido,Feminino,Parda,0.524569570433369
CAND_08229,3.4,81.0,Bacharelado,Capitais,Híbrido,Não-binário,Parda,0.5930970069687169
CAND_08230,4.9,38.0,Bacharelado,Capitais,Remoto,Não-binário,Indígena,0.37932613504541735
CAND_08231,6.5,69.0,Bacharelado,Capitais,Híbrido,Masculino,Branca,0.4349021497271317
CAND_08232,5.3,28.0,Ensino Médio,Capitais,Híbrido,Não-binário,Parda,0.4609682234888265
CAND_08233,2.2,64.0,Bacharelado,Capitais,Híbrido,Masculino,Branca,0.45548231099222125
CAND_08234,4.9,70.0,Bacharelado,Capitais,Híbrido,Não-binário,Amarela,0.3890877115484215
CAND_08235,5.2,31.0,Bacharelado,Capitais,Híbrido,Feminino,Amarela,0.3016746006070979
CAND_08236,5.0,56.0,Bacharelado,Capitais,Híbrido,Masculino,Indígena,0.6333210813909806
CAND_08237,1.7,26.0,Bacharelado,Região Metropolitana,Híbrido,Feminino,Branca,0.28326986451464214
CAND_08238,6.3,47.0,Mestrado,Região Metropolitana,Presencial,Masculino,Preta,0.4584026948859323
CAND_08239,3.1,32.0,Bacharelado,Região Metropolitana,Remoto,Masculino,Indígena,0.33578563254213234
CAND_08240,4.9,60.0,Bacharelado,Capitais,Presencial,Feminino,Preta,0.5422710502432767
CAND_08241,0.1,54.0,Bacharelado,Região Metropolitana,Híbrido,Não-binário,Amarela,0.6825800754711042
CAND_08242,6.4,49.0,Bacharelado,Região Metropolitana,Remoto,Não-binário,Parda,0.28745452526440896
CAND_08243,2.9,38.0,Bacharelado,Interior,Híbrido,Masculino,Indígena,0.27095445411216457
CAND_08244,6.7,34.0,Mestrado,Região Metropolitana,Híbrido,Feminino,Indígena,0.5627483050238551
CAND_08245,9.4,28.0,Mestrado,Capitais,Presencial,Masculino,Amarela,0.3614594828700721
CAND_08246,6.9,53.0,Bacharelado,Capitais,Remoto,Não-binário,Indígena,0.6061988721071807
CAND_08247,0.0,53.0,Bacharelado,Capitais,Remoto,Masculino,Amarela,0.583168565498886
CAND_08248,3.8,50.0,Bacharelado,Região Metropolitana,Presencial,Masculino,Amarela,0.4276796088251803
CAND_08249,6.4,57.0,Bacharelado,Região Metropolitana,Híbrido,Feminino,Parda,0.713239911538225
CAND_08250,1.1,65.0,Ensino Médio,Região Metropolitana,Remoto,Feminino,Indígena,0.37078925767307974
CAND_08251,7.2,34.0,Ensino Médio,Capitais,Presencial,Masculino,Preta,0.4777411374190954
CAND_08252,3.6,56.0,Mestrado,Região Metropolitana,Híbrido,Não-binário,Parda,0.501823955645464
CAND_08253,3.2,65.0,Mestrado,Capitais,Presencial,Feminino,Parda,0.5875465263853756
CAND_08254,1.5,66.0,Bacharelado,Capitais,Presencial,Masculino,Indígena,0.593811446305841
CAND_08255,5.4,25.0,Bacharelado,Região Metropolitana,Presencial,Feminino,Amarela,0.2855505305446925
CAND_08256,5.8,62.0,Bacharelado,Capitais,Presencial,Masculino,Parda,0.4675095207966335
CAND_08257,4.4,62.0,Mestrado,Capitais,Remoto,Feminino,Parda,0.8074814948811833
CAND_08258,9.5,52.0,Doutorado,Capitais,Presencial,Feminino,Preta,0.7515611054873053
CAND_08259,3.6,43.0,Ensino Médio,Capitais,Híbrido,Não-binário,Indígena,0.22146278754160262
CAND_08260,9.7,35.0,Bacharelado,Capitais,Presencial,Feminino,Branca,0.45288995700441814
CAND_08261,9.1,48.0,Bacharelado,Capitais,Remoto,Feminino,Indígena,0.2939372025910555
CAND_08262,2.7,68.0,Bacharelado,Capitais,Presencial,Não-binário,Parda,0.30954452870187177
CAND_08263,2.1,67.0,Bacharelado,Capitais,Remoto,Feminino,Branca,0.5216112431781055
CAND_08264,10.4,59.0,Bacharelado,Capitais,Remoto,Masculino,Indígena,0.46718215873253277
CAND_08265,4.7,57.0,Ensino Médio,Capitais,Remoto,Feminino,Amarela,0.37593810393554467
CAND_08266,7.1,58.0,Mestrado,Região Metropolitana,Remoto,Não-binário,Indígena,0.5184114540009472
CAND_08267,3.7,24.0,Doutorado,Capitais,Híbrido,Masculino,Branca,0.5180347931604101
CAND_08268,5.0,36.0,Bacharelado,Região Metropolitana,Remoto,Não-binário,Indígena,0.5608383490546212
CAND_08269,6.1,58.0,Ensino Médio,Capitais,Híbrido,Não-binário,Preta,0.4095298942326325
CAND_08270,6.4,54.0,Bacharelado,Região Metropolitana,Híbrido,Masculino,Parda,0.6935978851409913
CAND_08271,5.4,57.0,Bacharelado,Capitais,Remoto,Masculino,Amarela,0.29479160993717457
CAND_08272,9.0,40.0,Bacharelado,Região Metropolitana,Remoto,Masculino,Branca,0.5001903078368554
CAND_08273,8.8,41.0,Bacharelado,Capitais,Híbrido,Masculino,Branca,0.3547341986586573
CAND_08274,5.2,54.0,Bacharelado,Região Metropolitana,Remoto,Não-binário,Parda,0.3314653995259603
CAND_08275,4.6,49.0,Mestrado,Capitais,Remoto,Não-binário,Branca,0.5180094172299163
CAND_08276,11.4,48.0,Bacharelado,Capitais,Presencial,Não-binário,Parda,0.636140910669201
CAND_08277,4.6,44.0,Mestrado,Capitais,Presencial,Não-binário,Branca,0.3889750287470562
CAND_08278,5.6,53.0,Bacharelado,Capitais,Híbrido,Feminino,Amarela,0.5178925299312288
CAND_08279,9.5,53.0,Ensino Médio,Capitais,Presencial,Feminino,Amarela,0.3454869994825579
CAND_08280,6.8,78.0,Mestrado,Capitais,Híbrido,Masculino,Parda,0.723187601375828
CAND_08281,3.7,69.0,Bacharelado,Capitais,Presencial,Masculino,Preta,0.48050597658083943
CAND_08282,4.2,59.0,Bacharelado,Região Metropolitana,Presencial,Não-binário,Indígena,0.4502629870388806
CAND_08283,5.7,56.0,Bacharelado,Região Metropolitana,Remoto,Não-binário,Parda,0.4588789346271132
CAND_08284,7.7,32.0,Bacharelado,Capitais,Híbrido,Masculino,Indígena,0.4953638724896002
CAND_08285,4.0,27.0,Bacharelado,Capitais,Remoto,Masculino,Preta,0.1336527057324391
CAND_08286,5.5,40.0,Mestrado,Capitais,Híbrido,Feminino,Amarela,0.427922139701305
CAND_08287,5.4,64.0,Bacharelado,Interior,Remoto,Feminino,Parda,0.4636434002174957
CAND_08288,5.7,64.0,Bacharelado,Capitais,Remoto,Feminino,Indígena,0.5735795417300975
CAND_08289,1.0,64.0,Bacharelado,Capitais,Híbrido,Não-binário,Branca,0.5303812835228264
CAND_08290,0.6,53.0,Bacharelado,Capitais,Remoto,Masculino,Amarela,0.337451111172091
CAND_08291,4.6,57.0,Bacharelado,Capitais,Híbrido,Feminino,Amarela,0.4193881164269121
CAND_08292,0.0,44.0,Bacharelado,Capitais,Híbrido,Não-binário,Indígena,0.17576968671717713
CAND_08293,5.0,49.0,Bacharelado,Região Metropolitana,Remoto,Masculino,Amarela,0.6634830225395829
CAND_08294,6.7,29.0,Bacharelado,Capitais,Remoto,Masculino,Branca,0.42166748487815964
CAND_08295,7.6,54.0,Bacharelado,Capitais,Remoto,Feminino,Indígena,0.85137650061222
CAND_08296,1.5,49.0,Doutorado,Capitais,Presencial,Masculino,Preta,0.590284829305697
CAND_08297,5.7,47.0,Mestrado,Capitais,Remoto,Feminino,Indígena,0.3615594742298722
CAND_08298,4.9,39.0,Mestrado,Região Metropolitana,Híbrido,Masculino,Parda,0.5689546512905268
CAND_08299,5.9,72.0,Bacharelado,Região Metropolitana,Presencial,Feminino,Branca,0.5010281132481175
CAND_08300,4.1,45.0,Bacharelado,Capitais,Híbrido,Feminino,Preta,0.4282038700194512
CAND_08301,3.1,36.0,Bacharelado,Capitais,Remoto,Feminino,Indígena,0.3778624104343352
CAND_08302,7.0,41.0,Bacharelado,Capitais,Híbrido,Não-binário,Amarela,0.3547810390778746
CAND_08303,2.1,46.0,Mestrado,Região Metropolitana,Presencial,Masculino,Amarela,0.37305541986161705
CAND_08304,7.7,35.0,Ensino Médio,Capitais,Híbrido,Não-binário,Indígena,0.4882862701168845
CAND_08305,8.4,69.0,Bacharelado,Capitais,Híbrido,Feminino,Parda,0.5497163925523584
CAND_08306,0.5,33.0,Mestrado,Capitais,Híbrido,Masculino,Branca,0.5479761879871032
CAND_08307,5.0,36.0,Bacharelado,Região Metropolitana,Remoto,Masculino,Amarela,0.36425357786235774
CAND_08308,2.6,57.0,Bacharelado,Capitais,Remoto,Não-binário,Parda,0.3567802677728671
CAND_08309,2.8,37.0,Doutorado,Região Metropolitana,Híbrido,Não-binário,Indígena,0.389757810165801
CAND_08310,7.1,60.0,Bacharelado,Capitais,Presencial,Não-binário,Branca,0.5024072080495456
CAND_08311,6.7,31.0,Bacharelado,Capitais,Presencial,Feminino,Indígena,0.40899584861807853
CAND_08312,8.9,61.0,Bacharelado,Interior,Presencial,Não-binário,Amarela,0.5969603730433514
CAND_08313,4.1,73.0,Bacharelado,Região Metropolitana,Híbrido,Não-binário,Indígena,0.6479726578520173
CAND_08314,2.6,55.0,Bacharelado,Região Metropolitana,Presencial,Feminino,Indígena,0.348341590006838
CAND_08315,6.3,44.0,Bacharelado,Interior,Híbrido,Feminino,Indígena,0.3880905037993983
CAND_08316,7.0,44.0,Bacharelado,Região Metropolitana,Híbrido,Masculino,Branca,0.509711357879848
CAND_08317,4.0,70.0,Bacharelado,Região Metropolitana,Presencial,Feminino,Amarela,0.701581121261456
CAND_08318,2.7,64.0,Bacharelado,Interior,Presencial,Feminino,Amarela,0.4720598018126176
CAND_08319,4.6,53.0,Bacharelado,Capitais,Remoto,Feminino,Branca,0.468652978848409
CAND_08320,6.2,23.0,Bacharelado,Interior,Híbrido,Masculino,Amarela,0.36856302626916865
CAND_08321,2.6,17.0,Bacharelado,Capitais,Remoto,Masculino,Parda,0.2854168301008637
CAND_08322,4.0,80.0,Ensino Médio,Capitais,Remoto,Feminino,Branca,0.5155254046029691
CAND_08323,5.3,51.0,Bacharelado,Capitais,Híbrido,Feminino,Branca,0.43495688231169194
CAND_08324,0.9,39.0,Bacharelado,Capitais,Híbrido,Não-binário,Indígena,0.15504821952784467
CAND_08325,3.2,41.0,Mestrado,Interior,Híbrido,Masculino,Amarela,0.41752493506307187
CAND_08326,4.2,60.0,Bacharelado,Capitais,Híbrido,Não-binário,Parda,0.4410388352163091
CAND_08327,9.1,40.0,Bacharelado,Capitais,Remoto,Masculino,Parda,0.687772783584039
CAND_08328,3.5,77.0,Mestrado,Capitais,Presencial,Masculino,Parda,0.6478654716479125
CAND_08329,0.0,55.0,Bacharelado,Capitais,Híbrido,Feminino,Branca,0.46546051701022495
CAND_08330,3.4,62.0,Bacharelado,Capitais,Remoto,Não-binário,Branca,0.505410078944909
CAND_08331,8.3,36.0,Mestrado,Capitais,Híbrido,Não-binário,Parda,0.43982635896165306
CAND_08332,2.2,53.0,Doutorado,Região Metropolitana,Remoto,Não-binário,Parda,0.4011094529489577
CAND_08333,5.9,31.0,Bacharelado,Capitais,Presencial,Feminino,Indígena,0.3760474052508714
CAND_08334,11.1,55.0,Bacharelado,Capitais,Remoto,Não-binário,Preta,0.4645356131443862
CAND_08335,7.6,41.0,Bacharelado,Capitais,Presencial,Não-binário,Preta,0.6776743440995256
CAND_08336,3.6,66.0,Ensino Médio,Capitais,Presencial,Não-binário,Amarela,0.3206793174781468
CAND_08337,0.6,42.0,Mestrado,Capitais,Híbrido,Não-binário,Branca,0.5365721487782591
CAND_08338,0.0,40.0,Bacharelado,Região Metropolitana,Presencial,Não-binário,Indígena,0.2902233197748842
CAND_08339,8.0,44.0,Mestrado,Capitais,Remoto,Masculino,Preta,0.46763940520366437
CAND_08340,3.9,19.0,Bacharelado,Região Metropolitana,Híbrido,Feminino,Indígena,0.39651340238680904
CAND_08341,4.7,75.0,Bacharelado,Capitais,Híbrido,Não-binário,Indígena,0.5724415482993916
CAND_08342,4.8,39.0,Bacharelado,Capitais,Presencial,Não-binário,Preta,0.30539032933414295
CAND_08343,0.0,44.0,Doutorado,Região Metropolitana,Híbrido,Masculino,Amarela,0.40262809758490903
CAND_08344,11.4,52.0,Ensino Médio,Região Metropolitana,Remoto,Feminino,Branca,0.5456865004806714
CAND_08345,0.0,77.0,Mestrado,Região Metropolitana,Remoto,Não-binário,Indígena,0.4877655634640738
CAND_08346,0.0,30.0,Mestrado,Região Metropolitana,Remoto,Feminino,Preta,0.31331762096312643
CAND_08347,6.6,66.0,Ensino Médio,Capitais,Presencial,Masculino,Amarela,0.41348786180751307
CAND_08348,5.5,46.0,Bacharelado,Capitais,Remoto,Feminino,Amarela,0.5253725416044696
CAND_08349,2.5,80.0,Bacharelado,Capitais,Híbrido,Feminino,Parda,0.28270894209801534
CAND_08350,4.6,68.0,Mestrado,Região Metropolitana,Remoto,Não-binário,Indígena,0.6317478960265409
CAND_08351,5.2,57.0,Bacharelado,Capitais,Presencial,Masculino,Branca,0.5149192228863393
CAND_08352,5.3,34.0,Bacharelado,Capitais,Híbrido,Não-binário,Branca,0.38630488132818347
CAND_08353,10.8,54.0,Bacharelado,Capitais,Remoto,Masculino,Preta,0.5610770652794962
CAND_08354,5.0,34.0,Bacharelado,Interior,Remoto,Não-binário,Branca,0.47603836844687153
CAND_08355,3.3,62.0,Bacharelado,Região Metropolitana,Remoto,Masculino,Branca,0.5752370224582939
CAND_08356,6.5,46.0,Mestrado,Capitais,Presencial,Não-binário,Branca,0.5512276438032142
CAND_08357,5.5,71.0,Bacharelado,Capitais,Presencial,Masculino,Preta,0.4364817956801407
CAND_08358,8.6,41.0,Ensino Médio,Região Metropolitana,Híbrido,Feminino,Amarela,0.4781193907166844
CAND_08359,10.3,58.0,Bacharelado,Capitais,Remoto,Não-binário,Branca,0.5505437001754896
CAND_08360,2.1,54.0,Mestrado,Capitais,Remoto,Não-binário,Amarela,0.5680495191832821
CAND_08361,6.6,67.0,Bacharelado,Capitais,Híbrido,Masculino,Parda,0.5596128408710057
CAND_08362,4.3,69.0,Mestrado,Capitais,Presencial,Não-binário,Indígena,0.6893727614421788
CAND_08363,8.7,81.0,Bacharelado,Capitais,Híbrido,Não-binário,Amarela,0.6606445437677421
CAND_08364,6.3,61.0,Bacharelado,Capitais,Remoto,Não-binário,Amarela,0.6674215474157846
CAND_08365,3.9,41.0,Bacharelado,Região Metropolitana,Híbrido,Não-binário,Amarela,0.3481601624307247
CAND_08366,6.3,35.0,Bacharelado,Região Metropolitana,Presencial,Feminino,Branca,0.3399540701953305
CAND_08367,0.9,54.0,Mestrado,Capitais,Remoto,Masculino,Parda,0.46473476823834436
CAND_08368,11.1,53.0,Ensino Médio,Capitais,Híbrido,Não-binário,Branca,0.5395911568249917
CAND_08369,3.5,57.0,Mestrado,Capitais,Remoto,Masculino,Preta,0.4763992256261267
CAND_08370,1.2,70.0,Mestrado,Capitais,Remoto,Feminino,Amarela,0.6421366105689639
CAND_08371,1.6,45.0,Mestrado,Interior,Remoto,Não-binário,Parda,0.3697900083789444
CAND_08372,5.8,28.0,Bacharelado,Capitais,Híbrido,Feminino,Branca,0.29090114227270936
CAND_08373,5.2,21.0,Mestrado,Capitais,Remoto,Feminino,Preta,0.40257324604340033
CAND_08374,4.0,44.0,Bacharelado,Região Metropolitana,Híbrido,Feminino,Parda,0.30988996943353797
CAND_08375,5.2,39.0,Mestrado,Capitais,Remoto,Não-binário,Indígena,0.4283751344081941
CAND_08376,8.3,53.0,Bacharelado,Capitais,Híbrido,Não-binário,Preta,0.5426045317698466
CAND_08377,7.9,68.0,Mestrado,Interior,Remoto,Masculino,Preta,0.7982669596457829
CAND_08378,7.0,33.0,Ensino Médio,Região Metropolitana,Presencial,Feminino,Branca,0.24376999863882706
CAND_08379,2.0,58.0,Bacharelado,Capitais,Presencial,Feminino,Preta,0.4669738737694605
CAND_08380,0.0,41.0,Bacharelado,Capitais,Híbrido,Masculino,Indígena,0.35823666671050036
CAND_08381,5.8,73.0,Bacharelado,Capitais,Presencial,Não-binário,Parda,0.5012302932297295
CAND_08382,5.5,38.0,Bacharelado,Região Metropolitana,Remoto,Não-binário,Amarela,0.5439393326127646
CAND_08383,6.9,40.0,Mestrado,Capitais,Híbrido,Feminino,Indígena,0.5871887274608629
CAND_08384,7.8,90.0,Bacharelado,Região Metropolitana,Remoto,Não-binário,Parda,0.5976193665318936
CAND_08385,6.6,50.0,Bacharelado,Região Metropolitana,Presencial,Não-binário,Parda,0.3803016996493254
CAND_08386,6.6,60.0,Bacharelado,Região Metropolitana,Remoto,Masculino,Preta,0.6404808802710593
CAND_08387,6.9,44.0,Bacharelado,Capitais,Híbrido,Feminino,Branca,0.3703049474701042
CAND_08388,7.7,80.0,Bacharelado,Capitais,Híbrido,Masculino,Amarela,0.6131393517652217
CAND_08389,7.0,79.0,Bacharelado,Interior,Presencial,Masculino,Amarela,0.6795443153042651
CAND_08390,5.4,40.0,Bacharelado,Interior,Híbrido,Não-binário,Preta,0.44880241225632356
CAND_08391,3.1,26.0,Mestrado,Capitais,Remoto,Masculino,Indígena,0.2914865701957926
CAND_08392,3.3,41.0,Bacharelado,Capitais,Híbrido,Masculino,Amarela,0.48674547768800813
CAND_08393,10.5,37.0,Bacharelado,Região Metropolitana,Híbrido,Masculino,Indígena,0.5949969190849506
CAND_08394,6.8,51.0,Mestrado,Interior,Presencial,Masculino,Preta,0.5839561981744446
CAND_08395,7.7,57.0,Ensino Médio,Capitais,Presencial,Masculino,Branca,0.38683707995987776
CAND_08396,3.7,51.0,Mestrado,Capitais,Híbrido,Masculino,Branca,0.5678129428316211
CAND_08397,0.0,64.0,Doutorado,Capitais,Híbrido,Feminino,Amarela,0.6814446481887626
CAND_08398,7.3,47.0,Bacharelado,Região Metropolitana,Presencial,Não-binário,Parda,0.4297267664817428
CAND_08399,3.9,45.0,Ensino Médio,Região Metropolitana,Híbrido,Masculino,Parda,0.24868011618317462
CAND_08400,7.0,55.0,Bacharelado,Interior,Presencial,Não-binário,Parda,0.4811738478546409
CAND_08401,4.5,61.0,Mestrado,Interior,Híbrido,Não-binário,Amarela,0.5408387204717956
CAND_08402,5.4,71.0,Mestrado,Capitais,Presencial,Feminino,Amarela,0.4870476506321667
CAND_08403,7.9,45.0,Mestrado,Capitais,Remoto,Masculino,Indígena,0.3593321184253575
CAND_08404,3.8,75.0,Doutorado,Capitais,Presencial,Feminino,Parda,0.4166052693896591
CAND_08405,4.5,37.0,Bacharelado,Capitais,Presencial,Não-binário,Preta,0.227963194953452
CAND_08406,0.6,53.0,Bacharelado,Interior,Remoto,Feminino,Preta,0.29849570969862244
CAND_08407,7.5,38.0,Ensino Médio,Região Metropolitana,Remoto,Feminino,Branca,0.24991984171334303
CAND_08408,0.0,39.0,Bacharelado,Capitais,Híbrido,Masculino,Preta,0.2639673908261143
CAND_08409,2.2,45.0,Doutorado,Região Metropolitana,Presencial,Não-binário,Indígena,0.472839485746523
CAND_08410,3.9,49.0,Mestrado,Capitais,Presencial,Feminino,Parda,0.6958259368839672
CAND_08411,0.0,27.0,Bacharelado,Região Metropolitana,Presencial,Masculino,Preta,0.39180386565990394
CAND_08412,0.9,85.0,Mestrado,Interior,Presencial,Masculino,Preta,0.6743559436539898
CAND_08413,8.6,47.0,Ensino Médio,Interior,Híbrido,Feminino,Indígena,0.44917214670652905
CAND_08414,4.9,53.0,Bacharelado,Capitais,Presencial,Não-binário,Indígena,0.48061373910696736
CAND_08415,3.4,32.0,Bacharelado,Região Metropolitana,Híbrido,Não-binário,Parda,0.25755148299366853
CAND_08416,0.4,82.0,Bacharelado,Interior,Remoto,Masculino,Preta,0.4397685721205944
CAND_08417,6.0,58.0,Mestrado,Capitais,Híbrido,Masculino,Parda,0.5548022809483035
CAND_08418,8.5,74.0,Bacharelado,Capitais,Remoto,Masculino,Preta,0.7915492712116124
CAND_08419,2.0,27.0,Mestrado,Região Metropolitana,Presencial,Masculino,Parda,0.21501196953396046
CAND_08420,1.1,54.0,Bacharelado,Região Metropolitana,Remoto,Feminino,Parda,0.4170043101666937
CAND_08421,0.0,49.0,Bacharelado,Capitais,Remoto,Não-binário,Indígena,0.43579756700280203
CAND_08422,8.9,28.0,Bacharelado,Capitais,Híbrido,Feminino,Preta,0.30833340664344383
CAND_08423,7.3,29.0,Mestrado,Capitais,Remoto,Não-binário,Branca,0.38838254690802165
CAND_08424,11.3,42.0,Bacharelado,Capitais,Remoto,Não-binário,Amarela,0.579382979037795
CAND_08425,6.4,93.0,Mestrado,Capitais,Híbrido,Não-binário,Parda,0.8616497631975739
CAND_08426,4.2,52.0,Bacharelado,Capitais,Presencial,Masculino,Branca,0.4623810727220832
CAND_08427,5.7,61.0,Bacharelado,Interior,Híbrido,Feminino,Amarela,0.46972345481396
CAND_08428,6.3,55.0,Mestrado,Capitais,Híbrido,Masculino,Indígena,0.5063326840665026
CAND_08429,1.8,43.0,Bacharelado,Região Metropolitana,Presencial,Feminino,Branca,0.4308214436424726
CAND_08430,1.9,35.0,Mestrado,Capitais,Presencial,Masculino,Indígena,0.34779436266491226
CAND_08431,2.0,39.0,Bacharelado,Região Metropolitana,Híbrido,Masculino,Amarela,0.4234665206670295
CAND_08432,5.0,54.0,Bacharelado,Capitais,Híbrido,Não-binário,Preta,0.5446121031239604
CAND_08433,1.4,45.0,Bacharelado,Região Metropolitana,Remoto,Não-binário,Indígena,0.4342681568227025
CAND_08434,9.1,42.0,Bacharelado,Capitais,Híbrido,Feminino,Preta,0.5524579939578548
CAND_08435,9.6,51.0,Mestrado,Capitais,Remoto,Feminino,Branca,0.6223389299676692
CAND_08436,2.7,59.0,Bacharelado,Capitais,Híbrido,Masculino,Parda,0.41857638768564076
CAND_08437,5.3,31.0,Bacharelado,Capitais,Presencial,Feminino,Indígena,0.5783276892002764
CAND_08438,7.9,26.0,Bacharelado,Interior,Híbrido,Masculino,Preta,0.2920822767619366
CAND_08439,6.3,40.0,Bacharelado,Interior,Híbrido,Masculino,Branca,0.46015135869748247
CAND_08440,5.3,36.0,Bacharelado,Capitais,Remoto,Feminino,Branca,0.5090802856594151
CAND_08441,7.0,36.0,Bacharelado,Capitais,Remoto,Feminino,Indígena,0.5533286734512186
CAND_08442,7.6,72.0,Ensino Médio,Capitais,Híbrido,Feminino,Parda,0.7927973001698754
CAND_08443,6.5,60.0,Mestrado,Capitais,Híbrido,Masculino,Amarela,0.8540762436771894
CAND_08444,3.6,82.0,Bacharelado,Interior,Presencial,Feminino,Amarela,0.3555538015342118
CAND_08445,7.3,28.0,Mestrado,Região Metropolitana,Presencial,Não-binário,Parda,0.47652781781808046
CAND_08446,6.5,52.0,Mestrado,Região Metropolitana,Remoto,Não-binário,Preta,0.49899953541887604
CAND_08447,5.5,41.0,Bacharelado,Capitais,Híbrido,Feminino,Parda,0.3709392359273038
CAND_08448,0.7,49.0,Bacharelado,Capitais,Presencial,Masculino,Indígena,0.23473687371345967
CAND_08449,5.8,46.0,Bacharelado,Capitais,Presencial,Não-binário,Branca,0.37333398347287783
CAND_08450,4.2,49.0,Mestrado,Capitais,Presencial,Masculino,Preta,0.4886829051673952
CAND_08451,4.0,63.0,Ensino Médio,Capitais,Remoto,Masculino,Branca,0.4245078598842961
CAND_08452,0.3,60.0,Mestrado,Interior,Remoto,Não-binário,Parda,0.49232454107722246
CAND_08453,5.5,53.0,Bacharelado,Região Metropolitana,Híbrido,Feminino,Branca,0.5131606423783851
CAND_08454,4.8,51.0,Bacharelado,Região Metropolitana,Híbrido,Feminino,Branca,0.6193029848169117
CAND_08455,4.6,52.0,Bacharelado,Capitais,Remoto,Não-binário,Branca,0.2980267873049267
CAND_08456,2.0,43.0,Bacharelado,Capitais,Presencial,Feminino,Branca,0.3822163774033869
CAND_08457,6.9,69.0,Bacharelado,Interior,Presencial,Feminino,Branca,0.44241530030277487
CAND_08458,2.8,54.0,Bacharelado,Capitais,Híbrido,Não-binário,Indígena,0.42128303669072825
CAND_08459,5.2,69.0,Bacharelado,Capitais,Presencial,Feminino,Amarela,0.383541824142446
CAND_08460,3.6,73.0,Bacharelado,Capitais,Híbrido,Masculino,Indígena,0.25021150390396396
CAND_08461,6.4,46.0,Mestrado,Capitais,Remoto,Feminino,Amarela,0.6557267186817402
CAND_08462,6.2,42.0,Bacharelado,Capitais,Presencial,Masculino,Indígena,0.3997310284874264
CAND_08463,8.5,42.0,Doutorado,Região Metropolitana,Híbrido,Masculino,Parda,0.7224205113560799
CAND_08464,5.8,78.0,Bacharelado,Capitais,Híbrido,Feminino,Preta,0.6200030547318551
CAND_08465,3.8,40.0,Mestrado,Capitais,Remoto,Masculino,Indígena,0.4929252688937733
CAND_08466,8.5,42.0,Mestrado,Capitais,Híbrido,Feminino,Branca,0.5592262149148656
CAND_08467,1.1,54.0,Doutorado,Interior,Híbrido,Feminino,Indígena,0.578469211322022
CAND_08468,5.6,47.0,Bacharelado,Região Metropolitana,Híbrido,Feminino,Parda,0.44437086813013515
CAND_08469,9.0,49.0,Bacharelado,Região Metropolitana,Presencial,Feminino,Preta,0.6099714183929318
CAND_08470,9.9,29.0,Bacharelado,Capitais,Híbrido,Masculino,Indígena,0.5393931275065729
CAND_08471,4.6,73.0,Bacharelado,Região Metropolitana,Presencial,Não-binário,Branca,0.6065530581867419
CAND_08472,7.2,36.0,Bacharelado,Capitais,Presencial,Não-binário,Parda,0.5360987142279169
CAND_08473,1.6,55.0,Bacharelado,Capitais,Presencial,Feminino,Indígena,0.3629782826290189
CAND_08474,8.1,48.0,Bacharelado,Capitais,Híbrido,Masculino,Parda,0.5035217513032175
CAND_08475,0.7,81.0,Ensino Médio,Capitais,Híbrido,Feminino,Branca,0.3652006144868356
CAND_08476,5.8,57.0,Bacharelado,Capitais,Presencial,Feminino,Preta,0.49038506913225194
CAND_08477,6.5,59.0,Bacharelado,Região Metropolitana,Remoto,Não-binário,Amarela,0.5534776006567951
CAND_08478,0.0,50.0,Mestrado,Capitais,Híbrido,Masculino,Branca,0.2571585715112736
CAND_08479,3.7,51.0,Bacharelado,Região Metropolitana,Híbrido,Feminino,Branca,0.34651019293636837
CAND_08480,5.9,54.0,Ensino Médio,Capitais,Híbrido,Masculino,Indígena,0.39932845072844353
CAND_08481,6.0,55.0,Bacharelado,Capitais,Remoto,Feminino,Branca,0.5009227640113278
CAND_08482,4.8,53.0,Ensino Médio,Interior,Remoto,Masculino,Amarela,0.36527605235049276
CAND_08483,0.0,41.0,Bacharelado,Capitais,Híbrido,Não-binário,Preta,0.20093662105366442
CAND_08484,2.3,57.0,Mestrado,Capitais,Remoto,Masculino,Parda,0.4228993658611699
CAND_08485,5.9,37.0,Mestrado,Capitais,Presencial,Feminino,Parda,0.6061656129655322
CAND_08486,7.7,51.0,Bacharelado,Região Metropolitana,Híbrido,Feminino,Preta,0.4152585663858228
CAND_08487,6.1,29.0,Bacharelado,Capitais,Híbrido,Não-binário,Parda,0.2649926047083551
CAND_08488,6.4,58.0,Bacharelado,Capitais,Remoto,Não-binário,Indígena,0.6312911864667818
CAND_08489,2.3,32.0,Bacharelado,Capitais,Híbrido,Feminino,Amarela,0.32539732278476646
CAND_08490,5.4,64.0,Bacharelado,Capitais,Híbrido,Não-binário,Indígena,0.5554248055631498
CAND_08491,0.0,38.0,Mestrado,Capitais,Híbrido,Masculino,Parda,0.17005884458759343
CAND_08492,6.1,60.0,Bacharelado,Capitais,Híbrido,Feminino,Branca,0.5590869510017985
CAND_08493,2.3,73.0,Bacharelado,Capitais,Presencial,Feminino,Indígena,0.4404410499058092
CAND_08494,4.0,72.0,Bacharelado,Capitais,Remoto,Feminino,Parda,0.5214031329610319
CAND_08495,3.2,49.0,Mestrado,Capitais,Remoto,Não-binário,Preta,0.4411611726280297
CAND_08496,7.6,51.0,Ensino Médio,Capitais,Híbrido,Feminino,Indígena,0.5160390261512133
CAND_08497,8.2,42.0,Ensino Médio,Capitais,Presencial,Feminino,Branca,0.6226930170171077
CAND_08498,5.6,51.0,Ensino Médio,Capitais,Presencial,Feminino,Amarela,0.32222957019118564
CAND_08499,7.6,39.0,Bacharelado,Interior,Remoto,Masculino,Parda,0.5824179951193569
CAND_08500,8.5,61.0,Mestrado,Capitais,Híbrido,Não-binário,Parda,0.6836080954623315
CAND_08501,4.6,41.0,Bacharelado,Região Metropolitana,Híbrido,Feminino,Indígena,0.2739254112201761
CAND_08502,2.4,68.0,Doutorado,Capitais,Híbrido,Masculino,Parda,0.45873441462293085
CAND_08503,6.7,45.0,Bacharelado,Região Metropolitana,Híbrido,Feminino,Preta,0.4818338084916327
CAND_08504,0.0,45.0,Ensino Médio,Capitais,Híbrido,Masculino,Preta,0.11913678637717195
CAND_08505,9.8,42.0,Bacharelado,Região Metropolitana,Híbrido,Masculino,Preta,0.49767668219141037
CAND_08506,8.0,40.0,Bacharelado,Região Metropolitana,Híbrido,Feminino,Amarela,0.48201839422031195
CAND_08507,0.1,60.0,Bacharelado,Região Metropolitana,Híbrido,Feminino,Parda,0.3382072250508682
CAND_08508,5.7,74.0,Bacharelado,Interior,Híbrido,Masculino,Preta,0.5680165725805465
CAND_08509,5.0,50.0,Mestrado,Capitais,Híbrido,Masculino,Parda,0.48812846687545386
CAND_08510,6.7,48.0,Mestrado,Capitais,Híbrido,Feminino,Parda,0.5164157022853998
CAND_08511,0.8,48.0,Bacharelado,Capitais,Presencial,Feminino,Indígena,0.4122863875692767
CAND_08512,6.5,86.0,Bacharelado,Capitais,Híbrido,Não-binário,Parda,0.5479574492736082
CAND_08513,3.3,27.0,Bacharelado,Capitais,Remoto,Masculino,Amarela,0.3208630493765255
CAND_08514,0.0,59.0,Bacharelado,Região Metropolitana,Híbrido,Masculino,Amarela,0.22355078795187336
CAND_08515,3.6,40.0,Bacharelado,Capitais,Remoto,Não-binário,Parda,0.2454813421849872
CAND_08516,9.0,72.0,Bacharelado,Região Metropolitana,Híbrido,Não-binário,Amarela,0.5835156530682616
CAND_08517,6.4,68.0,Bacharelado,Interior,Híbrido,Não-binário,Preta,0.5038291287744632
CAND_08518,5.7,69.0,Bacharelado,Região Metropolitana,Híbrido,Feminino,Indígena,0.6233886689204676
CAND_08519,2.1,50.0,Bacharelado,Interior,Presencial,Feminino,Preta,0.31858941867293283
CAND_08520,2.1,48.0,Bacharelado,Capitais,Presencial,Masculino,Indígena,0.25260273320045923
CAND_08521,8.7,34.0,Mestrado,Capitais,Remoto,Masculino,Indígena,0.6772888603440844
CAND_08522,0.5,58.0,Mestrado,Região Metropolitana,Presencial,Masculino,Indígena,0.42254028604981186
CAND_08523,5.2,43.0,Ensino Médio,Capitais,Presencial,Não-binário,Indígena,0.36768745136165226
CAND_08524,2.0,30.0,Bacharelado,Capitais,Remoto,Feminino,Branca,0.260482812113118
CAND_08525,6.1,30.0,Bacharelado,Capitais,Híbrido,Feminino,Branca,0.5255480442185729
CAND_08526,0.6,56.0,Mestrado,Região Metropolitana,Híbrido,Não-binário,Indígena,0.5320329098588664
CAND_08527,4.2,21.0,Bacharelado,Capitais,Remoto,Masculino,Indígena,0.365239690031728
CAND_08528,6.4,62.0,Bacharelado,Capitais,Presencial,Feminino,Parda,0.6067947698537639
CAND_08529,6.5,50.0,Bacharelado,Interior,Remoto,Feminino,Preta,0.5317062752974083
CAND_08530,4.3,53.0,Bacharelado,Região Metropolitana,Presencial,Feminino,Preta,0.37140399256926515
CAND_08531,5.6,49.0,Bacharelado,Interior,Híbrido,Masculino,Preta,0.4028737103344694
CAND_08532,6.6,37.0,Ensino Médio,Interior,Presencial,Masculino,Amarela,0.5812244468125091
CAND_08533,6.4,24.0,Ensino Médio,Capitais,Remoto,Não-binário,Parda,0.2605303103887844
CAND_08534,8.2,73.0,Bacharelado,Capitais,Presencial,Não-binário,Branca,0.7058026744474021
CAND_08535,3.9,35.0,Ensino Médio,Região Metropolitana,Presencial,Masculino,Indígena,0.23545715696685224
CAND_08536,6.5,54.0,Bacharelado,Região Metropolitana,Híbrido,Masculino,Amarela,0.5903431053032567
CAND_08537,3.4,19.0,Bacharelado,Capitais,Presencial,Não-binário,Branca,0.1485163272291471
CAND_08538,4.3,52.0,Bacharelado,Interior,Híbrido,Feminino,Branca,0.4128449207155632
CAND_08539,3.5,46.0,Bacharelado,Capitais,Remoto,Masculino,Parda,0.25475037744078866
CAND_08540,0.5,74.0,Mestrado,Capitais,Presencial,Não-binário,Parda,0.5257599436697784
CAND_08541,5.9,37.0,Bacharelado,Capitais,Híbrido,Feminino,Amarela,0.3891278354003922
CAND_08542,12.0,61.0,Mestrado,Interior,Presencial,Feminino,Amarela,0.5319435791139147
CAND_08543,4.6,68.0,Bacharelado,Capitais,Híbrido,Feminino,Preta,0.5254748737155298
CAND_08544,1.5,33.0,Mestrado,Capitais,Híbrido,Não-binário,Preta,0.18642890356942587
CAND_08545,6.2,28.0,Bacharelado,Capitais,Híbrido,Não-binário,Amarela,0.3336176382864101
CAND_08546,9.4,75.0,Bacharelado,Região Metropolitana,Remoto,Feminino,Parda,0.571482976257669
CAND_08547,5.8,50.0,Bacharelado,Capitais,Remoto,Feminino,Indígena,0.3792213019340147
CAND_08548,5.7,48.0,Mestrado,Capitais,Remoto,Masculino,Preta,0.46311507473133134
CAND_08549,8.5,68.0,Bacharelado,Capitais,Híbrido,Feminino,Indígena,0.5744108732190153
CAND_08550,2.7,59.0,Bacharelado,Interior,Presencial,Masculino,Preta,0.5173082299652689
CAND_08551,8.1,63.0,Mestrado,Capitais,Remoto,Não-binário,Amarela,0.5702820864118787
CAND_08552,4.4,59.0,Ensino Médio,Capitais,Presencial,Não-binário,Branca,0.42793452495047357
CAND_08553,2.6,42.0,Bacharelado,Interior,Remoto,Não-binário,Preta,0.30942024857111466
CAND_08554,5.5,65.0,Mestrado,Região Metropolitana,Presencial,Masculino,Parda,0.7989830550570666
CAND_08555,3.1,58.0,Bacharelado,Capitais,Presencial,Masculino,Indígena,0.33255090707660706
CAND_08556,4.3,47.0,Doutorado,Capitais,Remoto,Não-binário,Indígena,0.5722154810168941
CAND_08557,7.1,44.0,Mestrado,Região Metropolitana,Presencial,Feminino,Indígena,0.3670557088636362
CAND_08558,3.4,47.0,Mestrado,Região Metropolitana,Presencial,Masculino,Parda,0.3810958827826923
CAND_08559,2.4,65.0,Bacharelado,Região Metropolitana,Híbrido,Feminino,Branca,0.3451282015498968
CAND_08560,3.9,51.0,Mestrado,Região Metropolitana,Presencial,Masculino,Branca,0.4986983338908423
CAND_08561,5.5,53.0,Mestrado,Região Metropolitana,Remoto,Masculino,Branca,0.5325160588066704
CAND_08562,3.7,45.0,Doutorado,Capitais,Remoto,Masculino,Parda,0.6341298747348679
CAND_08563,4.4,47.0,Bacharelado,Capitais,Remoto,Feminino,Preta,0.37211447869727504
CAND_08564,9.2,57.0,Ensino Médio,Região Metropolitana,Híbrido,Feminino,Branca,0.46123358477919185
CAND_08565,7.7,69.0,Ensino Médio,Capitais,Híbrido,Feminino,Indígena,0.6269478503484066
CAND_08566,2.6,61.0,Mestrado,Região Metropolitana,Presencial,Não-binário,Parda,0.45426228508481886
CAND_08567,6.1,69.0,Bacharelado,Região Metropolitana,Híbrido,Não-binário,Amarela,0.5210490638657685
CAND_08568,9.5,72.0,Bacharelado,Interior,Presencial,Não-binário,Branca,0.6550520772746781
CAND_08569,3.7,47.0,Mestrado,Capitais,Presencial,Feminino,Preta,0.37659834569047956
CAND_08570,2.1,63.0,Bacharelado,Capitais,Híbrido,Não-binário,Amarela,0.694253948710932
CAND_08571,2.2,48.0,Doutorado,Região Metropolitana,Híbrido,Masculino,Amarela,0.5500211623775313
CAND_08572,1.4,62.0,Bacharelado,Capitais,Presencial,Feminino,Preta,0.5618925362699441
CAND_08573,6.0,14.0,Bacharelado,Região Metropolitana,Remoto,Não-binário,Indígena,0.32713792698201394
CAND_08574,2.8,52.0,Ensino Médio,Capitais,Híbrido,Não-binário,Branca,0.4165824125695049
CAND_08575,6.3,33.0,Mestrado,Capitais,Híbrido,Masculino,Indígena,0.3561206738060194
CAND_08576,6.8,52.0,Bacharelado,Capitais,Remoto,Não-binário,Branca,0.3994942921956033
CAND_08577,5.9,67.0,Bacharelado,Capitais,Híbrido,Não-binário,Branca,0.5358475670073807
CAND_08578,9.6,26.0,Bacharelado,Interior,Remoto,Feminino,Amarela,0.4580579878580816
CAND_08579,3.2,29.0,Bacharelado,Capitais,Híbrido,Masculino,Amarela,0.31474244593220746
CAND_08580,1.8,61.0,Bacharelado,Capitais,Presencial,Masculino,Amarela,0.34635896656775483
CAND_08581,6.2,40.0,Bacharelado,Capitais,Presencial,Masculino,Indígena,0.44968274341100034
CAND_08582,0.0,30.0,Bacharelado,Região Metropolitana,Híbrido,Não-binário,Parda,0.3267832843202825
CAND_08583,2.7,23.0,Bacharelado,Interior,Presencial,Masculino,Branca,0.3202120355601502
CAND_08584,3.1,68.0,Bacharelado,Capitais,Presencial,Não-binário,Parda,0.448615098337694
CAND_08585,0.0,56.0,Ensino Médio,Capitais,Presencial,Masculino,Preta,0.34280416375135075
CAND_08586,1.4,42.0,Ensino Médio,Interior,Presencial,Feminino,Preta,0.22323933958164532
CAND_08587,4.2,68.0,Doutorado,Interior,Remoto,Não-binário,Branca,0.6717479116402324
CAND_08588,6.6,58.0,Mestrado,Região Metropolitana,Híbrido,Não-binário,Amarela,0.46636981887106543
CAND_08589,9.2,54.0,Mestrado,Capitais,Presencial,Masculino,Indígena,0.8865921457768056
CAND_08590,4.2,50.0,Bacharelado,Capitais,Presencial,Feminino,Preta,0.28542939945493995
CAND_08591,4.7,52.0,Mestrado,Capitais,Remoto,Masculino,Branca,0.5752990444651558
CAND_08592,6.5,31.0,Bacharelado,Capitais,Remoto,Feminino,Branca,0.4654352384963584
CAND_08593,2.4,49.0,Ensino Médio,Região Metropolitana,Presencial,Não-binário,Preta,0.287004600051536
CAND_08594,0.0,16.0,Bacharelado,Interior,Remoto,Feminino,Parda,0.10768222429983158
CAND_08595,2.9,52.0,Bacharelado,Capitais,Híbrido,Não-binário,Parda,0.42426591813015385
CAND_08596,6.5,50.0,Bacharelado,Capitais,Remoto,Não-binário,Branca,0.4244960107735318
CAND_08597,3.9,47.0,Ensino Médio,Região Metropolitana,Remoto,Masculino,Preta,0.3596814310296088
CAND_08598,5.3,65.0,Doutorado,Capitais,Presencial,Masculino,Preta,0.4889100254983637
CAND_08599,1.5,58.0,Bacharelado,Capitais,Híbrido,Não-binário,Preta,0.4134001475690363
CAND_08600,4.7,64.0,Bacharelado,Capitais,Híbrido,Não-binário,Amarela,0.4822798407120842
CAND_08601,11.7,48.0,Bacharelado,Região Metropolitana,Presencial,Não-binário,Branca,0.5030851743148583
CAND_08602,7.3,47.0,Ensino Médio,Região Metropolitana,Presencial,Não-binário,Branca,0.5244800542947772
CAND_08603,8.8,46.0,Bacharelado,Capitais,Híbrido,Não-binário,Parda,0.6729559548573303
CAND_08604,6.7,52.0,Mestrado,Região Metropolitana,Presencial,Feminino,Preta,0.5182919725012733
CAND_08605,2.0,46.0,Mestrado,Interior,Remoto,Feminino,Amarela,0.5967202420260567
CAND_08606,7.2,55.0,Bacharelado,Capitais,Híbrido,Masculino,Indígena,0.6530263161694108
CAND_08607,5.3,41.0,Bacharelado,Capitais,Presencial,Masculino,Amarela,0.5762410498815047
CAND_08608,1.4,53.0,Bacharelado,Capitais,Híbrido,Feminino,Parda,0.31488920164541717
CAND_08609,2.6,58.0,Bacharelado,Interior,Remoto,Feminino,Parda,0.3014194284839909
CAND_08610,3.9,79.0,Bacharelado,Capitais,Presencial,Masculino,Amarela,0.4911483520301295
CAND_08611,7.6,76.0,Bacharelado,Capitais,Híbrido,Feminino,Preta,0.6438359444774928
CAND_08612,3.3,43.0,Mestrado,Capitais,Híbrido,Não-binário,Amarela,0.47788814641508837
CAND_08613,9.4,45.0,Mestrado,Capitais,Presencial,Feminino,Preta,0.7500873978619023
CAND_08614,3.8,47.0,Bacharelado,Capitais,Híbrido,Não-binário,Indígena,0.35640382272753424
CAND_08615,0.0,38.0,Bacharelado,Capitais,Híbrido,Não-binário,Branca,0.3329249893483571
CAND_08616,2.9,43.0,Mestrado,Região Metropolitana,Remoto,Masculino,Parda,0.2810968478457129
CAND_08617,5.5,51.0,Doutorado,Interior,Híbrido,Feminino,Branca,0.6274541861691904
CAND_08618,1.3,70.0,Bacharelado,Interior,Remoto,Masculino,Indígena,0.5404025124924947
CAND_08619,0.0,88.0,Bacharelado,Capitais,Presencial,Não-binário,Amarela,0.35841552412623245
CAND_08620,7.2,40.0,Mestrado,Região Metropolitana,Presencial,Masculino,Amarela,0.7111117216694741
CAND_08621,5.5,8.0,Bacharelado,Capitais,Híbrido,Masculino,Preta,0.15572461931776152
CAND_08622,6.1,47.0,Bacharelado,Capitais,Presencial,Não-binário,Branca,0.5728437341614362
CAND_08623,8.0,53.0,Mestrado,Capitais,Presencial,Feminino,Branca,0.7138086713970111
CAND_08624,2.5,41.0,Mestrado,Capitais,Híbrido,Não-binário,Indígena,0.4029910397115741
CAND_08625,4.9,55.0,Bacharelado,Capitais,Remoto,Masculino,Parda,0.5385782335998206
CAND_08626,0.1,38.0,Bacharelado,Capitais,Híbrido,Não-binário,Amarela,0.1877916447623043
CAND_08627,6.3,46.0,Bacharelado,Capitais,Híbrido,Não-binário,Parda,0.33645795269100826
CAND_08628,9.5,55.0,Bacharelado,Interior,Híbrido,Masculino,Parda,0.6039905670209913
CAND_08629,3.6,52.0,Mestrado,Região Metropolitana,Presencial,Feminino,Amarela,0.5947624976826317
CAND_08630,3.1,32.0,Bacharelado,Capitais,Presencial,Feminino,Parda,0.2985851558474327
CAND_08631,7.8,47.0,Doutorado,Capitais,Remoto,Não-binário,Indígena,0.6518223117151047
CAND_08632,2.3,40.0,Bacharelado,Capitais,Presencial,Feminino,Indígena,0.45065252941192635
CAND_08633,5.3,65.0,Bacharelado,Região Metropolitana,Híbrido,Não-binário,Preta,0.3533834740996106
CAND_08634,3.7,64.0,Bacharelado,Região Metropolitana,Híbrido,Não-binário,Indígena,0.2661209909480996
CAND_08635,4.9,75.0,Bacharelado,Região Metropolitana,Híbrido,Não-binário,Amarela,0.5560550052421165
CAND_08636,1.3,45.0,Mestrado,Capitais,Remoto,Não-binário,Indígena,0.42555399992372867
CAND_08637,0.0,53.0,Ensino Médio,Região Metropolitana,Remoto,Não-binário,Indígena,0.22979419539144025
CAND_08638,5.5,55.0,Bacharelado,Região Metropolitana,Híbrido,Masculino,Indígena,0.14559559541272055
CAND_08639,0.5,74.0,Mestrado,Região Metropolitana,Híbrido,Não-binário,Indígena,0.5279391028982794
CAND_08640,6.1,74.0,Bacharelado,Capitais,Remoto,Não-binário,Preta,0.448056843564024
CAND_08641,7.2,42.0,Mestrado,Capitais,Remoto,Não-binário,Branca,0.48727539297663136
CAND_08642,0.0,36.0,Mestrado,Interior,Remoto,Masculino,Amarela,0.2953017322006241
CAND_08643,5.5,10.0,Bacharelado,Região Metropolitana,Presencial,Não-binário,Indígena,0.269261329600391
CAND_08644,5.8,52.0,Bacharelado,Capitais,Remoto,Masculino,Amarela,0.6491059746573794
CAND_08645,4.5,57.0,Bacharelado,Capitais,Híbrido,Não-binário,Parda,0.5156958972077993
CAND_08646,7.6,41.0,Bacharelado,Capitais,Remoto,Não-binário,Parda,0.5350080130546778
CAND_08647,4.0,37.0,Bacharelado,Capitais,Remoto,Masculino,Branca,0.336434414395831
CAND_08648,1.3,72.0,Bacharelado,Capitais,Presencial,Não-binário,Branca,0.5711241411772638
CAND_08649,1.5,43.0,Bacharelado,Interior,Híbrido,Feminino,Branca,0.3278750829155926
CAND_08650,5.8,51.0,Ensino Médio,Capitais,Presencial,Feminino,Branca,0.41649691292567337
CAND_08651,6.7,68.0,Bacharelado,Capitais,Híbrido,Não-binário,Preta,0.5495943142603167
CAND_08652,10.3,16.0,Bacharelado,Região Metropolitana,Híbrido,Não-binário,Indígena,0.3934033001323832
CAND_08653,3.1,76.0,Bacharelado,Região Metropolitana,Remoto,Feminino,Amarela,0.5101253994816712
CAND_08654,6.9,38.0,Bacharelado,Capitais,Presencial,Feminino,Parda,0.40119107587411384
CAND_08655,6.3,37.0,Bacharelado,Capitais,Presencial,Masculino,Parda,0.5315049424549274
CAND_08656,5.0,46.0,Bacharelado,Região Metropolitana,Híbrido,Não-binário,Indígena,0.48580049802243963
CAND_08657,1.6,67.0,Doutorado,Região Metropolitana,Remoto,Não-binário,Parda,0.5246085066908143
CAND_08658,2.8,62.0,Bacharelado,Capitais,Híbrido,Feminino,Indígena,0.32250014253284043
CAND_08659,5.3,56.0,Bacharelado,Capitais,Híbrido,Masculino,Indígena,0.5610558882644897
CAND_08660,3.9,44.0,Bacharelado,Capitais,Híbrido,Não-binário,Indígena,0.47433109809104607
CAND_08661,0.0,67.0,Bacharelado,Capitais,Presencial,Masculino,Amarela,0.2835054906166027
CAND_08662,5.5,37.0,Mestrado,Capitais,Presencial,Masculino,Indígena,0.671128501211324
CAND_08663,7.2,80.0,Bacharelado,Capitais,Remoto,Feminino,Parda,0.6440234678141975
CAND_08664,7.0,66.0,Bacharelado,Capitais,Híbrido,Masculino,Parda,0.31549870552311343
CAND_08665,1.8,57.0,Mestrado,Região Metropolitana,Remoto,Masculino,Preta,0.4928170166158176
CAND_08666,9.5,27.0,Bacharelado,Capitais,Remoto,Não-binário,Indígena,0.4529979425978574
CAND_08667,1.0,46.0,Mestrado,Capitais,Remoto,Não-binário,Parda,0.6069167132981321
CAND_08668,4.9,63.0,Bacharelado,Região Metropolitana,Híbrido,Não-binário,Indígena,0.6653275516447922
CAND_08669,4.4,54.0,Bacharelado,Capitais,Remoto,Feminino,Amarela,0.3939546195318598
CAND_08670,8.0,72.0,Bacharelado,Capitais,Híbrido,Masculino,Parda,0.6661514784986083
CAND_08671,7.3,57.0,Bacharelado,Capitais,Remoto,Feminino,Amarela,0.5370576001151242
CAND_08672,4.9,46.0,Bacharelado,Capitais,Híbrido,Masculino,Parda,0.5322893821509808
CAND_08673,7.0,43.0,Mestrado,Capitais,Presencial,Masculino,Branca,0.46049796478177213
CAND_08674,11.3,64.0,Bacharelado,Capitais,Remoto,Masculino,Parda,0.31696229170347406
CAND_08675,3.4,61.0,Bacharelado,Capitais,Remoto,Masculino,Branca,0.4118845046845751
CAND_08676,4.4,56.0,Mestrado,Capitais,Híbrido,Masculino,Branca,0.7466419559023928
CAND_08677,6.9,7.0,Bacharelado,Região Metropolitana,Híbrido,Masculino,Parda,0.42663629580116197
CAND_08678,5.3,58.0,Bacharelado,Capitais,Remoto,Não-binário,Indígena,0.5389193232664365
CAND_08679,4.6,38.0,Doutorado,Capitais,Remoto,Feminino,Amarela,0.5343313616241224
CAND_08680,6.9,45.0,Bacharelado,Capitais,Híbrido,Masculino,Indígena,0.4124719052260336
CAND_08681,5.0,32.0,Mestrado,Região Metropolitana,Presencial,Não-binário,Branca,0.4964151019463852
CAND_08682,5.8,73.0,Mestrado,Região Metropolitana,Presencial,Masculino,Amarela,0.6070019589143633
CAND_08683,8.6,47.0,Bacharelado,Capitais,Remoto,Feminino,Parda,0.48249087205550595
CAND_08684,4.5,57.0,Bacharelado,Capitais,Híbrido,Masculino,Amarela,0.4717391597317534
CAND_08685,6.3,61.0,Bacharelado,Capitais,Híbrido,Feminino,Indígena,0.6396897604394088
CAND_08686,8.8,44.0,Bacharelado,Região Metropolitana,Remoto,Feminino,Parda,0.4364286648525972
CAND_08687,4.8,37.0,Mestrado,Interior,Remoto,Masculino,Branca,0.6847144909077556
CAND_08688,3.8,46.0,Bacharelado,Capitais,Híbrido,Não-binário,Amarela,0.3522947141214413
CAND_08689,2.9,53.0,Mestrado,Região Metropolitana,Presencial,Feminino,Indígena,0.38030652052093
CAND_08690,4.0,69.0,Doutorado,Capitais,Híbrido,Feminino,Parda,0.6156795802254361
CAND_08691,12.2,45.0,Bacharelado,Interior,Híbrido,Não-binário,Indígena,0.5916532423079792
CAND_08692,11.9,41.0,Bacharelado,Região Metropolitana,Presencial,Masculino,Branca,0.6793304189685004
CAND_08693,10.1,47.0,Bacharelado,Região Metropolitana,Presencial,Masculino,Branca,0.5120837835402726
CAND_08694,7.4,61.0,Bacharelado,Capitais,Híbrido,Masculino,Branca,0.6167284184539101
CAND_08695,2.5,43.0,Doutorado,Capitais,Presencial,Masculino,Indígena,0.33532851336793085
CAND_08696,5.5,50.0,Bacharelado,Capitais,Presencial,Feminino,Preta,0.5409860443114278
CAND_08697,6.9,37.0,Mestrado,Região Metropolitana,Remoto,Não-binário,Amarela,0.5307272210428284
CAND_08698,7.1,47.0,Bacharelado,Capitais,Presencial,Não-binário,Amarela,0.560768640106703
CAND_08699,4.1,41.0,Bacharelado,Capitais,Presencial,Feminino,Preta,0.4629432720660783
CAND_08700,3.5,51.0,Bacharelado,Capitais,Híbrido,Feminino,Preta,0.3742463195530946
CAND_08701,9.7,50.0,Bacharelado,Capitais,Presencial,Masculino,Amarela,0.33326957167857385
CAND_08702,5.1,82.0,Mestrado,Região Metropolitana,Híbrido,Não-binário,Amarela,0.7248685025004978
CAND_08703,4.9,40.0,Bacharelado,Interior,Presencial,Não-binário,Parda,0.2941064123854078
CAND_08704,4.6,23.0,Bacharelado,Capitais,Remoto,Não-binário,Parda,0.25233730007977506
CAND_08705,6.3,56.0,Bacharelado,Capitais,Híbrido,Não-binário,Amarela,0.6197519768671
CAND_08706,6.4,59.0,Mestrado,Região Metropolitana,Presencial,Feminino,Parda,0.5540244503476035
CAND_08707,10.8,54.0,Bacharelado,Região Metropolitana,Híbrido,Não-binário,Preta,0.4422537000968564
CAND_08708,3.8,53.0,Bacharelado,Capitais,Presencial,Não-binário,Amarela,0.4088413230156347
CAND_08709,2.0,76.0,Ensino Médio,Capitais,Híbrido,Feminino,Indígena,0.3129373313680146
CAND_08710,4.7,61.0,Bacharelado,Capitais,Híbrido,Feminino,Indígena,0.6209060339863732
CAND_08711,9.1,67.0,Bacharelado,Região Metropolitana,Remoto,Não-binário,Preta,0.7347322999967093
CAND_08712,2.7,47.0,Ensino Médio,Interior,Híbrido,Não-binário,Amarela,0.31285987040130325
CAND_08713,4.2,65.0,Doutorado,Região Metropolitana,Presencial,Masculino,Parda,0.6348136936604332
CAND_08714,9.5,42.0,Bacharelado,Interior,Presencial,Masculino,Amarela,0.42847868289101204
CAND_08715,8.2,63.0,Bacharelado,Capitais,Híbrido,Não-binário,Branca,0.5406530820376274
CAND_08716,3.7,51.0,Bacharelado,Capitais,Remoto,Não-binário,Parda,0.3042635062889612
CAND_08717,4.7,70.0,Doutorado,Capitais,Híbrido,Masculino,Indígena,0.4307249553457876
CAND_08718,2.6,39.0,Mestrado,Capitais,Remoto,Não-binário,Amarela,0.41972773617608033
CAND_08719,3.9,49.0,Bacharelado,Região Metropolitana,Híbrido,Não-binário,Amarela,0.4947268842723606
CAND_08720,9.3,32.0,Bacharelado,Capitais,Presencial,Masculino,Branca,0.34128712383501025
CAND_08721,2.8,49.0,Doutorado,Capitais,Presencial,Feminino,Branca,0.3691860214123662
CAND_08722,2.1,44.0,Bacharelado,Região Metropolitana,Remoto,Feminino,Indígena,0.36837850812730344
CAND_08723,3.4,61.0,Mestrado,Região Metropolitana,Remoto,Não-binário,Preta,0.4609549013710663
CAND_08724,10.4,38.0,Bacharelado,Capitais,Presencial,Masculino,Indígena,0.41833777408486883
CAND_08725,9.7,27.0,Mestrado,Capitais,Remoto,Feminino,Branca,0.6011854546419896
CAND_08726,5.7,45.0,Mestrado,Capitais,Híbrido,Masculino,Preta,0.645987300945059
CAND_08727,7.6,44.0,Bacharelado,Capitais,Presencial,Masculino,Indígena,0.5021225820185568
CAND_08728,2.8,55.0,Bacharelado,Região Metropolitana,Híbrido,Masculino,Indígena,0.5006644757011034
CAND_08729,6.8,52.0,Bacharelado,Capitais,Presencial,Masculino,Branca,0.6737512041740371
CAND_08730,4.4,44.0,Bacharelado,Capitais,Híbrido,Feminino,Parda,0.40185222954773964
CAND_08731,11.5,61.0,Mestrado,Região Metropolitana,Remoto,Feminino,Indígena,0.8185393479416617
CAND_08732,5.5,46.0,Bacharelado,Capitais,Presencial,Não-binário,Parda,0.5214656585471984
CAND_08733,9.7,70.0,Ensino Médio,Capitais,Remoto,Não-binário,Preta,0.5258236725842361
CAND_08734,1.0,57.0,Bacharelado,Capitais,Remoto,Masculino,Amarela,0.324824842967531
CAND_08735,6.7,58.0,Mestrado,Capitais,Híbrido,Masculino,Indígena,0.5709775017764667
CAND_08736,7.1,60.0,Bacharelado,Capitais,Remoto,Feminino,Parda,0.5134538972045797
CAND_08737,6.5,50.0,Bacharelado,Capitais,Híbrido,Feminino,Branca,0.36536184942254163
CAND_08738,3.5,33.0,Bacharelado,Capitais,Híbrido,Feminino,Preta,0.3758979094644023
CAND_08739,5.4,56.0,Bacharelado,Capitais,Remoto,Não-binário,Branca,0.6742271681298614
CAND_08740,6.6,42.0,Bacharelado,Região Metropolitana,Híbrido,Feminino,Amarela,0.4213155137042427
CAND_08741,4.9,48.0,Bacharelado,Região Metropolitana,Presencial,Masculino,Parda,0.40217750604853
CAND_08742,4.3,42.0,Mestrado,Capitais,Presencial,Feminino,Amarela,0.3811605258172636
CAND_08743,5.0,49.0,Ensino Médio,Região Metropolitana,Híbrido,Feminino,Preta,0.49221700403478186
CAND_08744,4.6,48.0,Bacharelado,Capitais,Remoto,Feminino,Parda,0.4772680743662522
CAND_08745,7.0,50.0,Bacharelado,Região Metropolitana,Híbrido,Feminino,Preta,0.5752359347509332
CAND_08746,4.7,57.0,Bacharelado,Região Metropolitana,Presencial,Não-binário,Preta,0.4536367332229578
CAND_08747,1.1,48.0,Bacharelado,Região Metropolitana,Híbrido,Feminino,Branca,0.3405492385978385
CAND_08748,0.4,56.0,Doutorado,Capitais,Híbrido,Masculino,Preta,0.4320441434448393
CAND_08749,5.6,63.0,Mestrado,Capitais,Híbrido,Não-binário,Branca,0.5993009375418837
CAND_08750,4.5,56.0,Bacharelado,Capitais,Remoto,Feminino,Preta,0.5151163800179508
CAND_08751,1.6,71.0,Mestrado,Capitais,Híbrido,Feminino,Amarela,0.634821846239787
CAND_08752,9.7,52.0,Bacharelado,Capitais,Híbrido,Masculino,Parda,0.5166335739255518
CAND_08753,4.3,42.0,Mestrado,Capitais,Presencial,Não-binário,Branca,0.5746326856359916
CAND_08754,2.0,73.0,Bacharelado,Região Metropolitana,Híbrido,Masculino,Amarela,0.5524001529540108
CAND_08755,0.0,43.0,Bacharelado,Região Metropolitana,Remoto,Não-binário,Amarela,0.24239098384410374
CAND_08756,3.5,40.0,Mestrado,Capitais,Presencial,Masculino,Indígena,0.39658830539456114
CAND_08757,3.5,29.0,Mestrado,Região Metropolitana,Híbrido,Feminino,Indígena,0.5510292932486069
CAND_08758,5.2,56.0,Mestrado,Capitais,Híbrido,Não-binário,Indígena,0.5042091206391363
CAND_08759,10.1,1.0,Bacharelado,Capitais,Remoto,Feminino,Parda,0.19386898430462518
CAND_08760,2.3,39.0,Bacharelado,Capitais,Presencial,Masculino,Indígena,0.31789420140348185
CAND_08761,5.3,73.0,Bacharelado,Capitais,Remoto,Masculino,Amarela,0.5127457761279407
CAND_08762,4.2,45.0,Mestrado,Capitais,Remoto,Feminino,Amarela,0.3325338191149133
CAND_08763,9.0,50.0,Mestrado,Capitais,Remoto,Feminino,Indígena,0.6517302422424135
CAND_08764,5.7,53.0,Mestrado,Região Metropolitana,Presencial,Não-binário,Branca,0.4767806847826883
CAND_08765,8.6,50.0,Mestrado,Capitais,Presencial,Feminino,Indígena,0.6874350154244278
CAND_08766,2.0,50.0,Bacharelado,Capitais,Remoto,Masculino,Preta,0.41742571814944446
CAND_08767,10.7,47.0,Mestrado,Capitais,Presencial,Masculino,Amarela,0.6554703902004796
CAND_08768,3.0,50.0,Bacharelado,Capitais,Remoto,Masculino,Preta,0.4331532225624923
CAND_08769,10.4,56.0,Mestrado,Região Metropolitana,Remoto,Masculino,Parda,0.5553048097987466
CAND_08770,0.0,24.0,Bacharelado,Capitais,Presencial,Masculino,Parda,0.22470143204853035
CAND_08771,7.9,68.0,Ensino Médio,Região Metropolitana,Remoto,Não-binário,Amarela,0.5013724589957578
CAND_08772,8.4,65.0,Bacharelado,Interior,Remoto,Não-binário,Parda,0.5269925320103399
CAND_08773,6.6,72.0,Mestrado,Região Metropolitana,Remoto,Feminino,Branca,0.7096755324715567
CAND_08774,7.1,59.0,Mestrado,Capitais,Presencial,Masculino,Indígena,0.6010512243231352
CAND_08775,0.9,37.0,Mestrado,Capitais,Remoto,Feminino,Branca,0.4218017067627487
CAND_08776,6.9,53.0,Bacharelado,Região Metropolitana,Remoto,Não-binário,Indígena,0.703611841123116
CAND_08777,1.7,55.0,Bacharelado,Capitais,Presencial,Feminino,Indígena,0.49826660649708376
CAND_08778,3.4,33.0,Mestrado,Capitais,Presencial,Masculino,Indígena,0.3996557394412791
CAND_08779,5.8,55.0,Doutorado,Região Metropolitana,Híbrido,Feminino,Branca,0.643641777671181
CAND_08780,5.6,47.0,Mestrado,Região Metropolitana,Remoto,Masculino,Amarela,0.5219382614842911
CAND_08781,6.2,63.0,Bacharelado,Capitais,Presencial,Não-binário,Preta,0.4540986714101495
CAND_08782,5.2,55.0,Mestrado,Interior,Presencial,Feminino,Parda,0.4393702110602053
CAND_08783,5.6,40.0,Bacharelado,Região Metropolitana,Híbrido,Masculino,Indígena,0.48246191070140076
CAND_08784,6.5,50.0,Bacharelado,Região Metropolitana,Híbrido,Masculino,Preta,0.42283066790904233
CAND_08785,6.4,52.0,Mestrado,Capitais,Presencial,Feminino,Indígena,0.6344688557138977
CAND_08786,4.9,62.0,Mestrado,Capitais,Híbrido,Feminino,Parda,0.4754476220100458
CAND_08787,4.8,62.0,Ensino Médio,Capitais,Presencial,Masculino,Parda,0.3993649756967447
CAND_08788,1.8,39.0,Mestrado,Interior,Remoto,Não-binário,Preta,0.34507219821160373
CAND_08789,6.0,64.0,Mestrado,Capitais,Remoto,Masculino,Amarela,0.7171144724179412
CAND_08790,11.2,80.0,Mestrado,Região Metropolitana,Híbrido,Feminino,Branca,0.7666278514484053
CAND_08791,6.3,50.0,Ensino Médio,Capitais,Presencial,Feminino,Indígena,0.5403325580506337
CAND_08792,5.3,21.0,Bacharelado,Região Metropolitana,Remoto,Não-binário,Branca,0.282877730409065
CAND_08793,0.0,35.0,Bacharelado,Capitais,Híbrido,Masculino,Branca,0.2804576017073161
CAND_08794,3.5,54.0,Doutorado,Região Metropolitana,Presencial,Não-binário,Indígena,0.5004562969731893
CAND_08795,7.4,67.0,Bacharelado,Capitais,Híbrido,Não-binário,Preta,0.3914537959083394
CAND_08796,5.4,55.0,Bacharelado,Região Metropolitana,Híbrido,Feminino,Parda,0.26720555989946226
CAND_08797,6.5,55.0,Mestrado,Região Metropolitana,Presencial,Não-binário,Indígena,0.43540494435895627
CAND_08798,6.3,53.0,Bacharelado,Capitais,Híbrido,Masculino,Amarela,0.5122687820734604
CAND_08799,6.0,34.0,Bacharelado,Capitais,Remoto,Feminino,Amarela,0.2583710422253117
CAND_08800,4.4,55.0,Ensino Médio,Capitais,Presencial,Não-binário,Parda,0.32864537530326743
CAND_08801,6.8,38.0,Bacharelado,Região Metropolitana,Presencial,Masculino,Parda,0.5367879904662085
CAND_08802,1.8,72.0,Mestrado,Capitais,Presencial,Feminino,Amarela,0.5948729863444328
CAND_08803,1.4,46.0,Bacharelado,Região Metropolitana,Remoto,Feminino,Indígena,0.2691017730095309
CAND_08804,4.5,60.0,Bacharelado,Capitais,Remoto,Feminino,Amarela,0.48715782307022554
CAND_08805,9.0,42.0,Mestrado,Capitais,Presencial,Feminino,Preta,0.5749460855797185
CAND_08806,5.0,52.0,Mestrado,Capitais,Presencial,Feminino,Amarela,0.5115910380201063
CAND_08807,2.7,62.0,Bacharelado,Capitais,Híbrido,Masculino,Indígena,0.3513853996261791
CAND_08808,4.9,67.0,Mestrado,Capitais,Presencial,Feminino,Branca,0.558068022579532
CAND_08809,0.0,39.0,Bacharelado,Região Metropolitana,Presencial,Não-binário,Branca,0.31484057560629275
CAND_08810,4.3,51.0,Mestrado,Região Metropolitana,Híbrido,Não-binário,Preta,0.4316788706011938
CAND_08811,2.7,57.0,Bacharelado,Capitais,Presencial,Não-binário,Indígena,0.40224726381912446
CAND_08812,0.0,42.0,Bacharelado,Região Metropolitana,Remoto,Feminino,Indígena,0.2533265814538592
CAND_08813,0.2,69.0,Bacharelado,Capitais,Remoto,Feminino,Parda,0.44283971483153683
CAND_08814,5.8,41.0,Bacharelado,Região Metropolitana,Híbrido,Feminino,Branca,0.34100661026894663
CAND_08815,4.1,51.0,Mestrado,Capitais,Híbrido,Não-binário,Indígena,0.536595322311066
CAND_08816,11.3,49.0,Bacharelado,Capitais,Presencial,Masculino,Parda,0.5176650021646634
CAND_08817,7.1,66.0,Ensino Médio,Capitais,Híbrido,Feminino,Indígena,0.4961540261077289
CAND_08818,4.3,72.0,Bacharelado,Capitais,Presencial,Feminino,Parda,0.4158386474787915
CAND_08819,1.4,32.0,Bacharelado,Região Metropolitana,Remoto,Masculino,Indígena,0.21022888642417267
CAND_08820,4.1,56.0,Mestrado,Capitais,Remoto,Não-binário,Preta,0.5129227460827753
CAND_08821,10.5,43.0,Bacharelado,Região Metropolitana,Híbrido,Não-binário,Preta,0.5453601711887538
CAND_08822,5.2,79.0,Bacharelado,Capitais,Híbrido,Masculino,Parda,0.5512160091120226
CAND_08823,3.2,58.0,Bacharelado,Capitais,Presencial,Masculino,Branca,0.22362248479794034
CAND_08824,5.0,46.0,Bacharelado,Capitais,Híbrido,Não-binário,Indígena,0.37729488838584985
CAND_08825,2.7,50.0,Mestrado,Capitais,Híbrido,Não-binário,Amarela,0.5467720197804528
CAND_08826,6.7,69.0,Bacharelado,Capitais,Presencial,Masculino,Indígena,0.5064185770248849
CAND_08827,4.2,61.0,Doutorado,Capitais,Híbrido,Feminino,Indígena,0.5695667345191858
CAND_08828,9.5,32.0,Mestrado,Capitais,Remoto,Não-binário,Parda,0.6517186053300456
CAND_08829,3.7,53.0,Mestrado,Capitais,Híbrido,Não-binário,Branca,0.6229786866185856
CAND_08830,2.3,32.0,Mestrado,Capitais,Híbrido,Feminino,Amarela,0.4152149889858955
CAND_08831,0.3,53.0,Bacharelado,Região Metropolitana,Remoto,Não-binário,Indígena,0.5010485460244359
CAND_08832,12.3,45.0,Bacharelado,Capitais,Híbrido,Masculino,Branca,0.38847262897861523
CAND_08833,2.3,52.0,Bacharelado,Região Metropolitana,Remoto,Feminino,Preta,0.4415477953825063
CAND_08834,4.6,66.0,Bacharelado,Região Metropolitana,Presencial,Não-binário,Parda,0.6547329793967686
CAND_08835,0.6,44.0,Mestrado,Capitais,Remoto,Masculino,Branca,0.4900897606201663
CAND_08836,3.3,65.0,Bacharelado,Capitais,Híbrido,Não-binário,Preta,0.3882642139655116
CAND_08837,0.0,44.0,Mestrado,Região Metropolitana,Presencial,Feminino,Parda,0.34583912757880786
CAND_08838,0.8,50.0,Mestrado,Capitais,Híbrido,Masculino,Branca,0.23825244066340087
CAND_08839,10.7,65.0,Bacharelado,Capitais,Híbrido,Feminino,Amarela,0.842952862702235
CAND_08840,4.4,50.0,Mestrado,Capitais,Remoto,Feminino,Parda,0.6485043506245715
CAND_08841,3.0,60.0,Bacharelado,Capitais,Presencial,Masculino,Parda,0.3856036638913977
CAND_08842,8.2,41.0,Mestrado,Capitais,Presencial,Não-binário,Parda,0.47290557720947407
CAND_08843,1.4,12.0,Bacharelado,Capitais,Presencial,Feminino,Parda,0.31495288451395786
CAND_08844,8.3,61.0,Bacharelado,Região Metropolitana,Presencial,Masculino,Preta,0.3683085723114039
CAND_08845,6.9,53.0,Bacharelado,Capitais,Presencial,Masculino,Indígena,0.40871739142546437
CAND_08846,7.9,27.0,Ensino Médio,Capitais,Presencial,Não-binário,Branca,0.23441047383568409
CAND_08847,5.4,66.0,Ensino Médio,Interior,Híbrido,Masculino,Branca,0.4038761405102106
CAND_08848,0.4,52.0,Mestrado,Capitais,Híbrido,Não-binário,Preta,0.4337497983556991
CAND_08849,3.1,47.0,Bacharelado,Capitais,Remoto,Não-binário,Preta,0.3972433428270413
CAND_08850,3.3,51.0,Bacharelado,Capitais,Remoto,Não-binário,Indígena,0.22960736864902076
CAND_08851,7.9,59.0,Mestrado,Capitais,Presencial,Não-binário,Branca,0.7701828067437235
CAND_08852,4.5,40.0,Bacharelado,Região Metropolitana,Presencial,Masculino,Preta,0.2253285087331377
CAND_08853,5.6,35.0,Bacharelado,Região Metropolitana,Híbrido,Não-binário,Indígena,0.46288110013985795
CAND_08854,5.2,36.0,Bacharelado,Capitais,Presencial,Masculino,Preta,0.38308529364809374
CAND_08855,6.7,64.0,Ensino Médio,Região Metropolitana,Híbrido,Feminino,Indígena,0.3782381908387157
CAND_08856,2.8,18.0,Bacharelado,Interior,Remoto,Não-binário,Branca,0.3075850998069491
CAND_08857,2.8,54.0,Mestrado,Região Metropolitana,Híbrido,Masculino,Preta,0.4531486054917092
CAND_08858,1.0,34.0,Bacharelado,Capitais,Híbrido,Masculino,Parda,0.20306080325415654
CAND_08859,0.0,63.0,Bacharelado,Região Metropolitana,Presencial,Masculino,Branca,0.3755151117357232
CAND_08860,5.0,39.0,Mestrado,Capitais,Remoto,Masculino,Branca,0.36626708509827116
CAND_08861,1.8,31.0,Mestrado,Capitais,Híbrido,Não-binário,Amarela,0.30130702937228554
CAND_08862,8.4,9.0,Bacharelado,Capitais,Híbrido,Masculino,Parda,0.5741084969138215
CAND_08863,2.8,64.0,Mestrado,Capitais,Presencial,Não-binário,Branca,0.3498351344844131
CAND_08864,5.1,22.0,Bacharelado,Capitais,Híbrido,Feminino,Parda,0.41383549065278574
CAND_08865,7.1,55.0,Bacharelado,Capitais,Híbrido,Feminino,Parda,0.3737927764744835
CAND_08866,8.6,51.0,Bacharelado,Região Metropolitana,Híbrido,Não-binário,Parda,0.5432117699692506
CAND_08867,9.0,27.0,Bacharelado,Região Metropolitana,Remoto,Masculino,Preta,0.4249426742963583
CAND_08868,10.0,71.0,Bacharelado,Capitais,Presencial,Feminino,Parda,0.8103928123331955
CAND_08869,7.1,17.0,Bacharelado,Capitais,Presencial,Masculino,Branca,0.3770253058267383
CAND_08870,7.0,71.0,Mestrado,Região Metropolitana,Presencial,Feminino,Branca,0.6573414957053393
CAND_08871,6.1,51.0,Bacharelado,Capitais,Híbrido,Feminino,Preta,0.4794932940218174
CAND_08872,5.2,47.0,Bacharelado,Capitais,Remoto,Não-binário,Amarela,0.39458689273818015
CAND_08873,10.3,38.0,Bacharelado,Capitais,Remoto,Masculino,Parda,0.5476044773765487
CAND_08874,5.6,34.0,Bacharelado,Capitais,Híbrido,Não-binário,Branca,0.46553803727244475
CAND_08875,0.0,23.0,Bacharelado,Capitais,Remoto,Não-binário,Indígena,0.3058879810965572
CAND_08876,5.7,50.0,Bacharelado,Região Metropolitana,Híbrido,Masculino,Indígena,0.5562517544829195
CAND_08877,5.5,44.0,Bacharelado,Capitais,Híbrido,Não-binário,Preta,0.42570098256037997
CAND_08878,6.2,57.0,Bacharelado,Região Metropolitana,Híbrido,Não-binário,Amarela,0.4272206890544635
CAND_08879,5.7,54.0,Ensino Médio,Capitais,Presencial,Feminino,Indígena,0.44056458470321347
CAND_08880,9.1,64.0,Mestrado,Capitais,Presencial,Não-binário,Branca,0.6831166141773274
CAND_08881,7.0,53.0,Bacharelado,Capitais,Remoto,Não-binário,Branca,0.4364553462616795
CAND_08882,4.4,64.0,Mestrado,Capitais,Híbrido,Feminino,Indígena,0.6621868800654973
CAND_08883,7.2,59.0,Bacharelado,Interior,Presencial,Masculino,Branca,0.4396704949881467
CAND_08884,2.0,64.0,Ensino Médio,Capitais,Híbrido,Não-binário,Parda,0.4646645517727872
CAND_08885,2.0,31.0,Bacharelado,Região Metropolitana,Híbrido,Feminino,Branca,0.48165785525249133
CAND_08886,9.1,55.0,Ensino Médio,Capitais,Híbrido,Feminino,Preta,0.4343483909248495
CAND_08887,3.9,23.0,Bacharelado,Interior,Híbrido,Feminino,Amarela,0.2527297904817114
CAND_08888,1.7,51.0,Bacharelado,Região Metropolitana,Híbrido,Não-binário,Amarela,0.22808123251504747
CAND_08889,3.5,47.0,Bacharelado,Região Metropolitana,Remoto,Não-binário,Branca,0.22840746571993864
CAND_08890,8.4,39.0,Bacharelado,Região Metropolitana,Presencial,Não-binário,Parda,0.5410764172008795
CAND_08891,11.1,43.0,Bacharelado,Região Metropolitana,Remoto,Masculino,Branca,0.6791730030969437
CAND_08892,4.5,33.0,Bacharelado,Interior,Remoto,Não-binário,Preta,0.34822436008824864
CAND_08893,6.1,65.0,Bacharelado,Capitais,Híbrido,Feminino,Preta,0.5193303749808997
CAND_08894,0.6,51.0,Bacharelado,Interior,Híbrido,Não-binário,Indígena,0.3605221339443906
CAND_08895,6.3,75.0,Bacharelado,Capitais,Remoto,Feminino,Parda,0.662547352770661
CAND_08896,5.5,54.0,Bacharelado,Capitais,Remoto,Não-binário,Branca,0.5669818272082738
CAND_08897,8.9,51.0,Bacharelado,Região Metropolitana,Remoto,Feminino,Branca,0.41535297721216474
CAND_08898,5.3,34.0,Doutorado,Interior,Remoto,Masculino,Preta,0.7641867278695069
CAND_08899,4.3,43.0,Doutorado,Capitais,Presencial,Não-binário,Parda,0.4589921240869043
CAND_08900,3.0,25.0,Bacharelado,Interior,Híbrido,Não-binário,Parda,0.3489712201221349
CAND_08901,6.9,50.0,Bacharelado,Capitais,Remoto,Não-binário,Indígena,0.3769918657774611
CAND_08902,11.4,57.0,Ensino Médio,Região Metropolitana,Presencial,Não-binário,Branca,0.6044830297514429
CAND_08903,2.8,53.0,Mestrado,Capitais,Presencial,Masculino,Amarela,0.4126555818195994
CAND_08904,3.8,43.0,Bacharelado,Região Metropolitana,Remoto,Masculino,Preta,0.40455251562962813
CAND_08905,0.0,23.0,Bacharelado,Região Metropolitana,Híbrido,Não-binário,Indígena,0.3200850867715799
CAND_08906,5.3,44.0,Doutorado,Capitais,Híbrido,Feminino,Preta,0.5584377375309422
CAND_08907,5.8,53.0,Bacharelado,Capitais,Híbrido,Não-binário,Parda,0.270159114255467
CAND_08908,11.0,64.0,Ensino Médio,Região Metropolitana,Presencial,Feminino,Amarela,0.49640699011629386
CAND_08909,6.9,53.0,Bacharelado,Capitais,Remoto,Feminino,Branca,0.5887180680704021
CAND_08910,3.3,39.0,Mestrado,Região Metropolitana,Híbrido,Não-binário,Indígena,0.434856742602236
CAND_08911,11.0,36.0,Bacharelado,Capitais,Remoto,Masculino,Amarela,0.6625816596099999
CAND_08912,3.7,60.0,Ensino Médio,Região Metropolitana,Presencial,Feminino,Indígena,0.4899482138296368
CAND_08913,6.3,59.0,Mestrado,Região Metropolitana,Remoto,Masculino,Indígena,0.49702349502026777
CAND_08914,0.0,44.0,Bacharelado,Capitais,Remoto,Masculino,Amarela,0.2517117199892216
CAND_08915,5.7,59.0,Bacharelado,Interior,Presencial,Masculino,Indígena,0.3312252703706801
CAND_08916,5.8,35.0,Bacharelado,Capitais,Remoto,Masculino,Branca,0.45477253156399866
CAND_08917,2.1,45.0,Ensino Médio,Região Metropolitana,Presencial,Feminino,Parda,0.40684653267452403
CAND_08918,0.4,38.0,Bacharelado,Capitais,Presencial,Feminino,Amarela,0.4254028850571721
CAND_08919,7.2,37.0,Mestrado,Região Metropolitana,Híbrido,Masculino,Indígena,0.5763215392353841
CAND_08920,8.9,60.0,Mestrado,Capitais,Presencial,Feminino,Preta,0.627809757259754
CAND_08921,0.0,48.0,Bacharelado,Capitais,Presencial,Feminino,Indígena,0.3660875250054213
CAND_08922,0.0,69.0,Bacharelado,Capitais,Presencial,Masculino,Parda,0.37131534894930773
CAND_08923,0.0,54.0,Bacharelado,Capitais,Híbrido,Masculino,Preta,0.37474486113925465
CAND_08924,6.3,57.0,Bacharelado,Capitais,Presencial,Não-binário,Amarela,0.49676602800889674
CAND_08925,1.5,35.0,Bacharelado,Capitais,Híbrido,Feminino,Parda,0.34400307456281715
CAND_08926,4.9,60.0,Bacharelado,Capitais,Presencial,Masculino,Indígena,0.5124333083497163
CAND_08927,6.9,58.0,Doutorado,Região Metropolitana,Presencial,Não-binário,Preta,0.6959257259014677
CAND_08928,3.3,71.0,Mestrado,Capitais,Presencial,Não-binário,Preta,0.529871977728959
CAND_08929,4.3,65.0,Bacharelado,Interior,Presencial,Feminino,Parda,0.4519093707119852
CAND_08930,5.3,51.0,Bacharelado,Interior,Presencial,Não-binário,Indígena,0.5138394804749429
CAND_08931,6.5,58.0,Bacharelado,Interior,Remoto,Feminino,Parda,0.5823251531735312
CAND_08932,5.2,57.0,Mestrado,Capitais,Presencial,Feminino,Parda,0.5828332473813848
CAND_08933,3.1,68.0,Doutorado,Capitais,Híbrido,Não-binário,Indígena,0.45161304104918687
CAND_08934,6.4,67.0,Bacharelado,Interior,Remoto,Feminino,Amarela,0.6247876644960078
CAND_08935,6.2,25.0,Mestrado,Interior,Remoto,Feminino,Indígena,0.37956202318924803
CAND_08936,10.1,68.0,Bacharelado,Capitais,Híbrido,Feminino,Parda,0.8524224674971329
CAND_08937,6.5,36.0,Bacharelado,Capitais,Presencial,Feminino,Amarela,0.3932258955959795
CAND_08938,1.7,42.0,Mestrado,Região Metropolitana,Remoto,Masculino,Preta,0.5113454807176068
CAND_08939,1.8,20.0,Bacharelado,Capitais,Presencial,Feminino,Indígena,0.28956817612579416
CAND_08940,3.3,77.0,Bacharelado,Capitais,Remoto,Masculino,Indígena,0.5128662737861138
CAND_08941,0.0,57.0,Bacharelado,Capitais,Presencial,Feminino,Indígena,0.3262360100708374
CAND_08942,0.0,39.0,Bacharelado,Capitais,Presencial,Não-binário,Parda,0.4700576216770995
CAND_08943,5.3,60.0,Bacharelado,Capitais,Presencial,Não-binário,Parda,0.4934235338623381
CAND_08944,1.6,57.0,Mestrado,Capitais,Presencial,Masculino,Parda,0.4544485453969133
CAND_08945,10.9,54.0,Bacharelado,Capitais,Híbrido,Masculino,Branca,0.49658283424004457
CAND_08946,5.0,38.0,Doutorado,Interior,Presencial,Não-binário,Parda,0.6006088557258792
CAND_08947,9.5,57.0,Bacharelado,Capitais,Remoto,Masculino,Preta,0.38088506998879873
CAND_08948,0.1,38.0,Mestrado,Região Metropolitana,Remoto,Feminino,Parda,0.27991564076982406
CAND_08949,2.9,56.0,Bacharelado,Capitais,Híbrido,Masculino,Branca,0.5902253358491374
CAND_08950,5.9,41.0,Bacharelado,Capitais,Híbrido,Masculino,Amarela,0.4747239055742348
CAND_08951,7.0,42.0,Mestrado,Capitais,Remoto,Feminino,Preta,0.5453501338273632
CAND_08952,3.8,71.0,Bacharelado,Região Metropolitana,Remoto,Masculino,Preta,0.5012893240569865
CAND_08953,3.4,34.0,Bacharelado,Região Metropolitana,Híbrido,Feminino,Branca,0.1481557887177216
CAND_08954,4.0,50.0,Bacharelado,Capitais,Presencial,Não-binário,Preta,0.44955742905258655
CAND_08955,0.4,67.0,Mestrado,Região Metropolitana,Híbrido,Masculino,Amarela,0.5370522767346567
CAND_08956,3.5,59.0,Bacharelado,Capitais,Híbrido,Feminino,Indígena,0.44570108185142554
CAND_08957,2.0,65.0,Mestrado,Capitais,Híbrido,Feminino,Amarela,0.3576462411404375
CAND_08958,2.9,40.0,Mestrado,Capitais,Presencial,Feminino,Amarela,0.34825002084391615
CAND_08959,1.2,43.0,Bacharelado,Região Metropolitana,Híbrido,Feminino,Amarela,0.5659956550556531
CAND_08960,0.0,48.0,Bacharelado,Capitais,Híbrido,Feminino,Parda,0.4826306155255865
CAND_08961,4.9,60.0,Bacharelado,Região Metropolitana,Híbrido,Não-binário,Amarela,0.3432957626919268
CAND_08962,8.3,55.0,Bacharelado,Capitais,Presencial,Feminino,Preta,0.28210202478222296
CAND_08963,1.1,80.0,Doutorado,Capitais,Híbrido,Masculino,Parda,0.767319517913905
CAND_08964,1.2,46.0,Bacharelado,Região Metropolitana,Presencial,Não-binário,Preta,0.324574803558815
CAND_08965,2.2,60.0,Doutorado,Capitais,Híbrido,Feminino,Parda,0.5101866884178384
CAND_08966,5.0,54.0,Bacharelado,Interior,Presencial,Masculino,Amarela,0.5630499481890909
CAND_08967,6.6,48.0,Ensino Médio,Região Metropolitana,Híbrido,Feminino,Parda,0.4112055329571809
CAND_08968,3.2,65.0,Bacharelado,Região Metropolitana,Híbrido,Masculino,Preta,0.5010616872912975
CAND_08969,0.4,60.0,Bacharelado,Região Metropolitana,Híbrido,Feminino,Amarela,0.3350684903160234
CAND_08970,7.0,54.0,Bacharelado,Região Metropolitana,Presencial,Feminino,Branca,0.43553576881407496
CAND_08971,3.8,61.0,Bacharelado,Capitais,Presencial,Masculino,Indígena,0.5759557012531592
CAND_08972,7.1,58.0,Bacharelado,Capitais,Presencial,Masculino,Indígena,0.41624419781648747
CAND_08973,7.0,26.0,Bacharelado,Região Metropolitana,Híbrido,Feminino,Preta,0.2943799351380131
CAND_08974,3.5,46.0,Mestrado,Capitais,Híbrido,Masculino,Indígena,0.3497540823166516
CAND_08975,4.1,57.0,Bacharelado,Capitais,Presencial,Feminino,Branca,0.49931765468119194
CAND_08976,2.2,40.0,Bacharelado,Capitais,Presencial,Masculino,Parda,0.3325933198021791
CAND_08977,2.6,43.0,Bacharelado,Região Metropolitana,Híbrido,Não-binário,Branca,0.48661098327508817
CAND_08978,5.4,44.0,Bacharelado,Interior,Híbrido,Feminino,Preta,0.5334413098024391
CAND_08979,6.5,41.0,Bacharelado,Capitais,Híbrido,Não-binário,Indígena,0.45903692459631507
CAND_08980,8.1,57.0,Ensino Médio,Capitais,Híbrido,Feminino,Preta,0.6874012227708557
CAND_08981,4.6,47.0,Mestrado,Região Metropolitana,Remoto,Masculino,Parda,0.5623795817032244
CAND_08982,6.2,46.0,Bacharelado,Região Metropolitana,Híbrido,Feminino,Amarela,0.3171434023478481
CAND_08983,5.0,39.0,Mestrado,Capitais,Híbrido,Não-binário,Branca,0.3947594752584364
CAND_08984,4.4,19.0,Bacharelado,Capitais,Remoto,Masculino,Branca,0.34758485336230116
CAND_08985,9.7,38.0,Bacharelado,Interior,Remoto,Feminino,Parda,0.4111671264431288
CAND_08986,3.7,59.0,Bacharelado,Interior,Híbrido,Masculino,Amarela,0.4384351355362045
CAND_08987,6.5,74.0,Ensino Médio,Capitais,Remoto,Feminino,Indígena,0.6687944111914595
CAND_08988,8.0,69.0,Bacharelado,Região Metropolitana,Híbrido,Masculino,Parda,0.5993665926330823
CAND_08989,0.0,57.0,Mestrado,Região Metropolitana,Híbrido,Masculino,Branca,0.3417373019395974
CAND_08990,10.4,65.0,Doutorado,Capitais,Presencial,Não-binário,Branca,0.7722343927791387
CAND_08991,4.0,89.0,Bacharelado,Interior,Híbrido,Feminino,Preta,0.5739028423462454
CAND_08992,0.0,57.0,Bacharelado,Capitais,Híbrido,Masculino,Indígena,0.22620489189194778
CAND_08993,5.9,40.0,Bacharelado,Capitais,Híbrido,Masculino,Branca,0.545917744160201
CAND_08994,6.1,55.0,Bacharelado,Capitais,Híbrido,Não-binário,Preta,0.4833112465977785
CAND_08995,6.3,83.0,Bacharelado,Capitais,Híbrido,Não-binário,Amarela,0.5622425633103587
CAND_08996,1.1,39.0,Bacharelado,Capitais,Remoto,Masculino,Amarela,0.44876489888146276
CAND_08997,9.5,55.0,Bacharelado,Capitais,Híbrido,Feminino,Indígena,0.5948124838242764
CAND_08998,9.4,42.0,Ensino Médio,Capitais,Remoto,Masculino,Preta,0.5369356093444759
CAND_08999,2.9,54.0,Mestrado,Capitais,Remoto,Feminino,Indígena,0.321466524669683
CAND_09000,5.1,73.0,Bacharelado,Capitais,Remoto,Não-binário,Branca,0.531113729371711
CAND_09001,2.0,62.0,Bacharelado,Capitais,Presencial,Masculino,Parda,0.28842338244789034
CAND_09002,8.8,59.0,Bacharelado,Capitais,Remoto,Masculino,Indígena,0.6030230788832934
CAND_09003,7.3,74.0,Doutorado,Capitais,Híbrido,Masculino,Parda,0.6024000216984442
CAND_09004,3.8,43.0,Mestrado,Capitais,Híbrido,Feminino,Indígena,0.599046994594143
CAND_09005,7.3,56.0,Mestrado,Interior,Híbrido,Feminino,Parda,0.5065993205473485
CAND_09006,1.4,57.0,Bacharelado,Capitais,Híbrido,Não-binário,Parda,0.4534587815815874
CAND_09007,8.7,41.0,Bacharelado,Região Metropolitana,Remoto,Feminino,Parda,0.5013740965861859
CAND_09008,4.5,40.0,Mestrado,Região Metropolitana,Híbrido,Não-binário,Amarela,0.39001973782188826
CAND_09009,2.5,51.0,Bacharelado,Capitais,Remoto,Feminino,Parda,0.3959308013480199
CAND_09010,2.7,59.0,Bacharelado,Capitais,Remoto,Masculino,Parda,0.5709717237741174
CAND_09011,3.7,59.0,Mestrado,Capitais,Presencial,Não-binário,Preta,0.6068250921371852
CAND_09012,7.2,51.0,Bacharelado,Região Metropolitana,Remoto,Não-binário,Branca,0.38128955953727994
CAND_09013,6.1,58.0,Ensino Médio,Região Metropolitana,Remoto,Masculino,Branca,0.5053002764794857
CAND_09014,3.2,38.0,Mestrado,Região Metropolitana,Remoto,Feminino,Indígena,0.4007013611851844
CAND_09015,3.9,53.0,Bacharelado,Capitais,Presencial,Masculino,Amarela,0.4117164982565339
CAND_09016,11.2,73.0,Bacharelado,Interior,Remoto,Masculino,Branca,0.6657848463374673
CAND_09017,0.7,40.0,Bacharelado,Capitais,Presencial,Feminino,Preta,0.28740156978830844
CAND_09018,9.8,35.0,Bacharelado,Capitais,Remoto,Masculino,Indígena,0.22906054988290397
CAND_09019,3.5,50.0,Mestrado,Região Metropolitana,Híbrido,Masculino,Preta,0.5067644640268749
CAND_09020,9.4,70.0,Bacharelado,Capitais,Presencial,Não-binário,Indígena,0.6047833616464093
CAND_09021,3.3,74.0,Bacharelado,Capitais,Híbrido,Feminino,Preta,0.4330994307039712
CAND_09022,3.3,25.0,Bacharelado,Região Metropolitana,Remoto,Masculino,Parda,0.4853245329968773
CAND_09023,6.5,37.0,Ensino Médio,Capitais,Remoto,Masculino,Parda,0.32303951600919645
CAND_09024,4.9,26.0,Mestrado,Interior,Remoto,Não-binário,Parda,0.38882242322812643
CAND_09025,6.3,63.0,Mestrado,Região Metropolitana,Remoto,Não-binário,Amarela,0.5380974137479874
CAND_09026,8.0,74.0,Mestrado,Capitais,Remoto,Feminino,Branca,0.5780830862955897
CAND_09027,3.8,44.0,Mestrado,Capitais,Remoto,Feminino,Indígena,0.4622563672663356
CAND_09028,4.4,55.0,Ensino Médio,Capitais,Remoto,Masculino,Preta,0.4106720667021443
CAND_09029,5.9,64.0,Ensino Médio,Capitais,Remoto,Feminino,Amarela,0.5040342129214483
CAND_09030,2.6,51.0,Bacharelado,Capitais,Híbrido,Feminino,Indígena,0.38719513627943375
CAND_09031,8.2,69.0,Mestrado,Capitais,Remoto,Masculino,Indígena,0.6714139878021727
CAND_09032,6.2,68.0,Mestrado,Capitais,Híbrido,Não-binário,Indígena,0.7407016956444272
CAND_09033,4.3,30.0,Bacharelado,Região Metropolitana,Híbrido,Não-binário,Amarela,0.3561668954884589
CAND_09034,4.0,68.0,Ensino Médio,Região Metropolitana,Presencial,Masculino,Preta,0.665411024046113
CAND_09035,4.1,44.0,Bacharelado,Capitais,Híbrido,Não-binário,Indígena,0.5289237244716329
CAND_09036,9.0,60.0,Mestrado,Região Metropolitana,Híbrido,Masculino,Parda,0.7110639031933704
CAND_09037,1.8,38.0,Bacharelado,Região Metropolitana,Presencial,Não-binário,Preta,0.3278172430628423
CAND_09038,3.6,45.0,Ensino Médio,Interior,Presencial,Masculino,Branca,0.28975855615097956
CAND_09039,4.5,85.0,Bacharelado,Capitais,Remoto,Não-binário,Parda,0.5278676571347163
CAND_09040,7.8,40.0,Bacharelado,Região Metropolitana,Presencial,Não-binário,Amarela,0.3638454646124794
CAND_09041,10.1,41.0,Bacharelado,Capitais,Presencial,Feminino,Parda,0.5223408655011638
CAND_09042,8.9,48.0,Mestrado,Região Metropolitana,Presencial,Feminino,Branca,0.6099158571533394
CAND_09043,10.4,4.0,Bacharelado,Capitais,Híbrido,Feminino,Parda,0.20330235240810443
CAND_09044,0.0,59.0,Doutorado,Capitais,Presencial,Masculino,Preta,0.4074091755783753
CAND_09045,3.3,41.0,Bacharelado,Capitais,Híbrido,Não-binário,Amarela,0.39364652216369794
CAND_09046,5.9,23.0,Bacharelado,Capitais,Híbrido,Feminino,Parda,0.4487621957005502
CAND_09047,3.2,19.0,Bacharelado,Região Metropolitana,Presencial,Não-binário,Amarela,0.279934564977783
CAND_09048,4.3,59.0,Mestrado,Capitais,Remoto,Feminino,Parda,0.5134002694076746
CAND_09049,3.9,45.0,Mestrado,Região Metropolitana,Presencial,Masculino,Amarela,0.42424472950504133
CAND_09050,5.6,79.0,Ensino Médio,Região Metropolitana,Presencial,Feminino,Preta,0.5485305053816879
CAND_09051,6.5,86.0,Doutorado,Capitais,Presencial,Feminino,Preta,0.6820488933020501
CAND_09052,0.3,32.0,Bacharelado,Capitais,Presencial,Masculino,Amarela,0.26815156968927895
CAND_09053,3.4,23.0,Mestrado,Interior,Remoto,Feminino,Amarela,0.4941020894076866
CAND_09054,3.2,62.0,Bacharelado,Região Metropolitana,Híbrido,Feminino,Amarela,0.44101868683302925
CAND_09055,5.9,39.0,Ensino Médio,Capitais,Remoto,Feminino,Preta,0.4294683989166463
CAND_09056,6.3,39.0,Doutorado,Capitais,Híbrido,Masculino,Preta,0.4925449617025046
CAND_09057,2.8,49.0,Mestrado,Capitais,Híbrido,Feminino,Indígena,0.4639617263480644
CAND_09058,4.1,33.0,Ensino Médio,Capitais,Remoto,Não-binário,Amarela,0.23108404306997643
CAND_09059,3.0,8.0,Bacharelado,Região Metropolitana,Presencial,Não-binário,Indígena,0.19510791791787593
CAND_09060,6.1,51.0,Bacharelado,Capitais,Remoto,Não-binário,Parda,0.4735618325821519
CAND_09061,1.7,39.0,Ensino Médio,Região Metropolitana,Remoto,Não-binário,Parda,0.41991796019943217
CAND_09062,8.6,36.0,Bacharelado,Interior,Híbrido,Não-binário,Amarela,0.5553062066956762
CAND_09063,8.3,31.0,Bacharelado,Capitais,Híbrido,Não-binário,Parda,0.39154422374252273
CAND_09064,2.3,58.0,Bacharelado,Capitais,Presencial,Masculino,Parda,0.5183027235247051
CAND_09065,2.0,44.0,Mestrado,Capitais,Presencial,Não-binário,Parda,0.3953422744063195
CAND_09066,5.5,53.0,Bacharelado,Capitais,Remoto,Feminino,Preta,0.3318301603845443
CAND_09067,3.8,44.0,Bacharelado,Capitais,Remoto,Feminino,Parda,0.4652897473698363
CAND_09068,2.5,39.0,Bacharelado,Região Metropolitana,Remoto,Masculino,Branca,0.5203430503554773
CAND_09069,2.8,49.0,Bacharelado,Capitais,Remoto,Não-binário,Amarela,0.45390166299332174
CAND_09070,1.6,23.0,Mestrado,Interior,Híbrido,Masculino,Preta,0.18339167107995816
CAND_09071,2.8,48.0,Mestrado,Região Metropolitana,Presencial,Não-binário,Amarela,0.4248472627905222
CAND_09072,0.9,65.0,Ensino Médio,Capitais,Híbrido,Não-binário,Parda,0.3906069918055655
CAND_09073,2.8,50.0,Bacharelado,Capitais,Presencial,Não-binário,Branca,0.4374753610517807
CAND_09074,0.0,25.0,Bacharelado,Capitais,Híbrido,Masculino,Branca,0.4597301466295052
CAND_09075,6.3,42.0,Bacharelado,Capitais,Híbrido,Não-binário,Branca,0.2606211272172137
CAND_09076,8.2,25.0,Bacharelado,Capitais,Remoto,Não-binário,Preta,0.36193880127203243
CAND_09077,3.0,33.0,Bacharelado,Região Metropolitana,Híbrido,Não-binário,Amarela,0.5422604024231661
CAND_09078,2.6,50.0,Doutorado,Interior,Remoto,Não-binário,Amarela,0.5477842926114349
CAND_09079,10.3,27.0,Ensino Médio,Região Metropolitana,Híbrido,Masculino,Amarela,0.34778005424461583
CAND_09080,10.1,51.0,Bacharelado,Interior,Presencial,Feminino,Preta,0.6321821454990137
CAND_09081,3.4,36.0,Ensino Médio,Região Metropolitana,Remoto,Masculino,Parda,0.38225370043661266
CAND_09082,9.0,48.0,Bacharelado,Região Metropolitana,Híbrido,Não-binário,Branca,0.529845828480668
CAND_09083,4.8,65.0,Bacharelado,Capitais,Presencial,Masculino,Parda,0.5862325231556239
CAND_09084,6.8,58.0,Bacharelado,Capitais,Presencial,Feminino,Indígena,0.6329779451849205
CAND_09085,4.7,47.0,Bacharelado,Capitais,Presencial,Feminino,Amarela,0.4301490134180545
CAND_09086,0.0,55.0,Bacharelado,Interior,Híbrido,Masculino,Branca,0.3775166258040036
CAND_09087,8.8,46.0,Bacharelado,Capitais,Remoto,Não-binário,Branca,0.44678329655395715
CAND_09088,7.1,48.0,Bacharelado,Capitais,Híbrido,Masculino,Indígena,0.45434977203876986
CAND_09089,6.1,70.0,Mestrado,Capitais,Presencial,Feminino,Parda,0.537894112855009
CAND_09090,0.0,51.0,Bacharelado,Capitais,Remoto,Não-binário,Indígena,0.23462008174030208
CAND_09091,4.5,34.0,Bacharelado,Capitais,Híbrido,Feminino,Amarela,0.3794691384168856
CAND_09092,6.1,27.0,Bacharelado,Capitais,Remoto,Não-binário,Branca,0.36261262255197846
CAND_09093,5.3,53.0,Bacharelado,Interior,Híbrido,Feminino,Amarela,0.3656280910869808
CAND_09094,6.4,34.0,Bacharelado,Capitais,Híbrido,Não-binário,Branca,0.5482260714328946
CAND_09095,2.1,39.0,Bacharelado,Capitais,Presencial,Masculino,Amarela,0.17962058218323157
CAND_09096,5.7,63.0,Bacharelado,Capitais,Presencial,Masculino,Preta,0.5195222464000836
CAND_09097,5.9,53.0,Bacharelado,Capitais,Remoto,Masculino,Preta,0.4130664919047488
CAND_09098,4.9,41.0,Bacharelado,Capitais,Presencial,Feminino,Indígena,0.4688649290907675
CAND_09099,0.7,55.0,Bacharelado,Capitais,Presencial,Masculino,Indígena,0.44952868207557795
CAND_09100,4.3,30.0,Bacharelado,Capitais,Híbrido,Feminino,Indígena,0.2953825964142758
CAND_09101,10.1,92.0,Bacharelado,Região Metropolitana,Remoto,Masculino,Preta,0.7303509133439692
CAND_09102,10.2,33.0,Ensino Médio,Capitais,Presencial,Não-binário,Amarela,0.4120539733076235
CAND_09103,2.6,39.0,Mestrado,Região Metropolitana,Híbrido,Não-binário,Amarela,0.4475885050105186
CAND_09104,4.8,55.0,Bacharelado,Capitais,Remoto,Não-binário,Preta,0.3632217562257523
CAND_09105,8.3,64.0,Bacharelado,Capitais,Híbrido,Não-binário,Amarela,0.5588856198445034
CAND_09106,5.7,33.0,Mestrado,Capitais,Híbrido,Feminino,Indígena,0.4039967296843443
CAND_09107,4.1,52.0,Bacharelado,Capitais,Presencial,Masculino,Branca,0.43155044569134554
CAND_09108,6.3,43.0,Doutorado,Região Metropolitana,Híbrido,Feminino,Parda,0.5820055971709994
CAND_09109,3.5,28.0,Bacharelado,Capitais,Presencial,Feminino,Amarela,0.26838145516733497
CAND_09110,3.9,35.0,Bacharelado,Região Metropolitana,Remoto,Feminino,Preta,0.4133047450223578
CAND_09111,9.8,42.0,Doutorado,Capitais,Híbrido,Feminino,Indígena,0.7152163575217696
CAND_09112,4.3,52.0,Bacharelado,Região Metropolitana,Híbrido,Não-binário,Indígena,0.3564632321442728
CAND_09113,9.2,41.0,Bacharelado,Capitais,Híbrido,Feminino,Preta,0.44742729767642614
CAND_09114,8.1,45.0,Bacharelado,Capitais,Híbrido,Feminino,Preta,0.5653962407689691
CAND_09115,6.7,30.0,Bacharelado,Região Metropolitana,Híbrido,Não-binário,Branca,0.49478706003452777
CAND_09116,0.0,48.0,Bacharelado,Região Metropolitana,Híbrido,Não-binário,Amarela,0.025069327784905338
CAND_09117,4.0,28.0,Bacharelado,Capitais,Híbrido,Masculino,Branca,0.3537168397766449
CAND_09118,3.9,64.0,Mestrado,Capitais,Remoto,Feminino,Branca,0.49481028574022834
CAND_09119,8.0,61.0,Bacharelado,Capitais,Presencial,Não-binário,Preta,0.4883898899176145
CAND_09120,5.8,44.0,Bacharelado,Região Metropolitana,Híbrido,Masculino,Parda,0.4810668107312184
CAND_09121,3.7,86.0,Bacharelado,Capitais,Híbrido,Feminino,Preta,0.6849401614546817
CAND_09122,7.3,48.0,Bacharelado,Capitais,Presencial,Masculino,Amarela,0.3560133770428654
CAND_09123,1.8,66.0,Doutorado,Interior,Híbrido,Não-binário,Indígena,0.5044876377647647
CAND_09124,0.0,70.0,Bacharelado,Capitais,Híbrido,Não-binário,Indígena,0.46343854068371615
CAND_09125,2.9,49.0,Mestrado,Capitais,Híbrido,Masculino,Branca,0.47882880928633104
CAND_09126,4.6,33.0,Bacharelado,Capitais,Presencial,Não-binário,Amarela,0.4437929779668433
CAND_09127,11.2,47.0,Bacharelado,Região Metropolitana,Híbrido,Masculino,Parda,0.6316376311572289
CAND_09128,3.3,40.0,Mestrado,Capitais,Presencial,Masculino,Parda,0.3434359494273842
CAND_09129,7.1,58.0,Mestrado,Região Metropolitana,Híbrido,Masculino,Preta,0.7775641763707922
CAND_09130,3.5,51.0,Bacharelado,Região Metropolitana,Presencial,Masculino,Branca,0.47044248422008483
CAND_09131,1.6,40.0,Bacharelado,Capitais,Híbrido,Masculino,Parda,0.5376362879884816
CAND_09132,8.2,68.0,Mestrado,Interior,Remoto,Masculino,Indígena,0.7524161505631721
CAND_09133,3.7,66.0,Mestrado,Capitais,Remoto,Feminino,Amarela,0.44698925798436384
CAND_09134,5.5,44.0,Bacharelado,Região Metropolitana,Híbrido,Não-binário,Branca,0.45189743635326096
CAND_09135,6.3,41.0,Mestrado,Capitais,Remoto,Não-binário,Amarela,0.3503042177818705
CAND_09136,13.3,33.0,Ensino Médio,Capitais,Presencial,Não-binário,Indígena,0.34311699853811006
CAND_09137,6.0,40.0,Mestrado,Capitais,Híbrido,Não-binário,Amarela,0.26094733570844514
CAND_09138,8.4,38.0,Mestrado,Região Metropolitana,Remoto,Masculino,Amarela,0.43164618854027925
CAND_09139,2.6,48.0,Bacharelado,Capitais,Híbrido,Feminino,Indígena,0.6862382504048877
CAND_09140,4.0,24.0,Ensino Médio,Capitais,Presencial,Feminino,Amarela,0.31917876973161746
CAND_09141,5.8,38.0,Bacharelado,Interior,Híbrido,Não-binário,Parda,0.4464617833669498
CAND_09142,1.1,27.0,Bacharelado,Capitais,Presencial,Feminino,Branca,0.4669321570342669
CAND_09143,2.2,56.0,Bacharelado,Capitais,Presencial,Não-binário,Preta,0.5836662448186511
CAND_09144,5.4,58.0,Bacharelado,Capitais,Remoto,Não-binário,Indígena,0.37063733249918823
CAND_09145,5.4,60.0,Mestrado,Capitais,Híbrido,Não-binário,Amarela,0.5663524630707314
CAND_09146,4.4,57.0,Bacharelado,Capitais,Híbrido,Masculino,Preta,0.49979851789245977
CAND_09147,8.7,40.0,Bacharelado,Região Metropolitana,Presencial,Feminino,Branca,0.5234601904631105
CAND_09148,2.9,40.0,Bacharelado,Capitais,Presencial,Masculino,Indígena,0.4855767743675762
CAND_09149,5.8,58.0,Mestrado,Região Metropolitana,Presencial,Masculino,Parda,0.46434318383019674
CAND_09150,10.0,22.0,Bacharelado,Interior,Remoto,Feminino,Preta,0.40271449167534734
CAND_09151,5.3,57.0,Bacharelado,Região Metropolitana,Presencial,Masculino,Indígena,0.6031967958178768
CAND_09152,2.4,53.0,Bacharelado,Interior,Híbrido,Não-binário,Parda,0.5620961636171002
CAND_09153,1.2,58.0,Mestrado,Região Metropolitana,Híbrido,Não-binário,Indígena,0.5039302919482856
CAND_09154,2.6,27.0,Bacharelado,Interior,Remoto,Masculino,Amarela,0.409951622619715
CAND_09155,6.9,46.0,Mestrado,Interior,Remoto,Masculino,Parda,0.5145808054781328
CAND_09156,3.3,33.0,Mestrado,Capitais,Remoto,Não-binário,Amarela,0.4638944387394692
CAND_09157,2.9,64.0,Bacharelado,Região Metropolitana,Remoto,Não-binário,Parda,0.6285261094817121
CAND_09158,7.3,71.0,Mestrado,Interior,Híbrido,Feminino,Parda,0.7692570626180957
CAND_09159,4.2,49.0,Bacharelado,Capitais,Presencial,Feminino,Indígena,0.5026904680951937
CAND_09160,7.7,89.0,Bacharelado,Região Metropolitana,Híbrido,Feminino,Indígena,0.7546913790018309
CAND_09161,6.7,37.0,Bacharelado,Capitais,Híbrido,Não-binário,Parda,0.41745910750644427
CAND_09162,4.2,55.0,Bacharelado,Capitais,Híbrido,Não-binário,Indígena,0.45320073809482037
CAND_09163,7.8,53.0,Bacharelado,Capitais,Presencial,Masculino,Branca,0.5763678418106009
CAND_09164,3.2,49.0,Ensino Médio,Capitais,Presencial,Não-binário,Amarela,0.1869563489388267
CAND_09165,7.6,43.0,Mestrado,Capitais,Remoto,Feminino,Preta,0.5945461047365227
CAND_09166,5.1,44.0,Bacharelado,Região Metropolitana,Híbrido,Não-binário,Branca,0.46447815189812947
CAND_09167,6.5,64.0,Ensino Médio,Capitais,Remoto,Masculino,Branca,0.4103244370628393
CAND_09168,6.1,46.0,Bacharelado,Capitais,Presencial,Não-binário,Amarela,0.542309030101923
CAND_09169,6.1,18.0,Mestrado,Capitais,Híbrido,Feminino,Parda,0.31829955621218015
CAND_09170,5.4,62.0,Bacharelado,Capitais,Remoto,Feminino,Preta,0.6181684971774188
CAND_09171,7.0,69.0,Mestrado,Região Metropolitana,Híbrido,Feminino,Indígena,0.6460379461029261
CAND_09172,3.5,19.0,Bacharelado,Capitais,Remoto,Feminino,Preta,0.3748230950107662
CAND_09173,4.3,58.0,Ensino Médio,Capitais,Híbrido,Masculino,Preta,0.4243549400995813
CAND_09174,3.6,65.0,Bacharelado,Capitais,Presencial,Masculino,Branca,0.5642894940401211
CAND_09175,1.9,46.0,Bacharelado,Região Metropolitana,Remoto,Feminino,Indígena,0.5322571340103399
CAND_09176,3.0,24.0,Bacharelado,Região Metropolitana,Híbrido,Não-binário,Amarela,0.3134560445776519
CAND_09177,4.1,39.0,Mestrado,Região Metropolitana,Híbrido,Feminino,Preta,0.39643298862463344
CAND_09178,5.7,55.0,Bacharelado,Capitais,Presencial,Não-binário,Indígena,0.515858832191521
CAND_09179,7.7,44.0,Ensino Médio,Capitais,Híbrido,Não-binário,Indígena,0.6364739357149662
CAND_09180,1.3,72.0,Bacharelado,Capitais,Híbrido,Não-binário,Indígena,0.3349769947430155
CAND_09181,0.0,30.0,Ensino Médio,Região Metropolitana,Híbrido,Feminino,Parda,0.3485577346738819
CAND_09182,7.5,49.0,Mestrado,Capitais,Presencial,Feminino,Parda,0.4411615585084099
CAND_09183,4.0,34.0,Bacharelado,Capitais,Híbrido,Feminino,Parda,0.3368442727085029
CAND_09184,0.0,54.0,Mestrado,Capitais,Híbrido,Masculino,Parda,0.7283261574814568
CAND_09185,1.6,42.0,Doutorado,Região Metropolitana,Remoto,Não-binário,Amarela,0.5388473628686908
CAND_09186,2.2,68.0,Bacharelado,Capitais,Presencial,Masculino,Parda,0.6516579119562895
CAND_09187,2.2,66.0,Bacharelado,Capitais,Híbrido,Feminino,Branca,0.37920739181473617
CAND_09188,5.3,74.0,Doutorado,Região Metropolitana,Híbrido,Masculino,Preta,0.728236768022501
CAND_09189,2.8,43.0,Doutorado,Capitais,Presencial,Feminino,Amarela,0.4787250382503201
CAND_09190,8.8,58.0,Mestrado,Capitais,Híbrido,Feminino,Amarela,0.9239702789896467
CAND_09191,9.0,35.0,Bacharelado,Região Metropolitana,Híbrido,Masculino,Branca,0.4074529601064806
CAND_09192,6.3,64.0,Doutorado,Capitais,Híbrido,Masculino,Preta,0.5870539394762968
CAND_09193,0.0,39.0,Mestrado,Interior,Presencial,Masculino,Branca,0.3332492347259324
CAND_09194,6.3,46.0,Doutorado,Capitais,Remoto,Feminino,Amarela,0.6047712232378823
CAND_09195,0.0,67.0,Bacharelado,Região Metropolitana,Híbrido,Não-binário,Indígena,0.2833672549941234
CAND_09196,2.2,51.0,Mestrado,Região Metropolitana,Híbrido,Não-binário,Preta,0.4308380158909674
CAND_09197,7.5,44.0,Bacharelado,Capitais,Híbrido,Masculino,Indígena,0.3506298199845907
CAND_09198,6.5,50.0,Doutorado,Capitais,Híbrido,Feminino,Indígena,0.6547689526630925
CAND_09199,8.3,74.0,Bacharelado,Região Metropolitana,Híbrido,Não-binário,Amarela,0.5407136948156125
CAND_09200,5.8,54.0,Bacharelado,Capitais,Híbrido,Não-binário,Branca,0.44546487918537436
CAND_09201,2.9,16.0,Bacharelado,Interior,Presencial,Não-binário,Branca,0.20390365171306996
CAND_09202,8.3,46.0,Mestrado,Região Metropolitana,Presencial,Feminino,Amarela,0.6449931154802784
CAND_09203,8.4,65.0,Doutorado,Região Metropolitana,Presencial,Masculino,Branca,0.6592042238184067
CAND_09204,9.2,45.0,Bacharelado,Região Metropolitana,Híbrido,Feminino,Indígena,0.6749468319425009
CAND_09205,6.8,60.0,Bacharelado,Capitais,Remoto,Masculino,Amarela,0.3608013163901486
CAND_09206,1.0,60.0,Bacharelado,Capitais,Híbrido,Não-binário,Branca,0.22677801082973575
CAND_09207,3.6,60.0,Bacharelado,Capitais,Remoto,Feminino,Preta,0.6391642631425701
CAND_09208,5.3,27.0,Bacharelado,Capitais,Híbrido,Não-binário,Indígena,0.32039146240265104
CAND_09209,7.9,52.0,Bacharelado,Capitais,Presencial,Não-binário,Amarela,0.42037050206263316
CAND_09210,4.3,86.0,Ensino Médio,Capitais,Híbrido,Feminino,Branca,0.690061523271818
CAND_09211,0.4,51.0,Bacharelado,Região Metropolitana,Híbrido,Masculino,Parda,0.3060822749621211
CAND_09212,4.3,71.0,Bacharelado,Capitais,Híbrido,Masculino,Preta,0.41098588012538656
CAND_09213,5.7,74.0,Doutorado,Capitais,Presencial,Feminino,Amarela,0.8127176718930436
CAND_09214,4.3,44.0,Bacharelado,Capitais,Presencial,Feminino,Branca,0.32173683522031277
CAND_09215,5.6,73.0,Bacharelado,Capitais,Remoto,Masculino,Parda,0.5583196116691631
CAND_09216,6.3,59.0,Bacharelado,Região Metropolitana,Presencial,Não-binário,Branca,0.4990969432283593
CAND_09217,5.8,58.0,Mestrado,Capitais,Híbrido,Feminino,Branca,0.7019016268468314
CAND_09218,3.6,46.0,Bacharelado,Capitais,Remoto,Não-binário,Amarela,0.43366298670843284
CAND_09219,5.2,50.0,Bacharelado,Capitais,Presencial,Masculino,Parda,0.5909872458434672
CAND_09220,2.9,61.0,Bacharelado,Capitais,Presencial,Não-binário,Parda,0.4450255780854421
CAND_09221,3.9,25.0,Mestrado,Capitais,Remoto,Masculino,Parda,0.35749380267710884
CAND_09222,7.0,78.0,Bacharelado,Capitais,Híbrido,Feminino,Indígena,0.5530745065579639
CAND_09223,7.4,37.0,Bacharelado,Capitais,Híbrido,Não-binário,Amarela,0.3263458837521687
CAND_09224,3.9,73.0,Mestrado,Capitais,Híbrido,Masculino,Parda,0.6558908444522953
CAND_09225,2.4,74.0,Bacharelado,Região Metropolitana,Remoto,Feminino,Indígena,0.5483221386861702
CAND_09226,4.7,35.0,Bacharelado,Capitais,Híbrido,Feminino,Branca,0.3645087496998865
CAND_09227,1.3,69.0,Doutorado,Capitais,Presencial,Feminino,Amarela,0.6645469435847655
CAND_09228,9.9,62.0,Bacharelado,Capitais,Híbrido,Masculino,Preta,0.6552609887421307
CAND_09229,5.3,33.0,Mestrado,Região Metropolitana,Remoto,Feminino,Parda,0.4352013581674861
CAND_09230,2.8,70.0,Mestrado,Capitais,Híbrido,Não-binário,Amarela,0.6203933078395582
CAND_09231,4.9,54.0,Mestrado,Capitais,Presencial,Não-binário,Indígena,0.5405766858464018
CAND_09232,6.1,58.0,Ensino Médio,Capitais,Híbrido,Feminino,Branca,0.5400734885977674
CAND_09233,2.0,64.0,Mestrado,Capitais,Remoto,Masculino,Parda,0.418791365589152
CAND_09234,3.9,41.0,Ensino Médio,Região Metropolitana,Híbrido,Feminino,Amarela,0.36259643724602336
CAND_09235,5.6,58.0,Bacharelado,Capitais,Presencial,Feminino,Parda,0.3273766566703924
CAND_09236,6.0,48.0,Bacharelado,Capitais,Remoto,Feminino,Parda,0.4804044817000491
CAND_09237,4.4,47.0,Bacharelado,Capitais,Remoto,Masculino,Indígena,0.3118979856634518
CAND_09238,1.6,55.0,Bacharelado,Capitais,Presencial,Não-binário,Branca,0.42325826261415433
CAND_09239,1.2,47.0,Bacharelado,Região Metropolitana,Híbrido,Masculino,Parda,0.4974480936245482
CAND_09240,1.7,61.0,Ensino Médio,Capitais,Presencial,Feminino,Preta,0.12294196455485723
CAND_09241,9.0,46.0,Ensino Médio,Capitais,Híbrido,Masculino,Indígena,0.6269187407807414
CAND_09242,5.7,46.0,Mestrado,Capitais,Remoto,Masculino,Preta,0.5140080176390662
CAND_09243,5.6,42.0,Bacharelado,Capitais,Híbrido,Não-binário,Branca,0.48456029136594225
CAND_09244,2.9,32.0,Mestrado,Capitais,Remoto,Feminino,Branca,0.3455472928146138
CAND_09245,5.3,72.0,Ensino Médio,Capitais,Híbrido,Feminino,Branca,0.7009617334185279
CAND_09246,8.6,56.0,Bacharelado,Interior,Híbrido,Feminino,Branca,0.6930647945565658
CAND_09247,6.4,83.0,Bacharelado,Região Metropolitana,Presencial,Não-binário,Preta,0.7679024865232796
CAND_09248,7.2,57.0,Mestrado,Região Metropolitana,Presencial,Não-binário,Branca,0.5721964468611168
CAND_09249,7.7,32.0,Bacharelado,Capitais,Presencial,Não-binário,Indígena,0.4190454965037005
CAND_09250,0.6,60.0,Bacharelado,Região Metropolitana,Presencial,Não-binário,Branca,0.4067692598600684
CAND_09251,3.6,50.0,Mestrado,Capitais,Remoto,Não-binário,Branca,0.44727284861667427
CAND_09252,7.8,62.0,Mestrado,Região Metropolitana,Presencial,Não-binário,Indígena,0.7438385078170776
CAND_09253,3.9,40.0,Bacharelado,Região Metropolitana,Presencial,Masculino,Amarela,0.21663175932048973
CAND_09254,5.0,33.0,Bacharelado,Região Metropolitana,Remoto,Feminino,Branca,0.24670047656350735
CAND_09255,0.0,55.0,Bacharelado,Capitais,Híbrido,Masculino,Parda,0.34289286918982353
CAND_09256,2.2,35.0,Doutorado,Capitais,Híbrido,Não-binário,Preta,0.42643003527884465
CAND_09257,5.1,35.0,Bacharelado,Capitais,Híbrido,Masculino,Parda,0.5461853539191877
CAND_09258,10.8,51.0,Bacharelado,Capitais,Presencial,Masculino,Amarela,0.6139022350121538
CAND_09259,4.4,49.0,Doutorado,Região Metropolitana,Remoto,Masculino,Preta,0.5898089449448802
CAND_09260,5.6,51.0,Bacharelado,Capitais,Remoto,Não-binário,Branca,0.2856792107850159
CAND_09261,5.1,57.0,Bacharelado,Capitais,Remoto,Feminino,Parda,0.48647474868636437
CAND_09262,7.6,46.0,Bacharelado,Região Metropolitana,Presencial,Não-binário,Amarela,0.40347813211593136
CAND_09263,2.6,35.0,Mestrado,Capitais,Híbrido,Não-binário,Preta,0.3802738857955886
CAND_09264,4.8,78.0,Bacharelado,Capitais,Híbrido,Feminino,Amarela,0.7516421744155014
CAND_09265,2.6,36.0,Ensino Médio,Capitais,Híbrido,Masculino,Parda,0.2901265919375798
CAND_09266,2.8,68.0,Bacharelado,Região Metropolitana,Híbrido,Não-binário,Amarela,0.5809312120153904
CAND_09267,9.7,18.0,Mestrado,Região Metropolitana,Presencial,Não-binário,Branca,0.38186081872856686
CAND_09268,1.1,53.0,Bacharelado,Capitais,Remoto,Masculino,Indígena,0.40191004290759735
CAND_09269,8.1,36.0,Bacharelado,Região Metropolitana,Remoto,Feminino,Indígena,0.5988419809688013
CAND_09270,0.3,41.0,Bacharelado,Interior,Remoto,Masculino,Parda,0.3681913396973578
CAND_09271,0.4,50.0,Bacharelado,Capitais,Híbrido,Masculino,Indígena,0.20770554723122017
CAND_09272,1.4,65.0,Bacharelado,Capitais,Híbrido,Feminino,Parda,0.26446307187838247
CAND_09273,0.0,56.0,Mestrado,Capitais,Presencial,Feminino,Parda,0.3602344580250978
CAND_09274,3.6,39.0,Bacharelado,Capitais,Presencial,Feminino,Amarela,0.26168344939124033
CAND_09275,9.6,65.0,Mestrado,Capitais,Remoto,Masculino,Preta,0.6149885449644317
CAND_09276,5.7,51.0,Bacharelado,Região Metropolitana,Presencial,Masculino,Amarela,0.37527443705429336
CAND_09277,2.7,83.0,Bacharelado,Capitais,Híbrido,Feminino,Parda,0.3949987751269292
CAND_09278,4.9,66.0,Mestrado,Capitais,Híbrido,Não-binário,Branca,0.5647367403071292
CAND_09279,0.0,54.0,Bacharelado,Região Metropolitana,Remoto,Feminino,Preta,0.3968036222458443
CAND_09280,5.5,54.0,Bacharelado,Capitais,Híbrido,Feminino,Amarela,0.5977357067537178
CAND_09281,3.0,65.0,Mestrado,Interior,Remoto,Feminino,Indígena,0.45817757932057257
CAND_09282,2.0,42.0,Bacharelado,Capitais,Híbrido,Não-binário,Indígena,0.4554188087445791
CAND_09283,3.7,67.0,Bacharelado,Capitais,Híbrido,Feminino,Indígena,0.267315421515131
CAND_09284,7.6,46.0,Mestrado,Capitais,Híbrido,Feminino,Branca,0.64647988752171
CAND_09285,5.1,39.0,Mestrado,Capitais,Remoto,Masculino,Branca,0.30829643303155807
CAND_09286,4.8,41.0,Mestrado,Região Metropolitana,Presencial,Masculino,Parda,0.384101283938513
CAND_09287,0.0,36.0,Bacharelado,Região Metropolitana,Híbrido,Não-binário,Preta,0.25799374850248213
CAND_09288,6.0,28.0,Ensino Médio,Capitais,Híbrido,Não-binário,Indígena,0.3417644574784885
CAND_09289,7.4,52.0,Bacharelado,Região Metropolitana,Presencial,Não-binário,Parda,0.5301753752868269
CAND_09290,4.8,37.0,Mestrado,Capitais,Remoto,Masculino,Parda,0.3014985274267855
CAND_09291,6.7,72.0,Doutorado,Capitais,Remoto,Não-binário,Parda,0.6393618096941462
CAND_09292,8.3,28.0,Bacharelado,Região Metropolitana,Presencial,Não-binário,Preta,0.5654753744830073
CAND_09293,4.9,46.0,Mestrado,Capitais,Híbrido,Masculino,Amarela,0.5275896324344613
CAND_09294,2.5,71.0,Bacharelado,Região Metropolitana,Híbrido,Não-binário,Branca,0.3538107356884139
CAND_09295,8.2,74.0,Bacharelado,Capitais,Híbrido,Masculino,Amarela,0.3651833521482216
CAND_09296,10.4,21.0,Mestrado,Região Metropolitana,Híbrido,Feminino,Indígena,0.5722902556805431
CAND_09297,2.9,66.0,Doutorado,Capitais,Híbrido,Não-binário,Branca,0.4850533618013769
CAND_09298,5.9,34.0,Ensino Médio,Capitais,Remoto,Não-binário,Amarela,0.3704892785697099
CAND_09299,1.9,46.0,Ensino Médio,Capitais,Presencial,Feminino,Branca,0.3070589351023119
CAND_09300,6.9,72.0,Bacharelado,Capitais,Híbrido,Não-binário,Indígena,0.6622495351179676
CAND_09301,1.8,49.0,Mestrado,Região Metropolitana,Remoto,Não-binário,Amarela,0.5014480869272018
CAND_09302,2.1,60.0,Bacharelado,Região Metropolitana,Híbrido,Não-binário,Preta,0.509475886162096
CAND_09303,4.1,33.0,Mestrado,Capitais,Remoto,Não-binário,Preta,0.20107836259659836
CAND_09304,1.0,27.0,Bacharelado,Região Metropolitana,Híbrido,Não-binário,Preta,0.3515001550526362
CAND_09305,1.9,45.0,Mestrado,Região Metropolitana,Híbrido,Masculino,Branca,0.43991352922249904
CAND_09306,0.3,44.0,Bacharelado,Região Metropolitana,Remoto,Masculino,Preta,0.29487079467106914
CAND_09307,2.7,40.0,Ensino Médio,Capitais,Remoto,Não-binário,Indígena,0.413081021035454
CAND_09308,3.5,46.0,Bacharelado,Capitais,Híbrido,Feminino,Parda,0.2698654777600649
CAND_09309,6.9,74.0,Mestrado,Capitais,Presencial,Não-binário,Preta,0.7339026688385514
CAND_09310,0.8,27.0,Mestrado,Capitais,Híbrido,Masculino,Branca,0.32318557949556054
CAND_09311,7.4,15.0,Mestrado,Capitais,Presencial,Não-binário,Preta,0.4294639248399388
CAND_09312,3.7,64.0,Ensino Médio,Região Metropolitana,Presencial,Não-binário,Parda,0.3453088794817111
CAND_09313,3.4,57.0,Mestrado,Região Metropolitana,Presencial,Não-binário,Preta,0.5806764991665856
CAND_09314,2.8,75.0,Mestrado,Capitais,Remoto,Feminino,Indígena,0.7219085464510844
CAND_09315,6.9,21.0,Bacharelado,Capitais,Híbrido,Não-binário,Branca,0.3115721194715432
CAND_09316,2.6,49.0,Bacharelado,Capitais,Presencial,Feminino,Indígena,0.43303983689072306
CAND_09317,7.6,55.0,Bacharelado,Região Metropolitana,Remoto,Feminino,Amarela,0.5715973640227054
CAND_09318,0.1,57.0,Ensino Médio,Capitais,Híbrido,Feminino,Preta,0.14820278053960517
CAND_09319,5.9,63.0,Mestrado,Interior,Presencial,Não-binário,Preta,0.621678208644782
CAND_09320,10.0,27.0,Bacharelado,Capitais,Remoto,Não-binário,Branca,0.7367105496137286
CAND_09321,3.8,51.0,Bacharelado,Capitais,Híbrido,Masculino,Indígena,0.4543823570349645
CAND_09322,8.7,47.0,Bacharelado,Capitais,Híbrido,Feminino,Amarela,0.43904087798238167
CAND_09323,3.6,63.0,Bacharelado,Região Metropolitana,Híbrido,Masculino,Amarela,0.3601146484533604
CAND_09324,3.6,44.0,Ensino Médio,Capitais,Híbrido,Feminino,Amarela,0.34937380600631973
CAND_09325,11.5,67.0,Bacharelado,Capitais,Remoto,Não-binário,Amarela,0.5486422039651995
CAND_09326,4.2,26.0,Bacharelado,Região Metropolitana,Presencial,Masculino,Parda,0.2885928998697175
CAND_09327,6.6,65.0,Mestrado,Capitais,Presencial,Não-binário,Indígena,0.5227629431099186
CAND_09328,7.3,35.0,Mestrado,Capitais,Presencial,Feminino,Amarela,0.4204669153606472
CAND_09329,7.9,63.0,Bacharelado,Região Metropolitana,Remoto,Masculino,Parda,0.5141890415245933
CAND_09330,3.9,34.0,Bacharelado,Capitais,Híbrido,Masculino,Indígena,0.26298263064931127
CAND_09331,6.0,54.0,Bacharelado,Região Metropolitana,Remoto,Não-binário,Parda,0.3727254554658369
CAND_09332,1.9,48.0,Bacharelado,Região Metropolitana,Remoto,Não-binário,Parda,0.3425097861271707
CAND_09333,2.8,45.0,Bacharelado,Capitais,Presencial,Não-binário,Branca,0.34078194252108096
CAND_09334,3.2,48.0,Mestrado,Capitais,Híbrido,Feminino,Indígena,0.44091844482322856
CAND_09335,4.8,64.0,Mestrado,Capitais,Presencial,Feminino,Parda,0.4004179480087976
CAND_09336,5.3,32.0,Bacharelado,Capitais,Remoto,Masculino,Preta,0.38665145469594575
CAND_09337,7.2,57.0,Mestrado,Região Metropolitana,Presencial,Masculino,Branca,0.7251448408132748
CAND_09338,8.9,47.0,Bacharelado,Capitais,Híbrido,Não-binário,Indígena,0.6144489862258471
CAND_09339,6.0,60.0,Bacharelado,Capitais,Remoto,Não-binário,Parda,0.44283585869317754
CAND_09340,11.9,39.0,Bacharelado,Capitais,Híbrido,Masculino,Amarela,0.47682745078618116
CAND_09341,5.3,51.0,Mestrado,Região Metropolitana,Presencial,Feminino,Indígena,0.5593802995595483
CAND_09342,5.2,86.0,Bacharelado,Capitais,Remoto,Não-binário,Indígena,0.7532659781673253
CAND_09343,8.6,66.0,Bacharelado,Capitais,Remoto,Masculino,Indígena,0.7658430505579772
CAND_09344,5.6,64.0,Bacharelado,Capitais,Remoto,Feminino,Preta,0.5446521332762141
CAND_09345,6.2,36.0,Bacharelado,Região Metropolitana,Híbrido,Masculino,Amarela,0.29393939554989346
CAND_09346,5.9,32.0,Bacharelado,Capitais,Presencial,Feminino,Parda,0.5433254725508926
CAND_09347,4.2,73.0,Mestrado,Capitais,Híbrido,Masculino,Amarela,0.4452883499323228
CAND_09348,1.3,37.0,Ensino Médio,Capitais,Presencial,Masculino,Branca,0.3180510646934012
CAND_09349,7.9,9.0,Mestrado,Região Metropolitana,Remoto,Não-binário,Preta,0.44518933042352726
CAND_09350,8.6,55.0,Bacharelado,Região Metropolitana,Remoto,Feminino,Amarela,0.4336210015292114
CAND_09351,8.8,41.0,Bacharelado,Região Metropolitana,Remoto,Masculino,Indígena,0.4772047810954744
CAND_09352,5.0,48.0,Bacharelado,Região Metropolitana,Remoto,Feminino,Branca,0.43592539264181385
CAND_09353,4.8,42.0,Mestrado,Capitais,Híbrido,Não-binário,Indígena,0.38271739371531754
CAND_09354,1.0,25.0,Mestrado,Região Metropolitana,Híbrido,Masculino,Branca,0.31297748785227725
CAND_09355,0.5,39.0,Bacharelado,Capitais,Híbrido,Feminino,Amarela,0.6168086169293773
CAND_09356,4.4,56.0,Bacharelado,Capitais,Presencial,Não-binário,Amarela,0.5195566344577167
CAND_09357,9.4,43.0,Bacharelado,Capitais,Híbrido,Feminino,Amarela,0.5902430340432991
CAND_09358,2.0,38.0,Bacharelado,Capitais,Remoto,Não-binário,Indígena,0.32459947112964627
CAND_09359,1.6,52.0,Mestrado,Capitais,Híbrido,Feminino,Branca,0.62952799622889
CAND_09360,4.7,50.0,Ensino Médio,Capitais,Presencial,Masculino,Parda,0.31886459790714916
CAND_09361,3.8,57.0,Bacharelado,Região Metropolitana,Remoto,Não-binário,Indígena,0.32501586839661417
CAND_09362,5.0,44.0,Mestrado,Capitais,Presencial,Não-binário,Indígena,0.40226336157538345
CAND_09363,3.3,60.0,Mestrado,Região Metropolitana,Remoto,Não-binário,Amarela,0.4977662728981094
CAND_09364,7.4,60.0,Bacharelado,Região Metropolitana,Remoto,Feminino,Indígena,0.478682387213701
CAND_09365,2.7,62.0,Bacharelado,Interior,Remoto,Feminino,Preta,0.38016139380871067
CAND_09366,8.1,52.0,Bacharelado,Interior,Presencial,Masculino,Amarela,0.4172225146292562
CAND_09367,2.0,41.0,Mestrado,Capitais,Remoto,Masculino,Indígena,0.3581344399325598
CAND_09368,3.2,50.0,Bacharelado,Região Metropolitana,Híbrido,Feminino,Indígena,0.4070146742503645
CAND_09369,4.6,43.0,Bacharelado,Capitais,Presencial,Feminino,Parda,0.5284341381517621
CAND_09370,1.0,44.0,Bacharelado,Capitais,Híbrido,Não-binário,Indígena,0.29200942844504485
CAND_09371,2.9,50.0,Bacharelado,Capitais,Híbrido,Feminino,Amarela,0.557376254795717
CAND_09372,9.4,39.0,Bacharelado,Capitais,Remoto,Não-binário,Parda,0.42700356719782695
CAND_09373,3.1,46.0,Bacharelado,Interior,Híbrido,Masculino,Branca,0.37649914005219887
CAND_09374,4.5,54.0,Bacharelado,Capitais,Presencial,Não-binário,Branca,0.4694252281481106
CAND_09375,3.7,74.0,Bacharelado,Região Metropolitana,Híbrido,Feminino,Indígena,0.6240986096952369
CAND_09376,8.3,55.0,Bacharelado,Capitais,Híbrido,Feminino,Indígena,0.5401764082095825
CAND_09377,4.7,50.0,Bacharelado,Região Metropolitana,Presencial,Não-binário,Indígena,0.4674913797717552
CAND_09378,5.5,63.0,Doutorado,Região Metropolitana,Híbrido,Feminino,Parda,0.7122560484444221
CAND_09379,3.2,60.0,Bacharelado,Capitais,Remoto,Masculino,Branca,0.49571507693558425
CAND_09380,9.1,62.0,Mestrado,Capitais,Presencial,Feminino,Indígena,0.5995322535506035
CAND_09381,6.3,72.0,Bacharelado,Capitais,Remoto,Não-binário,Preta,0.49908555319696724
CAND_09382,6.9,48.0,Ensino Médio,Capitais,Híbrido,Feminino,Amarela,0.443372397184109
CAND_09383,5.4,56.0,Mestrado,Região Metropolitana,Presencial,Não-binário,Indígena,0.6430579031227664
CAND_09384,3.3,60.0,Ensino Médio,Capitais,Híbrido,Feminino,Branca,0.41823635071430854
CAND_09385,3.1,64.0,Bacharelado,Região Metropolitana,Presencial,Masculino,Amarela,0.5449939052662462
CAND_09386,8.4,20.0,Bacharelado,Interior,Remoto,Feminino,Indígena,0.37321709722615737
CAND_09387,9.0,39.0,Mestrado,Região Metropolitana,Presencial,Não-binário,Branca,0.5792359402319828
CAND_09388,3.9,73.0,Bacharelado,Região Metropolitana,Presencial,Masculino,Branca,0.5662305168877706
CAND_09389,6.5,68.0,Mestrado,Capitais,Híbrido,Masculino,Branca,0.6336433575841574
CAND_09390,2.8,49.0,Bacharelado,Região Metropolitana,Presencial,Feminino,Indígena,0.36213880646108837
CAND_09391,5.1,47.0,Bacharelado,Capitais,Híbrido,Masculino,Amarela,0.5114840800891444
CAND_09392,0.7,76.0,Mestrado,Capitais,Híbrido,Feminino,Parda,0.5307699562321966
CAND_09393,3.3,72.0,Doutorado,Interior,Presencial,Masculino,Parda,0.7486553241117821
CAND_09394,4.0,58.0,Bacharelado,Capitais,Híbrido,Masculino,Amarela,0.5469845501727405
CAND_09395,8.1,35.0,Mestrado,Capitais,Híbrido,Masculino,Parda,0.5470460988680099
CAND_09396,6.9,56.0,Bacharelado,Capitais,Remoto,Não-binário,Branca,0.573075875345897
CAND_09397,2.2,47.0,Ensino Médio,Capitais,Híbrido,Masculino,Preta,0.4054780354512999
CAND_09398,5.4,35.0,Bacharelado,Capitais,Híbrido,Feminino,Amarela,0.5412893993248913
CAND_09399,4.0,45.0,Bacharelado,Capitais,Híbrido,Não-binário,Indígena,0.5319019458852136
CAND_09400,1.2,53.0,Bacharelado,Capitais,Remoto,Masculino,Parda,0.6168991179856511
CAND_09401,2.2,72.0,Bacharelado,Região Metropolitana,Remoto,Feminino,Parda,0.3429886634935052
CAND_09402,1.4,55.0,Bacharelado,Capitais,Híbrido,Masculino,Amarela,0.12026286553386067
CAND_09403,3.4,63.0,Doutorado,Capitais,Híbrido,Não-binário,Amarela,0.7139746427513499
CAND_09404,8.3,53.0,Mestrado,Interior,Híbrido,Feminino,Indígena,0.6574339895500826
CAND_09405,5.2,58.0,Bacharelado,Capitais,Remoto,Não-binário,Parda,0.3738400845598353
CAND_09406,5.3,50.0,Ensino Médio,Capitais,Remoto,Feminino,Preta,0.4668316783748669
CAND_09407,6.8,54.0,Bacharelado,Capitais,Híbrido,Não-binário,Indígena,0.5526825326390921
CAND_09408,6.0,37.0,Ensino Médio,Capitais,Presencial,Não-binário,Indígena,0.3526461280761852
CAND_09409,0.0,48.0,Bacharelado,Capitais,Remoto,Não-binário,Amarela,0.40111347291876703
CAND_09410,5.0,33.0,Bacharelado,Capitais,Híbrido,Feminino,Amarela,0.31715283868141375
CAND_09411,4.8,63.0,Mestrado,Capitais,Remoto,Feminino,Indígena,0.5453681055902586
CAND_09412,3.6,64.0,Bacharelado,Capitais,Híbrido,Não-binário,Preta,0.510397775959113
CAND_09413,5.6,56.0,Bacharelado,Capitais,Híbrido,Não-binário,Indígena,0.5618983933666292
CAND_09414,0.8,41.0,Mestrado,Região Metropolitana,Remoto,Feminino,Preta,0.44246171638103016
CAND_09415,7.5,48.0,Doutorado,Capitais,Remoto,Feminino,Indígena,0.6255248686701755
CAND_09416,2.2,85.0,Bacharelado,Capitais,Híbrido,Masculino,Preta,0.4679852771747069
CAND_09417,1.6,70.0,Mestrado,Capitais,Presencial,Não-binário,Preta,0.47024446293054284
CAND_09418,3.1,49.0,Mestrado,Interior,Híbrido,Não-binário,Parda,0.30776666037054606
CAND_09419,5.9,40.0,Bacharelado,Capitais,Presencial,Feminino,Branca,0.47362849244329486
CAND_09420,1.5,52.0,Bacharelado,Capitais,Presencial,Feminino,Indígena,0.47828947326967386
CAND_09421,0.7,52.0,Bacharelado,Interior,Presencial,Não-binário,Amarela,0.2857457367099603
CAND_09422,4.4,27.0,Bacharelado,Capitais,Híbrido,Feminino,Indígena,0.4241627637123015
CAND_09423,0.2,41.0,Bacharelado,Interior,Presencial,Não-binário,Preta,0.31639657000080185
CAND_09424,7.5,48.0,Mestrado,Região Metropolitana,Remoto,Masculino,Branca,0.5631843809222047
CAND_09425,5.3,49.0,Doutorado,Interior,Presencial,Não-binário,Branca,0.514186060480678
CAND_09426,6.8,67.0,Mestrado,Capitais,Híbrido,Não-binário,Amarela,0.6529489559403256
CAND_09427,0.0,32.0,Mestrado,Capitais,Híbrido,Feminino,Parda,0.11946991567563553
CAND_09428,4.7,43.0,Bacharelado,Capitais,Híbrido,Feminino,Indígena,0.6005459275466294
CAND_09429,0.0,58.0,Bacharelado,Região Metropolitana,Híbrido,Masculino,Amarela,0.42690229768812155
CAND_09430,5.1,63.0,Ensino Médio,Capitais,Remoto,Feminino,Branca,0.5374767319400786
CAND_09431,2.6,63.0,Mestrado,Interior,Presencial,Não-binário,Branca,0.42587706255899827
CAND_09432,12.6,32.0,Bacharelado,Região Metropolitana,Híbrido,Masculino,Indígena,0.4545610759255826
CAND_09433,2.7,59.0,Mestrado,Capitais,Remoto,Não-binário,Branca,0.544207783421535
CAND_09434,5.1,49.0,Ensino Médio,Capitais,Presencial,Feminino,Branca,0.24243987072921314
CAND_09435,0.0,56.0,Bacharelado,Região Metropolitana,Híbrido,Feminino,Amarela,0.3831487289009039
CAND_09436,1.8,57.0,Bacharelado,Capitais,Híbrido,Feminino,Preta,0.3559372632686993
CAND_09437,0.1,26.0,Bacharelado,Capitais,Remoto,Não-binário,Branca,0.21877032837526877
CAND_09438,4.5,49.0,Mestrado,Capitais,Remoto,Feminino,Indígena,0.4312811607536151
CAND_09439,11.4,38.0,Bacharelado,Região Metropolitana,Híbrido,Feminino,Preta,0.5614480789043468
CAND_09440,0.7,58.0,Mestrado,Capitais,Híbrido,Feminino,Amarela,0.5163391955060812
CAND_09441,0.0,39.0,Bacharelado,Capitais,Presencial,Feminino,Parda,0.4224367681548132
CAND_09442,8.1,71.0,Bacharelado,Capitais,Híbrido,Masculino,Preta,0.44502921526616535
CAND_09443,7.1,31.0,Mestrado,Capitais,Híbrido,Não-binário,Parda,0.3955504092723901
CAND_09444,4.2,49.0,Bacharelado,Região Metropolitana,Remoto,Feminino,Indígena,0.3965242595626247
CAND_09445,3.1,49.0,Mestrado,Capitais,Presencial,Feminino,Indígena,0.5973391798719934
CAND_09446,5.6,54.0,Bacharelado,Capitais,Híbrido,Feminino,Indígena,0.44851141906343234
CAND_09447,9.6,25.0,Doutorado,Capitais,Presencial,Feminino,Parda,0.57364160605431
CAND_09448,2.0,67.0,Bacharelado,Capitais,Remoto,Não-binário,Indígena,0.4136562634286407
CAND_09449,6.8,54.0,Bacharelado,Capitais,Híbrido,Não-binário,Amarela,0.45321486169011
CAND_09450,5.7,9.0,Mestrado,Capitais,Remoto,Feminino,Preta,0.5318022587805382
CAND_09451,7.1,56.0,Bacharelado,Capitais,Híbrido,Não-binário,Preta,0.5620308227592061
CAND_09452,3.5,62.0,Bacharelado,Capitais,Presencial,Masculino,Branca,0.37764929694747174
CAND_09453,6.9,44.0,Bacharelado,Região Metropolitana,Remoto,Não-binário,Parda,0.41703594830766366
CAND_09454,8.5,35.0,Mestrado,Capitais,Híbrido,Não-binário,Branca,0.5230603675436909
CAND_09455,9.8,64.0,Mestrado,Capitais,Remoto,Não-binário,Parda,0.5358067287366788
CAND_09456,3.2,51.0,Mestrado,Capitais,Híbrido,Feminino,Amarela,0.46276041327715645
CAND_09457,10.9,25.0,Mestrado,Interior,Remoto,Masculino,Preta,0.5372899977765004
CAND_09458,3.3,32.0,Bacharelado,Capitais,Híbrido,Feminino,Indígena,0.21647663444243412
CAND_09459,5.9,55.0,Ensino Médio,Capitais,Híbrido,Masculino,Preta,0.5102221824540719
CAND_09460,8.4,40.0,Mestrado,Região Metropolitana,Presencial,Feminino,Parda,0.5980219642633142
CAND_09461,6.9,58.0,Mestrado,Capitais,Remoto,Feminino,Indígena,0.5085133044889474
CAND_09462,2.2,62.0,Doutorado,Capitais,Remoto,Feminino,Amarela,0.6661431375502538
CAND_09463,1.5,68.0,Doutorado,Capitais,Presencial,Feminino,Branca,0.4092352753116236
CAND_09464,3.2,30.0,Mestrado,Capitais,Híbrido,Masculino,Amarela,0.18003260723641953
CAND_09465,6.9,51.0,Ensino Médio,Capitais,Presencial,Feminino,Amarela,0.5411295817499997
CAND_09466,3.9,47.0,Bacharelado,Capitais,Remoto,Não-binário,Branca,0.6442708005904769
CAND_09467,3.8,43.0,Ensino Médio,Capitais,Remoto,Masculino,Indígena,0.3037272903212865
CAND_09468,6.5,82.0,Doutorado,Capitais,Híbrido,Masculino,Parda,0.49998062376958896
CAND_09469,3.9,41.0,Bacharelado,Capitais,Remoto,Feminino,Indígena,0.12717355418890625
CAND_09470,3.0,43.0,Bacharelado,Capitais,Remoto,Não-binário,Indígena,0.4682398820049295
CAND_09471,8.8,42.0,Mestrado,Região Metropolitana,Híbrido,Masculino,Branca,0.6266405412942744
CAND_09472,3.6,36.0,Bacharelado,Região Metropolitana,Híbrido,Masculino,Preta,0.6189585006634721
CAND_09473,1.1,59.0,Bacharelado,Capitais,Híbrido,Não-binário,Parda,0.3702072480762992
CAND_09474,5.6,75.0,Bacharelado,Interior,Presencial,Feminino,Indígena,0.759267157596883
CAND_09475,7.9,49.0,Bacharelado,Capitais,Remoto,Masculino,Amarela,0.5744237198178787
CAND_09476,1.8,21.0,Bacharelado,Região Metropolitana,Híbrido,Feminino,Preta,0.3140777923317582
CAND_09477,4.5,51.0,Bacharelado,Região Metropolitana,Híbrido,Masculino,Preta,0.5320098348152555
CAND_09478,3.4,40.0,Bacharelado,Região Metropolitana,Remoto,Masculino,Amarela,0.32612777904881257
CAND_09479,6.9,16.0,Bacharelado,Capitais,Presencial,Feminino,Amarela,0.23689953559885954
CAND_09480,4.0,42.0,Mestrado,Capitais,Remoto,Não-binário,Indígena,0.2962572119898953
CAND_09481,0.5,82.0,Bacharelado,Capitais,Híbrido,Feminino,Amarela,0.4925579171981267
CAND_09482,3.9,70.0,Bacharelado,Região Metropolitana,Presencial,Não-binário,Indígena,0.42352492174790984
CAND_09483,7.1,43.0,Ensino Médio,Capitais,Híbrido,Feminino,Amarela,0.5333849692124603
CAND_09484,4.9,55.0,Mestrado,Região Metropolitana,Híbrido,Não-binário,Amarela,0.5545333431335409
CAND_09485,3.6,59.0,Bacharelado,Capitais,Híbrido,Masculino,Preta,0.3871803403269653
CAND_09486,1.3,52.0,Ensino Médio,Capitais,Remoto,Masculino,Branca,0.3870041127982311
CAND_09487,4.3,31.0,Bacharelado,Região Metropolitana,Presencial,Feminino,Parda,0.3291069173738849
CAND_09488,4.3,52.0,Mestrado,Região Metropolitana,Híbrido,Feminino,Parda,0.3933840153731835
CAND_09489,2.6,50.0,Mestrado,Região Metropolitana,Remoto,Feminino,Preta,0.5136980940425387
CAND_09490,8.4,21.0,Bacharelado,Capitais,Híbrido,Não-binário,Parda,0.4508186494294287
CAND_09491,5.4,52.0,Bacharelado,Capitais,Presencial,Masculino,Branca,0.5045029944181828
CAND_09492,0.0,63.0,Bacharelado,Interior,Presencial,Feminino,Preta,0.4991975640539639
CAND_09493,0.0,63.0,Ensino Médio,Região Metropolitana,Híbrido,Masculino,Parda,0.3682492268100438
CAND_09494,10.0,59.0,Bacharelado,Capitais,Presencial,Não-binário,Parda,0.49985836542045214
CAND_09495,4.6,44.0,Bacharelado,Capitais,Remoto,Masculino,Amarela,0.22585469618988696
CAND_09496,4.7,14.0,Mestrado,Capitais,Presencial,Feminino,Indígena,0.5063902618817722
CAND_09497,8.8,34.0,Doutorado,Capitais,Remoto,Masculino,Indígena,0.44104834661436154
CAND_09498,7.4,43.0,Bacharelado,Região Metropolitana,Híbrido,Feminino,Preta,0.4321740621683762
CAND_09499,3.4,63.0,Bacharelado,Interior,Híbrido,Feminino,Parda,0.44875168097056595
CAND_09500,7.1,44.0,Bacharelado,Região Metropolitana,Presencial,Não-binário,Indígena,0.4434626435833803
CAND_09501,10.0,42.0,Mestrado,Capitais,Remoto,Feminino,Parda,0.5626622776630261
CAND_09502,7.5,59.0,Bacharelado,Capitais,Híbrido,Não-binário,Amarela,0.4655132096035921
CAND_09503,4.9,42.0,Mestrado,Capitais,Híbrido,Feminino,Preta,0.37044983150102917
CAND_09504,3.3,46.0,Bacharelado,Região Metropolitana,Remoto,Não-binário,Parda,0.3675734656650568
CAND_09505,4.9,26.0,Bacharelado,Região Metropolitana,Presencial,Feminino,Preta,0.3235645992216074
CAND_09506,8.8,37.0,Bacharelado,Capitais,Presencial,Não-binário,Amarela,0.34725958383727695
CAND_09507,5.7,49.0,Doutorado,Interior,Remoto,Masculino,Branca,0.5213292179780571
CAND_09508,8.5,70.0,Bacharelado,Capitais,Presencial,Feminino,Amarela,0.6036644275335052
CAND_09509,2.3,46.0,Bacharelado,Capitais,Presencial,Feminino,Branca,0.4442162478505295
CAND_09510,3.5,47.0,Bacharelado,Interior,Remoto,Não-binário,Branca,0.5198431016948342
CAND_09511,1.3,44.0,Bacharelado,Capitais,Presencial,Masculino,Branca,0.42029180576291125
CAND_09512,10.9,52.0,Bacharelado,Região Metropolitana,Presencial,Não-binário,Indígena,0.6888685888695933
CAND_09513,8.0,48.0,Bacharelado,Capitais,Híbrido,Não-binário,Amarela,0.5963081767231032
CAND_09514,1.1,40.0,Bacharelado,Região Metropolitana,Híbrido,Não-binário,Branca,0.4531009637831903
CAND_09515,4.2,68.0,Mestrado,Capitais,Híbrido,Masculino,Amarela,0.5661786941744773
CAND_09516,2.7,50.0,Bacharelado,Capitais,Remoto,Feminino,Amarela,0.5085481544606345
CAND_09517,5.3,54.0,Mestrado,Capitais,Presencial,Feminino,Indígena,0.5956811303284284
CAND_09518,5.1,50.0,Ensino Médio,Capitais,Presencial,Masculino,Parda,0.4981123492877597
CAND_09519,9.9,68.0,Bacharelado,Capitais,Remoto,Masculino,Amarela,0.6482233550899071
CAND_09520,6.5,38.0,Ensino Médio,Região Metropolitana,Híbrido,Masculino,Amarela,0.369686128758781
CAND_09521,6.1,59.0,Mestrado,Capitais,Remoto,Não-binário,Parda,0.5625564370368715
CAND_09522,8.8,60.0,Bacharelado,Interior,Híbrido,Não-binário,Branca,0.5767399638998052
CAND_09523,9.7,70.0,Bacharelado,Capitais,Híbrido,Não-binário,Amarela,0.5111483206723559
CAND_09524,5.6,59.0,Ensino Médio,Capitais,Híbrido,Masculino,Indígena,0.3523932606852975
CAND_09525,0.0,46.0,Ensino Médio,Capitais,Presencial,Feminino,Preta,0.30335275897691727
CAND_09526,7.4,77.0,Doutorado,Capitais,Presencial,Não-binário,Preta,0.66523540756302
CAND_09527,0.0,62.0,Bacharelado,Capitais,Remoto,Feminino,Branca,0.4035940689555754
CAND_09528,3.5,74.0,Ensino Médio,Região Metropolitana,Presencial,Não-binário,Indígena,0.4192636896875523
CAND_09529,8.7,64.0,Ensino Médio,Interior,Híbrido,Masculino,Indígena,0.5611236237572499
CAND_09530,6.3,45.0,Mestrado,Interior,Híbrido,Feminino,Branca,0.40238862015636867
CAND_09531,0.0,57.0,Bacharelado,Região Metropolitana,Remoto,Não-binário,Branca,0.4020049301561638
CAND_09532,6.8,42.0,Bacharelado,Capitais,Presencial,Feminino,Parda,0.4810498431357789
CAND_09533,5.3,43.0,Mestrado,Região Metropolitana,Remoto,Masculino,Branca,0.4549514842940416
CAND_09534,4.4,31.0,Bacharelado,Região Metropolitana,Remoto,Não-binário,Amarela,0.4262570969469404
CAND_09535,7.3,31.0,Doutorado,Capitais,Remoto,Feminino,Parda,0.48011258910553134
CAND_09536,4.8,63.0,Ensino Médio,Capitais,Presencial,Feminino,Parda,0.4149161674278234
CAND_09537,2.2,72.0,Mestrado,Capitais,Híbrido,Masculino,Parda,0.52050684823042
CAND_09538,5.6,51.0,Bacharelado,Capitais,Presencial,Masculino,Branca,0.4776293297698012
CAND_09539,1.2,67.0,Bacharelado,Interior,Presencial,Feminino,Amarela,0.3455997856206874
CAND_09540,0.2,40.0,Bacharelado,Capitais,Híbrido,Masculino,Branca,0.3656454691957785
CAND_09541,5.6,41.0,Bacharelado,Capitais,Híbrido,Masculino,Preta,0.5098402879817131
CAND_09542,6.0,71.0,Mestrado,Capitais,Remoto,Masculino,Branca,0.46098898583964776
CAND_09543,9.3,47.0,Mestrado,Capitais,Presencial,Feminino,Parda,0.7031290732533029
CAND_09544,4.1,70.0,Bacharelado,Interior,Híbrido,Feminino,Parda,0.41941844098043757
CAND_09545,3.9,78.0,Bacharelado,Capitais,Remoto,Não-binário,Preta,0.47681109087381124
CAND_09546,1.6,57.0,Bacharelado,Interior,Presencial,Masculino,Branca,0.17474158046310506
CAND_09547,0.5,43.0,Mestrado,Região Metropolitana,Híbrido,Masculino,Indígena,0.35918144544045427
CAND_09548,0.0,53.0,Mestrado,Região Metropolitana,Híbrido,Não-binário,Indígena,0.6066477342414534
CAND_09549,6.1,46.0,Bacharelado,Capitais,Presencial,Feminino,Parda,0.5141823006827586
CAND_09550,7.4,69.0,Ensino Médio,Interior,Híbrido,Não-binário,Amarela,0.30621222384217195
CAND_09551,7.6,66.0,Bacharelado,Capitais,Híbrido,Feminino,Parda,0.632576745334422
CAND_09552,5.8,62.0,Bacharelado,Capitais,Remoto,Não-binário,Branca,0.6476721964192974
CAND_09553,3.8,59.0,Mestrado,Região Metropolitana,Híbrido,Não-binário,Amarela,0.470182049342767
CAND_09554,4.0,40.0,Doutorado,Capitais,Remoto,Feminino,Indígena,0.6469228153192
CAND_09555,2.6,84.0,Bacharelado,Interior,Presencial,Não-binário,Indígena,0.47750639598954037
CAND_09556,8.6,56.0,Bacharelado,Capitais,Híbrido,Masculino,Preta,0.36875099117385257
CAND_09557,3.0,52.0,Mestrado,Capitais,Híbrido,Feminino,Amarela,0.518674525687604
CAND_09558,0.0,63.0,Bacharelado,Região Metropolitana,Presencial,Feminino,Preta,0.3954797727244934
CAND_09559,3.8,48.0,Bacharelado,Região Metropolitana,Remoto,Feminino,Amarela,0.29888094165082213
CAND_09560,6.7,59.0,Bacharelado,Capitais,Híbrido,Masculino,Preta,0.3951879103086675
CAND_09561,5.4,35.0,Bacharelado,Capitais,Remoto,Masculino,Preta,0.33502906055389114
CAND_09562,2.5,38.0,Doutorado,Região Metropolitana,Presencial,Não-binário,Branca,0.5975976648286261
CAND_09563,3.6,35.0,Bacharelado,Capitais,Remoto,Não-binário,Amarela,0.5147178654663305
CAND_09564,0.5,61.0,Bacharelado,Capitais,Remoto,Feminino,Indígena,0.6396138031144281
CAND_09565,7.0,93.0,Bacharelado,Capitais,Híbrido,Feminino,Indígena,0.895029621591004
CAND_09566,0.0,63.0,Mestrado,Região Metropolitana,Presencial,Feminino,Amarela,0.5653673034775627
CAND_09567,10.9,57.0,Bacharelado,Capitais,Híbrido,Masculino,Amarela,0.5797172132729832
CAND_09568,4.7,72.0,Bacharelado,Capitais,Híbrido,Feminino,Indígena,0.3975017855367625
CAND_09569,1.2,30.0,Ensino Médio,Capitais,Híbrido,Masculino,Amarela,0.35112903320458844
CAND_09570,0.0,48.0,Bacharelado,Região Metropolitana,Presencial,Feminino,Amarela,0.4274982183173327
CAND_09571,1.4,58.0,Mestrado,Capitais,Híbrido,Feminino,Preta,0.30991448090387286
CAND_09572,3.0,67.0,Bacharelado,Região Metropolitana,Híbrido,Masculino,Indígena,0.48466879791683404
CAND_09573,2.2,39.0,Mestrado,Capitais,Híbrido,Feminino,Indígena,0.24253887245376574
CAND_09574,0.9,45.0,Ensino Médio,Capitais,Presencial,Não-binário,Branca,0.48919860488427236
CAND_09575,6.4,52.0,Bacharelado,Capitais,Remoto,Não-binário,Preta,0.3466151902269599
CAND_09576,3.1,80.0,Bacharelado,Região Metropolitana,Híbrido,Masculino,Preta,0.5471758432140628
CAND_09577,1.5,55.0,Ensino Médio,Interior,Híbrido,Masculino,Amarela,0.46286662427313296
CAND_09578,14.2,54.0,Bacharelado,Região Metropolitana,Remoto,Não-binário,Amarela,0.5218440111184846
CAND_09579,1.4,32.0,Bacharelado,Região Metropolitana,Remoto,Feminino,Parda,0.440603148419586
CAND_09580,4.4,48.0,Mestrado,Capitais,Remoto,Feminino,Preta,0.4552754283550712
CAND_09581,2.2,43.0,Mestrado,Capitais,Remoto,Masculino,Branca,0.3142244310826058
CAND_09582,13.5,52.0,Bacharelado,Interior,Remoto,Masculino,Preta,0.500311406664473
CAND_09583,8.8,49.0,Bacharelado,Capitais,Híbrido,Feminino,Branca,0.6142612121154415
CAND_09584,7.5,63.0,Bacharelado,Região Metropolitana,Remoto,Feminino,Indígena,0.5807279527067851
CAND_09585,2.0,48.0,Bacharelado,Capitais,Híbrido,Masculino,Branca,0.37740101465915293
CAND_09586,9.3,52.0,Bacharelado,Capitais,Híbrido,Masculino,Indígena,0.5255065073591416
CAND_09587,0.0,56.0,Bacharelado,Interior,Presencial,Masculino,Parda,0.25696852684224114
CAND_09588,11.8,56.0,Mestrado,Região Metropolitana,Presencial,Não-binário,Parda,0.6778490194222088
CAND_09589,3.5,38.0,Doutorado,Região Metropolitana,Híbrido,Não-binário,Branca,0.2918006153929713
CAND_09590,4.2,53.0,Mestrado,Capitais,Híbrido,Feminino,Amarela,0.5604460137524151
CAND_09591,3.6,60.0,Bacharelado,Capitais,Híbrido,Não-binário,Parda,0.6859724328977168
CAND_09592,7.5,12.0,Mestrado,Capitais,Presencial,Não-binário,Preta,0.4600951535514849
CAND_09593,2.4,44.0,Bacharelado,Capitais,Híbrido,Feminino,Indígena,0.4951974787378808
CAND_09594,3.0,9.0,Bacharelado,Região Metropolitana,Presencial,Feminino,Preta,0.16809422101631447
CAND_09595,4.4,8.0,Mestrado,Região Metropolitana,Presencial,Masculino,Parda,0.145094333537556
CAND_09596,8.4,64.0,Mestrado,Capitais,Presencial,Não-binário,Parda,0.6912440940527587
CAND_09597,11.2,53.0,Bacharelado,Região Metropolitana,Híbrido,Não-binário,Parda,0.5450205939726117
CAND_09598,4.3,56.0,Bacharelado,Região Metropolitana,Híbrido,Masculino,Amarela,0.3952900190923616
CAND_09599,2.2,65.0,Bacharelado,Interior,Híbrido,Masculino,Preta,0.6164673832086022
CAND_09600,7.2,42.0,Bacharelado,Interior,Remoto,Feminino,Indígena,0.502762550081453
CAND_09601,10.2,57.0,Mestrado,Capitais,Remoto,Não-binário,Preta,0.7722674332117279
CAND_09602,1.0,51.0,Bacharelado,Região Metropolitana,Híbrido,Feminino,Amarela,0.3409579908756447
CAND_09603,6.6,35.0,Bacharelado,Capitais,Híbrido,Masculino,Parda,0.2748334551386893
CAND_09604,11.5,30.0,Bacharelado,Região Metropolitana,Presencial,Não-binário,Parda,0.5313453227918091
CAND_09605,5.1,65.0,Mestrado,Região Metropolitana,Remoto,Não-binário,Parda,0.6713885148857066
CAND_09606,6.6,40.0,Mestrado,Capitais,Híbrido,Feminino,Preta,0.33600482000141163
CAND_09607,6.0,59.0,Bacharelado,Região Metropolitana,Remoto,Feminino,Parda,0.5074366158359948
CAND_09608,4.5,71.0,Bacharelado,Capitais,Remoto,Não-binário,Preta,0.48835020728165385
CAND_09609,13.3,38.0,Ensino Médio,Capitais,Remoto,Masculino,Parda,0.5297459920180445
CAND_09610,6.5,47.0,Bacharelado,Capitais,Remoto,Masculino,Indígena,0.3950281649622033
CAND_09611,7.4,54.0,Bacharelado,Capitais,Híbrido,Não-binário,Amarela,0.4976858085690687
CAND_09612,0.0,52.0,Bacharelado,Capitais,Presencial,Masculino,Indígena,0.31832771881134747
CAND_09613,4.4,58.0,Bacharelado,Região Metropolitana,Remoto,Não-binário,Branca,0.47978907146320376
CAND_09614,7.5,58.0,Bacharelado,Capitais,Remoto,Feminino,Indígena,0.5225608127802485
CAND_09615,3.6,48.0,Bacharelado,Interior,Remoto,Feminino,Amarela,0.2957459077681147
CAND_09616,8.6,48.0,Mestrado,Capitais,Remoto,Feminino,Branca,0.6381148602432789
CAND_09617,3.4,61.0,Bacharelado,Capitais,Presencial,Feminino,Preta,0.504905054880097
CAND_09618,5.4,48.0,Bacharelado,Capitais,Presencial,Masculino,Preta,0.392758158198699
CAND_09619,9.7,69.0,Mestrado,Região Metropolitana,Remoto,Feminino,Branca,0.7368605889452846
CAND_09620,4.9,30.0,Bacharelado,Capitais,Presencial,Não-binário,Indígena,0.5197043855566237
CAND_09621,8.4,66.0,Bacharelado,Interior,Presencial,Não-binário,Branca,0.5946633189459852
CAND_09622,7.1,48.0,Bacharelado,Capitais,Presencial,Não-binário,Preta,0.43993183845341777
CAND_09623,2.6,56.0,Bacharelado,Interior,Remoto,Feminino,Indígena,0.34428411953815746
CAND_09624,2.0,74.0,Ensino Médio,Região Metropolitana,Presencial,Feminino,Parda,0.17265483709477303
CAND_09625,9.7,59.0,Bacharelado,Capitais,Híbrido,Não-binário,Branca,0.674445006401235
CAND_09626,7.2,54.0,Bacharelado,Interior,Remoto,Masculino,Indígena,0.49688324865429645
CAND_09627,3.0,56.0,Bacharelado,Capitais,Híbrido,Feminino,Branca,0.35583775937525
CAND_09628,4.2,37.0,Bacharelado,Capitais,Híbrido,Feminino,Preta,0.504497805454332
CAND_09629,2.1,80.0,Bacharelado,Capitais,Presencial,Não-binário,Amarela,0.5701094200105653
CAND_09630,0.0,44.0,Ensino Médio,Capitais,Híbrido,Não-binário,Indígena,0.31579361482382146
CAND_09631,6.3,56.0,Bacharelado,Região Metropolitana,Híbrido,Não-binário,Indígena,0.41943381262201374
CAND_09632,4.6,53.0,Mestrado,Região Metropolitana,Presencial,Não-binário,Branca,0.2795486416530497
CAND_09633,2.2,57.0,Bacharelado,Capitais,Híbrido,Feminino,Amarela,0.4858483712097177
CAND_09634,0.0,59.0,Ensino Médio,Capitais,Presencial,Não-binário,Indígena,0.257790612936106
CAND_09635,6.4,47.0,Bacharelado,Capitais,Presencial,Feminino,Preta,0.37419424366085385
CAND_09636,8.0,33.0,Ensino Médio,Região Metropolitana,Híbrido,Masculino,Branca,0.4334790293715552
CAND_09637,4.1,64.0,Bacharelado,Capitais,Híbrido,Feminino,Indígena,0.34550802040029654
CAND_09638,7.0,19.0,Ensino Médio,Capitais,Presencial,Masculino,Branca,0.17677576746927842
CAND_09639,5.8,55.0,Bacharelado,Região Metropolitana,Híbrido,Masculino,Preta,0.5107939013004886
CAND_09640,5.8,14.0,Bacharelado,Região Metropolitana,Híbrido,Masculino,Amarela,0.42834664454703747
CAND_09641,6.1,32.0,Bacharelado,Capitais,Híbrido,Feminino,Parda,0.4880096470978743
CAND_09642,6.3,87.0,Bacharelado,Capitais,Presencial,Masculino,Parda,0.5249921520877444
CAND_09643,6.1,23.0,Mestrado,Capitais,Presencial,Masculino,Parda,0.38222134584046363
CAND_09644,6.3,51.0,Bacharelado,Capitais,Remoto,Masculino,Parda,0.503809632889343
CAND_09645,5.9,40.0,Bacharelado,Capitais,Híbrido,Masculino,Branca,0.24200111463375967
CAND_09646,9.5,66.0,Mestrado,Região Metropolitana,Presencial,Masculino,Amarela,0.5756454796328198
CAND_09647,3.5,46.0,Ensino Médio,Capitais,Remoto,Feminino,Amarela,0.4355706714849785
CAND_09648,2.0,82.0,Bacharelado,Região Metropolitana,Remoto,Não-binário,Branca,0.49939187917944944
CAND_09649,3.7,35.0,Bacharelado,Interior,Remoto,Feminino,Preta,0.25130282028661416
CAND_09650,1.7,30.0,Mestrado,Região Metropolitana,Híbrido,Não-binário,Parda,0.31329741936722144
CAND_09651,3.0,47.0,Bacharelado,Interior,Remoto,Masculino,Branca,0.3653787443980753
CAND_09652,0.6,28.0,Mestrado,Região Metropolitana,Híbrido,Não-binário,Parda,0.452342962719228
CAND_09653,5.5,40.0,Ensino Médio,Capitais,Presencial,Não-binário,Preta,0.2870793318073448
CAND_09654,5.2,42.0,Bacharelado,Capitais,Presencial,Feminino,Indígena,0.4726777900942905
CAND_09655,6.7,71.0,Mestrado,Capitais,Híbrido,Não-binário,Branca,0.5983410423793651
CAND_09656,2.9,34.0,Bacharelado,Capitais,Híbrido,Feminino,Preta,0.4128630198361258
CAND_09657,10.2,69.0,Mestrado,Capitais,Remoto,Não-binário,Parda,0.5904743878111597
CAND_09658,6.9,59.0,Bacharelado,Capitais,Híbrido,Não-binário,Branca,0.46534086172707967
CAND_09659,1.3,37.0,Mestrado,Capitais,Remoto,Masculino,Amarela,0.23579455030621455
CAND_09660,1.0,47.0,Bacharelado,Interior,Presencial,Feminino,Branca,0.4821255731621574
CAND_09661,3.5,44.0,Bacharelado,Capitais,Remoto,Masculino,Amarela,0.5410376693666117
CAND_09662,1.1,53.0,Bacharelado,Capitais,Remoto,Feminino,Parda,0.4269782743513628
CAND_09663,5.5,34.0,Mestrado,Região Metropolitana,Presencial,Feminino,Branca,0.5766915651195837
CAND_09664,5.5,45.0,Mestrado,Região Metropolitana,Híbrido,Não-binário,Preta,0.3966824526616595
CAND_09665,2.7,64.0,Bacharelado,Região Metropolitana,Híbrido,Feminino,Parda,0.3702157424520429
CAND_09666,3.1,41.0,Bacharelado,Região Metropolitana,Híbrido,Masculino,Indígena,0.1977520990162227
CAND_09667,3.1,49.0,Mestrado,Região Metropolitana,Remoto,Feminino,Branca,0.4731974352498636
CAND_09668,5.6,69.0,Bacharelado,Região Metropolitana,Híbrido,Não-binário,Parda,0.5957927125936361
CAND_09669,5.3,55.0,Bacharelado,Capitais,Híbrido,Não-binário,Parda,0.37952633474723707
CAND_09670,3.0,51.0,Bacharelado,Capitais,Híbrido,Feminino,Indígena,0.41481474980243593
CAND_09671,4.0,34.0,Mestrado,Região Metropolitana,Presencial,Masculino,Parda,0.456318240121411
CAND_09672,0.3,62.0,Bacharelado,Capitais,Híbrido,Feminino,Indígena,0.37244670982796435
CAND_09673,2.9,61.0,Bacharelado,Região Metropolitana,Híbrido,Masculino,Amarela,0.5002392085628646
CAND_09674,6.8,63.0,Ensino Médio,Região Metropolitana,Presencial,Masculino,Parda,0.4997781492704334
CAND_09675,4.3,62.0,Mestrado,Capitais,Híbrido,Masculino,Branca,0.739182784970993
CAND_09676,0.1,70.0,Bacharelado,Região Metropolitana,Remoto,Feminino,Indígena,0.3308547666245698
CAND_09677,4.5,51.0,Bacharelado,Região Metropolitana,Híbrido,Masculino,Indígena,0.30995221298730247
CAND_09678,7.0,58.0,Mestrado,Capitais,Híbrido,Não-binário,Amarela,0.7105556462373007
CAND_09679,8.5,52.0,Bacharelado,Interior,Híbrido,Feminino,Indígena,0.3686278028336575
CAND_09680,0.3,62.0,Bacharelado,Interior,Presencial,Não-binário,Parda,0.40013852143900713
CAND_09681,6.4,42.0,Mestrado,Região Metropolitana,Híbrido,Não-binário,Amarela,0.5575754765872032
CAND_09682,6.9,71.0,Bacharelado,Capitais,Híbrido,Feminino,Branca,0.4146073715853443
CAND_09683,5.0,59.0,Ensino Médio,Capitais,Remoto,Feminino,Amarela,0.634767843626695
CAND_09684,6.4,76.0,Bacharelado,Região Metropolitana,Presencial,Feminino,Preta,0.7036232556622809
CAND_09685,0.4,42.0,Bacharelado,Região Metropolitana,Remoto,Masculino,Indígena,0.16255485767550643
CAND_09686,5.7,61.0,Mestrado,Região Metropolitana,Híbrido,Não-binário,Preta,0.5633998028751103
CAND_09687,3.1,67.0,Bacharelado,Capitais,Presencial,Não-binário,Parda,0.6280460486616382
CAND_09688,2.0,65.0,Bacharelado,Capitais,Híbrido,Feminino,Parda,0.6132089578018155
CAND_09689,9.8,56.0,Mestrado,Capitais,Híbrido,Masculino,Indígena,0.6535938089697695
CAND_09690,7.7,52.0,Bacharelado,Capitais,Remoto,Feminino,Amarela,0.47137959681297037
CAND_09691,0.0,38.0,Mestrado,Interior,Híbrido,Masculino,Preta,0.1264653131388764
CAND_09692,13.3,54.0,Ensino Médio,Capitais,Remoto,Masculino,Amarela,0.5793914488102134
CAND_09693,6.6,38.0,Bacharelado,Interior,Remoto,Masculino,Amarela,0.4431218836682707
CAND_09694,1.4,57.0,Mestrado,Interior,Remoto,Não-binário,Amarela,0.3742616226929997
CAND_09695,4.4,34.0,Bacharelado,Capitais,Híbrido,Feminino,Branca,0.3037054770622838
CAND_09696,8.2,49.0,Bacharelado,Capitais,Presencial,Feminino,Amarela,0.4550240252900617
CAND_09697,8.0,64.0,Bacharelado,Região Metropolitana,Remoto,Feminino,Parda,0.5908360211436241
CAND_09698,2.4,51.0,Mestrado,Capitais,Híbrido,Masculino,Branca,0.4196807131352923
CAND_09699,4.7,59.0,Mestrado,Capitais,Híbrido,Masculino,Branca,0.7347507862506967
CAND_09700,9.0,58.0,Mestrado,Capitais,Remoto,Masculino,Indígena,0.6347392775583863
CAND_09701,7.1,54.0,Bacharelado,Região Metropolitana,Presencial,Masculino,Preta,0.48769506820379105
CAND_09702,6.9,36.0,Ensino Médio,Região Metropolitana,Presencial,Feminino,Indígena,0.37166477356921435
CAND_09703,5.3,58.0,Bacharelado,Interior,Híbrido,Masculino,Branca,0.21140354491182606
CAND_09704,0.0,47.0,Doutorado,Capitais,Híbrido,Masculino,Branca,0.48863500975006724
CAND_09705,5.9,41.0,Bacharelado,Interior,Híbrido,Feminino,Indígena,0.41944630280723705
CAND_09706,2.1,29.0,Mestrado,Capitais,Presencial,Não-binário,Branca,0.335798507202694
CAND_09707,5.8,47.0,Bacharelado,Região Metropolitana,Híbrido,Feminino,Indígena,0.3780347597152043
CAND_09708,0.0,42.0,Mestrado,Região Metropolitana,Híbrido,Masculino,Preta,0.4258679896257973
CAND_09709,2.3,32.0,Mestrado,Capitais,Remoto,Não-binário,Amarela,0.3469938408345503
CAND_09710,8.9,51.0,Bacharelado,Capitais,Presencial,Não-binário,Branca,0.4475257461171077
CAND_09711,4.2,62.0,Bacharelado,Região Metropolitana,Presencial,Masculino,Branca,0.5645575939220889
CAND_09712,4.3,62.0,Bacharelado,Capitais,Presencial,Não-binário,Indígena,0.2846773801619493
CAND_09713,6.7,32.0,Bacharelado,Capitais,Remoto,Não-binário,Preta,0.5251250632083148
CAND_09714,4.0,39.0,Bacharelado,Interior,Presencial,Não-binário,Amarela,0.4456404790937086
CAND_09715,6.3,43.0,Mestrado,Capitais,Presencial,Masculino,Branca,0.5288654019763439
CAND_09716,1.3,54.0,Bacharelado,Capitais,Híbrido,Feminino,Amarela,0.24423785178727078
CAND_09717,2.2,41.0,Ensino Médio,Capitais,Híbrido,Não-binário,Branca,0.4357137649609907
CAND_09718,9.9,69.0,Bacharelado,Capitais,Presencial,Masculino,Parda,0.7590570055176868
CAND_09719,4.6,62.0,Mestrado,Capitais,Presencial,Masculino,Preta,0.5595769030107017
CAND_09720,11.3,50.0,Mestrado,Capitais,Remoto,Não-binário,Branca,0.6140147307532685
CAND_09721,5.1,39.0,Mestrado,Capitais,Híbrido,Não-binário,Branca,0.42179733908058914
CAND_09722,2.8,63.0,Bacharelado,Interior,Híbrido,Não-binário,Preta,0.39146218288852697
CAND_09723,1.1,53.0,Mestrado,Capitais,Presencial,Masculino,Parda,0.5152419696035448
CAND_09724,8.8,61.0,Bacharelado,Capitais,Presencial,Feminino,Preta,0.7001060546487392
CAND_09725,5.7,56.0,Bacharelado,Região Metropolitana,Híbrido,Masculino,Parda,0.47057133053604644
CAND_09726,3.0,65.0,Bacharelado,Capitais,Presencial,Não-binário,Amarela,0.5359214371591272
CAND_09727,7.5,59.0,Bacharelado,Região Metropolitana,Presencial,Feminino,Indígena,0.5682905118012599
CAND_09728,8.5,54.0,Bacharelado,Região Metropolitana,Presencial,Masculino,Preta,0.5217600605464845
CAND_09729,3.3,36.0,Bacharelado,Região Metropolitana,Remoto,Masculino,Preta,0.11066250645975068
CAND_09730,12.3,44.0,Mestrado,Região Metropolitana,Presencial,Feminino,Amarela,0.6376241066734561
CAND_09731,5.2,18.0,Bacharelado,Região Metropolitana,Híbrido,Não-binário,Indígena,0.3875831072850907
CAND_09732,4.6,48.0,Bacharelado,Região Metropolitana,Híbrido,Masculino,Parda,0.4253336478683303
CAND_09733,11.3,63.0,Bacharelado,Capitais,Híbrido,Não-binário,Indígena,0.6861404538689438
CAND_09734,7.6,66.0,Mestrado,Capitais,Remoto,Não-binário,Branca,0.648359132258023
CAND_09735,6.5,55.0,Bacharelado,Capitais,Remoto,Feminino,Preta,0.522080235403849
CAND_09736,10.8,60.0,Bacharelado,Capitais,Remoto,Feminino,Amarela,0.5686249065129539
CAND_09737,3.9,34.0,Bacharelado,Capitais,Presencial,Feminino,Indígena,0.37735495463905483
CAND_09738,5.0,33.0,Bacharelado,Região Metropolitana,Híbrido,Feminino,Branca,0.3979394796607042
CAND_09739,5.5,29.0,Bacharelado,Capitais,Presencial,Masculino,Parda,0.19269537282782637
CAND_09740,7.3,48.0,Bacharelado,Região Metropolitana,Híbrido,Não-binário,Amarela,0.437073088348055
CAND_09741,0.0,42.0,Ensino Médio,Região Metropolitana,Remoto,Não-binário,Branca,0.21354448278907645
CAND_09742,2.8,44.0,Bacharelado,Capitais,Presencial,Feminino,Amarela,0.3848199093678034
CAND_09743,0.4,64.0,Mestrado,Região Metropolitana,Remoto,Masculino,Amarela,0.4334636875225616
CAND_09744,2.5,49.0,Ensino Médio,Capitais,Híbrido,Feminino,Branca,0.3594328402476432
CAND_09745,7.7,56.0,Bacharelado,Capitais,Remoto,Feminino,Amarela,0.3942543000599965
CAND_09746,7.0,44.0,Bacharelado,Região Metropolitana,Presencial,Masculino,Amarela,0.30521362266110724
CAND_09747,5.1,65.0,Ensino Médio,Capitais,Híbrido,Masculino,Preta,0.43006299551993105
CAND_09748,8.3,38.0,Bacharelado,Região Metropolitana,Remoto,Não-binário,Preta,0.3827518574356312
CAND_09749,6.2,24.0,Bacharelado,Região Metropolitana,Híbrido,Não-binário,Parda,0.3432278204601938
CAND_09750,7.2,47.0,Mestrado,Capitais,Presencial,Feminino,Amarela,0.5238929982235389
CAND_09751,3.8,42.0,Bacharelado,Capitais,Presencial,Masculino,Preta,0.5513726043398731
CAND_09752,0.0,35.0,Bacharelado,Capitais,Presencial,Feminino,Amarela,0.1063195933225844
CAND_09753,11.2,60.0,Mestrado,Capitais,Presencial,Não-binário,Parda,0.5783773230187031
CAND_09754,2.8,58.0,Bacharelado,Capitais,Híbrido,Masculino,Indígena,0.4517810175125704
CAND_09755,1.3,57.0,Mestrado,Região Metropolitana,Presencial,Feminino,Indígena,0.30685250847207407
CAND_09756,4.5,47.0,Mestrado,Capitais,Híbrido,Não-binário,Indígena,0.3309011260085618
CAND_09757,3.2,25.0,Bacharelado,Capitais,Híbrido,Feminino,Branca,0.44613477133752855
CAND_09758,6.0,60.0,Bacharelado,Região Metropolitana,Híbrido,Não-binário,Amarela,0.6291026068226403
CAND_09759,2.8,48.0,Bacharelado,Região Metropolitana,Híbrido,Masculino,Parda,0.3999819821019994
CAND_09760,3.9,58.0,Bacharelado,Capitais,Remoto,Feminino,Indígena,0.48367560522298036
CAND_09761,1.7,60.0,Bacharelado,Capitais,Remoto,Não-binário,Indígena,0.40457296536108045
CAND_09762,4.3,57.0,Bacharelado,Região Metropolitana,Presencial,Masculino,Branca,0.5479752544789025
CAND_09763,1.7,49.0,Ensino Médio,Capitais,Híbrido,Masculino,Amarela,0.26865439861729035
CAND_09764,4.1,42.0,Bacharelado,Capitais,Híbrido,Feminino,Branca,0.4691491019778283
CAND_09765,3.6,44.0,Bacharelado,Região Metropolitana,Híbrido,Não-binário,Branca,0.4231166166738123
CAND_09766,5.0,48.0,Ensino Médio,Capitais,Remoto,Feminino,Branca,0.36229588373830346
CAND_09767,2.1,59.0,Bacharelado,Região Metropolitana,Presencial,Não-binário,Indígena,0.40693085417642527
CAND_09768,1.5,70.0,Bacharelado,Interior,Híbrido,Não-binário,Preta,0.47030686785652465
CAND_09769,2.7,34.0,Bacharelado,Capitais,Híbrido,Feminino,Preta,0.28394778820668487
CAND_09770,0.0,44.0,Bacharelado,Região Metropolitana,Híbrido,Feminino,Parda,0.19291553162237784
CAND_09771,3.2,52.0,Ensino Médio,Capitais,Presencial,Feminino,Preta,0.42619706334705043
CAND_09772,0.0,29.0,Ensino Médio,Capitais,Presencial,Não-binário,Parda,0.2425641939965889
CAND_09773,3.1,38.0,Bacharelado,Capitais,Presencial,Feminino,Indígena,0.3950261006873811
CAND_09774,6.7,68.0,Bacharelado,Capitais,Híbrido,Masculino,Amarela,0.5100865295280506
CAND_09775,6.3,64.0,Bacharelado,Capitais,Remoto,Feminino,Indígena,0.32010561294208006
CAND_09776,5.2,48.0,Bacharelado,Região Metropolitana,Híbrido,Masculino,Preta,0.3783812029308901
CAND_09777,2.6,35.0,Mestrado,Capitais,Remoto,Não-binário,Preta,0.2983019967200128
CAND_09778,7.4,50.0,Bacharelado,Capitais,Presencial,Não-binário,Indígena,0.40294253564246696
CAND_09779,0.4,41.0,Ensino Médio,Capitais,Remoto,Não-binário,Indígena,0.2685599733477165
CAND_09780,3.3,60.0,Bacharelado,Capitais,Presencial,Feminino,Indígena,0.620496799399806
CAND_09781,2.9,70.0,Bacharelado,Capitais,Remoto,Não-binário,Preta,0.31365793972791106
CAND_09782,5.1,51.0,Ensino Médio,Capitais,Presencial,Não-binário,Indígena,0.515828600474638
CAND_09783,3.4,56.0,Bacharelado,Capitais,Presencial,Não-binário,Indígena,0.3781434052309029
CAND_09784,4.3,51.0,Bacharelado,Capitais,Híbrido,Masculino,Parda,0.5753778604772092
CAND_09785,3.1,55.0,Bacharelado,Capitais,Remoto,Feminino,Branca,0.5463669088631414
CAND_09786,9.6,49.0,Ensino Médio,Região Metropolitana,Presencial,Não-binário,Indígena,0.445932085879297
CAND_09787,4.3,62.0,Bacharelado,Capitais,Presencial,Masculino,Amarela,0.46453813287377604
CAND_09788,0.0,22.0,Bacharelado,Capitais,Híbrido,Masculino,Parda,0.2713319178550164
CAND_09789,9.1,38.0,Bacharelado,Região Metropolitana,Híbrido,Feminino,Indígena,0.40015580159507136
CAND_09790,4.7,67.0,Bacharelado,Capitais,Remoto,Masculino,Preta,0.56025655613266
CAND_09791,10.4,82.0,Ensino Médio,Região Metropolitana,Remoto,Feminino,Amarela,0.7540361267826553
CAND_09792,7.6,43.0,Bacharelado,Região Metropolitana,Híbrido,Não-binário,Parda,0.5536291522285304
CAND_09793,0.5,47.0,Mestrado,Capitais,Presencial,Não-binário,Branca,0.3575599838687155
CAND_09794,0.0,56.0,Bacharelado,Capitais,Híbrido,Masculino,Parda,0.2580509338770419
CAND_09795,8.2,44.0,Mestrado,Região Metropolitana,Híbrido,Masculino,Preta,0.5674064972673738
CAND_09796,5.3,48.0,Doutorado,Capitais,Presencial,Masculino,Amarela,0.58237563684953
CAND_09797,0.0,11.0,Bacharelado,Interior,Presencial,Não-binário,Indígena,0.10302094138073309
CAND_09798,1.6,30.0,Mestrado,Região Metropolitana,Presencial,Não-binário,Preta,0.22741929572089245
CAND_09799,1.1,62.0,Ensino Médio,Capitais,Remoto,Masculino,Amarela,0.39770425146998695
CAND_09800,2.7,60.0,Bacharelado,Região Metropolitana,Híbrido,Não-binário,Amarela,0.4983176756273797
CAND_09801,2.4,49.0,Mestrado,Capitais,Presencial,Feminino,Branca,0.38242334424852586
CAND_09802,9.5,33.0,Bacharelado,Interior,Remoto,Feminino,Preta,0.49218949566634446
CAND_09803,0.6,59.0,Bacharelado,Região Metropolitana,Presencial,Não-binário,Preta,0.2743972126642712
CAND_09804,1.2,22.0,Mestrado,Capitais,Híbrido,Não-binário,Branca,0.4066777612073786
CAND_09805,2.7,57.0,Bacharelado,Região Metropolitana,Híbrido,Feminino,Parda,0.5465064646895161
CAND_09806,6.0,34.0,Bacharelado,Capitais,Híbrido,Feminino,Parda,0.5288952520504884
CAND_09807,5.4,40.0,Mestrado,Região Metropolitana,Remoto,Masculino,Parda,0.5190396581697204
CAND_09808,3.0,42.0,Bacharelado,Capitais,Híbrido,Masculino,Indígena,0.574030928483433
CAND_09809,4.5,76.0,Bacharelado,Capitais,Híbrido,Feminino,Amarela,0.5843261253802353
CAND_09810,7.2,14.0,Bacharelado,Capitais,Remoto,Feminino,Amarela,0.566450644396768
CAND_09811,1.6,78.0,Bacharelado,Região Metropolitana,Remoto,Masculino,Parda,0.5380773110577317
CAND_09812,6.8,78.0,Doutorado,Região Metropolitana,Remoto,Feminino,Parda,0.6432768604023347
CAND_09813,6.8,63.0,Mestrado,Região Metropolitana,Híbrido,Feminino,Amarela,0.516074162414299
CAND_09814,0.2,76.0,Bacharelado,Capitais,Híbrido,Não-binário,Branca,0.6937244111349897
CAND_09815,7.8,42.0,Bacharelado,Capitais,Presencial,Feminino,Indígena,0.5553496325808083
CAND_09816,6.8,61.0,Bacharelado,Região Metropolitana,Remoto,Não-binário,Preta,0.5477573250466603
CAND_09817,7.1,54.0,Mestrado,Capitais,Híbrido,Feminino,Preta,0.585109244188185
CAND_09818,0.0,43.0,Bacharelado,Capitais,Remoto,Não-binário,Amarela,0.27672705432827643
CAND_09819,9.2,51.0,Bacharelado,Capitais,Híbrido,Não-binário,Preta,0.5971614878144103
CAND_09820,5.5,69.0,Doutorado,Região Metropolitana,Híbrido,Masculino,Amarela,0.7836560903047622
CAND_09821,7.0,68.0,Bacharelado,Capitais,Híbrido,Não-binário,Branca,0.6098237273294074
CAND_09822,8.3,21.0,Bacharelado,Capitais,Híbrido,Não-binário,Branca,0.4273790761994441
CAND_09823,5.5,40.0,Bacharelado,Região Metropolitana,Presencial,Feminino,Amarela,0.3868967451500759
CAND_09824,8.6,32.0,Bacharelado,Capitais,Híbrido,Feminino,Branca,0.4972472489107509
CAND_09825,4.3,63.0,Bacharelado,Capitais,Híbrido,Feminino,Parda,0.5322336595606225
CAND_09826,2.0,35.0,Bacharelado,Interior,Híbrido,Masculino,Indígena,0.32894172841180364
CAND_09827,4.2,80.0,Ensino Médio,Capitais,Presencial,Feminino,Parda,0.6735003477866832
CAND_09828,6.2,59.0,Bacharelado,Região Metropolitana,Híbrido,Não-binário,Amarela,0.5698247381613541
CAND_09829,4.8,72.0,Bacharelado,Capitais,Híbrido,Masculino,Branca,0.4025276603839135
CAND_09830,9.9,42.0,Bacharelado,Interior,Presencial,Masculino,Indígena,0.5841276596690709
CAND_09831,6.8,61.0,Bacharelado,Capitais,Híbrido,Masculino,Branca,0.6534373236926562
CAND_09832,0.0,64.0,Ensino Médio,Interior,Híbrido,Não-binário,Preta,0.34457368064576027
CAND_09833,6.7,51.0,Bacharelado,Região Metropolitana,Presencial,Não-binário,Amarela,0.4783191146739633
CAND_09834,10.9,7.0,Bacharelado,Região Metropolitana,Presencial,Feminino,Parda,0.34351945908304554
CAND_09835,7.6,29.0,Bacharelado,Capitais,Híbrido,Não-binário,Amarela,0.39196193811096935
CAND_09836,10.0,43.0,Mestrado,Região Metropolitana,Remoto,Não-binário,Indígena,0.5291130310744647
CAND_09837,11.5,52.0,Bacharelado,Capitais,Híbrido,Não-binário,Branca,0.6648178388603354
CAND_09838,0.0,23.0,Mestrado,Capitais,Presencial,Masculino,Preta,0.2458526198927073
CAND_09839,10.0,56.0,Ensino Médio,Capitais,Presencial,Não-binário,Parda,0.4767491275183528
CAND_09840,6.9,26.0,Bacharelado,Região Metropolitana,Presencial,Masculino,Branca,0.20599281824001278
CAND_09841,4.1,55.0,Bacharelado,Capitais,Híbrido,Feminino,Preta,0.26969696210682936
CAND_09842,8.1,78.0,Ensino Médio,Região Metropolitana,Híbrido,Não-binário,Indígena,0.599538101096045
CAND_09843,11.2,40.0,Bacharelado,Interior,Presencial,Não-binário,Preta,0.5885251189533819
CAND_09844,7.2,37.0,Mestrado,Região Metropolitana,Híbrido,Não-binário,Indígena,0.5397292263078544
CAND_09845,5.4,15.0,Bacharelado,Região Metropolitana,Presencial,Não-binário,Parda,0.4153936317807213
CAND_09846,12.3,31.0,Mestrado,Capitais,Híbrido,Não-binário,Branca,0.4806008940640162
CAND_09847,9.1,42.0,Mestrado,Interior,Remoto,Feminino,Parda,0.6443843664343156
CAND_09848,6.9,54.0,Mestrado,Região Metropolitana,Híbrido,Não-binário,Parda,0.534701979400058
CAND_09849,5.7,50.0,Mestrado,Capitais,Híbrido,Não-binário,Parda,0.42927711652647244
CAND_09850,4.9,52.0,Bacharelado,Região Metropolitana,Híbrido,Masculino,Preta,0.5375594593644337
CAND_09851,0.0,34.0,Bacharelado,Capitais,Presencial,Masculino,Preta,0.18593553600948398
CAND_09852,1.4,51.0,Bacharelado,Capitais,Presencial,Não-binário,Preta,0.33496659474303814
CAND_09853,8.5,32.0,Bacharelado,Capitais,Remoto,Feminino,Indígena,0.4697898168953751
CAND_09854,7.2,17.0,Bacharelado,Capitais,Presencial,Não-binário,Preta,0.3414099731098886
CAND_09855,6.8,45.0,Mestrado,Região Metropolitana,Presencial,Não-binário,Parda,0.4550142625580859
CAND_09856,3.7,36.0,Bacharelado,Interior,Híbrido,Não-binário,Parda,0.42827292490924657
CAND_09857,8.7,51.0,Bacharelado,Região Metropolitana,Híbrido,Não-binário,Branca,0.5681071773217529
CAND_09858,4.7,49.0,Bacharelado,Capitais,Híbrido,Não-binário,Indígena,0.22345483663001098
CAND_09859,1.9,32.0,Bacharelado,Capitais,Presencial,Feminino,Parda,0.18083700564256985
CAND_09860,7.7,34.0,Bacharelado,Capitais,Híbrido,Feminino,Parda,0.40437118797441574
CAND_09861,5.8,70.0,Bacharelado,Capitais,Híbrido,Não-binário,Amarela,0.6266413888062595
CAND_09862,6.1,72.0,Doutorado,Capitais,Presencial,Não-binário,Branca,0.7589842676347045
CAND_09863,5.6,37.0,Bacharelado,Região Metropolitana,Remoto,Não-binário,Amarela,0.4808406087629687
CAND_09864,4.1,37.0,Bacharelado,Capitais,Híbrido,Não-binário,Preta,0.511834998442479
CAND_09865,8.0,25.0,Bacharelado,Capitais,Remoto,Feminino,Preta,0.3503079336967577
CAND_09866,13.9,39.0,Ensino Médio,Capitais,Presencial,Feminino,Indígena,0.36959406736185085
CAND_09867,5.7,78.0,Bacharelado,Capitais,Híbrido,Feminino,Indígena,0.49921305460963883
CAND_09868,2.9,51.0,Bacharelado,Capitais,Remoto,Feminino,Indígena,0.4425508772616738
CAND_09869,3.9,57.0,Bacharelado,Região Metropolitana,Remoto,Masculino,Indígena,0.46159358257935923
CAND_09870,4.8,60.0,Bacharelado,Região Metropolitana,Presencial,Não-binário,Parda,0.3993309449254195
CAND_09871,3.3,37.0,Bacharelado,Capitais,Híbrido,Masculino,Preta,0.39590744485599205
CAND_09872,8.0,33.0,Bacharelado,Capitais,Remoto,Masculino,Parda,0.43954952133567693
CAND_09873,7.1,67.0,Doutorado,Capitais,Presencial,Masculino,Parda,0.688177288894789
CAND_09874,7.2,68.0,Bacharelado,Capitais,Remoto,Masculino,Branca,0.6281226473517945
CAND_09875,6.2,40.0,Bacharelado,Capitais,Presencial,Não-binário,Amarela,0.504052451453738
CAND_09876,6.4,79.0,Doutorado,Capitais,Híbrido,Feminino,Preta,0.6787693335805404
CAND_09877,1.6,44.0,Ensino Médio,Capitais,Híbrido,Feminino,Parda,0.11230138148775584
CAND_09878,2.9,60.0,Bacharelado,Região Metropolitana,Presencial,Feminino,Indígena,0.6771125602611767
CAND_09879,7.2,60.0,Bacharelado,Região Metropolitana,Remoto,Feminino,Branca,0.5872655503053623
CAND_09880,2.8,53.0,Bacharelado,Capitais,Remoto,Não-binário,Preta,0.3990041293480205
CAND_09881,0.9,34.0,Mestrado,Capitais,Remoto,Feminino,Indígena,0.3195572108592009
CAND_09882,6.6,48.0,Bacharelado,Capitais,Remoto,Masculino,Branca,0.3079259588477836
CAND_09883,6.1,11.0,Bacharelado,Interior,Presencial,Feminino,Parda,0.19438881918047735
CAND_09884,4.9,52.0,Bacharelado,Interior,Presencial,Masculino,Parda,0.5041390792318828
CAND_09885,4.7,57.0,Bacharelado,Região Metropolitana,Remoto,Masculino,Preta,0.43035252755413156
CAND_09886,4.3,52.0,Mestrado,Capitais,Híbrido,Não-binário,Amarela,0.46765414569794905
CAND_09887,3.3,71.0,Bacharelado,Capitais,Híbrido,Feminino,Parda,0.3655590360886262
CAND_09888,8.3,59.0,Mestrado,Capitais,Híbrido,Masculino,Indígena,0.6496781730414983
CAND_09889,5.2,47.0,Doutorado,Região Metropolitana,Híbrido,Feminino,Branca,0.479011906040842
CAND_09890,0.0,48.0,Mestrado,Região Metropolitana,Presencial,Feminino,Preta,0.34881560846181037
CAND_09891,5.0,46.0,Bacharelado,Capitais,Híbrido,Masculino,Branca,0.5901403650547501
CAND_09892,0.0,44.0,Bacharelado,Capitais,Presencial,Feminino,Branca,0.26197453097818546
CAND_09893,7.2,58.0,Bacharelado,Capitais,Remoto,Feminino,Branca,0.384181127367835
CAND_09894,3.0,51.0,Mestrado,Capitais,Híbrido,Feminino,Indígena,0.3605335235162307
CAND_09895,3.8,53.0,Mestrado,Capitais,Híbrido,Não-binário,Amarela,0.5323344835935463
CAND_09896,7.8,51.0,Bacharelado,Região Metropolitana,Híbrido,Feminino,Parda,0.503598054638955
CAND_09897,8.2,36.0,Mestrado,Interior,Remoto,Não-binário,Parda,0.512175052231183
CAND_09898,3.1,47.0,Bacharelado,Capitais,Híbrido,Não-binário,Indígena,0.4094189683314762
CAND_09899,6.9,42.0,Bacharelado,Interior,Presencial,Feminino,Amarela,0.4311054778744148
CAND_09900,4.6,58.0,Bacharelado,Capitais,Híbrido,Feminino,Amarela,0.32657941005641755
CAND_09901,7.6,29.0,Bacharelado,Capitais,Híbrido,Não-binário,Indígena,0.5156515966834537
CAND_09902,11.3,34.0,Bacharelado,Região Metropolitana,Presencial,Não-binário,Preta,0.530522508916206
CAND_09903,6.0,55.0,Bacharelado,Interior,Remoto,Feminino,Parda,0.36874950451239374
CAND_09904,0.8,50.0,Bacharelado,Região Metropolitana,Remoto,Não-binário,Preta,0.543489126422116
CAND_09905,6.5,72.0,Doutorado,Interior,Remoto,Feminino,Amarela,0.6945553383357734
CAND_09906,3.2,54.0,Bacharelado,Capitais,Remoto,Masculino,Parda,0.41407408380094957
CAND_09907,5.8,66.0,Bacharelado,Capitais,Híbrido,Masculino,Amarela,0.454668009153317
CAND_09908,3.1,83.0,Mestrado,Região Metropolitana,Remoto,Não-binário,Parda,0.546522574542393
CAND_09909,7.8,46.0,Bacharelado,Capitais,Híbrido,Não-binário,Preta,0.5316629571350382
CAND_09910,5.3,39.0,Mestrado,Região Metropolitana,Híbrido,Feminino,Indígena,0.43727788605780377
CAND_09911,6.3,64.0,Mestrado,Capitais,Híbrido,Masculino,Parda,0.6321978537544931
CAND_09912,6.0,36.0,Bacharelado,Capitais,Híbrido,Masculino,Branca,0.42944745636704623
CAND_09913,7.5,79.0,Bacharelado,Região Metropolitana,Remoto,Feminino,Branca,0.5636727816126647
CAND_09914,2.2,69.0,Bacharelado,Região Metropolitana,Remoto,Masculino,Parda,0.636623322203703
CAND_09915,8.1,31.0,Bacharelado,Região Metropolitana,Presencial,Não-binário,Preta,0.30932625518602574
CAND_09916,0.8,21.0,Bacharelado,Região Metropolitana,Remoto,Masculino,Amarela,0.2878810170091297
CAND_09917,3.0,72.0,Bacharelado,Capitais,Presencial,Não-binário,Preta,0.5374800950315654
CAND_09918,9.1,36.0,Bacharelado,Capitais,Presencial,Não-binário,Branca,0.5174160801304705
CAND_09919,2.4,42.0,Mestrado,Capitais,Híbrido,Masculino,Parda,0.4592331066270712
CAND_09920,6.1,30.0,Mestrado,Capitais,Remoto,Feminino,Indígena,0.5312405715293725
CAND_09921,1.2,54.0,Bacharelado,Capitais,Remoto,Feminino,Parda,0.37903462877473504
CAND_09922,4.0,38.0,Bacharelado,Interior,Híbrido,Não-binário,Parda,0.2929968353938144
CAND_09923,2.6,36.0,Bacharelado,Capitais,Remoto,Não-binário,Preta,0.2312774146414222
CAND_09924,7.2,63.0,Mestrado,Capitais,Presencial,Não-binário,Amarela,0.6462650602374609
CAND_09925,1.5,44.0,Mestrado,Capitais,Presencial,Não-binário,Parda,0.46750418918195413
CAND_09926,0.1,49.0,Mestrado,Capitais,Híbrido,Feminino,Amarela,0.5573286700640404
CAND_09927,7.1,32.0,Bacharelado,Região Metropolitana,Presencial,Não-binário,Parda,0.365448789089705
CAND_09928,3.0,40.0,Ensino Médio,Capitais,Presencial,Masculino,Preta,0.24876457821843723
CAND_09929,5.3,39.0,Bacharelado,Capitais,Presencial,Masculino,Indígena,0.45136707563074796
CAND_09930,2.4,69.0,Bacharelado,Região Metropolitana,Remoto,Masculino,Preta,0.28104227365025447
CAND_09931,1.0,59.0,Bacharelado,Região Metropolitana,Presencial,Não-binário,Amarela,0.3528361711230706
CAND_09932,1.3,65.0,Bacharelado,Região Metropolitana,Híbrido,Feminino,Indígena,0.30557802827659697
CAND_09933,0.4,63.0,Doutorado,Capitais,Remoto,Masculino,Amarela,0.5378175890582705
CAND_09934,2.4,69.0,Bacharelado,Região Metropolitana,Presencial,Masculino,Preta,0.42358494016302417
CAND_09935,6.4,28.0,Doutorado,Interior,Híbrido,Feminino,Parda,0.433428483764154
CAND_09936,8.5,55.0,Mestrado,Capitais,Presencial,Masculino,Parda,0.5307719289899776
CAND_09937,1.4,47.0,Bacharelado,Capitais,Presencial,Não-binário,Branca,0.35780073565298615
CAND_09938,5.4,65.0,Doutorado,Capitais,Híbrido,Feminino,Amarela,0.6278176853038736
CAND_09939,3.2,38.0,Mestrado,Interior,Remoto,Masculino,Branca,0.5419747537275613
CAND_09940,1.5,57.0,Bacharelado,Capitais,Híbrido,Feminino,Preta,0.3581236574647242
CAND_09941,6.1,52.0,Mestrado,Capitais,Híbrido,Masculino,Preta,0.4458377031725223
CAND_09942,5.9,66.0,Bacharelado,Capitais,Presencial,Masculino,Indígena,0.5359545976701239
CAND_09943,7.3,68.0,Mestrado,Capitais,Remoto,Masculino,Preta,0.514263729642787
CAND_09944,4.5,18.0,Mestrado,Interior,Híbrido,Feminino,Branca,0.3901541223824289
CAND_09945,2.1,59.0,Doutorado,Capitais,Remoto,Não-binário,Branca,0.7165787122433225
CAND_09946,7.2,67.0,Bacharelado,Capitais,Híbrido,Feminino,Indígena,0.40426871784950985
CAND_09947,3.6,17.0,Bacharelado,Região Metropolitana,Híbrido,Não-binário,Parda,0.3897833580740326
CAND_09948,8.5,34.0,Bacharelado,Capitais,Híbrido,Não-binário,Amarela,0.5377863231369018
CAND_09949,5.2,70.0,Doutorado,Região Metropolitana,Híbrido,Não-binário,Branca,0.6930877489600689
CAND_09950,6.5,43.0,Mestrado,Capitais,Híbrido,Masculino,Amarela,0.541655746321347
CAND_09951,6.4,60.0,Ensino Médio,Região Metropolitana,Híbrido,Não-binário,Preta,0.5385479635750338
CAND_09952,2.2,52.0,Ensino Médio,Capitais,Remoto,Masculino,Branca,0.39320527655784404
CAND_09953,5.5,68.0,Mestrado,Capitais,Híbrido,Feminino,Preta,0.6340904155785477
CAND_09954,7.0,31.0,Ensino Médio,Capitais,Remoto,Não-binário,Amarela,0.49185804975273906
CAND_09955,3.9,42.0,Bacharelado,Capitais,Remoto,Masculino,Indígena,0.3586272761218829
CAND_09956,11.0,38.0,Mestrado,Interior,Híbrido,Masculino,Indígena,0.8073298669641727
CAND_09957,3.8,62.0,Ensino Médio,Interior,Híbrido,Não-binário,Preta,0.4804603320356571
CAND_09958,12.1,45.0,Bacharelado,Região Metropolitana,Remoto,Feminino,Branca,0.5338934886607495
CAND_09959,8.1,40.0,Doutorado,Capitais,Híbrido,Não-binário,Preta,0.4744532982244061
CAND_09960,8.0,78.0,Ensino Médio,Capitais,Remoto,Não-binário,Amarela,0.6525324471390981
CAND_09961,12.1,66.0,Mestrado,Interior,Remoto,Masculino,Indígena,0.812164051785114
CAND_09962,8.2,68.0,Bacharelado,Interior,Presencial,Não-binário,Amarela,0.48828813483557404
CAND_09963,7.2,39.0,Bacharelado,Região Metropolitana,Remoto,Feminino,Branca,0.528918450715836
CAND_09964,3.1,48.0,Mestrado,Interior,Híbrido,Não-binário,Branca,0.479337941736304
CAND_09965,4.4,32.0,Mestrado,Região Metropolitana,Híbrido,Masculino,Preta,0.3433191409564881
CAND_09966,3.2,52.0,Bacharelado,Capitais,Híbrido,Feminino,Preta,0.5383294070285828
CAND_09967,3.4,64.0,Mestrado,Região Metropolitana,Híbrido,Feminino,Preta,0.48796860097343997
CAND_09968,9.6,58.0,Bacharelado,Capitais,Híbrido,Não-binário,Indígena,0.3794600916640072
CAND_09969,3.1,37.0,Bacharelado,Região Metropolitana,Remoto,Masculino,Amarela,0.403089969130649
CAND_09970,6.5,53.0,Bacharelado,Região Metropolitana,Presencial,Não-binário,Branca,0.4944514036996886
CAND_09971,8.9,47.0,Ensino Médio,Capitais,Híbrido,Não-binário,Indígena,0.4344066134027415
CAND_09972,7.1,57.0,Mestrado,Capitais,Presencial,Feminino,Preta,0.5814834934038313
CAND_09973,7.5,58.0,Bacharelado,Capitais,Presencial,Feminino,Indígena,0.6151327795366868
CAND_09974,1.0,30.0,Mestrado,Capitais,Híbrido,Feminino,Indígena,0.3545508499926438
CAND_09975,6.8,8.0,Bacharelado,Capitais,Híbrido,Masculino,Parda,0.13658989006216973
CAND_09976,7.3,27.0,Mestrado,Capitais,Presencial,Não-binário,Indígena,0.5171979874768461
CAND_09977,7.0,63.0,Mestrado,Região Metropolitana,Híbrido,Não-binário,Indígena,0.7207082362807828
CAND_09978,4.0,58.0,Bacharelado,Região Metropolitana,Híbrido,Masculino,Branca,0.2962931897174991
CAND_09979,2.4,54.0,Bacharelado,Região Metropolitana,Híbrido,Masculino,Branca,0.4257920638201128
CAND_09980,1.3,35.0,Bacharelado,Capitais,Remoto,Não-binário,Preta,0.3999880895696569
CAND_09981,1.6,45.0,Bacharelado,Capitais,Híbrido,Masculino,Indígena,0.30646248421604527
CAND_09982,7.5,49.0,Bacharelado,Interior,Remoto,Não-binário,Amarela,0.6751965098399348
CAND_09983,0.0,57.0,Mestrado,Região Metropolitana,Híbrido,Feminino,Indígena,0.19908715457716167
CAND_09984,5.2,47.0,Bacharelado,Região Metropolitana,Presencial,Feminino,Preta,0.4374267171116928
CAND_09985,3.2,43.0,Bacharelado,Capitais,Híbrido,Feminino,Parda,0.3812064882215345
CAND_09986,7.1,72.0,Mestrado,Capitais,Presencial,Feminino,Amarela,0.5572983493548755
CAND_09987,8.8,42.0,Mestrado,Capitais,Híbrido,Não-binário,Preta,0.32536646455208074
CAND_09988,5.4,70.0,Bacharelado,Capitais,Remoto,Feminino,Indígena,0.528097466856321
CAND_09989,3.9,31.0,Ensino Médio,Região Metropolitana,Remoto,Não-binário,Indígena,0.3490807123380609
CAND_09990,2.9,41.0,Bacharelado,Capitais,Presencial,Masculino,Parda,0.41220258063970006
CAND_09991,3.1,36.0,Ensino Médio,Capitais,Remoto,Feminino,Parda,0.3179424569513814
CAND_09992,5.6,72.0,Bacharelado,Interior,Presencial,Masculino,Preta,0.5248064917744287
CAND_09993,4.0,49.0,Bacharelado,Região Metropolitana,Híbrido,Não-binário,Branca,0.29105115515739216
CAND_09994,3.7,78.0,Bacharelado,Capitais,Híbrido,Feminino,Parda,0.5298073065658269
CAND_09995,9.8,64.0,Bacharelado,Capitais,Remoto,Masculino,Branca,0.6557141042317944
CAND_09996,4.1,54.0,Mestrado,Capitais,Híbrido,Não-binário,Branca,0.7039323929967558
CAND_09997,3.0,57.0,Bacharelado,Capitais,Híbrido,Masculino,Amarela,0.4092661000991808
CAND_09998,3.6,55.0,Mestrado,Capitais,Remoto,Não-binário,Preta,0.4049516971886547
CAND_09999,10.6,36.0,Bacharelado,Região Metropolitana,Remoto,Não-binário,Indígena,0.21892865161458197
