id,years_experience,skills,education_level,location,preferred_work_mode,gender,race,suitability_score
CAND_00000,1.1,52.0,Bacharelado,Região Metropolitana,Híbrido,Masculino,Branca,0.8123272704095346
CAND_00001,7.0,31.0,Bacharelado,Capitais,Remoto,Masculino,Amarela,0.48738771126016955
CAND_00002,6.1,56.0,Doutorado,Região Metropolitana,Híbrido,Feminino,Amarela,0.17033300594018497
CAND_00003,9.0,39.0,Bacharelado,Capitais,Remoto,Feminino,Preta,0.023042863296586807
CAND_00004,5.0,46.0,Bacharelado,Região Metropolitana,Híbrido,Masculino,Branca,0.7494614106512524
CAND_00005,3.1,58.0,Bacharelado,Região Metropolitana,Presencial,Feminino,Branca,0.6253663982140071
CAND_00006,0.0,41.0,Mestrado,Região Metropolitana,Híbrido,Masculino,Branca,0.7365974331985566
CAND_00007,10.0,43.0,Bacharelado,Região Metropolitana,Remoto,Masculino,Branca,0.8690299195331342
CAND_00008,10.7,40.0,Bacharelado,Capitais,Remoto,Feminino,Branca,0.5976923164948935
CAND_00009,2.8,53.0,Bacharelado,Capitais,Híbrido,Feminino,Branca,0.5983636119325048
CAND_00010,3.7,71.0,Bacharelado,Capitais,Híbrido,Feminino,Branca,0.5116469384842723
CAND_00011,3.0,29.0,Bacharelado,Região Metropolitana,Híbrido,Masculino,Branca,0.6940070123179289
CAND_00012,7.2,67.0,Bacharelado,Capitais,Presencial,Feminino,Branca,0.7205944542170583
CAND_00013,3.4,83.0,Ensino Médio,Região Metropolitana,Presencial,Feminino,Branca,0.63504765658687
CAND_00014,4.8,54.0,Bacharelado,Interior,Remoto,Masculino,Amarela,0.21652799013039656
CAND_00015,5.7,41.0,Ensino Médio,Capitais,Presencial,Masculino,Branca,0.7773081996437026
CAND_00016,2.3,61.0,Mestrado,Capitais,Híbrido,Masculino,Branca,1.0
CAND_00017,7.4,31.0,Mestrado,Capitais,Híbrido,Masculino,Branca,1.0
CAND_00018,8.4,62.0,Bacharelado,Capitais,Híbrido,Masculino,Amarela,0.7424409525559095
CAND_00019,12.5,48.0,Bacharelado,Capitais,Presencial,Feminino,Preta,0.19898255504387646
CAND_00020,6.0,35.0,Bacharelado,Capitais,Remoto,Masculino,Branca,1.0
CAND_00021,0.1,45.0,Mestrado,Capitais,Híbrido,Masculino,Parda,0.6727392324241539
CAND_00022,2.8,46.0,Bacharelado,Capitais,Remoto,Masculino,Branca,0.8405449449068361
CAND_00023,2.8,41.0,Ensino Médio,Interior,Híbrido,Masculino,Parda,0.20542175366412097
CAND_00024,5.7,57.0,Ensino Médio,Região Metropolitana,Remoto,Feminino,Indígena,0.1028146384431197
CAND_00025,6.6,53.0,Bacharelado,Capitais,Presencial,Masculino,Branca,1.0
CAND_00026,4.9,42.0,Bacharelado,Capitais,Remoto,Masculino,Preta,0.17411629503535564
CAND_00027,5.5,59.0,Bacharelado,Região Metropolitana,Híbrido,Feminino,Preta,0.0
CAND_00028,6.4,59.0,Bacharelado,Capitais,Remoto,Feminino,Amarela,0.09898302872654641
CAND_00029,5.6,40.0,Mestrado,Interior,Presencial,Masculino,Preta,0.0
CAND_00030,5.9,30.0,Doutorado,Interior,Híbrido,Masculino,Indígena,0.32810226661124403
CAND_00031,0.0,61.0,Bacharelado,Capitais,Remoto,Não-binário,Preta,0.0
CAND_00032,7.8,51.0,Ensino Médio,Região Metropolitana,Presencial,Masculino,Branca,0.8846258798350737
CAND_00033,7.5,54.0,Bacharelado,Região Metropolitana,Presencial,Feminino,Parda,0.48392218298430223
CAND_00034,5.6,34.0,Doutorado,Interior,Remoto,Feminino,Branca,0.2776114539728679
CAND_00035,11.7,64.0,Mestrado,Região Metropolitana,Híbrido,Masculino,Branca,1.0
CAND_00036,6.5,66.0,Mestrado,Interior,Remoto,Feminino,Branca,0.4074096366617912
CAND_00037,2.1,56.0,Bacharelado,Interior,Híbrido,Feminino,Parda,0.0735739629122169
CAND_00038,6.7,51.0,Ensino Médio,Capitais,Híbrido,Masculino,Parda,0.7510511010199601
CAND_00039,5.2,44.0,Doutorado,Região Metropolitana,Híbrido,Não-binário,Branca,0.44494611962334407
CAND_00040,2.7,0.0,Bacharelado,Capitais,Remoto,Feminino,Branca,0.2844090829236198
CAND_00041,12.1,76.0,Bacharelado,Capitais,Remoto,Masculino,Branca,1.0
CAND_00042,3.2,56.0,Bacharelado,Capitais,Presencial,Feminino,Branca,0.5621952629239078
CAND_00043,9.1,36.0,Bacharelado,Interior,Híbrido,Feminino,Amarela,0.0
CAND_00044,2.6,48.0,Mestrado,Capitais,Presencial,Não-binário,Preta,0.0
CAND_00045,3.6,36.0,Bacharelado,Capitais,Remoto,Masculino,Branca,0.82162884300357
CAND_00046,2.0,56.0,Bacharelado,Capitais,Híbrido,Feminino,Parda,0.3599193558079855
CAND_00047,3.3,33.0,Bacharelado,Capitais,Híbrido,Feminino,Amarela,0.0
CAND_00048,4.7,54.0,Bacharelado,Região Metropolitana,Híbrido,Feminino,Amarela,0.12354123124708125
CAND_00049,6.6,65.0,Ensino Médio,Região Metropolitana,Presencial,Masculino,Parda,0.8164641124236807
CAND_00050,3.4,65.0,Mestrado,Região Metropolitana,Presencial,Masculino,Branca,0.8727270929591476
CAND_00051,8.6,47.0,Bacharelado,Região Metropolitana,Presencial,Feminino,Branca,0.5026981813345104
CAND_00052,5.4,74.0,Mestrado,Região Metropolitana,Híbrido,Feminino,Branca,0.5156732866116653
CAND_00053,2.8,50.0,Mestrado,Interior,Remoto,Feminino,Branca,0.3126062701022024
CAND_00054,3.2,40.0,Bacharelado,Capitais,Híbrido,Masculino,Branca,1.0
CAND_00055,8.4,38.0,Bacharelado,Capitais,Híbrido,Masculino,Preta,0.4016189886227729
CAND_00056,0.2,38.0,Bacharelado,Capitais,Híbrido,Masculino,Parda,0.7059287315477532
CAND_00057,8.7,33.0,Bacharelado,Capitais,Remoto,Masculino,Amarela,0.46693221364940163
CAND_00058,10.5,77.0,Bacharelado,Interior,Híbrido,Feminino,Branca,0.4160865120208115
CAND_00059,1.1,55.0,Mestrado,Região Metropolitana,Remoto,Masculino,Branca,0.8999261345800693
CAND_00060,4.7,66.0,Mestrado,Capitais,Híbrido,Masculino,Branca,1.0
CAND_00061,8.6,50.0,Mestrado,Capitais,Remoto,Feminino,Branca,0.588023556714923
CAND_00062,3.7,49.0,Ensino Médio,Região Metropolitana,Remoto,Masculino,Indígena,0.5393306963498966
CAND_00063,4.7,36.0,Mestrado,Região Metropolitana,Presencial,Masculino,Branca,0.7290052025696464
CAND_00064,4.9,42.0,Bacharelado,Região Metropolitana,Remoto,Masculino,Branca,0.8473187039607745
CAND_00065,8.4,62.0,Bacharelado,Capitais,Híbrido,Masculino,Branca,0.9899931530847935
CAND_00066,5.9,45.0,Mestrado,Capitais,Híbrido,Masculino,Preta,0.33604844431017056
CAND_00067,3.0,38.0,Mestrado,Capitais,Presencial,Masculino,Branca,0.8530914752186293
CAND_00068,11.7,59.0,Mestrado,Região Metropolitana,Híbrido,Feminino,Branca,0.534143652540985
CAND_00069,4.1,85.0,Mestrado,Capitais,Presencial,Feminino,Branca,0.8033558244324819
CAND_00070,3.7,40.0,Bacharelado,Região Metropolitana,Híbrido,Masculino,Branca,0.753792394853628
CAND_00071,2.9,47.0,Bacharelado,Capitais,Presencial,Masculino,Amarela,0.5647768352456005
CAND_00072,3.3,37.0,Ensino Médio,Região Metropolitana,Híbrido,Feminino,Branca,0.3026499105299938
CAND_00073,0.8,53.0,Mestrado,Região Metropolitana,Híbrido,Feminino,Parda,0.40070707276076695
CAND_00074,2.4,58.0,Bacharelado,Capitais,Presencial,Feminino,Branca,0.465020053164119
CAND_00075,3.9,57.0,Ensino Médio,Capitais,Híbrido,Masculino,Branca,0.8855961324473146
CAND_00076,8.1,43.0,Bacharelado,Região Metropolitana,Presencial,Masculino,Branca,1.0
CAND_00077,7.3,44.0,Doutorado,Região Metropolitana,Presencial,Masculino,Indígena,0.693472584998049
CAND_00078,8.2,51.0,Bacharelado,Capitais,Presencial,Masculino,Branca,0.9670791262377784
CAND_00079,6.3,52.0,Mestrado,Interior,Presencial,Masculino,Branca,0.6016829590925725
CAND_00080,9.2,54.0,Mestrado,Capitais,Híbrido,Masculino,Branca,1.0
CAND_00081,4.7,50.0,Doutorado,Capitais,Híbrido,Feminino,Amarela,0.2711333671015138
CAND_00082,9.0,62.0,Bacharelado,Região Metropolitana,Híbrido,Masculino,Branca,1.0
CAND_00083,6.4,25.0,Bacharelado,Interior,Híbrido,Masculino,Branca,0.5801143510090286
CAND_00084,7.4,37.0,Bacharelado,Capitais,Híbrido,Masculino,Amarela,0.6645788653305122
CAND_00085,6.6,34.0,Bacharelado,Região Metropolitana,Híbrido,Feminino,Amarela,0.04126375335142129
CAND_00086,4.9,58.0,Bacharelado,Região Metropolitana,Presencial,Não-binário,Indígena,0.04894311174099693
CAND_00087,3.4,44.0,Mestrado,Região Metropolitana,Remoto,Feminino,Amarela,0.14513246707299282
CAND_00088,5.5,69.0,Mestrado,Capitais,Remoto,Masculino,Parda,0.9261153800273463
CAND_00089,5.0,76.0,Bacharelado,Capitais,Híbrido,Masculino,Parda,1.0
CAND_00090,8.2,47.0,Mestrado,Região Metropolitana,Remoto,Masculino,Amarela,0.6340722169241565
CAND_00091,1.6,48.0,Bacharelado,Capitais,Remoto,Masculino,Branca,0.9410301344403775
CAND_00092,10.3,40.0,Bacharelado,Capitais,Híbrido,Masculino,Branca,0.9697072880542923
CAND_00093,2.3,77.0,Bacharelado,Região Metropolitana,Remoto,Feminino,Preta,0.0
CAND_00094,6.4,64.0,Mestrado,Capitais,Presencial,Masculino,Branca,1.0
CAND_00095,1.0,64.0,Bacharelado,Região Metropolitana,Presencial,Masculino,Parda,0.6641701434280999
CAND_00096,0.0,62.0,Mestrado,Interior,Presencial,Feminino,Preta,0.0
CAND_00097,1.6,57.0,Ensino Médio,Região Metropolitana,Híbrido,Feminino,Branca,0.432984528987545
CAND_00098,3.4,54.0,Mestrado,Região Metropolitana,Remoto,Feminino,Parda,0.5281985775306366
CAND_00099,0.0,58.0,Mestrado,Interior,Híbrido,Masculino,Branca,0.6785306259366106
CAND_00100,11.4,67.0,Ensino Médio,Capitais,Presencial,Masculino,Parda,0.9622605175238091
CAND_00101,4.6,47.0,Ensino Médio,Capitais,Presencial,Feminino,Amarela,0.12045224851589198
CAND_00102,0.0,57.0,Ensino Médio,Capitais,Híbrido,Masculino,Parda,0.7004907505266488
CAND_00103,5.7,54.0,Bacharelado,Capitais,Híbrido,Masculino,Branca,1.0
CAND_00104,7.1,60.0,Doutorado,Região Metropolitana,Presencial,Masculino,Preta,0.5799914084731475
CAND_00105,7.7,59.0,Doutorado,Capitais,Remoto,Masculino,Branca,1.0
CAND_00106,9.2,46.0,Bacharelado,Capitais,Híbrido,Masculino,Branca,1.0
CAND_00107,1.4,43.0,Mestrado,Capitais,Presencial,Masculino,Branca,0.8557659448821053
CAND_00108,9.0,40.0,Bacharelado,Região Metropolitana,Híbrido,Feminino,Preta,0.09399604541270434
CAND_00109,6.0,57.0,Bacharelado,Capitais,Remoto,Feminino,Parda,0.47793790918703344
CAND_00110,4.9,25.0,Bacharelado,Região Metropolitana,Remoto,Masculino,Amarela,0.3623827370606067
CAND_00111,4.5,58.0,Bacharelado,Capitais,Remoto,Não-binário,Indígena,0.19583116059530525
CAND_00112,1.9,66.0,Mestrado,Região Metropolitana,Híbrido,Feminino,Branca,0.296106393842096
CAND_00113,1.7,36.0,Bacharelado,Capitais,Remoto,Feminino,Amarela,0.09412386131920732
CAND_00114,2.0,42.0,Mestrado,Capitais,Remoto,Feminino,Branca,0.5238716829664691
CAND_00115,5.5,50.0,Bacharelado,Região Metropolitana,Híbrido,Masculino,Branca,0.8805272130976416
CAND_00116,4.2,57.0,Bacharelado,Região Metropolitana,Híbrido,Feminino,Branca,0.549737591934768
CAND_00117,2.8,79.0,Ensino Médio,Capitais,Híbrido,Masculino,Branca,0.8874286288744231
CAND_00118,6.9,47.0,Mestrado,Região Metropolitana,Híbrido,Masculino,Indígena,0.6837731769767896
CAND_00119,1.2,26.0,Mestrado,Capitais,Híbrido,Feminino,Branca,0.4024164604883926
CAND_00120,3.2,45.0,Bacharelado,Capitais,Remoto,Masculino,Amarela,0.6116916116320837
CAND_00121,9.2,37.0,Bacharelado,Capitais,Presencial,Masculino,Branca,0.8247775764675394
CAND_00122,2.2,65.0,Bacharelado,Capitais,Híbrido,Feminino,Branca,0.5563011390445277
CAND_00123,11.3,43.0,Bacharelado,Capitais,Presencial,Masculino,Branca,1.0
CAND_00124,11.0,38.0,Ensino Médio,Capitais,Presencial,Masculino,Branca,1.0
CAND_00125,3.6,24.0,Mestrado,Região Metropolitana,Remoto,Masculino,Parda,0.7176575557123321
CAND_00126,0.3,34.0,Bacharelado,Capitais,Híbrido,Masculino,Preta,0.47343292667994835
CAND_00127,7.1,44.0,Bacharelado,Capitais,Presencial,Feminino,Branca,0.4971174168885873
CAND_00128,3.5,67.0,Bacharelado,Interior,Presencial,Masculino,Branca,0.5770770210708681
CAND_00129,5.5,43.0,Bacharelado,Capitais,Híbrido,Masculino,Branca,0.9688172071533269
CAND_00130,7.2,70.0,Mestrado,Capitais,Híbrido,Masculino,Branca,1.0
CAND_00131,4.2,38.0,Bacharelado,Capitais,Presencial,Masculino,Branca,0.7898089001321449
CAND_00132,3.7,41.0,Bacharelado,Capitais,Híbrido,Masculino,Amarela,0.6412891018762159
CAND_00133,0.6,80.0,Bacharelado,Capitais,Remoto,Feminino,Branca,0.5139308634847509
CAND_00134,0.0,67.0,Mestrado,Região Metropolitana,Remoto,Feminino,Branca,0.44040618362609824
CAND_00135,8.6,48.0,Bacharelado,Capitais,Remoto,Feminino,Branca,0.5556463739981438
CAND_00136,4.7,46.0,Bacharelado,Região Metropolitana,Híbrido,Feminino,Branca,0.33848628490259836
CAND_00137,5.4,30.0,Bacharelado,Região Metropolitana,Híbrido,Feminino,Amarela,0.0
CAND_00138,2.5,40.0,Doutorado,Capitais,Presencial,Masculino,Preta,0.3613859146419494
CAND_00139,0.0,51.0,Bacharelado,Capitais,Presencial,Feminino,Indígena,0.22550927251517577
CAND_00140,0.0,40.0,Bacharelado,Capitais,Remoto,Masculino,Branca,0.9898275340657661
CAND_00141,4.4,29.0,Bacharelado,Capitais,Presencial,Masculino,Amarela,0.3507096197500378
CAND_00142,8.4,37.0,Mestrado,Interior,Híbrido,Masculino,Branca,0.6096153939508637
CAND_00143,13.3,49.0,Mestrado,Capitais,Híbrido,Feminino,Branca,0.7460651038229398
CAND_00144,9.5,41.0,Doutorado,Região Metropolitana,Híbrido,Masculino,Indígena,0.7702587216827583
CAND_00145,7.2,58.0,Mestrado,Interior,Híbrido,Masculino,Preta,0.2367680356191981
CAND_00146,2.0,61.0,Bacharelado,Capitais,Remoto,Feminino,Branca,0.49167696000341277
CAND_00147,5.1,34.0,Bacharelado,Capitais,Híbrido,Masculino,Branca,1.0
CAND_00148,11.1,45.0,Bacharelado,Capitais,Remoto,Feminino,Branca,0.6046128575090566
CAND_00149,7.3,20.0,Bacharelado,Região Metropolitana,Híbrido,Masculino,Branca,0.7407493892324866
CAND_00150,0.5,53.0,Bacharelado,Capitais,Remoto,Masculino,Branca,0.8205071984802503
CAND_00151,7.5,28.0,Ensino Médio,Capitais,Híbrido,Masculino,Preta,0.24891180507470853
CAND_00152,3.7,67.0,Bacharelado,Região Metropolitana,Remoto,Feminino,Preta,0.0038854411775344315
CAND_00153,7.8,43.0,Mestrado,Região Metropolitana,Híbrido,Masculino,Branca,1.0
CAND_00154,4.0,9.0,Bacharelado,Interior,Presencial,Masculino,Branca,0.6074724163748902
CAND_00155,3.9,37.0,Bacharelado,Região Metropolitana,Híbrido,Feminino,Preta,0.0
CAND_00156,6.4,82.0,Bacharelado,Capitais,Híbrido,Masculino,Branca,1.0
CAND_00157,8.4,55.0,Mestrado,Região Metropolitana,Híbrido,Feminino,Parda,0.655580091538055
CAND_00158,4.2,33.0,Ensino Médio,Região Metropolitana,Presencial,Masculino,Preta,0.284421006122167
CAND_00159,2.5,36.0,Bacharelado,Capitais,Híbrido,Masculino,Branca,0.9740645332742912
CAND_00160,5.7,66.0,Bacharelado,Capitais,Híbrido,Feminino,Branca,0.6805652830826527
CAND_00161,3.3,57.0,Doutorado,Capitais,Híbrido,Feminino,Branca,0.7144865221904737
CAND_00162,6.5,20.0,Mestrado,Capitais,Remoto,Feminino,Branca,0.5118692163579878
CAND_00163,7.8,63.0,Ensino Médio,Capitais,Presencial,Feminino,Branca,0.5873106741346806
CAND_00164,2.6,52.0,Mestrado,Capitais,Híbrido,Feminino,Branca,0.5390014970422288
CAND_00165,3.9,40.0,Bacharelado,Capitais,Remoto,Masculino,Branca,0.963900957995112
CAND_00166,4.6,47.0,Doutorado,Capitais,Híbrido,Não-binário,Branca,0.5482923213769779
CAND_00167,10.0,53.0,Bacharelado,Capitais,Híbrido,Feminino,Branca,0.5343500968996351
CAND_00168,3.4,53.0,Bacharelado,Capitais,Remoto,Feminino,Branca,0.5976465542739877
CAND_00169,9.5,80.0,Bacharelado,Interior,Presencial,Masculino,Amarela,0.5221005014079241
CAND_00170,1.6,31.0,Bacharelado,Capitais,Híbrido,Masculino,Parda,0.68466841010008
CAND_00171,2.4,51.0,Ensino Médio,Capitais,Híbrido,Masculino,Branca,0.9682300203654177
CAND_00172,6.2,73.0,Bacharelado,Capitais,Presencial,Feminino,Branca,0.5989419429840868
CAND_00173,9.3,45.0,Bacharelado,Interior,Híbrido,Feminino,Branca,0.1989083276392958
CAND_00174,4.9,34.0,Mestrado,Capitais,Presencial,Masculino,Branca,0.8275045814108255
CAND_00175,6.1,44.0,Bacharelado,Capitais,Remoto,Feminino,Branca,0.6012856000992189
CAND_00176,10.0,60.0,Bacharelado,Região Metropolitana,Híbrido,Feminino,Branca,0.4728940748355498
CAND_00177,3.5,50.0,Bacharelado,Região Metropolitana,Remoto,Masculino,Branca,0.8788181172545213
CAND_00178,10.9,38.0,Doutorado,Capitais,Híbrido,Masculino,Branca,1.0
CAND_00179,6.8,83.0,Ensino Médio,Capitais,Remoto,Feminino,Branca,0.5959958664384658
CAND_00180,4.6,58.0,Bacharelado,Capitais,Híbrido,Masculino,Branca,0.9130385342155403
CAND_00181,2.9,57.0,Ensino Médio,Região Metropolitana,Remoto,Masculino,Branca,0.7440051128067509
CAND_00182,4.7,56.0,Mestrado,Interior,Presencial,Masculino,Branca,0.8427032953534479
CAND_00183,2.3,39.0,Ensino Médio,Capitais,Presencial,Não-binário,Amarela,0.0
CAND_00184,8.8,30.0,Bacharelado,Capitais,Presencial,Masculino,Branca,0.9229709766050688
CAND_00185,6.4,46.0,Ensino Médio,Capitais,Híbrido,Masculino,Branca,0.9338120997858811
CAND_00186,8.1,65.0,Bacharelado,Capitais,Presencial,Feminino,Branca,0.4955522664753944
CAND_00187,0.0,62.0,Bacharelado,Capitais,Híbrido,Feminino,Indígena,0.19190849853273745
CAND_00188,10.4,67.0,Ensino Médio,Capitais,Híbrido,Feminino,Branca,0.8093307937794816
CAND_00189,4.0,57.0,Mestrado,Capitais,Remoto,Masculino,Preta,0.5468984974374408
CAND_00190,6.1,47.0,Bacharelado,Capitais,Presencial,Feminino,Branca,0.45023517290874726
CAND_00191,5.3,49.0,Mestrado,Região Metropolitana,Remoto,Feminino,Branca,0.4811008798418535
CAND_00192,0.6,44.0,Bacharelado,Capitais,Híbrido,Masculino,Parda,0.7054701943146572
CAND_00193,7.0,43.0,Mestrado,Capitais,Híbrido,Masculino,Branca,0.9954340834738385
CAND_00194,4.1,37.0,Bacharelado,Capitais,Híbrido,Feminino,Branca,0.39217630073882004
CAND_00195,7.8,67.0,Bacharelado,Capitais,Presencial,Masculino,Branca,1.0
CAND_00196,5.6,57.0,Ensino Médio,Capitais,Presencial,Feminino,Indígena,0.403803869543758
CAND_00197,7.5,62.0,Mestrado,Capitais,Híbrido,Masculino,Amarela,0.8795451682038419
CAND_00198,5.4,55.0,Ensino Médio,Capitais,Híbrido,Masculino,Preta,0.31207838718417236
CAND_00199,7.0,40.0,Bacharelado,Capitais,Híbrido,Masculino,Branca,1.0
CAND_00200,8.1,39.0,Mestrado,Capitais,Presencial,Masculino,Parda,0.7849091176991487
CAND_00201,5.7,68.0,Bacharelado,Capitais,Híbrido,Masculino,Preta,0.5680086332195615
CAND_00202,8.0,45.0,Ensino Médio,Região Metropolitana,Híbrido,Masculino,Branca,0.7369556571259268
CAND_00203,3.5,67.0,Mestrado,Capitais,Híbrido,Masculino,Branca,1.0
CAND_00204,5.9,43.0,Mestrado,Região Metropolitana,Presencial,Masculino,Indígena,0.5215190925140212
CAND_00205,8.6,58.0,Bacharelado,Interior,Remoto,Feminino,Parda,0.3616967449052484
CAND_00206,4.2,28.0,Ensino Médio,Interior,Presencial,Feminino,Amarela,0.0
CAND_00207,10.3,44.0,Ensino Médio,Capitais,Remoto,Masculino,Preta,0.5117234601632721
CAND_00208,3.3,67.0,Bacharelado,Capitais,Presencial,Masculino,Branca,1.0
CAND_00209,9.3,61.0,Mestrado,Capitais,Híbrido,Masculino,Indígena,0.7695363532902126
CAND_00210,2.3,60.0,Bacharelado,Interior,Presencial,Feminino,Branca,0.11836341219937244
CAND_00211,6.8,58.0,Doutorado,Capitais,Híbrido,Masculino,Amarela,0.668650873777174
CAND_00212,0.9,54.0,Mestrado,Capitais,Presencial,Masculino,Preta,0.47578839990847993
CAND_00213,5.1,33.0,Bacharelado,Interior,Híbrido,Masculino,Amarela,0.4956923915680155
CAND_00214,7.8,47.0,Bacharelado,Região Metropolitana,Remoto,Masculino,Parda,0.8554097774529305
CAND_00215,9.5,58.0,Mestrado,Capitais,Remoto,Masculino,Indígena,0.7830574887787576
CAND_00216,7.9,36.0,Bacharelado,Capitais,Presencial,Masculino,Branca,0.8635558270338148
CAND_00217,5.9,42.0,Doutorado,Capitais,Híbrido,Feminino,Parda,0.6228526588434908
CAND_00218,2.5,38.0,Bacharelado,Região Metropolitana,Híbrido,Feminino,Branca,0.23377844694982436
CAND_00219,10.0,46.0,Bacharelado,Interior,Presencial,Masculino,Branca,0.6523123687045586
CAND_00220,0.6,34.0,Bacharelado,Capitais,Híbrido,Masculino,Amarela,0.4558428419718983
CAND_00221,2.6,74.0,Mestrado,Capitais,Remoto,Masculino,Branca,1.0
CAND_00222,6.2,86.0,Doutorado,Capitais,Remoto,Masculino,Branca,1.0
CAND_00223,9.8,67.0,Bacharelado,Capitais,Híbrido,Feminino,Branca,0.7580358909656971
CAND_00224,2.5,43.0,Mestrado,Região Metropolitana,Presencial,Masculino,Branca,0.7356719475468629
CAND_00225,6.2,44.0,Mestrado,Capitais,Remoto,Feminino,Branca,0.6359240627335946
CAND_00226,3.9,53.0,Bacharelado,Região Metropolitana,Remoto,Masculino,Indígena,0.4120075623978988
CAND_00227,4.1,67.0,Bacharelado,Região Metropolitana,Presencial,Feminino,Branca,0.48617518288592626
CAND_00228,7.1,62.0,Bacharelado,Região Metropolitana,Presencial,Masculino,Amarela,0.40562135426706286
CAND_00229,7.4,51.0,Mestrado,Interior,Presencial,Feminino,Parda,0.2290213644715392
CAND_00230,2.7,49.0,Mestrado,Capitais,Híbrido,Feminino,Branca,0.5301280427718632
CAND_00231,3.5,58.0,Mestrado,Capitais,Presencial,Masculino,Parda,0.7900555596554012
CAND_00232,4.9,32.0,Ensino Médio,Capitais,Híbrido,Masculino,Preta,0.4729102030283663
CAND_00233,6.7,64.0,Ensino Médio,Região Metropolitana,Remoto,Masculino,Indígena,0.6058430571006652
CAND_00234,3.5,58.0,Mestrado,Região Metropolitana,Remoto,Masculino,Preta,0.47652620260811085
CAND_00235,0.4,43.0,Bacharelado,Capitais,Híbrido,Feminino,Indígena,0.12960116208390693
CAND_00236,2.2,61.0,Bacharelado,Região Metropolitana,Híbrido,Feminino,Branca,0.6721300668721476
CAND_00237,1.8,55.0,Mestrado,Capitais,Híbrido,Feminino,Parda,0.44281556739758815
CAND_00238,5.2,69.0,Bacharelado,Região Metropolitana,Híbrido,Feminino,Amarela,0.17457965233059286
CAND_00239,8.0,22.0,Bacharelado,Capitais,Presencial,Masculino,Branca,0.9842330622577904
CAND_00240,4.6,49.0,Bacharelado,Capitais,Remoto,Masculino,Preta,0.22994369225932354
CAND_00241,1.6,54.0,Mestrado,Capitais,Híbrido,Feminino,Amarela,0.1733723601276544
CAND_00242,3.6,69.0,Doutorado,Interior,Presencial,Feminino,Branca,0.3469402249509369
CAND_00243,3.9,57.0,Mestrado,Região Metropolitana,Presencial,Não-binário,Branca,0.33902397980384336
CAND_00244,2.3,28.0,Bacharelado,Região Metropolitana,Híbrido,Feminino,Branca,0.5498084799454342
CAND_00245,5.9,67.0,Ensino Médio,Interior,Híbrido,Masculino,Branca,0.6823324840052948
CAND_00246,11.4,60.0,Bacharelado,Interior,Presencial,Masculino,Branca,0.7487281652856571
CAND_00247,4.3,64.0,Bacharelado,Região Metropolitana,Híbrido,Masculino,Amarela,0.5888136243371904
CAND_00248,7.5,0.0,Bacharelado,Capitais,Remoto,Masculino,Branca,0.9227388565081279
CAND_00249,3.2,39.0,Bacharelado,Capitais,Remoto,Masculino,Preta,0.3970761139077206
CAND_00250,6.9,67.0,Bacharelado,Interior,Remoto,Feminino,Branca,0.21578676316647497
CAND_00251,10.6,55.0,Bacharelado,Capitais,Híbrido,Feminino,Branca,0.7180929325112732
CAND_00252,5.1,53.0,Bacharelado,Capitais,Presencial,Masculino,Branca,1.0
CAND_00253,4.1,54.0,Bacharelado,Capitais,Híbrido,Feminino,Indígena,0.2277024377576865
CAND_00254,4.3,46.0,Mestrado,Capitais,Remoto,Masculino,Branca,0.891744767020285
CAND_00255,5.1,66.0,Ensino Médio,Interior,Híbrido,Feminino,Preta,0.0
CAND_00256,8.0,30.0,Ensino Médio,Interior,Híbrido,Masculino,Branca,0.6812882571912222
CAND_00257,10.6,46.0,Bacharelado,Capitais,Presencial,Masculino,Branca,1.0
CAND_00258,0.0,43.0,Ensino Médio,Capitais,Remoto,Feminino,Preta,0.0
CAND_00259,7.7,16.0,Mestrado,Região Metropolitana,Remoto,Feminino,Branca,0.515299285788603
CAND_00260,3.0,63.0,Bacharelado,Região Metropolitana,Híbrido,Masculino,Branca,0.8291752823557003
CAND_00261,3.0,46.0,Bacharelado,Capitais,Remoto,Masculino,Branca,0.9281266797656331
CAND_00262,2.2,6.0,Bacharelado,Capitais,Híbrido,Masculino,Branca,0.7102413027807082
CAND_00263,0.6,64.0,Bacharelado,Região Metropolitana,Híbrido,Masculino,Parda,0.8464801197011244
CAND_00264,6.6,38.0,Bacharelado,Capitais,Presencial,Masculino,Parda,0.8357885455187822
CAND_00265,5.1,79.0,Mestrado,Capitais,Presencial,Masculino,Parda,1.0
CAND_00266,7.0,63.0,Bacharelado,Capitais,Presencial,Masculino,Branca,1.0
CAND_00267,5.8,66.0,Bacharelado,Região Metropolitana,Remoto,Masculino,Branca,0.9813658478895741
CAND_00268,2.7,52.0,Bacharelado,Região Metropolitana,Remoto,Não-binário,Branca,0.4642831024430678
CAND_00269,1.9,27.0,Bacharelado,Capitais,Híbrido,Masculino,Amarela,0.4946422257515422
CAND_00270,1.9,71.0,Bacharelado,Capitais,Presencial,Masculino,Preta,0.38778515753599796
CAND_00271,4.5,73.0,Bacharelado,Região Metropolitana,Presencial,Feminino,Branca,0.47040437371626287
CAND_00272,7.2,48.0,Mestrado,Capitais,Híbrido,Masculino,Preta,0.42865633369719314
CAND_00273,6.8,41.0,Mestrado,Interior,Híbrido,Masculino,Branca,0.8078872602917333
CAND_00274,1.8,62.0,Mestrado,Região Metropolitana,Presencial,Masculino,Preta,0.24204205760279307
CAND_00275,3.5,56.0,Bacharelado,Capitais,Presencial,Masculino,Amarela,0.6195171314868733
CAND_00276,10.9,57.0,Bacharelado,Interior,Híbrido,Masculino,Amarela,0.4353733689480851
CAND_00277,5.1,66.0,Bacharelado,Capitais,Híbrido,Feminino,Indígena,0.2462061297124751
CAND_00278,3.8,21.0,Bacharelado,Capitais,Híbrido,Feminino,Branca,0.4082297225532235
CAND_00279,7.5,91.0,Bacharelado,Capitais,Remoto,Masculino,Amarela,0.7983864350230656
CAND_00280,5.8,79.0,Bacharelado,Capitais,Híbrido,Feminino,Branca,0.6658187875442454
CAND_00281,0.0,51.0,Doutorado,Região Metropolitana,Híbrido,Feminino,Branca,0.6199020651101524
CAND_00282,3.3,70.0,Bacharelado,Capitais,Híbrido,Feminino,Preta,0.03888060206703367
CAND_00283,3.2,54.0,Ensino Médio,Região Metropolitana,Remoto,Feminino,Branca,0.33312714989342357
CAND_00284,4.2,54.0,Bacharelado,Interior,Presencial,Feminino,Branca,0.20087735990400046
CAND_00285,2.9,37.0,Bacharelado,Capitais,Híbrido,Masculino,Branca,0.8089036965407126
CAND_00286,9.7,42.0,Bacharelado,Interior,Presencial,Masculino,Branca,0.7059680517457331
CAND_00287,4.4,45.0,Bacharelado,Capitais,Híbrido,Masculino,Parda,0.802467420847716
CAND_00288,6.8,41.0,Bacharelado,Capitais,Remoto,Feminino,Parda,0.4044968662788651
CAND_00289,5.4,61.0,Mestrado,Capitais,Presencial,Masculino,Parda,0.922358451965902
CAND_00290,4.0,61.0,Bacharelado,Região Metropolitana,Presencial,Feminino,Parda,0.4541070343916962
CAND_00291,7.3,64.0,Mestrado,Interior,Presencial,Masculino,Preta,0.323319029317664
CAND_00292,6.4,55.0,Bacharelado,Capitais,Híbrido,Masculino,Preta,0.422780055521062
CAND_00293,3.6,33.0,Bacharelado,Capitais,Presencial,Masculino,Preta,0.41870729541267054
CAND_00294,8.7,55.0,Bacharelado,Capitais,Remoto,Feminino,Branca,0.5492559222540576
CAND_00295,5.3,56.0,Ensino Médio,Interior,Híbrido,Masculino,Preta,0.12369245098314217
CAND_00296,9.7,52.0,Bacharelado,Capitais,Presencial,Feminino,Branca,0.5675553607252004
CAND_00297,9.2,52.0,Bacharelado,Capitais,Híbrido,Masculino,Branca,1.0
CAND_00298,1.6,48.0,Bacharelado,Capitais,Híbrido,Feminino,Branca,0.4054867269233918
CAND_00299,12.0,53.0,Bacharelado,Capitais,Híbrido,Feminino,Indígena,0.48910541483739567
CAND_00300,5.2,71.0,Ensino Médio,Capitais,Híbrido,Feminino,Preta,0.11944941238536186
CAND_00301,9.3,64.0,Mestrado,Capitais,Presencial,Masculino,Parda,1.0
CAND_00302,8.7,67.0,Mestrado,Capitais,Híbrido,Masculino,Branca,1.0
CAND_00303,8.7,39.0,Ensino Médio,Capitais,Presencial,Feminino,Preta,0.10178438695175519
CAND_00304,3.5,50.0,Bacharelado,Região Metropolitana,Híbrido,Masculino,Branca,0.7535856946808471
CAND_00305,5.7,60.0,Mestrado,Capitais,Presencial,Não-binário,Branca,0.5391372270910353
CAND_00306,10.2,43.0,Mestrado,Capitais,Híbrido,Masculino,Branca,1.0
CAND_00307,2.8,70.0,Ensino Médio,Região Metropolitana,Híbrido,Masculino,Preta,0.3003349282122947
CAND_00308,7.2,52.0,Bacharelado,Região Metropolitana,Remoto,Masculino,Branca,0.870745703854721
CAND_00309,0.8,50.0,Bacharelado,Região Metropolitana,Híbrido,Masculino,Preta,0.2822213537492499
CAND_00310,9.5,35.0,Mestrado,Região Metropolitana,Híbrido,Masculino,Branca,0.8207390914421715
CAND_00311,4.0,81.0,Bacharelado,Capitais,Remoto,Masculino,Amarela,0.6666064098422138
CAND_00312,4.7,24.0,Mestrado,Região Metropolitana,Híbrido,Masculino,Branca,0.6197018349963727
CAND_00313,2.6,29.0,Mestrado,Capitais,Híbrido,Masculino,Branca,0.8927303096648456
CAND_00314,5.4,22.0,Bacharelado,Capitais,Remoto,Masculino,Parda,0.6249352545002513
CAND_00315,3.3,45.0,Bacharelado,Interior,Presencial,Masculino,Branca,0.5340272883594801
CAND_00316,8.7,50.0,Bacharelado,Região Metropolitana,Híbrido,Masculino,Branca,0.8890871694787581
CAND_00317,2.0,32.0,Bacharelado,Região Metropolitana,Presencial,Masculino,Branca,0.6945474416124063
CAND_00318,3.2,41.0,Bacharelado,Região Metropolitana,Híbrido,Masculino,Branca,0.9987500361314517
CAND_00319,4.7,70.0,Bacharelado,Região Metropolitana,Híbrido,Feminino,Indígena,0.09819210824799698
CAND_00320,5.7,33.0,Mestrado,Região Metropolitana,Presencial,Masculino,Amarela,0.23184938141135972
CAND_00321,8.1,34.0,Ensino Médio,Capitais,Presencial,Não-binário,Preta,0.0
CAND_00322,1.8,32.0,Mestrado,Interior,Presencial,Masculino,Parda,0.4820437257789535
CAND_00323,0.9,54.0,Mestrado,Capitais,Híbrido,Masculino,Branca,0.9458295288069056
CAND_00324,9.7,44.0,Mestrado,Capitais,Híbrido,Masculino,Amarela,0.5538775744478158
CAND_00325,5.8,49.0,Bacharelado,Região Metropolitana,Híbrido,Feminino,Parda,0.4180622641733449
CAND_00326,3.9,39.0,Bacharelado,Capitais,Presencial,Masculino,Branca,0.8152970429162643
CAND_00327,6.7,72.0,Ensino Médio,Capitais,Remoto,Feminino,Branca,0.5031687577133602
CAND_00328,8.2,41.0,Bacharelado,Capitais,Presencial,Masculino,Indígena,0.5791021808709655
CAND_00329,4.2,25.0,Bacharelado,Capitais,Presencial,Masculino,Branca,0.7569003927629325
CAND_00330,2.5,54.0,Bacharelado,Capitais,Remoto,Masculino,Preta,0.43488195182504835
CAND_00331,6.8,54.0,Mestrado,Capitais,Híbrido,Feminino,Preta,0.16159520679272002
CAND_00332,11.1,42.0,Bacharelado,Capitais,Híbrido,Feminino,Amarela,0.12809199180959052
CAND_00333,3.9,57.0,Doutorado,Capitais,Presencial,Masculino,Preta,0.6372795151795233
CAND_00334,4.5,62.0,Bacharelado,Capitais,Híbrido,Feminino,Branca,0.6172309832728633
CAND_00335,3.9,37.0,Bacharelado,Região Metropolitana,Presencial,Feminino,Branca,0.332772732628004
CAND_00336,5.4,45.0,Ensino Médio,Capitais,Presencial,Masculino,Branca,1.0
CAND_00337,11.1,46.0,Bacharelado,Região Metropolitana,Híbrido,Feminino,Preta,0.0
CAND_00338,5.7,23.0,Bacharelado,Região Metropolitana,Remoto,Não-binário,Branca,0.25597970478561244
CAND_00339,4.6,59.0,Bacharelado,Capitais,Híbrido,Masculino,Amarela,0.5190062328118379
CAND_00340,10.4,50.0,Bacharelado,Capitais,Remoto,Masculino,Branca,0.9800979908893692
CAND_00341,8.3,48.0,Bacharelado,Região Metropolitana,Presencial,Masculino,Branca,0.9886464719436281
CAND_00342,4.1,43.0,Mestrado,Região Metropolitana,Remoto,Não-binário,Branca,0.30290220168208226
CAND_00343,0.0,67.0,Bacharelado,Região Metropolitana,Presencial,Masculino,Preta,0.3037894546368042
CAND_00344,8.6,63.0,Ensino Médio,Capitais,Presencial,Feminino,Branca,0.6742429605021871
CAND_00345,2.8,56.0,Bacharelado,Capitais,Remoto,Não-binário,Amarela,0.0
CAND_00346,7.8,48.0,Bacharelado,Região Metropolitana,Híbrido,Masculino,Parda,0.7592973711765066
CAND_00347,2.8,50.0,Bacharelado,Capitais,Remoto,Feminino,Branca,0.5759991744035751
CAND_00348,3.4,56.0,Bacharelado,Capitais,Remoto,Masculino,Branca,1.0
CAND_00349,6.2,96.0,Bacharelado,Interior,Híbrido,Masculino,Amarela,0.5823695411143722
CAND_00350,3.4,61.0,Bacharelado,Região Metropolitana,Presencial,Masculino,Branca,0.8894301419047193
CAND_00351,9.2,44.0,Mestrado,Capitais,Presencial,Feminino,Branca,0.6513925066589282
CAND_00352,4.1,71.0,Bacharelado,Região Metropolitana,Remoto,Masculino,Branca,0.9342865153306124
CAND_00353,5.7,48.0,Mestrado,Região Metropolitana,Remoto,Masculino,Amarela,0.37522673005491725
CAND_00354,4.7,44.0,Bacharelado,Capitais,Presencial,Feminino,Preta,0.0
CAND_00355,5.2,42.0,Bacharelado,Capitais,Presencial,Masculino,Amarela,0.554441471158286
CAND_00356,8.0,61.0,Doutorado,Capitais,Híbrido,Feminino,Branca,0.8858265381408338
CAND_00357,4.6,37.0,Mestrado,Região Metropolitana,Presencial,Não-binário,Parda,0.15641707272394242
CAND_00358,4.6,31.0,Bacharelado,Capitais,Presencial,Masculino,Branca,0.8563962520046814
CAND_00359,6.1,42.0,Bacharelado,Região Metropolitana,Híbrido,Masculino,Amarela,0.444822284842123
CAND_00360,0.0,54.0,Bacharelado,Capitais,Remoto,Feminino,Branca,0.427723907451363
CAND_00361,4.1,57.0,Doutorado,Região Metropolitana,Presencial,Masculino,Preta,0.33328427511761805
CAND_00362,5.4,45.0,Bacharelado,Capitais,Remoto,Feminino,Branca,0.5382026441317971
CAND_00363,12.9,71.0,Bacharelado,Capitais,Presencial,Masculino,Branca,1.0
CAND_00364,0.0,44.0,Ensino Médio,Capitais,Híbrido,Masculino,Preta,0.32413256325637846
CAND_00365,0.0,43.0,Doutorado,Região Metropolitana,Remoto,Masculino,Branca,0.7703825652848998
CAND_00366,7.5,38.0,Mestrado,Capitais,Remoto,Masculino,Branca,1.0
CAND_00367,4.1,53.0,Doutorado,Capitais,Remoto,Feminino,Branca,0.6161372811994795
CAND_00368,7.4,80.0,Bacharelado,Capitais,Híbrido,Masculino,Amarela,0.7469530155027909
CAND_00369,2.6,32.0,Bacharelado,Região Metropolitana,Remoto,Masculino,Branca,0.7808781850903007
CAND_00370,8.2,58.0,Bacharelado,Região Metropolitana,Remoto,Feminino,Branca,0.4269413888157217
CAND_00371,8.5,42.0,Bacharelado,Capitais,Híbrido,Masculino,Amarela,0.7069008220964764
CAND_00372,0.0,47.0,Ensino Médio,Região Metropolitana,Presencial,Feminino,Parda,0.1474244530399549
CAND_00373,1.4,31.0,Bacharelado,Região Metropolitana,Híbrido,Masculino,Preta,0.25903901473378826
CAND_00374,5.3,43.0,Bacharelado,Capitais,Remoto,Masculino,Parda,0.9419759237640344
CAND_00375,6.1,64.0,Bacharelado,Região Metropolitana,Remoto,Feminino,Preta,0.033490481118258086
CAND_00376,4.9,48.0,Bacharelado,Interior,Remoto,Feminino,Branca,0.14483687223699437
CAND_00377,1.9,42.0,Bacharelado,Região Metropolitana,Remoto,Masculino,Branca,0.9538981692191679
CAND_00378,5.2,33.0,Mestrado,Interior,Presencial,Feminino,Branca,0.1286214635219937
CAND_00379,8.0,61.0,Mestrado,Região Metropolitana,Híbrido,Feminino,Amarela,0.1532314449133393
CAND_00380,0.8,63.0,Bacharelado,Capitais,Híbrido,Feminino,Branca,0.35425252743771657
CAND_00381,11.5,53.0,Bacharelado,Interior,Remoto,Masculino,Branca,0.8709912001337664
CAND_00382,5.2,61.0,Mestrado,Capitais,Híbrido,Masculino,Branca,1.0
CAND_00383,3.3,55.0,Mestrado,Capitais,Híbrido,Feminino,Branca,0.49692014447359045
CAND_00384,1.4,42.0,Mestrado,Capitais,Remoto,Feminino,Amarela,0.15105887935085063
CAND_00385,9.0,68.0,Bacharelado,Capitais,Presencial,Masculino,Branca,1.0
CAND_00386,8.5,17.0,Bacharelado,Região Metropolitana,Presencial,Masculino,Parda,0.4480690110478859
CAND_00387,2.4,59.0,Mestrado,Capitais,Híbrido,Feminino,Branca,0.6071878764415055
CAND_00388,8.2,50.0,Bacharelado,Capitais,Remoto,Feminino,Preta,0.21889470861146904
CAND_00389,2.0,22.0,Mestrado,Capitais,Híbrido,Feminino,Branca,0.42546586707744477
CAND_00390,3.3,55.0,Doutorado,Capitais,Híbrido,Feminino,Preta,0.0
CAND_00391,1.6,40.0,Bacharelado,Região Metropolitana,Remoto,Feminino,Branca,0.2529339187397523
CAND_00392,5.7,31.0,Mestrado,Capitais,Remoto,Feminino,Branca,0.599087383065584
CAND_00393,5.6,45.0,Bacharelado,Região Metropolitana,Híbrido,Não-binário,Parda,0.16410135729200281
CAND_00394,6.6,56.0,Mestrado,Capitais,Híbrido,Masculino,Preta,0.5768060594339618
CAND_00395,7.0,58.0,Bacharelado,Região Metropolitana,Híbrido,Masculino,Branca,0.9860453470852808
CAND_00396,0.0,41.0,Bacharelado,Capitais,Presencial,Masculino,Branca,0.8816842835261169
CAND_00397,3.8,54.0,Bacharelado,Região Metropolitana,Híbrido,Masculino,Preta,0.38338992325180327
CAND_00398,4.2,48.0,Bacharelado,Capitais,Híbrido,Masculino,Preta,0.44707960734015006
CAND_00399,7.3,32.0,Ensino Médio,Capitais,Presencial,Não-binário,Branca,0.36094392978431983
CAND_00400,4.5,46.0,Bacharelado,Região Metropolitana,Presencial,Masculino,Amarela,0.24022066184032467
CAND_00401,3.8,22.0,Mestrado,Região Metropolitana,Híbrido,Feminino,Preta,0.021708916522582722
CAND_00402,10.2,39.0,Bacharelado,Região Metropolitana,Remoto,Masculino,Branca,0.8170669195298376
CAND_00403,4.8,52.0,Mestrado,Capitais,Presencial,Masculino,Branca,1.0
CAND_00404,7.1,34.0,Bacharelado,Capitais,Presencial,Masculino,Branca,0.9020384496891354
CAND_00405,9.7,68.0,Ensino Médio,Capitais,Híbrido,Feminino,Branca,0.6879133826505104
CAND_00406,6.1,73.0,Bacharelado,Região Metropolitana,Remoto,Masculino,Branca,0.9959474889384908
CAND_00407,7.0,51.0,Bacharelado,Região Metropolitana,Híbrido,Masculino,Branca,0.9864150903303134
CAND_00408,4.3,45.0,Bacharelado,Capitais,Híbrido,Masculino,Branca,0.9289018736181487
CAND_00409,3.3,47.0,Bacharelado,Capitais,Híbrido,Masculino,Branca,0.9142285559531214
CAND_00410,7.6,47.0,Mestrado,Capitais,Híbrido,Masculino,Branca,1.0
CAND_00411,6.5,64.0,Bacharelado,Região Metropolitana,Remoto,Feminino,Preta,0.0
CAND_00412,0.9,78.0,Bacharelado,Capitais,Remoto,Masculino,Branca,0.9978206958192496
CAND_00413,0.1,44.0,Doutorado,Região Metropolitana,Híbrido,Masculino,Branca,0.8475324099588609
CAND_00414,7.8,47.0,Bacharelado,Capitais,Remoto,Masculino,Branca,1.0
CAND_00415,6.1,56.0,Bacharelado,Região Metropolitana,Presencial,Masculino,Branca,0.9142300041958091
CAND_00416,1.2,66.0,Bacharelado,Capitais,Presencial,Masculino,Branca,0.9866540472116434
CAND_00417,6.4,45.0,Bacharelado,Capitais,Híbrido,Masculino,Indígena,0.6519209748233872
CAND_00418,7.5,71.0,Ensino Médio,Capitais,Presencial,Feminino,Branca,0.5840736802728134
CAND_00419,1.0,60.0,Bacharelado,Capitais,Remoto,Feminino,Branca,0.5966433780648289
CAND_00420,4.6,37.0,Bacharelado,Capitais,Presencial,Masculino,Branca,1.0
CAND_00421,6.0,49.0,Mestrado,Capitais,Remoto,Masculino,Branca,0.9851145076018529
CAND_00422,11.7,41.0,Bacharelado,Capitais,Híbrido,Masculino,Branca,1.0
CAND_00423,4.6,47.0,Bacharelado,Região Metropolitana,Híbrido,Feminino,Branca,0.42197298937367583
CAND_00424,5.5,63.0,Bacharelado,Interior,Remoto,Masculino,Branca,0.7535099348624308
CAND_00425,3.8,62.0,Ensino Médio,Capitais,Presencial,Feminino,Branca,0.5694572738790478
CAND_00426,0.0,63.0,Mestrado,Região Metropolitana,Presencial,Feminino,Branca,0.4950506645178394
CAND_00427,5.1,34.0,Mestrado,Capitais,Híbrido,Masculino,Branca,0.9108181158420915
CAND_00428,1.0,60.0,Mestrado,Região Metropolitana,Híbrido,Feminino,Branca,0.5429630464205815
CAND_00429,1.5,43.0,Bacharelado,Região Metropolitana,Remoto,Masculino,Branca,0.7749783563016456
CAND_00430,0.0,21.0,Bacharelado,Capitais,Híbrido,Masculino,Branca,0.83864343825455
CAND_00431,0.0,53.0,Bacharelado,Interior,Remoto,Feminino,Parda,0.11827429249218943
CAND_00432,5.6,82.0,Bacharelado,Capitais,Híbrido,Não-binário,Branca,0.4732211220829892
CAND_00433,0.0,17.0,Bacharelado,Região Metropolitana,Híbrido,Masculino,Amarela,0.3144842590752429
CAND_00434,8.5,61.0,Ensino Médio,Capitais,Presencial,Feminino,Parda,0.4608085370488251
CAND_00435,6.5,54.0,Bacharelado,Região Metropolitana,Híbrido,Feminino,Branca,0.5329285837284389
CAND_00436,3.8,68.0,Mestrado,Região Metropolitana,Presencial,Feminino,Parda,0.41117253901379147
CAND_00437,4.7,49.0,Mestrado,Capitais,Remoto,Masculino,Branca,0.9753770749343679
CAND_00438,8.4,57.0,Bacharelado,Capitais,Híbrido,Masculino,Preta,0.5655060412692695
CAND_00439,1.8,31.0,Ensino Médio,Capitais,Híbrido,Masculino,Branca,0.8723910387168983
CAND_00440,0.4,59.0,Bacharelado,Interior,Híbrido,Masculino,Branca,0.7304481658983462
CAND_00441,0.9,48.0,Doutorado,Capitais,Presencial,Masculino,Branca,1.0
CAND_00442,8.3,72.0,Bacharelado,Capitais,Híbrido,Masculino,Branca,1.0
CAND_00443,2.2,30.0,Doutorado,Região Metropolitana,Presencial,Feminino,Parda,0.17207468893348143
CAND_00444,5.3,51.0,Bacharelado,Região Metropolitana,Presencial,Masculino,Branca,0.8068411413750866
CAND_00445,5.8,55.0,Bacharelado,Capitais,Híbrido,Feminino,Indígena,0.34500198112681146
CAND_00446,2.2,43.0,Bacharelado,Capitais,Presencial,Masculino,Branca,0.6588036010569039
CAND_00447,3.7,46.0,Ensino Médio,Região Metropolitana,Remoto,Feminino,Branca,0.4265587711116102
CAND_00448,0.0,49.0,Doutorado,Região Metropolitana,Presencial,Não-binário,Branca,0.3014335060073847
CAND_00449,0.0,55.0,Bacharelado,Região Metropolitana,Híbrido,Feminino,Amarela,0.037513166996202926
CAND_00450,5.4,48.0,Mestrado,Capitais,Híbrido,Masculino,Indígena,0.6071063378572927
CAND_00451,6.3,62.0,Bacharelado,Capitais,Híbrido,Masculino,Branca,1.0
CAND_00452,5.5,50.0,Bacharelado,Capitais,Presencial,Masculino,Branca,0.8841136765021228
CAND_00453,4.8,37.0,Bacharelado,Capitais,Híbrido,Masculino,Amarela,0.4380270776435057
CAND_00454,3.7,45.0,Bacharelado,Capitais,Híbrido,Masculino,Branca,0.764523240262394
CAND_00455,3.7,52.0,Mestrado,Região Metropolitana,Remoto,Masculino,Branca,0.8436740828403029
CAND_00456,0.0,55.0,Bacharelado,Capitais,Híbrido,Masculino,Branca,0.9238312248462839
CAND_00457,2.6,30.0,Bacharelado,Capitais,Presencial,Masculino,Branca,0.8328730310511939
CAND_00458,4.9,56.0,Mestrado,Região Metropolitana,Híbrido,Masculino,Preta,0.2764553811247245
CAND_00459,7.7,26.0,Mestrado,Capitais,Presencial,Feminino,Branca,0.5771602271318848
CAND_00460,2.9,44.0,Bacharelado,Região Metropolitana,Híbrido,Feminino,Branca,0.5217121654404853
CAND_00461,7.2,48.0,Mestrado,Interior,Híbrido,Masculino,Parda,0.6901320666369078
CAND_00462,7.4,28.0,Mestrado,Capitais,Híbrido,Masculino,Branca,0.9036947478104583
CAND_00463,5.4,56.0,Bacharelado,Capitais,Híbrido,Masculino,Preta,0.45159707978297325
CAND_00464,11.7,58.0,Bacharelado,Capitais,Híbrido,Masculino,Parda,0.9351084595384308
CAND_00465,7.2,47.0,Bacharelado,Capitais,Híbrido,Masculino,Branca,0.9709954655167188
CAND_00466,2.6,50.0,Bacharelado,Capitais,Presencial,Masculino,Branca,1.0
CAND_00467,2.2,52.0,Ensino Médio,Região Metropolitana,Híbrido,Masculino,Amarela,0.2743259645726314
CAND_00468,6.7,53.0,Bacharelado,Região Metropolitana,Híbrido,Não-binário,Branca,0.2569763532928898
CAND_00469,3.9,39.0,Doutorado,Capitais,Remoto,Feminino,Indígena,0.0
CAND_00470,6.4,36.0,Bacharelado,Capitais,Híbrido,Masculino,Branca,1.0
CAND_00471,0.1,52.0,Bacharelado,Região Metropolitana,Híbrido,Masculino,Preta,0.16014458286673705
CAND_00472,2.6,37.0,Doutorado,Região Metropolitana,Remoto,Masculino,Branca,0.8021865833161493
CAND_00473,5.4,51.0,Bacharelado,Região Metropolitana,Remoto,Masculino,Branca,0.9795481353986998
CAND_00474,6.6,38.0,Bacharelado,Capitais,Presencial,Feminino,Indígena,0.17088771778448036
CAND_00475,5.1,53.0,Mestrado,Capitais,Remoto,Não-binário,Indígena,0.24970353834696302
CAND_00476,2.6,45.0,Bacharelado,Capitais,Presencial,Feminino,Branca,0.48444256231972127
CAND_00477,9.6,6.0,Bacharelado,Capitais,Híbrido,Masculino,Indígena,0.4442659827374663
CAND_00478,4.3,66.0,Mestrado,Capitais,Presencial,Feminino,Branca,0.6593120188936454
CAND_00479,3.3,49.0,Ensino Médio,Capitais,Remoto,Masculino,Branca,0.9251019077845082
CAND_00480,6.1,49.0,Bacharelado,Região Metropolitana,Remoto,Masculino,Branca,0.7907057427984171
CAND_00481,5.1,41.0,Mestrado,Capitais,Híbrido,Não-binário,Branca,0.3204559101843346
CAND_00482,4.5,67.0,Bacharelado,Capitais,Remoto,Masculino,Branca,0.7832889892199176
CAND_00483,2.5,28.0,Bacharelado,Região Metropolitana,Remoto,Masculino,Branca,0.7576111219686309
CAND_00484,5.3,49.0,Bacharelado,Interior,Presencial,Masculino,Branca,0.6866013530159982
CAND_00485,2.0,51.0,Bacharelado,Região Metropolitana,Remoto,Feminino,Branca,0.4101519764719027
CAND_00486,1.1,52.0,Bacharelado,Capitais,Híbrido,Masculino,Amarela,0.41458679159511463
CAND_00487,5.2,27.0,Ensino Médio,Capitais,Presencial,Feminino,Branca,0.464157121280523
CAND_00488,3.3,67.0,Ensino Médio,Região Metropolitana,Híbrido,Masculino,Branca,0.8251762578020501
CAND_00489,1.7,64.0,Bacharelado,Capitais,Presencial,Masculino,Branca,0.9349362497989399
CAND_00490,7.6,33.0,Bacharelado,Capitais,Remoto,Feminino,Branca,0.45285035247100097
CAND_00491,8.7,55.0,Bacharelado,Capitais,Remoto,Feminino,Preta,0.12355445245945415
CAND_00492,3.1,48.0,Bacharelado,Região Metropolitana,Remoto,Masculino,Preta,0.45968633580962615
CAND_00493,7.2,34.0,Ensino Médio,Região Metropolitana,Remoto,Masculino,Branca,0.6837768781380419
CAND_00494,7.4,74.0,Bacharelado,Capitais,Híbrido,Feminino,Branca,0.7080292249250957
CAND_00495,1.0,38.0,Mestrado,Capitais,Híbrido,Masculino,Preta,0.28975838419472333
CAND_00496,5.7,54.0,Bacharelado,Capitais,Presencial,Feminino,Branca,0.4990881958762207
CAND_00497,6.3,53.0,Bacharelado,Capitais,Remoto,Masculino,Branca,0.9528372849586921
CAND_00498,0.0,38.0,Bacharelado,Capitais,Híbrido,Masculino,Amarela,0.5440587396607703
CAND_00499,4.7,47.0,Mestrado,Região Metropolitana,Remoto,Masculino,Preta,0.48485834370258113
CAND_00500,6.3,51.0,Bacharelado,Capitais,Híbrido,Feminino,Preta,0.2967573486430677
CAND_00501,6.3,40.0,Ensino Médio,Capitais,Presencial,Masculino,Branca,0.8008546368269474
CAND_00502,5.2,28.0,Bacharelado,Capitais,Remoto,Não-binário,Branca,0.32782548371884856
CAND_00503,7.8,63.0,Doutorado,Capitais,Remoto,Feminino,Branca,0.9655087823311638
CAND_00504,4.3,62.0,Bacharelado,Capitais,Presencial,Feminino,Branca,0.4694219684208421
CAND_00505,2.9,67.0,Bacharelado,Capitais,Presencial,Masculino,Preta,0.4449173322247765
CAND_00506,3.5,55.0,Bacharelado,Capitais,Híbrido,Masculino,Amarela,0.6567535603228619
CAND_00507,6.5,75.0,Bacharelado,Capitais,Híbrido,Masculino,Branca,1.0
CAND_00508,8.9,67.0,Mestrado,Interior,Híbrido,Feminino,Preta,0.0
CAND_00509,3.9,61.0,Mestrado,Região Metropolitana,Presencial,Masculino,Branca,1.0
CAND_00510,3.8,48.0,Doutorado,Capitais,Remoto,Masculino,Preta,0.3857437474431116
CAND_00511,6.6,38.0,Bacharelado,Região Metropolitana,Presencial,Masculino,Branca,0.7954197799948116
CAND_00512,9.0,50.0,Bacharelado,Capitais,Remoto,Feminino,Preta,0.3208115508816438
CAND_00513,3.8,69.0,Bacharelado,Região Metropolitana,Presencial,Masculino,Parda,0.7856818196363686
CAND_00514,2.0,40.0,Bacharelado,Região Metropolitana,Híbrido,Masculino,Branca,0.6880269600844517
CAND_00515,4.3,59.0,Bacharelado,Capitais,Presencial,Masculino,Branca,0.928774533568726
CAND_00516,0.9,62.0,Mestrado,Capitais,Presencial,Masculino,Branca,1.0
CAND_00517,4.5,0.0,Bacharelado,Capitais,Presencial,Feminino,Parda,0.2291627760208421
CAND_00518,2.5,71.0,Mestrado,Região Metropolitana,Presencial,Masculino,Branca,1.0
CAND_00519,3.0,68.0,Bacharelado,Capitais,Remoto,Feminino,Preta,0.003969121457736216
CAND_00520,5.3,39.0,Doutorado,Capitais,Presencial,Masculino,Preta,0.5833534025863681
CAND_00521,0.0,55.0,Bacharelado,Capitais,Híbrido,Masculino,Branca,0.8552994375214213
CAND_00522,6.4,72.0,Mestrado,Interior,Presencial,Masculino,Parda,0.8037559269916122
CAND_00523,9.2,60.0,Ensino Médio,Capitais,Remoto,Masculino,Branca,1.0
CAND_00524,3.7,64.0,Bacharelado,Capitais,Híbrido,Masculino,Branca,1.0
CAND_00525,9.4,77.0,Mestrado,Capitais,Presencial,Masculino,Branca,1.0
CAND_00526,4.4,57.0,Bacharelado,Região Metropolitana,Híbrido,Feminino,Branca,0.5519294674304545
CAND_00527,3.7,34.0,Mestrado,Capitais,Presencial,Feminino,Branca,0.4687316236826008
CAND_00528,1.9,66.0,Bacharelado,Capitais,Híbrido,Feminino,Amarela,0.17612823640410175
CAND_00529,8.0,29.0,Bacharelado,Região Metropolitana,Remoto,Masculino,Branca,0.7475872125704413
CAND_00530,2.5,45.0,Bacharelado,Capitais,Híbrido,Feminino,Branca,0.485908601540128
CAND_00531,5.1,47.0,Mestrado,Capitais,Remoto,Não-binário,Branca,0.5468955557310256
CAND_00532,5.0,54.0,Bacharelado,Região Metropolitana,Presencial,Feminino,Branca,0.5557048623768723
CAND_00533,9.6,46.0,Bacharelado,Capitais,Presencial,Masculino,Indígena,0.8352210039948704
CAND_00534,0.5,61.0,Bacharelado,Região Metropolitana,Híbrido,Masculino,Preta,0.33420942915163776
CAND_00535,8.2,56.0,Bacharelado,Região Metropolitana,Híbrido,Não-binário,Branca,0.6669105606165385
CAND_00536,6.6,53.0,Mestrado,Capitais,Remoto,Masculino,Branca,1.0
CAND_00537,4.0,65.0,Bacharelado,Capitais,Remoto,Feminino,Branca,0.5380522326077148
CAND_00538,8.2,43.0,Mestrado,Região Metropolitana,Remoto,Masculino,Preta,0.40239613137617275
CAND_00539,5.2,33.0,Bacharelado,Capitais,Presencial,Masculino,Branca,0.7667416682931305
CAND_00540,9.2,61.0,Bacharelado,Capitais,Presencial,Masculino,Amarela,0.6957170250099581
CAND_00541,8.1,47.0,Bacharelado,Capitais,Presencial,Masculino,Branca,0.8901712693816517
CAND_00542,4.6,40.0,Bacharelado,Capitais,Remoto,Feminino,Branca,0.41169488968079787
CAND_00543,5.7,68.0,Mestrado,Região Metropolitana,Presencial,Masculino,Branca,1.0
CAND_00544,6.6,51.0,Bacharelado,Interior,Híbrido,Masculino,Preta,0.3863123915291114
CAND_00545,4.7,10.0,Bacharelado,Região Metropolitana,Híbrido,Feminino,Branca,0.20015332375892098
CAND_00546,7.3,51.0,Bacharelado,Capitais,Presencial,Masculino,Branca,0.9931001493233353
CAND_00547,5.7,56.0,Bacharelado,Capitais,Híbrido,Feminino,Parda,0.38738034521817355
CAND_00548,3.3,77.0,Bacharelado,Capitais,Híbrido,Masculino,Branca,1.0
CAND_00549,3.6,54.0,Ensino Médio,Interior,Híbrido,Masculino,Branca,0.5289912231496093
CAND_00550,6.7,64.0,Mestrado,Capitais,Presencial,Masculino,Branca,0.8307599886123903
CAND_00551,8.2,39.0,Bacharelado,Capitais,Presencial,Não-binário,Branca,0.43121659332694406
CAND_00552,5.3,61.0,Mestrado,Região Metropolitana,Presencial,Masculino,Amarela,0.40124388445593506
CAND_00553,4.0,78.0,Bacharelado,Região Metropolitana,Híbrido,Masculino,Branca,0.9476254171025822
CAND_00554,5.0,28.0,Bacharelado,Região Metropolitana,Híbrido,Feminino,Branca,0.3906655693362532
CAND_00555,4.4,36.0,Mestrado,Região Metropolitana,Híbrido,Masculino,Branca,0.9008272603957242
CAND_00556,7.3,74.0,Ensino Médio,Capitais,Remoto,Feminino,Preta,0.23829798316045064
CAND_00557,3.2,58.0,Ensino Médio,Interior,Remoto,Masculino,Branca,0.6201307419065837
CAND_00558,9.9,61.0,Bacharelado,Capitais,Presencial,Não-binário,Branca,0.5443883502259476
CAND_00559,3.3,81.0,Ensino Médio,Capitais,Presencial,Feminino,Branca,0.5255947575442329
CAND_00560,0.4,64.0,Bacharelado,Capitais,Híbrido,Masculino,Branca,0.7354560702632167
CAND_00561,1.7,53.0,Bacharelado,Região Metropolitana,Híbrido,Masculino,Preta,0.2615675365032473
CAND_00562,4.7,53.0,Bacharelado,Capitais,Presencial,Feminino,Parda,0.45579873749345307
CAND_00563,2.5,45.0,Bacharelado,Região Metropolitana,Presencial,Masculino,Branca,0.9295430387086514
CAND_00564,3.0,71.0,Bacharelado,Região Metropolitana,Híbrido,Masculino,Amarela,0.5829689546761668
CAND_00565,4.9,56.0,Mestrado,Região Metropolitana,Remoto,Masculino,Parda,0.797803712221316
CAND_00566,3.6,60.0,Mestrado,Região Metropolitana,Presencial,Masculino,Branca,1.0
CAND_00567,5.0,44.0,Ensino Médio,Região Metropolitana,Remoto,Masculino,Branca,0.7528885063055814
CAND_00568,5.6,47.0,Doutorado,Capitais,Presencial,Feminino,Preta,0.15289616107641857
CAND_00569,4.5,55.0,Mestrado,Região Metropolitana,Híbrido,Feminino,Branca,0.5458091057957203
CAND_00570,5.6,66.0,Bacharelado,Capitais,Híbrido,Masculino,Branca,1.0
CAND_00571,7.2,56.0,Bacharelado,Capitais,Presencial,Masculino,Parda,0.9557713761858573
CAND_00572,7.7,49.0,Bacharelado,Capitais,Remoto,Masculino,Preta,0.5645390594742554
CAND_00573,1.8,36.0,Bacharelado,Capitais,Híbrido,Masculino,Branca,0.7364250755017231
CAND_00574,7.4,29.0,Mestrado,Interior,Híbrido,Feminino,Preta,0.0
CAND_00575,2.1,46.0,Ensino Médio,Região Metropolitana,Presencial,Feminino,Branca,0.3701765549998139
CAND_00576,3.8,40.0,Bacharelado,Interior,Presencial,Masculino,Branca,0.5703501367694097
CAND_00577,4.2,51.0,Bacharelado,Capitais,Presencial,Não-binário,Parda,0.3692467594733352
CAND_00578,3.6,37.0,Bacharelado,Capitais,Híbrido,Feminino,Branca,0.6063042358834901
CAND_00579,6.8,67.0,Bacharelado,Capitais,Remoto,Masculino,Preta,0.5046495863708742
CAND_00580,8.2,53.0,Mestrado,Interior,Presencial,Masculino,Branca,0.9524575439490668
CAND_00581,5.3,45.0,Mestrado,Capitais,Híbrido,Masculino,Branca,0.9780014534128325
CAND_00582,8.2,37.0,Bacharelado,Região Metropolitana,Remoto,Masculino,Preta,0.3703325311204484
CAND_00583,8.8,25.0,Mestrado,Região Metropolitana,Remoto,Masculino,Branca,0.8924469221506329
CAND_00584,6.2,73.0,Bacharelado,Capitais,Remoto,Masculino,Branca,1.0
CAND_00585,5.6,41.0,Mestrado,Capitais,Remoto,Masculino,Branca,0.942375997669992
CAND_00586,1.9,67.0,Ensino Médio,Região Metropolitana,Híbrido,Masculino,Indígena,0.41748455829854453
CAND_00587,4.6,78.0,Doutorado,Interior,Presencial,Feminino,Amarela,0.0
CAND_00588,8.8,43.0,Bacharelado,Capitais,Presencial,Masculino,Branca,1.0
CAND_00589,6.2,57.0,Bacharelado,Capitais,Remoto,Masculino,Branca,1.0
CAND_00590,0.7,47.0,Bacharelado,Região Metropolitana,Presencial,Masculino,Branca,0.8277920772857885
CAND_00591,2.5,37.0,Bacharelado,Capitais,Presencial,Masculino,Preta,0.3262184535380898
CAND_00592,7.5,54.0,Mestrado,Capitais,Híbrido,Feminino,Branca,0.8582820739335242
CAND_00593,10.8,57.0,Bacharelado,Capitais,Remoto,Masculino,Preta,0.638237924425658
CAND_00594,0.4,68.0,Bacharelado,Interior,Remoto,Feminino,Branca,0.3032809556426952
CAND_00595,3.9,45.0,Bacharelado,Capitais,Presencial,Masculino,Branca,0.812273739552427
CAND_00596,3.4,63.0,Mestrado,Capitais,Híbrido,Masculino,Branca,0.8892194534555657
CAND_00597,6.3,50.0,Doutorado,Capitais,Presencial,Não-binário,Branca,0.6065709162545769
CAND_00598,5.3,86.0,Mestrado,Região Metropolitana,Híbrido,Masculino,Branca,1.0
CAND_00599,2.2,59.0,Bacharelado,Região Metropolitana,Híbrido,Feminino,Preta,0.03211877344580322
CAND_00600,8.1,73.0,Bacharelado,Região Metropolitana,Híbrido,Masculino,Amarela,0.5014004895086032
CAND_00601,3.3,61.0,Bacharelado,Região Metropolitana,Híbrido,Masculino,Amarela,0.46361421587080154
CAND_00602,10.2,40.0,Ensino Médio,Região Metropolitana,Remoto,Feminino,Branca,0.42890950971393393
CAND_00603,3.8,41.0,Bacharelado,Interior,Presencial,Masculino,Branca,0.6459693596202802
CAND_00604,3.4,45.0,Mestrado,Capitais,Híbrido,Feminino,Preta,0.0
CAND_00605,7.8,36.0,Mestrado,Capitais,Remoto,Masculino,Parda,0.9470594655079201
CAND_00606,1.9,45.0,Ensino Médio,Capitais,Presencial,Masculino,Preta,0.3134557693301502
CAND_00607,14.3,49.0,Bacharelado,Região Metropolitana,Híbrido,Feminino,Branca,0.702418245850042
CAND_00608,7.4,59.0,Mestrado,Região Metropolitana,Híbrido,Não-binário,Branca,0.3741011308230081
CAND_00609,9.0,44.0,Bacharelado,Região Metropolitana,Híbrido,Feminino,Branca,0.5576454494362449
CAND_00610,3.6,30.0,Bacharelado,Capitais,Híbrido,Feminino,Indígena,0.09629994249978989
CAND_00611,0.4,43.0,Mestrado,Capitais,Presencial,Masculino,Branca,0.9731518643712833
CAND_00612,6.2,66.0,Bacharelado,Capitais,Presencial,Feminino,Parda,0.7754177336949397
CAND_00613,6.9,63.0,Mestrado,Região Metropolitana,Presencial,Masculino,Branca,1.0
CAND_00614,9.1,40.0,Bacharelado,Interior,Híbrido,Masculino,Branca,0.6474613714860978
CAND_00615,9.0,55.0,Bacharelado,Capitais,Presencial,Masculino,Branca,0.9817112168720109
CAND_00616,2.9,74.0,Bacharelado,Região Metropolitana,Híbrido,Feminino,Branca,0.6199799195715507
CAND_00617,6.0,29.0,Bacharelado,Região Metropolitana,Híbrido,Feminino,Indígena,0.05419084146627299
CAND_00618,8.4,48.0,Bacharelado,Capitais,Híbrido,Masculino,Branca,0.9680420668759611
CAND_00619,4.2,63.0,Mestrado,Região Metropolitana,Presencial,Feminino,Preta,0.0
CAND_00620,5.6,36.0,Bacharelado,Capitais,Remoto,Feminino,Preta,0.0
CAND_00621,6.9,57.0,Doutorado,Capitais,Remoto,Masculino,Branca,1.0
CAND_00622,2.5,63.0,Bacharelado,Capitais,Híbrido,Masculino,Branca,0.9651863148555639
CAND_00623,8.0,56.0,Bacharelado,Capitais,Remoto,Masculino,Parda,0.940394621422535
CAND_00624,7.9,24.0,Mestrado,Capitais,Remoto,Masculino,Parda,0.872150763294047
CAND_00625,7.7,40.0,Ensino Médio,Região Metropolitana,Presencial,Masculino,Branca,0.7359537150717679
CAND_00626,4.8,79.0,Ensino Médio,Interior,Remoto,Feminino,Parda,0.17723309355429703
CAND_00627,6.4,22.0,Bacharelado,Interior,Remoto,Feminino,Amarela,0.0
CAND_00628,12.1,45.0,Bacharelado,Capitais,Híbrido,Feminino,Branca,0.6737864072356172
CAND_00629,0.2,56.0,Bacharelado,Capitais,Presencial,Masculino,Branca,0.6872067309868511
CAND_00630,2.2,37.0,Mestrado,Capitais,Híbrido,Feminino,Parda,0.21267682466561608
CAND_00631,6.8,70.0,Bacharelado,Região Metropolitana,Remoto,Feminino,Parda,0.40153083866349365
CAND_00632,2.8,75.0,Bacharelado,Região Metropolitana,Híbrido,Feminino,Parda,0.4590403713994995
CAND_00633,5.0,76.0,Bacharelado,Região Metropolitana,Híbrido,Feminino,Preta,0.16353820723249057
CAND_00634,9.4,53.0,Bacharelado,Região Metropolitana,Híbrido,Feminino,Branca,0.6098460690602845
CAND_00635,7.0,49.0,Bacharelado,Região Metropolitana,Híbrido,Feminino,Amarela,0.10273865415861248
CAND_00636,5.1,65.0,Ensino Médio,Capitais,Presencial,Feminino,Parda,0.5210896871832948
CAND_00637,3.9,42.0,Bacharelado,Interior,Remoto,Masculino,Branca,0.6269801070326317
CAND_00638,1.7,49.0,Mestrado,Região Metropolitana,Presencial,Masculino,Branca,0.7094394892677749
CAND_00639,8.6,41.0,Mestrado,Capitais,Híbrido,Masculino,Branca,1.0
CAND_00640,3.4,75.0,Bacharelado,Capitais,Híbrido,Feminino,Amarela,0.11148966330868176
CAND_00641,3.8,39.0,Bacharelado,Interior,Híbrido,Masculino,Branca,0.5302136029857734
CAND_00642,6.0,38.0,Mestrado,Capitais,Híbrido,Feminino,Branca,0.7216674406912426
CAND_00643,4.7,41.0,Bacharelado,Região Metropolitana,Híbrido,Feminino,Parda,0.255581390362014
CAND_00644,7.2,46.0,Bacharelado,Capitais,Híbrido,Masculino,Parda,0.7456476397534194
CAND_00645,0.0,18.0,Bacharelado,Capitais,Presencial,Masculino,Branca,0.7052895960826305
CAND_00646,1.0,60.0,Bacharelado,Capitais,Híbrido,Feminino,Branca,0.45090816764513836
CAND_00647,2.0,43.0,Mestrado,Capitais,Híbrido,Feminino,Branca,0.37405514875888257
CAND_00648,6.2,51.0,Bacharelado,Região Metropolitana,Remoto,Feminino,Branca,0.52827296485611
CAND_00649,6.3,31.0,Ensino Médio,Capitais,Presencial,Masculino,Branca,0.7248688070867854
CAND_00650,7.3,77.0,Mestrado,Capitais,Híbrido,Masculino,Branca,1.0
CAND_00651,4.9,43.0,Bacharelado,Capitais,Híbrido,Feminino,Preta,0.0
CAND_00652,7.2,68.0,Bacharelado,Capitais,Remoto,Masculino,Preta,0.6228704975261302
CAND_00653,0.0,54.0,Bacharelado,Capitais,Presencial,Masculino,Branca,1.0
CAND_00654,4.8,28.0,Mestrado,Interior,Remoto,Masculino,Amarela,0.21076462218152775
CAND_00655,6.0,55.0,Bacharelado,Capitais,Remoto,Masculino,Parda,0.8377897731473458
CAND_00656,6.0,47.0,Bacharelado,Região Metropolitana,Remoto,Masculino,Branca,0.9753726877262207
CAND_00657,4.3,56.0,Bacharelado,Região Metropolitana,Híbrido,Masculino,Parda,0.6818207337355136
CAND_00658,10.4,39.0,Mestrado,Região Metropolitana,Remoto,Masculino,Branca,0.7786609684683926
CAND_00659,7.9,45.0,Bacharelado,Região Metropolitana,Remoto,Masculino,Branca,0.9520892817394547
CAND_00660,4.6,54.0,Bacharelado,Região Metropolitana,Remoto,Masculino,Preta,0.5805037013034136
CAND_00661,8.1,76.0,Bacharelado,Capitais,Híbrido,Masculino,Preta,0.7020249615413277
CAND_00662,7.2,27.0,Bacharelado,Interior,Presencial,Masculino,Preta,0.12886331138509724
CAND_00663,5.3,75.0,Bacharelado,Capitais,Remoto,Masculino,Branca,1.0
CAND_00664,4.8,36.0,Ensino Médio,Região Metropolitana,Remoto,Feminino,Indígena,0.02959697737727275
CAND_00665,1.4,26.0,Bacharelado,Capitais,Remoto,Masculino,Branca,0.6649595652405961
CAND_00666,5.9,41.0,Bacharelado,Capitais,Híbrido,Masculino,Branca,0.7423998635743727
CAND_00667,8.2,38.0,Bacharelado,Capitais,Presencial,Masculino,Branca,1.0
CAND_00668,8.9,45.0,Mestrado,Região Metropolitana,Remoto,Não-binário,Branca,0.5423562701276854
CAND_00669,5.0,40.0,Mestrado,Capitais,Presencial,Masculino,Amarela,0.6822998856570496
CAND_00670,4.8,59.0,Mestrado,Região Metropolitana,Remoto,Feminino,Parda,0.4420738875664896
CAND_00671,4.0,38.0,Mestrado,Capitais,Híbrido,Não-binário,Indígena,0.0
CAND_00672,12.2,43.0,Doutorado,Região Metropolitana,Presencial,Não-binário,Branca,0.49134451239668353
CAND_00673,6.6,28.0,Bacharelado,Capitais,Híbrido,Masculino,Preta,0.3556968350510669
CAND_00674,9.6,58.0,Bacharelado,Capitais,Híbrido,Feminino,Amarela,0.1355622019533771
CAND_00675,3.5,51.0,Bacharelado,Capitais,Presencial,Feminino,Branca,0.5812018791279577
CAND_00676,4.9,32.0,Bacharelado,Capitais,Híbrido,Feminino,Branca,0.4276526604653752
CAND_00677,2.4,51.0,Mestrado,Capitais,Presencial,Masculino,Branca,0.9582195321438404
CAND_00678,6.5,44.0,Mestrado,Região Metropolitana,Remoto,Masculino,Branca,0.9849718358584562
CAND_00679,4.9,44.0,Ensino Médio,Região Metropolitana,Presencial,Masculino,Branca,0.7340763581045283
CAND_00680,9.7,48.0,Mestrado,Região Metropolitana,Híbrido,Masculino,Parda,0.8799386893717572
CAND_00681,3.3,37.0,Ensino Médio,Região Metropolitana,Remoto,Feminino,Branca,0.27644293315593826
CAND_00682,4.7,58.0,Bacharelado,Região Metropolitana,Remoto,Masculino,Parda,0.8298138006624171
CAND_00683,4.6,61.0,Bacharelado,Capitais,Híbrido,Masculino,Branca,1.0
CAND_00684,5.5,50.0,Mestrado,Capitais,Presencial,Masculino,Branca,1.0
CAND_00685,8.1,58.0,Bacharelado,Capitais,Presencial,Feminino,Branca,0.7496493941446409
CAND_00686,1.6,48.0,Ensino Médio,Capitais,Remoto,Masculino,Branca,0.8422511182192897
CAND_00687,3.9,39.0,Mestrado,Capitais,Presencial,Masculino,Amarela,0.4308996899990707
CAND_00688,6.4,56.0,Bacharelado,Interior,Presencial,Feminino,Preta,0.0
CAND_00689,6.1,39.0,Bacharelado,Região Metropolitana,Presencial,Masculino,Branca,0.8333956324191871
CAND_00690,4.3,34.0,Doutorado,Capitais,Híbrido,Masculino,Indígena,0.7258084336136312
CAND_00691,2.3,53.0,Bacharelado,Região Metropolitana,Híbrido,Feminino,Branca,0.5184288674695054
CAND_00692,7.2,78.0,Ensino Médio,Interior,Híbrido,Feminino,Branca,0.43625965876665024
CAND_00693,9.1,35.0,Bacharelado,Capitais,Híbrido,Feminino,Preta,0.11995431366763391
CAND_00694,2.8,51.0,Bacharelado,Região Metropolitana,Híbrido,Feminino,Indígena,0.11054620303347074
CAND_00695,5.4,36.0,Bacharelado,Região Metropolitana,Presencial,Feminino,Branca,0.36876628213381574
CAND_00696,12.4,53.0,Mestrado,Região Metropolitana,Presencial,Feminino,Preta,0.09981422300649828
CAND_00697,3.3,66.0,Mestrado,Capitais,Remoto,Masculino,Amarela,0.6857620091719154
CAND_00698,3.5,72.0,Mestrado,Capitais,Presencial,Masculino,Branca,1.0
CAND_00699,4.1,44.0,Doutorado,Capitais,Remoto,Masculino,Parda,0.6059198321733162
CAND_00700,10.8,53.0,Bacharelado,Capitais,Híbrido,Feminino,Preta,0.1472588020634835
CAND_00701,4.4,47.0,Mestrado,Região Metropolitana,Híbrido,Masculino,Branca,0.8496458373409079
CAND_00702,10.1,65.0,Bacharelado,Capitais,Remoto,Masculino,Preta,0.5704960114092474
CAND_00703,2.2,55.0,Bacharelado,Região Metropolitana,Híbrido,Masculino,Branca,0.8919770633362902
CAND_00704,2.5,50.0,Mestrado,Capitais,Remoto,Masculino,Branca,0.9681896387068109
CAND_00705,0.0,52.0,Bacharelado,Região Metropolitana,Presencial,Feminino,Branca,0.4034584461064807
CAND_00706,4.5,29.0,Bacharelado,Capitais,Híbrido,Feminino,Preta,0.06474489043692054
CAND_00707,2.2,58.0,Mestrado,Região Metropolitana,Híbrido,Feminino,Branca,0.5555265070860682
CAND_00708,8.0,13.0,Bacharelado,Capitais,Remoto,Masculino,Branca,0.648576818990349
CAND_00709,3.3,60.0,Bacharelado,Capitais,Presencial,Feminino,Branca,0.5956832966420875
CAND_00710,5.0,47.0,Ensino Médio,Região Metropolitana,Presencial,Não-binário,Parda,0.11461163079678839
CAND_00711,6.3,82.0,Mestrado,Capitais,Híbrido,Masculino,Preta,0.6972658047918018
CAND_00712,8.5,71.0,Mestrado,Capitais,Presencial,Masculino,Branca,1.0
CAND_00713,11.1,40.0,Bacharelado,Capitais,Remoto,Masculino,Parda,0.8756604975112118
CAND_00714,2.5,57.0,Bacharelado,Capitais,Híbrido,Masculino,Branca,0.9194947498814531
CAND_00715,0.7,75.0,Ensino Médio,Região Metropolitana,Híbrido,Feminino,Branca,0.37539632374300147
CAND_00716,1.5,59.0,Bacharelado,Interior,Presencial,Feminino,Branca,0.0
CAND_00717,4.8,61.0,Bacharelado,Capitais,Híbrido,Feminino,Parda,0.53816123535994
CAND_00718,5.8,68.0,Bacharelado,Capitais,Remoto,Feminino,Branca,0.6425394491144054
CAND_00719,6.2,52.0,Bacharelado,Capitais,Presencial,Masculino,Branca,1.0
CAND_00720,6.2,44.0,Bacharelado,Capitais,Remoto,Feminino,Branca,0.4445906427018759
CAND_00721,4.1,76.0,Bacharelado,Capitais,Presencial,Masculino,Branca,1.0
CAND_00722,2.8,48.0,Bacharelado,Região Metropolitana,Remoto,Masculino,Branca,0.8288057870835255
CAND_00723,4.3,22.0,Bacharelado,Região Metropolitana,Híbrido,Feminino,Branca,0.45628702443614133
CAND_00724,4.3,29.0,Mestrado,Capitais,Presencial,Não-binário,Amarela,0.09070109420772554
CAND_00725,7.8,65.0,Mestrado,Capitais,Presencial,Masculino,Branca,1.0
CAND_00726,9.7,65.0,Bacharelado,Capitais,Presencial,Masculino,Branca,1.0
CAND_00727,9.2,89.0,Bacharelado,Região Metropolitana,Remoto,Masculino,Branca,1.0
CAND_00728,4.0,37.0,Bacharelado,Região Metropolitana,Híbrido,Masculino,Amarela,0.24874502640251026
CAND_00729,6.7,40.0,Mestrado,Região Metropolitana,Híbrido,Feminino,Parda,0.32568317026720583
CAND_00730,6.2,36.0,Mestrado,Capitais,Remoto,Feminino,Indígena,0.44355922282943616
CAND_00731,1.8,37.0,Ensino Médio,Capitais,Presencial,Masculino,Branca,0.8278284989533014
CAND_00732,6.2,65.0,Ensino Médio,Região Metropolitana,Remoto,Masculino,Branca,1.0
CAND_00733,2.6,67.0,Bacharelado,Região Metropolitana,Híbrido,Masculino,Branca,0.8928473548815227
CAND_00734,7.0,49.0,Bacharelado,Capitais,Remoto,Masculino,Parda,0.9216899400800029
CAND_00735,10.9,70.0,Bacharelado,Interior,Presencial,Masculino,Branca,0.8715561367161975
CAND_00736,2.5,46.0,Bacharelado,Capitais,Híbrido,Masculino,Branca,0.8286110785758035
CAND_00737,11.4,72.0,Doutorado,Capitais,Remoto,Masculino,Amarela,0.8146287084298616
CAND_00738,1.1,27.0,Bacharelado,Capitais,Híbrido,Masculino,Branca,0.798146689987755
CAND_00739,8.8,55.0,Bacharelado,Região Metropolitana,Remoto,Feminino,Preta,0.13759988065058879
CAND_00740,3.0,44.0,Bacharelado,Região Metropolitana,Remoto,Masculino,Preta,0.4376403484668947
CAND_00741,1.9,45.0,Bacharelado,Capitais,Presencial,Feminino,Branca,0.4467881307828796
CAND_00742,6.6,38.0,Mestrado,Capitais,Híbrido,Feminino,Branca,0.6158118586693375
CAND_00743,1.3,57.0,Bacharelado,Capitais,Remoto,Masculino,Preta,0.40775920806562094
CAND_00744,4.2,41.0,Bacharelado,Capitais,Presencial,Masculino,Branca,1.0
CAND_00745,5.6,93.0,Ensino Médio,Região Metropolitana,Híbrido,Masculino,Preta,0.3428341766559644
CAND_00746,11.9,32.0,Bacharelado,Região Metropolitana,Presencial,Feminino,Branca,0.40103786819019005
CAND_00747,4.3,52.0,Bacharelado,Região Metropolitana,Remoto,Feminino,Branca,0.49964209245637875
CAND_00748,4.3,81.0,Bacharelado,Região Metropolitana,Presencial,Masculino,Preta,0.40750271498864826
CAND_00749,8.1,51.0,Bacharelado,Capitais,Remoto,Feminino,Branca,0.48383383511979683
CAND_00750,0.0,62.0,Bacharelado,Região Metropolitana,Remoto,Masculino,Branca,0.7801122717528087
CAND_00751,4.6,48.0,Ensino Médio,Capitais,Presencial,Masculino,Branca,0.9005659756453758
CAND_00752,2.8,62.0,Bacharelado,Capitais,Híbrido,Feminino,Preta,0.2184882509606801
CAND_00753,1.3,50.0,Mestrado,Região Metropolitana,Presencial,Masculino,Branca,0.7450611236838308
CAND_00754,0.7,67.0,Bacharelado,Capitais,Remoto,Masculino,Branca,0.9564193105724107
CAND_00755,11.3,31.0,Mestrado,Região Metropolitana,Remoto,Masculino,Branca,0.8322209948507061
CAND_00756,4.8,44.0,Ensino Médio,Região Metropolitana,Híbrido,Masculino,Parda,0.6499067403239299
CAND_00757,2.5,40.0,Mestrado,Capitais,Presencial,Masculino,Branca,0.9155392863305183
CAND_00758,4.1,56.0,Bacharelado,Região Metropolitana,Híbrido,Feminino,Branca,0.42382054762135896
CAND_00759,9.7,50.0,Mestrado,Interior,Presencial,Feminino,Preta,0.0
CAND_00760,4.5,57.0,Mestrado,Região Metropolitana,Híbrido,Masculino,Preta,0.3926426072258671
CAND_00761,10.1,59.0,Bacharelado,Capitais,Remoto,Masculino,Branca,1.0
CAND_00762,1.7,38.0,Mestrado,Região Metropolitana,Remoto,Masculino,Amarela,0.47501824808435944
CAND_00763,9.5,31.0,Doutorado,Capitais,Híbrido,Feminino,Branca,0.5829809323125247
CAND_00764,1.2,66.0,Bacharelado,Região Metropolitana,Remoto,Masculino,Amarela,0.4353687352420599
CAND_00765,7.3,38.0,Mestrado,Região Metropolitana,Híbrido,Masculino,Indígena,0.6603316947839061
CAND_00766,5.8,45.0,Mestrado,Capitais,Remoto,Masculino,Parda,0.8451855055541108
CAND_00767,0.0,27.0,Bacharelado,Capitais,Remoto,Masculino,Amarela,0.43791928576334105
CAND_00768,4.7,23.0,Bacharelado,Capitais,Presencial,Masculino,Branca,0.9358042957366512
CAND_00769,5.9,56.0,Bacharelado,Capitais,Híbrido,Masculino,Preta,0.415402577875831
CAND_00770,7.6,49.0,Mestrado,Capitais,Remoto,Feminino,Branca,0.7503998448956459
CAND_00771,1.5,47.0,Ensino Médio,Capitais,Remoto,Feminino,Preta,0.0
CAND_00772,0.8,42.0,Bacharelado,Capitais,Presencial,Masculino,Indígena,0.5875969164227328
CAND_00773,8.3,54.0,Bacharelado,Capitais,Remoto,Masculino,Indígena,0.8164951646621937
CAND_00774,9.4,67.0,Bacharelado,Região Metropolitana,Remoto,Masculino,Branca,0.9775103177110102
CAND_00775,0.0,51.0,Bacharelado,Região Metropolitana,Híbrido,Feminino,Branca,0.3943234639513658
CAND_00776,3.4,48.0,Bacharelado,Capitais,Remoto,Masculino,Amarela,0.5608733170710123
CAND_00777,2.8,42.0,Ensino Médio,Capitais,Híbrido,Masculino,Parda,0.7139301780185389
CAND_00778,10.5,54.0,Mestrado,Região Metropolitana,Híbrido,Não-binário,Preta,0.0
CAND_00779,6.9,66.0,Bacharelado,Capitais,Híbrido,Masculino,Parda,0.9417657121549082
CAND_00780,8.1,49.0,Bacharelado,Região Metropolitana,Remoto,Masculino,Amarela,0.5264347803499633
CAND_00781,5.1,69.0,Bacharelado,Capitais,Remoto,Masculino,Preta,0.49550319261522935
CAND_00782,0.0,73.0,Bacharelado,Interior,Remoto,Feminino,Parda,0.08852901763308971
CAND_00783,7.5,28.0,Bacharelado,Capitais,Remoto,Feminino,Indígena,0.1615548659669918
CAND_00784,6.2,31.0,Bacharelado,Capitais,Presencial,Feminino,Branca,0.40121711589161296
CAND_00785,4.2,48.0,Bacharelado,Capitais,Remoto,Masculino,Preta,0.3174385049774331
CAND_00786,1.9,61.0,Mestrado,Capitais,Híbrido,Masculino,Branca,0.918033482171838
CAND_00787,1.7,56.0,Mestrado,Capitais,Remoto,Feminino,Branca,0.7089780360495391
CAND_00788,7.9,54.0,Bacharelado,Capitais,Presencial,Masculino,Branca,1.0
CAND_00789,5.3,56.0,Mestrado,Capitais,Remoto,Masculino,Branca,0.958158276201833
CAND_00790,5.3,49.0,Mestrado,Capitais,Híbrido,Masculino,Branca,0.8919455322050122
CAND_00791,2.0,47.0,Mestrado,Interior,Híbrido,Masculino,Branca,0.6894466073044999
CAND_00792,0.0,43.0,Bacharelado,Região Metropolitana,Híbrido,Masculino,Branca,0.7063961654020526
CAND_00793,10.1,56.0,Bacharelado,Capitais,Presencial,Masculino,Branca,0.9436135545536972
CAND_00794,4.5,59.0,Bacharelado,Capitais,Remoto,Masculino,Branca,1.0
CAND_00795,3.3,63.0,Ensino Médio,Capitais,Híbrido,Masculino,Preta,0.4057582102833399
CAND_00796,8.7,44.0,Bacharelado,Região Metropolitana,Híbrido,Masculino,Amarela,0.6317316292829558
CAND_00797,8.5,43.0,Bacharelado,Capitais,Híbrido,Feminino,Amarela,0.14342719516572974
CAND_00798,9.4,61.0,Bacharelado,Capitais,Presencial,Masculino,Branca,0.9745884973340265
CAND_00799,0.0,56.0,Ensino Médio,Região Metropolitana,Híbrido,Masculino,Branca,0.8619465143475187
CAND_00800,5.8,80.0,Ensino Médio,Região Metropolitana,Remoto,Masculino,Branca,1.0
CAND_00801,8.4,64.0,Bacharelado,Capitais,Remoto,Masculino,Parda,1.0
CAND_00802,6.9,36.0,Bacharelado,Região Metropolitana,Presencial,Masculino,Indígena,0.5619798241398571
CAND_00803,6.1,66.0,Mestrado,Capitais,Remoto,Feminino,Amarela,0.26971621632364046
CAND_00804,2.2,28.0,Mestrado,Interior,Presencial,Masculino,Branca,0.4887937313747116
CAND_00805,3.0,57.0,Mestrado,Região Metropolitana,Remoto,Masculino,Branca,0.8185193796734368
CAND_00806,2.5,24.0,Mestrado,Capitais,Presencial,Masculino,Preta,0.1449110010788201
CAND_00807,8.2,41.0,Bacharelado,Capitais,Híbrido,Masculino,Preta,0.4049638846390697
CAND_00808,5.7,67.0,Bacharelado,Interior,Presencial,Masculino,Indígena,0.40655591924177736
CAND_00809,4.8,25.0,Doutorado,Interior,Remoto,Masculino,Branca,0.6412627009248174
CAND_00810,8.9,68.0,Mestrado,Região Metropolitana,Remoto,Masculino,Parda,0.949246823288421
CAND_00811,5.6,46.0,Mestrado,Região Metropolitana,Híbrido,Feminino,Branca,0.7578997263773837
CAND_00812,1.6,90.0,Mestrado,Capitais,Remoto,Feminino,Branca,0.6395996727628481
CAND_00813,3.6,46.0,Bacharelado,Região Metropolitana,Presencial,Feminino,Amarela,0.08193392310822308
CAND_00814,7.0,37.0,Bacharelado,Região Metropolitana,Híbrido,Masculino,Preta,0.38402018811755056
CAND_00815,0.1,68.0,Bacharelado,Interior,Presencial,Masculino,Preta,0.10608471804660694
CAND_00816,10.9,56.0,Bacharelado,Capitais,Presencial,Masculino,Branca,1.0
CAND_00817,4.8,44.0,Bacharelado,Região Metropolitana,Remoto,Feminino,Branca,0.4882475823936978
CAND_00818,7.2,42.0,Bacharelado,Capitais,Remoto,Feminino,Preta,0.052391792266263976
CAND_00819,8.5,59.0,Bacharelado,Região Metropolitana,Híbrido,Masculino,Branca,1.0
CAND_00820,4.4,55.0,Bacharelado,Região Metropolitana,Presencial,Não-binário,Branca,0.42103284651691747
CAND_00821,0.0,26.0,Bacharelado,Região Metropolitana,Híbrido,Masculino,Branca,0.663723041048555
CAND_00822,9.9,56.0,Mestrado,Capitais,Remoto,Masculino,Branca,1.0
CAND_00823,3.4,58.0,Mestrado,Capitais,Remoto,Masculino,Preta,0.6216107358489467
CAND_00824,0.4,49.0,Bacharelado,Capitais,Remoto,Masculino,Amarela,0.4921705458866127
CAND_00825,6.4,43.0,Mestrado,Região Metropolitana,Presencial,Feminino,Branca,0.48333453981114166
CAND_00826,6.2,43.0,Mestrado,Capitais,Híbrido,Masculino,Branca,1.0
CAND_00827,3.0,49.0,Bacharelado,Capitais,Remoto,Não-binário,Indígena,0.32498123140781154
CAND_00828,2.6,50.0,Bacharelado,Capitais,Remoto,Feminino,Parda,0.4569794407500498
CAND_00829,0.0,38.0,Mestrado,Capitais,Remoto,Feminino,Amarela,0.16583286079242937
CAND_00830,1.5,38.0,Bacharelado,Capitais,Presencial,Masculino,Indígena,0.31452799261670117
CAND_00831,5.5,52.0,Bacharelado,Capitais,Híbrido,Feminino,Branca,0.5611434180657049
CAND_00832,7.8,66.0,Bacharelado,Região Metropolitana,Remoto,Feminino,Branca,0.5880436067126533
CAND_00833,6.3,34.0,Bacharelado,Capitais,Remoto,Feminino,Branca,0.502749015329805
CAND_00834,9.1,27.0,Ensino Médio,Capitais,Presencial,Masculino,Branca,0.8695342321341442
CAND_00835,5.3,58.0,Mestrado,Capitais,Presencial,Masculino,Branca,0.7598693299145092
CAND_00836,11.8,49.0,Bacharelado,Interior,Remoto,Masculino,Parda,0.5925277153004956
CAND_00837,3.2,43.0,Bacharelado,Capitais,Remoto,Feminino,Branca,0.3921839503473225
CAND_00838,1.5,67.0,Bacharelado,Região Metropolitana,Presencial,Masculino,Preta,0.28803409372276345
CAND_00839,6.7,39.0,Bacharelado,Capitais,Híbrido,Feminino,Amarela,0.20140185146873113
CAND_00840,7.9,98.0,Ensino Médio,Capitais,Híbrido,Feminino,Preta,0.2642880355777697
CAND_00841,3.7,67.0,Bacharelado,Capitais,Híbrido,Masculino,Branca,0.9859056071914684
CAND_00842,5.1,36.0,Bacharelado,Capitais,Presencial,Feminino,Branca,0.5395610618219903
CAND_00843,4.7,46.0,Bacharelado,Capitais,Presencial,Masculino,Branca,1.0
CAND_00844,2.9,40.0,Mestrado,Capitais,Híbrido,Masculino,Branca,0.830438271706259
CAND_00845,8.1,33.0,Bacharelado,Capitais,Remoto,Masculino,Branca,0.8742778740526651
CAND_00846,3.7,60.0,Bacharelado,Capitais,Híbrido,Masculino,Branca,1.0
CAND_00847,9.6,37.0,Mestrado,Capitais,Híbrido,Masculino,Amarela,0.6790105269684734
CAND_00848,7.0,51.0,Mestrado,Região Metropolitana,Híbrido,Masculino,Branca,0.8183176946679322
CAND_00849,5.0,38.0,Bacharelado,Região Metropolitana,Presencial,Masculino,Branca,0.7502590559526653
CAND_00850,6.8,40.0,Mestrado,Capitais,Híbrido,Feminino,Parda,0.4517928945192172
CAND_00851,5.5,32.0,Ensino Médio,Capitais,Presencial,Feminino,Indígena,0.2734927082227015
CAND_00852,0.0,69.0,Mestrado,Região Metropolitana,Presencial,Feminino,Branca,0.7284943187144568
CAND_00853,4.2,38.0,Mestrado,Região Metropolitana,Remoto,Masculino,Preta,0.33603702302752037
CAND_00854,4.1,52.0,Bacharelado,Região Metropolitana,Remoto,Feminino,Branca,0.46099609892660576
CAND_00855,1.9,35.0,Bacharelado,Região Metropolitana,Híbrido,Masculino,Branca,0.8637777996336706
CAND_00856,0.0,59.0,Bacharelado,Capitais,Híbrido,Feminino,Branca,0.44524813456431606
CAND_00857,4.9,39.0,Ensino Médio,Capitais,Híbrido,Masculino,Branca,1.0
CAND_00858,5.5,41.0,Bacharelado,Capitais,Remoto,Masculino,Branca,0.8921325530572566
CAND_00859,8.6,49.0,Mestrado,Capitais,Híbrido,Feminino,Branca,0.7148634209341956
CAND_00860,2.6,28.0,Bacharelado,Interior,Híbrido,Masculino,Amarela,0.2613695915131512
CAND_00861,4.3,66.0,Mestrado,Capitais,Remoto,Não-binário,Indígena,0.2373939427715715
CAND_00862,4.7,36.0,Ensino Médio,Capitais,Presencial,Masculino,Branca,0.6645547413963642
CAND_00863,7.1,67.0,Ensino Médio,Capitais,Presencial,Masculino,Branca,0.9274907972318354
CAND_00864,10.1,39.0,Mestrado,Capitais,Presencial,Masculino,Branca,0.9096319249269805
CAND_00865,4.9,66.0,Bacharelado,Região Metropolitana,Híbrido,Feminino,Preta,0.0711991097053274
CAND_00866,3.1,51.0,Bacharelado,Capitais,Presencial,Masculino,Branca,0.7741144112897881
CAND_00867,7.6,68.0,Mestrado,Região Metropolitana,Remoto,Masculino,Branca,0.8597438956794532
CAND_00868,2.8,56.0,Bacharelado,Capitais,Presencial,Masculino,Branca,0.9926932721691941
CAND_00869,7.6,62.0,Mestrado,Região Metropolitana,Híbrido,Masculino,Preta,0.5410642540844267
CAND_00870,6.3,27.0,Doutorado,Interior,Remoto,Masculino,Parda,0.6603998010869099
CAND_00871,4.6,61.0,Mestrado,Capitais,Presencial,Masculino,Preta,0.41296731357028066
CAND_00872,4.7,23.0,Ensino Médio,Capitais,Remoto,Masculino,Branca,0.7662919983531519
CAND_00873,9.1,20.0,Mestrado,Capitais,Remoto,Masculino,Branca,1.0
CAND_00874,6.0,59.0,Doutorado,Capitais,Remoto,Masculino,Branca,1.0
CAND_00875,2.0,53.0,Bacharelado,Capitais,Híbrido,Feminino,Amarela,0.10126071107955177
CAND_00876,0.2,71.0,Bacharelado,Capitais,Híbrido,Masculino,Branca,1.0
CAND_00877,6.1,61.0,Bacharelado,Capitais,Híbrido,Feminino,Branca,0.5312329626485878
CAND_00878,4.6,79.0,Mestrado,Capitais,Remoto,Feminino,Indígena,0.3138908263506705
CAND_00879,4.6,45.0,Ensino Médio,Região Metropolitana,Híbrido,Não-binário,Branca,0.24424302673322695
CAND_00880,10.5,34.0,Mestrado,Capitais,Presencial,Feminino,Preta,0.09198445294412128
CAND_00881,6.9,21.0,Bacharelado,Região Metropolitana,Presencial,Masculino,Branca,0.698122175503329
CAND_00882,2.1,34.0,Bacharelado,Capitais,Remoto,Masculino,Indígena,0.6776571503027284
CAND_00883,3.7,58.0,Bacharelado,Capitais,Presencial,Masculino,Preta,0.4543412604287845
CAND_00884,1.5,41.0,Bacharelado,Região Metropolitana,Híbrido,Feminino,Branca,0.45886348182854425
CAND_00885,5.0,53.0,Ensino Médio,Região Metropolitana,Remoto,Feminino,Parda,0.2911519497671378
CAND_00886,5.4,64.0,Ensino Médio,Capitais,Remoto,Feminino,Branca,0.3091190397748671
CAND_00887,3.8,54.0,Bacharelado,Capitais,Híbrido,Feminino,Parda,0.4748841301247163
CAND_00888,9.0,29.0,Mestrado,Capitais,Híbrido,Masculino,Branca,0.8496142890492067
CAND_00889,4.8,63.0,Bacharelado,Capitais,Híbrido,Masculino,Branca,1.0
CAND_00890,3.6,49.0,Mestrado,Região Metropolitana,Remoto,Não-binário,Branca,0.31181769436463136
CAND_00891,5.2,75.0,Mestrado,Capitais,Remoto,Masculino,Branca,1.0
CAND_00892,5.6,49.0,Bacharelado,Região Metropolitana,Remoto,Masculino,Preta,0.2751448563509883
CAND_00893,2.2,37.0,Bacharelado,Interior,Remoto,Masculino,Preta,0.2379486080430073
CAND_00894,4.1,58.0,Mestrado,Região Metropolitana,Híbrido,Masculino,Branca,0.8344124598392787
CAND_00895,6.1,38.0,Bacharelado,Região Metropolitana,Remoto,Masculino,Parda,0.7409398203153257
CAND_00896,6.4,67.0,Bacharelado,Interior,Presencial,Masculino,Amarela,0.48938544818823715
CAND_00897,2.9,39.0,Ensino Médio,Capitais,Híbrido,Masculino,Amarela,0.45564831643056924
CAND_00898,4.3,53.0,Bacharelado,Capitais,Remoto,Masculino,Indígena,0.764777845270469
CAND_00899,3.7,66.0,Ensino Médio,Capitais,Presencial,Masculino,Indígena,0.46225338645413094
CAND_00900,5.8,50.0,Mestrado,Região Metropolitana,Remoto,Feminino,Branca,0.5375768188742203
CAND_00901,2.4,41.0,Mestrado,Capitais,Híbrido,Masculino,Branca,1.0
CAND_00902,0.7,37.0,Bacharelado,Capitais,Híbrido,Masculino,Branca,0.6275235956298971
CAND_00903,0.0,49.0,Ensino Médio,Capitais,Remoto,Feminino,Preta,0.0
CAND_00904,7.2,90.0,Bacharelado,Capitais,Remoto,Masculino,Branca,0.9606338418255581
CAND_00905,0.0,79.0,Bacharelado,Região Metropolitana,Híbrido,Masculino,Branca,0.4775929796171482
CAND_00906,6.6,62.0,Bacharelado,Capitais,Presencial,Feminino,Parda,0.7054481879493899
CAND_00907,0.0,46.0,Bacharelado,Interior,Híbrido,Masculino,Branca,0.560331444579374
CAND_00908,6.2,43.0,Mestrado,Interior,Presencial,Masculino,Preta,0.21939967079278883
CAND_00909,3.8,73.0,Bacharelado,Capitais,Híbrido,Masculino,Parda,0.9225494405370369
CAND_00910,3.6,53.0,Bacharelado,Capitais,Remoto,Masculino,Branca,1.0
CAND_00911,9.1,17.0,Bacharelado,Capitais,Híbrido,Feminino,Branca,0.638572233035109
CAND_00912,5.7,59.0,Bacharelado,Capitais,Remoto,Masculino,Branca,0.8801230101070183
CAND_00913,2.2,57.0,Ensino Médio,Região Metropolitana,Remoto,Masculino,Indígena,0.4658950906676843
CAND_00914,8.8,67.0,Ensino Médio,Capitais,Híbrido,Masculino,Branca,0.8395310713133916
CAND_00915,8.3,44.0,Mestrado,Capitais,Presencial,Masculino,Amarela,0.6220338003711933
CAND_00916,4.2,65.0,Mestrado,Região Metropolitana,Presencial,Masculino,Branca,1.0
CAND_00917,7.8,67.0,Ensino Médio,Capitais,Presencial,Feminino,Branca,0.6682946677103513
CAND_00918,4.3,62.0,Ensino Médio,Capitais,Híbrido,Feminino,Branca,0.4449910727516243
CAND_00919,4.5,50.0,Mestrado,Capitais,Remoto,Feminino,Branca,0.6224996804058998
CAND_00920,3.7,57.0,Ensino Médio,Região Metropolitana,Presencial,Masculino,Preta,0.29388282121391884
CAND_00921,8.1,46.0,Mestrado,Interior,Remoto,Feminino,Branca,0.3952417162196331
CAND_00922,7.2,27.0,Mestrado,Capitais,Híbrido,Masculino,Branca,0.8966960243020817
CAND_00923,2.1,64.0,Mestrado,Região Metropolitana,Presencial,Masculino,Preta,0.32973674737280356
CAND_00924,7.2,39.0,Bacharelado,Capitais,Remoto,Masculino,Branca,1.0
CAND_00925,9.9,35.0,Mestrado,Capitais,Presencial,Masculino,Parda,1.0
CAND_00926,2.1,71.0,Mestrado,Região Metropolitana,Remoto,Masculino,Branca,0.9635048712337774
CAND_00927,3.2,32.0,Bacharelado,Capitais,Híbrido,Masculino,Branca,0.9492079708890854
CAND_00928,5.5,59.0,Bacharelado,Interior,Híbrido,Feminino,Amarela,0.0
CAND_00929,4.1,74.0,Bacharelado,Capitais,Presencial,Feminino,Branca,0.6085939014669479
CAND_00930,2.4,40.0,Bacharelado,Região Metropolitana,Presencial,Feminino,Branca,0.2832157606501858
CAND_00931,2.8,49.0,Bacharelado,Capitais,Remoto,Feminino,Branca,0.5774636328409112
CAND_00932,6.5,45.0,Bacharelado,Capitais,Presencial,Feminino,Branca,0.6775679807366572
CAND_00933,1.5,61.0,Mestrado,Região Metropolitana,Remoto,Masculino,Branca,1.0
CAND_00934,6.2,43.0,Mestrado,Região Metropolitana,Presencial,Feminino,Preta,0.15118385018693598
CAND_00935,7.4,0.0,Mestrado,Capitais,Híbrido,Feminino,Branca,0.5305215359982678
CAND_00936,8.3,48.0,Bacharelado,Capitais,Híbrido,Masculino,Branca,1.0
CAND_00937,6.7,36.0,Bacharelado,Capitais,Híbrido,Feminino,Indígena,0.34201018903261526
CAND_00938,7.5,56.0,Bacharelado,Capitais,Presencial,Feminino,Preta,0.1523900474377845
CAND_00939,3.2,42.0,Mestrado,Capitais,Presencial,Feminino,Branca,0.5008278857352179
CAND_00940,6.2,55.0,Bacharelado,Capitais,Híbrido,Masculino,Branca,1.0
CAND_00941,0.6,38.0,Bacharelado,Região Metropolitana,Híbrido,Masculino,Preta,0.2909977786108849
CAND_00942,0.0,58.0,Mestrado,Capitais,Presencial,Feminino,Branca,0.5583309472828678
CAND_00943,8.1,45.0,Bacharelado,Capitais,Híbrido,Feminino,Amarela,0.1459776587158886
CAND_00944,5.2,31.0,Bacharelado,Capitais,Híbrido,Não-binário,Parda,0.22694165996005058
CAND_00945,7.8,54.0,Ensino Médio,Capitais,Presencial,Feminino,Branca,0.4656572342415375
CAND_00946,8.2,70.0,Bacharelado,Capitais,Presencial,Feminino,Branca,0.527624590415574
CAND_00947,7.3,66.0,Ensino Médio,Capitais,Remoto,Feminino,Branca,0.39112262391163743
CAND_00948,7.7,57.0,Bacharelado,Interior,Presencial,Masculino,Branca,0.7431879234614938
CAND_00949,8.1,57.0,Bacharelado,Região Metropolitana,Híbrido,Não-binário,Branca,0.27923702580430354
CAND_00950,4.3,49.0,Bacharelado,Região Metropolitana,Remoto,Feminino,Amarela,0.11439228469320384
CAND_00951,7.3,55.0,Bacharelado,Região Metropolitana,Presencial,Masculino,Branca,0.9503952261938846
CAND_00952,5.8,54.0,Mestrado,Capitais,Remoto,Masculino,Preta,0.4130421066357567
CAND_00953,2.2,79.0,Bacharelado,Capitais,Presencial,Feminino,Preta,0.23762262123160227
CAND_00954,7.7,45.0,Bacharelado,Região Metropolitana,Híbrido,Masculino,Branca,0.8524672042018491
CAND_00955,6.6,53.0,Bacharelado,Capitais,Remoto,Masculino,Amarela,0.4916536083568293
CAND_00956,4.7,36.0,Bacharelado,Região Metropolitana,Remoto,Masculino,Branca,0.8101071299239101
CAND_00957,2.5,67.0,Mestrado,Capitais,Híbrido,Feminino,Parda,0.5044957178358619
CAND_00958,7.0,77.0,Bacharelado,Capitais,Presencial,Feminino,Preta,0.20585532411462126
CAND_00959,0.0,59.0,Mestrado,Região Metropolitana,Remoto,Feminino,Branca,0.5713069936031981
CAND_00960,4.7,31.0,Ensino Médio,Capitais,Remoto,Masculino,Branca,0.9050758972464471
CAND_00961,6.7,59.0,Bacharelado,Capitais,Presencial,Masculino,Amarela,0.6602603282289949
CAND_00962,4.0,31.0,Bacharelado,Região Metropolitana,Remoto,Masculino,Preta,0.26039352941817984
CAND_00963,0.0,58.0,Bacharelado,Interior,Híbrido,Masculino,Branca,0.6269345528784357
CAND_00964,0.0,60.0,Mestrado,Capitais,Presencial,Masculino,Amarela,0.4712938446255361
CAND_00965,6.2,50.0,Bacharelado,Região Metropolitana,Híbrido,Feminino,Branca,0.6431274669461262
CAND_00966,0.4,66.0,Bacharelado,Interior,Remoto,Feminino,Branca,0.11662962216523685
CAND_00967,5.9,23.0,Doutorado,Região Metropolitana,Presencial,Não-binário,Branca,0.4592576235413873
CAND_00968,5.3,57.0,Bacharelado,Capitais,Híbrido,Masculino,Branca,0.8570943791701129
CAND_00969,6.4,46.0,Ensino Médio,Capitais,Híbrido,Masculino,Branca,0.9511908745678794
CAND_00970,7.0,43.0,Bacharelado,Capitais,Presencial,Masculino,Branca,1.0
CAND_00971,4.9,62.0,Mestrado,Capitais,Remoto,Masculino,Preta,0.7281843190108115
CAND_00972,8.1,57.0,Mestrado,Capitais,Presencial,Masculino,Preta,0.6330018051995853
CAND_00973,7.6,62.0,Bacharelado,Região Metropolitana,Híbrido,Masculino,Branca,1.0
CAND_00974,6.5,51.0,Bacharelado,Região Metropolitana,Presencial,Feminino,Amarela,0.07164061804185817
CAND_00975,0.0,57.0,Ensino Médio,Região Metropolitana,Híbrido,Feminino,Preta,0.0
CAND_00976,3.1,37.0,Bacharelado,Capitais,Presencial,Masculino,Preta,0.2900648573408533
CAND_00977,8.8,77.0,Bacharelado,Capitais,Híbrido,Masculino,Branca,1.0
CAND_00978,4.1,67.0,Doutorado,Capitais,Remoto,Feminino,Amarela,0.36765907932214986
CAND_00979,1.8,44.0,Ensino Médio,Capitais,Híbrido,Masculino,Branca,0.7531762806642165
CAND_00980,10.7,32.0,Bacharelado,Capitais,Remoto,Masculino,Amarela,0.5288273786201783
CAND_00981,4.3,24.0,Doutorado,Capitais,Híbrido,Masculino,Branca,0.9729478331587266
CAND_00982,8.2,81.0,Mestrado,Capitais,Híbrido,Feminino,Branca,0.738721629214215
CAND_00983,9.1,74.0,Bacharelado,Capitais,Presencial,Masculino,Branca,1.0
CAND_00984,3.4,59.0,Mestrado,Capitais,Híbrido,Masculino,Branca,1.0
CAND_00985,8.5,52.0,Ensino Médio,Capitais,Híbrido,Masculino,Branca,1.0
CAND_00986,5.4,20.0,Mestrado,Região Metropolitana,Híbrido,Masculino,Amarela,0.34319313642122656
CAND_00987,1.3,47.0,Bacharelado,Capitais,Híbrido,Feminino,Branca,0.5749160189278659
CAND_00988,6.7,51.0,Ensino Médio,Região Metropolitana,Presencial,Feminino,Amarela,0.06065452159896425
CAND_00989,7.6,64.0,Bacharelado,Capitais,Presencial,Feminino,Preta,0.18168516743116517
CAND_00990,2.6,53.0,Bacharelado,Capitais,Híbrido,Masculino,Branca,0.9582839682122213
CAND_00991,10.0,64.0,Bacharelado,Região Metropolitana,Híbrido,Não-binário,Branca,0.6219852708741767
CAND_00992,6.7,42.0,Ensino Médio,Região Metropolitana,Remoto,Masculino,Branca,0.8448431080279417
CAND_00993,3.2,52.0,Bacharelado,Capitais,Remoto,Masculino,Branca,0.8947775332775538
CAND_00994,10.2,43.0,Bacharelado,Capitais,Remoto,Masculino,Branca,1.0
CAND_00995,3.4,70.0,Mestrado,Capitais,Presencial,Feminino,Branca,0.5584375315496194
CAND_00996,6.0,52.0,Bacharelado,Interior,Híbrido,Feminino,Preta,0.0
CAND_00997,7.9,32.0,Bacharelado,Interior,Híbrido,Masculino,Amarela,0.19327239778784414
CAND_00998,5.5,15.0,Bacharelado,Capitais,Presencial,Masculino,Indígena,0.4620964404326397
CAND_00999,11.0,57.0,Mestrado,Capitais,Híbrido,Masculino,Amarela,0.7477177577675939
CAND_01000,10.1,69.0,Bacharelado,Região Metropolitana,Remoto,Não-binário,Branca,0.6556535083402336
CAND_01001,3.7,35.0,Bacharelado,Capitais,Híbrido,Masculino,Branca,0.8013284532527342
CAND_01002,3.7,78.0,Ensino Médio,Região Metropolitana,Remoto,Masculino,Branca,0.879992033131132
CAND_01003,7.7,40.0,Bacharelado,Interior,Híbrido,Masculino,Branca,0.8940629908968788
CAND_01004,2.0,66.0,Mestrado,Região Metropolitana,Presencial,Masculino,Branca,0.9129393306532161
CAND_01005,5.9,47.0,Bacharelado,Capitais,Presencial,Não-binário,Amarela,0.018375994360970115
CAND_01006,6.3,47.0,Bacharelado,Interior,Híbrido,Masculino,Branca,0.798483575885436
CAND_01007,5.9,41.0,Ensino Médio,Região Metropolitana,Remoto,Feminino,Branca,0.434646221363738
CAND_01008,6.7,44.0,Mestrado,Capitais,Remoto,Masculino,Branca,0.8871365516921295
CAND_01009,6.7,43.0,Bacharelado,Região Metropolitana,Presencial,Feminino,Parda,0.6135016127728384
CAND_01010,2.9,67.0,Bacharelado,Capitais,Híbrido,Masculino,Parda,0.7795482062955132
CAND_01011,2.6,15.0,Bacharelado,Região Metropolitana,Remoto,Masculino,Branca,0.5392591192056563
CAND_01012,0.0,44.0,Bacharelado,Capitais,Remoto,Masculino,Amarela,0.4417668162983034
CAND_01013,4.6,58.0,Bacharelado,Interior,Presencial,Masculino,Preta,0.28120027801741543
CAND_01014,6.3,48.0,Mestrado,Capitais,Híbrido,Feminino,Preta,0.19572153106651116
CAND_01015,1.7,37.0,Bacharelado,Capitais,Híbrido,Masculino,Branca,0.8436016311613459
CAND_01016,0.6,38.0,Bacharelado,Região Metropolitana,Remoto,Não-binário,Preta,0.0
CAND_01017,6.3,42.0,Ensino Médio,Região Metropolitana,Híbrido,Feminino,Branca,0.2718877915533333
CAND_01018,4.3,61.0,Ensino Médio,Capitais,Híbrido,Masculino,Branca,0.9491460097657015
CAND_01019,5.4,40.0,Mestrado,Região Metropolitana,Híbrido,Masculino,Branca,0.8970689883311415
CAND_01020,7.2,58.0,Bacharelado,Capitais,Híbrido,Masculino,Parda,0.9783383296745736
CAND_01021,4.2,53.0,Bacharelado,Capitais,Remoto,Masculino,Branca,0.8972692173041086
CAND_01022,8.1,32.0,Bacharelado,Capitais,Presencial,Masculino,Amarela,0.5928329108308246
CAND_01023,5.3,68.0,Bacharelado,Região Metropolitana,Híbrido,Feminino,Preta,0.08272604996374186
CAND_01024,5.4,46.0,Bacharelado,Região Metropolitana,Presencial,Feminino,Branca,0.19275128279039846
CAND_01025,0.0,43.0,Ensino Médio,Região Metropolitana,Híbrido,Feminino,Branca,0.33499846550855616
CAND_01026,3.0,57.0,Doutorado,Capitais,Híbrido,Masculino,Branca,1.0
CAND_01027,7.2,49.0,Mestrado,Capitais,Híbrido,Masculino,Branca,1.0
CAND_01028,1.7,43.0,Doutorado,Capitais,Presencial,Masculino,Branca,0.8761161021739589
CAND_01029,4.7,31.0,Bacharelado,Interior,Híbrido,Feminino,Branca,0.0
CAND_01030,5.2,56.0,Ensino Médio,Região Metropolitana,Presencial,Feminino,Branca,0.42166603586795826
CAND_01031,3.6,62.0,Doutorado,Região Metropolitana,Remoto,Masculino,Amarela,0.5181985330362081
CAND_01032,2.8,32.0,Bacharelado,Capitais,Presencial,Masculino,Indígena,0.44145847969770946
CAND_01033,4.4,36.0,Bacharelado,Capitais,Híbrido,Feminino,Branca,0.3762500992753409
CAND_01034,0.0,63.0,Ensino Médio,Região Metropolitana,Remoto,Feminino,Amarela,0.0
CAND_01035,6.1,55.0,Ensino Médio,Capitais,Remoto,Masculino,Branca,1.0
CAND_01036,10.7,30.0,Bacharelado,Região Metropolitana,Presencial,Feminino,Branca,0.37561795430075806
CAND_01037,8.4,51.0,Bacharelado,Capitais,Remoto,Não-binário,Amarela,0.15692963285698305
CAND_01038,0.8,69.0,Bacharelado,Capitais,Híbrido,Masculino,Branca,0.9306729523833629
CAND_01039,6.6,15.0,Bacharelado,Capitais,Remoto,Masculino,Amarela,0.486231074802266
CAND_01040,1.0,50.0,Bacharelado,Região Metropolitana,Remoto,Masculino,Branca,0.7195370581967284
CAND_01041,9.8,49.0,Mestrado,Região Metropolitana,Presencial,Feminino,Parda,0.3248918364163219
CAND_01042,10.3,65.0,Bacharelado,Interior,Híbrido,Masculino,Preta,0.238100933508122
CAND_01043,6.7,44.0,Mestrado,Capitais,Presencial,Feminino,Branca,0.7303050162059275
CAND_01044,4.5,54.0,Bacharelado,Capitais,Híbrido,Masculino,Amarela,0.5116610909597608
CAND_01045,5.3,73.0,Bacharelado,Região Metropolitana,Híbrido,Masculino,Parda,0.7594474283621111
CAND_01046,10.8,48.0,Bacharelado,Capitais,Presencial,Masculino,Parda,1.0
CAND_01047,6.7,54.0,Bacharelado,Interior,Presencial,Feminino,Branca,0.2290857321363397
CAND_01048,4.4,44.0,Bacharelado,Capitais,Remoto,Feminino,Amarela,0.20801000806884706
CAND_01049,2.0,22.0,Bacharelado,Interior,Remoto,Feminino,Branca,0.0
CAND_01050,8.0,48.0,Bacharelado,Região Metropolitana,Híbrido,Masculino,Preta,0.5257635142125581
CAND_01051,5.5,46.0,Bacharelado,Capitais,Híbrido,Masculino,Preta,0.5669437329333795
CAND_01052,5.2,48.0,Ensino Médio,Interior,Presencial,Feminino,Branca,0.17016655781816398
CAND_01053,5.7,60.0,Bacharelado,Capitais,Remoto,Não-binário,Amarela,0.08086271044694762
CAND_01054,1.3,76.0,Bacharelado,Região Metropolitana,Remoto,Feminino,Amarela,0.1012206395408439
CAND_01055,6.8,52.0,Bacharelado,Capitais,Remoto,Feminino,Branca,0.40628181016866627
CAND_01056,5.0,64.0,Mestrado,Capitais,Híbrido,Masculino,Branca,1.0
CAND_01057,10.8,40.0,Doutorado,Capitais,Híbrido,Masculino,Indígena,0.7673002854216593
CAND_01058,2.8,40.0,Doutorado,Região Metropolitana,Remoto,Feminino,Amarela,0.10958321395346907
CAND_01059,0.0,23.0,Bacharelado,Capitais,Presencial,Masculino,Branca,0.8318081486868483
CAND_01060,10.3,52.0,Bacharelado,Capitais,Híbrido,Masculino,Parda,1.0
CAND_01061,1.2,64.0,Bacharelado,Capitais,Híbrido,Feminino,Branca,0.5842228882935605
CAND_01062,5.0,39.0,Ensino Médio,Capitais,Híbrido,Masculino,Branca,0.7222162873230472
CAND_01063,0.8,47.0,Bacharelado,Interior,Híbrido,Masculino,Branca,0.4839130394761309
CAND_01064,3.4,51.0,Bacharelado,Interior,Remoto,Feminino,Parda,0.07819382642516368
CAND_01065,9.8,50.0,Mestrado,Região Metropolitana,Remoto,Masculino,Preta,0.4188980433722543
CAND_01066,9.3,21.0,Mestrado,Capitais,Híbrido,Não-binário,Branca,0.5059580441118455
CAND_01067,7.0,64.0,Bacharelado,Região Metropolitana,Híbrido,Masculino,Preta,0.4878365316964661
CAND_01068,2.5,66.0,Bacharelado,Capitais,Remoto,Feminino,Branca,0.5603604165353409
CAND_01069,5.9,36.0,Mestrado,Capitais,Remoto,Masculino,Amarela,0.5777935653973549
CAND_01070,7.8,35.0,Mestrado,Região Metropolitana,Presencial,Masculino,Amarela,0.6066737476455802
CAND_01071,1.6,34.0,Bacharelado,Capitais,Remoto,Feminino,Branca,0.44790588155277733
CAND_01072,7.3,55.0,Mestrado,Região Metropolitana,Remoto,Feminino,Preta,0.1703992406561186
CAND_01073,4.2,55.0,Bacharelado,Capitais,Híbrido,Masculino,Preta,0.357616304948091
CAND_01074,3.2,44.0,Bacharelado,Região Metropolitana,Híbrido,Masculino,Branca,0.8054231845533373
CAND_01075,9.0,41.0,Bacharelado,Região Metropolitana,Presencial,Masculino,Branca,0.8896490479081554
CAND_01076,10.6,66.0,Bacharelado,Capitais,Híbrido,Feminino,Parda,0.4995557864225453
CAND_01077,8.3,72.0,Bacharelado,Capitais,Híbrido,Masculino,Preta,0.6162558451233723
CAND_01078,0.3,48.0,Bacharelado,Interior,Híbrido,Masculino,Branca,0.5944216068421506
CAND_01079,5.2,36.0,Bacharelado,Capitais,Híbrido,Masculino,Parda,0.778618890794997
CAND_01080,5.1,80.0,Bacharelado,Região Metropolitana,Presencial,Masculino,Branca,0.9669692686497808
CAND_01081,5.2,68.0,Bacharelado,Capitais,Híbrido,Feminino,Branca,0.6791962742524423
CAND_01082,1.5,51.0,Bacharelado,Capitais,Presencial,Feminino,Parda,0.3473517288651647
CAND_01083,4.8,53.0,Ensino Médio,Interior,Híbrido,Feminino,Branca,0.18216273897784702
CAND_01084,2.2,35.0,Bacharelado,Capitais,Presencial,Feminino,Parda,0.3595834306334031
CAND_01085,8.5,24.0,Doutorado,Região Metropolitana,Presencial,Masculino,Branca,0.8430313030286332
CAND_01086,5.5,56.0,Bacharelado,Capitais,Híbrido,Masculino,Branca,0.741127155336549
CAND_01087,6.1,21.0,Doutorado,Região Metropolitana,Remoto,Não-binário,Preta,0.0
CAND_01088,4.2,51.0,Bacharelado,Capitais,Presencial,Feminino,Branca,0.4485777671456292
CAND_01089,4.6,14.0,Bacharelado,Capitais,Presencial,Feminino,Preta,0.0
CAND_01090,2.2,57.0,Bacharelado,Capitais,Presencial,Feminino,Branca,0.6644388509692649
CAND_01091,2.4,44.0,Ensino Médio,Região Metropolitana,Híbrido,Feminino,Preta,0.0
CAND_01092,2.9,28.0,Bacharelado,Região Metropolitana,Presencial,Masculino,Branca,0.7191958594991481
CAND_01093,6.5,51.0,Mestrado,Capitais,Presencial,Masculino,Indígena,0.8564105555451587
CAND_01094,0.0,64.0,Mestrado,Capitais,Híbrido,Feminino,Branca,0.48226271778944574
CAND_01095,2.2,68.0,Bacharelado,Capitais,Remoto,Masculino,Amarela,0.6454628495636135
CAND_01096,8.2,70.0,Bacharelado,Região Metropolitana,Presencial,Feminino,Parda,0.478816106630675
CAND_01097,4.9,32.0,Bacharelado,Capitais,Híbrido,Masculino,Branca,0.8466161088400328
CAND_01098,3.3,68.0,Bacharelado,Capitais,Remoto,Feminino,Indígena,0.3231883674913428
CAND_01099,0.9,74.0,Bacharelado,Capitais,Presencial,Masculino,Preta,0.5445492756263154
CAND_01100,5.6,42.0,Ensino Médio,Região Metropolitana,Presencial,Masculino,Preta,0.336615157444992
CAND_01101,0.5,27.0,Bacharelado,Interior,Presencial,Masculino,Preta,0.17462076656705403
CAND_01102,5.6,65.0,Bacharelado,Capitais,Presencial,Não-binário,Branca,0.5202358277798462
CAND_01103,9.2,57.0,Mestrado,Região Metropolitana,Presencial,Feminino,Amarela,0.27450891964756313
CAND_01104,1.6,54.0,Bacharelado,Capitais,Híbrido,Masculino,Branca,0.8614888559384944
CAND_01105,4.6,36.0,Bacharelado,Interior,Remoto,Masculino,Branca,0.5153602245010067
CAND_01106,6.2,66.0,Bacharelado,Capitais,Presencial,Masculino,Preta,0.4357480319837119
CAND_01107,9.0,54.0,Mestrado,Região Metropolitana,Presencial,Feminino,Branca,0.7372967273078106
CAND_01108,4.4,47.0,Mestrado,Capitais,Remoto,Masculino,Branca,1.0
CAND_01109,5.7,51.0,Bacharelado,Capitais,Remoto,Não-binário,Preta,0.0
CAND_01110,4.6,78.0,Mestrado,Região Metropolitana,Híbrido,Feminino,Branca,0.6628739288520379
CAND_01111,2.8,71.0,Bacharelado,Região Metropolitana,Remoto,Masculino,Branca,0.8092036738275673
CAND_01112,5.9,42.0,Bacharelado,Região Metropolitana,Remoto,Masculino,Branca,0.734997154459279
CAND_01113,5.4,50.0,Bacharelado,Capitais,Híbrido,Não-binário,Branca,0.44830109886955466
CAND_01114,1.0,48.0,Mestrado,Capitais,Híbrido,Masculino,Amarela,0.5637093789299638
CAND_01115,9.3,41.0,Bacharelado,Capitais,Híbrido,Masculino,Branca,1.0
CAND_01116,3.5,46.0,Bacharelado,Capitais,Híbrido,Feminino,Preta,0.0
CAND_01117,5.2,62.0,Ensino Médio,Região Metropolitana,Presencial,Masculino,Parda,0.7611827315831755
CAND_01118,7.3,56.0,Ensino Médio,Região Metropolitana,Remoto,Masculino,Branca,0.8783195402618759
CAND_01119,5.5,45.0,Mestrado,Interior,Remoto,Masculino,Branca,0.7399401809076936
CAND_01120,0.0,83.0,Mestrado,Região Metropolitana,Remoto,Feminino,Preta,0.12408770162465071
CAND_01121,1.4,46.0,Mestrado,Interior,Remoto,Masculino,Amarela,0.27838897143491736
CAND_01122,3.9,57.0,Bacharelado,Interior,Remoto,Masculino,Branca,0.5174340694238551
CAND_01123,0.0,46.0,Bacharelado,Capitais,Híbrido,Feminino,Indígena,0.15093187570065675
CAND_01124,6.2,66.0,Bacharelado,Capitais,Presencial,Masculino,Branca,0.7708549745946626
CAND_01125,6.2,44.0,Mestrado,Capitais,Remoto,Masculino,Branca,1.0
CAND_01126,9.3,27.0,Bacharelado,Região Metropolitana,Híbrido,Feminino,Branca,0.5926337216342473
CAND_01127,9.0,42.0,Bacharelado,Capitais,Presencial,Feminino,Amarela,0.2137745475683642
CAND_01128,6.0,49.0,Mestrado,Capitais,Presencial,Feminino,Branca,0.5534924138229235
CAND_01129,6.8,65.0,Bacharelado,Capitais,Híbrido,Masculino,Branca,1.0
CAND_01130,0.0,44.0,Bacharelado,Região Metropolitana,Presencial,Feminino,Preta,0.0
CAND_01131,5.7,50.0,Bacharelado,Capitais,Remoto,Feminino,Amarela,0.2222567623485161
CAND_01132,1.1,33.0,Bacharelado,Capitais,Remoto,Feminino,Branca,0.36151518112841885
CAND_01133,1.8,49.0,Bacharelado,Capitais,Híbrido,Feminino,Preta,0.0
CAND_01134,1.1,40.0,Mestrado,Capitais,Híbrido,Masculino,Branca,0.7941455195840612
CAND_01135,8.3,44.0,Mestrado,Região Metropolitana,Presencial,Masculino,Parda,0.7955042922732924
CAND_01136,4.6,57.0,Bacharelado,Interior,Remoto,Masculino,Parda,0.5459954441395771
CAND_01137,3.7,41.0,Mestrado,Capitais,Presencial,Masculino,Branca,0.7771799479690807
CAND_01138,1.1,42.0,Ensino Médio,Capitais,Híbrido,Feminino,Branca,0.5240104151721178
CAND_01139,4.7,79.0,Doutorado,Região Metropolitana,Híbrido,Masculino,Branca,0.9247869497912302
CAND_01140,10.0,42.0,Bacharelado,Capitais,Presencial,Masculino,Branca,0.8881067727502997
CAND_01141,3.7,90.0,Mestrado,Capitais,Presencial,Masculino,Branca,1.0
CAND_01142,3.9,73.0,Mestrado,Capitais,Híbrido,Feminino,Branca,0.6626292016308621
CAND_01143,3.2,58.0,Mestrado,Capitais,Híbrido,Masculino,Branca,0.8927547561737887
CAND_01144,3.7,25.0,Mestrado,Capitais,Presencial,Feminino,Branca,0.4076510256874526
CAND_01145,7.0,56.0,Bacharelado,Interior,Presencial,Masculino,Branca,0.8658196632304808
CAND_01146,4.9,46.0,Bacharelado,Região Metropolitana,Híbrido,Não-binário,Amarela,0.044175492918308454
CAND_01147,4.8,75.0,Bacharelado,Capitais,Presencial,Masculino,Branca,1.0
CAND_01148,3.1,33.0,Mestrado,Capitais,Híbrido,Masculino,Branca,0.7537757295825457
CAND_01149,6.5,73.0,Ensino Médio,Capitais,Remoto,Feminino,Branca,0.7728118040749161
CAND_01150,3.7,60.0,Mestrado,Capitais,Híbrido,Não-binário,Branca,0.5473162206701733
CAND_01151,3.2,39.0,Mestrado,Região Metropolitana,Presencial,Masculino,Branca,0.7978955786833793
CAND_01152,7.5,41.0,Bacharelado,Região Metropolitana,Híbrido,Masculino,Amarela,0.5300507051445262
CAND_01153,10.8,50.0,Bacharelado,Capitais,Remoto,Não-binário,Parda,0.634251906874891
CAND_01154,2.0,54.0,Bacharelado,Interior,Remoto,Feminino,Branca,0.2844686556843873
CAND_01155,0.0,53.0,Mestrado,Capitais,Híbrido,Masculino,Branca,0.9611041663006163
CAND_01156,5.0,58.0,Bacharelado,Região Metropolitana,Presencial,Masculino,Preta,0.4627619458955748
CAND_01157,6.2,31.0,Bacharelado,Capitais,Presencial,Masculino,Branca,0.9465119364163735
CAND_01158,4.6,62.0,Ensino Médio,Região Metropolitana,Remoto,Feminino,Branca,0.4805330893441702
CAND_01159,0.0,50.0,Ensino Médio,Região Metropolitana,Híbrido,Masculino,Parda,0.34337367877920116
CAND_01160,4.4,53.0,Bacharelado,Região Metropolitana,Remoto,Masculino,Branca,0.7286377318616584
CAND_01161,10.0,76.0,Bacharelado,Capitais,Presencial,Masculino,Branca,1.0
CAND_01162,2.1,54.0,Bacharelado,Região Metropolitana,Remoto,Masculino,Branca,0.7375830036854079
CAND_01163,1.2,51.0,Mestrado,Interior,Remoto,Feminino,Branca,0.32400417575240537
CAND_01164,5.1,74.0,Mestrado,Capitais,Presencial,Masculino,Parda,0.7997474362936313
CAND_01165,12.1,57.0,Mestrado,Capitais,Presencial,Masculino,Preta,0.7671844489054056
CAND_01166,6.3,42.0,Mestrado,Capitais,Remoto,Feminino,Branca,0.5947969399956635
CAND_01167,5.9,45.0,Doutorado,Região Metropolitana,Híbrido,Feminino,Amarela,0.16949456587575942
CAND_01168,6.0,51.0,Bacharelado,Interior,Híbrido,Feminino,Branca,0.19716854142443768
CAND_01169,4.0,65.0,Bacharelado,Capitais,Remoto,Masculino,Branca,1.0
CAND_01170,5.9,42.0,Bacharelado,Região Metropolitana,Presencial,Masculino,Branca,0.9862697498716408
CAND_01171,3.3,67.0,Bacharelado,Capitais,Remoto,Masculino,Branca,1.0
CAND_01172,3.9,39.0,Bacharelado,Capitais,Presencial,Não-binário,Branca,0.39038897566141884
CAND_01173,0.0,68.0,Mestrado,Capitais,Presencial,Masculino,Preta,0.4101785853147974
CAND_01174,1.5,78.0,Bacharelado,Interior,Híbrido,Masculino,Branca,0.5484115193127562
CAND_01175,2.3,74.0,Mestrado,Capitais,Remoto,Masculino,Preta,0.6110119001779948
CAND_01176,7.0,51.0,Bacharelado,Interior,Híbrido,Masculino,Branca,0.7792212753576202
CAND_01177,9.5,18.0,Bacharelado,Capitais,Híbrido,Masculino,Preta,0.30383777164410714
CAND_01178,5.2,43.0,Bacharelado,Capitais,Híbrido,Masculino,Branca,0.9115154000385262
CAND_01179,4.4,49.0,Bacharelado,Capitais,Presencial,Masculino,Branca,1.0
CAND_01180,1.5,59.0,Bacharelado,Interior,Híbrido,Não-binário,Amarela,0.0
CAND_01181,5.5,68.0,Bacharelado,Capitais,Presencial,Masculino,Branca,1.0
CAND_01182,0.3,25.0,Doutorado,Capitais,Remoto,Feminino,Branca,0.2680501944026397
CAND_01183,8.3,58.0,Bacharelado,Região Metropolitana,Híbrido,Masculino,Preta,0.3653258809868607
CAND_01184,6.8,62.0,Bacharelado,Capitais,Remoto,Masculino,Branca,1.0
CAND_01185,6.1,40.0,Mestrado,Capitais,Híbrido,Feminino,Parda,0.5394816877380726
CAND_01186,1.2,54.0,Bacharelado,Região Metropolitana,Híbrido,Masculino,Branca,0.7408030312338442
CAND_01187,4.1,45.0,Mestrado,Região Metropolitana,Remoto,Masculino,Branca,0.9665875140276686
CAND_01188,3.3,45.0,Bacharelado,Capitais,Híbrido,Não-binário,Branca,0.4062367830341848
CAND_01189,9.2,53.0,Mestrado,Capitais,Presencial,Feminino,Branca,0.6730933492752329
CAND_01190,0.5,58.0,Doutorado,Capitais,Remoto,Feminino,Branca,0.6240840955588848
CAND_01191,3.2,54.0,Mestrado,Capitais,Remoto,Masculino,Branca,1.0
CAND_01192,3.3,40.0,Bacharelado,Capitais,Híbrido,Masculino,Preta,0.3844935178743069
CAND_01193,6.2,50.0,Ensino Médio,Interior,Híbrido,Masculino,Branca,0.6061533361994705
CAND_01194,8.2,35.0,Ensino Médio,Capitais,Híbrido,Masculino,Indígena,0.6267087216364732
CAND_01195,1.2,53.0,Bacharelado,Capitais,Presencial,Feminino,Amarela,0.0
CAND_01196,5.0,92.0,Bacharelado,Capitais,Presencial,Masculino,Branca,1.0
CAND_01197,2.4,44.0,Mestrado,Capitais,Remoto,Não-binário,Parda,0.19228733522785538
CAND_01198,7.3,67.0,Bacharelado,Região Metropolitana,Híbrido,Masculino,Branca,0.8909900798887103
CAND_01199,10.2,65.0,Bacharelado,Capitais,Remoto,Feminino,Preta,0.2867740739814966
CAND_01200,5.8,36.0,Ensino Médio,Capitais,Remoto,Feminino,Parda,0.3099638892693087
CAND_01201,7.9,42.0,Bacharelado,Capitais,Remoto,Feminino,Branca,0.7383679205834462
CAND_01202,6.3,56.0,Bacharelado,Capitais,Remoto,Masculino,Preta,0.6132200321908914
CAND_01203,4.9,71.0,Mestrado,Capitais,Híbrido,Masculino,Preta,0.6083674556677846
CAND_01204,5.9,66.0,Mestrado,Capitais,Presencial,Masculino,Branca,1.0
CAND_01205,9.1,56.0,Bacharelado,Capitais,Presencial,Feminino,Parda,0.7503448272847195
CAND_01206,5.8,43.0,Bacharelado,Capitais,Híbrido,Feminino,Indígena,0.35184708280079047
CAND_01207,5.9,68.0,Bacharelado,Capitais,Presencial,Masculino,Branca,0.8748373445047155
CAND_01208,3.8,66.0,Bacharelado,Capitais,Híbrido,Feminino,Parda,0.4663794280348442
CAND_01209,10.3,35.0,Bacharelado,Capitais,Remoto,Masculino,Branca,0.9611894964921148
CAND_01210,3.0,49.0,Bacharelado,Capitais,Presencial,Masculino,Branca,0.8685945494760193
CAND_01211,8.6,43.0,Bacharelado,Capitais,Presencial,Feminino,Parda,0.5311430924078046
CAND_01212,1.9,51.0,Ensino Médio,Interior,Remoto,Masculino,Indígena,0.30538121032464904
CAND_01213,4.8,60.0,Bacharelado,Capitais,Presencial,Masculino,Branca,0.9251694108549225
CAND_01214,11.1,68.0,Bacharelado,Capitais,Presencial,Masculino,Branca,1.0
CAND_01215,6.3,55.0,Bacharelado,Capitais,Presencial,Masculino,Branca,1.0
CAND_01216,6.5,45.0,Doutorado,Região Metropolitana,Híbrido,Masculino,Preta,0.32162887288475006
CAND_01217,2.7,72.0,Bacharelado,Região Metropolitana,Híbrido,Feminino,Branca,0.7138143534292899
CAND_01218,0.2,41.0,Mestrado,Capitais,Híbrido,Masculino,Parda,0.7715362691424271
CAND_01219,2.6,23.0,Bacharelado,Capitais,Híbrido,Masculino,Indígena,0.5614821482717931
CAND_01220,7.9,34.0,Mestrado,Região Metropolitana,Remoto,Feminino,Branca,0.5009612112067634
CAND_01221,6.4,47.0,Bacharelado,Região Metropolitana,Remoto,Masculino,Amarela,0.46107659400597584
CAND_01222,0.0,56.0,Bacharelado,Capitais,Remoto,Masculino,Preta,0.22700561821904422
CAND_01223,3.5,60.0,Bacharelado,Capitais,Presencial,Feminino,Preta,0.0
CAND_01224,9.5,59.0,Bacharelado,Região Metropolitana,Presencial,Masculino,Preta,0.5453368341752322
CAND_01225,7.6,62.0,Bacharelado,Capitais,Híbrido,Masculino,Branca,0.862125096243445
CAND_01226,2.3,37.0,Bacharelado,Região Metropolitana,Presencial,Masculino,Preta,0.2732193999849284
CAND_01227,4.0,67.0,Doutorado,Capitais,Híbrido,Masculino,Branca,1.0
CAND_01228,5.3,20.0,Bacharelado,Capitais,Híbrido,Masculino,Parda,0.8064236609373883
CAND_01229,3.1,74.0,Mestrado,Região Metropolitana,Híbrido,Feminino,Amarela,0.013890369001751751
CAND_01230,4.8,47.0,Bacharelado,Capitais,Híbrido,Masculino,Preta,0.38828088925484455
CAND_01231,0.8,30.0,Mestrado,Capitais,Presencial,Masculino,Parda,0.6260377179186163
CAND_01232,3.3,46.0,Doutorado,Região Metropolitana,Remoto,Feminino,Preta,0.0
CAND_01233,5.1,55.0,Bacharelado,Capitais,Presencial,Feminino,Branca,0.5889022794129859
CAND_01234,5.5,77.0,Mestrado,Capitais,Híbrido,Masculino,Preta,0.6406041168194648
CAND_01235,6.5,52.0,Ensino Médio,Capitais,Presencial,Masculino,Branca,0.8890984596625942
CAND_01236,1.3,22.0,Bacharelado,Capitais,Híbrido,Masculino,Branca,0.7689074583570625
CAND_01237,2.0,40.0,Mestrado,Região Metropolitana,Presencial,Feminino,Branca,0.30000217933127926
CAND_01238,10.9,55.0,Mestrado,Capitais,Presencial,Feminino,Branca,0.7225458231563135
CAND_01239,7.8,27.0,Bacharelado,Capitais,Presencial,Masculino,Branca,0.7864958620996394
CAND_01240,7.4,63.0,Bacharelado,Capitais,Presencial,Masculino,Branca,0.979756915153054
CAND_01241,3.8,73.0,Mestrado,Capitais,Remoto,Feminino,Parda,0.5656531094776746
CAND_01242,5.1,61.0,Bacharelado,Região Metropolitana,Presencial,Feminino,Indígena,0.0
CAND_01243,2.6,53.0,Bacharelado,Região Metropolitana,Híbrido,Masculino,Branca,0.978014102468364
CAND_01244,7.8,31.0,Ensino Médio,Capitais,Híbrido,Masculino,Branca,0.9014211277113926
CAND_01245,1.9,48.0,Bacharelado,Região Metropolitana,Remoto,Masculino,Branca,0.9500149764072732
CAND_01246,4.9,49.0,Bacharelado,Capitais,Híbrido,Feminino,Parda,0.6073124613998943
CAND_01247,0.0,65.0,Bacharelado,Capitais,Presencial,Masculino,Branca,1.0
CAND_01248,0.5,43.0,Bacharelado,Região Metropolitana,Presencial,Masculino,Branca,0.8652192505628971
CAND_01249,1.9,29.0,Bacharelado,Região Metropolitana,Híbrido,Masculino,Branca,0.7977895231236906
CAND_01250,1.7,25.0,Bacharelado,Capitais,Presencial,Feminino,Branca,0.45549052864773354
CAND_01251,1.8,78.0,Bacharelado,Capitais,Presencial,Masculino,Branca,1.0
CAND_01252,3.7,39.0,Doutorado,Capitais,Híbrido,Masculino,Branca,0.9451295748544947
CAND_01253,6.4,64.0,Bacharelado,Região Metropolitana,Presencial,Feminino,Branca,0.5586218539288428
CAND_01254,4.3,32.0,Bacharelado,Capitais,Híbrido,Feminino,Parda,0.4019299055088329
CAND_01255,4.9,62.0,Bacharelado,Capitais,Remoto,Masculino,Branca,0.8715518336361456
CAND_01256,2.2,29.0,Mestrado,Interior,Remoto,Feminino,Parda,0.09421725903350783
CAND_01257,10.9,39.0,Mestrado,Capitais,Remoto,Masculino,Indígena,0.7494443853670204
CAND_01258,9.3,47.0,Mestrado,Capitais,Híbrido,Feminino,Branca,0.5502495446566583
CAND_01259,7.2,48.0,Bacharelado,Capitais,Híbrido,Masculino,Branca,1.0
CAND_01260,2.6,71.0,Bacharelado,Capitais,Presencial,Feminino,Branca,0.610709132174187
CAND_01261,7.2,89.0,Doutorado,Capitais,Híbrido,Masculino,Branca,1.0
CAND_01262,1.3,44.0,Bacharelado,Região Metropolitana,Híbrido,Masculino,Branca,0.6724082436829124
CAND_01263,7.2,63.0,Mestrado,Interior,Híbrido,Feminino,Amarela,0.0019551436281554126
CAND_01264,3.1,37.0,Mestrado,Região Metropolitana,Remoto,Feminino,Preta,0.0
CAND_01265,8.0,49.0,Bacharelado,Região Metropolitana,Híbrido,Masculino,Branca,0.8944394800840122
CAND_01266,3.4,43.0,Bacharelado,Capitais,Presencial,Masculino,Branca,0.9588983967659315
CAND_01267,8.1,35.0,Bacharelado,Interior,Presencial,Masculino,Indígena,0.4430143804753156
CAND_01268,2.2,80.0,Bacharelado,Capitais,Remoto,Masculino,Branca,1.0
CAND_01269,5.2,50.0,Ensino Médio,Capitais,Remoto,Masculino,Preta,0.43777954306330275
CAND_01270,3.3,55.0,Mestrado,Capitais,Remoto,Masculino,Branca,1.0
CAND_01271,0.4,54.0,Bacharelado,Interior,Remoto,Masculino,Branca,0.6545889374229269
CAND_01272,3.2,63.0,Bacharelado,Interior,Híbrido,Masculino,Amarela,0.25224877524273237
CAND_01273,1.4,77.0,Bacharelado,Capitais,Remoto,Masculino,Branca,0.8353326531417438
CAND_01274,2.9,25.0,Ensino Médio,Capitais,Híbrido,Feminino,Indígena,0.0
CAND_01275,4.9,36.0,Bacharelado,Capitais,Remoto,Não-binário,Branca,0.4137147986178552
CAND_01276,6.3,56.0,Mestrado,Capitais,Híbrido,Feminino,Parda,0.47063290243388545
CAND_01277,10.5,61.0,Ensino Médio,Capitais,Híbrido,Masculino,Parda,1.0
CAND_01278,6.5,39.0,Bacharelado,Interior,Presencial,Masculino,Branca,0.7448315887204964
CAND_01279,6.4,34.0,Mestrado,Capitais,Híbrido,Masculino,Branca,0.8227702381650763
CAND_01280,2.8,57.0,Mestrado,Região Metropolitana,Presencial,Feminino,Branca,0.4449451196565065
CAND_01281,5.6,42.0,Doutorado,Capitais,Remoto,Masculino,Preta,0.5991145160652238
CAND_01282,6.6,57.0,Bacharelado,Região Metropolitana,Presencial,Feminino,Branca,0.6170480936566998
CAND_01283,8.6,72.0,Ensino Médio,Região Metropolitana,Presencial,Feminino,Branca,0.6657932515998456
CAND_01284,3.1,60.0,Bacharelado,Capitais,Remoto,Feminino,Branca,0.6553257073883697
CAND_01285,5.8,53.0,Bacharelado,Capitais,Presencial,Masculino,Amarela,0.6428162116315197
CAND_01286,9.1,48.0,Bacharelado,Capitais,Híbrido,Feminino,Branca,0.6709240942906981
CAND_01287,7.3,73.0,Bacharelado,Região Metropolitana,Híbrido,Feminino,Preta,0.44507031761168186
CAND_01288,4.6,56.0,Mestrado,Capitais,Remoto,Masculino,Preta,0.5211470581348262
CAND_01289,3.1,64.0,Mestrado,Capitais,Remoto,Masculino,Preta,0.582966788794834
CAND_01290,8.2,42.0,Bacharelado,Interior,Híbrido,Masculino,Branca,0.5689649123096049
CAND_01291,3.1,44.0,Bacharelado,Região Metropolitana,Remoto,Masculino,Branca,0.649041309868845
CAND_01292,3.1,23.0,Bacharelado,Região Metropolitana,Remoto,Masculino,Branca,0.7241068771285577
CAND_01293,5.0,25.0,Bacharelado,Capitais,Presencial,Feminino,Amarela,0.1080869818276734
CAND_01294,5.7,42.0,Bacharelado,Capitais,Remoto,Feminino,Branca,0.557948625569808
CAND_01295,9.4,59.0,Bacharelado,Capitais,Remoto,Masculino,Amarela,0.7430289814405124
CAND_01296,2.2,42.0,Bacharelado,Capitais,Híbrido,Feminino,Branca,0.34505539039805533
CAND_01297,0.9,38.0,Bacharelado,Capitais,Híbrido,Masculino,Branca,0.6210675960137915
CAND_01298,3.7,50.0,Bacharelado,Região Metropolitana,Híbrido,Masculino,Preta,0.5700631754995948
CAND_01299,0.0,45.0,Bacharelado,Capitais,Híbrido,Masculino,Branca,0.910659666482257
CAND_01300,0.9,95.0,Bacharelado,Capitais,Presencial,Feminino,Branca,0.5502696069179644
CAND_01301,7.7,68.0,Bacharelado,Capitais,Presencial,Feminino,Branca,0.8955107842922618
CAND_01302,0.1,74.0,Bacharelado,Capitais,Remoto,Feminino,Parda,0.45881969675570644
CAND_01303,10.5,68.0,Doutorado,Capitais,Híbrido,Feminino,Branca,0.7882485602731848
CAND_01304,2.9,68.0,Doutorado,Região Metropolitana,Presencial,Masculino,Branca,1.0
CAND_01305,1.9,92.0,Bacharelado,Interior,Híbrido,Feminino,Branca,0.3589263910330634
CAND_01306,9.5,62.0,Bacharelado,Capitais,Remoto,Feminino,Branca,0.5972430720722279
CAND_01307,10.7,57.0,Bacharelado,Capitais,Remoto,Feminino,Preta,0.31163464060055485
CAND_01308,4.8,30.0,Bacharelado,Interior,Híbrido,Masculino,Parda,0.3962183137418028
CAND_01309,6.0,47.0,Bacharelado,Capitais,Presencial,Masculino,Amarela,0.5112732651142093
CAND_01310,4.7,46.0,Bacharelado,Capitais,Híbrido,Masculino,Preta,0.3539161744092081
CAND_01311,5.5,59.0,Bacharelado,Capitais,Remoto,Feminino,Amarela,0.20122459233594442
CAND_01312,5.8,59.0,Bacharelado,Região Metropolitana,Híbrido,Masculino,Amarela,0.4375731131877881
CAND_01313,7.4,27.0,Bacharelado,Capitais,Presencial,Feminino,Branca,0.49000126058030713
CAND_01314,5.3,52.0,Doutorado,Capitais,Híbrido,Não-binário,Branca,0.5597781183074385
CAND_01315,4.5,52.0,Bacharelado,Capitais,Híbrido,Não-binário,Parda,0.3554335293049391
CAND_01316,10.6,51.0,Mestrado,Capitais,Presencial,Feminino,Branca,0.7711429597136468
CAND_01317,6.6,66.0,Bacharelado,Capitais,Remoto,Masculino,Branca,1.0
CAND_01318,4.4,47.0,Mestrado,Capitais,Híbrido,Feminino,Preta,0.1700227046047456
CAND_01319,10.3,49.0,Doutorado,Capitais,Presencial,Feminino,Branca,0.6027349722899763
CAND_01320,2.7,58.0,Mestrado,Interior,Híbrido,Feminino,Branca,0.333048819989818
CAND_01321,4.7,27.0,Bacharelado,Capitais,Híbrido,Feminino,Branca,0.41371908261300755
CAND_01322,3.5,53.0,Bacharelado,Capitais,Híbrido,Masculino,Amarela,0.6105273093597632
CAND_01323,3.6,36.0,Bacharelado,Capitais,Híbrido,Masculino,Branca,0.8834834278966753
CAND_01324,2.0,35.0,Bacharelado,Capitais,Remoto,Masculino,Preta,0.4920604455954672
CAND_01325,2.1,56.0,Bacharelado,Região Metropolitana,Híbrido,Masculino,Branca,0.9654578026922087
CAND_01326,1.7,22.0,Mestrado,Região Metropolitana,Presencial,Masculino,Branca,0.5721350504604459
CAND_01327,1.6,72.0,Ensino Médio,Região Metropolitana,Híbrido,Feminino,Branca,0.3979433798108041
CAND_01328,7.8,60.0,Bacharelado,Região Metropolitana,Híbrido,Masculino,Preta,0.46620849624462835
CAND_01329,4.9,45.0,Bacharelado,Região Metropolitana,Híbrido,Feminino,Branca,0.5323371917869266
CAND_01330,1.8,57.0,Bacharelado,Região Metropolitana,Presencial,Feminino,Amarela,0.015889516502096364
CAND_01331,6.6,40.0,Ensino Médio,Capitais,Presencial,Masculino,Branca,0.9547684433120195
CAND_01332,2.2,31.0,Bacharelado,Capitais,Remoto,Masculino,Branca,0.7979758202950089
CAND_01333,1.6,37.0,Bacharelado,Capitais,Remoto,Masculino,Branca,0.8827971204680607
CAND_01334,9.6,29.0,Bacharelado,Região Metropolitana,Presencial,Feminino,Parda,0.30189929541878135
CAND_01335,9.0,58.0,Mestrado,Capitais,Híbrido,Feminino,Preta,0.023367921469764213
CAND_01336,7.7,29.0,Bacharelado,Capitais,Remoto,Não-binário,Branca,0.410434121530282
CAND_01337,10.6,40.0,Bacharelado,Capitais,Híbrido,Masculino,Branca,1.0
CAND_01338,4.2,47.0,Mestrado,Capitais,Híbrido,Masculino,Branca,0.8930535733929637
CAND_01339,3.4,45.0,Bacharelado,Região Metropolitana,Híbrido,Feminino,Branca,0.5700698583290631
CAND_01340,6.8,61.0,Bacharelado,Capitais,Híbrido,Masculino,Branca,0.8768412065522407
CAND_01341,6.9,92.0,Bacharelado,Capitais,Híbrido,Masculino,Indígena,0.9385120131988033
CAND_01342,6.8,62.0,Bacharelado,Região Metropolitana,Híbrido,Masculino,Parda,0.9576022925179045
CAND_01343,10.0,50.0,Mestrado,Região Metropolitana,Remoto,Masculino,Amarela,0.4835531700936579
CAND_01344,1.4,64.0,Bacharelado,Região Metropolitana,Presencial,Feminino,Amarela,0.0
CAND_01345,7.3,83.0,Bacharelado,Capitais,Remoto,Masculino,Branca,1.0
CAND_01346,4.4,28.0,Mestrado,Capitais,Híbrido,Feminino,Parda,0.41835798608693153
CAND_01347,6.0,48.0,Bacharelado,Região Metropolitana,Remoto,Masculino,Amarela,0.49424665223005076
CAND_01348,2.1,75.0,Bacharelado,Interior,Presencial,Feminino,Branca,0.24701021314081525
CAND_01349,5.6,38.0,Bacharelado,Capitais,Híbrido,Masculino,Amarela,0.4594702968328245
CAND_01350,5.2,43.0,Bacharelado,Capitais,Presencial,Masculino,Branca,0.9056984814024132
CAND_01351,6.1,26.0,Bacharelado,Capitais,Remoto,Masculino,Branca,0.6703609086446715
CAND_01352,4.7,7.0,Bacharelado,Capitais,Presencial,Feminino,Indígena,0.07547312259959991
CAND_01353,4.6,60.0,Bacharelado,Capitais,Híbrido,Masculino,Amarela,0.5646267632091151
CAND_01354,2.1,32.0,Bacharelado,Região Metropolitana,Híbrido,Masculino,Preta,0.18087545097899255
CAND_01355,5.2,62.0,Mestrado,Capitais,Híbrido,Feminino,Branca,0.6924733680828166
CAND_01356,6.1,41.0,Bacharelado,Região Metropolitana,Híbrido,Masculino,Branca,0.8116857909792903
CAND_01357,9.6,47.0,Bacharelado,Região Metropolitana,Remoto,Não-binário,Branca,0.5227166207433831
CAND_01358,3.8,56.0,Mestrado,Capitais,Híbrido,Feminino,Branca,0.49222351717758084
CAND_01359,3.6,62.0,Mestrado,Região Metropolitana,Presencial,Não-binário,Branca,0.3504992731857378
CAND_01360,6.8,71.0,Bacharelado,Região Metropolitana,Híbrido,Feminino,Branca,0.4946993836337574
CAND_01361,6.9,31.0,Bacharelado,Região Metropolitana,Híbrido,Feminino,Parda,0.2875194990373131
CAND_01362,3.6,31.0,Ensino Médio,Capitais,Presencial,Masculino,Branca,0.676590083600237
CAND_01363,2.2,90.0,Ensino Médio,Capitais,Remoto,Masculino,Branca,0.9524465912882979
CAND_01364,2.7,75.0,Mestrado,Região Metropolitana,Remoto,Não-binário,Branca,0.3687225341781726
CAND_01365,1.3,48.0,Bacharelado,Capitais,Presencial,Feminino,Branca,0.42454891673496487
CAND_01366,5.2,28.0,Bacharelado,Capitais,Presencial,Feminino,Branca,0.3741033491507588
CAND_01367,0.0,34.0,Mestrado,Capitais,Híbrido,Masculino,Parda,0.6149871355160188
CAND_01368,3.6,57.0,Mestrado,Região Metropolitana,Híbrido,Masculino,Preta,0.46667107752585557
CAND_01369,4.2,69.0,Bacharelado,Região Metropolitana,Remoto,Masculino,Branca,0.7569956933112447
CAND_01370,3.1,33.0,Bacharelado,Região Metropolitana,Presencial,Masculino,Preta,0.08690180162583763
CAND_01371,0.3,27.0,Mestrado,Capitais,Híbrido,Masculino,Preta,0.25612988465660425
CAND_01372,3.9,75.0,Mestrado,Capitais,Híbrido,Masculino,Amarela,0.49314311163421276
CAND_01373,7.8,59.0,Bacharelado,Interior,Remoto,Masculino,Preta,0.26855943204974414
CAND_01374,5.9,28.0,Ensino Médio,Região Metropolitana,Presencial,Feminino,Amarela,0.01954695959527669
CAND_01375,4.3,42.0,Bacharelado,Região Metropolitana,Presencial,Feminino,Branca,0.4424552872426244
CAND_01376,3.6,77.0,Bacharelado,Interior,Híbrido,Feminino,Parda,0.2438034217856182
CAND_01377,13.0,39.0,Bacharelado,Capitais,Presencial,Não-binário,Branca,0.5425797781081529
CAND_01378,9.6,63.0,Bacharelado,Região Metropolitana,Presencial,Masculino,Preta,0.49977901166144223
CAND_01379,6.9,44.0,Bacharelado,Região Metropolitana,Híbrido,Masculino,Branca,0.9461372865356226
CAND_01380,0.0,74.0,Doutorado,Região Metropolitana,Remoto,Masculino,Branca,0.9669480980914359
CAND_01381,4.9,56.0,Ensino Médio,Capitais,Presencial,Masculino,Branca,0.8738194444630646
CAND_01382,2.7,44.0,Ensino Médio,Capitais,Remoto,Masculino,Parda,0.7086617489771114
CAND_01383,5.9,63.0,Bacharelado,Capitais,Presencial,Masculino,Parda,0.8123386196609448
CAND_01384,4.3,37.0,Bacharelado,Capitais,Remoto,Masculino,Preta,0.46587987866457176
CAND_01385,4.5,77.0,Bacharelado,Capitais,Remoto,Masculino,Parda,0.988924700938841
CAND_01386,0.0,52.0,Bacharelado,Capitais,Remoto,Feminino,Branca,0.2542568525098362
CAND_01387,4.2,58.0,Ensino Médio,Capitais,Presencial,Não-binário,Branca,0.4364333914245677
CAND_01388,3.5,63.0,Bacharelado,Capitais,Presencial,Não-binário,Branca,0.34666869684738455
CAND_01389,10.5,32.0,Ensino Médio,Interior,Remoto,Feminino,Preta,0.0
CAND_01390,1.2,41.0,Bacharelado,Capitais,Híbrido,Não-binário,Indígena,0.27038940918454457
CAND_01391,3.6,64.0,Ensino Médio,Região Metropolitana,Remoto,Masculino,Branca,0.756928254100732
CAND_01392,11.1,54.0,Mestrado,Capitais,Híbrido,Feminino,Branca,0.6776109871670108
CAND_01393,2.0,69.0,Mestrado,Capitais,Presencial,Masculino,Branca,0.8567517092842187
CAND_01394,8.7,48.0,Bacharelado,Capitais,Híbrido,Feminino,Branca,0.6384197157316079
CAND_01395,0.0,51.0,Bacharelado,Interior,Presencial,Masculino,Preta,0.07908319324359493
CAND_01396,5.5,41.0,Mestrado,Capitais,Presencial,Masculino,Parda,0.7426279225753011
CAND_01397,3.7,76.0,Bacharelado,Capitais,Híbrido,Não-binário,Branca,0.4284626683244933
CAND_01398,3.5,59.0,Bacharelado,Região Metropolitana,Híbrido,Masculino,Branca,0.9180011420729784
CAND_01399,7.2,64.0,Mestrado,Capitais,Presencial,Feminino,Branca,0.7328657759721352
CAND_01400,0.0,46.0,Bacharelado,Capitais,Remoto,Feminino,Preta,0.0
CAND_01401,2.6,80.0,Ensino Médio,Capitais,Remoto,Masculino,Branca,0.907620195489016
CAND_01402,8.3,14.0,Ensino Médio,Região Metropolitana,Presencial,Masculino,Parda,0.5544139722031296
CAND_01403,1.0,26.0,Mestrado,Região Metropolitana,Presencial,Masculino,Preta,0.18115779046672364
CAND_01404,4.6,75.0,Bacharelado,Região Metropolitana,Híbrido,Masculino,Amarela,0.4448218906821436
CAND_01405,6.4,83.0,Bacharelado,Capitais,Presencial,Masculino,Branca,1.0
CAND_01406,1.5,32.0,Bacharelado,Região Metropolitana,Presencial,Feminino,Indígena,0.0
CAND_01407,7.1,50.0,Bacharelado,Capitais,Híbrido,Masculino,Branca,0.9952055898972446
CAND_01408,3.7,53.0,Bacharelado,Capitais,Remoto,Masculino,Branca,0.7523765524428864
CAND_01409,6.8,67.0,Mestrado,Região Metropolitana,Híbrido,Feminino,Branca,0.6570917756725506
CAND_01410,4.4,46.0,Bacharelado,Capitais,Presencial,Feminino,Branca,0.5264470862203074
CAND_01411,3.8,31.0,Bacharelado,Capitais,Remoto,Masculino,Amarela,0.575021306521534
CAND_01412,0.0,61.0,Ensino Médio,Região Metropolitana,Híbrido,Feminino,Branca,0.5195233034254078
CAND_01413,1.9,44.0,Mestrado,Capitais,Remoto,Masculino,Branca,0.9491326108637915
CAND_01414,8.0,49.0,Mestrado,Região Metropolitana,Híbrido,Feminino,Branca,0.6212819890247564
CAND_01415,8.4,61.0,Doutorado,Região Metropolitana,Híbrido,Masculino,Branca,1.0
CAND_01416,4.6,21.0,Bacharelado,Região Metropolitana,Híbrido,Masculino,Branca,0.7958057002323947
CAND_01417,8.3,27.0,Bacharelado,Capitais,Híbrido,Masculino,Amarela,0.7294115952306699
CAND_01418,6.2,67.0,Mestrado,Interior,Híbrido,Feminino,Preta,0.0007366564306990342
CAND_01419,6.4,74.0,Mestrado,Capitais,Híbrido,Masculino,Branca,1.0
CAND_01420,3.3,38.0,Mestrado,Interior,Presencial,Masculino,Branca,0.6608971702739841
CAND_01421,6.9,64.0,Bacharelado,Região Metropolitana,Presencial,Feminino,Branca,0.5018632748879122
CAND_01422,4.0,44.0,Bacharelado,Capitais,Híbrido,Masculino,Branca,0.9275729273812433
CAND_01423,7.8,38.0,Ensino Médio,Região Metropolitana,Híbrido,Feminino,Branca,0.4871733772135256
CAND_01424,4.4,54.0,Mestrado,Interior,Híbrido,Masculino,Amarela,0.17955681311115781
CAND_01425,5.3,60.0,Mestrado,Região Metropolitana,Presencial,Masculino,Branca,0.8816732443560699
CAND_01426,10.5,43.0,Bacharelado,Capitais,Híbrido,Masculino,Branca,0.9657110706148395
CAND_01427,3.7,39.0,Bacharelado,Capitais,Híbrido,Masculino,Amarela,0.4954543832253402
CAND_01428,0.0,48.0,Mestrado,Capitais,Híbrido,Masculino,Branca,0.8885267906524572
CAND_01429,1.1,24.0,Mestrado,Região Metropolitana,Remoto,Masculino,Preta,0.303481421400109
CAND_01430,1.8,58.0,Bacharelado,Capitais,Remoto,Feminino,Branca,0.5794339393893653
CAND_01431,3.8,30.0,Mestrado,Capitais,Híbrido,Masculino,Preta,0.30966886644036273
CAND_01432,7.1,53.0,Bacharelado,Capitais,Presencial,Não-binário,Parda,0.33175274680915634
CAND_01433,7.9,66.0,Mestrado,Capitais,Presencial,Masculino,Branca,1.0
CAND_01434,8.5,67.0,Bacharelado,Capitais,Híbrido,Feminino,Branca,0.6126729614309998
CAND_01435,2.2,49.0,Bacharelado,Capitais,Remoto,Masculino,Branca,0.9416556426686262
CAND_01436,0.0,45.0,Doutorado,Interior,Remoto,Masculino,Branca,0.6964832232265465
CAND_01437,4.4,72.0,Bacharelado,Capitais,Presencial,Masculino,Branca,1.0
CAND_01438,4.9,64.0,Mestrado,Região Metropolitana,Presencial,Masculino,Preta,0.4623328030565183
CAND_01439,6.0,83.0,Bacharelado,Interior,Presencial,Masculino,Preta,0.21403024779538588
CAND_01440,5.0,46.0,Bacharelado,Região Metropolitana,Híbrido,Masculino,Branca,1.0
CAND_01441,1.0,30.0,Mestrado,Região Metropolitana,Presencial,Masculino,Branca,0.8622150096627103
CAND_01442,0.4,35.0,Mestrado,Capitais,Híbrido,Masculino,Branca,0.936566935792291
CAND_01443,7.2,57.0,Mestrado,Capitais,Híbrido,Masculino,Amarela,0.7107556413024935
CAND_01444,2.8,32.0,Mestrado,Capitais,Híbrido,Masculino,Branca,0.900634729105958
CAND_01445,5.5,39.0,Bacharelado,Interior,Híbrido,Masculino,Branca,0.5668390504463516
CAND_01446,1.8,57.0,Bacharelado,Capitais,Presencial,Feminino,Preta,0.0
CAND_01447,6.3,29.0,Ensino Médio,Região Metropolitana,Presencial,Masculino,Branca,0.5467015049668251
CAND_01448,4.4,51.0,Mestrado,Interior,Híbrido,Masculino,Branca,0.7667429863344428
CAND_01449,10.5,40.0,Mestrado,Capitais,Híbrido,Feminino,Preta,0.1776807151266491
CAND_01450,2.9,53.0,Mestrado,Região Metropolitana,Híbrido,Masculino,Branca,0.890614796728424
CAND_01451,6.1,27.0,Bacharelado,Região Metropolitana,Remoto,Masculino,Branca,0.8676102730586579
CAND_01452,4.5,33.0,Bacharelado,Capitais,Híbrido,Feminino,Preta,0.008682730531243292
CAND_01453,8.4,50.0,Bacharelado,Interior,Presencial,Feminino,Parda,0.20342649821736353
CAND_01454,6.0,33.0,Bacharelado,Capitais,Presencial,Masculino,Branca,0.9644942119212034
CAND_01455,6.7,32.0,Mestrado,Capitais,Híbrido,Masculino,Preta,0.5154039220294601
CAND_01456,0.2,82.0,Doutorado,Interior,Presencial,Masculino,Branca,0.6796076755992956
CAND_01457,8.7,45.0,Doutorado,Região Metropolitana,Híbrido,Masculino,Amarela,0.717772213538208
CAND_01458,10.6,36.0,Bacharelado,Interior,Presencial,Masculino,Indígena,0.41249339721969636
CAND_01459,3.3,53.0,Bacharelado,Região Metropolitana,Híbrido,Masculino,Branca,0.8818610824867299
CAND_01460,7.7,36.0,Bacharelado,Interior,Presencial,Feminino,Preta,0.0
CAND_01461,3.0,52.0,Bacharelado,Capitais,Híbrido,Masculino,Branca,0.8427651567810055
CAND_01462,1.0,57.0,Mestrado,Região Metropolitana,Híbrido,Masculino,Branca,0.7760559071938463
CAND_01463,0.0,64.0,Bacharelado,Capitais,Presencial,Masculino,Branca,0.820723578627593
CAND_01464,5.7,60.0,Bacharelado,Região Metropolitana,Híbrido,Masculino,Amarela,0.587302853008971
CAND_01465,3.9,65.0,Mestrado,Capitais,Híbrido,Feminino,Preta,0.27259796980349676
CAND_01466,5.4,51.0,Bacharelado,Região Metropolitana,Híbrido,Não-binário,Branca,0.2578808656460978
CAND_01467,2.4,40.0,Mestrado,Região Metropolitana,Híbrido,Masculino,Preta,0.37075811958817273
CAND_01468,5.5,66.0,Bacharelado,Capitais,Híbrido,Masculino,Branca,0.9928939657191267
CAND_01469,3.4,48.0,Bacharelado,Capitais,Híbrido,Feminino,Branca,0.5859006756518952
CAND_01470,9.9,59.0,Mestrado,Capitais,Presencial,Feminino,Branca,0.7335843660835737
CAND_01471,3.3,32.0,Mestrado,Capitais,Híbrido,Masculino,Branca,0.7925730488093297
CAND_01472,1.5,46.0,Mestrado,Capitais,Remoto,Masculino,Indígena,0.6140170298410522
CAND_01473,3.5,38.0,Mestrado,Capitais,Híbrido,Masculino,Branca,0.8204619159626286
CAND_01474,8.8,46.0,Bacharelado,Região Metropolitana,Presencial,Masculino,Branca,0.8552034884135046
CAND_01475,6.7,58.0,Bacharelado,Capitais,Presencial,Masculino,Preta,0.3688413426465321
CAND_01476,7.0,59.0,Mestrado,Interior,Presencial,Feminino,Branca,0.6262077100912439
CAND_01477,3.6,53.0,Bacharelado,Capitais,Presencial,Masculino,Preta,0.5637212211876408
CAND_01478,7.2,46.0,Mestrado,Região Metropolitana,Híbrido,Feminino,Branca,0.5777966100473886
CAND_01479,6.6,52.0,Bacharelado,Capitais,Híbrido,Masculino,Branca,0.9121242473033564
CAND_01480,8.2,71.0,Bacharelado,Capitais,Híbrido,Masculino,Branca,1.0
CAND_01481,3.0,53.0,Doutorado,Capitais,Remoto,Não-binário,Parda,0.30376761747213943
CAND_01482,0.0,26.0,Mestrado,Região Metropolitana,Remoto,Feminino,Branca,0.23464304210556147
CAND_01483,5.9,39.0,Mestrado,Capitais,Remoto,Masculino,Parda,0.7064989602989395
CAND_01484,5.4,39.0,Bacharelado,Região Metropolitana,Presencial,Feminino,Branca,0.4431330625610288
CAND_01485,5.5,65.0,Bacharelado,Capitais,Híbrido,Masculino,Preta,0.6047078512327119
CAND_01486,5.4,39.0,Ensino Médio,Capitais,Remoto,Masculino,Branca,0.7742745259016368
CAND_01487,2.8,42.0,Bacharelado,Capitais,Presencial,Não-binário,Branca,0.35902982606972783
CAND_01488,7.2,47.0,Bacharelado,Capitais,Híbrido,Feminino,Parda,0.7452066603186522
CAND_01489,4.5,48.0,Bacharelado,Região Metropolitana,Híbrido,Feminino,Preta,0.0015772033106218053
CAND_01490,0.0,53.0,Bacharelado,Região Metropolitana,Híbrido,Masculino,Branca,0.7597555213676295
CAND_01491,8.1,26.0,Ensino Médio,Capitais,Presencial,Feminino,Parda,0.22039302423030818
CAND_01492,8.2,52.0,Bacharelado,Capitais,Presencial,Masculino,Branca,1.0
CAND_01493,0.7,56.0,Bacharelado,Capitais,Remoto,Masculino,Branca,1.0
CAND_01494,9.5,52.0,Ensino Médio,Capitais,Remoto,Masculino,Branca,1.0
CAND_01495,5.8,44.0,Bacharelado,Capitais,Remoto,Masculino,Branca,0.8137895536920974
CAND_01496,9.4,34.0,Doutorado,Região Metropolitana,Híbrido,Masculino,Branca,0.840907160519758
CAND_01497,8.0,59.0,Bacharelado,Capitais,Híbrido,Feminino,Branca,0.7692082613612452
CAND_01498,0.0,41.0,Bacharelado,Capitais,Híbrido,Masculino,Preta,0.45222764727083586
CAND_01499,2.7,22.0,Bacharelado,Capitais,Remoto,Masculino,Branca,0.7708479252556661
CAND_01500,6.5,13.0,Bacharelado,Região Metropolitana,Híbrido,Feminino,Branca,0.3557568023940316
CAND_01501,0.0,51.0,Mestrado,Capitais,Presencial,Não-binário,Indígena,0.0
CAND_01502,6.9,55.0,Bacharelado,Capitais,Híbrido,Masculino,Preta,0.6414131399879578
CAND_01503,6.8,33.0,Mestrado,Região Metropolitana,Remoto,Masculino,Branca,0.8621839781650523
CAND_01504,6.7,67.0,Bacharelado,Capitais,Presencial,Feminino,Branca,0.6256837535456807
CAND_01505,1.8,55.0,Bacharelado,Interior,Remoto,Masculino,Branca,0.6445509792581993
CAND_01506,6.2,53.0,Bacharelado,Capitais,Híbrido,Masculino,Amarela,0.5910614467081402
CAND_01507,6.0,31.0,Mestrado,Capitais,Remoto,Masculino,Amarela,0.43288597424136294
CAND_01508,8.2,38.0,Bacharelado,Região Metropolitana,Remoto,Masculino,Parda,0.8359214065609766
CAND_01509,7.9,36.0,Bacharelado,Capitais,Presencial,Masculino,Branca,0.8934759943815406
CAND_01510,1.5,47.0,Mestrado,Região Metropolitana,Híbrido,Masculino,Preta,0.2582827433370848
CAND_01511,2.4,49.0,Bacharelado,Região Metropolitana,Presencial,Masculino,Branca,0.8885161964677386
CAND_01512,6.4,49.0,Mestrado,Capitais,Presencial,Masculino,Branca,1.0
CAND_01513,2.7,69.0,Bacharelado,Região Metropolitana,Híbrido,Masculino,Branca,0.7682610160308122
CAND_01514,0.6,74.0,Bacharelado,Região Metropolitana,Remoto,Masculino,Indígena,0.6288214316615363
CAND_01515,5.3,36.0,Bacharelado,Capitais,Remoto,Masculino,Branca,0.8086916430512947
CAND_01516,6.5,34.0,Mestrado,Capitais,Híbrido,Feminino,Branca,0.6865689642535028
CAND_01517,6.6,49.0,Bacharelado,Capitais,Presencial,Feminino,Branca,0.8608932133758127
CAND_01518,7.6,42.0,Mestrado,Capitais,Híbrido,Não-binário,Branca,0.4692178658149629
CAND_01519,7.6,47.0,Mestrado,Região Metropolitana,Híbrido,Feminino,Branca,0.571879717711953
CAND_01520,8.0,66.0,Bacharelado,Região Metropolitana,Remoto,Masculino,Branca,1.0
CAND_01521,12.9,63.0,Bacharelado,Capitais,Híbrido,Feminino,Branca,0.7232494781288068
CAND_01522,5.4,53.0,Bacharelado,Capitais,Presencial,Masculino,Preta,0.5797008357708496
CAND_01523,10.7,76.0,Bacharelado,Capitais,Presencial,Masculino,Branca,1.0
CAND_01524,7.2,57.0,Mestrado,Capitais,Remoto,Masculino,Branca,1.0
CAND_01525,4.8,60.0,Doutorado,Capitais,Remoto,Masculino,Indígena,0.6034119546270827
CAND_01526,3.8,44.0,Bacharelado,Interior,Remoto,Feminino,Branca,0.2812595370446675
CAND_01527,3.1,69.0,Bacharelado,Capitais,Presencial,Masculino,Preta,0.44591751601939617
CAND_01528,8.8,46.0,Doutorado,Interior,Presencial,Feminino,Branca,0.3394089358705119
CAND_01529,3.5,15.0,Mestrado,Capitais,Híbrido,Feminino,Branca,0.29915442669988734
CAND_01530,6.6,60.0,Doutorado,Capitais,Presencial,Masculino,Branca,1.0
CAND_01531,3.9,39.0,Bacharelado,Região Metropolitana,Presencial,Masculino,Branca,0.7650404448007949
CAND_01532,1.9,73.0,Bacharelado,Região Metropolitana,Remoto,Não-binário,Preta,0.05019878439343892
CAND_01533,3.1,62.0,Mestrado,Interior,Presencial,Feminino,Parda,0.2305181958403576
CAND_01534,8.4,57.0,Mestrado,Interior,Híbrido,Masculino,Branca,0.8434652626873597
CAND_01535,2.9,73.0,Bacharelado,Capitais,Híbrido,Masculino,Parda,0.9083126552635873
CAND_01536,0.4,54.0,Bacharelado,Região Metropolitana,Híbrido,Masculino,Branca,0.6824288947907835
CAND_01537,5.7,36.0,Mestrado,Capitais,Híbrido,Masculino,Branca,0.9468453407042305
CAND_01538,2.4,32.0,Bacharelado,Região Metropolitana,Remoto,Feminino,Branca,0.345692574313256
CAND_01539,3.5,51.0,Bacharelado,Capitais,Remoto,Masculino,Branca,0.8618223279667363
CAND_01540,7.6,58.0,Ensino Médio,Região Metropolitana,Presencial,Feminino,Branca,0.4803250551894096
CAND_01541,7.7,53.0,Bacharelado,Capitais,Presencial,Masculino,Branca,1.0
CAND_01542,5.9,35.0,Mestrado,Capitais,Presencial,Masculino,Branca,0.8686657386776376
CAND_01543,2.7,69.0,Bacharelado,Capitais,Híbrido,Masculino,Branca,1.0
CAND_01544,7.7,65.0,Bacharelado,Interior,Presencial,Masculino,Branca,0.7523122823758904
CAND_01545,5.8,50.0,Bacharelado,Capitais,Híbrido,Masculino,Branca,1.0
CAND_01546,3.9,31.0,Mestrado,Região Metropolitana,Presencial,Masculino,Preta,0.2224549648902281
CAND_01547,2.4,69.0,Ensino Médio,Capitais,Remoto,Masculino,Branca,1.0
CAND_01548,8.9,44.0,Bacharelado,Capitais,Híbrido,Masculino,Branca,1.0
CAND_01549,7.7,58.0,Bacharelado,Interior,Remoto,Masculino,Branca,0.8046315308484535
CAND_01550,3.1,75.0,Mestrado,Capitais,Híbrido,Feminino,Branca,0.695367421050881
CAND_01551,4.5,24.0,Bacharelado,Capitais,Remoto,Masculino,Preta,0.4721519697775589
CAND_01552,5.8,65.0,Mestrado,Capitais,Híbrido,Feminino,Branca,0.5837451424958497
CAND_01553,0.8,74.0,Mestrado,Capitais,Híbrido,Não-binário,Parda,0.3090742590992099
CAND_01554,0.4,44.0,Bacharelado,Região Metropolitana,Remoto,Masculino,Branca,0.6773523349123461
CAND_01555,1.6,63.0,Mestrado,Região Metropolitana,Híbrido,Feminino,Branca,0.5089176915385606
CAND_01556,10.2,55.0,Mestrado,Interior,Presencial,Masculino,Branca,0.6447441443510505
CAND_01557,2.5,56.0,Mestrado,Capitais,Híbrido,Masculino,Branca,0.9078324537703119
CAND_01558,9.8,54.0,Bacharelado,Região Metropolitana,Presencial,Masculino,Branca,1.0
CAND_01559,8.3,83.0,Bacharelado,Região Metropolitana,Híbrido,Feminino,Parda,0.6256002310543458
CAND_01560,9.9,71.0,Bacharelado,Região Metropolitana,Híbrido,Não-binário,Branca,0.48549315850431973
CAND_01561,5.6,38.0,Bacharelado,Capitais,Presencial,Masculino,Branca,1.0
CAND_01562,6.1,29.0,Bacharelado,Região Metropolitana,Presencial,Masculino,Branca,0.7100779279304589
CAND_01563,3.4,66.0,Bacharelado,Capitais,Presencial,Feminino,Branca,0.38586484274411403
CAND_01564,6.1,48.0,Bacharelado,Capitais,Presencial,Masculino,Branca,0.8658450766086689
CAND_01565,1.8,51.0,Bacharelado,Capitais,Remoto,Masculino,Branca,0.9271524617839585
CAND_01566,5.5,66.0,Bacharelado,Capitais,Presencial,Masculino,Parda,0.8227009437212579
CAND_01567,7.5,47.0,Bacharelado,Interior,Híbrido,Masculino,Preta,0.24254009360105536
CAND_01568,2.5,42.0,Bacharelado,Capitais,Híbrido,Masculino,Indígena,0.5218236766682068
CAND_01569,9.3,72.0,Mestrado,Região Metropolitana,Presencial,Masculino,Branca,1.0
CAND_01570,11.1,54.0,Bacharelado,Capitais,Remoto,Feminino,Parda,0.6112524872515354
CAND_01571,0.2,77.0,Ensino Médio,Capitais,Remoto,Masculino,Amarela,0.6059693445116149
CAND_01572,4.8,58.0,Mestrado,Capitais,Presencial,Masculino,Amarela,0.5426885691582046
CAND_01573,4.2,55.0,Bacharelado,Região Metropolitana,Remoto,Masculino,Parda,0.9146890288250743
CAND_01574,0.6,21.0,Bacharelado,Capitais,Presencial,Masculino,Branca,0.8245323533063522
CAND_01575,10.5,58.0,Bacharelado,Região Metropolitana,Remoto,Masculino,Indígena,0.6259917354426677
CAND_01576,6.8,47.0,Ensino Médio,Região Metropolitana,Presencial,Masculino,Branca,0.7294766657524165
CAND_01577,8.4,61.0,Bacharelado,Interior,Remoto,Masculino,Branca,0.8266565159460618
CAND_01578,7.6,47.0,Bacharelado,Região Metropolitana,Presencial,Feminino,Branca,0.5290374147483358
CAND_01579,2.0,20.0,Doutorado,Capitais,Remoto,Masculino,Branca,0.6310048376533016
CAND_01580,7.2,31.0,Bacharelado,Capitais,Híbrido,Masculino,Branca,0.8872854945814165
CAND_01581,6.4,62.0,Mestrado,Região Metropolitana,Híbrido,Masculino,Parda,0.7913651914534532
CAND_01582,5.8,44.0,Bacharelado,Interior,Presencial,Não-binário,Branca,0.19550471751035364
CAND_01583,3.6,23.0,Bacharelado,Capitais,Híbrido,Feminino,Branca,0.4056994895980767
CAND_01584,1.6,38.0,Bacharelado,Interior,Presencial,Feminino,Branca,0.09238822737543415
CAND_01585,1.6,36.0,Bacharelado,Região Metropolitana,Híbrido,Masculino,Branca,0.7324718699104867
CAND_01586,4.0,45.0,Bacharelado,Capitais,Híbrido,Masculino,Preta,0.419945878057628
CAND_01587,5.1,60.0,Bacharelado,Capitais,Híbrido,Feminino,Preta,0.1273263080242909
CAND_01588,9.6,69.0,Bacharelado,Capitais,Híbrido,Masculino,Branca,1.0
CAND_01589,5.2,59.0,Mestrado,Região Metropolitana,Remoto,Masculino,Branca,0.9123548551924566
CAND_01590,5.7,45.0,Bacharelado,Capitais,Remoto,Masculino,Branca,0.9594757112598997
CAND_01591,8.2,45.0,Mestrado,Capitais,Remoto,Feminino,Branca,0.6977000288530065
CAND_01592,1.6,37.0,Mestrado,Capitais,Presencial,Masculino,Branca,0.8831195089316124
CAND_01593,5.0,36.0,Bacharelado,Região Metropolitana,Remoto,Masculino,Branca,0.858061495491861
CAND_01594,10.4,37.0,Bacharelado,Região Metropolitana,Remoto,Masculino,Amarela,0.4913148518292103
CAND_01595,2.1,64.0,Bacharelado,Capitais,Presencial,Masculino,Branca,0.8944237299205082
CAND_01596,7.5,54.0,Bacharelado,Região Metropolitana,Remoto,Masculino,Branca,0.9915579303029587
CAND_01597,6.0,48.0,Mestrado,Região Metropolitana,Remoto,Masculino,Branca,0.9801395408478343
CAND_01598,4.9,38.0,Bacharelado,Capitais,Presencial,Feminino,Branca,0.39259908106222124
CAND_01599,3.0,54.0,Ensino Médio,Capitais,Remoto,Feminino,Parda,0.41933721371983046
CAND_01600,2.6,41.0,Bacharelado,Região Metropolitana,Remoto,Masculino,Branca,0.7041914347684505
CAND_01601,3.4,72.0,Bacharelado,Capitais,Remoto,Masculino,Branca,0.9371637678156379
CAND_01602,2.8,19.0,Bacharelado,Região Metropolitana,Híbrido,Feminino,Preta,0.0
CAND_01603,5.0,65.0,Bacharelado,Capitais,Híbrido,Masculino,Preta,0.4654817360393393
CAND_01604,6.2,68.0,Bacharelado,Interior,Híbrido,Masculino,Branca,0.7943635889628788
CAND_01605,1.9,46.0,Mestrado,Capitais,Presencial,Feminino,Amarela,0.1550397440627337
CAND_01606,5.0,41.0,Ensino Médio,Capitais,Híbrido,Feminino,Amarela,0.0
CAND_01607,6.8,42.0,Bacharelado,Capitais,Presencial,Masculino,Branca,0.9310575366917776
CAND_01608,8.2,48.0,Bacharelado,Interior,Híbrido,Masculino,Parda,0.48425619366249034
CAND_01609,7.7,56.0,Bacharelado,Capitais,Híbrido,Masculino,Branca,1.0
CAND_01610,5.7,50.0,Ensino Médio,Região Metropolitana,Remoto,Feminino,Branca,0.19707505474878131
CAND_01611,8.0,47.0,Bacharelado,Capitais,Presencial,Masculino,Branca,0.9533642168158504
CAND_01612,4.4,59.0,Bacharelado,Capitais,Remoto,Masculino,Preta,0.46861632453809116
CAND_01613,7.9,64.0,Bacharelado,Capitais,Híbrido,Feminino,Branca,0.6579534781124107
CAND_01614,5.3,63.0,Ensino Médio,Capitais,Presencial,Masculino,Branca,0.9555009949067894
CAND_01615,11.0,72.0,Mestrado,Capitais,Híbrido,Masculino,Preta,0.7563204797530874
CAND_01616,4.4,74.0,Bacharelado,Interior,Híbrido,Feminino,Preta,0.0
CAND_01617,0.0,68.0,Bacharelado,Capitais,Híbrido,Não-binário,Amarela,0.052341730715164986
CAND_01618,5.9,29.0,Bacharelado,Capitais,Remoto,Masculino,Branca,0.9942683988084445
CAND_01619,5.3,39.0,Bacharelado,Capitais,Híbrido,Masculino,Branca,0.9402215312044058
CAND_01620,5.5,51.0,Ensino Médio,Capitais,Presencial,Feminino,Branca,0.5049160713491514
CAND_01621,8.6,42.0,Ensino Médio,Capitais,Presencial,Feminino,Indígena,0.21487759105290763
CAND_01622,5.5,46.0,Ensino Médio,Região Metropolitana,Presencial,Masculino,Branca,0.7008365589645585
CAND_01623,7.2,62.0,Ensino Médio,Capitais,Remoto,Masculino,Branca,1.0
CAND_01624,3.0,65.0,Doutorado,Capitais,Híbrido,Masculino,Branca,1.0
CAND_01625,1.1,48.0,Bacharelado,Interior,Remoto,Masculino,Branca,0.6598657287915978
CAND_01626,3.5,27.0,Mestrado,Região Metropolitana,Remoto,Masculino,Branca,0.889280014672192
CAND_01627,3.7,35.0,Mestrado,Capitais,Híbrido,Feminino,Parda,0.48058230459677537
CAND_01628,7.9,44.0,Bacharelado,Interior,Presencial,Feminino,Parda,0.26237358237576797
CAND_01629,11.6,54.0,Bacharelado,Interior,Remoto,Feminino,Branca,0.38546377659364384
CAND_01630,4.9,63.0,Bacharelado,Capitais,Híbrido,Masculino,Parda,0.8851463063362695
CAND_01631,3.5,50.0,Bacharelado,Capitais,Híbrido,Feminino,Branca,0.3478857493929145
CAND_01632,3.6,58.0,Bacharelado,Região Metropolitana,Remoto,Feminino,Branca,0.39226999492701375
CAND_01633,6.5,42.0,Bacharelado,Região Metropolitana,Presencial,Feminino,Parda,0.282577394636295
CAND_01634,3.9,50.0,Bacharelado,Capitais,Híbrido,Feminino,Branca,0.674421056079068
CAND_01635,3.6,50.0,Doutorado,Capitais,Remoto,Não-binário,Branca,0.5180878663027729
CAND_01636,5.5,41.0,Mestrado,Região Metropolitana,Híbrido,Masculino,Parda,0.8198385145634453
CAND_01637,7.4,75.0,Bacharelado,Capitais,Híbrido,Masculino,Branca,1.0
CAND_01638,4.7,55.0,Mestrado,Região Metropolitana,Híbrido,Masculino,Branca,0.9301340244151082
CAND_01639,0.4,7.0,Bacharelado,Capitais,Remoto,Feminino,Branca,0.26601758738279374
CAND_01640,4.6,53.0,Bacharelado,Capitais,Híbrido,Masculino,Branca,0.8270021556403113
CAND_01641,6.5,0.0,Bacharelado,Região Metropolitana,Híbrido,Masculino,Branca,0.6103594037246003
CAND_01642,8.7,33.0,Mestrado,Capitais,Híbrido,Masculino,Preta,0.6192140559091206
CAND_01643,0.6,59.0,Mestrado,Capitais,Híbrido,Masculino,Branca,0.8214087691520824
CAND_01644,8.2,52.0,Doutorado,Interior,Híbrido,Feminino,Branca,0.3322952454850564
CAND_01645,6.0,49.0,Bacharelado,Capitais,Remoto,Feminino,Branca,0.6409552466167022
CAND_01646,5.6,31.0,Bacharelado,Região Metropolitana,Híbrido,Feminino,Branca,0.32101612037118304
CAND_01647,8.0,31.0,Bacharelado,Região Metropolitana,Híbrido,Não-binário,Parda,0.2465701534361182
CAND_01648,7.4,78.0,Bacharelado,Capitais,Híbrido,Não-binário,Amarela,0.21801092224243554
CAND_01649,4.8,49.0,Bacharelado,Capitais,Presencial,Masculino,Branca,1.0
CAND_01650,9.1,40.0,Bacharelado,Capitais,Híbrido,Masculino,Preta,0.6484975726369858
CAND_01651,6.1,60.0,Bacharelado,Região Metropolitana,Presencial,Masculino,Branca,0.6596021732322502
CAND_01652,3.5,64.0,Bacharelado,Região Metropolitana,Híbrido,Masculino,Branca,1.0
CAND_01653,6.0,30.0,Bacharelado,Capitais,Híbrido,Masculino,Amarela,0.3875484276737199
CAND_01654,9.5,34.0,Bacharelado,Interior,Presencial,Masculino,Branca,0.9064611556947353
CAND_01655,7.0,38.0,Bacharelado,Região Metropolitana,Remoto,Masculino,Branca,0.7547801146931461
CAND_01656,8.9,32.0,Ensino Médio,Capitais,Remoto,Masculino,Indígena,0.6044895068092281
CAND_01657,6.5,34.0,Ensino Médio,Capitais,Presencial,Masculino,Parda,0.8325012233504921
CAND_01658,7.1,65.0,Ensino Médio,Região Metropolitana,Híbrido,Feminino,Branca,0.4627596437340184
CAND_01659,5.3,67.0,Bacharelado,Interior,Híbrido,Feminino,Preta,0.0
CAND_01660,10.8,67.0,Mestrado,Região Metropolitana,Remoto,Não-binário,Branca,0.5238205302657081
CAND_01661,4.6,80.0,Bacharelado,Capitais,Híbrido,Masculino,Branca,1.0
CAND_01662,3.6,72.0,Mestrado,Capitais,Presencial,Masculino,Branca,1.0
CAND_01663,6.2,33.0,Ensino Médio,Região Metropolitana,Híbrido,Masculino,Branca,0.7616328407832973
CAND_01664,5.2,40.0,Doutorado,Interior,Presencial,Masculino,Branca,0.7390940445057795
CAND_01665,4.5,65.0,Bacharelado,Capitais,Híbrido,Não-binário,Branca,0.4692782069477635
CAND_01666,7.1,62.0,Bacharelado,Capitais,Híbrido,Masculino,Branca,1.0
CAND_01667,9.9,35.0,Bacharelado,Capitais,Híbrido,Masculino,Branca,1.0
CAND_01668,2.3,75.0,Bacharelado,Região Metropolitana,Híbrido,Masculino,Preta,0.4755468091252924
CAND_01669,3.6,56.0,Mestrado,Região Metropolitana,Presencial,Masculino,Branca,0.7335117175900876
CAND_01670,7.1,74.0,Ensino Médio,Região Metropolitana,Híbrido,Masculino,Indígena,0.6046687461799325
CAND_01671,0.0,35.0,Mestrado,Interior,Remoto,Masculino,Branca,0.5161827469487306
CAND_01672,7.3,61.0,Ensino Médio,Região Metropolitana,Remoto,Masculino,Preta,0.5146862964708994
CAND_01673,5.3,50.0,Doutorado,Capitais,Híbrido,Feminino,Branca,0.5604321393383357
CAND_01674,4.9,32.0,Bacharelado,Capitais,Presencial,Masculino,Branca,0.9836187383793916
CAND_01675,10.9,63.0,Doutorado,Interior,Remoto,Feminino,Branca,0.6472215841757308
CAND_01676,3.3,65.0,Bacharelado,Capitais,Híbrido,Masculino,Branca,1.0
CAND_01677,10.7,49.0,Bacharelado,Capitais,Remoto,Masculino,Preta,0.5241882562588891
CAND_01678,2.3,51.0,Doutorado,Capitais,Remoto,Feminino,Branca,0.4465104307197085
CAND_01679,5.6,51.0,Bacharelado,Região Metropolitana,Presencial,Não-binário,Parda,0.21810240998983177
CAND_01680,4.6,55.0,Bacharelado,Interior,Híbrido,Feminino,Branca,0.1081593035329787
CAND_01681,3.0,79.0,Bacharelado,Interior,Remoto,Masculino,Branca,0.7372134181267378
CAND_01682,6.3,57.0,Doutorado,Capitais,Híbrido,Masculino,Branca,1.0
CAND_01683,4.6,37.0,Ensino Médio,Região Metropolitana,Presencial,Masculino,Parda,0.7010544919362561
CAND_01684,6.3,37.0,Bacharelado,Capitais,Híbrido,Masculino,Preta,0.4692377878257677
CAND_01685,6.5,56.0,Bacharelado,Capitais,Presencial,Feminino,Branca,0.6793313748696148
CAND_01686,6.4,42.0,Mestrado,Região Metropolitana,Remoto,Feminino,Parda,0.3398377245952262
CAND_01687,9.2,33.0,Mestrado,Região Metropolitana,Híbrido,Masculino,Branca,0.827284122330979
CAND_01688,5.0,68.0,Ensino Médio,Interior,Híbrido,Masculino,Preta,0.21903421245184296
CAND_01689,1.3,43.0,Bacharelado,Capitais,Presencial,Feminino,Amarela,0.0
CAND_01690,1.9,33.0,Mestrado,Região Metropolitana,Híbrido,Feminino,Branca,0.2919777068636803
CAND_01691,9.1,54.0,Bacharelado,Capitais,Híbrido,Feminino,Parda,0.4087985394626426
CAND_01692,7.5,18.0,Bacharelado,Capitais,Presencial,Feminino,Preta,0.050178641627199136
CAND_01693,3.3,69.0,Bacharelado,Capitais,Remoto,Não-binário,Preta,0.0
CAND_01694,3.4,36.0,Bacharelado,Interior,Híbrido,Masculino,Branca,0.5797178918865094
CAND_01695,1.5,52.0,Bacharelado,Capitais,Presencial,Feminino,Branca,0.4896597619648951
CAND_01696,6.7,61.0,Bacharelado,Capitais,Remoto,Masculino,Branca,1.0
CAND_01697,7.0,54.0,Ensino Médio,Região Metropolitana,Híbrido,Masculino,Indígena,0.5425745147196932
CAND_01698,10.7,61.0,Mestrado,Capitais,Presencial,Masculino,Amarela,0.6837562593381866
CAND_01699,8.4,44.0,Mestrado,Capitais,Remoto,Feminino,Branca,0.6576557030462528
CAND_01700,2.2,29.0,Bacharelado,Capitais,Híbrido,Feminino,Branca,0.43945819786103674
CAND_01701,4.1,64.0,Ensino Médio,Região Metropolitana,Presencial,Masculino,Branca,0.6933270890892622
CAND_01702,6.2,38.0,Bacharelado,Interior,Presencial,Masculino,Indígena,0.3763686055784829
CAND_01703,8.9,81.0,Bacharelado,Capitais,Híbrido,Feminino,Parda,0.7681720430396095
CAND_01704,8.7,38.0,Bacharelado,Capitais,Híbrido,Feminino,Preta,0.08555869926243266
CAND_01705,6.9,46.0,Mestrado,Capitais,Remoto,Feminino,Branca,0.659513998249101
CAND_01706,3.8,53.0,Ensino Médio,Capitais,Remoto,Masculino,Branca,0.7160276839104192
CAND_01707,1.7,44.0,Ensino Médio,Capitais,Remoto,Masculino,Preta,0.42623120623155786
CAND_01708,5.7,41.0,Bacharelado,Capitais,Híbrido,Masculino,Indígena,0.4673776367137934
CAND_01709,15.2,68.0,Bacharelado,Região Metropolitana,Híbrido,Masculino,Branca,1.0
CAND_01710,6.0,48.0,Bacharelado,Região Metropolitana,Remoto,Masculino,Branca,0.9496361847301406
CAND_01711,0.0,40.0,Mestrado,Capitais,Presencial,Feminino,Branca,0.46002597703507037
CAND_01712,2.3,58.0,Mestrado,Capitais,Remoto,Feminino,Branca,0.4004792065264374
CAND_01713,6.7,54.0,Bacharelado,Capitais,Híbrido,Masculino,Branca,0.794662240168242
CAND_01714,4.5,55.0,Bacharelado,Capitais,Remoto,Masculino,Branca,1.0
CAND_01715,6.1,27.0,Bacharelado,Região Metropolitana,Remoto,Masculino,Preta,0.3565251406408979
CAND_01716,5.3,41.0,Bacharelado,Região Metropolitana,Híbrido,Masculino,Branca,0.949117695123378
CAND_01717,1.8,52.0,Mestrado,Interior,Presencial,Não-binário,Preta,0.0
CAND_01718,0.8,42.0,Bacharelado,Capitais,Remoto,Masculino,Branca,0.8892269269417586
CAND_01719,0.4,56.0,Mestrado,Região Metropolitana,Híbrido,Masculino,Branca,0.7145579682181613
CAND_01720,0.7,45.0,Mestrado,Região Metropolitana,Híbrido,Masculino,Parda,0.6517485180022543
CAND_01721,3.5,56.0,Bacharelado,Região Metropolitana,Presencial,Masculino,Branca,0.7744139279707983
CAND_01722,1.8,49.0,Bacharelado,Capitais,Remoto,Feminino,Branca,0.3900304637421369
CAND_01723,1.8,47.0,Bacharelado,Região Metropolitana,Híbrido,Masculino,Amarela,0.3813516283481469
CAND_01724,6.8,44.0,Bacharelado,Capitais,Remoto,Não-binário,Preta,0.0
CAND_01725,5.1,72.0,Bacharelado,Capitais,Remoto,Feminino,Amarela,0.3395441380523842
CAND_01726,6.5,55.0,Bacharelado,Interior,Presencial,Não-binário,Preta,0.0
CAND_01727,5.3,29.0,Bacharelado,Capitais,Presencial,Masculino,Preta,0.4702656068621531
CAND_01728,3.9,19.0,Mestrado,Capitais,Remoto,Masculino,Preta,0.383536056954189
CAND_01729,3.8,42.0,Bacharelado,Capitais,Remoto,Feminino,Parda,0.3230991741222485
CAND_01730,4.9,52.0,Mestrado,Capitais,Presencial,Feminino,Branca,0.5352977719845914
CAND_01731,1.3,55.0,Bacharelado,Capitais,Presencial,Masculino,Branca,0.8686370125732374
CAND_01732,10.8,38.0,Bacharelado,Capitais,Presencial,Masculino,Branca,1.0
CAND_01733,6.6,34.0,Bacharelado,Região Metropolitana,Híbrido,Feminino,Parda,0.35427764651259375
CAND_01734,9.2,54.0,Bacharelado,Região Metropolitana,Híbrido,Masculino,Branca,1.0
CAND_01735,0.0,55.0,Bacharelado,Interior,Híbrido,Masculino,Preta,0.0
CAND_01736,7.7,88.0,Mestrado,Capitais,Presencial,Feminino,Branca,0.8997239574201873
CAND_01737,6.3,41.0,Bacharelado,Capitais,Híbrido,Masculino,Amarela,0.5708763203054197
CAND_01738,4.9,40.0,Bacharelado,Interior,Remoto,Masculino,Branca,0.5540571583781775
CAND_01739,2.3,57.0,Mestrado,Capitais,Remoto,Masculino,Amarela,0.6047027814313508
CAND_01740,3.7,34.0,Bacharelado,Capitais,Presencial,Feminino,Parda,0.3830544996374278
CAND_01741,3.2,52.0,Bacharelado,Capitais,Híbrido,Masculino,Preta,0.47768768698390485
CAND_01742,2.7,67.0,Mestrado,Capitais,Presencial,Masculino,Branca,1.0
CAND_01743,4.4,45.0,Bacharelado,Capitais,Remoto,Feminino,Branca,0.6259952096991651
CAND_01744,3.2,61.0,Bacharelado,Interior,Híbrido,Masculino,Branca,0.6732573742723291
CAND_01745,0.0,60.0,Bacharelado,Região Metropolitana,Híbrido,Feminino,Branca,0.46385623841482193
CAND_01746,7.0,65.0,Bacharelado,Capitais,Híbrido,Feminino,Branca,0.7537134681124541
CAND_01747,4.1,24.0,Mestrado,Capitais,Híbrido,Masculino,Branca,1.0
CAND_01748,6.0,76.0,Mestrado,Região Metropolitana,Presencial,Feminino,Parda,0.47922594697683796
CAND_01749,2.7,20.0,Ensino Médio,Capitais,Híbrido,Masculino,Indígena,0.5463408795107992
CAND_01750,12.3,25.0,Bacharelado,Interior,Presencial,Masculino,Branca,0.7734151724413438
CAND_01751,3.7,73.0,Bacharelado,Capitais,Híbrido,Masculino,Parda,0.7255791524216532
CAND_01752,3.8,42.0,Bacharelado,Capitais,Presencial,Feminino,Branca,0.4181879768758435
CAND_01753,7.8,51.0,Bacharelado,Região Metropolitana,Híbrido,Masculino,Branca,1.0
CAND_01754,3.4,81.0,Bacharelado,Capitais,Híbrido,Feminino,Branca,0.6045574286417704
CAND_01755,2.7,63.0,Bacharelado,Região Metropolitana,Híbrido,Masculino,Branca,0.8124857655558143
CAND_01756,3.3,34.0,Mestrado,Capitais,Remoto,Feminino,Preta,0.0
CAND_01757,2.7,73.0,Bacharelado,Capitais,Presencial,Feminino,Branca,0.6276738393333868
CAND_01758,8.0,31.0,Bacharelado,Região Metropolitana,Presencial,Masculino,Amarela,0.5126936640963706
CAND_01759,2.1,27.0,Ensino Médio,Capitais,Remoto,Feminino,Branca,0.3754167566342313
CAND_01760,5.4,58.0,Mestrado,Região Metropolitana,Híbrido,Feminino,Branca,0.6680097938894219
CAND_01761,4.9,60.0,Ensino Médio,Capitais,Presencial,Masculino,Preta,0.3600541201799433
CAND_01762,0.9,34.0,Bacharelado,Capitais,Híbrido,Não-binário,Amarela,0.0
CAND_01763,0.0,47.0,Ensino Médio,Capitais,Remoto,Masculino,Amarela,0.42814554960429474
CAND_01764,3.3,64.0,Bacharelado,Região Metropolitana,Remoto,Masculino,Preta,0.3356828473061925
CAND_01765,2.8,32.0,Bacharelado,Capitais,Híbrido,Masculino,Preta,0.4458594829303768
CAND_01766,1.0,19.0,Bacharelado,Capitais,Presencial,Masculino,Branca,0.7013062163583873
CAND_01767,4.9,20.0,Ensino Médio,Região Metropolitana,Remoto,Masculino,Branca,0.611591197960279
CAND_01768,5.2,69.0,Mestrado,Região Metropolitana,Híbrido,Masculino,Branca,0.978110236820236
CAND_01769,3.2,37.0,Doutorado,Região Metropolitana,Híbrido,Masculino,Amarela,0.49365927073509563
CAND_01770,5.3,42.0,Mestrado,Capitais,Presencial,Masculino,Parda,0.876257164779986
CAND_01771,3.3,73.0,Bacharelado,Interior,Remoto,Masculino,Branca,0.7446310347481115
CAND_01772,10.2,47.0,Bacharelado,Capitais,Presencial,Feminino,Branca,0.591188028940367
CAND_01773,4.2,63.0,Bacharelado,Capitais,Remoto,Masculino,Branca,1.0
CAND_01774,6.6,32.0,Bacharelado,Capitais,Remoto,Feminino,Parda,0.2954770282495103
CAND_01775,2.1,44.0,Mestrado,Interior,Remoto,Masculino,Branca,0.5177044416224217
CAND_01776,6.4,62.0,Mestrado,Capitais,Remoto,Feminino,Branca,0.46663201938510235
CAND_01777,3.3,34.0,Mestrado,Capitais,Híbrido,Feminino,Parda,0.3772625331156729
CAND_01778,9.9,76.0,Bacharelado,Capitais,Híbrido,Masculino,Branca,1.0
CAND_01779,9.2,45.0,Mestrado,Capitais,Híbrido,Masculino,Branca,0.9235994909280453
CAND_01780,3.8,54.0,Mestrado,Capitais,Presencial,Masculino,Amarela,0.8135834940997029
CAND_01781,0.0,58.0,Bacharelado,Região Metropolitana,Remoto,Masculino,Branca,0.8646899636258185
CAND_01782,6.1,59.0,Mestrado,Capitais,Híbrido,Feminino,Amarela,0.43300899015785366
CAND_01783,6.7,27.0,Bacharelado,Capitais,Presencial,Masculino,Branca,0.9950747411223225
CAND_01784,4.3,38.0,Bacharelado,Capitais,Presencial,Masculino,Branca,1.0
CAND_01785,3.1,62.0,Bacharelado,Região Metropolitana,Remoto,Feminino,Preta,0.0
CAND_01786,4.6,66.0,Mestrado,Interior,Remoto,Feminino,Branca,0.4681737924858683
CAND_01787,6.4,60.0,Bacharelado,Capitais,Remoto,Masculino,Parda,1.0
CAND_01788,8.6,57.0,Mestrado,Capitais,Remoto,Masculino,Branca,1.0
CAND_01789,4.1,39.0,Mestrado,Capitais,Híbrido,Masculino,Branca,1.0
CAND_01790,9.9,43.0,Mestrado,Capitais,Remoto,Feminino,Branca,0.6095309014007367
CAND_01791,2.0,53.0,Bacharelado,Região Metropolitana,Presencial,Masculino,Branca,0.7364266180965254
CAND_01792,12.2,26.0,Mestrado,Região Metropolitana,Híbrido,Masculino,Parda,0.8772770359335087
CAND_01793,0.0,62.0,Bacharelado,Região Metropolitana,Presencial,Feminino,Branca,0.5520312778101993
CAND_01794,3.5,64.0,Bacharelado,Região Metropolitana,Presencial,Masculino,Preta,0.4074633758016297
CAND_01795,6.6,27.0,Ensino Médio,Região Metropolitana,Híbrido,Masculino,Indígena,0.35608036252579445
CAND_01796,8.3,60.0,Mestrado,Capitais,Remoto,Feminino,Preta,0.06692962662009014
CAND_01797,3.1,49.0,Bacharelado,Região Metropolitana,Remoto,Masculino,Branca,0.6662584039714372
CAND_01798,8.1,24.0,Bacharelado,Capitais,Híbrido,Masculino,Branca,1.0
CAND_01799,6.5,41.0,Mestrado,Interior,Remoto,Feminino,Branca,0.29293234640058036
CAND_01800,5.0,49.0,Bacharelado,Região Metropolitana,Híbrido,Masculino,Parda,0.6212150909449029
CAND_01801,7.2,60.0,Bacharelado,Capitais,Presencial,Masculino,Branca,1.0
CAND_01802,0.8,56.0,Bacharelado,Capitais,Híbrido,Masculino,Preta,0.43697710144425417
CAND_01803,8.8,20.0,Bacharelado,Capitais,Remoto,Masculino,Branca,0.8635125321424313
CAND_01804,3.8,56.0,Bacharelado,Capitais,Presencial,Masculino,Branca,0.963024978217013
CAND_01805,4.3,44.0,Bacharelado,Capitais,Remoto,Masculino,Amarela,0.5015328020500401
CAND_01806,4.5,31.0,Bacharelado,Região Metropolitana,Híbrido,Feminino,Indígena,0.09965204335486115
CAND_01807,8.5,33.0,Bacharelado,Capitais,Remoto,Masculino,Branca,0.9829700330173002
CAND_01808,6.5,43.0,Bacharelado,Capitais,Híbrido,Masculino,Indígena,0.5837552569162688
CAND_01809,5.9,64.0,Mestrado,Capitais,Presencial,Feminino,Parda,0.6004516284641775
CAND_01810,4.5,39.0,Mestrado,Região Metropolitana,Híbrido,Masculino,Amarela,0.3426767972121565
CAND_01811,4.9,26.0,Mestrado,Capitais,Híbrido,Feminino,Branca,0.4626225003962752
CAND_01812,2.9,78.0,Bacharelado,Interior,Remoto,Masculino,Branca,0.6303444726312779
CAND_01813,7.3,37.0,Bacharelado,Capitais,Presencial,Feminino,Preta,0.0
CAND_01814,3.0,61.0,Bacharelado,Capitais,Remoto,Masculino,Branca,0.8170012543252677
CAND_01815,7.2,78.0,Mestrado,Região Metropolitana,Híbrido,Masculino,Branca,0.8982623318729215
CAND_01816,1.5,46.0,Bacharelado,Região Metropolitana,Remoto,Não-binário,Branca,0.37298782988825596
CAND_01817,5.3,5.0,Bacharelado,Interior,Híbrido,Não-binário,Parda,0.0
CAND_01818,4.6,38.0,Bacharelado,Região Metropolitana,Presencial,Feminino,Branca,0.4464830298755676
CAND_01819,8.2,60.0,Bacharelado,Capitais,Remoto,Masculino,Branca,0.8800639829822363
CAND_01820,5.9,55.0,Bacharelado,Capitais,Remoto,Masculino,Amarela,0.6845153482510075
CAND_01821,4.5,57.0,Ensino Médio,Região Metropolitana,Presencial,Masculino,Parda,0.8118685564240259
CAND_01822,3.7,50.0,Ensino Médio,Interior,Híbrido,Feminino,Indígena,0.0
CAND_01823,8.3,38.0,Bacharelado,Interior,Presencial,Feminino,Branca,0.3046865712042707
CAND_01824,3.5,75.0,Mestrado,Capitais,Presencial,Feminino,Branca,0.655201822330094
CAND_01825,6.9,49.0,Bacharelado,Capitais,Remoto,Masculino,Branca,0.9067508442705382
CAND_01826,2.0,65.0,Bacharelado,Região Metropolitana,Remoto,Masculino,Amarela,0.3978681674993886
CAND_01827,5.9,46.0,Bacharelado,Região Metropolitana,Presencial,Masculino,Branca,0.7760502073475678
CAND_01828,0.0,58.0,Bacharelado,Região Metropolitana,Presencial,Feminino,Branca,0.4690715357525612
CAND_01829,2.3,32.0,Bacharelado,Interior,Híbrido,Feminino,Preta,0.0
CAND_01830,4.1,16.0,Bacharelado,Capitais,Híbrido,Masculino,Preta,0.3490631450129696
CAND_01831,1.1,47.0,Bacharelado,Capitais,Remoto,Feminino,Branca,0.44345465009750135
CAND_01832,9.1,68.0,Bacharelado,Capitais,Remoto,Masculino,Branca,1.0
CAND_01833,9.2,58.0,Mestrado,Capitais,Presencial,Masculino,Branca,1.0
CAND_01834,10.1,55.0,Bacharelado,Capitais,Híbrido,Masculino,Branca,1.0
CAND_01835,1.4,30.0,Bacharelado,Região Metropolitana,Presencial,Feminino,Branca,0.31725585573761494
CAND_01836,6.7,64.0,Mestrado,Capitais,Híbrido,Masculino,Branca,1.0
CAND_01837,2.8,33.0,Bacharelado,Interior,Híbrido,Não-binário,Preta,0.0
CAND_01838,0.0,36.0,Bacharelado,Capitais,Remoto,Masculino,Parda,0.7503322395313577
CAND_01839,5.8,28.0,Mestrado,Capitais,Presencial,Feminino,Branca,0.575033510741858
CAND_01840,0.0,59.0,Ensino Médio,Capitais,Presencial,Masculino,Branca,0.7362522641417355
CAND_01841,1.2,42.0,Bacharelado,Região Metropolitana,Presencial,Feminino,Parda,0.10809123589605296
CAND_01842,0.0,35.0,Mestrado,Capitais,Híbrido,Masculino,Amarela,0.6043004769993001
CAND_01843,2.7,47.0,Bacharelado,Região Metropolitana,Presencial,Feminino,Branca,0.32941448779280735
CAND_01844,7.8,45.0,Bacharelado,Região Metropolitana,Remoto,Masculino,Branca,0.9085423264913691
CAND_01845,4.5,59.0,Doutorado,Capitais,Presencial,Masculino,Branca,1.0
CAND_01846,3.7,34.0,Bacharelado,Capitais,Remoto,Masculino,Branca,0.7077415901337901
CAND_01847,4.9,48.0,Bacharelado,Capitais,Híbrido,Feminino,Amarela,0.11411818360650733
CAND_01848,3.8,33.0,Bacharelado,Capitais,Híbrido,Feminino,Branca,0.4838411233586131
CAND_01849,4.3,23.0,Bacharelado,Região Metropolitana,Presencial,Masculino,Preta,0.07857500235505285
CAND_01850,8.0,81.0,Bacharelado,Capitais,Presencial,Masculino,Branca,1.0
CAND_01851,3.4,50.0,Bacharelado,Capitais,Híbrido,Masculino,Branca,0.9739086910101207
CAND_01852,7.0,49.0,Bacharelado,Capitais,Híbrido,Masculino,Preta,0.5261899391653164
CAND_01853,5.8,22.0,Bacharelado,Capitais,Híbrido,Feminino,Branca,0.5318862634655555
CAND_01854,2.4,56.0,Bacharelado,Capitais,Presencial,Masculino,Branca,0.918164264563457
CAND_01855,5.0,20.0,Mestrado,Região Metropolitana,Presencial,Feminino,Branca,0.27866312409112737
CAND_01856,3.2,67.0,Mestrado,Capitais,Híbrido,Masculino,Branca,1.0
CAND_01857,10.3,77.0,Mestrado,Região Metropolitana,Híbrido,Feminino,Preta,0.3186452744349275
CAND_01858,6.4,48.0,Bacharelado,Capitais,Híbrido,Masculino,Parda,0.8008265239593753
CAND_01859,5.9,51.0,Mestrado,Capitais,Híbrido,Masculino,Amarela,0.7926327075339239
CAND_01860,4.6,43.0,Bacharelado,Região Metropolitana,Presencial,Masculino,Branca,0.616982609136461
CAND_01861,2.0,31.0,Mestrado,Interior,Híbrido,Masculino,Parda,0.48355010049059133
CAND_01862,3.6,60.0,Bacharelado,Capitais,Presencial,Masculino,Amarela,0.6459002380224801
CAND_01863,9.1,43.0,Doutorado,Capitais,Presencial,Feminino,Amarela,0.5021864489751615
CAND_01864,1.7,57.0,Bacharelado,Capitais,Remoto,Masculino,Parda,0.8804517508982328
CAND_01865,11.6,72.0,Bacharelado,Capitais,Híbrido,Masculino,Preta,0.5042544585046715
CAND_01866,2.1,50.0,Ensino Médio,Capitais,Híbrido,Masculino,Parda,0.7847336586230593
CAND_01867,8.0,70.0,Ensino Médio,Região Metropolitana,Híbrido,Masculino,Branca,0.6984704533036388
CAND_01868,7.5,81.0,Mestrado,Capitais,Presencial,Masculino,Parda,1.0
CAND_01869,9.9,45.0,Bacharelado,Capitais,Híbrido,Feminino,Branca,0.7660930730798843
CAND_01870,3.6,24.0,Bacharelado,Capitais,Híbrido,Não-binário,Amarela,0.0
CAND_01871,5.2,87.0,Bacharelado,Capitais,Remoto,Masculino,Branca,1.0
CAND_01872,0.0,42.0,Bacharelado,Região Metropolitana,Remoto,Feminino,Branca,0.2776875765959489
CAND_01873,7.1,47.0,Bacharelado,Região Metropolitana,Presencial,Masculino,Branca,0.7289168301763702
CAND_01874,5.6,56.0,Mestrado,Capitais,Presencial,Feminino,Preta,0.15227905700631345
CAND_01875,1.7,66.0,Bacharelado,Capitais,Remoto,Masculino,Branca,0.9283135450214749
CAND_01876,2.9,43.0,Bacharelado,Região Metropolitana,Híbrido,Feminino,Preta,0.14185937111603247
CAND_01877,3.9,74.0,Bacharelado,Capitais,Presencial,Masculino,Branca,1.0
CAND_01878,8.3,36.0,Bacharelado,Capitais,Presencial,Feminino,Branca,0.6873193897215356
CAND_01879,2.0,46.0,Bacharelado,Região Metropolitana,Remoto,Masculino,Branca,0.7011018700689376
CAND_01880,5.9,39.0,Mestrado,Capitais,Remoto,Masculino,Branca,0.8072791316749893
CAND_01881,5.7,44.0,Mestrado,Região Metropolitana,Presencial,Feminino,Branca,0.4739801574882968
CAND_01882,6.7,43.0,Bacharelado,Região Metropolitana,Presencial,Masculino,Branca,0.919474107019499
CAND_01883,10.4,57.0,Mestrado,Capitais,Presencial,Feminino,Branca,0.8146748095904037
CAND_01884,4.4,68.0,Bacharelado,Região Metropolitana,Híbrido,Feminino,Branca,0.6326217176166097
CAND_01885,7.7,67.0,Mestrado,Capitais,Presencial,Feminino,Branca,0.798820575877921
CAND_01886,9.4,23.0,Bacharelado,Região Metropolitana,Híbrido,Feminino,Branca,0.37719551579606675
CAND_01887,0.0,70.0,Bacharelado,Capitais,Presencial,Masculino,Amarela,0.545395754549357
CAND_01888,4.4,40.0,Bacharelado,Capitais,Híbrido,Feminino,Preta,0.02551040592702818
CAND_01889,0.1,47.0,Mestrado,Capitais,Presencial,Feminino,Branca,0.4786920798980002
CAND_01890,6.4,56.0,Ensino Médio,Região Metropolitana,Presencial,Feminino,Branca,0.6332889884024144
CAND_01891,1.4,70.0,Bacharelado,Capitais,Híbrido,Feminino,Parda,0.7469450568334812
CAND_01892,4.6,34.0,Bacharelado,Interior,Presencial,Masculino,Parda,0.5309413394532765
CAND_01893,6.7,51.0,Bacharelado,Capitais,Híbrido,Masculino,Branca,1.0
CAND_01894,4.0,64.0,Ensino Médio,Região Metropolitana,Híbrido,Feminino,Amarela,0.08728276398522086
CAND_01895,9.2,48.0,Bacharelado,Capitais,Híbrido,Masculino,Branca,1.0
CAND_01896,8.3,53.0,Mestrado,Capitais,Remoto,Masculino,Branca,0.9370378662331974
CAND_01897,6.6,42.0,Mestrado,Capitais,Presencial,Masculino,Preta,0.4933413311802317
CAND_01898,3.9,45.0,Bacharelado,Interior,Remoto,Masculino,Branca,0.48702346923206086
CAND_01899,4.1,51.0,Bacharelado,Capitais,Híbrido,Feminino,Branca,0.7221418049368418
CAND_01900,6.4,57.0,Mestrado,Região Metropolitana,Híbrido,Masculino,Branca,0.9670653990562045
CAND_01901,4.5,38.0,Bacharelado,Capitais,Presencial,Masculino,Parda,1.0
CAND_01902,7.3,51.0,Bacharelado,Interior,Remoto,Masculino,Branca,0.7639776662432988
CAND_01903,7.5,53.0,Bacharelado,Região Metropolitana,Remoto,Masculino,Branca,0.7961683635797226
CAND_01904,0.2,47.0,Bacharelado,Região Metropolitana,Híbrido,Feminino,Preta,0.0
CAND_01905,2.6,11.0,Ensino Médio,Capitais,Híbrido,Não-binário,Indígena,0.0
CAND_01906,11.0,59.0,Mestrado,Região Metropolitana,Híbrido,Masculino,Amarela,0.8033571356121388
CAND_01907,0.0,50.0,Bacharelado,Capitais,Remoto,Masculino,Preta,0.45535154922054494
CAND_01908,6.8,45.0,Bacharelado,Capitais,Híbrido,Masculino,Branca,0.961408754075069
CAND_01909,6.0,30.0,Mestrado,Capitais,Remoto,Feminino,Branca,0.6240310888362918
CAND_01910,8.4,49.0,Bacharelado,Região Metropolitana,Remoto,Masculino,Parda,0.8654163590139026
CAND_01911,6.4,36.0,Ensino Médio,Região Metropolitana,Híbrido,Feminino,Branca,0.5789342339010293
CAND_01912,0.6,67.0,Mestrado,Interior,Híbrido,Feminino,Branca,0.338227187673612
CAND_01913,0.0,35.0,Mestrado,Região Metropolitana,Presencial,Feminino,Amarela,0.0
CAND_01914,2.2,24.0,Bacharelado,Capitais,Híbrido,Masculino,Preta,0.2027702715121697
CAND_01915,1.4,56.0,Bacharelado,Capitais,Híbrido,Masculino,Branca,1.0
CAND_01916,3.2,43.0,Bacharelado,Região Metropolitana,Presencial,Masculino,Branca,0.9367158394912041
CAND_01917,1.5,33.0,Mestrado,Capitais,Híbrido,Masculino,Branca,0.5913582933947985
CAND_01918,8.4,52.0,Bacharelado,Interior,Híbrido,Masculino,Preta,0.25117806192667713
CAND_01919,4.1,55.0,Bacharelado,Interior,Híbrido,Feminino,Branca,0.40095691101243547
CAND_01920,5.5,59.0,Mestrado,Capitais,Presencial,Feminino,Branca,0.618720883531928
CAND_01921,7.1,41.0,Mestrado,Região Metropolitana,Presencial,Feminino,Preta,0.0
CAND_01922,2.5,33.0,Ensino Médio,Capitais,Remoto,Feminino,Preta,0.0
CAND_01923,0.0,65.0,Mestrado,Interior,Remoto,Feminino,Branca,0.2790485156382206
CAND_01924,10.6,47.0,Bacharelado,Região Metropolitana,Híbrido,Feminino,Amarela,0.2369596928960021
CAND_01925,8.4,53.0,Mestrado,Região Metropolitana,Híbrido,Masculino,Branca,0.9790673492726973
CAND_01926,10.1,39.0,Bacharelado,Capitais,Híbrido,Não-binário,Branca,0.3828954057821983
CAND_01927,4.2,56.0,Ensino Médio,Região Metropolitana,Remoto,Masculino,Amarela,0.3071264311031205
CAND_01928,9.7,35.0,Bacharelado,Capitais,Presencial,Masculino,Branca,1.0
CAND_01929,0.0,50.0,Mestrado,Capitais,Presencial,Feminino,Indígena,0.24323715261594137
CAND_01930,6.5,40.0,Bacharelado,Capitais,Híbrido,Feminino,Branca,0.45922172057323885
CAND_01931,6.5,53.0,Bacharelado,Capitais,Remoto,Masculino,Branca,1.0
CAND_01932,5.8,32.0,Bacharelado,Interior,Híbrido,Feminino,Branca,0.14493172532911144
CAND_01933,5.5,58.0,Bacharelado,Interior,Remoto,Feminino,Parda,0.26760662960533627
CAND_01934,3.3,13.0,Bacharelado,Capitais,Presencial,Feminino,Branca,0.44171925387708755
CAND_01935,4.8,34.0,Bacharelado,Capitais,Híbrido,Feminino,Branca,0.6033209676427121
CAND_01936,5.5,49.0,Mestrado,Capitais,Híbrido,Feminino,Branca,0.5628096426762268
CAND_01937,7.4,51.0,Bacharelado,Capitais,Presencial,Feminino,Preta,0.015093932045827277
CAND_01938,4.0,47.0,Ensino Médio,Região Metropolitana,Híbrido,Feminino,Branca,0.32080948666219344
CAND_01939,4.1,36.0,Bacharelado,Capitais,Remoto,Masculino,Preta,0.4497827082319894
CAND_01940,7.2,62.0,Mestrado,Interior,Presencial,Masculino,Amarela,0.34569524029448795
CAND_01941,6.5,31.0,Bacharelado,Região Metropolitana,Híbrido,Feminino,Parda,0.3943848520547296
CAND_01942,5.0,51.0,Bacharelado,Capitais,Remoto,Masculino,Branca,0.85527277235277
CAND_01943,2.2,32.0,Bacharelado,Capitais,Híbrido,Masculino,Branca,0.7861821674890195
CAND_01944,4.4,42.0,Bacharelado,Capitais,Híbrido,Masculino,Branca,0.7696898041637218
CAND_01945,7.5,60.0,Mestrado,Capitais,Remoto,Masculino,Branca,1.0
CAND_01946,5.2,27.0,Mestrado,Capitais,Remoto,Masculino,Branca,0.9873005860423807
CAND_01947,2.5,53.0,Bacharelado,Capitais,Híbrido,Masculino,Branca,0.9411220183915658
CAND_01948,11.2,37.0,Bacharelado,Capitais,Híbrido,Masculino,Preta,0.5197102801113405
CAND_01949,10.5,40.0,Mestrado,Capitais,Híbrido,Feminino,Branca,0.5118566702697115
CAND_01950,7.6,23.0,Mestrado,Capitais,Remoto,Não-binário,Preta,0.0
CAND_01951,6.8,39.0,Mestrado,Capitais,Híbrido,Não-binário,Branca,0.41562738683132605
CAND_01952,5.1,72.0,Mestrado,Capitais,Remoto,Masculino,Branca,1.0
CAND_01953,9.4,59.0,Bacharelado,Capitais,Presencial,Feminino,Amarela,0.47132986661545584
CAND_01954,1.8,61.0,Bacharelado,Capitais,Híbrido,Feminino,Branca,0.6101180358085302
CAND_01955,2.7,62.0,Mestrado,Capitais,Presencial,Masculino,Branca,1.0
CAND_01956,7.3,77.0,Bacharelado,Capitais,Presencial,Feminino,Parda,0.555914909894534
CAND_01957,9.0,40.0,Bacharelado,Região Metropolitana,Híbrido,Masculino,Branca,0.9095791516875811
CAND_01958,4.0,36.0,Bacharelado,Região Metropolitana,Presencial,Feminino,Parda,0.2766487011349568
CAND_01959,0.9,14.0,Bacharelado,Capitais,Híbrido,Masculino,Branca,0.5123092676726895
CAND_01960,4.8,42.0,Bacharelado,Capitais,Híbrido,Masculino,Indígena,0.6946775398469367
CAND_01961,6.0,39.0,Bacharelado,Capitais,Híbrido,Não-binário,Amarela,0.05570263113057608
CAND_01962,9.0,38.0,Ensino Médio,Região Metropolitana,Híbrido,Masculino,Preta,0.34764754653010493
CAND_01963,3.3,72.0,Bacharelado,Capitais,Presencial,Não-binário,Branca,0.40183217932162085
CAND_01964,4.0,11.0,Mestrado,Capitais,Híbrido,Masculino,Parda,0.7297204951062805
CAND_01965,8.4,17.0,Bacharelado,Capitais,Híbrido,Não-binário,Branca,0.5400287800219563
CAND_01966,9.0,61.0,Bacharelado,Interior,Presencial,Masculino,Branca,0.7514605767021123
CAND_01967,3.9,19.0,Bacharelado,Região Metropolitana,Híbrido,Masculino,Parda,0.5313994802695099
CAND_01968,2.8,37.0,Bacharelado,Capitais,Presencial,Não-binário,Amarela,0.0
CAND_01969,5.7,56.0,Mestrado,Capitais,Remoto,Masculino,Branca,1.0
CAND_01970,3.1,32.0,Bacharelado,Região Metropolitana,Híbrido,Masculino,Branca,0.8674013643683718
CAND_01971,7.0,71.0,Bacharelado,Capitais,Híbrido,Feminino,Branca,0.6171322618149979
CAND_01972,3.1,44.0,Ensino Médio,Região Metropolitana,Remoto,Feminino,Branca,0.2683346132085444
CAND_01973,6.1,58.0,Mestrado,Região Metropolitana,Remoto,Masculino,Branca,0.9744034281757157
CAND_01974,5.4,38.0,Mestrado,Capitais,Híbrido,Masculino,Amarela,0.5445870281641644
CAND_01975,4.8,48.0,Bacharelado,Capitais,Presencial,Masculino,Branca,1.0
CAND_01976,4.7,59.0,Doutorado,Capitais,Híbrido,Masculino,Branca,1.0
CAND_01977,8.6,78.0,Ensino Médio,Região Metropolitana,Presencial,Feminino,Branca,0.5238732874792871
CAND_01978,3.1,28.0,Doutorado,Capitais,Híbrido,Masculino,Indígena,0.4943010547126491
CAND_01979,1.8,66.0,Bacharelado,Capitais,Remoto,Masculino,Branca,1.0
CAND_01980,3.6,37.0,Bacharelado,Capitais,Presencial,Masculino,Amarela,0.5175957128391242
CAND_01981,5.4,58.0,Bacharelado,Região Metropolitana,Presencial,Masculino,Branca,0.844437213191963
CAND_01982,1.9,64.0,Bacharelado,Capitais,Remoto,Feminino,Amarela,0.1814139833589789
CAND_01983,9.0,64.0,Bacharelado,Capitais,Presencial,Masculino,Branca,1.0
CAND_01984,6.8,51.0,Doutorado,Capitais,Híbrido,Feminino,Branca,0.8302368555331867
CAND_01985,6.5,48.0,Bacharelado,Capitais,Híbrido,Masculino,Indígena,0.6424868165163868
CAND_01986,1.6,27.0,Bacharelado,Capitais,Híbrido,Masculino,Preta,0.13801751450748068
CAND_01987,2.1,38.0,Bacharelado,Capitais,Remoto,Masculino,Branca,0.804892376986063
CAND_01988,6.6,38.0,Bacharelado,Interior,Híbrido,Feminino,Branca,0.2986838707515701
CAND_01989,4.8,62.0,Mestrado,Capitais,Híbrido,Masculino,Branca,0.9821550035353483
CAND_01990,4.1,68.0,Bacharelado,Capitais,Remoto,Masculino,Branca,0.9059282378840501
CAND_01991,0.0,51.0,Bacharelado,Capitais,Híbrido,Feminino,Amarela,0.08433978194510466
CAND_01992,2.6,45.0,Bacharelado,Capitais,Remoto,Feminino,Branca,0.35504854078051706
CAND_01993,5.0,54.0,Mestrado,Capitais,Híbrido,Feminino,Parda,0.324190027207318
CAND_01994,4.8,56.0,Mestrado,Interior,Remoto,Masculino,Branca,0.5292698677955078
CAND_01995,8.1,59.0,Bacharelado,Capitais,Presencial,Masculino,Branca,0.9350366353011588
CAND_01996,6.7,26.0,Mestrado,Região Metropolitana,Híbrido,Masculino,Branca,0.9809883525740346
CAND_01997,5.6,28.0,Mestrado,Região Metropolitana,Remoto,Feminino,Branca,0.43890247277317235
CAND_01998,9.6,42.0,Mestrado,Capitais,Remoto,Masculino,Branca,0.9368536044483554
CAND_01999,5.7,54.0,Bacharelado,Capitais,Remoto,Feminino,Branca,0.43594238248028055
CAND_02000,5.7,57.0,Bacharelado,Capitais,Híbrido,Feminino,Branca,0.7308062586383373
CAND_02001,6.5,46.0,Ensino Médio,Capitais,Híbrido,Feminino,Branca,0.534701876363072
CAND_02002,7.7,45.0,Bacharelado,Capitais,Híbrido,Masculino,Branca,0.804118947413987
CAND_02003,10.1,37.0,Bacharelado,Capitais,Remoto,Feminino,Branca,0.5308215482296796
CAND_02004,8.0,34.0,Doutorado,Região Metropolitana,Híbrido,Masculino,Branca,0.9784730141460374
CAND_02005,4.8,74.0,Bacharelado,Capitais,Híbrido,Masculino,Preta,0.6215993373508789
CAND_02006,3.2,66.0,Bacharelado,Capitais,Híbrido,Masculino,Branca,0.9295872222154179
CAND_02007,2.1,54.0,Bacharelado,Região Metropolitana,Híbrido,Não-binário,Branca,0.2210612851393346
CAND_02008,2.5,25.0,Bacharelado,Capitais,Remoto,Feminino,Preta,0.0
CAND_02009,2.3,31.0,Bacharelado,Capitais,Híbrido,Feminino,Branca,0.5288855782765856
CAND_02010,6.1,62.0,Bacharelado,Região Metropolitana,Híbrido,Feminino,Branca,0.46655784263962874
CAND_02011,3.7,47.0,Mestrado,Região Metropolitana,Híbrido,Masculino,Branca,0.9434851376450774
CAND_02012,5.6,42.0,Mestrado,Capitais,Remoto,Masculino,Indígena,0.5716663405758879
CAND_02013,5.2,26.0,Mestrado,Capitais,Presencial,Masculino,Branca,0.8399180564444724
CAND_02014,5.1,41.0,Bacharelado,Região Metropolitana,Presencial,Masculino,Branca,0.7339995356207374
CAND_02015,4.5,47.0,Bacharelado,Região Metropolitana,Híbrido,Feminino,Branca,0.2682940548703914
CAND_02016,7.8,54.0,Bacharelado,Região Metropolitana,Híbrido,Não-binário,Branca,0.5811325110460029
CAND_02017,3.5,56.0,Bacharelado,Capitais,Híbrido,Feminino,Branca,0.5496779797347355
CAND_02018,3.7,42.0,Bacharelado,Região Metropolitana,Presencial,Masculino,Branca,0.9938371315064854
CAND_02019,4.5,63.0,Mestrado,Capitais,Híbrido,Feminino,Amarela,0.12331946804465577
CAND_02020,6.6,48.0,Ensino Médio,Região Metropolitana,Híbrido,Masculino,Branca,0.9731362578439662
CAND_02021,11.0,47.0,Ensino Médio,Interior,Híbrido,Masculino,Branca,0.6645447078352935
CAND_02022,12.5,61.0,Bacharelado,Região Metropolitana,Presencial,Masculino,Indígena,0.7776556996326729
CAND_02023,3.8,45.0,Bacharelado,Capitais,Híbrido,Masculino,Branca,1.0
CAND_02024,10.3,29.0,Bacharelado,Capitais,Remoto,Masculino,Branca,0.9434522277557483
CAND_02025,1.1,56.0,Bacharelado,Capitais,Presencial,Feminino,Parda,0.360006051738089
CAND_02026,0.1,49.0,Bacharelado,Capitais,Presencial,Masculino,Branca,0.8209510200384365
CAND_02027,7.0,66.0,Bacharelado,Região Metropolitana,Presencial,Masculino,Branca,0.9118090578216407
CAND_02028,3.7,31.0,Ensino Médio,Capitais,Híbrido,Masculino,Parda,0.6658213754639201
CAND_02029,4.7,45.0,Mestrado,Interior,Presencial,Não-binário,Parda,0.0
CAND_02030,6.7,43.0,Bacharelado,Capitais,Híbrido,Feminino,Branca,0.4950138222995618
CAND_02031,4.2,66.0,Bacharelado,Capitais,Híbrido,Feminino,Branca,0.6034798728644166
CAND_02032,3.2,54.0,Mestrado,Interior,Híbrido,Feminino,Branca,0.14184982388287015
CAND_02033,6.2,47.0,Doutorado,Capitais,Remoto,Masculino,Amarela,0.71980701762497
CAND_02034,2.3,43.0,Bacharelado,Capitais,Híbrido,Feminino,Branca,0.4570583830103477
CAND_02035,5.1,37.0,Mestrado,Capitais,Híbrido,Masculino,Branca,1.0
CAND_02036,4.7,60.0,Bacharelado,Capitais,Híbrido,Feminino,Preta,0.04829493136314474
CAND_02037,6.6,59.0,Bacharelado,Capitais,Híbrido,Feminino,Branca,0.5280903762153978
CAND_02038,3.1,57.0,Mestrado,Região Metropolitana,Híbrido,Masculino,Branca,0.8935524498993062
CAND_02039,4.2,70.0,Ensino Médio,Capitais,Híbrido,Feminino,Preta,0.03830151381785267
CAND_02040,7.6,66.0,Bacharelado,Capitais,Remoto,Feminino,Branca,0.6303406556976798
CAND_02041,2.0,36.0,Mestrado,Capitais,Presencial,Feminino,Branca,0.6001820328143537
CAND_02042,12.3,60.0,Mestrado,Capitais,Híbrido,Não-binário,Parda,0.42632958354212014
CAND_02043,3.6,58.0,Bacharelado,Região Metropolitana,Remoto,Não-binário,Branca,0.18302589087775767
CAND_02044,6.6,51.0,Doutorado,Capitais,Presencial,Feminino,Branca,0.8168321848517077
CAND_02045,8.5,40.0,Mestrado,Capitais,Presencial,Feminino,Branca,0.7862626632056458
CAND_02046,2.5,47.0,Bacharelado,Capitais,Presencial,Masculino,Branca,0.8779151982792309
CAND_02047,7.9,78.0,Mestrado,Capitais,Remoto,Masculino,Amarela,0.8618857560121639
CAND_02048,0.3,47.0,Bacharelado,Região Metropolitana,Presencial,Feminino,Branca,0.2523893492933915
CAND_02049,6.6,52.0,Bacharelado,Capitais,Híbrido,Masculino,Branca,1.0
CAND_02050,5.6,58.0,Mestrado,Capitais,Híbrido,Feminino,Branca,0.6959421908175186
CAND_02051,6.0,63.0,Doutorado,Região Metropolitana,Presencial,Masculino,Amarela,0.6459899879787426
CAND_02052,2.0,61.0,Bacharelado,Região Metropolitana,Remoto,Feminino,Branca,0.47675789542509506
CAND_02053,5.2,61.0,Bacharelado,Capitais,Presencial,Masculino,Branca,0.7919148810670564
CAND_02054,10.5,41.0,Bacharelado,Capitais,Remoto,Masculino,Branca,1.0
CAND_02055,2.1,63.0,Bacharelado,Capitais,Híbrido,Não-binário,Parda,0.370276161443241
CAND_02056,5.9,71.0,Ensino Médio,Região Metropolitana,Presencial,Masculino,Branca,0.8742188665726133
CAND_02057,8.6,29.0,Bacharelado,Interior,Híbrido,Masculino,Branca,0.6189418846623298
CAND_02058,4.9,43.0,Bacharelado,Capitais,Híbrido,Masculino,Branca,0.9194915885880127
CAND_02059,2.2,30.0,Bacharelado,Capitais,Híbrido,Não-binário,Branca,0.3928500304638831
CAND_02060,5.0,49.0,Ensino Médio,Capitais,Remoto,Masculino,Parda,0.7497546235192033
CAND_02061,3.8,6.0,Doutorado,Região Metropolitana,Híbrido,Masculino,Parda,0.5048232978686376
CAND_02062,4.6,50.0,Mestrado,Região Metropolitana,Híbrido,Feminino,Branca,0.5055562778703433
CAND_02063,2.8,26.0,Mestrado,Capitais,Presencial,Feminino,Amarela,0.049492229755932204
CAND_02064,3.8,59.0,Bacharelado,Região Metropolitana,Remoto,Feminino,Amarela,0.04839419580058701
CAND_02065,10.2,38.0,Bacharelado,Capitais,Presencial,Feminino,Amarela,0.17502321185785147
CAND_02066,4.2,47.0,Bacharelado,Capitais,Híbrido,Masculino,Branca,0.9798373045547856
CAND_02067,6.6,38.0,Bacharelado,Região Metropolitana,Híbrido,Masculino,Parda,0.6387963154812963
CAND_02068,8.2,53.0,Doutorado,Capitais,Remoto,Masculino,Branca,1.0
CAND_02069,7.3,50.0,Mestrado,Capitais,Híbrido,Masculino,Branca,0.9622854318703227
CAND_02070,4.3,77.0,Bacharelado,Capitais,Híbrido,Masculino,Branca,1.0
CAND_02071,6.7,54.0,Bacharelado,Interior,Híbrido,Feminino,Amarela,0.0
CAND_02072,4.7,39.0,Bacharelado,Região Metropolitana,Presencial,Feminino,Branca,0.3149088637809757
CAND_02073,8.4,56.0,Bacharelado,Capitais,Presencial,Não-binário,Parda,0.4475134964140515
CAND_02074,4.6,42.0,Bacharelado,Capitais,Híbrido,Masculino,Branca,0.9905287714939383
CAND_02075,2.0,66.0,Mestrado,Capitais,Remoto,Masculino,Amarela,0.6123626839513252
CAND_02076,6.2,35.0,Bacharelado,Capitais,Presencial,Masculino,Branca,0.9376731513959353
CAND_02077,5.1,54.0,Mestrado,Capitais,Remoto,Masculino,Branca,1.0
CAND_02078,1.8,46.0,Mestrado,Capitais,Híbrido,Masculino,Parda,0.7688770013649842
CAND_02079,6.5,45.0,Bacharelado,Região Metropolitana,Presencial,Feminino,Branca,0.591480371449805
CAND_02080,4.4,65.0,Bacharelado,Interior,Presencial,Feminino,Preta,0.010520861154756755
CAND_02081,5.8,53.0,Bacharelado,Capitais,Remoto,Masculino,Preta,0.35463871571814265
CAND_02082,7.2,55.0,Bacharelado,Capitais,Híbrido,Masculino,Indígena,0.8159362706390821
CAND_02083,5.6,49.0,Ensino Médio,Capitais,Híbrido,Feminino,Preta,0.09709274389215145
CAND_02084,5.0,38.0,Doutorado,Região Metropolitana,Remoto,Masculino,Branca,0.9498040084878064
CAND_02085,2.7,62.0,Mestrado,Capitais,Presencial,Feminino,Preta,0.16486684027085202
CAND_02086,4.3,55.0,Bacharelado,Capitais,Híbrido,Masculino,Preta,0.39769445987321717
CAND_02087,10.7,68.0,Mestrado,Região Metropolitana,Presencial,Feminino,Branca,0.8568920825810206
CAND_02088,6.8,41.0,Bacharelado,Capitais,Híbrido,Masculino,Branca,1.0
CAND_02089,4.6,68.0,Mestrado,Capitais,Remoto,Masculino,Parda,0.9680648045277782
CAND_02090,0.5,66.0,Bacharelado,Capitais,Híbrido,Masculino,Preta,0.36623046294282685
CAND_02091,8.1,65.0,Bacharelado,Capitais,Presencial,Não-binário,Amarela,0.3011794811204441
CAND_02092,7.8,41.0,Bacharelado,Interior,Presencial,Masculino,Branca,0.5346002410392434
CAND_02093,4.2,46.0,Mestrado,Capitais,Presencial,Feminino,Branca,0.5877143369838822
CAND_02094,5.3,53.0,Bacharelado,Região Metropolitana,Híbrido,Feminino,Preta,0.0036623494900549503
CAND_02095,3.0,53.0,Bacharelado,Região Metropolitana,Híbrido,Masculino,Branca,0.7697861942412069
CAND_02096,4.5,52.0,Bacharelado,Capitais,Presencial,Feminino,Branca,0.565676269002851
CAND_02097,5.9,59.0,Mestrado,Interior,Remoto,Masculino,Branca,0.7336270990315974
CAND_02098,4.7,62.0,Bacharelado,Capitais,Remoto,Masculino,Branca,0.9824492274958505
CAND_02099,8.1,59.0,Bacharelado,Capitais,Remoto,Masculino,Amarela,0.7561141366936046
CAND_02100,6.1,65.0,Mestrado,Capitais,Remoto,Feminino,Branca,0.6777102080921416
CAND_02101,4.1,48.0,Bacharelado,Região Metropolitana,Híbrido,Feminino,Branca,0.4164057774609911
CAND_02102,9.1,57.0,Bacharelado,Região Metropolitana,Presencial,Não-binário,Branca,0.5009291452874359
CAND_02103,11.2,51.0,Bacharelado,Capitais,Híbrido,Feminino,Preta,0.1597860262150477
CAND_02104,0.0,63.0,Ensino Médio,Capitais,Presencial,Feminino,Branca,0.39465858764618755
CAND_02105,9.5,30.0,Bacharelado,Região Metropolitana,Presencial,Não-binário,Branca,0.38392292255453053
CAND_02106,3.7,42.0,Bacharelado,Capitais,Híbrido,Masculino,Branca,0.9930710414429731
CAND_02107,4.0,53.0,Mestrado,Interior,Híbrido,Feminino,Parda,0.32560866075447825
CAND_02108,8.6,23.0,Bacharelado,Capitais,Híbrido,Masculino,Branca,0.8406167862691535
CAND_02109,2.0,69.0,Mestrado,Capitais,Híbrido,Masculino,Branca,0.8324056737758591
CAND_02110,0.0,52.0,Bacharelado,Região Metropolitana,Presencial,Feminino,Amarela,0.0
CAND_02111,0.0,77.0,Bacharelado,Interior,Híbrido,Masculino,Preta,0.11638238840333441
CAND_02112,4.3,50.0,Bacharelado,Capitais,Presencial,Masculino,Amarela,0.6800086784403325
CAND_02113,5.3,32.0,Bacharelado,Região Metropolitana,Presencial,Masculino,Parda,0.6294178495615471
CAND_02114,4.4,40.0,Ensino Médio,Capitais,Remoto,Masculino,Amarela,0.5921282655027369
CAND_02115,3.3,49.0,Doutorado,Capitais,Remoto,Masculino,Amarela,0.6387454726284256
CAND_02116,8.7,68.0,Mestrado,Capitais,Remoto,Feminino,Parda,0.6639869673230288
CAND_02117,3.7,38.0,Ensino Médio,Região Metropolitana,Presencial,Masculino,Indígena,0.34855675476784
CAND_02118,2.3,61.0,Bacharelado,Capitais,Presencial,Masculino,Preta,0.42011402831665634
CAND_02119,8.7,79.0,Bacharelado,Capitais,Presencial,Feminino,Branca,0.6874809643395194
CAND_02120,8.3,28.0,Bacharelado,Região Metropolitana,Presencial,Masculino,Branca,0.7620556037152963
CAND_02121,7.0,58.0,Bacharelado,Capitais,Remoto,Masculino,Parda,1.0
CAND_02122,3.0,50.0,Mestrado,Região Metropolitana,Presencial,Masculino,Branca,0.800548390454707
CAND_02123,2.6,74.0,Mestrado,Região Metropolitana,Presencial,Masculino,Branca,1.0
CAND_02124,7.6,49.0,Mestrado,Capitais,Remoto,Masculino,Branca,0.9435445478255198
CAND_02125,10.4,47.0,Bacharelado,Região Metropolitana,Híbrido,Feminino,Parda,0.5063971948828735
CAND_02126,5.8,53.0,Bacharelado,Capitais,Remoto,Masculino,Amarela,0.4635953248929457
CAND_02127,3.5,35.0,Bacharelado,Região Metropolitana,Presencial,Feminino,Branca,0.312620562375041
CAND_02128,6.6,55.0,Bacharelado,Capitais,Presencial,Masculino,Branca,1.0
CAND_02129,1.7,55.0,Mestrado,Capitais,Presencial,Masculino,Parda,0.7316882580941694
CAND_02130,3.0,61.0,Bacharelado,Região Metropolitana,Presencial,Feminino,Preta,0.0
CAND_02131,8.7,35.0,Bacharelado,Capitais,Presencial,Masculino,Branca,1.0
CAND_02132,7.5,45.0,Ensino Médio,Região Metropolitana,Híbrido,Masculino,Branca,0.8010810688657959
CAND_02133,9.2,45.0,Mestrado,Região Metropolitana,Presencial,Masculino,Branca,1.0
CAND_02134,7.2,42.0,Mestrado,Interior,Presencial,Masculino,Parda,0.6255371081965285
CAND_02135,6.2,31.0,Bacharelado,Capitais,Híbrido,Feminino,Indígena,0.11640856461136599
CAND_02136,5.0,47.0,Mestrado,Capitais,Remoto,Feminino,Branca,0.6009485363053144
CAND_02137,0.7,35.0,Bacharelado,Capitais,Híbrido,Masculino,Branca,0.8259094491180512
CAND_02138,6.3,63.0,Bacharelado,Região Metropolitana,Híbrido,Masculino,Branca,1.0
CAND_02139,5.3,56.0,Bacharelado,Região Metropolitana,Híbrido,Feminino,Branca,0.5873029187881333
CAND_02140,7.8,45.0,Mestrado,Região Metropolitana,Híbrido,Masculino,Branca,0.8051547478237249
CAND_02141,7.4,56.0,Ensino Médio,Região Metropolitana,Remoto,Feminino,Branca,0.6379909596706428
CAND_02142,1.2,70.0,Bacharelado,Capitais,Remoto,Masculino,Branca,0.8415603826938453
CAND_02143,5.2,66.0,Mestrado,Capitais,Remoto,Masculino,Branca,1.0
CAND_02144,7.8,36.0,Bacharelado,Interior,Híbrido,Feminino,Amarela,0.0
CAND_02145,0.1,79.0,Bacharelado,Capitais,Híbrido,Masculino,Indígena,0.5270575529704832
CAND_02146,5.1,66.0,Mestrado,Capitais,Presencial,Feminino,Amarela,0.32009015007487096
CAND_02147,5.7,50.0,Bacharelado,Região Metropolitana,Presencial,Masculino,Branca,0.8889017552611159
CAND_02148,0.0,37.0,Bacharelado,Região Metropolitana,Presencial,Feminino,Indígena,0.0
CAND_02149,4.1,74.0,Bacharelado,Região Metropolitana,Presencial,Masculino,Amarela,0.3761265492586723
CAND_02150,6.9,33.0,Bacharelado,Interior,Híbrido,Feminino,Indígena,0.0
CAND_02151,1.2,60.0,Doutorado,Região Metropolitana,Remoto,Masculino,Preta,0.2370583492616361
CAND_02152,7.4,69.0,Mestrado,Região Metropolitana,Presencial,Feminino,Amarela,0.22343515072776535
CAND_02153,8.4,49.0,Bacharelado,Interior,Híbrido,Masculino,Branca,0.5702028334100098
CAND_02154,7.4,38.0,Bacharelado,Região Metropolitana,Presencial,Não-binário,Branca,0.5000075418022605
CAND_02155,6.5,51.0,Mestrado,Capitais,Híbrido,Feminino,Branca,0.6227173502180913
CAND_02156,4.0,69.0,Bacharelado,Região Metropolitana,Híbrido,Feminino,Amarela,0.0
CAND_02157,9.4,37.0,Mestrado,Região Metropolitana,Híbrido,Feminino,Parda,0.43490251879941544
CAND_02158,8.5,54.0,Doutorado,Região Metropolitana,Híbrido,Feminino,Branca,0.6818367077747256
CAND_02159,0.0,61.0,Bacharelado,Região Metropolitana,Híbrido,Feminino,Branca,0.3223580518685867
CAND_02160,3.9,53.0,Doutorado,Capitais,Híbrido,Masculino,Branca,0.9875074404175797
CAND_02161,5.2,54.0,Ensino Médio,Capitais,Híbrido,Masculino,Indígena,0.7059731849763757
CAND_02162,8.1,44.0,Bacharelado,Capitais,Presencial,Não-binário,Branca,0.6391536119714477
CAND_02163,5.9,59.0,Bacharelado,Interior,Híbrido,Masculino,Branca,0.8676750062015054
CAND_02164,5.8,36.0,Mestrado,Capitais,Híbrido,Feminino,Branca,0.4498204737725341
CAND_02165,7.9,78.0,Mestrado,Capitais,Remoto,Masculino,Branca,1.0
CAND_02166,6.2,66.0,Bacharelado,Capitais,Remoto,Feminino,Preta,0.02420364834971324
CAND_02167,9.5,43.0,Bacharelado,Interior,Híbrido,Feminino,Branca,0.4500950800527879
CAND_02168,6.6,43.0,Mestrado,Capitais,Híbrido,Masculino,Preta,0.551203496464533
CAND_02169,10.7,38.0,Bacharelado,Capitais,Presencial,Masculino,Branca,1.0
CAND_02170,6.9,30.0,Bacharelado,Região Metropolitana,Remoto,Feminino,Branca,0.3593442603457181
CAND_02171,2.0,47.0,Doutorado,Região Metropolitana,Remoto,Masculino,Branca,0.8887049515066977
CAND_02172,6.5,51.0,Bacharelado,Capitais,Presencial,Feminino,Branca,0.6533601759516872
CAND_02173,6.5,50.0,Mestrado,Região Metropolitana,Híbrido,Masculino,Branca,0.8805570976854851
CAND_02174,5.4,53.0,Ensino Médio,Capitais,Presencial,Masculino,Parda,0.725543312350053
CAND_02175,6.2,60.0,Mestrado,Capitais,Remoto,Feminino,Branca,0.663424517896736
CAND_02176,3.2,84.0,Bacharelado,Capitais,Híbrido,Masculino,Branca,0.9366404139085222
CAND_02177,7.2,81.0,Bacharelado,Capitais,Híbrido,Feminino,Preta,0.08475289355705154
CAND_02178,2.7,69.0,Mestrado,Capitais,Híbrido,Feminino,Preta,0.0677717893155552
CAND_02179,3.9,49.0,Mestrado,Capitais,Remoto,Feminino,Branca,0.6656862361039645
CAND_02180,2.8,36.0,Ensino Médio,Capitais,Presencial,Feminino,Branca,0.5951465550060416
CAND_02181,3.7,52.0,Ensino Médio,Capitais,Híbrido,Masculino,Amarela,0.39258769894661655
CAND_02182,5.4,37.0,Mestrado,Capitais,Remoto,Masculino,Branca,1.0
CAND_02183,8.1,65.0,Mestrado,Região Metropolitana,Remoto,Feminino,Branca,0.3850599348548527
CAND_02184,5.0,62.0,Doutorado,Capitais,Híbrido,Masculino,Preta,0.7080207889448269
CAND_02185,3.7,54.0,Bacharelado,Capitais,Remoto,Masculino,Branca,1.0
CAND_02186,0.0,55.0,Bacharelado,Capitais,Híbrido,Masculino,Branca,0.9516891596866869
CAND_02187,1.0,66.0,Ensino Médio,Capitais,Remoto,Masculino,Branca,0.7888779535816401
CAND_02188,7.6,57.0,Ensino Médio,Capitais,Híbrido,Feminino,Branca,0.5516665057094903
CAND_02189,5.3,54.0,Bacharelado,Capitais,Remoto,Masculino,Branca,0.9463423945532914
CAND_02190,6.0,69.0,Bacharelado,Capitais,Híbrido,Feminino,Branca,0.6800606079237907
CAND_02191,2.2,49.0,Bacharelado,Capitais,Remoto,Feminino,Branca,0.6112607635067291
CAND_02192,0.6,51.0,Mestrado,Capitais,Híbrido,Feminino,Branca,0.5257854208778115
CAND_02193,6.5,59.0,Ensino Médio,Capitais,Híbrido,Feminino,Branca,0.6722874175831716
CAND_02194,9.6,82.0,Bacharelado,Interior,Presencial,Feminino,Amarela,0.1593483833935468
CAND_02195,1.9,59.0,Bacharelado,Capitais,Híbrido,Masculino,Branca,0.9950067028397617
CAND_02196,0.0,68.0,Bacharelado,Capitais,Presencial,Masculino,Preta,0.5489509936702605
CAND_02197,9.6,89.0,Ensino Médio,Capitais,Híbrido,Feminino,Branca,0.5325965212132583
CAND_02198,2.3,65.0,Mestrado,Região Metropolitana,Remoto,Feminino,Preta,0.1492314555313733
CAND_02199,9.8,75.0,Ensino Médio,Região Metropolitana,Híbrido,Masculino,Branca,1.0
CAND_02200,8.1,30.0,Ensino Médio,Capitais,Presencial,Masculino,Branca,0.8390765735846782
CAND_02201,8.4,45.0,Mestrado,Capitais,Híbrido,Feminino,Preta,0.3850505583128342
CAND_02202,2.8,52.0,Doutorado,Região Metropolitana,Remoto,Feminino,Branca,0.5759739204690216
CAND_02203,4.5,74.0,Bacharelado,Capitais,Remoto,Feminino,Branca,0.5780177675523244
CAND_02204,7.3,47.0,Bacharelado,Região Metropolitana,Híbrido,Masculino,Branca,0.9871078122311925
CAND_02205,7.0,48.0,Mestrado,Capitais,Presencial,Masculino,Amarela,0.602634202870401
CAND_02206,4.1,68.0,Bacharelado,Capitais,Remoto,Masculino,Branca,0.908018091373876
CAND_02207,6.9,69.0,Bacharelado,Região Metropolitana,Remoto,Masculino,Branca,0.9238604925261453
CAND_02208,7.2,38.0,Bacharelado,Região Metropolitana,Presencial,Feminino,Branca,0.4510285694730481
CAND_02209,5.6,55.0,Bacharelado,Capitais,Híbrido,Feminino,Branca,0.6531721996462356
CAND_02210,4.4,49.0,Bacharelado,Capitais,Remoto,Masculino,Branca,0.9210531208324683
CAND_02211,10.6,32.0,Bacharelado,Capitais,Híbrido,Feminino,Branca,0.5636281292277984
CAND_02212,0.0,65.0,Ensino Médio,Região Metropolitana,Remoto,Masculino,Branca,0.8574553314215402
CAND_02213,2.1,76.0,Ensino Médio,Capitais,Presencial,Masculino,Branca,0.9986738514196889
CAND_02214,8.8,56.0,Doutorado,Região Metropolitana,Híbrido,Masculino,Branca,1.0
CAND_02215,5.7,56.0,Ensino Médio,Capitais,Híbrido,Feminino,Branca,0.5316650938648791
CAND_02216,4.1,71.0,Bacharelado,Capitais,Remoto,Masculino,Parda,1.0
CAND_02217,5.9,30.0,Bacharelado,Região Metropolitana,Híbrido,Masculino,Amarela,0.2025731854844982
CAND_02218,2.9,47.0,Bacharelado,Capitais,Híbrido,Feminino,Branca,0.5539006624263351
CAND_02219,6.8,47.0,Mestrado,Capitais,Presencial,Feminino,Branca,0.6989428752102642
CAND_02220,5.3,72.0,Mestrado,Região Metropolitana,Híbrido,Masculino,Branca,0.9445344721133951
CAND_02221,7.0,65.0,Mestrado,Região Metropolitana,Híbrido,Masculino,Branca,1.0
CAND_02222,3.5,44.0,Ensino Médio,Capitais,Híbrido,Masculino,Amarela,0.5139753152766416
CAND_02223,6.4,55.0,Bacharelado,Capitais,Remoto,Masculino,Preta,0.26150291891103217
CAND_02224,5.8,37.0,Bacharelado,Capitais,Híbrido,Masculino,Branca,0.8910602145868118
CAND_02225,4.4,32.0,Mestrado,Capitais,Presencial,Feminino,Indígena,0.22905848116790029
CAND_02226,8.2,37.0,Doutorado,Capitais,Presencial,Feminino,Preta,0.032665493998866535
CAND_02227,6.1,43.0,Mestrado,Capitais,Remoto,Masculino,Branca,0.9818021957571352
CAND_02228,3.8,44.0,Ensino Médio,Região Metropolitana,Híbrido,Feminino,Parda,0.33248637538974884
CAND_02229,5.1,31.0,Bacharelado,Região Metropolitana,Híbrido,Feminino,Branca,0.29387552622872726
CAND_02230,4.4,48.0,Bacharelado,Capitais,Híbrido,Masculino,Parda,0.814053210473751
CAND_02231,6.1,74.0,Bacharelado,Capitais,Presencial,Masculino,Parda,0.7127767928459747
CAND_02232,11.8,36.0,Bacharelado,Região Metropolitana,Híbrido,Masculino,Branca,0.8761657184716761
CAND_02233,5.0,66.0,Bacharelado,Capitais,Presencial,Masculino,Amarela,0.5505970238681299
CAND_02234,10.7,47.0,Mestrado,Capitais,Remoto,Feminino,Branca,0.5796848869099702
CAND_02235,9.9,72.0,Bacharelado,Região Metropolitana,Híbrido,Feminino,Parda,0.4648436235012236
CAND_02236,4.8,36.0,Bacharelado,Capitais,Híbrido,Masculino,Indígena,0.4951161627986493
CAND_02237,5.1,59.0,Mestrado,Capitais,Remoto,Masculino,Amarela,0.759801979520439
CAND_02238,7.8,40.0,Ensino Médio,Região Metropolitana,Híbrido,Masculino,Branca,0.743875438248148
CAND_02239,4.7,60.0,Doutorado,Capitais,Híbrido,Masculino,Branca,1.0
CAND_02240,0.0,58.0,Bacharelado,Região Metropolitana,Presencial,Masculino,Branca,0.7136758951105506
CAND_02241,5.3,46.0,Ensino Médio,Capitais,Híbrido,Masculino,Branca,0.8449923414112175
CAND_02242,5.3,46.0,Bacharelado,Região Metropolitana,Remoto,Masculino,Branca,1.0
CAND_02243,5.9,68.0,Bacharelado,Região Metropolitana,Híbrido,Feminino,Amarela,0.1731707857661301
CAND_02244,6.7,81.0,Mestrado,Capitais,Remoto,Masculino,Branca,1.0
CAND_02245,2.4,64.0,Mestrado,Região Metropolitana,Híbrido,Masculino,Preta,0.19933298016972523
CAND_02246,4.5,58.0,Bacharelado,Região Metropolitana,Híbrido,Masculino,Branca,1.0
CAND_02247,2.9,56.0,Doutorado,Capitais,Híbrido,Masculino,Amarela,0.6579549976841509
CAND_02248,4.1,53.0,Mestrado,Capitais,Híbrido,Feminino,Branca,0.5795873244395275
CAND_02249,2.2,22.0,Doutorado,Capitais,Híbrido,Masculino,Parda,0.9515931219087952
CAND_02250,7.5,53.0,Bacharelado,Capitais,Presencial,Não-binário,Indígena,0.1833063129597406
CAND_02251,0.0,75.0,Bacharelado,Interior,Presencial,Feminino,Branca,0.31964579882076233
CAND_02252,6.5,33.0,Ensino Médio,Região Metropolitana,Híbrido,Masculino,Branca,0.7946806504262318
CAND_02253,5.9,41.0,Bacharelado,Capitais,Remoto,Masculino,Amarela,0.4643633022105258
CAND_02254,1.9,52.0,Doutorado,Capitais,Remoto,Feminino,Branca,0.5227583209412021
CAND_02255,6.2,54.0,Bacharelado,Capitais,Presencial,Feminino,Branca,0.6054291332599905
CAND_02256,7.0,29.0,Doutorado,Capitais,Remoto,Feminino,Branca,0.593755326553602
CAND_02257,6.7,68.0,Mestrado,Região Metropolitana,Híbrido,Feminino,Branca,0.6487174000332071
CAND_02258,2.4,43.0,Ensino Médio,Capitais,Híbrido,Masculino,Amarela,0.38274149906214533
CAND_02259,0.0,43.0,Bacharelado,Capitais,Híbrido,Masculino,Preta,0.22736723895939193
CAND_02260,6.9,37.0,Mestrado,Capitais,Remoto,Masculino,Branca,1.0
CAND_02261,1.0,38.0,Bacharelado,Capitais,Híbrido,Feminino,Branca,0.4576155701307137
CAND_02262,2.8,51.0,Mestrado,Capitais,Híbrido,Masculino,Branca,0.8567868042276853
CAND_02263,1.2,43.0,Bacharelado,Interior,Presencial,Masculino,Amarela,0.06974681832638248
CAND_02264,4.0,57.0,Bacharelado,Região Metropolitana,Presencial,Masculino,Parda,0.7744383251591217
CAND_02265,4.4,28.0,Doutorado,Capitais,Híbrido,Feminino,Branca,0.5781480715881024
CAND_02266,0.0,50.0,Bacharelado,Capitais,Presencial,Masculino,Branca,1.0
CAND_02267,7.1,50.0,Doutorado,Capitais,Híbrido,Masculino,Amarela,0.6006265284350125
CAND_02268,5.2,49.0,Bacharelado,Capitais,Híbrido,Masculino,Preta,0.6659762246319274
CAND_02269,5.6,30.0,Bacharelado,Capitais,Híbrido,Masculino,Indígena,0.6375121919680384
CAND_02270,4.7,53.0,Bacharelado,Capitais,Presencial,Feminino,Amarela,0.17125655192348904
CAND_02271,6.0,13.0,Mestrado,Capitais,Remoto,Feminino,Branca,0.41866287049464146
CAND_02272,6.0,45.0,Mestrado,Capitais,Presencial,Masculino,Branca,1.0
CAND_02273,4.0,60.0,Bacharelado,Região Metropolitana,Híbrido,Masculino,Branca,1.0
CAND_02274,9.0,47.0,Bacharelado,Capitais,Híbrido,Não-binário,Branca,0.4466718441382519
CAND_02275,4.3,43.0,Bacharelado,Capitais,Híbrido,Feminino,Branca,0.541807935409009
CAND_02276,2.6,60.0,Bacharelado,Capitais,Remoto,Masculino,Indígena,0.6154158503310104
CAND_02277,6.7,38.0,Bacharelado,Capitais,Híbrido,Masculino,Branca,0.9759292327506695
CAND_02278,11.1,62.0,Doutorado,Capitais,Presencial,Masculino,Parda,0.991799904731846
CAND_02279,3.8,54.0,Bacharelado,Região Metropolitana,Presencial,Masculino,Preta,0.46771514265171815
CAND_02280,2.9,34.0,Bacharelado,Capitais,Híbrido,Feminino,Branca,0.4683192654064815
CAND_02281,0.8,34.0,Doutorado,Região Metropolitana,Remoto,Masculino,Branca,0.801183955636522
CAND_02282,4.4,52.0,Bacharelado,Capitais,Híbrido,Feminino,Branca,0.6905798665243534
CAND_02283,1.6,78.0,Bacharelado,Capitais,Híbrido,Feminino,Branca,0.7374067463169711
CAND_02284,5.9,64.0,Bacharelado,Capitais,Presencial,Feminino,Branca,0.6180258920983828
CAND_02285,4.0,61.0,Bacharelado,Capitais,Híbrido,Masculino,Branca,1.0
CAND_02286,0.0,49.0,Bacharelado,Capitais,Remoto,Masculino,Branca,0.8939201255227871
CAND_02287,4.1,49.0,Bacharelado,Capitais,Remoto,Masculino,Parda,1.0
CAND_02288,2.6,43.0,Mestrado,Capitais,Presencial,Masculino,Branca,1.0
CAND_02289,6.8,62.0,Bacharelado,Capitais,Híbrido,Masculino,Indígena,0.9115682338730606
CAND_02290,4.2,45.0,Mestrado,Capitais,Presencial,Masculino,Amarela,0.4156678447869204
CAND_02291,3.0,70.0,Mestrado,Interior,Presencial,Masculino,Branca,0.824994572529309
CAND_02292,7.8,41.0,Bacharelado,Capitais,Presencial,Feminino,Branca,0.5350857019792301
CAND_02293,2.4,77.0,Bacharelado,Região Metropolitana,Presencial,Masculino,Parda,0.8804511179234186
CAND_02294,4.0,40.0,Doutorado,Capitais,Híbrido,Feminino,Preta,0.07969885539992011
CAND_02295,3.2,44.0,Bacharelado,Capitais,Presencial,Masculino,Preta,0.26029669567177277
CAND_02296,9.5,59.0,Mestrado,Capitais,Remoto,Feminino,Branca,0.6279782116176893
CAND_02297,2.1,65.0,Mestrado,Capitais,Remoto,Masculino,Branca,0.9699813231853297
CAND_02298,5.9,69.0,Doutorado,Interior,Remoto,Feminino,Preta,0.0
CAND_02299,1.9,33.0,Bacharelado,Região Metropolitana,Híbrido,Não-binário,Branca,0.0448871233366922
CAND_02300,0.0,41.0,Bacharelado,Capitais,Híbrido,Masculino,Branca,0.7014153025966542
CAND_02301,0.0,60.0,Bacharelado,Capitais,Presencial,Masculino,Branca,1.0
CAND_02302,0.0,42.0,Ensino Médio,Capitais,Presencial,Feminino,Branca,0.2867878511784931
CAND_02303,4.1,60.0,Bacharelado,Capitais,Híbrido,Masculino,Indígena,0.6683676071710747
CAND_02304,5.2,54.0,Bacharelado,Interior,Híbrido,Feminino,Preta,0.0
CAND_02305,6.8,72.0,Mestrado,Região Metropolitana,Presencial,Feminino,Indígena,0.4486929470497416
CAND_02306,4.3,72.0,Bacharelado,Capitais,Remoto,Feminino,Branca,0.640107018220216
CAND_02307,3.9,71.0,Doutorado,Região Metropolitana,Remoto,Masculino,Branca,1.0
CAND_02308,10.8,51.0,Bacharelado,Capitais,Presencial,Feminino,Preta,0.14949361837074315
CAND_02309,1.0,48.0,Mestrado,Capitais,Presencial,Feminino,Parda,0.3011865425657383
CAND_02310,4.3,49.0,Ensino Médio,Capitais,Híbrido,Masculino,Parda,0.8719518111736297
CAND_02311,5.9,33.0,Mestrado,Capitais,Remoto,Masculino,Indígena,0.5501162665319371
CAND_02312,10.0,45.0,Bacharelado,Capitais,Remoto,Feminino,Branca,0.5977404820631415
CAND_02313,3.1,60.0,Bacharelado,Capitais,Híbrido,Masculino,Amarela,0.43760734319614836
CAND_02314,2.9,43.0,Bacharelado,Região Metropolitana,Híbrido,Feminino,Branca,0.29669972750929596
CAND_02315,3.5,49.0,Bacharelado,Capitais,Presencial,Masculino,Branca,1.0
CAND_02316,5.3,25.0,Bacharelado,Capitais,Híbrido,Masculino,Amarela,0.2812858478266157
CAND_02317,9.6,66.0,Bacharelado,Capitais,Remoto,Masculino,Branca,1.0
CAND_02318,4.9,62.0,Bacharelado,Região Metropolitana,Presencial,Masculino,Amarela,0.2940293112358089
CAND_02319,3.5,78.0,Bacharelado,Região Metropolitana,Híbrido,Masculino,Branca,1.0
CAND_02320,3.3,64.0,Mestrado,Capitais,Presencial,Não-binário,Branca,0.6919394755193409
CAND_02321,5.4,61.0,Bacharelado,Capitais,Híbrido,Feminino,Branca,0.6317870673540145
CAND_02322,7.8,51.0,Mestrado,Interior,Presencial,Masculino,Amarela,0.37453141481297636
CAND_02323,3.0,26.0,Mestrado,Região Metropolitana,Remoto,Feminino,Branca,0.251264484072238
CAND_02324,5.8,21.0,Bacharelado,Interior,Híbrido,Masculino,Branca,0.4852292546959939
CAND_02325,5.9,77.0,Bacharelado,Capitais,Presencial,Masculino,Parda,0.9596678168609281
CAND_02326,6.3,58.0,Mestrado,Interior,Remoto,Masculino,Branca,0.7574915003977815
CAND_02327,2.4,48.0,Mestrado,Região Metropolitana,Presencial,Masculino,Branca,0.7224091132629373
CAND_02328,10.3,29.0,Bacharelado,Região Metropolitana,Híbrido,Masculino,Preta,0.4593593007138612
CAND_02329,8.2,59.0,Mestrado,Capitais,Remoto,Masculino,Branca,1.0
CAND_02330,5.8,63.0,Doutorado,Capitais,Presencial,Masculino,Branca,1.0
CAND_02331,5.7,64.0,Bacharelado,Região Metropolitana,Presencial,Feminino,Parda,0.3094275286164574
CAND_02332,5.3,63.0,Mestrado,Capitais,Híbrido,Não-binário,Branca,0.6242479706093069
CAND_02333,8.4,68.0,Ensino Médio,Capitais,Remoto,Feminino,Preta,0.33533278425511426
CAND_02334,10.6,46.0,Mestrado,Capitais,Híbrido,Masculino,Parda,0.9508285101024048
CAND_02335,7.8,42.0,Doutorado,Capitais,Remoto,Feminino,Preta,0.25656976798488473
CAND_02336,6.4,54.0,Mestrado,Capitais,Híbrido,Não-binário,Branca,0.6935101175372839
CAND_02337,4.0,39.0,Bacharelado,Capitais,Híbrido,Masculino,Branca,1.0
CAND_02338,6.6,54.0,Mestrado,Capitais,Presencial,Masculino,Branca,0.9937815423792725
CAND_02339,0.0,28.0,Bacharelado,Capitais,Remoto,Masculino,Preta,0.03493484182865603
CAND_02340,0.1,49.0,Bacharelado,Região Metropolitana,Remoto,Masculino,Branca,0.6846841978512042
CAND_02341,5.7,62.0,Bacharelado,Região Metropolitana,Presencial,Masculino,Branca,0.906927336614518
CAND_02342,4.5,70.0,Bacharelado,Interior,Remoto,Feminino,Indígena,0.0
CAND_02343,4.4,54.0,Mestrado,Capitais,Remoto,Masculino,Amarela,0.511961912824739
CAND_02344,6.7,58.0,Bacharelado,Capitais,Presencial,Masculino,Parda,0.99399368804687
CAND_02345,2.3,51.0,Bacharelado,Capitais,Presencial,Masculino,Branca,0.9062608751719416
CAND_02346,0.7,63.0,Bacharelado,Capitais,Presencial,Feminino,Preta,0.0
CAND_02347,5.9,49.0,Ensino Médio,Capitais,Remoto,Masculino,Branca,1.0
CAND_02348,3.5,60.0,Mestrado,Região Metropolitana,Híbrido,Feminino,Indígena,0.10087235445303186
CAND_02349,5.9,35.0,Bacharelado,Interior,Remoto,Masculino,Indígena,0.3267097240638787
CAND_02350,4.0,35.0,Bacharelado,Região Metropolitana,Remoto,Feminino,Parda,0.20291964921772956
CAND_02351,1.7,54.0,Bacharelado,Capitais,Híbrido,Masculino,Indígena,0.6690299985327762
CAND_02352,3.6,57.0,Ensino Médio,Capitais,Híbrido,Masculino,Branca,1.0
CAND_02353,3.3,38.0,Mestrado,Capitais,Híbrido,Masculino,Amarela,0.48093594003652124
CAND_02354,7.6,55.0,Bacharelado,Capitais,Híbrido,Feminino,Branca,0.6893329933013802
CAND_02355,4.7,37.0,Bacharelado,Interior,Híbrido,Feminino,Amarela,0.0
CAND_02356,6.9,45.0,Mestrado,Região Metropolitana,Híbrido,Masculino,Branca,0.9646717070527083
CAND_02357,7.6,60.0,Ensino Médio,Capitais,Presencial,Masculino,Preta,0.7727855494031852
CAND_02358,1.5,54.0,Bacharelado,Interior,Híbrido,Feminino,Preta,0.0
CAND_02359,5.6,26.0,Bacharelado,Capitais,Presencial,Feminino,Branca,0.6439350883807632
CAND_02360,7.3,69.0,Bacharelado,Região Metropolitana,Remoto,Masculino,Branca,1.0
CAND_02361,4.1,45.0,Bacharelado,Capitais,Híbrido,Masculino,Branca,1.0
CAND_02362,5.1,25.0,Bacharelado,Capitais,Presencial,Feminino,Preta,0.007404182280394883
CAND_02363,1.0,57.0,Ensino Médio,Capitais,Remoto,Masculino,Indígena,0.514467780680395
CAND_02364,5.5,55.0,Mestrado,Capitais,Híbrido,Feminino,Branca,0.7163209682305582
CAND_02365,1.4,37.0,Mestrado,Capitais,Presencial,Masculino,Branca,0.9941981086019017
CAND_02366,3.8,49.0,Mestrado,Capitais,Presencial,Masculino,Branca,0.9279452377819309
CAND_02367,4.3,70.0,Bacharelado,Capitais,Híbrido,Masculino,Branca,1.0
CAND_02368,7.5,59.0,Ensino Médio,Capitais,Presencial,Masculino,Branca,0.876155381305965
CAND_02369,5.2,77.0,Ensino Médio,Capitais,Híbrido,Feminino,Branca,0.624822322817433
CAND_02370,7.3,56.0,Bacharelado,Capitais,Remoto,Feminino,Preta,0.21848513910676398
CAND_02371,7.1,53.0,Bacharelado,Região Metropolitana,Híbrido,Feminino,Branca,0.655520183329217
CAND_02372,3.4,71.0,Bacharelado,Região Metropolitana,Presencial,Feminino,Branca,0.5604907481044438
CAND_02373,9.3,39.0,Ensino Médio,Capitais,Remoto,Masculino,Parda,0.584284243944822
CAND_02374,3.6,48.0,Bacharelado,Capitais,Presencial,Masculino,Preta,0.42154699270586543
CAND_02375,3.7,62.0,Bacharelado,Capitais,Presencial,Masculino,Branca,0.938168347711525
CAND_02376,3.2,52.0,Mestrado,Região Metropolitana,Híbrido,Feminino,Parda,0.4702202498075895
CAND_02377,0.0,65.0,Ensino Médio,Capitais,Híbrido,Feminino,Branca,0.4343419361495145
CAND_02378,7.5,51.0,Doutorado,Capitais,Híbrido,Masculino,Branca,1.0
CAND_02379,2.6,62.0,Bacharelado,Capitais,Presencial,Feminino,Indígena,0.2537621746444362
CAND_02380,1.4,38.0,Mestrado,Capitais,Remoto,Feminino,Branca,0.4653908304668193
CAND_02381,0.0,49.0,Mestrado,Interior,Híbrido,Masculino,Branca,0.41867714282139784
CAND_02382,1.3,40.0,Bacharelado,Capitais,Remoto,Feminino,Branca,0.4874314979189131
CAND_02383,6.8,43.0,Ensino Médio,Região Metropolitana,Remoto,Feminino,Preta,0.008155980714120964
CAND_02384,2.7,22.0,Bacharelado,Capitais,Híbrido,Feminino,Branca,0.5481224351063118
CAND_02385,7.1,43.0,Mestrado,Interior,Híbrido,Masculino,Indígena,0.4322708968705004
CAND_02386,4.3,59.0,Mestrado,Capitais,Presencial,Masculino,Branca,1.0
CAND_02387,7.6,33.0,Doutorado,Capitais,Híbrido,Feminino,Branca,0.35375806757450773
CAND_02388,7.4,29.0,Bacharelado,Capitais,Remoto,Feminino,Branca,0.5846420086377628
CAND_02389,3.5,39.0,Ensino Médio,Capitais,Híbrido,Masculino,Preta,0.2972262414619208
CAND_02390,7.6,28.0,Doutorado,Capitais,Remoto,Feminino,Amarela,0.3252613394070145
CAND_02391,4.3,70.0,Mestrado,Capitais,Presencial,Feminino,Branca,0.5825883420873517
CAND_02392,0.4,43.0,Bacharelado,Capitais,Remoto,Masculino,Branca,0.9845282966928505
CAND_02393,6.0,69.0,Mestrado,Região Metropolitana,Híbrido,Masculino,Branca,1.0
CAND_02394,2.4,53.0,Ensino Médio,Capitais,Presencial,Feminino,Branca,0.3839365977417637
CAND_02395,0.0,51.0,Bacharelado,Capitais,Híbrido,Feminino,Branca,0.5280528585491895
CAND_02396,7.6,44.0,Bacharelado,Capitais,Híbrido,Masculino,Branca,1.0
CAND_02397,3.9,38.0,Ensino Médio,Capitais,Híbrido,Masculino,Parda,0.8672208329286122
CAND_02398,2.3,19.0,Doutorado,Capitais,Presencial,Masculino,Parda,0.7538105446777451
CAND_02399,1.1,48.0,Bacharelado,Capitais,Remoto,Feminino,Branca,0.29153136087379455
CAND_02400,5.0,48.0,Bacharelado,Capitais,Remoto,Masculino,Amarela,0.5863290794802792
CAND_02401,7.4,61.0,Doutorado,Capitais,Presencial,Masculino,Parda,1.0
CAND_02402,5.2,50.0,Bacharelado,Região Metropolitana,Híbrido,Feminino,Preta,0.0
CAND_02403,7.1,48.0,Mestrado,Região Metropolitana,Remoto,Não-binário,Preta,0.010219474915240001
CAND_02404,0.6,53.0,Ensino Médio,Capitais,Híbrido,Masculino,Branca,0.9003192626342159
CAND_02405,3.6,55.0,Bacharelado,Capitais,Híbrido,Masculino,Branca,1.0
CAND_02406,2.2,44.0,Bacharelado,Capitais,Híbrido,Masculino,Branca,0.9011389613553688
CAND_02407,0.5,52.0,Bacharelado,Capitais,Presencial,Feminino,Preta,0.0
CAND_02408,2.2,44.0,Bacharelado,Capitais,Presencial,Masculino,Branca,0.8370202602490897
CAND_02409,4.9,28.0,Bacharelado,Região Metropolitana,Remoto,Masculino,Branca,0.767006576855354
CAND_02410,2.6,43.0,Bacharelado,Capitais,Presencial,Masculino,Branca,0.982058109450122
CAND_02411,2.4,56.0,Bacharelado,Interior,Híbrido,Masculino,Branca,0.5633123400086225
CAND_02412,6.0,58.0,Mestrado,Região Metropolitana,Remoto,Feminino,Amarela,0.10104456214361122
CAND_02413,10.7,72.0,Bacharelado,Capitais,Remoto,Masculino,Indígena,1.0
CAND_02414,2.1,62.0,Bacharelado,Capitais,Híbrido,Masculino,Indígena,0.8067285467951383
CAND_02415,6.7,50.0,Ensino Médio,Capitais,Híbrido,Masculino,Branca,1.0
CAND_02416,3.0,31.0,Bacharelado,Capitais,Presencial,Masculino,Branca,0.8566429925812217
CAND_02417,12.0,63.0,Bacharelado,Região Metropolitana,Presencial,Masculino,Branca,0.9484103543459069
CAND_02418,6.5,81.0,Bacharelado,Capitais,Híbrido,Feminino,Branca,0.6212627833991853
CAND_02419,1.4,44.0,Mestrado,Capitais,Híbrido,Masculino,Preta,0.5119545199742602
CAND_02420,9.1,48.0,Bacharelado,Interior,Remoto,Masculino,Parda,0.565879200411916
CAND_02421,8.0,54.0,Bacharelado,Capitais,Presencial,Masculino,Preta,0.38985664730277847
CAND_02422,6.8,37.0,Doutorado,Capitais,Híbrido,Masculino,Branca,1.0
CAND_02423,6.0,45.0,Ensino Médio,Capitais,Híbrido,Feminino,Branca,0.5237863476792746
CAND_02424,7.4,55.0,Bacharelado,Capitais,Híbrido,Feminino,Amarela,0.13658909071822067
CAND_02425,2.9,74.0,Mestrado,Região Metropolitana,Presencial,Masculino,Amarela,0.40291737349625634
CAND_02426,3.1,34.0,Mestrado,Capitais,Híbrido,Masculino,Preta,0.32700524272747833
CAND_02427,2.8,36.0,Bacharelado,Capitais,Híbrido,Masculino,Parda,0.7691814916718105
CAND_02428,7.3,51.0,Doutorado,Região Metropolitana,Presencial,Feminino,Branca,0.7470975807543396
CAND_02429,3.9,42.0,Mestrado,Capitais,Presencial,Masculino,Parda,0.7388169644166892
CAND_02430,0.9,41.0,Bacharelado,Capitais,Remoto,Masculino,Parda,0.7281880475012549
CAND_02431,7.3,41.0,Bacharelado,Interior,Híbrido,Masculino,Branca,0.7012057916136066
CAND_02432,5.9,34.0,Bacharelado,Capitais,Presencial,Feminino,Preta,0.0
CAND_02433,3.4,62.0,Bacharelado,Capitais,Remoto,Masculino,Branca,1.0
CAND_02434,5.9,40.0,Bacharelado,Capitais,Presencial,Masculino,Branca,0.9989883534587282
CAND_02435,10.4,55.0,Mestrado,Região Metropolitana,Presencial,Feminino,Branca,0.6933964795358271
CAND_02436,7.9,14.0,Mestrado,Região Metropolitana,Presencial,Masculino,Branca,0.8698222282918162
CAND_02437,3.7,76.0,Bacharelado,Capitais,Híbrido,Feminino,Branca,0.7644263322563395
CAND_02438,0.0,28.0,Bacharelado,Interior,Presencial,Feminino,Amarela,0.0
CAND_02439,4.9,47.0,Bacharelado,Interior,Híbrido,Feminino,Branca,0.364141303330943
CAND_02440,5.3,54.0,Bacharelado,Capitais,Híbrido,Feminino,Preta,0.1822037635416613
CAND_02441,0.0,45.0,Mestrado,Capitais,Remoto,Masculino,Branca,0.7793282440806709
CAND_02442,2.1,46.0,Bacharelado,Região Metropolitana,Presencial,Masculino,Amarela,0.14997067841650957
CAND_02443,2.1,31.0,Bacharelado,Capitais,Presencial,Feminino,Branca,0.5154768017028556
CAND_02444,2.6,56.0,Bacharelado,Capitais,Híbrido,Masculino,Amarela,0.46035465528381636
CAND_02445,9.1,38.0,Bacharelado,Capitais,Remoto,Feminino,Branca,0.4863313851106582
CAND_02446,0.0,58.0,Bacharelado,Região Metropolitana,Híbrido,Feminino,Branca,0.5011339066893025
CAND_02447,6.8,56.0,Bacharelado,Capitais,Híbrido,Feminino,Branca,0.5039596694417473
CAND_02448,6.3,60.0,Mestrado,Região Metropolitana,Híbrido,Masculino,Branca,0.9546052922236751
CAND_02449,10.3,46.0,Mestrado,Capitais,Presencial,Feminino,Amarela,0.20500606992358575
CAND_02450,11.4,47.0,Bacharelado,Região Metropolitana,Híbrido,Feminino,Amarela,0.2745482965471472
CAND_02451,3.7,50.0,Ensino Médio,Região Metropolitana,Presencial,Masculino,Branca,0.683117896405802
CAND_02452,4.8,88.0,Mestrado,Região Metropolitana,Presencial,Masculino,Branca,1.0
CAND_02453,7.8,51.0,Bacharelado,Capitais,Presencial,Masculino,Preta,0.3364646471451618
CAND_02454,4.8,60.0,Ensino Médio,Capitais,Híbrido,Masculino,Branca,1.0
CAND_02455,2.1,52.0,Mestrado,Capitais,Remoto,Masculino,Branca,1.0
CAND_02456,11.2,40.0,Bacharelado,Capitais,Presencial,Masculino,Branca,0.9828568187293033
CAND_02457,3.2,10.0,Ensino Médio,Capitais,Híbrido,Masculino,Branca,0.6157349138579903
CAND_02458,4.5,72.0,Mestrado,Capitais,Híbrido,Feminino,Branca,0.7546327443431399
CAND_02459,9.5,64.0,Mestrado,Capitais,Híbrido,Masculino,Preta,0.6018877704486212
CAND_02460,2.6,56.0,Bacharelado,Região Metropolitana,Presencial,Masculino,Branca,0.67060984597642
CAND_02461,5.4,89.0,Bacharelado,Capitais,Híbrido,Feminino,Preta,0.28795569089838263
CAND_02462,6.3,71.0,Bacharelado,Capitais,Presencial,Não-binário,Branca,0.5659646957651716
CAND_02463,8.3,31.0,Bacharelado,Capitais,Híbrido,Masculino,Branca,0.8658231949175197
CAND_02464,5.9,50.0,Bacharelado,Região Metropolitana,Híbrido,Não-binário,Amarela,0.0286725817502559
CAND_02465,0.3,61.0,Mestrado,Região Metropolitana,Remoto,Masculino,Branca,0.973202500371274
CAND_02466,6.0,65.0,Ensino Médio,Interior,Remoto,Masculino,Branca,0.6700427811332849
CAND_02467,1.3,53.0,Bacharelado,Região Metropolitana,Presencial,Masculino,Branca,0.8518639586220301
CAND_02468,4.8,45.0,Mestrado,Capitais,Híbrido,Masculino,Parda,0.9691621670300008
CAND_02469,2.7,34.0,Bacharelado,Região Metropolitana,Presencial,Masculino,Branca,0.7245093140933369
CAND_02470,3.8,61.0,Mestrado,Interior,Híbrido,Feminino,Branca,0.2240848905904629
CAND_02471,7.9,52.0,Bacharelado,Capitais,Remoto,Não-binário,Branca,0.44725107550357457
CAND_02472,1.5,33.0,Bacharelado,Capitais,Presencial,Masculino,Branca,0.8532989402432081
CAND_02473,10.5,74.0,Bacharelado,Capitais,Remoto,Feminino,Branca,0.7438907691159059
CAND_02474,6.8,56.0,Bacharelado,Região Metropolitana,Híbrido,Masculino,Branca,0.9311335445818899
CAND_02475,7.4,74.0,Bacharelado,Capitais,Presencial,Masculino,Amarela,0.8918359634474822
CAND_02476,1.6,38.0,Doutorado,Capitais,Híbrido,Masculino,Branca,1.0
CAND_02477,1.9,48.0,Ensino Médio,Região Metropolitana,Híbrido,Feminino,Amarela,0.0
CAND_02478,4.3,27.0,Mestrado,Região Metropolitana,Híbrido,Feminino,Preta,0.0
CAND_02479,6.7,35.0,Bacharelado,Capitais,Presencial,Masculino,Branca,0.9338526850267587
CAND_02480,0.8,44.0,Mestrado,Capitais,Híbrido,Masculino,Branca,0.8722669612143773
CAND_02481,1.9,74.0,Ensino Médio,Região Metropolitana,Híbrido,Masculino,Parda,0.7307541082521462
CAND_02482,8.3,37.0,Mestrado,Interior,Híbrido,Masculino,Indígena,0.5959180069138557
CAND_02483,8.7,54.0,Ensino Médio,Região Metropolitana,Híbrido,Masculino,Branca,0.5990238799904755
CAND_02484,3.7,18.0,Mestrado,Região Metropolitana,Remoto,Masculino,Branca,0.876582699122144
CAND_02485,5.5,28.0,Ensino Médio,Capitais,Presencial,Feminino,Preta,0.0
CAND_02486,0.0,85.0,Bacharelado,Região Metropolitana,Remoto,Masculino,Parda,0.9087744140142513
CAND_02487,3.6,57.0,Bacharelado,Capitais,Híbrido,Masculino,Preta,0.6675762164588638
CAND_02488,0.0,37.0,Ensino Médio,Região Metropolitana,Presencial,Feminino,Branca,0.2508491328918391
CAND_02489,3.9,30.0,Bacharelado,Capitais,Remoto,Feminino,Branca,0.4458164038708884
CAND_02490,8.4,42.0,Bacharelado,Capitais,Presencial,Feminino,Branca,0.6956631658969343
CAND_02491,7.8,56.0,Bacharelado,Região Metropolitana,Remoto,Masculino,Amarela,0.47352787345633857
CAND_02492,2.6,66.0,Ensino Médio,Capitais,Presencial,Feminino,Branca,0.5980348263605577
CAND_02493,3.2,42.0,Bacharelado,Capitais,Híbrido,Feminino,Branca,0.6327620129348646
CAND_02494,8.1,60.0,Mestrado,Região Metropolitana,Remoto,Feminino,Amarela,0.07624839156906973
CAND_02495,2.0,52.0,Mestrado,Região Metropolitana,Remoto,Não-binário,Indígena,0.015009429254987203
CAND_02496,0.8,28.0,Bacharelado,Capitais,Híbrido,Masculino,Preta,0.4104624807318638
CAND_02497,1.8,65.0,Bacharelado,Interior,Presencial,Masculino,Branca,0.51690285539858
CAND_02498,9.0,58.0,Mestrado,Capitais,Remoto,Masculino,Branca,1.0
CAND_02499,3.0,98.0,Doutorado,Capitais,Híbrido,Masculino,Parda,0.9718258039545502
CAND_02500,6.2,51.0,Bacharelado,Capitais,Presencial,Masculino,Branca,0.9609290731289427
CAND_02501,5.4,28.0,Bacharelado,Capitais,Presencial,Feminino,Branca,0.47519282156544496
CAND_02502,10.8,55.0,Bacharelado,Capitais,Remoto,Masculino,Amarela,0.5066339456794751
CAND_02503,6.0,42.0,Bacharelado,Capitais,Presencial,Masculino,Branca,0.9583497024193831
CAND_02504,6.8,35.0,Doutorado,Capitais,Remoto,Masculino,Branca,1.0
CAND_02505,4.7,40.0,Bacharelado,Região Metropolitana,Híbrido,Masculino,Branca,0.7727379945106482
CAND_02506,1.1,45.0,Bacharelado,Região Metropolitana,Remoto,Masculino,Branca,0.7482760528136033
CAND_02507,3.3,69.0,Ensino Médio,Capitais,Híbrido,Masculino,Branca,0.9970834571579793
CAND_02508,1.1,50.0,Ensino Médio,Capitais,Presencial,Masculino,Preta,0.39654856269027805
CAND_02509,8.0,30.0,Bacharelado,Capitais,Híbrido,Masculino,Branca,0.9215235087495167
CAND_02510,5.0,53.0,Bacharelado,Região Metropolitana,Presencial,Masculino,Branca,0.8300120854152767
CAND_02511,1.5,47.0,Bacharelado,Capitais,Remoto,Masculino,Indígena,0.7655281271687273
CAND_02512,1.3,57.0,Bacharelado,Região Metropolitana,Remoto,Feminino,Branca,0.43177009929168747
CAND_02513,8.4,59.0,Bacharelado,Região Metropolitana,Híbrido,Masculino,Preta,0.432420423385529
CAND_02514,7.5,78.0,Bacharelado,Capitais,Híbrido,Masculino,Parda,1.0
CAND_02515,6.7,46.0,Bacharelado,Capitais,Presencial,Masculino,Branca,0.8738492194394867
CAND_02516,0.6,53.0,Bacharelado,Região Metropolitana,Presencial,Feminino,Amarela,0.11736728890679812
CAND_02517,1.8,44.0,Mestrado,Capitais,Híbrido,Masculino,Preta,0.20505094182375597
CAND_02518,6.3,54.0,Mestrado,Capitais,Híbrido,Masculino,Branca,1.0
CAND_02519,5.6,47.0,Bacharelado,Região Metropolitana,Remoto,Feminino,Preta,0.08581265482691394
CAND_02520,8.2,54.0,Mestrado,Interior,Remoto,Masculino,Preta,0.2487168156651898
CAND_02521,0.7,46.0,Bacharelado,Capitais,Presencial,Feminino,Amarela,0.11752096866405663
CAND_02522,1.5,45.0,Mestrado,Região Metropolitana,Presencial,Masculino,Preta,0.24614769250924332
CAND_02523,0.8,43.0,Ensino Médio,Capitais,Presencial,Feminino,Preta,0.0
CAND_02524,3.0,25.0,Bacharelado,Capitais,Remoto,Masculino,Branca,0.9485884901734287
CAND_02525,9.6,67.0,Bacharelado,Capitais,Remoto,Masculino,Branca,1.0
CAND_02526,6.2,47.0,Bacharelado,Capitais,Presencial,Masculino,Branca,1.0
CAND_02527,0.7,64.0,Bacharelado,Capitais,Remoto,Feminino,Parda,0.4974131510980928
CAND_02528,0.6,19.0,Bacharelado,Capitais,Híbrido,Masculino,Branca,0.8376019208226644
CAND_02529,3.2,36.0,Bacharelado,Capitais,Híbrido,Masculino,Branca,0.8284642330759963
CAND_02530,2.5,29.0,Bacharelado,Região Metropolitana,Presencial,Feminino,Amarela,0.0
CAND_02531,7.9,38.0,Mestrado,Capitais,Remoto,Masculino,Branca,1.0
CAND_02532,6.4,71.0,Doutorado,Capitais,Híbrido,Masculino,Branca,1.0
CAND_02533,5.7,48.0,Bacharelado,Capitais,Presencial,Masculino,Parda,0.8779517237704095
CAND_02534,2.1,49.0,Bacharelado,Região Metropolitana,Remoto,Masculino,Branca,0.8203811139458097
CAND_02535,5.5,46.0,Bacharelado,Interior,Híbrido,Masculino,Branca,0.6578285965555835
CAND_02536,6.0,52.0,Mestrado,Capitais,Presencial,Masculino,Branca,1.0
CAND_02537,7.1,57.0,Mestrado,Capitais,Remoto,Feminino,Indígena,0.5045369549299386
CAND_02538,13.3,55.0,Bacharelado,Capitais,Presencial,Masculino,Branca,1.0
CAND_02539,7.0,47.0,Bacharelado,Região Metropolitana,Híbrido,Feminino,Branca,0.2727983414791181
CAND_02540,0.8,57.0,Bacharelado,Capitais,Remoto,Masculino,Branca,0.8958207795821055
CAND_02541,7.8,44.0,Bacharelado,Capitais,Híbrido,Feminino,Branca,0.4969527272975608
CAND_02542,4.4,62.0,Bacharelado,Capitais,Remoto,Masculino,Preta,0.5223279766280954
CAND_02543,5.2,37.0,Bacharelado,Capitais,Remoto,Feminino,Branca,0.5357088873699555
CAND_02544,8.3,53.0,Bacharelado,Capitais,Híbrido,Masculino,Branca,1.0
CAND_02545,9.4,56.0,Bacharelado,Interior,Híbrido,Masculino,Amarela,0.6257393547312692
CAND_02546,7.9,27.0,Bacharelado,Capitais,Híbrido,Masculino,Branca,1.0
CAND_02547,3.8,44.0,Bacharelado,Capitais,Presencial,Masculino,Preta,0.427596034151786
CAND_02548,3.5,60.0,Mestrado,Região Metropolitana,Híbrido,Feminino,Branca,0.5689975878689723
CAND_02549,9.7,38.0,Bacharelado,Capitais,Híbrido,Feminino,Branca,0.6786409327992778
CAND_02550,0.0,41.0,Bacharelado,Capitais,Híbrido,Masculino,Preta,0.2889346275487327
CAND_02551,5.5,70.0,Bacharelado,Interior,Presencial,Masculino,Branca,0.7498184639438538
CAND_02552,0.0,37.0,Mestrado,Capitais,Presencial,Masculino,Branca,0.8055600046556882
CAND_02553,7.1,55.0,Bacharelado,Capitais,Híbrido,Feminino,Preta,0.11330083069656942
CAND_02554,7.4,27.0,Mestrado,Capitais,Híbrido,Masculino,Parda,0.8369262561507887
CAND_02555,10.4,30.0,Mestrado,Capitais,Híbrido,Masculino,Indígena,0.8315778387008206
CAND_02556,6.2,35.0,Mestrado,Capitais,Presencial,Masculino,Preta,0.44287125169210506
CAND_02557,3.2,91.0,Ensino Médio,Interior,Híbrido,Masculino,Branca,0.6815663050603612
CAND_02558,9.1,50.0,Bacharelado,Região Metropolitana,Remoto,Masculino,Preta,0.49320721079019053
CAND_02559,2.9,34.0,Bacharelado,Região Metropolitana,Híbrido,Feminino,Parda,0.1579031604766169
CAND_02560,5.9,49.0,Bacharelado,Interior,Remoto,Masculino,Preta,0.4056706186061484
CAND_02561,14.3,46.0,Bacharelado,Região Metropolitana,Remoto,Masculino,Branca,1.0
CAND_02562,3.2,48.0,Doutorado,Região Metropolitana,Híbrido,Feminino,Branca,0.44623994376094805
CAND_02563,7.8,48.0,Bacharelado,Capitais,Híbrido,Masculino,Branca,1.0
CAND_02564,2.9,37.0,Bacharelado,Região Metropolitana,Híbrido,Feminino,Branca,0.21286180419166767
CAND_02565,1.5,98.0,Bacharelado,Região Metropolitana,Híbrido,Masculino,Branca,1.0
CAND_02566,5.8,63.0,Bacharelado,Capitais,Híbrido,Feminino,Parda,0.5672247082882831
CAND_02567,4.4,37.0,Mestrado,Região Metropolitana,Presencial,Masculino,Parda,0.8035769965500775
CAND_02568,2.5,70.0,Mestrado,Capitais,Híbrido,Masculino,Branca,0.975311010645354
CAND_02569,3.2,56.0,Bacharelado,Capitais,Remoto,Masculino,Branca,0.972704581910543
CAND_02570,9.3,51.0,Mestrado,Capitais,Presencial,Masculino,Branca,1.0
CAND_02571,4.9,62.0,Bacharelado,Região Metropolitana,Híbrido,Masculino,Branca,0.8117961924285801
CAND_02572,6.8,56.0,Bacharelado,Capitais,Híbrido,Masculino,Preta,0.4471146181780371
CAND_02573,7.0,38.0,Bacharelado,Capitais,Presencial,Masculino,Branca,1.0
CAND_02574,9.3,54.0,Mestrado,Capitais,Presencial,Feminino,Parda,0.5784183498115278
CAND_02575,3.4,61.0,Bacharelado,Região Metropolitana,Presencial,Masculino,Branca,0.7331508830817071
CAND_02576,7.8,40.0,Mestrado,Capitais,Híbrido,Masculino,Branca,1.0
CAND_02577,1.1,51.0,Bacharelado,Capitais,Remoto,Feminino,Branca,0.4866999152742027
CAND_02578,6.5,20.0,Mestrado,Interior,Presencial,Masculino,Branca,0.6449348025545991
CAND_02579,5.9,23.0,Mestrado,Capitais,Presencial,Masculino,Amarela,0.5843422521909866
CAND_02580,3.5,54.0,Bacharelado,Região Metropolitana,Híbrido,Masculino,Indígena,0.5071564334825038
CAND_02581,3.3,64.0,Bacharelado,Capitais,Presencial,Masculino,Amarela,0.6948245960096084
CAND_02582,8.9,45.0,Bacharelado,Capitais,Remoto,Feminino,Branca,0.5198482643211648
CAND_02583,6.8,67.0,Bacharelado,Capitais,Híbrido,Feminino,Amarela,0.27703490083962934
CAND_02584,0.8,89.0,Bacharelado,Capitais,Presencial,Feminino,Amarela,0.2723144974264718
CAND_02585,10.4,45.0,Bacharelado,Capitais,Remoto,Masculino,Branca,1.0
CAND_02586,7.7,43.0,Bacharelado,Capitais,Presencial,Masculino,Amarela,0.5651059603565993
CAND_02587,9.3,6.0,Bacharelado,Capitais,Presencial,Masculino,Branca,0.748789577355415
CAND_02588,5.4,61.0,Bacharelado,Interior,Remoto,Masculino,Branca,0.44954859774630934
CAND_02589,10.2,45.0,Bacharelado,Capitais,Presencial,Masculino,Branca,1.0
CAND_02590,10.1,67.0,Mestrado,Capitais,Remoto,Feminino,Branca,0.8755648341294862
CAND_02591,7.0,59.0,Bacharelado,Capitais,Presencial,Feminino,Branca,0.7624397376628466
CAND_02592,8.7,47.0,Doutorado,Região Metropolitana,Remoto,Masculino,Branca,0.9908518091030574
CAND_02593,7.6,51.0,Bacharelado,Capitais,Remoto,Feminino,Branca,0.5486074384970745
CAND_02594,4.7,55.0,Mestrado,Capitais,Remoto,Masculino,Preta,0.5679401747687504
CAND_02595,1.4,64.0,Bacharelado,Capitais,Remoto,Masculino,Branca,1.0
CAND_02596,3.3,57.0,Bacharelado,Região Metropolitana,Presencial,Feminino,Preta,0.0
CAND_02597,11.4,52.0,Bacharelado,Região Metropolitana,Presencial,Masculino,Branca,0.9903353641270511
CAND_02598,9.3,39.0,Bacharelado,Capitais,Híbrido,Masculino,Branca,1.0
CAND_02599,4.4,42.0,Bacharelado,Capitais,Híbrido,Masculino,Branca,0.7701156416509081
CAND_02600,6.6,34.0,Ensino Médio,Capitais,Presencial,Feminino,Branca,0.5139047626423443
CAND_02601,6.0,4.0,Bacharelado,Região Metropolitana,Híbrido,Masculino,Preta,0.18080616550798057
CAND_02602,5.9,48.0,Mestrado,Capitais,Híbrido,Feminino,Branca,0.704597420492589
CAND_02603,7.1,46.0,Bacharelado,Região Metropolitana,Remoto,Masculino,Branca,0.7633113944415274
CAND_02604,5.6,61.0,Mestrado,Capitais,Remoto,Masculino,Preta,0.36183083311205844
CAND_02605,4.2,28.0,Mestrado,Capitais,Presencial,Masculino,Preta,0.3836959299207277
CAND_02606,8.4,38.0,Bacharelado,Capitais,Híbrido,Feminino,Branca,0.4821583740647176
CAND_02607,5.3,63.0,Bacharelado,Capitais,Remoto,Feminino,Branca,0.6351881091798844
CAND_02608,0.5,40.0,Ensino Médio,Capitais,Híbrido,Masculino,Branca,0.7730041718282368
CAND_02609,2.1,72.0,Bacharelado,Capitais,Híbrido,Masculino,Preta,0.4848485828378401
CAND_02610,5.0,65.0,Mestrado,Interior,Presencial,Masculino,Indígena,0.5470645014002099
CAND_02611,6.1,75.0,Bacharelado,Capitais,Híbrido,Feminino,Branca,0.6061571375338431
CAND_02612,4.9,58.0,Mestrado,Capitais,Remoto,Feminino,Branca,0.6862084088449858
CAND_02613,10.2,67.0,Mestrado,Capitais,Remoto,Masculino,Branca,1.0
CAND_02614,6.7,58.0,Mestrado,Região Metropolitana,Híbrido,Feminino,Parda,0.5896767374960586
CAND_02615,4.4,41.0,Bacharelado,Capitais,Remoto,Masculino,Branca,0.9379623753857367
CAND_02616,1.7,37.0,Bacharelado,Capitais,Remoto,Feminino,Branca,0.3687402046003009
CAND_02617,0.9,75.0,Doutorado,Capitais,Remoto,Feminino,Branca,0.5416496260492485
CAND_02618,6.0,50.0,Bacharelado,Capitais,Híbrido,Masculino,Preta,0.5400937797845444
CAND_02619,2.6,49.0,Mestrado,Capitais,Presencial,Masculino,Branca,0.9096546192090932
CAND_02620,6.7,75.0,Bacharelado,Região Metropolitana,Remoto,Masculino,Branca,0.9937289951976435
CAND_02621,4.9,56.0,Bacharelado,Capitais,Híbrido,Não-binário,Branca,0.5556515891492576
CAND_02622,5.3,48.0,Mestrado,Capitais,Presencial,Masculino,Branca,0.8784396223440485
CAND_02623,2.5,38.0,Bacharelado,Interior,Remoto,Masculino,Parda,0.362850474938504
CAND_02624,1.4,60.0,Mestrado,Região Metropolitana,Híbrido,Masculino,Branca,0.9076124035133922
CAND_02625,9.1,51.0,Bacharelado,Capitais,Híbrido,Feminino,Branca,0.5727917333612155
CAND_02626,3.5,38.0,Bacharelado,Capitais,Presencial,Masculino,Amarela,0.49834788542062614
CAND_02627,4.0,76.0,Mestrado,Capitais,Híbrido,Masculino,Preta,0.6031805547268446
CAND_02628,8.7,46.0,Bacharelado,Capitais,Presencial,Masculino,Branca,1.0
CAND_02629,6.8,69.0,Bacharelado,Região Metropolitana,Remoto,Feminino,Branca,0.5750651718153511
CAND_02630,6.6,53.0,Bacharelado,Capitais,Híbrido,Feminino,Branca,0.7562996694525445
CAND_02631,11.4,76.0,Bacharelado,Capitais,Remoto,Masculino,Branca,1.0
CAND_02632,2.4,32.0,Bacharelado,Capitais,Remoto,Masculino,Amarela,0.4726038324749934
CAND_02633,3.3,50.0,Bacharelado,Interior,Presencial,Masculino,Preta,0.26694118707592984
CAND_02634,5.8,57.0,Ensino Médio,Capitais,Presencial,Masculino,Branca,1.0
CAND_02635,3.8,64.0,Bacharelado,Região Metropolitana,Remoto,Masculino,Branca,0.9790894561814043
CAND_02636,6.9,28.0,Bacharelado,Capitais,Remoto,Feminino,Branca,0.45704745789965096
CAND_02637,9.3,38.0,Bacharelado,Interior,Presencial,Masculino,Branca,0.5640043895180624
CAND_02638,2.6,70.0,Bacharelado,Capitais,Remoto,Feminino,Branca,0.7484633217170327
CAND_02639,0.7,37.0,Ensino Médio,Interior,Híbrido,Feminino,Amarela,0.0
CAND_02640,5.6,45.0,Bacharelado,Capitais,Híbrido,Não-binário,Branca,0.30430032608801216
CAND_02641,5.6,34.0,Bacharelado,Capitais,Presencial,Masculino,Indígena,0.5581498363120567
CAND_02642,3.8,48.0,Mestrado,Capitais,Híbrido,Feminino,Branca,0.5373027322386514
CAND_02643,2.7,49.0,Mestrado,Região Metropolitana,Remoto,Masculino,Amarela,0.33248608447323835
CAND_02644,8.9,34.0,Bacharelado,Capitais,Presencial,Masculino,Branca,0.9131841804279449
CAND_02645,6.4,49.0,Bacharelado,Capitais,Remoto,Feminino,Branca,0.5351544708900491
CAND_02646,3.5,13.0,Ensino Médio,Capitais,Presencial,Feminino,Preta,0.0
CAND_02647,2.0,38.0,Ensino Médio,Capitais,Remoto,Masculino,Branca,0.6829624479280253
CAND_02648,1.1,26.0,Mestrado,Capitais,Remoto,Feminino,Amarela,0.06362057098925308
CAND_02649,3.6,73.0,Ensino Médio,Região Metropolitana,Presencial,Masculino,Preta,0.3923326248659221
CAND_02650,9.1,65.0,Ensino Médio,Capitais,Híbrido,Feminino,Preta,0.08983189578368203
CAND_02651,5.6,44.0,Bacharelado,Região Metropolitana,Híbrido,Masculino,Preta,0.2269704069030562
CAND_02652,2.6,49.0,Mestrado,Região Metropolitana,Híbrido,Masculino,Branca,0.9841057696021611
CAND_02653,6.4,54.0,Bacharelado,Capitais,Híbrido,Masculino,Preta,0.6214062954447972
CAND_02654,5.8,20.0,Bacharelado,Capitais,Presencial,Masculino,Branca,0.80695928085126
CAND_02655,3.2,69.0,Bacharelado,Região Metropolitana,Presencial,Feminino,Branca,0.4883944508976031
CAND_02656,3.8,40.0,Bacharelado,Região Metropolitana,Presencial,Masculino,Amarela,0.3731082968562178
CAND_02657,7.8,46.0,Doutorado,Capitais,Presencial,Feminino,Preta,0.12134830559042743
CAND_02658,3.2,52.0,Mestrado,Interior,Híbrido,Masculino,Branca,0.6536519399977516
CAND_02659,8.2,40.0,Mestrado,Região Metropolitana,Híbrido,Feminino,Amarela,0.2168436950524112
CAND_02660,0.6,32.0,Bacharelado,Capitais,Híbrido,Masculino,Branca,0.6091232304307663
CAND_02661,4.6,38.0,Mestrado,Capitais,Híbrido,Feminino,Branca,0.6104700866436169
CAND_02662,2.2,42.0,Bacharelado,Capitais,Presencial,Masculino,Branca,0.8948386943035077
CAND_02663,8.3,39.0,Bacharelado,Capitais,Remoto,Masculino,Branca,1.0
CAND_02664,8.9,49.0,Mestrado,Interior,Presencial,Feminino,Preta,0.0
CAND_02665,1.2,52.0,Bacharelado,Capitais,Presencial,Masculino,Amarela,0.46503278654900737
CAND_02666,5.8,67.0,Bacharelado,Região Metropolitana,Presencial,Masculino,Branca,0.8666737874486055
CAND_02667,7.2,45.0,Bacharelado,Região Metropolitana,Presencial,Feminino,Branca,0.33896888475498754
CAND_02668,0.0,70.0,Bacharelado,Capitais,Híbrido,Masculino,Branca,0.9121444616969664
CAND_02669,6.5,39.0,Bacharelado,Capitais,Presencial,Feminino,Branca,0.25989710444966285
CAND_02670,5.1,32.0,Bacharelado,Região Metropolitana,Presencial,Masculino,Amarela,0.48765038428366814
CAND_02671,4.6,64.0,Mestrado,Capitais,Remoto,Feminino,Preta,0.11305567537834349
CAND_02672,5.3,31.0,Mestrado,Capitais,Híbrido,Feminino,Branca,0.3966642477536593
CAND_02673,5.1,39.0,Mestrado,Capitais,Híbrido,Feminino,Branca,0.6396053778164721
CAND_02674,6.4,99.0,Ensino Médio,Capitais,Remoto,Masculino,Amarela,0.7327674757745067
CAND_02675,4.7,65.0,Mestrado,Região Metropolitana,Híbrido,Masculino,Branca,0.8465057456441725
CAND_02676,6.0,77.0,Doutorado,Região Metropolitana,Híbrido,Não-binário,Branca,0.5161718172609068
CAND_02677,3.7,57.0,Bacharelado,Capitais,Remoto,Masculino,Branca,0.9355799427709358
CAND_02678,8.4,46.0,Ensino Médio,Região Metropolitana,Presencial,Feminino,Parda,0.3288575525931643
CAND_02679,7.6,50.0,Bacharelado,Capitais,Presencial,Feminino,Amarela,0.09129863280485899
CAND_02680,4.5,68.0,Bacharelado,Região Metropolitana,Presencial,Masculino,Parda,0.8987275855048499
CAND_02681,5.4,31.0,Bacharelado,Região Metropolitana,Presencial,Feminino,Preta,0.0
CAND_02682,6.1,53.0,Doutorado,Capitais,Presencial,Feminino,Parda,0.6146123805042853
CAND_02683,4.6,30.0,Mestrado,Capitais,Presencial,Masculino,Branca,0.8354871982254958
CAND_02684,5.1,51.0,Mestrado,Região Metropolitana,Híbrido,Não-binário,Branca,0.41960252146821847
CAND_02685,9.3,38.0,Bacharelado,Capitais,Remoto,Masculino,Branca,0.9322372013297081
CAND_02686,3.9,49.0,Mestrado,Região Metropolitana,Híbrido,Feminino,Branca,0.4945052522226539
CAND_02687,3.7,76.0,Bacharelado,Capitais,Híbrido,Masculino,Branca,1.0
CAND_02688,3.5,31.0,Bacharelado,Região Metropolitana,Presencial,Masculino,Branca,0.8080518412771756
CAND_02689,6.7,33.0,Bacharelado,Capitais,Híbrido,Feminino,Branca,0.4213796495857831
CAND_02690,4.8,45.0,Mestrado,Capitais,Híbrido,Masculino,Branca,1.0
CAND_02691,1.4,66.0,Bacharelado,Interior,Remoto,Masculino,Branca,0.5991898694402452
CAND_02692,0.4,48.0,Bacharelado,Capitais,Híbrido,Masculino,Branca,0.8647041089917339
CAND_02693,6.2,43.0,Mestrado,Região Metropolitana,Presencial,Masculino,Branca,0.9687180359984303
CAND_02694,6.5,74.0,Bacharelado,Região Metropolitana,Remoto,Masculino,Branca,1.0
CAND_02695,8.0,43.0,Bacharelado,Capitais,Híbrido,Masculino,Branca,0.87509420029404
CAND_02696,4.4,32.0,Bacharelado,Interior,Remoto,Masculino,Branca,0.48977304987907117
CAND_02697,4.1,35.0,Bacharelado,Interior,Híbrido,Feminino,Branca,0.18088945904193984
CAND_02698,2.8,54.0,Bacharelado,Região Metropolitana,Híbrido,Masculino,Branca,0.7055588450234164
CAND_02699,6.4,45.0,Bacharelado,Região Metropolitana,Presencial,Não-binário,Branca,0.42372779412537653
CAND_02700,10.5,76.0,Doutorado,Capitais,Presencial,Feminino,Branca,0.7261410384394805
CAND_02701,10.8,22.0,Mestrado,Região Metropolitana,Híbrido,Feminino,Branca,0.7018920889597027
CAND_02702,8.0,65.0,Bacharelado,Região Metropolitana,Presencial,Masculino,Branca,1.0
CAND_02703,8.8,33.0,Bacharelado,Região Metropolitana,Híbrido,Masculino,Preta,0.44995027804137416
CAND_02704,2.3,58.0,Bacharelado,Região Metropolitana,Presencial,Feminino,Branca,0.30836215533059036
CAND_02705,5.9,64.0,Mestrado,Capitais,Presencial,Masculino,Preta,0.6828882752242207
CAND_02706,5.8,66.0,Bacharelado,Região Metropolitana,Remoto,Feminino,Branca,0.4683337129863979
CAND_02707,0.0,59.0,Bacharelado,Região Metropolitana,Híbrido,Masculino,Branca,0.7159789752913411
CAND_02708,7.0,49.0,Bacharelado,Capitais,Presencial,Não-binário,Branca,0.591384770741828
CAND_02709,2.7,54.0,Ensino Médio,Região Metropolitana,Presencial,Masculino,Branca,0.7005875567028039
CAND_02710,4.1,36.0,Bacharelado,Capitais,Híbrido,Masculino,Branca,0.9565331257373144
CAND_02711,1.5,6.0,Mestrado,Capitais,Híbrido,Feminino,Parda,0.22433741124912446
CAND_02712,3.0,58.0,Doutorado,Capitais,Presencial,Masculino,Parda,0.9937653661546624
CAND_02713,5.2,39.0,Bacharelado,Capitais,Presencial,Masculino,Amarela,0.5387871744492785
CAND_02714,10.5,40.0,Mestrado,Capitais,Híbrido,Não-binário,Branca,0.5772627045072984
CAND_02715,2.9,57.0,Bacharelado,Região Metropolitana,Híbrido,Masculino,Indígena,0.5720660621301352
CAND_02716,2.4,39.0,Bacharelado,Capitais,Híbrido,Masculino,Branca,0.9150091352266642
CAND_02717,4.0,43.0,Bacharelado,Região Metropolitana,Híbrido,Feminino,Preta,0.0
CAND_02718,4.8,67.0,Mestrado,Capitais,Híbrido,Masculino,Branca,1.0
CAND_02719,2.0,78.0,Mestrado,Região Metropolitana,Presencial,Masculino,Branca,0.8991873737984666
CAND_02720,4.7,71.0,Bacharelado,Região Metropolitana,Presencial,Masculino,Branca,1.0
CAND_02721,0.0,59.0,Bacharelado,Interior,Híbrido,Feminino,Indígena,0.0
CAND_02722,10.0,55.0,Bacharelado,Região Metropolitana,Presencial,Masculino,Branca,0.9195328787837014
CAND_02723,5.5,65.0,Bacharelado,Interior,Remoto,Feminino,Branca,0.3218842126987747
CAND_02724,2.9,56.0,Bacharelado,Região Metropolitana,Híbrido,Masculino,Branca,0.7915232910262987
CAND_02725,10.2,46.0,Bacharelado,Capitais,Híbrido,Masculino,Parda,0.941071583198046
CAND_02726,6.4,41.0,Mestrado,Capitais,Presencial,Masculino,Branca,0.9850451498979818
CAND_02727,3.2,61.0,Ensino Médio,Capitais,Remoto,Masculino,Amarela,0.5998026599998051
CAND_02728,11.2,47.0,Doutorado,Capitais,Presencial,Masculino,Branca,1.0
CAND_02729,12.0,50.0,Bacharelado,Região Metropolitana,Remoto,Feminino,Branca,0.4969161372431874
CAND_02730,5.9,34.0,Bacharelado,Capitais,Remoto,Feminino,Branca,0.5802332577313775
CAND_02731,4.2,79.0,Mestrado,Capitais,Presencial,Masculino,Preta,0.5743354559717319
CAND_02732,6.0,58.0,Bacharelado,Região Metropolitana,Remoto,Não-binário,Branca,0.4237102777796451
CAND_02733,1.5,42.0,Mestrado,Capitais,Híbrido,Masculino,Branca,0.9346631159448133
CAND_02734,5.7,55.0,Bacharelado,Capitais,Remoto,Masculino,Branca,0.8774545701706364
CAND_02735,4.9,52.0,Bacharelado,Capitais,Presencial,Masculino,Branca,0.9694634185486884
CAND_02736,0.0,74.0,Mestrado,Capitais,Híbrido,Feminino,Branca,0.4965235795004045
CAND_02737,3.4,45.0,Bacharelado,Região Metropolitana,Híbrido,Masculino,Branca,0.8657541298954147
CAND_02738,7.1,48.0,Bacharelado,Capitais,Presencial,Feminino,Branca,0.5070911426268004
CAND_02739,4.0,45.0,Bacharelado,Região Metropolitana,Híbrido,Feminino,Branca,0.39621909549705525
CAND_02740,8.6,14.0,Mestrado,Interior,Híbrido,Feminino,Branca,0.3080264108700935
CAND_02741,7.4,58.0,Bacharelado,Capitais,Híbrido,Masculino,Preta,0.42064055684747226
CAND_02742,4.6,80.0,Bacharelado,Região Metropolitana,Remoto,Masculino,Parda,0.8749095329231271
CAND_02743,5.5,36.0,Ensino Médio,Capitais,Remoto,Feminino,Branca,0.380196435038581
CAND_02744,8.8,49.0,Mestrado,Região Metropolitana,Híbrido,Masculino,Branca,0.9531173527141771
CAND_02745,6.6,67.0,Bacharelado,Capitais,Presencial,Não-binário,Branca,0.5638008885330417
CAND_02746,3.3,53.0,Bacharelado,Capitais,Híbrido,Não-binário,Preta,0.0
CAND_02747,8.4,64.0,Mestrado,Capitais,Presencial,Feminino,Branca,0.694294699837057
CAND_02748,1.5,60.0,Bacharelado,Região Metropolitana,Presencial,Masculino,Branca,0.8869605409530161
CAND_02749,3.6,61.0,Mestrado,Capitais,Híbrido,Feminino,Preta,0.021589048237085462
CAND_02750,7.9,41.0,Bacharelado,Capitais,Presencial,Feminino,Branca,0.5032648464192676
CAND_02751,8.2,36.0,Doutorado,Capitais,Híbrido,Masculino,Branca,0.9380091164003436
CAND_02752,3.5,45.0,Bacharelado,Capitais,Presencial,Masculino,Branca,0.957508898607059
CAND_02753,10.3,36.0,Bacharelado,Interior,Híbrido,Masculino,Amarela,0.32356567949008297
CAND_02754,2.9,45.0,Bacharelado,Capitais,Híbrido,Feminino,Parda,0.30911591949876427
CAND_02755,4.9,44.0,Bacharelado,Capitais,Remoto,Masculino,Parda,0.8541768959252335
CAND_02756,6.4,51.0,Bacharelado,Capitais,Presencial,Feminino,Amarela,0.14130564661402117
CAND_02757,6.8,70.0,Bacharelado,Região Metropolitana,Remoto,Feminino,Branca,0.5568481090541396
CAND_02758,8.6,44.0,Bacharelado,Capitais,Híbrido,Feminino,Branca,0.44881799878894524
CAND_02759,8.0,33.0,Mestrado,Região Metropolitana,Híbrido,Feminino,Branca,0.688004305545919
CAND_02760,8.7,33.0,Bacharelado,Região Metropolitana,Remoto,Feminino,Branca,0.3784550208828545
CAND_02761,8.2,69.0,Doutorado,Capitais,Presencial,Masculino,Branca,1.0
CAND_02762,4.6,76.0,Bacharelado,Região Metropolitana,Híbrido,Masculino,Branca,1.0
CAND_02763,6.2,44.0,Mestrado,Região Metropolitana,Híbrido,Masculino,Branca,0.8768480728642783
CAND_02764,4.0,54.0,Mestrado,Capitais,Híbrido,Feminino,Branca,0.6640326427916875
CAND_02765,5.5,79.0,Mestrado,Capitais,Remoto,Masculino,Preta,0.49733442450939813
CAND_02766,6.9,35.0,Bacharelado,Interior,Híbrido,Feminino,Parda,0.28614396003173337
CAND_02767,8.1,68.0,Ensino Médio,Interior,Presencial,Masculino,Branca,0.5907052574001804
CAND_02768,3.4,49.0,Bacharelado,Capitais,Híbrido,Feminino,Parda,0.3277182214587537
CAND_02769,8.5,54.0,Mestrado,Capitais,Remoto,Feminino,Indígena,0.3242921287102556
CAND_02770,8.9,36.0,Bacharelado,Capitais,Presencial,Masculino,Branca,1.0
CAND_02771,6.2,36.0,Bacharelado,Interior,Presencial,Não-binário,Branca,0.1701390145910603
CAND_02772,8.6,42.0,Mestrado,Capitais,Presencial,Masculino,Indígena,0.565583388110934
CAND_02773,8.4,45.0,Mestrado,Capitais,Híbrido,Masculino,Branca,0.983654942629095
CAND_02774,3.5,47.0,Bacharelado,Região Metropolitana,Híbrido,Masculino,Branca,0.5958056721423824
CAND_02775,6.9,38.0,Bacharelado,Capitais,Presencial,Masculino,Preta,0.628774083799838
CAND_02776,8.8,33.0,Mestrado,Região Metropolitana,Presencial,Masculino,Branca,0.8774866301854125
CAND_02777,7.2,58.0,Bacharelado,Região Metropolitana,Remoto,Masculino,Amarela,0.36575731232667563
CAND_02778,1.1,29.0,Bacharelado,Capitais,Híbrido,Masculino,Preta,0.18554299974627364
CAND_02779,4.4,88.0,Bacharelado,Interior,Híbrido,Masculino,Parda,0.6899970564234504
CAND_02780,8.1,53.0,Mestrado,Região Metropolitana,Híbrido,Masculino,Preta,0.5443136307099334
CAND_02781,3.6,66.0,Bacharelado,Região Metropolitana,Remoto,Masculino,Branca,0.8819442495783233
CAND_02782,6.1,52.0,Ensino Médio,Interior,Híbrido,Feminino,Parda,0.1209178151764947
CAND_02783,4.8,39.0,Bacharelado,Região Metropolitana,Remoto,Masculino,Preta,0.3558544379842394
CAND_02784,4.0,37.0,Mestrado,Capitais,Remoto,Masculino,Branca,0.8274427866943389
CAND_02785,1.2,63.0,Mestrado,Capitais,Presencial,Feminino,Branca,0.7126727161965024
CAND_02786,4.2,36.0,Bacharelado,Capitais,Remoto,Masculino,Preta,0.3676956184534734
CAND_02787,3.2,62.0,Mestrado,Capitais,Híbrido,Não-binário,Branca,0.4734216675503453
CAND_02788,8.4,43.0,Ensino Médio,Região Metropolitana,Presencial,Masculino,Branca,0.7405370540134841
CAND_02789,9.7,37.0,Mestrado,Região Metropolitana,Remoto,Masculino,Parda,0.9425459925978362
CAND_02790,3.6,61.0,Ensino Médio,Capitais,Presencial,Masculino,Preta,0.4656042045177171
CAND_02791,0.3,51.0,Bacharelado,Capitais,Presencial,Masculino,Branca,0.8568648946868711
CAND_02792,2.3,64.0,Bacharelado,Capitais,Remoto,Masculino,Preta,0.38663615431288967
CAND_02793,4.4,59.0,Doutorado,Capitais,Presencial,Feminino,Branca,0.6216210686178225
CAND_02794,4.1,59.0,Mestrado,Capitais,Remoto,Feminino,Branca,0.5585803836040714
CAND_02795,6.3,18.0,Bacharelado,Capitais,Remoto,Masculino,Amarela,0.5118589181197494
CAND_02796,4.2,54.0,Bacharelado,Região Metropolitana,Remoto,Não-binário,Parda,0.06592233849666129
CAND_02797,9.4,56.0,Mestrado,Região Metropolitana,Remoto,Masculino,Branca,1.0
CAND_02798,5.5,85.0,Ensino Médio,Capitais,Híbrido,Feminino,Preta,0.2870640184304867
CAND_02799,8.6,58.0,Bacharelado,Região Metropolitana,Híbrido,Feminino,Branca,0.6427898817832527
CAND_02800,0.9,34.0,Bacharelado,Capitais,Remoto,Masculino,Branca,0.9093307561346008
CAND_02801,3.4,80.0,Mestrado,Capitais,Remoto,Masculino,Preta,0.5392891757068764
CAND_02802,3.8,42.0,Mestrado,Capitais,Híbrido,Masculino,Preta,0.5125351798286901
CAND_02803,5.5,45.0,Mestrado,Interior,Híbrido,Feminino,Branca,0.2960326393819245
CAND_02804,6.9,57.0,Bacharelado,Capitais,Remoto,Masculino,Preta,0.5873879789181934
CAND_02805,2.1,44.0,Mestrado,Região Metropolitana,Presencial,Masculino,Branca,0.8508154984916055
CAND_02806,3.3,38.0,Ensino Médio,Capitais,Híbrido,Masculino,Branca,0.6085706419122789
CAND_02807,2.5,51.0,Bacharelado,Capitais,Híbrido,Masculino,Preta,0.42007136112936877
CAND_02808,7.6,39.0,Mestrado,Região Metropolitana,Presencial,Masculino,Amarela,0.4821582823318747
CAND_02809,0.0,24.0,Mestrado,Capitais,Remoto,Masculino,Parda,0.5704434296993782
CAND_02810,1.4,47.0,Mestrado,Capitais,Presencial,Feminino,Branca,0.3987588738047647
CAND_02811,1.3,34.0,Bacharelado,Capitais,Presencial,Masculino,Preta,0.37502388389478003
CAND_02812,4.3,39.0,Bacharelado,Capitais,Presencial,Masculino,Branca,0.8268609521555167
CAND_02813,3.4,39.0,Bacharelado,Capitais,Presencial,Masculino,Preta,0.1959546224113068
CAND_02814,1.7,44.0,Bacharelado,Região Metropolitana,Remoto,Masculino,Indígena,0.37880908650909223
CAND_02815,8.5,80.0,Bacharelado,Região Metropolitana,Presencial,Feminino,Branca,0.749680670504345
CAND_02816,2.0,37.0,Bacharelado,Região Metropolitana,Híbrido,Feminino,Preta,0.0
CAND_02817,5.8,90.0,Bacharelado,Capitais,Híbrido,Masculino,Parda,1.0
CAND_02818,7.5,64.0,Bacharelado,Capitais,Presencial,Feminino,Preta,0.22709262511399636
CAND_02819,7.3,35.0,Mestrado,Capitais,Presencial,Feminino,Branca,0.4693528756996247
CAND_02820,1.7,48.0,Bacharelado,Região Metropolitana,Presencial,Feminino,Branca,0.3429014754648154
CAND_02821,1.7,44.0,Mestrado,Região Metropolitana,Presencial,Masculino,Amarela,0.6408349169404336
CAND_02822,9.3,56.0,Bacharelado,Capitais,Remoto,Masculino,Branca,1.0
CAND_02823,0.0,45.0,Mestrado,Região Metropolitana,Remoto,Masculino,Branca,0.6611013856587434
CAND_02824,7.0,44.0,Bacharelado,Região Metropolitana,Presencial,Não-binário,Preta,0.0
CAND_02825,4.5,55.0,Bacharelado,Capitais,Remoto,Feminino,Branca,0.5402838102554909
CAND_02826,7.7,58.0,Bacharelado,Capitais,Remoto,Feminino,Branca,0.6920229452224037
CAND_02827,3.8,44.0,Mestrado,Capitais,Remoto,Masculino,Amarela,0.6949982185362127
CAND_02828,4.6,35.0,Bacharelado,Região Metropolitana,Remoto,Masculino,Preta,0.45685492549141377
CAND_02829,2.1,53.0,Bacharelado,Capitais,Híbrido,Masculino,Branca,0.9214435492998712
CAND_02830,2.4,48.0,Bacharelado,Região Metropolitana,Híbrido,Masculino,Branca,0.8039658012739082
CAND_02831,7.9,39.0,Mestrado,Região Metropolitana,Presencial,Masculino,Branca,0.9906915779380995
CAND_02832,12.4,50.0,Mestrado,Capitais,Híbrido,Masculino,Branca,1.0
CAND_02833,0.0,55.0,Bacharelado,Interior,Híbrido,Feminino,Branca,0.18342212841563577
CAND_02834,12.0,54.0,Mestrado,Capitais,Presencial,Masculino,Branca,1.0
CAND_02835,5.7,50.0,Bacharelado,Capitais,Híbrido,Masculino,Parda,0.8135982471627256
CAND_02836,10.3,52.0,Bacharelado,Região Metropolitana,Híbrido,Feminino,Preta,0.07765600695462493
CAND_02837,5.3,85.0,Ensino Médio,Capitais,Híbrido,Masculino,Branca,1.0
CAND_02838,8.1,64.0,Bacharelado,Região Metropolitana,Presencial,Masculino,Amarela,0.5299107692442816
CAND_02839,6.7,71.0,Bacharelado,Capitais,Híbrido,Feminino,Preta,0.21983446093520326
CAND_02840,11.2,80.0,Bacharelado,Região Metropolitana,Híbrido,Masculino,Branca,1.0
CAND_02841,3.1,32.0,Mestrado,Região Metropolitana,Remoto,Feminino,Parda,0.15852102882185284
CAND_02842,3.2,56.0,Ensino Médio,Capitais,Híbrido,Feminino,Indígena,0.13358453552780733
CAND_02843,2.2,44.0,Bacharelado,Capitais,Remoto,Masculino,Branca,0.9210831957233165
CAND_02844,10.4,58.0,Mestrado,Capitais,Remoto,Feminino,Branca,0.6296307350627364
CAND_02845,2.9,33.0,Bacharelado,Região Metropolitana,Remoto,Não-binário,Branca,0.2628543273945777
CAND_02846,0.4,59.0,Bacharelado,Região Metropolitana,Remoto,Masculino,Branca,0.7823614012342411
CAND_02847,9.3,57.0,Bacharelado,Capitais,Híbrido,Feminino,Branca,0.8605108806765418
CAND_02848,3.0,51.0,Bacharelado,Capitais,Remoto,Feminino,Branca,0.4500673865062315
CAND_02849,6.1,57.0,Bacharelado,Capitais,Remoto,Masculino,Branca,0.8991414507490142
CAND_02850,4.3,26.0,Mestrado,Capitais,Híbrido,Masculino,Amarela,0.36606419723672684
CAND_02851,6.2,37.0,Mestrado,Capitais,Remoto,Masculino,Branca,0.871156421733022
CAND_02852,4.1,61.0,Ensino Médio,Capitais,Híbrido,Masculino,Branca,1.0
CAND_02853,6.4,46.0,Mestrado,Capitais,Presencial,Masculino,Branca,0.8764093526875596
CAND_02854,4.8,66.0,Bacharelado,Capitais,Híbrido,Feminino,Branca,0.6387225048107611
CAND_02855,1.8,47.0,Doutorado,Capitais,Híbrido,Masculino,Preta,0.40478093714651253
CAND_02856,2.8,67.0,Bacharelado,Região Metropolitana,Presencial,Masculino,Branca,0.9777131559109443
CAND_02857,9.1,47.0,Ensino Médio,Capitais,Remoto,Feminino,Branca,0.5618883224266685
CAND_02858,4.8,42.0,Bacharelado,Capitais,Presencial,Feminino,Amarela,0.21161092263417106
CAND_02859,1.0,52.0,Bacharelado,Capitais,Presencial,Feminino,Branca,0.41474335062278056
CAND_02860,2.7,44.0,Bacharelado,Região Metropolitana,Presencial,Masculino,Branca,0.8666698632897044
CAND_02861,8.0,56.0,Bacharelado,Capitais,Híbrido,Masculino,Branca,1.0
CAND_02862,6.3,57.0,Mestrado,Capitais,Híbrido,Feminino,Branca,0.8959730337457185
CAND_02863,2.6,56.0,Bacharelado,Capitais,Híbrido,Feminino,Amarela,0.03321109338800421
CAND_02864,7.5,31.0,Mestrado,Capitais,Remoto,Feminino,Branca,0.7398536675321764
CAND_02865,8.4,51.0,Bacharelado,Capitais,Híbrido,Masculino,Branca,1.0
CAND_02866,2.2,34.0,Bacharelado,Região Metropolitana,Híbrido,Masculino,Branca,0.6781277979541618
CAND_02867,0.0,64.0,Bacharelado,Capitais,Remoto,Não-binário,Branca,0.48121803938152724
CAND_02868,5.2,54.0,Bacharelado,Região Metropolitana,Remoto,Masculino,Parda,0.6172643359602457
CAND_02869,2.4,45.0,Bacharelado,Capitais,Remoto,Masculino,Amarela,0.5153988050625613
CAND_02870,4.0,66.0,Bacharelado,Interior,Presencial,Feminino,Branca,0.35156215036100286
CAND_02871,6.3,60.0,Mestrado,Capitais,Remoto,Feminino,Branca,0.7898086151331769
CAND_02872,4.9,80.0,Bacharelado,Capitais,Presencial,Não-binário,Amarela,0.31509581323504854
CAND_02873,4.2,11.0,Mestrado,Capitais,Híbrido,Feminino,Branca,0.3877882685812985
CAND_02874,7.0,61.0,Ensino Médio,Capitais,Remoto,Feminino,Branca,0.471651163423189
CAND_02875,10.3,36.0,Bacharelado,Região Metropolitana,Presencial,Masculino,Branca,1.0
CAND_02876,1.7,56.0,Mestrado,Região Metropolitana,Presencial,Feminino,Branca,0.520519655815672
CAND_02877,1.7,62.0,Ensino Médio,Capitais,Híbrido,Feminino,Branca,0.4975773089297322
CAND_02878,4.0,71.0,Ensino Médio,Capitais,Remoto,Masculino,Branca,1.0
CAND_02879,5.6,63.0,Ensino Médio,Capitais,Presencial,Masculino,Preta,0.34195459971440045
CAND_02880,6.2,35.0,Mestrado,Região Metropolitana,Presencial,Masculino,Branca,0.7848977153492257
CAND_02881,10.2,43.0,Bacharelado,Região Metropolitana,Remoto,Masculino,Preta,0.5509321788922199
CAND_02882,9.2,28.0,Bacharelado,Região Metropolitana,Remoto,Feminino,Parda,0.2690327668112354
CAND_02883,7.2,51.0,Bacharelado,Interior,Remoto,Masculino,Branca,0.7039432997696722
CAND_02884,2.4,43.0,Bacharelado,Região Metropolitana,Remoto,Masculino,Indígena,0.4584170843224427
CAND_02885,5.2,30.0,Doutorado,Capitais,Híbrido,Masculino,Branca,1.0
CAND_02886,2.2,43.0,Bacharelado,Região Metropolitana,Presencial,Não-binário,Parda,0.07088010986082978
CAND_02887,4.1,68.0,Mestrado,Capitais,Remoto,Masculino,Amarela,0.7120055987382427
CAND_02888,6.6,57.0,Bacharelado,Capitais,Remoto,Masculino,Preta,0.6109376693281454
CAND_02889,0.0,77.0,Mestrado,Região Metropolitana,Presencial,Masculino,Amarela,0.5625994842003971
CAND_02890,0.0,54.0,Ensino Médio,Capitais,Remoto,Masculino,Branca,0.9138895424351413
CAND_02891,7.5,23.0,Mestrado,Capitais,Remoto,Feminino,Branca,0.34930616968907857
CAND_02892,11.0,65.0,Ensino Médio,Capitais,Presencial,Feminino,Branca,0.6235659907162768
CAND_02893,2.5,47.0,Ensino Médio,Região Metropolitana,Presencial,Masculino,Branca,0.8374594667198276
CAND_02894,1.3,47.0,Ensino Médio,Capitais,Remoto,Feminino,Amarela,0.09227862948947259
CAND_02895,2.1,41.0,Ensino Médio,Capitais,Híbrido,Não-binário,Branca,0.406110875009439
CAND_02896,2.2,51.0,Mestrado,Capitais,Presencial,Feminino,Preta,0.14935691754923724
CAND_02897,5.9,53.0,Mestrado,Região Metropolitana,Presencial,Feminino,Amarela,0.08735822445224964
CAND_02898,9.4,44.0,Bacharelado,Capitais,Presencial,Feminino,Amarela,0.3370255246238945
CAND_02899,4.4,41.0,Ensino Médio,Interior,Presencial,Feminino,Branca,0.09765383852177553
CAND_02900,1.7,48.0,Bacharelado,Região Metropolitana,Híbrido,Masculino,Branca,0.8154275949335966
CAND_02901,5.3,61.0,Bacharelado,Capitais,Híbrido,Masculino,Branca,0.8432305869128824
CAND_02902,0.0,41.0,Mestrado,Capitais,Remoto,Feminino,Branca,0.47150557818082206
CAND_02903,2.7,59.0,Bacharelado,Região Metropolitana,Híbrido,Masculino,Branca,0.9431040658863143
CAND_02904,1.9,61.0,Bacharelado,Capitais,Presencial,Masculino,Branca,1.0
CAND_02905,0.0,47.0,Bacharelado,Região Metropolitana,Remoto,Masculino,Branca,0.7191662715709187
CAND_02906,1.7,64.0,Bacharelado,Capitais,Presencial,Masculino,Branca,0.9507309787399169
CAND_02907,1.3,75.0,Bacharelado,Capitais,Presencial,Masculino,Parda,0.8489824837341967
CAND_02908,4.0,59.0,Bacharelado,Região Metropolitana,Presencial,Feminino,Branca,0.38750398980727346
CAND_02909,6.4,14.0,Ensino Médio,Capitais,Remoto,Masculino,Preta,0.1222165674131564
CAND_02910,3.2,69.0,Mestrado,Capitais,Híbrido,Masculino,Amarela,0.5769542236169545
CAND_02911,4.3,65.0,Ensino Médio,Região Metropolitana,Híbrido,Masculino,Branca,0.7707642238801262
CAND_02912,0.0,45.0,Ensino Médio,Região Metropolitana,Presencial,Masculino,Branca,0.8616640202358997
CAND_02913,10.9,59.0,Bacharelado,Capitais,Presencial,Masculino,Branca,1.0
CAND_02914,10.8,41.0,Bacharelado,Capitais,Remoto,Masculino,Branca,0.8004864718673887
CAND_02915,5.5,28.0,Bacharelado,Capitais,Remoto,Masculino,Branca,0.8186931054196985
CAND_02916,6.1,35.0,Ensino Médio,Capitais,Híbrido,Masculino,Branca,1.0
CAND_02917,2.1,31.0,Mestrado,Região Metropolitana,Remoto,Feminino,Branca,0.5390972491759951
CAND_02918,4.8,71.0,Bacharelado,Capitais,Presencial,Feminino,Branca,0.6265332747398382
CAND_02919,1.3,70.0,Bacharelado,Região Metropolitana,Híbrido,Feminino,Branca,0.4857236955501963
CAND_02920,3.1,85.0,Mestrado,Capitais,Presencial,Feminino,Branca,0.7009104648989084
CAND_02921,4.3,56.0,Ensino Médio,Capitais,Híbrido,Masculino,Amarela,0.4536158110958578
CAND_02922,7.1,48.0,Bacharelado,Capitais,Remoto,Masculino,Branca,0.8984357128360578
CAND_02923,1.8,64.0,Bacharelado,Capitais,Híbrido,Masculino,Branca,0.870634765133771
CAND_02924,6.5,41.0,Bacharelado,Capitais,Remoto,Masculino,Branca,1.0
CAND_02925,8.0,88.0,Mestrado,Região Metropolitana,Presencial,Masculino,Preta,0.5690056505163462
CAND_02926,9.0,36.0,Mestrado,Região Metropolitana,Presencial,Feminino,Branca,0.4920380732508816
CAND_02927,4.7,43.0,Mestrado,Capitais,Presencial,Masculino,Branca,1.0
CAND_02928,11.1,48.0,Mestrado,Região Metropolitana,Híbrido,Masculino,Branca,1.0
CAND_02929,4.0,77.0,Bacharelado,Capitais,Presencial,Masculino,Branca,1.0
CAND_02930,4.5,33.0,Mestrado,Região Metropolitana,Presencial,Masculino,Indígena,0.5086353401887695
CAND_02931,4.6,65.0,Bacharelado,Capitais,Presencial,Masculino,Branca,1.0
CAND_02932,5.2,49.0,Bacharelado,Interior,Remoto,Masculino,Parda,0.446579098092034
CAND_02933,3.9,75.0,Ensino Médio,Capitais,Remoto,Masculino,Amarela,0.6324455790506913
CAND_02934,5.7,54.0,Bacharelado,Capitais,Remoto,Masculino,Parda,0.8505097344076427
CAND_02935,7.4,47.0,Bacharelado,Capitais,Remoto,Masculino,Branca,1.0
CAND_02936,3.9,62.0,Mestrado,Capitais,Presencial,Masculino,Branca,1.0
CAND_02937,2.5,43.0,Bacharelado,Capitais,Presencial,Feminino,Parda,0.29991765257281544
CAND_02938,8.7,19.0,Bacharelado,Interior,Híbrido,Masculino,Branca,0.5927472560687218
CAND_02939,4.3,56.0,Mestrado,Região Metropolitana,Presencial,Masculino,Amarela,0.3641253977682326
CAND_02940,0.0,24.0,Mestrado,Região Metropolitana,Presencial,Masculino,Branca,0.6532298049518064
CAND_02941,6.4,78.0,Bacharelado,Capitais,Presencial,Masculino,Branca,1.0
CAND_02942,4.7,64.0,Mestrado,Capitais,Híbrido,Masculino,Branca,1.0
CAND_02943,2.8,44.0,Bacharelado,Capitais,Remoto,Feminino,Branca,0.47507177408395834
CAND_02944,6.3,52.0,Mestrado,Interior,Híbrido,Masculino,Branca,0.7298216201631267
CAND_02945,4.9,41.0,Mestrado,Capitais,Híbrido,Masculino,Parda,0.8162284884314603
CAND_02946,9.4,44.0,Mestrado,Interior,Remoto,Feminino,Parda,0.37354756381838605
CAND_02947,5.5,53.0,Bacharelado,Capitais,Remoto,Masculino,Branca,1.0
CAND_02948,5.2,90.0,Bacharelado,Capitais,Presencial,Feminino,Preta,0.1456353430314136
CAND_02949,8.9,60.0,Mestrado,Capitais,Remoto,Masculino,Branca,1.0
CAND_02950,2.2,57.0,Bacharelado,Região Metropolitana,Presencial,Não-binário,Branca,0.27711869799187705
CAND_02951,0.4,51.0,Bacharelado,Região Metropolitana,Híbrido,Masculino,Amarela,0.34341901181103507
CAND_02952,0.0,72.0,Mestrado,Região Metropolitana,Remoto,Feminino,Amarela,0.08418787490068418
CAND_02953,1.5,60.0,Bacharelado,Região Metropolitana,Presencial,Masculino,Preta,0.4973438009921758
CAND_02954,4.2,72.0,Bacharelado,Região Metropolitana,Presencial,Masculino,Parda,0.7767220926163041
CAND_02955,8.0,53.0,Bacharelado,Região Metropolitana,Híbrido,Feminino,Branca,0.5442484156450408
CAND_02956,9.4,61.0,Mestrado,Capitais,Remoto,Feminino,Branca,0.7819218530745409
CAND_02957,5.3,43.0,Bacharelado,Capitais,Híbrido,Masculino,Branca,0.9671595167907646
CAND_02958,7.9,61.0,Mestrado,Capitais,Remoto,Feminino,Branca,0.872961042786043
CAND_02959,7.2,41.0,Mestrado,Região Metropolitana,Presencial,Feminino,Parda,0.5216825956754382
CAND_02960,3.4,48.0,Mestrado,Capitais,Híbrido,Feminino,Indígena,0.22040740843456166
CAND_02961,0.0,59.0,Ensino Médio,Capitais,Remoto,Masculino,Preta,0.331848202049715
CAND_02962,4.6,47.0,Bacharelado,Região Metropolitana,Presencial,Masculino,Branca,0.7886564583335665
CAND_02963,9.1,57.0,Mestrado,Região Metropolitana,Híbrido,Masculino,Branca,1.0
CAND_02964,0.1,56.0,Doutorado,Região Metropolitana,Remoto,Feminino,Branca,0.48525756666919945
CAND_02965,3.0,52.0,Mestrado,Região Metropolitana,Híbrido,Masculino,Branca,0.8331209026322903
CAND_02966,4.4,47.0,Bacharelado,Capitais,Híbrido,Masculino,Branca,0.8842635074216367
CAND_02967,4.5,30.0,Mestrado,Capitais,Remoto,Masculino,Parda,0.6168170953603431
CAND_02968,7.1,60.0,Bacharelado,Capitais,Remoto,Masculino,Branca,1.0
CAND_02969,6.4,71.0,Bacharelado,Capitais,Remoto,Masculino,Amarela,0.6488158927858579
CAND_02970,1.4,52.0,Mestrado,Capitais,Híbrido,Masculino,Branca,0.7220145536188685
CAND_02971,9.5,45.0,Bacharelado,Capitais,Híbrido,Feminino,Branca,0.5682868865286642
CAND_02972,5.1,76.0,Ensino Médio,Região Metropolitana,Híbrido,Feminino,Branca,0.7418764447756504
CAND_02973,2.8,69.0,Bacharelado,Capitais,Híbrido,Masculino,Branca,1.0
CAND_02974,0.0,40.0,Mestrado,Capitais,Presencial,Masculino,Branca,0.791345493985998
CAND_02975,10.7,69.0,Mestrado,Região Metropolitana,Híbrido,Masculino,Branca,0.9986834208031381
CAND_02976,0.0,39.0,Bacharelado,Interior,Remoto,Feminino,Branca,0.0
CAND_02977,2.9,60.0,Bacharelado,Capitais,Remoto,Masculino,Amarela,0.5679765220158239
CAND_02978,0.0,65.0,Bacharelado,Região Metropolitana,Híbrido,Feminino,Amarela,0.1177585332170885
CAND_02979,4.1,68.0,Bacharelado,Capitais,Remoto,Feminino,Branca,0.5122502904920045
CAND_02980,4.1,74.0,Doutorado,Capitais,Híbrido,Masculino,Branca,1.0
CAND_02981,5.5,64.0,Mestrado,Capitais,Presencial,Feminino,Branca,0.39646576153060864
CAND_02982,6.8,30.0,Ensino Médio,Capitais,Presencial,Masculino,Branca,0.8054375799033047
CAND_02983,10.8,41.0,Bacharelado,Capitais,Híbrido,Masculino,Parda,0.8441635402709922
CAND_02984,9.4,53.0,Mestrado,Região Metropolitana,Híbrido,Masculino,Branca,0.9226785303768199
CAND_02985,0.0,73.0,Bacharelado,Capitais,Presencial,Feminino,Branca,0.43784136364911075
CAND_02986,3.3,61.0,Bacharelado,Capitais,Remoto,Feminino,Branca,0.6779908166522328
CAND_02987,10.6,61.0,Ensino Médio,Interior,Presencial,Feminino,Branca,0.3158129605661564
CAND_02988,9.1,52.0,Mestrado,Capitais,Presencial,Feminino,Indígena,0.406794007564165
CAND_02989,5.9,51.0,Bacharelado,Interior,Presencial,Não-binário,Branca,0.24462648365101558
CAND_02990,9.0,48.0,Mestrado,Interior,Híbrido,Feminino,Parda,0.24513025890550835
CAND_02991,11.2,61.0,Ensino Médio,Capitais,Remoto,Masculino,Branca,1.0
CAND_02992,3.4,56.0,Bacharelado,Capitais,Presencial,Masculino,Parda,0.9926530865363318
CAND_02993,2.2,47.0,Bacharelado,Região Metropolitana,Remoto,Masculino,Preta,0.15364393787733727
CAND_02994,2.3,49.0,Bacharelado,Capitais,Híbrido,Feminino,Branca,0.3704864077370389
CAND_02995,6.3,52.0,Mestrado,Capitais,Remoto,Masculino,Branca,0.9194828033611908
CAND_02996,5.6,42.0,Bacharelado,Capitais,Presencial,Masculino,Branca,0.9719266021534739
CAND_02997,3.5,24.0,Mestrado,Capitais,Presencial,Feminino,Amarela,0.019667224738227636
CAND_02998,3.3,40.0,Mestrado,Capitais,Presencial,Feminino,Preta,0.11031289688046024
CAND_02999,1.6,68.0,Bacharelado,Capitais,Presencial,Masculino,Branca,0.8453474567430422
CAND_03000,0.0,66.0,Bacharelado,Região Metropolitana,Híbrido,Feminino,Branca,0.5024940162012488
CAND_03001,5.3,53.0,Mestrado,Região Metropolitana,Remoto,Masculino,Preta,0.4369867080874635
CAND_03002,1.4,39.0,Mestrado,Interior,Remoto,Masculino,Branca,0.45766356537976366
CAND_03003,7.9,42.0,Bacharelado,Capitais,Híbrido,Feminino,Branca,0.4485041534447908
CAND_03004,9.7,15.0,Bacharelado,Capitais,Remoto,Não-binário,Branca,0.18143732445226043
CAND_03005,12.2,24.0,Bacharelado,Capitais,Híbrido,Feminino,Parda,0.45781661435637655
CAND_03006,9.9,65.0,Bacharelado,Capitais,Híbrido,Masculino,Branca,1.0
CAND_03007,7.8,43.0,Mestrado,Capitais,Híbrido,Feminino,Preta,0.3459226025975646
CAND_03008,7.0,71.0,Mestrado,Capitais,Presencial,Feminino,Branca,0.7089640147194437
CAND_03009,3.2,55.0,Mestrado,Capitais,Híbrido,Feminino,Branca,0.5884208454212346
CAND_03010,3.8,53.0,Mestrado,Região Metropolitana,Presencial,Feminino,Branca,0.21538950707401655
CAND_03011,4.2,26.0,Doutorado,Capitais,Híbrido,Masculino,Preta,0.3057280143067672
CAND_03012,7.3,57.0,Mestrado,Região Metropolitana,Remoto,Feminino,Indígena,0.12766171662058715
CAND_03013,5.0,66.0,Bacharelado,Capitais,Híbrido,Masculino,Branca,1.0
CAND_03014,6.9,64.0,Ensino Médio,Capitais,Híbrido,Masculino,Branca,0.8458153292461966
CAND_03015,8.5,15.0,Ensino Médio,Capitais,Remoto,Masculino,Preta,0.2874716504725931
CAND_03016,5.8,45.0,Mestrado,Região Metropolitana,Remoto,Masculino,Preta,0.3794104943451981
CAND_03017,4.4,62.0,Bacharelado,Interior,Presencial,Masculino,Branca,0.7862018812698077
CAND_03018,8.3,58.0,Doutorado,Capitais,Híbrido,Masculino,Amarela,0.9915096060009121
CAND_03019,5.8,16.0,Bacharelado,Interior,Presencial,Masculino,Branca,0.5198074443543984
CAND_03020,4.5,0.0,Bacharelado,Capitais,Híbrido,Masculino,Branca,0.924171148453877
CAND_03021,4.4,31.0,Mestrado,Capitais,Remoto,Masculino,Branca,0.738045635293876
CAND_03022,9.7,45.0,Ensino Médio,Capitais,Híbrido,Feminino,Preta,0.26257091686809925
CAND_03023,6.8,68.0,Ensino Médio,Capitais,Híbrido,Feminino,Preta,0.21742584628727246
CAND_03024,9.6,55.0,Bacharelado,Capitais,Híbrido,Feminino,Parda,0.5092456220805025
CAND_03025,4.8,33.0,Mestrado,Região Metropolitana,Híbrido,Masculino,Branca,0.6761439659600806
CAND_03026,11.0,54.0,Ensino Médio,Região Metropolitana,Presencial,Não-binário,Branca,0.4484663013843566
CAND_03027,0.0,36.0,Ensino Médio,Região Metropolitana,Híbrido,Feminino,Branca,0.2954630891193688
CAND_03028,9.0,66.0,Bacharelado,Região Metropolitana,Híbrido,Masculino,Branca,0.9879210315188772
CAND_03029,7.3,37.0,Bacharelado,Região Metropolitana,Remoto,Masculino,Amarela,0.41617712369974846
CAND_03030,6.9,51.0,Mestrado,Região Metropolitana,Híbrido,Masculino,Branca,0.9805658594708817
CAND_03031,6.3,43.0,Ensino Médio,Capitais,Presencial,Masculino,Branca,0.8410241541636048
CAND_03032,9.2,32.0,Bacharelado,Capitais,Remoto,Masculino,Branca,1.0
CAND_03033,4.4,73.0,Mestrado,Região Metropolitana,Presencial,Feminino,Branca,0.5177599710632338
CAND_03034,0.0,46.0,Mestrado,Capitais,Remoto,Feminino,Indígena,0.1965725432146962
CAND_03035,5.9,37.0,Bacharelado,Capitais,Híbrido,Masculino,Amarela,0.6337396169024849
CAND_03036,7.0,58.0,Bacharelado,Capitais,Remoto,Masculino,Branca,1.0
CAND_03037,4.5,47.0,Ensino Médio,Capitais,Remoto,Não-binário,Branca,0.48323127185707493
CAND_03038,0.6,47.0,Mestrado,Região Metropolitana,Híbrido,Masculino,Parda,0.7900495369750616
CAND_03039,3.8,46.0,Bacharelado,Região Metropolitana,Híbrido,Masculino,Branca,0.8132578111166043
CAND_03040,3.0,24.0,Bacharelado,Capitais,Híbrido,Masculino,Amarela,0.4837060075573411
CAND_03041,6.6,64.0,Mestrado,Capitais,Remoto,Feminino,Branca,0.552290488123409
CAND_03042,3.1,28.0,Mestrado,Região Metropolitana,Híbrido,Feminino,Parda,0.23085240162043807
CAND_03043,6.9,46.0,Doutorado,Interior,Híbrido,Masculino,Branca,0.7136291656053596
CAND_03044,7.4,30.0,Mestrado,Capitais,Híbrido,Feminino,Branca,0.3520347649693482
CAND_03045,7.8,27.0,Bacharelado,Capitais,Presencial,Masculino,Preta,0.3328574899242302
CAND_03046,1.6,63.0,Bacharelado,Capitais,Presencial,Masculino,Amarela,0.6019484039621318
CAND_03047,4.5,64.0,Bacharelado,Capitais,Híbrido,Feminino,Preta,0.052363628566578335
CAND_03048,3.7,52.0,Bacharelado,Interior,Presencial,Feminino,Preta,0.0
CAND_03049,6.2,65.0,Doutorado,Região Metropolitana,Presencial,Não-binário,Branca,0.41913773344001914
CAND_03050,5.8,72.0,Bacharelado,Capitais,Presencial,Masculino,Branca,1.0
CAND_03051,4.6,44.0,Bacharelado,Capitais,Híbrido,Feminino,Branca,0.5355820300087832
CAND_03052,6.5,77.0,Bacharelado,Capitais,Híbrido,Masculino,Branca,1.0
CAND_03053,6.1,48.0,Mestrado,Interior,Híbrido,Masculino,Parda,0.6083081841267923
CAND_03054,6.6,67.0,Bacharelado,Capitais,Presencial,Masculino,Amarela,0.6438043121170115
CAND_03055,6.5,37.0,Mestrado,Região Metropolitana,Híbrido,Feminino,Branca,0.5788901084348074
CAND_03056,0.7,29.0,Bacharelado,Interior,Presencial,Masculino,Indígena,0.1851652895027935
CAND_03057,5.9,51.0,Bacharelado,Capitais,Híbrido,Feminino,Branca,0.6745997309244295
CAND_03058,6.1,35.0,Bacharelado,Região Metropolitana,Remoto,Feminino,Preta,0.0
CAND_03059,5.3,66.0,Bacharelado,Região Metropolitana,Remoto,Masculino,Amarela,0.5811365702578563
CAND_03060,8.3,50.0,Doutorado,Região Metropolitana,Híbrido,Masculino,Amarela,0.7092266763188452
CAND_03061,2.0,50.0,Bacharelado,Capitais,Híbrido,Masculino,Preta,0.4880381538158639
CAND_03062,4.1,57.0,Bacharelado,Capitais,Presencial,Masculino,Branca,0.9716058434762317
CAND_03063,8.3,43.0,Ensino Médio,Capitais,Remoto,Masculino,Indígena,0.4140197186042717
CAND_03064,6.9,58.0,Mestrado,Região Metropolitana,Híbrido,Masculino,Branca,0.7834011760342284
CAND_03065,10.5,9.0,Bacharelado,Capitais,Remoto,Feminino,Parda,0.19978015729761298
CAND_03066,6.2,39.0,Bacharelado,Capitais,Híbrido,Feminino,Branca,0.5125248575828003
CAND_03067,4.7,39.0,Bacharelado,Região Metropolitana,Híbrido,Feminino,Branca,0.33265916951899543
CAND_03068,5.2,39.0,Bacharelado,Capitais,Remoto,Feminino,Branca,0.3634404609314229
CAND_03069,3.8,66.0,Mestrado,Interior,Híbrido,Masculino,Branca,0.6888144249741487
CAND_03070,6.1,36.0,Ensino Médio,Região Metropolitana,Presencial,Masculino,Parda,0.535221020698779
CAND_03071,5.1,66.0,Mestrado,Interior,Híbrido,Masculino,Branca,0.8253648294036152
CAND_03072,4.3,66.0,Bacharelado,Interior,Remoto,Masculino,Preta,0.07975892125506141
CAND_03073,4.5,29.0,Bacharelado,Capitais,Remoto,Masculino,Parda,0.7682832848759629
CAND_03074,0.0,59.0,Mestrado,Capitais,Híbrido,Masculino,Branca,0.870199954907899
CAND_03075,5.2,34.0,Mestrado,Região Metropolitana,Presencial,Feminino,Branca,0.5023122297030422
CAND_03076,10.9,68.0,Mestrado,Região Metropolitana,Híbrido,Feminino,Branca,0.7007937368954826
CAND_03077,5.2,67.0,Doutorado,Capitais,Remoto,Masculino,Branca,1.0
CAND_03078,7.8,43.0,Doutorado,Capitais,Presencial,Masculino,Branca,1.0
CAND_03079,7.8,41.0,Ensino Médio,Capitais,Remoto,Masculino,Branca,0.8660439248378082
CAND_03080,8.5,54.0,Bacharelado,Capitais,Híbrido,Masculino,Preta,0.6551726117319335
CAND_03081,2.9,56.0,Bacharelado,Capitais,Presencial,Masculino,Branca,1.0
CAND_03082,7.4,36.0,Bacharelado,Região Metropolitana,Híbrido,Masculino,Parda,0.663344212957931
CAND_03083,5.6,55.0,Doutorado,Região Metropolitana,Remoto,Masculino,Branca,1.0
CAND_03084,5.4,57.0,Bacharelado,Região Metropolitana,Híbrido,Masculino,Branca,0.8806390226181497
CAND_03085,2.9,47.0,Bacharelado,Capitais,Híbrido,Feminino,Amarela,0.05839608370270059
CAND_03086,5.8,83.0,Mestrado,Região Metropolitana,Remoto,Masculino,Amarela,0.5804891979218445
CAND_03087,6.8,62.0,Mestrado,Capitais,Remoto,Feminino,Indígena,0.5015710815080983
CAND_03088,1.7,55.0,Bacharelado,Capitais,Presencial,Masculino,Branca,1.0
CAND_03089,2.7,45.0,Mestrado,Capitais,Híbrido,Feminino,Branca,0.5498290595499824
CAND_03090,3.7,39.0,Bacharelado,Capitais,Híbrido,Feminino,Branca,0.42148242397148056
CAND_03091,0.0,25.0,Bacharelado,Região Metropolitana,Híbrido,Não-binário,Branca,0.25045455595785027
CAND_03092,3.8,43.0,Mestrado,Capitais,Remoto,Masculino,Preta,0.49324834609478313
CAND_03093,7.9,19.0,Mestrado,Capitais,Híbrido,Masculino,Branca,0.7964151752714842
CAND_03094,5.1,29.0,Ensino Médio,Capitais,Remoto,Feminino,Branca,0.4409468267443716
CAND_03095,6.9,40.0,Bacharelado,Capitais,Remoto,Feminino,Branca,0.8039041094333679
CAND_03096,5.2,64.0,Bacharelado,Interior,Híbrido,Masculino,Indígena,0.46420908853405896
CAND_03097,1.7,56.0,Doutorado,Capitais,Remoto,Feminino,Branca,0.5895725621025462
CAND_03098,5.7,58.0,Mestrado,Região Metropolitana,Presencial,Feminino,Amarela,0.18085816717596345
CAND_03099,5.7,61.0,Bacharelado,Capitais,Remoto,Masculino,Parda,0.7769160150297995
CAND_03100,1.2,59.0,Bacharelado,Região Metropolitana,Remoto,Masculino,Branca,0.7831134384344715
CAND_03101,7.1,33.0,Ensino Médio,Capitais,Remoto,Feminino,Preta,0.12516626893942284
CAND_03102,4.0,18.0,Bacharelado,Região Metropolitana,Remoto,Feminino,Amarela,0.18295104813485424
CAND_03103,5.6,51.0,Mestrado,Região Metropolitana,Híbrido,Masculino,Preta,0.46725119639597806
CAND_03104,8.3,60.0,Bacharelado,Região Metropolitana,Presencial,Masculino,Amarela,0.42372660723927835
CAND_03105,0.0,42.0,Mestrado,Capitais,Presencial,Masculino,Parda,0.766023413098134
CAND_03106,10.3,46.0,Doutorado,Região Metropolitana,Híbrido,Feminino,Branca,0.514300988367636
CAND_03107,3.2,45.0,Bacharelado,Região Metropolitana,Remoto,Feminino,Amarela,0.00033531946863697704
CAND_03108,1.9,56.0,Bacharelado,Capitais,Híbrido,Masculino,Preta,0.31602737799983227
CAND_03109,7.6,37.0,Bacharelado,Capitais,Híbrido,Masculino,Branca,0.8872301013220515
CAND_03110,6.1,78.0,Bacharelado,Capitais,Remoto,Feminino,Parda,0.6446773317674035
CAND_03111,3.9,47.0,Ensino Médio,Região Metropolitana,Presencial,Masculino,Branca,0.8752792758425123
CAND_03112,8.8,42.0,Ensino Médio,Capitais,Híbrido,Masculino,Branca,0.8526406837550828
CAND_03113,3.3,47.0,Bacharelado,Região Metropolitana,Híbrido,Masculino,Branca,0.8434447081954692
CAND_03114,4.4,65.0,Bacharelado,Região Metropolitana,Remoto,Não-binário,Preta,0.0
CAND_03115,1.8,44.0,Bacharelado,Capitais,Híbrido,Masculino,Branca,0.8292024309274011
CAND_03116,4.2,38.0,Mestrado,Interior,Presencial,Feminino,Preta,0.0
CAND_03117,9.0,49.0,Bacharelado,Capitais,Presencial,Masculino,Branca,1.0
CAND_03118,6.3,48.0,Bacharelado,Capitais,Presencial,Masculino,Amarela,0.6334477038618915
CAND_03119,7.2,44.0,Bacharelado,Capitais,Remoto,Feminino,Branca,0.5534214551506331
CAND_03120,5.0,44.0,Bacharelado,Região Metropolitana,Presencial,Masculino,Branca,0.7699898573953328
CAND_03121,3.6,47.0,Bacharelado,Capitais,Híbrido,Feminino,Amarela,0.11902595675427118
CAND_03122,4.2,29.0,Bacharelado,Capitais,Remoto,Feminino,Branca,0.34867756965813984
CAND_03123,3.4,55.0,Mestrado,Capitais,Remoto,Feminino,Branca,0.45166775707797435
CAND_03124,2.2,43.0,Bacharelado,Capitais,Remoto,Masculino,Indígena,0.43418727189944006
CAND_03125,7.6,72.0,Bacharelado,Capitais,Remoto,Masculino,Parda,0.8326692190564771
CAND_03126,3.8,73.0,Doutorado,Capitais,Presencial,Masculino,Branca,1.0
CAND_03127,2.7,59.0,Bacharelado,Capitais,Presencial,Masculino,Branca,1.0
CAND_03128,3.2,63.0,Bacharelado,Capitais,Híbrido,Feminino,Parda,0.32746845286354936
CAND_03129,7.3,54.0,Bacharelado,Interior,Presencial,Feminino,Branca,0.3733125477886501
CAND_03130,3.8,49.0,Bacharelado,Capitais,Presencial,Masculino,Branca,0.8742563571290891
CAND_03131,4.4,68.0,Mestrado,Capitais,Presencial,Masculino,Amarela,0.7633888929926766
CAND_03132,1.6,43.0,Bacharelado,Capitais,Presencial,Masculino,Amarela,0.46077506813480645
CAND_03133,3.2,56.0,Bacharelado,Região Metropolitana,Presencial,Masculino,Preta,0.36769540996507033
CAND_03134,4.1,36.0,Bacharelado,Região Metropolitana,Remoto,Masculino,Branca,0.7895539394719124
CAND_03135,2.1,49.0,Bacharelado,Interior,Remoto,Masculino,Parda,0.6041073800257573
CAND_03136,7.1,42.0,Bacharelado,Capitais,Remoto,Feminino,Parda,0.39432092529218626
CAND_03137,10.0,75.0,Mestrado,Capitais,Remoto,Não-binário,Amarela,0.21873471784400186
CAND_03138,4.6,76.0,Mestrado,Capitais,Remoto,Feminino,Branca,0.7448845621450558
CAND_03139,6.6,47.0,Bacharelado,Capitais,Remoto,Masculino,Preta,0.5089549577537448
CAND_03140,6.4,43.0,Bacharelado,Capitais,Remoto,Masculino,Branca,1.0
CAND_03141,8.1,47.0,Doutorado,Região Metropolitana,Remoto,Feminino,Branca,0.8148677941253534
CAND_03142,11.1,57.0,Bacharelado,Capitais,Remoto,Masculino,Branca,1.0
CAND_03143,0.0,41.0,Doutorado,Interior,Híbrido,Masculino,Preta,0.08647968085483589
CAND_03144,4.9,56.0,Bacharelado,Capitais,Presencial,Masculino,Branca,0.87991508971362
CAND_03145,8.3,63.0,Ensino Médio,Capitais,Presencial,Feminino,Branca,0.6397188301213972
CAND_03146,2.3,64.0,Ensino Médio,Capitais,Remoto,Masculino,Preta,0.2833011789173023
CAND_03147,3.0,57.0,Bacharelado,Capitais,Híbrido,Masculino,Branca,0.8855345721814514
CAND_03148,4.8,47.0,Bacharelado,Região Metropolitana,Remoto,Masculino,Branca,0.9877592110755102
CAND_03149,5.4,63.0,Mestrado,Capitais,Híbrido,Masculino,Branca,1.0
CAND_03150,9.6,77.0,Bacharelado,Região Metropolitana,Remoto,Masculino,Branca,0.8727627596747223
CAND_03151,4.2,46.0,Bacharelado,Capitais,Presencial,Feminino,Preta,0.07283424524693313
CAND_03152,6.7,38.0,Bacharelado,Região Metropolitana,Híbrido,Feminino,Amarela,0.09509043162380293
CAND_03153,8.9,41.0,Mestrado,Capitais,Híbrido,Feminino,Amarela,0.23449310437620483
CAND_03154,6.4,54.0,Bacharelado,Capitais,Híbrido,Feminino,Parda,0.5031040621873332
CAND_03155,7.9,66.0,Mestrado,Interior,Presencial,Masculino,Branca,0.7209326494649733
CAND_03156,4.8,51.0,Bacharelado,Capitais,Híbrido,Não-binário,Branca,0.3632339475703011
CAND_03157,5.1,46.0,Bacharelado,Região Metropolitana,Remoto,Feminino,Branca,0.4495454781744185
CAND_03158,11.8,42.0,Ensino Médio,Capitais,Híbrido,Masculino,Branca,1.0
CAND_03159,7.1,62.0,Doutorado,Região Metropolitana,Remoto,Masculino,Branca,0.9814254922720479
CAND_03160,4.1,53.0,Bacharelado,Região Metropolitana,Híbrido,Masculino,Branca,0.759975864387508
CAND_03161,7.0,70.0,Bacharelado,Capitais,Remoto,Masculino,Branca,1.0
CAND_03162,2.3,39.0,Ensino Médio,Capitais,Presencial,Masculino,Branca,0.6981382658230524
CAND_03163,5.1,62.0,Bacharelado,Capitais,Híbrido,Masculino,Amarela,0.6765705628713743
CAND_03164,1.1,44.0,Bacharelado,Capitais,Híbrido,Feminino,Branca,0.4332610121927018
CAND_03165,4.7,54.0,Bacharelado,Capitais,Presencial,Feminino,Branca,0.6601984278325027
CAND_03166,5.7,36.0,Ensino Médio,Capitais,Híbrido,Masculino,Branca,0.8450837235175891
CAND_03167,8.6,46.0,Ensino Médio,Interior,Presencial,Masculino,Branca,0.5865827179087532
CAND_03168,5.0,67.0,Bacharelado,Capitais,Presencial,Masculino,Branca,0.8929656912881834
CAND_03169,0.5,40.0,Bacharelado,Região Metropolitana,Presencial,Masculino,Parda,0.5625266955457074
CAND_03170,1.2,32.0,Bacharelado,Capitais,Remoto,Masculino,Parda,0.6908970464600582
CAND_03171,4.2,45.0,Mestrado,Capitais,Remoto,Masculino,Branca,0.8802971930990451
CAND_03172,0.8,57.0,Ensino Médio,Região Metropolitana,Híbrido,Masculino,Branca,0.7381336816793578
CAND_03173,0.0,79.0,Bacharelado,Capitais,Remoto,Masculino,Branca,0.7988564542621807
CAND_03174,1.4,35.0,Bacharelado,Região Metropolitana,Presencial,Masculino,Preta,0.21434939551189064
CAND_03175,1.7,29.0,Bacharelado,Capitais,Híbrido,Masculino,Branca,0.7603982621954563
CAND_03176,2.9,71.0,Bacharelado,Interior,Presencial,Masculino,Branca,0.7252551759193799
CAND_03177,5.7,55.0,Bacharelado,Capitais,Remoto,Masculino,Amarela,0.5145365228129963
CAND_03178,2.1,61.0,Bacharelado,Capitais,Híbrido,Masculino,Parda,0.8767606954752939
CAND_03179,4.5,54.0,Mestrado,Capitais,Híbrido,Masculino,Indígena,0.7415809627192229
CAND_03180,8.1,43.0,Bacharelado,Capitais,Presencial,Feminino,Branca,0.5516471078045823
CAND_03181,4.1,61.0,Mestrado,Capitais,Híbrido,Masculino,Branca,0.9868851328699689
CAND_03182,6.7,38.0,Doutorado,Capitais,Híbrido,Masculino,Branca,0.9018284848489421
CAND_03183,0.7,49.0,Mestrado,Capitais,Remoto,Feminino,Parda,0.46383252503108285
CAND_03184,5.8,51.0,Ensino Médio,Capitais,Remoto,Feminino,Branca,0.5593530161970742
CAND_03185,7.1,45.0,Mestrado,Região Metropolitana,Presencial,Feminino,Branca,0.5866575199058315
CAND_03186,7.0,55.0,Bacharelado,Capitais,Remoto,Feminino,Amarela,0.35913033721376797
CAND_03187,1.7,43.0,Mestrado,Capitais,Remoto,Masculino,Preta,0.43158354844252456
CAND_03188,4.8,39.0,Bacharelado,Região Metropolitana,Híbrido,Masculino,Branca,0.9536556432168338
CAND_03189,7.1,81.0,Mestrado,Região Metropolitana,Remoto,Feminino,Amarela,0.34661962461096363
CAND_03190,3.4,81.0,Bacharelado,Interior,Remoto,Masculino,Parda,0.7653639707571739
CAND_03191,0.1,16.0,Bacharelado,Capitais,Presencial,Feminino,Branca,0.3333674814890026
CAND_03192,9.6,71.0,Bacharelado,Capitais,Remoto,Masculino,Branca,1.0
CAND_03193,6.9,37.0,Mestrado,Capitais,Remoto,Masculino,Amarela,0.5889230021589015
CAND_03194,1.7,95.0,Bacharelado,Região Metropolitana,Presencial,Masculino,Amarela,0.7050990293456012
CAND_03195,8.5,57.0,Mestrado,Capitais,Híbrido,Masculino,Branca,1.0
CAND_03196,7.3,48.0,Bacharelado,Capitais,Remoto,Masculino,Preta,0.403371782131186
CAND_03197,8.7,31.0,Bacharelado,Capitais,Presencial,Masculino,Amarela,0.601867105541329
CAND_03198,2.3,37.0,Bacharelado,Capitais,Presencial,Masculino,Branca,0.8347337681364067
CAND_03199,1.7,61.0,Ensino Médio,Capitais,Remoto,Masculino,Branca,0.7596498468506325
CAND_03200,7.4,52.0,Doutorado,Capitais,Híbrido,Feminino,Branca,0.6584150919522913
CAND_03201,4.1,24.0,Bacharelado,Região Metropolitana,Híbrido,Feminino,Branca,0.4229332392444094
CAND_03202,5.6,33.0,Ensino Médio,Região Metropolitana,Híbrido,Feminino,Branca,0.353085857159348
CAND_03203,5.2,47.0,Mestrado,Região Metropolitana,Híbrido,Masculino,Branca,0.8317027088826784
CAND_03204,8.2,88.0,Bacharelado,Região Metropolitana,Híbrido,Masculino,Branca,0.9908269126534962
CAND_03205,8.5,42.0,Bacharelado,Capitais,Presencial,Feminino,Preta,0.1571189752396362
CAND_03206,3.5,36.0,Bacharelado,Interior,Presencial,Masculino,Branca,0.5277228452113337
CAND_03207,4.8,43.0,Bacharelado,Capitais,Híbrido,Feminino,Amarela,0.27197166658578137
CAND_03208,5.5,81.0,Ensino Médio,Capitais,Remoto,Masculino,Preta,0.7671360900944592
CAND_03209,4.8,90.0,Bacharelado,Região Metropolitana,Remoto,Masculino,Branca,0.9526716077699234
CAND_03210,2.7,37.0,Bacharelado,Região Metropolitana,Presencial,Masculino,Parda,0.7224166221737143
CAND_03211,3.7,49.0,Doutorado,Região Metropolitana,Híbrido,Masculino,Amarela,0.5820494563890116
CAND_03212,3.0,23.0,Bacharelado,Região Metropolitana,Híbrido,Não-binário,Branca,0.1552813914817326
CAND_03213,3.4,53.0,Mestrado,Capitais,Híbrido,Feminino,Parda,0.5214933646867999
CAND_03214,5.2,52.0,Bacharelado,Capitais,Presencial,Feminino,Branca,0.620007060111377
CAND_03215,1.7,56.0,Bacharelado,Capitais,Remoto,Masculino,Indígena,0.736738209677881
CAND_03216,5.3,59.0,Ensino Médio,Capitais,Híbrido,Feminino,Preta,0.03284981739799803
CAND_03217,3.8,46.0,Bacharelado,Interior,Híbrido,Feminino,Preta,0.0
CAND_03218,5.6,26.0,Bacharelado,Capitais,Presencial,Masculino,Branca,1.0
CAND_03219,2.4,48.0,Bacharelado,Capitais,Remoto,Feminino,Branca,0.3267050924989068
CAND_03220,4.8,28.0,Bacharelado,Capitais,Híbrido,Feminino,Preta,0.0
CAND_03221,4.7,11.0,Bacharelado,Interior,Presencial,Masculino,Branca,0.7284526710619597
CAND_03222,10.8,56.0,Bacharelado,Região Metropolitana,Presencial,Masculino,Branca,1.0
CAND_03223,0.0,44.0,Bacharelado,Capitais,Remoto,Masculino,Preta,0.2518674045380462
CAND_03224,4.8,41.0,Mestrado,Capitais,Híbrido,Masculino,Amarela,0.3238128314916861
CAND_03225,5.2,53.0,Mestrado,Capitais,Presencial,Masculino,Preta,0.449088131917198
CAND_03226,4.3,48.0,Mestrado,Capitais,Híbrido,Feminino,Branca,0.6633860851919097
CAND_03227,2.6,35.0,Ensino Médio,Capitais,Presencial,Masculino,Branca,0.8602212212706328
CAND_03228,6.6,47.0,Bacharelado,Capitais,Híbrido,Masculino,Branca,1.0
CAND_03229,10.3,43.0,Ensino Médio,Região Metropolitana,Remoto,Feminino,Amarela,0.0
CAND_03230,6.0,56.0,Mestrado,Capitais,Presencial,Masculino,Parda,0.8864816248499058
CAND_03231,4.1,40.0,Bacharelado,Região Metropolitana,Presencial,Masculino,Branca,0.8360842665416699
CAND_03232,2.5,43.0,Bacharelado,Capitais,Remoto,Feminino,Amarela,0.1140886877822821
CAND_03233,6.2,40.0,Bacharelado,Capitais,Remoto,Feminino,Parda,0.1940385574539056
CAND_03234,3.7,23.0,Mestrado,Capitais,Presencial,Masculino,Preta,0.32114024758413096
CAND_03235,8.5,61.0,Mestrado,Interior,Presencial,Feminino,Branca,0.6229723477814891
CAND_03236,10.0,45.0,Doutorado,Região Metropolitana,Presencial,Feminino,Branca,0.7258535169446906
CAND_03237,8.7,55.0,Doutorado,Capitais,Híbrido,Feminino,Branca,0.928707939973222
CAND_03238,2.0,51.0,Mestrado,Interior,Híbrido,Masculino,Branca,0.687772105517251
CAND_03239,6.0,49.0,Ensino Médio,Capitais,Presencial,Feminino,Parda,0.36934799693817166
CAND_03240,6.0,57.0,Bacharelado,Região Metropolitana,Presencial,Feminino,Branca,0.5527019035671704
CAND_03241,6.9,47.0,Doutorado,Capitais,Híbrido,Feminino,Branca,0.7898602494505762
CAND_03242,2.7,44.0,Mestrado,Capitais,Presencial,Feminino,Branca,0.4719514032218474
CAND_03243,5.6,82.0,Mestrado,Região Metropolitana,Remoto,Masculino,Parda,0.9049791164817529
CAND_03244,7.5,32.0,Bacharelado,Capitais,Híbrido,Masculino,Branca,0.9495760057770588
CAND_03245,3.3,41.0,Doutorado,Interior,Híbrido,Feminino,Parda,0.0
CAND_03246,7.9,58.0,Bacharelado,Capitais,Presencial,Masculino,Branca,1.0
CAND_03247,0.6,60.0,Bacharelado,Região Metropolitana,Remoto,Masculino,Indígena,0.5783737909851463
CAND_03248,6.2,53.0,Bacharelado,Capitais,Presencial,Feminino,Indígena,0.17043304784392238
CAND_03249,2.3,64.0,Bacharelado,Capitais,Presencial,Masculino,Branca,0.9470653422168385
CAND_03250,3.5,50.0,Bacharelado,Capitais,Remoto,Masculino,Branca,0.9943952484976767
CAND_03251,5.7,30.0,Bacharelado,Região Metropolitana,Remoto,Masculino,Branca,0.8552086120024388
CAND_03252,7.7,50.0,Bacharelado,Região Metropolitana,Presencial,Não-binário,Branca,0.4026982312031701
CAND_03253,1.3,58.0,Bacharelado,Capitais,Presencial,Masculino,Parda,0.8809834267047822
CAND_03254,4.6,44.0,Bacharelado,Região Metropolitana,Híbrido,Masculino,Branca,0.9080878903061194
CAND_03255,0.3,39.0,Bacharelado,Região Metropolitana,Híbrido,Masculino,Amarela,0.3306956019026733
CAND_03256,1.8,56.0,Bacharelado,Capitais,Híbrido,Masculino,Branca,0.850566595791146
CAND_03257,8.1,16.0,Mestrado,Capitais,Híbrido,Masculino,Amarela,0.6011429247513733
CAND_03258,0.0,71.0,Mestrado,Capitais,Presencial,Masculino,Branca,0.7070604044252309
CAND_03259,5.6,39.0,Bacharelado,Capitais,Remoto,Feminino,Preta,0.0
CAND_03260,6.7,48.0,Bacharelado,Região Metropolitana,Presencial,Masculino,Branca,0.9610678979100029
CAND_03261,9.6,30.0,Mestrado,Interior,Híbrido,Feminino,Branca,0.41623653412726114
CAND_03262,4.0,53.0,Bacharelado,Capitais,Híbrido,Masculino,Branca,0.896889139592339
CAND_03263,6.2,58.0,Bacharelado,Interior,Presencial,Masculino,Amarela,0.38759977409827223
CAND_03264,2.4,58.0,Mestrado,Capitais,Híbrido,Masculino,Branca,1.0
CAND_03265,4.1,44.0,Bacharelado,Capitais,Híbrido,Feminino,Parda,0.2509068659569978
CAND_03266,1.0,19.0,Bacharelado,Região Metropolitana,Híbrido,Masculino,Branca,0.5479414718942084
CAND_03267,5.0,36.0,Ensino Médio,Capitais,Híbrido,Masculino,Branca,0.8013732260727056
CAND_03268,3.8,73.0,Mestrado,Capitais,Remoto,Feminino,Branca,0.6355257737289897
CAND_03269,9.4,55.0,Mestrado,Capitais,Híbrido,Feminino,Preta,0.2435199610338129
CAND_03270,4.2,37.0,Mestrado,Região Metropolitana,Híbrido,Feminino,Branca,0.5386413550940947
CAND_03271,6.7,48.0,Ensino Médio,Capitais,Presencial,Feminino,Branca,0.6088101321825068
CAND_03272,2.3,48.0,Bacharelado,Capitais,Remoto,Feminino,Branca,0.3435549163904177
CAND_03273,7.7,35.0,Ensino Médio,Região Metropolitana,Híbrido,Feminino,Branca,0.5143459880920251
CAND_03274,0.5,35.0,Bacharelado,Interior,Híbrido,Masculino,Preta,0.0
CAND_03275,6.8,76.0,Mestrado,Capitais,Híbrido,Masculino,Branca,1.0
CAND_03276,8.0,63.0,Mestrado,Capitais,Presencial,Masculino,Branca,1.0
CAND_03277,0.7,26.0,Mestrado,Região Metropolitana,Híbrido,Masculino,Preta,0.19306420770885063
CAND_03278,3.4,36.0,Bacharelado,Região Metropolitana,Presencial,Feminino,Preta,0.0
CAND_03279,0.8,45.0,Bacharelado,Capitais,Presencial,Não-binário,Amarela,0.0
CAND_03280,7.2,39.0,Bacharelado,Capitais,Remoto,Masculino,Branca,1.0
CAND_03281,0.9,32.0,Bacharelado,Capitais,Híbrido,Feminino,Branca,0.5103438761983868
CAND_03282,7.5,65.0,Bacharelado,Região Metropolitana,Remoto,Feminino,Branca,0.5256220019757779
CAND_03283,6.5,48.0,Bacharelado,Região Metropolitana,Remoto,Feminino,Branca,0.6207162577562124
CAND_03284,5.7,64.0,Bacharelado,Capitais,Presencial,Feminino,Branca,0.6738141548173631
CAND_03285,2.6,43.0,Bacharelado,Capitais,Remoto,Masculino,Branca,0.861295520279575
CAND_03286,1.8,38.0,Bacharelado,Capitais,Remoto,Masculino,Preta,0.4941166675939226
CAND_03287,10.0,41.0,Bacharelado,Capitais,Remoto,Masculino,Preta,0.48066142677508383
CAND_03288,1.9,30.0,Mestrado,Capitais,Remoto,Masculino,Branca,1.0
CAND_03289,4.8,49.0,Mestrado,Região Metropolitana,Remoto,Masculino,Branca,0.8733272082072456
CAND_03290,7.9,46.0,Bacharelado,Capitais,Híbrido,Feminino,Branca,0.3619669917085352
CAND_03291,2.3,48.0,Ensino Médio,Capitais,Híbrido,Masculino,Parda,0.7941055460807782
CAND_03292,1.4,19.0,Bacharelado,Capitais,Remoto,Não-binário,Branca,0.23433520358056517
CAND_03293,8.8,53.0,Bacharelado,Região Metropolitana,Híbrido,Masculino,Parda,0.8566551143891699
CAND_03294,5.3,76.0,Mestrado,Capitais,Híbrido,Masculino,Branca,0.9398304463169973
CAND_03295,5.5,41.0,Mestrado,Capitais,Remoto,Masculino,Branca,1.0
CAND_03296,5.2,35.0,Ensino Médio,Capitais,Híbrido,Masculino,Branca,0.8845034039678051
CAND_03297,3.4,36.0,Bacharelado,Capitais,Presencial,Masculino,Amarela,0.5133031457000118
CAND_03298,8.1,80.0,Mestrado,Capitais,Remoto,Masculino,Branca,1.0
CAND_03299,5.8,62.0,Ensino Médio,Capitais,Presencial,Masculino,Preta,0.4034986692409008
CAND_03300,4.4,76.0,Ensino Médio,Capitais,Presencial,Feminino,Branca,0.6245975629109108
CAND_03301,1.4,57.0,Bacharelado,Capitais,Híbrido,Masculino,Amarela,0.6770229801417864
CAND_03302,5.2,20.0,Bacharelado,Região Metropolitana,Presencial,Masculino,Amarela,0.25944275214513146
CAND_03303,6.3,46.0,Bacharelado,Região Metropolitana,Presencial,Masculino,Preta,0.23131484076753117
CAND_03304,3.2,49.0,Bacharelado,Região Metropolitana,Remoto,Masculino,Branca,0.7087188095187826
CAND_03305,0.0,23.0,Bacharelado,Capitais,Remoto,Masculino,Parda,0.6075692743343853
CAND_03306,4.0,56.0,Bacharelado,Região Metropolitana,Híbrido,Masculino,Branca,0.8055610176067114
CAND_03307,10.0,47.0,Bacharelado,Interior,Híbrido,Masculino,Amarela,0.4398455537457577
CAND_03308,4.6,49.0,Bacharelado,Região Metropolitana,Híbrido,Masculino,Branca,0.8435621124359236
CAND_03309,4.6,50.0,Bacharelado,Capitais,Híbrido,Masculino,Branca,0.9782646637122523
CAND_03310,10.6,54.0,Bacharelado,Capitais,Remoto,Masculino,Branca,0.9879259181007125
CAND_03311,3.4,53.0,Bacharelado,Capitais,Remoto,Masculino,Preta,0.22327330774206283
CAND_03312,8.0,48.0,Bacharelado,Região Metropolitana,Híbrido,Feminino,Parda,0.35263085750852147
CAND_03313,5.2,68.0,Doutorado,Capitais,Híbrido,Masculino,Branca,1.0
CAND_03314,6.0,69.0,Mestrado,Capitais,Remoto,Masculino,Branca,1.0
CAND_03315,5.8,75.0,Mestrado,Região Metropolitana,Remoto,Feminino,Parda,0.5814756798996165
CAND_03316,2.6,41.0,Bacharelado,Capitais,Remoto,Masculino,Branca,0.7804407445345124
CAND_03317,7.4,48.0,Bacharelado,Capitais,Remoto,Masculino,Branca,1.0
CAND_03318,6.3,58.0,Bacharelado,Capitais,Híbrido,Feminino,Preta,0.12458662854353225
CAND_03319,2.5,43.0,Bacharelado,Capitais,Híbrido,Masculino,Amarela,0.4963925668666583
CAND_03320,0.0,68.0,Mestrado,Região Metropolitana,Remoto,Masculino,Preta,0.34846760689568335
CAND_03321,4.7,50.0,Bacharelado,Região Metropolitana,Remoto,Masculino,Branca,0.9137512960997616
CAND_03322,5.6,34.0,Bacharelado,Região Metropolitana,Remoto,Feminino,Branca,0.5913872724453824
CAND_03323,4.3,52.0,Bacharelado,Região Metropolitana,Híbrido,Masculino,Branca,0.7989496737691403
CAND_03324,4.2,46.0,Bacharelado,Capitais,Remoto,Masculino,Branca,0.9438217074381495
CAND_03325,4.9,64.0,Bacharelado,Região Metropolitana,Presencial,Feminino,Amarela,0.0
CAND_03326,7.4,61.0,Bacharelado,Interior,Híbrido,Masculino,Branca,0.7173767804842146
CAND_03327,3.4,47.0,Bacharelado,Região Metropolitana,Remoto,Feminino,Branca,0.34320497285929463
CAND_03328,2.8,41.0,Bacharelado,Região Metropolitana,Híbrido,Feminino,Branca,0.30577138691135475
CAND_03329,7.1,39.0,Bacharelado,Capitais,Híbrido,Masculino,Preta,0.597377108655587
CAND_03330,2.1,36.0,Bacharelado,Capitais,Híbrido,Masculino,Parda,0.5559105514519298
CAND_03331,0.0,21.0,Mestrado,Capitais,Presencial,Masculino,Branca,0.9299238196998614
CAND_03332,5.6,42.0,Bacharelado,Capitais,Remoto,Feminino,Branca,0.49690204322340126
CAND_03333,9.1,26.0,Ensino Médio,Capitais,Híbrido,Masculino,Branca,0.6872541353501059
CAND_03334,0.0,79.0,Bacharelado,Região Metropolitana,Remoto,Masculino,Branca,0.7420663985850604
CAND_03335,2.6,36.0,Mestrado,Capitais,Remoto,Masculino,Branca,0.8535404616408144
CAND_03336,6.5,30.0,Mestrado,Região Metropolitana,Remoto,Feminino,Amarela,0.0
CAND_03337,7.8,70.0,Bacharelado,Região Metropolitana,Híbrido,Masculino,Preta,0.40077497300452025
CAND_03338,2.6,36.0,Mestrado,Capitais,Presencial,Feminino,Parda,0.14128361986047278
CAND_03339,3.2,74.0,Bacharelado,Capitais,Remoto,Não-binário,Parda,0.4657375685522881
CAND_03340,7.5,49.0,Ensino Médio,Região Metropolitana,Remoto,Feminino,Branca,0.4237057048640098
CAND_03341,7.1,65.0,Bacharelado,Capitais,Híbrido,Masculino,Branca,1.0
CAND_03342,0.0,41.0,Mestrado,Capitais,Presencial,Feminino,Amarela,0.1294552268125728
CAND_03343,5.6,69.0,Mestrado,Interior,Híbrido,Feminino,Branca,0.2867259094609059
CAND_03344,7.7,62.0,Ensino Médio,Região Metropolitana,Remoto,Feminino,Indígena,0.17036964252439082
CAND_03345,3.3,52.0,Bacharelado,Região Metropolitana,Presencial,Masculino,Parda,0.9113148282013266
CAND_03346,4.0,42.0,Bacharelado,Capitais,Híbrido,Masculino,Parda,0.8773660406443594
CAND_03347,6.6,65.0,Bacharelado,Capitais,Híbrido,Feminino,Preta,0.12766893493144904
CAND_03348,1.3,44.0,Mestrado,Capitais,Presencial,Feminino,Amarela,0.025243881495484732
CAND_03349,8.6,66.0,Bacharelado,Capitais,Presencial,Masculino,Branca,1.0
CAND_03350,3.7,69.0,Mestrado,Região Metropolitana,Presencial,Feminino,Branca,0.557697079192476
CAND_03351,4.1,48.0,Mestrado,Capitais,Remoto,Feminino,Branca,0.5751912886588192
CAND_03352,5.7,64.0,Bacharelado,Região Metropolitana,Híbrido,Masculino,Parda,0.7205907370253035
CAND_03353,8.5,68.0,Bacharelado,Região Metropolitana,Remoto,Feminino,Branca,0.5077219305622103
CAND_03354,9.2,70.0,Bacharelado,Capitais,Híbrido,Feminino,Preta,0.24000029351091504
CAND_03355,6.9,56.0,Bacharelado,Capitais,Híbrido,Feminino,Indígena,0.5006648457442745
CAND_03356,8.0,34.0,Bacharelado,Capitais,Remoto,Masculino,Branca,1.0
CAND_03357,4.1,39.0,Ensino Médio,Capitais,Presencial,Masculino,Branca,0.8200783331407238
CAND_03358,0.0,73.0,Bacharelado,Capitais,Híbrido,Masculino,Branca,0.9738721637781991
CAND_03359,8.0,35.0,Bacharelado,Região Metropolitana,Híbrido,Masculino,Preta,0.4313997720271854
CAND_03360,3.9,59.0,Bacharelado,Capitais,Presencial,Masculino,Branca,1.0
CAND_03361,6.0,70.0,Doutorado,Capitais,Presencial,Masculino,Branca,1.0
CAND_03362,3.5,66.0,Bacharelado,Interior,Presencial,Masculino,Branca,0.7662559878457674
CAND_03363,1.1,71.0,Bacharelado,Interior,Presencial,Masculino,Branca,0.56650867188326
CAND_03364,0.0,66.0,Mestrado,Capitais,Híbrido,Masculino,Branca,1.0
CAND_03365,6.7,41.0,Bacharelado,Capitais,Remoto,Feminino,Preta,0.019141039121243167
CAND_03366,3.9,53.0,Bacharelado,Capitais,Presencial,Masculino,Branca,1.0
CAND_03367,1.8,48.0,Bacharelado,Capitais,Remoto,Masculino,Branca,0.980056138779573
CAND_03368,5.6,41.0,Bacharelado,Capitais,Híbrido,Masculino,Amarela,0.4228488530945298
CAND_03369,9.8,67.0,Bacharelado,Interior,Presencial,Masculino,Amarela,0.37061425386016394
CAND_03370,5.3,34.0,Bacharelado,Capitais,Remoto,Masculino,Preta,0.3146949540020438
CAND_03371,7.5,54.0,Bacharelado,Capitais,Híbrido,Feminino,Amarela,0.24448700384668723
CAND_03372,0.0,56.0,Bacharelado,Interior,Remoto,Masculino,Branca,0.625370728741663
CAND_03373,6.3,34.0,Mestrado,Região Metropolitana,Híbrido,Masculino,Branca,0.8707674958102181
CAND_03374,2.8,36.0,Mestrado,Região Metropolitana,Híbrido,Não-binário,Preta,0.0
CAND_03375,2.6,43.0,Bacharelado,Região Metropolitana,Híbrido,Masculino,Parda,0.8445654217928455
CAND_03376,1.4,51.0,Mestrado,Região Metropolitana,Remoto,Feminino,Branca,0.4399421325541554
CAND_03377,6.8,51.0,Bacharelado,Capitais,Remoto,Masculino,Branca,0.927968870813282
CAND_03378,4.8,53.0,Doutorado,Capitais,Remoto,Feminino,Branca,0.3892496387978577
CAND_03379,8.4,56.0,Ensino Médio,Região Metropolitana,Presencial,Masculino,Preta,0.3696785509467611
CAND_03380,6.7,64.0,Bacharelado,Capitais,Híbrido,Feminino,Preta,0.007957964679569246
CAND_03381,10.0,43.0,Bacharelado,Capitais,Presencial,Feminino,Indígena,0.20772116180005085
CAND_03382,3.8,35.0,Bacharelado,Região Metropolitana,Remoto,Masculino,Preta,0.4407818212712732
CAND_03383,3.0,70.0,Mestrado,Capitais,Híbrido,Masculino,Preta,0.6601456579108288
CAND_03384,6.1,23.0,Bacharelado,Capitais,Presencial,Feminino,Amarela,0.13354777486174907
CAND_03385,11.7,42.0,Mestrado,Capitais,Presencial,Não-binário,Branca,0.445695179316947
CAND_03386,0.0,50.0,Bacharelado,Capitais,Híbrido,Masculino,Branca,0.723678530177279
CAND_03387,2.4,62.0,Mestrado,Região Metropolitana,Híbrido,Masculino,Branca,0.8796465124116639
CAND_03388,4.9,63.0,Bacharelado,Capitais,Híbrido,Masculino,Branca,0.9083373569798971
CAND_03389,7.5,67.0,Mestrado,Capitais,Híbrido,Masculino,Preta,0.6532468219674655
CAND_03390,5.6,54.0,Bacharelado,Região Metropolitana,Remoto,Masculino,Branca,0.970848458109604
CAND_03391,8.7,60.0,Bacharelado,Região Metropolitana,Presencial,Masculino,Amarela,0.4004505731918393
CAND_03392,5.3,25.0,Bacharelado,Capitais,Híbrido,Feminino,Branca,0.4540631417449407
CAND_03393,3.4,63.0,Bacharelado,Capitais,Remoto,Masculino,Branca,1.0
CAND_03394,9.0,39.0,Bacharelado,Capitais,Remoto,Masculino,Branca,0.8766088803272365
CAND_03395,6.9,38.0,Bacharelado,Região Metropolitana,Presencial,Feminino,Parda,0.38821000244596454
CAND_03396,6.2,38.0,Bacharelado,Região Metropolitana,Híbrido,Não-binário,Preta,0.0
CAND_03397,3.3,44.0,Mestrado,Região Metropolitana,Presencial,Masculino,Branca,0.7703420481309574
CAND_03398,8.3,43.0,Mestrado,Capitais,Presencial,Feminino,Branca,0.44403299492247694
CAND_03399,0.0,59.0,Bacharelado,Interior,Remoto,Masculino,Branca,0.5618974455973642
CAND_03400,2.7,35.0,Ensino Médio,Região Metropolitana,Híbrido,Masculino,Preta,0.28691092049475436
CAND_03401,1.3,71.0,Bacharelado,Capitais,Híbrido,Masculino,Preta,0.3045879585868613
CAND_03402,0.0,69.0,Bacharelado,Capitais,Presencial,Masculino,Branca,0.9833029246692797
CAND_03403,0.0,33.0,Bacharelado,Região Metropolitana,Remoto,Masculino,Branca,0.5171080244350044
CAND_03404,4.4,54.0,Ensino Médio,Região Metropolitana,Presencial,Masculino,Branca,0.8867201474092937
CAND_03405,2.7,64.0,Ensino Médio,Capitais,Remoto,Não-binário,Branca,0.5302744448263719
CAND_03406,3.1,36.0,Bacharelado,Capitais,Remoto,Feminino,Preta,0.0
CAND_03407,7.6,49.0,Mestrado,Região Metropolitana,Presencial,Masculino,Branca,0.8829974105683442
CAND_03408,0.9,38.0,Bacharelado,Capitais,Presencial,Feminino,Amarela,0.04996878923434708
CAND_03409,7.2,24.0,Bacharelado,Região Metropolitana,Presencial,Masculino,Branca,0.8798778325274406
CAND_03410,3.1,65.0,Bacharelado,Região Metropolitana,Híbrido,Feminino,Parda,0.4595456777426541
CAND_03411,0.0,41.0,Bacharelado,Região Metropolitana,Híbrido,Masculino,Indígena,0.3104015610480522
CAND_03412,7.0,58.0,Mestrado,Região Metropolitana,Remoto,Masculino,Amarela,0.5629976819656023
CAND_03413,5.3,69.0,Bacharelado,Interior,Presencial,Feminino,Preta,0.0
CAND_03414,3.0,71.0,Bacharelado,Capitais,Híbrido,Masculino,Branca,1.0
CAND_03415,3.7,56.0,Ensino Médio,Capitais,Remoto,Masculino,Branca,1.0
CAND_03416,8.1,37.0,Doutorado,Região Metropolitana,Híbrido,Masculino,Branca,1.0
CAND_03417,9.4,55.0,Bacharelado,Capitais,Presencial,Não-binário,Branca,0.29523200517634274
CAND_03418,4.3,57.0,Bacharelado,Região Metropolitana,Híbrido,Masculino,Branca,0.7153462731312089
CAND_03419,1.3,50.0,Bacharelado,Região Metropolitana,Remoto,Masculino,Branca,0.8545916456144552
CAND_03420,2.2,34.0,Mestrado,Interior,Remoto,Masculino,Branca,0.47695361176406476
CAND_03421,6.8,89.0,Doutorado,Capitais,Híbrido,Masculino,Branca,1.0
CAND_03422,3.4,46.0,Mestrado,Capitais,Presencial,Feminino,Branca,0.6407969949917631
CAND_03423,10.6,51.0,Bacharelado,Interior,Remoto,Não-binário,Preta,0.0
CAND_03424,2.7,46.0,Bacharelado,Região Metropolitana,Presencial,Masculino,Branca,0.9231810517273673
CAND_03425,7.4,52.0,Bacharelado,Capitais,Presencial,Masculino,Parda,0.7928793129294015
CAND_03426,2.9,80.0,Ensino Médio,Capitais,Remoto,Masculino,Branca,0.9638502932931595
CAND_03427,9.1,61.0,Ensino Médio,Capitais,Híbrido,Masculino,Preta,0.48162480299399657
CAND_03428,5.6,49.0,Bacharelado,Capitais,Remoto,Masculino,Branca,0.9757329212412656
CAND_03429,1.1,49.0,Mestrado,Região Metropolitana,Remoto,Feminino,Branca,0.34248020609802204
CAND_03430,5.4,57.0,Bacharelado,Região Metropolitana,Presencial,Masculino,Branca,0.8296551629520472
CAND_03431,5.2,60.0,Ensino Médio,Interior,Remoto,Feminino,Branca,0.17960780202762938
CAND_03432,4.1,38.0,Mestrado,Capitais,Híbrido,Feminino,Amarela,0.2635121465108798
CAND_03433,10.7,37.0,Bacharelado,Capitais,Híbrido,Masculino,Branca,0.7835070937415248
CAND_03434,11.8,43.0,Bacharelado,Capitais,Presencial,Feminino,Branca,0.5764042973909672
CAND_03435,5.7,47.0,Mestrado,Capitais,Híbrido,Masculino,Amarela,0.5750497423471936
CAND_03436,6.8,29.0,Doutorado,Região Metropolitana,Presencial,Masculino,Branca,0.9288301533231886
CAND_03437,3.1,70.0,Mestrado,Capitais,Presencial,Feminino,Amarela,0.3695109123312422
CAND_03438,0.0,62.0,Bacharelado,Capitais,Presencial,Feminino,Branca,0.37271479020121856
CAND_03439,5.1,42.0,Bacharelado,Capitais,Remoto,Masculino,Branca,0.8873601560885598
CAND_03440,5.9,18.0,Mestrado,Capitais,Presencial,Feminino,Branca,0.49029757403167423
CAND_03441,6.0,47.0,Mestrado,Capitais,Presencial,Feminino,Preta,0.14525403115134405
CAND_03442,8.8,67.0,Bacharelado,Capitais,Presencial,Não-binário,Branca,0.8046443396849297
CAND_03443,3.8,44.0,Mestrado,Capitais,Híbrido,Masculino,Branca,0.8626819366876647
CAND_03444,5.5,73.0,Mestrado,Região Metropolitana,Híbrido,Masculino,Indígena,0.6499720944825795
CAND_03445,9.3,34.0,Bacharelado,Região Metropolitana,Presencial,Masculino,Preta,0.2152802628141537
CAND_03446,5.7,42.0,Bacharelado,Região Metropolitana,Remoto,Masculino,Preta,0.28060750766121534
CAND_03447,3.1,32.0,Bacharelado,Capitais,Remoto,Masculino,Preta,0.37967422506454623
CAND_03448,4.3,52.0,Bacharelado,Região Metropolitana,Híbrido,Feminino,Preta,0.028382818990623004
CAND_03449,3.5,62.0,Ensino Médio,Capitais,Presencial,Masculino,Branca,0.8527313244385869
CAND_03450,4.1,50.0,Mestrado,Capitais,Híbrido,Masculino,Branca,0.951480212076877
CAND_03451,1.4,45.0,Bacharelado,Região Metropolitana,Remoto,Masculino,Branca,0.7680547461391449
CAND_03452,4.7,62.0,Bacharelado,Capitais,Híbrido,Masculino,Indígena,0.7274864903570046
CAND_03453,4.8,58.0,Doutorado,Interior,Híbrido,Masculino,Branca,0.928140279956458
CAND_03454,7.8,50.0,Bacharelado,Capitais,Remoto,Masculino,Branca,0.9983024181611202
CAND_03455,4.0,77.0,Bacharelado,Capitais,Presencial,Masculino,Parda,0.9434790037038359
CAND_03456,6.0,62.0,Bacharelado,Interior,Remoto,Feminino,Branca,0.36594642156723783
CAND_03457,2.9,45.0,Ensino Médio,Capitais,Presencial,Masculino,Branca,0.7348232326622788
CAND_03458,4.1,27.0,Bacharelado,Capitais,Remoto,Masculino,Preta,0.35526792126457607
CAND_03459,4.3,46.0,Bacharelado,Interior,Presencial,Feminino,Preta,0.0
CAND_03460,6.8,55.0,Ensino Médio,Capitais,Híbrido,Não-binário,Preta,0.0
CAND_03461,0.0,37.0,Mestrado,Região Metropolitana,Remoto,Masculino,Branca,0.7502579734082726
CAND_03462,0.4,22.0,Doutorado,Capitais,Presencial,Masculino,Branca,0.7970181684123742
CAND_03463,10.0,42.0,Bacharelado,Capitais,Remoto,Feminino,Branca,0.6260510976468063
CAND_03464,7.9,59.0,Bacharelado,Região Metropolitana,Remoto,Masculino,Amarela,0.6339106198943821
CAND_03465,2.8,91.0,Bacharelado,Capitais,Remoto,Masculino,Branca,1.0
CAND_03466,7.8,29.0,Mestrado,Região Metropolitana,Remoto,Masculino,Preta,0.497373549232096
CAND_03467,3.8,51.0,Bacharelado,Região Metropolitana,Híbrido,Masculino,Indígena,0.42947532392053267
CAND_03468,11.1,26.0,Bacharelado,Região Metropolitana,Híbrido,Masculino,Branca,1.0
CAND_03469,0.0,58.0,Doutorado,Capitais,Remoto,Masculino,Branca,1.0
CAND_03470,0.0,35.0,Bacharelado,Região Metropolitana,Presencial,Feminino,Branca,0.25963239159803353
CAND_03471,4.7,41.0,Doutorado,Região Metropolitana,Presencial,Masculino,Preta,0.5216129571545264
CAND_03472,10.2,80.0,Bacharelado,Região Metropolitana,Remoto,Feminino,Branca,0.829575510181112
CAND_03473,7.6,27.0,Mestrado,Interior,Presencial,Masculino,Indígena,0.08606592569034482
CAND_03474,7.3,66.0,Ensino Médio,Capitais,Remoto,Feminino,Parda,0.5450320411925633
CAND_03475,8.3,40.0,Bacharelado,Região Metropolitana,Híbrido,Masculino,Branca,0.9199864943336595
CAND_03476,3.6,37.0,Bacharelado,Capitais,Presencial,Masculino,Parda,0.938160689761181
CAND_03477,3.9,47.0,Bacharelado,Capitais,Presencial,Feminino,Branca,0.37960606850739176
CAND_03478,10.7,45.0,Doutorado,Capitais,Remoto,Feminino,Branca,0.8131076856207483
CAND_03479,7.3,47.0,Mestrado,Capitais,Híbrido,Masculino,Amarela,0.399162141586859
CAND_03480,5.7,60.0,Bacharelado,Capitais,Remoto,Feminino,Preta,0.11928574144007013
CAND_03481,4.8,56.0,Bacharelado,Interior,Presencial,Masculino,Preta,0.0
CAND_03482,1.3,47.0,Bacharelado,Região Metropolitana,Híbrido,Feminino,Branca,0.4445901014837804
CAND_03483,4.1,39.0,Bacharelado,Interior,Remoto,Feminino,Preta,0.0
CAND_03484,5.2,67.0,Bacharelado,Capitais,Híbrido,Masculino,Preta,0.7128780916164813
CAND_03485,6.2,36.0,Mestrado,Capitais,Presencial,Masculino,Branca,0.9332452975473858
CAND_03486,10.2,71.0,Bacharelado,Capitais,Presencial,Masculino,Branca,1.0
CAND_03487,3.4,49.0,Bacharelado,Capitais,Presencial,Feminino,Preta,0.032006093533992544
CAND_03488,8.6,52.0,Mestrado,Capitais,Presencial,Masculino,Branca,1.0
CAND_03489,5.1,65.0,Bacharelado,Interior,Presencial,Feminino,Branca,0.17501210095100825
CAND_03490,10.1,50.0,Doutorado,Capitais,Presencial,Masculino,Branca,1.0
CAND_03491,11.0,41.0,Bacharelado,Capitais,Híbrido,Feminino,Branca,0.7031908791667586
CAND_03492,3.2,62.0,Mestrado,Capitais,Remoto,Masculino,Parda,0.9440983637073784
CAND_03493,2.7,75.0,Bacharelado,Região Metropolitana,Remoto,Masculino,Branca,0.8417129147531448
CAND_03494,2.4,42.0,Doutorado,Capitais,Remoto,Masculino,Branca,1.0
CAND_03495,3.4,66.0,Mestrado,Região Metropolitana,Híbrido,Masculino,Branca,0.9510322760380902
CAND_03496,8.2,45.0,Bacharelado,Capitais,Remoto,Masculino,Branca,0.9957861724757375
CAND_03497,8.5,40.0,Mestrado,Região Metropolitana,Presencial,Masculino,Parda,0.5734096525154422
CAND_03498,3.9,38.0,Mestrado,Capitais,Híbrido,Feminino,Branca,0.42474249232347033
CAND_03499,6.8,58.0,Mestrado,Capitais,Híbrido,Masculino,Branca,1.0
CAND_03500,3.0,58.0,Mestrado,Região Metropolitana,Híbrido,Masculino,Amarela,0.5178811388384048
CAND_03501,10.0,35.0,Bacharelado,Capitais,Híbrido,Não-binário,Amarela,0.1929466011900708
CAND_03502,4.9,44.0,Bacharelado,Capitais,Presencial,Masculino,Branca,0.9531598129947538
CAND_03503,2.5,43.0,Mestrado,Região Metropolitana,Presencial,Masculino,Amarela,0.550920014169972
CAND_03504,4.2,53.0,Bacharelado,Capitais,Remoto,Masculino,Branca,1.0
CAND_03505,0.0,50.0,Mestrado,Capitais,Presencial,Masculino,Branca,0.9762183347898736
CAND_03506,5.0,50.0,Mestrado,Região Metropolitana,Remoto,Não-binário,Branca,0.3196415859972575
CAND_03507,9.9,8.0,Mestrado,Capitais,Remoto,Não-binário,Branca,0.3734472465217603
CAND_03508,6.3,51.0,Bacharelado,Região Metropolitana,Remoto,Feminino,Branca,0.4415811370595354
CAND_03509,1.5,58.0,Mestrado,Capitais,Presencial,Masculino,Branca,0.9034323780043767
CAND_03510,6.2,76.0,Bacharelado,Região Metropolitana,Remoto,Masculino,Preta,0.4493033181472406
CAND_03511,0.0,72.0,Bacharelado,Região Metropolitana,Presencial,Masculino,Branca,0.5979168390760586
CAND_03512,2.8,51.0,Bacharelado,Capitais,Presencial,Masculino,Preta,0.420746336390536
CAND_03513,6.0,42.0,Bacharelado,Capitais,Presencial,Masculino,Branca,0.9177167991759344
CAND_03514,5.0,61.0,Bacharelado,Capitais,Presencial,Feminino,Branca,0.2317969771184364
CAND_03515,3.0,34.0,Bacharelado,Capitais,Híbrido,Masculino,Amarela,0.4818780214785937
CAND_03516,6.7,32.0,Mestrado,Capitais,Presencial,Masculino,Parda,0.8227207842919844
CAND_03517,5.2,59.0,Bacharelado,Capitais,Híbrido,Feminino,Branca,0.422831595386849
CAND_03518,0.9,56.0,Bacharelado,Capitais,Presencial,Masculino,Indígena,0.6940046390279921
CAND_03519,1.2,40.0,Ensino Médio,Região Metropolitana,Híbrido,Feminino,Indígena,0.0
CAND_03520,0.5,23.0,Bacharelado,Capitais,Presencial,Masculino,Branca,0.8678709963065022
CAND_03521,9.8,73.0,Bacharelado,Região Metropolitana,Híbrido,Não-binário,Branca,0.4645980082492366
CAND_03522,1.0,54.0,Ensino Médio,Capitais,Presencial,Masculino,Branca,0.817502536257205
CAND_03523,8.4,34.0,Mestrado,Região Metropolitana,Híbrido,Feminino,Parda,0.6107620792042238
CAND_03524,1.6,49.0,Mestrado,Região Metropolitana,Presencial,Masculino,Branca,0.9340247182436835
CAND_03525,0.0,53.0,Bacharelado,Capitais,Presencial,Feminino,Branca,0.2224786875585479
CAND_03526,2.8,37.0,Bacharelado,Capitais,Presencial,Feminino,Branca,0.5416206825376801
CAND_03527,6.4,33.0,Ensino Médio,Capitais,Híbrido,Masculino,Branca,0.7081721496300393
CAND_03528,11.7,49.0,Bacharelado,Capitais,Híbrido,Feminino,Branca,0.6318909647948362
CAND_03529,6.1,55.0,Bacharelado,Interior,Presencial,Feminino,Branca,0.3048252866399551
CAND_03530,6.0,66.0,Bacharelado,Capitais,Presencial,Masculino,Branca,1.0
CAND_03531,8.2,41.0,Mestrado,Capitais,Híbrido,Masculino,Branca,1.0
CAND_03532,5.3,49.0,Bacharelado,Capitais,Presencial,Masculino,Branca,0.8693948721307333
CAND_03533,4.1,72.0,Bacharelado,Região Metropolitana,Remoto,Masculino,Branca,0.9462152700628518
CAND_03534,7.5,30.0,Bacharelado,Capitais,Remoto,Não-binário,Preta,0.0
CAND_03535,7.5,54.0,Bacharelado,Capitais,Remoto,Masculino,Branca,1.0
CAND_03536,4.3,61.0,Bacharelado,Capitais,Presencial,Masculino,Branca,1.0
CAND_03537,3.1,72.0,Bacharelado,Capitais,Híbrido,Não-binário,Parda,0.3545038076897889
CAND_03538,3.7,69.0,Doutorado,Capitais,Híbrido,Masculino,Branca,1.0
CAND_03539,5.4,43.0,Ensino Médio,Capitais,Presencial,Masculino,Branca,0.8459294787658733
CAND_03540,0.6,62.0,Bacharelado,Região Metropolitana,Remoto,Masculino,Preta,0.32452344410943207
CAND_03541,5.1,70.0,Mestrado,Região Metropolitana,Presencial,Masculino,Preta,0.3551078819577701
CAND_03542,10.6,46.0,Bacharelado,Região Metropolitana,Híbrido,Não-binário,Branca,0.5215076038937454
CAND_03543,4.3,64.0,Bacharelado,Interior,Remoto,Masculino,Preta,0.06747322533142544
CAND_03544,3.4,64.0,Bacharelado,Capitais,Presencial,Masculino,Branca,0.92514227308311
CAND_03545,5.0,21.0,Bacharelado,Capitais,Híbrido,Masculino,Branca,0.9962359670267115
CAND_03546,7.6,49.0,Bacharelado,Região Metropolitana,Presencial,Feminino,Branca,0.5368885211966408
CAND_03547,5.1,49.0,Bacharelado,Capitais,Presencial,Masculino,Amarela,0.5733884718894439
CAND_03548,9.6,68.0,Doutorado,Capitais,Presencial,Masculino,Branca,1.0
CAND_03549,6.3,44.0,Bacharelado,Capitais,Remoto,Feminino,Parda,0.35260500124657357
CAND_03550,8.5,40.0,Mestrado,Capitais,Presencial,Feminino,Branca,0.6927013931286481
CAND_03551,4.8,71.0,Bacharelado,Capitais,Híbrido,Masculino,Indígena,0.5640742018748773
CAND_03552,6.9,24.0,Bacharelado,Interior,Presencial,Feminino,Branca,0.15975325474220112
CAND_03553,11.6,48.0,Mestrado,Capitais,Presencial,Não-binário,Branca,0.6789375865661702
CAND_03554,5.7,47.0,Ensino Médio,Região Metropolitana,Remoto,Feminino,Branca,0.4444108384146669
CAND_03555,2.9,37.0,Mestrado,Capitais,Presencial,Feminino,Branca,0.3474311122193815
CAND_03556,2.7,65.0,Bacharelado,Capitais,Remoto,Masculino,Branca,0.8390805150796334
CAND_03557,4.5,57.0,Bacharelado,Capitais,Remoto,Feminino,Branca,0.5891287362637173
CAND_03558,4.4,51.0,Bacharelado,Região Metropolitana,Híbrido,Masculino,Branca,0.7928343628649392
CAND_03559,7.4,67.0,Bacharelado,Capitais,Híbrido,Feminino,Amarela,0.21835530765396277
CAND_03560,6.1,79.0,Bacharelado,Capitais,Remoto,Masculino,Branca,1.0
CAND_03561,6.4,27.0,Bacharelado,Região Metropolitana,Remoto,Feminino,Branca,0.10130550148919665
CAND_03562,3.4,22.0,Bacharelado,Interior,Presencial,Feminino,Branca,0.1644759791152035
CAND_03563,1.6,69.0,Bacharelado,Região Metropolitana,Presencial,Masculino,Branca,0.7641117832120365
CAND_03564,5.7,56.0,Ensino Médio,Capitais,Híbrido,Masculino,Branca,0.9427136909249766
CAND_03565,2.2,52.0,Mestrado,Capitais,Presencial,Feminino,Preta,0.0
CAND_03566,7.2,37.0,Bacharelado,Capitais,Presencial,Feminino,Indígena,0.2566764236642543
CAND_03567,5.8,43.0,Bacharelado,Capitais,Presencial,Masculino,Branca,1.0
CAND_03568,2.9,36.0,Bacharelado,Região Metropolitana,Remoto,Masculino,Branca,0.653257852334349
CAND_03569,2.5,30.0,Bacharelado,Capitais,Remoto,Feminino,Branca,0.6261482833686918
CAND_03570,9.3,64.0,Doutorado,Interior,Presencial,Masculino,Amarela,0.604325627362902
CAND_03571,1.4,26.0,Ensino Médio,Capitais,Remoto,Feminino,Amarela,0.05290033963272013
CAND_03572,4.4,53.0,Bacharelado,Capitais,Híbrido,Masculino,Branca,0.9681125376175236
CAND_03573,5.7,52.0,Bacharelado,Capitais,Presencial,Masculino,Preta,0.43239447900183775
CAND_03574,8.8,51.0,Mestrado,Capitais,Remoto,Feminino,Amarela,0.282011165556145
CAND_03575,6.8,46.0,Bacharelado,Região Metropolitana,Presencial,Masculino,Branca,1.0
CAND_03576,6.3,32.0,Bacharelado,Interior,Presencial,Masculino,Branca,0.5372765250676531
CAND_03577,1.1,50.0,Bacharelado,Região Metropolitana,Híbrido,Feminino,Indígena,0.0266550765219572
CAND_03578,5.4,52.0,Bacharelado,Região Metropolitana,Híbrido,Masculino,Branca,0.9185303518493594
CAND_03579,4.6,42.0,Bacharelado,Capitais,Híbrido,Masculino,Preta,0.5145350170713876
CAND_03580,11.2,51.0,Mestrado,Capitais,Remoto,Masculino,Preta,0.626275685253737
CAND_03581,9.1,49.0,Mestrado,Capitais,Remoto,Feminino,Indígena,0.3728031941628942
CAND_03582,6.0,23.0,Doutorado,Capitais,Presencial,Não-binário,Branca,0.5260963260396576
CAND_03583,2.9,78.0,Bacharelado,Capitais,Remoto,Masculino,Branca,1.0
CAND_03584,3.4,51.0,Ensino Médio,Capitais,Remoto,Feminino,Amarela,0.3215181415832386
CAND_03585,2.6,29.0,Bacharelado,Região Metropolitana,Remoto,Feminino,Branca,0.22708431830910636
CAND_03586,6.7,51.0,Bacharelado,Interior,Híbrido,Masculino,Preta,0.18470886724900043
CAND_03587,3.0,52.0,Mestrado,Região Metropolitana,Híbrido,Feminino,Branca,0.46660519601442924
CAND_03588,2.7,52.0,Bacharelado,Capitais,Híbrido,Masculino,Branca,0.764232652303689
CAND_03589,6.2,60.0,Bacharelado,Capitais,Híbrido,Feminino,Parda,0.4061666867001335
CAND_03590,4.6,59.0,Mestrado,Capitais,Híbrido,Masculino,Preta,0.5602603769955623
CAND_03591,5.3,51.0,Mestrado,Capitais,Remoto,Masculino,Branca,1.0
CAND_03592,3.7,46.0,Bacharelado,Capitais,Híbrido,Masculino,Branca,0.9486705422739822
CAND_03593,6.1,50.0,Bacharelado,Capitais,Remoto,Feminino,Branca,0.5911531988706462
CAND_03594,7.4,60.0,Bacharelado,Capitais,Remoto,Feminino,Branca,0.580310509138856
CAND_03595,5.7,80.0,Bacharelado,Região Metropolitana,Remoto,Masculino,Indígena,0.5802335568782983
CAND_03596,10.6,62.0,Ensino Médio,Capitais,Presencial,Masculino,Branca,1.0
CAND_03597,1.9,66.0,Bacharelado,Região Metropolitana,Remoto,Feminino,Parda,0.46296985960602843
CAND_03598,7.7,51.0,Bacharelado,Capitais,Híbrido,Masculino,Parda,0.895136056266825
CAND_03599,6.4,75.0,Bacharelado,Região Metropolitana,Híbrido,Masculino,Preta,0.5991631945447456
CAND_03600,3.9,40.0,Mestrado,Capitais,Remoto,Feminino,Branca,0.6841248990440242
CAND_03601,6.1,65.0,Bacharelado,Região Metropolitana,Presencial,Feminino,Branca,0.6432298070382029
CAND_03602,4.9,22.0,Bacharelado,Capitais,Híbrido,Masculino,Branca,0.8984161111260702
CAND_03603,4.8,40.0,Mestrado,Capitais,Híbrido,Masculino,Branca,0.9603839678995933
CAND_03604,3.6,41.0,Bacharelado,Capitais,Híbrido,Feminino,Branca,0.5834466573144067
CAND_03605,10.5,73.0,Mestrado,Capitais,Presencial,Feminino,Branca,0.6643774279446596
CAND_03606,4.5,62.0,Bacharelado,Capitais,Presencial,Masculino,Indígena,0.6705613544953223
CAND_03607,3.3,33.0,Bacharelado,Capitais,Presencial,Masculino,Branca,0.9760537092436972
CAND_03608,3.2,81.0,Bacharelado,Capitais,Presencial,Masculino,Branca,1.0
CAND_03609,5.6,40.0,Bacharelado,Região Metropolitana,Híbrido,Masculino,Branca,0.7372975098071217
CAND_03610,8.4,73.0,Ensino Médio,Capitais,Híbrido,Masculino,Parda,0.7411212413392699
CAND_03611,4.1,54.0,Bacharelado,Região Metropolitana,Híbrido,Masculino,Preta,0.24469078273978478
CAND_03612,2.0,72.0,Ensino Médio,Capitais,Híbrido,Masculino,Indígena,0.6984633783432546
CAND_03613,7.2,18.0,Bacharelado,Capitais,Remoto,Feminino,Branca,0.35970864046469253
CAND_03614,5.1,53.0,Ensino Médio,Capitais,Híbrido,Feminino,Branca,0.3995571036539412
CAND_03615,5.3,65.0,Bacharelado,Capitais,Híbrido,Masculino,Branca,1.0
CAND_03616,5.4,46.0,Mestrado,Capitais,Remoto,Masculino,Branca,0.9282646489153104
CAND_03617,6.8,58.0,Bacharelado,Capitais,Remoto,Feminino,Preta,0.10744504293018918
CAND_03618,6.7,66.0,Bacharelado,Capitais,Presencial,Feminino,Preta,0.09536962090894976
CAND_03619,4.7,55.0,Bacharelado,Região Metropolitana,Remoto,Masculino,Branca,0.7975599574687637
CAND_03620,2.5,22.0,Bacharelado,Região Metropolitana,Híbrido,Feminino,Amarela,0.0
CAND_03621,0.0,61.0,Bacharelado,Interior,Híbrido,Não-binário,Branca,0.0
CAND_03622,6.0,33.0,Bacharelado,Capitais,Presencial,Masculino,Amarela,0.4178212861705022
CAND_03623,7.1,48.0,Ensino Médio,Região Metropolitana,Remoto,Feminino,Branca,0.29910079152005054
CAND_03624,3.8,40.0,Bacharelado,Interior,Remoto,Feminino,Branca,0.1378154479091309
CAND_03625,8.9,0.0,Doutorado,Capitais,Remoto,Masculino,Branca,0.8207899519348587
CAND_03626,7.9,28.0,Bacharelado,Interior,Presencial,Masculino,Indígena,0.28370084798355244
CAND_03627,4.5,56.0,Bacharelado,Capitais,Híbrido,Masculino,Preta,0.5003031812585722
CAND_03628,12.3,43.0,Mestrado,Capitais,Presencial,Feminino,Parda,0.6930645445859753
CAND_03629,3.3,57.0,Bacharelado,Região Metropolitana,Remoto,Masculino,Branca,0.8036445841495647
CAND_03630,4.1,39.0,Mestrado,Região Metropolitana,Presencial,Não-binário,Preta,0.0
CAND_03631,9.1,37.0,Bacharelado,Região Metropolitana,Híbrido,Feminino,Branca,0.4581067343573187
CAND_03632,4.0,47.0,Bacharelado,Capitais,Híbrido,Masculino,Amarela,0.6333612371985058
CAND_03633,3.3,27.0,Bacharelado,Região Metropolitana,Remoto,Feminino,Parda,0.19988397206108893
CAND_03634,0.3,31.0,Bacharelado,Capitais,Híbrido,Masculino,Branca,0.49330954712863734
CAND_03635,3.9,15.0,Bacharelado,Capitais,Remoto,Masculino,Branca,0.8368430338717929
CAND_03636,0.0,58.0,Bacharelado,Região Metropolitana,Remoto,Masculino,Branca,0.8853240108208629
CAND_03637,8.5,64.0,Mestrado,Região Metropolitana,Híbrido,Feminino,Preta,0.0
CAND_03638,0.0,24.0,Mestrado,Capitais,Híbrido,Feminino,Parda,0.44281308180179935
CAND_03639,2.6,54.0,Bacharelado,Capitais,Remoto,Feminino,Parda,0.47830823803337585
CAND_03640,6.3,71.0,Bacharelado,Capitais,Híbrido,Masculino,Parda,1.0
CAND_03641,3.9,49.0,Mestrado,Capitais,Remoto,Masculino,Indígena,0.7132836521181215
CAND_03642,4.6,64.0,Mestrado,Capitais,Presencial,Masculino,Branca,1.0
CAND_03643,3.8,54.0,Bacharelado,Região Metropolitana,Presencial,Masculino,Branca,0.90223457654647
CAND_03644,0.0,38.0,Bacharelado,Região Metropolitana,Híbrido,Masculino,Amarela,0.5236570715014499
CAND_03645,4.5,38.0,Bacharelado,Capitais,Híbrido,Feminino,Branca,0.5137169728483224
CAND_03646,5.4,35.0,Mestrado,Capitais,Híbrido,Masculino,Branca,0.9947778407054289
CAND_03647,6.4,81.0,Bacharelado,Capitais,Híbrido,Masculino,Preta,0.6823279910711211
CAND_03648,6.6,53.0,Doutorado,Capitais,Híbrido,Feminino,Branca,0.7458971238194442
CAND_03649,8.5,75.0,Bacharelado,Capitais,Presencial,Feminino,Branca,0.739477703246004
CAND_03650,7.0,11.0,Bacharelado,Interior,Presencial,Masculino,Branca,0.5180480893141651
CAND_03651,9.1,31.0,Ensino Médio,Capitais,Híbrido,Masculino,Branca,1.0
CAND_03652,3.1,51.0,Mestrado,Capitais,Remoto,Feminino,Branca,0.5556451769925076
CAND_03653,6.5,34.0,Bacharelado,Capitais,Presencial,Masculino,Branca,0.9998901220290151
CAND_03654,2.9,33.0,Bacharelado,Capitais,Presencial,Masculino,Branca,0.6746368792076896
CAND_03655,2.8,19.0,Bacharelado,Capitais,Remoto,Feminino,Branca,0.4039111810084257
CAND_03656,1.0,48.0,Ensino Médio,Capitais,Presencial,Masculino,Branca,0.5382617966071372
CAND_03657,11.2,52.0,Bacharelado,Região Metropolitana,Presencial,Feminino,Branca,0.44300505415559766
CAND_03658,2.6,74.0,Bacharelado,Capitais,Híbrido,Masculino,Branca,0.9747766799272019
CAND_03659,6.0,63.0,Bacharelado,Interior,Presencial,Masculino,Indígena,0.3617016738671316
CAND_03660,1.9,52.0,Bacharelado,Região Metropolitana,Remoto,Feminino,Branca,0.49258894427250205
CAND_03661,7.9,60.0,Bacharelado,Região Metropolitana,Híbrido,Feminino,Branca,0.6116656043883936
CAND_03662,5.6,64.0,Bacharelado,Capitais,Híbrido,Masculino,Preta,0.5428838208575429
CAND_03663,0.4,52.0,Mestrado,Capitais,Presencial,Masculino,Branca,0.9810954330508175
CAND_03664,6.7,54.0,Bacharelado,Região Metropolitana,Híbrido,Feminino,Branca,0.4942639432555648
CAND_03665,2.7,32.0,Mestrado,Região Metropolitana,Híbrido,Feminino,Amarela,0.0
CAND_03666,2.0,40.0,Mestrado,Região Metropolitana,Presencial,Não-binário,Branca,0.40166896439112676
CAND_03667,8.5,74.0,Bacharelado,Capitais,Híbrido,Feminino,Preta,0.37854010674873234
CAND_03668,3.0,52.0,Bacharelado,Interior,Remoto,Masculino,Branca,0.5951023761054832
CAND_03669,4.7,64.0,Bacharelado,Capitais,Híbrido,Feminino,Parda,0.5597817379357398
CAND_03670,5.8,69.0,Doutorado,Interior,Remoto,Masculino,Amarela,0.5033942734126916
CAND_03671,7.5,55.0,Bacharelado,Capitais,Presencial,Masculino,Branca,1.0
CAND_03672,7.9,62.0,Bacharelado,Capitais,Remoto,Feminino,Branca,0.7779920078256695
CAND_03673,2.8,68.0,Bacharelado,Capitais,Híbrido,Masculino,Amarela,0.4504489689821617
CAND_03674,5.0,76.0,Bacharelado,Região Metropolitana,Presencial,Masculino,Branca,0.9973632974086246
CAND_03675,0.0,53.0,Mestrado,Região Metropolitana,Presencial,Feminino,Preta,0.05104955932110944
CAND_03676,5.5,54.0,Bacharelado,Capitais,Remoto,Não-binário,Branca,0.4600496829823352
CAND_03677,9.3,36.0,Bacharelado,Interior,Híbrido,Masculino,Branca,0.645738792506985
CAND_03678,5.5,22.0,Mestrado,Capitais,Remoto,Feminino,Branca,0.4544327471522037
CAND_03679,7.8,47.0,Bacharelado,Capitais,Remoto,Masculino,Parda,0.8519080435354274
CAND_03680,7.4,31.0,Ensino Médio,Capitais,Presencial,Feminino,Branca,0.4279225531882393
CAND_03681,8.1,34.0,Doutorado,Capitais,Remoto,Masculino,Indígena,0.7573080082108421
CAND_03682,4.4,57.0,Bacharelado,Capitais,Híbrido,Masculino,Branca,1.0
CAND_03683,5.7,60.0,Bacharelado,Região Metropolitana,Remoto,Masculino,Preta,0.3858667210834678
CAND_03684,2.5,12.0,Bacharelado,Interior,Híbrido,Masculino,Parda,0.4049105618302308
CAND_03685,7.2,54.0,Bacharelado,Região Metropolitana,Híbrido,Masculino,Branca,0.9139785513289547
CAND_03686,6.5,55.0,Bacharelado,Capitais,Híbrido,Masculino,Branca,1.0
CAND_03687,5.4,52.0,Doutorado,Interior,Remoto,Feminino,Branca,0.3270253411759937
CAND_03688,2.7,78.0,Bacharelado,Região Metropolitana,Presencial,Masculino,Branca,1.0
CAND_03689,10.5,68.0,Bacharelado,Capitais,Remoto,Masculino,Branca,1.0
CAND_03690,4.1,44.0,Bacharelado,Capitais,Remoto,Masculino,Preta,0.39937408927778917
CAND_03691,7.1,52.0,Bacharelado,Região Metropolitana,Híbrido,Feminino,Branca,0.42528806706349254
CAND_03692,0.3,41.0,Ensino Médio,Capitais,Presencial,Feminino,Branca,0.3139343285392392
CAND_03693,6.3,39.0,Bacharelado,Capitais,Presencial,Feminino,Amarela,0.04575593790341945
CAND_03694,4.6,49.0,Doutorado,Capitais,Híbrido,Feminino,Branca,0.5629881287240227
CAND_03695,4.7,30.0,Mestrado,Região Metropolitana,Híbrido,Feminino,Parda,0.22204710720335163
CAND_03696,1.7,47.0,Mestrado,Capitais,Híbrido,Masculino,Branca,1.0
CAND_03697,6.3,70.0,Ensino Médio,Capitais,Presencial,Feminino,Branca,0.6307768472733557
CAND_03698,5.6,65.0,Mestrado,Capitais,Híbrido,Masculino,Branca,1.0
CAND_03699,6.8,23.0,Doutorado,Capitais,Remoto,Masculino,Branca,0.9047864264266342
CAND_03700,4.4,52.0,Bacharelado,Capitais,Presencial,Masculino,Branca,0.9657974057220347
CAND_03701,0.0,53.0,Ensino Médio,Região Metropolitana,Presencial,Masculino,Branca,0.7326462668423706
CAND_03702,2.5,46.0,Mestrado,Capitais,Híbrido,Feminino,Branca,0.5008917066905341
CAND_03703,4.6,56.0,Ensino Médio,Região Metropolitana,Presencial,Masculino,Preta,0.19602937210978771
CAND_03704,7.9,37.0,Bacharelado,Capitais,Híbrido,Masculino,Parda,0.7243780782361808
CAND_03705,6.8,55.0,Bacharelado,Região Metropolitana,Remoto,Masculino,Branca,0.956828828962847
CAND_03706,10.2,49.0,Ensino Médio,Região Metropolitana,Híbrido,Masculino,Preta,0.5523574339233196
CAND_03707,9.6,25.0,Bacharelado,Capitais,Remoto,Masculino,Branca,0.9087190300214341
CAND_03708,4.1,55.0,Mestrado,Capitais,Híbrido,Masculino,Preta,0.47478140873166425
CAND_03709,3.9,39.0,Ensino Médio,Interior,Híbrido,Masculino,Branca,0.49913447984372006
CAND_03710,0.5,46.0,Bacharelado,Capitais,Híbrido,Masculino,Branca,0.8983990900413714
CAND_03711,5.0,48.0,Ensino Médio,Região Metropolitana,Híbrido,Feminino,Preta,0.0
CAND_03712,6.3,61.0,Ensino Médio,Capitais,Remoto,Masculino,Branca,1.0
CAND_03713,4.0,74.0,Bacharelado,Região Metropolitana,Híbrido,Feminino,Amarela,0.14080353087289832
CAND_03714,5.9,58.0,Bacharelado,Interior,Híbrido,Masculino,Branca,0.7538783216844468
CAND_03715,2.3,57.0,Bacharelado,Capitais,Remoto,Feminino,Parda,0.47187902471615245
CAND_03716,6.4,57.0,Bacharelado,Região Metropolitana,Remoto,Feminino,Branca,0.6037734483084939
CAND_03717,0.3,24.0,Doutorado,Região Metropolitana,Presencial,Masculino,Branca,0.7113776008877065
CAND_03718,5.7,32.0,Bacharelado,Capitais,Híbrido,Masculino,Indígena,0.5300441166946923
CAND_03719,2.2,66.0,Bacharelado,Região Metropolitana,Presencial,Feminino,Branca,0.3405757431032438
CAND_03720,0.0,39.0,Bacharelado,Região Metropolitana,Remoto,Masculino,Branca,0.6127711028136552
CAND_03721,2.9,82.0,Bacharelado,Capitais,Remoto,Feminino,Branca,0.6882190700844136
CAND_03722,7.9,53.0,Bacharelado,Capitais,Remoto,Masculino,Amarela,0.45228321188401716
CAND_03723,4.3,45.0,Mestrado,Região Metropolitana,Remoto,Masculino,Branca,0.9061034570211791
CAND_03724,9.3,68.0,Mestrado,Região Metropolitana,Presencial,Não-binário,Branca,0.529579505344214
CAND_03725,8.9,44.0,Bacharelado,Região Metropolitana,Remoto,Feminino,Branca,0.5888651138560346
CAND_03726,5.6,44.0,Bacharelado,Capitais,Híbrido,Feminino,Branca,0.4476668543422173
CAND_03727,0.0,58.0,Mestrado,Capitais,Híbrido,Feminino,Branca,0.5232735239035085
CAND_03728,7.7,43.0,Bacharelado,Capitais,Presencial,Masculino,Amarela,0.681778117168005
CAND_03729,3.6,60.0,Bacharelado,Capitais,Remoto,Masculino,Branca,0.9820508557805293
CAND_03730,5.3,58.0,Doutorado,Região Metropolitana,Presencial,Masculino,Branca,0.9525060166146807
CAND_03731,8.6,51.0,Doutorado,Região Metropolitana,Presencial,Masculino,Preta,0.6166190125065752
CAND_03732,11.2,30.0,Bacharelado,Interior,Remoto,Masculino,Branca,0.4727668648801712
CAND_03733,1.4,42.0,Bacharelado,Capitais,Híbrido,Masculino,Parda,0.8091911269295595
CAND_03734,2.5,36.0,Bacharelado,Capitais,Híbrido,Masculino,Preta,0.1609696264733392
CAND_03735,4.3,53.0,Bacharelado,Capitais,Híbrido,Feminino,Branca,0.5827312951646034
CAND_03736,5.5,72.0,Bacharelado,Capitais,Presencial,Feminino,Branca,0.7341557792270947
CAND_03737,5.5,13.0,Mestrado,Capitais,Híbrido,Masculino,Preta,0.37228370300364355
CAND_03738,8.7,37.0,Doutorado,Capitais,Remoto,Masculino,Preta,0.5516498321783289
CAND_03739,2.5,66.0,Bacharelado,Região Metropolitana,Presencial,Feminino,Branca,0.46926484266418966
CAND_03740,3.4,62.0,Bacharelado,Região Metropolitana,Híbrido,Masculino,Branca,1.0
CAND_03741,10.4,35.0,Bacharelado,Interior,Híbrido,Masculino,Indígena,0.2702658629799095
CAND_03742,8.3,80.0,Bacharelado,Capitais,Remoto,Masculino,Amarela,0.7110197010415082
CAND_03743,5.7,32.0,Bacharelado,Capitais,Presencial,Masculino,Preta,0.18051764806664378
CAND_03744,1.6,67.0,Bacharelado,Capitais,Presencial,Masculino,Branca,0.9644997773345103
CAND_03745,7.4,38.0,Mestrado,Capitais,Remoto,Feminino,Branca,0.5314666123821448
CAND_03746,0.0,36.0,Bacharelado,Região Metropolitana,Híbrido,Masculino,Branca,0.6647561437370851
CAND_03747,1.8,45.0,Mestrado,Região Metropolitana,Presencial,Masculino,Preta,0.27319911118731816
CAND_03748,5.3,49.0,Bacharelado,Capitais,Presencial,Masculino,Branca,1.0
CAND_03749,5.5,53.0,Mestrado,Região Metropolitana,Remoto,Masculino,Branca,0.9489517204210683
CAND_03750,3.1,44.0,Bacharelado,Região Metropolitana,Híbrido,Masculino,Branca,0.6972096345143654
CAND_03751,4.3,70.0,Bacharelado,Capitais,Híbrido,Masculino,Parda,0.83826242354778
CAND_03752,1.4,62.0,Bacharelado,Capitais,Remoto,Masculino,Branca,0.868728980218614
CAND_03753,2.9,45.0,Mestrado,Interior,Remoto,Masculino,Branca,0.6011581821657739
CAND_03754,4.3,71.0,Mestrado,Capitais,Presencial,Masculino,Branca,1.0
CAND_03755,5.4,77.0,Bacharelado,Interior,Presencial,Masculino,Branca,0.698015014043814
CAND_03756,2.1,63.0,Mestrado,Capitais,Híbrido,Masculino,Preta,0.5053105046000105
CAND_03757,2.6,44.0,Bacharelado,Capitais,Híbrido,Feminino,Parda,0.24817027922304705
CAND_03758,1.9,69.0,Mestrado,Região Metropolitana,Remoto,Masculino,Branca,0.9081183431405586
CAND_03759,2.8,47.0,Ensino Médio,Capitais,Híbrido,Masculino,Branca,0.8071990715388606
CAND_03760,3.2,67.0,Bacharelado,Região Metropolitana,Remoto,Masculino,Branca,0.9176215343950708
CAND_03761,2.0,42.0,Bacharelado,Capitais,Híbrido,Masculino,Branca,0.9725396088797116
CAND_03762,0.0,54.0,Bacharelado,Interior,Remoto,Masculino,Preta,0.0
CAND_03763,3.3,33.0,Ensino Médio,Região Metropolitana,Presencial,Masculino,Parda,0.7012816375148818
CAND_03764,4.6,74.0,Ensino Médio,Interior,Remoto,Feminino,Branca,0.22176268446870936
CAND_03765,2.7,56.0,Mestrado,Região Metropolitana,Híbrido,Masculino,Amarela,0.5133846376856314
CAND_03766,5.4,69.0,Mestrado,Capitais,Híbrido,Feminino,Branca,0.5501661563165499
CAND_03767,4.5,44.0,Bacharelado,Capitais,Híbrido,Masculino,Preta,0.48909086969994947
CAND_03768,7.8,51.0,Mestrado,Região Metropolitana,Presencial,Feminino,Branca,0.5917224975247346
CAND_03769,9.0,59.0,Bacharelado,Região Metropolitana,Presencial,Feminino,Branca,0.4821382876935654
CAND_03770,3.3,46.0,Bacharelado,Região Metropolitana,Presencial,Não-binário,Branca,0.37304840290219377
CAND_03771,0.2,48.0,Bacharelado,Capitais,Híbrido,Masculino,Branca,0.7862122415406982
CAND_03772,4.8,64.0,Bacharelado,Região Metropolitana,Presencial,Masculino,Parda,0.6996577522572264
CAND_03773,8.2,29.0,Bacharelado,Capitais,Remoto,Masculino,Preta,0.34664979393569767
CAND_03774,9.0,77.0,Bacharelado,Capitais,Híbrido,Feminino,Branca,0.6017529282649547
CAND_03775,2.6,40.0,Mestrado,Região Metropolitana,Híbrido,Masculino,Parda,0.6614501335522395
CAND_03776,0.0,26.0,Ensino Médio,Interior,Híbrido,Feminino,Amarela,0.0
CAND_03777,4.5,66.0,Bacharelado,Capitais,Remoto,Masculino,Branca,1.0
CAND_03778,8.4,69.0,Bacharelado,Capitais,Presencial,Feminino,Preta,0.3060051287562674
CAND_03779,5.8,70.0,Bacharelado,Região Metropolitana,Remoto,Masculino,Branca,0.8560288823235908
CAND_03780,4.1,39.0,Bacharelado,Capitais,Remoto,Feminino,Branca,0.5247322874697335
CAND_03781,3.8,44.0,Mestrado,Capitais,Presencial,Masculino,Branca,1.0
CAND_03782,7.6,47.0,Mestrado,Região Metropolitana,Remoto,Masculino,Amarela,0.4997678617828775
CAND_03783,1.3,24.0,Doutorado,Região Metropolitana,Híbrido,Masculino,Branca,0.7730298555867758
CAND_03784,2.3,26.0,Mestrado,Capitais,Remoto,Feminino,Amarela,0.1484148867152691
CAND_03785,6.0,39.0,Bacharelado,Capitais,Híbrido,Masculino,Branca,0.8419072573455922
CAND_03786,0.9,53.0,Bacharelado,Capitais,Híbrido,Masculino,Branca,0.9072888075953947
CAND_03787,8.9,45.0,Bacharelado,Interior,Presencial,Feminino,Preta,0.0
CAND_03788,3.9,53.0,Doutorado,Capitais,Híbrido,Não-binário,Indígena,0.22153478951590566
CAND_03789,6.0,62.0,Bacharelado,Capitais,Presencial,Feminino,Indígena,0.44692064054110325
CAND_03790,3.4,47.0,Mestrado,Capitais,Presencial,Não-binário,Preta,0.011108116380111811
CAND_03791,7.6,33.0,Ensino Médio,Capitais,Presencial,Masculino,Branca,0.8878494834186574
CAND_03792,5.1,51.0,Bacharelado,Região Metropolitana,Remoto,Masculino,Amarela,0.4986406232402891
CAND_03793,9.9,62.0,Mestrado,Capitais,Presencial,Masculino,Branca,1.0
CAND_03794,6.1,31.0,Bacharelado,Capitais,Presencial,Masculino,Amarela,0.40883385002950334
CAND_03795,9.5,52.0,Bacharelado,Interior,Híbrido,Masculino,Branca,0.863425333307658
CAND_03796,0.0,36.0,Mestrado,Região Metropolitana,Híbrido,Masculino,Branca,0.9076924268475862
CAND_03797,15.8,64.0,Bacharelado,Região Metropolitana,Presencial,Feminino,Branca,0.8638144940270522
CAND_03798,0.1,40.0,Bacharelado,Capitais,Presencial,Masculino,Preta,0.2623152538277119
CAND_03799,7.0,43.0,Bacharelado,Capitais,Presencial,Feminino,Branca,0.45770464402585825
CAND_03800,7.8,27.0,Bacharelado,Região Metropolitana,Remoto,Não-binário,Branca,0.41935520143990596
CAND_03801,8.0,19.0,Bacharelado,Capitais,Híbrido,Masculino,Branca,0.9016526806618287
CAND_03802,1.9,62.0,Bacharelado,Capitais,Presencial,Masculino,Parda,0.8165545394597513
CAND_03803,2.7,36.0,Bacharelado,Capitais,Presencial,Feminino,Branca,0.2984259161547147
CAND_03804,4.0,49.0,Bacharelado,Capitais,Híbrido,Masculino,Branca,0.887294166124527
CAND_03805,7.1,64.0,Bacharelado,Capitais,Presencial,Masculino,Preta,0.5646949959529497
CAND_03806,8.2,67.0,Mestrado,Capitais,Presencial,Masculino,Preta,0.729483117719485
CAND_03807,3.9,26.0,Bacharelado,Região Metropolitana,Híbrido,Não-binário,Preta,0.0
CAND_03808,6.7,37.0,Bacharelado,Capitais,Remoto,Feminino,Amarela,0.07396594902065629
CAND_03809,4.6,65.0,Mestrado,Capitais,Presencial,Masculino,Branca,1.0
CAND_03810,3.3,60.0,Bacharelado,Capitais,Híbrido,Masculino,Branca,0.9091001230534078
CAND_03811,8.6,46.0,Ensino Médio,Interior,Remoto,Masculino,Preta,0.07291819193760748
CAND_03812,3.3,35.0,Mestrado,Capitais,Presencial,Masculino,Preta,0.3484806090722284
CAND_03813,6.2,42.0,Mestrado,Interior,Híbrido,Masculino,Preta,0.2930254673459636
CAND_03814,8.2,40.0,Bacharelado,Capitais,Presencial,Feminino,Amarela,0.16471265541154298
CAND_03815,9.2,38.0,Bacharelado,Interior,Presencial,Feminino,Branca,0.3085341190395476
CAND_03816,1.0,59.0,Mestrado,Região Metropolitana,Híbrido,Masculino,Amarela,0.46661909185967176
CAND_03817,7.3,36.0,Doutorado,Capitais,Híbrido,Masculino,Branca,1.0
CAND_03818,3.6,61.0,Bacharelado,Capitais,Híbrido,Feminino,Branca,0.6231591817795017
CAND_03819,4.3,69.0,Mestrado,Interior,Presencial,Feminino,Branca,0.40115704814547104
CAND_03820,1.4,71.0,Bacharelado,Região Metropolitana,Híbrido,Masculino,Branca,0.7450873362383703
CAND_03821,10.7,48.0,Doutorado,Capitais,Híbrido,Não-binário,Branca,0.7496990287826666
CAND_03822,3.4,20.0,Bacharelado,Capitais,Remoto,Feminino,Preta,0.0
CAND_03823,2.7,62.0,Bacharelado,Região Metropolitana,Remoto,Feminino,Branca,0.3007496274645872
CAND_03824,2.7,39.0,Mestrado,Capitais,Remoto,Masculino,Branca,0.9084791382092935
CAND_03825,2.2,29.0,Mestrado,Capitais,Presencial,Masculino,Branca,0.9258981999997487
CAND_03826,5.9,57.0,Bacharelado,Capitais,Presencial,Feminino,Parda,0.46129095096336226
CAND_03827,5.8,12.0,Bacharelado,Capitais,Híbrido,Masculino,Branca,0.7951610902072404
CAND_03828,5.2,44.0,Ensino Médio,Capitais,Híbrido,Masculino,Branca,0.9428406150409053
CAND_03829,4.6,55.0,Mestrado,Região Metropolitana,Remoto,Feminino,Branca,0.5740649430477176
CAND_03830,6.1,50.0,Mestrado,Região Metropolitana,Remoto,Masculino,Branca,0.8847234464335334
CAND_03831,4.6,48.0,Bacharelado,Capitais,Presencial,Não-binário,Branca,0.15813382856789676
CAND_03832,5.0,45.0,Bacharelado,Capitais,Híbrido,Masculino,Amarela,0.47991947611316604
CAND_03833,5.3,59.0,Bacharelado,Capitais,Presencial,Masculino,Branca,1.0
CAND_03834,0.0,43.0,Bacharelado,Capitais,Híbrido,Masculino,Branca,0.7176601431337641
CAND_03835,3.5,63.0,Bacharelado,Capitais,Remoto,Masculino,Branca,0.8965241993773192
CAND_03836,2.4,71.0,Bacharelado,Interior,Híbrido,Feminino,Branca,0.3030702364428852
CAND_03837,10.6,54.0,Bacharelado,Capitais,Remoto,Masculino,Branca,1.0
CAND_03838,3.8,50.0,Bacharelado,Capitais,Remoto,Masculino,Amarela,0.43024195544427024
CAND_03839,2.6,48.0,Bacharelado,Capitais,Presencial,Masculino,Branca,0.8410860445110064
CAND_03840,2.9,55.0,Mestrado,Capitais,Híbrido,Feminino,Branca,0.4944957831147707
CAND_03841,2.6,50.0,Mestrado,Capitais,Presencial,Masculino,Parda,0.83138061424143
CAND_03842,6.7,60.0,Mestrado,Capitais,Presencial,Masculino,Branca,1.0
CAND_03843,9.9,43.0,Bacharelado,Capitais,Presencial,Masculino,Amarela,0.4783349401410842
CAND_03844,4.5,37.0,Bacharelado,Capitais,Presencial,Masculino,Branca,0.7715931828703174
CAND_03845,7.8,49.0,Bacharelado,Capitais,Presencial,Masculino,Branca,1.0
CAND_03846,2.9,35.0,Bacharelado,Capitais,Híbrido,Feminino,Amarela,0.0
CAND_03847,1.5,61.0,Bacharelado,Capitais,Híbrido,Masculino,Parda,0.9148596482911848
CAND_03848,9.5,43.0,Mestrado,Região Metropolitana,Presencial,Masculino,Preta,0.37958617011849627
CAND_03849,2.7,38.0,Bacharelado,Capitais,Híbrido,Masculino,Branca,0.93639535277179
CAND_03850,4.1,39.0,Bacharelado,Interior,Híbrido,Feminino,Parda,0.18600243142839729
CAND_03851,4.3,45.0,Ensino Médio,Capitais,Híbrido,Masculino,Branca,0.9424325592962918
CAND_03852,4.2,70.0,Bacharelado,Capitais,Presencial,Feminino,Branca,0.5446521201116354
CAND_03853,7.9,56.0,Mestrado,Capitais,Híbrido,Masculino,Parda,0.9185270447144253
CAND_03854,4.7,46.0,Bacharelado,Capitais,Híbrido,Feminino,Branca,0.5612353785137179
CAND_03855,6.2,33.0,Bacharelado,Região Metropolitana,Remoto,Masculino,Branca,0.7215427858511081
CAND_03856,7.9,53.0,Bacharelado,Capitais,Híbrido,Feminino,Parda,0.5158149876213878
CAND_03857,5.9,46.0,Bacharelado,Capitais,Híbrido,Feminino,Branca,0.5246740957405466
CAND_03858,9.3,32.0,Mestrado,Capitais,Presencial,Feminino,Parda,0.4186890237781211
CAND_03859,4.4,53.0,Bacharelado,Capitais,Híbrido,Masculino,Branca,0.8203471411714983
CAND_03860,1.3,47.0,Ensino Médio,Região Metropolitana,Híbrido,Masculino,Parda,0.5320603068355081
CAND_03861,5.4,59.0,Bacharelado,Capitais,Remoto,Masculino,Parda,1.0
CAND_03862,6.9,31.0,Ensino Médio,Região Metropolitana,Híbrido,Masculino,Preta,0.46019016486841036
CAND_03863,9.2,25.0,Bacharelado,Capitais,Híbrido,Feminino,Preta,0.07678786978392887
CAND_03864,0.0,62.0,Mestrado,Capitais,Remoto,Masculino,Parda,0.7548162171802354
CAND_03865,5.4,42.0,Ensino Médio,Capitais,Híbrido,Masculino,Branca,0.6988246662939513
CAND_03866,4.4,69.0,Doutorado,Região Metropolitana,Híbrido,Não-binário,Preta,0.0
CAND_03867,3.7,47.0,Bacharelado,Capitais,Híbrido,Masculino,Branca,0.8853779758674344
CAND_03868,4.6,27.0,Bacharelado,Interior,Presencial,Masculino,Indígena,0.37984079005127935
CAND_03869,1.8,41.0,Bacharelado,Capitais,Híbrido,Feminino,Preta,0.0
CAND_03870,5.3,46.0,Bacharelado,Capitais,Remoto,Masculino,Branca,0.7020890234349325
CAND_03871,3.1,62.0,Mestrado,Capitais,Presencial,Feminino,Branca,0.6425298062357097
CAND_03872,0.0,50.0,Bacharelado,Região Metropolitana,Híbrido,Masculino,Branca,0.6984209433923916
CAND_03873,4.6,70.0,Bacharelado,Capitais,Presencial,Feminino,Preta,0.11597075923798954
CAND_03874,4.3,53.0,Mestrado,Capitais,Remoto,Masculino,Branca,1.0
CAND_03875,3.8,55.0,Bacharelado,Interior,Híbrido,Masculino,Indígena,0.5092347397904442
CAND_03876,4.4,63.0,Bacharelado,Região Metropolitana,Remoto,Masculino,Branca,0.7672802708953154
CAND_03877,1.7,65.0,Bacharelado,Capitais,Remoto,Masculino,Preta,0.4913964796230983
CAND_03878,8.6,74.0,Bacharelado,Capitais,Remoto,Masculino,Branca,1.0
CAND_03879,0.4,19.0,Bacharelado,Região Metropolitana,Remoto,Feminino,Branca,0.24221247163176335
CAND_03880,1.6,58.0,Ensino Médio,Região Metropolitana,Remoto,Feminino,Branca,0.2977979504145865
CAND_03881,3.8,72.0,Bacharelado,Capitais,Presencial,Masculino,Branca,1.0
CAND_03882,4.7,33.0,Doutorado,Capitais,Híbrido,Feminino,Branca,0.6125103364588981
CAND_03883,0.0,46.0,Ensino Médio,Interior,Presencial,Masculino,Amarela,0.14810904651840653
CAND_03884,5.3,38.0,Bacharelado,Capitais,Híbrido,Masculino,Branca,1.0
CAND_03885,11.7,57.0,Bacharelado,Capitais,Híbrido,Feminino,Branca,0.9280500540317052
CAND_03886,4.5,50.0,Ensino Médio,Capitais,Presencial,Feminino,Branca,0.5553055610565909
CAND_03887,2.2,32.0,Bacharelado,Região Metropolitana,Presencial,Feminino,Branca,0.32413443261999336
CAND_03888,13.8,42.0,Bacharelado,Região Metropolitana,Remoto,Masculino,Parda,0.7408800204404973
CAND_03889,4.0,41.0,Ensino Médio,Capitais,Presencial,Masculino,Branca,0.8685537025267207
CAND_03890,2.4,48.0,Bacharelado,Região Metropolitana,Presencial,Feminino,Branca,0.3241709495369024
CAND_03891,8.5,33.0,Bacharelado,Capitais,Presencial,Feminino,Branca,0.5338162728014043
CAND_03892,1.4,61.0,Bacharelado,Capitais,Presencial,Masculino,Branca,0.8300589707706878
CAND_03893,6.7,64.0,Mestrado,Capitais,Remoto,Masculino,Branca,0.9220153780406015
CAND_03894,2.4,71.0,Bacharelado,Capitais,Híbrido,Masculino,Branca,1.0
CAND_03895,7.1,68.0,Bacharelado,Capitais,Presencial,Masculino,Indígena,0.8327424193290823
CAND_03896,0.0,65.0,Bacharelado,Capitais,Presencial,Masculino,Branca,1.0
CAND_03897,2.3,45.0,Ensino Médio,Capitais,Remoto,Masculino,Preta,0.2201549011142364
CAND_03898,7.3,65.0,Bacharelado,Região Metropolitana,Presencial,Feminino,Branca,0.400923608766905
CAND_03899,9.0,64.0,Mestrado,Região Metropolitana,Remoto,Não-binário,Branca,0.5429037855990844
CAND_03900,6.5,36.0,Mestrado,Capitais,Remoto,Feminino,Branca,0.450928951230806
CAND_03901,8.2,49.0,Bacharelado,Região Metropolitana,Híbrido,Masculino,Branca,0.8950687941880278
CAND_03902,1.0,32.0,Bacharelado,Capitais,Híbrido,Masculino,Branca,0.7454124685208846
CAND_03903,6.2,52.0,Ensino Médio,Região Metropolitana,Remoto,Feminino,Preta,0.0
CAND_03904,7.9,47.0,Bacharelado,Capitais,Presencial,Feminino,Branca,0.5737996306460734
CAND_03905,6.6,55.0,Bacharelado,Região Metropolitana,Remoto,Masculino,Amarela,0.5329963298389663
CAND_03906,5.2,34.0,Bacharelado,Capitais,Presencial,Masculino,Preta,0.541649611002043
CAND_03907,2.4,43.0,Bacharelado,Interior,Híbrido,Masculino,Branca,0.5776277229873396
CAND_03908,11.0,59.0,Bacharelado,Região Metropolitana,Remoto,Feminino,Preta,0.19854921144305798
CAND_03909,3.9,79.0,Bacharelado,Região Metropolitana,Presencial,Feminino,Branca,0.34076278491562845
CAND_03910,3.0,54.0,Bacharelado,Capitais,Híbrido,Masculino,Parda,0.8857772363936858
CAND_03911,2.8,57.0,Bacharelado,Região Metropolitana,Remoto,Masculino,Branca,0.7408503755057664
CAND_03912,5.4,64.0,Bacharelado,Capitais,Presencial,Masculino,Branca,0.8909189455253126
CAND_03913,3.8,32.0,Bacharelado,Capitais,Presencial,Masculino,Branca,0.8693610000823612
CAND_03914,7.9,50.0,Ensino Médio,Capitais,Presencial,Feminino,Preta,0.1304519666811051
CAND_03915,1.4,27.0,Bacharelado,Região Metropolitana,Remoto,Feminino,Parda,0.09217192803730107
CAND_03916,11.0,67.0,Ensino Médio,Região Metropolitana,Remoto,Masculino,Branca,0.9587080888660398
CAND_03917,11.2,49.0,Bacharelado,Interior,Híbrido,Masculino,Preta,0.4672240927658166
CAND_03918,8.4,20.0,Bacharelado,Capitais,Híbrido,Masculino,Branca,0.8685241854904278
CAND_03919,2.2,67.0,Bacharelado,Região Metropolitana,Presencial,Masculino,Branca,0.8598799156699315
CAND_03920,5.7,46.0,Bacharelado,Região Metropolitana,Remoto,Masculino,Branca,0.8771445328086005
CAND_03921,6.9,48.0,Bacharelado,Capitais,Presencial,Masculino,Branca,0.8544417481935072
CAND_03922,7.3,37.0,Bacharelado,Região Metropolitana,Presencial,Masculino,Preta,0.15862861047034296
CAND_03923,0.0,50.0,Bacharelado,Região Metropolitana,Híbrido,Feminino,Amarela,0.0
CAND_03924,3.7,49.0,Mestrado,Capitais,Remoto,Masculino,Branca,0.9665674712234495
CAND_03925,1.8,43.0,Bacharelado,Capitais,Híbrido,Masculino,Branca,0.8644634429846563
CAND_03926,8.1,41.0,Bacharelado,Região Metropolitana,Híbrido,Feminino,Amarela,0.2903850872179998
CAND_03927,6.1,22.0,Bacharelado,Região Metropolitana,Híbrido,Masculino,Amarela,0.2874171449028269
CAND_03928,6.4,77.0,Bacharelado,Região Metropolitana,Presencial,Masculino,Branca,1.0
CAND_03929,0.0,57.0,Mestrado,Capitais,Remoto,Masculino,Preta,0.5143651047689903
CAND_03930,2.7,31.0,Ensino Médio,Capitais,Híbrido,Masculino,Branca,0.7930649257443702
CAND_03931,5.7,55.0,Bacharelado,Capitais,Presencial,Masculino,Preta,0.5054953684677994
CAND_03932,6.6,53.0,Bacharelado,Capitais,Híbrido,Não-binário,Branca,0.5822488012626448
CAND_03933,5.1,59.0,Bacharelado,Interior,Presencial,Feminino,Branca,0.3064319966783521
CAND_03934,4.6,41.0,Mestrado,Região Metropolitana,Remoto,Masculino,Branca,0.8311307342100862
CAND_03935,6.0,33.0,Bacharelado,Interior,Presencial,Masculino,Branca,0.6291889830510387
CAND_03936,4.9,81.0,Mestrado,Capitais,Remoto,Feminino,Parda,0.6551481246633063
CAND_03937,6.9,59.0,Mestrado,Capitais,Remoto,Feminino,Branca,0.6807101697945064
CAND_03938,11.4,53.0,Bacharelado,Capitais,Presencial,Masculino,Branca,1.0
CAND_03939,9.3,40.0,Bacharelado,Capitais,Híbrido,Feminino,Preta,0.01351147325664942
CAND_03940,5.2,49.0,Mestrado,Capitais,Presencial,Masculino,Branca,0.9923863354022714
CAND_03941,5.6,56.0,Ensino Médio,Região Metropolitana,Híbrido,Masculino,Branca,0.7394440578827236
CAND_03942,2.7,47.0,Bacharelado,Capitais,Híbrido,Masculino,Branca,1.0
CAND_03943,5.4,66.0,Mestrado,Capitais,Presencial,Feminino,Branca,0.6307039661715786
CAND_03944,7.5,47.0,Bacharelado,Capitais,Presencial,Masculino,Preta,0.5109981858346127
CAND_03945,5.7,30.0,Bacharelado,Capitais,Híbrido,Feminino,Branca,0.6524662027116703
CAND_03946,8.3,41.0,Bacharelado,Capitais,Híbrido,Feminino,Preta,0.2475359555323409
CAND_03947,2.2,20.0,Bacharelado,Capitais,Híbrido,Feminino,Parda,0.131101039040612
CAND_03948,5.3,52.0,Bacharelado,Região Metropolitana,Presencial,Masculino,Preta,0.3446880657177442
CAND_03949,8.6,27.0,Bacharelado,Capitais,Híbrido,Feminino,Branca,0.5185819660342303
CAND_03950,7.8,46.0,Doutorado,Capitais,Presencial,Feminino,Preta,0.1329690091234165
CAND_03951,5.5,64.0,Mestrado,Capitais,Híbrido,Feminino,Preta,0.03561755732827823
CAND_03952,3.5,17.0,Bacharelado,Capitais,Híbrido,Feminino,Branca,0.5088940114021735
CAND_03953,5.3,64.0,Bacharelado,Capitais,Híbrido,Feminino,Branca,0.5721055597179083
CAND_03954,2.1,50.0,Mestrado,Região Metropolitana,Remoto,Masculino,Branca,0.9591630961452092
CAND_03955,2.2,56.0,Bacharelado,Região Metropolitana,Híbrido,Feminino,Indígena,0.08165523247617228
CAND_03956,7.7,69.0,Bacharelado,Região Metropolitana,Híbrido,Masculino,Preta,0.4418906927532677
CAND_03957,7.3,54.0,Bacharelado,Capitais,Híbrido,Masculino,Branca,1.0
CAND_03958,3.7,63.0,Bacharelado,Região Metropolitana,Híbrido,Masculino,Branca,0.8805059561452584
CAND_03959,7.4,38.0,Mestrado,Região Metropolitana,Presencial,Masculino,Branca,1.0
CAND_03960,5.8,57.0,Bacharelado,Capitais,Híbrido,Feminino,Amarela,0.07096425663649983
CAND_03961,6.7,47.0,Bacharelado,Capitais,Híbrido,Masculino,Indígena,0.5182441044323283
CAND_03962,7.2,54.0,Mestrado,Capitais,Presencial,Feminino,Branca,0.6383650698896732
CAND_03963,5.3,48.0,Mestrado,Capitais,Híbrido,Masculino,Preta,0.45117139800234735
CAND_03964,3.3,43.0,Ensino Médio,Capitais,Híbrido,Masculino,Preta,0.2536297374745061
CAND_03965,9.0,50.0,Mestrado,Capitais,Presencial,Masculino,Branca,1.0
CAND_03966,2.5,42.0,Bacharelado,Capitais,Híbrido,Masculino,Branca,0.8967470383402583
CAND_03967,1.5,56.0,Ensino Médio,Região Metropolitana,Híbrido,Feminino,Amarela,0.06799897498355843
CAND_03968,1.8,44.0,Mestrado,Região Metropolitana,Presencial,Masculino,Branca,0.7703247691250061
CAND_03969,5.5,30.0,Bacharelado,Interior,Remoto,Masculino,Branca,0.6982316555600777
CAND_03970,2.6,35.0,Bacharelado,Interior,Híbrido,Feminino,Branca,0.20010792554004092
CAND_03971,7.8,36.0,Bacharelado,Região Metropolitana,Híbrido,Masculino,Branca,0.7360585624963336
CAND_03972,3.7,50.0,Mestrado,Região Metropolitana,Híbrido,Masculino,Branca,0.9278014682535379
CAND_03973,3.0,52.0,Bacharelado,Capitais,Presencial,Masculino,Preta,0.5557974214794974
CAND_03974,8.0,40.0,Bacharelado,Interior,Remoto,Feminino,Branca,0.3132477497458443
CAND_03975,10.5,37.0,Bacharelado,Interior,Híbrido,Feminino,Branca,0.29465803026453097
CAND_03976,5.8,41.0,Bacharelado,Interior,Remoto,Feminino,Parda,0.2540240642873085
CAND_03977,6.6,24.0,Bacharelado,Capitais,Híbrido,Masculino,Preta,0.4103541352457375
CAND_03978,2.9,59.0,Mestrado,Capitais,Presencial,Masculino,Branca,1.0
CAND_03979,3.5,62.0,Bacharelado,Interior,Híbrido,Masculino,Amarela,0.2816497232396299
CAND_03980,7.1,23.0,Bacharelado,Capitais,Presencial,Masculino,Branca,0.844459475011257
CAND_03981,9.6,74.0,Mestrado,Região Metropolitana,Presencial,Feminino,Branca,0.6023295058340791
CAND_03982,5.4,79.0,Mestrado,Interior,Presencial,Masculino,Branca,0.8615128364631474
CAND_03983,6.6,22.0,Bacharelado,Interior,Híbrido,Feminino,Parda,0.02162278351042432
CAND_03984,0.0,24.0,Bacharelado,Capitais,Presencial,Masculino,Branca,0.906017811248222
CAND_03985,7.5,28.0,Bacharelado,Região Metropolitana,Híbrido,Feminino,Branca,0.43216766770110004
CAND_03986,6.7,36.0,Ensino Médio,Região Metropolitana,Presencial,Feminino,Indígena,0.08755644433334173
CAND_03987,1.0,49.0,Ensino Médio,Capitais,Híbrido,Feminino,Branca,0.25486255614345155
CAND_03988,1.1,62.0,Bacharelado,Capitais,Presencial,Feminino,Indígena,0.03631643134579238
CAND_03989,6.8,40.0,Bacharelado,Região Metropolitana,Híbrido,Masculino,Branca,0.8288004093159055
CAND_03990,5.4,54.0,Bacharelado,Região Metropolitana,Presencial,Feminino,Branca,0.339019176040973
CAND_03991,2.9,53.0,Mestrado,Capitais,Presencial,Feminino,Amarela,0.2201220609895439
CAND_03992,6.1,34.0,Bacharelado,Região Metropolitana,Híbrido,Masculino,Branca,0.8771705993778756
CAND_03993,8.6,63.0,Bacharelado,Região Metropolitana,Remoto,Masculino,Branca,1.0
CAND_03994,9.5,42.0,Bacharelado,Região Metropolitana,Híbrido,Masculino,Amarela,0.403745593967183
CAND_03995,4.2,18.0,Bacharelado,Capitais,Remoto,Masculino,Branca,0.7735999967565251
CAND_03996,4.8,39.0,Mestrado,Região Metropolitana,Presencial,Masculino,Branca,0.8205284020949712
CAND_03997,6.8,57.0,Bacharelado,Capitais,Presencial,Feminino,Branca,0.6515427596475487
CAND_03998,0.0,38.0,Bacharelado,Capitais,Presencial,Feminino,Branca,0.45731428430328713
CAND_03999,8.1,63.0,Bacharelado,Capitais,Presencial,Masculino,Indígena,0.7020346193957037
CAND_04000,11.8,60.0,Bacharelado,Região Metropolitana,Remoto,Masculino,Branca,1.0
CAND_04001,2.7,38.0,Bacharelado,Interior,Remoto,Masculino,Preta,0.11445933510458318
CAND_04002,4.3,30.0,Bacharelado,Capitais,Presencial,Masculino,Amarela,0.4404242142835128
CAND_04003,9.8,35.0,Ensino Médio,Região Metropolitana,Presencial,Feminino,Amarela,0.181289663417152
CAND_04004,8.6,54.0,Bacharelado,Região Metropolitana,Híbrido,Feminino,Branca,0.5984491661159032
CAND_04005,9.8,61.0,Mestrado,Região Metropolitana,Híbrido,Masculino,Branca,0.8826583208111554
CAND_04006,4.5,47.0,Bacharelado,Região Metropolitana,Remoto,Masculino,Branca,0.907474112261443
CAND_04007,0.0,43.0,Bacharelado,Capitais,Presencial,Feminino,Preta,0.0
CAND_04008,10.6,13.0,Bacharelado,Região Metropolitana,Presencial,Feminino,Branca,0.4285929030674977
CAND_04009,3.1,47.0,Ensino Médio,Capitais,Presencial,Masculino,Parda,0.9001806077332696
CAND_04010,1.5,32.0,Bacharelado,Capitais,Híbrido,Masculino,Branca,0.7675497056536904
CAND_04011,11.1,19.0,Ensino Médio,Região Metropolitana,Remoto,Masculino,Branca,0.9694036374912501
CAND_04012,8.2,45.0,Doutorado,Interior,Presencial,Masculino,Branca,0.7702112666151616
CAND_04013,4.2,20.0,Doutorado,Capitais,Híbrido,Masculino,Branca,1.0
CAND_04014,11.0,50.0,Bacharelado,Capitais,Remoto,Feminino,Preta,0.32578621958589027
CAND_04015,3.7,57.0,Ensino Médio,Capitais,Presencial,Masculino,Amarela,0.4954071300556965
CAND_04016,6.4,46.0,Mestrado,Capitais,Remoto,Masculino,Branca,1.0
CAND_04017,8.9,36.0,Mestrado,Região Metropolitana,Presencial,Masculino,Parda,1.0
CAND_04018,5.3,37.0,Bacharelado,Capitais,Presencial,Masculino,Amarela,0.4777217775598813
CAND_04019,2.9,38.0,Bacharelado,Interior,Híbrido,Feminino,Branca,0.0223317814006542
CAND_04020,4.9,50.0,Bacharelado,Capitais,Remoto,Masculino,Branca,0.9438801720087554
CAND_04021,2.0,65.0,Bacharelado,Capitais,Híbrido,Masculino,Branca,0.8880756429717722
CAND_04022,4.8,45.0,Bacharelado,Capitais,Remoto,Masculino,Preta,0.5768755027468984
CAND_04023,4.7,36.0,Bacharelado,Capitais,Híbrido,Masculino,Amarela,0.49863679244251935
CAND_04024,7.9,71.0,Bacharelado,Capitais,Remoto,Masculino,Preta,0.5870846985430628
CAND_04025,3.8,61.0,Bacharelado,Região Metropolitana,Híbrido,Feminino,Parda,0.431683958294901
CAND_04026,7.4,42.0,Bacharelado,Região Metropolitana,Presencial,Masculino,Branca,0.8929587871831829
CAND_04027,9.1,57.0,Bacharelado,Capitais,Híbrido,Masculino,Preta,0.5582811483237314
CAND_04028,5.2,83.0,Mestrado,Interior,Presencial,Masculino,Branca,0.8758302616445417
CAND_04029,4.5,50.0,Doutorado,Região Metropolitana,Híbrido,Feminino,Branca,0.5328393327731354
CAND_04030,6.8,58.0,Bacharelado,Capitais,Remoto,Masculino,Branca,0.9651014527686035
CAND_04031,3.6,55.0,Ensino Médio,Capitais,Presencial,Feminino,Amarela,0.0
CAND_04032,3.1,54.0,Bacharelado,Capitais,Híbrido,Masculino,Amarela,0.5425564062097014
CAND_04033,5.1,53.0,Mestrado,Região Metropolitana,Remoto,Feminino,Parda,0.26691144852901727
CAND_04034,6.8,55.0,Bacharelado,Capitais,Híbrido,Feminino,Branca,0.5597010192362186
CAND_04035,3.3,44.0,Mestrado,Interior,Remoto,Masculino,Preta,0.01662554900610244
CAND_04036,3.1,23.0,Bacharelado,Capitais,Remoto,Não-binário,Preta,0.0
CAND_04037,2.2,9.0,Mestrado,Capitais,Híbrido,Feminino,Parda,0.2428299616495445
CAND_04038,6.0,42.0,Ensino Médio,Capitais,Híbrido,Não-binário,Amarela,0.0
CAND_04039,4.6,58.0,Bacharelado,Região Metropolitana,Híbrido,Masculino,Branca,0.7744222879222955
CAND_04040,6.4,54.0,Bacharelado,Capitais,Híbrido,Feminino,Branca,0.7082952799617083
CAND_04041,2.1,60.0,Bacharelado,Região Metropolitana,Presencial,Masculino,Indígena,0.5414667618228466
CAND_04042,0.0,43.0,Bacharelado,Interior,Híbrido,Feminino,Branca,0.10423636862093619
CAND_04043,4.3,54.0,Mestrado,Região Metropolitana,Híbrido,Feminino,Preta,0.10741209828358396
CAND_04044,4.2,33.0,Bacharelado,Capitais,Híbrido,Feminino,Branca,0.3828823157019776
CAND_04045,7.4,57.0,Bacharelado,Região Metropolitana,Presencial,Masculino,Branca,1.0
CAND_04046,4.2,60.0,Bacharelado,Região Metropolitana,Híbrido,Masculino,Branca,0.873265746644052
CAND_04047,3.4,47.0,Mestrado,Capitais,Híbrido,Feminino,Parda,0.4182820805298404
CAND_04048,7.8,49.0,Bacharelado,Capitais,Híbrido,Masculino,Parda,1.0
CAND_04049,6.2,39.0,Bacharelado,Capitais,Híbrido,Masculino,Parda,0.7812190815297625
CAND_04050,12.0,79.0,Mestrado,Capitais,Presencial,Feminino,Parda,0.8316461068746288
CAND_04051,6.7,47.0,Mestrado,Região Metropolitana,Híbrido,Masculino,Branca,0.8170390796040591
CAND_04052,2.6,57.0,Bacharelado,Capitais,Híbrido,Feminino,Preta,0.0
CAND_04053,7.1,27.0,Mestrado,Região Metropolitana,Remoto,Masculino,Indígena,0.37037128830048693
CAND_04054,9.6,58.0,Bacharelado,Capitais,Híbrido,Masculino,Branca,0.9847407416657111
CAND_04055,9.1,66.0,Bacharelado,Interior,Híbrido,Masculino,Branca,0.8653301024896151
CAND_04056,6.1,64.0,Ensino Médio,Capitais,Remoto,Masculino,Preta,0.3502317506531454
CAND_04057,7.8,60.0,Mestrado,Região Metropolitana,Híbrido,Masculino,Parda,0.865519623639836
CAND_04058,4.5,53.0,Mestrado,Região Metropolitana,Remoto,Feminino,Branca,0.6091963778230678
CAND_04059,9.0,55.0,Bacharelado,Capitais,Híbrido,Masculino,Branca,1.0
CAND_04060,3.6,52.0,Mestrado,Capitais,Híbrido,Masculino,Parda,0.7345981829366679
CAND_04061,7.9,66.0,Bacharelado,Capitais,Remoto,Feminino,Branca,0.8207186794336645
CAND_04062,3.8,50.0,Mestrado,Capitais,Remoto,Masculino,Parda,0.949280434819766
CAND_04063,10.8,38.0,Bacharelado,Capitais,Híbrido,Masculino,Branca,0.9575194120975075
CAND_04064,1.6,59.0,Bacharelado,Região Metropolitana,Presencial,Masculino,Preta,0.3757704535787455
CAND_04065,0.0,69.0,Bacharelado,Capitais,Presencial,Feminino,Branca,0.756957164072542
CAND_04066,4.2,37.0,Bacharelado,Capitais,Remoto,Masculino,Branca,0.5212570475411177
CAND_04067,3.5,26.0,Bacharelado,Capitais,Híbrido,Masculino,Branca,0.732666128526642
CAND_04068,7.4,50.0,Doutorado,Região Metropolitana,Híbrido,Feminino,Indígena,0.2905575956163488
CAND_04069,3.1,55.0,Mestrado,Interior,Híbrido,Masculino,Amarela,0.13328134767806812
CAND_04070,4.9,52.0,Bacharelado,Capitais,Híbrido,Feminino,Branca,0.594812644371484
CAND_04071,6.8,47.0,Mestrado,Capitais,Presencial,Masculino,Branca,1.0
CAND_04072,4.1,25.0,Mestrado,Região Metropolitana,Presencial,Masculino,Branca,0.8129241024866873
CAND_04073,5.2,49.0,Bacharelado,Região Metropolitana,Remoto,Feminino,Branca,0.2750643491141156
CAND_04074,9.1,52.0,Bacharelado,Capitais,Presencial,Feminino,Parda,0.5994891772487178
CAND_04075,12.5,37.0,Bacharelado,Capitais,Remoto,Feminino,Indígena,0.36473588590691575
CAND_04076,6.3,50.0,Mestrado,Região Metropolitana,Híbrido,Feminino,Amarela,0.018254318622830196
CAND_04077,5.1,65.0,Bacharelado,Interior,Presencial,Masculino,Branca,0.7847357568628752
CAND_04078,8.0,55.0,Bacharelado,Região Metropolitana,Presencial,Masculino,Branca,0.9172937718109438
CAND_04079,7.1,50.0,Bacharelado,Região Metropolitana,Presencial,Feminino,Branca,0.36675631775804646
CAND_04080,8.1,22.0,Bacharelado,Região Metropolitana,Híbrido,Feminino,Branca,0.30730587381132235
CAND_04081,3.9,23.0,Bacharelado,Capitais,Presencial,Feminino,Branca,0.48112623462416
CAND_04082,2.5,48.0,Mestrado,Região Metropolitana,Remoto,Masculino,Preta,0.41781737310934774
CAND_04083,2.6,74.0,Mestrado,Capitais,Presencial,Masculino,Preta,0.588327684267268
CAND_04084,10.9,50.0,Mestrado,Região Metropolitana,Presencial,Feminino,Amarela,0.2017717427499412
CAND_04085,6.8,41.0,Mestrado,Capitais,Híbrido,Masculino,Branca,0.8998455323639498
CAND_04086,6.0,43.0,Bacharelado,Região Metropolitana,Presencial,Masculino,Indígena,0.3717375733436893
CAND_04087,4.1,65.0,Ensino Médio,Capitais,Híbrido,Masculino,Branca,0.8191074257538072
CAND_04088,5.3,71.0,Mestrado,Região Metropolitana,Presencial,Feminino,Branca,0.576782841746551
CAND_04089,9.9,67.0,Mestrado,Região Metropolitana,Híbrido,Feminino,Indígena,0.3163392119414979
CAND_04090,7.4,53.0,Mestrado,Capitais,Remoto,Masculino,Branca,1.0
CAND_04091,6.3,32.0,Bacharelado,Capitais,Remoto,Masculino,Branca,0.7131106183441811
CAND_04092,2.7,64.0,Doutorado,Região Metropolitana,Híbrido,Masculino,Branca,0.9127985596177732
CAND_04093,7.2,49.0,Bacharelado,Região Metropolitana,Híbrido,Feminino,Branca,0.39008637910850014
CAND_04094,1.0,39.0,Bacharelado,Região Metropolitana,Remoto,Masculino,Branca,0.9496011927152421
CAND_04095,7.9,35.0,Ensino Médio,Interior,Presencial,Feminino,Parda,0.0
CAND_04096,5.6,40.0,Mestrado,Interior,Híbrido,Masculino,Branca,0.746816573766285
CAND_04097,2.7,41.0,Doutorado,Capitais,Híbrido,Masculino,Preta,0.3507270754126014
CAND_04098,0.0,63.0,Mestrado,Capitais,Híbrido,Masculino,Branca,0.9027134131898321
CAND_04099,0.0,32.0,Bacharelado,Região Metropolitana,Híbrido,Feminino,Branca,0.2696544926230701
CAND_04100,2.5,50.0,Bacharelado,Capitais,Híbrido,Feminino,Branca,0.3329990340301634
CAND_04101,6.7,38.0,Bacharelado,Capitais,Presencial,Masculino,Amarela,0.6343919797623215
CAND_04102,2.1,21.0,Bacharelado,Interior,Híbrido,Feminino,Branca,0.1856833390261709
CAND_04103,2.1,41.0,Bacharelado,Capitais,Remoto,Masculino,Branca,0.8862911949375784
CAND_04104,8.1,32.0,Mestrado,Região Metropolitana,Híbrido,Masculino,Branca,0.9395967124819468
CAND_04105,8.3,50.0,Bacharelado,Capitais,Presencial,Masculino,Branca,1.0
CAND_04106,7.9,52.0,Bacharelado,Região Metropolitana,Híbrido,Feminino,Branca,0.4826113395914614
CAND_04107,3.8,19.0,Bacharelado,Capitais,Remoto,Masculino,Preta,0.2380218165351784
CAND_04108,3.3,58.0,Ensino Médio,Capitais,Híbrido,Masculino,Branca,0.9062200806542519
CAND_04109,9.6,71.0,Mestrado,Região Metropolitana,Presencial,Masculino,Parda,0.9623964542699497
CAND_04110,3.0,25.0,Bacharelado,Região Metropolitana,Presencial,Masculino,Indígena,0.26989008622975674
CAND_04111,3.9,42.0,Bacharelado,Região Metropolitana,Híbrido,Masculino,Indígena,0.5925636010877516
CAND_04112,4.2,46.0,Bacharelado,Interior,Híbrido,Feminino,Indígena,0.0
CAND_04113,5.9,41.0,Mestrado,Capitais,Presencial,Feminino,Branca,0.6792872017657556
CAND_04114,3.4,77.0,Mestrado,Capitais,Híbrido,Masculino,Parda,1.0
CAND_04115,5.8,56.0,Bacharelado,Região Metropolitana,Presencial,Feminino,Branca,0.5270659917091983
CAND_04116,6.7,45.0,Bacharelado,Capitais,Remoto,Masculino,Preta,0.6573732097985205
CAND_04117,13.0,62.0,Ensino Médio,Capitais,Híbrido,Masculino,Branca,1.0
CAND_04118,7.5,62.0,Mestrado,Capitais,Híbrido,Masculino,Amarela,0.41723056512501405
CAND_04119,6.2,53.0,Ensino Médio,Capitais,Híbrido,Masculino,Branca,0.8900298931896701
CAND_04120,0.0,75.0,Bacharelado,Região Metropolitana,Presencial,Masculino,Branca,0.8214583797456375
CAND_04121,7.3,37.0,Mestrado,Capitais,Híbrido,Masculino,Branca,0.9808654719183617
CAND_04122,4.3,45.0,Bacharelado,Capitais,Híbrido,Feminino,Branca,0.6367141299196921
CAND_04123,6.9,49.0,Ensino Médio,Região Metropolitana,Híbrido,Masculino,Amarela,0.48344175688780805
CAND_04124,3.3,64.0,Bacharelado,Região Metropolitana,Remoto,Masculino,Branca,0.8841367468118435
CAND_04125,0.0,50.0,Bacharelado,Capitais,Presencial,Masculino,Branca,0.8656729255564294
CAND_04126,3.2,30.0,Mestrado,Capitais,Híbrido,Masculino,Preta,0.3497783020675756
CAND_04127,4.7,40.0,Mestrado,Interior,Remoto,Feminino,Branca,0.1781487437587182
CAND_04128,11.0,65.0,Doutorado,Região Metropolitana,Remoto,Feminino,Branca,0.8552711669929238
CAND_04129,2.1,65.0,Bacharelado,Capitais,Remoto,Não-binário,Parda,0.2854728050280971
CAND_04130,5.9,32.0,Bacharelado,Interior,Remoto,Masculino,Branca,0.5802123389926493
CAND_04131,1.0,45.0,Ensino Médio,Capitais,Híbrido,Feminino,Amarela,0.0
CAND_04132,4.6,41.0,Bacharelado,Capitais,Remoto,Masculino,Branca,0.9579365309720682
CAND_04133,4.0,58.0,Bacharelado,Capitais,Híbrido,Masculino,Branca,1.0
CAND_04134,2.6,44.0,Bacharelado,Capitais,Presencial,Masculino,Amarela,0.47153382984041425
CAND_04135,0.6,49.0,Bacharelado,Região Metropolitana,Remoto,Masculino,Branca,0.7749959730800936
CAND_04136,8.2,61.0,Ensino Médio,Capitais,Híbrido,Feminino,Branca,0.5343765363556379
CAND_04137,6.2,52.0,Bacharelado,Capitais,Presencial,Masculino,Branca,0.8897199968542727
CAND_04138,8.1,36.0,Bacharelado,Capitais,Híbrido,Feminino,Branca,0.5269869653563374
CAND_04139,3.0,28.0,Bacharelado,Capitais,Híbrido,Feminino,Branca,0.2802107657080142
CAND_04140,1.8,62.0,Bacharelado,Interior,Híbrido,Masculino,Amarela,0.14215712425824187
CAND_04141,9.7,59.0,Bacharelado,Região Metropolitana,Presencial,Masculino,Branca,1.0
CAND_04142,12.8,35.0,Bacharelado,Região Metropolitana,Presencial,Feminino,Amarela,0.16476534521148103
CAND_04143,10.8,38.0,Doutorado,Capitais,Presencial,Masculino,Branca,1.0
CAND_04144,1.5,72.0,Mestrado,Capitais,Híbrido,Masculino,Indígena,0.5908737942383433
CAND_04145,3.0,41.0,Ensino Médio,Interior,Híbrido,Masculino,Branca,0.5545460109586635
CAND_04146,6.8,63.0,Ensino Médio,Capitais,Híbrido,Masculino,Preta,0.4836756523545333
CAND_04147,7.2,38.0,Ensino Médio,Capitais,Presencial,Masculino,Indígena,0.560038119440122
CAND_04148,3.4,28.0,Bacharelado,Região Metropolitana,Remoto,Masculino,Indígena,0.5505223722891928
CAND_04149,0.9,50.0,Mestrado,Interior,Remoto,Masculino,Branca,0.6668662886983843
CAND_04150,0.9,27.0,Bacharelado,Capitais,Presencial,Masculino,Branca,1.0
CAND_04151,7.2,47.0,Bacharelado,Capitais,Remoto,Masculino,Parda,0.8028042015007207
CAND_04152,10.6,52.0,Bacharelado,Região Metropolitana,Híbrido,Masculino,Preta,0.4842683346904174
CAND_04153,3.8,40.0,Bacharelado,Capitais,Híbrido,Feminino,Branca,0.39857532580450683
CAND_04154,2.8,47.0,Mestrado,Capitais,Presencial,Masculino,Branca,0.9151629637899197
CAND_04155,8.5,63.0,Bacharelado,Capitais,Híbrido,Masculino,Branca,1.0
CAND_04156,4.0,61.0,Mestrado,Capitais,Híbrido,Feminino,Branca,0.4964039943245908
CAND_04157,3.8,41.0,Bacharelado,Capitais,Híbrido,Feminino,Branca,0.35211486933261027
CAND_04158,0.0,24.0,Mestrado,Capitais,Híbrido,Masculino,Parda,0.7480120260248315
CAND_04159,0.4,58.0,Bacharelado,Capitais,Híbrido,Masculino,Branca,0.9513192413538355
CAND_04160,2.3,55.0,Bacharelado,Região Metropolitana,Híbrido,Masculino,Preta,0.44178041511682853
CAND_04161,11.7,80.0,Ensino Médio,Interior,Remoto,Masculino,Branca,0.80897023075156
CAND_04162,9.6,30.0,Mestrado,Região Metropolitana,Presencial,Feminino,Branca,0.5461860591246921
CAND_04163,2.0,56.0,Bacharelado,Interior,Remoto,Masculino,Parda,0.5266743072961447
CAND_04164,9.3,28.0,Bacharelado,Região Metropolitana,Presencial,Feminino,Branca,0.38819574235384413
CAND_04165,9.5,63.0,Mestrado,Capitais,Presencial,Masculino,Branca,1.0
CAND_04166,6.6,48.0,Bacharelado,Capitais,Híbrido,Masculino,Branca,0.9944957556867844
CAND_04167,3.4,52.0,Doutorado,Capitais,Remoto,Masculino,Preta,0.399870819948669
CAND_04168,2.0,75.0,Mestrado,Região Metropolitana,Presencial,Não-binário,Branca,0.41665566003535315
CAND_04169,0.0,46.0,Bacharelado,Capitais,Remoto,Masculino,Amarela,0.5213170362401087
CAND_04170,1.7,44.0,Bacharelado,Região Metropolitana,Presencial,Masculino,Branca,0.7852936065496059
CAND_04171,4.7,45.0,Bacharelado,Região Metropolitana,Híbrido,Feminino,Branca,0.382374927721634
CAND_04172,9.3,57.0,Mestrado,Capitais,Presencial,Masculino,Parda,0.9520080110536323
CAND_04173,8.7,43.0,Bacharelado,Capitais,Remoto,Masculino,Preta,0.597851861429296
CAND_04174,7.8,41.0,Bacharelado,Capitais,Remoto,Masculino,Preta,0.4107923019557008
CAND_04175,1.6,47.0,Bacharelado,Capitais,Presencial,Masculino,Preta,0.47946635065964527
CAND_04176,5.0,59.0,Bacharelado,Capitais,Híbrido,Masculino,Branca,0.8409589603965656
CAND_04177,11.7,44.0,Bacharelado,Capitais,Híbrido,Masculino,Branca,1.0
CAND_04178,8.0,52.0,Bacharelado,Interior,Remoto,Masculino,Branca,0.8214804757243441
CAND_04179,4.6,58.0,Bacharelado,Capitais,Híbrido,Não-binário,Branca,0.5668945813285027
CAND_04180,3.1,55.0,Bacharelado,Região Metropolitana,Remoto,Feminino,Branca,0.3199923368688236
CAND_04181,7.4,51.0,Mestrado,Região Metropolitana,Presencial,Masculino,Preta,0.5456995089871393
CAND_04182,6.6,45.0,Doutorado,Capitais,Remoto,Feminino,Branca,0.5778830001555588
CAND_04183,3.8,58.0,Mestrado,Interior,Híbrido,Não-binário,Branca,0.3294151896424318
CAND_04184,1.9,61.0,Bacharelado,Região Metropolitana,Híbrido,Feminino,Branca,0.5409599925398285
CAND_04185,11.0,33.0,Doutorado,Capitais,Híbrido,Masculino,Branca,0.9781397616557763
CAND_04186,0.0,62.0,Bacharelado,Capitais,Híbrido,Feminino,Branca,0.3482997978862922
CAND_04187,11.1,45.0,Bacharelado,Capitais,Híbrido,Feminino,Branca,0.5462452791580462
CAND_04188,2.0,25.0,Bacharelado,Capitais,Remoto,Masculino,Indígena,0.5258175345354237
CAND_04189,0.9,36.0,Mestrado,Capitais,Híbrido,Feminino,Branca,0.5929603159630968
CAND_04190,6.2,45.0,Mestrado,Capitais,Híbrido,Feminino,Branca,0.7580895660209925
CAND_04191,1.8,74.0,Bacharelado,Região Metropolitana,Remoto,Feminino,Branca,0.3794356749355245
CAND_04192,0.0,39.0,Ensino Médio,Região Metropolitana,Híbrido,Feminino,Preta,0.0
CAND_04193,0.9,33.0,Bacharelado,Capitais,Híbrido,Feminino,Branca,0.2061096568104168
CAND_04194,3.0,57.0,Mestrado,Capitais,Híbrido,Feminino,Indígena,0.3390062662374447
CAND_04195,1.2,71.0,Mestrado,Capitais,Híbrido,Masculino,Branca,0.9948600965485832
CAND_04196,6.8,73.0,Bacharelado,Capitais,Presencial,Feminino,Branca,0.6435947248504276
CAND_04197,9.5,47.0,Mestrado,Região Metropolitana,Remoto,Masculino,Branca,0.9116539094766172
CAND_04198,5.9,31.0,Ensino Médio,Capitais,Híbrido,Masculino,Amarela,0.486150653230642
CAND_04199,3.3,39.0,Bacharelado,Capitais,Presencial,Masculino,Branca,0.7765005947377462
CAND_04200,6.4,43.0,Ensino Médio,Capitais,Híbrido,Não-binário,Branca,0.41565576850369
CAND_04201,2.3,36.0,Bacharelado,Capitais,Presencial,Masculino,Branca,0.7684032969861048
CAND_04202,0.0,56.0,Mestrado,Região Metropolitana,Híbrido,Feminino,Branca,0.47619995250952596
CAND_04203,9.6,89.0,Ensino Médio,Capitais,Híbrido,Masculino,Branca,1.0
CAND_04204,2.7,26.0,Bacharelado,Capitais,Presencial,Feminino,Indígena,0.10029071640685006
CAND_04205,8.0,53.0,Bacharelado,Capitais,Presencial,Feminino,Amarela,0.07308643151958413
CAND_04206,1.0,38.0,Bacharelado,Capitais,Híbrido,Masculino,Amarela,0.49846681369924273
CAND_04207,0.4,25.0,Bacharelado,Capitais,Híbrido,Feminino,Branca,0.41260583312794874
CAND_04208,6.3,71.0,Bacharelado,Região Metropolitana,Remoto,Não-binário,Branca,0.491545447165756
CAND_04209,7.7,46.0,Mestrado,Região Metropolitana,Remoto,Masculino,Branca,0.9848648149288595
CAND_04210,5.4,44.0,Bacharelado,Capitais,Remoto,Masculino,Branca,0.9805173029561954
CAND_04211,5.8,83.0,Ensino Médio,Capitais,Presencial,Masculino,Branca,1.0
CAND_04212,6.9,40.0,Mestrado,Região Metropolitana,Híbrido,Masculino,Preta,0.3255218359804023
CAND_04213,5.9,64.0,Bacharelado,Capitais,Híbrido,Masculino,Branca,0.969844058487547
CAND_04214,5.1,46.0,Bacharelado,Capitais,Híbrido,Feminino,Branca,0.5295996178113432
CAND_04215,1.5,49.0,Mestrado,Capitais,Remoto,Feminino,Branca,0.48497958809573566
CAND_04216,10.1,47.0,Mestrado,Capitais,Remoto,Masculino,Parda,1.0
CAND_04217,12.0,66.0,Mestrado,Capitais,Remoto,Masculino,Branca,1.0
CAND_04218,4.2,67.0,Bacharelado,Região Metropolitana,Presencial,Feminino,Branca,0.7937300304616448
CAND_04219,6.1,71.0,Mestrado,Região Metropolitana,Remoto,Feminino,Amarela,0.2419742187959047
CAND_04220,2.9,73.0,Bacharelado,Região Metropolitana,Remoto,Feminino,Branca,0.45166328974442055
CAND_04221,2.5,83.0,Doutorado,Capitais,Remoto,Masculino,Branca,1.0
CAND_04222,0.6,43.0,Bacharelado,Capitais,Híbrido,Feminino,Branca,0.3966095910433866
CAND_04223,3.1,51.0,Bacharelado,Interior,Presencial,Feminino,Branca,0.27355531978459185
CAND_04224,1.2,56.0,Bacharelado,Região Metropolitana,Híbrido,Masculino,Preta,0.10773880947276113
CAND_04225,7.4,66.0,Mestrado,Interior,Híbrido,Masculino,Preta,0.11197792433503354
CAND_04226,0.0,27.0,Doutorado,Capitais,Híbrido,Feminino,Branca,0.5376018028625402
CAND_04227,2.4,48.0,Bacharelado,Região Metropolitana,Presencial,Masculino,Branca,0.7874153430728758
CAND_04228,0.0,38.0,Doutorado,Capitais,Híbrido,Masculino,Preta,0.3918027909501644
CAND_04229,8.4,59.0,Bacharelado,Capitais,Presencial,Masculino,Branca,1.0
CAND_04230,8.1,40.0,Mestrado,Capitais,Presencial,Masculino,Branca,1.0
CAND_04231,5.8,63.0,Bacharelado,Capitais,Híbrido,Masculino,Branca,1.0
CAND_04232,7.7,40.0,Ensino Médio,Região Metropolitana,Presencial,Feminino,Branca,0.27505213491918945
CAND_04233,3.0,52.0,Mestrado,Interior,Presencial,Masculino,Branca,0.6094848050941122
CAND_04234,6.1,34.0,Bacharelado,Região Metropolitana,Híbrido,Masculino,Branca,0.8254643286307085
CAND_04235,3.4,36.0,Bacharelado,Interior,Híbrido,Feminino,Amarela,0.0
CAND_04236,4.7,48.0,Mestrado,Capitais,Híbrido,Feminino,Preta,0.09417667935675444
CAND_04237,2.8,76.0,Bacharelado,Região Metropolitana,Remoto,Feminino,Branca,0.5393373956978428
CAND_04238,4.4,68.0,Ensino Médio,Interior,Remoto,Masculino,Branca,0.5804549054975293
CAND_04239,2.8,67.0,Mestrado,Capitais,Híbrido,Masculino,Preta,0.3179849385411941
CAND_04240,2.2,50.0,Bacharelado,Capitais,Híbrido,Não-binário,Branca,0.46352512371951005
CAND_04241,5.7,47.0,Bacharelado,Capitais,Híbrido,Feminino,Indígena,0.38414605904776666
CAND_04242,2.1,66.0,Bacharelado,Capitais,Híbrido,Feminino,Preta,0.15788914200862325
CAND_04243,7.5,63.0,Bacharelado,Capitais,Híbrido,Masculino,Amarela,0.39798571855035636
CAND_04244,3.5,52.0,Mestrado,Capitais,Híbrido,Masculino,Branca,0.9941215100415781
CAND_04245,5.8,51.0,Bacharelado,Capitais,Híbrido,Masculino,Preta,0.5774193145125041
CAND_04246,3.7,78.0,Bacharelado,Capitais,Presencial,Masculino,Preta,0.6865029983074777
CAND_04247,8.3,39.0,Bacharelado,Capitais,Híbrido,Feminino,Amarela,0.008153389438407488
CAND_04248,8.8,59.0,Doutorado,Interior,Híbrido,Feminino,Parda,0.3831598605477858
CAND_04249,3.4,61.0,Bacharelado,Região Metropolitana,Presencial,Feminino,Branca,0.3116396656336363
CAND_04250,7.5,56.0,Bacharelado,Capitais,Híbrido,Masculino,Amarela,0.47733220790164976
CAND_04251,10.7,38.0,Doutorado,Região Metropolitana,Híbrido,Feminino,Branca,0.6570921585949272
CAND_04252,0.6,59.0,Mestrado,Região Metropolitana,Remoto,Feminino,Branca,0.43215856355250193
CAND_04253,7.8,50.0,Bacharelado,Capitais,Híbrido,Masculino,Parda,0.9301126752926681
CAND_04254,0.6,52.0,Mestrado,Região Metropolitana,Híbrido,Masculino,Preta,0.20021976101465816
CAND_04255,2.6,68.0,Bacharelado,Interior,Híbrido,Masculino,Preta,0.1077066379450686
CAND_04256,6.8,54.0,Bacharelado,Capitais,Remoto,Masculino,Branca,0.9332675646193984
CAND_04257,2.9,46.0,Mestrado,Capitais,Presencial,Masculino,Branca,0.8113738443550904
CAND_04258,6.2,67.0,Bacharelado,Capitais,Híbrido,Masculino,Branca,1.0
CAND_04259,4.5,58.0,Bacharelado,Região Metropolitana,Presencial,Feminino,Preta,0.0
CAND_04260,6.6,23.0,Mestrado,Capitais,Híbrido,Feminino,Branca,0.41406021745881544
CAND_04261,7.7,60.0,Bacharelado,Capitais,Presencial,Masculino,Amarela,0.5426827099789567
CAND_04262,7.1,38.0,Doutorado,Capitais,Remoto,Masculino,Amarela,0.7015404336101133
CAND_04263,9.6,38.0,Mestrado,Interior,Híbrido,Masculino,Amarela,0.31685509442997367
CAND_04264,7.7,34.0,Mestrado,Capitais,Híbrido,Feminino,Branca,0.5676888252961936
CAND_04265,4.6,66.0,Bacharelado,Capitais,Híbrido,Masculino,Branca,1.0
CAND_04266,0.0,54.0,Mestrado,Capitais,Remoto,Masculino,Branca,0.9698106559522303
CAND_04267,2.4,71.0,Bacharelado,Capitais,Remoto,Feminino,Branca,0.6045458497570897
CAND_04268,3.9,36.0,Bacharelado,Capitais,Remoto,Feminino,Branca,0.4208694943831422
CAND_04269,5.0,55.0,Bacharelado,Capitais,Híbrido,Masculino,Amarela,0.5512570249191276
CAND_04270,5.4,49.0,Bacharelado,Interior,Presencial,Masculino,Branca,0.7763659078425239
CAND_04271,8.1,74.0,Doutorado,Capitais,Híbrido,Feminino,Amarela,0.4314679279389868
CAND_04272,10.5,36.0,Mestrado,Capitais,Presencial,Masculino,Branca,0.9118940081809017
CAND_04273,2.9,58.0,Bacharelado,Capitais,Presencial,Feminino,Branca,0.5446116560095264
CAND_04274,6.2,48.0,Mestrado,Capitais,Híbrido,Masculino,Branca,1.0
CAND_04275,2.4,61.0,Bacharelado,Capitais,Presencial,Feminino,Branca,0.4913521949147224
CAND_04276,4.5,45.0,Ensino Médio,Capitais,Remoto,Feminino,Branca,0.5079355062822979
CAND_04277,6.9,43.0,Ensino Médio,Interior,Remoto,Feminino,Branca,0.32547938412357985
CAND_04278,4.5,40.0,Bacharelado,Capitais,Presencial,Masculino,Branca,0.8473097825240689
CAND_04279,3.6,43.0,Bacharelado,Região Metropolitana,Híbrido,Feminino,Branca,0.34216957721194013
CAND_04280,7.6,47.0,Bacharelado,Capitais,Híbrido,Masculino,Indígena,0.5661328810812856
CAND_04281,6.5,36.0,Bacharelado,Região Metropolitana,Híbrido,Masculino,Parda,0.8983185998143193
CAND_04282,0.0,44.0,Bacharelado,Região Metropolitana,Presencial,Masculino,Amarela,0.462495742480738
CAND_04283,6.3,35.0,Bacharelado,Região Metropolitana,Remoto,Feminino,Branca,0.3954616323434429
CAND_04284,0.3,63.0,Bacharelado,Capitais,Presencial,Masculino,Branca,1.0
CAND_04285,5.7,39.0,Mestrado,Capitais,Presencial,Não-binário,Parda,0.188201586365328
CAND_04286,3.3,51.0,Doutorado,Região Metropolitana,Híbrido,Não-binário,Branca,0.43778892308908796
CAND_04287,6.2,73.0,Doutorado,Capitais,Híbrido,Masculino,Branca,1.0
CAND_04288,4.6,53.0,Bacharelado,Capitais,Presencial,Masculino,Branca,0.7863292769811367
CAND_04289,3.9,45.0,Mestrado,Capitais,Híbrido,Feminino,Preta,0.2111387319943361
CAND_04290,8.6,62.0,Mestrado,Interior,Híbrido,Feminino,Branca,0.41194815209622526
CAND_04291,3.1,16.0,Mestrado,Região Metropolitana,Híbrido,Masculino,Branca,0.7945799450502103
CAND_04292,7.4,53.0,Bacharelado,Interior,Remoto,Masculino,Branca,0.8871602563139123
CAND_04293,5.0,33.0,Bacharelado,Interior,Presencial,Feminino,Preta,0.0
CAND_04294,2.6,14.0,Mestrado,Interior,Remoto,Masculino,Branca,0.4206892045467266
CAND_04295,3.1,57.0,Mestrado,Região Metropolitana,Presencial,Masculino,Branca,0.9131623713278433
CAND_04296,8.7,75.0,Ensino Médio,Capitais,Remoto,Masculino,Preta,0.5636257115764726
CAND_04297,6.9,65.0,Bacharelado,Capitais,Presencial,Feminino,Parda,0.43930045261114875
CAND_04298,4.6,30.0,Bacharelado,Capitais,Híbrido,Masculino,Branca,1.0
CAND_04299,10.2,43.0,Bacharelado,Capitais,Remoto,Masculino,Parda,1.0
CAND_04300,6.8,60.0,Mestrado,Capitais,Presencial,Masculino,Branca,1.0
CAND_04301,7.7,45.0,Mestrado,Capitais,Presencial,Masculino,Preta,0.4522224227858562
CAND_04302,3.9,65.0,Bacharelado,Capitais,Remoto,Masculino,Branca,0.9240073869021463
CAND_04303,1.2,73.0,Ensino Médio,Região Metropolitana,Híbrido,Feminino,Branca,0.35499713338296146
CAND_04304,5.9,85.0,Bacharelado,Capitais,Remoto,Masculino,Branca,1.0
CAND_04305,6.5,37.0,Bacharelado,Capitais,Híbrido,Masculino,Amarela,0.5616877294529031
CAND_04306,0.0,30.0,Ensino Médio,Capitais,Presencial,Masculino,Branca,0.7445207926032895
CAND_04307,0.0,66.0,Bacharelado,Capitais,Híbrido,Feminino,Branca,0.6705269363796356
CAND_04308,11.5,33.0,Bacharelado,Capitais,Remoto,Não-binário,Amarela,0.295268645137195
CAND_04309,6.7,57.0,Bacharelado,Região Metropolitana,Remoto,Feminino,Preta,0.05273773311732896
CAND_04310,5.9,58.0,Bacharelado,Região Metropolitana,Presencial,Masculino,Branca,0.7538828560829275
CAND_04311,6.7,26.0,Bacharelado,Região Metropolitana,Presencial,Masculino,Branca,0.8035959151550414
CAND_04312,7.1,65.0,Ensino Médio,Capitais,Remoto,Feminino,Branca,0.48600868493323546
CAND_04313,6.8,59.0,Bacharelado,Região Metropolitana,Remoto,Masculino,Branca,1.0
CAND_04314,1.1,25.0,Bacharelado,Capitais,Remoto,Feminino,Branca,0.4781459758308871
CAND_04315,10.6,35.0,Mestrado,Capitais,Híbrido,Feminino,Branca,0.6054865805124087
CAND_04316,4.8,78.0,Bacharelado,Região Metropolitana,Híbrido,Feminino,Preta,0.07041510764820018
CAND_04317,3.3,51.0,Bacharelado,Região Metropolitana,Remoto,Feminino,Indígena,0.02569449466872871
CAND_04318,10.3,71.0,Bacharelado,Capitais,Remoto,Feminino,Branca,0.6068017583691981
CAND_04319,0.3,49.0,Mestrado,Região Metropolitana,Remoto,Feminino,Branca,0.5445840027493344
CAND_04320,3.2,58.0,Mestrado,Capitais,Presencial,Masculino,Branca,0.929692733349321
CAND_04321,5.6,37.0,Bacharelado,Capitais,Híbrido,Masculino,Preta,0.254375749081326
CAND_04322,8.9,38.0,Mestrado,Capitais,Remoto,Não-binário,Branca,0.41461569450448554
CAND_04323,2.1,32.0,Doutorado,Capitais,Remoto,Feminino,Branca,0.3447211337758193
CAND_04324,4.4,57.0,Mestrado,Região Metropolitana,Híbrido,Masculino,Branca,0.9026119141195215
CAND_04325,5.7,58.0,Bacharelado,Capitais,Híbrido,Feminino,Branca,0.6519880785213367
CAND_04326,1.8,52.0,Bacharelado,Capitais,Híbrido,Masculino,Preta,0.5111288148781348
CAND_04327,7.0,63.0,Mestrado,Capitais,Remoto,Não-binário,Indígena,0.2988321084404504
CAND_04328,4.9,67.0,Doutorado,Capitais,Presencial,Feminino,Branca,0.5909018298973737
CAND_04329,3.8,65.0,Bacharelado,Capitais,Remoto,Masculino,Branca,1.0
CAND_04330,6.4,44.0,Mestrado,Capitais,Remoto,Feminino,Branca,0.7093078250534575
CAND_04331,6.3,66.0,Bacharelado,Capitais,Remoto,Masculino,Branca,0.9176484984548012
CAND_04332,9.1,62.0,Bacharelado,Capitais,Remoto,Masculino,Amarela,0.67422199731661
CAND_04333,4.0,37.0,Mestrado,Capitais,Híbrido,Não-binário,Branca,0.33224109449148664
CAND_04334,8.5,33.0,Bacharelado,Interior,Híbrido,Masculino,Branca,0.6528683846002289
CAND_04335,4.8,61.0,Mestrado,Região Metropolitana,Híbrido,Masculino,Branca,0.9572512114491398
CAND_04336,7.3,49.0,Mestrado,Capitais,Híbrido,Feminino,Amarela,0.16587958133534397
CAND_04337,0.0,74.0,Bacharelado,Capitais,Presencial,Feminino,Parda,0.37803109823752246
CAND_04338,3.8,49.0,Bacharelado,Capitais,Híbrido,Masculino,Amarela,0.49985320911978925
CAND_04339,10.7,44.0,Mestrado,Capitais,Híbrido,Masculino,Parda,0.9527941636632657
CAND_04340,5.8,72.0,Bacharelado,Capitais,Remoto,Feminino,Branca,0.5636403190233612
CAND_04341,5.0,30.0,Bacharelado,Capitais,Presencial,Masculino,Branca,0.8715726874120467
CAND_04342,3.6,64.0,Bacharelado,Capitais,Remoto,Masculino,Parda,0.8778882206154252
CAND_04343,0.9,53.0,Mestrado,Capitais,Híbrido,Feminino,Branca,0.3469730225905392
CAND_04344,9.5,29.0,Bacharelado,Capitais,Híbrido,Masculino,Parda,0.731882590977009
CAND_04345,4.6,42.0,Mestrado,Capitais,Presencial,Masculino,Branca,0.989041904827623
CAND_04346,6.7,38.0,Mestrado,Capitais,Presencial,Feminino,Branca,0.48326721374498194
CAND_04347,5.5,57.0,Doutorado,Região Metropolitana,Híbrido,Masculino,Branca,0.9270039673817687
CAND_04348,10.2,53.0,Bacharelado,Capitais,Remoto,Não-binário,Branca,0.6246340218768444
CAND_04349,6.3,15.0,Bacharelado,Capitais,Presencial,Masculino,Parda,0.6647913339071262
CAND_04350,1.2,58.0,Bacharelado,Capitais,Presencial,Masculino,Amarela,0.509655125908689
CAND_04351,9.2,58.0,Bacharelado,Capitais,Presencial,Masculino,Amarela,0.810351623206175
CAND_04352,1.9,42.0,Mestrado,Região Metropolitana,Híbrido,Feminino,Parda,0.44576786389770984
CAND_04353,6.4,45.0,Bacharelado,Capitais,Presencial,Feminino,Branca,0.5520556043111393
CAND_04354,8.2,63.0,Mestrado,Região Metropolitana,Remoto,Feminino,Branca,0.5961796149471622
CAND_04355,2.0,46.0,Bacharelado,Capitais,Híbrido,Feminino,Branca,0.5465256446960151
CAND_04356,4.0,33.0,Bacharelado,Capitais,Híbrido,Feminino,Preta,0.0
CAND_04357,7.8,52.0,Mestrado,Região Metropolitana,Presencial,Masculino,Preta,0.34797019934536066
CAND_04358,8.0,56.0,Bacharelado,Capitais,Remoto,Masculino,Branca,0.7780930819153512
CAND_04359,0.0,44.0,Doutorado,Região Metropolitana,Híbrido,Masculino,Branca,0.8622989181072658
CAND_04360,5.3,40.0,Mestrado,Região Metropolitana,Remoto,Masculino,Branca,0.8372418167881439
CAND_04361,5.0,66.0,Mestrado,Região Metropolitana,Presencial,Masculino,Preta,0.48394677105825273
CAND_04362,5.9,37.0,Bacharelado,Região Metropolitana,Presencial,Masculino,Amarela,0.5430537248098628
CAND_04363,7.5,54.0,Bacharelado,Capitais,Remoto,Não-binário,Preta,0.0
CAND_04364,4.6,70.0,Bacharelado,Região Metropolitana,Híbrido,Masculino,Branca,0.8633011592311368
CAND_04365,0.0,41.0,Mestrado,Capitais,Híbrido,Masculino,Branca,0.9495719494403074
CAND_04366,5.6,25.0,Bacharelado,Capitais,Híbrido,Masculino,Preta,0.4907697440217585
CAND_04367,3.0,47.0,Bacharelado,Região Metropolitana,Híbrido,Masculino,Preta,0.15791616769870112
CAND_04368,1.1,42.0,Doutorado,Região Metropolitana,Híbrido,Masculino,Parda,0.6018669707885373
CAND_04369,6.7,51.0,Doutorado,Interior,Híbrido,Feminino,Branca,0.5841395540417698
CAND_04370,7.2,59.0,Bacharelado,Capitais,Híbrido,Masculino,Branca,1.0
CAND_04371,6.9,35.0,Mestrado,Capitais,Remoto,Masculino,Preta,0.5364019168489406
CAND_04372,6.8,47.0,Bacharelado,Região Metropolitana,Híbrido,Feminino,Branca,0.33100352288739265
CAND_04373,6.2,53.0,Bacharelado,Região Metropolitana,Remoto,Masculino,Amarela,0.5191781705227789
CAND_04374,2.8,43.0,Bacharelado,Capitais,Remoto,Feminino,Preta,0.05367886660223237
CAND_04375,3.6,67.0,Mestrado,Capitais,Híbrido,Feminino,Preta,0.08458383819132262
CAND_04376,3.6,21.0,Bacharelado,Região Metropolitana,Híbrido,Masculino,Branca,0.7809008108648441
CAND_04377,6.1,75.0,Bacharelado,Região Metropolitana,Remoto,Masculino,Branca,0.95574725404153
CAND_04378,5.8,72.0,Bacharelado,Capitais,Híbrido,Feminino,Branca,0.7268657936250769
CAND_04379,10.3,59.0,Mestrado,Capitais,Presencial,Feminino,Branca,0.636772841733453
CAND_04380,6.0,47.0,Bacharelado,Capitais,Híbrido,Masculino,Branca,1.0
CAND_04381,5.6,49.0,Mestrado,Capitais,Remoto,Não-binário,Branca,0.6347574489230551
CAND_04382,6.8,77.0,Bacharelado,Capitais,Presencial,Não-binário,Amarela,0.059129766373155285
CAND_04383,6.0,62.0,Ensino Médio,Capitais,Presencial,Masculino,Branca,0.866202122448045
CAND_04384,4.8,76.0,Mestrado,Região Metropolitana,Presencial,Masculino,Branca,0.9031627533769585
CAND_04385,9.4,46.0,Bacharelado,Interior,Remoto,Masculino,Branca,0.7536011068299969
CAND_04386,6.8,40.0,Bacharelado,Capitais,Presencial,Masculino,Branca,0.9178045554241382
CAND_04387,7.7,54.0,Bacharelado,Capitais,Híbrido,Feminino,Amarela,0.2979282368356787
CAND_04388,0.5,44.0,Bacharelado,Região Metropolitana,Remoto,Feminino,Branca,0.4484392676865368
CAND_04389,1.7,59.0,Bacharelado,Capitais,Presencial,Masculino,Branca,0.8848653694548073
CAND_04390,6.4,31.0,Bacharelado,Capitais,Presencial,Masculino,Parda,0.6463093648666375
CAND_04391,6.0,69.0,Bacharelado,Região Metropolitana,Híbrido,Não-binário,Preta,0.0
CAND_04392,4.4,49.0,Ensino Médio,Região Metropolitana,Remoto,Masculino,Branca,0.8999025419125048
CAND_04393,8.3,59.0,Bacharelado,Capitais,Híbrido,Masculino,Branca,1.0
CAND_04394,5.6,35.0,Bacharelado,Capitais,Presencial,Masculino,Branca,1.0
CAND_04395,6.8,38.0,Ensino Médio,Região Metropolitana,Híbrido,Feminino,Amarela,0.015441213585969463
CAND_04396,3.6,48.0,Bacharelado,Capitais,Presencial,Feminino,Branca,0.49792044524731116
CAND_04397,5.6,57.0,Mestrado,Capitais,Presencial,Masculino,Amarela,0.46742465325316396
CAND_04398,9.5,37.0,Bacharelado,Capitais,Remoto,Feminino,Parda,0.4069032480942795
CAND_04399,9.0,68.0,Bacharelado,Capitais,Híbrido,Masculino,Preta,0.5200905141532629
CAND_04400,1.8,77.0,Bacharelado,Região Metropolitana,Híbrido,Masculino,Branca,0.7728210370326645
CAND_04401,8.4,45.0,Bacharelado,Região Metropolitana,Remoto,Masculino,Parda,0.7990495537694958
CAND_04402,9.4,59.0,Bacharelado,Capitais,Remoto,Feminino,Preta,0.09901201698797991
CAND_04403,8.5,32.0,Bacharelado,Capitais,Remoto,Feminino,Branca,0.518297670031833
CAND_04404,4.2,51.0,Bacharelado,Região Metropolitana,Híbrido,Masculino,Branca,0.7716715316778782
CAND_04405,5.0,60.0,Mestrado,Capitais,Remoto,Masculino,Branca,0.8835595231580844
CAND_04406,9.7,52.0,Bacharelado,Capitais,Presencial,Masculino,Branca,1.0
CAND_04407,7.1,51.0,Bacharelado,Região Metropolitana,Remoto,Feminino,Amarela,0.1648770272087381
CAND_04408,0.0,56.0,Bacharelado,Capitais,Remoto,Não-binário,Branca,0.3044959268198023
CAND_04409,5.5,39.0,Bacharelado,Capitais,Presencial,Feminino,Branca,0.5911499426752393
CAND_04410,9.9,21.0,Bacharelado,Capitais,Presencial,Feminino,Parda,0.3168797117056487
CAND_04411,2.9,66.0,Bacharelado,Região Metropolitana,Remoto,Masculino,Indígena,0.4902836779891823
CAND_04412,4.9,83.0,Mestrado,Capitais,Presencial,Feminino,Branca,0.8973223623402162
CAND_04413,7.1,43.0,Bacharelado,Região Metropolitana,Presencial,Masculino,Parda,0.7499006257509352
CAND_04414,4.6,71.0,Bacharelado,Região Metropolitana,Híbrido,Masculino,Branca,1.0
CAND_04415,4.0,56.0,Bacharelado,Interior,Presencial,Não-binário,Branca,0.04367325769698449
CAND_04416,7.5,30.0,Bacharelado,Capitais,Remoto,Masculino,Indígena,0.6285122836090945
CAND_04417,6.2,38.0,Bacharelado,Região Metropolitana,Remoto,Feminino,Amarela,0.023932998267147104
CAND_04418,3.7,44.0,Mestrado,Capitais,Híbrido,Masculino,Preta,0.5533293181793669
CAND_04419,9.9,84.0,Bacharelado,Capitais,Presencial,Masculino,Amarela,0.756913200936059
CAND_04420,7.6,59.0,Bacharelado,Capitais,Híbrido,Masculino,Amarela,0.5711112203221309
CAND_04421,0.6,68.0,Mestrado,Capitais,Híbrido,Feminino,Branca,0.6726887371492439
CAND_04422,7.2,43.0,Mestrado,Capitais,Presencial,Masculino,Amarela,0.5455378443171199
CAND_04423,1.0,80.0,Ensino Médio,Capitais,Híbrido,Feminino,Branca,0.4759654416749713
CAND_04424,7.3,64.0,Bacharelado,Capitais,Híbrido,Feminino,Branca,0.5482555198290722
CAND_04425,1.1,58.0,Mestrado,Região Metropolitana,Presencial,Masculino,Indígena,0.5519625125408242
CAND_04426,4.3,51.0,Bacharelado,Interior,Híbrido,Feminino,Amarela,0.0
CAND_04427,3.8,53.0,Ensino Médio,Capitais,Híbrido,Masculino,Branca,0.9517007250290059
CAND_04428,0.0,34.0,Bacharelado,Região Metropolitana,Remoto,Feminino,Branca,0.37355533357229104
CAND_04429,6.0,36.0,Ensino Médio,Interior,Presencial,Masculino,Branca,0.5521448555130002
CAND_04430,8.3,45.0,Bacharelado,Interior,Presencial,Masculino,Amarela,0.2445047064851832
CAND_04431,0.9,58.0,Doutorado,Região Metropolitana,Híbrido,Masculino,Branca,0.8889014407323919
CAND_04432,5.8,50.0,Bacharelado,Região Metropolitana,Remoto,Masculino,Amarela,0.5637588205251195
CAND_04433,4.7,42.0,Bacharelado,Capitais,Híbrido,Feminino,Branca,0.4648689972915145
CAND_04434,2.6,36.0,Ensino Médio,Capitais,Híbrido,Masculino,Branca,0.7713421558635266
CAND_04435,6.1,29.0,Doutorado,Capitais,Híbrido,Masculino,Parda,0.7334259764838711
CAND_04436,4.6,51.0,Bacharelado,Capitais,Híbrido,Masculino,Branca,0.8549939770466524
CAND_04437,6.4,67.0,Bacharelado,Região Metropolitana,Remoto,Feminino,Branca,0.42740346208367175
CAND_04438,3.2,37.0,Mestrado,Região Metropolitana,Remoto,Masculino,Branca,0.8905460728093056
CAND_04439,6.3,57.0,Doutorado,Interior,Híbrido,Masculino,Branca,0.7693972358344622
CAND_04440,4.8,29.0,Bacharelado,Interior,Híbrido,Feminino,Parda,0.21228103927990827
CAND_04441,2.1,56.0,Mestrado,Região Metropolitana,Presencial,Masculino,Branca,0.8803418843930219
CAND_04442,4.0,81.0,Bacharelado,Capitais,Híbrido,Masculino,Branca,1.0
CAND_04443,2.1,75.0,Bacharelado,Região Metropolitana,Remoto,Masculino,Amarela,0.5309414856602265
CAND_04444,3.5,49.0,Mestrado,Região Metropolitana,Remoto,Masculino,Branca,0.7114057991731477
CAND_04445,3.1,70.0,Bacharelado,Interior,Híbrido,Masculino,Preta,0.196132237150705
CAND_04446,5.5,12.0,Mestrado,Capitais,Remoto,Masculino,Preta,0.5152655462394093
CAND_04447,6.8,46.0,Bacharelado,Região Metropolitana,Remoto,Feminino,Preta,0.0
CAND_04448,9.1,6.0,Mestrado,Região Metropolitana,Remoto,Masculino,Branca,0.788648513756057
CAND_04449,3.8,36.0,Bacharelado,Capitais,Remoto,Masculino,Amarela,0.509988963052861
CAND_04450,7.3,54.0,Bacharelado,Capitais,Remoto,Feminino,Amarela,0.15913455326841525
CAND_04451,4.3,68.0,Bacharelado,Interior,Presencial,Masculino,Branca,0.5716022392168717
CAND_04452,7.6,68.0,Bacharelado,Capitais,Híbrido,Masculino,Branca,1.0
CAND_04453,6.8,75.0,Bacharelado,Capitais,Remoto,Feminino,Branca,0.6788066542383776
CAND_04454,4.4,57.0,Mestrado,Capitais,Híbrido,Masculino,Branca,0.9456948427863366
CAND_04455,0.9,33.0,Bacharelado,Interior,Presencial,Masculino,Indígena,0.06903523995934097
CAND_04456,8.2,73.0,Mestrado,Capitais,Remoto,Masculino,Branca,1.0
CAND_04457,5.6,36.0,Bacharelado,Capitais,Híbrido,Feminino,Parda,0.4685369276788578
CAND_04458,7.3,58.0,Bacharelado,Região Metropolitana,Híbrido,Masculino,Branca,0.8749555852531566
CAND_04459,0.3,61.0,Bacharelado,Capitais,Híbrido,Feminino,Branca,0.4130752993605881
CAND_04460,7.2,53.0,Bacharelado,Capitais,Híbrido,Masculino,Parda,1.0
CAND_04461,3.9,49.0,Mestrado,Interior,Presencial,Feminino,Parda,0.11326554975130801
CAND_04462,5.9,52.0,Mestrado,Capitais,Híbrido,Feminino,Branca,0.6040360184682588
CAND_04463,7.5,57.0,Bacharelado,Capitais,Remoto,Masculino,Branca,0.9086114050097844
CAND_04464,8.0,59.0,Doutorado,Região Metropolitana,Presencial,Masculino,Indígena,0.791525053682343
CAND_04465,3.0,30.0,Mestrado,Capitais,Híbrido,Feminino,Branca,0.5299327310739396
CAND_04466,6.1,30.0,Bacharelado,Capitais,Remoto,Feminino,Parda,0.496515055770279
CAND_04467,8.8,76.0,Ensino Médio,Região Metropolitana,Presencial,Masculino,Branca,0.9856330868332366
CAND_04468,3.6,40.0,Doutorado,Capitais,Híbrido,Feminino,Branca,0.7219724937572
CAND_04469,6.9,52.0,Mestrado,Capitais,Remoto,Masculino,Branca,1.0
CAND_04470,1.0,53.0,Bacharelado,Capitais,Presencial,Feminino,Branca,0.472430199199953
CAND_04471,4.6,42.0,Bacharelado,Capitais,Híbrido,Feminino,Branca,0.5317311527336488
CAND_04472,8.7,33.0,Bacharelado,Capitais,Remoto,Feminino,Branca,0.5515404819948576
CAND_04473,4.9,59.0,Mestrado,Região Metropolitana,Remoto,Masculino,Branca,0.7928094555182624
CAND_04474,1.1,40.0,Ensino Médio,Região Metropolitana,Remoto,Feminino,Preta,0.0
CAND_04475,4.0,41.0,Bacharelado,Capitais,Híbrido,Masculino,Amarela,0.44071763093371874
CAND_04476,0.1,34.0,Bacharelado,Capitais,Híbrido,Masculino,Parda,0.6626272198234443
CAND_04477,9.5,77.0,Mestrado,Capitais,Presencial,Masculino,Indígena,0.9218155924542926
CAND_04478,7.6,68.0,Ensino Médio,Região Metropolitana,Presencial,Masculino,Branca,0.8693896149320987
CAND_04479,3.8,53.0,Bacharelado,Capitais,Presencial,Feminino,Branca,0.5762328316960186
CAND_04480,7.6,62.0,Bacharelado,Capitais,Híbrido,Feminino,Branca,0.5454247415421107
CAND_04481,7.2,53.0,Ensino Médio,Capitais,Presencial,Masculino,Branca,0.9935039382999714
CAND_04482,3.7,33.0,Doutorado,Capitais,Remoto,Feminino,Branca,0.5182152877896631
CAND_04483,6.3,92.0,Bacharelado,Capitais,Híbrido,Feminino,Branca,0.7034350870991835
CAND_04484,10.3,51.0,Doutorado,Capitais,Híbrido,Feminino,Preta,0.29466159880970244
CAND_04485,5.8,57.0,Bacharelado,Interior,Híbrido,Feminino,Amarela,0.0
CAND_04486,4.7,50.0,Doutorado,Capitais,Híbrido,Feminino,Branca,0.5950290768847697
CAND_04487,8.1,25.0,Ensino Médio,Região Metropolitana,Presencial,Masculino,Branca,0.8425871132920052
CAND_04488,3.8,23.0,Bacharelado,Capitais,Remoto,Masculino,Branca,0.6910899384279741
CAND_04489,5.6,46.0,Bacharelado,Capitais,Presencial,Masculino,Branca,0.8898484277902976
CAND_04490,2.2,47.0,Bacharelado,Capitais,Híbrido,Masculino,Branca,0.7885457958179468
CAND_04491,7.8,36.0,Bacharelado,Capitais,Híbrido,Feminino,Preta,0.047310843197291896
CAND_04492,1.8,77.0,Bacharelado,Capitais,Híbrido,Feminino,Branca,0.5310045315065745
CAND_04493,6.2,49.0,Doutorado,Interior,Presencial,Feminino,Branca,0.4076146712755597
CAND_04494,5.2,32.0,Mestrado,Interior,Remoto,Masculino,Branca,0.6155456844034064
CAND_04495,2.2,61.0,Mestrado,Região Metropolitana,Remoto,Feminino,Branca,0.4421006680241398
CAND_04496,2.7,35.0,Mestrado,Capitais,Híbrido,Feminino,Branca,0.44633929455473065
CAND_04497,3.7,55.0,Bacharelado,Capitais,Remoto,Feminino,Branca,0.738572569901303
CAND_04498,6.9,83.0,Ensino Médio,Capitais,Híbrido,Masculino,Parda,0.967292817671133
CAND_04499,8.0,48.0,Bacharelado,Capitais,Presencial,Feminino,Amarela,0.11182213131375382
CAND_04500,4.3,65.0,Ensino Médio,Capitais,Presencial,Masculino,Parda,0.877369061773731
CAND_04501,0.0,87.0,Bacharelado,Capitais,Presencial,Masculino,Indígena,0.7209175000389518
CAND_04502,7.8,44.0,Doutorado,Interior,Híbrido,Feminino,Branca,0.3704705355119831
CAND_04503,7.1,36.0,Mestrado,Capitais,Híbrido,Não-binário,Branca,0.3537145274195367
CAND_04504,2.7,31.0,Bacharelado,Capitais,Híbrido,Feminino,Branca,0.3825393485933106
CAND_04505,10.8,67.0,Mestrado,Região Metropolitana,Híbrido,Feminino,Branca,0.8698575908014039
CAND_04506,9.0,77.0,Bacharelado,Interior,Híbrido,Masculino,Amarela,0.4189753678151822
CAND_04507,2.3,72.0,Bacharelado,Capitais,Híbrido,Masculino,Preta,0.5197506095637521
CAND_04508,0.6,51.0,Bacharelado,Capitais,Híbrido,Feminino,Amarela,0.0
CAND_04509,2.7,55.0,Bacharelado,Região Metropolitana,Presencial,Feminino,Branca,0.41539479249061423
CAND_04510,6.1,49.0,Bacharelado,Região Metropolitana,Híbrido,Masculino,Parda,0.7145303673686499
CAND_04511,3.7,52.0,Bacharelado,Capitais,Híbrido,Masculino,Branca,0.9611321799627113
CAND_04512,4.1,66.0,Bacharelado,Interior,Híbrido,Masculino,Parda,0.47261046245250365
CAND_04513,5.3,49.0,Ensino Médio,Capitais,Remoto,Feminino,Branca,0.3686171345801577
CAND_04514,4.5,44.0,Bacharelado,Capitais,Presencial,Masculino,Parda,0.8077085824657997
CAND_04515,1.1,40.0,Bacharelado,Região Metropolitana,Híbrido,Masculino,Preta,0.4186988618567107
CAND_04516,6.4,53.0,Ensino Médio,Capitais,Remoto,Masculino,Branca,0.9247969157394051
CAND_04517,7.3,31.0,Bacharelado,Interior,Híbrido,Masculino,Preta,0.07154105436716435
CAND_04518,0.0,57.0,Ensino Médio,Região Metropolitana,Presencial,Masculino,Branca,0.7424627969050381
CAND_04519,10.2,59.0,Bacharelado,Capitais,Presencial,Não-binário,Branca,0.4140874347043535
CAND_04520,1.4,24.0,Bacharelado,Região Metropolitana,Híbrido,Masculino,Branca,0.6269816773848229
CAND_04521,12.4,39.0,Mestrado,Interior,Híbrido,Masculino,Amarela,0.32222054561076097
CAND_04522,7.0,56.0,Ensino Médio,Capitais,Híbrido,Masculino,Parda,0.8506045661605023
CAND_04523,2.7,47.0,Bacharelado,Capitais,Remoto,Masculino,Branca,0.8607755575847583
CAND_04524,8.1,33.0,Bacharelado,Região Metropolitana,Remoto,Não-binário,Branca,0.2749915544629345
CAND_04525,5.9,24.0,Bacharelado,Capitais,Híbrido,Feminino,Preta,0.0
CAND_04526,5.1,63.0,Mestrado,Capitais,Remoto,Feminino,Branca,0.8407706549550307
CAND_04527,1.7,71.0,Bacharelado,Capitais,Híbrido,Masculino,Branca,1.0
CAND_04528,2.7,42.0,Bacharelado,Região Metropolitana,Remoto,Masculino,Branca,0.7257470309758769
CAND_04529,3.4,30.0,Bacharelado,Capitais,Híbrido,Masculino,Amarela,0.5651418858211512
CAND_04530,4.7,72.0,Bacharelado,Região Metropolitana,Híbrido,Masculino,Amarela,0.389883468162846
CAND_04531,7.9,57.0,Bacharelado,Capitais,Híbrido,Feminino,Branca,0.6905748983129985
CAND_04532,3.5,49.0,Ensino Médio,Região Metropolitana,Remoto,Feminino,Branca,0.25184759773257387
CAND_04533,0.0,43.0,Mestrado,Capitais,Híbrido,Masculino,Branca,0.931361671570902
CAND_04534,5.2,67.0,Mestrado,Capitais,Presencial,Masculino,Branca,1.0
CAND_04535,5.6,50.0,Bacharelado,Interior,Presencial,Masculino,Indígena,0.4555871754477062
CAND_04536,0.0,49.0,Bacharelado,Capitais,Híbrido,Masculino,Branca,0.785353181863011
CAND_04537,8.4,42.0,Bacharelado,Capitais,Híbrido,Masculino,Branca,0.946336402044729
CAND_04538,6.3,42.0,Mestrado,Capitais,Presencial,Feminino,Branca,0.728578922478577
CAND_04539,6.0,42.0,Mestrado,Capitais,Remoto,Masculino,Preta,0.414561164803018
CAND_04540,2.3,34.0,Ensino Médio,Capitais,Híbrido,Masculino,Branca,0.6620290496889017
CAND_04541,2.0,60.0,Ensino Médio,Capitais,Híbrido,Masculino,Branca,0.8600772221845113
CAND_04542,0.3,44.0,Bacharelado,Capitais,Híbrido,Masculino,Branca,0.8745779772236956
CAND_04543,1.6,37.0,Bacharelado,Região Metropolitana,Remoto,Feminino,Parda,0.1617772255780462
CAND_04544,9.5,33.0,Mestrado,Capitais,Remoto,Feminino,Branca,0.7303280083668544
CAND_04545,4.8,36.0,Mestrado,Capitais,Remoto,Feminino,Preta,0.0
CAND_04546,2.4,31.0,Mestrado,Interior,Presencial,Masculino,Branca,0.6878745741346426
CAND_04547,1.8,27.0,Bacharelado,Capitais,Remoto,Masculino,Parda,0.7432153762440639
CAND_04548,5.5,51.0,Bacharelado,Região Metropolitana,Híbrido,Masculino,Branca,0.8627775747960628
CAND_04549,4.6,31.0,Ensino Médio,Capitais,Presencial,Masculino,Branca,0.9071284548662065
CAND_04550,5.9,70.0,Bacharelado,Interior,Híbrido,Masculino,Preta,0.11438722143937308
CAND_04551,0.0,31.0,Mestrado,Capitais,Presencial,Masculino,Preta,0.3536593409329489
CAND_04552,6.5,48.0,Mestrado,Capitais,Remoto,Masculino,Branca,0.8790936996933297
CAND_04553,7.6,53.0,Bacharelado,Capitais,Híbrido,Masculino,Branca,1.0
CAND_04554,5.3,51.0,Ensino Médio,Capitais,Remoto,Masculino,Preta,0.315072951266266
CAND_04555,3.4,19.0,Mestrado,Região Metropolitana,Remoto,Feminino,Branca,0.3071076510075625
CAND_04556,0.0,34.0,Bacharelado,Região Metropolitana,Híbrido,Masculino,Branca,0.6127951907846355
CAND_04557,4.9,46.0,Bacharelado,Capitais,Remoto,Masculino,Branca,0.7374187818900972
CAND_04558,2.1,34.0,Mestrado,Capitais,Híbrido,Masculino,Amarela,0.5316402423146841
CAND_04559,6.5,55.0,Bacharelado,Capitais,Presencial,Masculino,Preta,0.41807804644383084
CAND_04560,3.2,53.0,Ensino Médio,Capitais,Remoto,Não-binário,Branca,0.49682148361249723
CAND_04561,3.7,40.0,Bacharelado,Região Metropolitana,Híbrido,Masculino,Preta,0.33949176253476177
CAND_04562,7.2,55.0,Bacharelado,Região Metropolitana,Híbrido,Masculino,Preta,0.2578017395945714
CAND_04563,5.3,31.0,Mestrado,Região Metropolitana,Presencial,Masculino,Branca,0.7218343934415069
CAND_04564,7.5,51.0,Bacharelado,Capitais,Remoto,Masculino,Branca,1.0
CAND_04565,9.3,62.0,Bacharelado,Região Metropolitana,Remoto,Masculino,Amarela,0.5738588149444136
CAND_04566,8.3,57.0,Bacharelado,Região Metropolitana,Híbrido,Não-binário,Branca,0.40880699620223293
CAND_04567,3.1,38.0,Bacharelado,Região Metropolitana,Remoto,Masculino,Preta,0.3756362927440675
CAND_04568,2.1,60.0,Ensino Médio,Capitais,Remoto,Masculino,Branca,0.9714650714251687
CAND_04569,2.0,67.0,Mestrado,Capitais,Híbrido,Feminino,Branca,0.6789440492134295
CAND_04570,8.2,74.0,Bacharelado,Capitais,Presencial,Masculino,Parda,1.0
CAND_04571,6.8,55.0,Mestrado,Capitais,Híbrido,Masculino,Branca,1.0
CAND_04572,7.4,49.0,Mestrado,Capitais,Presencial,Masculino,Branca,1.0
CAND_04573,5.5,84.0,Bacharelado,Capitais,Híbrido,Masculino,Preta,0.5423580309396421
CAND_04574,10.3,37.0,Bacharelado,Capitais,Presencial,Masculino,Preta,0.41940464966145097
CAND_04575,7.9,57.0,Bacharelado,Capitais,Presencial,Masculino,Branca,1.0
CAND_04576,5.6,81.0,Ensino Médio,Região Metropolitana,Remoto,Feminino,Branca,0.588894769268492
CAND_04577,0.7,26.0,Bacharelado,Região Metropolitana,Híbrido,Masculino,Preta,0.13872822090237938
CAND_04578,2.6,42.0,Bacharelado,Região Metropolitana,Remoto,Masculino,Branca,0.6146730088713147
CAND_04579,6.2,20.0,Doutorado,Capitais,Remoto,Masculino,Parda,0.7315427399289346
CAND_04580,2.6,51.0,Mestrado,Interior,Híbrido,Masculino,Amarela,0.2679410866896067
CAND_04581,9.1,26.0,Doutorado,Região Metropolitana,Presencial,Masculino,Branca,0.7914388116012491
CAND_04582,4.4,43.0,Mestrado,Capitais,Remoto,Feminino,Parda,0.5498365494721654
CAND_04583,8.7,46.0,Bacharelado,Capitais,Presencial,Masculino,Branca,1.0
CAND_04584,1.7,52.0,Bacharelado,Região Metropolitana,Presencial,Feminino,Amarela,0.20461835005107948
CAND_04585,3.8,63.0,Bacharelado,Capitais,Remoto,Masculino,Branca,1.0
CAND_04586,2.2,36.0,Bacharelado,Capitais,Remoto,Masculino,Branca,1.0
CAND_04587,4.6,46.0,Mestrado,Capitais,Remoto,Feminino,Preta,0.0
CAND_04588,3.7,45.0,Bacharelado,Capitais,Híbrido,Masculino,Preta,0.4409205166722957
CAND_04589,6.0,46.0,Mestrado,Capitais,Remoto,Feminino,Branca,0.5818120480363864
CAND_04590,4.2,25.0,Mestrado,Região Metropolitana,Híbrido,Masculino,Branca,0.8058517348829959
CAND_04591,4.2,63.0,Bacharelado,Região Metropolitana,Remoto,Feminino,Preta,0.0
CAND_04592,0.4,46.0,Doutorado,Capitais,Presencial,Masculino,Preta,0.5695769733772722
CAND_04593,0.0,43.0,Mestrado,Capitais,Remoto,Feminino,Branca,0.6347335933548316
CAND_04594,2.7,79.0,Bacharelado,Capitais,Remoto,Masculino,Amarela,0.5659757912395025
CAND_04595,3.8,62.0,Bacharelado,Capitais,Híbrido,Feminino,Branca,0.4763305603149809
CAND_04596,1.7,64.0,Mestrado,Capitais,Híbrido,Masculino,Preta,0.6688120839393303
CAND_04597,7.6,59.0,Mestrado,Região Metropolitana,Presencial,Não-binário,Branca,0.34694049251408865
CAND_04598,1.0,42.0,Mestrado,Região Metropolitana,Híbrido,Masculino,Branca,0.8240462965172731
CAND_04599,3.2,40.0,Doutorado,Capitais,Híbrido,Masculino,Branca,1.0
CAND_04600,6.7,56.0,Bacharelado,Região Metropolitana,Presencial,Feminino,Parda,0.47027846637136494
CAND_04601,7.3,52.0,Doutorado,Interior,Híbrido,Feminino,Branca,0.18710250587919153
CAND_04602,1.5,46.0,Bacharelado,Capitais,Híbrido,Masculino,Branca,0.9061745640301236
CAND_04603,6.6,59.0,Mestrado,Região Metropolitana,Híbrido,Masculino,Amarela,0.4336973903408057
CAND_04604,5.8,61.0,Bacharelado,Capitais,Remoto,Feminino,Amarela,0.12125673440969109
CAND_04605,6.4,70.0,Bacharelado,Região Metropolitana,Remoto,Feminino,Branca,0.4912064297555148
CAND_04606,3.3,38.0,Bacharelado,Capitais,Híbrido,Masculino,Parda,0.8085065900873158
CAND_04607,3.6,53.0,Doutorado,Capitais,Híbrido,Masculino,Branca,0.8497459989782405
CAND_04608,6.7,77.0,Doutorado,Capitais,Híbrido,Feminino,Parda,0.5548072438975847
CAND_04609,6.8,52.0,Mestrado,Capitais,Híbrido,Masculino,Preta,0.6277046981014334
CAND_04610,5.6,25.0,Mestrado,Capitais,Presencial,Feminino,Preta,0.0
CAND_04611,9.3,22.0,Bacharelado,Região Metropolitana,Remoto,Feminino,Branca,0.4593583519583382
CAND_04612,0.0,41.0,Bacharelado,Capitais,Remoto,Masculino,Branca,0.922677333633308
CAND_04613,9.7,57.0,Mestrado,Capitais,Presencial,Masculino,Branca,1.0
CAND_04614,0.5,63.0,Bacharelado,Capitais,Remoto,Feminino,Preta,0.046601070076893424
CAND_04615,4.0,64.0,Mestrado,Capitais,Remoto,Masculino,Amarela,0.6824459652704165
CAND_04616,0.1,52.0,Bacharelado,Capitais,Remoto,Masculino,Branca,0.9062899451858979
CAND_04617,1.8,38.0,Mestrado,Capitais,Híbrido,Feminino,Branca,0.41450865823513966
CAND_04618,5.0,58.0,Ensino Médio,Região Metropolitana,Presencial,Feminino,Amarela,0.015979828249758663
CAND_04619,1.2,62.0,Bacharelado,Capitais,Híbrido,Não-binário,Branca,0.46987509734896243
CAND_04620,3.4,45.0,Bacharelado,Capitais,Remoto,Masculino,Indígena,0.7061218632047128
CAND_04621,1.5,56.0,Bacharelado,Capitais,Híbrido,Feminino,Preta,0.17174953966277806
CAND_04622,4.3,67.0,Ensino Médio,Capitais,Híbrido,Masculino,Branca,0.9831648831249516
CAND_04623,4.5,42.0,Bacharelado,Interior,Presencial,Masculino,Preta,0.256756958065386
CAND_04624,1.7,75.0,Ensino Médio,Capitais,Presencial,Feminino,Branca,0.3795252306537439
CAND_04625,7.5,65.0,Bacharelado,Capitais,Híbrido,Feminino,Amarela,0.3144307576607512
CAND_04626,4.2,54.0,Bacharelado,Capitais,Híbrido,Feminino,Parda,0.42980889333949523
CAND_04627,4.0,42.0,Bacharelado,Região Metropolitana,Híbrido,Não-binário,Branca,0.2928812167729622
CAND_04628,3.0,67.0,Bacharelado,Interior,Remoto,Masculino,Branca,0.4581106952558315
CAND_04629,2.4,58.0,Mestrado,Região Metropolitana,Presencial,Feminino,Branca,0.5618185905358882
CAND_04630,5.9,42.0,Bacharelado,Capitais,Híbrido,Masculino,Branca,0.9927625258037202
CAND_04631,0.4,53.0,Bacharelado,Capitais,Híbrido,Masculino,Branca,0.8648802323643119
CAND_04632,5.4,29.0,Bacharelado,Interior,Remoto,Feminino,Branca,0.2096032351753269
CAND_04633,2.5,34.0,Bacharelado,Capitais,Híbrido,Feminino,Branca,0.4294762115443664
CAND_04634,5.8,43.0,Bacharelado,Capitais,Remoto,Masculino,Branca,0.9149374380806095
CAND_04635,7.0,64.0,Mestrado,Capitais,Presencial,Masculino,Branca,1.0
CAND_04636,3.2,50.0,Ensino Médio,Capitais,Híbrido,Feminino,Branca,0.3974703001516722
CAND_04637,4.5,48.0,Mestrado,Região Metropolitana,Remoto,Masculino,Branca,1.0
CAND_04638,4.2,40.0,Bacharelado,Capitais,Híbrido,Masculino,Amarela,0.4592248520242799
CAND_04639,9.3,50.0,Bacharelado,Capitais,Híbrido,Não-binário,Branca,0.6601619345778426
CAND_04640,8.3,57.0,Bacharelado,Capitais,Híbrido,Masculino,Branca,1.0
CAND_04641,2.6,35.0,Mestrado,Capitais,Híbrido,Masculino,Branca,0.9691929801138466
CAND_04642,6.2,58.0,Bacharelado,Capitais,Híbrido,Masculino,Branca,1.0
CAND_04643,5.1,49.0,Bacharelado,Interior,Remoto,Masculino,Branca,0.5841824238221615
CAND_04644,2.9,87.0,Bacharelado,Interior,Híbrido,Masculino,Branca,0.5419416445494764
CAND_04645,3.0,62.0,Bacharelado,Região Metropolitana,Híbrido,Feminino,Amarela,0.0016803286977008225
CAND_04646,6.3,44.0,Bacharelado,Capitais,Remoto,Feminino,Parda,0.6838994776314528
CAND_04647,8.4,61.0,Bacharelado,Capitais,Híbrido,Feminino,Branca,0.6950724081432742
CAND_04648,7.8,44.0,Ensino Médio,Interior,Remoto,Feminino,Branca,0.14279625610364455
CAND_04649,6.4,43.0,Bacharelado,Capitais,Híbrido,Masculino,Preta,0.5205791279449594
CAND_04650,4.8,43.0,Bacharelado,Capitais,Híbrido,Masculino,Branca,0.9244878990343856
CAND_04651,2.0,22.0,Ensino Médio,Capitais,Híbrido,Feminino,Branca,0.24451908847977594
CAND_04652,2.0,52.0,Mestrado,Capitais,Remoto,Masculino,Branca,0.887701327930357
CAND_04653,6.8,28.0,Bacharelado,Capitais,Remoto,Feminino,Amarela,0.19383977046047307
CAND_04654,5.5,50.0,Bacharelado,Capitais,Híbrido,Masculino,Preta,0.5227583191394157
CAND_04655,0.9,36.0,Bacharelado,Capitais,Híbrido,Masculino,Branca,0.847125067243557
CAND_04656,5.6,38.0,Doutorado,Capitais,Presencial,Feminino,Branca,0.6676020995558072
CAND_04657,8.7,64.0,Mestrado,Capitais,Presencial,Masculino,Branca,1.0
CAND_04658,8.2,63.0,Bacharelado,Capitais,Remoto,Masculino,Branca,1.0
CAND_04659,5.0,17.0,Bacharelado,Capitais,Remoto,Feminino,Preta,0.0
CAND_04660,2.8,70.0,Bacharelado,Capitais,Híbrido,Masculino,Branca,1.0
CAND_04661,10.4,34.0,Mestrado,Região Metropolitana,Híbrido,Masculino,Amarela,0.3128536409632341
CAND_04662,4.0,51.0,Bacharelado,Capitais,Híbrido,Masculino,Indígena,0.6600781349127199
CAND_04663,5.0,74.0,Bacharelado,Capitais,Remoto,Feminino,Branca,0.7155684358352413
CAND_04664,1.1,42.0,Bacharelado,Região Metropolitana,Presencial,Masculino,Branca,0.7563018074154588
CAND_04665,4.7,45.0,Mestrado,Interior,Híbrido,Feminino,Amarela,0.0
CAND_04666,8.5,78.0,Mestrado,Interior,Presencial,Feminino,Branca,0.6123455109602928
CAND_04667,7.0,35.0,Doutorado,Interior,Presencial,Feminino,Branca,0.2283258107570764
CAND_04668,5.3,40.0,Mestrado,Capitais,Híbrido,Feminino,Branca,0.5109268284911153
CAND_04669,8.2,57.0,Mestrado,Região Metropolitana,Híbrido,Masculino,Branca,1.0
CAND_04670,1.5,54.0,Bacharelado,Região Metropolitana,Presencial,Masculino,Branca,0.5496456921411872
CAND_04671,0.0,38.0,Bacharelado,Capitais,Presencial,Feminino,Branca,0.38860124741224994
CAND_04672,12.4,67.0,Bacharelado,Região Metropolitana,Presencial,Feminino,Amarela,0.4217717754504158
CAND_04673,0.9,44.0,Bacharelado,Capitais,Remoto,Masculino,Preta,0.3397303927804303
CAND_04674,3.3,37.0,Bacharelado,Capitais,Híbrido,Masculino,Preta,0.3578150014444553
CAND_04675,4.5,51.0,Bacharelado,Capitais,Híbrido,Feminino,Preta,0.04814712153415307
CAND_04676,0.0,24.0,Bacharelado,Capitais,Presencial,Feminino,Branca,0.2661567271230381
CAND_04677,5.8,21.0,Mestrado,Capitais,Híbrido,Feminino,Indígena,0.014817735665901194
CAND_04678,5.3,77.0,Bacharelado,Capitais,Híbrido,Feminino,Branca,0.575239750052504
CAND_04679,3.8,39.0,Bacharelado,Região Metropolitana,Remoto,Feminino,Branca,0.3989747547242158
CAND_04680,7.6,40.0,Bacharelado,Capitais,Híbrido,Feminino,Parda,0.3507479416346802
CAND_04681,7.4,60.0,Mestrado,Capitais,Híbrido,Masculino,Branca,1.0
CAND_04682,2.2,46.0,Bacharelado,Capitais,Remoto,Masculino,Amarela,0.40400320373441434
CAND_04683,6.9,64.0,Bacharelado,Região Metropolitana,Remoto,Feminino,Parda,0.2782158644805861
CAND_04684,4.2,38.0,Bacharelado,Região Metropolitana,Remoto,Masculino,Preta,0.4883456393365744
CAND_04685,4.2,18.0,Mestrado,Capitais,Remoto,Masculino,Branca,0.700636712243723
CAND_04686,2.3,52.0,Mestrado,Capitais,Híbrido,Feminino,Branca,0.7300700178540002
CAND_04687,5.4,47.0,Bacharelado,Capitais,Presencial,Feminino,Branca,0.528861883614205
CAND_04688,8.0,22.0,Mestrado,Região Metropolitana,Presencial,Masculino,Amarela,0.5680575024328619
CAND_04689,6.0,44.0,Doutorado,Capitais,Remoto,Masculino,Parda,0.8099905498411325
CAND_04690,4.6,40.0,Bacharelado,Região Metropolitana,Remoto,Masculino,Amarela,0.5141804972349417
CAND_04691,10.2,63.0,Doutorado,Capitais,Híbrido,Feminino,Branca,0.8455234181492097
CAND_04692,7.7,71.0,Bacharelado,Capitais,Remoto,Feminino,Branca,0.5159198778390801
CAND_04693,5.8,41.0,Bacharelado,Capitais,Híbrido,Masculino,Preta,0.4912461429332664
CAND_04694,5.5,32.0,Mestrado,Região Metropolitana,Presencial,Masculino,Indígena,0.5951970047854287
CAND_04695,4.8,53.0,Mestrado,Capitais,Híbrido,Masculino,Preta,0.5781297972101395
CAND_04696,8.3,79.0,Bacharelado,Capitais,Remoto,Masculino,Preta,0.6929579803871939
CAND_04697,10.0,67.0,Ensino Médio,Região Metropolitana,Presencial,Masculino,Branca,0.8286534604343028
CAND_04698,5.7,48.0,Mestrado,Capitais,Presencial,Feminino,Branca,0.6407306161136104
CAND_04699,10.4,52.0,Ensino Médio,Interior,Presencial,Masculino,Amarela,0.25092373278126556
CAND_04700,2.9,56.0,Mestrado,Capitais,Híbrido,Masculino,Amarela,0.527614547032568
CAND_04701,1.0,54.0,Doutorado,Capitais,Híbrido,Masculino,Branca,0.9166010732746785
CAND_04702,5.1,75.0,Mestrado,Capitais,Híbrido,Feminino,Branca,0.669299467825152
CAND_04703,3.8,30.0,Bacharelado,Região Metropolitana,Híbrido,Masculino,Branca,0.8436989645231981
CAND_04704,5.6,58.0,Bacharelado,Capitais,Remoto,Masculino,Branca,1.0
CAND_04705,0.0,32.0,Doutorado,Capitais,Híbrido,Masculino,Amarela,0.5657426434688648
CAND_04706,8.9,46.0,Mestrado,Capitais,Remoto,Masculino,Branca,0.9599966905175545
CAND_04707,6.2,100.0,Bacharelado,Capitais,Remoto,Feminino,Branca,0.6124085394011378
CAND_04708,0.0,58.0,Mestrado,Capitais,Híbrido,Feminino,Preta,0.09562812604543042
CAND_04709,6.5,59.0,Mestrado,Capitais,Remoto,Masculino,Parda,0.8325681178018943
CAND_04710,1.7,42.0,Mestrado,Capitais,Remoto,Masculino,Branca,1.0
CAND_04711,3.6,19.0,Mestrado,Capitais,Presencial,Feminino,Preta,0.0
CAND_04712,2.9,81.0,Bacharelado,Região Metropolitana,Remoto,Feminino,Amarela,0.1274413684534021
CAND_04713,6.4,59.0,Mestrado,Capitais,Presencial,Masculino,Amarela,0.7390580917376568
CAND_04714,1.3,44.0,Mestrado,Capitais,Presencial,Feminino,Branca,0.6435723437349115
CAND_04715,6.2,53.0,Mestrado,Região Metropolitana,Remoto,Feminino,Branca,0.5602253103493835
CAND_04716,7.5,62.0,Mestrado,Região Metropolitana,Remoto,Não-binário,Branca,0.4093174729141005
CAND_04717,0.9,39.0,Bacharelado,Capitais,Presencial,Não-binário,Branca,0.28960197549599265
CAND_04718,0.0,46.0,Bacharelado,Capitais,Remoto,Feminino,Parda,0.2583714558228861
CAND_04719,1.5,56.0,Bacharelado,Região Metropolitana,Híbrido,Feminino,Branca,0.48804852362502393
CAND_04720,3.5,23.0,Bacharelado,Região Metropolitana,Híbrido,Masculino,Branca,0.5400790912681369
CAND_04721,6.7,34.0,Bacharelado,Capitais,Presencial,Feminino,Branca,0.34889335483470313
CAND_04722,4.7,35.0,Bacharelado,Interior,Híbrido,Masculino,Branca,0.7311280229474058
CAND_04723,0.0,70.0,Mestrado,Capitais,Presencial,Masculino,Preta,0.562119981284381
CAND_04724,0.9,38.0,Bacharelado,Capitais,Presencial,Masculino,Branca,0.8217409010963154
CAND_04725,4.7,47.0,Bacharelado,Capitais,Presencial,Masculino,Branca,1.0
CAND_04726,8.5,32.0,Bacharelado,Região Metropolitana,Presencial,Feminino,Parda,0.27764555470175184
CAND_04727,0.0,44.0,Bacharelado,Capitais,Híbrido,Feminino,Branca,0.49115273602721105
CAND_04728,4.7,39.0,Ensino Médio,Região Metropolitana,Presencial,Masculino,Branca,0.5539415298050865
CAND_04729,2.8,20.0,Bacharelado,Região Metropolitana,Remoto,Masculino,Branca,0.7486965824220416
CAND_04730,6.5,50.0,Bacharelado,Região Metropolitana,Híbrido,Feminino,Branca,0.43728391247361953
CAND_04731,6.2,55.0,Doutorado,Região Metropolitana,Híbrido,Não-binário,Branca,0.24269131347234146
CAND_04732,2.1,21.0,Bacharelado,Região Metropolitana,Presencial,Feminino,Parda,0.20081813432006398
CAND_04733,5.7,78.0,Bacharelado,Capitais,Híbrido,Feminino,Amarela,0.32611924142264237
CAND_04734,1.4,53.0,Bacharelado,Capitais,Remoto,Masculino,Branca,1.0
CAND_04735,6.0,35.0,Bacharelado,Região Metropolitana,Presencial,Masculino,Branca,0.6602019495836337
CAND_04736,8.9,66.0,Bacharelado,Capitais,Presencial,Feminino,Branca,0.8098154880365607
CAND_04737,7.8,20.0,Ensino Médio,Região Metropolitana,Presencial,Masculino,Preta,0.22582693163373743
CAND_04738,6.1,70.0,Ensino Médio,Região Metropolitana,Híbrido,Feminino,Branca,0.4458797745955519
CAND_04739,4.1,62.0,Bacharelado,Região Metropolitana,Presencial,Não-binário,Branca,0.3161472899210206
CAND_04740,4.6,39.0,Mestrado,Capitais,Híbrido,Masculino,Branca,0.8348763811758902
CAND_04741,8.7,52.0,Mestrado,Capitais,Híbrido,Masculino,Branca,1.0
CAND_04742,1.3,50.0,Bacharelado,Capitais,Remoto,Feminino,Amarela,0.14529096022584986
CAND_04743,4.9,46.0,Bacharelado,Capitais,Presencial,Masculino,Branca,0.9175819282245892
CAND_04744,4.3,42.0,Bacharelado,Capitais,Presencial,Masculino,Branca,0.9699666986199186
CAND_04745,7.3,43.0,Ensino Médio,Capitais,Presencial,Masculino,Branca,0.8828227950302917
CAND_04746,0.6,55.0,Mestrado,Região Metropolitana,Presencial,Masculino,Amarela,0.5656874476846282
CAND_04747,4.7,57.0,Bacharelado,Região Metropolitana,Remoto,Masculino,Amarela,0.2979978830096528
CAND_04748,5.6,75.0,Bacharelado,Capitais,Híbrido,Masculino,Branca,0.965558509257979
CAND_04749,8.3,63.0,Bacharelado,Capitais,Remoto,Masculino,Preta,0.48343076622450576
CAND_04750,5.9,54.0,Doutorado,Capitais,Presencial,Masculino,Preta,0.5150715168641185
CAND_04751,6.6,64.0,Bacharelado,Capitais,Presencial,Feminino,Branca,0.6602373853604678
CAND_04752,5.4,33.0,Bacharelado,Capitais,Remoto,Feminino,Amarela,0.16910347985004737
CAND_04753,2.3,42.0,Bacharelado,Região Metropolitana,Presencial,Masculino,Branca,0.8440815955011219
CAND_04754,5.6,66.0,Mestrado,Capitais,Híbrido,Feminino,Preta,0.23549574974541385
CAND_04755,4.3,48.0,Bacharelado,Capitais,Híbrido,Masculino,Preta,0.32654327230872127
CAND_04756,6.1,44.0,Bacharelado,Capitais,Híbrido,Masculino,Branca,1.0
CAND_04757,4.9,28.0,Mestrado,Capitais,Remoto,Masculino,Amarela,0.7425500067719253
CAND_04758,3.5,57.0,Bacharelado,Região Metropolitana,Presencial,Feminino,Branca,0.4714749013571118
CAND_04759,4.1,66.0,Bacharelado,Região Metropolitana,Híbrido,Masculino,Amarela,0.46144175757931805
CAND_04760,9.2,76.0,Bacharelado,Capitais,Presencial,Masculino,Parda,1.0
CAND_04761,0.6,53.0,Bacharelado,Região Metropolitana,Híbrido,Masculino,Parda,0.5534920110321283
CAND_04762,8.8,71.0,Mestrado,Região Metropolitana,Remoto,Feminino,Parda,0.6890459513033826
CAND_04763,5.8,66.0,Mestrado,Interior,Remoto,Feminino,Branca,0.47977356310263636
CAND_04764,1.2,46.0,Mestrado,Capitais,Remoto,Feminino,Branca,0.6832590391844603
CAND_04765,7.7,61.0,Bacharelado,Região Metropolitana,Remoto,Masculino,Parda,1.0
CAND_04766,10.0,45.0,Mestrado,Capitais,Presencial,Masculino,Branca,1.0
CAND_04767,3.1,52.0,Bacharelado,Capitais,Híbrido,Feminino,Branca,0.7557541441283897
CAND_04768,6.5,63.0,Bacharelado,Capitais,Presencial,Masculino,Branca,0.8179220217171581
CAND_04769,6.3,52.0,Mestrado,Capitais,Híbrido,Feminino,Parda,0.34422206912932374
CAND_04770,7.0,44.0,Bacharelado,Capitais,Remoto,Masculino,Branca,0.7835437079264044
CAND_04771,5.0,39.0,Bacharelado,Capitais,Presencial,Masculino,Branca,0.9355486484956661
CAND_04772,3.1,61.0,Bacharelado,Capitais,Presencial,Masculino,Branca,0.8795944193209955
CAND_04773,0.9,47.0,Bacharelado,Capitais,Presencial,Feminino,Amarela,0.10610394000822515
CAND_04774,9.4,57.0,Bacharelado,Capitais,Remoto,Masculino,Branca,1.0
CAND_04775,4.0,23.0,Doutorado,Interior,Presencial,Masculino,Branca,0.5152208999496819
CAND_04776,7.0,35.0,Ensino Médio,Região Metropolitana,Híbrido,Masculino,Branca,0.6765870148790147
CAND_04777,0.0,70.0,Bacharelado,Região Metropolitana,Híbrido,Masculino,Branca,0.8055492578736896
CAND_04778,5.2,26.0,Ensino Médio,Capitais,Remoto,Masculino,Preta,0.3765969564659821
CAND_04779,5.6,46.0,Bacharelado,Capitais,Presencial,Masculino,Indígena,0.6702566902164041
CAND_04780,5.2,51.0,Bacharelado,Interior,Remoto,Feminino,Branca,0.27509402016814455
CAND_04781,4.5,34.0,Bacharelado,Região Metropolitana,Remoto,Feminino,Branca,0.31519732728461125
CAND_04782,1.5,45.0,Ensino Médio,Região Metropolitana,Remoto,Masculino,Branca,0.7700628520792634
CAND_04783,5.9,49.0,Mestrado,Capitais,Presencial,Masculino,Branca,0.8935277440786616
CAND_04784,7.2,46.0,Mestrado,Capitais,Presencial,Masculino,Branca,1.0
CAND_04785,4.4,88.0,Mestrado,Interior,Híbrido,Masculino,Preta,0.5108652818909587
CAND_04786,8.9,41.0,Bacharelado,Capitais,Híbrido,Masculino,Parda,1.0
CAND_04787,9.9,65.0,Bacharelado,Região Metropolitana,Presencial,Feminino,Branca,0.5757701770429177
CAND_04788,5.5,53.0,Mestrado,Capitais,Presencial,Masculino,Branca,0.9505907327626647
CAND_04789,3.3,47.0,Doutorado,Capitais,Presencial,Masculino,Branca,1.0
CAND_04790,13.5,53.0,Bacharelado,Região Metropolitana,Remoto,Feminino,Branca,0.6751956273485233
CAND_04791,6.5,62.0,Bacharelado,Interior,Presencial,Feminino,Parda,0.432723145254025
CAND_04792,1.2,72.0,Bacharelado,Região Metropolitana,Híbrido,Masculino,Branca,0.9832628126536003
CAND_04793,2.1,16.0,Bacharelado,Capitais,Presencial,Feminino,Branca,0.36600232213133316
CAND_04794,10.0,57.0,Bacharelado,Capitais,Híbrido,Masculino,Branca,1.0
CAND_04795,10.5,59.0,Ensino Médio,Interior,Híbrido,Não-binário,Preta,0.0
CAND_04796,5.0,52.0,Bacharelado,Capitais,Híbrido,Masculino,Indígena,0.7135422535036346
CAND_04797,1.3,50.0,Mestrado,Capitais,Remoto,Feminino,Branca,0.5315937557767961
CAND_04798,3.0,52.0,Bacharelado,Capitais,Remoto,Não-binário,Branca,0.27073631722980906
CAND_04799,7.4,42.0,Bacharelado,Capitais,Remoto,Masculino,Indígena,0.6879872742427908
CAND_04800,6.8,27.0,Bacharelado,Região Metropolitana,Híbrido,Masculino,Indígena,0.5413594564970586
CAND_04801,7.0,50.0,Bacharelado,Região Metropolitana,Remoto,Feminino,Branca,0.5288640195889249
CAND_04802,4.6,17.0,Bacharelado,Região Metropolitana,Híbrido,Feminino,Amarela,0.0
CAND_04803,4.4,30.0,Bacharelado,Região Metropolitana,Presencial,Masculino,Branca,0.8437379246387514
CAND_04804,3.1,50.0,Mestrado,Região Metropolitana,Remoto,Masculino,Branca,0.89192444009074
CAND_04805,8.4,76.0,Bacharelado,Região Metropolitana,Presencial,Masculino,Branca,0.8270422056785414
CAND_04806,4.4,51.0,Bacharelado,Região Metropolitana,Remoto,Feminino,Amarela,0.065902448003467
CAND_04807,4.8,15.0,Bacharelado,Interior,Híbrido,Masculino,Preta,0.0
CAND_04808,2.1,40.0,Bacharelado,Região Metropolitana,Presencial,Masculino,Parda,0.5694105397006343
CAND_04809,7.9,69.0,Bacharelado,Capitais,Híbrido,Feminino,Amarela,0.2345364359749254
CAND_04810,6.0,37.0,Bacharelado,Capitais,Remoto,Masculino,Preta,0.4086762196032621
CAND_04811,3.2,49.0,Mestrado,Capitais,Remoto,Masculino,Preta,0.4353976709540086
CAND_04812,8.7,44.0,Bacharelado,Capitais,Presencial,Masculino,Branca,1.0
CAND_04813,5.1,54.0,Bacharelado,Capitais,Híbrido,Feminino,Parda,0.34594524283512185
CAND_04814,0.9,46.0,Bacharelado,Região Metropolitana,Híbrido,Masculino,Branca,0.7086563446046179
CAND_04815,6.4,38.0,Bacharelado,Região Metropolitana,Remoto,Masculino,Preta,0.32397297815817305
CAND_04816,4.2,44.0,Bacharelado,Região Metropolitana,Remoto,Masculino,Branca,0.8918069539522995
CAND_04817,7.8,61.0,Bacharelado,Capitais,Remoto,Feminino,Branca,0.6276558171122029
CAND_04818,4.1,56.0,Bacharelado,Capitais,Remoto,Masculino,Branca,0.9189819358338954
CAND_04819,3.8,76.0,Bacharelado,Capitais,Híbrido,Masculino,Branca,0.9397561091427334
CAND_04820,5.2,31.0,Mestrado,Capitais,Híbrido,Feminino,Parda,0.38335747614788307
CAND_04821,1.9,40.0,Bacharelado,Capitais,Presencial,Masculino,Branca,0.8111215334996502
CAND_04822,0.8,38.0,Bacharelado,Região Metropolitana,Híbrido,Masculino,Branca,0.6591547073585495
CAND_04823,10.6,18.0,Bacharelado,Capitais,Híbrido,Masculino,Branca,0.7637058904761124
CAND_04824,11.4,38.0,Bacharelado,Capitais,Presencial,Masculino,Preta,0.48838893187152654
CAND_04825,5.0,42.0,Bacharelado,Capitais,Remoto,Feminino,Branca,0.2632764566514378
CAND_04826,5.0,32.0,Bacharelado,Capitais,Híbrido,Masculino,Branca,0.7650862698992642
CAND_04827,7.6,39.0,Doutorado,Capitais,Híbrido,Feminino,Branca,0.6020876657349961
CAND_04828,8.1,72.0,Bacharelado,Capitais,Presencial,Masculino,Branca,1.0
CAND_04829,0.0,67.0,Bacharelado,Capitais,Presencial,Masculino,Branca,0.875417573503263
CAND_04830,8.5,46.0,Bacharelado,Capitais,Híbrido,Feminino,Parda,0.4754315567514948
CAND_04831,0.0,38.0,Bacharelado,Capitais,Híbrido,Masculino,Branca,0.9483986692152976
CAND_04832,0.0,48.0,Bacharelado,Capitais,Híbrido,Masculino,Preta,0.30322013296038985
CAND_04833,2.7,69.0,Bacharelado,Região Metropolitana,Híbrido,Masculino,Branca,0.9181396994894686
CAND_04834,9.1,48.0,Doutorado,Capitais,Híbrido,Masculino,Branca,1.0
CAND_04835,7.1,40.0,Bacharelado,Região Metropolitana,Híbrido,Masculino,Preta,0.3551665545006715
CAND_04836,5.1,66.0,Mestrado,Capitais,Híbrido,Feminino,Preta,0.1683106398351196
CAND_04837,5.2,33.0,Bacharelado,Capitais,Remoto,Masculino,Branca,0.9301511306096611
CAND_04838,3.3,23.0,Bacharelado,Região Metropolitana,Híbrido,Feminino,Branca,0.3708245135916953
CAND_04839,7.1,47.0,Ensino Médio,Região Metropolitana,Híbrido,Feminino,Branca,0.31177005033039
CAND_04840,8.0,27.0,Doutorado,Região Metropolitana,Presencial,Masculino,Preta,0.45839567885117627
CAND_04841,6.0,62.0,Bacharelado,Capitais,Presencial,Masculino,Indígena,0.6941667369089903
CAND_04842,1.9,53.0,Ensino Médio,Região Metropolitana,Presencial,Masculino,Branca,0.742940101314105
CAND_04843,6.4,65.0,Ensino Médio,Capitais,Híbrido,Masculino,Indígena,0.7745012032875027
CAND_04844,6.7,58.0,Mestrado,Capitais,Remoto,Masculino,Branca,0.9708031092193071
CAND_04845,3.3,35.0,Bacharelado,Interior,Presencial,Masculino,Parda,0.5547855552166996
CAND_04846,8.5,44.0,Bacharelado,Região Metropolitana,Híbrido,Masculino,Branca,0.969265013580174
CAND_04847,0.5,49.0,Bacharelado,Interior,Híbrido,Não-binário,Amarela,0.0
CAND_04848,4.9,52.0,Bacharelado,Região Metropolitana,Híbrido,Masculino,Amarela,0.5364502311873967
CAND_04849,6.2,44.0,Bacharelado,Capitais,Híbrido,Feminino,Branca,0.7433948784101565
CAND_04850,2.9,29.0,Bacharelado,Capitais,Híbrido,Masculino,Preta,0.33064479877442726
CAND_04851,6.1,61.0,Bacharelado,Capitais,Remoto,Não-binário,Branca,0.3747294270910587
CAND_04852,5.4,63.0,Bacharelado,Região Metropolitana,Presencial,Não-binário,Branca,0.3528880288511696
CAND_04853,7.4,59.0,Mestrado,Região Metropolitana,Presencial,Não-binário,Branca,0.4575324933034808
CAND_04854,6.9,40.0,Mestrado,Capitais,Remoto,Masculino,Branca,0.9043429453957514
CAND_04855,5.1,51.0,Bacharelado,Região Metropolitana,Híbrido,Feminino,Branca,0.5093692489385927
CAND_04856,7.3,61.0,Mestrado,Capitais,Remoto,Masculino,Branca,1.0
CAND_04857,2.8,61.0,Mestrado,Região Metropolitana,Híbrido,Masculino,Branca,0.8009506013209493
CAND_04858,4.8,58.0,Bacharelado,Região Metropolitana,Híbrido,Feminino,Branca,0.4797369275104559
CAND_04859,2.3,67.0,Mestrado,Região Metropolitana,Remoto,Não-binário,Branca,0.41251970356370465
CAND_04860,4.2,48.0,Bacharelado,Região Metropolitana,Híbrido,Masculino,Branca,0.8527808583922084
CAND_04861,1.5,62.0,Mestrado,Região Metropolitana,Híbrido,Feminino,Branca,0.4883903592563105
CAND_04862,5.8,33.0,Bacharelado,Capitais,Presencial,Feminino,Branca,0.636301460982966
CAND_04863,1.9,62.0,Bacharelado,Capitais,Presencial,Masculino,Branca,1.0
CAND_04864,6.2,48.0,Bacharelado,Região Metropolitana,Remoto,Feminino,Amarela,0.10349580253169516
CAND_04865,0.3,39.0,Bacharelado,Capitais,Híbrido,Masculino,Branca,0.7081423729713786
CAND_04866,2.2,51.0,Doutorado,Região Metropolitana,Presencial,Masculino,Branca,1.0
CAND_04867,8.9,62.0,Mestrado,Interior,Híbrido,Masculino,Branca,0.853014310398979
CAND_04868,6.5,51.0,Bacharelado,Capitais,Híbrido,Masculino,Branca,0.8582938974218359
CAND_04869,7.3,52.0,Bacharelado,Capitais,Remoto,Feminino,Branca,0.6621625716412838
CAND_04870,4.7,56.0,Bacharelado,Capitais,Híbrido,Feminino,Preta,0.19838961095405308
CAND_04871,4.8,59.0,Doutorado,Região Metropolitana,Híbrido,Não-binário,Branca,0.4777056124061473
CAND_04872,2.3,50.0,Bacharelado,Capitais,Remoto,Feminino,Branca,0.34562642901467344
CAND_04873,3.2,80.0,Ensino Médio,Região Metropolitana,Presencial,Masculino,Branca,0.8497282478617896
CAND_04874,1.2,55.0,Bacharelado,Capitais,Híbrido,Masculino,Branca,0.9595943298845717
CAND_04875,7.3,64.0,Bacharelado,Região Metropolitana,Remoto,Masculino,Indígena,0.6824436826334395
CAND_04876,10.4,46.0,Bacharelado,Capitais,Híbrido,Masculino,Branca,1.0
CAND_04877,1.1,36.0,Bacharelado,Capitais,Híbrido,Feminino,Preta,0.0
CAND_04878,6.2,71.0,Ensino Médio,Capitais,Híbrido,Masculino,Branca,1.0
CAND_04879,7.7,38.0,Bacharelado,Capitais,Presencial,Masculino,Branca,0.9003173166927465
CAND_04880,2.4,49.0,Bacharelado,Capitais,Híbrido,Masculino,Indígena,0.5645775988537737
CAND_04881,4.1,44.0,Mestrado,Capitais,Presencial,Masculino,Preta,0.5624146110618955
CAND_04882,6.3,57.0,Mestrado,Região Metropolitana,Híbrido,Feminino,Branca,0.529605447464241
CAND_04883,4.2,26.0,Bacharelado,Região Metropolitana,Remoto,Feminino,Branca,0.5559939752807822
CAND_04884,7.1,62.0,Mestrado,Capitais,Híbrido,Feminino,Branca,0.5706520910535671
CAND_04885,6.6,37.0,Bacharelado,Capitais,Remoto,Masculino,Preta,0.3131041136961929
CAND_04886,8.5,43.0,Mestrado,Capitais,Remoto,Masculino,Amarela,0.723207546382904
CAND_04887,5.5,46.0,Mestrado,Interior,Híbrido,Masculino,Branca,0.6561140458302934
CAND_04888,7.1,66.0,Ensino Médio,Capitais,Híbrido,Masculino,Branca,0.9496215063208311
CAND_04889,0.0,57.0,Bacharelado,Capitais,Híbrido,Feminino,Amarela,0.0
CAND_04890,2.0,63.0,Bacharelado,Capitais,Remoto,Feminino,Branca,0.541715082331876
CAND_04891,8.3,65.0,Bacharelado,Capitais,Remoto,Masculino,Branca,0.8539467014527901
CAND_04892,5.2,45.0,Bacharelado,Região Metropolitana,Presencial,Masculino,Branca,0.6401628719609642
CAND_04893,8.7,44.0,Mestrado,Capitais,Presencial,Feminino,Amarela,0.2658316446188494
CAND_04894,2.7,52.0,Mestrado,Capitais,Remoto,Masculino,Branca,0.9390815939786563
CAND_04895,5.5,68.0,Bacharelado,Região Metropolitana,Remoto,Feminino,Branca,0.6277861641747613
CAND_04896,6.5,39.0,Ensino Médio,Capitais,Presencial,Feminino,Amarela,0.09180174218757114
CAND_04897,9.9,57.0,Bacharelado,Capitais,Remoto,Masculino,Preta,0.7318648349543628
CAND_04898,5.6,51.0,Doutorado,Capitais,Presencial,Masculino,Parda,1.0
CAND_04899,8.5,51.0,Bacharelado,Região Metropolitana,Presencial,Masculino,Parda,0.8250630827868741
CAND_04900,9.0,25.0,Bacharelado,Região Metropolitana,Híbrido,Feminino,Branca,0.44661030944033636
CAND_04901,3.1,40.0,Bacharelado,Capitais,Presencial,Feminino,Preta,0.0
CAND_04902,3.6,74.0,Bacharelado,Região Metropolitana,Presencial,Feminino,Amarela,0.19389899602405397
CAND_04903,5.0,40.0,Mestrado,Região Metropolitana,Híbrido,Masculino,Parda,0.6732017516749318
CAND_04904,3.4,35.0,Bacharelado,Capitais,Remoto,Feminino,Preta,0.0
CAND_04905,1.4,35.0,Mestrado,Interior,Híbrido,Feminino,Branca,0.09337920212537672
CAND_04906,9.7,76.0,Doutorado,Capitais,Presencial,Feminino,Branca,0.9135492690653753
CAND_04907,4.5,62.0,Ensino Médio,Região Metropolitana,Híbrido,Masculino,Branca,1.0
CAND_04908,2.4,54.0,Bacharelado,Capitais,Presencial,Masculino,Branca,0.8027928388846644
CAND_04909,5.2,35.0,Mestrado,Região Metropolitana,Híbrido,Masculino,Preta,0.27460189845790234
CAND_04910,5.3,68.0,Bacharelado,Capitais,Híbrido,Masculino,Branca,0.9742658709073624
CAND_04911,2.4,57.0,Bacharelado,Capitais,Presencial,Feminino,Branca,0.5870373427374225
CAND_04912,5.8,30.0,Mestrado,Capitais,Presencial,Masculino,Branca,0.8655623788760743
CAND_04913,10.3,52.0,Bacharelado,Região Metropolitana,Presencial,Feminino,Parda,0.49221332242671084
CAND_04914,2.2,49.0,Bacharelado,Interior,Remoto,Feminino,Preta,0.0
CAND_04915,4.7,55.0,Bacharelado,Região Metropolitana,Híbrido,Masculino,Branca,0.8092870164185539
CAND_04916,3.4,57.0,Ensino Médio,Capitais,Presencial,Masculino,Branca,0.9244570234852979
CAND_04917,4.6,51.0,Bacharelado,Capitais,Remoto,Masculino,Preta,0.41532240718574454
CAND_04918,0.2,53.0,Ensino Médio,Capitais,Híbrido,Masculino,Branca,0.7748725506051438
CAND_04919,6.7,58.0,Bacharelado,Região Metropolitana,Presencial,Feminino,Branca,0.5879103778634076
CAND_04920,2.3,45.0,Bacharelado,Região Metropolitana,Presencial,Masculino,Branca,0.7919665042293448
CAND_04921,0.0,45.0,Mestrado,Região Metropolitana,Remoto,Masculino,Branca,0.7613994289731498
CAND_04922,3.4,33.0,Bacharelado,Região Metropolitana,Presencial,Masculino,Branca,0.834371763651819
CAND_04923,5.5,47.0,Bacharelado,Região Metropolitana,Remoto,Feminino,Branca,0.37293501677301666
CAND_04924,9.1,62.0,Bacharelado,Capitais,Remoto,Feminino,Branca,0.6475311185180052
CAND_04925,4.2,55.0,Bacharelado,Capitais,Híbrido,Feminino,Branca,0.5793020808710249
CAND_04926,4.3,56.0,Mestrado,Região Metropolitana,Presencial,Masculino,Branca,1.0
CAND_04927,7.0,22.0,Mestrado,Capitais,Remoto,Masculino,Branca,0.8702707561742691
CAND_04928,0.0,45.0,Bacharelado,Região Metropolitana,Híbrido,Masculino,Branca,0.6568375661425627
CAND_04929,3.9,43.0,Bacharelado,Capitais,Híbrido,Masculino,Amarela,0.4598995306157481
CAND_04930,5.8,47.0,Bacharelado,Região Metropolitana,Remoto,Feminino,Branca,0.4722701050178938
CAND_04931,3.4,47.0,Bacharelado,Capitais,Híbrido,Não-binário,Branca,0.41186710758506717
CAND_04932,9.1,67.0,Mestrado,Região Metropolitana,Híbrido,Masculino,Branca,0.9936145031186172
CAND_04933,7.9,21.0,Mestrado,Capitais,Remoto,Feminino,Branca,0.534317960673465
CAND_04934,4.8,45.0,Bacharelado,Capitais,Híbrido,Feminino,Branca,0.3850842069823843
CAND_04935,0.0,37.0,Bacharelado,Interior,Híbrido,Masculino,Parda,0.38050246708710633
CAND_04936,11.8,52.0,Bacharelado,Capitais,Híbrido,Masculino,Branca,1.0
CAND_04937,2.2,30.0,Mestrado,Região Metropolitana,Remoto,Masculino,Branca,0.8474607473706609
CAND_04938,3.5,38.0,Doutorado,Capitais,Híbrido,Feminino,Branca,0.6762671077304453
CAND_04939,0.0,52.0,Bacharelado,Interior,Presencial,Masculino,Branca,0.512556292867829
CAND_04940,8.1,49.0,Doutorado,Capitais,Híbrido,Masculino,Branca,1.0
CAND_04941,7.2,62.0,Mestrado,Capitais,Híbrido,Feminino,Branca,0.7617365066932033
CAND_04942,8.9,52.0,Mestrado,Capitais,Remoto,Masculino,Parda,0.6925422917869963
CAND_04943,2.9,54.0,Ensino Médio,Interior,Remoto,Masculino,Branca,0.5889751864839257
CAND_04944,8.1,64.0,Bacharelado,Capitais,Presencial,Não-binário,Preta,0.1462163066924541
CAND_04945,9.1,50.0,Bacharelado,Capitais,Híbrido,Masculino,Preta,0.5286933823797915
CAND_04946,5.6,75.0,Bacharelado,Capitais,Presencial,Masculino,Preta,0.585443719286005
CAND_04947,3.8,57.0,Bacharelado,Região Metropolitana,Presencial,Masculino,Amarela,0.5008802511788993
CAND_04948,2.4,50.0,Mestrado,Região Metropolitana,Presencial,Feminino,Preta,0.0
CAND_04949,5.8,40.0,Bacharelado,Região Metropolitana,Presencial,Masculino,Preta,0.39821174939365234
CAND_04950,4.8,65.0,Bacharelado,Região Metropolitana,Híbrido,Masculino,Branca,0.9241250857711177
CAND_04951,2.4,61.0,Bacharelado,Região Metropolitana,Presencial,Feminino,Branca,0.43821845824913663
CAND_04952,1.4,75.0,Mestrado,Capitais,Híbrido,Masculino,Preta,0.5047397579198247
CAND_04953,4.4,48.0,Mestrado,Capitais,Híbrido,Masculino,Branca,1.0
CAND_04954,0.0,48.0,Mestrado,Interior,Híbrido,Feminino,Branca,0.09218931299837572
CAND_04955,3.9,45.0,Mestrado,Região Metropolitana,Presencial,Feminino,Branca,0.4581353804225442
CAND_04956,8.7,35.0,Bacharelado,Região Metropolitana,Presencial,Não-binário,Preta,0.0
CAND_04957,3.6,40.0,Bacharelado,Interior,Híbrido,Feminino,Parda,0.0
CAND_04958,8.5,48.0,Bacharelado,Região Metropolitana,Presencial,Masculino,Branca,0.8509152427669338
CAND_04959,4.9,35.0,Bacharelado,Capitais,Remoto,Feminino,Amarela,0.0
CAND_04960,9.7,77.0,Bacharelado,Capitais,Híbrido,Feminino,Branca,0.7919639944967832
CAND_04961,6.8,47.0,Bacharelado,Região Metropolitana,Presencial,Masculino,Branca,0.9741181436720899
CAND_04962,3.3,44.0,Mestrado,Capitais,Híbrido,Masculino,Preta,0.4480920095268215
CAND_04963,7.8,64.0,Bacharelado,Região Metropolitana,Presencial,Masculino,Preta,0.4360370391323721
CAND_04964,3.6,55.0,Bacharelado,Capitais,Presencial,Masculino,Branca,1.0
CAND_04965,4.6,47.0,Doutorado,Região Metropolitana,Presencial,Não-binário,Branca,0.5546741017807317
CAND_04966,4.1,50.0,Bacharelado,Capitais,Híbrido,Masculino,Branca,0.8997289080240664
CAND_04967,2.6,43.0,Bacharelado,Capitais,Remoto,Masculino,Branca,0.9317686046311185
CAND_04968,5.0,48.0,Bacharelado,Capitais,Remoto,Masculino,Branca,1.0
CAND_04969,6.9,53.0,Mestrado,Capitais,Híbrido,Masculino,Preta,0.45823328519585915
CAND_04970,7.4,49.0,Mestrado,Região Metropolitana,Híbrido,Masculino,Amarela,0.5933534066379033
CAND_04971,9.7,27.0,Bacharelado,Região Metropolitana,Presencial,Feminino,Branca,0.4034205081738155
CAND_04972,2.3,53.0,Bacharelado,Capitais,Híbrido,Masculino,Branca,0.8655168380253689
CAND_04973,13.5,53.0,Mestrado,Capitais,Remoto,Masculino,Preta,0.7266325804056476
CAND_04974,5.6,51.0,Bacharelado,Capitais,Híbrido,Masculino,Branca,0.9403069331013021
CAND_04975,0.8,34.0,Bacharelado,Capitais,Remoto,Feminino,Branca,0.5030436197886801
CAND_04976,7.5,54.0,Bacharelado,Capitais,Remoto,Masculino,Parda,1.0
CAND_04977,5.8,74.0,Mestrado,Capitais,Presencial,Feminino,Branca,0.735174311138477
CAND_04978,0.9,8.0,Mestrado,Capitais,Híbrido,Masculino,Preta,0.3940725998716377
CAND_04979,0.7,4.0,Bacharelado,Capitais,Híbrido,Feminino,Preta,0.0
CAND_04980,3.1,70.0,Bacharelado,Capitais,Presencial,Feminino,Branca,0.5018973859256126
CAND_04981,3.7,53.0,Bacharelado,Região Metropolitana,Presencial,Masculino,Branca,0.8780077874191643
CAND_04982,6.1,52.0,Bacharelado,Capitais,Híbrido,Feminino,Branca,0.5610662007145707
CAND_04983,3.4,39.0,Bacharelado,Região Metropolitana,Híbrido,Masculino,Preta,0.3150372665421114
CAND_04984,7.4,56.0,Ensino Médio,Capitais,Híbrido,Feminino,Parda,0.5323192885983582
CAND_04985,2.5,52.0,Mestrado,Interior,Híbrido,Masculino,Branca,0.8154209768942842
CAND_04986,4.5,38.0,Bacharelado,Capitais,Remoto,Masculino,Branca,0.8966453017828375
CAND_04987,9.4,45.0,Bacharelado,Região Metropolitana,Híbrido,Feminino,Indígena,0.2120967784310871
CAND_04988,9.4,59.0,Bacharelado,Capitais,Híbrido,Masculino,Parda,0.887000819136993
CAND_04989,3.3,70.0,Bacharelado,Capitais,Híbrido,Masculino,Parda,0.9495790258851455
CAND_04990,4.2,57.0,Mestrado,Capitais,Presencial,Feminino,Amarela,0.17699987989079483
CAND_04991,5.4,29.0,Mestrado,Capitais,Remoto,Feminino,Amarela,0.12802680908543942
CAND_04992,5.5,23.0,Mestrado,Capitais,Presencial,Masculino,Indígena,0.653087946535803
CAND_04993,2.3,38.0,Ensino Médio,Capitais,Híbrido,Masculino,Branca,0.8521713090417857
CAND_04994,3.0,49.0,Bacharelado,Capitais,Remoto,Masculino,Branca,0.7130204983781336
CAND_04995,5.2,54.0,Mestrado,Capitais,Remoto,Feminino,Preta,0.0
CAND_04996,0.6,47.0,Mestrado,Capitais,Remoto,Feminino,Indígena,0.3031911266057401
CAND_04997,0.0,25.0,Mestrado,Interior,Híbrido,Não-binário,Preta,0.0
CAND_04998,5.9,55.0,Bacharelado,Região Metropolitana,Presencial,Feminino,Branca,0.5496785798736186
CAND_04999,5.6,51.0,Bacharelado,Capitais,Remoto,Feminino,Parda,0.453393862218056
