id,years_experience,skills,education_level,location,preferred_work_mode,gender,race,suitability_score
CAND_00000,6.5,59.0,Bacharelado,Capitais,Presencial,Masculino,Parda,0.720227425403461
CAND_00001,9.0,72.0,Bacharelado,Região Metropolitana,Presencial,Masculino,Branca,1.0
CAND_00002,8.0,40.0,Ensino Médio,Região Metropolitana,Híbrido,Não-binário,Branca,0.2763221106401852
CAND_00003,6.5,67.0,Mestrado,Capitais,Híbrido,Feminino,Branca,0.7348913143194483
CAND_00004,7.3,54.0,Mestrado,Interior,Híbrido,Feminino,Branca,0.20679160289525922
CAND_00005,1.6,31.0,Bacharelado,Capitais,Remoto,Não-binário,Branca,0.28954415247534426
CAND_00006,8.6,50.0,Bacharelado,Capitais,Híbrido,Feminino,Branca,0.7477091376396136
CAND_00007,5.1,46.0,Bacharelado,Capitais,Presencial,Masculino,Preta,0.38723814440846616
CAND_00008,2.3,71.0,Mestrado,Região Metropolitana,Remoto,Feminino,Branca,0.4849198831935672
CAND_00009,1.6,40.0,Bacharelado,Interior,Híbrido,Feminino,Preta,0.0
CAND_00010,7.4,52.0,Bacharelado,Capitais,Presencial,Masculino,Preta,0.5465229610695962
CAND_00011,4.0,44.0,Bacharelado,Capitais,Remoto,Feminino,Branca,0.4342730551595211
CAND_00012,5.2,29.0,Doutorado,Interior,Híbrido,Feminino,Parda,0.045995409066250034
CAND_00013,7.6,71.0,Bacharelado,Capitais,Presencial,Masculino,Branca,1.0
CAND_00014,9.1,64.0,Bacharelado,Região Metropolitana,Híbrido,Masculino,Branca,1.0
CAND_00015,10.0,52.0,Doutorado,Capitais,Remoto,Masculino,Branca,1.0
CAND_00016,3.1,69.0,Mestrado,Capitais,Híbrido,Feminino,Branca,0.37728954244625496
CAND_00017,3.4,66.0,Mestrado,Capitais,Híbrido,Feminino,Indígena,0.41391648663239783
CAND_00018,0.3,41.0,Mestrado,Capitais,Remoto,Masculino,Preta,0.5310344261115462
CAND_00019,9.6,77.0,Mestrado,Região Metropolitana,Remoto,Masculino,Branca,1.0
CAND_00020,6.0,64.0,Bacharelado,Capitais,Remoto,Masculino,Preta,0.6617751570954712
CAND_00021,0.6,59.0,Mestrado,Capitais,Híbrido,Feminino,Branca,0.6770340177823069
CAND_00022,2.8,19.0,Ensino Médio,Capitais,Remoto,Feminino,Branca,0.2953223537831676
CAND_00023,3.2,67.0,Mestrado,Interior,Presencial,Feminino,Branca,0.29043265698037224
CAND_00024,2.9,44.0,Bacharelado,Capitais,Remoto,Masculino,Amarela,0.568840559715228
CAND_00025,2.3,56.0,Bacharelado,Capitais,Híbrido,Feminino,Preta,0.0
CAND_00026,2.3,22.0,Ensino Médio,Capitais,Híbrido,Masculino,Branca,0.6797356027626756
CAND_00027,3.9,37.0,Mestrado,Capitais,Remoto,Masculino,Branca,0.8840137206518301
CAND_00028,10.6,66.0,Mestrado,Capitais,Híbrido,Masculino,Branca,1.0
CAND_00029,2.1,33.0,Bacharelado,Região Metropolitana,Híbrido,Masculino,Amarela,0.3321030718934896
CAND_00030,5.1,44.0,Bacharelado,Interior,Presencial,Masculino,Branca,0.5884742452376944
CAND_00031,1.1,53.0,Bacharelado,Capitais,Híbrido,Masculino,Branca,0.7345980656514088
CAND_00032,3.2,36.0,Bacharelado,Capitais,Híbrido,Masculino,Amarela,0.3398238459997358
CAND_00033,2.9,57.0,Bacharelado,Interior,Híbrido,Feminino,Branca,0.3519297140153982
CAND_00034,0.0,72.0,Ensino Médio,Região Metropolitana,Híbrido,Feminino,Branca,0.31940734813122124
CAND_00035,0.7,48.0,Mestrado,Região Metropolitana,Híbrido,Masculino,Branca,0.9322988690224201
CAND_00036,7.4,43.0,Bacharelado,Capitais,Híbrido,Masculino,Branca,0.9877960471376569
CAND_00037,3.0,44.0,Mestrado,Região Metropolitana,Presencial,Masculino,Preta,0.19812360488001224
CAND_00038,6.0,55.0,Bacharelado,Capitais,Remoto,Feminino,Branca,0.5804737667083956
CAND_00039,3.0,69.0,Doutorado,Capitais,Remoto,Feminino,Branca,0.5895957365481754
CAND_00040,7.5,29.0,Bacharelado,Capitais,Remoto,Feminino,Branca,0.4942684892137325
CAND_00041,0.4,71.0,Mestrado,Região Metropolitana,Remoto,Masculino,Branca,0.9222836565750359
CAND_00042,5.6,58.0,Bacharelado,Capitais,Remoto,Masculino,Branca,1.0
CAND_00043,1.3,28.0,Bacharelado,Capitais,Híbrido,Masculino,Branca,0.8518059854341207
CAND_00044,1.9,39.0,Mestrado,Região Metropolitana,Remoto,Feminino,Parda,0.3229433784669292
CAND_00045,0.6,52.0,Bacharelado,Capitais,Híbrido,Feminino,Branca,0.4570589234492374
CAND_00046,3.2,43.0,Mestrado,Capitais,Remoto,Masculino,Indígena,0.44217013357287716
CAND_00047,2.5,45.0,Bacharelado,Capitais,Presencial,Masculino,Preta,0.35072378588418923
CAND_00048,0.1,70.0,Bacharelado,Região Metropolitana,Híbrido,Masculino,Branca,0.88634339981991
CAND_00049,0.5,55.0,Bacharelado,Região Metropolitana,Remoto,Masculino,Branca,0.8776988458149653
CAND_00050,3.4,70.0,Bacharelado,Capitais,Híbrido,Feminino,Branca,0.7693237752684691
CAND_00051,8.8,25.0,Bacharelado,Capitais,Híbrido,Feminino,Indígena,0.15113513117789507
CAND_00052,4.6,41.0,Mestrado,Capitais,Remoto,Feminino,Amarela,0.19372673404968122
CAND_00053,3.8,41.0,Ensino Médio,Interior,Remoto,Feminino,Parda,0.1480910111154075
CAND_00054,2.8,58.0,Bacharelado,Interior,Presencial,Feminino,Branca,0.37466392880899835
CAND_00055,0.0,37.0,Bacharelado,Região Metropolitana,Híbrido,Masculino,Branca,0.6565575856425546
CAND_00056,7.5,43.0,Bacharelado,Capitais,Presencial,Masculino,Branca,1.0
CAND_00057,4.8,58.0,Mestrado,Capitais,Híbrido,Masculino,Preta,0.5609514148451473
CAND_00058,3.0,59.0,Bacharelado,Região Metropolitana,Remoto,Masculino,Branca,0.7636888238997294
CAND_00059,0.0,46.0,Bacharelado,Capitais,Presencial,Feminino,Preta,0.0
CAND_00060,6.4,49.0,Bacharelado,Capitais,Híbrido,Feminino,Branca,0.5588885596420876
CAND_00061,4.9,34.0,Bacharelado,Região Metropolitana,Presencial,Feminino,Preta,0.0
CAND_00062,3.4,40.0,Bacharelado,Interior,Remoto,Masculino,Indígena,0.19111304017105574
CAND_00063,7.3,62.0,Bacharelado,Região Metropolitana,Remoto,Feminino,Parda,0.3508708437480386
CAND_00064,4.1,35.0,Bacharelado,Região Metropolitana,Presencial,Masculino,Branca,0.8207812971537006
CAND_00065,5.0,28.0,Mestrado,Capitais,Híbrido,Feminino,Preta,0.0
CAND_00066,10.4,71.0,Ensino Médio,Capitais,Híbrido,Masculino,Amarela,0.6870671988818597
CAND_00067,10.7,30.0,Bacharelado,Capitais,Híbrido,Masculino,Preta,0.3317260656437493
CAND_00068,7.6,52.0,Bacharelado,Capitais,Presencial,Masculino,Branca,0.985320022299224
CAND_00069,5.6,48.0,Bacharelado,Região Metropolitana,Híbrido,Feminino,Indígena,0.11124863814895025
CAND_00070,0.2,49.0,Bacharelado,Região Metropolitana,Híbrido,Feminino,Branca,0.36831624460710477
CAND_00071,4.4,38.0,Bacharelado,Capitais,Híbrido,Masculino,Preta,0.2970184612003245
CAND_00072,2.3,88.0,Mestrado,Região Metropolitana,Híbrido,Masculino,Branca,0.980308234729473
CAND_00073,2.0,52.0,Bacharelado,Capitais,Híbrido,Masculino,Branca,0.9059684985737302
CAND_00074,0.9,96.0,Bacharelado,Capitais,Presencial,Feminino,Branca,0.6943855145684754
CAND_00075,7.9,49.0,Bacharelado,Capitais,Remoto,Feminino,Indígena,0.45318873270718074
CAND_00076,7.4,45.0,Bacharelado,Capitais,Presencial,Masculino,Branca,1.0
CAND_00077,4.9,44.0,Bacharelado,Interior,Remoto,Feminino,Branca,0.3505402188390664
CAND_00078,9.2,24.0,Bacharelado,Capitais,Híbrido,Masculino,Branca,0.8886721751410327
CAND_00079,0.9,51.0,Bacharelado,Capitais,Presencial,Masculino,Indígena,0.4771409671567335
CAND_00080,5.3,61.0,Mestrado,Região Metropolitana,Híbrido,Masculino,Branca,1.0
CAND_00081,5.4,61.0,Ensino Médio,Capitais,Remoto,Masculino,Branca,0.965240187384722
CAND_00082,6.7,73.0,Ensino Médio,Capitais,Presencial,Masculino,Branca,1.0
CAND_00083,13.1,46.0,Bacharelado,Interior,Presencial,Feminino,Branca,0.3678958044294407
CAND_00084,3.7,68.0,Bacharelado,Capitais,Presencial,Masculino,Branca,1.0
CAND_00085,2.0,68.0,Mestrado,Região Metropolitana,Remoto,Feminino,Branca,0.5403966710158488
CAND_00086,6.5,51.0,Bacharelado,Região Metropolitana,Híbrido,Masculino,Preta,0.5127709542270219
CAND_00087,3.3,46.0,Bacharelado,Capitais,Presencial,Masculino,Parda,0.6600486742144519
CAND_00088,4.4,71.0,Bacharelado,Região Metropolitana,Híbrido,Masculino,Branca,0.8591689095671361
CAND_00089,8.5,34.0,Bacharelado,Região Metropolitana,Híbrido,Não-binário,Parda,0.2026940576535602
CAND_00090,3.4,38.0,Mestrado,Região Metropolitana,Remoto,Masculino,Branca,0.8863221384600354
CAND_00091,7.3,39.0,Mestrado,Capitais,Presencial,Masculino,Branca,0.9765570104803621
CAND_00092,8.1,36.0,Doutorado,Capitais,Presencial,Masculino,Branca,1.0
CAND_00093,3.4,54.0,Mestrado,Capitais,Híbrido,Não-binário,Branca,0.6834404231635628
CAND_00094,2.8,44.0,Bacharelado,Região Metropolitana,Presencial,Masculino,Branca,0.5744456540622533
CAND_00095,12.5,49.0,Bacharelado,Capitais,Híbrido,Feminino,Parda,0.6483643120703357
CAND_00096,6.2,51.0,Mestrado,Capitais,Remoto,Masculino,Branca,1.0
CAND_00097,0.0,43.0,Bacharelado,Região Metropolitana,Presencial,Feminino,Branca,0.2818296129138438
CAND_00098,3.4,52.0,Mestrado,Capitais,Híbrido,Masculino,Amarela,0.5771859161080695
CAND_00099,5.2,80.0,Bacharelado,Região Metropolitana,Híbrido,Masculino,Branca,0.8916779468746457
CAND_00100,3.2,49.0,Mestrado,Capitais,Presencial,Masculino,Branca,0.8638812747780749
CAND_00101,7.5,50.0,Mestrado,Região Metropolitana,Híbrido,Masculino,Branca,0.9434331036937174
CAND_00102,6.5,22.0,Ensino Médio,Capitais,Híbrido,Masculino,Preta,0.30391955739280707
CAND_00103,9.8,46.0,Bacharelado,Capitais,Remoto,Feminino,Branca,0.4896405231070531
CAND_00104,2.0,51.0,Bacharelado,Capitais,Remoto,Masculino,Branca,1.0
CAND_00105,3.6,50.0,Ensino Médio,Capitais,Híbrido,Feminino,Branca,0.4251336817800893
CAND_00106,7.2,50.0,Bacharelado,Capitais,Presencial,Masculino,Preta,0.6475406661385721
CAND_00107,6.7,38.0,Bacharelado,Capitais,Presencial,Masculino,Parda,1.0
CAND_00108,4.8,49.0,Bacharelado,Capitais,Híbrido,Feminino,Branca,0.6172083744698124
CAND_00109,0.0,44.0,Mestrado,Região Metropolitana,Híbrido,Masculino,Indígena,0.49076485063765385
CAND_00110,5.0,61.0,Bacharelado,Capitais,Remoto,Masculino,Branca,1.0
CAND_00111,6.4,28.0,Bacharelado,Região Metropolitana,Híbrido,Feminino,Amarela,0.12568474843796207
CAND_00112,7.6,57.0,Bacharelado,Região Metropolitana,Híbrido,Feminino,Parda,0.4802925081628526
CAND_00113,4.2,48.0,Bacharelado,Capitais,Híbrido,Feminino,Branca,0.629565820026978
CAND_00114,8.5,66.0,Mestrado,Região Metropolitana,Híbrido,Feminino,Branca,0.5906827675167527
CAND_00115,3.2,47.0,Bacharelado,Região Metropolitana,Presencial,Masculino,Parda,0.5189960009517139
CAND_00116,2.0,54.0,Mestrado,Capitais,Híbrido,Masculino,Branca,0.8868559602124597
CAND_00117,8.6,27.0,Bacharelado,Capitais,Presencial,Masculino,Branca,0.9764555049079973
CAND_00118,10.2,55.0,Mestrado,Região Metropolitana,Presencial,Feminino,Branca,0.6860579928362446
CAND_00119,5.4,53.0,Mestrado,Capitais,Presencial,Feminino,Indígena,0.28273933966580894
CAND_00120,7.3,37.0,Mestrado,Capitais,Presencial,Masculino,Preta,0.5550083727067799
CAND_00121,5.9,53.0,Bacharelado,Capitais,Remoto,Feminino,Amarela,0.20837084542979448
CAND_00122,0.9,49.0,Bacharelado,Região Metropolitana,Presencial,Masculino,Amarela,0.2026408770688895
CAND_00123,10.2,48.0,Bacharelado,Região Metropolitana,Presencial,Feminino,Branca,0.47057726745285783
CAND_00124,3.1,41.0,Doutorado,Capitais,Híbrido,Masculino,Amarela,0.5097859788827999
CAND_00125,3.4,36.0,Bacharelado,Região Metropolitana,Híbrido,Masculino,Branca,0.9537436584072789
CAND_00126,4.5,20.0,Doutorado,Capitais,Presencial,Masculino,Branca,0.7359172100581268
CAND_00127,1.1,71.0,Bacharelado,Capitais,Híbrido,Feminino,Branca,0.5473292262578348
CAND_00128,5.8,60.0,Ensino Médio,Capitais,Híbrido,Masculino,Branca,1.0
CAND_00129,7.8,43.0,Mestrado,Região Metropolitana,Remoto,Não-binário,Branca,0.4269052715297434
CAND_00130,5.7,51.0,Bacharelado,Capitais,Presencial,Masculino,Parda,1.0
CAND_00131,1.6,46.0,Bacharelado,Capitais,Híbrido,Feminino,Preta,0.0
CAND_00132,8.9,50.0,Mestrado,Região Metropolitana,Presencial,Feminino,Branca,0.686837362339722
CAND_00133,11.8,55.0,Ensino Médio,Região Metropolitana,Remoto,Masculino,Branca,0.9564805084943475
CAND_00134,9.0,36.0,Bacharelado,Capitais,Presencial,Feminino,Indígena,0.32407116618750526
CAND_00135,2.8,74.0,Bacharelado,Região Metropolitana,Remoto,Feminino,Branca,0.5557192936424027
CAND_00136,3.7,40.0,Mestrado,Capitais,Híbrido,Feminino,Preta,0.0
CAND_00137,3.9,60.0,Doutorado,Interior,Híbrido,Masculino,Branca,0.7118691749947023
CAND_00138,6.8,51.0,Mestrado,Região Metropolitana,Remoto,Masculino,Branca,1.0
CAND_00139,3.0,59.0,Bacharelado,Capitais,Remoto,Masculino,Branca,0.9786301712299621
CAND_00140,6.2,72.0,Bacharelado,Região Metropolitana,Remoto,Masculino,Branca,0.8909745234699228
CAND_00141,5.5,39.0,Bacharelado,Região Metropolitana,Híbrido,Masculino,Amarela,0.3102824572836201
CAND_00142,5.7,22.0,Bacharelado,Capitais,Remoto,Feminino,Branca,0.5588790944072137
CAND_00143,3.0,68.0,Bacharelado,Capitais,Híbrido,Masculino,Amarela,0.5510041094132905
CAND_00144,6.7,50.0,Bacharelado,Interior,Presencial,Feminino,Parda,0.14972245288149777
CAND_00145,4.5,44.0,Bacharelado,Região Metropolitana,Híbrido,Masculino,Branca,0.9458983141210189
CAND_00146,3.2,37.0,Bacharelado,Capitais,Híbrido,Feminino,Preta,0.04023416579547655
CAND_00147,0.5,37.0,Ensino Médio,Região Metropolitana,Presencial,Masculino,Branca,0.6581268566217555
CAND_00148,1.7,29.0,Bacharelado,Região Metropolitana,Híbrido,Não-binário,Branca,0.0
CAND_00149,7.4,58.0,Mestrado,Capitais,Híbrido,Masculino,Branca,1.0
CAND_00150,8.4,35.0,Mestrado,Capitais,Presencial,Feminino,Parda,0.6644125452205902
CAND_00151,4.1,61.0,Bacharelado,Capitais,Remoto,Masculino,Branca,0.7300991453977451
CAND_00152,4.2,42.0,Bacharelado,Interior,Remoto,Não-binário,Branca,0.003015263500253912
CAND_00153,0.0,56.0,Mestrado,Capitais,Remoto,Masculino,Preta,0.26013660805214334
CAND_00154,8.0,63.0,Bacharelado,Capitais,Presencial,Masculino,Preta,0.5886521033032459
CAND_00155,10.8,56.0,Bacharelado,Região Metropolitana,Remoto,Masculino,Amarela,0.6121123857568369
CAND_00156,7.6,40.0,Mestrado,Interior,Presencial,Feminino,Branca,0.22975049595094493
CAND_00157,9.9,39.0,Mestrado,Capitais,Remoto,Feminino,Indígena,0.3089674874303481
CAND_00158,1.9,36.0,Bacharelado,Capitais,Híbrido,Masculino,Branca,0.8277204602739698
CAND_00159,4.3,45.0,Bacharelado,Região Metropolitana,Presencial,Feminino,Branca,0.37685943328467064
CAND_00160,4.4,42.0,Ensino Médio,Capitais,Presencial,Masculino,Branca,0.8928918305338164
CAND_00161,2.6,39.0,Mestrado,Região Metropolitana,Presencial,Feminino,Branca,0.2890865610381148
CAND_00162,8.8,54.0,Bacharelado,Capitais,Remoto,Feminino,Preta,0.159164871358167
CAND_00163,2.1,47.0,Bacharelado,Região Metropolitana,Híbrido,Feminino,Branca,0.44500359982767446
CAND_00164,6.0,49.0,Bacharelado,Capitais,Presencial,Masculino,Amarela,0.6634506623839302
CAND_00165,3.4,14.0,Bacharelado,Região Metropolitana,Remoto,Masculino,Branca,0.6827992196967951
CAND_00166,4.0,43.0,Bacharelado,Interior,Híbrido,Masculino,Parda,0.5755539091247152
CAND_00167,0.7,60.0,Mestrado,Interior,Remoto,Masculino,Branca,0.6667598017127047
CAND_00168,2.4,42.0,Ensino Médio,Capitais,Remoto,Masculino,Amarela,0.28959164332132525
CAND_00169,2.8,45.0,Mestrado,Capitais,Remoto,Masculino,Amarela,0.4617129835915574
CAND_00170,8.1,49.0,Bacharelado,Capitais,Remoto,Masculino,Branca,0.9594836342252169
CAND_00171,4.0,60.0,Mestrado,Capitais,Presencial,Masculino,Branca,0.9916340154783074
CAND_00172,11.3,70.0,Bacharelado,Região Metropolitana,Presencial,Masculino,Parda,1.0
CAND_00173,3.8,26.0,Bacharelado,Capitais,Presencial,Masculino,Amarela,0.5524134868927116
CAND_00174,6.8,51.0,Bacharelado,Capitais,Presencial,Masculino,Parda,0.9432397724530504
CAND_00175,0.0,50.0,Bacharelado,Interior,Híbrido,Masculino,Amarela,0.18763951950501592
CAND_00176,7.3,74.0,Bacharelado,Capitais,Presencial,Masculino,Branca,1.0
CAND_00177,6.0,45.0,Mestrado,Região Metropolitana,Remoto,Feminino,Branca,0.7360759364764526
CAND_00178,5.8,41.0,Mestrado,Capitais,Remoto,Masculino,Branca,0.9459861338501411
CAND_00179,4.5,54.0,Bacharelado,Interior,Híbrido,Feminino,Branca,0.3827023676416232
CAND_00180,3.5,6.0,Bacharelado,Capitais,Híbrido,Feminino,Branca,0.45353324361014663
CAND_00181,7.7,50.0,Ensino Médio,Capitais,Presencial,Feminino,Branca,0.5413722081609172
CAND_00182,0.0,54.0,Ensino Médio,Capitais,Presencial,Masculino,Parda,0.8604233670893646
CAND_00183,4.8,36.0,Bacharelado,Interior,Presencial,Masculino,Branca,0.5133493265732231
CAND_00184,3.6,55.0,Mestrado,Região Metropolitana,Presencial,Masculino,Preta,0.5490749034003917
CAND_00185,3.0,58.0,Mestrado,Capitais,Híbrido,Feminino,Preta,0.08040155407612329
CAND_00186,5.0,59.0,Bacharelado,Capitais,Híbrido,Feminino,Branca,0.6824515168190108
CAND_00187,8.4,37.0,Doutorado,Região Metropolitana,Remoto,Masculino,Branca,0.8695235103120557
CAND_00188,6.6,36.0,Bacharelado,Capitais,Híbrido,Feminino,Preta,0.028375482996529127
CAND_00189,1.0,35.0,Mestrado,Região Metropolitana,Híbrido,Feminino,Branca,0.2728701533382613
CAND_00190,7.6,35.0,Bacharelado,Capitais,Híbrido,Feminino,Branca,0.5251734616718742
CAND_00191,5.6,47.0,Mestrado,Região Metropolitana,Híbrido,Masculino,Branca,0.7658622475276012
CAND_00192,13.5,39.0,Bacharelado,Capitais,Presencial,Masculino,Amarela,0.6145238410851303
CAND_00193,6.2,31.0,Bacharelado,Capitais,Híbrido,Masculino,Preta,0.28372936492678885
CAND_00194,4.0,36.0,Bacharelado,Capitais,Remoto,Masculino,Amarela,0.2922939781355227
CAND_00195,2.4,41.0,Ensino Médio,Capitais,Remoto,Masculino,Amarela,0.34616276775163146
CAND_00196,6.4,42.0,Bacharelado,Capitais,Presencial,Masculino,Preta,0.5973971736152415
CAND_00197,2.6,25.0,Doutorado,Capitais,Presencial,Feminino,Amarela,0.19454136796224025
CAND_00198,6.5,39.0,Bacharelado,Região Metropolitana,Presencial,Masculino,Preta,0.43983474176050263
CAND_00199,6.3,66.0,Ensino Médio,Capitais,Remoto,Não-binário,Parda,0.2774223109940532
CAND_00200,4.8,48.0,Bacharelado,Região Metropolitana,Presencial,Masculino,Branca,0.7947200042938672
CAND_00201,6.4,75.0,Bacharelado,Capitais,Híbrido,Masculino,Parda,1.0
CAND_00202,0.9,35.0,Bacharelado,Capitais,Presencial,Feminino,Branca,0.4527274734833958
CAND_00203,0.0,55.0,Bacharelado,Capitais,Remoto,Masculino,Indígena,0.54071194204684
CAND_00204,3.0,56.0,Bacharelado,Interior,Remoto,Feminino,Branca,0.2111188812800842
CAND_00205,0.1,25.0,Ensino Médio,Região Metropolitana,Híbrido,Masculino,Parda,0.4949873001947881
CAND_00206,2.9,45.0,Bacharelado,Capitais,Remoto,Feminino,Parda,0.3869697132968112
CAND_00207,8.2,54.0,Bacharelado,Região Metropolitana,Remoto,Masculino,Branca,0.8678472856374835
CAND_00208,7.0,14.0,Bacharelado,Região Metropolitana,Híbrido,Masculino,Branca,0.6831987400823076
CAND_00209,0.0,56.0,Bacharelado,Capitais,Híbrido,Feminino,Branca,0.3333457540145852
CAND_00210,4.1,60.0,Bacharelado,Capitais,Híbrido,Masculino,Branca,0.8532466794349441
CAND_00211,3.1,58.0,Mestrado,Região Metropolitana,Presencial,Feminino,Branca,0.5951419327411226
CAND_00212,2.5,62.0,Bacharelado,Interior,Híbrido,Masculino,Parda,0.4974210787517066
CAND_00213,5.1,77.0,Bacharelado,Capitais,Híbrido,Masculino,Indígena,0.5782483063418992
CAND_00214,4.0,55.0,Mestrado,Região Metropolitana,Presencial,Masculino,Branca,0.8574784710468668
CAND_00215,2.8,32.0,Bacharelado,Capitais,Presencial,Feminino,Parda,0.43856668177554053
CAND_00216,8.8,46.0,Bacharelado,Interior,Remoto,Masculino,Preta,0.20620235634869286
CAND_00217,5.7,50.0,Ensino Médio,Região Metropolitana,Híbrido,Masculino,Preta,0.3127590523436082
CAND_00218,0.1,63.0,Mestrado,Capitais,Híbrido,Masculino,Amarela,0.49852177158554245
CAND_00219,0.9,44.0,Bacharelado,Interior,Presencial,Masculino,Branca,0.5863628064305103
CAND_00220,8.6,69.0,Bacharelado,Região Metropolitana,Remoto,Feminino,Preta,0.13742937216686807
CAND_00221,0.0,30.0,Mestrado,Região Metropolitana,Remoto,Masculino,Branca,0.7851988906973696
CAND_00222,0.0,37.0,Bacharelado,Capitais,Presencial,Masculino,Branca,0.9042969674621628
CAND_00223,5.4,29.0,Bacharelado,Região Metropolitana,Remoto,Feminino,Branca,0.37981918549320254
CAND_00224,7.9,47.0,Mestrado,Região Metropolitana,Presencial,Masculino,Branca,0.9761130440882246
CAND_00225,11.0,70.0,Ensino Médio,Capitais,Presencial,Masculino,Preta,0.5345213369835465
CAND_00226,3.8,37.0,Bacharelado,Interior,Híbrido,Feminino,Branca,0.28716676473110214
CAND_00227,2.5,46.0,Doutorado,Capitais,Presencial,Masculino,Branca,0.8864874943864554
CAND_00228,5.5,42.0,Doutorado,Capitais,Presencial,Masculino,Branca,1.0
CAND_00229,6.3,49.0,Bacharelado,Região Metropolitana,Presencial,Masculino,Branca,0.8822947662377697
CAND_00230,5.3,47.0,Mestrado,Capitais,Presencial,Masculino,Amarela,0.6900021539793783
CAND_00231,9.1,47.0,Mestrado,Capitais,Híbrido,Feminino,Branca,0.5447242964160584
CAND_00232,3.8,48.0,Mestrado,Capitais,Híbrido,Masculino,Preta,0.5988804340485486
CAND_00233,5.1,42.0,Bacharelado,Região Metropolitana,Presencial,Masculino,Preta,0.2981143935803585
CAND_00234,5.3,47.0,Ensino Médio,Região Metropolitana,Presencial,Feminino,Preta,0.0
CAND_00235,3.6,62.0,Bacharelado,Interior,Híbrido,Feminino,Branca,0.3050005857695308
CAND_00236,0.0,47.0,Bacharelado,Região Metropolitana,Presencial,Masculino,Branca,0.7566224741347307
CAND_00237,5.9,39.0,Bacharelado,Capitais,Presencial,Feminino,Branca,0.4564036497421212
CAND_00238,1.6,31.0,Bacharelado,Região Metropolitana,Híbrido,Masculino,Branca,0.7979253273867278
CAND_00239,5.4,68.0,Mestrado,Capitais,Remoto,Masculino,Branca,1.0
CAND_00240,7.2,31.0,Mestrado,Capitais,Híbrido,Masculino,Preta,0.23000408531503158
CAND_00241,9.9,37.0,Mestrado,Capitais,Presencial,Masculino,Branca,1.0
CAND_00242,7.4,41.0,Mestrado,Região Metropolitana,Presencial,Masculino,Branca,0.9755370853364769
CAND_00243,8.0,32.0,Bacharelado,Capitais,Presencial,Masculino,Branca,0.8533330535160556
CAND_00244,13.3,37.0,Mestrado,Interior,Híbrido,Masculino,Branca,0.7774026005215097
CAND_00245,4.9,40.0,Bacharelado,Região Metropolitana,Presencial,Masculino,Parda,0.7685356104523112
CAND_00246,5.2,72.0,Mestrado,Região Metropolitana,Presencial,Masculino,Branca,0.9999013201953092
CAND_00247,6.3,45.0,Doutorado,Região Metropolitana,Híbrido,Masculino,Branca,0.9568695922738473
CAND_00248,3.2,54.0,Bacharelado,Região Metropolitana,Híbrido,Masculino,Branca,0.7559775774230587
CAND_00249,6.3,36.0,Mestrado,Capitais,Presencial,Masculino,Branca,1.0
CAND_00250,5.8,37.0,Bacharelado,Interior,Presencial,Feminino,Parda,0.0
CAND_00251,2.0,46.0,Bacharelado,Região Metropolitana,Híbrido,Feminino,Branca,0.2844575302162191
CAND_00252,0.0,47.0,Bacharelado,Região Metropolitana,Presencial,Masculino,Branca,0.6799609495259834
CAND_00253,1.4,44.0,Bacharelado,Capitais,Remoto,Masculino,Preta,0.33499307854345334
CAND_00254,1.7,71.0,Bacharelado,Interior,Híbrido,Masculino,Parda,0.5539695289299353
CAND_00255,2.0,55.0,Bacharelado,Capitais,Remoto,Feminino,Branca,0.5500430308518145
CAND_00256,5.5,64.0,Bacharelado,Região Metropolitana,Presencial,Masculino,Parda,0.8899629435866633
CAND_00257,2.3,36.0,Bacharelado,Capitais,Híbrido,Masculino,Branca,0.9188368602096348
CAND_00258,8.1,36.0,Bacharelado,Região Metropolitana,Híbrido,Feminino,Branca,0.3765914658256828
CAND_00259,5.2,66.0,Bacharelado,Capitais,Presencial,Não-binário,Branca,0.5036748548233823
CAND_00260,4.2,20.0,Bacharelado,Capitais,Híbrido,Masculino,Parda,0.7312177110344384
CAND_00261,8.4,51.0,Doutorado,Capitais,Presencial,Masculino,Branca,1.0
CAND_00262,7.7,69.0,Bacharelado,Capitais,Presencial,Masculino,Preta,0.6595151475818886
CAND_00263,7.8,34.0,Mestrado,Capitais,Híbrido,Feminino,Amarela,0.10052991086572335
CAND_00264,5.0,69.0,Doutorado,Região Metropolitana,Presencial,Masculino,Branca,0.9472884252612578
CAND_00265,9.2,69.0,Bacharelado,Região Metropolitana,Remoto,Masculino,Branca,0.9939904144716702
CAND_00266,4.3,66.0,Mestrado,Capitais,Presencial,Masculino,Branca,1.0
CAND_00267,4.6,34.0,Mestrado,Capitais,Híbrido,Feminino,Amarela,0.30501831117738765
CAND_00268,5.3,68.0,Bacharelado,Capitais,Híbrido,Masculino,Branca,1.0
CAND_00269,0.0,36.0,Bacharelado,Capitais,Híbrido,Masculino,Branca,1.0
CAND_00270,7.8,46.0,Bacharelado,Capitais,Remoto,Feminino,Branca,0.5549433278579605
CAND_00271,1.0,52.0,Mestrado,Região Metropolitana,Híbrido,Masculino,Branca,0.6876226482125654
CAND_00272,4.8,43.0,Doutorado,Capitais,Híbrido,Masculino,Branca,1.0
CAND_00273,9.0,49.0,Bacharelado,Capitais,Híbrido,Masculino,Branca,1.0
CAND_00274,6.0,57.0,Bacharelado,Capitais,Presencial,Masculino,Branca,1.0
CAND_00275,5.3,63.0,Bacharelado,Capitais,Presencial,Masculino,Branca,1.0
CAND_00276,6.2,50.0,Bacharelado,Capitais,Presencial,Feminino,Branca,0.5898913774559859
CAND_00277,0.0,51.0,Bacharelado,Região Metropolitana,Híbrido,Masculino,Branca,0.6944114849744183
CAND_00278,8.3,34.0,Bacharelado,Região Metropolitana,Remoto,Masculino,Indígena,0.5542641037582361
CAND_00279,7.8,38.0,Bacharelado,Região Metropolitana,Remoto,Feminino,Branca,0.3908024803666974
CAND_00280,8.2,46.0,Doutorado,Capitais,Híbrido,Masculino,Parda,0.9582328936986891
CAND_00281,4.8,32.0,Bacharelado,Interior,Remoto,Masculino,Parda,0.49849371061327163
CAND_00282,8.1,75.0,Bacharelado,Interior,Híbrido,Feminino,Branca,0.27660631206988295
CAND_00283,6.9,66.0,Bacharelado,Região Metropolitana,Presencial,Masculino,Preta,0.5252774103477279
CAND_00284,7.2,35.0,Bacharelado,Região Metropolitana,Híbrido,Não-binário,Amarela,0.021264309581821864
CAND_00285,5.1,57.0,Mestrado,Interior,Remoto,Masculino,Parda,0.669961834046749
CAND_00286,3.8,62.0,Bacharelado,Capitais,Presencial,Masculino,Branca,1.0
CAND_00287,9.0,79.0,Bacharelado,Capitais,Remoto,Feminino,Preta,0.25763550512096617
CAND_00288,4.3,38.0,Bacharelado,Capitais,Remoto,Feminino,Amarela,0.15693237779431518
CAND_00289,5.4,67.0,Mestrado,Capitais,Híbrido,Feminino,Branca,0.6272550043225961
CAND_00290,1.6,39.0,Ensino Médio,Região Metropolitana,Híbrido,Feminino,Branca,0.20715931005643243
CAND_00291,8.7,26.0,Bacharelado,Capitais,Híbrido,Feminino,Branca,0.4760778290552392
CAND_00292,6.7,66.0,Bacharelado,Capitais,Remoto,Masculino,Preta,0.5174463136436289
CAND_00293,2.8,34.0,Bacharelado,Capitais,Remoto,Masculino,Parda,0.6469520273282753
CAND_00294,8.0,40.0,Bacharelado,Região Metropolitana,Híbrido,Masculino,Amarela,0.5137272115621334
CAND_00295,4.6,49.0,Bacharelado,Região Metropolitana,Híbrido,Feminino,Branca,0.5412239476761425
CAND_00296,0.0,66.0,Bacharelado,Capitais,Híbrido,Não-binário,Branca,0.5122462769275568
CAND_00297,4.5,52.0,Ensino Médio,Capitais,Híbrido,Feminino,Parda,0.40443114050026197
CAND_00298,5.6,45.0,Bacharelado,Capitais,Presencial,Feminino,Preta,0.13356650689078572
CAND_00299,10.0,62.0,Mestrado,Capitais,Híbrido,Não-binário,Parda,0.7131712055899616
CAND_00300,4.8,31.0,Bacharelado,Capitais,Híbrido,Masculino,Branca,0.9062709191942785
CAND_00301,3.5,67.0,Mestrado,Região Metropolitana,Híbrido,Feminino,Branca,0.6476099794117662
CAND_00302,3.5,25.0,Bacharelado,Interior,Híbrido,Masculino,Parda,0.3313643293442204
CAND_00303,6.1,54.0,Bacharelado,Região Metropolitana,Híbrido,Masculino,Branca,0.8206286492544842
CAND_00304,3.5,55.0,Bacharelado,Capitais,Remoto,Masculino,Branca,1.0
CAND_00305,7.5,49.0,Bacharelado,Capitais,Remoto,Masculino,Branca,0.933525561234545
CAND_00306,6.0,69.0,Bacharelado,Capitais,Híbrido,Masculino,Amarela,0.7573685976895858
CAND_00307,0.1,71.0,Mestrado,Capitais,Remoto,Masculino,Parda,0.8492726257802109
CAND_00308,0.0,55.0,Bacharelado,Capitais,Presencial,Feminino,Amarela,0.05924084228049854
CAND_00309,6.9,47.0,Doutorado,Região Metropolitana,Híbrido,Masculino,Indígena,0.7175710963025438
CAND_00310,3.6,66.0,Bacharelado,Região Metropolitana,Presencial,Não-binário,Branca,0.28253654223316743
CAND_00311,3.8,34.0,Bacharelado,Região Metropolitana,Remoto,Masculino,Branca,0.7418256314682111
CAND_00312,6.8,48.0,Bacharelado,Capitais,Híbrido,Masculino,Branca,1.0
CAND_00313,2.5,67.0,Bacharelado,Interior,Remoto,Masculino,Branca,0.5381948940086495
CAND_00314,6.4,46.0,Bacharelado,Região Metropolitana,Presencial,Feminino,Amarela,0.0
CAND_00315,5.4,28.0,Mestrado,Capitais,Remoto,Feminino,Branca,0.6832592628650019
CAND_00316,4.2,48.0,Mestrado,Capitais,Presencial,Masculino,Branca,0.8720720336890376
CAND_00317,11.0,37.0,Bacharelado,Região Metropolitana,Híbrido,Feminino,Branca,0.6651794923998937
CAND_00318,7.1,70.0,Ensino Médio,Capitais,Híbrido,Não-binário,Preta,0.0
CAND_00319,4.8,36.0,Bacharelado,Capitais,Remoto,Masculino,Branca,0.9395263992760599
CAND_00320,4.7,58.0,Ensino Médio,Região Metropolitana,Híbrido,Não-binário,Branca,0.48562901339828485
CAND_00321,1.4,15.0,Bacharelado,Capitais,Presencial,Masculino,Branca,0.8375271781208482
CAND_00322,4.6,35.0,Doutorado,Capitais,Remoto,Feminino,Parda,0.4114172341376576
CAND_00323,5.7,33.0,Bacharelado,Capitais,Híbrido,Não-binário,Branca,0.39066507876502493
CAND_00324,1.2,77.0,Bacharelado,Capitais,Remoto,Masculino,Amarela,0.4556259654092426
CAND_00325,15.0,43.0,Bacharelado,Capitais,Remoto,Masculino,Amarela,0.7181542012631598
CAND_00326,1.3,34.0,Doutorado,Capitais,Remoto,Masculino,Branca,0.956272894528251
CAND_00327,4.6,54.0,Bacharelado,Capitais,Presencial,Feminino,Amarela,0.0
CAND_00328,7.7,53.0,Mestrado,Região Metropolitana,Híbrido,Masculino,Branca,0.8598042892963363
CAND_00329,8.8,78.0,Mestrado,Capitais,Híbrido,Feminino,Amarela,0.48604149552313997
CAND_00330,2.3,55.0,Ensino Médio,Interior,Remoto,Masculino,Preta,0.1448318420587297
CAND_00331,6.2,37.0,Bacharelado,Interior,Híbrido,Masculino,Branca,0.8264789657576891
CAND_00332,2.7,65.0,Doutorado,Capitais,Remoto,Masculino,Branca,0.954739884920636
CAND_00333,7.6,51.0,Bacharelado,Interior,Remoto,Feminino,Branca,0.16908947315891407
CAND_00334,6.8,35.0,Mestrado,Região Metropolitana,Híbrido,Masculino,Branca,0.9081727475712914
CAND_00335,5.6,39.0,Mestrado,Capitais,Híbrido,Masculino,Preta,0.4557896163536583
CAND_00336,2.7,62.0,Bacharelado,Capitais,Híbrido,Masculino,Branca,0.9875583521458023
CAND_00337,5.3,38.0,Mestrado,Capitais,Remoto,Feminino,Branca,0.5903172271601395
CAND_00338,4.1,45.0,Bacharelado,Capitais,Híbrido,Masculino,Branca,0.7551812248641495
CAND_00339,0.0,36.0,Bacharelado,Capitais,Híbrido,Masculino,Indígena,0.5289383058141626
CAND_00340,1.9,49.0,Ensino Médio,Capitais,Híbrido,Masculino,Indígena,0.607040986460178
CAND_00341,0.5,61.0,Mestrado,Capitais,Presencial,Feminino,Amarela,0.12659639442758552
CAND_00342,4.1,86.0,Ensino Médio,Capitais,Híbrido,Masculino,Indígena,0.8126733853790926
CAND_00343,1.7,62.0,Bacharelado,Capitais,Presencial,Masculino,Preta,0.5287995139988962
CAND_00344,1.1,58.0,Bacharelado,Capitais,Remoto,Masculino,Indígena,0.7440419976555209
CAND_00345,8.5,32.0,Mestrado,Capitais,Híbrido,Masculino,Branca,1.0
CAND_00346,3.6,85.0,Bacharelado,Capitais,Híbrido,Masculino,Branca,1.0
CAND_00347,8.1,34.0,Ensino Médio,Capitais,Híbrido,Masculino,Amarela,0.5699922828611839
CAND_00348,0.0,40.0,Bacharelado,Capitais,Remoto,Masculino,Branca,0.8220788191371468
CAND_00349,1.9,44.0,Bacharelado,Capitais,Híbrido,Não-binário,Branca,0.4721456282260263
CAND_00350,5.3,54.0,Bacharelado,Capitais,Híbrido,Feminino,Branca,0.5646730679653401
CAND_00351,4.3,33.0,Mestrado,Capitais,Presencial,Feminino,Preta,0.0
CAND_00352,6.3,86.0,Bacharelado,Capitais,Híbrido,Masculino,Branca,1.0
CAND_00353,6.1,38.0,Mestrado,Região Metropolitana,Híbrido,Masculino,Branca,0.7850641640439249
CAND_00354,6.4,39.0,Mestrado,Capitais,Remoto,Feminino,Preta,0.18432967914036064
CAND_00355,0.0,39.0,Bacharelado,Região Metropolitana,Remoto,Feminino,Branca,0.21804807058486048
CAND_00356,4.7,28.0,Bacharelado,Capitais,Presencial,Masculino,Branca,0.7564535687657137
CAND_00357,3.4,49.0,Mestrado,Interior,Presencial,Feminino,Parda,0.17073148421085824
CAND_00358,10.1,61.0,Ensino Médio,Capitais,Remoto,Masculino,Branca,1.0
CAND_00359,4.2,36.0,Bacharelado,Interior,Remoto,Feminino,Branca,0.09271727713710994
CAND_00360,8.2,39.0,Mestrado,Capitais,Remoto,Feminino,Branca,0.5394599105642879
CAND_00361,10.0,56.0,Mestrado,Capitais,Presencial,Masculino,Branca,1.0
CAND_00362,0.1,42.0,Mestrado,Região Metropolitana,Remoto,Feminino,Branca,0.4300532002825165
CAND_00363,9.9,34.0,Bacharelado,Interior,Híbrido,Não-binário,Branca,0.20501187751906924
CAND_00364,3.2,40.0,Ensino Médio,Capitais,Híbrido,Masculino,Branca,0.9012322885424117
CAND_00365,3.1,35.0,Doutorado,Capitais,Remoto,Masculino,Indígena,0.7712451230953882
CAND_00366,4.4,63.0,Bacharelado,Capitais,Híbrido,Feminino,Preta,0.26717633947101127
CAND_00367,5.2,46.0,Bacharelado,Capitais,Híbrido,Masculino,Branca,0.9951857091994104
CAND_00368,2.1,47.0,Bacharelado,Interior,Híbrido,Feminino,Parda,0.12466590256677287
CAND_00369,5.7,45.0,Mestrado,Capitais,Remoto,Masculino,Branca,0.9052732030825678
CAND_00370,7.1,25.0,Bacharelado,Região Metropolitana,Híbrido,Masculino,Branca,0.7946742641742542
CAND_00371,3.5,32.0,Ensino Médio,Capitais,Presencial,Não-binário,Branca,0.24413822732723156
CAND_00372,4.2,67.0,Mestrado,Capitais,Remoto,Feminino,Indígena,0.42530703804242476
CAND_00373,2.3,53.0,Bacharelado,Região Metropolitana,Híbrido,Não-binário,Branca,0.1000793830034542
CAND_00374,9.9,88.0,Bacharelado,Capitais,Híbrido,Feminino,Branca,0.7209720078954373
CAND_00375,2.5,88.0,Bacharelado,Capitais,Remoto,Masculino,Parda,1.0
CAND_00376,3.9,59.0,Bacharelado,Capitais,Remoto,Masculino,Branca,1.0
CAND_00377,0.0,69.0,Bacharelado,Região Metropolitana,Híbrido,Masculino,Branca,0.9435516631233825
CAND_00378,1.5,48.0,Doutorado,Interior,Híbrido,Masculino,Amarela,0.10607911077391002
CAND_00379,10.6,59.0,Ensino Médio,Região Metropolitana,Remoto,Masculino,Parda,0.7177351035729972
CAND_00380,0.0,56.0,Bacharelado,Região Metropolitana,Remoto,Masculino,Branca,0.8388241146904332
CAND_00381,5.3,46.0,Mestrado,Capitais,Remoto,Feminino,Indígena,0.112725262248312
CAND_00382,9.8,35.0,Mestrado,Região Metropolitana,Remoto,Masculino,Preta,0.31254494298025653
CAND_00383,2.2,40.0,Mestrado,Região Metropolitana,Presencial,Feminino,Branca,0.4215968282391455
CAND_00384,2.6,38.0,Mestrado,Capitais,Remoto,Masculino,Branca,0.9241841673535734
CAND_00385,2.5,56.0,Bacharelado,Interior,Presencial,Masculino,Parda,0.5275342726502279
CAND_00386,5.1,36.0,Bacharelado,Capitais,Híbrido,Masculino,Branca,1.0
CAND_00387,3.5,50.0,Bacharelado,Capitais,Híbrido,Masculino,Branca,0.9944972593934658
CAND_00388,6.7,44.0,Mestrado,Interior,Remoto,Não-binário,Branca,0.0
CAND_00389,2.9,69.0,Bacharelado,Capitais,Híbrido,Masculino,Preta,0.5376723007713242
CAND_00390,0.9,69.0,Bacharelado,Região Metropolitana,Híbrido,Masculino,Branca,0.8118715656309857
CAND_00391,1.5,56.0,Bacharelado,Capitais,Remoto,Feminino,Branca,0.5773012629075671
CAND_00392,6.6,61.0,Bacharelado,Capitais,Presencial,Feminino,Branca,0.522716968249473
CAND_00393,1.2,55.0,Ensino Médio,Capitais,Híbrido,Feminino,Parda,0.5779124450181874
CAND_00394,0.0,52.0,Ensino Médio,Capitais,Híbrido,Feminino,Branca,0.6960352286647989
CAND_00395,6.5,61.0,Mestrado,Capitais,Presencial,Masculino,Amarela,0.7684122872837973
CAND_00396,4.4,37.0,Bacharelado,Capitais,Híbrido,Feminino,Branca,0.6986900204067487
CAND_00397,6.9,32.0,Mestrado,Capitais,Remoto,Masculino,Preta,0.35049741720801325
CAND_00398,4.8,52.0,Bacharelado,Região Metropolitana,Presencial,Masculino,Indígena,0.6640196456089519
CAND_00399,9.0,44.0,Ensino Médio,Capitais,Híbrido,Masculino,Branca,0.9677623939892732
CAND_00400,7.8,65.0,Mestrado,Capitais,Presencial,Masculino,Amarela,0.9777559091395147
CAND_00401,3.4,47.0,Bacharelado,Capitais,Presencial,Masculino,Parda,0.8137469595150243
CAND_00402,4.9,27.0,Ensino Médio,Capitais,Presencial,Feminino,Branca,0.3767155480513645
CAND_00403,6.2,68.0,Doutorado,Região Metropolitana,Híbrido,Não-binário,Branca,0.3407394265383875
CAND_00404,9.1,28.0,Bacharelado,Região Metropolitana,Remoto,Masculino,Branca,0.9136960183332374
CAND_00405,6.7,30.0,Mestrado,Região Metropolitana,Presencial,Masculino,Branca,0.8368679577051515
CAND_00406,7.6,60.0,Bacharelado,Região Metropolitana,Presencial,Masculino,Branca,0.8464774201199408
CAND_00407,8.0,60.0,Bacharelado,Região Metropolitana,Remoto,Masculino,Preta,0.5270934467908673
CAND_00408,10.4,38.0,Bacharelado,Capitais,Presencial,Masculino,Parda,0.9985216399420423
CAND_00409,2.7,64.0,Bacharelado,Capitais,Presencial,Masculino,Parda,0.8652451556801258
CAND_00410,6.5,27.0,Bacharelado,Interior,Presencial,Masculino,Preta,0.0
CAND_00411,4.3,64.0,Bacharelado,Região Metropolitana,Híbrido,Não-binário,Branca,0.3619395416555755
CAND_00412,6.2,63.0,Mestrado,Capitais,Remoto,Feminino,Amarela,0.23404415969050588
CAND_00413,4.7,64.0,Bacharelado,Capitais,Híbrido,Feminino,Preta,0.07282281473548044
CAND_00414,7.0,40.0,Mestrado,Capitais,Remoto,Masculino,Branca,1.0
CAND_00415,10.0,63.0,Ensino Médio,Capitais,Remoto,Masculino,Branca,1.0
CAND_00416,4.0,64.0,Mestrado,Capitais,Presencial,Masculino,Branca,1.0
CAND_00417,9.9,54.0,Bacharelado,Interior,Presencial,Masculino,Branca,0.80251114247896
CAND_00418,0.6,68.0,Bacharelado,Capitais,Presencial,Feminino,Parda,0.20589095429854987
CAND_00419,5.4,43.0,Bacharelado,Região Metropolitana,Híbrido,Masculino,Branca,0.7840969413504539
CAND_00420,3.9,45.0,Bacharelado,Capitais,Híbrido,Feminino,Branca,0.48194991400356224
CAND_00421,5.4,30.0,Mestrado,Capitais,Híbrido,Masculino,Branca,0.7007870658929284
CAND_00422,6.5,56.0,Bacharelado,Capitais,Presencial,Masculino,Preta,0.5530193416422551
CAND_00423,5.4,58.0,Bacharelado,Capitais,Híbrido,Feminino,Branca,0.6832109269700631
CAND_00424,6.9,28.0,Bacharelado,Capitais,Presencial,Feminino,Branca,0.4367956262749114
CAND_00425,1.7,56.0,Bacharelado,Capitais,Remoto,Masculino,Preta,0.3361681659249096
CAND_00426,5.8,90.0,Bacharelado,Região Metropolitana,Remoto,Masculino,Branca,0.8901692710331596
CAND_00427,10.3,45.0,Mestrado,Capitais,Presencial,Masculino,Preta,0.4612275417058499
CAND_00428,8.2,58.0,Bacharelado,Capitais,Híbrido,Masculino,Preta,0.5896355362194934
CAND_00429,9.7,31.0,Ensino Médio,Capitais,Presencial,Feminino,Preta,0.0
CAND_00430,8.7,59.0,Bacharelado,Interior,Híbrido,Masculino,Indígena,0.4492338674121443
CAND_00431,4.6,55.0,Bacharelado,Capitais,Híbrido,Masculino,Branca,0.9052636921590486
CAND_00432,3.9,64.0,Bacharelado,Capitais,Híbrido,Feminino,Branca,0.679786365728054
CAND_00433,1.4,69.0,Doutorado,Região Metropolitana,Híbrido,Masculino,Branca,0.9696244508434297
CAND_00434,8.3,33.0,Bacharelado,Capitais,Presencial,Masculino,Preta,0.47210581943425844
CAND_00435,5.8,67.0,Bacharelado,Região Metropolitana,Híbrido,Feminino,Preta,0.0
CAND_00436,4.7,58.0,Bacharelado,Capitais,Presencial,Masculino,Branca,1.0
CAND_00437,9.9,48.0,Bacharelado,Capitais,Híbrido,Masculino,Branca,1.0
CAND_00438,6.5,78.0,Bacharelado,Capitais,Híbrido,Feminino,Indígena,0.6063396625208022
CAND_00439,0.0,37.0,Bacharelado,Interior,Remoto,Masculino,Indígena,0.33157559832835815
CAND_00440,6.5,46.0,Bacharelado,Capitais,Presencial,Feminino,Branca,0.6405544298732843
CAND_00441,8.3,49.0,Bacharelado,Capitais,Remoto,Feminino,Branca,0.7031156826628123
CAND_00442,4.3,53.0,Bacharelado,Capitais,Presencial,Feminino,Preta,0.10330332785943644
CAND_00443,2.7,45.0,Ensino Médio,Região Metropolitana,Remoto,Masculino,Parda,0.5905212498690736
CAND_00444,1.7,44.0,Bacharelado,Capitais,Remoto,Masculino,Branca,0.8758186856922268
CAND_00445,4.7,43.0,Bacharelado,Interior,Híbrido,Feminino,Branca,0.12153822582090602
CAND_00446,4.9,62.0,Bacharelado,Capitais,Híbrido,Masculino,Branca,0.7818638726501688
CAND_00447,4.4,66.0,Bacharelado,Capitais,Remoto,Feminino,Parda,0.538558176028624
CAND_00448,11.0,55.0,Mestrado,Capitais,Presencial,Feminino,Amarela,0.40761313492854795
CAND_00449,8.5,80.0,Ensino Médio,Região Metropolitana,Híbrido,Não-binário,Branca,0.38957805524565026
CAND_00450,0.7,56.0,Ensino Médio,Capitais,Presencial,Masculino,Amarela,0.5507953880723336
CAND_00451,4.5,48.0,Mestrado,Região Metropolitana,Remoto,Masculino,Branca,0.9027691923648277
CAND_00452,1.5,57.0,Bacharelado,Capitais,Presencial,Masculino,Indígena,0.6910682892995682
CAND_00453,5.2,34.0,Mestrado,Capitais,Presencial,Feminino,Branca,0.6881838556792388
CAND_00454,8.3,63.0,Bacharelado,Capitais,Remoto,Masculino,Amarela,0.8664835536691227
CAND_00455,3.6,64.0,Mestrado,Capitais,Remoto,Masculino,Branca,0.9710756197484307
CAND_00456,3.4,47.0,Bacharelado,Capitais,Remoto,Masculino,Branca,0.8943257676134734
CAND_00457,8.4,49.0,Bacharelado,Capitais,Híbrido,Masculino,Branca,1.0
CAND_00458,4.7,58.0,Mestrado,Região Metropolitana,Híbrido,Masculino,Branca,0.9530153395012654
CAND_00459,0.0,38.0,Bacharelado,Região Metropolitana,Híbrido,Feminino,Branca,0.023106192417900018
CAND_00460,5.7,65.0,Mestrado,Capitais,Presencial,Feminino,Branca,0.6733940500118626
CAND_00461,7.0,26.0,Bacharelado,Capitais,Presencial,Masculino,Amarela,0.31148708959159477
CAND_00462,9.4,69.0,Mestrado,Interior,Remoto,Masculino,Amarela,0.6356401982209247
CAND_00463,1.6,31.0,Bacharelado,Capitais,Híbrido,Feminino,Branca,0.4029753711814071
CAND_00464,5.9,48.0,Mestrado,Capitais,Híbrido,Feminino,Preta,0.16536127427402333
CAND_00465,3.5,29.0,Bacharelado,Capitais,Presencial,Feminino,Branca,0.3782840585585476
CAND_00466,6.1,48.0,Bacharelado,Capitais,Híbrido,Feminino,Branca,0.6009983610961663
CAND_00467,6.9,54.0,Bacharelado,Capitais,Remoto,Masculino,Preta,0.4758933847946608
CAND_00468,2.7,43.0,Mestrado,Região Metropolitana,Remoto,Masculino,Branca,0.9385801943862163
CAND_00469,10.6,49.0,Bacharelado,Capitais,Híbrido,Feminino,Preta,0.031814924867589106
CAND_00470,4.2,70.0,Mestrado,Capitais,Presencial,Feminino,Branca,0.46230578546406453
CAND_00471,4.8,77.0,Bacharelado,Capitais,Híbrido,Masculino,Indígena,0.8066161753021105
CAND_00472,7.0,59.0,Bacharelado,Capitais,Presencial,Feminino,Indígena,0.5224249048129528
CAND_00473,6.8,53.0,Mestrado,Capitais,Presencial,Masculino,Branca,1.0
CAND_00474,2.8,61.0,Bacharelado,Região Metropolitana,Remoto,Feminino,Parda,0.4535868054839441
CAND_00475,10.7,68.0,Bacharelado,Capitais,Híbrido,Masculino,Branca,1.0
CAND_00476,4.2,43.0,Ensino Médio,Região Metropolitana,Híbrido,Masculino,Branca,0.8538979210077
CAND_00477,1.8,44.0,Bacharelado,Capitais,Remoto,Feminino,Branca,0.5546778932749402
CAND_00478,6.7,57.0,Bacharelado,Capitais,Híbrido,Masculino,Branca,1.0
CAND_00479,2.5,24.0,Bacharelado,Capitais,Presencial,Feminino,Branca,0.38016194032917944
CAND_00480,8.9,55.0,Bacharelado,Região Metropolitana,Híbrido,Feminino,Branca,0.4996658130351657
CAND_00481,6.4,57.0,Bacharelado,Capitais,Híbrido,Masculino,Branca,0.8218965556516659
CAND_00482,1.3,50.0,Ensino Médio,Capitais,Remoto,Masculino,Parda,0.8064596405137046
CAND_00483,6.7,42.0,Bacharelado,Capitais,Presencial,Masculino,Branca,0.8350973114035974
CAND_00484,3.2,55.0,Bacharelado,Capitais,Presencial,Feminino,Branca,0.43225605947979256
CAND_00485,7.4,72.0,Bacharelado,Região Metropolitana,Remoto,Feminino,Branca,0.5178621683846238
CAND_00486,6.9,59.0,Ensino Médio,Capitais,Híbrido,Masculino,Branca,0.993252159478877
CAND_00487,2.9,66.0,Bacharelado,Capitais,Híbrido,Feminino,Branca,0.8082356059694102
CAND_00488,4.8,40.0,Bacharelado,Capitais,Híbrido,Masculino,Parda,0.7819600373311621
CAND_00489,8.5,28.0,Bacharelado,Capitais,Remoto,Feminino,Branca,0.5075227405966585
CAND_00490,8.1,56.0,Bacharelado,Capitais,Híbrido,Masculino,Parda,0.8340586996257225
CAND_00491,1.9,48.0,Bacharelado,Capitais,Híbrido,Não-binário,Indígena,0.14128512915451297
CAND_00492,2.5,53.0,Bacharelado,Capitais,Presencial,Feminino,Branca,0.3711257382053863
CAND_00493,4.5,33.0,Bacharelado,Região Metropolitana,Híbrido,Masculino,Branca,0.5187841681861964
CAND_00494,10.3,74.0,Bacharelado,Região Metropolitana,Híbrido,Masculino,Branca,1.0
CAND_00495,0.0,32.0,Ensino Médio,Interior,Remoto,Masculino,Branca,0.4447143009319392
CAND_00496,6.2,41.0,Bacharelado,Capitais,Remoto,Masculino,Branca,0.9393254186328173
CAND_00497,1.3,24.0,Mestrado,Capitais,Remoto,Feminino,Preta,0.0
CAND_00498,6.8,69.0,Bacharelado,Capitais,Remoto,Não-binário,Branca,0.651407995715398
CAND_00499,6.3,30.0,Ensino Médio,Região Metropolitana,Presencial,Não-binário,Branca,0.21345687000579547
CAND_00500,3.0,33.0,Bacharelado,Região Metropolitana,Híbrido,Masculino,Branca,0.7098320571004785
CAND_00501,8.1,58.0,Bacharelado,Capitais,Híbrido,Masculino,Parda,0.9691809455986301
CAND_00502,8.5,65.0,Bacharelado,Capitais,Presencial,Masculino,Branca,1.0
CAND_00503,0.9,39.0,Bacharelado,Capitais,Remoto,Feminino,Parda,0.23065954032010438
CAND_00504,1.8,65.0,Bacharelado,Capitais,Remoto,Masculino,Branca,1.0
CAND_00505,1.9,73.0,Bacharelado,Capitais,Remoto,Masculino,Preta,0.36001452479777396
CAND_00506,9.4,52.0,Bacharelado,Capitais,Presencial,Masculino,Branca,0.9572963374740591
CAND_00507,7.7,71.0,Bacharelado,Capitais,Remoto,Masculino,Preta,0.6853338168848256
CAND_00508,7.3,50.0,Mestrado,Capitais,Híbrido,Feminino,Branca,0.6391881981756478
CAND_00509,7.3,51.0,Bacharelado,Capitais,Presencial,Feminino,Parda,0.45406791688940606
CAND_00510,4.4,77.0,Mestrado,Capitais,Híbrido,Masculino,Preta,0.4718428702120342
CAND_00511,2.4,42.0,Mestrado,Região Metropolitana,Híbrido,Masculino,Branca,0.6811430379336842
CAND_00512,7.0,33.0,Bacharelado,Região Metropolitana,Híbrido,Feminino,Preta,0.0
CAND_00513,9.8,61.0,Mestrado,Capitais,Híbrido,Masculino,Amarela,0.8183626596089678
CAND_00514,0.0,32.0,Bacharelado,Capitais,Híbrido,Feminino,Preta,0.0
CAND_00515,5.7,52.0,Bacharelado,Região Metropolitana,Híbrido,Masculino,Amarela,0.3310694298900007
CAND_00516,11.5,53.0,Bacharelado,Capitais,Presencial,Masculino,Parda,1.0
CAND_00517,5.1,22.0,Bacharelado,Capitais,Presencial,Feminino,Branca,0.4378472878594484
CAND_00518,5.8,83.0,Bacharelado,Capitais,Presencial,Masculino,Branca,1.0
CAND_00519,0.0,40.0,Bacharelado,Capitais,Híbrido,Masculino,Amarela,0.2535161825490757
CAND_00520,4.2,34.0,Mestrado,Capitais,Presencial,Masculino,Branca,1.0
CAND_00521,10.7,42.0,Bacharelado,Capitais,Presencial,Masculino,Branca,0.840243041095469
CAND_00522,6.1,61.0,Doutorado,Capitais,Híbrido,Feminino,Branca,0.6432773401465788
CAND_00523,8.3,53.0,Ensino Médio,Capitais,Híbrido,Masculino,Branca,0.9283947819013143
CAND_00524,7.7,50.0,Ensino Médio,Capitais,Presencial,Feminino,Branca,0.4328659250221113
CAND_00525,5.0,52.0,Bacharelado,Região Metropolitana,Híbrido,Masculino,Branca,0.8962748902356159
CAND_00526,2.1,52.0,Bacharelado,Capitais,Híbrido,Masculino,Amarela,0.6321642350535026
CAND_00527,5.8,54.0,Bacharelado,Capitais,Remoto,Masculino,Branca,0.8080543097462628
CAND_00528,3.8,52.0,Bacharelado,Capitais,Remoto,Masculino,Branca,1.0
CAND_00529,3.4,29.0,Bacharelado,Região Metropolitana,Presencial,Feminino,Branca,0.3287280405008121
CAND_00530,6.6,34.0,Bacharelado,Região Metropolitana,Presencial,Feminino,Preta,0.0
CAND_00531,0.0,41.0,Bacharelado,Região Metropolitana,Presencial,Masculino,Branca,0.7973169667179631
CAND_00532,9.2,57.0,Bacharelado,Capitais,Remoto,Masculino,Branca,1.0
CAND_00533,3.4,52.0,Mestrado,Interior,Presencial,Masculino,Branca,0.6836989654207822
CAND_00534,4.7,62.0,Mestrado,Capitais,Remoto,Masculino,Branca,1.0
CAND_00535,4.0,39.0,Bacharelado,Capitais,Presencial,Masculino,Indígena,0.6356935662088792
CAND_00536,4.7,70.0,Ensino Médio,Capitais,Híbrido,Masculino,Branca,0.951984785995665
CAND_00537,3.3,43.0,Ensino Médio,Capitais,Remoto,Feminino,Amarela,0.0
CAND_00538,6.5,53.0,Ensino Médio,Região Metropolitana,Híbrido,Masculino,Branca,0.7974596097066553
CAND_00539,4.6,48.0,Doutorado,Capitais,Presencial,Masculino,Branca,0.9817446295273464
CAND_00540,2.6,63.0,Ensino Médio,Interior,Presencial,Masculino,Amarela,0.5260491731675294
CAND_00541,5.2,62.0,Bacharelado,Capitais,Presencial,Feminino,Branca,0.7670945005419234
CAND_00542,1.4,31.0,Ensino Médio,Região Metropolitana,Presencial,Feminino,Amarela,0.0
CAND_00543,4.2,44.0,Bacharelado,Região Metropolitana,Presencial,Masculino,Branca,0.9799898501803642
CAND_00544,2.7,48.0,Bacharelado,Capitais,Remoto,Feminino,Parda,0.2639133641866188
CAND_00545,4.4,59.0,Bacharelado,Capitais,Remoto,Feminino,Branca,0.6418664981875496
CAND_00546,0.5,27.0,Bacharelado,Capitais,Híbrido,Feminino,Indígena,0.05293998979982755
CAND_00547,2.6,87.0,Bacharelado,Região Metropolitana,Remoto,Feminino,Branca,0.6030401698462692
CAND_00548,1.8,58.0,Bacharelado,Capitais,Presencial,Feminino,Branca,0.7599223264492969
CAND_00549,8.5,44.0,Bacharelado,Capitais,Presencial,Masculino,Preta,0.6054678005916565
CAND_00550,5.7,40.0,Bacharelado,Região Metropolitana,Híbrido,Feminino,Parda,0.16738649607300313
CAND_00551,5.6,63.0,Bacharelado,Capitais,Remoto,Masculino,Branca,0.8741167785632808
CAND_00552,6.9,43.0,Bacharelado,Capitais,Presencial,Masculino,Preta,0.5183961688615077
CAND_00553,8.3,63.0,Mestrado,Capitais,Presencial,Não-binário,Indígena,0.4533207418745109
CAND_00554,0.8,62.0,Ensino Médio,Capitais,Híbrido,Não-binário,Branca,0.42478866760388734
CAND_00555,6.3,59.0,Bacharelado,Capitais,Presencial,Masculino,Branca,0.8868792869841012
CAND_00556,6.2,44.0,Ensino Médio,Capitais,Híbrido,Masculino,Parda,0.8866171958320523
CAND_00557,4.0,48.0,Mestrado,Capitais,Presencial,Feminino,Branca,0.6603827240726814
CAND_00558,2.0,49.0,Mestrado,Capitais,Remoto,Feminino,Branca,0.558470135909848
CAND_00559,7.3,69.0,Mestrado,Capitais,Presencial,Feminino,Amarela,0.4050632986045793
CAND_00560,3.4,30.0,Bacharelado,Capitais,Remoto,Masculino,Indígena,0.5740885518195082
CAND_00561,7.5,46.0,Bacharelado,Capitais,Presencial,Masculino,Branca,1.0
CAND_00562,5.3,42.0,Bacharelado,Região Metropolitana,Presencial,Feminino,Branca,0.4517923540157537
CAND_00563,0.0,68.0,Bacharelado,Interior,Híbrido,Masculino,Parda,0.48737816258630595
CAND_00564,6.4,35.0,Mestrado,Interior,Híbrido,Masculino,Branca,0.5490741709501018
CAND_00565,6.8,83.0,Doutorado,Capitais,Híbrido,Feminino,Branca,0.743093383005764
CAND_00566,3.3,64.0,Mestrado,Capitais,Presencial,Feminino,Branca,0.5509168392202417
CAND_00567,0.1,72.0,Mestrado,Capitais,Presencial,Masculino,Branca,0.9923655465311954
CAND_00568,3.0,61.0,Bacharelado,Capitais,Remoto,Feminino,Branca,0.6902804144916358
CAND_00569,6.5,44.0,Bacharelado,Capitais,Híbrido,Não-binário,Branca,0.4943106816423603
CAND_00570,8.0,59.0,Bacharelado,Capitais,Híbrido,Masculino,Branca,1.0
CAND_00571,2.8,34.0,Mestrado,Capitais,Presencial,Masculino,Branca,0.8487329383123327
CAND_00572,2.9,60.0,Bacharelado,Capitais,Híbrido,Masculino,Branca,0.9238665283276153
CAND_00573,2.4,61.0,Bacharelado,Interior,Remoto,Masculino,Branca,0.621697395199485
CAND_00574,2.7,71.0,Bacharelado,Capitais,Híbrido,Feminino,Preta,0.04579433163313227
CAND_00575,8.7,53.0,Bacharelado,Capitais,Presencial,Feminino,Branca,0.6730650061261685
CAND_00576,7.0,41.0,Bacharelado,Capitais,Presencial,Feminino,Branca,0.5824761668193391
CAND_00577,7.1,42.0,Mestrado,Capitais,Presencial,Masculino,Parda,0.9621410074050558
CAND_00578,8.0,44.0,Bacharelado,Capitais,Híbrido,Feminino,Branca,0.5947832148036309
CAND_00579,6.8,74.0,Bacharelado,Região Metropolitana,Híbrido,Masculino,Preta,0.44493108561842526
CAND_00580,1.2,82.0,Mestrado,Capitais,Híbrido,Masculino,Branca,1.0
CAND_00581,2.8,47.0,Ensino Médio,Região Metropolitana,Remoto,Masculino,Branca,0.786274638103715
CAND_00582,7.6,73.0,Mestrado,Capitais,Remoto,Masculino,Branca,1.0
CAND_00583,8.4,70.0,Mestrado,Capitais,Remoto,Feminino,Branca,0.6733032205416382
CAND_00584,5.0,26.0,Ensino Médio,Capitais,Remoto,Masculino,Amarela,0.35006697236008266
CAND_00585,4.9,65.0,Mestrado,Região Metropolitana,Remoto,Masculino,Parda,1.0
CAND_00586,7.5,33.0,Bacharelado,Capitais,Presencial,Masculino,Amarela,0.20979788722464443
CAND_00587,5.5,63.0,Mestrado,Capitais,Remoto,Feminino,Indígena,0.41718141080646853
CAND_00588,4.2,27.0,Bacharelado,Capitais,Híbrido,Feminino,Preta,0.10390248515553535
CAND_00589,1.5,68.0,Mestrado,Capitais,Híbrido,Feminino,Branca,0.5398455760012685
CAND_00590,5.2,35.0,Bacharelado,Região Metropolitana,Remoto,Feminino,Branca,0.5141522176879274
CAND_00591,5.4,66.0,Mestrado,Capitais,Híbrido,Feminino,Branca,0.8079806094413899
CAND_00592,3.7,47.0,Mestrado,Capitais,Remoto,Masculino,Branca,1.0
CAND_00593,9.5,52.0,Mestrado,Interior,Remoto,Masculino,Preta,0.2168794376583668
CAND_00594,7.4,76.0,Doutorado,Capitais,Presencial,Masculino,Branca,1.0
CAND_00595,0.7,63.0,Mestrado,Região Metropolitana,Remoto,Feminino,Amarela,0.13099043823162038
CAND_00596,9.6,39.0,Bacharelado,Capitais,Remoto,Feminino,Branca,0.5653462286105707
CAND_00597,3.3,59.0,Bacharelado,Capitais,Híbrido,Não-binário,Preta,0.1962745188878383
CAND_00598,3.9,56.0,Doutorado,Capitais,Remoto,Feminino,Branca,0.8473985167812833
CAND_00599,3.9,57.0,Bacharelado,Capitais,Presencial,Feminino,Preta,0.0
CAND_00600,3.4,49.0,Bacharelado,Capitais,Remoto,Feminino,Preta,0.09913812417010054
CAND_00601,6.9,48.0,Ensino Médio,Capitais,Híbrido,Masculino,Branca,0.9373738247141448
CAND_00602,7.5,52.0,Ensino Médio,Capitais,Presencial,Masculino,Branca,1.0
CAND_00603,6.1,52.0,Mestrado,Capitais,Remoto,Masculino,Branca,1.0
CAND_00604,5.2,56.0,Bacharelado,Capitais,Presencial,Masculino,Parda,0.9889760921805798
CAND_00605,7.3,34.0,Bacharelado,Capitais,Presencial,Feminino,Branca,0.4475830016542167
CAND_00606,10.0,30.0,Bacharelado,Capitais,Presencial,Feminino,Parda,0.41993829997253496
CAND_00607,9.9,39.0,Bacharelado,Região Metropolitana,Remoto,Masculino,Branca,0.8297903873699538
CAND_00608,3.2,62.0,Bacharelado,Região Metropolitana,Remoto,Masculino,Branca,0.8676636304734204
CAND_00609,3.6,55.0,Mestrado,Região Metropolitana,Remoto,Feminino,Preta,0.09487533576115068
CAND_00610,3.4,46.0,Bacharelado,Capitais,Híbrido,Feminino,Amarela,0.028096924534992018
CAND_00611,1.0,61.0,Bacharelado,Capitais,Remoto,Não-binário,Indígena,0.027490167133021215
CAND_00612,1.4,81.0,Mestrado,Região Metropolitana,Híbrido,Masculino,Indígena,0.578051113117035
CAND_00613,2.4,46.0,Bacharelado,Capitais,Remoto,Feminino,Preta,0.0
CAND_00614,8.4,42.0,Mestrado,Capitais,Presencial,Feminino,Branca,0.586508526837879
CAND_00615,3.8,47.0,Mestrado,Região Metropolitana,Remoto,Masculino,Branca,0.8469858167207502
CAND_00616,8.5,26.0,Doutorado,Capitais,Remoto,Feminino,Amarela,0.14534739041925937
CAND_00617,9.1,69.0,Ensino Médio,Região Metropolitana,Presencial,Masculino,Branca,1.0
CAND_00618,2.9,61.0,Bacharelado,Região Metropolitana,Presencial,Feminino,Branca,0.5368872739683482
CAND_00619,8.7,31.0,Mestrado,Capitais,Híbrido,Masculino,Branca,1.0
CAND_00620,3.1,52.0,Bacharelado,Capitais,Presencial,Masculino,Preta,0.5178370647567296
CAND_00621,10.1,51.0,Bacharelado,Capitais,Remoto,Masculino,Branca,1.0
CAND_00622,2.9,24.0,Bacharelado,Capitais,Híbrido,Masculino,Branca,0.7750134403201274
CAND_00623,2.6,64.0,Mestrado,Região Metropolitana,Híbrido,Não-binário,Branca,0.3548887923147034
CAND_00624,0.0,61.0,Ensino Médio,Capitais,Presencial,Masculino,Branca,0.7189893205358846
CAND_00625,9.0,63.0,Ensino Médio,Capitais,Remoto,Feminino,Branca,0.7386018898289317
CAND_00626,6.6,24.0,Bacharelado,Capitais,Remoto,Feminino,Branca,0.4611747536361467
CAND_00627,4.0,25.0,Mestrado,Capitais,Híbrido,Masculino,Branca,0.9697882686692483
CAND_00628,2.3,76.0,Bacharelado,Capitais,Remoto,Masculino,Branca,0.9907054982065729
CAND_00629,6.3,65.0,Doutorado,Capitais,Híbrido,Masculino,Branca,1.0
CAND_00630,6.3,49.0,Bacharelado,Capitais,Híbrido,Não-binário,Parda,0.14660744598851952
CAND_00631,6.3,50.0,Mestrado,Capitais,Presencial,Feminino,Branca,0.6049741813437111
CAND_00632,9.2,34.0,Mestrado,Capitais,Presencial,Masculino,Preta,0.5038477295127929
CAND_00633,2.8,63.0,Ensino Médio,Região Metropolitana,Remoto,Feminino,Branca,0.4735749429747905
CAND_00634,0.4,24.0,Doutorado,Capitais,Remoto,Masculino,Preta,0.32469973395947443
CAND_00635,8.6,33.0,Mestrado,Capitais,Remoto,Feminino,Branca,0.4461438200582396
CAND_00636,4.0,74.0,Bacharelado,Região Metropolitana,Remoto,Masculino,Preta,0.281782666408456
CAND_00637,0.0,39.0,Bacharelado,Interior,Híbrido,Feminino,Branca,0.29686500734245613
CAND_00638,7.0,72.0,Mestrado,Capitais,Híbrido,Masculino,Preta,0.7186347454709319
CAND_00639,3.1,41.0,Ensino Médio,Região Metropolitana,Presencial,Feminino,Branca,0.37456233132643674
CAND_00640,5.7,31.0,Mestrado,Capitais,Híbrido,Masculino,Branca,0.9447319075064128
CAND_00641,1.4,55.0,Ensino Médio,Capitais,Híbrido,Masculino,Amarela,0.5820619138322105
CAND_00642,4.3,68.0,Bacharelado,Capitais,Presencial,Masculino,Branca,0.9953868006199237
CAND_00643,6.8,58.0,Bacharelado,Região Metropolitana,Remoto,Feminino,Amarela,0.1202782370383897
CAND_00644,7.4,41.0,Mestrado,Capitais,Remoto,Masculino,Branca,0.9627237748395756
CAND_00645,9.1,57.0,Bacharelado,Capitais,Remoto,Masculino,Branca,1.0
CAND_00646,9.2,55.0,Mestrado,Região Metropolitana,Presencial,Feminino,Indígena,0.20661078979976719
CAND_00647,7.5,90.0,Ensino Médio,Capitais,Presencial,Masculino,Branca,0.9710294521101598
CAND_00648,0.0,28.0,Bacharelado,Capitais,Presencial,Feminino,Preta,0.0
CAND_00649,2.3,50.0,Mestrado,Região Metropolitana,Presencial,Masculino,Branca,0.8277173588333205
CAND_00650,3.8,39.0,Bacharelado,Interior,Remoto,Masculino,Branca,0.6149181004716447
CAND_00651,9.1,36.0,Bacharelado,Capitais,Remoto,Masculino,Branca,1.0
CAND_00652,0.9,39.0,Bacharelado,Capitais,Remoto,Feminino,Branca,0.4084100199863227
CAND_00653,0.0,79.0,Bacharelado,Capitais,Híbrido,Masculino,Branca,0.8731480462415856
CAND_00654,6.8,42.0,Bacharelado,Capitais,Remoto,Masculino,Preta,0.5160488485078336
CAND_00655,1.1,72.0,Mestrado,Região Metropolitana,Híbrido,Masculino,Branca,1.0
CAND_00656,6.3,53.0,Ensino Médio,Capitais,Remoto,Masculino,Amarela,0.6802109209878284
CAND_00657,8.1,31.0,Mestrado,Capitais,Presencial,Masculino,Preta,0.42320482430158896
CAND_00658,4.7,37.0,Mestrado,Capitais,Híbrido,Masculino,Branca,0.755803056502156
CAND_00659,4.4,32.0,Doutorado,Região Metropolitana,Híbrido,Masculino,Branca,0.898118007762357
CAND_00660,7.8,85.0,Ensino Médio,Interior,Remoto,Masculino,Preta,0.2798237335761687
CAND_00661,2.2,36.0,Bacharelado,Capitais,Híbrido,Masculino,Branca,0.7795569497853955
CAND_00662,1.3,29.0,Bacharelado,Região Metropolitana,Presencial,Masculino,Branca,0.7866460343600707
CAND_00663,9.3,56.0,Bacharelado,Região Metropolitana,Híbrido,Masculino,Branca,1.0
CAND_00664,3.1,61.0,Bacharelado,Região Metropolitana,Híbrido,Masculino,Branca,0.8630364154756528
CAND_00665,7.9,48.0,Bacharelado,Capitais,Híbrido,Masculino,Parda,0.8621713419407491
CAND_00666,0.0,16.0,Bacharelado,Região Metropolitana,Presencial,Masculino,Branca,0.4325933833922875
CAND_00667,3.5,36.0,Bacharelado,Região Metropolitana,Híbrido,Masculino,Branca,0.8093312886751067
CAND_00668,2.5,28.0,Bacharelado,Capitais,Remoto,Masculino,Branca,0.8220661457815623
CAND_00669,4.0,72.0,Mestrado,Interior,Presencial,Masculino,Branca,0.8503072090247983
CAND_00670,3.4,59.0,Mestrado,Capitais,Híbrido,Masculino,Branca,0.8290781611829928
CAND_00671,3.8,54.0,Bacharelado,Capitais,Híbrido,Feminino,Parda,0.37506946895281906
CAND_00672,8.4,51.0,Ensino Médio,Capitais,Presencial,Feminino,Preta,0.048832421120544665
CAND_00673,4.9,61.0,Bacharelado,Capitais,Híbrido,Feminino,Indígena,0.15251250956399112
CAND_00674,9.0,60.0,Mestrado,Região Metropolitana,Presencial,Feminino,Parda,0.5103555023986514
CAND_00675,3.7,37.0,Bacharelado,Capitais,Remoto,Feminino,Branca,0.5109802341949774
CAND_00676,5.6,47.0,Bacharelado,Capitais,Remoto,Feminino,Branca,0.49025313553690003
CAND_00677,5.9,18.0,Bacharelado,Capitais,Híbrido,Masculino,Branca,0.7619429026463607
CAND_00678,5.6,80.0,Bacharelado,Capitais,Híbrido,Masculino,Branca,1.0
CAND_00679,5.0,49.0,Bacharelado,Capitais,Remoto,Masculino,Branca,1.0
CAND_00680,6.9,46.0,Bacharelado,Capitais,Remoto,Masculino,Amarela,0.5170722987821459
CAND_00681,7.5,62.0,Mestrado,Região Metropolitana,Híbrido,Feminino,Branca,0.6776277164442293
CAND_00682,6.9,39.0,Mestrado,Região Metropolitana,Presencial,Masculino,Branca,0.8532646751695496
CAND_00683,5.8,72.0,Bacharelado,Capitais,Híbrido,Masculino,Branca,0.9145083160359537
CAND_00684,2.6,41.0,Ensino Médio,Capitais,Remoto,Masculino,Branca,0.7114836506102747
CAND_00685,6.0,46.0,Mestrado,Capitais,Presencial,Masculino,Preta,0.5433622784563334
CAND_00686,4.9,19.0,Ensino Médio,Região Metropolitana,Híbrido,Feminino,Amarela,0.0
CAND_00687,0.5,45.0,Bacharelado,Capitais,Presencial,Masculino,Branca,0.909280196540528
CAND_00688,7.6,54.0,Mestrado,Região Metropolitana,Híbrido,Masculino,Branca,1.0
CAND_00689,6.9,45.0,Bacharelado,Região Metropolitana,Presencial,Masculino,Branca,0.8453818950134536
CAND_00690,4.5,42.0,Mestrado,Capitais,Presencial,Feminino,Amarela,0.14315836566763568
CAND_00691,0.6,53.0,Ensino Médio,Interior,Presencial,Masculino,Parda,0.1494148959678614
CAND_00692,3.5,44.0,Bacharelado,Capitais,Presencial,Masculino,Parda,0.5362619634037795
CAND_00693,10.9,73.0,Bacharelado,Capitais,Remoto,Masculino,Branca,1.0
CAND_00694,5.6,23.0,Ensino Médio,Capitais,Remoto,Feminino,Branca,0.5142195969199428
CAND_00695,6.7,26.0,Mestrado,Região Metropolitana,Remoto,Feminino,Preta,0.0
CAND_00696,7.3,34.0,Bacharelado,Região Metropolitana,Presencial,Feminino,Branca,0.4992048986352447
CAND_00697,1.7,36.0,Bacharelado,Região Metropolitana,Remoto,Masculino,Branca,0.753536347493156
CAND_00698,2.2,50.0,Bacharelado,Capitais,Presencial,Feminino,Parda,0.35040215822461174
CAND_00699,2.4,56.0,Bacharelado,Capitais,Remoto,Masculino,Branca,0.8726672608954523
CAND_00700,1.5,63.0,Bacharelado,Capitais,Híbrido,Masculino,Indígena,0.8211209612002496
CAND_00701,5.1,51.0,Bacharelado,Capitais,Remoto,Masculino,Branca,0.9361779097252316
CAND_00702,3.1,40.0,Mestrado,Capitais,Híbrido,Feminino,Preta,0.14919922043123776
CAND_00703,4.2,66.0,Bacharelado,Região Metropolitana,Presencial,Masculino,Preta,0.49379659416063293
CAND_00704,3.9,39.0,Bacharelado,Região Metropolitana,Híbrido,Feminino,Parda,0.2800674862189543
CAND_00705,5.3,54.0,Bacharelado,Interior,Remoto,Masculino,Branca,0.7274760639831931
CAND_00706,4.6,41.0,Mestrado,Capitais,Híbrido,Masculino,Branca,1.0
CAND_00707,3.4,57.0,Bacharelado,Região Metropolitana,Híbrido,Feminino,Branca,0.6029694495741774
CAND_00708,2.2,35.0,Bacharelado,Capitais,Remoto,Feminino,Amarela,0.12944912727417043
CAND_00709,9.1,30.0,Ensino Médio,Região Metropolitana,Híbrido,Masculino,Branca,0.9062425744296254
CAND_00710,5.0,76.0,Mestrado,Região Metropolitana,Híbrido,Feminino,Branca,0.5788042060959333
CAND_00711,1.0,41.0,Bacharelado,Capitais,Híbrido,Feminino,Branca,0.5647201968162169
CAND_00712,6.9,63.0,Bacharelado,Capitais,Remoto,Masculino,Branca,1.0
CAND_00713,0.0,52.0,Ensino Médio,Capitais,Presencial,Masculino,Preta,0.4824978306496215
CAND_00714,5.0,65.0,Mestrado,Capitais,Híbrido,Masculino,Preta,0.7352134847091287
CAND_00715,5.2,54.0,Bacharelado,Capitais,Remoto,Masculino,Preta,0.5717506705672688
CAND_00716,4.5,68.0,Doutorado,Região Metropolitana,Remoto,Masculino,Branca,1.0
CAND_00717,6.9,66.0,Bacharelado,Capitais,Presencial,Masculino,Branca,0.9177518226075138
CAND_00718,6.4,49.0,Bacharelado,Capitais,Remoto,Masculino,Parda,0.8311598264444882
CAND_00719,5.5,54.0,Bacharelado,Região Metropolitana,Híbrido,Feminino,Branca,0.4429440180641331
CAND_00720,3.5,22.0,Bacharelado,Região Metropolitana,Híbrido,Masculino,Parda,0.5980789930142164
CAND_00721,8.5,47.0,Bacharelado,Capitais,Híbrido,Feminino,Branca,0.6841899611939712
CAND_00722,1.2,51.0,Bacharelado,Capitais,Presencial,Feminino,Preta,0.12247223573594884
CAND_00723,5.3,54.0,Mestrado,Região Metropolitana,Remoto,Feminino,Amarela,0.0
CAND_00724,0.7,40.0,Bacharelado,Interior,Remoto,Feminino,Branca,0.0
CAND_00725,5.9,67.0,Mestrado,Capitais,Presencial,Feminino,Parda,0.5955545874909941
CAND_00726,5.4,56.0,Doutorado,Capitais,Híbrido,Masculino,Branca,1.0
CAND_00727,10.6,66.0,Bacharelado,Região Metropolitana,Remoto,Feminino,Branca,0.6860274729332816
CAND_00728,1.5,60.0,Bacharelado,Capitais,Híbrido,Masculino,Branca,0.9500742817647038
CAND_00729,2.7,58.0,Mestrado,Região Metropolitana,Presencial,Masculino,Parda,0.7675314511580267
CAND_00730,0.0,32.0,Bacharelado,Interior,Remoto,Feminino,Branca,0.06633426721977176
CAND_00731,3.7,68.0,Bacharelado,Capitais,Híbrido,Feminino,Amarela,0.26786349601825943
CAND_00732,6.4,46.0,Mestrado,Região Metropolitana,Presencial,Masculino,Preta,0.39027401812709056
CAND_00733,5.5,58.0,Bacharelado,Capitais,Presencial,Masculino,Indígena,0.7340924314225556
CAND_00734,4.2,53.0,Bacharelado,Capitais,Remoto,Masculino,Amarela,0.6836611960316124
CAND_00735,8.5,42.0,Bacharelado,Região Metropolitana,Remoto,Não-binário,Branca,0.3839254216646235
CAND_00736,8.7,45.0,Mestrado,Capitais,Híbrido,Masculino,Parda,0.974118436957421
CAND_00737,0.0,73.0,Doutorado,Capitais,Presencial,Masculino,Branca,1.0
CAND_00738,6.4,47.0,Bacharelado,Capitais,Remoto,Feminino,Amarela,0.07370932224909682
CAND_00739,8.3,37.0,Bacharelado,Região Metropolitana,Presencial,Não-binário,Branca,0.3159827582187612
CAND_00740,3.9,69.0,Bacharelado,Capitais,Remoto,Masculino,Branca,1.0
CAND_00741,8.6,56.0,Mestrado,Capitais,Presencial,Masculino,Amarela,0.6046490312740398
CAND_00742,4.6,64.0,Mestrado,Capitais,Híbrido,Masculino,Branca,1.0
CAND_00743,6.4,45.0,Mestrado,Região Metropolitana,Híbrido,Feminino,Branca,0.6001009937115122
CAND_00744,1.0,45.0,Mestrado,Capitais,Presencial,Masculino,Branca,0.8630478688483447
CAND_00745,3.1,56.0,Bacharelado,Capitais,Híbrido,Feminino,Preta,0.07411566511642134
CAND_00746,9.2,60.0,Bacharelado,Região Metropolitana,Presencial,Feminino,Amarela,0.0
CAND_00747,10.9,24.0,Bacharelado,Capitais,Remoto,Feminino,Branca,0.7030521396360304
CAND_00748,9.9,61.0,Mestrado,Região Metropolitana,Remoto,Feminino,Branca,0.7704103913396351
CAND_00749,5.7,76.0,Mestrado,Região Metropolitana,Remoto,Feminino,Branca,0.7810548785623941
CAND_00750,4.1,49.0,Bacharelado,Interior,Híbrido,Feminino,Branca,0.20772017687683003
CAND_00751,8.1,25.0,Bacharelado,Capitais,Híbrido,Masculino,Parda,0.8721714725405911
CAND_00752,4.2,44.0,Bacharelado,Região Metropolitana,Híbrido,Masculino,Branca,0.7521652906678914
CAND_00753,6.2,65.0,Mestrado,Capitais,Presencial,Feminino,Branca,0.8484417825020488
CAND_00754,4.6,34.0,Doutorado,Interior,Remoto,Masculino,Branca,0.6665942084522499
CAND_00755,7.3,60.0,Bacharelado,Capitais,Híbrido,Masculino,Branca,1.0
CAND_00756,4.5,51.0,Ensino Médio,Capitais,Presencial,Masculino,Preta,0.3575018039802979
CAND_00757,3.8,57.0,Ensino Médio,Capitais,Remoto,Masculino,Branca,0.9653466424931784
CAND_00758,2.3,64.0,Mestrado,Capitais,Híbrido,Feminino,Preta,0.14313136110509378
CAND_00759,8.4,43.0,Mestrado,Capitais,Remoto,Masculino,Branca,1.0
CAND_00760,3.5,54.0,Bacharelado,Capitais,Híbrido,Masculino,Indígena,0.7948775161811008
CAND_00761,3.6,46.0,Bacharelado,Interior,Remoto,Não-binário,Branca,0.007136057269226698
CAND_00762,8.5,33.0,Mestrado,Capitais,Remoto,Feminino,Indígena,0.20309984768379008
CAND_00763,9.5,51.0,Ensino Médio,Capitais,Remoto,Feminino,Preta,0.32429534535444016
CAND_00764,8.8,67.0,Bacharelado,Região Metropolitana,Presencial,Feminino,Parda,0.6499145648646087
CAND_00765,11.8,28.0,Bacharelado,Capitais,Presencial,Feminino,Preta,0.12985067495287203
CAND_00766,3.5,55.0,Mestrado,Capitais,Presencial,Feminino,Branca,0.5279071813879709
CAND_00767,5.8,32.0,Bacharelado,Capitais,Remoto,Masculino,Branca,0.9309546988982216
CAND_00768,2.4,41.0,Ensino Médio,Região Metropolitana,Híbrido,Masculino,Branca,0.7809014171020454
CAND_00769,4.7,44.0,Bacharelado,Região Metropolitana,Remoto,Masculino,Branca,0.8937368182519979
CAND_00770,3.1,40.0,Doutorado,Capitais,Presencial,Masculino,Branca,0.8347127715783289
CAND_00771,6.0,48.0,Ensino Médio,Capitais,Presencial,Feminino,Branca,0.6088471885877418
CAND_00772,8.0,69.0,Mestrado,Interior,Presencial,Feminino,Amarela,0.13442499870305924
CAND_00773,1.8,48.0,Mestrado,Capitais,Híbrido,Masculino,Branca,1.0
CAND_00774,4.9,52.0,Mestrado,Capitais,Híbrido,Masculino,Branca,1.0
CAND_00775,4.5,68.0,Bacharelado,Capitais,Presencial,Masculino,Branca,1.0
CAND_00776,1.7,40.0,Mestrado,Capitais,Híbrido,Feminino,Branca,0.603719159658199
CAND_00777,6.5,68.0,Mestrado,Capitais,Híbrido,Feminino,Branca,0.6227551965192288
CAND_00778,4.1,43.0,Mestrado,Região Metropolitana,Presencial,Feminino,Branca,0.5732379545762919
CAND_00779,3.0,54.0,Bacharelado,Região Metropolitana,Presencial,Não-binário,Branca,0.271263400672881
CAND_00780,6.7,41.0,Mestrado,Interior,Híbrido,Masculino,Preta,0.10865090943395189
CAND_00781,3.9,43.0,Bacharelado,Região Metropolitana,Híbrido,Feminino,Amarela,0.17520023654643574
CAND_00782,1.7,56.0,Mestrado,Região Metropolitana,Presencial,Masculino,Preta,0.15284492726324658
CAND_00783,7.5,59.0,Mestrado,Região Metropolitana,Presencial,Masculino,Preta,0.40634020932180576
CAND_00784,6.7,55.0,Doutorado,Capitais,Híbrido,Masculino,Branca,1.0
CAND_00785,0.7,45.0,Bacharelado,Região Metropolitana,Presencial,Masculino,Branca,0.7196046504682992
CAND_00786,4.2,32.0,Bacharelado,Região Metropolitana,Remoto,Masculino,Parda,0.5896178508519205
CAND_00787,3.3,69.0,Mestrado,Capitais,Presencial,Feminino,Branca,0.6012860904996492
CAND_00788,1.2,70.0,Ensino Médio,Região Metropolitana,Híbrido,Masculino,Parda,0.6033571469317704
CAND_00789,0.1,54.0,Doutorado,Capitais,Híbrido,Masculino,Branca,1.0
CAND_00790,4.5,53.0,Bacharelado,Interior,Híbrido,Não-binário,Branca,0.29314862899375593
CAND_00791,1.9,63.0,Bacharelado,Região Metropolitana,Remoto,Masculino,Branca,0.8288671155214897
CAND_00792,6.3,51.0,Bacharelado,Capitais,Híbrido,Feminino,Preta,0.2248971953227199
CAND_00793,4.8,55.0,Bacharelado,Capitais,Híbrido,Feminino,Branca,0.6192531609731187
CAND_00794,6.7,71.0,Bacharelado,Capitais,Presencial,Masculino,Parda,1.0
CAND_00795,9.0,32.0,Bacharelado,Capitais,Remoto,Masculino,Amarela,0.5946041916583527
CAND_00796,9.0,47.0,Bacharelado,Capitais,Híbrido,Feminino,Preta,0.12026411967996536
CAND_00797,0.0,55.0,Mestrado,Capitais,Presencial,Feminino,Branca,0.3607369712393357
CAND_00798,2.5,40.0,Bacharelado,Interior,Presencial,Masculino,Branca,0.5494783237709849
CAND_00799,6.0,62.0,Mestrado,Capitais,Remoto,Masculino,Parda,0.8173763010645124
CAND_00800,7.3,33.0,Mestrado,Capitais,Híbrido,Não-binário,Indígena,0.1315969388222202
CAND_00801,9.7,51.0,Bacharelado,Capitais,Híbrido,Masculino,Branca,1.0
CAND_00802,0.0,73.0,Doutorado,Capitais,Híbrido,Masculino,Preta,0.5369635229754299
CAND_00803,7.3,46.0,Mestrado,Capitais,Híbrido,Masculino,Branca,1.0
CAND_00804,6.7,42.0,Bacharelado,Capitais,Remoto,Não-binário,Branca,0.38546034724704836
CAND_00805,2.7,69.0,Mestrado,Capitais,Remoto,Masculino,Parda,1.0
CAND_00806,11.9,34.0,Bacharelado,Região Metropolitana,Híbrido,Masculino,Branca,0.8947048982846793
CAND_00807,4.3,79.0,Bacharelado,Capitais,Híbrido,Feminino,Preta,0.04990002677007814
CAND_00808,6.8,52.0,Mestrado,Região Metropolitana,Remoto,Feminino,Branca,0.6761364130282183
CAND_00809,2.6,38.0,Mestrado,Região Metropolitana,Híbrido,Feminino,Amarela,0.08807401477694506
CAND_00810,5.0,53.0,Bacharelado,Capitais,Remoto,Feminino,Preta,0.09114433642762987
CAND_00811,0.0,27.0,Mestrado,Capitais,Híbrido,Feminino,Branca,0.5145667271081086
CAND_00812,8.2,60.0,Mestrado,Capitais,Híbrido,Feminino,Branca,0.8044700466597787
CAND_00813,6.7,45.0,Ensino Médio,Capitais,Híbrido,Feminino,Branca,0.365092696435829
CAND_00814,9.4,75.0,Bacharelado,Capitais,Híbrido,Masculino,Branca,1.0
CAND_00815,6.8,30.0,Bacharelado,Região Metropolitana,Híbrido,Masculino,Parda,0.722074955430269
CAND_00816,4.2,61.0,Mestrado,Capitais,Remoto,Feminino,Amarela,0.24930730903386636
CAND_00817,7.1,70.0,Mestrado,Capitais,Remoto,Masculino,Preta,0.4715880711759677
CAND_00818,8.7,47.0,Bacharelado,Capitais,Presencial,Feminino,Branca,0.5367486036202143
CAND_00819,4.5,42.0,Mestrado,Capitais,Remoto,Masculino,Branca,1.0
CAND_00820,5.8,85.0,Mestrado,Capitais,Remoto,Masculino,Branca,1.0
CAND_00821,1.4,31.0,Bacharelado,Capitais,Remoto,Masculino,Branca,0.8816526984698545
CAND_00822,0.0,39.0,Mestrado,Capitais,Remoto,Masculino,Preta,0.3735748809235298
CAND_00823,2.3,73.0,Doutorado,Capitais,Presencial,Masculino,Branca,1.0
CAND_00824,2.6,75.0,Mestrado,Capitais,Remoto,Masculino,Branca,1.0
CAND_00825,3.5,49.0,Bacharelado,Capitais,Híbrido,Masculino,Amarela,0.4641547374721934
CAND_00826,5.1,46.0,Mestrado,Região Metropolitana,Híbrido,Feminino,Branca,0.31244044573217605
CAND_00827,8.5,64.0,Mestrado,Região Metropolitana,Remoto,Feminino,Branca,0.671904342702292
CAND_00828,0.3,45.0,Bacharelado,Região Metropolitana,Remoto,Não-binário,Indígena,0.0
CAND_00829,4.2,48.0,Doutorado,Capitais,Presencial,Masculino,Preta,0.6020118618737094
CAND_00830,5.4,61.0,Bacharelado,Região Metropolitana,Presencial,Masculino,Branca,0.9436777885248665
CAND_00831,6.6,26.0,Mestrado,Capitais,Híbrido,Masculino,Branca,1.0
CAND_00832,1.2,89.0,Bacharelado,Região Metropolitana,Remoto,Masculino,Amarela,0.5849053666775259
CAND_00833,7.9,35.0,Bacharelado,Capitais,Híbrido,Masculino,Amarela,0.6415120749569907
CAND_00834,2.3,38.0,Bacharelado,Capitais,Híbrido,Masculino,Branca,0.7419626904681729
CAND_00835,6.6,62.0,Doutorado,Interior,Remoto,Masculino,Branca,0.9114029575280869
CAND_00836,5.7,77.0,Mestrado,Região Metropolitana,Presencial,Feminino,Branca,0.650498315700831
CAND_00837,3.6,34.0,Ensino Médio,Capitais,Presencial,Masculino,Branca,0.727222965908523
CAND_00838,5.0,56.0,Bacharelado,Capitais,Remoto,Masculino,Branca,0.955847706280905
CAND_00839,4.5,75.0,Bacharelado,Região Metropolitana,Remoto,Masculino,Branca,1.0
CAND_00840,6.7,62.0,Mestrado,Interior,Presencial,Masculino,Branca,0.8130827261586885
CAND_00841,4.2,42.0,Mestrado,Região Metropolitana,Presencial,Masculino,Branca,0.9313264582128701
CAND_00842,6.2,42.0,Bacharelado,Capitais,Presencial,Masculino,Branca,0.8768309491967213
CAND_00843,5.5,87.0,Doutorado,Capitais,Remoto,Feminino,Branca,0.778543278500031
CAND_00844,1.0,60.0,Mestrado,Região Metropolitana,Híbrido,Masculino,Parda,0.7614475238974411
CAND_00845,7.5,64.0,Bacharelado,Capitais,Híbrido,Masculino,Branca,1.0
CAND_00846,5.1,58.0,Bacharelado,Interior,Híbrido,Feminino,Parda,0.0
CAND_00847,5.8,42.0,Bacharelado,Região Metropolitana,Híbrido,Feminino,Amarela,0.17113017361386937
CAND_00848,6.1,38.0,Mestrado,Capitais,Presencial,Masculino,Amarela,0.5503630971694418
CAND_00849,3.6,40.0,Bacharelado,Capitais,Remoto,Feminino,Branca,0.3790528349111342
CAND_00850,3.6,17.0,Bacharelado,Capitais,Híbrido,Feminino,Parda,0.2497186849187636
CAND_00851,9.3,35.0,Mestrado,Região Metropolitana,Híbrido,Masculino,Amarela,0.6682764581855304
CAND_00852,0.5,58.0,Bacharelado,Região Metropolitana,Remoto,Masculino,Branca,0.8350214305276047
CAND_00853,10.6,58.0,Ensino Médio,Região Metropolitana,Híbrido,Masculino,Preta,0.4394885373093889
CAND_00854,6.2,35.0,Bacharelado,Capitais,Híbrido,Masculino,Branca,0.8902320967636498
CAND_00855,9.2,65.0,Bacharelado,Capitais,Remoto,Feminino,Branca,0.5566589696534053
CAND_00856,3.7,29.0,Bacharelado,Capitais,Presencial,Feminino,Amarela,0.0
CAND_00857,4.4,50.0,Bacharelado,Região Metropolitana,Presencial,Masculino,Branca,0.8285653459103449
CAND_00858,8.9,74.0,Bacharelado,Capitais,Remoto,Feminino,Branca,0.825504861508215
CAND_00859,5.6,69.0,Bacharelado,Região Metropolitana,Presencial,Masculino,Branca,0.8855448887534304
CAND_00860,4.7,49.0,Mestrado,Capitais,Presencial,Masculino,Branca,1.0
CAND_00861,4.4,57.0,Bacharelado,Capitais,Remoto,Masculino,Branca,0.9254789243536964
CAND_00862,5.9,24.0,Mestrado,Capitais,Híbrido,Feminino,Branca,0.45824177089525087
CAND_00863,5.8,65.0,Bacharelado,Capitais,Presencial,Masculino,Preta,0.5165199164155049
CAND_00864,8.1,38.0,Bacharelado,Região Metropolitana,Híbrido,Masculino,Branca,0.8485193528783735
CAND_00865,6.7,55.0,Bacharelado,Capitais,Híbrido,Feminino,Branca,0.766743563201048
CAND_00866,6.1,50.0,Bacharelado,Região Metropolitana,Presencial,Masculino,Branca,0.8077577251844287
CAND_00867,5.2,64.0,Bacharelado,Capitais,Híbrido,Feminino,Parda,0.4303352340970477
CAND_00868,1.4,67.0,Mestrado,Capitais,Remoto,Masculino,Branca,0.9132899682578253
CAND_00869,4.3,28.0,Bacharelado,Capitais,Remoto,Feminino,Branca,0.5429368264060953
CAND_00870,6.9,53.0,Ensino Médio,Região Metropolitana,Híbrido,Masculino,Amarela,0.22701122819085945
CAND_00871,3.9,52.0,Doutorado,Capitais,Remoto,Masculino,Branca,0.9917204463542224
CAND_00872,7.1,49.0,Doutorado,Capitais,Presencial,Feminino,Preta,0.0628417988709658
CAND_00873,5.2,63.0,Bacharelado,Capitais,Híbrido,Feminino,Preta,0.19537693852233057
CAND_00874,6.1,39.0,Bacharelado,Capitais,Remoto,Feminino,Amarela,0.22034524457746862
CAND_00875,0.4,29.0,Mestrado,Interior,Presencial,Feminino,Branca,0.3316047582384173
CAND_00876,6.4,51.0,Bacharelado,Interior,Remoto,Masculino,Branca,0.727631102967959
CAND_00877,5.1,69.0,Mestrado,Capitais,Remoto,Masculino,Amarela,0.6952663540522053
CAND_00878,2.9,54.0,Bacharelado,Capitais,Híbrido,Masculino,Branca,0.8075442187586329
CAND_00879,2.8,11.0,Bacharelado,Região Metropolitana,Híbrido,Não-binário,Branca,0.183013771969371
CAND_00880,2.2,42.0,Mestrado,Capitais,Presencial,Feminino,Branca,0.3299437280727757
CAND_00881,4.1,68.0,Bacharelado,Região Metropolitana,Híbrido,Feminino,Branca,0.5782915586967646
CAND_00882,1.9,64.0,Bacharelado,Capitais,Híbrido,Não-binário,Branca,0.4655333167767562
CAND_00883,1.6,49.0,Bacharelado,Capitais,Presencial,Feminino,Branca,0.44729876768738963
CAND_00884,2.4,33.0,Bacharelado,Capitais,Presencial,Masculino,Amarela,0.3806651312693195
CAND_00885,3.9,52.0,Bacharelado,Capitais,Híbrido,Feminino,Parda,0.3283715910101649
CAND_00886,3.1,9.0,Bacharelado,Interior,Híbrido,Masculino,Branca,0.384939106781741
CAND_00887,1.0,40.0,Bacharelado,Interior,Remoto,Masculino,Parda,0.5821863801273152
CAND_00888,3.4,48.0,Bacharelado,Interior,Híbrido,Masculino,Branca,0.6589243248724383
CAND_00889,3.0,50.0,Bacharelado,Região Metropolitana,Remoto,Masculino,Preta,0.2423187812792134
CAND_00890,2.3,70.0,Bacharelado,Capitais,Híbrido,Não-binário,Amarela,0.22228658946134613
CAND_00891,0.0,54.0,Bacharelado,Região Metropolitana,Híbrido,Masculino,Preta,0.2793259987658904
CAND_00892,4.8,27.0,Mestrado,Região Metropolitana,Presencial,Feminino,Branca,0.3108435886973643
CAND_00893,2.3,48.0,Bacharelado,Capitais,Híbrido,Feminino,Branca,0.497048164003365
CAND_00894,7.3,55.0,Bacharelado,Região Metropolitana,Híbrido,Feminino,Indígena,0.08349535906888442
CAND_00895,0.0,77.0,Ensino Médio,Região Metropolitana,Presencial,Masculino,Amarela,0.2999928647149126
CAND_00896,8.3,78.0,Bacharelado,Capitais,Remoto,Feminino,Branca,0.6668251451173228
CAND_00897,3.0,50.0,Ensino Médio,Região Metropolitana,Remoto,Masculino,Indígena,0.277275059561083
CAND_00898,6.8,16.0,Bacharelado,Capitais,Híbrido,Masculino,Branca,0.8491817640269866
CAND_00899,9.6,55.0,Bacharelado,Região Metropolitana,Híbrido,Masculino,Branca,0.8464313831947484
CAND_00900,8.1,82.0,Bacharelado,Região Metropolitana,Híbrido,Masculino,Branca,0.9422107686680968
CAND_00901,3.9,27.0,Bacharelado,Capitais,Híbrido,Masculino,Preta,0.5174115008425658
CAND_00902,1.2,60.0,Bacharelado,Interior,Presencial,Feminino,Branca,0.3830998993279552
CAND_00903,1.6,60.0,Mestrado,Capitais,Presencial,Masculino,Amarela,0.5721250464300562
CAND_00904,7.4,40.0,Bacharelado,Capitais,Presencial,Masculino,Branca,0.9005760147689197
CAND_00905,10.8,41.0,Mestrado,Região Metropolitana,Remoto,Masculino,Branca,1.0
CAND_00906,4.5,68.0,Bacharelado,Região Metropolitana,Híbrido,Masculino,Branca,0.9491552588022721
CAND_00907,10.5,56.0,Ensino Médio,Interior,Híbrido,Masculino,Branca,0.8350436529175993
CAND_00908,5.0,44.0,Bacharelado,Capitais,Presencial,Masculino,Indígena,0.6244567854858839
CAND_00909,2.0,43.0,Ensino Médio,Região Metropolitana,Híbrido,Masculino,Branca,0.614623616276998
CAND_00910,0.0,42.0,Bacharelado,Capitais,Híbrido,Masculino,Branca,0.8723449403777606
CAND_00911,7.8,28.0,Bacharelado,Região Metropolitana,Remoto,Masculino,Branca,0.6708513892494348
CAND_00912,13.6,51.0,Mestrado,Região Metropolitana,Presencial,Feminino,Branca,0.5261212967131633
CAND_00913,2.8,56.0,Bacharelado,Região Metropolitana,Presencial,Feminino,Parda,0.6801516776581406
CAND_00914,0.2,49.0,Bacharelado,Interior,Híbrido,Masculino,Branca,0.47242729868028766
CAND_00915,4.0,29.0,Bacharelado,Capitais,Presencial,Masculino,Branca,0.8260859659544717
CAND_00916,1.1,33.0,Mestrado,Capitais,Presencial,Masculino,Branca,0.9676162642398127
CAND_00917,5.0,62.0,Mestrado,Região Metropolitana,Híbrido,Masculino,Branca,0.9815189522962069
CAND_00918,6.7,42.0,Doutorado,Região Metropolitana,Remoto,Feminino,Preta,0.12907795850841813
CAND_00919,10.9,73.0,Mestrado,Interior,Presencial,Masculino,Branca,0.9881699633903962
CAND_00920,7.8,50.0,Bacharelado,Interior,Presencial,Masculino,Branca,0.6689344619715013
CAND_00921,1.8,15.0,Bacharelado,Capitais,Híbrido,Masculino,Parda,0.7749445706297663
CAND_00922,3.6,36.0,Bacharelado,Capitais,Híbrido,Feminino,Branca,0.5291605322702595
CAND_00923,2.6,59.0,Bacharelado,Capitais,Remoto,Masculino,Branca,0.9709688647183253
CAND_00924,6.8,63.0,Ensino Médio,Capitais,Remoto,Masculino,Branca,0.9753926691348405
CAND_00925,12.7,58.0,Mestrado,Região Metropolitana,Presencial,Masculino,Parda,1.0
CAND_00926,5.7,59.0,Ensino Médio,Região Metropolitana,Remoto,Masculino,Preta,0.3640581266428448
CAND_00927,0.2,61.0,Doutorado,Capitais,Remoto,Feminino,Branca,0.625506085028478
CAND_00928,2.0,42.0,Bacharelado,Capitais,Híbrido,Masculino,Branca,0.8228964178870021
CAND_00929,8.3,38.0,Bacharelado,Capitais,Remoto,Masculino,Branca,0.9947637701756485
CAND_00930,1.8,39.0,Ensino Médio,Capitais,Presencial,Masculino,Branca,1.0
CAND_00931,1.1,53.0,Mestrado,Interior,Híbrido,Masculino,Branca,0.6931721503986449
CAND_00932,3.9,58.0,Doutorado,Capitais,Remoto,Feminino,Branca,0.7964110887441505
CAND_00933,3.0,73.0,Bacharelado,Capitais,Presencial,Masculino,Indígena,0.7471957271244141
CAND_00934,5.4,59.0,Bacharelado,Região Metropolitana,Presencial,Masculino,Branca,0.6251661325670163
CAND_00935,6.4,52.0,Bacharelado,Região Metropolitana,Híbrido,Masculino,Amarela,0.5116803938269368
CAND_00936,4.0,49.0,Mestrado,Região Metropolitana,Presencial,Masculino,Branca,0.8571863816895795
CAND_00937,0.0,30.0,Bacharelado,Capitais,Remoto,Não-binário,Branca,0.26866947497001753
CAND_00938,4.2,37.0,Bacharelado,Capitais,Híbrido,Feminino,Branca,0.5473548885853247
CAND_00939,2.8,59.0,Bacharelado,Capitais,Presencial,Masculino,Branca,1.0
CAND_00940,4.1,40.0,Bacharelado,Capitais,Presencial,Masculino,Branca,0.8666224421299477
CAND_00941,1.8,69.0,Mestrado,Região Metropolitana,Híbrido,Masculino,Branca,0.8359639496433366
CAND_00942,3.3,52.0,Bacharelado,Capitais,Híbrido,Não-binário,Parda,0.37936726356967965
CAND_00943,1.2,40.0,Ensino Médio,Capitais,Remoto,Feminino,Branca,0.47103542943543103
CAND_00944,7.0,49.0,Bacharelado,Capitais,Híbrido,Feminino,Branca,0.5896555508379895
CAND_00945,3.0,30.0,Bacharelado,Capitais,Presencial,Feminino,Branca,0.3759114348956557
CAND_00946,0.0,39.0,Bacharelado,Capitais,Presencial,Feminino,Branca,0.24462295231945172
CAND_00947,11.5,52.0,Mestrado,Interior,Remoto,Feminino,Preta,0.06360487284718225
CAND_00948,7.4,37.0,Mestrado,Capitais,Presencial,Masculino,Branca,1.0
CAND_00949,4.0,65.0,Mestrado,Região Metropolitana,Remoto,Masculino,Branca,0.9754381550216412
CAND_00950,5.4,41.0,Bacharelado,Capitais,Remoto,Masculino,Branca,0.8876815337160144
CAND_00951,3.1,40.0,Mestrado,Capitais,Presencial,Masculino,Parda,0.7636714822848806
CAND_00952,6.5,25.0,Bacharelado,Capitais,Híbrido,Masculino,Preta,0.5525458089868
CAND_00953,3.5,44.0,Mestrado,Região Metropolitana,Híbrido,Masculino,Amarela,0.49099195815594354
CAND_00954,4.4,58.0,Bacharelado,Capitais,Remoto,Masculino,Branca,0.9817648173570744
CAND_00955,4.0,41.0,Bacharelado,Capitais,Híbrido,Masculino,Branca,1.0
CAND_00956,4.2,53.0,Mestrado,Capitais,Híbrido,Masculino,Branca,1.0
CAND_00957,7.4,57.0,Bacharelado,Capitais,Remoto,Masculino,Branca,1.0
CAND_00958,7.7,40.0,Ensino Médio,Capitais,Presencial,Masculino,Indígena,0.5164440328678512
CAND_00959,8.7,47.0,Mestrado,Capitais,Presencial,Feminino,Amarela,0.13458590426239603
CAND_00960,6.0,58.0,Ensino Médio,Capitais,Presencial,Feminino,Parda,0.28911651207150346
CAND_00961,1.0,49.0,Bacharelado,Capitais,Remoto,Masculino,Branca,0.9250452503634444
CAND_00962,10.7,54.0,Mestrado,Capitais,Híbrido,Masculino,Branca,1.0
CAND_00963,5.4,64.0,Ensino Médio,Região Metropolitana,Presencial,Masculino,Indígena,0.5286096589871094
CAND_00964,6.9,33.0,Bacharelado,Capitais,Híbrido,Feminino,Branca,0.5445802890645941
CAND_00965,0.8,53.0,Ensino Médio,Capitais,Remoto,Masculino,Preta,0.2703325457883
CAND_00966,8.7,22.0,Bacharelado,Capitais,Híbrido,Masculino,Amarela,0.6113651436886296
CAND_00967,3.6,48.0,Mestrado,Capitais,Híbrido,Masculino,Branca,1.0
CAND_00968,0.2,37.0,Bacharelado,Região Metropolitana,Híbrido,Masculino,Branca,0.5268451361864557
CAND_00969,5.7,44.0,Bacharelado,Região Metropolitana,Híbrido,Não-binário,Branca,0.393878353660346
CAND_00970,8.6,38.0,Ensino Médio,Capitais,Híbrido,Masculino,Amarela,0.6784497917719038
CAND_00971,7.7,17.0,Mestrado,Interior,Presencial,Feminino,Branca,0.1275866062360837
CAND_00972,0.1,51.0,Bacharelado,Capitais,Presencial,Masculino,Amarela,0.44042637795210376
CAND_00973,6.2,51.0,Bacharelado,Capitais,Híbrido,Masculino,Preta,0.5467352382583116
CAND_00974,0.5,37.0,Mestrado,Região Metropolitana,Híbrido,Feminino,Branca,0.4311923547328361
CAND_00975,5.1,50.0,Bacharelado,Região Metropolitana,Híbrido,Masculino,Amarela,0.4300748886718443
CAND_00976,0.7,45.0,Bacharelado,Capitais,Híbrido,Feminino,Amarela,0.13793018562595893
CAND_00977,3.5,62.0,Mestrado,Capitais,Presencial,Masculino,Amarela,0.4538794530274768
CAND_00978,5.2,51.0,Bacharelado,Capitais,Presencial,Feminino,Preta,0.04177890620518235
CAND_00979,5.1,59.0,Mestrado,Interior,Híbrido,Masculino,Branca,0.6544253306902992
CAND_00980,6.4,45.0,Bacharelado,Região Metropolitana,Híbrido,Não-binário,Branca,0.5458787277377994
CAND_00981,4.6,36.0,Bacharelado,Região Metropolitana,Híbrido,Feminino,Amarela,0.0
CAND_00982,2.3,36.0,Ensino Médio,Capitais,Remoto,Masculino,Amarela,0.44082969172387415
CAND_00983,1.5,43.0,Bacharelado,Capitais,Remoto,Masculino,Branca,0.5049960090890167
CAND_00984,10.9,47.0,Bacharelado,Capitais,Remoto,Masculino,Indígena,0.7724317143506788
CAND_00985,0.7,52.0,Ensino Médio,Capitais,Híbrido,Feminino,Branca,0.5179962824329025
CAND_00986,6.4,60.0,Bacharelado,Capitais,Presencial,Masculino,Parda,0.9634226580491816
CAND_00987,0.0,52.0,Bacharelado,Interior,Presencial,Masculino,Branca,0.4948214669928317
CAND_00988,7.5,73.0,Mestrado,Capitais,Remoto,Masculino,Branca,1.0
CAND_00989,1.3,66.0,Bacharelado,Capitais,Híbrido,Masculino,Branca,0.8759067473430574
CAND_00990,11.2,43.0,Bacharelado,Capitais,Remoto,Masculino,Amarela,0.7596258621653027
CAND_00991,6.9,56.0,Mestrado,Região Metropolitana,Híbrido,Feminino,Branca,0.43306294668809636
CAND_00992,5.4,43.0,Mestrado,Região Metropolitana,Remoto,Feminino,Branca,0.5491213219279124
CAND_00993,5.9,69.0,Bacharelado,Região Metropolitana,Presencial,Masculino,Branca,0.9348600728826502
CAND_00994,5.8,69.0,Mestrado,Capitais,Híbrido,Não-binário,Branca,0.6482148950047883
CAND_00995,2.6,56.0,Mestrado,Região Metropolitana,Híbrido,Feminino,Branca,0.4925475384034911
CAND_00996,3.4,31.0,Bacharelado,Região Metropolitana,Presencial,Feminino,Branca,0.45540760281148335
CAND_00997,3.5,43.0,Bacharelado,Capitais,Híbrido,Masculino,Amarela,0.6500858356637108
CAND_00998,5.7,25.0,Bacharelado,Capitais,Remoto,Masculino,Branca,0.8979946314154494
CAND_00999,2.3,68.0,Mestrado,Capitais,Remoto,Masculino,Branca,1.0
CAND_01000,4.0,57.0,Bacharelado,Capitais,Presencial,Masculino,Preta,0.5411983571288833
CAND_01001,4.3,37.0,Bacharelado,Capitais,Remoto,Masculino,Branca,1.0
CAND_01002,4.2,59.0,Mestrado,Capitais,Remoto,Feminino,Branca,0.6441540359227351
CAND_01003,12.7,69.0,Mestrado,Região Metropolitana,Híbrido,Masculino,Amarela,0.5350943148055671
CAND_01004,0.0,63.0,Doutorado,Capitais,Híbrido,Masculino,Preta,0.4656067939697081
CAND_01005,4.7,60.0,Mestrado,Região Metropolitana,Presencial,Masculino,Branca,0.9737892217058943
CAND_01006,5.8,71.0,Bacharelado,Capitais,Híbrido,Masculino,Amarela,0.8091356418211247
CAND_01007,2.0,65.0,Bacharelado,Capitais,Presencial,Feminino,Indígena,0.15169411859291743
CAND_01008,6.5,34.0,Bacharelado,Região Metropolitana,Presencial,Feminino,Branca,0.5577943673455232
CAND_01009,3.9,51.0,Mestrado,Capitais,Remoto,Masculino,Branca,0.9998296559938442
CAND_01010,0.0,30.0,Bacharelado,Capitais,Híbrido,Feminino,Branca,0.35197845443326553
CAND_01011,8.3,71.0,Bacharelado,Interior,Híbrido,Masculino,Branca,0.8365630339310743
CAND_01012,2.5,66.0,Mestrado,Capitais,Remoto,Masculino,Preta,0.648868559371518
CAND_01013,7.5,50.0,Mestrado,Capitais,Híbrido,Masculino,Preta,0.5411853542856137
CAND_01014,3.7,89.0,Mestrado,Capitais,Híbrido,Masculino,Branca,1.0
CAND_01015,6.8,73.0,Mestrado,Capitais,Híbrido,Feminino,Branca,0.7356046137615393
CAND_01016,4.5,68.0,Ensino Médio,Capitais,Híbrido,Masculino,Branca,1.0
CAND_01017,7.2,68.0,Mestrado,Interior,Híbrido,Masculino,Branca,1.0
CAND_01018,8.4,60.0,Bacharelado,Capitais,Presencial,Masculino,Amarela,0.786406729073852
CAND_01019,1.2,31.0,Bacharelado,Capitais,Remoto,Masculino,Branca,0.7945301910765985
CAND_01020,0.0,54.0,Doutorado,Capitais,Presencial,Masculino,Branca,0.8425440965168755
CAND_01021,2.9,36.0,Bacharelado,Região Metropolitana,Remoto,Masculino,Branca,0.8132310481456116
CAND_01022,8.2,51.0,Bacharelado,Região Metropolitana,Remoto,Masculino,Preta,0.4997029564345332
CAND_01023,0.0,48.0,Mestrado,Capitais,Remoto,Masculino,Branca,0.831239973360118
CAND_01024,10.9,51.0,Ensino Médio,Capitais,Híbrido,Feminino,Parda,0.5492083846848115
CAND_01025,4.6,63.0,Bacharelado,Capitais,Remoto,Feminino,Preta,0.0
CAND_01026,5.5,68.0,Mestrado,Capitais,Híbrido,Masculino,Branca,1.0
CAND_01027,1.8,50.0,Bacharelado,Região Metropolitana,Presencial,Feminino,Preta,0.0
CAND_01028,7.3,68.0,Mestrado,Capitais,Presencial,Feminino,Branca,0.7636057196543264
CAND_01029,1.2,73.0,Bacharelado,Capitais,Presencial,Masculino,Preta,0.4944077564432729
CAND_01030,5.6,43.0,Mestrado,Capitais,Remoto,Masculino,Preta,0.4047334925668592
CAND_01031,7.0,41.0,Mestrado,Região Metropolitana,Híbrido,Masculino,Branca,0.8872844285206523
CAND_01032,5.4,60.0,Bacharelado,Região Metropolitana,Presencial,Feminino,Preta,0.0
CAND_01033,5.2,53.0,Bacharelado,Capitais,Híbrido,Masculino,Branca,0.8391598514392424
CAND_01034,5.5,53.0,Bacharelado,Interior,Presencial,Masculino,Parda,0.5989439582019862
CAND_01035,5.6,48.0,Ensino Médio,Capitais,Híbrido,Masculino,Branca,0.7771471697439822
CAND_01036,4.6,64.0,Mestrado,Região Metropolitana,Presencial,Feminino,Preta,0.0
CAND_01037,3.9,52.0,Bacharelado,Capitais,Híbrido,Masculino,Branca,0.8034552910470746
CAND_01038,9.5,52.0,Mestrado,Capitais,Híbrido,Masculino,Parda,1.0
CAND_01039,6.1,50.0,Bacharelado,Capitais,Presencial,Masculino,Branca,1.0
CAND_01040,8.1,44.0,Bacharelado,Capitais,Presencial,Masculino,Branca,1.0
CAND_01041,7.9,55.0,Bacharelado,Capitais,Remoto,Masculino,Preta,0.5373186758120387
CAND_01042,0.0,55.0,Bacharelado,Região Metropolitana,Presencial,Feminino,Preta,0.11591379024620094
CAND_01043,4.9,34.0,Mestrado,Interior,Híbrido,Masculino,Amarela,0.3088939284707099
CAND_01044,4.7,23.0,Bacharelado,Capitais,Híbrido,Não-binário,Branca,0.33728161392668426
CAND_01045,0.0,46.0,Doutorado,Capitais,Presencial,Feminino,Branca,0.7822222093274871
CAND_01046,1.2,46.0,Doutorado,Capitais,Remoto,Feminino,Preta,0.0
CAND_01047,3.4,58.0,Bacharelado,Capitais,Presencial,Feminino,Branca,0.4144861070250059
CAND_01048,8.6,27.0,Mestrado,Interior,Presencial,Masculino,Branca,0.7438771693477252
CAND_01049,2.9,66.0,Mestrado,Região Metropolitana,Híbrido,Masculino,Amarela,0.43352390007012104
CAND_01050,11.0,41.0,Bacharelado,Capitais,Remoto,Masculino,Branca,1.0
CAND_01051,6.3,33.0,Bacharelado,Região Metropolitana,Híbrido,Masculino,Branca,0.6296293518718992
CAND_01052,9.3,43.0,Bacharelado,Região Metropolitana,Presencial,Masculino,Branca,0.9575931656863935
CAND_01053,6.4,56.0,Mestrado,Capitais,Remoto,Masculino,Preta,0.542783763205973
CAND_01054,8.2,47.0,Bacharelado,Capitais,Híbrido,Masculino,Branca,1.0
CAND_01055,2.6,53.0,Mestrado,Capitais,Híbrido,Masculino,Branca,1.0
CAND_01056,1.3,38.0,Bacharelado,Capitais,Remoto,Feminino,Indígena,0.013132017526712877
CAND_01057,7.6,42.0,Mestrado,Capitais,Presencial,Feminino,Branca,0.5683597308625644
CAND_01058,3.0,61.0,Bacharelado,Capitais,Híbrido,Feminino,Branca,0.3810872495420002
CAND_01059,4.0,58.0,Mestrado,Capitais,Presencial,Feminino,Branca,0.7128171384168782
CAND_01060,4.7,66.0,Bacharelado,Capitais,Híbrido,Masculino,Branca,0.9279254342462565
CAND_01061,6.8,72.0,Bacharelado,Capitais,Remoto,Masculino,Branca,1.0
CAND_01062,5.6,44.0,Mestrado,Capitais,Presencial,Masculino,Preta,0.6005138567566541
CAND_01063,7.4,57.0,Ensino Médio,Capitais,Presencial,Masculino,Indígena,0.8413051582701543
CAND_01064,3.1,19.0,Ensino Médio,Capitais,Presencial,Masculino,Branca,0.8922980842074902
CAND_01065,7.1,58.0,Mestrado,Interior,Remoto,Feminino,Branca,0.31010870571522864
CAND_01066,0.4,46.0,Bacharelado,Região Metropolitana,Híbrido,Masculino,Branca,0.7888540361626967
CAND_01067,4.6,62.0,Bacharelado,Capitais,Híbrido,Masculino,Indígena,0.7069073049187583
CAND_01068,9.6,22.0,Bacharelado,Capitais,Presencial,Masculino,Branca,1.0
CAND_01069,10.8,33.0,Bacharelado,Capitais,Remoto,Não-binário,Branca,0.6727420260173204
CAND_01070,1.0,64.0,Ensino Médio,Capitais,Presencial,Feminino,Branca,0.5187034410757511
CAND_01071,3.1,72.0,Bacharelado,Interior,Híbrido,Masculino,Branca,0.7569959095066561
CAND_01072,3.7,50.0,Doutorado,Interior,Presencial,Feminino,Branca,0.26575435072222403
CAND_01073,0.8,65.0,Mestrado,Região Metropolitana,Presencial,Feminino,Amarela,0.04729099002104868
CAND_01074,0.2,20.0,Doutorado,Capitais,Presencial,Masculino,Branca,0.7772567525847947
CAND_01075,5.5,76.0,Doutorado,Capitais,Híbrido,Feminino,Branca,0.8403589673725582
CAND_01076,0.0,62.0,Bacharelado,Região Metropolitana,Presencial,Masculino,Branca,0.9279457383384191
CAND_01077,8.8,42.0,Mestrado,Interior,Remoto,Masculino,Branca,0.7267059854850971
CAND_01078,2.8,43.0,Bacharelado,Região Metropolitana,Remoto,Não-binário,Branca,0.3633719117534384
CAND_01079,2.2,76.0,Bacharelado,Interior,Remoto,Feminino,Amarela,0.0
CAND_01080,6.8,41.0,Bacharelado,Região Metropolitana,Presencial,Masculino,Branca,0.800951492665741
CAND_01081,4.0,48.0,Bacharelado,Capitais,Híbrido,Masculino,Amarela,0.45877753163397234
CAND_01082,5.2,55.0,Bacharelado,Região Metropolitana,Híbrido,Feminino,Indígena,0.3716205657778494
CAND_01083,3.3,28.0,Bacharelado,Região Metropolitana,Híbrido,Feminino,Amarela,0.012301812910145149
CAND_01084,5.6,59.0,Bacharelado,Capitais,Remoto,Masculino,Branca,0.9939958142520271
CAND_01085,5.5,41.0,Bacharelado,Capitais,Remoto,Feminino,Branca,0.5308752610585078
CAND_01086,5.4,54.0,Bacharelado,Capitais,Presencial,Feminino,Branca,0.6661536112396738
CAND_01087,3.6,49.0,Bacharelado,Capitais,Híbrido,Feminino,Branca,0.32887200765999036
CAND_01088,4.6,56.0,Bacharelado,Capitais,Presencial,Feminino,Branca,0.378232973140995
CAND_01089,9.2,49.0,Bacharelado,Região Metropolitana,Presencial,Não-binário,Branca,0.3071629101444239
CAND_01090,0.5,22.0,Mestrado,Região Metropolitana,Remoto,Masculino,Branca,0.6143105281551299
CAND_01091,8.3,54.0,Mestrado,Capitais,Híbrido,Não-binário,Branca,0.779868045299497
CAND_01092,0.3,63.0,Mestrado,Região Metropolitana,Remoto,Masculino,Preta,0.4931464848003334
CAND_01093,4.9,92.0,Bacharelado,Capitais,Híbrido,Feminino,Branca,0.523021485555519
CAND_01094,5.7,63.0,Bacharelado,Capitais,Híbrido,Feminino,Amarela,0.40166085584682887
CAND_01095,10.1,27.0,Bacharelado,Capitais,Híbrido,Feminino,Branca,0.5995739762058847
CAND_01096,7.3,62.0,Bacharelado,Interior,Presencial,Masculino,Preta,0.484000768919127
CAND_01097,3.2,32.0,Bacharelado,Capitais,Presencial,Masculino,Branca,0.9766299745488288
CAND_01098,5.4,62.0,Bacharelado,Capitais,Remoto,Não-binário,Indígena,0.2746215031979449
CAND_01099,7.1,47.0,Mestrado,Capitais,Presencial,Masculino,Branca,1.0
CAND_01100,2.3,49.0,Bacharelado,Região Metropolitana,Presencial,Masculino,Branca,0.9176249936643215
CAND_01101,6.6,47.0,Bacharelado,Região Metropolitana,Presencial,Feminino,Indígena,0.11582001299437876
CAND_01102,3.7,42.0,Mestrado,Capitais,Híbrido,Feminino,Branca,0.5700935377894141
CAND_01103,6.3,46.0,Bacharelado,Região Metropolitana,Remoto,Masculino,Amarela,0.6038353221076695
CAND_01104,7.1,34.0,Bacharelado,Capitais,Presencial,Masculino,Preta,0.5638802226172271
CAND_01105,2.9,61.0,Bacharelado,Capitais,Remoto,Feminino,Branca,0.4854222014683274
CAND_01106,5.4,48.0,Bacharelado,Capitais,Presencial,Feminino,Branca,0.5112328230133042
CAND_01107,7.6,21.0,Mestrado,Região Metropolitana,Remoto,Masculino,Parda,0.7376941088526109
CAND_01108,0.3,45.0,Bacharelado,Capitais,Presencial,Masculino,Branca,0.876189373040014
CAND_01109,3.9,42.0,Bacharelado,Capitais,Remoto,Feminino,Parda,0.48761723630560494
CAND_01110,4.0,71.0,Bacharelado,Capitais,Presencial,Feminino,Branca,0.4669545765551574
CAND_01111,5.3,74.0,Bacharelado,Região Metropolitana,Remoto,Feminino,Parda,0.46945949023158295
CAND_01112,4.5,30.0,Bacharelado,Capitais,Híbrido,Feminino,Indígena,0.0
CAND_01113,3.3,56.0,Ensino Médio,Região Metropolitana,Presencial,Masculino,Amarela,0.5176271704034516
CAND_01114,6.3,49.0,Bacharelado,Capitais,Híbrido,Masculino,Branca,1.0
CAND_01115,0.0,91.0,Bacharelado,Capitais,Híbrido,Masculino,Branca,0.9223237783891193
CAND_01116,9.9,52.0,Bacharelado,Região Metropolitana,Híbrido,Masculino,Branca,1.0
CAND_01117,4.6,17.0,Bacharelado,Capitais,Presencial,Feminino,Branca,0.5172471754241008
CAND_01118,2.9,51.0,Bacharelado,Capitais,Híbrido,Masculino,Branca,0.919602041054889
CAND_01119,3.9,54.0,Bacharelado,Capitais,Presencial,Masculino,Branca,0.8958382214337475
CAND_01120,1.5,50.0,Doutorado,Capitais,Remoto,Feminino,Amarela,0.2810606287177566
CAND_01121,4.0,74.0,Bacharelado,Capitais,Presencial,Feminino,Branca,0.5813950054907824
CAND_01122,4.7,55.0,Bacharelado,Capitais,Presencial,Feminino,Amarela,0.21297223594003825
CAND_01123,8.9,29.0,Bacharelado,Região Metropolitana,Híbrido,Masculino,Parda,0.8150304541595784
CAND_01124,5.7,59.0,Bacharelado,Região Metropolitana,Presencial,Feminino,Amarela,0.0
CAND_01125,4.6,33.0,Bacharelado,Região Metropolitana,Híbrido,Masculino,Branca,0.7624085923711733
CAND_01126,1.5,34.0,Bacharelado,Capitais,Remoto,Feminino,Branca,0.2871875892552656
CAND_01127,6.7,46.0,Ensino Médio,Capitais,Presencial,Masculino,Branca,0.7889616019132689
CAND_01128,5.4,34.0,Bacharelado,Capitais,Remoto,Masculino,Branca,0.703955855729958
CAND_01129,10.3,74.0,Mestrado,Capitais,Híbrido,Masculino,Branca,1.0
CAND_01130,3.2,20.0,Mestrado,Região Metropolitana,Híbrido,Masculino,Parda,0.42420136344411197
CAND_01131,0.5,61.0,Bacharelado,Interior,Híbrido,Masculino,Branca,0.6507801985391599
CAND_01132,7.2,57.0,Bacharelado,Região Metropolitana,Híbrido,Masculino,Amarela,0.47326010965476306
CAND_01133,4.6,75.0,Bacharelado,Capitais,Híbrido,Feminino,Parda,0.6705940875445561
CAND_01134,3.9,50.0,Bacharelado,Capitais,Híbrido,Masculino,Branca,0.7744019043755204
CAND_01135,4.8,31.0,Bacharelado,Capitais,Presencial,Masculino,Parda,0.7432922085503983
CAND_01136,5.4,27.0,Bacharelado,Capitais,Remoto,Masculino,Branca,0.7567836754169327
CAND_01137,0.0,58.0,Ensino Médio,Capitais,Presencial,Masculino,Branca,0.7526858801885752
CAND_01138,5.2,43.0,Mestrado,Região Metropolitana,Híbrido,Feminino,Branca,0.37601360374907167
CAND_01139,7.6,45.0,Bacharelado,Capitais,Presencial,Masculino,Branca,1.0
CAND_01140,6.0,61.0,Bacharelado,Capitais,Remoto,Masculino,Parda,0.8727465069169117
CAND_01141,1.3,73.0,Bacharelado,Capitais,Remoto,Feminino,Branca,0.6022070473443039
CAND_01142,0.5,56.0,Mestrado,Região Metropolitana,Presencial,Masculino,Parda,0.6258632698773583
CAND_01143,3.5,55.0,Mestrado,Capitais,Híbrido,Masculino,Branca,1.0
CAND_01144,6.1,61.0,Bacharelado,Região Metropolitana,Presencial,Masculino,Branca,1.0
CAND_01145,4.3,33.0,Mestrado,Capitais,Remoto,Masculino,Branca,0.8304465874084697
CAND_01146,3.0,34.0,Mestrado,Capitais,Remoto,Masculino,Branca,0.6989396726608552
CAND_01147,10.1,64.0,Bacharelado,Capitais,Híbrido,Masculino,Amarela,0.7128018502528953
CAND_01148,8.4,38.0,Doutorado,Interior,Híbrido,Masculino,Preta,0.22518489972199845
CAND_01149,7.9,47.0,Bacharelado,Capitais,Remoto,Masculino,Branca,0.9976690582363819
CAND_01150,6.9,63.0,Bacharelado,Região Metropolitana,Híbrido,Feminino,Branca,0.5957500758544766
CAND_01151,4.3,32.0,Bacharelado,Capitais,Híbrido,Masculino,Branca,0.8845502331278569
CAND_01152,6.3,32.0,Mestrado,Região Metropolitana,Híbrido,Feminino,Branca,0.39161086678948903
CAND_01153,9.0,41.0,Ensino Médio,Interior,Remoto,Feminino,Branca,0.4005590048026707
CAND_01154,1.4,64.0,Mestrado,Interior,Presencial,Masculino,Branca,0.46684177777134395
CAND_01155,1.3,25.0,Bacharelado,Capitais,Remoto,Masculino,Branca,1.0
CAND_01156,10.0,33.0,Bacharelado,Capitais,Híbrido,Masculino,Branca,1.0
CAND_01157,8.5,79.0,Doutorado,Interior,Remoto,Feminino,Amarela,0.0
CAND_01158,0.0,35.0,Doutorado,Capitais,Remoto,Masculino,Branca,1.0
CAND_01159,6.2,61.0,Bacharelado,Capitais,Remoto,Masculino,Branca,1.0
CAND_01160,5.2,54.0,Bacharelado,Região Metropolitana,Presencial,Feminino,Preta,0.12354694990289689
CAND_01161,6.3,38.0,Bacharelado,Capitais,Híbrido,Feminino,Branca,0.4058502272790432
CAND_01162,6.5,50.0,Bacharelado,Capitais,Presencial,Feminino,Branca,0.6038471373810897
CAND_01163,9.0,45.0,Doutorado,Região Metropolitana,Híbrido,Masculino,Preta,0.5060011985665646
CAND_01164,2.0,59.0,Bacharelado,Interior,Híbrido,Feminino,Parda,0.18637822066075485
CAND_01165,7.5,49.0,Bacharelado,Capitais,Híbrido,Feminino,Branca,0.5435519505563086
CAND_01166,2.8,73.0,Bacharelado,Interior,Híbrido,Feminino,Branca,0.09850391619817894
CAND_01167,4.0,27.0,Bacharelado,Capitais,Remoto,Masculino,Amarela,0.5650504789789027
CAND_01168,6.5,69.0,Bacharelado,Região Metropolitana,Presencial,Feminino,Branca,0.5293989529508701
CAND_01169,10.2,44.0,Bacharelado,Capitais,Presencial,Masculino,Amarela,0.8109089344666262
CAND_01170,5.3,46.0,Bacharelado,Capitais,Remoto,Não-binário,Branca,0.43795351672894095
CAND_01171,1.7,43.0,Bacharelado,Capitais,Híbrido,Masculino,Amarela,0.5332951364316797
CAND_01172,5.0,36.0,Bacharelado,Capitais,Presencial,Masculino,Preta,0.3942421565445135
CAND_01173,4.8,66.0,Mestrado,Região Metropolitana,Remoto,Feminino,Branca,0.43766974185877544
CAND_01174,2.1,41.0,Mestrado,Capitais,Híbrido,Não-binário,Branca,0.5157662586128026
CAND_01175,4.2,61.0,Mestrado,Capitais,Híbrido,Masculino,Indígena,0.6432040603568978
CAND_01176,8.7,65.0,Bacharelado,Região Metropolitana,Presencial,Masculino,Branca,0.8770893999453813
CAND_01177,2.1,42.0,Bacharelado,Capitais,Presencial,Não-binário,Branca,0.2329211233916993
CAND_01178,8.6,21.0,Bacharelado,Interior,Remoto,Não-binário,Preta,0.0
CAND_01179,2.6,52.0,Bacharelado,Capitais,Híbrido,Masculino,Branca,0.7700531326512199
CAND_01180,9.4,55.0,Bacharelado,Capitais,Híbrido,Feminino,Preta,0.16715189758529408
CAND_01181,4.1,43.0,Mestrado,Capitais,Remoto,Masculino,Branca,0.6932185152704546
CAND_01182,5.0,56.0,Bacharelado,Região Metropolitana,Presencial,Masculino,Branca,0.8011492878524398
CAND_01183,3.0,58.0,Bacharelado,Capitais,Híbrido,Feminino,Branca,0.5824797697257673
CAND_01184,4.6,54.0,Bacharelado,Capitais,Híbrido,Masculino,Amarela,0.5918503205891594
CAND_01185,2.7,46.0,Bacharelado,Região Metropolitana,Híbrido,Feminino,Branca,0.4250471054772588
CAND_01186,8.6,49.0,Bacharelado,Capitais,Presencial,Masculino,Preta,0.6949868548226461
CAND_01187,4.9,47.0,Mestrado,Região Metropolitana,Híbrido,Masculino,Parda,0.9473757249012066
CAND_01188,2.0,30.0,Bacharelado,Região Metropolitana,Presencial,Masculino,Branca,0.7442351481463516
CAND_01189,6.6,52.0,Ensino Médio,Interior,Presencial,Masculino,Branca,0.5791686657340196
CAND_01190,6.5,34.0,Doutorado,Interior,Híbrido,Masculino,Branca,0.6186691618379693
CAND_01191,5.4,62.0,Doutorado,Região Metropolitana,Remoto,Feminino,Amarela,0.35907134203721935
CAND_01192,4.0,61.0,Bacharelado,Capitais,Híbrido,Masculino,Branca,1.0
CAND_01193,6.5,59.0,Bacharelado,Capitais,Híbrido,Feminino,Preta,0.0
CAND_01194,9.1,75.0,Mestrado,Região Metropolitana,Híbrido,Masculino,Preta,0.5419078493543286
CAND_01195,9.8,57.0,Bacharelado,Capitais,Híbrido,Feminino,Branca,0.7721792558773359
CAND_01196,7.5,63.0,Bacharelado,Região Metropolitana,Remoto,Masculino,Parda,0.7727167223750415
CAND_01197,4.1,43.0,Bacharelado,Região Metropolitana,Híbrido,Masculino,Parda,0.827667100398429
CAND_01198,10.6,62.0,Bacharelado,Capitais,Presencial,Masculino,Branca,0.9940832314246185
CAND_01199,6.1,44.0,Bacharelado,Região Metropolitana,Híbrido,Feminino,Amarela,0.07624840423850619
CAND_01200,2.6,28.0,Bacharelado,Capitais,Híbrido,Masculino,Branca,0.959743950664858
CAND_01201,1.4,86.0,Bacharelado,Capitais,Híbrido,Feminino,Branca,0.517087635601688
CAND_01202,6.2,34.0,Mestrado,Capitais,Presencial,Masculino,Indígena,0.8384146687241877
CAND_01203,7.3,58.0,Mestrado,Região Metropolitana,Híbrido,Masculino,Preta,0.4807227286546846
CAND_01204,4.3,82.0,Bacharelado,Região Metropolitana,Remoto,Não-binário,Branca,0.538944620321638
CAND_01205,1.0,67.0,Ensino Médio,Capitais,Remoto,Feminino,Branca,0.4005094202976095
CAND_01206,8.4,70.0,Bacharelado,Capitais,Híbrido,Masculino,Amarela,0.7993510202754499
CAND_01207,2.9,48.0,Bacharelado,Interior,Presencial,Masculino,Branca,0.799527847708578
CAND_01208,6.6,53.0,Bacharelado,Capitais,Híbrido,Masculino,Indígena,0.6542381384147565
CAND_01209,7.7,57.0,Mestrado,Capitais,Presencial,Masculino,Branca,1.0
CAND_01210,5.8,51.0,Mestrado,Região Metropolitana,Híbrido,Masculino,Branca,0.8802973596947794
CAND_01211,9.9,48.0,Bacharelado,Região Metropolitana,Híbrido,Feminino,Branca,0.3794392127680186
CAND_01212,0.5,34.0,Bacharelado,Região Metropolitana,Remoto,Feminino,Branca,0.11709147480102272
CAND_01213,3.7,69.0,Bacharelado,Interior,Presencial,Masculino,Preta,0.38298042506154967
CAND_01214,5.4,35.0,Bacharelado,Região Metropolitana,Remoto,Feminino,Parda,0.3273747721943354
CAND_01215,10.8,61.0,Ensino Médio,Capitais,Remoto,Masculino,Branca,1.0
CAND_01216,7.7,65.0,Mestrado,Região Metropolitana,Presencial,Masculino,Preta,0.6300587683466414
CAND_01217,3.0,42.0,Bacharelado,Capitais,Híbrido,Masculino,Indígena,0.6004239901561427
CAND_01218,8.2,60.0,Bacharelado,Capitais,Presencial,Feminino,Branca,0.7894765136541348
CAND_01219,6.0,77.0,Bacharelado,Capitais,Remoto,Masculino,Branca,0.9338316636382274
CAND_01220,3.4,36.0,Bacharelado,Região Metropolitana,Híbrido,Feminino,Branca,0.5452079060491399
CAND_01221,4.4,32.0,Mestrado,Capitais,Remoto,Masculino,Branca,0.930659124160088
CAND_01222,0.0,47.0,Bacharelado,Capitais,Híbrido,Feminino,Branca,0.4263361108863761
CAND_01223,6.5,53.0,Bacharelado,Capitais,Presencial,Feminino,Branca,0.5300499404730866
CAND_01224,3.7,42.0,Bacharelado,Capitais,Presencial,Masculino,Branca,0.9245086691774961
CAND_01225,0.0,57.0,Bacharelado,Capitais,Presencial,Feminino,Branca,0.5839313709192009
CAND_01226,3.3,42.0,Mestrado,Capitais,Remoto,Feminino,Amarela,0.032873640509997915
CAND_01227,8.6,61.0,Mestrado,Capitais,Remoto,Feminino,Parda,0.6740014984013151
CAND_01228,2.9,67.0,Mestrado,Capitais,Remoto,Masculino,Preta,0.6198121409107762
CAND_01229,7.7,50.0,Mestrado,Interior,Remoto,Masculino,Preta,0.2590522501879719
CAND_01230,6.1,67.0,Bacharelado,Capitais,Remoto,Masculino,Branca,1.0
CAND_01231,9.2,32.0,Bacharelado,Capitais,Híbrido,Masculino,Preta,0.5076358690983599
CAND_01232,1.2,46.0,Ensino Médio,Capitais,Remoto,Masculino,Branca,0.7973265903225993
CAND_01233,1.5,43.0,Bacharelado,Capitais,Híbrido,Feminino,Branca,0.5648752041995082
CAND_01234,6.3,42.0,Mestrado,Capitais,Remoto,Masculino,Branca,0.6855348216276116
CAND_01235,8.2,28.0,Bacharelado,Região Metropolitana,Remoto,Masculino,Amarela,0.5429912730947513
CAND_01236,2.5,36.0,Bacharelado,Região Metropolitana,Híbrido,Não-binário,Parda,0.22455607844457925
CAND_01237,5.2,33.0,Mestrado,Capitais,Híbrido,Feminino,Indígena,0.1700146525957839
CAND_01238,4.6,69.0,Bacharelado,Região Metropolitana,Remoto,Feminino,Branca,0.4255341150616635
CAND_01239,1.1,40.0,Mestrado,Capitais,Remoto,Feminino,Preta,0.11150142983531278
CAND_01240,6.0,61.0,Mestrado,Região Metropolitana,Híbrido,Masculino,Branca,0.9760483683384781
CAND_01241,8.2,70.0,Bacharelado,Interior,Híbrido,Masculino,Branca,0.6593601200780107
CAND_01242,0.7,32.0,Bacharelado,Capitais,Presencial,Feminino,Preta,0.0
CAND_01243,3.9,30.0,Bacharelado,Capitais,Presencial,Masculino,Branca,0.7350873502765749
CAND_01244,9.4,53.0,Bacharelado,Capitais,Remoto,Não-binário,Branca,0.5421526556668906
CAND_01245,8.6,38.0,Mestrado,Capitais,Remoto,Não-binário,Amarela,0.15254094541122432
CAND_01246,0.0,28.0,Mestrado,Capitais,Híbrido,Feminino,Amarela,0.05229745170811901
CAND_01247,3.1,67.0,Mestrado,Capitais,Remoto,Masculino,Parda,0.835277096117182
CAND_01248,5.3,54.0,Bacharelado,Interior,Presencial,Masculino,Branca,0.7823607072630743
CAND_01249,5.0,41.0,Bacharelado,Capitais,Remoto,Feminino,Branca,0.43202133990547426
CAND_01250,3.3,49.0,Doutorado,Capitais,Híbrido,Masculino,Indígena,0.5627347237763233
CAND_01251,2.1,57.0,Mestrado,Interior,Híbrido,Feminino,Amarela,0.0
CAND_01252,0.6,74.0,Mestrado,Capitais,Presencial,Masculino,Amarela,0.4529881203986116
CAND_01253,3.8,61.0,Mestrado,Capitais,Híbrido,Feminino,Preta,0.021950015627747246
CAND_01254,4.3,46.0,Mestrado,Capitais,Híbrido,Masculino,Preta,0.4017211828897306
CAND_01255,8.3,25.0,Bacharelado,Capitais,Presencial,Masculino,Branca,0.8501427154855559
CAND_01256,9.9,71.0,Mestrado,Região Metropolitana,Híbrido,Masculino,Branca,1.0
CAND_01257,10.9,54.0,Bacharelado,Capitais,Presencial,Feminino,Branca,0.5671440722699924
CAND_01258,0.0,63.0,Bacharelado,Região Metropolitana,Remoto,Feminino,Branca,0.38988445693744717
CAND_01259,6.9,72.0,Bacharelado,Capitais,Remoto,Masculino,Branca,1.0
CAND_01260,4.6,45.0,Bacharelado,Região Metropolitana,Híbrido,Feminino,Branca,0.41393431811870124
CAND_01261,2.5,44.0,Bacharelado,Capitais,Híbrido,Feminino,Branca,0.447869613750967
CAND_01262,8.1,51.0,Bacharelado,Capitais,Remoto,Masculino,Preta,0.6221489872153968
CAND_01263,6.9,60.0,Mestrado,Interior,Híbrido,Feminino,Branca,0.36400089369178107
CAND_01264,1.1,75.0,Mestrado,Região Metropolitana,Híbrido,Feminino,Branca,0.44123032930897466
CAND_01265,6.2,36.0,Bacharelado,Região Metropolitana,Presencial,Feminino,Indígena,0.012322530307221538
CAND_01266,3.3,64.0,Mestrado,Capitais,Presencial,Feminino,Preta,0.0
CAND_01267,6.3,62.0,Bacharelado,Região Metropolitana,Híbrido,Feminino,Branca,0.5766294633659498
CAND_01268,5.5,60.0,Doutorado,Região Metropolitana,Presencial,Masculino,Branca,1.0
CAND_01269,6.3,41.0,Mestrado,Capitais,Presencial,Masculino,Preta,0.4133368981147684
CAND_01270,9.2,63.0,Doutorado,Capitais,Presencial,Masculino,Branca,1.0
CAND_01271,4.0,72.0,Bacharelado,Capitais,Híbrido,Feminino,Parda,0.48788931464192214
CAND_01272,6.8,67.0,Bacharelado,Interior,Remoto,Masculino,Amarela,0.28113552906488326
CAND_01273,5.6,38.0,Bacharelado,Capitais,Híbrido,Feminino,Branca,0.5896264901561177
CAND_01274,2.8,35.0,Bacharelado,Interior,Presencial,Feminino,Preta,0.0
CAND_01275,8.0,50.0,Doutorado,Interior,Híbrido,Feminino,Preta,0.11161988950705559
CAND_01276,4.1,43.0,Bacharelado,Capitais,Remoto,Masculino,Branca,1.0
CAND_01277,8.2,80.0,Ensino Médio,Região Metropolitana,Remoto,Feminino,Preta,0.19117890790495343
CAND_01278,9.0,52.0,Mestrado,Capitais,Presencial,Feminino,Branca,0.92753311442575
CAND_01279,3.7,74.0,Ensino Médio,Capitais,Remoto,Feminino,Amarela,0.02037869937874398
CAND_01280,8.6,51.0,Bacharelado,Capitais,Híbrido,Feminino,Branca,0.6925989049068106
CAND_01281,8.2,53.0,Mestrado,Capitais,Híbrido,Feminino,Preta,0.28515854619145986
CAND_01282,11.5,73.0,Bacharelado,Interior,Híbrido,Masculino,Branca,0.7696532444528686
CAND_01283,7.2,73.0,Bacharelado,Capitais,Híbrido,Masculino,Branca,1.0
CAND_01284,6.6,55.0,Bacharelado,Região Metropolitana,Remoto,Feminino,Branca,0.6452413272619053
CAND_01285,1.8,43.0,Bacharelado,Região Metropolitana,Presencial,Masculino,Amarela,0.34464844814999296
CAND_01286,0.0,55.0,Bacharelado,Capitais,Remoto,Masculino,Preta,0.4546557958541119
CAND_01287,3.2,94.0,Bacharelado,Interior,Presencial,Feminino,Parda,0.24753860866503624
CAND_01288,6.2,86.0,Bacharelado,Interior,Remoto,Feminino,Branca,0.37291673688236615
CAND_01289,0.0,53.0,Bacharelado,Região Metropolitana,Presencial,Feminino,Parda,0.5907520704527096
CAND_01290,5.3,46.0,Bacharelado,Região Metropolitana,Presencial,Não-binário,Branca,0.20916981323414807
CAND_01291,7.0,39.0,Bacharelado,Capitais,Híbrido,Masculino,Branca,0.8703763959908766
CAND_01292,2.2,57.0,Mestrado,Capitais,Remoto,Masculino,Preta,0.4472948836425874
CAND_01293,7.9,62.0,Doutorado,Região Metropolitana,Remoto,Masculino,Preta,0.40547611743504675
CAND_01294,3.4,53.0,Bacharelado,Região Metropolitana,Híbrido,Masculino,Branca,0.7106139515558509
CAND_01295,4.6,58.0,Bacharelado,Capitais,Presencial,Feminino,Branca,0.37789877975008745
CAND_01296,10.3,46.0,Bacharelado,Capitais,Híbrido,Masculino,Preta,0.6676347265946448
CAND_01297,5.1,59.0,Bacharelado,Capitais,Híbrido,Masculino,Branca,1.0
CAND_01298,11.6,51.0,Bacharelado,Capitais,Híbrido,Feminino,Branca,0.7530270917593535
CAND_01299,0.0,29.0,Bacharelado,Capitais,Híbrido,Feminino,Branca,0.36799918915678614
CAND_01300,2.0,65.0,Mestrado,Região Metropolitana,Remoto,Masculino,Branca,0.7558971791800552
CAND_01301,5.0,23.0,Bacharelado,Capitais,Híbrido,Feminino,Indígena,0.25718980967795263
CAND_01302,3.3,34.0,Mestrado,Capitais,Híbrido,Feminino,Branca,0.49890051516250394
CAND_01303,7.5,49.0,Bacharelado,Capitais,Remoto,Masculino,Branca,1.0
CAND_01304,5.9,27.0,Ensino Médio,Capitais,Híbrido,Masculino,Branca,0.8624881359829415
CAND_01305,5.0,62.0,Bacharelado,Região Metropolitana,Híbrido,Masculino,Parda,0.8775500908856595
CAND_01306,1.4,52.0,Mestrado,Região Metropolitana,Remoto,Masculino,Branca,0.8747744093411973
CAND_01307,0.0,61.0,Ensino Médio,Capitais,Presencial,Masculino,Amarela,0.7383678239771103
CAND_01308,3.3,58.0,Bacharelado,Capitais,Híbrido,Feminino,Preta,0.11186493705937366
CAND_01309,7.3,60.0,Ensino Médio,Região Metropolitana,Remoto,Feminino,Preta,0.0
CAND_01310,13.1,69.0,Mestrado,Capitais,Híbrido,Masculino,Branca,1.0
CAND_01311,5.1,63.0,Bacharelado,Capitais,Remoto,Feminino,Branca,0.4756233587633366
CAND_01312,6.7,29.0,Bacharelado,Região Metropolitana,Híbrido,Masculino,Branca,0.7676945891472237
CAND_01313,0.5,56.0,Bacharelado,Capitais,Híbrido,Feminino,Branca,0.4149243735333566
CAND_01314,9.9,35.0,Mestrado,Região Metropolitana,Remoto,Masculino,Amarela,0.41569427411821414
CAND_01315,4.9,54.0,Bacharelado,Capitais,Presencial,Masculino,Indígena,0.6510519906375476
CAND_01316,5.6,54.0,Bacharelado,Interior,Híbrido,Masculino,Branca,0.5914710255879093
CAND_01317,8.4,41.0,Bacharelado,Região Metropolitana,Remoto,Feminino,Preta,0.0972242376744263
CAND_01318,4.1,78.0,Bacharelado,Região Metropolitana,Híbrido,Feminino,Branca,0.6141825904756661
CAND_01319,0.7,44.0,Ensino Médio,Capitais,Presencial,Não-binário,Parda,0.06701285433863162
CAND_01320,4.9,53.0,Bacharelado,Capitais,Presencial,Masculino,Branca,0.8700422439491147
CAND_01321,1.9,54.0,Bacharelado,Região Metropolitana,Híbrido,Masculino,Branca,0.8258665051063442
CAND_01322,4.5,61.0,Bacharelado,Capitais,Híbrido,Masculino,Branca,0.9163908949838859
CAND_01323,5.9,81.0,Bacharelado,Capitais,Remoto,Masculino,Preta,0.5805178071415832
CAND_01324,6.7,26.0,Bacharelado,Capitais,Híbrido,Masculino,Branca,0.7106388227739017
CAND_01325,4.7,44.0,Bacharelado,Capitais,Presencial,Masculino,Indígena,0.5181442198808848
CAND_01326,7.0,38.0,Mestrado,Capitais,Híbrido,Masculino,Indígena,0.476902275235311
CAND_01327,2.1,40.0,Bacharelado,Interior,Remoto,Masculino,Indígena,0.1613630109355692
CAND_01328,6.1,80.0,Bacharelado,Capitais,Remoto,Masculino,Branca,1.0
CAND_01329,5.2,63.0,Ensino Médio,Região Metropolitana,Híbrido,Masculino,Branca,0.9297214297610807
CAND_01330,6.6,49.0,Bacharelado,Capitais,Híbrido,Masculino,Preta,0.4830173325064105
CAND_01331,10.3,59.0,Mestrado,Capitais,Híbrido,Masculino,Branca,1.0
CAND_01332,4.8,45.0,Ensino Médio,Região Metropolitana,Presencial,Feminino,Parda,0.3061096427810426
CAND_01333,5.6,61.0,Bacharelado,Região Metropolitana,Remoto,Masculino,Branca,0.9147521673537186
CAND_01334,4.1,66.0,Bacharelado,Interior,Presencial,Masculino,Preta,0.01694728953661892
CAND_01335,0.0,54.0,Doutorado,Região Metropolitana,Híbrido,Masculino,Parda,0.6896397469984908
CAND_01336,0.9,47.0,Bacharelado,Capitais,Presencial,Feminino,Amarela,0.1355499966268305
CAND_01337,7.9,50.0,Mestrado,Capitais,Híbrido,Masculino,Amarela,0.5829478437494823
CAND_01338,2.2,64.0,Bacharelado,Capitais,Remoto,Masculino,Branca,1.0
CAND_01339,4.4,61.0,Bacharelado,Região Metropolitana,Híbrido,Não-binário,Amarela,0.0
CAND_01340,5.4,38.0,Bacharelado,Interior,Híbrido,Masculino,Parda,0.3663300646568469
CAND_01341,4.8,55.0,Doutorado,Capitais,Presencial,Não-binário,Branca,0.5119841023271109
CAND_01342,4.4,61.0,Doutorado,Capitais,Híbrido,Feminino,Branca,0.6682159139537336
CAND_01343,4.6,38.0,Mestrado,Capitais,Presencial,Masculino,Branca,0.8623765404570779
CAND_01344,4.4,41.0,Bacharelado,Capitais,Híbrido,Masculino,Branca,0.9932585596759888
CAND_01345,8.4,35.0,Mestrado,Região Metropolitana,Híbrido,Masculino,Branca,1.0
CAND_01346,6.0,68.0,Bacharelado,Capitais,Híbrido,Masculino,Branca,0.9306471154977402
CAND_01347,6.1,50.0,Bacharelado,Capitais,Híbrido,Não-binário,Branca,0.4872463277553389
CAND_01348,4.2,57.0,Ensino Médio,Capitais,Presencial,Masculino,Branca,0.7969585309608028
CAND_01349,3.8,49.0,Mestrado,Interior,Híbrido,Feminino,Branca,0.2464161590577067
CAND_01350,3.0,23.0,Bacharelado,Capitais,Remoto,Masculino,Preta,0.25762987622892836
CAND_01351,3.4,58.0,Bacharelado,Capitais,Presencial,Feminino,Branca,0.545496414803362
CAND_01352,4.2,52.0,Ensino Médio,Região Metropolitana,Remoto,Masculino,Parda,0.7981948656142123
CAND_01353,1.9,58.0,Bacharelado,Interior,Híbrido,Feminino,Amarela,0.0
CAND_01354,8.9,63.0,Ensino Médio,Capitais,Presencial,Feminino,Branca,0.5902430788712676
CAND_01355,6.8,39.0,Ensino Médio,Capitais,Presencial,Feminino,Branca,0.45383621874980373
CAND_01356,5.6,42.0,Bacharelado,Região Metropolitana,Presencial,Masculino,Branca,0.7151817806633587
CAND_01357,5.7,49.0,Mestrado,Capitais,Presencial,Feminino,Preta,0.0
CAND_01358,4.6,74.0,Doutorado,Região Metropolitana,Híbrido,Feminino,Branca,0.7157949611971748
CAND_01359,5.8,18.0,Ensino Médio,Capitais,Presencial,Feminino,Branca,0.47284302116606625
CAND_01360,1.3,84.0,Bacharelado,Capitais,Híbrido,Masculino,Amarela,0.6408595452863249
CAND_01361,5.1,61.0,Bacharelado,Capitais,Presencial,Não-binário,Branca,0.4024991038604549
CAND_01362,9.5,45.0,Ensino Médio,Capitais,Presencial,Masculino,Amarela,0.43451376880054016
CAND_01363,7.7,53.0,Ensino Médio,Região Metropolitana,Presencial,Masculino,Preta,0.2905948741977564
CAND_01364,5.5,37.0,Bacharelado,Capitais,Híbrido,Masculino,Branca,0.932281522177138
CAND_01365,6.2,50.0,Bacharelado,Capitais,Presencial,Feminino,Amarela,0.21619342310580159
CAND_01366,4.4,30.0,Bacharelado,Capitais,Remoto,Masculino,Preta,0.39882545422847543
CAND_01367,0.8,48.0,Bacharelado,Região Metropolitana,Presencial,Não-binário,Branca,0.24731677472355715
CAND_01368,2.1,66.0,Bacharelado,Capitais,Híbrido,Masculino,Branca,0.9052760466868655
CAND_01369,8.9,52.0,Ensino Médio,Capitais,Remoto,Feminino,Branca,0.7223581395353375
CAND_01370,2.7,36.0,Bacharelado,Interior,Remoto,Feminino,Preta,0.0
CAND_01371,1.9,81.0,Bacharelado,Capitais,Híbrido,Masculino,Branca,0.9949823626614532
CAND_01372,3.5,60.0,Mestrado,Região Metropolitana,Híbrido,Masculino,Branca,1.0
CAND_01373,4.7,71.0,Mestrado,Região Metropolitana,Presencial,Masculino,Branca,0.976986140141701
CAND_01374,3.9,74.0,Bacharelado,Capitais,Presencial,Feminino,Preta,0.12261744361770195
CAND_01375,4.9,29.0,Bacharelado,Região Metropolitana,Híbrido,Feminino,Parda,0.46730699398648023
CAND_01376,3.7,49.0,Bacharelado,Capitais,Híbrido,Masculino,Branca,0.9072291776491714
CAND_01377,4.7,57.0,Doutorado,Interior,Presencial,Masculino,Branca,0.6612262934462265
CAND_01378,4.3,34.0,Ensino Médio,Região Metropolitana,Híbrido,Masculino,Branca,0.7023519420247378
CAND_01379,2.6,25.0,Bacharelado,Capitais,Remoto,Masculino,Amarela,0.31918051112683304
CAND_01380,10.3,44.0,Bacharelado,Capitais,Presencial,Masculino,Branca,1.0
CAND_01381,5.1,54.0,Bacharelado,Capitais,Remoto,Feminino,Preta,0.1307717227627586
CAND_01382,7.4,72.0,Bacharelado,Capitais,Remoto,Masculino,Branca,0.8724385526017403
CAND_01383,9.7,52.0,Bacharelado,Região Metropolitana,Híbrido,Masculino,Amarela,0.6123614251669875
CAND_01384,3.2,75.0,Ensino Médio,Capitais,Híbrido,Masculino,Preta,0.5707451147312188
CAND_01385,5.8,22.0,Ensino Médio,Região Metropolitana,Remoto,Masculino,Branca,0.7347248119432515
CAND_01386,0.9,60.0,Mestrado,Capitais,Remoto,Masculino,Branca,1.0
CAND_01387,6.6,64.0,Mestrado,Capitais,Presencial,Masculino,Branca,1.0
CAND_01388,3.7,60.0,Ensino Médio,Capitais,Remoto,Masculino,Branca,0.8532915633890272
CAND_01389,9.6,45.0,Bacharelado,Região Metropolitana,Híbrido,Masculino,Branca,0.9405750993786707
CAND_01390,5.1,45.0,Doutorado,Interior,Remoto,Masculino,Branca,0.7428925240653806
CAND_01391,8.8,50.0,Bacharelado,Capitais,Híbrido,Feminino,Branca,0.7195747797449444
CAND_01392,7.7,55.0,Bacharelado,Capitais,Híbrido,Masculino,Preta,0.6026137954619503
CAND_01393,8.2,87.0,Mestrado,Região Metropolitana,Remoto,Masculino,Branca,1.0
CAND_01394,6.1,24.0,Bacharelado,Região Metropolitana,Presencial,Masculino,Branca,0.6409928656692848
CAND_01395,5.1,60.0,Mestrado,Capitais,Presencial,Masculino,Amarela,0.5172354478514378
CAND_01396,10.4,39.0,Bacharelado,Capitais,Híbrido,Feminino,Branca,0.5777948421111703
CAND_01397,4.7,52.0,Bacharelado,Capitais,Híbrido,Masculino,Branca,0.9875801453784319
CAND_01398,3.9,64.0,Mestrado,Região Metropolitana,Híbrido,Masculino,Branca,0.9283211363478009
CAND_01399,0.0,53.0,Mestrado,Região Metropolitana,Híbrido,Masculino,Parda,0.775351014455879
CAND_01400,2.9,25.0,Ensino Médio,Capitais,Presencial,Feminino,Branca,0.24322325133774525
CAND_01401,0.7,34.0,Bacharelado,Região Metropolitana,Presencial,Feminino,Preta,0.0
CAND_01402,8.4,43.0,Ensino Médio,Região Metropolitana,Híbrido,Feminino,Branca,0.38451887922781397
CAND_01403,6.0,74.0,Doutorado,Região Metropolitana,Remoto,Masculino,Parda,1.0
CAND_01404,9.8,75.0,Mestrado,Região Metropolitana,Remoto,Masculino,Branca,1.0
CAND_01405,5.8,31.0,Bacharelado,Capitais,Presencial,Feminino,Branca,0.4370346612650572
CAND_01406,5.8,62.0,Bacharelado,Capitais,Presencial,Masculino,Branca,1.0
CAND_01407,8.2,53.0,Bacharelado,Capitais,Híbrido,Feminino,Branca,0.6324451642310011
CAND_01408,0.3,51.0,Mestrado,Região Metropolitana,Presencial,Masculino,Parda,0.823471248937983
CAND_01409,8.1,54.0,Bacharelado,Interior,Presencial,Feminino,Branca,0.42705662467722016
CAND_01410,8.0,50.0,Mestrado,Capitais,Híbrido,Feminino,Branca,0.5033982694781027
CAND_01411,3.9,34.0,Mestrado,Capitais,Remoto,Masculino,Branca,0.8673067238663432
CAND_01412,9.2,58.0,Mestrado,Interior,Híbrido,Masculino,Branca,0.9813127239009806
CAND_01413,4.4,85.0,Bacharelado,Região Metropolitana,Remoto,Feminino,Branca,0.5198231401090964
CAND_01414,5.9,58.0,Mestrado,Capitais,Remoto,Masculino,Preta,0.5837685320820793
CAND_01415,1.8,62.0,Bacharelado,Capitais,Presencial,Masculino,Branca,0.9466115886236379
CAND_01416,3.6,40.0,Bacharelado,Região Metropolitana,Remoto,Masculino,Parda,0.5981452973551964
CAND_01417,3.3,33.0,Bacharelado,Capitais,Híbrido,Masculino,Amarela,0.6647940994248253
CAND_01418,6.2,31.0,Bacharelado,Região Metropolitana,Presencial,Feminino,Indígena,0.07738329516857301
CAND_01419,5.0,54.0,Doutorado,Interior,Presencial,Masculino,Amarela,0.3894115509368395
CAND_01420,5.3,62.0,Doutorado,Interior,Remoto,Masculino,Amarela,0.1809735912094991
CAND_01421,4.1,34.0,Bacharelado,Capitais,Presencial,Feminino,Branca,0.5456704880402357
CAND_01422,5.7,80.0,Bacharelado,Capitais,Híbrido,Masculino,Branca,0.9576816116071803
CAND_01423,4.1,41.0,Mestrado,Capitais,Remoto,Feminino,Branca,0.4970910673049061
CAND_01424,8.1,58.0,Ensino Médio,Região Metropolitana,Remoto,Masculino,Amarela,0.5218907096704628
CAND_01425,3.4,20.0,Bacharelado,Região Metropolitana,Remoto,Masculino,Branca,0.7458319449504147
CAND_01426,0.9,50.0,Bacharelado,Capitais,Híbrido,Feminino,Branca,0.29049089489659263
CAND_01427,2.5,64.0,Bacharelado,Capitais,Presencial,Não-binário,Preta,0.011520176433101284
CAND_01428,4.4,58.0,Bacharelado,Capitais,Presencial,Feminino,Branca,0.3840131631663898
CAND_01429,4.3,57.0,Mestrado,Região Metropolitana,Remoto,Masculino,Branca,0.8777753057414339
CAND_01430,0.0,23.0,Bacharelado,Capitais,Remoto,Feminino,Preta,0.0
CAND_01431,7.2,37.0,Bacharelado,Região Metropolitana,Híbrido,Masculino,Branca,0.6671390410246487
CAND_01432,5.0,54.0,Mestrado,Capitais,Remoto,Feminino,Branca,0.7082725889512047
CAND_01433,4.3,26.0,Bacharelado,Região Metropolitana,Híbrido,Masculino,Amarela,0.3427578669293604
CAND_01434,4.6,47.0,Bacharelado,Região Metropolitana,Presencial,Masculino,Branca,0.9344036270435964
CAND_01435,4.1,33.0,Bacharelado,Região Metropolitana,Remoto,Masculino,Branca,0.8616141266418162
CAND_01436,3.9,53.0,Mestrado,Capitais,Remoto,Masculino,Branca,0.9982647528549792
CAND_01437,1.9,67.0,Mestrado,Região Metropolitana,Presencial,Feminino,Branca,0.5099636622625379
CAND_01438,1.0,67.0,Bacharelado,Capitais,Presencial,Masculino,Branca,0.9678931163705997
CAND_01439,5.1,48.0,Bacharelado,Região Metropolitana,Híbrido,Masculino,Branca,0.8449700346446675
CAND_01440,2.2,59.0,Bacharelado,Região Metropolitana,Híbrido,Masculino,Branca,0.9027817087030579
CAND_01441,3.9,46.0,Mestrado,Região Metropolitana,Presencial,Masculino,Branca,0.9654982509960619
CAND_01442,8.1,43.0,Ensino Médio,Região Metropolitana,Híbrido,Masculino,Branca,0.7384363773651588
CAND_01443,8.2,48.0,Mestrado,Região Metropolitana,Remoto,Masculino,Parda,0.7395979637358263
CAND_01444,6.8,40.0,Bacharelado,Região Metropolitana,Remoto,Feminino,Branca,0.5187877453338771
CAND_01445,4.7,42.0,Bacharelado,Região Metropolitana,Remoto,Não-binário,Preta,0.0
CAND_01446,5.8,31.0,Mestrado,Região Metropolitana,Remoto,Feminino,Amarela,0.10357121227212505
CAND_01447,4.0,51.0,Mestrado,Região Metropolitana,Híbrido,Feminino,Branca,0.4322055036635434
CAND_01448,7.1,70.0,Bacharelado,Capitais,Híbrido,Masculino,Preta,0.5299060457718644
CAND_01449,1.8,67.0,Bacharelado,Capitais,Remoto,Masculino,Branca,0.9689816827924911
CAND_01450,7.5,34.0,Bacharelado,Capitais,Presencial,Masculino,Amarela,0.5553944087412592
CAND_01451,4.6,40.0,Bacharelado,Região Metropolitana,Híbrido,Feminino,Indígena,0.18814752330563556
CAND_01452,9.0,48.0,Mestrado,Capitais,Remoto,Masculino,Parda,0.8666446668368937
CAND_01453,3.0,55.0,Bacharelado,Capitais,Presencial,Masculino,Branca,1.0
CAND_01454,4.9,26.0,Bacharelado,Região Metropolitana,Híbrido,Feminino,Branca,0.3542219532077739
CAND_01455,5.1,47.0,Mestrado,Capitais,Presencial,Masculino,Branca,1.0
CAND_01456,8.3,46.0,Bacharelado,Região Metropolitana,Híbrido,Masculino,Branca,0.8090483937062531
CAND_01457,5.5,34.0,Mestrado,Capitais,Remoto,Masculino,Amarela,0.47140404270138614
CAND_01458,6.5,63.0,Mestrado,Capitais,Híbrido,Masculino,Branca,0.9991665001348411
CAND_01459,10.7,42.0,Bacharelado,Região Metropolitana,Híbrido,Masculino,Branca,0.9064749086029903
CAND_01460,2.3,26.0,Bacharelado,Interior,Remoto,Masculino,Amarela,0.10572948361806696
CAND_01461,0.6,41.0,Mestrado,Região Metropolitana,Híbrido,Masculino,Branca,0.8483459739929741
CAND_01462,7.3,36.0,Bacharelado,Região Metropolitana,Remoto,Masculino,Branca,0.9504024295902174
CAND_01463,3.3,50.0,Bacharelado,Capitais,Híbrido,Masculino,Branca,0.9460901320846353
CAND_01464,9.1,64.0,Mestrado,Capitais,Presencial,Feminino,Parda,0.5550125169015101
CAND_01465,5.1,53.0,Bacharelado,Capitais,Híbrido,Masculino,Indígena,0.6092505912141598
CAND_01466,4.5,31.0,Bacharelado,Região Metropolitana,Presencial,Feminino,Amarela,0.0
CAND_01467,8.1,80.0,Doutorado,Capitais,Presencial,Masculino,Branca,1.0
CAND_01468,6.3,27.0,Bacharelado,Capitais,Híbrido,Masculino,Branca,1.0
CAND_01469,7.2,45.0,Bacharelado,Região Metropolitana,Presencial,Feminino,Amarela,0.14368138547557452
CAND_01470,8.5,60.0,Bacharelado,Capitais,Híbrido,Masculino,Branca,1.0
CAND_01471,3.7,38.0,Doutorado,Capitais,Presencial,Feminino,Branca,0.7028486156531959
CAND_01472,3.4,73.0,Mestrado,Interior,Híbrido,Feminino,Amarela,0.03696669921165226
CAND_01473,2.5,49.0,Mestrado,Região Metropolitana,Remoto,Feminino,Branca,0.46707056499117305
CAND_01474,3.7,49.0,Mestrado,Capitais,Remoto,Feminino,Amarela,0.11122511347176199
CAND_01475,4.9,47.0,Ensino Médio,Região Metropolitana,Presencial,Masculino,Indígena,0.41149625768401815
CAND_01476,5.8,54.0,Bacharelado,Capitais,Remoto,Masculino,Amarela,0.5764354487824305
CAND_01477,4.2,79.0,Mestrado,Interior,Remoto,Masculino,Branca,0.8236315373306604
CAND_01478,5.6,75.0,Bacharelado,Região Metropolitana,Presencial,Masculino,Branca,0.8950906784565688
CAND_01479,6.2,42.0,Mestrado,Interior,Remoto,Feminino,Branca,0.25434154956509913
CAND_01480,5.4,30.0,Bacharelado,Capitais,Híbrido,Masculino,Branca,0.8097890525765152
CAND_01481,4.8,40.0,Bacharelado,Capitais,Remoto,Feminino,Parda,0.25004180282907346
CAND_01482,8.5,60.0,Mestrado,Capitais,Presencial,Feminino,Branca,0.7232038261934794
CAND_01483,7.6,31.0,Bacharelado,Capitais,Híbrido,Feminino,Indígena,0.2989226892541844
CAND_01484,4.0,36.0,Bacharelado,Capitais,Híbrido,Masculino,Branca,0.8628724633023602
CAND_01485,3.8,85.0,Bacharelado,Capitais,Presencial,Feminino,Parda,0.522708303638999
CAND_01486,1.7,54.0,Bacharelado,Região Metropolitana,Remoto,Masculino,Branca,0.755634268616479
CAND_01487,6.0,54.0,Bacharelado,Capitais,Presencial,Feminino,Branca,0.6302673894509163
CAND_01488,4.9,43.0,Bacharelado,Interior,Híbrido,Feminino,Branca,0.11366185730298238
CAND_01489,5.3,39.0,Bacharelado,Região Metropolitana,Híbrido,Feminino,Branca,0.6050075034732905
CAND_01490,3.8,65.0,Ensino Médio,Capitais,Remoto,Masculino,Amarela,0.503838138013954
CAND_01491,8.8,49.0,Mestrado,Região Metropolitana,Presencial,Feminino,Branca,0.4577989052472544
CAND_01492,5.4,20.0,Mestrado,Capitais,Remoto,Masculino,Branca,0.9632924370752979
CAND_01493,5.1,53.0,Bacharelado,Região Metropolitana,Híbrido,Masculino,Branca,0.8299299063388242
CAND_01494,3.9,72.0,Bacharelado,Região Metropolitana,Híbrido,Feminino,Amarela,0.09563643624786179
CAND_01495,5.0,33.0,Doutorado,Capitais,Remoto,Não-binário,Branca,0.42807780868055295
CAND_01496,9.0,46.0,Bacharelado,Capitais,Presencial,Masculino,Amarela,0.5663200475183509
CAND_01497,0.7,62.0,Bacharelado,Capitais,Presencial,Masculino,Preta,0.5137104581792111
CAND_01498,10.7,39.0,Bacharelado,Capitais,Presencial,Masculino,Branca,0.8078911003284337
CAND_01499,6.1,35.0,Bacharelado,Capitais,Remoto,Masculino,Branca,0.8611425264493014
CAND_01500,5.4,34.0,Bacharelado,Capitais,Híbrido,Feminino,Amarela,0.08280929781611157
CAND_01501,6.3,58.0,Mestrado,Região Metropolitana,Presencial,Feminino,Indígena,0.23160323765654076
CAND_01502,6.0,62.0,Bacharelado,Interior,Híbrido,Masculino,Branca,0.7024789611665241
CAND_01503,4.0,43.0,Bacharelado,Interior,Presencial,Feminino,Branca,0.2901564739325819
CAND_01504,4.1,56.0,Bacharelado,Capitais,Presencial,Masculino,Preta,0.5055830766846524
CAND_01505,6.9,56.0,Doutorado,Capitais,Híbrido,Feminino,Branca,0.7048429874935697
CAND_01506,3.4,59.0,Bacharelado,Região Metropolitana,Remoto,Feminino,Branca,0.6214164380320746
CAND_01507,1.7,81.0,Bacharelado,Capitais,Remoto,Masculino,Amarela,0.7103134387637532
CAND_01508,4.7,36.0,Mestrado,Região Metropolitana,Presencial,Feminino,Amarela,0.16166161507087604
CAND_01509,5.7,34.0,Mestrado,Capitais,Remoto,Masculino,Indígena,0.7407108842730203
CAND_01510,5.4,46.0,Bacharelado,Capitais,Presencial,Masculino,Amarela,0.6465999380525774
CAND_01511,8.6,62.0,Bacharelado,Região Metropolitana,Remoto,Masculino,Branca,0.9848154102656096
CAND_01512,1.8,45.0,Bacharelado,Capitais,Presencial,Feminino,Branca,0.5002907591338306
CAND_01513,5.7,50.0,Mestrado,Região Metropolitana,Presencial,Feminino,Branca,0.5384019194730734
CAND_01514,7.0,54.0,Bacharelado,Região Metropolitana,Presencial,Masculino,Amarela,0.5033039024105899
CAND_01515,7.2,61.0,Bacharelado,Capitais,Híbrido,Feminino,Amarela,0.31468484023471777
CAND_01516,4.9,61.0,Mestrado,Interior,Remoto,Masculino,Parda,0.514455112919693
CAND_01517,10.2,59.0,Doutorado,Região Metropolitana,Híbrido,Masculino,Parda,1.0
CAND_01518,12.2,44.0,Mestrado,Capitais,Remoto,Feminino,Preta,0.1944944297322745
CAND_01519,7.0,34.0,Bacharelado,Capitais,Remoto,Masculino,Branca,1.0
CAND_01520,4.7,16.0,Bacharelado,Capitais,Remoto,Feminino,Branca,0.5651569172507224
CAND_01521,2.9,58.0,Mestrado,Região Metropolitana,Presencial,Masculino,Branca,1.0
CAND_01522,0.0,40.0,Ensino Médio,Capitais,Remoto,Feminino,Parda,0.2850554987194724
CAND_01523,3.8,68.0,Bacharelado,Região Metropolitana,Remoto,Masculino,Preta,0.3835994826062803
CAND_01524,6.9,41.0,Bacharelado,Capitais,Presencial,Masculino,Amarela,0.5945694647717956
CAND_01525,0.3,47.0,Bacharelado,Capitais,Presencial,Masculino,Branca,0.7962598919279749
CAND_01526,7.4,34.0,Mestrado,Interior,Presencial,Feminino,Branca,0.35403323769529654
CAND_01527,3.8,40.0,Mestrado,Região Metropolitana,Presencial,Feminino,Branca,0.38025325588999154
CAND_01528,5.9,83.0,Ensino Médio,Interior,Híbrido,Masculino,Preta,0.28153823694075836
CAND_01529,3.2,69.0,Bacharelado,Capitais,Remoto,Feminino,Branca,0.5741500259680004
CAND_01530,9.3,34.0,Doutorado,Capitais,Remoto,Masculino,Branca,1.0
CAND_01531,6.6,67.0,Bacharelado,Capitais,Remoto,Feminino,Amarela,0.30720013052144374
CAND_01532,8.7,45.0,Bacharelado,Capitais,Híbrido,Masculino,Branca,1.0
CAND_01533,0.0,46.0,Bacharelado,Região Metropolitana,Híbrido,Feminino,Branca,0.1822973368817301
CAND_01534,7.0,67.0,Bacharelado,Capitais,Remoto,Não-binário,Amarela,0.21737767899722496
CAND_01535,9.3,46.0,Bacharelado,Região Metropolitana,Presencial,Não-binário,Parda,0.4329468213355047
CAND_01536,5.5,58.0,Bacharelado,Capitais,Presencial,Feminino,Branca,0.6641628652169579
CAND_01537,0.8,40.0,Doutorado,Capitais,Híbrido,Feminino,Branca,0.5422945062412087
CAND_01538,6.0,68.0,Bacharelado,Capitais,Presencial,Masculino,Indígena,0.6679428763901033
CAND_01539,7.2,32.0,Bacharelado,Região Metropolitana,Híbrido,Não-binário,Preta,0.0
CAND_01540,4.7,54.0,Bacharelado,Capitais,Presencial,Masculino,Branca,0.8389303503709434
CAND_01541,16.0,35.0,Mestrado,Capitais,Presencial,Masculino,Preta,0.5388307886780324
CAND_01542,2.3,59.0,Bacharelado,Capitais,Remoto,Feminino,Branca,0.6774434463520526
CAND_01543,5.6,40.0,Bacharelado,Capitais,Presencial,Masculino,Branca,0.907361895325952
CAND_01544,2.9,62.0,Mestrado,Região Metropolitana,Híbrido,Masculino,Parda,0.7855130645302342
CAND_01545,2.2,44.0,Mestrado,Capitais,Presencial,Não-binário,Branca,0.44547304660751214
CAND_01546,7.5,49.0,Bacharelado,Região Metropolitana,Presencial,Masculino,Branca,1.0
CAND_01547,7.9,31.0,Ensino Médio,Interior,Híbrido,Feminino,Branca,0.2270405477580501
CAND_01548,1.7,42.0,Bacharelado,Capitais,Híbrido,Masculino,Parda,0.8474184973746226
CAND_01549,11.0,45.0,Bacharelado,Região Metropolitana,Híbrido,Feminino,Amarela,0.17166241826153975
CAND_01550,3.5,46.0,Bacharelado,Capitais,Híbrido,Feminino,Parda,0.4770993830364437
CAND_01551,2.6,47.0,Mestrado,Interior,Remoto,Masculino,Branca,0.7149586189903685
CAND_01552,4.2,46.0,Bacharelado,Região Metropolitana,Remoto,Feminino,Branca,0.41607603993545433
CAND_01553,6.0,46.0,Bacharelado,Capitais,Remoto,Masculino,Branca,0.9262771283574074
CAND_01554,0.5,76.0,Ensino Médio,Região Metropolitana,Presencial,Masculino,Amarela,0.25357867559163183
CAND_01555,3.8,46.0,Bacharelado,Capitais,Híbrido,Masculino,Parda,0.8857926661799284
CAND_01556,7.3,36.0,Bacharelado,Capitais,Híbrido,Masculino,Preta,0.5170329750408968
CAND_01557,6.2,61.0,Bacharelado,Capitais,Presencial,Masculino,Preta,0.733703774872171
CAND_01558,1.3,50.0,Bacharelado,Capitais,Presencial,Masculino,Preta,0.5561352191038175
CAND_01559,8.3,60.0,Mestrado,Região Metropolitana,Híbrido,Feminino,Parda,0.4861792972524705
CAND_01560,5.1,55.0,Bacharelado,Interior,Híbrido,Feminino,Parda,0.3391829395406274
CAND_01561,5.2,41.0,Bacharelado,Região Metropolitana,Híbrido,Masculino,Indígena,0.5049329879547702
CAND_01562,5.8,59.0,Bacharelado,Capitais,Presencial,Masculino,Branca,0.8944621158133255
CAND_01563,4.6,38.0,Bacharelado,Interior,Remoto,Masculino,Branca,0.4864012779405255
CAND_01564,1.7,30.0,Bacharelado,Capitais,Presencial,Masculino,Branca,0.7415667440110757
CAND_01565,1.8,38.0,Bacharelado,Capitais,Híbrido,Feminino,Branca,0.3614144976539991
CAND_01566,3.3,60.0,Doutorado,Região Metropolitana,Híbrido,Masculino,Preta,0.4059125537566953
CAND_01567,5.2,74.0,Bacharelado,Capitais,Remoto,Feminino,Branca,0.6423101561449691
CAND_01568,7.8,43.0,Bacharelado,Região Metropolitana,Presencial,Masculino,Branca,0.7223945215076829
CAND_01569,5.2,47.0,Mestrado,Capitais,Presencial,Masculino,Branca,1.0
CAND_01570,3.3,71.0,Bacharelado,Capitais,Remoto,Feminino,Parda,0.33745674370882495
CAND_01571,3.5,71.0,Mestrado,Região Metropolitana,Presencial,Masculino,Amarela,0.6587357481015018
CAND_01572,2.1,96.0,Bacharelado,Região Metropolitana,Remoto,Masculino,Branca,1.0
CAND_01573,6.9,41.0,Bacharelado,Capitais,Híbrido,Feminino,Preta,0.02091833512907467
CAND_01574,4.2,72.0,Doutorado,Região Metropolitana,Presencial,Feminino,Branca,0.7156456073845296
CAND_01575,5.9,17.0,Mestrado,Região Metropolitana,Presencial,Masculino,Branca,0.7705687294437442
CAND_01576,4.5,42.0,Mestrado,Região Metropolitana,Remoto,Masculino,Branca,0.8232532489706283
CAND_01577,6.6,29.0,Bacharelado,Região Metropolitana,Híbrido,Masculino,Preta,0.2791480799675341
CAND_01578,2.5,80.0,Ensino Médio,Interior,Remoto,Masculino,Branca,0.6113483652533405
CAND_01579,5.8,76.0,Bacharelado,Interior,Híbrido,Feminino,Branca,0.40685349880575883
CAND_01580,3.0,46.0,Bacharelado,Região Metropolitana,Presencial,Masculino,Branca,0.6101621988894983
CAND_01581,8.0,40.0,Bacharelado,Interior,Presencial,Masculino,Branca,0.684460212913848
CAND_01582,3.0,51.0,Ensino Médio,Capitais,Híbrido,Feminino,Branca,0.5263074952188846
CAND_01583,3.9,41.0,Bacharelado,Capitais,Presencial,Feminino,Branca,0.40571585250515485
CAND_01584,5.3,36.0,Bacharelado,Capitais,Remoto,Masculino,Branca,0.7749654941176011
CAND_01585,6.5,37.0,Bacharelado,Região Metropolitana,Presencial,Masculino,Branca,0.8009581342007426
CAND_01586,5.9,49.0,Bacharelado,Capitais,Híbrido,Feminino,Branca,0.5121944607697578
CAND_01587,10.5,42.0,Ensino Médio,Região Metropolitana,Híbrido,Não-binário,Preta,0.0
CAND_01588,6.1,65.0,Mestrado,Capitais,Presencial,Feminino,Parda,0.5574243706106125
CAND_01589,7.3,47.0,Bacharelado,Capitais,Remoto,Masculino,Branca,0.9789310448571197
CAND_01590,1.8,31.0,Ensino Médio,Região Metropolitana,Presencial,Não-binário,Branca,0.10999625464151735
CAND_01591,7.5,50.0,Bacharelado,Capitais,Híbrido,Masculino,Branca,0.9774690346793368
CAND_01592,1.5,55.0,Bacharelado,Região Metropolitana,Remoto,Feminino,Branca,0.42552643647406485
CAND_01593,6.4,41.0,Mestrado,Região Metropolitana,Híbrido,Masculino,Branca,0.9670153582132889
CAND_01594,5.8,64.0,Mestrado,Interior,Presencial,Feminino,Branca,0.30611270934993934
CAND_01595,12.7,53.0,Bacharelado,Capitais,Remoto,Masculino,Branca,1.0
CAND_01596,11.3,57.0,Mestrado,Região Metropolitana,Híbrido,Masculino,Branca,1.0
CAND_01597,4.8,35.0,Ensino Médio,Capitais,Presencial,Masculino,Branca,0.800855904809268
CAND_01598,5.6,34.0,Bacharelado,Capitais,Presencial,Feminino,Branca,0.5697923040524567
CAND_01599,4.3,47.0,Bacharelado,Capitais,Presencial,Masculino,Branca,0.880365515407338
CAND_01600,4.8,78.0,Mestrado,Capitais,Presencial,Masculino,Preta,0.6742513440262551
CAND_01601,0.1,35.0,Mestrado,Capitais,Híbrido,Masculino,Branca,0.9732687577132382
CAND_01602,3.1,45.0,Bacharelado,Interior,Híbrido,Masculino,Branca,0.7138398509534963
CAND_01603,3.0,37.0,Mestrado,Região Metropolitana,Remoto,Masculino,Branca,0.8604788914894584
CAND_01604,5.1,67.0,Bacharelado,Interior,Presencial,Masculino,Branca,0.6887398789308533
CAND_01605,2.5,34.0,Bacharelado,Região Metropolitana,Presencial,Feminino,Amarela,0.007790547136681564
CAND_01606,7.2,28.0,Bacharelado,Capitais,Remoto,Masculino,Branca,0.8978627970289769
CAND_01607,4.7,59.0,Mestrado,Região Metropolitana,Presencial,Masculino,Branca,0.9163774963896477
CAND_01608,3.2,64.0,Doutorado,Capitais,Remoto,Masculino,Branca,0.8669845989223762
CAND_01609,3.8,45.0,Mestrado,Capitais,Presencial,Feminino,Branca,0.5297161528591181
CAND_01610,3.5,32.0,Mestrado,Região Metropolitana,Presencial,Masculino,Branca,0.9414257587146668
CAND_01611,0.9,51.0,Bacharelado,Região Metropolitana,Presencial,Masculino,Branca,0.7262003537127201
CAND_01612,3.1,87.0,Doutorado,Região Metropolitana,Remoto,Feminino,Branca,0.7697828495874176
CAND_01613,2.7,51.0,Bacharelado,Capitais,Híbrido,Feminino,Branca,0.34271122757843553
CAND_01614,6.6,76.0,Mestrado,Capitais,Híbrido,Masculino,Preta,0.5713739324940094
CAND_01615,2.5,9.0,Bacharelado,Capitais,Híbrido,Masculino,Preta,0.17191117683598567
CAND_01616,3.8,56.0,Bacharelado,Capitais,Remoto,Feminino,Parda,0.2779206265770757
CAND_01617,6.7,49.0,Bacharelado,Capitais,Presencial,Feminino,Branca,0.6874791886820504
CAND_01618,5.8,65.0,Bacharelado,Região Metropolitana,Presencial,Masculino,Branca,0.9497334087930818
CAND_01619,6.9,66.0,Doutorado,Capitais,Presencial,Masculino,Branca,1.0
CAND_01620,4.8,34.0,Doutorado,Capitais,Presencial,Feminino,Branca,0.5523381013839368
CAND_01621,4.7,44.0,Bacharelado,Região Metropolitana,Híbrido,Masculino,Preta,0.28332825005060475
CAND_01622,9.0,67.0,Mestrado,Capitais,Remoto,Não-binário,Branca,0.630935338424655
CAND_01623,0.0,55.0,Doutorado,Capitais,Presencial,Masculino,Branca,0.8968241378149993
CAND_01624,7.6,55.0,Bacharelado,Interior,Presencial,Masculino,Branca,0.7209010144070811
CAND_01625,6.6,54.0,Bacharelado,Capitais,Remoto,Masculino,Branca,0.803741038828009
CAND_01626,11.7,56.0,Bacharelado,Capitais,Remoto,Masculino,Amarela,0.8086981916643489
CAND_01627,4.5,58.0,Bacharelado,Capitais,Remoto,Feminino,Branca,0.6750960815054764
CAND_01628,6.3,26.0,Bacharelado,Interior,Presencial,Feminino,Indígena,0.033270773729672604
CAND_01629,3.5,67.0,Bacharelado,Capitais,Híbrido,Masculino,Amarela,0.7006525449296946
CAND_01630,4.2,65.0,Bacharelado,Região Metropolitana,Remoto,Feminino,Preta,0.0
CAND_01631,2.8,63.0,Bacharelado,Capitais,Remoto,Masculino,Branca,0.9645973993957423
CAND_01632,5.4,27.0,Mestrado,Capitais,Híbrido,Masculino,Branca,0.9090786918832402
CAND_01633,1.2,71.0,Mestrado,Capitais,Remoto,Não-binário,Preta,0.027808322432217012
CAND_01634,2.1,37.0,Bacharelado,Interior,Híbrido,Masculino,Amarela,0.0
CAND_01635,6.0,64.0,Bacharelado,Capitais,Remoto,Feminino,Amarela,0.15683780857384322
CAND_01636,2.1,61.0,Ensino Médio,Região Metropolitana,Remoto,Masculino,Parda,0.8469813634115065
CAND_01637,8.6,57.0,Ensino Médio,Região Metropolitana,Híbrido,Masculino,Branca,0.7009341120837373
CAND_01638,5.3,57.0,Bacharelado,Capitais,Presencial,Masculino,Branca,1.0
CAND_01639,3.7,32.0,Doutorado,Capitais,Remoto,Feminino,Parda,0.4551349611781045
CAND_01640,3.9,41.0,Bacharelado,Capitais,Remoto,Não-binário,Preta,0.0
CAND_01641,4.3,44.0,Doutorado,Interior,Híbrido,Masculino,Branca,0.6917048740098503
CAND_01642,2.6,39.0,Ensino Médio,Capitais,Presencial,Masculino,Branca,0.8192569712865236
CAND_01643,9.2,79.0,Mestrado,Capitais,Híbrido,Masculino,Branca,1.0
CAND_01644,7.8,62.0,Bacharelado,Região Metropolitana,Remoto,Masculino,Branca,0.993137136133975
CAND_01645,4.5,40.0,Bacharelado,Capitais,Híbrido,Masculino,Parda,0.8882325159563114
CAND_01646,3.6,77.0,Bacharelado,Região Metropolitana,Remoto,Masculino,Preta,0.4151476680031922
CAND_01647,5.3,50.0,Bacharelado,Capitais,Presencial,Masculino,Parda,0.7809985858936095
CAND_01648,5.6,49.0,Mestrado,Região Metropolitana,Remoto,Masculino,Branca,0.8342952087776142
CAND_01649,4.7,41.0,Mestrado,Região Metropolitana,Presencial,Não-binário,Branca,0.2898507858182863
CAND_01650,5.8,52.0,Bacharelado,Capitais,Presencial,Masculino,Parda,0.8774798331574133
CAND_01651,1.4,41.0,Bacharelado,Capitais,Presencial,Masculino,Branca,0.8994145089072576
CAND_01652,3.2,67.0,Bacharelado,Capitais,Híbrido,Masculino,Indígena,0.5161517150309004
CAND_01653,1.9,29.0,Bacharelado,Região Metropolitana,Remoto,Masculino,Parda,0.7570168754398985
CAND_01654,0.5,55.0,Ensino Médio,Capitais,Híbrido,Feminino,Parda,0.3622145033362725
CAND_01655,2.1,46.0,Ensino Médio,Região Metropolitana,Híbrido,Masculino,Branca,0.7736031387336785
CAND_01656,10.7,69.0,Mestrado,Capitais,Remoto,Não-binário,Branca,0.7557506962774592
CAND_01657,8.1,31.0,Mestrado,Região Metropolitana,Presencial,Masculino,Branca,0.9301732576754352
CAND_01658,6.7,63.0,Bacharelado,Capitais,Híbrido,Feminino,Preta,0.1814077087209795
CAND_01659,7.1,48.0,Bacharelado,Capitais,Presencial,Masculino,Preta,0.6221587408230335
CAND_01660,4.2,43.0,Ensino Médio,Região Metropolitana,Presencial,Masculino,Branca,0.6304572716229501
CAND_01661,5.7,45.0,Mestrado,Capitais,Remoto,Não-binário,Branca,0.5071205336253795
CAND_01662,6.8,49.0,Bacharelado,Região Metropolitana,Híbrido,Masculino,Branca,0.7328810844416913
CAND_01663,2.4,50.0,Bacharelado,Região Metropolitana,Remoto,Feminino,Parda,0.3522843749821297
CAND_01664,6.5,0.0,Bacharelado,Região Metropolitana,Híbrido,Masculino,Branca,0.6155907825934075
CAND_01665,3.4,58.0,Mestrado,Região Metropolitana,Presencial,Feminino,Branca,0.5354050173353722
CAND_01666,5.4,24.0,Mestrado,Capitais,Híbrido,Feminino,Branca,0.5170200061338192
CAND_01667,0.4,35.0,Mestrado,Capitais,Híbrido,Feminino,Branca,0.45627890544537736
CAND_01668,5.8,38.0,Bacharelado,Capitais,Híbrido,Masculino,Branca,0.9381579758526933
CAND_01669,8.4,72.0,Ensino Médio,Capitais,Híbrido,Masculino,Branca,0.9778299693248451
CAND_01670,5.0,54.0,Bacharelado,Região Metropolitana,Híbrido,Masculino,Preta,0.27168726077950434
CAND_01671,5.1,44.0,Bacharelado,Capitais,Híbrido,Masculino,Branca,0.9518116286291197
CAND_01672,6.8,48.0,Mestrado,Capitais,Remoto,Masculino,Preta,0.5751628643549449
CAND_01673,4.1,42.0,Bacharelado,Capitais,Híbrido,Não-binário,Branca,0.498659739471261
CAND_01674,5.5,33.0,Bacharelado,Capitais,Presencial,Feminino,Preta,0.013261333590887846
CAND_01675,5.2,34.0,Mestrado,Capitais,Híbrido,Feminino,Preta,0.11877023523584035
CAND_01676,3.4,75.0,Bacharelado,Capitais,Híbrido,Feminino,Branca,0.7756726723443482
CAND_01677,6.2,50.0,Bacharelado,Capitais,Presencial,Masculino,Branca,0.9367963419967881
CAND_01678,1.8,84.0,Mestrado,Capitais,Híbrido,Não-binário,Parda,0.4027836708878298
CAND_01679,5.7,38.0,Bacharelado,Capitais,Remoto,Feminino,Parda,0.5731367140786916
CAND_01680,9.9,27.0,Mestrado,Região Metropolitana,Remoto,Masculino,Branca,0.8924665478271444
CAND_01681,3.2,42.0,Bacharelado,Interior,Híbrido,Feminino,Branca,0.2623040200664242
CAND_01682,7.0,68.0,Bacharelado,Região Metropolitana,Híbrido,Feminino,Branca,0.44423319477582557
CAND_01683,6.6,41.0,Mestrado,Região Metropolitana,Remoto,Masculino,Branca,0.8899794083531568
CAND_01684,10.0,53.0,Mestrado,Região Metropolitana,Remoto,Masculino,Branca,0.9896309677350357
CAND_01685,3.5,77.0,Mestrado,Região Metropolitana,Presencial,Masculino,Parda,0.7938309262249539
CAND_01686,5.1,65.0,Bacharelado,Região Metropolitana,Presencial,Não-binário,Branca,0.40474610289866636
CAND_01687,0.0,20.0,Mestrado,Região Metropolitana,Remoto,Masculino,Branca,0.42690227643414475
CAND_01688,9.9,25.0,Bacharelado,Capitais,Híbrido,Masculino,Branca,0.8419698435739871
CAND_01689,7.8,76.0,Bacharelado,Capitais,Remoto,Masculino,Indígena,0.771348079356564
CAND_01690,4.1,38.0,Bacharelado,Região Metropolitana,Remoto,Feminino,Amarela,0.11992155845035982
CAND_01691,0.0,37.0,Doutorado,Capitais,Presencial,Não-binário,Branca,0.34143917037735333
CAND_01692,1.3,36.0,Bacharelado,Região Metropolitana,Presencial,Masculino,Branca,0.6286562081285976
CAND_01693,2.3,50.0,Ensino Médio,Região Metropolitana,Híbrido,Não-binário,Branca,0.4055644360623698
CAND_01694,5.8,39.0,Bacharelado,Região Metropolitana,Híbrido,Masculino,Branca,0.8618801391751578
CAND_01695,4.4,52.0,Bacharelado,Capitais,Híbrido,Feminino,Branca,0.5312418158268383
CAND_01696,8.3,41.0,Bacharelado,Capitais,Remoto,Masculino,Amarela,0.7245800621826112
CAND_01697,0.8,57.0,Bacharelado,Capitais,Remoto,Masculino,Amarela,0.42092136249567413
CAND_01698,10.6,43.0,Bacharelado,Região Metropolitana,Presencial,Masculino,Branca,1.0
CAND_01699,13.2,54.0,Mestrado,Região Metropolitana,Remoto,Masculino,Branca,0.9283422974936398
CAND_01700,3.7,32.0,Bacharelado,Capitais,Híbrido,Masculino,Branca,0.8603886472597391
CAND_01701,9.3,62.0,Doutorado,Capitais,Presencial,Masculino,Branca,1.0
CAND_01702,6.6,40.0,Mestrado,Interior,Presencial,Feminino,Branca,0.28984215971051985
CAND_01703,2.3,51.0,Bacharelado,Região Metropolitana,Presencial,Masculino,Amarela,0.5056665765217815
CAND_01704,5.2,43.0,Mestrado,Região Metropolitana,Presencial,Feminino,Branca,0.5339769565631216
CAND_01705,2.2,58.0,Mestrado,Capitais,Remoto,Masculino,Branca,1.0
CAND_01706,0.0,49.0,Mestrado,Região Metropolitana,Remoto,Feminino,Branca,0.322912056526962
CAND_01707,2.5,62.0,Bacharelado,Região Metropolitana,Presencial,Feminino,Branca,0.3757238436692513
CAND_01708,0.2,69.0,Ensino Médio,Capitais,Remoto,Masculino,Branca,0.8373706797545408
CAND_01709,6.0,53.0,Ensino Médio,Capitais,Híbrido,Masculino,Branca,0.8509415499043651
CAND_01710,9.7,49.0,Mestrado,Interior,Presencial,Masculino,Branca,0.5532513376390692
CAND_01711,2.0,60.0,Bacharelado,Região Metropolitana,Híbrido,Masculino,Branca,0.844681734149383
CAND_01712,5.4,51.0,Bacharelado,Capitais,Presencial,Feminino,Preta,0.0748573187405217
CAND_01713,9.8,46.0,Mestrado,Capitais,Presencial,Feminino,Parda,0.5039313669682519
CAND_01714,5.1,41.0,Mestrado,Capitais,Presencial,Masculino,Branca,0.94670898080403
CAND_01715,6.6,61.0,Bacharelado,Capitais,Híbrido,Masculino,Amarela,0.5938781611457028
CAND_01716,4.1,52.0,Mestrado,Capitais,Presencial,Feminino,Branca,0.5696458897643886
CAND_01717,5.3,81.0,Mestrado,Capitais,Remoto,Não-binário,Branca,0.4309485605047261
CAND_01718,5.5,70.0,Mestrado,Capitais,Presencial,Feminino,Indígena,0.3909228001121248
CAND_01719,4.4,44.0,Doutorado,Capitais,Presencial,Feminino,Branca,0.7935202439083797
CAND_01720,6.9,57.0,Ensino Médio,Capitais,Presencial,Masculino,Preta,0.47371832273562037
CAND_01721,4.8,44.0,Ensino Médio,Capitais,Presencial,Feminino,Branca,0.42056075470261467
CAND_01722,5.0,57.0,Ensino Médio,Capitais,Híbrido,Feminino,Branca,0.3517239615866149
CAND_01723,0.5,38.0,Ensino Médio,Região Metropolitana,Remoto,Masculino,Preta,0.20885029817585843
CAND_01724,2.4,29.0,Mestrado,Região Metropolitana,Presencial,Masculino,Indígena,0.45743087118254017
CAND_01725,1.3,58.0,Mestrado,Capitais,Remoto,Masculino,Branca,1.0
CAND_01726,3.4,28.0,Mestrado,Região Metropolitana,Híbrido,Masculino,Parda,0.6233854375537138
CAND_01727,6.5,33.0,Mestrado,Capitais,Remoto,Masculino,Branca,0.8074654434168536
CAND_01728,4.6,30.0,Bacharelado,Capitais,Híbrido,Masculino,Parda,0.8539843669955104
CAND_01729,5.3,50.0,Mestrado,Capitais,Híbrido,Feminino,Branca,0.6623845214684508
CAND_01730,5.2,33.0,Bacharelado,Capitais,Remoto,Masculino,Branca,0.8025950825894496
CAND_01731,2.8,43.0,Ensino Médio,Região Metropolitana,Remoto,Masculino,Branca,0.689798121026401
CAND_01732,6.0,45.0,Bacharelado,Capitais,Presencial,Masculino,Branca,1.0
CAND_01733,6.2,12.0,Mestrado,Capitais,Remoto,Masculino,Branca,0.628081664351483
CAND_01734,10.6,64.0,Bacharelado,Capitais,Híbrido,Feminino,Branca,0.6725113864010288
CAND_01735,6.4,27.0,Mestrado,Capitais,Presencial,Masculino,Branca,0.9947353412970935
CAND_01736,8.3,49.0,Bacharelado,Capitais,Remoto,Masculino,Preta,0.5071454859916119
CAND_01737,3.2,60.0,Bacharelado,Região Metropolitana,Híbrido,Feminino,Branca,0.23712671383089245
CAND_01738,4.0,35.0,Bacharelado,Capitais,Presencial,Masculino,Branca,0.8955867242665618
CAND_01739,3.7,48.0,Bacharelado,Capitais,Remoto,Feminino,Preta,0.055498259538837455
CAND_01740,2.4,71.0,Bacharelado,Capitais,Remoto,Masculino,Branca,1.0
CAND_01741,4.0,40.0,Ensino Médio,Região Metropolitana,Presencial,Masculino,Branca,0.6554901765657866
CAND_01742,3.1,58.0,Bacharelado,Capitais,Presencial,Masculino,Branca,1.0
CAND_01743,9.0,73.0,Bacharelado,Capitais,Híbrido,Masculino,Branca,1.0
CAND_01744,3.1,43.0,Mestrado,Interior,Híbrido,Feminino,Branca,0.26206957959938504
CAND_01745,6.0,41.0,Bacharelado,Região Metropolitana,Híbrido,Feminino,Parda,0.31524393710258547
CAND_01746,3.0,35.0,Mestrado,Capitais,Remoto,Masculino,Branca,1.0
CAND_01747,10.4,58.0,Bacharelado,Capitais,Híbrido,Masculino,Preta,0.5293131742547913
CAND_01748,2.8,39.0,Mestrado,Capitais,Híbrido,Feminino,Branca,0.47044079093699465
CAND_01749,4.3,51.0,Doutorado,Capitais,Remoto,Feminino,Branca,0.5844115508521239
CAND_01750,10.3,64.0,Mestrado,Região Metropolitana,Presencial,Masculino,Branca,1.0
CAND_01751,10.1,76.0,Doutorado,Capitais,Presencial,Masculino,Branca,1.0
CAND_01752,3.2,38.0,Bacharelado,Interior,Presencial,Masculino,Parda,0.4512647364250384
CAND_01753,4.2,33.0,Mestrado,Região Metropolitana,Híbrido,Feminino,Parda,0.47885247128038744
CAND_01754,3.6,49.0,Mestrado,Região Metropolitana,Híbrido,Masculino,Preta,0.27065807020562566
CAND_01755,1.3,39.0,Bacharelado,Capitais,Remoto,Masculino,Preta,0.33463100854591415
CAND_01756,6.1,41.0,Doutorado,Capitais,Remoto,Feminino,Preta,0.0
CAND_01757,4.6,42.0,Bacharelado,Capitais,Presencial,Feminino,Parda,0.3651180837410201
CAND_01758,5.3,57.0,Bacharelado,Capitais,Presencial,Feminino,Branca,0.40333143485235423
CAND_01759,6.5,62.0,Bacharelado,Capitais,Remoto,Masculino,Branca,1.0
CAND_01760,3.1,65.0,Bacharelado,Região Metropolitana,Híbrido,Masculino,Branca,0.7614571732582276
CAND_01761,0.0,49.0,Bacharelado,Interior,Híbrido,Masculino,Amarela,0.11013563445710875
CAND_01762,3.4,51.0,Mestrado,Capitais,Presencial,Feminino,Branca,0.5582788663275763
CAND_01763,3.1,61.0,Bacharelado,Região Metropolitana,Remoto,Masculino,Branca,0.8073805735213527
CAND_01764,9.1,75.0,Bacharelado,Capitais,Presencial,Masculino,Branca,1.0
CAND_01765,9.7,46.0,Bacharelado,Capitais,Remoto,Feminino,Parda,0.649698614686935
CAND_01766,3.9,12.0,Bacharelado,Capitais,Presencial,Feminino,Branca,0.413079057671295
CAND_01767,10.5,25.0,Mestrado,Região Metropolitana,Remoto,Masculino,Branca,0.900899246329143
CAND_01768,4.3,75.0,Bacharelado,Capitais,Remoto,Masculino,Branca,1.0
CAND_01769,7.1,57.0,Ensino Médio,Região Metropolitana,Híbrido,Masculino,Branca,0.8013291084525463
CAND_01770,5.5,24.0,Mestrado,Região Metropolitana,Híbrido,Masculino,Branca,0.8067589129979199
CAND_01771,0.0,57.0,Bacharelado,Região Metropolitana,Remoto,Feminino,Preta,0.0
CAND_01772,0.4,42.0,Doutorado,Capitais,Presencial,Feminino,Branca,0.5164253894917683
CAND_01773,0.5,51.0,Mestrado,Capitais,Presencial,Feminino,Branca,0.5802239724679351
CAND_01774,4.9,19.0,Mestrado,Região Metropolitana,Híbrido,Feminino,Branca,0.32505383498447893
CAND_01775,0.9,36.0,Mestrado,Região Metropolitana,Híbrido,Feminino,Branca,0.32697184957038045
CAND_01776,6.4,62.0,Doutorado,Região Metropolitana,Remoto,Feminino,Branca,0.5259776903873746
CAND_01777,9.9,48.0,Bacharelado,Capitais,Remoto,Feminino,Branca,0.60644855065691
CAND_01778,5.4,51.0,Bacharelado,Região Metropolitana,Presencial,Feminino,Branca,0.5438515653970095
CAND_01779,3.7,52.0,Bacharelado,Capitais,Presencial,Masculino,Parda,0.9871891973526283
CAND_01780,5.4,47.0,Mestrado,Região Metropolitana,Híbrido,Masculino,Branca,0.9428118839876091
CAND_01781,4.9,37.0,Mestrado,Capitais,Presencial,Masculino,Amarela,0.5966562851075959
CAND_01782,2.8,27.0,Bacharelado,Capitais,Remoto,Feminino,Branca,0.33586043053868103
CAND_01783,8.6,56.0,Mestrado,Capitais,Remoto,Feminino,Branca,0.6101070649467261
CAND_01784,10.2,43.0,Bacharelado,Capitais,Híbrido,Masculino,Branca,1.0
CAND_01785,4.3,66.0,Bacharelado,Capitais,Remoto,Masculino,Branca,0.8818916671072865
CAND_01786,13.0,30.0,Mestrado,Região Metropolitana,Presencial,Feminino,Branca,0.5823354893942613
CAND_01787,0.0,55.0,Bacharelado,Região Metropolitana,Híbrido,Feminino,Preta,0.0
CAND_01788,2.2,41.0,Mestrado,Capitais,Presencial,Masculino,Branca,0.9786328843112824
CAND_01789,3.3,67.0,Doutorado,Região Metropolitana,Híbrido,Feminino,Branca,0.620730385764989
CAND_01790,1.5,64.0,Bacharelado,Capitais,Remoto,Masculino,Branca,1.0
CAND_01791,6.5,52.0,Bacharelado,Região Metropolitana,Híbrido,Masculino,Branca,0.9182465761651485
CAND_01792,3.4,57.0,Mestrado,Capitais,Híbrido,Masculino,Preta,0.3849337666701097
CAND_01793,8.4,30.0,Mestrado,Região Metropolitana,Híbrido,Masculino,Preta,0.4242813353504304
CAND_01794,8.0,29.0,Bacharelado,Capitais,Híbrido,Masculino,Preta,0.40780315936624445
CAND_01795,13.9,81.0,Mestrado,Região Metropolitana,Híbrido,Feminino,Preta,0.1241779954262453
CAND_01796,3.6,18.0,Bacharelado,Capitais,Híbrido,Masculino,Branca,0.8379032872741264
CAND_01797,8.8,61.0,Mestrado,Capitais,Presencial,Feminino,Preta,0.0
CAND_01798,0.0,76.0,Mestrado,Interior,Remoto,Masculino,Amarela,0.23446558456027725
CAND_01799,7.4,51.0,Mestrado,Capitais,Híbrido,Masculino,Branca,1.0
CAND_01800,5.3,74.0,Doutorado,Região Metropolitana,Presencial,Feminino,Parda,0.5576907861879571
CAND_01801,0.7,53.0,Bacharelado,Região Metropolitana,Presencial,Masculino,Branca,0.5720993890586763
CAND_01802,1.2,74.0,Mestrado,Região Metropolitana,Híbrido,Masculino,Branca,0.8481012454029727
CAND_01803,7.5,53.0,Bacharelado,Capitais,Presencial,Não-binário,Preta,0.07723764378630942
CAND_01804,3.9,63.0,Mestrado,Capitais,Híbrido,Masculino,Amarela,0.6114346746462974
CAND_01805,4.4,64.0,Ensino Médio,Capitais,Híbrido,Masculino,Indígena,0.6846175040369391
CAND_01806,4.2,49.0,Bacharelado,Região Metropolitana,Remoto,Masculino,Branca,0.8226624134512031
CAND_01807,8.0,36.0,Bacharelado,Região Metropolitana,Remoto,Feminino,Preta,0.0
CAND_01808,4.7,84.0,Mestrado,Capitais,Remoto,Feminino,Preta,0.1357708995421099
CAND_01809,6.6,59.0,Bacharelado,Região Metropolitana,Remoto,Masculino,Branca,0.8450456098821023
CAND_01810,1.7,63.0,Bacharelado,Interior,Presencial,Feminino,Amarela,0.0
CAND_01811,4.9,48.0,Bacharelado,Região Metropolitana,Presencial,Masculino,Branca,0.8074460778849734
CAND_01812,5.2,46.0,Ensino Médio,Região Metropolitana,Híbrido,Masculino,Preta,0.41782395058331445
CAND_01813,6.8,34.0,Bacharelado,Capitais,Remoto,Masculino,Branca,0.9343305163439918
CAND_01814,5.4,58.0,Ensino Médio,Capitais,Remoto,Feminino,Parda,0.4216712957170719
CAND_01815,2.2,61.0,Bacharelado,Região Metropolitana,Presencial,Masculino,Branca,0.6757447638261131
CAND_01816,4.0,71.0,Mestrado,Capitais,Híbrido,Masculino,Branca,1.0
CAND_01817,1.6,69.0,Mestrado,Capitais,Híbrido,Masculino,Amarela,0.7146522878598813
CAND_01818,9.0,71.0,Bacharelado,Interior,Híbrido,Masculino,Branca,0.8988623825707389
CAND_01819,4.2,68.0,Mestrado,Capitais,Híbrido,Feminino,Preta,0.0
CAND_01820,6.5,46.0,Bacharelado,Capitais,Presencial,Feminino,Branca,0.6870579266042328
CAND_01821,5.7,85.0,Bacharelado,Capitais,Remoto,Masculino,Branca,1.0
CAND_01822,8.1,29.0,Bacharelado,Região Metropolitana,Híbrido,Masculino,Branca,0.8235337151046909
CAND_01823,4.7,28.0,Bacharelado,Região Metropolitana,Híbrido,Masculino,Preta,0.3378650786491692
CAND_01824,3.2,40.0,Bacharelado,Região Metropolitana,Presencial,Masculino,Branca,0.6197419494958644
CAND_01825,3.4,41.0,Ensino Médio,Capitais,Presencial,Masculino,Parda,0.7397643550856414
CAND_01826,7.0,45.0,Ensino Médio,Região Metropolitana,Híbrido,Feminino,Branca,0.43229061157689874
CAND_01827,4.7,40.0,Doutorado,Região Metropolitana,Híbrido,Masculino,Branca,0.8232527553300036
CAND_01828,5.2,50.0,Bacharelado,Interior,Híbrido,Feminino,Preta,0.0
CAND_01829,4.6,31.0,Bacharelado,Região Metropolitana,Remoto,Masculino,Branca,0.7252472382600499
CAND_01830,2.3,43.0,Bacharelado,Capitais,Presencial,Masculino,Preta,0.6396285576852143
CAND_01831,4.7,51.0,Bacharelado,Capitais,Híbrido,Feminino,Preta,0.022567132530574806
CAND_01832,6.7,59.0,Doutorado,Capitais,Híbrido,Masculino,Parda,0.849679527382069
CAND_01833,2.4,36.0,Bacharelado,Região Metropolitana,Híbrido,Não-binário,Indígena,0.01074849179203359
CAND_01834,0.0,64.0,Doutorado,Capitais,Remoto,Masculino,Branca,0.8279019240841341
CAND_01835,8.2,55.0,Ensino Médio,Capitais,Híbrido,Masculino,Branca,1.0
CAND_01836,5.7,59.0,Bacharelado,Região Metropolitana,Híbrido,Masculino,Branca,0.8611998399245373
CAND_01837,5.3,28.0,Bacharelado,Região Metropolitana,Híbrido,Feminino,Branca,0.30212484711858967
CAND_01838,5.5,37.0,Bacharelado,Interior,Híbrido,Feminino,Branca,0.2565579189234048
CAND_01839,3.6,43.0,Ensino Médio,Capitais,Presencial,Masculino,Branca,0.8164444920641464
CAND_01840,9.1,55.0,Mestrado,Capitais,Híbrido,Masculino,Preta,0.367203742181911
CAND_01841,8.3,63.0,Bacharelado,Capitais,Híbrido,Feminino,Branca,0.6620083782118172
CAND_01842,9.9,34.0,Bacharelado,Capitais,Remoto,Feminino,Branca,0.6295875070814749
CAND_01843,1.5,57.0,Bacharelado,Região Metropolitana,Remoto,Masculino,Branca,0.5399200111998335
CAND_01844,9.0,34.0,Bacharelado,Capitais,Híbrido,Masculino,Branca,0.8528526848160619
CAND_01845,6.3,60.0,Bacharelado,Capitais,Presencial,Masculino,Branca,0.8285944890926749
CAND_01846,5.9,45.0,Bacharelado,Capitais,Presencial,Feminino,Branca,0.5078617408003172
CAND_01847,0.6,58.0,Bacharelado,Capitais,Remoto,Feminino,Branca,0.4334635947996792
CAND_01848,6.6,38.0,Bacharelado,Capitais,Presencial,Feminino,Branca,0.6228710506669287
CAND_01849,2.4,41.0,Bacharelado,Região Metropolitana,Presencial,Masculino,Preta,0.1624899851627744
CAND_01850,6.6,36.0,Bacharelado,Interior,Híbrido,Feminino,Branca,0.23387404925563668
CAND_01851,4.2,53.0,Bacharelado,Interior,Remoto,Masculino,Preta,0.09140297589008221
CAND_01852,4.1,42.0,Bacharelado,Capitais,Presencial,Feminino,Branca,0.4427560918896041
CAND_01853,10.4,9.0,Mestrado,Capitais,Presencial,Feminino,Branca,0.563115792636457
CAND_01854,9.4,64.0,Bacharelado,Região Metropolitana,Remoto,Feminino,Branca,0.49657430275558767
CAND_01855,0.6,49.0,Bacharelado,Capitais,Híbrido,Não-binário,Branca,0.42119104770342763
CAND_01856,5.8,70.0,Bacharelado,Região Metropolitana,Remoto,Feminino,Branca,0.41203507698624386
CAND_01857,2.1,26.0,Mestrado,Interior,Híbrido,Masculino,Branca,0.5685599999065956
CAND_01858,3.6,49.0,Bacharelado,Capitais,Híbrido,Não-binário,Indígena,0.0336853534637688
CAND_01859,3.2,29.0,Mestrado,Capitais,Presencial,Masculino,Amarela,0.578681406653376
CAND_01860,1.7,76.0,Bacharelado,Interior,Híbrido,Masculino,Branca,0.47627340477354974
CAND_01861,3.4,43.0,Bacharelado,Região Metropolitana,Presencial,Masculino,Amarela,0.018894120566948225
CAND_01862,6.7,65.0,Bacharelado,Região Metropolitana,Remoto,Masculino,Preta,0.44649359058891913
CAND_01863,0.9,40.0,Bacharelado,Capitais,Presencial,Masculino,Preta,0.17507528356643165
CAND_01864,7.1,50.0,Ensino Médio,Capitais,Remoto,Feminino,Branca,0.4812253068514955
CAND_01865,6.4,37.0,Bacharelado,Capitais,Presencial,Masculino,Branca,0.8580120176174448
CAND_01866,0.0,57.0,Bacharelado,Capitais,Remoto,Masculino,Branca,0.8975246981540435
CAND_01867,1.8,55.0,Bacharelado,Região Metropolitana,Remoto,Feminino,Preta,0.0
CAND_01868,8.5,29.0,Bacharelado,Interior,Híbrido,Feminino,Branca,0.15221871771197643
CAND_01869,4.9,61.0,Bacharelado,Interior,Híbrido,Feminino,Branca,0.436160808677228
CAND_01870,1.6,46.0,Bacharelado,Capitais,Híbrido,Feminino,Branca,0.4149735686459252
CAND_01871,8.2,50.0,Ensino Médio,Região Metropolitana,Híbrido,Feminino,Branca,0.4105410525156573
CAND_01872,1.2,55.0,Mestrado,Capitais,Presencial,Não-binário,Branca,0.37690250592332697
CAND_01873,4.1,21.0,Mestrado,Região Metropolitana,Remoto,Feminino,Preta,0.0
CAND_01874,5.7,66.0,Bacharelado,Interior,Presencial,Masculino,Preta,0.22329624352077176
CAND_01875,6.9,49.0,Ensino Médio,Região Metropolitana,Híbrido,Feminino,Branca,0.4232113982451311
CAND_01876,4.2,85.0,Bacharelado,Região Metropolitana,Híbrido,Feminino,Branca,0.6147155882392915
CAND_01877,0.0,49.0,Mestrado,Capitais,Presencial,Feminino,Indígena,0.21267698610449506
CAND_01878,3.3,71.0,Mestrado,Capitais,Híbrido,Feminino,Branca,0.7559961151177446
CAND_01879,6.8,60.0,Mestrado,Interior,Presencial,Masculino,Branca,0.918273797960799
CAND_01880,8.8,48.0,Mestrado,Região Metropolitana,Presencial,Masculino,Amarela,0.5014577975942587
CAND_01881,7.1,71.0,Bacharelado,Capitais,Presencial,Masculino,Branca,0.9475748275672323
CAND_01882,4.2,54.0,Bacharelado,Capitais,Presencial,Não-binário,Preta,0.0
CAND_01883,6.0,58.0,Bacharelado,Interior,Híbrido,Masculino,Branca,0.6812073651468127
CAND_01884,0.0,35.0,Bacharelado,Interior,Híbrido,Masculino,Branca,0.4010935276504634
CAND_01885,3.8,20.0,Mestrado,Capitais,Híbrido,Masculino,Branca,0.8504607422330912
CAND_01886,6.6,79.0,Mestrado,Região Metropolitana,Híbrido,Feminino,Branca,0.6087472531420043
CAND_01887,3.1,64.0,Bacharelado,Capitais,Presencial,Masculino,Branca,0.690567457766347
CAND_01888,10.8,62.0,Mestrado,Região Metropolitana,Híbrido,Não-binário,Branca,0.6610882564627081
CAND_01889,7.7,74.0,Bacharelado,Capitais,Remoto,Não-binário,Amarela,0.12343282218272719
CAND_01890,9.6,49.0,Bacharelado,Capitais,Híbrido,Feminino,Amarela,0.23057099727871888
CAND_01891,5.0,39.0,Bacharelado,Capitais,Remoto,Masculino,Branca,0.98935792568551
CAND_01892,12.1,36.0,Bacharelado,Interior,Presencial,Masculino,Branca,0.5750031753984596
CAND_01893,5.8,54.0,Bacharelado,Capitais,Remoto,Masculino,Branca,1.0
CAND_01894,0.4,56.0,Bacharelado,Região Metropolitana,Híbrido,Feminino,Branca,0.7025578302955873
CAND_01895,0.0,62.0,Mestrado,Capitais,Híbrido,Masculino,Branca,0.9049695975763713
CAND_01896,2.6,47.0,Bacharelado,Capitais,Remoto,Não-binário,Preta,0.0
CAND_01897,3.1,41.0,Bacharelado,Capitais,Presencial,Feminino,Parda,0.27175125097447694
CAND_01898,0.0,43.0,Bacharelado,Região Metropolitana,Presencial,Feminino,Branca,0.12097262529566116
CAND_01899,4.4,61.0,Bacharelado,Capitais,Híbrido,Feminino,Branca,0.759648526693148
CAND_01900,3.5,48.0,Bacharelado,Capitais,Presencial,Feminino,Branca,0.5206505692144545
CAND_01901,10.1,31.0,Ensino Médio,Capitais,Remoto,Masculino,Branca,1.0
CAND_01902,5.4,34.0,Bacharelado,Capitais,Remoto,Masculino,Branca,0.9013930770291273
CAND_01903,8.7,65.0,Bacharelado,Capitais,Presencial,Masculino,Branca,0.9311060126640611
CAND_01904,8.3,46.0,Mestrado,Capitais,Remoto,Masculino,Indígena,0.9363781976245957
CAND_01905,5.0,50.0,Mestrado,Região Metropolitana,Remoto,Não-binário,Branca,0.5045507705081884
CAND_01906,9.2,57.0,Bacharelado,Capitais,Híbrido,Masculino,Branca,1.0
CAND_01907,7.0,64.0,Bacharelado,Capitais,Remoto,Não-binário,Branca,0.675985371986045
CAND_01908,5.9,26.0,Bacharelado,Capitais,Presencial,Feminino,Amarela,0.0
CAND_01909,6.0,45.0,Bacharelado,Capitais,Presencial,Feminino,Branca,0.5755219336355412
CAND_01910,5.2,43.0,Ensino Médio,Capitais,Remoto,Masculino,Branca,0.9872631931105517
CAND_01911,1.3,31.0,Bacharelado,Região Metropolitana,Híbrido,Feminino,Branca,0.17618769854516328
CAND_01912,3.3,52.0,Mestrado,Capitais,Remoto,Masculino,Branca,0.9397259601487157
CAND_01913,5.6,59.0,Mestrado,Capitais,Remoto,Masculino,Branca,0.9709099824904944
CAND_01914,7.1,49.0,Ensino Médio,Região Metropolitana,Híbrido,Masculino,Branca,0.7671771348120537
CAND_01915,6.6,54.0,Mestrado,Capitais,Híbrido,Feminino,Parda,0.4174871308936025
CAND_01916,9.7,82.0,Ensino Médio,Capitais,Remoto,Masculino,Branca,0.9583066283266495
CAND_01917,3.4,19.0,Bacharelado,Capitais,Presencial,Masculino,Preta,0.39260993191243343
CAND_01918,6.8,57.0,Bacharelado,Capitais,Híbrido,Masculino,Preta,0.3055873049837161
CAND_01919,3.0,50.0,Mestrado,Região Metropolitana,Remoto,Masculino,Branca,0.8102069443927178
CAND_01920,3.8,48.0,Mestrado,Região Metropolitana,Remoto,Masculino,Preta,0.5718212217952195
CAND_01921,11.6,40.0,Bacharelado,Interior,Presencial,Masculino,Branca,0.6615576042436287
CAND_01922,4.6,44.0,Bacharelado,Capitais,Híbrido,Não-binário,Branca,0.41391224771246615
CAND_01923,9.3,43.0,Mestrado,Capitais,Híbrido,Masculino,Branca,1.0
CAND_01924,5.4,52.0,Bacharelado,Região Metropolitana,Presencial,Masculino,Branca,0.8260769302228997
CAND_01925,5.4,24.0,Mestrado,Interior,Remoto,Masculino,Branca,0.5596447565646885
CAND_01926,0.2,61.0,Bacharelado,Interior,Híbrido,Feminino,Branca,0.1953469847482186
CAND_01927,5.7,56.0,Ensino Médio,Capitais,Presencial,Masculino,Branca,1.0
CAND_01928,9.1,71.0,Bacharelado,Capitais,Presencial,Feminino,Branca,0.667175122567481
CAND_01929,0.0,39.0,Bacharelado,Capitais,Híbrido,Feminino,Branca,0.3342720180298545
CAND_01930,8.5,62.0,Ensino Médio,Capitais,Híbrido,Masculino,Preta,0.6845833045677437
CAND_01931,4.1,43.0,Bacharelado,Capitais,Remoto,Masculino,Branca,0.9023595785317435
CAND_01932,3.4,81.0,Ensino Médio,Capitais,Remoto,Masculino,Branca,0.9281233999592298
CAND_01933,8.8,22.0,Mestrado,Interior,Híbrido,Feminino,Branca,0.3030718806797801
CAND_01934,3.5,63.0,Bacharelado,Capitais,Presencial,Masculino,Branca,0.9760570524804162
CAND_01935,6.8,55.0,Bacharelado,Região Metropolitana,Remoto,Feminino,Branca,0.5296975299795303
CAND_01936,4.1,65.0,Bacharelado,Região Metropolitana,Presencial,Feminino,Parda,0.3662989697348953
CAND_01937,1.1,65.0,Bacharelado,Capitais,Presencial,Masculino,Branca,0.8821573424064646
CAND_01938,7.5,14.0,Bacharelado,Interior,Remoto,Feminino,Amarela,0.0
CAND_01939,4.7,70.0,Ensino Médio,Capitais,Híbrido,Feminino,Branca,0.6622877226189954
CAND_01940,7.2,14.0,Doutorado,Capitais,Remoto,Masculino,Branca,0.7242588842690775
CAND_01941,2.5,53.0,Bacharelado,Capitais,Híbrido,Masculino,Branca,0.7773320520632704
CAND_01942,8.1,77.0,Bacharelado,Região Metropolitana,Híbrido,Masculino,Parda,0.9902775965410565
CAND_01943,3.6,75.0,Bacharelado,Região Metropolitana,Remoto,Masculino,Branca,0.8835654081904398
CAND_01944,6.5,22.0,Mestrado,Capitais,Presencial,Feminino,Branca,0.5340363003382278
CAND_01945,4.9,57.0,Doutorado,Capitais,Híbrido,Masculino,Branca,1.0
CAND_01946,1.3,76.0,Doutorado,Região Metropolitana,Híbrido,Masculino,Branca,0.9957962357798235
CAND_01947,6.1,18.0,Bacharelado,Capitais,Híbrido,Não-binário,Preta,0.08695004962351827
CAND_01948,2.9,47.0,Bacharelado,Capitais,Remoto,Masculino,Branca,1.0
CAND_01949,7.8,56.0,Mestrado,Região Metropolitana,Presencial,Masculino,Amarela,0.5659811165399274
CAND_01950,6.0,79.0,Bacharelado,Interior,Híbrido,Feminino,Preta,0.0
CAND_01951,5.4,31.0,Bacharelado,Interior,Híbrido,Masculino,Indígena,0.17793788819158501
CAND_01952,7.2,35.0,Mestrado,Região Metropolitana,Híbrido,Feminino,Branca,0.35990771405824235
CAND_01953,0.8,37.0,Mestrado,Capitais,Híbrido,Feminino,Amarela,0.11033021877035301
CAND_01954,7.1,56.0,Bacharelado,Região Metropolitana,Presencial,Masculino,Branca,0.9016790836435198
CAND_01955,3.7,39.0,Ensino Médio,Capitais,Híbrido,Masculino,Branca,0.8188595567485721
CAND_01956,5.2,20.0,Bacharelado,Região Metropolitana,Remoto,Feminino,Branca,0.23473359406083294
CAND_01957,6.9,59.0,Mestrado,Capitais,Presencial,Masculino,Amarela,0.7323852162469358
CAND_01958,8.9,43.0,Bacharelado,Capitais,Presencial,Masculino,Branca,0.9215503713805488
CAND_01959,3.6,31.0,Mestrado,Capitais,Remoto,Não-binário,Preta,0.0
CAND_01960,2.5,42.0,Bacharelado,Capitais,Híbrido,Masculino,Parda,0.6844951925558842
CAND_01961,10.5,35.0,Bacharelado,Região Metropolitana,Presencial,Masculino,Parda,0.8907355706018868
CAND_01962,8.5,67.0,Bacharelado,Região Metropolitana,Remoto,Masculino,Branca,1.0
CAND_01963,5.9,69.0,Bacharelado,Região Metropolitana,Presencial,Masculino,Branca,0.9067126929940331
CAND_01964,0.0,39.0,Bacharelado,Região Metropolitana,Remoto,Masculino,Branca,0.6874663046201056
CAND_01965,1.6,59.0,Bacharelado,Capitais,Remoto,Feminino,Branca,0.5345506501991397
CAND_01966,0.1,58.0,Bacharelado,Capitais,Presencial,Masculino,Branca,0.8032652509567764
CAND_01967,3.7,32.0,Bacharelado,Capitais,Remoto,Masculino,Amarela,0.5657098453215369
CAND_01968,4.6,53.0,Bacharelado,Região Metropolitana,Híbrido,Feminino,Preta,0.0
CAND_01969,2.1,41.0,Mestrado,Capitais,Híbrido,Masculino,Branca,0.8124398739124681
CAND_01970,4.2,65.0,Bacharelado,Capitais,Remoto,Masculino,Branca,0.8013349486773833
CAND_01971,5.7,41.0,Mestrado,Capitais,Remoto,Não-binário,Branca,0.3683587366871883
CAND_01972,8.0,83.0,Mestrado,Capitais,Presencial,Masculino,Parda,1.0
CAND_01973,6.3,43.0,Bacharelado,Capitais,Híbrido,Masculino,Branca,1.0
CAND_01974,2.7,45.0,Bacharelado,Capitais,Híbrido,Feminino,Branca,0.4737717526049951
CAND_01975,5.0,57.0,Bacharelado,Capitais,Remoto,Feminino,Branca,0.5962769396139607
CAND_01976,0.0,46.0,Bacharelado,Capitais,Presencial,Masculino,Branca,0.83090959484717
CAND_01977,5.7,58.0,Bacharelado,Região Metropolitana,Híbrido,Masculino,Branca,1.0
CAND_01978,10.0,35.0,Mestrado,Região Metropolitana,Presencial,Feminino,Parda,0.4238790753301483
CAND_01979,3.1,28.0,Bacharelado,Capitais,Presencial,Masculino,Indígena,0.5926041097782191
CAND_01980,6.5,48.0,Bacharelado,Capitais,Híbrido,Masculino,Amarela,0.6748643167547358
CAND_01981,3.9,39.0,Bacharelado,Região Metropolitana,Presencial,Masculino,Branca,0.7859390489352726
CAND_01982,3.8,58.0,Bacharelado,Capitais,Híbrido,Masculino,Branca,0.9198373228015565
CAND_01983,1.6,47.0,Bacharelado,Região Metropolitana,Remoto,Masculino,Parda,0.8028251304380928
CAND_01984,3.2,36.0,Ensino Médio,Região Metropolitana,Remoto,Feminino,Amarela,0.0
CAND_01985,6.3,66.0,Bacharelado,Capitais,Remoto,Feminino,Branca,0.545571358849809
CAND_01986,6.2,46.0,Bacharelado,Capitais,Híbrido,Feminino,Preta,0.06053786593828306
CAND_01987,3.9,86.0,Mestrado,Região Metropolitana,Remoto,Feminino,Preta,0.17570065852144115
CAND_01988,4.7,57.0,Bacharelado,Região Metropolitana,Presencial,Masculino,Branca,0.7969144396116131
CAND_01989,0.6,43.0,Bacharelado,Capitais,Remoto,Não-binário,Branca,0.4147131860030232
CAND_01990,5.3,67.0,Bacharelado,Capitais,Remoto,Feminino,Branca,0.7127281767299415
CAND_01991,2.1,54.0,Bacharelado,Capitais,Remoto,Feminino,Branca,0.3604886415546964
CAND_01992,9.2,55.0,Ensino Médio,Capitais,Remoto,Feminino,Preta,0.29200588561448193
CAND_01993,1.2,82.0,Ensino Médio,Capitais,Híbrido,Feminino,Amarela,0.16267834624572342
CAND_01994,2.0,40.0,Bacharelado,Capitais,Presencial,Masculino,Branca,0.8047301475636601
CAND_01995,1.7,58.0,Bacharelado,Interior,Híbrido,Feminino,Preta,0.0
CAND_01996,9.1,51.0,Bacharelado,Capitais,Remoto,Feminino,Indígena,0.21692161871823074
CAND_01997,5.8,59.0,Bacharelado,Região Metropolitana,Híbrido,Masculino,Amarela,0.48997896807000496
CAND_01998,7.6,66.0,Bacharelado,Capitais,Presencial,Masculino,Branca,1.0
CAND_01999,4.5,71.0,Bacharelado,Capitais,Remoto,Masculino,Amarela,0.6327672724843011
CAND_02000,4.6,45.0,Mestrado,Região Metropolitana,Híbrido,Masculino,Branca,0.8112708626899285
CAND_02001,5.2,74.0,Mestrado,Capitais,Híbrido,Feminino,Branca,0.7240123068276442
CAND_02002,12.1,31.0,Bacharelado,Região Metropolitana,Presencial,Masculino,Preta,0.510839301326113
CAND_02003,6.8,56.0,Bacharelado,Capitais,Presencial,Masculino,Preta,0.5474079020296421
CAND_02004,3.8,67.0,Mestrado,Capitais,Híbrido,Masculino,Branca,1.0
CAND_02005,3.3,49.0,Mestrado,Capitais,Remoto,Feminino,Branca,0.5753146951245973
CAND_02006,8.8,68.0,Bacharelado,Região Metropolitana,Presencial,Masculino,Parda,0.8829917432988872
CAND_02007,8.2,56.0,Bacharelado,Interior,Presencial,Feminino,Branca,0.4416005532905366
CAND_02008,6.2,59.0,Bacharelado,Região Metropolitana,Remoto,Masculino,Branca,0.9013247596303166
CAND_02009,4.4,50.0,Bacharelado,Capitais,Presencial,Masculino,Branca,0.9200398268337562
CAND_02010,9.9,41.0,Bacharelado,Capitais,Híbrido,Feminino,Branca,0.7063426906924721
CAND_02011,4.9,46.0,Bacharelado,Capitais,Presencial,Masculino,Branca,0.8472749247661611
CAND_02012,2.6,58.0,Doutorado,Capitais,Híbrido,Masculino,Branca,0.9537486821379242
CAND_02013,6.1,71.0,Doutorado,Região Metropolitana,Presencial,Feminino,Preta,0.23484440635481182
CAND_02014,1.7,53.0,Bacharelado,Capitais,Híbrido,Feminino,Branca,0.4891676135684334
CAND_02015,8.6,38.0,Bacharelado,Região Metropolitana,Presencial,Feminino,Branca,0.40569770355833257
CAND_02016,1.8,14.0,Bacharelado,Capitais,Presencial,Masculino,Branca,0.894470315567391
CAND_02017,3.2,20.0,Bacharelado,Capitais,Híbrido,Masculino,Preta,0.14541141496645063
CAND_02018,0.0,78.0,Mestrado,Capitais,Remoto,Feminino,Preta,0.06662116600214263
CAND_02019,5.5,67.0,Ensino Médio,Região Metropolitana,Presencial,Masculino,Branca,0.9521422582097732
CAND_02020,0.7,37.0,Bacharelado,Capitais,Híbrido,Masculino,Branca,0.8160181632638733
CAND_02021,5.6,52.0,Ensino Médio,Capitais,Presencial,Feminino,Branca,0.5137590772445251
CAND_02022,0.0,33.0,Bacharelado,Capitais,Remoto,Masculino,Parda,0.5050989015089611
CAND_02023,6.2,26.0,Bacharelado,Capitais,Híbrido,Feminino,Preta,0.0
CAND_02024,0.0,51.0,Mestrado,Capitais,Remoto,Feminino,Amarela,0.16323431366468075
CAND_02025,0.0,55.0,Mestrado,Região Metropolitana,Híbrido,Feminino,Branca,0.4013462495938594
CAND_02026,6.4,21.0,Bacharelado,Capitais,Híbrido,Feminino,Amarela,0.0
CAND_02027,3.2,57.0,Bacharelado,Capitais,Presencial,Masculino,Branca,1.0
CAND_02028,5.8,23.0,Bacharelado,Interior,Híbrido,Masculino,Branca,0.5308579022943168
CAND_02029,4.4,24.0,Ensino Médio,Capitais,Presencial,Masculino,Parda,0.9087373452056109
CAND_02030,5.9,19.0,Mestrado,Capitais,Híbrido,Feminino,Parda,0.23444330485633624
CAND_02031,9.8,49.0,Bacharelado,Capitais,Híbrido,Masculino,Preta,0.5633220031271557
CAND_02032,4.8,35.0,Bacharelado,Capitais,Híbrido,Masculino,Parda,0.7737827792390867
CAND_02033,6.5,28.0,Bacharelado,Interior,Híbrido,Masculino,Preta,0.10036274731171096
CAND_02034,4.9,62.0,Doutorado,Capitais,Híbrido,Masculino,Amarela,0.6799532248384939
CAND_02035,2.2,32.0,Mestrado,Região Metropolitana,Remoto,Feminino,Branca,0.4508652689763629
CAND_02036,10.3,83.0,Bacharelado,Capitais,Remoto,Masculino,Branca,1.0
CAND_02037,2.5,89.0,Ensino Médio,Capitais,Híbrido,Masculino,Branca,0.9824653873478114
CAND_02038,8.1,53.0,Bacharelado,Região Metropolitana,Presencial,Feminino,Indígena,0.24177773311761488
CAND_02039,6.2,28.0,Bacharelado,Região Metropolitana,Híbrido,Masculino,Branca,0.6778026916084802
CAND_02040,6.5,43.0,Ensino Médio,Capitais,Remoto,Masculino,Parda,0.555274980109081
CAND_02041,6.4,51.0,Bacharelado,Região Metropolitana,Híbrido,Masculino,Parda,0.7299616668373943
CAND_02042,5.8,65.0,Bacharelado,Capitais,Presencial,Feminino,Branca,0.6185474509783848
CAND_02043,8.7,31.0,Bacharelado,Capitais,Presencial,Masculino,Branca,0.8743344342137098
CAND_02044,9.4,36.0,Bacharelado,Capitais,Híbrido,Feminino,Preta,0.22195474717355024
CAND_02045,1.7,27.0,Mestrado,Interior,Híbrido,Feminino,Branca,0.09351165721249655
CAND_02046,4.8,31.0,Mestrado,Região Metropolitana,Híbrido,Masculino,Branca,0.8199581227261028
CAND_02047,4.1,49.0,Bacharelado,Região Metropolitana,Híbrido,Feminino,Branca,0.3217448777450135
CAND_02048,3.2,41.0,Bacharelado,Capitais,Híbrido,Masculino,Preta,0.41230191844181685
CAND_02049,5.3,54.0,Bacharelado,Capitais,Presencial,Masculino,Branca,0.7593548424641754
CAND_02050,7.0,41.0,Ensino Médio,Capitais,Remoto,Feminino,Branca,0.5764334642081728
CAND_02051,3.4,70.0,Mestrado,Capitais,Híbrido,Feminino,Indígena,0.4147675038393626
CAND_02052,11.9,64.0,Doutorado,Capitais,Híbrido,Feminino,Branca,0.7265047652550313
CAND_02053,3.5,23.0,Bacharelado,Região Metropolitana,Híbrido,Feminino,Amarela,0.0
CAND_02054,6.6,50.0,Bacharelado,Região Metropolitana,Remoto,Masculino,Amarela,0.4354612854203318
CAND_02055,3.4,66.0,Bacharelado,Capitais,Remoto,Masculino,Indígena,0.7495321879693725
CAND_02056,4.0,66.0,Mestrado,Região Metropolitana,Presencial,Feminino,Indígena,0.2987503001596953
CAND_02057,8.0,45.0,Bacharelado,Capitais,Remoto,Masculino,Branca,0.9104261849208669
CAND_02058,10.2,53.0,Bacharelado,Capitais,Híbrido,Feminino,Branca,0.6974313563888164
CAND_02059,2.3,46.0,Bacharelado,Capitais,Remoto,Não-binário,Branca,0.34392448679433907
CAND_02060,12.8,48.0,Mestrado,Capitais,Presencial,Masculino,Preta,0.6032918327923658
CAND_02061,2.7,65.0,Mestrado,Região Metropolitana,Presencial,Masculino,Indígena,0.4777557076082162
CAND_02062,3.8,31.0,Bacharelado,Capitais,Híbrido,Feminino,Branca,0.4874373541166637
CAND_02063,8.6,46.0,Bacharelado,Região Metropolitana,Remoto,Masculino,Branca,0.8913024007478019
CAND_02064,8.2,50.0,Bacharelado,Capitais,Presencial,Masculino,Indígena,0.7321580574379387
CAND_02065,12.4,49.0,Ensino Médio,Região Metropolitana,Híbrido,Masculino,Branca,1.0
CAND_02066,7.8,55.0,Bacharelado,Capitais,Remoto,Feminino,Branca,0.6418993108975479
CAND_02067,7.3,29.0,Bacharelado,Capitais,Presencial,Feminino,Branca,0.3672638554907212
CAND_02068,3.6,38.0,Bacharelado,Capitais,Presencial,Masculino,Branca,0.9668370621958077
CAND_02069,5.9,38.0,Bacharelado,Capitais,Híbrido,Masculino,Branca,1.0
CAND_02070,1.5,46.0,Mestrado,Interior,Remoto,Feminino,Branca,0.29214946309238454
CAND_02071,8.3,35.0,Bacharelado,Capitais,Remoto,Masculino,Amarela,0.5747838848623652
CAND_02072,4.7,63.0,Mestrado,Capitais,Presencial,Feminino,Branca,0.4462643613158717
CAND_02073,3.7,40.0,Mestrado,Região Metropolitana,Híbrido,Masculino,Preta,0.4655759105778202
CAND_02074,7.9,29.0,Mestrado,Região Metropolitana,Híbrido,Masculino,Branca,0.9107012632908962
CAND_02075,2.4,86.0,Doutorado,Capitais,Presencial,Masculino,Indígena,0.8707853005257576
CAND_02076,4.1,67.0,Ensino Médio,Capitais,Remoto,Masculino,Branca,1.0
CAND_02077,9.4,63.0,Bacharelado,Região Metropolitana,Presencial,Masculino,Branca,1.0
CAND_02078,5.6,77.0,Bacharelado,Capitais,Presencial,Feminino,Branca,0.6883871029287788
CAND_02079,4.3,35.0,Bacharelado,Capitais,Híbrido,Masculino,Branca,0.8627119615944492
CAND_02080,3.7,31.0,Bacharelado,Capitais,Híbrido,Masculino,Branca,0.7770413980885527
CAND_02081,7.8,41.0,Bacharelado,Capitais,Híbrido,Masculino,Parda,1.0
CAND_02082,3.8,63.0,Mestrado,Capitais,Presencial,Feminino,Branca,0.6659649488120524
CAND_02083,0.0,67.0,Mestrado,Capitais,Remoto,Feminino,Branca,0.5188635120085041
CAND_02084,3.0,30.0,Bacharelado,Capitais,Remoto,Masculino,Branca,0.7676841409004914
CAND_02085,4.0,27.0,Bacharelado,Região Metropolitana,Remoto,Masculino,Branca,0.738609518668428
CAND_02086,7.0,69.0,Bacharelado,Capitais,Presencial,Feminino,Branca,0.8489989253834083
CAND_02087,5.7,18.0,Bacharelado,Região Metropolitana,Presencial,Masculino,Branca,0.7151118049829519
CAND_02088,9.0,57.0,Bacharelado,Interior,Remoto,Masculino,Parda,0.6747252193715612
CAND_02089,4.8,20.0,Mestrado,Interior,Remoto,Masculino,Branca,0.7313506215605456
CAND_02090,3.1,68.0,Bacharelado,Capitais,Híbrido,Masculino,Parda,0.8913212572830207
CAND_02091,0.6,61.0,Mestrado,Capitais,Presencial,Masculino,Preta,0.32078049875272285
CAND_02092,0.0,36.0,Mestrado,Região Metropolitana,Híbrido,Feminino,Branca,0.3980497335220816
CAND_02093,2.0,70.0,Ensino Médio,Capitais,Remoto,Masculino,Branca,0.7564174317548447
CAND_02094,4.4,62.0,Mestrado,Capitais,Presencial,Feminino,Branca,0.7016931783809541
CAND_02095,6.2,54.0,Bacharelado,Região Metropolitana,Híbrido,Feminino,Preta,0.07978500893194522
CAND_02096,6.6,46.0,Ensino Médio,Capitais,Remoto,Masculino,Branca,1.0
CAND_02097,4.0,51.0,Bacharelado,Capitais,Híbrido,Masculino,Branca,1.0
CAND_02098,5.7,41.0,Doutorado,Capitais,Presencial,Masculino,Parda,0.9850037436170537
CAND_02099,7.6,48.0,Ensino Médio,Capitais,Remoto,Masculino,Preta,0.42638529479732773
CAND_02100,7.5,50.0,Bacharelado,Interior,Híbrido,Feminino,Branca,0.4084870485234017
CAND_02101,3.0,32.0,Ensino Médio,Capitais,Remoto,Feminino,Branca,0.4572063295029267
CAND_02102,7.1,40.0,Bacharelado,Capitais,Presencial,Masculino,Branca,0.8218678267513593
CAND_02103,5.3,39.0,Bacharelado,Capitais,Presencial,Feminino,Branca,0.7000972338060293
CAND_02104,4.2,36.0,Bacharelado,Região Metropolitana,Híbrido,Feminino,Parda,0.07226709652768157
CAND_02105,3.6,84.0,Mestrado,Capitais,Remoto,Masculino,Branca,1.0
CAND_02106,6.1,50.0,Bacharelado,Capitais,Híbrido,Masculino,Preta,0.3685398571832654
CAND_02107,6.2,45.0,Bacharelado,Capitais,Presencial,Masculino,Parda,0.7640537157811345
CAND_02108,8.3,71.0,Bacharelado,Interior,Híbrido,Masculino,Amarela,0.5146621217610874
CAND_02109,4.8,14.0,Mestrado,Região Metropolitana,Híbrido,Masculino,Preta,0.2732214323314067
CAND_02110,2.3,66.0,Ensino Médio,Capitais,Híbrido,Masculino,Indígena,0.5896933529509419
CAND_02111,5.1,53.0,Bacharelado,Região Metropolitana,Híbrido,Masculino,Parda,0.6552170530191319
CAND_02112,4.7,45.0,Bacharelado,Região Metropolitana,Híbrido,Feminino,Branca,0.4828815898170058
CAND_02113,4.5,56.0,Bacharelado,Região Metropolitana,Remoto,Feminino,Branca,0.3537362736308383
CAND_02114,3.1,82.0,Mestrado,Capitais,Remoto,Masculino,Branca,1.0
CAND_02115,5.4,52.0,Bacharelado,Capitais,Remoto,Feminino,Branca,0.5924220157856939
CAND_02116,10.7,61.0,Doutorado,Região Metropolitana,Híbrido,Masculino,Preta,0.7680633115710161
CAND_02117,4.0,61.0,Bacharelado,Capitais,Híbrido,Masculino,Branca,0.7949345933586064
CAND_02118,1.9,51.0,Ensino Médio,Capitais,Híbrido,Masculino,Parda,0.8824826815317435
CAND_02119,3.2,56.0,Mestrado,Região Metropolitana,Híbrido,Masculino,Indígena,0.6436188435132406
CAND_02120,7.2,55.0,Bacharelado,Região Metropolitana,Remoto,Masculino,Branca,0.8127187277722213
CAND_02121,3.7,53.0,Mestrado,Interior,Híbrido,Masculino,Branca,0.845557387424495
CAND_02122,3.7,35.0,Mestrado,Capitais,Remoto,Masculino,Parda,0.6888982941178281
CAND_02123,2.7,37.0,Bacharelado,Capitais,Presencial,Feminino,Indígena,0.23814430755021437
CAND_02124,0.0,45.0,Bacharelado,Região Metropolitana,Híbrido,Feminino,Branca,0.3813367981925728
CAND_02125,0.9,34.0,Doutorado,Capitais,Remoto,Masculino,Parda,0.8248482147991943
CAND_02126,1.3,43.0,Bacharelado,Região Metropolitana,Remoto,Masculino,Branca,0.6277288306004143
CAND_02127,4.1,44.0,Mestrado,Região Metropolitana,Remoto,Masculino,Indígena,0.6344772824277978
CAND_02128,3.8,45.0,Bacharelado,Capitais,Híbrido,Feminino,Branca,0.6811231884438612
CAND_02129,5.3,50.0,Ensino Médio,Capitais,Presencial,Não-binário,Indígena,0.12735797250291986
CAND_02130,7.0,67.0,Mestrado,Região Metropolitana,Híbrido,Masculino,Indígena,0.7300763925388541
CAND_02131,7.5,51.0,Bacharelado,Capitais,Presencial,Feminino,Branca,0.619966564020908
CAND_02132,6.0,26.0,Bacharelado,Interior,Híbrido,Feminino,Parda,0.0057851668534127515
CAND_02133,9.8,57.0,Mestrado,Região Metropolitana,Híbrido,Masculino,Preta,0.5951367209155372
CAND_02134,1.5,55.0,Bacharelado,Capitais,Híbrido,Masculino,Branca,0.9814463872915866
CAND_02135,4.4,37.0,Bacharelado,Capitais,Presencial,Masculino,Branca,0.9165282539940537
CAND_02136,6.1,61.0,Bacharelado,Capitais,Híbrido,Masculino,Branca,1.0
CAND_02137,4.2,65.0,Bacharelado,Região Metropolitana,Híbrido,Masculino,Branca,0.6065695558609567
CAND_02138,4.5,52.0,Doutorado,Capitais,Híbrido,Feminino,Amarela,0.2978135890691559
CAND_02139,1.7,51.0,Mestrado,Capitais,Remoto,Não-binário,Preta,0.0
CAND_02140,5.8,83.0,Bacharelado,Capitais,Presencial,Masculino,Branca,1.0
CAND_02141,1.5,23.0,Bacharelado,Região Metropolitana,Remoto,Masculino,Indígena,0.15768081862124506
CAND_02142,3.8,45.0,Bacharelado,Capitais,Híbrido,Feminino,Branca,0.6867850382595369
CAND_02143,7.2,33.0,Bacharelado,Capitais,Remoto,Feminino,Branca,0.45016971075174517
CAND_02144,6.8,79.0,Mestrado,Capitais,Presencial,Masculino,Parda,1.0
CAND_02145,5.2,30.0,Mestrado,Região Metropolitana,Presencial,Masculino,Branca,0.9190458128344778
CAND_02146,7.2,65.0,Bacharelado,Capitais,Híbrido,Masculino,Indígena,0.8272164764628117
CAND_02147,4.8,64.0,Mestrado,Capitais,Remoto,Masculino,Branca,1.0
CAND_02148,1.2,20.0,Bacharelado,Capitais,Presencial,Feminino,Branca,0.3299904666156044
CAND_02149,2.5,40.0,Bacharelado,Capitais,Presencial,Masculino,Branca,0.9758055032298291
CAND_02150,6.5,68.0,Doutorado,Interior,Presencial,Masculino,Branca,0.8317698617212712
CAND_02151,2.8,46.0,Bacharelado,Interior,Presencial,Masculino,Parda,0.6271649495297397
CAND_02152,7.8,35.0,Bacharelado,Capitais,Remoto,Masculino,Branca,0.6822439083708951
CAND_02153,10.2,41.0,Bacharelado,Capitais,Híbrido,Feminino,Parda,0.6232922224566029
CAND_02154,9.5,49.0,Bacharelado,Capitais,Remoto,Feminino,Branca,0.6799289983491914
CAND_02155,0.4,49.0,Bacharelado,Capitais,Presencial,Feminino,Branca,0.3830217356979585
CAND_02156,8.5,55.0,Doutorado,Capitais,Presencial,Masculino,Branca,1.0
CAND_02157,0.0,0.0,Bacharelado,Capitais,Híbrido,Feminino,Branca,0.17886149677118549
CAND_02158,0.3,52.0,Mestrado,Região Metropolitana,Híbrido,Feminino,Parda,0.2960632853456543
CAND_02159,0.5,55.0,Bacharelado,Capitais,Remoto,Masculino,Parda,0.6396174532614685
CAND_02160,0.2,60.0,Bacharelado,Região Metropolitana,Remoto,Masculino,Branca,0.7243932371352468
CAND_02161,0.9,59.0,Bacharelado,Região Metropolitana,Híbrido,Masculino,Branca,0.7679986135574938
CAND_02162,11.7,47.0,Mestrado,Capitais,Híbrido,Masculino,Amarela,0.7485196854403852
CAND_02163,4.2,21.0,Bacharelado,Região Metropolitana,Presencial,Masculino,Preta,0.32632600774567816
CAND_02164,4.1,62.0,Bacharelado,Capitais,Híbrido,Masculino,Branca,0.9968476603767122
CAND_02165,6.9,56.0,Bacharelado,Capitais,Remoto,Masculino,Indígena,0.9227554116626158
CAND_02166,7.1,38.0,Bacharelado,Região Metropolitana,Remoto,Masculino,Branca,0.6460790740136686
CAND_02167,8.7,29.0,Bacharelado,Capitais,Presencial,Masculino,Branca,1.0
CAND_02168,9.1,24.0,Doutorado,Região Metropolitana,Remoto,Feminino,Branca,0.5409436919829463
CAND_02169,0.8,52.0,Mestrado,Região Metropolitana,Remoto,Masculino,Indígena,0.6373053781814116
CAND_02170,2.6,18.0,Bacharelado,Capitais,Presencial,Não-binário,Preta,0.0
CAND_02171,0.0,42.0,Bacharelado,Região Metropolitana,Remoto,Masculino,Amarela,0.3397545165499544
CAND_02172,2.0,79.0,Bacharelado,Capitais,Híbrido,Masculino,Parda,0.6540209654210354
CAND_02173,0.8,44.0,Bacharelado,Capitais,Presencial,Feminino,Preta,0.0
CAND_02174,6.2,48.0,Ensino Médio,Capitais,Híbrido,Masculino,Branca,0.6891235570526388
CAND_02175,0.0,35.0,Bacharelado,Capitais,Remoto,Feminino,Branca,0.48287585036693675
CAND_02176,2.0,22.0,Doutorado,Capitais,Presencial,Feminino,Preta,0.0
CAND_02177,2.0,44.0,Mestrado,Capitais,Híbrido,Feminino,Branca,0.5540351432225368
CAND_02178,2.1,31.0,Bacharelado,Região Metropolitana,Remoto,Feminino,Branca,0.3719958398923572
CAND_02179,4.9,58.0,Doutorado,Capitais,Presencial,Feminino,Amarela,0.20761151393826113
CAND_02180,4.1,49.0,Ensino Médio,Região Metropolitana,Remoto,Feminino,Branca,0.4631838451641142
CAND_02181,0.0,49.0,Bacharelado,Interior,Híbrido,Masculino,Branca,0.6761215751078854
CAND_02182,5.7,72.0,Bacharelado,Região Metropolitana,Híbrido,Masculino,Branca,0.7050604040783321
CAND_02183,5.0,56.0,Bacharelado,Capitais,Presencial,Feminino,Branca,0.6123913662931556
CAND_02184,10.2,62.0,Bacharelado,Capitais,Remoto,Masculino,Amarela,0.8850668508022944
CAND_02185,7.0,37.0,Mestrado,Região Metropolitana,Híbrido,Feminino,Parda,0.4647553368807166
CAND_02186,7.1,60.0,Bacharelado,Região Metropolitana,Remoto,Masculino,Branca,1.0
CAND_02187,4.4,56.0,Mestrado,Capitais,Híbrido,Masculino,Parda,1.0
CAND_02188,7.8,82.0,Bacharelado,Capitais,Híbrido,Feminino,Parda,0.8197239690818521
CAND_02189,2.0,71.0,Mestrado,Capitais,Presencial,Masculino,Branca,0.9609499022001242
CAND_02190,5.5,40.0,Mestrado,Capitais,Híbrido,Masculino,Preta,0.4560135506411741
CAND_02191,4.8,33.0,Mestrado,Região Metropolitana,Presencial,Feminino,Branca,0.3172592365343383
CAND_02192,2.2,24.0,Bacharelado,Capitais,Remoto,Feminino,Branca,0.39939099822640906
CAND_02193,6.9,59.0,Bacharelado,Capitais,Remoto,Masculino,Preta,0.6187831885754131
CAND_02194,5.4,62.0,Bacharelado,Capitais,Híbrido,Não-binário,Branca,0.47372800095733714
CAND_02195,11.6,45.0,Mestrado,Região Metropolitana,Presencial,Masculino,Branca,1.0
CAND_02196,8.6,31.0,Doutorado,Capitais,Remoto,Masculino,Branca,1.0
CAND_02197,3.2,46.0,Bacharelado,Capitais,Híbrido,Não-binário,Preta,0.0
CAND_02198,4.1,38.0,Bacharelado,Interior,Remoto,Masculino,Branca,0.7787461254943391
CAND_02199,5.1,37.0,Mestrado,Capitais,Remoto,Masculino,Preta,0.45312139234093146
CAND_02200,6.0,38.0,Bacharelado,Capitais,Híbrido,Masculino,Branca,1.0
CAND_02201,3.6,55.0,Ensino Médio,Interior,Híbrido,Masculino,Branca,0.6015515205578277
CAND_02202,3.6,70.0,Bacharelado,Interior,Híbrido,Masculino,Branca,0.4911833188477667
CAND_02203,3.0,57.0,Mestrado,Capitais,Remoto,Masculino,Branca,0.9247036751974568
CAND_02204,5.7,42.0,Bacharelado,Capitais,Presencial,Masculino,Branca,0.6165011039546313
CAND_02205,2.6,29.0,Ensino Médio,Capitais,Híbrido,Masculino,Parda,0.6540656554910248
CAND_02206,8.8,67.0,Doutorado,Capitais,Híbrido,Feminino,Preta,0.22917117173294332
CAND_02207,8.5,53.0,Ensino Médio,Capitais,Presencial,Masculino,Branca,0.9964802169612078
CAND_02208,7.1,64.0,Bacharelado,Capitais,Híbrido,Masculino,Branca,1.0
CAND_02209,2.8,48.0,Mestrado,Capitais,Presencial,Masculino,Branca,0.9661694178452296
CAND_02210,7.9,73.0,Bacharelado,Capitais,Híbrido,Masculino,Preta,0.4258012683464225
CAND_02211,7.3,72.0,Mestrado,Região Metropolitana,Presencial,Masculino,Preta,0.5823398663922044
CAND_02212,5.5,57.0,Bacharelado,Região Metropolitana,Remoto,Feminino,Amarela,0.0
CAND_02213,9.0,19.0,Doutorado,Região Metropolitana,Presencial,Masculino,Branca,0.9941879291574452
CAND_02214,6.9,73.0,Bacharelado,Capitais,Híbrido,Masculino,Branca,1.0
CAND_02215,5.2,59.0,Mestrado,Capitais,Híbrido,Feminino,Branca,0.5505598738475675
CAND_02216,2.1,27.0,Mestrado,Região Metropolitana,Remoto,Masculino,Branca,0.9355831312223105
CAND_02217,5.1,71.0,Mestrado,Capitais,Presencial,Masculino,Preta,0.6583184034993315
CAND_02218,5.3,36.0,Bacharelado,Capitais,Híbrido,Feminino,Preta,0.05839886681930136
CAND_02219,2.3,51.0,Bacharelado,Capitais,Híbrido,Feminino,Preta,0.05431977465269423
CAND_02220,5.2,48.0,Bacharelado,Região Metropolitana,Presencial,Feminino,Branca,0.44220815264384133
CAND_02221,6.0,37.0,Mestrado,Interior,Híbrido,Feminino,Preta,0.0
CAND_02222,8.6,21.0,Mestrado,Capitais,Híbrido,Masculino,Branca,0.8969183521815656
CAND_02223,5.8,86.0,Bacharelado,Interior,Presencial,Masculino,Parda,0.7080029345920736
CAND_02224,2.9,69.0,Bacharelado,Capitais,Híbrido,Masculino,Preta,0.3627717196694431
CAND_02225,6.1,56.0,Bacharelado,Capitais,Presencial,Feminino,Branca,0.5525460966254003
CAND_02226,11.0,59.0,Bacharelado,Região Metropolitana,Remoto,Feminino,Preta,0.23199520870621598
CAND_02227,0.0,45.0,Bacharelado,Capitais,Híbrido,Masculino,Amarela,0.43460636799813795
CAND_02228,5.2,76.0,Bacharelado,Capitais,Presencial,Masculino,Branca,1.0
CAND_02229,6.4,70.0,Bacharelado,Capitais,Remoto,Masculino,Parda,1.0
CAND_02230,2.8,43.0,Bacharelado,Capitais,Presencial,Masculino,Branca,0.8985904049748197
CAND_02231,10.8,46.0,Bacharelado,Capitais,Híbrido,Masculino,Amarela,0.5099947311370125
CAND_02232,4.5,40.0,Bacharelado,Capitais,Remoto,Feminino,Parda,0.3932548691216775
CAND_02233,6.0,71.0,Mestrado,Capitais,Presencial,Feminino,Branca,0.6192106249299323
CAND_02234,6.8,63.0,Mestrado,Região Metropolitana,Presencial,Não-binário,Branca,0.6791229554610166
CAND_02235,7.8,39.0,Bacharelado,Região Metropolitana,Híbrido,Masculino,Branca,0.745943849726257
CAND_02236,4.0,28.0,Ensino Médio,Interior,Presencial,Feminino,Branca,0.19621346941115098
CAND_02237,2.3,73.0,Bacharelado,Capitais,Híbrido,Masculino,Branca,0.9969126219918721
CAND_02238,5.7,49.0,Bacharelado,Capitais,Híbrido,Feminino,Branca,0.6988368096673575
CAND_02239,1.9,72.0,Bacharelado,Capitais,Presencial,Masculino,Amarela,0.4896113991204597
CAND_02240,5.5,39.0,Bacharelado,Capitais,Presencial,Masculino,Indígena,0.4208352978997377
CAND_02241,3.2,35.0,Bacharelado,Capitais,Híbrido,Feminino,Branca,0.42912445156261697
CAND_02242,6.5,46.0,Mestrado,Região Metropolitana,Híbrido,Masculino,Branca,0.9347544475588475
CAND_02243,7.9,49.0,Mestrado,Região Metropolitana,Presencial,Masculino,Branca,1.0
CAND_02244,0.7,56.0,Mestrado,Região Metropolitana,Presencial,Masculino,Branca,0.7100576325141084
CAND_02245,5.1,45.0,Doutorado,Capitais,Híbrido,Masculino,Preta,0.4840467052473782
CAND_02246,2.3,47.0,Bacharelado,Região Metropolitana,Presencial,Não-binário,Parda,0.2132395557143621
CAND_02247,9.6,39.0,Bacharelado,Capitais,Híbrido,Feminino,Preta,0.0
CAND_02248,2.0,68.0,Ensino Médio,Capitais,Híbrido,Masculino,Branca,0.7666534688532955
CAND_02249,6.0,62.0,Bacharelado,Região Metropolitana,Presencial,Feminino,Branca,0.5001090342992434
CAND_02250,1.3,40.0,Doutorado,Capitais,Remoto,Feminino,Branca,0.6152285572966213
CAND_02251,1.3,96.0,Mestrado,Região Metropolitana,Presencial,Masculino,Branca,1.0
CAND_02252,4.8,30.0,Bacharelado,Capitais,Remoto,Feminino,Parda,0.2850425198131529
CAND_02253,6.6,66.0,Doutorado,Região Metropolitana,Presencial,Feminino,Branca,0.6810488911698438
CAND_02254,8.4,45.0,Doutorado,Capitais,Remoto,Masculino,Branca,1.0
CAND_02255,5.2,60.0,Bacharelado,Interior,Remoto,Masculino,Branca,0.7425897890761983
CAND_02256,2.3,73.0,Mestrado,Região Metropolitana,Presencial,Feminino,Branca,0.2508978733780898
CAND_02257,4.9,45.0,Doutorado,Região Metropolitana,Presencial,Masculino,Branca,0.9685297008554351
CAND_02258,3.6,54.0,Ensino Médio,Capitais,Remoto,Masculino,Indígena,0.6503480926636248
CAND_02259,4.8,71.0,Mestrado,Região Metropolitana,Remoto,Feminino,Preta,0.10585325507601201
CAND_02260,8.1,57.0,Bacharelado,Capitais,Remoto,Masculino,Branca,1.0
CAND_02261,6.7,31.0,Bacharelado,Região Metropolitana,Remoto,Feminino,Parda,0.5992229818152015
CAND_02262,0.0,33.0,Bacharelado,Região Metropolitana,Híbrido,Masculino,Preta,0.10283834104456031
CAND_02263,6.3,54.0,Bacharelado,Região Metropolitana,Híbrido,Feminino,Parda,0.4128341712935982
CAND_02264,4.8,35.0,Mestrado,Capitais,Remoto,Não-binário,Amarela,0.008818721505770281
CAND_02265,2.6,51.0,Bacharelado,Capitais,Remoto,Masculino,Branca,0.8344195029707536
CAND_02266,9.2,74.0,Doutorado,Capitais,Híbrido,Masculino,Branca,1.0
CAND_02267,6.0,67.0,Mestrado,Capitais,Remoto,Não-binário,Parda,0.5936870803754379
CAND_02268,5.3,83.0,Mestrado,Capitais,Híbrido,Masculino,Branca,1.0
CAND_02269,6.9,43.0,Bacharelado,Capitais,Híbrido,Masculino,Branca,0.9048243164792871
CAND_02270,4.7,39.0,Mestrado,Capitais,Presencial,Masculino,Branca,0.9246256480071019
CAND_02271,6.6,60.0,Bacharelado,Capitais,Remoto,Feminino,Branca,0.48068793514314945
CAND_02272,4.8,46.0,Doutorado,Capitais,Presencial,Feminino,Preta,0.10240353787306337
CAND_02273,4.5,29.0,Ensino Médio,Região Metropolitana,Presencial,Feminino,Branca,0.4460313896044131
CAND_02274,8.9,37.0,Bacharelado,Interior,Presencial,Masculino,Branca,0.5961985875219487
CAND_02275,0.3,51.0,Ensino Médio,Região Metropolitana,Remoto,Masculino,Branca,0.5595406517664359
CAND_02276,10.4,57.0,Bacharelado,Capitais,Híbrido,Masculino,Parda,0.9105276776502534
CAND_02277,1.8,63.0,Bacharelado,Interior,Híbrido,Feminino,Branca,0.3852096207198924
CAND_02278,5.1,45.0,Ensino Médio,Interior,Remoto,Masculino,Branca,0.5465643522299356
CAND_02279,0.0,54.0,Bacharelado,Capitais,Híbrido,Feminino,Amarela,0.05215564688211159
CAND_02280,5.2,55.0,Mestrado,Capitais,Híbrido,Masculino,Branca,1.0
CAND_02281,6.5,43.0,Bacharelado,Região Metropolitana,Remoto,Feminino,Branca,0.3178470462741771
CAND_02282,3.5,37.0,Bacharelado,Região Metropolitana,Híbrido,Masculino,Branca,0.9213411990081051
CAND_02283,8.9,45.0,Bacharelado,Capitais,Presencial,Masculino,Branca,0.9772641487501069
CAND_02284,3.3,59.0,Mestrado,Capitais,Presencial,Masculino,Branca,0.8481859924749153
CAND_02285,6.9,63.0,Mestrado,Capitais,Remoto,Feminino,Branca,0.6888764647490968
CAND_02286,0.0,52.0,Bacharelado,Interior,Presencial,Feminino,Branca,0.22372778554765038
CAND_02287,5.2,62.0,Mestrado,Região Metropolitana,Híbrido,Masculino,Branca,0.8887707808665284
CAND_02288,3.1,14.0,Bacharelado,Região Metropolitana,Remoto,Masculino,Branca,0.7969901469779848
CAND_02289,5.2,36.0,Mestrado,Interior,Remoto,Feminino,Branca,0.17436071607167747
CAND_02290,7.3,53.0,Bacharelado,Capitais,Remoto,Masculino,Branca,1.0
CAND_02291,4.2,67.0,Mestrado,Capitais,Remoto,Feminino,Parda,0.6392972691795146
CAND_02292,0.1,59.0,Bacharelado,Capitais,Híbrido,Masculino,Branca,0.9579562974453241
CAND_02293,2.0,77.0,Doutorado,Região Metropolitana,Presencial,Masculino,Branca,0.8566533399081658
CAND_02294,9.8,67.0,Mestrado,Capitais,Presencial,Masculino,Preta,0.7421705668547278
CAND_02295,3.6,29.0,Bacharelado,Região Metropolitana,Remoto,Masculino,Preta,0.1658290644526355
CAND_02296,3.8,61.0,Mestrado,Interior,Presencial,Feminino,Branca,0.22597026872423115
CAND_02297,6.0,36.0,Doutorado,Capitais,Híbrido,Feminino,Branca,0.7358568118645527
CAND_02298,1.7,34.0,Mestrado,Capitais,Híbrido,Feminino,Amarela,0.34266870334138605
CAND_02299,8.7,30.0,Bacharelado,Capitais,Híbrido,Feminino,Preta,0.008498147446885707
CAND_02300,2.2,50.0,Mestrado,Região Metropolitana,Remoto,Feminino,Branca,0.560361844652851
CAND_02301,2.3,45.0,Doutorado,Capitais,Presencial,Masculino,Parda,0.8403942410585982
CAND_02302,5.4,40.0,Bacharelado,Interior,Híbrido,Masculino,Preta,0.0008653415984253982
CAND_02303,5.1,55.0,Bacharelado,Capitais,Presencial,Não-binário,Parda,0.21216414325912158
CAND_02304,5.5,55.0,Mestrado,Capitais,Híbrido,Masculino,Branca,1.0
CAND_02305,10.6,46.0,Doutorado,Capitais,Remoto,Masculino,Branca,1.0
CAND_02306,2.5,46.0,Bacharelado,Interior,Presencial,Feminino,Indígena,0.0
CAND_02307,3.8,46.0,Mestrado,Interior,Presencial,Feminino,Preta,0.0
CAND_02308,2.3,38.0,Ensino Médio,Capitais,Presencial,Feminino,Branca,0.43961543773106915
CAND_02309,0.2,61.0,Bacharelado,Capitais,Presencial,Feminino,Branca,0.6553557707715336
CAND_02310,4.0,55.0,Mestrado,Região Metropolitana,Remoto,Feminino,Branca,0.33690138174205503
CAND_02311,10.1,52.0,Mestrado,Região Metropolitana,Remoto,Feminino,Branca,0.7707311243387862
CAND_02312,1.5,59.0,Mestrado,Interior,Presencial,Masculino,Branca,0.5845360499148191
CAND_02313,5.5,45.0,Bacharelado,Região Metropolitana,Presencial,Masculino,Branca,0.8859142820809892
CAND_02314,3.0,49.0,Bacharelado,Capitais,Remoto,Masculino,Branca,0.7482965394065135
CAND_02315,7.9,66.0,Bacharelado,Região Metropolitana,Presencial,Masculino,Branca,0.9959982273410486
CAND_02316,4.4,19.0,Bacharelado,Região Metropolitana,Presencial,Masculino,Branca,0.668827198841715
CAND_02317,1.2,29.0,Mestrado,Região Metropolitana,Remoto,Não-binário,Branca,0.19482478678074514
CAND_02318,3.5,63.0,Bacharelado,Capitais,Híbrido,Feminino,Branca,0.69341429526118
CAND_02319,1.1,55.0,Bacharelado,Capitais,Presencial,Feminino,Preta,0.0
CAND_02320,5.6,31.0,Mestrado,Capitais,Híbrido,Feminino,Branca,0.7421393210267537
CAND_02321,6.1,67.0,Bacharelado,Capitais,Híbrido,Masculino,Parda,1.0
CAND_02322,4.3,63.0,Bacharelado,Capitais,Presencial,Feminino,Preta,0.27525651451818045
CAND_02323,8.6,52.0,Bacharelado,Capitais,Híbrido,Masculino,Branca,0.9399463538811057
CAND_02324,2.4,32.0,Bacharelado,Capitais,Híbrido,Feminino,Preta,0.0
CAND_02325,6.9,61.0,Bacharelado,Interior,Remoto,Masculino,Branca,0.6366646375707105
CAND_02326,3.8,49.0,Doutorado,Capitais,Híbrido,Feminino,Branca,0.5759536728271195
CAND_02327,11.0,56.0,Bacharelado,Capitais,Remoto,Masculino,Branca,1.0
CAND_02328,2.6,34.0,Bacharelado,Região Metropolitana,Híbrido,Feminino,Branca,0.25166840104432164
CAND_02329,5.9,40.0,Bacharelado,Capitais,Remoto,Masculino,Branca,0.9376366676806955
CAND_02330,6.4,21.0,Doutorado,Região Metropolitana,Presencial,Masculino,Preta,0.1901239312900449
CAND_02331,2.2,45.0,Bacharelado,Região Metropolitana,Híbrido,Masculino,Branca,0.9421719923848467
CAND_02332,4.8,58.0,Bacharelado,Região Metropolitana,Presencial,Feminino,Branca,0.5292558994676275
CAND_02333,3.7,23.0,Bacharelado,Região Metropolitana,Remoto,Masculino,Branca,0.6607484747053797
CAND_02334,7.7,30.0,Bacharelado,Região Metropolitana,Remoto,Feminino,Parda,0.3056482943633804
CAND_02335,1.4,35.0,Bacharelado,Interior,Remoto,Masculino,Amarela,0.17644973161305288
CAND_02336,1.7,56.0,Bacharelado,Região Metropolitana,Presencial,Feminino,Branca,0.4098064487982252
CAND_02337,3.4,41.0,Bacharelado,Capitais,Remoto,Masculino,Branca,0.8840296951910713
CAND_02338,3.9,59.0,Ensino Médio,Capitais,Híbrido,Feminino,Branca,0.41338103565726253
CAND_02339,6.6,43.0,Doutorado,Capitais,Híbrido,Masculino,Indígena,0.746523418376948
CAND_02340,1.7,63.0,Bacharelado,Capitais,Remoto,Não-binário,Amarela,0.0
CAND_02341,3.5,49.0,Mestrado,Capitais,Remoto,Não-binário,Branca,0.45020745173418614
CAND_02342,9.0,27.0,Ensino Médio,Capitais,Presencial,Masculino,Parda,0.7870616876613769
CAND_02343,5.3,20.0,Bacharelado,Capitais,Presencial,Feminino,Branca,0.3485213798717243
CAND_02344,6.5,44.0,Bacharelado,Interior,Presencial,Feminino,Parda,0.03985438530397356
CAND_02345,4.3,94.0,Mestrado,Interior,Presencial,Masculino,Parda,0.7919062679237456
CAND_02346,3.4,55.0,Bacharelado,Região Metropolitana,Híbrido,Masculino,Branca,0.8252339095078002
CAND_02347,2.9,42.0,Mestrado,Interior,Remoto,Feminino,Branca,0.4092255932724455
CAND_02348,2.3,50.0,Mestrado,Região Metropolitana,Híbrido,Não-binário,Branca,0.292112610260325
CAND_02349,6.6,37.0,Mestrado,Capitais,Remoto,Feminino,Branca,0.46526815927099735
CAND_02350,2.8,80.0,Bacharelado,Região Metropolitana,Híbrido,Masculino,Branca,1.0
CAND_02351,9.6,44.0,Bacharelado,Capitais,Remoto,Não-binário,Branca,0.41026584075694184
CAND_02352,3.0,48.0,Bacharelado,Capitais,Remoto,Feminino,Preta,0.12004807475126895
CAND_02353,3.7,33.0,Bacharelado,Capitais,Remoto,Masculino,Branca,0.9013935715638599
CAND_02354,6.1,34.0,Ensino Médio,Capitais,Presencial,Masculino,Branca,0.8436457488326798
CAND_02355,2.6,46.0,Bacharelado,Capitais,Híbrido,Masculino,Preta,0.37657760310046684
CAND_02356,9.7,75.0,Bacharelado,Capitais,Remoto,Feminino,Branca,0.8355358501325816
CAND_02357,0.9,32.0,Bacharelado,Interior,Híbrido,Feminino,Branca,0.19512959259897628
CAND_02358,9.9,59.0,Bacharelado,Região Metropolitana,Remoto,Masculino,Branca,1.0
CAND_02359,1.0,80.0,Mestrado,Capitais,Remoto,Masculino,Branca,1.0
CAND_02360,9.1,39.0,Bacharelado,Região Metropolitana,Presencial,Masculino,Parda,0.8369590089535096
CAND_02361,1.4,88.0,Bacharelado,Capitais,Remoto,Feminino,Branca,0.59699594129037
CAND_02362,6.9,50.0,Bacharelado,Região Metropolitana,Presencial,Masculino,Amarela,0.5057638175645967
CAND_02363,8.5,44.0,Mestrado,Região Metropolitana,Híbrido,Feminino,Branca,0.44236628534561917
CAND_02364,2.6,49.0,Bacharelado,Região Metropolitana,Híbrido,Feminino,Branca,0.2663209425839248
CAND_02365,2.6,58.0,Bacharelado,Interior,Presencial,Masculino,Branca,0.6891324710023204
CAND_02366,6.9,81.0,Bacharelado,Região Metropolitana,Híbrido,Masculino,Preta,0.6060891239061548
CAND_02367,2.2,82.0,Bacharelado,Região Metropolitana,Remoto,Masculino,Parda,0.7773373097927428
CAND_02368,6.0,44.0,Bacharelado,Capitais,Remoto,Feminino,Preta,0.0
CAND_02369,5.1,29.0,Bacharelado,Região Metropolitana,Presencial,Feminino,Branca,0.3848662395224971
CAND_02370,1.7,43.0,Mestrado,Interior,Híbrido,Masculino,Branca,0.7704958946520273
CAND_02371,1.6,35.0,Mestrado,Capitais,Remoto,Feminino,Amarela,0.21795412765718838
CAND_02372,2.9,34.0,Bacharelado,Região Metropolitana,Remoto,Masculino,Branca,0.6374189506342974
CAND_02373,7.4,35.0,Ensino Médio,Capitais,Presencial,Feminino,Preta,0.08471096489168904
CAND_02374,6.9,45.0,Bacharelado,Capitais,Híbrido,Masculino,Branca,0.923822359309908
CAND_02375,4.2,55.0,Bacharelado,Região Metropolitana,Remoto,Masculino,Branca,0.899460477219939
CAND_02376,5.5,39.0,Bacharelado,Capitais,Remoto,Masculino,Parda,0.6319198124852544
CAND_02377,0.0,47.0,Ensino Médio,Capitais,Híbrido,Não-binário,Preta,0.0
CAND_02378,8.1,50.0,Mestrado,Capitais,Remoto,Feminino,Branca,0.6326704295275759
CAND_02379,2.3,40.0,Mestrado,Capitais,Híbrido,Feminino,Branca,0.3696709909467395
CAND_02380,9.8,54.0,Bacharelado,Capitais,Presencial,Feminino,Branca,0.6046678150183282
CAND_02381,1.6,48.0,Mestrado,Região Metropolitana,Presencial,Masculino,Branca,0.6738791766654091
CAND_02382,3.8,57.0,Mestrado,Capitais,Remoto,Feminino,Branca,0.546069990551415
CAND_02383,2.7,34.0,Mestrado,Capitais,Presencial,Masculino,Branca,1.0
CAND_02384,4.9,54.0,Bacharelado,Região Metropolitana,Híbrido,Feminino,Preta,0.0
CAND_02385,7.7,44.0,Bacharelado,Capitais,Presencial,Masculino,Preta,0.4547132014005782
CAND_02386,6.4,50.0,Bacharelado,Região Metropolitana,Híbrido,Masculino,Parda,0.8072648063723562
CAND_02387,7.0,34.0,Bacharelado,Região Metropolitana,Remoto,Masculino,Amarela,0.23845920581407523
CAND_02388,4.4,77.0,Bacharelado,Região Metropolitana,Híbrido,Masculino,Branca,0.9494814876821824
CAND_02389,0.0,43.0,Bacharelado,Capitais,Remoto,Feminino,Branca,0.31192115454670316
CAND_02390,7.0,65.0,Mestrado,Região Metropolitana,Híbrido,Masculino,Parda,1.0
CAND_02391,7.2,51.0,Bacharelado,Interior,Híbrido,Masculino,Branca,0.6744164166287236
CAND_02392,3.5,76.0,Ensino Médio,Região Metropolitana,Híbrido,Masculino,Preta,0.24828476858774207
CAND_02393,2.1,59.0,Bacharelado,Região Metropolitana,Remoto,Masculino,Branca,0.9387046675345931
CAND_02394,5.5,64.0,Bacharelado,Capitais,Híbrido,Masculino,Branca,0.9040398697640861
CAND_02395,4.6,44.0,Bacharelado,Capitais,Híbrido,Masculino,Branca,0.8106255170044395
CAND_02396,5.7,56.0,Bacharelado,Região Metropolitana,Remoto,Masculino,Parda,1.0
CAND_02397,6.4,79.0,Bacharelado,Região Metropolitana,Híbrido,Masculino,Amarela,0.4468384880661147
CAND_02398,6.0,52.0,Bacharelado,Capitais,Híbrido,Masculino,Branca,0.9148854424761185
CAND_02399,2.4,27.0,Mestrado,Interior,Remoto,Masculino,Parda,0.422406259174374
CAND_02400,4.4,36.0,Bacharelado,Capitais,Remoto,Masculino,Branca,0.9656055826928671
CAND_02401,7.6,36.0,Mestrado,Região Metropolitana,Presencial,Masculino,Branca,0.9280805369104518
CAND_02402,3.5,48.0,Bacharelado,Região Metropolitana,Remoto,Masculino,Branca,0.9977907445757412
CAND_02403,3.1,34.0,Bacharelado,Capitais,Híbrido,Feminino,Indígena,0.0
CAND_02404,5.8,62.0,Bacharelado,Capitais,Remoto,Masculino,Amarela,0.6294002832552453
CAND_02405,2.1,12.0,Bacharelado,Região Metropolitana,Remoto,Feminino,Indígena,0.1291021826619102
CAND_02406,4.6,71.0,Bacharelado,Região Metropolitana,Presencial,Feminino,Branca,0.3996112503132897
CAND_02407,4.3,46.0,Bacharelado,Região Metropolitana,Presencial,Masculino,Branca,0.9076918826917373
CAND_02408,0.7,35.0,Bacharelado,Capitais,Híbrido,Não-binário,Branca,0.47462280836485504
CAND_02409,2.7,31.0,Bacharelado,Região Metropolitana,Presencial,Masculino,Parda,0.7297131244549766
CAND_02410,0.4,38.0,Mestrado,Região Metropolitana,Remoto,Feminino,Parda,0.11291476381960833
CAND_02411,6.5,40.0,Bacharelado,Capitais,Híbrido,Masculino,Parda,0.614905779081859
CAND_02412,4.8,49.0,Bacharelado,Capitais,Remoto,Feminino,Branca,0.5622382375338217
CAND_02413,7.2,52.0,Ensino Médio,Capitais,Presencial,Masculino,Branca,0.9262874224261558
CAND_02414,5.7,59.0,Ensino Médio,Capitais,Híbrido,Não-binário,Parda,0.21700929685513967
CAND_02415,2.0,45.0,Bacharelado,Capitais,Híbrido,Masculino,Branca,0.7708702578283585
CAND_02416,11.0,46.0,Mestrado,Capitais,Remoto,Masculino,Parda,0.9313930449348584
CAND_02417,7.3,44.0,Bacharelado,Região Metropolitana,Presencial,Masculino,Branca,0.9080765530612828
CAND_02418,3.1,28.0,Bacharelado,Região Metropolitana,Presencial,Feminino,Branca,0.3296668992303945
CAND_02419,3.1,70.0,Bacharelado,Capitais,Híbrido,Masculino,Branca,0.8833040315306859
CAND_02420,6.7,53.0,Bacharelado,Capitais,Remoto,Masculino,Branca,0.974236403499152
CAND_02421,6.9,62.0,Bacharelado,Região Metropolitana,Presencial,Masculino,Branca,0.773930531572037
CAND_02422,6.6,45.0,Mestrado,Capitais,Híbrido,Feminino,Branca,0.6310355094856713
CAND_02423,6.9,63.0,Bacharelado,Capitais,Híbrido,Masculino,Branca,1.0
CAND_02424,5.0,41.0,Ensino Médio,Capitais,Presencial,Feminino,Branca,0.33209468289724686
CAND_02425,2.3,59.0,Bacharelado,Capitais,Presencial,Masculino,Branca,0.9601266135039638
CAND_02426,2.7,57.0,Bacharelado,Capitais,Remoto,Feminino,Preta,0.05085614571929295
CAND_02427,11.1,32.0,Bacharelado,Região Metropolitana,Remoto,Masculino,Branca,1.0
CAND_02428,2.9,71.0,Bacharelado,Interior,Presencial,Feminino,Branca,0.12548640406138675
CAND_02429,7.7,45.0,Bacharelado,Capitais,Híbrido,Não-binário,Preta,0.0
CAND_02430,8.7,72.0,Ensino Médio,Capitais,Presencial,Masculino,Branca,1.0
CAND_02431,5.4,38.0,Bacharelado,Capitais,Remoto,Masculino,Branca,0.9414408078849889
CAND_02432,8.0,42.0,Doutorado,Capitais,Remoto,Feminino,Indígena,0.49319144661540143
CAND_02433,1.1,64.0,Bacharelado,Região Metropolitana,Híbrido,Masculino,Indígena,0.3369364753110845
CAND_02434,7.4,41.0,Mestrado,Região Metropolitana,Híbrido,Masculino,Indígena,0.6522121695026466
CAND_02435,3.0,37.0,Mestrado,Capitais,Presencial,Masculino,Amarela,0.5141077181962085
CAND_02436,7.4,53.0,Bacharelado,Capitais,Remoto,Masculino,Amarela,0.6684446288515188
CAND_02437,7.4,84.0,Bacharelado,Capitais,Presencial,Feminino,Amarela,0.5345883976951585
CAND_02438,5.5,53.0,Bacharelado,Região Metropolitana,Híbrido,Feminino,Parda,0.3654999169135517
CAND_02439,6.8,56.0,Bacharelado,Capitais,Remoto,Masculino,Branca,0.902029568029698
CAND_02440,6.9,43.0,Bacharelado,Interior,Presencial,Feminino,Branca,0.24320849646366222
CAND_02441,7.3,79.0,Bacharelado,Interior,Híbrido,Masculino,Preta,0.37406886112494875
CAND_02442,2.3,48.0,Bacharelado,Região Metropolitana,Híbrido,Feminino,Branca,0.4638692347844079
CAND_02443,2.7,38.0,Mestrado,Capitais,Presencial,Feminino,Branca,0.4099916826024206
CAND_02444,12.6,49.0,Bacharelado,Capitais,Remoto,Masculino,Branca,1.0
CAND_02445,9.1,65.0,Bacharelado,Região Metropolitana,Remoto,Masculino,Branca,0.9541745303396376
CAND_02446,3.2,59.0,Mestrado,Capitais,Presencial,Feminino,Preta,0.02253084895279331
CAND_02447,7.1,50.0,Bacharelado,Região Metropolitana,Híbrido,Feminino,Branca,0.47477659288637003
CAND_02448,7.2,51.0,Ensino Médio,Região Metropolitana,Híbrido,Feminino,Parda,0.27034468272344636
CAND_02449,4.4,52.0,Mestrado,Região Metropolitana,Híbrido,Masculino,Branca,0.8052162271381977
CAND_02450,3.8,48.0,Bacharelado,Capitais,Híbrido,Masculino,Amarela,0.5087143651711235
CAND_02451,1.2,37.0,Ensino Médio,Interior,Remoto,Masculino,Preta,0.0
CAND_02452,12.0,47.0,Bacharelado,Região Metropolitana,Presencial,Masculino,Branca,1.0
CAND_02453,3.9,76.0,Mestrado,Capitais,Remoto,Masculino,Preta,0.5655083956757954
CAND_02454,3.7,61.0,Ensino Médio,Interior,Híbrido,Feminino,Branca,0.23345095796801693
CAND_02455,1.6,53.0,Bacharelado,Capitais,Presencial,Feminino,Branca,0.507312845841793
CAND_02456,1.5,64.0,Bacharelado,Região Metropolitana,Presencial,Masculino,Branca,0.8412348058951961
CAND_02457,1.6,96.0,Bacharelado,Capitais,Presencial,Masculino,Parda,0.8393061167648963
CAND_02458,7.7,69.0,Mestrado,Capitais,Híbrido,Masculino,Amarela,0.6348127054056452
CAND_02459,9.6,54.0,Mestrado,Capitais,Remoto,Masculino,Branca,1.0
CAND_02460,0.0,61.0,Mestrado,Capitais,Presencial,Feminino,Preta,0.0
CAND_02461,3.7,48.0,Bacharelado,Capitais,Remoto,Feminino,Parda,0.49488483532921906
CAND_02462,0.4,56.0,Mestrado,Região Metropolitana,Remoto,Masculino,Branca,0.7756209888962077
CAND_02463,8.1,39.0,Bacharelado,Capitais,Híbrido,Feminino,Branca,0.5983138083214813
CAND_02464,6.4,67.0,Bacharelado,Região Metropolitana,Presencial,Masculino,Amarela,0.5738147638905081
CAND_02465,0.5,81.0,Bacharelado,Capitais,Híbrido,Feminino,Branca,0.6112341217779695
CAND_02466,2.6,37.0,Bacharelado,Capitais,Híbrido,Feminino,Preta,0.0
CAND_02467,8.6,59.0,Mestrado,Capitais,Presencial,Feminino,Branca,0.6802783911537098
CAND_02468,4.9,63.0,Bacharelado,Capitais,Presencial,Masculino,Branca,0.9235089075821346
CAND_02469,2.4,43.0,Bacharelado,Interior,Híbrido,Feminino,Branca,0.249869223871858
CAND_02470,4.9,87.0,Bacharelado,Interior,Presencial,Feminino,Amarela,0.0
CAND_02471,6.5,45.0,Bacharelado,Região Metropolitana,Híbrido,Masculino,Branca,0.9686768864350698
CAND_02472,2.4,64.0,Bacharelado,Capitais,Presencial,Masculino,Preta,0.41684057295962773
CAND_02473,4.5,39.0,Bacharelado,Capitais,Híbrido,Feminino,Branca,0.48910010516024083
CAND_02474,6.9,49.0,Bacharelado,Capitais,Híbrido,Feminino,Branca,0.6298822433439136
CAND_02475,0.0,50.0,Bacharelado,Região Metropolitana,Híbrido,Feminino,Branca,0.34749206588334103
CAND_02476,4.3,59.0,Mestrado,Capitais,Remoto,Masculino,Branca,0.8334436782945509
CAND_02477,3.6,55.0,Bacharelado,Capitais,Remoto,Feminino,Branca,0.640757000758694
CAND_02478,6.5,66.0,Bacharelado,Capitais,Remoto,Masculino,Preta,0.36503103874693277
CAND_02479,4.6,41.0,Bacharelado,Capitais,Híbrido,Feminino,Branca,0.48680900376391445
CAND_02480,0.0,62.0,Bacharelado,Região Metropolitana,Remoto,Feminino,Branca,0.37738068791617285
CAND_02481,4.0,50.0,Mestrado,Região Metropolitana,Presencial,Masculino,Branca,0.8324271776606035
CAND_02482,4.0,57.0,Bacharelado,Região Metropolitana,Remoto,Masculino,Branca,0.7048571426121212
CAND_02483,6.4,39.0,Bacharelado,Região Metropolitana,Presencial,Feminino,Branca,0.551757841603556
CAND_02484,3.2,49.0,Bacharelado,Capitais,Presencial,Feminino,Branca,0.4178002403125203
CAND_02485,5.1,24.0,Mestrado,Interior,Presencial,Masculino,Branca,0.6774715030879163
CAND_02486,7.5,30.0,Bacharelado,Capitais,Presencial,Feminino,Branca,0.4068797345326505
CAND_02487,6.7,45.0,Bacharelado,Região Metropolitana,Híbrido,Masculino,Branca,0.8784431862801276
CAND_02488,1.3,63.0,Mestrado,Capitais,Híbrido,Masculino,Amarela,0.5573376751231953
CAND_02489,5.0,62.0,Bacharelado,Capitais,Presencial,Masculino,Indígena,0.5926071447918388
CAND_02490,7.2,78.0,Bacharelado,Região Metropolitana,Presencial,Não-binário,Branca,0.551356739379741
CAND_02491,6.4,54.0,Bacharelado,Capitais,Híbrido,Masculino,Branca,1.0
CAND_02492,5.3,51.0,Mestrado,Capitais,Híbrido,Masculino,Preta,0.30824543061007026
CAND_02493,1.8,43.0,Ensino Médio,Capitais,Híbrido,Feminino,Branca,0.5367419530135153
CAND_02494,7.7,64.0,Bacharelado,Capitais,Presencial,Feminino,Branca,0.7007272953228021
CAND_02495,4.4,41.0,Bacharelado,Capitais,Remoto,Masculino,Branca,0.827291605213057
CAND_02496,3.7,46.0,Bacharelado,Capitais,Presencial,Feminino,Amarela,0.2230780701326821
CAND_02497,4.0,43.0,Doutorado,Capitais,Remoto,Masculino,Parda,0.9323524998626765
CAND_02498,4.3,67.0,Bacharelado,Capitais,Remoto,Masculino,Amarela,0.6335832141419137
CAND_02499,4.3,59.0,Mestrado,Interior,Remoto,Feminino,Branca,0.2925683193806286
CAND_02500,4.0,59.0,Mestrado,Capitais,Híbrido,Feminino,Preta,0.0760298058901496
CAND_02501,0.0,49.0,Bacharelado,Capitais,Presencial,Feminino,Branca,0.6607520773233528
CAND_02502,0.9,39.0,Bacharelado,Capitais,Presencial,Feminino,Branca,0.2880203892720743
CAND_02503,4.4,50.0,Bacharelado,Região Metropolitana,Presencial,Masculino,Indígena,0.4494153225451134
CAND_02504,2.7,48.0,Bacharelado,Região Metropolitana,Remoto,Masculino,Amarela,0.40297693161704157
CAND_02505,3.9,61.0,Ensino Médio,Capitais,Presencial,Masculino,Indígena,0.5017616971002447
CAND_02506,3.8,34.0,Bacharelado,Capitais,Híbrido,Feminino,Parda,0.4000350349293971
CAND_02507,5.5,55.0,Bacharelado,Capitais,Remoto,Masculino,Preta,0.37757691198326315
CAND_02508,2.7,64.0,Bacharelado,Capitais,Remoto,Masculino,Branca,0.9395972936620667
CAND_02509,8.2,71.0,Bacharelado,Região Metropolitana,Presencial,Feminino,Preta,0.10371411113883527
CAND_02510,6.3,60.0,Bacharelado,Capitais,Remoto,Feminino,Parda,0.4969868087499628
CAND_02511,4.8,36.0,Bacharelado,Capitais,Presencial,Masculino,Amarela,0.5695636316042954
CAND_02512,7.6,60.0,Bacharelado,Capitais,Presencial,Feminino,Parda,0.45841170319347335
CAND_02513,5.8,40.0,Bacharelado,Interior,Remoto,Masculino,Branca,0.5080458265637322
CAND_02514,0.3,48.0,Mestrado,Capitais,Híbrido,Feminino,Branca,0.3482069234499322
CAND_02515,5.0,61.0,Mestrado,Capitais,Remoto,Masculino,Preta,0.5725816241275113
CAND_02516,5.5,68.0,Mestrado,Capitais,Remoto,Masculino,Amarela,0.6883452237218345
CAND_02517,0.5,43.0,Bacharelado,Região Metropolitana,Remoto,Feminino,Indígena,0.0
CAND_02518,5.5,37.0,Ensino Médio,Região Metropolitana,Híbrido,Masculino,Branca,0.7237506455092426
CAND_02519,5.8,43.0,Bacharelado,Capitais,Remoto,Feminino,Preta,0.0
CAND_02520,3.9,31.0,Bacharelado,Capitais,Híbrido,Masculino,Branca,0.8322084790571918
CAND_02521,5.6,11.0,Bacharelado,Região Metropolitana,Híbrido,Masculino,Amarela,0.37804425706071193
CAND_02522,3.6,58.0,Bacharelado,Interior,Híbrido,Masculino,Branca,0.6897768537901611
CAND_02523,11.8,46.0,Doutorado,Capitais,Remoto,Feminino,Branca,0.5573629214374702
CAND_02524,4.9,31.0,Bacharelado,Interior,Híbrido,Feminino,Branca,0.325618398916336
CAND_02525,2.8,47.0,Mestrado,Capitais,Presencial,Masculino,Amarela,0.7457694005683584
CAND_02526,5.0,34.0,Mestrado,Região Metropolitana,Híbrido,Masculino,Branca,0.7722387257340018
CAND_02527,3.6,57.0,Bacharelado,Interior,Híbrido,Feminino,Preta,0.0
CAND_02528,0.0,48.0,Mestrado,Interior,Híbrido,Feminino,Preta,0.0
CAND_02529,7.4,64.0,Ensino Médio,Capitais,Presencial,Masculino,Branca,1.0
CAND_02530,0.1,42.0,Mestrado,Região Metropolitana,Híbrido,Masculino,Branca,0.8395916072331566
CAND_02531,2.5,63.0,Mestrado,Região Metropolitana,Remoto,Masculino,Branca,0.9141386653831503
CAND_02532,6.7,59.0,Ensino Médio,Interior,Remoto,Feminino,Branca,0.38867291394034426
CAND_02533,7.8,35.0,Bacharelado,Interior,Remoto,Masculino,Branca,0.5539332076304921
CAND_02534,3.7,43.0,Bacharelado,Região Metropolitana,Remoto,Masculino,Branca,0.8150493069854443
CAND_02535,5.3,55.0,Bacharelado,Capitais,Híbrido,Masculino,Branca,0.8481930355753817
CAND_02536,6.8,60.0,Bacharelado,Capitais,Presencial,Feminino,Amarela,0.28753032439104764
CAND_02537,0.0,46.0,Mestrado,Capitais,Remoto,Masculino,Branca,0.8610567279399393
CAND_02538,9.3,56.0,Bacharelado,Região Metropolitana,Híbrido,Masculino,Branca,0.9796369604051361
CAND_02539,3.9,53.0,Bacharelado,Capitais,Híbrido,Feminino,Branca,0.5070139241410742
CAND_02540,1.4,63.0,Bacharelado,Capitais,Presencial,Masculino,Branca,0.8621264528857533
CAND_02541,5.2,55.0,Bacharelado,Interior,Híbrido,Feminino,Branca,0.475272788702804
CAND_02542,5.8,63.0,Bacharelado,Capitais,Presencial,Feminino,Preta,0.10659186506898205
CAND_02543,6.8,53.0,Ensino Médio,Região Metropolitana,Presencial,Feminino,Preta,0.0
CAND_02544,8.6,62.0,Bacharelado,Interior,Híbrido,Feminino,Indígena,0.0
CAND_02545,6.5,50.0,Bacharelado,Capitais,Híbrido,Masculino,Indígena,0.7289579538511368
CAND_02546,0.4,48.0,Bacharelado,Região Metropolitana,Presencial,Masculino,Preta,0.40596215491329835
CAND_02547,2.6,81.0,Doutorado,Região Metropolitana,Presencial,Masculino,Branca,1.0
CAND_02548,2.7,61.0,Bacharelado,Capitais,Híbrido,Masculino,Branca,1.0
CAND_02549,4.7,49.0,Ensino Médio,Capitais,Remoto,Feminino,Parda,0.4040691080894101
CAND_02550,2.4,51.0,Bacharelado,Região Metropolitana,Híbrido,Feminino,Branca,0.2950882109751689
CAND_02551,4.1,55.0,Mestrado,Interior,Remoto,Masculino,Branca,0.7861557367591887
CAND_02552,0.0,33.0,Bacharelado,Capitais,Remoto,Feminino,Branca,0.44485770229519767
CAND_02553,0.0,55.0,Bacharelado,Região Metropolitana,Presencial,Masculino,Amarela,0.5046294172317985
CAND_02554,3.9,36.0,Bacharelado,Capitais,Híbrido,Feminino,Branca,0.48229772318016667
CAND_02555,4.0,49.0,Mestrado,Região Metropolitana,Híbrido,Masculino,Branca,1.0
CAND_02556,5.6,52.0,Bacharelado,Capitais,Presencial,Masculino,Preta,0.6084030427759097
CAND_02557,3.9,62.0,Mestrado,Capitais,Híbrido,Masculino,Branca,1.0
CAND_02558,8.6,61.0,Bacharelado,Região Metropolitana,Híbrido,Masculino,Branca,0.9758934226432716
CAND_02559,0.8,80.0,Mestrado,Capitais,Presencial,Masculino,Branca,1.0
CAND_02560,2.2,39.0,Bacharelado,Região Metropolitana,Híbrido,Feminino,Branca,0.4516375173129154
CAND_02561,6.0,64.0,Ensino Médio,Interior,Híbrido,Feminino,Indígena,0.0
CAND_02562,6.8,50.0,Bacharelado,Capitais,Presencial,Feminino,Branca,0.5438313184051323
CAND_02563,4.5,61.0,Doutorado,Capitais,Híbrido,Feminino,Parda,0.651150693121435
CAND_02564,5.0,60.0,Mestrado,Capitais,Presencial,Feminino,Preta,0.015022147973154043
CAND_02565,6.8,45.0,Bacharelado,Região Metropolitana,Remoto,Feminino,Branca,0.4332918731517165
CAND_02566,8.3,69.0,Bacharelado,Capitais,Presencial,Feminino,Amarela,0.3920178747426204
CAND_02567,2.2,60.0,Bacharelado,Capitais,Remoto,Masculino,Parda,0.8767568804498971
CAND_02568,8.7,35.0,Mestrado,Capitais,Híbrido,Masculino,Branca,0.9612345208263523
CAND_02569,7.9,39.0,Mestrado,Região Metropolitana,Remoto,Masculino,Preta,0.5024150290571472
CAND_02570,6.6,60.0,Bacharelado,Interior,Híbrido,Feminino,Branca,0.1095754788487677
CAND_02571,1.4,58.0,Mestrado,Capitais,Presencial,Masculino,Parda,0.9018233033500282
CAND_02572,7.3,34.0,Bacharelado,Capitais,Presencial,Masculino,Parda,0.6610433865597847
CAND_02573,5.6,36.0,Mestrado,Capitais,Híbrido,Masculino,Branca,0.9644251523836669
CAND_02574,10.1,40.0,Bacharelado,Capitais,Presencial,Masculino,Branca,1.0
CAND_02575,2.4,20.0,Bacharelado,Capitais,Remoto,Feminino,Preta,0.0
CAND_02576,3.9,48.0,Bacharelado,Capitais,Híbrido,Masculino,Branca,0.9134384781228663
CAND_02577,0.0,19.0,Mestrado,Capitais,Híbrido,Feminino,Indígena,0.0
CAND_02578,6.3,19.0,Bacharelado,Região Metropolitana,Remoto,Masculino,Branca,0.7247894472222961
CAND_02579,3.2,53.0,Ensino Médio,Capitais,Híbrido,Feminino,Branca,0.6374487897889822
CAND_02580,5.4,60.0,Bacharelado,Interior,Remoto,Feminino,Branca,0.2315827057430757
CAND_02581,0.7,53.0,Mestrado,Capitais,Híbrido,Masculino,Branca,0.9165019690822087
CAND_02582,4.0,20.0,Mestrado,Capitais,Híbrido,Feminino,Amarela,0.22859398305743794
CAND_02583,1.8,79.0,Bacharelado,Interior,Híbrido,Feminino,Branca,0.2635376003631098
CAND_02584,2.6,57.0,Bacharelado,Interior,Híbrido,Masculino,Branca,0.6319864082556225
CAND_02585,8.4,63.0,Mestrado,Capitais,Híbrido,Masculino,Branca,1.0
CAND_02586,1.4,75.0,Bacharelado,Capitais,Remoto,Masculino,Parda,0.8737507734076104
CAND_02587,6.9,39.0,Mestrado,Região Metropolitana,Híbrido,Masculino,Branca,0.9460934446713871
CAND_02588,4.2,48.0,Bacharelado,Região Metropolitana,Remoto,Masculino,Amarela,0.4450706076742943
CAND_02589,6.5,37.0,Doutorado,Interior,Presencial,Não-binário,Parda,0.11640517164572495
CAND_02590,0.0,52.0,Bacharelado,Região Metropolitana,Remoto,Feminino,Branca,0.4440086577579686
CAND_02591,6.1,53.0,Bacharelado,Interior,Presencial,Feminino,Branca,0.3669154108617223
CAND_02592,9.0,59.0,Bacharelado,Capitais,Remoto,Não-binário,Preta,0.0
CAND_02593,6.4,59.0,Mestrado,Região Metropolitana,Remoto,Feminino,Branca,0.7041809489448939
CAND_02594,1.5,46.0,Bacharelado,Capitais,Híbrido,Masculino,Branca,0.9079498498515626
CAND_02595,4.7,35.0,Bacharelado,Capitais,Remoto,Masculino,Preta,0.25862323951197463
CAND_02596,2.1,58.0,Ensino Médio,Capitais,Presencial,Feminino,Branca,0.4473650082690709
CAND_02597,5.2,73.0,Ensino Médio,Capitais,Híbrido,Masculino,Branca,1.0
CAND_02598,8.8,63.0,Bacharelado,Região Metropolitana,Remoto,Masculino,Parda,1.0
CAND_02599,7.4,68.0,Bacharelado,Interior,Remoto,Feminino,Preta,0.0
CAND_02600,7.0,65.0,Doutorado,Região Metropolitana,Remoto,Masculino,Branca,1.0
CAND_02601,2.5,55.0,Bacharelado,Capitais,Remoto,Masculino,Branca,1.0
CAND_02602,4.7,50.0,Mestrado,Interior,Presencial,Feminino,Branca,0.17579564409862647
CAND_02603,4.6,71.0,Mestrado,Capitais,Híbrido,Masculino,Amarela,0.5816100610704229
CAND_02604,3.2,35.0,Bacharelado,Capitais,Remoto,Feminino,Amarela,0.0
CAND_02605,6.3,47.0,Bacharelado,Capitais,Híbrido,Feminino,Preta,0.1345945095588182
CAND_02606,4.6,47.0,Mestrado,Capitais,Presencial,Feminino,Indígena,0.16439480213731744
CAND_02607,5.7,35.0,Bacharelado,Interior,Presencial,Feminino,Branca,0.21594455404977198
CAND_02608,0.6,41.0,Mestrado,Capitais,Presencial,Masculino,Amarela,0.6955466885222352
CAND_02609,4.5,54.0,Ensino Médio,Capitais,Presencial,Feminino,Branca,0.47751282029212905
CAND_02610,1.6,52.0,Mestrado,Capitais,Presencial,Feminino,Branca,0.6345239939990649
CAND_02611,6.0,48.0,Mestrado,Capitais,Híbrido,Masculino,Preta,0.5910446801888851
CAND_02612,5.5,68.0,Mestrado,Região Metropolitana,Remoto,Masculino,Branca,0.9009275683480058
CAND_02613,8.3,62.0,Bacharelado,Capitais,Presencial,Masculino,Branca,1.0
CAND_02614,7.1,31.0,Bacharelado,Capitais,Remoto,Masculino,Branca,1.0
CAND_02615,8.4,34.0,Bacharelado,Região Metropolitana,Híbrido,Feminino,Branca,0.3539292881340851
CAND_02616,4.8,48.0,Bacharelado,Região Metropolitana,Presencial,Feminino,Branca,0.293828550523598
CAND_02617,5.7,62.0,Bacharelado,Região Metropolitana,Presencial,Masculino,Branca,0.9684335563945329
CAND_02618,8.0,40.0,Bacharelado,Região Metropolitana,Presencial,Masculino,Amarela,0.4641328967314028
CAND_02619,0.0,74.0,Ensino Médio,Capitais,Híbrido,Feminino,Branca,0.4866101194882511
CAND_02620,0.0,50.0,Bacharelado,Capitais,Presencial,Masculino,Parda,0.7023756461448029
CAND_02621,4.7,49.0,Bacharelado,Capitais,Remoto,Masculino,Amarela,0.48291527429938497
CAND_02622,2.8,42.0,Bacharelado,Região Metropolitana,Remoto,Masculino,Branca,0.8203365314338047
CAND_02623,5.1,55.0,Bacharelado,Capitais,Híbrido,Masculino,Branca,0.9716236683867813
CAND_02624,6.3,25.0,Bacharelado,Capitais,Remoto,Masculino,Parda,1.0
CAND_02625,1.6,59.0,Bacharelado,Região Metropolitana,Híbrido,Masculino,Branca,0.8540726134755533
CAND_02626,4.6,43.0,Mestrado,Região Metropolitana,Presencial,Masculino,Indígena,0.651073274051344
CAND_02627,4.9,36.0,Mestrado,Capitais,Presencial,Feminino,Indígena,0.19782457960764221
CAND_02628,5.2,55.0,Bacharelado,Capitais,Presencial,Masculino,Branca,1.0
CAND_02629,9.3,41.0,Mestrado,Região Metropolitana,Presencial,Masculino,Branca,1.0
CAND_02630,5.3,51.0,Ensino Médio,Capitais,Híbrido,Feminino,Branca,0.3441285167549678
CAND_02631,0.0,40.0,Bacharelado,Região Metropolitana,Presencial,Masculino,Parda,0.6243353233030252
CAND_02632,6.9,50.0,Bacharelado,Região Metropolitana,Presencial,Feminino,Branca,0.5822896176188583
CAND_02633,5.7,27.0,Bacharelado,Capitais,Híbrido,Feminino,Branca,0.5952731154763378
CAND_02634,4.2,35.0,Mestrado,Capitais,Híbrido,Masculino,Branca,0.8487728896493095
CAND_02635,5.2,32.0,Ensino Médio,Região Metropolitana,Híbrido,Masculino,Indígena,0.4698197301976927
CAND_02636,7.0,64.0,Bacharelado,Capitais,Remoto,Masculino,Branca,1.0
CAND_02637,9.7,52.0,Doutorado,Região Metropolitana,Híbrido,Feminino,Indígena,0.3523992590813875
CAND_02638,5.0,64.0,Bacharelado,Capitais,Presencial,Feminino,Branca,0.5831328119402177
CAND_02639,11.2,41.0,Bacharelado,Capitais,Remoto,Feminino,Preta,0.2792877316256277
CAND_02640,9.9,56.0,Ensino Médio,Capitais,Híbrido,Masculino,Preta,0.6714276823032326
CAND_02641,5.0,39.0,Mestrado,Capitais,Híbrido,Masculino,Branca,0.9872807950714706
CAND_02642,5.2,49.0,Mestrado,Capitais,Presencial,Não-binário,Amarela,0.11516905829804285
CAND_02643,4.9,57.0,Bacharelado,Capitais,Híbrido,Masculino,Branca,1.0
CAND_02644,2.5,45.0,Mestrado,Capitais,Remoto,Masculino,Parda,0.8221668370126364
CAND_02645,3.6,24.0,Bacharelado,Região Metropolitana,Presencial,Feminino,Branca,0.4062626635219501
CAND_02646,0.0,52.0,Bacharelado,Região Metropolitana,Remoto,Masculino,Branca,0.7961643186562216
CAND_02647,10.0,65.0,Bacharelado,Região Metropolitana,Remoto,Feminino,Branca,0.5975439202344929
CAND_02648,0.8,39.0,Bacharelado,Capitais,Híbrido,Masculino,Branca,0.7811698630881369
CAND_02649,3.7,54.0,Ensino Médio,Capitais,Presencial,Masculino,Amarela,0.2683479730739692
CAND_02650,5.4,40.0,Bacharelado,Capitais,Híbrido,Masculino,Branca,0.9084885828003753
CAND_02651,6.7,49.0,Ensino Médio,Capitais,Híbrido,Masculino,Branca,0.8359967475234651
CAND_02652,12.1,54.0,Bacharelado,Capitais,Presencial,Masculino,Preta,0.5934222776673225
CAND_02653,5.6,64.0,Bacharelado,Capitais,Presencial,Masculino,Indígena,0.62924696730246
CAND_02654,8.4,43.0,Bacharelado,Capitais,Remoto,Masculino,Branca,0.9320393798685904
CAND_02655,1.0,49.0,Doutorado,Capitais,Híbrido,Feminino,Preta,0.0686386686038467
CAND_02656,3.3,40.0,Bacharelado,Capitais,Remoto,Feminino,Branca,0.6593932910430759
CAND_02657,5.4,30.0,Bacharelado,Capitais,Híbrido,Masculino,Preta,0.5433168893703328
CAND_02658,6.0,31.0,Bacharelado,Capitais,Presencial,Masculino,Amarela,0.538936738560752
CAND_02659,0.0,70.0,Mestrado,Capitais,Presencial,Masculino,Branca,1.0
CAND_02660,3.5,42.0,Bacharelado,Capitais,Presencial,Feminino,Branca,0.6213969688922658
CAND_02661,8.9,65.0,Mestrado,Capitais,Presencial,Feminino,Parda,0.6057624073792656
CAND_02662,1.0,53.0,Ensino Médio,Capitais,Híbrido,Masculino,Branca,0.9541457137164182
CAND_02663,10.0,55.0,Bacharelado,Região Metropolitana,Presencial,Feminino,Preta,0.15876230009433953
CAND_02664,4.9,59.0,Bacharelado,Capitais,Híbrido,Feminino,Indígena,0.21763127005457755
CAND_02665,3.4,64.0,Bacharelado,Capitais,Híbrido,Masculino,Amarela,0.45639193932220534
CAND_02666,7.2,49.0,Bacharelado,Capitais,Híbrido,Feminino,Parda,0.4052112501722824
CAND_02667,6.2,83.0,Bacharelado,Capitais,Remoto,Masculino,Branca,0.9941874529322694
CAND_02668,3.6,58.0,Bacharelado,Região Metropolitana,Remoto,Feminino,Branca,0.5762344223382768
CAND_02669,2.7,68.0,Bacharelado,Capitais,Presencial,Masculino,Branca,1.0
CAND_02670,10.2,31.0,Mestrado,Região Metropolitana,Remoto,Feminino,Parda,0.3046793578511826
CAND_02671,5.5,61.0,Doutorado,Capitais,Híbrido,Feminino,Preta,0.2801425805898018
CAND_02672,6.8,33.0,Bacharelado,Região Metropolitana,Híbrido,Masculino,Preta,0.3340379538805965
CAND_02673,2.7,73.0,Bacharelado,Região Metropolitana,Remoto,Masculino,Branca,0.8555156796143712
CAND_02674,7.9,38.0,Bacharelado,Região Metropolitana,Presencial,Masculino,Branca,1.0
CAND_02675,9.6,39.0,Bacharelado,Capitais,Remoto,Masculino,Branca,1.0
CAND_02676,7.7,39.0,Bacharelado,Capitais,Remoto,Masculino,Amarela,0.6640227858496041
CAND_02677,2.5,47.0,Bacharelado,Capitais,Remoto,Feminino,Preta,0.0
CAND_02678,7.2,89.0,Mestrado,Capitais,Presencial,Masculino,Branca,1.0
CAND_02679,10.0,43.0,Bacharelado,Região Metropolitana,Híbrido,Feminino,Branca,0.6581338303549463
CAND_02680,7.2,67.0,Bacharelado,Interior,Remoto,Masculino,Parda,0.824727808159907
CAND_02681,2.6,46.0,Bacharelado,Região Metropolitana,Remoto,Masculino,Parda,0.7531691954262335
CAND_02682,3.6,65.0,Mestrado,Capitais,Remoto,Masculino,Indígena,0.774256290550339
CAND_02683,0.0,60.0,Ensino Médio,Capitais,Remoto,Masculino,Branca,0.8109848956167806
CAND_02684,7.8,44.0,Bacharelado,Região Metropolitana,Híbrido,Masculino,Preta,0.3262009265715522
CAND_02685,11.5,53.0,Bacharelado,Interior,Remoto,Masculino,Branca,0.8685252561356893
CAND_02686,3.5,39.0,Bacharelado,Capitais,Híbrido,Masculino,Branca,1.0
CAND_02687,6.3,46.0,Bacharelado,Região Metropolitana,Remoto,Feminino,Branca,0.5307277602118106
CAND_02688,9.9,65.0,Bacharelado,Capitais,Presencial,Feminino,Branca,0.8631733950599835
CAND_02689,6.2,6.0,Mestrado,Região Metropolitana,Híbrido,Feminino,Preta,0.0
CAND_02690,3.2,37.0,Mestrado,Capitais,Remoto,Masculino,Branca,0.759476492762898
CAND_02691,8.3,40.0,Ensino Médio,Capitais,Presencial,Masculino,Branca,0.998585574334108
CAND_02692,2.4,54.0,Ensino Médio,Região Metropolitana,Presencial,Feminino,Branca,0.2269930431232885
CAND_02693,2.8,65.0,Ensino Médio,Capitais,Remoto,Masculino,Branca,1.0
CAND_02694,0.0,56.0,Ensino Médio,Capitais,Presencial,Masculino,Indígena,0.47484399419388745
CAND_02695,2.1,23.0,Bacharelado,Capitais,Híbrido,Masculino,Branca,0.8254676551720774
CAND_02696,7.0,55.0,Mestrado,Capitais,Híbrido,Feminino,Branca,0.5083950899155965
CAND_02697,3.7,15.0,Bacharelado,Interior,Remoto,Masculino,Amarela,0.0
CAND_02698,6.8,52.0,Bacharelado,Região Metropolitana,Presencial,Feminino,Branca,0.6987020890612331
CAND_02699,10.3,55.0,Mestrado,Região Metropolitana,Presencial,Masculino,Preta,0.5392873992374346
CAND_02700,5.2,43.0,Ensino Médio,Região Metropolitana,Remoto,Masculino,Parda,0.6092934887244496
CAND_02701,3.4,62.0,Bacharelado,Região Metropolitana,Híbrido,Masculino,Branca,0.8444027410096235
CAND_02702,10.1,60.0,Bacharelado,Capitais,Híbrido,Feminino,Branca,0.6424907071960625
CAND_02703,5.7,58.0,Doutorado,Capitais,Remoto,Feminino,Branca,0.9096332336544284
CAND_02704,6.8,29.0,Mestrado,Capitais,Híbrido,Masculino,Branca,0.9889751263023857
CAND_02705,4.7,66.0,Mestrado,Capitais,Remoto,Feminino,Amarela,0.22534637565209456
CAND_02706,0.4,62.0,Bacharelado,Região Metropolitana,Híbrido,Feminino,Branca,0.5602338543883867
CAND_02707,5.1,54.0,Mestrado,Capitais,Remoto,Feminino,Branca,0.5289425030585712
CAND_02708,6.1,47.0,Bacharelado,Região Metropolitana,Presencial,Masculino,Indígena,0.4589088220133466
CAND_02709,3.7,52.0,Bacharelado,Capitais,Remoto,Masculino,Indígena,0.4179921793409508
CAND_02710,5.2,59.0,Mestrado,Capitais,Remoto,Masculino,Amarela,0.6224419347088357
CAND_02711,7.2,29.0,Bacharelado,Região Metropolitana,Remoto,Não-binário,Preta,0.0
CAND_02712,3.8,68.0,Mestrado,Capitais,Remoto,Feminino,Indígena,0.3337523871848681
CAND_02713,4.5,71.0,Mestrado,Região Metropolitana,Híbrido,Feminino,Branca,0.6183162099726349
CAND_02714,7.9,89.0,Bacharelado,Capitais,Presencial,Masculino,Branca,1.0
CAND_02715,8.5,33.0,Bacharelado,Capitais,Remoto,Feminino,Branca,0.6169510278158254
CAND_02716,7.0,79.0,Bacharelado,Capitais,Híbrido,Masculino,Branca,1.0
CAND_02717,3.5,56.0,Bacharelado,Capitais,Híbrido,Feminino,Branca,0.47225835858540416
CAND_02718,2.2,62.0,Ensino Médio,Região Metropolitana,Presencial,Feminino,Parda,0.34269381247806696
CAND_02719,5.2,70.0,Bacharelado,Interior,Remoto,Masculino,Branca,0.8417366177562048
CAND_02720,4.0,32.0,Bacharelado,Região Metropolitana,Presencial,Masculino,Amarela,0.4648123608519278
CAND_02721,5.3,45.0,Mestrado,Capitais,Híbrido,Masculino,Preta,0.4088606060240166
CAND_02722,0.0,33.0,Bacharelado,Capitais,Híbrido,Masculino,Branca,0.6991376003374977
CAND_02723,5.0,69.0,Doutorado,Capitais,Híbrido,Masculino,Preta,0.6227227211516216
CAND_02724,10.6,63.0,Mestrado,Região Metropolitana,Presencial,Feminino,Parda,0.5652548781242666
CAND_02725,4.7,69.0,Mestrado,Região Metropolitana,Remoto,Feminino,Branca,0.5600738884217027
CAND_02726,1.9,67.0,Mestrado,Capitais,Remoto,Masculino,Indígena,0.7684334171958561
CAND_02727,3.2,86.0,Mestrado,Região Metropolitana,Remoto,Masculino,Preta,0.5285828605440553
CAND_02728,4.6,81.0,Bacharelado,Capitais,Presencial,Masculino,Parda,1.0
CAND_02729,6.4,57.0,Bacharelado,Capitais,Remoto,Masculino,Indígena,0.5612045221073442
CAND_02730,5.2,70.0,Bacharelado,Capitais,Presencial,Masculino,Branca,1.0
CAND_02731,5.5,9.0,Ensino Médio,Capitais,Híbrido,Feminino,Branca,0.20638115809099514
CAND_02732,5.6,44.0,Bacharelado,Região Metropolitana,Remoto,Masculino,Branca,1.0
CAND_02733,6.3,42.0,Mestrado,Capitais,Presencial,Feminino,Branca,0.4939746687950772
CAND_02734,5.1,35.0,Bacharelado,Região Metropolitana,Presencial,Masculino,Branca,0.7510331693674193
CAND_02735,4.7,27.0,Mestrado,Região Metropolitana,Híbrido,Feminino,Branca,0.5711438146201737
CAND_02736,2.8,76.0,Bacharelado,Capitais,Híbrido,Masculino,Branca,1.0
CAND_02737,1.1,36.0,Bacharelado,Interior,Híbrido,Masculino,Branca,0.41979169556450247
CAND_02738,2.3,43.0,Bacharelado,Capitais,Presencial,Feminino,Indígena,0.2880751683241035
CAND_02739,5.3,66.0,Mestrado,Capitais,Remoto,Masculino,Branca,1.0
CAND_02740,1.5,54.0,Mestrado,Capitais,Presencial,Masculino,Branca,0.995259724942822
CAND_02741,3.5,73.0,Mestrado,Capitais,Híbrido,Masculino,Branca,1.0
CAND_02742,9.8,74.0,Bacharelado,Capitais,Remoto,Feminino,Amarela,0.3965364640510485
CAND_02743,6.2,55.0,Bacharelado,Capitais,Presencial,Masculino,Preta,0.5592264150581893
CAND_02744,2.5,65.0,Bacharelado,Região Metropolitana,Presencial,Feminino,Parda,0.31634592380230253
CAND_02745,8.4,56.0,Mestrado,Interior,Remoto,Masculino,Parda,0.7143254013432485
CAND_02746,3.0,38.0,Ensino Médio,Interior,Híbrido,Não-binário,Amarela,0.0
CAND_02747,1.6,66.0,Bacharelado,Capitais,Híbrido,Feminino,Branca,0.5710048980931992
CAND_02748,4.5,58.0,Bacharelado,Interior,Presencial,Não-binário,Branca,0.18177480134099397
CAND_02749,8.1,50.0,Mestrado,Capitais,Híbrido,Não-binário,Amarela,0.040506465977949616
CAND_02750,5.2,39.0,Mestrado,Capitais,Híbrido,Masculino,Preta,0.462117893728407
CAND_02751,7.7,39.0,Bacharelado,Capitais,Remoto,Feminino,Branca,0.7578365849059067
CAND_02752,4.9,92.0,Bacharelado,Região Metropolitana,Remoto,Feminino,Indígena,0.3617156176674605
CAND_02753,3.6,85.0,Bacharelado,Capitais,Presencial,Não-binário,Preta,0.0
CAND_02754,3.2,46.0,Bacharelado,Capitais,Presencial,Masculino,Branca,0.9620713312206592
CAND_02755,0.0,51.0,Mestrado,Região Metropolitana,Presencial,Feminino,Indígena,0.14185115980946794
CAND_02756,5.8,30.0,Bacharelado,Região Metropolitana,Presencial,Feminino,Branca,0.3830100431517692
CAND_02757,9.2,35.0,Mestrado,Capitais,Presencial,Masculino,Amarela,0.6099580910027016
CAND_02758,3.6,66.0,Ensino Médio,Capitais,Remoto,Masculino,Preta,0.5189716914707455
CAND_02759,11.0,65.0,Bacharelado,Capitais,Remoto,Masculino,Parda,0.9564554690017831
CAND_02760,6.4,67.0,Mestrado,Interior,Híbrido,Masculino,Amarela,0.4446725613863237
CAND_02761,5.3,42.0,Bacharelado,Capitais,Híbrido,Masculino,Amarela,0.446121879502438
CAND_02762,5.2,27.0,Ensino Médio,Interior,Presencial,Masculino,Parda,0.35118331277586806
CAND_02763,9.8,63.0,Ensino Médio,Região Metropolitana,Híbrido,Masculino,Branca,0.8734912439894498
CAND_02764,0.0,39.0,Mestrado,Capitais,Presencial,Masculino,Branca,0.7999301367271032
CAND_02765,4.6,30.0,Bacharelado,Capitais,Presencial,Masculino,Branca,0.8026180365630791
CAND_02766,2.5,65.0,Bacharelado,Capitais,Remoto,Feminino,Branca,0.60712009422195
CAND_02767,7.6,40.0,Bacharelado,Região Metropolitana,Remoto,Masculino,Branca,0.9336392220918933
CAND_02768,11.5,30.0,Bacharelado,Região Metropolitana,Híbrido,Feminino,Amarela,0.17451376161402932
CAND_02769,6.1,52.0,Bacharelado,Região Metropolitana,Remoto,Masculino,Branca,0.7963800664135996
CAND_02770,4.2,42.0,Bacharelado,Interior,Presencial,Feminino,Branca,0.28906724814044815
CAND_02771,4.9,61.0,Ensino Médio,Região Metropolitana,Remoto,Feminino,Branca,0.4802745288838414
CAND_02772,6.0,52.0,Mestrado,Capitais,Remoto,Masculino,Branca,1.0
CAND_02773,1.2,51.0,Bacharelado,Região Metropolitana,Híbrido,Masculino,Amarela,0.36565829057318455
CAND_02774,3.8,63.0,Bacharelado,Interior,Presencial,Feminino,Preta,0.0
CAND_02775,9.9,44.0,Bacharelado,Capitais,Híbrido,Feminino,Branca,0.6730018881437935
CAND_02776,9.2,77.0,Ensino Médio,Capitais,Híbrido,Masculino,Branca,1.0
CAND_02777,1.2,43.0,Bacharelado,Interior,Presencial,Feminino,Branca,0.03678961393208223
CAND_02778,5.1,72.0,Mestrado,Região Metropolitana,Presencial,Masculino,Branca,0.6718825544479363
CAND_02779,0.3,63.0,Bacharelado,Região Metropolitana,Presencial,Masculino,Branca,0.9135243541596555
CAND_02780,4.4,42.0,Bacharelado,Capitais,Híbrido,Feminino,Branca,0.6114789981308144
CAND_02781,8.2,54.0,Bacharelado,Região Metropolitana,Remoto,Feminino,Branca,0.6382598145129245
CAND_02782,2.0,72.0,Doutorado,Interior,Presencial,Masculino,Branca,0.7963473480240154
CAND_02783,8.1,29.0,Ensino Médio,Capitais,Híbrido,Masculino,Branca,1.0
CAND_02784,2.6,41.0,Mestrado,Capitais,Híbrido,Feminino,Branca,0.4383594070389434
CAND_02785,4.6,51.0,Bacharelado,Região Metropolitana,Híbrido,Masculino,Branca,0.9902743132922625
CAND_02786,9.7,42.0,Bacharelado,Capitais,Presencial,Masculino,Branca,0.9621622747075155
CAND_02787,8.5,50.0,Bacharelado,Capitais,Remoto,Masculino,Branca,1.0
CAND_02788,11.5,70.0,Bacharelado,Região Metropolitana,Presencial,Feminino,Amarela,0.2600039512277953
CAND_02789,0.0,39.0,Mestrado,Capitais,Remoto,Masculino,Branca,0.8285992404893513
CAND_02790,6.2,28.0,Bacharelado,Região Metropolitana,Híbrido,Masculino,Amarela,0.3430205085630425
CAND_02791,6.6,55.0,Bacharelado,Capitais,Híbrido,Feminino,Preta,0.00518384515504583
CAND_02792,11.0,38.0,Bacharelado,Capitais,Remoto,Feminino,Preta,0.0
CAND_02793,5.3,35.0,Ensino Médio,Capitais,Remoto,Feminino,Preta,0.007871257319208826
CAND_02794,8.9,41.0,Mestrado,Capitais,Remoto,Masculino,Branca,0.8387028088974047
CAND_02795,6.6,61.0,Bacharelado,Região Metropolitana,Híbrido,Feminino,Branca,0.6333320356515486
CAND_02796,4.5,64.0,Mestrado,Capitais,Híbrido,Masculino,Branca,1.0
CAND_02797,4.2,52.0,Bacharelado,Interior,Presencial,Feminino,Amarela,0.0
CAND_02798,6.9,36.0,Bacharelado,Capitais,Remoto,Masculino,Preta,0.5420705399702229
CAND_02799,5.3,44.0,Bacharelado,Capitais,Remoto,Masculino,Parda,0.7697984465718885
CAND_02800,5.2,67.0,Bacharelado,Capitais,Híbrido,Masculino,Branca,1.0
CAND_02801,1.9,40.0,Mestrado,Região Metropolitana,Híbrido,Feminino,Branca,0.2810246166204727
CAND_02802,5.2,39.0,Mestrado,Região Metropolitana,Presencial,Feminino,Amarela,0.0
CAND_02803,4.3,87.0,Bacharelado,Capitais,Híbrido,Masculino,Indígena,0.7735602280414644
CAND_02804,6.0,51.0,Bacharelado,Região Metropolitana,Híbrido,Feminino,Preta,0.0
CAND_02805,5.1,23.0,Mestrado,Região Metropolitana,Híbrido,Feminino,Branca,0.14528429261399456
CAND_02806,4.7,49.0,Bacharelado,Região Metropolitana,Remoto,Masculino,Indígena,0.4958621668703341
CAND_02807,11.0,73.0,Ensino Médio,Capitais,Presencial,Feminino,Branca,0.5549812823635729
CAND_02808,4.9,62.0,Bacharelado,Capitais,Presencial,Feminino,Branca,0.5685558733998868
CAND_02809,5.6,47.0,Mestrado,Região Metropolitana,Presencial,Masculino,Branca,1.0
CAND_02810,10.0,54.0,Bacharelado,Capitais,Remoto,Feminino,Branca,0.6771533031684569
CAND_02811,8.4,59.0,Bacharelado,Região Metropolitana,Remoto,Masculino,Amarela,0.4268666229562307
CAND_02812,3.1,68.0,Ensino Médio,Interior,Presencial,Masculino,Preta,0.0
CAND_02813,8.0,38.0,Mestrado,Região Metropolitana,Remoto,Masculino,Indígena,0.7422444242623325
CAND_02814,0.9,43.0,Ensino Médio,Capitais,Presencial,Masculino,Amarela,0.44451005921329995
CAND_02815,1.4,29.0,Bacharelado,Região Metropolitana,Presencial,Feminino,Preta,0.0
CAND_02816,7.5,38.0,Bacharelado,Região Metropolitana,Presencial,Masculino,Branca,0.7795770452138301
CAND_02817,5.9,51.0,Bacharelado,Capitais,Presencial,Masculino,Branca,1.0
CAND_02818,7.7,46.0,Bacharelado,Capitais,Presencial,Feminino,Branca,0.4215200436213631
CAND_02819,1.6,72.0,Bacharelado,Capitais,Híbrido,Masculino,Branca,0.9137956750883107
CAND_02820,4.5,21.0,Bacharelado,Região Metropolitana,Híbrido,Masculino,Preta,0.2574755813271381
CAND_02821,2.4,47.0,Bacharelado,Região Metropolitana,Presencial,Feminino,Preta,0.0
CAND_02822,7.7,56.0,Mestrado,Capitais,Remoto,Feminino,Preta,0.16914992684672153
CAND_02823,7.1,18.0,Mestrado,Capitais,Presencial,Feminino,Branca,0.7096518480170518
CAND_02824,5.4,60.0,Mestrado,Interior,Remoto,Masculino,Branca,0.8586171534307135
CAND_02825,3.2,74.0,Bacharelado,Capitais,Híbrido,Masculino,Parda,1.0
CAND_02826,8.3,47.0,Mestrado,Capitais,Remoto,Masculino,Branca,1.0
CAND_02827,7.2,48.0,Bacharelado,Interior,Híbrido,Feminino,Preta,0.0
CAND_02828,1.7,57.0,Bacharelado,Capitais,Híbrido,Feminino,Branca,0.49139973000899323
CAND_02829,0.5,57.0,Bacharelado,Capitais,Híbrido,Feminino,Branca,0.5084585292598676
CAND_02830,7.6,63.0,Bacharelado,Capitais,Presencial,Masculino,Branca,1.0
CAND_02831,7.1,32.0,Mestrado,Capitais,Remoto,Masculino,Branca,1.0
CAND_02832,0.0,48.0,Bacharelado,Capitais,Remoto,Masculino,Preta,0.34829054649308927
CAND_02833,4.0,60.0,Mestrado,Região Metropolitana,Híbrido,Masculino,Branca,0.8807070805754073
CAND_02834,2.0,47.0,Doutorado,Região Metropolitana,Presencial,Feminino,Branca,0.5941266712314851
CAND_02835,6.5,48.0,Bacharelado,Região Metropolitana,Híbrido,Masculino,Branca,0.9107363335269105
CAND_02836,0.0,34.0,Bacharelado,Capitais,Remoto,Masculino,Parda,0.6163721513985204
CAND_02837,7.7,45.0,Bacharelado,Interior,Híbrido,Masculino,Parda,0.651788735915874
CAND_02838,1.2,44.0,Bacharelado,Capitais,Presencial,Masculino,Amarela,0.2629160434245942
CAND_02839,2.2,63.0,Bacharelado,Capitais,Remoto,Masculino,Branca,0.8682719309082122
CAND_02840,4.0,42.0,Mestrado,Região Metropolitana,Presencial,Feminino,Parda,0.36322455644569185
CAND_02841,0.8,29.0,Bacharelado,Região Metropolitana,Remoto,Masculino,Parda,0.6606433540597509
CAND_02842,7.5,64.0,Mestrado,Capitais,Híbrido,Masculino,Branca,1.0
CAND_02843,8.5,52.0,Bacharelado,Interior,Presencial,Feminino,Branca,0.43171257998224016
CAND_02844,11.3,66.0,Bacharelado,Capitais,Híbrido,Masculino,Branca,1.0
CAND_02845,3.2,43.0,Mestrado,Região Metropolitana,Híbrido,Masculino,Amarela,0.45609990522789634
CAND_02846,3.0,51.0,Doutorado,Capitais,Remoto,Masculino,Branca,1.0
CAND_02847,0.3,47.0,Bacharelado,Capitais,Presencial,Masculino,Amarela,0.252830912168721
CAND_02848,6.1,43.0,Ensino Médio,Região Metropolitana,Híbrido,Masculino,Branca,0.7614929871135769
CAND_02849,6.8,52.0,Bacharelado,Capitais,Híbrido,Feminino,Indígena,0.3441520561765484
CAND_02850,1.0,29.0,Mestrado,Região Metropolitana,Híbrido,Masculino,Branca,0.849583984914281
CAND_02851,3.9,33.0,Bacharelado,Capitais,Presencial,Masculino,Parda,0.7318149277147394
CAND_02852,5.9,72.0,Bacharelado,Capitais,Híbrido,Masculino,Branca,1.0
CAND_02853,0.2,42.0,Bacharelado,Região Metropolitana,Remoto,Masculino,Preta,0.28264344088044324
CAND_02854,2.9,38.0,Bacharelado,Capitais,Híbrido,Masculino,Branca,0.976222291085342
CAND_02855,5.7,36.0,Mestrado,Região Metropolitana,Híbrido,Feminino,Branca,0.44536607337969186
CAND_02856,2.9,71.0,Bacharelado,Região Metropolitana,Remoto,Feminino,Branca,0.5279599644337877
CAND_02857,3.4,55.0,Bacharelado,Capitais,Híbrido,Feminino,Preta,0.18095141613172525
CAND_02858,4.6,61.0,Mestrado,Região Metropolitana,Híbrido,Masculino,Branca,0.9983432959150504
CAND_02859,8.8,45.0,Ensino Médio,Capitais,Híbrido,Masculino,Branca,0.9074743125079534
CAND_02860,3.8,41.0,Bacharelado,Capitais,Híbrido,Feminino,Branca,0.6808218373348993
CAND_02861,2.9,29.0,Mestrado,Região Metropolitana,Híbrido,Masculino,Branca,0.8960597753949588
CAND_02862,3.4,54.0,Ensino Médio,Capitais,Remoto,Feminino,Parda,0.25644381935165417
CAND_02863,5.4,50.0,Bacharelado,Capitais,Remoto,Masculino,Preta,0.5674335063908083
CAND_02864,5.3,68.0,Ensino Médio,Capitais,Híbrido,Masculino,Amarela,0.5607756508660949
CAND_02865,4.7,65.0,Bacharelado,Interior,Remoto,Masculino,Parda,0.6522425570222714
CAND_02866,7.6,78.0,Bacharelado,Capitais,Presencial,Masculino,Parda,1.0
CAND_02867,3.5,51.0,Bacharelado,Capitais,Híbrido,Não-binário,Parda,0.2814144175632521
CAND_02868,4.0,61.0,Mestrado,Capitais,Presencial,Feminino,Branca,0.592706366577753
CAND_02869,0.5,30.0,Bacharelado,Região Metropolitana,Presencial,Masculino,Branca,0.7869424676164372
CAND_02870,6.0,68.0,Mestrado,Capitais,Presencial,Masculino,Branca,1.0
CAND_02871,1.8,33.0,Bacharelado,Capitais,Remoto,Masculino,Preta,0.3580003037478005
CAND_02872,5.2,46.0,Mestrado,Capitais,Presencial,Masculino,Branca,0.977702024478931
CAND_02873,5.3,39.0,Mestrado,Interior,Híbrido,Masculino,Branca,0.8109545867172816
CAND_02874,3.5,31.0,Bacharelado,Capitais,Remoto,Feminino,Amarela,0.0
CAND_02875,6.1,52.0,Bacharelado,Capitais,Remoto,Feminino,Amarela,0.1715130235102448
CAND_02876,6.2,42.0,Bacharelado,Região Metropolitana,Remoto,Feminino,Preta,0.015213157784879083
CAND_02877,3.3,42.0,Bacharelado,Capitais,Híbrido,Feminino,Branca,0.4064627460829582
CAND_02878,4.6,46.0,Bacharelado,Capitais,Presencial,Masculino,Branca,1.0
CAND_02879,1.5,41.0,Doutorado,Interior,Híbrido,Masculino,Preta,0.05834663019366382
CAND_02880,6.1,60.0,Bacharelado,Capitais,Híbrido,Masculino,Branca,1.0
CAND_02881,4.8,63.0,Bacharelado,Região Metropolitana,Remoto,Masculino,Parda,0.7820724068837637
CAND_02882,12.7,52.0,Bacharelado,Capitais,Presencial,Feminino,Branca,0.5530847065765505
CAND_02883,9.9,54.0,Bacharelado,Capitais,Híbrido,Feminino,Preta,0.3348253703351249
CAND_02884,5.6,58.0,Ensino Médio,Capitais,Presencial,Masculino,Branca,0.7445988850403652
CAND_02885,3.7,51.0,Ensino Médio,Região Metropolitana,Híbrido,Feminino,Branca,0.38396354164061386
CAND_02886,6.6,62.0,Bacharelado,Capitais,Presencial,Masculino,Branca,0.9824809832677138
CAND_02887,4.5,51.0,Mestrado,Região Metropolitana,Híbrido,Masculino,Branca,0.976666022887848
CAND_02888,7.3,46.0,Bacharelado,Capitais,Presencial,Feminino,Branca,0.5447081619190337
CAND_02889,0.0,48.0,Bacharelado,Capitais,Híbrido,Não-binário,Indígena,0.11808198380057501
CAND_02890,0.4,53.0,Mestrado,Região Metropolitana,Presencial,Masculino,Branca,0.8736720394841553
CAND_02891,5.3,45.0,Bacharelado,Capitais,Híbrido,Masculino,Branca,0.9089646911145691
CAND_02892,3.1,60.0,Bacharelado,Capitais,Presencial,Masculino,Parda,0.6335250151333447
CAND_02893,6.9,69.0,Bacharelado,Capitais,Remoto,Masculino,Amarela,0.8965937935083936
CAND_02894,0.0,43.0,Mestrado,Região Metropolitana,Híbrido,Masculino,Branca,0.6621342250060385
CAND_02895,8.7,61.0,Ensino Médio,Capitais,Híbrido,Feminino,Parda,0.7357318599912646
CAND_02896,4.9,44.0,Bacharelado,Capitais,Presencial,Masculino,Branca,0.8260392867701252
CAND_02897,1.7,54.0,Mestrado,Região Metropolitana,Remoto,Feminino,Branca,0.5853947294025983
CAND_02898,2.2,49.0,Bacharelado,Capitais,Presencial,Masculino,Branca,0.9911882563689247
CAND_02899,4.5,51.0,Mestrado,Região Metropolitana,Remoto,Masculino,Branca,0.8360415154688318
CAND_02900,3.4,59.0,Bacharelado,Capitais,Remoto,Masculino,Branca,0.9167869804319073
CAND_02901,4.6,61.0,Mestrado,Região Metropolitana,Remoto,Feminino,Amarela,0.17712748343987042
CAND_02902,11.0,52.0,Mestrado,Capitais,Híbrido,Feminino,Branca,0.5645764107755354
CAND_02903,1.4,54.0,Bacharelado,Região Metropolitana,Presencial,Masculino,Preta,0.2750822651573383
CAND_02904,5.8,44.0,Bacharelado,Região Metropolitana,Híbrido,Masculino,Branca,0.6197508800330847
CAND_02905,2.2,32.0,Bacharelado,Região Metropolitana,Híbrido,Masculino,Branca,0.7923930477517589
CAND_02906,3.6,59.0,Mestrado,Capitais,Híbrido,Masculino,Branca,1.0
CAND_02907,6.3,61.0,Mestrado,Interior,Remoto,Feminino,Branca,0.47262994415465454
CAND_02908,4.9,51.0,Mestrado,Região Metropolitana,Remoto,Masculino,Branca,0.909387718996125
CAND_02909,7.0,55.0,Bacharelado,Capitais,Híbrido,Feminino,Parda,0.5338495981392987
CAND_02910,7.6,52.0,Bacharelado,Interior,Híbrido,Feminino,Branca,0.3388849498556454
CAND_02911,9.4,63.0,Bacharelado,Capitais,Presencial,Masculino,Parda,1.0
CAND_02912,4.1,44.0,Ensino Médio,Capitais,Presencial,Feminino,Branca,0.577700020205085
CAND_02913,8.3,63.0,Mestrado,Capitais,Remoto,Masculino,Branca,1.0
CAND_02914,2.4,31.0,Mestrado,Capitais,Remoto,Não-binário,Branca,0.39732630655295736
CAND_02915,4.3,54.0,Bacharelado,Capitais,Híbrido,Feminino,Preta,0.0
CAND_02916,0.0,49.0,Bacharelado,Capitais,Híbrido,Masculino,Branca,0.9867173099030291
CAND_02917,6.5,39.0,Bacharelado,Região Metropolitana,Remoto,Feminino,Branca,0.2767977734931589
CAND_02918,3.6,53.0,Mestrado,Capitais,Presencial,Feminino,Branca,0.5928225086651449
CAND_02919,3.2,43.0,Bacharelado,Capitais,Híbrido,Feminino,Preta,0.0
CAND_02920,6.3,55.0,Bacharelado,Capitais,Presencial,Masculino,Preta,0.6564145165868944
CAND_02921,4.5,51.0,Mestrado,Capitais,Híbrido,Não-binário,Branca,0.5544889373994292
CAND_02922,11.0,37.0,Bacharelado,Capitais,Remoto,Masculino,Branca,1.0
CAND_02923,0.3,58.0,Mestrado,Capitais,Híbrido,Masculino,Branca,0.7329834295869553
CAND_02924,8.4,50.0,Doutorado,Região Metropolitana,Remoto,Feminino,Branca,0.5035206694072265
CAND_02925,12.2,33.0,Mestrado,Capitais,Remoto,Masculino,Amarela,0.5761199304287128
CAND_02926,3.9,49.0,Bacharelado,Região Metropolitana,Presencial,Masculino,Branca,0.7660149610616339
CAND_02927,7.4,76.0,Ensino Médio,Capitais,Remoto,Feminino,Branca,0.6822404284846595
CAND_02928,3.4,51.0,Doutorado,Capitais,Presencial,Masculino,Branca,1.0
CAND_02929,6.5,59.0,Mestrado,Capitais,Remoto,Masculino,Parda,1.0
CAND_02930,4.2,62.0,Bacharelado,Região Metropolitana,Remoto,Feminino,Branca,0.47979317183165426
CAND_02931,0.0,57.0,Bacharelado,Capitais,Remoto,Feminino,Preta,0.0
CAND_02932,4.7,39.0,Bacharelado,Capitais,Híbrido,Masculino,Branca,0.9097481351105672
CAND_02933,1.5,49.0,Doutorado,Capitais,Remoto,Feminino,Parda,0.5060143042868209
CAND_02934,2.1,52.0,Doutorado,Capitais,Híbrido,Feminino,Branca,0.6601960653894194
CAND_02935,9.1,66.0,Doutorado,Região Metropolitana,Remoto,Masculino,Branca,0.9679224531977348
CAND_02936,6.1,59.0,Mestrado,Região Metropolitana,Presencial,Masculino,Branca,0.8767513582584031
CAND_02937,3.3,41.0,Ensino Médio,Capitais,Remoto,Feminino,Branca,0.40417279642323245
CAND_02938,6.5,23.0,Ensino Médio,Capitais,Híbrido,Feminino,Branca,0.499750174252254
CAND_02939,0.7,64.0,Bacharelado,Capitais,Remoto,Masculino,Amarela,0.5699449477951117
CAND_02940,4.8,64.0,Mestrado,Região Metropolitana,Remoto,Não-binário,Branca,0.2971909712260391
CAND_02941,2.2,78.0,Bacharelado,Capitais,Remoto,Masculino,Branca,1.0
CAND_02942,6.3,66.0,Mestrado,Interior,Híbrido,Feminino,Branca,0.37916493994759914
CAND_02943,3.0,74.0,Bacharelado,Capitais,Híbrido,Masculino,Branca,1.0
CAND_02944,2.4,43.0,Mestrado,Interior,Remoto,Masculino,Branca,0.6348444765318504
CAND_02945,1.9,15.0,Bacharelado,Região Metropolitana,Híbrido,Masculino,Preta,0.05420371007919651
CAND_02946,6.7,49.0,Mestrado,Região Metropolitana,Híbrido,Feminino,Preta,0.06974790124773017
CAND_02947,6.8,49.0,Bacharelado,Capitais,Remoto,Masculino,Branca,0.9543026238180266
CAND_02948,7.6,78.0,Bacharelado,Capitais,Híbrido,Masculino,Preta,0.6391805955274802
CAND_02949,7.1,71.0,Bacharelado,Região Metropolitana,Híbrido,Masculino,Preta,0.6376716972802816
CAND_02950,8.1,64.0,Bacharelado,Interior,Remoto,Masculino,Branca,0.8149138607102955
CAND_02951,0.8,52.0,Mestrado,Capitais,Híbrido,Feminino,Parda,0.3287798604923833
CAND_02952,6.9,30.0,Mestrado,Capitais,Remoto,Feminino,Branca,0.4141747180688278
CAND_02953,6.6,46.0,Bacharelado,Capitais,Híbrido,Masculino,Preta,0.31570528170981416
CAND_02954,6.7,42.0,Bacharelado,Capitais,Híbrido,Feminino,Branca,0.44505796478918863
CAND_02955,5.4,34.0,Bacharelado,Capitais,Presencial,Masculino,Parda,0.8398334932821466
CAND_02956,4.0,48.0,Mestrado,Interior,Presencial,Masculino,Preta,0.10795794670341825
CAND_02957,4.9,30.0,Bacharelado,Capitais,Presencial,Feminino,Branca,0.48083622250833197
CAND_02958,7.2,61.0,Bacharelado,Capitais,Híbrido,Feminino,Branca,0.6396564488016688
CAND_02959,4.5,23.0,Bacharelado,Região Metropolitana,Presencial,Masculino,Amarela,0.18296133409408283
CAND_02960,6.2,46.0,Bacharelado,Capitais,Híbrido,Feminino,Branca,0.5483973464724414
CAND_02961,8.2,27.0,Mestrado,Região Metropolitana,Presencial,Masculino,Branca,0.8418831759829172
CAND_02962,7.0,40.0,Bacharelado,Região Metropolitana,Híbrido,Feminino,Branca,0.22708764921590296
CAND_02963,10.0,61.0,Mestrado,Capitais,Remoto,Masculino,Preta,0.6227625931074461
CAND_02964,1.8,56.0,Bacharelado,Capitais,Presencial,Feminino,Parda,0.5919465176734766
CAND_02965,0.8,34.0,Bacharelado,Região Metropolitana,Presencial,Masculino,Branca,0.8609679294355259
CAND_02966,0.4,48.0,Bacharelado,Região Metropolitana,Presencial,Feminino,Branca,0.3555607615230124
CAND_02967,3.1,39.0,Bacharelado,Região Metropolitana,Remoto,Masculino,Branca,0.8306876246593642
CAND_02968,5.9,47.0,Bacharelado,Capitais,Presencial,Feminino,Branca,0.6131873086830504
CAND_02969,6.4,48.0,Bacharelado,Capitais,Híbrido,Masculino,Parda,0.8077181102300103
CAND_02970,2.0,54.0,Bacharelado,Capitais,Presencial,Masculino,Branca,0.7841158330452631
CAND_02971,11.0,55.0,Doutorado,Região Metropolitana,Híbrido,Feminino,Branca,0.5551041965492935
CAND_02972,2.8,62.0,Mestrado,Capitais,Presencial,Masculino,Preta,0.429441856700648
CAND_02973,2.6,14.0,Bacharelado,Capitais,Híbrido,Masculino,Branca,0.6796265508707615
CAND_02974,3.7,55.0,Mestrado,Capitais,Remoto,Masculino,Branca,1.0
CAND_02975,3.9,59.0,Ensino Médio,Interior,Híbrido,Masculino,Branca,0.6227535259189511
CAND_02976,3.1,53.0,Bacharelado,Capitais,Remoto,Masculino,Preta,0.42937727317643154
CAND_02977,4.3,76.0,Bacharelado,Região Metropolitana,Remoto,Feminino,Branca,0.5707208406732628
CAND_02978,1.2,56.0,Mestrado,Região Metropolitana,Remoto,Masculino,Branca,0.7015853186633612
CAND_02979,11.0,53.0,Mestrado,Capitais,Híbrido,Masculino,Amarela,0.758319215377028
CAND_02980,5.9,31.0,Ensino Médio,Região Metropolitana,Presencial,Masculino,Amarela,0.4044322944839433
CAND_02981,3.7,44.0,Bacharelado,Região Metropolitana,Presencial,Feminino,Indígena,0.16019571865322482
CAND_02982,3.6,20.0,Bacharelado,Capitais,Remoto,Feminino,Branca,0.4011078998160022
CAND_02983,4.9,39.0,Mestrado,Região Metropolitana,Híbrido,Feminino,Amarela,0.0
CAND_02984,0.0,19.0,Bacharelado,Capitais,Presencial,Masculino,Preta,0.0
CAND_02985,3.0,61.0,Bacharelado,Capitais,Presencial,Masculino,Branca,0.8781893878679163
CAND_02986,5.8,70.0,Bacharelado,Região Metropolitana,Remoto,Masculino,Branca,0.8465433537297876
CAND_02987,0.0,43.0,Bacharelado,Interior,Presencial,Feminino,Amarela,0.0
CAND_02988,6.0,30.0,Ensino Médio,Região Metropolitana,Presencial,Feminino,Branca,0.4317197265426429
CAND_02989,6.8,51.0,Bacharelado,Capitais,Híbrido,Masculino,Branca,0.9330144699389235
CAND_02990,5.7,57.0,Bacharelado,Capitais,Presencial,Masculino,Branca,1.0
CAND_02991,9.3,44.0,Mestrado,Região Metropolitana,Presencial,Não-binário,Branca,0.2742467823402511
CAND_02992,7.8,38.0,Bacharelado,Interior,Remoto,Feminino,Branca,0.16239659631347567
CAND_02993,0.8,72.0,Bacharelado,Capitais,Presencial,Masculino,Branca,0.9521421366613723
CAND_02994,0.0,54.0,Mestrado,Interior,Remoto,Masculino,Branca,0.590559319221496
CAND_02995,9.4,41.0,Bacharelado,Capitais,Híbrido,Não-binário,Amarela,0.18877852949849064
CAND_02996,0.2,37.0,Mestrado,Região Metropolitana,Remoto,Masculino,Branca,0.60390518146839
CAND_02997,4.1,43.0,Bacharelado,Interior,Híbrido,Feminino,Indígena,0.0
CAND_02998,4.0,24.0,Bacharelado,Região Metropolitana,Remoto,Feminino,Parda,0.2951354477191869
CAND_02999,4.9,37.0,Bacharelado,Capitais,Híbrido,Masculino,Branca,0.8936986351796183
CAND_03000,6.2,55.0,Ensino Médio,Região Metropolitana,Remoto,Masculino,Branca,0.9792583509685885
CAND_03001,4.8,46.0,Ensino Médio,Capitais,Remoto,Masculino,Preta,0.2683569626893031
CAND_03002,3.8,46.0,Ensino Médio,Capitais,Remoto,Feminino,Amarela,0.0
CAND_03003,3.3,58.0,Doutorado,Interior,Híbrido,Masculino,Branca,0.5201097874326135
CAND_03004,6.7,36.0,Bacharelado,Capitais,Presencial,Masculino,Branca,1.0
CAND_03005,6.7,43.0,Mestrado,Capitais,Presencial,Não-binário,Preta,0.03514773718972615
CAND_03006,4.5,74.0,Doutorado,Capitais,Remoto,Masculino,Branca,1.0
CAND_03007,5.8,47.0,Mestrado,Capitais,Híbrido,Masculino,Branca,1.0
CAND_03008,10.3,57.0,Bacharelado,Região Metropolitana,Híbrido,Masculino,Branca,0.7123176148244911
CAND_03009,2.4,70.0,Mestrado,Capitais,Remoto,Masculino,Preta,0.5196031554251113
CAND_03010,3.3,60.0,Doutorado,Capitais,Híbrido,Masculino,Parda,1.0
CAND_03011,5.7,50.0,Ensino Médio,Região Metropolitana,Híbrido,Masculino,Branca,0.7729601473724205
CAND_03012,4.3,26.0,Bacharelado,Capitais,Remoto,Feminino,Branca,0.4181670483392167
CAND_03013,0.0,57.0,Mestrado,Interior,Híbrido,Feminino,Parda,0.247705860027512
CAND_03014,7.6,28.0,Bacharelado,Capitais,Presencial,Masculino,Branca,0.9563941241967546
CAND_03015,4.3,31.0,Bacharelado,Região Metropolitana,Híbrido,Feminino,Branca,0.2479037356185252
CAND_03016,5.0,43.0,Ensino Médio,Capitais,Presencial,Masculino,Branca,0.9369714435442885
CAND_03017,12.9,81.0,Mestrado,Capitais,Híbrido,Masculino,Branca,1.0
CAND_03018,5.3,53.0,Doutorado,Capitais,Presencial,Masculino,Branca,0.9835271441217774
CAND_03019,5.8,74.0,Bacharelado,Capitais,Presencial,Masculino,Parda,1.0
CAND_03020,6.6,41.0,Bacharelado,Capitais,Remoto,Feminino,Parda,0.2986265617944389
CAND_03021,8.9,56.0,Bacharelado,Capitais,Remoto,Masculino,Branca,1.0
CAND_03022,6.8,63.0,Bacharelado,Capitais,Híbrido,Masculino,Branca,1.0
CAND_03023,4.8,41.0,Bacharelado,Capitais,Remoto,Masculino,Branca,1.0
CAND_03024,0.4,70.0,Ensino Médio,Região Metropolitana,Híbrido,Feminino,Branca,0.3302277917141444
CAND_03025,6.4,34.0,Bacharelado,Capitais,Remoto,Masculino,Parda,0.7966323501484526
CAND_03026,11.0,53.0,Bacharelado,Capitais,Presencial,Masculino,Branca,1.0
CAND_03027,0.8,82.0,Mestrado,Capitais,Presencial,Masculino,Amarela,0.6630179035488732
CAND_03028,2.6,48.0,Ensino Médio,Interior,Remoto,Masculino,Branca,0.6289416104102126
CAND_03029,10.4,33.0,Bacharelado,Capitais,Remoto,Feminino,Branca,0.5239906503567197
CAND_03030,0.0,34.0,Bacharelado,Capitais,Remoto,Masculino,Branca,0.8206841428999938
CAND_03031,6.2,73.0,Mestrado,Região Metropolitana,Presencial,Masculino,Branca,1.0
CAND_03032,1.8,41.0,Mestrado,Capitais,Presencial,Não-binário,Branca,0.4611818807921147
CAND_03033,3.1,40.0,Bacharelado,Capitais,Híbrido,Não-binário,Preta,0.08733239081200955
CAND_03034,6.4,33.0,Bacharelado,Capitais,Presencial,Masculino,Branca,0.9542442221175491
CAND_03035,4.6,36.0,Bacharelado,Capitais,Presencial,Masculino,Preta,0.4410133993686171
CAND_03036,2.7,47.0,Mestrado,Capitais,Híbrido,Masculino,Preta,0.39803734214733827
CAND_03037,6.6,44.0,Bacharelado,Região Metropolitana,Remoto,Masculino,Branca,0.5694110963491978
CAND_03038,1.0,55.0,Bacharelado,Capitais,Híbrido,Masculino,Branca,0.8067834332047162
CAND_03039,11.4,51.0,Bacharelado,Região Metropolitana,Híbrido,Masculino,Amarela,0.6410716777757394
CAND_03040,7.0,23.0,Bacharelado,Capitais,Remoto,Masculino,Branca,0.753284282856149
CAND_03041,4.6,64.0,Doutorado,Capitais,Remoto,Feminino,Branca,0.7845257263361818
CAND_03042,4.9,75.0,Ensino Médio,Capitais,Remoto,Feminino,Preta,0.08415400325079171
CAND_03043,4.8,25.0,Ensino Médio,Capitais,Presencial,Feminino,Branca,0.4522893847777149
CAND_03044,5.3,35.0,Bacharelado,Capitais,Presencial,Feminino,Branca,0.3817259335581901
CAND_03045,8.2,23.0,Bacharelado,Região Metropolitana,Presencial,Masculino,Branca,0.7414390081651591
CAND_03046,3.3,36.0,Ensino Médio,Capitais,Presencial,Masculino,Branca,0.8943491460261126
CAND_03047,5.1,58.0,Mestrado,Região Metropolitana,Híbrido,Masculino,Amarela,0.44058098580150773
CAND_03048,2.3,22.0,Bacharelado,Capitais,Híbrido,Masculino,Preta,0.2526455113866618
CAND_03049,3.3,75.0,Bacharelado,Região Metropolitana,Remoto,Masculino,Indígena,0.6097923782100932
CAND_03050,8.4,34.0,Ensino Médio,Capitais,Presencial,Masculino,Branca,0.9056398248169881
CAND_03051,6.1,29.0,Bacharelado,Região Metropolitana,Remoto,Feminino,Branca,0.33239636373038883
CAND_03052,11.0,53.0,Mestrado,Região Metropolitana,Presencial,Masculino,Parda,0.9794357703831761
CAND_03053,8.0,94.0,Mestrado,Capitais,Híbrido,Feminino,Branca,0.8085662236942207
CAND_03054,0.2,45.0,Mestrado,Região Metropolitana,Híbrido,Não-binário,Branca,0.23684592459421117
CAND_03055,4.7,41.0,Bacharelado,Região Metropolitana,Presencial,Feminino,Branca,0.5413508980852292
CAND_03056,5.4,33.0,Mestrado,Capitais,Híbrido,Masculino,Indígena,0.6377468585678038
CAND_03057,4.6,53.0,Bacharelado,Região Metropolitana,Híbrido,Masculino,Preta,0.4201101586210004
CAND_03058,1.3,47.0,Bacharelado,Capitais,Híbrido,Masculino,Branca,0.8497332151890838
CAND_03059,3.0,60.0,Mestrado,Interior,Presencial,Masculino,Parda,0.6427679354310152
CAND_03060,5.1,72.0,Mestrado,Capitais,Presencial,Masculino,Preta,0.584986407563507
CAND_03061,5.5,83.0,Bacharelado,Capitais,Remoto,Não-binário,Branca,0.5339514321924979
CAND_03062,2.2,47.0,Bacharelado,Interior,Remoto,Masculino,Branca,0.594050569320608
CAND_03063,3.3,58.0,Bacharelado,Região Metropolitana,Presencial,Feminino,Amarela,0.10010254267707797
CAND_03064,0.9,43.0,Bacharelado,Capitais,Remoto,Masculino,Branca,0.9035998550411326
CAND_03065,14.1,32.0,Ensino Médio,Capitais,Remoto,Feminino,Branca,0.5530068322121233
CAND_03066,1.8,49.0,Bacharelado,Região Metropolitana,Híbrido,Masculino,Branca,0.6609236567486694
CAND_03067,6.3,62.0,Bacharelado,Capitais,Híbrido,Feminino,Branca,0.47992243958605696
CAND_03068,4.4,63.0,Mestrado,Capitais,Híbrido,Masculino,Preta,0.569355779516642
CAND_03069,2.5,52.0,Ensino Médio,Região Metropolitana,Híbrido,Feminino,Preta,0.0
CAND_03070,1.7,68.0,Doutorado,Região Metropolitana,Presencial,Feminino,Branca,0.5231108241241254
CAND_03071,7.5,58.0,Mestrado,Interior,Híbrido,Feminino,Branca,0.42911648868523583
CAND_03072,13.4,25.0,Ensino Médio,Capitais,Remoto,Masculino,Preta,0.3615963222634591
CAND_03073,6.7,44.0,Mestrado,Região Metropolitana,Híbrido,Masculino,Branca,0.9490381180541151
CAND_03074,9.9,65.0,Bacharelado,Região Metropolitana,Remoto,Feminino,Branca,0.7492777523014839
CAND_03075,3.9,44.0,Bacharelado,Região Metropolitana,Remoto,Masculino,Indígena,0.5469296099220459
CAND_03076,5.2,58.0,Doutorado,Interior,Remoto,Masculino,Amarela,0.2908713620566846
CAND_03077,4.5,74.0,Mestrado,Capitais,Remoto,Feminino,Branca,0.7602742282256194
CAND_03078,15.3,29.0,Bacharelado,Interior,Remoto,Masculino,Branca,0.7585675027199773
CAND_03079,2.6,46.0,Mestrado,Capitais,Remoto,Feminino,Branca,0.6260072650757711
CAND_03080,2.8,67.0,Bacharelado,Capitais,Remoto,Feminino,Branca,0.4648170530913136
CAND_03081,8.3,43.0,Ensino Médio,Região Metropolitana,Híbrido,Masculino,Preta,0.2813239097673138
CAND_03082,1.1,38.0,Bacharelado,Região Metropolitana,Presencial,Masculino,Branca,0.8414963976446793
CAND_03083,7.2,50.0,Mestrado,Capitais,Híbrido,Masculino,Indígena,0.806620226267848
CAND_03084,1.4,63.0,Mestrado,Região Metropolitana,Híbrido,Feminino,Branca,0.3948295577303804
CAND_03085,7.6,55.0,Mestrado,Capitais,Híbrido,Masculino,Branca,1.0
CAND_03086,8.0,76.0,Mestrado,Capitais,Híbrido,Feminino,Branca,0.8100516439081552
CAND_03087,5.3,78.0,Bacharelado,Capitais,Híbrido,Masculino,Branca,0.930058975934623
CAND_03088,2.0,54.0,Bacharelado,Capitais,Presencial,Não-binário,Preta,0.0
CAND_03089,3.1,45.0,Bacharelado,Região Metropolitana,Presencial,Feminino,Branca,0.3220428645283186
CAND_03090,8.8,44.0,Ensino Médio,Capitais,Híbrido,Masculino,Branca,1.0
CAND_03091,6.0,30.0,Bacharelado,Capitais,Híbrido,Não-binário,Amarela,0.01786751092653382
CAND_03092,5.0,76.0,Bacharelado,Capitais,Híbrido,Masculino,Branca,1.0
CAND_03093,3.9,50.0,Ensino Médio,Capitais,Presencial,Masculino,Branca,0.8589713712443863
CAND_03094,6.9,55.0,Bacharelado,Região Metropolitana,Presencial,Feminino,Branca,0.3808032472904891
CAND_03095,7.4,70.0,Bacharelado,Capitais,Híbrido,Masculino,Amarela,0.6130775213431039
CAND_03096,4.8,63.0,Ensino Médio,Capitais,Remoto,Masculino,Branca,0.9237271468407028
CAND_03097,3.5,53.0,Mestrado,Região Metropolitana,Remoto,Feminino,Preta,0.0
CAND_03098,1.8,38.0,Bacharelado,Capitais,Remoto,Feminino,Branca,0.5056692058154824
CAND_03099,4.8,42.0,Bacharelado,Capitais,Presencial,Feminino,Branca,0.4613822806738913
CAND_03100,4.1,62.0,Bacharelado,Região Metropolitana,Presencial,Masculino,Preta,0.5110151665554322
CAND_03101,6.5,43.0,Mestrado,Capitais,Remoto,Masculino,Branca,0.9324510789890676
CAND_03102,6.7,74.0,Mestrado,Região Metropolitana,Híbrido,Masculino,Branca,1.0
CAND_03103,0.3,38.0,Mestrado,Capitais,Híbrido,Masculino,Parda,0.6532450452985421
CAND_03104,6.4,25.0,Mestrado,Região Metropolitana,Híbrido,Masculino,Branca,0.7714477279174262
CAND_03105,4.4,88.0,Bacharelado,Capitais,Híbrido,Masculino,Branca,1.0
CAND_03106,9.0,63.0,Bacharelado,Capitais,Presencial,Masculino,Branca,1.0
CAND_03107,7.9,54.0,Bacharelado,Região Metropolitana,Híbrido,Masculino,Branca,0.8270496331907635
CAND_03108,6.0,33.0,Bacharelado,Capitais,Presencial,Masculino,Amarela,0.4428722699698448
CAND_03109,2.6,59.0,Ensino Médio,Capitais,Presencial,Masculino,Preta,0.538518034129262
CAND_03110,3.6,65.0,Ensino Médio,Capitais,Presencial,Masculino,Branca,0.7506987839032782
CAND_03111,4.6,40.0,Bacharelado,Capitais,Remoto,Masculino,Branca,0.7805364516561568
CAND_03112,2.0,64.0,Mestrado,Capitais,Híbrido,Feminino,Branca,0.5689340770013421
CAND_03113,6.2,60.0,Bacharelado,Interior,Híbrido,Feminino,Indígena,0.0
CAND_03114,7.7,40.0,Bacharelado,Capitais,Híbrido,Masculino,Parda,0.8461168102407307
CAND_03115,8.4,78.0,Doutorado,Capitais,Presencial,Feminino,Parda,0.8639927171457826
CAND_03116,5.8,42.0,Bacharelado,Interior,Presencial,Feminino,Preta,0.0
CAND_03117,11.8,18.0,Ensino Médio,Região Metropolitana,Remoto,Masculino,Branca,0.7699058402847707
CAND_03118,5.4,50.0,Mestrado,Região Metropolitana,Híbrido,Feminino,Branca,0.4539620765336037
CAND_03119,2.6,37.0,Bacharelado,Capitais,Híbrido,Masculino,Branca,0.8881858410067351
CAND_03120,2.8,47.0,Doutorado,Capitais,Remoto,Masculino,Branca,0.9286002032363505
CAND_03121,9.1,78.0,Bacharelado,Região Metropolitana,Remoto,Feminino,Branca,0.778829415584498
CAND_03122,7.3,40.0,Bacharelado,Capitais,Presencial,Feminino,Parda,0.3132320873163258
CAND_03123,1.6,57.0,Bacharelado,Capitais,Presencial,Masculino,Amarela,0.4689445603059945
CAND_03124,0.0,55.0,Mestrado,Capitais,Remoto,Masculino,Branca,0.8079583012790036
CAND_03125,1.3,73.0,Bacharelado,Capitais,Remoto,Masculino,Branca,0.888116362412248
CAND_03126,0.0,16.0,Doutorado,Região Metropolitana,Remoto,Feminino,Branca,0.30265735564531404
CAND_03127,4.3,32.0,Bacharelado,Capitais,Híbrido,Masculino,Parda,0.9332636551833792
CAND_03128,2.8,43.0,Bacharelado,Capitais,Remoto,Masculino,Preta,0.32202296938208275
CAND_03129,1.5,60.0,Ensino Médio,Capitais,Remoto,Feminino,Amarela,0.2604959113758688
CAND_03130,6.0,42.0,Bacharelado,Capitais,Híbrido,Feminino,Branca,0.6224521527300455
CAND_03131,7.9,36.0,Bacharelado,Capitais,Remoto,Feminino,Parda,0.37713016335705135
CAND_03132,5.6,70.0,Bacharelado,Capitais,Híbrido,Masculino,Indígena,0.7112040336093997
CAND_03133,5.4,52.0,Bacharelado,Capitais,Remoto,Masculino,Amarela,0.7626871372500548
CAND_03134,8.2,47.0,Mestrado,Região Metropolitana,Remoto,Feminino,Branca,0.5959241720613965
CAND_03135,5.7,60.0,Bacharelado,Interior,Híbrido,Masculino,Preta,0.14535269790249083
CAND_03136,9.6,63.0,Bacharelado,Capitais,Remoto,Masculino,Preta,0.529434262665138
CAND_03137,3.4,32.0,Ensino Médio,Capitais,Remoto,Masculino,Parda,0.6993453005429278
CAND_03138,6.4,25.0,Bacharelado,Capitais,Remoto,Masculino,Branca,1.0
CAND_03139,5.4,56.0,Bacharelado,Interior,Remoto,Feminino,Indígena,0.0
CAND_03140,4.1,44.0,Bacharelado,Capitais,Híbrido,Feminino,Preta,0.03762687330805959
CAND_03141,4.9,91.0,Ensino Médio,Capitais,Remoto,Masculino,Branca,1.0
CAND_03142,3.5,91.0,Mestrado,Região Metropolitana,Presencial,Masculino,Preta,0.5640460575623172
CAND_03143,4.8,29.0,Mestrado,Interior,Remoto,Masculino,Indígena,0.26469520088366577
CAND_03144,5.4,68.0,Bacharelado,Capitais,Presencial,Feminino,Amarela,0.12484889173702346
CAND_03145,6.2,45.0,Mestrado,Capitais,Presencial,Feminino,Parda,0.6649574655428995
CAND_03146,5.7,63.0,Bacharelado,Região Metropolitana,Híbrido,Feminino,Parda,0.38958710415145226
CAND_03147,2.3,49.0,Bacharelado,Região Metropolitana,Híbrido,Feminino,Branca,0.4362580532469167
CAND_03148,4.0,57.0,Bacharelado,Região Metropolitana,Presencial,Masculino,Amarela,0.3768076287711419
CAND_03149,1.5,47.0,Bacharelado,Região Metropolitana,Híbrido,Feminino,Branca,0.2260008253130293
CAND_03150,0.0,44.0,Bacharelado,Região Metropolitana,Presencial,Feminino,Parda,0.16841757338806795
CAND_03151,3.0,37.0,Ensino Médio,Interior,Remoto,Masculino,Parda,0.3157164980746003
CAND_03152,2.7,56.0,Mestrado,Interior,Híbrido,Masculino,Branca,0.567886089244392
CAND_03153,0.6,69.0,Bacharelado,Região Metropolitana,Remoto,Masculino,Branca,0.8266518277058209
CAND_03154,4.0,58.0,Mestrado,Capitais,Remoto,Masculino,Branca,0.9100585406668157
CAND_03155,4.7,63.0,Bacharelado,Região Metropolitana,Remoto,Masculino,Preta,0.41750954468345736
CAND_03156,4.6,100.0,Ensino Médio,Capitais,Híbrido,Masculino,Branca,1.0
CAND_03157,4.0,52.0,Ensino Médio,Capitais,Híbrido,Masculino,Amarela,0.4152928858557189
CAND_03158,2.7,48.0,Bacharelado,Capitais,Híbrido,Masculino,Preta,0.2536526604421761
CAND_03159,4.6,33.0,Bacharelado,Região Metropolitana,Remoto,Masculino,Branca,0.7325359852060486
CAND_03160,11.5,75.0,Bacharelado,Região Metropolitana,Presencial,Feminino,Preta,0.11281062118854931
CAND_03161,7.4,68.0,Bacharelado,Capitais,Híbrido,Masculino,Branca,1.0
CAND_03162,2.6,23.0,Mestrado,Região Metropolitana,Presencial,Feminino,Preta,0.0
CAND_03163,6.2,14.0,Bacharelado,Capitais,Presencial,Masculino,Indígena,0.5092092426980872
CAND_03164,4.3,33.0,Bacharelado,Interior,Remoto,Masculino,Parda,0.5728496520855418
CAND_03165,10.7,27.0,Bacharelado,Capitais,Presencial,Masculino,Branca,1.0
CAND_03166,5.4,19.0,Mestrado,Capitais,Presencial,Masculino,Preta,0.5505009925099743
CAND_03167,2.9,48.0,Mestrado,Região Metropolitana,Remoto,Feminino,Branca,0.33984675315069157
CAND_03168,3.5,70.0,Bacharelado,Região Metropolitana,Remoto,Feminino,Indígena,0.15000367736843073
CAND_03169,5.2,51.0,Mestrado,Capitais,Híbrido,Feminino,Preta,0.1328427982716334
CAND_03170,4.0,96.0,Mestrado,Capitais,Híbrido,Masculino,Branca,1.0
CAND_03171,6.0,59.0,Mestrado,Região Metropolitana,Híbrido,Feminino,Branca,0.6658131695707804
CAND_03172,4.0,29.0,Bacharelado,Capitais,Remoto,Masculino,Branca,0.836490121147062
CAND_03173,9.9,33.0,Bacharelado,Interior,Presencial,Masculino,Amarela,0.2817721569826031
CAND_03174,6.1,69.0,Mestrado,Interior,Híbrido,Feminino,Branca,0.37755229893262054
CAND_03175,2.7,49.0,Doutorado,Capitais,Presencial,Masculino,Branca,0.782819490804056
CAND_03176,2.4,40.0,Bacharelado,Capitais,Presencial,Masculino,Indígena,0.6334688550042781
CAND_03177,5.4,51.0,Doutorado,Capitais,Híbrido,Masculino,Branca,1.0
CAND_03178,6.8,12.0,Mestrado,Região Metropolitana,Híbrido,Feminino,Branca,0.28213317002298277
CAND_03179,11.4,68.0,Bacharelado,Capitais,Híbrido,Não-binário,Amarela,0.17934470959806487
CAND_03180,10.0,37.0,Mestrado,Capitais,Híbrido,Masculino,Branca,1.0
CAND_03181,4.9,35.0,Bacharelado,Interior,Presencial,Não-binário,Parda,0.036920785848620685
CAND_03182,5.5,33.0,Ensino Médio,Capitais,Híbrido,Feminino,Parda,0.34231611245645255
CAND_03183,7.7,52.0,Bacharelado,Região Metropolitana,Híbrido,Feminino,Branca,0.3924710564099438
CAND_03184,7.9,49.0,Bacharelado,Capitais,Presencial,Masculino,Preta,0.5347902887175436
CAND_03185,1.9,42.0,Ensino Médio,Capitais,Remoto,Feminino,Branca,0.35359404035814607
CAND_03186,6.1,52.0,Mestrado,Capitais,Presencial,Masculino,Branca,1.0
CAND_03187,7.4,45.0,Bacharelado,Capitais,Presencial,Masculino,Branca,0.9662791930776273
CAND_03188,4.8,24.0,Bacharelado,Interior,Presencial,Masculino,Branca,0.3253533997936235
CAND_03189,10.3,43.0,Bacharelado,Capitais,Presencial,Feminino,Branca,0.8208093220193919
CAND_03190,10.6,79.0,Bacharelado,Capitais,Presencial,Feminino,Amarela,0.3076836648336786
CAND_03191,2.5,39.0,Bacharelado,Região Metropolitana,Remoto,Masculino,Branca,0.8583643572546134
CAND_03192,8.8,41.0,Ensino Médio,Capitais,Híbrido,Feminino,Branca,0.539119648154928
CAND_03193,5.8,48.0,Bacharelado,Capitais,Presencial,Masculino,Branca,0.9403685519610164
CAND_03194,2.8,33.0,Ensino Médio,Região Metropolitana,Presencial,Feminino,Branca,0.18316754938014343
CAND_03195,2.4,38.0,Bacharelado,Capitais,Remoto,Feminino,Branca,0.6111206297322553
CAND_03196,2.4,37.0,Bacharelado,Capitais,Híbrido,Masculino,Branca,0.8253640065214437
CAND_03197,7.9,42.0,Mestrado,Região Metropolitana,Presencial,Feminino,Branca,0.6939688020535083
CAND_03198,7.6,34.0,Bacharelado,Região Metropolitana,Híbrido,Masculino,Parda,0.9351312004727805
CAND_03199,3.6,30.0,Bacharelado,Região Metropolitana,Híbrido,Feminino,Branca,0.27325237338918734
CAND_03200,6.4,33.0,Bacharelado,Capitais,Híbrido,Masculino,Preta,0.35579161775999435
CAND_03201,6.4,55.0,Bacharelado,Capitais,Presencial,Masculino,Preta,0.634535641346899
CAND_03202,4.7,61.0,Bacharelado,Capitais,Híbrido,Masculino,Amarela,0.5562854974169151
CAND_03203,6.1,52.0,Bacharelado,Região Metropolitana,Híbrido,Masculino,Branca,0.9270231775474312
CAND_03204,3.4,52.0,Bacharelado,Região Metropolitana,Remoto,Feminino,Branca,0.5083045887411453
CAND_03205,4.2,31.0,Bacharelado,Região Metropolitana,Híbrido,Masculino,Branca,0.782414438892391
CAND_03206,3.7,77.0,Bacharelado,Capitais,Presencial,Feminino,Amarela,0.2006186388307352
CAND_03207,2.7,44.0,Bacharelado,Região Metropolitana,Remoto,Masculino,Parda,0.5175675535523219
CAND_03208,6.7,38.0,Doutorado,Região Metropolitana,Presencial,Masculino,Branca,0.9543769444664048
CAND_03209,12.6,59.0,Bacharelado,Capitais,Presencial,Masculino,Branca,1.0
CAND_03210,10.7,56.0,Mestrado,Capitais,Híbrido,Masculino,Branca,1.0
CAND_03211,6.5,39.0,Bacharelado,Capitais,Presencial,Feminino,Preta,0.0
CAND_03212,3.8,37.0,Bacharelado,Capitais,Híbrido,Masculino,Parda,0.7079098627009228
CAND_03213,6.5,55.0,Mestrado,Região Metropolitana,Presencial,Feminino,Preta,0.2682933929538822
CAND_03214,1.2,78.0,Bacharelado,Capitais,Presencial,Masculino,Branca,1.0
CAND_03215,12.3,41.0,Doutorado,Região Metropolitana,Presencial,Feminino,Branca,0.6612512546389461
CAND_03216,2.7,38.0,Doutorado,Capitais,Híbrido,Masculino,Branca,0.8394753946966769
CAND_03217,3.3,41.0,Bacharelado,Capitais,Remoto,Feminino,Branca,0.41422626635846094
CAND_03218,4.8,38.0,Bacharelado,Capitais,Remoto,Feminino,Branca,0.48482060020923684
CAND_03219,4.7,42.0,Bacharelado,Região Metropolitana,Presencial,Masculino,Branca,0.7992762338363638
CAND_03220,7.6,48.0,Bacharelado,Capitais,Presencial,Masculino,Branca,0.9787129550578114
CAND_03221,3.9,38.0,Mestrado,Capitais,Remoto,Feminino,Branca,0.6257061679404035
CAND_03222,0.7,38.0,Bacharelado,Capitais,Híbrido,Feminino,Branca,0.4351177675461755
CAND_03223,3.2,36.0,Bacharelado,Região Metropolitana,Presencial,Masculino,Branca,0.8578216892545321
CAND_03224,0.0,62.0,Bacharelado,Capitais,Híbrido,Masculino,Indígena,0.734550407413128
CAND_03225,3.2,54.0,Bacharelado,Interior,Presencial,Masculino,Branca,0.6208011420036158
CAND_03226,10.8,67.0,Bacharelado,Interior,Híbrido,Não-binário,Parda,0.16714416208193444
CAND_03227,3.6,74.0,Bacharelado,Região Metropolitana,Presencial,Feminino,Parda,0.466146200687153
CAND_03228,0.6,52.0,Mestrado,Região Metropolitana,Remoto,Feminino,Branca,0.543396469115764
CAND_03229,5.0,58.0,Bacharelado,Interior,Híbrido,Masculino,Amarela,0.16276394534817976
CAND_03230,7.4,35.0,Bacharelado,Região Metropolitana,Híbrido,Feminino,Amarela,0.09938476207004984
CAND_03231,2.9,66.0,Bacharelado,Capitais,Remoto,Feminino,Branca,0.5224932036479181
CAND_03232,0.0,52.0,Doutorado,Capitais,Híbrido,Masculino,Branca,0.8924859951340464
CAND_03233,4.4,28.0,Bacharelado,Capitais,Presencial,Feminino,Branca,0.37883514617757463
CAND_03234,7.0,28.0,Mestrado,Interior,Remoto,Masculino,Parda,0.3501495382304156
CAND_03235,1.5,54.0,Ensino Médio,Capitais,Presencial,Feminino,Amarela,0.013427324585178653
CAND_03236,3.9,58.0,Bacharelado,Capitais,Presencial,Masculino,Parda,0.6836441293408564
CAND_03237,0.0,33.0,Mestrado,Capitais,Híbrido,Masculino,Branca,0.5966436507164753
CAND_03238,7.2,56.0,Bacharelado,Região Metropolitana,Remoto,Masculino,Branca,1.0
CAND_03239,2.1,27.0,Mestrado,Capitais,Presencial,Feminino,Preta,0.0
CAND_03240,0.0,53.0,Mestrado,Interior,Híbrido,Feminino,Branca,0.2839328398319088
CAND_03241,7.1,49.0,Bacharelado,Região Metropolitana,Híbrido,Masculino,Amarela,0.5126417742936317
CAND_03242,4.4,48.0,Mestrado,Capitais,Remoto,Masculino,Branca,1.0
CAND_03243,5.3,44.0,Bacharelado,Capitais,Presencial,Feminino,Branca,0.4010848310702513
CAND_03244,7.9,54.0,Mestrado,Capitais,Híbrido,Masculino,Branca,1.0
CAND_03245,4.4,46.0,Bacharelado,Capitais,Remoto,Não-binário,Branca,0.436633378476744
CAND_03246,4.6,13.0,Bacharelado,Interior,Híbrido,Feminino,Branca,0.262292697196018
CAND_03247,1.1,48.0,Bacharelado,Capitais,Híbrido,Feminino,Branca,0.4407308288034869
CAND_03248,7.1,15.0,Mestrado,Região Metropolitana,Remoto,Masculino,Amarela,0.45328503861152636
CAND_03249,2.6,41.0,Mestrado,Capitais,Remoto,Masculino,Parda,0.8523600749520025
CAND_03250,1.6,26.0,Bacharelado,Capitais,Híbrido,Não-binário,Preta,0.0
CAND_03251,6.1,54.0,Bacharelado,Capitais,Híbrido,Não-binário,Branca,0.5979161086389886
CAND_03252,7.9,44.0,Bacharelado,Região Metropolitana,Híbrido,Masculino,Branca,0.7290559117476892
CAND_03253,8.8,30.0,Mestrado,Região Metropolitana,Remoto,Masculino,Branca,0.886058316108357
CAND_03254,4.4,45.0,Bacharelado,Interior,Híbrido,Masculino,Parda,0.595911781021326
CAND_03255,0.0,41.0,Bacharelado,Capitais,Híbrido,Feminino,Parda,0.4846396794416733
CAND_03256,0.0,51.0,Bacharelado,Capitais,Remoto,Não-binário,Branca,0.18427985300366648
CAND_03257,4.1,56.0,Ensino Médio,Capitais,Híbrido,Masculino,Indígena,0.7120596894080734
CAND_03258,1.7,11.0,Bacharelado,Interior,Remoto,Feminino,Branca,0.0
CAND_03259,11.5,55.0,Mestrado,Capitais,Híbrido,Masculino,Parda,1.0
CAND_03260,0.0,70.0,Bacharelado,Capitais,Presencial,Masculino,Branca,0.8756338570125334
CAND_03261,3.7,56.0,Bacharelado,Capitais,Remoto,Masculino,Amarela,0.5559100523709535
CAND_03262,7.0,66.0,Mestrado,Capitais,Híbrido,Feminino,Branca,0.6221368546810779
CAND_03263,1.9,52.0,Ensino Médio,Interior,Presencial,Feminino,Branca,0.031855762810727384
CAND_03264,5.9,62.0,Mestrado,Interior,Híbrido,Masculino,Branca,0.6626517732097783
CAND_03265,8.6,76.0,Ensino Médio,Capitais,Remoto,Feminino,Branca,0.40778422162904543
CAND_03266,10.5,51.0,Bacharelado,Capitais,Remoto,Feminino,Parda,0.4508840520511015
CAND_03267,0.0,34.0,Bacharelado,Capitais,Presencial,Masculino,Preta,0.17242700956015533
CAND_03268,9.1,44.0,Bacharelado,Capitais,Presencial,Feminino,Amarela,0.13556376198207848
CAND_03269,0.0,35.0,Ensino Médio,Capitais,Híbrido,Feminino,Branca,0.17599804788881382
CAND_03270,4.2,37.0,Mestrado,Interior,Remoto,Não-binário,Branca,0.03945872587809503
CAND_03271,6.0,66.0,Bacharelado,Capitais,Remoto,Masculino,Amarela,0.5409963909563478
CAND_03272,9.2,62.0,Mestrado,Interior,Presencial,Masculino,Branca,0.9061325238951963
CAND_03273,7.0,50.0,Bacharelado,Região Metropolitana,Remoto,Feminino,Branca,0.5123950916888977
CAND_03274,3.6,57.0,Bacharelado,Capitais,Híbrido,Masculino,Branca,0.892283822422439
CAND_03275,7.0,71.0,Bacharelado,Capitais,Híbrido,Masculino,Amarela,0.9088347263699291
CAND_03276,6.6,55.0,Ensino Médio,Região Metropolitana,Presencial,Masculino,Branca,0.8061951461593029
CAND_03277,7.0,59.0,Mestrado,Interior,Híbrido,Feminino,Indígena,0.09984746218982796
CAND_03278,7.5,68.0,Bacharelado,Interior,Híbrido,Não-binário,Branca,0.06552500580220114
CAND_03279,2.6,48.0,Doutorado,Região Metropolitana,Remoto,Feminino,Branca,0.62200704288979
CAND_03280,6.4,57.0,Bacharelado,Capitais,Híbrido,Feminino,Preta,0.07092693149619833
CAND_03281,11.1,65.0,Bacharelado,Capitais,Presencial,Masculino,Preta,0.6946027590992201
CAND_03282,2.5,51.0,Mestrado,Região Metropolitana,Híbrido,Masculino,Branca,0.849423892412703
CAND_03283,4.2,77.0,Bacharelado,Capitais,Remoto,Masculino,Branca,1.0
CAND_03284,4.7,44.0,Bacharelado,Capitais,Híbrido,Masculino,Branca,0.9438875138849757
CAND_03285,6.4,74.0,Bacharelado,Capitais,Híbrido,Feminino,Preta,0.13042854166814463
CAND_03286,8.0,61.0,Bacharelado,Região Metropolitana,Remoto,Feminino,Branca,0.4890405257448431
CAND_03287,9.4,51.0,Mestrado,Região Metropolitana,Presencial,Masculino,Branca,0.9530975079644891
CAND_03288,5.9,42.0,Mestrado,Interior,Remoto,Masculino,Branca,0.5911262168219338
CAND_03289,4.9,54.0,Bacharelado,Interior,Presencial,Masculino,Branca,0.6172334168293132
CAND_03290,4.8,57.0,Mestrado,Capitais,Remoto,Não-binário,Branca,0.5808213239639112
CAND_03291,6.8,49.0,Bacharelado,Região Metropolitana,Presencial,Feminino,Amarela,0.0
CAND_03292,1.2,14.0,Mestrado,Capitais,Remoto,Feminino,Preta,0.0
CAND_03293,0.5,41.0,Mestrado,Capitais,Remoto,Masculino,Branca,0.9074313692813928
CAND_03294,0.0,34.0,Mestrado,Interior,Presencial,Não-binário,Indígena,0.0
CAND_03295,5.6,17.0,Bacharelado,Capitais,Remoto,Masculino,Branca,0.9534924594643491
CAND_03296,0.0,44.0,Bacharelado,Região Metropolitana,Remoto,Feminino,Branca,0.4098444271969852
CAND_03297,6.5,65.0,Bacharelado,Região Metropolitana,Híbrido,Feminino,Branca,0.5943223031508591
CAND_03298,4.7,25.0,Bacharelado,Interior,Híbrido,Masculino,Branca,0.5242025597927886
CAND_03299,3.0,37.0,Bacharelado,Região Metropolitana,Híbrido,Masculino,Branca,0.7407617108106213
CAND_03300,4.6,43.0,Bacharelado,Região Metropolitana,Remoto,Feminino,Preta,0.0990741929697263
CAND_03301,6.7,43.0,Bacharelado,Capitais,Remoto,Feminino,Branca,0.5716382040413366
CAND_03302,5.6,64.0,Bacharelado,Capitais,Híbrido,Masculino,Branca,0.9197554163585632
CAND_03303,2.5,48.0,Mestrado,Capitais,Híbrido,Masculino,Branca,0.9969873624553747
CAND_03304,6.9,41.0,Ensino Médio,Capitais,Remoto,Masculino,Branca,0.9200214737412236
CAND_03305,0.7,49.0,Mestrado,Capitais,Híbrido,Feminino,Preta,0.05695688259412198
CAND_03306,4.8,43.0,Bacharelado,Capitais,Presencial,Masculino,Branca,0.7606571808209707
CAND_03307,1.2,61.0,Bacharelado,Capitais,Remoto,Masculino,Branca,0.979960913817152
CAND_03308,5.2,35.0,Bacharelado,Capitais,Presencial,Feminino,Branca,0.31086917322903096
CAND_03309,1.6,71.0,Doutorado,Região Metropolitana,Presencial,Não-binário,Amarela,0.19301662157422517
CAND_03310,12.0,75.0,Mestrado,Capitais,Presencial,Masculino,Preta,0.785341937252601
CAND_03311,2.5,73.0,Bacharelado,Capitais,Remoto,Feminino,Parda,0.27858639607028346
CAND_03312,5.8,30.0,Ensino Médio,Capitais,Remoto,Masculino,Branca,0.8700243955403946
CAND_03313,4.6,52.0,Bacharelado,Região Metropolitana,Presencial,Masculino,Branca,0.7531382002893954
CAND_03314,4.7,40.0,Bacharelado,Região Metropolitana,Remoto,Masculino,Branca,0.9701826112825501
CAND_03315,7.3,48.0,Bacharelado,Região Metropolitana,Híbrido,Masculino,Amarela,0.43411076456570163
CAND_03316,5.2,27.0,Mestrado,Capitais,Híbrido,Feminino,Preta,0.0
CAND_03317,2.9,51.0,Bacharelado,Interior,Híbrido,Feminino,Branca,0.26373824880431435
CAND_03318,5.1,67.0,Bacharelado,Capitais,Remoto,Feminino,Branca,0.6767200926987954
CAND_03319,2.7,29.0,Bacharelado,Região Metropolitana,Presencial,Feminino,Amarela,0.0
CAND_03320,3.0,49.0,Mestrado,Interior,Presencial,Feminino,Branca,0.32585549583347406
CAND_03321,6.3,35.0,Mestrado,Capitais,Remoto,Feminino,Branca,0.7119974079864644
CAND_03322,5.0,64.0,Bacharelado,Região Metropolitana,Remoto,Masculino,Branca,0.7624088693846571
CAND_03323,4.4,37.0,Bacharelado,Região Metropolitana,Remoto,Masculino,Branca,0.9836631903158524
CAND_03324,4.5,41.0,Bacharelado,Capitais,Remoto,Masculino,Branca,0.7368555227756985
CAND_03325,5.2,72.0,Bacharelado,Capitais,Presencial,Masculino,Branca,1.0
CAND_03326,3.2,47.0,Bacharelado,Interior,Presencial,Feminino,Parda,0.052917116474536646
CAND_03327,4.3,40.0,Mestrado,Região Metropolitana,Remoto,Feminino,Branca,0.449160324245866
CAND_03328,7.4,65.0,Mestrado,Região Metropolitana,Híbrido,Masculino,Branca,0.9169147300383269
CAND_03329,5.3,63.0,Bacharelado,Capitais,Presencial,Feminino,Preta,0.03105663070688708
CAND_03330,4.0,36.0,Bacharelado,Capitais,Remoto,Feminino,Branca,0.555584879700407
CAND_03331,5.6,37.0,Bacharelado,Capitais,Presencial,Feminino,Branca,0.5188390991690724
CAND_03332,13.5,41.0,Mestrado,Capitais,Presencial,Masculino,Preta,0.7725625123033966
CAND_03333,9.2,10.0,Bacharelado,Interior,Presencial,Masculino,Amarela,0.08448030768198618
CAND_03334,5.9,39.0,Bacharelado,Interior,Remoto,Masculino,Branca,0.6003914886970031
CAND_03335,3.6,52.0,Bacharelado,Região Metropolitana,Remoto,Masculino,Amarela,0.4487762920344331
CAND_03336,7.1,35.0,Bacharelado,Capitais,Presencial,Feminino,Parda,0.33515138015540924
CAND_03337,0.3,47.0,Mestrado,Capitais,Híbrido,Masculino,Branca,1.0
CAND_03338,0.0,44.0,Bacharelado,Região Metropolitana,Remoto,Feminino,Branca,0.19270934944236362
CAND_03339,6.4,50.0,Ensino Médio,Capitais,Híbrido,Feminino,Branca,0.3599302360220783
CAND_03340,3.5,44.0,Bacharelado,Interior,Híbrido,Masculino,Preta,0.20979064637006023
CAND_03341,1.3,69.0,Mestrado,Capitais,Híbrido,Feminino,Branca,0.7022172544783948
CAND_03342,3.7,50.0,Mestrado,Região Metropolitana,Remoto,Feminino,Branca,0.43507562315769444
CAND_03343,9.8,70.0,Bacharelado,Capitais,Híbrido,Masculino,Branca,1.0
CAND_03344,1.6,61.0,Bacharelado,Capitais,Remoto,Não-binário,Branca,0.5590406881450953
CAND_03345,7.3,53.0,Bacharelado,Capitais,Híbrido,Feminino,Parda,0.6038712881149803
CAND_03346,6.2,81.0,Bacharelado,Capitais,Híbrido,Masculino,Branca,1.0
CAND_03347,4.0,48.0,Mestrado,Capitais,Remoto,Feminino,Branca,0.6994657608795631
CAND_03348,5.7,39.0,Bacharelado,Região Metropolitana,Remoto,Masculino,Parda,0.8568517713210121
CAND_03349,2.7,57.0,Bacharelado,Capitais,Presencial,Masculino,Branca,0.7482212110118306
CAND_03350,0.7,75.0,Bacharelado,Capitais,Presencial,Masculino,Branca,1.0
CAND_03351,6.8,74.0,Bacharelado,Capitais,Remoto,Masculino,Branca,0.9768162263699358
CAND_03352,9.5,59.0,Ensino Médio,Capitais,Presencial,Masculino,Branca,1.0
CAND_03353,5.4,45.0,Ensino Médio,Região Metropolitana,Remoto,Masculino,Branca,0.7972081095526572
CAND_03354,2.9,67.0,Bacharelado,Capitais,Híbrido,Masculino,Branca,0.838462477323996
CAND_03355,8.5,68.0,Mestrado,Região Metropolitana,Híbrido,Masculino,Branca,0.9445324686920646
CAND_03356,2.6,48.0,Bacharelado,Capitais,Híbrido,Feminino,Branca,0.44244647167780604
CAND_03357,7.0,43.0,Mestrado,Região Metropolitana,Remoto,Masculino,Branca,0.9347117296557056
CAND_03358,5.8,65.0,Bacharelado,Região Metropolitana,Híbrido,Feminino,Parda,0.36204048097693675
CAND_03359,9.4,38.0,Doutorado,Região Metropolitana,Presencial,Feminino,Branca,0.5323969626606642
CAND_03360,3.0,30.0,Bacharelado,Capitais,Presencial,Feminino,Branca,0.3542825562099898
CAND_03361,2.5,77.0,Bacharelado,Capitais,Presencial,Masculino,Branca,0.8408873024660188
CAND_03362,3.2,67.0,Bacharelado,Região Metropolitana,Híbrido,Feminino,Branca,0.42595600901650177
CAND_03363,7.0,73.0,Bacharelado,Capitais,Remoto,Masculino,Branca,1.0
CAND_03364,6.1,43.0,Bacharelado,Capitais,Remoto,Feminino,Branca,0.5818297014465066
CAND_03365,0.5,40.0,Ensino Médio,Capitais,Remoto,Masculino,Preta,0.4121177480414794
CAND_03366,6.1,54.0,Bacharelado,Capitais,Híbrido,Masculino,Amarela,0.5261502972066403
CAND_03367,7.5,60.0,Ensino Médio,Capitais,Híbrido,Feminino,Branca,0.5151322206407821
CAND_03368,6.4,57.0,Bacharelado,Capitais,Híbrido,Masculino,Branca,1.0
CAND_03369,10.6,46.0,Bacharelado,Região Metropolitana,Remoto,Masculino,Branca,0.9109447329884267
CAND_03370,4.6,44.0,Ensino Médio,Capitais,Presencial,Masculino,Branca,0.8929616508733059
CAND_03371,6.0,46.0,Mestrado,Região Metropolitana,Remoto,Feminino,Branca,0.4465851098733567
CAND_03372,6.9,57.0,Bacharelado,Capitais,Híbrido,Feminino,Indígena,0.2831186022748428
CAND_03373,9.2,63.0,Bacharelado,Região Metropolitana,Híbrido,Feminino,Amarela,0.11251406711807312
CAND_03374,6.1,74.0,Bacharelado,Região Metropolitana,Presencial,Feminino,Preta,0.13746144658047726
CAND_03375,6.1,43.0,Bacharelado,Região Metropolitana,Remoto,Masculino,Indígena,0.6284201797106197
CAND_03376,2.6,47.0,Bacharelado,Capitais,Presencial,Masculino,Branca,0.7531415093823578
CAND_03377,3.1,41.0,Doutorado,Capitais,Híbrido,Masculino,Amarela,0.674583369378364
CAND_03378,2.9,37.0,Bacharelado,Capitais,Remoto,Masculino,Branca,0.8577623452478031
CAND_03379,5.1,56.0,Bacharelado,Capitais,Remoto,Não-binário,Branca,0.4061652140818796
CAND_03380,0.0,44.0,Bacharelado,Capitais,Híbrido,Masculino,Branca,0.9263625417456883
CAND_03381,3.9,57.0,Bacharelado,Interior,Remoto,Masculino,Branca,0.593867766147684
CAND_03382,2.7,39.0,Doutorado,Capitais,Presencial,Feminino,Amarela,0.18914177667833215
CAND_03383,8.5,77.0,Bacharelado,Capitais,Presencial,Masculino,Amarela,0.82151020244255
CAND_03384,4.9,17.0,Bacharelado,Capitais,Remoto,Masculino,Branca,0.7853540844389753
CAND_03385,0.0,52.0,Doutorado,Capitais,Presencial,Masculino,Amarela,0.5846915439809774
CAND_03386,5.3,45.0,Bacharelado,Interior,Presencial,Feminino,Indígena,0.0
CAND_03387,8.9,58.0,Ensino Médio,Região Metropolitana,Remoto,Masculino,Amarela,0.76462059178779
CAND_03388,9.1,47.0,Mestrado,Interior,Presencial,Masculino,Branca,1.0
CAND_03389,6.7,39.0,Bacharelado,Capitais,Remoto,Feminino,Amarela,0.12589732910643997
CAND_03390,5.1,50.0,Mestrado,Região Metropolitana,Presencial,Masculino,Parda,0.7055546466528431
CAND_03391,9.6,45.0,Mestrado,Capitais,Híbrido,Feminino,Branca,0.6598634098738771
CAND_03392,0.0,60.0,Mestrado,Interior,Presencial,Feminino,Branca,0.3609311492409165
CAND_03393,4.1,53.0,Bacharelado,Capitais,Híbrido,Masculino,Amarela,0.5195859148333798
CAND_03394,1.6,52.0,Mestrado,Região Metropolitana,Remoto,Masculino,Branca,0.873464455020597
CAND_03395,3.9,72.0,Mestrado,Região Metropolitana,Remoto,Feminino,Branca,0.5633205205719174
CAND_03396,6.2,33.0,Bacharelado,Capitais,Híbrido,Masculino,Amarela,0.37730848168752673
CAND_03397,5.5,32.0,Mestrado,Região Metropolitana,Presencial,Masculino,Parda,0.7796391869761233
CAND_03398,4.1,49.0,Bacharelado,Capitais,Híbrido,Masculino,Branca,0.9170011754170029
CAND_03399,9.6,58.0,Mestrado,Região Metropolitana,Remoto,Feminino,Amarela,0.11828782086350635
CAND_03400,4.9,53.0,Bacharelado,Capitais,Híbrido,Masculino,Parda,0.931527749916794
CAND_03401,4.2,77.0,Mestrado,Capitais,Remoto,Masculino,Amarela,0.7271828231405073
CAND_03402,4.6,45.0,Bacharelado,Capitais,Remoto,Masculino,Branca,0.9602614141325977
CAND_03403,5.0,23.0,Bacharelado,Capitais,Remoto,Masculino,Parda,0.912619334371735
CAND_03404,11.3,46.0,Bacharelado,Região Metropolitana,Remoto,Masculino,Indígena,0.6951566108659202
CAND_03405,8.7,54.0,Ensino Médio,Capitais,Presencial,Masculino,Amarela,0.5763661422928303
CAND_03406,2.1,50.0,Bacharelado,Capitais,Presencial,Masculino,Branca,0.8954730559477533
CAND_03407,7.5,59.0,Bacharelado,Capitais,Híbrido,Masculino,Preta,0.5404690886935816
CAND_03408,1.6,60.0,Mestrado,Região Metropolitana,Remoto,Feminino,Branca,0.37930928325966523
CAND_03409,8.9,42.0,Bacharelado,Interior,Remoto,Feminino,Amarela,0.0
CAND_03410,5.3,67.0,Bacharelado,Interior,Remoto,Não-binário,Amarela,0.0
CAND_03411,4.5,30.0,Bacharelado,Capitais,Remoto,Feminino,Parda,0.4028995150589497
CAND_03412,7.3,70.0,Bacharelado,Capitais,Híbrido,Feminino,Branca,0.649143861230441
CAND_03413,5.0,44.0,Mestrado,Capitais,Híbrido,Masculino,Preta,0.5726225343482522
CAND_03414,4.6,54.0,Bacharelado,Interior,Presencial,Masculino,Indígena,0.4071841272588924
CAND_03415,0.1,48.0,Bacharelado,Capitais,Híbrido,Masculino,Preta,0.46841698018157524
CAND_03416,3.0,39.0,Bacharelado,Capitais,Híbrido,Feminino,Branca,0.3300660262535335
CAND_03417,8.0,35.0,Bacharelado,Capitais,Presencial,Feminino,Branca,0.6221074641512547
CAND_03418,2.8,60.0,Ensino Médio,Capitais,Remoto,Masculino,Branca,0.9359595705697109
CAND_03419,0.0,80.0,Bacharelado,Região Metropolitana,Híbrido,Feminino,Branca,0.5520251124696292
CAND_03420,8.1,27.0,Mestrado,Capitais,Híbrido,Masculino,Branca,0.8998984711460557
CAND_03421,0.0,46.0,Bacharelado,Capitais,Presencial,Masculino,Indígena,0.5310927080293745
CAND_03422,5.5,67.0,Bacharelado,Capitais,Híbrido,Masculino,Branca,1.0
CAND_03423,5.4,58.0,Bacharelado,Capitais,Presencial,Masculino,Branca,1.0
CAND_03424,5.5,49.0,Bacharelado,Região Metropolitana,Remoto,Feminino,Branca,0.4107404919350999
CAND_03425,2.0,49.0,Bacharelado,Capitais,Presencial,Feminino,Parda,0.5140891918520774
CAND_03426,5.3,57.0,Bacharelado,Capitais,Híbrido,Feminino,Branca,0.43252277697544805
CAND_03427,6.1,33.0,Bacharelado,Interior,Híbrido,Masculino,Amarela,0.17880560649599142
CAND_03428,5.8,32.0,Mestrado,Região Metropolitana,Remoto,Masculino,Branca,0.9468482357958308
CAND_03429,2.7,65.0,Ensino Médio,Capitais,Híbrido,Masculino,Branca,0.7036452326306804
CAND_03430,7.3,58.0,Bacharelado,Região Metropolitana,Remoto,Masculino,Preta,0.44587543144792763
CAND_03431,7.3,40.0,Bacharelado,Região Metropolitana,Híbrido,Feminino,Amarela,0.0
CAND_03432,1.8,43.0,Bacharelado,Capitais,Híbrido,Não-binário,Preta,0.0
CAND_03433,10.5,37.0,Bacharelado,Região Metropolitana,Remoto,Masculino,Preta,0.5187486745825806
CAND_03434,6.9,50.0,Mestrado,Interior,Híbrido,Masculino,Branca,0.7460669999527345
CAND_03435,6.6,35.0,Mestrado,Capitais,Híbrido,Masculino,Preta,0.5974911533162859
CAND_03436,5.2,34.0,Ensino Médio,Capitais,Presencial,Masculino,Branca,0.8012907927139257
CAND_03437,6.6,60.0,Bacharelado,Capitais,Presencial,Masculino,Preta,0.41894525090323775
CAND_03438,7.9,69.0,Bacharelado,Capitais,Híbrido,Feminino,Parda,0.6453361687309421
CAND_03439,9.0,42.0,Bacharelado,Região Metropolitana,Presencial,Feminino,Amarela,0.0
CAND_03440,4.8,29.0,Mestrado,Interior,Presencial,Masculino,Parda,0.5302980678628895
CAND_03441,5.3,42.0,Bacharelado,Capitais,Presencial,Masculino,Branca,0.9911433279461028
CAND_03442,4.7,62.0,Mestrado,Região Metropolitana,Presencial,Feminino,Branca,0.443786415309304
CAND_03443,9.5,61.0,Bacharelado,Capitais,Remoto,Masculino,Parda,0.9237923334086953
CAND_03444,6.8,57.0,Bacharelado,Capitais,Híbrido,Feminino,Branca,0.6425868660125627
CAND_03445,7.8,48.0,Mestrado,Capitais,Híbrido,Masculino,Branca,1.0
CAND_03446,9.7,63.0,Bacharelado,Região Metropolitana,Híbrido,Masculino,Branca,1.0
CAND_03447,4.1,48.0,Bacharelado,Região Metropolitana,Remoto,Feminino,Branca,0.3786140351803931
CAND_03448,3.7,30.0,Bacharelado,Capitais,Remoto,Masculino,Branca,0.8952173224708105
CAND_03449,2.2,53.0,Mestrado,Região Metropolitana,Remoto,Masculino,Preta,0.3404333603221187
CAND_03450,3.2,42.0,Bacharelado,Capitais,Presencial,Feminino,Branca,0.3862627102410028
CAND_03451,1.5,68.0,Mestrado,Capitais,Presencial,Masculino,Branca,0.920249664507366
CAND_03452,5.7,42.0,Bacharelado,Região Metropolitana,Presencial,Não-binário,Branca,0.3111384761471653
CAND_03453,6.4,46.0,Mestrado,Capitais,Presencial,Feminino,Branca,0.7811622090762572
CAND_03454,0.0,56.0,Bacharelado,Capitais,Presencial,Masculino,Branca,0.8410162491985292
CAND_03455,3.1,59.0,Mestrado,Capitais,Híbrido,Feminino,Branca,0.5931986376817857
CAND_03456,7.0,70.0,Ensino Médio,Capitais,Remoto,Feminino,Branca,0.6595901029825099
CAND_03457,1.8,63.0,Bacharelado,Capitais,Remoto,Masculino,Branca,0.849324663760186
CAND_03458,4.0,43.0,Bacharelado,Capitais,Híbrido,Masculino,Indígena,0.6378220223976588
CAND_03459,2.5,74.0,Bacharelado,Capitais,Híbrido,Masculino,Parda,0.9979654689339515
CAND_03460,8.0,32.0,Mestrado,Região Metropolitana,Remoto,Feminino,Branca,0.5236476494813048
CAND_03461,0.8,42.0,Mestrado,Região Metropolitana,Híbrido,Masculino,Branca,0.7867753344230753
CAND_03462,4.5,62.0,Bacharelado,Capitais,Presencial,Feminino,Branca,0.5949228969895485
CAND_03463,6.8,70.0,Ensino Médio,Interior,Remoto,Masculino,Preta,0.3116991324324605
CAND_03464,7.0,34.0,Mestrado,Região Metropolitana,Presencial,Masculino,Branca,0.9595061692208389
CAND_03465,4.6,30.0,Bacharelado,Região Metropolitana,Híbrido,Masculino,Preta,0.41083044150536197
CAND_03466,6.2,41.0,Bacharelado,Interior,Híbrido,Masculino,Preta,0.3170072822434657
CAND_03467,9.6,66.0,Bacharelado,Região Metropolitana,Híbrido,Feminino,Preta,0.0
CAND_03468,6.3,84.0,Bacharelado,Interior,Remoto,Masculino,Branca,0.8085476819549648
CAND_03469,11.5,55.0,Mestrado,Capitais,Presencial,Feminino,Branca,0.7354431855490087
CAND_03470,3.4,65.0,Bacharelado,Capitais,Remoto,Masculino,Branca,0.8957331072199084
CAND_03471,6.2,59.0,Mestrado,Capitais,Presencial,Masculino,Branca,1.0
CAND_03472,7.6,70.0,Mestrado,Capitais,Presencial,Masculino,Branca,1.0
CAND_03473,4.5,63.0,Bacharelado,Capitais,Híbrido,Masculino,Branca,1.0
CAND_03474,4.1,33.0,Bacharelado,Capitais,Híbrido,Feminino,Parda,0.5665637878086922
CAND_03475,6.9,40.0,Ensino Médio,Região Metropolitana,Presencial,Masculino,Branca,0.8755909215451712
CAND_03476,5.1,46.0,Bacharelado,Região Metropolitana,Híbrido,Masculino,Indígena,0.4610238200758027
CAND_03477,4.8,42.0,Bacharelado,Capitais,Híbrido,Feminino,Branca,0.3726210234936229
CAND_03478,6.4,51.0,Mestrado,Capitais,Presencial,Masculino,Branca,0.9019367180727641
CAND_03479,3.7,27.0,Bacharelado,Capitais,Híbrido,Feminino,Branca,0.5008028597980353
CAND_03480,6.1,75.0,Bacharelado,Região Metropolitana,Remoto,Não-binário,Branca,0.5411173651260951
CAND_03481,4.7,70.0,Mestrado,Capitais,Presencial,Feminino,Parda,0.5871518793586591
CAND_03482,2.4,35.0,Doutorado,Região Metropolitana,Presencial,Masculino,Amarela,0.3859931115863326
CAND_03483,4.1,53.0,Bacharelado,Região Metropolitana,Remoto,Feminino,Branca,0.4160884375843028
CAND_03484,5.1,53.0,Bacharelado,Interior,Presencial,Feminino,Branca,0.3688382712113404
CAND_03485,4.5,63.0,Mestrado,Capitais,Remoto,Masculino,Branca,1.0
CAND_03486,3.3,45.0,Bacharelado,Capitais,Remoto,Feminino,Branca,0.306544895736685
CAND_03487,5.9,75.0,Bacharelado,Região Metropolitana,Híbrido,Masculino,Amarela,0.477093903589748
CAND_03488,6.7,38.0,Bacharelado,Capitais,Remoto,Masculino,Preta,0.38965442077157403
CAND_03489,0.5,51.0,Bacharelado,Capitais,Híbrido,Masculino,Branca,0.7984838719831455
CAND_03490,7.7,55.0,Bacharelado,Capitais,Remoto,Masculino,Branca,1.0
CAND_03491,7.5,45.0,Mestrado,Capitais,Híbrido,Feminino,Preta,0.23433822445190877
CAND_03492,11.2,27.0,Bacharelado,Interior,Híbrido,Masculino,Branca,0.7614137074098396
CAND_03493,4.5,53.0,Bacharelado,Capitais,Presencial,Masculino,Indígena,0.6003041622223435
CAND_03494,2.9,22.0,Bacharelado,Região Metropolitana,Remoto,Feminino,Branca,0.11369374895020565
CAND_03495,2.1,65.0,Ensino Médio,Região Metropolitana,Presencial,Masculino,Branca,0.6905588987957128
CAND_03496,3.1,61.0,Ensino Médio,Capitais,Remoto,Masculino,Branca,0.8356942065777976
CAND_03497,8.1,74.0,Bacharelado,Capitais,Remoto,Feminino,Branca,0.8974718693619601
CAND_03498,5.7,20.0,Mestrado,Capitais,Híbrido,Masculino,Parda,0.7659009268146554
CAND_03499,4.9,18.0,Ensino Médio,Capitais,Remoto,Masculino,Parda,0.8878745458284432
CAND_03500,4.5,70.0,Bacharelado,Capitais,Híbrido,Masculino,Preta,0.5111752508109965
CAND_03501,0.0,31.0,Bacharelado,Capitais,Híbrido,Feminino,Branca,0.40913272714248033
CAND_03502,2.1,34.0,Mestrado,Capitais,Remoto,Feminino,Branca,0.4731163826098776
CAND_03503,7.3,77.0,Mestrado,Região Metropolitana,Remoto,Masculino,Branca,0.9420794927868441
CAND_03504,3.1,67.0,Ensino Médio,Interior,Presencial,Masculino,Parda,0.5641261442697744
CAND_03505,4.5,25.0,Mestrado,Região Metropolitana,Presencial,Masculino,Branca,0.7154126932833821
CAND_03506,2.8,18.0,Ensino Médio,Região Metropolitana,Presencial,Masculino,Branca,0.5987536694207273
CAND_03507,1.4,24.0,Bacharelado,Região Metropolitana,Híbrido,Feminino,Branca,0.17643511329447326
CAND_03508,8.2,72.0,Bacharelado,Capitais,Híbrido,Feminino,Parda,0.4859759125069042
CAND_03509,4.5,30.0,Bacharelado,Capitais,Presencial,Feminino,Parda,0.2990780531079144
CAND_03510,6.6,74.0,Bacharelado,Capitais,Híbrido,Masculino,Branca,1.0
CAND_03511,7.0,38.0,Doutorado,Capitais,Híbrido,Não-binário,Preta,0.0
CAND_03512,5.3,60.0,Bacharelado,Região Metropolitana,Presencial,Masculino,Branca,0.7942578231519515
CAND_03513,5.4,62.0,Bacharelado,Capitais,Híbrido,Masculino,Indígena,0.5642905261743332
CAND_03514,9.2,31.0,Mestrado,Capitais,Híbrido,Feminino,Indígena,0.4411797194460202
CAND_03515,2.4,54.0,Bacharelado,Capitais,Presencial,Masculino,Branca,0.8796880949983333
CAND_03516,9.6,45.0,Mestrado,Região Metropolitana,Híbrido,Masculino,Branca,0.927106042028249
CAND_03517,4.2,82.0,Bacharelado,Capitais,Híbrido,Masculino,Preta,0.4934683578441976
CAND_03518,7.8,47.0,Bacharelado,Capitais,Presencial,Feminino,Indígena,0.3725003918643485
CAND_03519,9.9,57.0,Bacharelado,Região Metropolitana,Presencial,Masculino,Branca,0.9693672131792315
CAND_03520,2.7,52.0,Mestrado,Região Metropolitana,Híbrido,Masculino,Branca,0.8606124805507775
CAND_03521,7.7,29.0,Mestrado,Região Metropolitana,Presencial,Feminino,Amarela,0.15316988993283331
CAND_03522,8.9,61.0,Bacharelado,Capitais,Híbrido,Masculino,Preta,0.4506425800489329
CAND_03523,4.1,62.0,Bacharelado,Região Metropolitana,Presencial,Masculino,Branca,0.7918039537885007
CAND_03524,7.0,53.0,Bacharelado,Região Metropolitana,Híbrido,Feminino,Parda,0.5043959162649151
CAND_03525,4.6,46.0,Bacharelado,Capitais,Presencial,Masculino,Parda,0.8683739845774524
CAND_03526,3.0,55.0,Bacharelado,Capitais,Remoto,Feminino,Branca,0.5528618463584649
CAND_03527,6.4,25.0,Bacharelado,Capitais,Remoto,Masculino,Branca,0.9635666210237689
CAND_03528,4.5,28.0,Mestrado,Capitais,Presencial,Masculino,Branca,1.0
CAND_03529,9.0,48.0,Bacharelado,Capitais,Presencial,Masculino,Branca,0.8866991042416388
CAND_03530,6.3,87.0,Bacharelado,Capitais,Remoto,Feminino,Parda,0.805856882766557
CAND_03531,4.3,68.0,Doutorado,Interior,Remoto,Feminino,Branca,0.4705549649071793
CAND_03532,4.5,30.0,Bacharelado,Capitais,Remoto,Masculino,Branca,0.6669843140134365
CAND_03533,3.3,36.0,Bacharelado,Capitais,Híbrido,Feminino,Branca,0.4274919038683726
CAND_03534,7.6,56.0,Mestrado,Região Metropolitana,Híbrido,Masculino,Branca,1.0
CAND_03535,3.9,45.0,Mestrado,Capitais,Remoto,Masculino,Branca,1.0
CAND_03536,6.7,57.0,Bacharelado,Região Metropolitana,Híbrido,Não-binário,Branca,0.30239304176139337
CAND_03537,3.6,55.0,Bacharelado,Capitais,Híbrido,Masculino,Amarela,0.5704511468004431
CAND_03538,1.6,48.0,Bacharelado,Capitais,Híbrido,Masculino,Branca,0.7910067673499851
CAND_03539,7.6,64.0,Mestrado,Região Metropolitana,Presencial,Masculino,Branca,0.8711099956328942
CAND_03540,5.3,50.0,Bacharelado,Capitais,Remoto,Feminino,Parda,0.4509158008904565
CAND_03541,0.1,58.0,Bacharelado,Capitais,Remoto,Não-binário,Amarela,0.0
CAND_03542,5.1,63.0,Mestrado,Capitais,Remoto,Masculino,Branca,1.0
CAND_03543,7.8,80.0,Bacharelado,Região Metropolitana,Híbrido,Masculino,Branca,0.8172625071385162
CAND_03544,5.5,32.0,Bacharelado,Região Metropolitana,Presencial,Masculino,Branca,0.6668115488874388
CAND_03545,5.6,72.0,Mestrado,Região Metropolitana,Presencial,Masculino,Branca,1.0
CAND_03546,11.5,52.0,Bacharelado,Interior,Remoto,Feminino,Parda,0.29799386747472345
CAND_03547,2.6,18.0,Mestrado,Capitais,Presencial,Masculino,Branca,0.8298764831347174
CAND_03548,5.1,33.0,Bacharelado,Capitais,Remoto,Feminino,Indígena,0.08764290248947873
CAND_03549,8.5,41.0,Bacharelado,Região Metropolitana,Híbrido,Masculino,Amarela,0.5874913909513837
CAND_03550,7.9,89.0,Ensino Médio,Capitais,Híbrido,Masculino,Branca,1.0
CAND_03551,6.9,39.0,Bacharelado,Capitais,Híbrido,Feminino,Branca,0.6107623185038129
CAND_03552,6.5,46.0,Bacharelado,Interior,Presencial,Feminino,Preta,0.0
CAND_03553,2.7,49.0,Bacharelado,Capitais,Híbrido,Masculino,Branca,0.7681776806078102
CAND_03554,3.9,33.0,Mestrado,Capitais,Presencial,Masculino,Branca,1.0
CAND_03555,8.2,43.0,Doutorado,Região Metropolitana,Presencial,Masculino,Indígena,0.5660039721495611
CAND_03556,13.4,62.0,Bacharelado,Capitais,Presencial,Masculino,Branca,1.0
CAND_03557,3.9,42.0,Bacharelado,Região Metropolitana,Presencial,Não-binário,Amarela,0.0
CAND_03558,4.7,61.0,Bacharelado,Região Metropolitana,Remoto,Não-binário,Branca,0.260008682781672
CAND_03559,5.0,67.0,Bacharelado,Região Metropolitana,Remoto,Masculino,Preta,0.5576242271351766
CAND_03560,2.4,19.0,Bacharelado,Capitais,Híbrido,Masculino,Branca,0.8715234530587597
CAND_03561,3.6,26.0,Mestrado,Capitais,Remoto,Masculino,Branca,0.7849363246246721
CAND_03562,4.6,62.0,Mestrado,Região Metropolitana,Híbrido,Feminino,Branca,0.5961097515914345
CAND_03563,6.4,77.0,Ensino Médio,Capitais,Remoto,Masculino,Branca,1.0
CAND_03564,6.6,32.0,Bacharelado,Capitais,Híbrido,Masculino,Branca,1.0
CAND_03565,10.8,57.0,Bacharelado,Interior,Remoto,Masculino,Branca,0.865450839790372
CAND_03566,4.4,49.0,Bacharelado,Capitais,Remoto,Masculino,Branca,0.9145187391563587
CAND_03567,6.0,65.0,Mestrado,Capitais,Híbrido,Feminino,Branca,0.7792424662028404
CAND_03568,1.0,27.0,Mestrado,Capitais,Híbrido,Masculino,Branca,0.837634481905821
CAND_03569,5.9,53.0,Bacharelado,Capitais,Híbrido,Feminino,Parda,0.5164510511915466
CAND_03570,5.0,60.0,Bacharelado,Capitais,Híbrido,Masculino,Parda,0.7558475631640386
CAND_03571,1.8,36.0,Bacharelado,Interior,Remoto,Masculino,Branca,0.5363627575503793
CAND_03572,2.7,57.0,Mestrado,Capitais,Híbrido,Feminino,Branca,0.5858608529578446
CAND_03573,5.3,50.0,Bacharelado,Região Metropolitana,Presencial,Masculino,Branca,0.8926715373972796
CAND_03574,4.5,75.0,Bacharelado,Interior,Remoto,Masculino,Branca,0.8416897697265006
CAND_03575,8.4,63.0,Ensino Médio,Região Metropolitana,Presencial,Masculino,Indígena,0.4556748075323154
CAND_03576,11.9,71.0,Bacharelado,Região Metropolitana,Presencial,Masculino,Indígena,0.8910855046085758
CAND_03577,4.3,62.0,Bacharelado,Capitais,Híbrido,Masculino,Branca,1.0
CAND_03578,8.5,58.0,Mestrado,Capitais,Remoto,Masculino,Branca,1.0
CAND_03579,1.4,36.0,Mestrado,Capitais,Remoto,Masculino,Branca,0.8643032931578567
CAND_03580,10.0,28.0,Bacharelado,Capitais,Remoto,Masculino,Branca,0.9314294793934242
CAND_03581,3.0,57.0,Bacharelado,Região Metropolitana,Híbrido,Feminino,Branca,0.4359081674956956
CAND_03582,1.7,58.0,Bacharelado,Capitais,Presencial,Feminino,Amarela,0.2163675356862768
CAND_03583,0.0,46.0,Mestrado,Capitais,Híbrido,Feminino,Preta,0.0874875040980307
CAND_03584,6.7,79.0,Bacharelado,Capitais,Presencial,Feminino,Branca,0.7293311319903564
CAND_03585,4.3,58.0,Bacharelado,Região Metropolitana,Presencial,Feminino,Branca,0.36936702411896616
CAND_03586,3.2,43.0,Bacharelado,Capitais,Remoto,Masculino,Parda,0.6738748269744059
CAND_03587,5.5,61.0,Bacharelado,Capitais,Híbrido,Masculino,Branca,0.9663263776730059
CAND_03588,2.2,35.0,Bacharelado,Região Metropolitana,Híbrido,Masculino,Preta,0.2104339106213141
CAND_03589,0.8,77.0,Bacharelado,Capitais,Presencial,Feminino,Branca,0.5110525158464149
CAND_03590,6.6,53.0,Doutorado,Região Metropolitana,Remoto,Masculino,Parda,1.0
CAND_03591,1.3,29.0,Doutorado,Capitais,Presencial,Masculino,Parda,0.7341891207028424
CAND_03592,3.2,72.0,Mestrado,Capitais,Híbrido,Masculino,Indígena,0.46465491270894954
CAND_03593,4.8,27.0,Bacharelado,Capitais,Presencial,Não-binário,Amarela,0.1654230998687879
CAND_03594,3.1,62.0,Doutorado,Capitais,Remoto,Masculino,Branca,1.0
CAND_03595,3.1,24.0,Bacharelado,Região Metropolitana,Presencial,Masculino,Parda,0.6398732283266294
CAND_03596,9.0,54.0,Mestrado,Região Metropolitana,Presencial,Feminino,Branca,0.4527219744915184
CAND_03597,2.4,47.0,Bacharelado,Região Metropolitana,Remoto,Masculino,Branca,0.7425683665849108
CAND_03598,6.2,44.0,Mestrado,Capitais,Presencial,Feminino,Amarela,0.06520715535092578
CAND_03599,2.4,38.0,Bacharelado,Capitais,Híbrido,Masculino,Preta,0.3153953564394244
CAND_03600,2.6,52.0,Bacharelado,Capitais,Híbrido,Feminino,Preta,0.0
CAND_03601,3.0,29.0,Mestrado,Capitais,Híbrido,Feminino,Branca,0.4046820252608204
CAND_03602,3.0,50.0,Ensino Médio,Região Metropolitana,Remoto,Feminino,Branca,0.36213450238546274
CAND_03603,11.7,37.0,Bacharelado,Capitais,Presencial,Masculino,Branca,1.0
CAND_03604,7.6,37.0,Mestrado,Região Metropolitana,Híbrido,Feminino,Branca,0.5257278449941017
CAND_03605,8.6,49.0,Mestrado,Capitais,Remoto,Feminino,Branca,0.7504618792088731
CAND_03606,3.5,47.0,Mestrado,Capitais,Presencial,Feminino,Branca,0.49852207796722675
CAND_03607,8.3,10.0,Mestrado,Capitais,Híbrido,Masculino,Preta,0.4571230650814155
CAND_03608,2.2,58.0,Mestrado,Capitais,Presencial,Masculino,Parda,0.8622944669435584
CAND_03609,1.7,63.0,Bacharelado,Capitais,Presencial,Masculino,Branca,0.9816199199945851
CAND_03610,3.9,50.0,Bacharelado,Interior,Híbrido,Masculino,Branca,0.694050088794997
CAND_03611,6.5,59.0,Mestrado,Região Metropolitana,Presencial,Masculino,Preta,0.4109829588408256
CAND_03612,9.8,66.0,Ensino Médio,Interior,Híbrido,Masculino,Branca,0.8022713781157136
CAND_03613,3.9,53.0,Bacharelado,Capitais,Híbrido,Feminino,Indígena,0.17814127243126823
CAND_03614,8.6,38.0,Bacharelado,Interior,Presencial,Masculino,Branca,0.7888524912155247
CAND_03615,5.4,39.0,Ensino Médio,Capitais,Remoto,Masculino,Branca,0.9589047206418815
CAND_03616,4.8,50.0,Bacharelado,Capitais,Híbrido,Masculino,Branca,1.0
CAND_03617,6.2,24.0,Bacharelado,Capitais,Remoto,Masculino,Amarela,0.3009991913280491
CAND_03618,8.4,45.0,Mestrado,Interior,Presencial,Masculino,Amarela,0.30097758249604273
CAND_03619,5.1,84.0,Bacharelado,Capitais,Presencial,Masculino,Branca,1.0
CAND_03620,4.7,54.0,Mestrado,Capitais,Remoto,Masculino,Branca,0.8750194270464642
CAND_03621,4.4,46.0,Bacharelado,Capitais,Presencial,Feminino,Amarela,0.13780618842103096
CAND_03622,1.9,76.0,Ensino Médio,Capitais,Presencial,Masculino,Preta,0.591749001274549
CAND_03623,3.8,47.0,Bacharelado,Região Metropolitana,Híbrido,Não-binário,Branca,0.2783521756389291
CAND_03624,4.1,44.0,Bacharelado,Região Metropolitana,Híbrido,Masculino,Amarela,0.47414984697919227
CAND_03625,6.8,58.0,Bacharelado,Região Metropolitana,Híbrido,Feminino,Branca,0.6660038672238566
CAND_03626,8.1,45.0,Bacharelado,Região Metropolitana,Híbrido,Masculino,Amarela,0.4949923708054178
CAND_03627,2.6,50.0,Bacharelado,Região Metropolitana,Híbrido,Feminino,Branca,0.5194377333405023
CAND_03628,3.1,39.0,Ensino Médio,Capitais,Presencial,Masculino,Branca,0.7487435633438762
CAND_03629,4.9,64.0,Bacharelado,Região Metropolitana,Híbrido,Feminino,Branca,0.506342614825823
CAND_03630,0.0,77.0,Bacharelado,Região Metropolitana,Remoto,Masculino,Amarela,0.548993314911147
CAND_03631,2.7,60.0,Bacharelado,Capitais,Presencial,Masculino,Parda,0.8841473132021148
CAND_03632,10.6,52.0,Bacharelado,Capitais,Híbrido,Masculino,Branca,0.8547871409227145
CAND_03633,4.9,35.0,Mestrado,Capitais,Remoto,Masculino,Parda,0.8530059878075866
CAND_03634,10.2,42.0,Bacharelado,Região Metropolitana,Híbrido,Masculino,Preta,0.4531670485859644
CAND_03635,3.8,83.0,Doutorado,Capitais,Presencial,Não-binário,Preta,0.21583750196437443
CAND_03636,9.1,44.0,Bacharelado,Capitais,Híbrido,Feminino,Amarela,0.22475141866234655
CAND_03637,3.5,40.0,Doutorado,Capitais,Híbrido,Masculino,Branca,0.8770983080984882
CAND_03638,7.5,72.0,Bacharelado,Região Metropolitana,Remoto,Feminino,Branca,0.6226936677906797
CAND_03639,6.5,21.0,Bacharelado,Capitais,Híbrido,Masculino,Branca,1.0
CAND_03640,2.7,32.0,Ensino Médio,Região Metropolitana,Remoto,Masculino,Branca,0.5403128857813133
CAND_03641,2.6,47.0,Bacharelado,Capitais,Remoto,Masculino,Branca,0.8131434257794488
CAND_03642,8.6,36.0,Bacharelado,Capitais,Presencial,Feminino,Branca,0.46549043403501417
CAND_03643,6.8,49.0,Bacharelado,Capitais,Presencial,Masculino,Parda,0.8585331607123807
CAND_03644,9.3,48.0,Ensino Médio,Capitais,Presencial,Feminino,Branca,0.6109275680430898
CAND_03645,6.7,55.0,Ensino Médio,Região Metropolitana,Presencial,Masculino,Parda,0.8285617628489843
CAND_03646,5.0,57.0,Bacharelado,Capitais,Híbrido,Masculino,Branca,0.8558081315395033
CAND_03647,6.2,34.0,Bacharelado,Capitais,Presencial,Feminino,Branca,0.4266583896127441
CAND_03648,4.8,65.0,Bacharelado,Capitais,Híbrido,Masculino,Preta,0.677437017482554
CAND_03649,4.3,70.0,Bacharelado,Capitais,Presencial,Masculino,Branca,1.0
CAND_03650,10.6,45.0,Mestrado,Região Metropolitana,Híbrido,Feminino,Branca,0.5367989514568118
CAND_03651,8.6,49.0,Mestrado,Região Metropolitana,Presencial,Feminino,Preta,0.28256972893125837
CAND_03652,4.8,76.0,Bacharelado,Capitais,Híbrido,Masculino,Indígena,0.8523829313891819
CAND_03653,6.6,56.0,Mestrado,Capitais,Presencial,Masculino,Branca,1.0
CAND_03654,5.0,64.0,Ensino Médio,Capitais,Remoto,Masculino,Branca,0.8211509998844817
CAND_03655,5.5,53.0,Ensino Médio,Capitais,Remoto,Masculino,Preta,0.4286996070732852
CAND_03656,0.0,69.0,Mestrado,Interior,Presencial,Masculino,Amarela,0.41428240612365586
CAND_03657,8.1,49.0,Mestrado,Capitais,Remoto,Masculino,Parda,0.8610746922755388
CAND_03658,1.0,59.0,Bacharelado,Região Metropolitana,Híbrido,Feminino,Amarela,0.0
CAND_03659,6.5,57.0,Ensino Médio,Região Metropolitana,Híbrido,Masculino,Branca,0.8182097187745531
CAND_03660,11.7,80.0,Bacharelado,Capitais,Presencial,Feminino,Branca,0.922683291540904
CAND_03661,6.0,64.0,Bacharelado,Região Metropolitana,Híbrido,Masculino,Branca,0.9217396131417522
CAND_03662,6.0,34.0,Ensino Médio,Região Metropolitana,Remoto,Masculino,Branca,0.7983641301703999
CAND_03663,9.6,34.0,Mestrado,Capitais,Presencial,Masculino,Branca,1.0
CAND_03664,1.3,72.0,Mestrado,Região Metropolitana,Híbrido,Masculino,Branca,0.9317770468056582
CAND_03665,4.9,62.0,Bacharelado,Capitais,Presencial,Não-binário,Parda,0.3423015737698223
CAND_03666,6.8,29.0,Bacharelado,Interior,Remoto,Feminino,Amarela,0.0
CAND_03667,6.7,48.0,Bacharelado,Interior,Remoto,Masculino,Parda,0.5972491210636678
CAND_03668,4.3,69.0,Bacharelado,Capitais,Presencial,Feminino,Branca,0.6020392106387663
CAND_03669,3.3,39.0,Mestrado,Capitais,Remoto,Masculino,Branca,0.8310305445325977
CAND_03670,2.3,77.0,Bacharelado,Capitais,Híbrido,Masculino,Preta,0.5093254837089168
CAND_03671,4.5,75.0,Mestrado,Capitais,Presencial,Masculino,Branca,1.0
CAND_03672,2.2,41.0,Mestrado,Região Metropolitana,Remoto,Masculino,Indígena,0.4665468872001216
CAND_03673,7.1,28.0,Bacharelado,Capitais,Presencial,Masculino,Amarela,0.41942944565582974
CAND_03674,2.2,72.0,Ensino Médio,Região Metropolitana,Presencial,Masculino,Branca,0.9786597434350045
CAND_03675,3.1,32.0,Ensino Médio,Capitais,Híbrido,Feminino,Preta,0.0
CAND_03676,0.4,49.0,Doutorado,Capitais,Presencial,Masculino,Branca,0.8498292742413349
CAND_03677,3.9,69.0,Bacharelado,Região Metropolitana,Remoto,Masculino,Branca,0.8508226082344523
CAND_03678,11.2,21.0,Bacharelado,Capitais,Híbrido,Masculino,Preta,0.6428139891466943
CAND_03679,6.6,67.0,Mestrado,Interior,Remoto,Masculino,Preta,0.44452308190284584
CAND_03680,4.1,48.0,Ensino Médio,Capitais,Presencial,Masculino,Parda,0.9287083234197693
CAND_03681,6.7,49.0,Bacharelado,Interior,Híbrido,Feminino,Branca,0.3530570683972531
CAND_03682,3.3,53.0,Ensino Médio,Capitais,Presencial,Masculino,Preta,0.397624017557969
CAND_03683,5.0,40.0,Bacharelado,Capitais,Remoto,Masculino,Preta,0.2919594294073829
CAND_03684,6.7,47.0,Mestrado,Capitais,Híbrido,Feminino,Preta,0.14713571168732514
CAND_03685,1.1,69.0,Doutorado,Capitais,Remoto,Masculino,Preta,0.5359348205982011
CAND_03686,0.7,50.0,Bacharelado,Capitais,Presencial,Feminino,Amarela,0.1406995686288391
CAND_03687,6.2,56.0,Mestrado,Capitais,Remoto,Feminino,Branca,0.5419683088789843
CAND_03688,5.9,56.0,Doutorado,Região Metropolitana,Presencial,Masculino,Branca,1.0
CAND_03689,2.6,72.0,Bacharelado,Capitais,Presencial,Feminino,Branca,0.4389238145816551
CAND_03690,4.5,49.0,Bacharelado,Região Metropolitana,Presencial,Masculino,Branca,0.8427875496322769
CAND_03691,4.3,59.0,Bacharelado,Capitais,Presencial,Feminino,Branca,0.35483274469113
CAND_03692,3.0,57.0,Bacharelado,Capitais,Remoto,Masculino,Branca,0.8551597533250292
CAND_03693,5.4,69.0,Bacharelado,Capitais,Presencial,Masculino,Preta,0.4833800415098525
CAND_03694,2.6,44.0,Mestrado,Capitais,Híbrido,Masculino,Branca,0.9265639295447887
CAND_03695,1.1,33.0,Mestrado,Interior,Híbrido,Feminino,Branca,0.2706811727457237
CAND_03696,3.3,45.0,Bacharelado,Capitais,Híbrido,Masculino,Branca,0.795763023809162
CAND_03697,0.0,42.0,Bacharelado,Região Metropolitana,Híbrido,Masculino,Branca,0.8520343126617532
CAND_03698,2.7,47.0,Mestrado,Região Metropolitana,Remoto,Masculino,Amarela,0.5426582384771247
CAND_03699,9.9,45.0,Bacharelado,Interior,Presencial,Masculino,Branca,0.8699255846015495
CAND_03700,3.6,30.0,Bacharelado,Interior,Remoto,Feminino,Branca,0.17410947009238648
CAND_03701,5.7,44.0,Ensino Médio,Capitais,Híbrido,Feminino,Branca,0.2001183040022213
CAND_03702,5.3,43.0,Bacharelado,Capitais,Híbrido,Masculino,Branca,0.8308122469421148
CAND_03703,3.2,39.0,Bacharelado,Região Metropolitana,Remoto,Feminino,Branca,0.35880063028470444
CAND_03704,9.1,48.0,Bacharelado,Capitais,Presencial,Masculino,Branca,1.0
CAND_03705,5.1,40.0,Bacharelado,Capitais,Presencial,Feminino,Branca,0.5607310385715281
CAND_03706,7.7,25.0,Bacharelado,Capitais,Híbrido,Masculino,Parda,0.8792165777942604
CAND_03707,2.5,51.0,Bacharelado,Capitais,Presencial,Masculino,Preta,0.37391249944454996
CAND_03708,2.9,57.0,Bacharelado,Capitais,Híbrido,Feminino,Branca,0.5604863562284051
CAND_03709,4.6,26.0,Bacharelado,Interior,Remoto,Feminino,Branca,0.19238398055894831
CAND_03710,0.0,70.0,Bacharelado,Interior,Híbrido,Feminino,Branca,0.12259589819681103
CAND_03711,3.3,30.0,Bacharelado,Capitais,Presencial,Masculino,Branca,0.9195748270589923
CAND_03712,9.9,77.0,Mestrado,Região Metropolitana,Remoto,Masculino,Indígena,0.6856204897343314
CAND_03713,7.7,58.0,Bacharelado,Capitais,Híbrido,Feminino,Branca,0.6394198416675414
CAND_03714,6.7,65.0,Mestrado,Região Metropolitana,Híbrido,Feminino,Branca,0.6815331140124523
CAND_03715,1.7,64.0,Bacharelado,Interior,Presencial,Masculino,Preta,0.06359673988324226
CAND_03716,8.7,51.0,Bacharelado,Capitais,Híbrido,Masculino,Branca,1.0
CAND_03717,2.8,37.0,Bacharelado,Região Metropolitana,Híbrido,Masculino,Branca,0.827660358135979
CAND_03718,5.6,61.0,Mestrado,Região Metropolitana,Presencial,Masculino,Amarela,0.800756311091052
CAND_03719,4.4,76.0,Bacharelado,Interior,Híbrido,Não-binário,Indígena,0.05747747326081912
CAND_03720,6.4,47.0,Bacharelado,Região Metropolitana,Híbrido,Masculino,Parda,0.7177301035744137
CAND_03721,2.7,47.0,Bacharelado,Capitais,Híbrido,Masculino,Indígena,0.5581694461597502
CAND_03722,1.4,46.0,Bacharelado,Região Metropolitana,Remoto,Masculino,Preta,0.10468204526678448
CAND_03723,2.7,45.0,Ensino Médio,Região Metropolitana,Híbrido,Masculino,Parda,0.7199188606154336
CAND_03724,2.7,64.0,Mestrado,Região Metropolitana,Remoto,Feminino,Branca,0.46398256711677044
CAND_03725,6.4,32.0,Bacharelado,Região Metropolitana,Híbrido,Feminino,Preta,0.0
CAND_03726,3.4,36.0,Bacharelado,Capitais,Remoto,Feminino,Branca,0.4311758519372398
CAND_03727,0.4,30.0,Bacharelado,Capitais,Híbrido,Feminino,Amarela,0.021854837457325138
CAND_03728,2.1,54.0,Bacharelado,Região Metropolitana,Presencial,Masculino,Branca,0.8102447548994506
CAND_03729,3.5,44.0,Bacharelado,Capitais,Híbrido,Feminino,Branca,0.4636892244866504
CAND_03730,6.1,38.0,Bacharelado,Capitais,Híbrido,Masculino,Branca,1.0
CAND_03731,1.0,30.0,Bacharelado,Interior,Presencial,Masculino,Branca,0.4929146891550629
CAND_03732,4.9,63.0,Bacharelado,Capitais,Presencial,Masculino,Branca,1.0
CAND_03733,7.0,71.0,Bacharelado,Região Metropolitana,Presencial,Masculino,Amarela,0.6137766864737595
CAND_03734,8.9,53.0,Bacharelado,Capitais,Híbrido,Masculino,Branca,1.0
CAND_03735,7.9,52.0,Mestrado,Região Metropolitana,Híbrido,Masculino,Branca,1.0
CAND_03736,8.1,35.0,Mestrado,Capitais,Híbrido,Masculino,Branca,0.8211513196902367
CAND_03737,7.7,29.0,Bacharelado,Capitais,Remoto,Feminino,Branca,0.5185016506324026
CAND_03738,0.4,55.0,Bacharelado,Região Metropolitana,Remoto,Não-binário,Branca,0.305082901492019
CAND_03739,3.5,43.0,Mestrado,Região Metropolitana,Presencial,Não-binário,Branca,0.2868261535847718
CAND_03740,6.8,30.0,Ensino Médio,Capitais,Híbrido,Feminino,Amarela,0.1913110505327931
CAND_03741,9.2,56.0,Bacharelado,Capitais,Híbrido,Masculino,Branca,1.0
CAND_03742,2.1,93.0,Bacharelado,Capitais,Remoto,Feminino,Branca,0.5820089041433766
CAND_03743,6.3,38.0,Ensino Médio,Interior,Remoto,Masculino,Branca,0.6119920856227512
CAND_03744,0.0,37.0,Doutorado,Capitais,Híbrido,Feminino,Indígena,0.18810757066900496
CAND_03745,2.1,47.0,Bacharelado,Capitais,Remoto,Masculino,Indígena,0.7055909839174035
CAND_03746,3.1,34.0,Bacharelado,Região Metropolitana,Híbrido,Masculino,Branca,0.7152631821735594
CAND_03747,5.5,61.0,Ensino Médio,Região Metropolitana,Híbrido,Masculino,Parda,0.7620070526154279
CAND_03748,5.3,67.0,Mestrado,Capitais,Híbrido,Masculino,Indígena,0.809534438430813
CAND_03749,3.2,48.0,Mestrado,Capitais,Remoto,Feminino,Branca,0.5676629086620473
CAND_03750,6.9,68.0,Bacharelado,Região Metropolitana,Híbrido,Feminino,Branca,0.6892404107750711
CAND_03751,0.7,29.0,Bacharelado,Capitais,Remoto,Masculino,Branca,0.77655700892496
CAND_03752,3.2,64.0,Mestrado,Região Metropolitana,Presencial,Feminino,Amarela,0.18304806432285536
CAND_03753,5.6,55.0,Mestrado,Região Metropolitana,Híbrido,Masculino,Branca,0.8391654393180578
CAND_03754,5.8,48.0,Bacharelado,Região Metropolitana,Híbrido,Masculino,Branca,0.9726414385026769
CAND_03755,6.3,80.0,Mestrado,Capitais,Remoto,Masculino,Branca,1.0
CAND_03756,1.4,62.0,Bacharelado,Região Metropolitana,Híbrido,Masculino,Branca,0.7270079879735736
CAND_03757,2.5,54.0,Bacharelado,Capitais,Presencial,Feminino,Branca,0.514833593603254
CAND_03758,8.1,48.0,Bacharelado,Região Metropolitana,Híbrido,Não-binário,Branca,0.4027779050184121
CAND_03759,2.2,85.0,Ensino Médio,Capitais,Presencial,Masculino,Parda,0.7746096600344091
CAND_03760,2.5,75.0,Bacharelado,Região Metropolitana,Híbrido,Masculino,Preta,0.40009690662161806
CAND_03761,6.4,75.0,Bacharelado,Capitais,Presencial,Feminino,Branca,0.7587609211080149
CAND_03762,4.0,56.0,Doutorado,Capitais,Híbrido,Masculino,Amarela,0.6571381462478914
CAND_03763,6.7,32.0,Bacharelado,Região Metropolitana,Híbrido,Feminino,Branca,0.5210740903894422
CAND_03764,3.1,72.0,Mestrado,Região Metropolitana,Presencial,Masculino,Branca,1.0
CAND_03765,2.6,66.0,Mestrado,Interior,Híbrido,Feminino,Branca,0.23308487467962752
CAND_03766,3.4,50.0,Mestrado,Capitais,Presencial,Masculino,Amarela,0.6116530931560701
CAND_03767,0.0,50.0,Mestrado,Região Metropolitana,Híbrido,Masculino,Branca,0.8202349574314746
CAND_03768,7.1,61.0,Mestrado,Capitais,Híbrido,Feminino,Branca,0.5674042953651867
CAND_03769,1.9,38.0,Ensino Médio,Capitais,Presencial,Masculino,Branca,0.8511788167952593
CAND_03770,8.6,33.0,Mestrado,Capitais,Presencial,Masculino,Branca,1.0
CAND_03771,7.1,61.0,Mestrado,Capitais,Híbrido,Masculino,Branca,0.9919966260459427
CAND_03772,7.4,43.0,Bacharelado,Região Metropolitana,Presencial,Feminino,Branca,0.4403867510939745
CAND_03773,0.0,63.0,Bacharelado,Capitais,Presencial,Masculino,Branca,0.8342571222074386
CAND_03774,2.3,61.0,Ensino Médio,Região Metropolitana,Híbrido,Masculino,Indígena,0.31001346388255635
CAND_03775,10.3,26.0,Bacharelado,Capitais,Presencial,Não-binário,Parda,0.2874689332009802
CAND_03776,4.4,68.0,Bacharelado,Capitais,Presencial,Masculino,Indígena,0.9046468786725241
CAND_03777,6.8,25.0,Mestrado,Capitais,Híbrido,Feminino,Branca,0.5598634099704118
CAND_03778,7.0,65.0,Bacharelado,Capitais,Híbrido,Masculino,Preta,0.5304023025937527
CAND_03779,6.4,35.0,Bacharelado,Região Metropolitana,Híbrido,Feminino,Indígena,0.0
CAND_03780,5.8,2.0,Mestrado,Interior,Híbrido,Feminino,Branca,0.15168642483987183
CAND_03781,8.4,41.0,Mestrado,Região Metropolitana,Remoto,Masculino,Branca,0.8728588336593114
CAND_03782,4.0,31.0,Bacharelado,Capitais,Híbrido,Masculino,Preta,0.2767774438698739
CAND_03783,6.2,49.0,Mestrado,Capitais,Remoto,Feminino,Preta,0.1392532990915092
CAND_03784,4.2,15.0,Bacharelado,Região Metropolitana,Remoto,Masculino,Amarela,0.32731964957216375
CAND_03785,8.8,32.0,Bacharelado,Região Metropolitana,Híbrido,Masculino,Branca,0.8188739018336394
CAND_03786,8.3,54.0,Ensino Médio,Capitais,Híbrido,Masculino,Branca,0.877957110538963
CAND_03787,4.7,21.0,Bacharelado,Capitais,Presencial,Feminino,Branca,0.40460348462908435
CAND_03788,5.8,33.0,Doutorado,Capitais,Presencial,Feminino,Amarela,0.1728402549444859
CAND_03789,3.8,50.0,Bacharelado,Região Metropolitana,Remoto,Masculino,Branca,0.8203617511028426
CAND_03790,1.4,60.0,Bacharelado,Capitais,Remoto,Feminino,Amarela,0.0
CAND_03791,4.9,81.0,Mestrado,Capitais,Presencial,Feminino,Amarela,0.38414612731670617
CAND_03792,2.1,55.0,Bacharelado,Capitais,Presencial,Feminino,Parda,0.4153819819860636
CAND_03793,2.8,23.0,Bacharelado,Região Metropolitana,Híbrido,Masculino,Branca,0.5555123838112286
CAND_03794,4.1,59.0,Bacharelado,Região Metropolitana,Presencial,Masculino,Branca,0.9189254604428256
CAND_03795,9.1,60.0,Ensino Médio,Interior,Híbrido,Feminino,Preta,0.0
CAND_03796,4.0,57.0,Bacharelado,Capitais,Híbrido,Masculino,Branca,1.0
CAND_03797,0.0,33.0,Bacharelado,Capitais,Presencial,Masculino,Preta,0.21220610125456657
CAND_03798,7.2,44.0,Bacharelado,Capitais,Híbrido,Masculino,Parda,0.8785023782142072
CAND_03799,5.4,65.0,Doutorado,Interior,Remoto,Masculino,Branca,0.8972647617203466
CAND_03800,11.8,71.0,Ensino Médio,Interior,Remoto,Masculino,Parda,0.7811537837698581
CAND_03801,1.1,21.0,Mestrado,Capitais,Remoto,Feminino,Branca,0.327791086715009
CAND_03802,6.2,42.0,Bacharelado,Capitais,Presencial,Masculino,Branca,0.9307463698451036
CAND_03803,4.0,59.0,Doutorado,Região Metropolitana,Híbrido,Masculino,Parda,0.9245682993885026
CAND_03804,6.7,47.0,Doutorado,Capitais,Híbrido,Masculino,Amarela,0.6365256074442528
CAND_03805,4.9,55.0,Mestrado,Capitais,Híbrido,Feminino,Parda,0.44202853854353163
CAND_03806,6.5,49.0,Ensino Médio,Região Metropolitana,Presencial,Feminino,Branca,0.39974448146866326
CAND_03807,2.8,43.0,Bacharelado,Região Metropolitana,Híbrido,Masculino,Branca,0.9328310955026722
CAND_03808,7.3,64.0,Bacharelado,Região Metropolitana,Remoto,Masculino,Branca,0.9198574525091029
CAND_03809,4.3,35.0,Mestrado,Capitais,Híbrido,Masculino,Preta,0.2502992151786475
CAND_03810,5.1,46.0,Bacharelado,Região Metropolitana,Híbrido,Masculino,Branca,0.7275473241896222
CAND_03811,3.8,57.0,Mestrado,Capitais,Híbrido,Feminino,Indígena,0.2741449828381946
CAND_03812,7.1,31.0,Bacharelado,Região Metropolitana,Híbrido,Masculino,Preta,0.39467655669438356
CAND_03813,1.2,61.0,Mestrado,Interior,Híbrido,Masculino,Preta,0.08016816684804391
CAND_03814,1.1,68.0,Doutorado,Capitais,Presencial,Masculino,Branca,1.0
CAND_03815,7.6,57.0,Mestrado,Região Metropolitana,Presencial,Masculino,Preta,0.4452181783962357
CAND_03816,6.8,42.0,Mestrado,Capitais,Híbrido,Masculino,Branca,0.9446873711133716
CAND_03817,6.6,38.0,Bacharelado,Região Metropolitana,Presencial,Masculino,Parda,0.7125608085772904
CAND_03818,9.9,31.0,Bacharelado,Capitais,Híbrido,Feminino,Branca,0.7158637077513809
CAND_03819,2.4,53.0,Bacharelado,Capitais,Presencial,Masculino,Branca,0.8680951749578805
CAND_03820,4.0,37.0,Mestrado,Capitais,Híbrido,Feminino,Branca,0.6765602350408348
CAND_03821,6.6,20.0,Bacharelado,Capitais,Híbrido,Masculino,Branca,1.0
CAND_03822,4.6,52.0,Ensino Médio,Capitais,Remoto,Masculino,Branca,0.8717655297204024
CAND_03823,5.9,48.0,Bacharelado,Capitais,Presencial,Masculino,Branca,0.899114651764462
CAND_03824,12.1,69.0,Bacharelado,Região Metropolitana,Presencial,Masculino,Branca,1.0
CAND_03825,8.3,41.0,Bacharelado,Capitais,Híbrido,Não-binário,Amarela,0.42525609389708957
CAND_03826,6.7,25.0,Bacharelado,Capitais,Presencial,Masculino,Branca,0.8469407508416702
CAND_03827,5.4,80.0,Ensino Médio,Capitais,Híbrido,Não-binário,Preta,0.17057301105475076
CAND_03828,5.3,46.0,Bacharelado,Capitais,Híbrido,Masculino,Parda,0.8105092052059026
CAND_03829,3.5,73.0,Bacharelado,Capitais,Híbrido,Masculino,Preta,0.4300052344678697
CAND_03830,10.2,56.0,Ensino Médio,Região Metropolitana,Remoto,Masculino,Branca,1.0
CAND_03831,3.0,40.0,Mestrado,Região Metropolitana,Híbrido,Masculino,Amarela,0.42972810414919305
CAND_03832,8.3,45.0,Ensino Médio,Capitais,Híbrido,Masculino,Branca,0.9226051536115464
CAND_03833,5.1,71.0,Bacharelado,Capitais,Remoto,Masculino,Amarela,0.6396407172403974
CAND_03834,10.3,57.0,Bacharelado,Capitais,Híbrido,Masculino,Branca,1.0
CAND_03835,3.0,51.0,Bacharelado,Região Metropolitana,Presencial,Masculino,Indígena,0.4726917979961348
CAND_03836,9.0,39.0,Doutorado,Capitais,Remoto,Masculino,Branca,1.0
CAND_03837,9.5,44.0,Bacharelado,Capitais,Presencial,Masculino,Branca,0.9521202263685915
CAND_03838,4.3,33.0,Mestrado,Capitais,Remoto,Feminino,Branca,0.6023776346827091
CAND_03839,4.9,56.0,Bacharelado,Capitais,Híbrido,Feminino,Amarela,0.0326811107141399
CAND_03840,0.0,46.0,Bacharelado,Capitais,Híbrido,Feminino,Branca,0.4181791942572049
CAND_03841,7.8,27.0,Bacharelado,Capitais,Híbrido,Feminino,Branca,0.5288228357535287
CAND_03842,2.1,62.0,Bacharelado,Região Metropolitana,Presencial,Feminino,Parda,0.21679469126685266
CAND_03843,4.5,25.0,Bacharelado,Região Metropolitana,Híbrido,Masculino,Parda,0.668272033117993
CAND_03844,2.5,45.0,Bacharelado,Região Metropolitana,Presencial,Masculino,Branca,0.8698542005730723
CAND_03845,5.2,54.0,Bacharelado,Capitais,Remoto,Não-binário,Amarela,0.0001401822377523898
CAND_03846,7.9,59.0,Bacharelado,Região Metropolitana,Presencial,Feminino,Preta,0.035125045930131736
CAND_03847,0.0,29.0,Bacharelado,Região Metropolitana,Remoto,Masculino,Branca,0.5679827565017983
CAND_03848,3.4,72.0,Bacharelado,Região Metropolitana,Híbrido,Masculino,Parda,0.825113604670579
CAND_03849,3.0,47.0,Bacharelado,Capitais,Remoto,Feminino,Branca,0.5634715175542885
CAND_03850,0.0,47.0,Bacharelado,Capitais,Remoto,Masculino,Branca,0.8953489930333243
CAND_03851,8.1,75.0,Ensino Médio,Capitais,Presencial,Masculino,Branca,0.999406815454574
CAND_03852,7.2,92.0,Bacharelado,Capitais,Remoto,Masculino,Branca,1.0
CAND_03853,4.2,48.0,Mestrado,Capitais,Remoto,Não-binário,Branca,0.4782468171808492
CAND_03854,4.7,52.0,Bacharelado,Capitais,Híbrido,Masculino,Branca,0.9852765693782627
CAND_03855,3.2,52.0,Bacharelado,Capitais,Remoto,Masculino,Branca,0.96339879412828
CAND_03856,6.0,59.0,Bacharelado,Região Metropolitana,Presencial,Masculino,Parda,0.7251845567941322
CAND_03857,5.6,79.0,Bacharelado,Capitais,Presencial,Feminino,Branca,0.6176466321538463
CAND_03858,8.7,54.0,Mestrado,Capitais,Híbrido,Masculino,Branca,0.9891240774585954
CAND_03859,4.7,49.0,Bacharelado,Capitais,Presencial,Masculino,Indígena,0.6812828438438184
CAND_03860,7.0,47.0,Bacharelado,Capitais,Presencial,Masculino,Branca,0.8874636609754101
CAND_03861,0.3,31.0,Bacharelado,Capitais,Híbrido,Masculino,Preta,0.2616687872225541
CAND_03862,7.0,48.0,Mestrado,Interior,Remoto,Feminino,Preta,0.0
CAND_03863,13.8,70.0,Mestrado,Capitais,Presencial,Masculino,Branca,1.0
CAND_03864,5.5,45.0,Bacharelado,Capitais,Presencial,Não-binário,Amarela,0.12277813068912709
CAND_03865,2.9,53.0,Bacharelado,Região Metropolitana,Presencial,Feminino,Preta,0.0
CAND_03866,5.3,44.0,Mestrado,Interior,Remoto,Masculino,Preta,0.1751781853048471
CAND_03867,2.8,46.0,Bacharelado,Região Metropolitana,Presencial,Masculino,Branca,0.81987494530444
CAND_03868,7.2,68.0,Mestrado,Capitais,Híbrido,Feminino,Parda,0.7035717016982994
CAND_03869,8.7,68.0,Mestrado,Região Metropolitana,Presencial,Masculino,Branca,1.0
CAND_03870,7.0,51.0,Bacharelado,Capitais,Presencial,Masculino,Branca,0.9493358135243444
CAND_03871,2.6,66.0,Bacharelado,Capitais,Híbrido,Feminino,Preta,0.11289274805230173
CAND_03872,3.0,41.0,Bacharelado,Interior,Remoto,Feminino,Branca,0.18998496904517656
CAND_03873,3.2,37.0,Bacharelado,Capitais,Híbrido,Feminino,Branca,0.4273051474299213
CAND_03874,9.6,41.0,Bacharelado,Região Metropolitana,Híbrido,Masculino,Parda,0.733708211251271
CAND_03875,7.8,77.0,Mestrado,Interior,Híbrido,Feminino,Amarela,0.0
CAND_03876,1.1,59.0,Ensino Médio,Região Metropolitana,Presencial,Masculino,Preta,0.44958383805894553
CAND_03877,1.8,41.0,Mestrado,Capitais,Presencial,Masculino,Branca,0.7417153509476956
CAND_03878,9.6,50.0,Doutorado,Capitais,Híbrido,Masculino,Preta,0.7893692393743676
CAND_03879,5.2,35.0,Bacharelado,Região Metropolitana,Remoto,Feminino,Preta,0.0
CAND_03880,4.9,46.0,Bacharelado,Região Metropolitana,Presencial,Masculino,Amarela,0.6211952948661912
CAND_03881,4.9,53.0,Bacharelado,Capitais,Presencial,Masculino,Branca,1.0
CAND_03882,2.0,39.0,Bacharelado,Capitais,Presencial,Masculino,Branca,0.8351893035196452
CAND_03883,3.0,49.0,Ensino Médio,Capitais,Presencial,Masculino,Branca,0.6790873347173775
CAND_03884,5.5,31.0,Bacharelado,Região Metropolitana,Híbrido,Masculino,Branca,0.7970405974862728
CAND_03885,0.6,74.0,Mestrado,Capitais,Presencial,Masculino,Branca,1.0
CAND_03886,5.6,40.0,Bacharelado,Capitais,Híbrido,Masculino,Branca,0.8550993998887125
CAND_03887,8.5,58.0,Bacharelado,Capitais,Híbrido,Feminino,Amarela,0.2495194674691273
CAND_03888,1.0,63.0,Bacharelado,Interior,Híbrido,Masculino,Preta,0.31751102277097937
CAND_03889,1.2,42.0,Bacharelado,Capitais,Híbrido,Feminino,Branca,0.5881230636460568
CAND_03890,8.3,34.0,Ensino Médio,Capitais,Presencial,Masculino,Branca,0.8752324966754385
CAND_03891,6.7,61.0,Ensino Médio,Região Metropolitana,Presencial,Masculino,Branca,0.9180419318761701
CAND_03892,4.1,50.0,Bacharelado,Capitais,Híbrido,Feminino,Indígena,0.18914961330350488
CAND_03893,0.0,57.0,Mestrado,Região Metropolitana,Remoto,Feminino,Amarela,0.18388655947529062
CAND_03894,5.8,59.0,Bacharelado,Região Metropolitana,Remoto,Feminino,Branca,0.5583114553539009
CAND_03895,4.6,40.0,Bacharelado,Capitais,Híbrido,Masculino,Branca,0.942646090232317
CAND_03896,4.3,49.0,Bacharelado,Capitais,Remoto,Masculino,Amarela,0.5666242144071584
CAND_03897,3.8,65.0,Ensino Médio,Capitais,Híbrido,Masculino,Branca,1.0
CAND_03898,6.5,66.0,Bacharelado,Região Metropolitana,Remoto,Masculino,Branca,0.8573436483031067
CAND_03899,3.3,74.0,Mestrado,Capitais,Remoto,Feminino,Branca,0.7604671881316186
CAND_03900,0.0,55.0,Mestrado,Capitais,Presencial,Masculino,Preta,0.47860707694364096
CAND_03901,0.4,56.0,Mestrado,Capitais,Remoto,Feminino,Parda,0.5395467863377357
CAND_03902,0.0,44.0,Doutorado,Região Metropolitana,Híbrido,Masculino,Branca,0.8715949601197077
CAND_03903,4.8,54.0,Bacharelado,Capitais,Híbrido,Feminino,Preta,0.12485316536235062
CAND_03904,11.5,24.0,Bacharelado,Capitais,Remoto,Masculino,Preta,0.5221548990638814
CAND_03905,7.5,64.0,Mestrado,Região Metropolitana,Presencial,Feminino,Branca,0.5623140299025942
CAND_03906,9.1,52.0,Bacharelado,Região Metropolitana,Híbrido,Feminino,Parda,0.409558026833682
CAND_03907,2.4,37.0,Bacharelado,Capitais,Remoto,Masculino,Preta,0.4211037914750009
CAND_03908,6.6,80.0,Bacharelado,Capitais,Remoto,Masculino,Branca,1.0
CAND_03909,4.5,32.0,Mestrado,Capitais,Remoto,Feminino,Preta,0.13157044799920062
CAND_03910,3.3,41.0,Bacharelado,Região Metropolitana,Remoto,Masculino,Preta,0.3935881216498364
CAND_03911,4.6,56.0,Bacharelado,Região Metropolitana,Remoto,Feminino,Parda,0.30792324446173236
CAND_03912,3.9,36.0,Bacharelado,Região Metropolitana,Híbrido,Feminino,Parda,0.3120400478659521
CAND_03913,4.4,42.0,Bacharelado,Capitais,Híbrido,Feminino,Branca,0.5321390696021852
CAND_03914,4.7,39.0,Mestrado,Região Metropolitana,Remoto,Masculino,Parda,0.7594092825964109
CAND_03915,8.0,56.0,Bacharelado,Região Metropolitana,Híbrido,Feminino,Parda,0.28388538008605546
CAND_03916,6.2,49.0,Mestrado,Capitais,Remoto,Feminino,Branca,0.5187007482325315
CAND_03917,8.6,51.0,Bacharelado,Capitais,Presencial,Masculino,Branca,1.0
CAND_03918,8.4,45.0,Bacharelado,Região Metropolitana,Presencial,Masculino,Branca,0.8129537215586943
CAND_03919,1.7,72.0,Bacharelado,Interior,Híbrido,Feminino,Preta,0.0
CAND_03920,4.5,54.0,Bacharelado,Capitais,Remoto,Masculino,Parda,0.8476471007782662
CAND_03921,1.7,50.0,Mestrado,Região Metropolitana,Presencial,Masculino,Branca,0.6469370567298693
CAND_03922,5.2,69.0,Bacharelado,Capitais,Híbrido,Masculino,Branca,0.8836038513957925
CAND_03923,1.8,34.0,Bacharelado,Região Metropolitana,Remoto,Não-binário,Branca,0.27330876010996
CAND_03924,5.9,61.0,Bacharelado,Capitais,Híbrido,Não-binário,Branca,0.5177195924272544
CAND_03925,4.9,54.0,Mestrado,Capitais,Remoto,Masculino,Preta,0.47911372392010604
CAND_03926,10.1,74.0,Ensino Médio,Capitais,Remoto,Masculino,Branca,1.0
CAND_03927,1.2,53.0,Bacharelado,Capitais,Remoto,Masculino,Branca,0.7953764853568364
CAND_03928,4.7,47.0,Bacharelado,Capitais,Presencial,Masculino,Branca,1.0
CAND_03929,5.4,46.0,Mestrado,Capitais,Presencial,Feminino,Branca,0.3641983123724057
CAND_03930,6.6,31.0,Bacharelado,Capitais,Presencial,Masculino,Branca,1.0
CAND_03931,5.1,40.0,Bacharelado,Capitais,Remoto,Masculino,Amarela,0.5825668514367213
CAND_03932,0.8,75.0,Mestrado,Capitais,Remoto,Feminino,Branca,0.7542455117636111
CAND_03933,3.4,31.0,Bacharelado,Região Metropolitana,Híbrido,Masculino,Branca,0.6003210537827912
CAND_03934,9.4,44.0,Bacharelado,Capitais,Presencial,Masculino,Branca,1.0
CAND_03935,1.8,69.0,Mestrado,Capitais,Híbrido,Feminino,Amarela,0.07842613648975585
CAND_03936,3.4,49.0,Ensino Médio,Capitais,Presencial,Feminino,Branca,0.5099772508949194
CAND_03937,7.8,77.0,Mestrado,Interior,Híbrido,Masculino,Preta,0.38830441533651294
CAND_03938,0.8,72.0,Mestrado,Capitais,Presencial,Feminino,Branca,0.7585848901282245
CAND_03939,4.3,50.0,Mestrado,Capitais,Híbrido,Masculino,Branca,0.8252175996754045
CAND_03940,4.3,58.0,Mestrado,Capitais,Remoto,Feminino,Branca,0.6578042333889882
CAND_03941,8.6,59.0,Bacharelado,Capitais,Híbrido,Masculino,Preta,0.5989385523792116
CAND_03942,5.8,14.0,Ensino Médio,Capitais,Remoto,Feminino,Branca,0.3580420507277614
CAND_03943,4.3,52.0,Bacharelado,Capitais,Remoto,Feminino,Branca,0.5348319944279739
CAND_03944,6.1,66.0,Bacharelado,Região Metropolitana,Híbrido,Masculino,Branca,0.9857078419770836
CAND_03945,6.6,31.0,Bacharelado,Região Metropolitana,Híbrido,Masculino,Amarela,0.38269708044043294
CAND_03946,0.0,33.0,Ensino Médio,Interior,Remoto,Feminino,Branca,0.0
CAND_03947,3.9,42.0,Bacharelado,Região Metropolitana,Remoto,Feminino,Branca,0.5341688081781732
CAND_03948,5.1,22.0,Doutorado,Região Metropolitana,Remoto,Feminino,Branca,0.26173962972392434
CAND_03949,10.3,34.0,Bacharelado,Capitais,Híbrido,Masculino,Preta,0.6331270733564106
CAND_03950,10.5,23.0,Bacharelado,Capitais,Híbrido,Feminino,Branca,0.6387462101144347
CAND_03951,3.5,49.0,Bacharelado,Capitais,Presencial,Masculino,Amarela,0.3235168319463093
CAND_03952,4.3,63.0,Bacharelado,Capitais,Híbrido,Masculino,Preta,0.5669603341077828
CAND_03953,5.9,76.0,Bacharelado,Região Metropolitana,Presencial,Feminino,Branca,0.4830396707788295
CAND_03954,6.6,53.0,Bacharelado,Interior,Presencial,Não-binário,Amarela,0.0
CAND_03955,1.9,62.0,Bacharelado,Interior,Híbrido,Masculino,Branca,0.6441392809729628
CAND_03956,8.9,46.0,Bacharelado,Capitais,Presencial,Masculino,Preta,0.6795091035472841
CAND_03957,3.6,56.0,Bacharelado,Capitais,Presencial,Masculino,Branca,1.0
CAND_03958,7.3,41.0,Bacharelado,Capitais,Presencial,Feminino,Branca,0.6124729370559548
CAND_03959,2.0,69.0,Bacharelado,Capitais,Presencial,Feminino,Parda,0.4339111479387475
CAND_03960,4.1,54.0,Bacharelado,Interior,Híbrido,Masculino,Parda,0.5068644050722222
CAND_03961,0.0,55.0,Mestrado,Região Metropolitana,Híbrido,Feminino,Preta,0.0
CAND_03962,4.4,56.0,Mestrado,Interior,Remoto,Masculino,Preta,0.10101158148288503
CAND_03963,4.6,41.0,Mestrado,Região Metropolitana,Presencial,Feminino,Branca,0.5232685753326431
CAND_03964,5.3,29.0,Mestrado,Região Metropolitana,Presencial,Masculino,Amarela,0.35748637661255706
CAND_03965,4.0,47.0,Bacharelado,Capitais,Híbrido,Masculino,Parda,0.7808909195765915
CAND_03966,9.3,45.0,Bacharelado,Capitais,Presencial,Feminino,Preta,0.0
CAND_03967,5.9,45.0,Bacharelado,Capitais,Remoto,Feminino,Branca,0.42618688944027855
CAND_03968,7.0,43.0,Bacharelado,Capitais,Remoto,Feminino,Branca,0.5399397483408552
CAND_03969,6.2,51.0,Mestrado,Capitais,Presencial,Masculino,Parda,1.0
CAND_03970,6.8,36.0,Ensino Médio,Capitais,Presencial,Feminino,Branca,0.5172577794055319
CAND_03971,12.4,45.0,Doutorado,Capitais,Presencial,Masculino,Amarela,0.8778751149328792
CAND_03972,2.7,46.0,Mestrado,Capitais,Híbrido,Feminino,Branca,0.7456492975219005
CAND_03973,0.0,76.0,Bacharelado,Capitais,Híbrido,Masculino,Branca,1.0
CAND_03974,7.2,56.0,Mestrado,Capitais,Remoto,Masculino,Branca,1.0
CAND_03975,4.9,61.0,Bacharelado,Capitais,Presencial,Masculino,Amarela,0.5079284750918768
CAND_03976,7.6,38.0,Bacharelado,Capitais,Híbrido,Masculino,Preta,0.154638157442184
CAND_03977,4.8,48.0,Mestrado,Região Metropolitana,Híbrido,Masculino,Amarela,0.43000297663199205
CAND_03978,8.8,52.0,Bacharelado,Capitais,Remoto,Feminino,Preta,0.0300355071216062
CAND_03979,0.8,56.0,Bacharelado,Região Metropolitana,Presencial,Feminino,Indígena,0.0
CAND_03980,3.6,63.0,Bacharelado,Região Metropolitana,Híbrido,Masculino,Amarela,0.2689237048312358
CAND_03981,7.9,19.0,Bacharelado,Capitais,Híbrido,Masculino,Preta,0.4704050289848015
CAND_03982,4.8,56.0,Doutorado,Capitais,Híbrido,Feminino,Branca,0.614363993409041
CAND_03983,2.5,34.0,Mestrado,Capitais,Remoto,Masculino,Amarela,0.5307562893284953
CAND_03984,4.2,52.0,Bacharelado,Capitais,Híbrido,Feminino,Branca,0.5401103966918586
CAND_03985,0.1,60.0,Mestrado,Região Metropolitana,Remoto,Masculino,Branca,0.9408115523327593
CAND_03986,6.5,48.0,Doutorado,Capitais,Presencial,Masculino,Branca,1.0
CAND_03987,0.6,40.0,Bacharelado,Interior,Remoto,Feminino,Branca,0.28856493548772905
CAND_03988,3.5,20.0,Mestrado,Região Metropolitana,Presencial,Feminino,Branca,0.38909578871957445
CAND_03989,4.0,57.0,Mestrado,Capitais,Híbrido,Masculino,Preta,0.5952145886769815
CAND_03990,10.8,80.0,Bacharelado,Região Metropolitana,Híbrido,Feminino,Branca,0.7370565215395792
CAND_03991,9.1,46.0,Mestrado,Região Metropolitana,Remoto,Masculino,Branca,1.0
CAND_03992,12.2,56.0,Bacharelado,Região Metropolitana,Presencial,Feminino,Parda,0.48729825380559477
CAND_03993,5.2,31.0,Bacharelado,Região Metropolitana,Híbrido,Masculino,Preta,0.27086148342804234
CAND_03994,6.4,50.0,Mestrado,Interior,Híbrido,Masculino,Preta,0.2810493062419066
CAND_03995,3.0,62.0,Bacharelado,Interior,Remoto,Masculino,Branca,0.4846725361039772
CAND_03996,2.2,61.0,Bacharelado,Capitais,Presencial,Feminino,Branca,0.5101640789204269
CAND_03997,5.7,49.0,Mestrado,Região Metropolitana,Presencial,Masculino,Branca,0.8845139937237964
CAND_03998,4.7,68.0,Bacharelado,Região Metropolitana,Remoto,Masculino,Branca,0.9124023252057442
CAND_03999,2.7,68.0,Bacharelado,Capitais,Presencial,Masculino,Branca,0.9303915005724396
CAND_04000,3.2,51.0,Bacharelado,Capitais,Híbrido,Feminino,Branca,0.40027644008251945
CAND_04001,5.3,22.0,Bacharelado,Capitais,Presencial,Feminino,Branca,0.20449110065348955
CAND_04002,0.0,32.0,Bacharelado,Capitais,Remoto,Masculino,Parda,0.6755380105121994
CAND_04003,2.6,48.0,Bacharelado,Capitais,Presencial,Masculino,Preta,0.47745011713981433
CAND_04004,4.9,48.0,Doutorado,Capitais,Híbrido,Masculino,Branca,0.9138102615206934
CAND_04005,1.9,43.0,Mestrado,Capitais,Presencial,Masculino,Amarela,0.6036941972385123
CAND_04006,3.3,52.0,Mestrado,Capitais,Remoto,Masculino,Preta,0.5751892101433501
CAND_04007,0.7,31.0,Bacharelado,Interior,Híbrido,Masculino,Preta,0.052200470895810855
CAND_04008,0.2,29.0,Bacharelado,Região Metropolitana,Híbrido,Masculino,Branca,0.7626635027717494
CAND_04009,3.2,52.0,Bacharelado,Capitais,Presencial,Masculino,Parda,0.8482040527195767
CAND_04010,7.1,42.0,Ensino Médio,Capitais,Remoto,Feminino,Branca,0.3865194638089107
CAND_04011,9.4,59.0,Bacharelado,Região Metropolitana,Presencial,Masculino,Branca,0.9739397386978743
CAND_04012,4.5,37.0,Mestrado,Capitais,Presencial,Masculino,Indígena,0.583469395298562
CAND_04013,14.2,49.0,Bacharelado,Região Metropolitana,Presencial,Masculino,Branca,0.9946592072505911
CAND_04014,10.5,50.0,Bacharelado,Região Metropolitana,Remoto,Feminino,Branca,0.7016046785727378
CAND_04015,3.8,58.0,Mestrado,Capitais,Híbrido,Masculino,Branca,1.0
CAND_04016,1.0,55.0,Ensino Médio,Região Metropolitana,Remoto,Masculino,Branca,0.8698846843118051
CAND_04017,5.6,59.0,Bacharelado,Capitais,Híbrido,Feminino,Branca,0.6873642905587498
CAND_04018,5.7,43.0,Bacharelado,Interior,Presencial,Masculino,Branca,0.6666066050601853
CAND_04019,8.3,41.0,Doutorado,Capitais,Presencial,Feminino,Branca,0.6104674094804154
CAND_04020,8.0,46.0,Bacharelado,Região Metropolitana,Presencial,Masculino,Amarela,0.6289473001733422
CAND_04021,4.2,56.0,Bacharelado,Capitais,Híbrido,Não-binário,Branca,0.4057033599058265
CAND_04022,3.4,49.0,Mestrado,Capitais,Presencial,Masculino,Preta,0.2744419506278495
CAND_04023,6.4,35.0,Mestrado,Interior,Remoto,Feminino,Branca,0.1488744807165842
CAND_04024,6.4,48.0,Bacharelado,Interior,Remoto,Feminino,Preta,0.0
CAND_04025,5.4,55.0,Bacharelado,Região Metropolitana,Presencial,Masculino,Branca,0.9042936372378416
CAND_04026,7.2,28.0,Bacharelado,Capitais,Híbrido,Masculino,Preta,0.5267096431220173
CAND_04027,4.9,42.0,Bacharelado,Capitais,Remoto,Feminino,Branca,0.6274191656472707
CAND_04028,12.0,47.0,Bacharelado,Interior,Remoto,Feminino,Parda,0.29962783376662505
CAND_04029,3.6,57.0,Bacharelado,Capitais,Presencial,Feminino,Branca,0.5943722950407079
CAND_04030,6.7,31.0,Bacharelado,Região Metropolitana,Remoto,Masculino,Branca,0.7245757931822343
CAND_04031,1.6,53.0,Bacharelado,Região Metropolitana,Híbrido,Masculino,Branca,0.7669310551913184
CAND_04032,7.8,60.0,Mestrado,Região Metropolitana,Remoto,Masculino,Preta,0.4386267672451534
CAND_04033,3.9,81.0,Mestrado,Capitais,Híbrido,Masculino,Amarela,0.6620931598383154
CAND_04034,6.8,53.0,Mestrado,Capitais,Remoto,Feminino,Branca,0.6569298405638532
CAND_04035,0.9,48.0,Mestrado,Capitais,Híbrido,Feminino,Branca,0.40860423421979425
CAND_04036,6.3,48.0,Bacharelado,Região Metropolitana,Presencial,Masculino,Preta,0.26390642050693985
CAND_04037,7.5,45.0,Bacharelado,Região Metropolitana,Híbrido,Feminino,Branca,0.515174021343451
CAND_04038,5.2,58.0,Bacharelado,Capitais,Híbrido,Masculino,Branca,1.0
CAND_04039,6.8,47.0,Ensino Médio,Capitais,Híbrido,Masculino,Parda,0.7961750815338698
CAND_04040,4.7,57.0,Bacharelado,Capitais,Remoto,Masculino,Branca,0.9089904330394964
CAND_04041,4.8,58.0,Bacharelado,Capitais,Híbrido,Não-binário,Indígena,0.0947208562289168
CAND_04042,4.6,41.0,Bacharelado,Região Metropolitana,Remoto,Feminino,Branca,0.6403944280568228
CAND_04043,7.3,42.0,Bacharelado,Capitais,Híbrido,Feminino,Branca,0.5124996071154788
CAND_04044,5.9,59.0,Mestrado,Região Metropolitana,Remoto,Masculino,Parda,0.6313150480869261
CAND_04045,2.4,56.0,Bacharelado,Capitais,Remoto,Masculino,Parda,0.8440976362872681
CAND_04046,3.8,44.0,Ensino Médio,Região Metropolitana,Presencial,Feminino,Amarela,0.1755026695028053
CAND_04047,12.0,64.0,Bacharelado,Capitais,Presencial,Feminino,Amarela,0.49518720988893283
CAND_04048,1.8,63.0,Bacharelado,Região Metropolitana,Remoto,Feminino,Preta,0.0
CAND_04049,5.6,42.0,Mestrado,Capitais,Presencial,Masculino,Parda,0.9892645514456396
CAND_04050,4.7,22.0,Mestrado,Região Metropolitana,Híbrido,Masculino,Branca,0.8270776338646826
CAND_04051,3.5,50.0,Doutorado,Capitais,Presencial,Masculino,Branca,1.0
CAND_04052,3.4,58.0,Mestrado,Região Metropolitana,Híbrido,Feminino,Branca,0.5914782619107877
CAND_04053,5.8,57.0,Mestrado,Capitais,Híbrido,Masculino,Branca,1.0
CAND_04054,1.4,36.0,Doutorado,Capitais,Híbrido,Masculino,Branca,0.8479724414265868
CAND_04055,7.4,60.0,Bacharelado,Capitais,Presencial,Masculino,Branca,1.0
CAND_04056,0.8,56.0,Bacharelado,Capitais,Híbrido,Não-binário,Branca,0.4890975948540341
CAND_04057,6.6,43.0,Doutorado,Capitais,Híbrido,Masculino,Indígena,0.7186811010254092
CAND_04058,6.8,51.0,Bacharelado,Capitais,Presencial,Feminino,Indígena,0.30573051801962503
CAND_04059,1.9,58.0,Mestrado,Região Metropolitana,Presencial,Masculino,Parda,0.7917558562937957
CAND_04060,2.8,57.0,Bacharelado,Região Metropolitana,Híbrido,Masculino,Parda,0.7130769527780456
CAND_04061,8.8,10.0,Mestrado,Região Metropolitana,Presencial,Feminino,Branca,0.3570162574446888
CAND_04062,4.0,41.0,Bacharelado,Capitais,Híbrido,Masculino,Branca,0.7231194924747288
CAND_04063,10.1,48.0,Mestrado,Interior,Híbrido,Masculino,Branca,0.9052154206275401
CAND_04064,7.7,54.0,Bacharelado,Região Metropolitana,Híbrido,Masculino,Branca,0.8276094227420826
CAND_04065,4.3,38.0,Mestrado,Região Metropolitana,Remoto,Não-binário,Branca,0.32713547791170067
CAND_04066,4.7,69.0,Bacharelado,Capitais,Híbrido,Masculino,Preta,0.4725804143176927
CAND_04067,4.7,57.0,Bacharelado,Interior,Híbrido,Masculino,Preta,0.3088669922946563
CAND_04068,3.7,38.0,Doutorado,Capitais,Híbrido,Masculino,Amarela,0.4092074248723023
CAND_04069,7.8,60.0,Bacharelado,Capitais,Remoto,Masculino,Branca,1.0
CAND_04070,5.8,67.0,Mestrado,Capitais,Presencial,Feminino,Amarela,0.3317517680038851
CAND_04071,9.0,38.0,Bacharelado,Região Metropolitana,Híbrido,Feminino,Preta,0.07373475215887537
CAND_04072,5.4,56.0,Bacharelado,Interior,Presencial,Não-binário,Branca,0.18665464218641245
CAND_04073,9.2,40.0,Mestrado,Capitais,Remoto,Masculino,Branca,1.0
CAND_04074,12.8,43.0,Ensino Médio,Região Metropolitana,Híbrido,Feminino,Branca,0.48541755299177225
CAND_04075,1.6,18.0,Mestrado,Capitais,Híbrido,Masculino,Parda,0.8216284554862604
CAND_04076,4.3,28.0,Mestrado,Capitais,Híbrido,Masculino,Branca,0.7667535915207156
CAND_04077,6.4,66.0,Bacharelado,Capitais,Híbrido,Masculino,Branca,0.9722047280524574
CAND_04078,0.4,77.0,Bacharelado,Região Metropolitana,Presencial,Feminino,Branca,0.2860884820581808
CAND_04079,3.5,52.0,Doutorado,Interior,Híbrido,Masculino,Branca,0.6523893475460784
CAND_04080,6.1,41.0,Bacharelado,Região Metropolitana,Remoto,Feminino,Branca,0.2921551141428208
CAND_04081,2.6,58.0,Bacharelado,Capitais,Remoto,Masculino,Branca,0.982297086503949
CAND_04082,5.0,53.0,Bacharelado,Capitais,Presencial,Masculino,Parda,1.0
CAND_04083,6.5,44.0,Bacharelado,Capitais,Híbrido,Masculino,Preta,0.5056078712836108
CAND_04084,4.4,39.0,Bacharelado,Capitais,Híbrido,Feminino,Branca,0.5456084155737375
CAND_04085,5.9,24.0,Bacharelado,Região Metropolitana,Presencial,Feminino,Branca,0.4503255630463145
CAND_04086,4.6,64.0,Bacharelado,Interior,Remoto,Masculino,Branca,0.7365849776850599
CAND_04087,8.0,61.0,Bacharelado,Capitais,Híbrido,Masculino,Branca,1.0
CAND_04088,6.3,41.0,Mestrado,Interior,Híbrido,Masculino,Branca,0.6285082781055842
CAND_04089,6.1,21.0,Doutorado,Capitais,Híbrido,Feminino,Preta,0.11670850083488576
CAND_04090,7.9,36.0,Bacharelado,Região Metropolitana,Híbrido,Feminino,Branca,0.5239173495802631
CAND_04091,0.0,55.0,Bacharelado,Capitais,Remoto,Masculino,Branca,0.9004197588536206
CAND_04092,6.0,40.0,Ensino Médio,Interior,Presencial,Masculino,Branca,0.5514274047665162
CAND_04093,4.9,51.0,Bacharelado,Região Metropolitana,Remoto,Feminino,Branca,0.4070307521141872
CAND_04094,7.5,52.0,Mestrado,Capitais,Híbrido,Feminino,Branca,0.5849892410172252
CAND_04095,9.5,82.0,Doutorado,Capitais,Remoto,Masculino,Parda,1.0
CAND_04096,8.3,52.0,Bacharelado,Região Metropolitana,Remoto,Feminino,Branca,0.587449835508638
CAND_04097,0.1,61.0,Mestrado,Capitais,Remoto,Feminino,Branca,0.5522138571362869
CAND_04098,4.0,53.0,Mestrado,Capitais,Remoto,Feminino,Indígena,0.43367813150145845
CAND_04099,6.6,63.0,Bacharelado,Região Metropolitana,Remoto,Masculino,Branca,0.7840061727952382
CAND_04100,0.0,43.0,Bacharelado,Capitais,Híbrido,Feminino,Branca,0.2829548680934342
CAND_04101,5.5,49.0,Mestrado,Região Metropolitana,Híbrido,Masculino,Branca,0.8523543973292165
CAND_04102,3.0,35.0,Ensino Médio,Capitais,Híbrido,Não-binário,Branca,0.3183275653321901
CAND_04103,7.4,53.0,Doutorado,Região Metropolitana,Híbrido,Masculino,Amarela,0.728546204460603
CAND_04104,4.0,63.0,Bacharelado,Capitais,Presencial,Não-binário,Preta,0.0
CAND_04105,0.6,49.0,Mestrado,Região Metropolitana,Híbrido,Masculino,Branca,1.0
CAND_04106,6.6,10.0,Ensino Médio,Região Metropolitana,Híbrido,Masculino,Indígena,0.30143118951824144
CAND_04107,3.2,60.0,Ensino Médio,Região Metropolitana,Remoto,Masculino,Preta,0.4328669962733007
CAND_04108,3.0,61.0,Bacharelado,Região Metropolitana,Presencial,Masculino,Amarela,0.5564926807084175
CAND_04109,3.8,79.0,Bacharelado,Região Metropolitana,Híbrido,Masculino,Parda,0.7086163699630017
CAND_04110,8.5,51.0,Bacharelado,Capitais,Híbrido,Masculino,Branca,0.8784426277127153
CAND_04111,7.7,24.0,Mestrado,Capitais,Presencial,Feminino,Indígena,0.23542364412783764
CAND_04112,5.5,46.0,Bacharelado,Região Metropolitana,Remoto,Feminino,Branca,0.41416290608728434
CAND_04113,4.6,66.0,Bacharelado,Capitais,Presencial,Masculino,Preta,0.5052984142218477
CAND_04114,4.5,75.0,Bacharelado,Região Metropolitana,Híbrido,Feminino,Branca,0.32432980580162657
CAND_04115,0.0,64.0,Ensino Médio,Capitais,Presencial,Masculino,Branca,0.895239927416727
CAND_04116,5.6,40.0,Mestrado,Capitais,Híbrido,Masculino,Branca,0.9689701861592404
CAND_04117,5.1,30.0,Bacharelado,Região Metropolitana,Híbrido,Feminino,Indígena,0.14984740476034614
CAND_04118,7.8,36.0,Bacharelado,Interior,Híbrido,Masculino,Indígena,0.38118223372698873
CAND_04119,3.5,44.0,Bacharelado,Capitais,Híbrido,Masculino,Preta,0.30210732104866794
CAND_04120,6.7,59.0,Bacharelado,Capitais,Presencial,Feminino,Branca,0.5552631115859267
CAND_04121,7.8,68.0,Ensino Médio,Região Metropolitana,Híbrido,Feminino,Branca,0.4446258221602076
CAND_04122,2.2,23.0,Bacharelado,Região Metropolitana,Presencial,Feminino,Preta,0.0
CAND_04123,5.4,39.0,Bacharelado,Capitais,Remoto,Masculino,Preta,0.4090111644271507
CAND_04124,6.2,58.0,Doutorado,Capitais,Híbrido,Feminino,Preta,0.15551656766500424
CAND_04125,7.6,39.0,Bacharelado,Capitais,Remoto,Masculino,Amarela,0.7793944589575219
CAND_04126,0.5,69.0,Doutorado,Região Metropolitana,Híbrido,Masculino,Branca,0.8740056949334314
CAND_04127,12.6,73.0,Bacharelado,Capitais,Presencial,Masculino,Preta,0.8208967394996846
CAND_04128,9.6,53.0,Bacharelado,Capitais,Remoto,Masculino,Branca,1.0
CAND_04129,4.8,42.0,Mestrado,Capitais,Híbrido,Feminino,Branca,0.5961660587827923
CAND_04130,7.9,22.0,Bacharelado,Região Metropolitana,Híbrido,Masculino,Parda,0.6763418598552523
CAND_04131,12.2,48.0,Bacharelado,Região Metropolitana,Remoto,Feminino,Preta,0.18271456105711054
CAND_04132,8.4,52.0,Bacharelado,Capitais,Híbrido,Masculino,Branca,1.0
CAND_04133,3.0,28.0,Bacharelado,Região Metropolitana,Híbrido,Masculino,Indígena,0.38792255368785633
CAND_04134,0.0,72.0,Bacharelado,Capitais,Remoto,Masculino,Parda,0.9136338621744986
CAND_04135,3.7,43.0,Bacharelado,Região Metropolitana,Remoto,Feminino,Parda,0.3213715204186764
CAND_04136,7.4,39.0,Mestrado,Capitais,Híbrido,Masculino,Preta,0.3341500681260984
CAND_04137,4.3,59.0,Bacharelado,Interior,Híbrido,Feminino,Branca,0.27597415413100074
CAND_04138,2.8,46.0,Ensino Médio,Capitais,Remoto,Masculino,Amarela,0.2898167955671048
CAND_04139,0.0,42.0,Bacharelado,Capitais,Presencial,Feminino,Preta,0.03835919549968707
CAND_04140,3.6,75.0,Bacharelado,Capitais,Presencial,Masculino,Amarela,0.5380246224149284
CAND_04141,4.3,51.0,Mestrado,Capitais,Híbrido,Feminino,Branca,0.44461981635162806
CAND_04142,2.1,47.0,Bacharelado,Capitais,Remoto,Feminino,Branca,0.5162665351801665
CAND_04143,4.4,54.0,Bacharelado,Capitais,Remoto,Masculino,Parda,0.8678849420128841
CAND_04144,4.1,45.0,Bacharelado,Região Metropolitana,Presencial,Feminino,Preta,0.0
CAND_04145,5.3,29.0,Bacharelado,Interior,Presencial,Feminino,Branca,0.18887957293273464
CAND_04146,8.6,35.0,Bacharelado,Região Metropolitana,Híbrido,Não-binário,Branca,0.22661251400198348
CAND_04147,2.0,39.0,Ensino Médio,Capitais,Remoto,Masculino,Branca,0.9053544801330732
CAND_04148,6.9,57.0,Bacharelado,Capitais,Remoto,Masculino,Branca,1.0
CAND_04149,6.4,63.0,Ensino Médio,Capitais,Remoto,Feminino,Amarela,0.3291377111731506
CAND_04150,4.5,44.0,Bacharelado,Capitais,Híbrido,Feminino,Branca,0.5958013496145838
CAND_04151,4.2,33.0,Bacharelado,Capitais,Presencial,Feminino,Branca,0.33029079455351984
CAND_04152,3.7,34.0,Bacharelado,Região Metropolitana,Híbrido,Não-binário,Parda,0.09524897011637211
CAND_04153,3.6,67.0,Bacharelado,Capitais,Remoto,Masculino,Preta,0.3156480133170535
CAND_04154,1.9,52.0,Mestrado,Capitais,Híbrido,Masculino,Branca,1.0
CAND_04155,9.7,42.0,Bacharelado,Capitais,Híbrido,Feminino,Branca,0.5407116758080561
CAND_04156,2.0,76.0,Bacharelado,Capitais,Remoto,Masculino,Branca,0.9038907130324636
CAND_04157,5.6,82.0,Bacharelado,Região Metropolitana,Presencial,Feminino,Indígena,0.3114953578001425
CAND_04158,5.6,37.0,Bacharelado,Região Metropolitana,Híbrido,Masculino,Preta,0.4477081609050859
CAND_04159,7.8,86.0,Bacharelado,Capitais,Híbrido,Feminino,Branca,0.6770830931393905
CAND_04160,4.0,60.0,Bacharelado,Capitais,Remoto,Masculino,Branca,0.8632635711384964
CAND_04161,2.4,41.0,Ensino Médio,Interior,Remoto,Feminino,Indígena,0.0
CAND_04162,2.4,67.0,Ensino Médio,Região Metropolitana,Híbrido,Masculino,Branca,0.7880208381277672
CAND_04163,0.0,44.0,Mestrado,Capitais,Remoto,Feminino,Preta,0.1220157390443955
CAND_04164,2.7,31.0,Bacharelado,Região Metropolitana,Híbrido,Feminino,Preta,0.0
CAND_04165,6.0,47.0,Mestrado,Interior,Remoto,Masculino,Branca,0.7090438155397413
CAND_04166,3.6,73.0,Bacharelado,Capitais,Híbrido,Feminino,Branca,0.522972435428706
CAND_04167,6.5,42.0,Bacharelado,Interior,Híbrido,Masculino,Branca,0.7085520269787824
CAND_04168,3.1,45.0,Mestrado,Capitais,Remoto,Masculino,Branca,0.9104460513065105
CAND_04169,2.0,76.0,Mestrado,Capitais,Presencial,Masculino,Branca,1.0
CAND_04170,7.1,52.0,Mestrado,Capitais,Presencial,Masculino,Branca,0.7883746777052925
CAND_04171,9.4,49.0,Mestrado,Capitais,Híbrido,Masculino,Branca,1.0
CAND_04172,2.3,52.0,Bacharelado,Região Metropolitana,Presencial,Masculino,Branca,0.594459932424685
CAND_04173,3.8,89.0,Mestrado,Capitais,Híbrido,Masculino,Preta,0.5889752989315544
CAND_04174,0.9,90.0,Bacharelado,Capitais,Híbrido,Feminino,Preta,0.21538222994599324
CAND_04175,8.7,59.0,Bacharelado,Capitais,Híbrido,Feminino,Branca,0.7175299177620409
CAND_04176,7.0,36.0,Bacharelado,Capitais,Presencial,Masculino,Branca,0.9222507935650994
CAND_04177,10.6,51.0,Mestrado,Região Metropolitana,Híbrido,Masculino,Amarela,0.574076900156771
CAND_04178,6.0,41.0,Mestrado,Região Metropolitana,Remoto,Feminino,Indígena,0.248514915810708
CAND_04179,3.2,37.0,Bacharelado,Região Metropolitana,Remoto,Masculino,Branca,0.7821998907877888
CAND_04180,5.7,28.0,Bacharelado,Capitais,Híbrido,Feminino,Preta,0.15028486738616123
CAND_04181,1.3,81.0,Bacharelado,Região Metropolitana,Remoto,Feminino,Branca,0.5758295200165748
CAND_04182,7.7,49.0,Bacharelado,Capitais,Presencial,Masculino,Parda,0.7458725222572968
CAND_04183,7.8,42.0,Ensino Médio,Interior,Híbrido,Masculino,Branca,0.7217817886889217
CAND_04184,9.9,43.0,Mestrado,Interior,Remoto,Masculino,Branca,0.8561006527782463
CAND_04185,7.9,54.0,Mestrado,Capitais,Remoto,Feminino,Branca,0.6170459352969075
CAND_04186,8.4,66.0,Ensino Médio,Região Metropolitana,Remoto,Masculino,Branca,0.9177880046895017
CAND_04187,2.4,48.0,Ensino Médio,Região Metropolitana,Híbrido,Masculino,Preta,0.32489337230690796
CAND_04188,5.9,41.0,Bacharelado,Capitais,Presencial,Masculino,Branca,0.9943799687671063
CAND_04189,0.9,61.0,Doutorado,Região Metropolitana,Remoto,Feminino,Parda,0.27641349779835356
CAND_04190,1.6,39.0,Bacharelado,Região Metropolitana,Remoto,Feminino,Branca,0.3986744213087522
CAND_04191,7.0,28.0,Bacharelado,Região Metropolitana,Remoto,Feminino,Amarela,0.0
CAND_04192,0.0,23.0,Ensino Médio,Capitais,Híbrido,Masculino,Branca,0.7121187603980119
CAND_04193,8.0,62.0,Bacharelado,Capitais,Presencial,Masculino,Branca,1.0
CAND_04194,1.4,67.0,Bacharelado,Capitais,Híbrido,Feminino,Branca,0.3397361503689773
CAND_04195,5.3,33.0,Bacharelado,Região Metropolitana,Híbrido,Feminino,Branca,0.5586506725263486
CAND_04196,4.8,22.0,Mestrado,Capitais,Remoto,Masculino,Preta,0.22352599620119995
CAND_04197,6.3,31.0,Ensino Médio,Capitais,Híbrido,Masculino,Preta,0.4987587509170496
CAND_04198,4.8,83.0,Ensino Médio,Capitais,Híbrido,Masculino,Branca,1.0
CAND_04199,5.6,78.0,Bacharelado,Capitais,Remoto,Feminino,Amarela,0.2473895024437692
CAND_04200,0.6,39.0,Mestrado,Região Metropolitana,Híbrido,Não-binário,Branca,0.3251536991406624
CAND_04201,5.9,76.0,Bacharelado,Capitais,Remoto,Feminino,Amarela,0.32206943954858686
CAND_04202,5.8,51.0,Mestrado,Capitais,Híbrido,Feminino,Preta,0.36914962324587924
CAND_04203,5.7,63.0,Bacharelado,Capitais,Remoto,Masculino,Branca,0.9592974058428241
CAND_04204,6.9,16.0,Bacharelado,Região Metropolitana,Presencial,Feminino,Branca,0.4173757409085549
CAND_04205,5.0,44.0,Doutorado,Capitais,Híbrido,Masculino,Preta,0.5568074124169635
CAND_04206,4.1,46.0,Bacharelado,Capitais,Híbrido,Masculino,Amarela,0.5789010528949754
CAND_04207,7.2,49.0,Bacharelado,Capitais,Híbrido,Masculino,Branca,0.994496923751854
CAND_04208,4.7,53.0,Ensino Médio,Interior,Híbrido,Feminino,Branca,0.20048786122091541
CAND_04209,5.5,24.0,Bacharelado,Capitais,Remoto,Masculino,Branca,0.7904569127257729
CAND_04210,7.9,23.0,Mestrado,Capitais,Híbrido,Feminino,Branca,0.4994130545789126
CAND_04211,8.7,72.0,Mestrado,Capitais,Presencial,Masculino,Branca,1.0
CAND_04212,5.3,35.0,Doutorado,Capitais,Remoto,Feminino,Branca,0.6667158358444814
CAND_04213,3.2,60.0,Bacharelado,Capitais,Híbrido,Não-binário,Branca,0.31608795063110473
CAND_04214,11.2,71.0,Bacharelado,Capitais,Remoto,Feminino,Branca,0.6377697081873013
CAND_04215,3.9,45.0,Bacharelado,Região Metropolitana,Remoto,Masculino,Branca,0.8185315258200471
CAND_04216,2.5,57.0,Mestrado,Capitais,Híbrido,Feminino,Preta,0.0
CAND_04217,3.6,59.0,Bacharelado,Capitais,Remoto,Masculino,Branca,0.832170498642728
CAND_04218,6.8,21.0,Bacharelado,Região Metropolitana,Presencial,Masculino,Branca,0.8059363883914468
CAND_04219,8.4,45.0,Bacharelado,Interior,Presencial,Feminino,Amarela,0.0
CAND_04220,1.3,42.0,Mestrado,Capitais,Híbrido,Masculino,Preta,0.4020870034023954
CAND_04221,4.7,44.0,Bacharelado,Capitais,Remoto,Feminino,Branca,0.44548988687233226
CAND_04222,6.4,41.0,Mestrado,Região Metropolitana,Remoto,Feminino,Branca,0.3835117743739697
CAND_04223,1.7,42.0,Bacharelado,Região Metropolitana,Presencial,Feminino,Preta,0.0
CAND_04224,6.9,61.0,Bacharelado,Capitais,Remoto,Feminino,Preta,0.1737053798704208
CAND_04225,7.5,39.0,Bacharelado,Capitais,Híbrido,Masculino,Branca,0.9545665340319642
CAND_04226,8.9,66.0,Ensino Médio,Região Metropolitana,Presencial,Masculino,Preta,0.45059328406666627
CAND_04227,5.2,36.0,Bacharelado,Capitais,Híbrido,Masculino,Preta,0.3361646086405593
CAND_04228,7.3,44.0,Ensino Médio,Região Metropolitana,Presencial,Masculino,Branca,0.8542323206936048
CAND_04229,7.4,71.0,Bacharelado,Região Metropolitana,Híbrido,Feminino,Branca,0.4813719598232031
CAND_04230,9.7,44.0,Bacharelado,Interior,Remoto,Masculino,Amarela,0.38531344005975576
CAND_04231,7.2,48.0,Bacharelado,Região Metropolitana,Presencial,Feminino,Branca,0.557016339060429
CAND_04232,2.2,82.0,Bacharelado,Capitais,Presencial,Feminino,Branca,0.5469041286451901
CAND_04233,2.4,58.0,Doutorado,Capitais,Híbrido,Masculino,Parda,0.9953608951418892
CAND_04234,3.4,42.0,Mestrado,Capitais,Remoto,Masculino,Branca,0.7465355541547591
CAND_04235,0.4,50.0,Ensino Médio,Capitais,Remoto,Feminino,Preta,0.0
CAND_04236,2.0,58.0,Bacharelado,Capitais,Presencial,Feminino,Branca,0.33932127472092
CAND_04237,13.3,15.0,Mestrado,Interior,Remoto,Masculino,Preta,0.3753554345197617
CAND_04238,4.3,54.0,Bacharelado,Capitais,Presencial,Masculino,Branca,0.9453437156017863
CAND_04239,0.0,82.0,Bacharelado,Capitais,Remoto,Masculino,Branca,1.0
CAND_04240,5.1,33.0,Bacharelado,Região Metropolitana,Presencial,Feminino,Branca,0.2972567173879037
CAND_04241,4.8,69.0,Bacharelado,Região Metropolitana,Híbrido,Feminino,Branca,0.5886161201263262
CAND_04242,7.0,30.0,Doutorado,Capitais,Presencial,Masculino,Amarela,0.6108836802737918
CAND_04243,7.4,20.0,Bacharelado,Capitais,Presencial,Masculino,Branca,0.9323334178999787
CAND_04244,8.5,55.0,Bacharelado,Região Metropolitana,Híbrido,Feminino,Preta,0.0
CAND_04245,0.0,26.0,Bacharelado,Capitais,Remoto,Masculino,Branca,0.6688765941412278
CAND_04246,6.5,55.0,Bacharelado,Capitais,Remoto,Feminino,Preta,0.1393452313578511
CAND_04247,4.3,38.0,Bacharelado,Interior,Híbrido,Feminino,Branca,0.1656673504836688
CAND_04248,1.9,53.0,Bacharelado,Região Metropolitana,Presencial,Feminino,Preta,0.0
CAND_04249,2.5,65.0,Bacharelado,Região Metropolitana,Presencial,Feminino,Parda,0.3445506758042363
CAND_04250,5.2,55.0,Bacharelado,Região Metropolitana,Híbrido,Feminino,Branca,0.41264346245592176
CAND_04251,8.6,55.0,Doutorado,Capitais,Remoto,Feminino,Branca,0.7671355743242273
CAND_04252,8.1,60.0,Bacharelado,Capitais,Presencial,Masculino,Branca,1.0
CAND_04253,7.5,44.0,Bacharelado,Capitais,Remoto,Masculino,Parda,0.825801941922067
CAND_04254,6.0,47.0,Doutorado,Capitais,Presencial,Feminino,Branca,0.5908538043817454
CAND_04255,7.1,68.0,Bacharelado,Capitais,Presencial,Masculino,Parda,1.0
CAND_04256,4.8,63.0,Mestrado,Região Metropolitana,Remoto,Feminino,Branca,0.5714104474712631
CAND_04257,10.2,44.0,Bacharelado,Capitais,Remoto,Feminino,Branca,0.6975387668077482
CAND_04258,10.2,33.0,Mestrado,Capitais,Remoto,Feminino,Branca,0.7276587218765933
CAND_04259,8.0,53.0,Bacharelado,Região Metropolitana,Híbrido,Masculino,Preta,0.20817937020021532
CAND_04260,1.0,18.0,Ensino Médio,Capitais,Remoto,Feminino,Branca,0.33863468406756597
CAND_04261,1.7,84.0,Bacharelado,Interior,Híbrido,Masculino,Branca,0.7185993664179102
CAND_04262,7.3,36.0,Mestrado,Capitais,Presencial,Feminino,Branca,0.5092501920847141
CAND_04263,3.0,75.0,Mestrado,Capitais,Remoto,Masculino,Branca,1.0
CAND_04264,5.8,48.0,Ensino Médio,Capitais,Híbrido,Feminino,Parda,0.44827720185308234
CAND_04265,2.7,45.0,Doutorado,Capitais,Presencial,Feminino,Branca,0.5469990723831695
CAND_04266,5.5,70.0,Bacharelado,Capitais,Híbrido,Não-binário,Preta,0.0
CAND_04267,2.4,25.0,Bacharelado,Região Metropolitana,Remoto,Feminino,Parda,0.4227918923335907
CAND_04268,4.7,31.0,Bacharelado,Região Metropolitana,Presencial,Masculino,Amarela,0.40961907831034305
CAND_04269,5.4,45.0,Bacharelado,Capitais,Híbrido,Masculino,Preta,0.4219467640203324
CAND_04270,4.6,64.0,Bacharelado,Capitais,Remoto,Masculino,Branca,1.0
CAND_04271,1.8,60.0,Bacharelado,Capitais,Presencial,Feminino,Branca,0.5544205192201749
CAND_04272,6.0,41.0,Mestrado,Região Metropolitana,Híbrido,Não-binário,Branca,0.28913096346490935
CAND_04273,3.4,57.0,Bacharelado,Região Metropolitana,Presencial,Masculino,Preta,0.26078130268146915
CAND_04274,6.1,27.0,Bacharelado,Região Metropolitana,Híbrido,Masculino,Branca,0.7890015218555184
CAND_04275,2.8,68.0,Bacharelado,Região Metropolitana,Híbrido,Feminino,Amarela,0.1093704556633703
CAND_04276,7.1,44.0,Bacharelado,Região Metropolitana,Presencial,Masculino,Branca,0.8844793898283926
CAND_04277,5.5,64.0,Mestrado,Capitais,Presencial,Masculino,Preta,0.5553744102357375
CAND_04278,6.4,67.0,Bacharelado,Região Metropolitana,Remoto,Masculino,Amarela,0.42296043964443875
CAND_04279,5.2,24.0,Mestrado,Capitais,Híbrido,Masculino,Parda,0.7980066169789223
CAND_04280,5.4,33.0,Doutorado,Capitais,Híbrido,Masculino,Amarela,0.653236942135134
CAND_04281,5.7,61.0,Bacharelado,Capitais,Remoto,Masculino,Branca,1.0
CAND_04282,6.2,22.0,Bacharelado,Região Metropolitana,Híbrido,Masculino,Branca,0.6233059989323084
CAND_04283,7.6,44.0,Bacharelado,Capitais,Remoto,Masculino,Amarela,0.5278719477247723
CAND_04284,5.8,58.0,Mestrado,Capitais,Remoto,Masculino,Parda,0.9806159253689927
CAND_04285,1.4,47.0,Mestrado,Região Metropolitana,Presencial,Masculino,Branca,0.7285958152724339
CAND_04286,5.5,38.0,Ensino Médio,Capitais,Híbrido,Masculino,Indígena,0.7181215929215194
CAND_04287,7.7,61.0,Bacharelado,Capitais,Presencial,Feminino,Preta,0.11769761964468424
CAND_04288,0.0,58.0,Doutorado,Capitais,Híbrido,Feminino,Indígena,0.19117021938633605
CAND_04289,0.0,65.0,Bacharelado,Região Metropolitana,Presencial,Não-binário,Branca,0.3696442446789979
CAND_04290,0.0,61.0,Bacharelado,Capitais,Híbrido,Feminino,Preta,0.0
CAND_04291,5.7,25.0,Bacharelado,Capitais,Remoto,Feminino,Branca,0.5019030737563364
CAND_04292,7.0,49.0,Bacharelado,Capitais,Híbrido,Masculino,Branca,0.9894075928858412
CAND_04293,6.1,46.0,Bacharelado,Capitais,Presencial,Feminino,Preta,0.20010946282645195
CAND_04294,3.2,44.0,Bacharelado,Região Metropolitana,Presencial,Masculino,Branca,0.8398964606974509
CAND_04295,10.4,48.0,Bacharelado,Capitais,Híbrido,Masculino,Branca,0.9671733542572114
CAND_04296,3.6,40.0,Bacharelado,Capitais,Remoto,Feminino,Branca,0.53330720241854
CAND_04297,1.4,68.0,Mestrado,Capitais,Híbrido,Feminino,Preta,0.034579258006502925
CAND_04298,4.1,31.0,Mestrado,Região Metropolitana,Presencial,Masculino,Branca,0.8833429160666253
CAND_04299,6.0,73.0,Bacharelado,Capitais,Remoto,Masculino,Branca,1.0
CAND_04300,7.7,48.0,Mestrado,Capitais,Presencial,Feminino,Parda,0.658205476498083
CAND_04301,3.3,42.0,Bacharelado,Região Metropolitana,Híbrido,Masculino,Parda,0.860107121736571
CAND_04302,2.1,47.0,Bacharelado,Região Metropolitana,Remoto,Masculino,Parda,0.6547585382264407
CAND_04303,5.5,44.0,Bacharelado,Capitais,Remoto,Masculino,Branca,0.9827527370866361
CAND_04304,8.3,47.0,Bacharelado,Capitais,Remoto,Não-binário,Amarela,0.003330836715330354
CAND_04305,5.9,44.0,Mestrado,Região Metropolitana,Presencial,Masculino,Branca,0.8779247634186187
CAND_04306,8.3,49.0,Mestrado,Capitais,Híbrido,Masculino,Branca,1.0
CAND_04307,5.9,33.0,Bacharelado,Região Metropolitana,Remoto,Feminino,Branca,0.33058416257974266
CAND_04308,0.0,38.0,Bacharelado,Capitais,Remoto,Masculino,Branca,0.715644497038154
CAND_04309,6.4,46.0,Mestrado,Capitais,Remoto,Masculino,Branca,1.0
CAND_04310,6.5,67.0,Bacharelado,Capitais,Remoto,Masculino,Branca,1.0
CAND_04311,7.1,58.0,Doutorado,Capitais,Híbrido,Feminino,Branca,0.7478573312695371
CAND_04312,5.3,33.0,Doutorado,Região Metropolitana,Remoto,Masculino,Indígena,0.6440705723262898
CAND_04313,2.6,46.0,Mestrado,Capitais,Remoto,Masculino,Branca,0.855139708400589
CAND_04314,0.2,72.0,Mestrado,Região Metropolitana,Remoto,Feminino,Branca,0.3756671030147347
CAND_04315,4.2,40.0,Bacharelado,Interior,Presencial,Feminino,Preta,0.0
CAND_04316,9.9,61.0,Bacharelado,Capitais,Remoto,Masculino,Indígena,0.8205503105067491
CAND_04317,5.0,41.0,Bacharelado,Região Metropolitana,Presencial,Masculino,Branca,1.0
CAND_04318,4.7,60.0,Ensino Médio,Capitais,Remoto,Masculino,Branca,0.9055863362180709
CAND_04319,3.3,63.0,Bacharelado,Região Metropolitana,Remoto,Masculino,Preta,0.26822110303039653
CAND_04320,6.8,62.0,Mestrado,Capitais,Remoto,Feminino,Preta,0.01587737616444207
CAND_04321,7.0,52.0,Bacharelado,Capitais,Híbrido,Masculino,Preta,0.40657640553406826
CAND_04322,6.3,32.0,Doutorado,Capitais,Remoto,Masculino,Indígena,0.6956934622834762
CAND_04323,6.0,52.0,Bacharelado,Capitais,Híbrido,Masculino,Branca,1.0
CAND_04324,6.1,41.0,Bacharelado,Capitais,Remoto,Masculino,Amarela,0.6253825898565902
CAND_04325,7.9,55.0,Ensino Médio,Interior,Remoto,Feminino,Branca,0.3526320917755787
CAND_04326,9.3,23.0,Bacharelado,Região Metropolitana,Presencial,Não-binário,Branca,0.37109255962830345
CAND_04327,6.9,54.0,Mestrado,Região Metropolitana,Remoto,Feminino,Branca,0.48821789307201574
CAND_04328,0.0,74.0,Ensino Médio,Capitais,Remoto,Feminino,Preta,0.0
CAND_04329,6.2,55.0,Bacharelado,Capitais,Híbrido,Feminino,Indígena,0.17902808239249896
CAND_04330,13.1,50.0,Mestrado,Região Metropolitana,Presencial,Masculino,Amarela,0.6902052150373454
CAND_04331,8.3,53.0,Bacharelado,Capitais,Híbrido,Masculino,Amarela,0.7247534364869203
CAND_04332,4.1,31.0,Mestrado,Capitais,Remoto,Masculino,Parda,0.7874679687145528
CAND_04333,8.5,80.0,Bacharelado,Região Metropolitana,Remoto,Masculino,Branca,0.9035309523764642
CAND_04334,6.1,35.0,Mestrado,Capitais,Híbrido,Masculino,Branca,0.9442863417438582
CAND_04335,5.4,49.0,Doutorado,Capitais,Híbrido,Masculino,Branca,0.8951911626379191
CAND_04336,9.6,54.0,Bacharelado,Capitais,Remoto,Masculino,Branca,0.9721088425622972
CAND_04337,6.8,27.0,Bacharelado,Capitais,Remoto,Masculino,Branca,1.0
CAND_04338,6.5,73.0,Mestrado,Região Metropolitana,Presencial,Masculino,Branca,1.0
CAND_04339,7.0,47.0,Mestrado,Região Metropolitana,Remoto,Masculino,Indígena,0.5648486207843783
CAND_04340,0.6,31.0,Bacharelado,Capitais,Híbrido,Masculino,Branca,0.8584333772781685
CAND_04341,0.0,52.0,Mestrado,Interior,Presencial,Masculino,Branca,0.622773203416249
CAND_04342,9.6,57.0,Mestrado,Capitais,Híbrido,Masculino,Preta,0.6557572835881981
CAND_04343,9.8,37.0,Mestrado,Capitais,Presencial,Masculino,Parda,0.990348147329044
CAND_04344,8.4,83.0,Bacharelado,Capitais,Híbrido,Feminino,Branca,0.9232564831770526
CAND_04345,0.0,32.0,Doutorado,Região Metropolitana,Presencial,Feminino,Branca,0.34709097185387683
CAND_04346,8.5,13.0,Bacharelado,Capitais,Híbrido,Não-binário,Amarela,0.0725942531505252
CAND_04347,6.2,22.0,Bacharelado,Capitais,Híbrido,Feminino,Preta,0.0
CAND_04348,3.1,48.0,Bacharelado,Capitais,Presencial,Masculino,Preta,0.3009008663312636
CAND_04349,8.0,57.0,Mestrado,Capitais,Presencial,Masculino,Branca,1.0
CAND_04350,4.0,38.0,Bacharelado,Capitais,Remoto,Masculino,Branca,1.0
CAND_04351,12.0,52.0,Mestrado,Capitais,Híbrido,Feminino,Parda,0.6267846316679173
CAND_04352,7.6,39.0,Mestrado,Capitais,Presencial,Masculino,Parda,0.8643342036386183
CAND_04353,3.8,51.0,Bacharelado,Região Metropolitana,Híbrido,Feminino,Parda,0.3212591198913393
CAND_04354,1.5,38.0,Bacharelado,Capitais,Híbrido,Masculino,Amarela,0.3749031307294693
CAND_04355,1.7,62.0,Bacharelado,Capitais,Presencial,Feminino,Branca,0.47557556633394144
CAND_04356,5.0,71.0,Bacharelado,Região Metropolitana,Híbrido,Masculino,Branca,0.9784701068668205
CAND_04357,7.4,73.0,Mestrado,Região Metropolitana,Remoto,Feminino,Indígena,0.12119229427713066
CAND_04358,2.2,55.0,Bacharelado,Capitais,Presencial,Feminino,Branca,0.5516664262736646
CAND_04359,0.6,45.0,Bacharelado,Região Metropolitana,Presencial,Masculino,Branca,0.6411826675676656
CAND_04360,4.3,34.0,Bacharelado,Região Metropolitana,Remoto,Não-binário,Branca,0.2566888270263401
CAND_04361,4.9,46.0,Bacharelado,Capitais,Híbrido,Masculino,Amarela,0.5585950876570912
CAND_04362,8.5,24.0,Bacharelado,Capitais,Híbrido,Feminino,Branca,0.4446828838230338
CAND_04363,2.0,42.0,Bacharelado,Capitais,Remoto,Masculino,Branca,0.9860865537331033
CAND_04364,10.3,62.0,Bacharelado,Capitais,Híbrido,Masculino,Preta,0.6438774603483459
CAND_04365,3.8,60.0,Bacharelado,Capitais,Híbrido,Não-binário,Branca,0.45561652534324737
CAND_04366,5.5,66.0,Bacharelado,Região Metropolitana,Presencial,Masculino,Branca,0.9493398929664946
CAND_04367,3.9,69.0,Mestrado,Região Metropolitana,Remoto,Feminino,Branca,0.477190319562194
CAND_04368,3.6,48.0,Doutorado,Capitais,Híbrido,Feminino,Branca,0.7341292925573164
CAND_04369,4.8,51.0,Bacharelado,Capitais,Híbrido,Não-binário,Amarela,0.07317521951231504
CAND_04370,7.5,32.0,Mestrado,Região Metropolitana,Híbrido,Não-binário,Branca,0.37833351878851856
CAND_04371,5.3,43.0,Bacharelado,Região Metropolitana,Presencial,Feminino,Branca,0.5451907950752487
CAND_04372,5.2,59.0,Mestrado,Capitais,Híbrido,Masculino,Amarela,0.9282649248057271
CAND_04373,10.7,0.0,Bacharelado,Capitais,Híbrido,Não-binário,Amarela,0.0
CAND_04374,0.3,66.0,Bacharelado,Interior,Remoto,Feminino,Branca,0.23882723933289243
CAND_04375,3.5,48.0,Bacharelado,Capitais,Híbrido,Masculino,Branca,0.9786427565193817
CAND_04376,5.9,46.0,Bacharelado,Região Metropolitana,Remoto,Não-binário,Parda,0.2593747202528175
CAND_04377,2.4,49.0,Bacharelado,Região Metropolitana,Híbrido,Feminino,Branca,0.46029345269090155
CAND_04378,2.6,66.0,Bacharelado,Interior,Presencial,Masculino,Indígena,0.410667671770017
CAND_04379,6.3,36.0,Bacharelado,Capitais,Híbrido,Masculino,Amarela,0.6407627279567785
CAND_04380,6.9,43.0,Mestrado,Capitais,Híbrido,Masculino,Branca,1.0
CAND_04381,4.9,46.0,Bacharelado,Capitais,Híbrido,Masculino,Parda,0.8297590968433411
CAND_04382,1.3,58.0,Bacharelado,Capitais,Presencial,Masculino,Amarela,0.443262899608619
CAND_04383,8.4,66.0,Bacharelado,Capitais,Presencial,Masculino,Branca,0.9782787147108054
CAND_04384,0.0,39.0,Bacharelado,Capitais,Híbrido,Masculino,Branca,0.9462294481541637
CAND_04385,8.6,82.0,Ensino Médio,Capitais,Remoto,Masculino,Branca,1.0
CAND_04386,3.6,47.0,Bacharelado,Capitais,Híbrido,Não-binário,Amarela,0.022523376692879696
CAND_04387,10.8,46.0,Mestrado,Interior,Remoto,Feminino,Branca,0.35959086595413525
CAND_04388,6.6,64.0,Bacharelado,Capitais,Remoto,Feminino,Branca,0.7376478496300702
CAND_04389,7.5,45.0,Mestrado,Região Metropolitana,Híbrido,Masculino,Branca,0.9331108250757905
CAND_04390,5.5,60.0,Bacharelado,Capitais,Presencial,Feminino,Branca,0.44269676150899784
CAND_04391,3.4,43.0,Bacharelado,Capitais,Presencial,Masculino,Parda,0.763466227955017
CAND_04392,11.6,47.0,Mestrado,Capitais,Remoto,Masculino,Branca,1.0
CAND_04393,6.5,52.0,Bacharelado,Capitais,Híbrido,Feminino,Amarela,0.15335233786926686
CAND_04394,4.9,65.0,Mestrado,Região Metropolitana,Presencial,Masculino,Amarela,0.5143275019386454
CAND_04395,2.9,34.0,Bacharelado,Capitais,Presencial,Masculino,Branca,0.8484623937267547
CAND_04396,7.7,66.0,Bacharelado,Capitais,Híbrido,Feminino,Branca,0.5690352325727035
CAND_04397,3.9,32.0,Bacharelado,Capitais,Híbrido,Feminino,Branca,0.6047289868060112
CAND_04398,5.9,60.0,Bacharelado,Capitais,Híbrido,Masculino,Branca,0.9166406940966481
CAND_04399,5.4,45.0,Bacharelado,Capitais,Híbrido,Masculino,Preta,0.3423153915807446
CAND_04400,4.0,67.0,Bacharelado,Capitais,Remoto,Masculino,Parda,0.7942764321592568
CAND_04401,0.1,47.0,Bacharelado,Região Metropolitana,Remoto,Masculino,Branca,0.8442332599536356
CAND_04402,0.9,40.0,Mestrado,Região Metropolitana,Presencial,Masculino,Branca,0.7929177704822871
CAND_04403,6.8,35.0,Mestrado,Região Metropolitana,Presencial,Feminino,Indígena,0.04985522395281841
CAND_04404,4.9,50.0,Ensino Médio,Interior,Híbrido,Masculino,Branca,0.6577860070308189
CAND_04405,5.7,53.0,Bacharelado,Capitais,Híbrido,Masculino,Branca,1.0
CAND_04406,5.1,57.0,Mestrado,Capitais,Híbrido,Feminino,Preta,0.0
CAND_04407,10.3,48.0,Ensino Médio,Região Metropolitana,Presencial,Feminino,Branca,0.4509583776051276
CAND_04408,0.0,69.0,Bacharelado,Capitais,Híbrido,Masculino,Branca,0.8126522123753962
CAND_04409,5.5,67.0,Doutorado,Capitais,Híbrido,Masculino,Parda,0.8993410624516218
CAND_04410,4.6,45.0,Bacharelado,Capitais,Remoto,Masculino,Branca,1.0
CAND_04411,4.3,54.0,Bacharelado,Capitais,Híbrido,Masculino,Preta,0.46239990218595495
CAND_04412,7.3,88.0,Bacharelado,Capitais,Remoto,Masculino,Parda,1.0
CAND_04413,7.4,72.0,Bacharelado,Capitais,Remoto,Feminino,Parda,0.6266285309395616
CAND_04414,1.1,50.0,Bacharelado,Capitais,Híbrido,Masculino,Preta,0.4297652060043846
CAND_04415,6.4,62.0,Mestrado,Região Metropolitana,Presencial,Masculino,Amarela,0.5415758801381076
CAND_04416,2.8,60.0,Bacharelado,Capitais,Híbrido,Não-binário,Preta,0.0
CAND_04417,11.6,55.0,Bacharelado,Capitais,Híbrido,Masculino,Preta,0.5960380468589843
CAND_04418,1.0,72.0,Mestrado,Região Metropolitana,Presencial,Masculino,Branca,0.6887463072398005
CAND_04419,6.1,60.0,Ensino Médio,Região Metropolitana,Remoto,Masculino,Amarela,0.37229905663627133
CAND_04420,5.3,76.0,Bacharelado,Região Metropolitana,Híbrido,Masculino,Preta,0.3559327712625841
CAND_04421,1.4,51.0,Bacharelado,Capitais,Presencial,Feminino,Branca,0.5242932676014602
CAND_04422,8.4,46.0,Bacharelado,Capitais,Híbrido,Feminino,Branca,0.6223930068269465
CAND_04423,0.0,88.0,Bacharelado,Capitais,Híbrido,Feminino,Preta,0.0017190701906965589
CAND_04424,3.9,20.0,Bacharelado,Capitais,Híbrido,Masculino,Amarela,0.4841187309431653
CAND_04425,10.9,68.0,Mestrado,Região Metropolitana,Híbrido,Feminino,Branca,0.5810261170405434
CAND_04426,5.2,37.0,Mestrado,Região Metropolitana,Híbrido,Masculino,Parda,0.8661897902032458
CAND_04427,8.0,76.0,Mestrado,Região Metropolitana,Híbrido,Masculino,Branca,0.8498734821253577
CAND_04428,6.4,41.0,Bacharelado,Capitais,Remoto,Feminino,Branca,0.6065026410421267
CAND_04429,9.5,60.0,Mestrado,Região Metropolitana,Presencial,Feminino,Branca,0.5033388368612846
CAND_04430,0.2,39.0,Mestrado,Capitais,Remoto,Masculino,Branca,1.0
CAND_04431,8.8,63.0,Bacharelado,Capitais,Híbrido,Feminino,Branca,0.7258124360157774
CAND_04432,6.6,64.0,Bacharelado,Capitais,Presencial,Masculino,Branca,1.0
CAND_04433,3.6,41.0,Bacharelado,Região Metropolitana,Remoto,Feminino,Parda,0.27304369053586375
CAND_04434,0.7,32.0,Mestrado,Região Metropolitana,Híbrido,Masculino,Branca,0.7142455338735791
CAND_04435,0.0,54.0,Bacharelado,Região Metropolitana,Híbrido,Feminino,Branca,0.399013153546321
CAND_04436,8.6,36.0,Mestrado,Capitais,Remoto,Masculino,Indígena,0.8198449172222073
CAND_04437,4.7,45.0,Ensino Médio,Região Metropolitana,Remoto,Feminino,Indígena,0.11837683765552724
CAND_04438,1.5,50.0,Bacharelado,Capitais,Remoto,Masculino,Amarela,0.49454863404191973
CAND_04439,4.5,43.0,Bacharelado,Região Metropolitana,Híbrido,Masculino,Branca,0.9380450169139436
CAND_04440,2.3,62.0,Mestrado,Região Metropolitana,Remoto,Masculino,Branca,0.9089483450718945
CAND_04441,9.7,48.0,Ensino Médio,Capitais,Híbrido,Masculino,Parda,0.7502238394161436
CAND_04442,5.2,48.0,Bacharelado,Região Metropolitana,Remoto,Feminino,Preta,0.060460192793184764
CAND_04443,1.6,40.0,Bacharelado,Região Metropolitana,Remoto,Masculino,Branca,0.5873794745092301
CAND_04444,1.8,95.0,Bacharelado,Capitais,Presencial,Masculino,Branca,0.981627153169657
CAND_04445,0.5,52.0,Mestrado,Capitais,Presencial,Masculino,Branca,0.9032955302932402
CAND_04446,5.3,75.0,Bacharelado,Capitais,Remoto,Feminino,Preta,0.313838903778737
CAND_04447,8.9,54.0,Bacharelado,Capitais,Remoto,Masculino,Branca,1.0
CAND_04448,5.4,41.0,Ensino Médio,Região Metropolitana,Presencial,Feminino,Branca,0.19990010639956873
CAND_04449,0.5,24.0,Ensino Médio,Capitais,Remoto,Masculino,Indígena,0.4336389288682947
CAND_04450,8.5,55.0,Ensino Médio,Capitais,Híbrido,Masculino,Branca,0.888677544238264
CAND_04451,7.2,64.0,Bacharelado,Capitais,Remoto,Feminino,Preta,0.19863930076194
CAND_04452,7.7,54.0,Bacharelado,Região Metropolitana,Híbrido,Masculino,Amarela,0.5105014281243996
CAND_04453,8.0,50.0,Bacharelado,Capitais,Híbrido,Masculino,Branca,0.9001965439328184
CAND_04454,8.0,74.0,Bacharelado,Capitais,Remoto,Masculino,Branca,1.0
CAND_04455,0.0,46.0,Bacharelado,Região Metropolitana,Híbrido,Masculino,Preta,0.20837794222719122
CAND_04456,2.8,56.0,Bacharelado,Região Metropolitana,Híbrido,Feminino,Branca,0.5277533315209542
CAND_04457,7.0,80.0,Mestrado,Capitais,Remoto,Feminino,Branca,0.5720718057079506
CAND_04458,6.6,79.0,Mestrado,Capitais,Remoto,Feminino,Branca,0.7190137884916189
CAND_04459,6.2,26.0,Bacharelado,Capitais,Remoto,Feminino,Branca,0.3668331803383165
CAND_04460,5.0,24.0,Mestrado,Capitais,Presencial,Feminino,Branca,0.547575762401956
CAND_04461,6.1,60.0,Bacharelado,Região Metropolitana,Remoto,Feminino,Parda,0.292370577782203
CAND_04462,5.8,61.0,Mestrado,Capitais,Remoto,Masculino,Branca,1.0
CAND_04463,5.6,37.0,Bacharelado,Capitais,Presencial,Masculino,Branca,0.8359251918748106
CAND_04464,6.7,49.0,Mestrado,Região Metropolitana,Remoto,Masculino,Preta,0.3431286694344246
CAND_04465,0.0,37.0,Bacharelado,Interior,Remoto,Não-binário,Branca,0.03831573058955781
CAND_04466,4.8,44.0,Mestrado,Capitais,Presencial,Feminino,Preta,0.059513516225586
CAND_04467,4.0,63.0,Bacharelado,Capitais,Remoto,Feminino,Branca,0.5837449656389789
CAND_04468,3.4,47.0,Bacharelado,Região Metropolitana,Remoto,Masculino,Branca,0.7331351819699711
CAND_04469,6.0,51.0,Bacharelado,Região Metropolitana,Presencial,Masculino,Amarela,0.5727510053319493
CAND_04470,2.6,17.0,Bacharelado,Região Metropolitana,Remoto,Não-binário,Branca,0.2942204680519705
CAND_04471,8.1,87.0,Bacharelado,Capitais,Remoto,Masculino,Branca,1.0
CAND_04472,4.4,47.0,Ensino Médio,Capitais,Híbrido,Feminino,Preta,0.0937589891045251
CAND_04473,3.0,68.0,Bacharelado,Interior,Presencial,Masculino,Branca,0.6825280346546142
CAND_04474,6.4,64.0,Mestrado,Região Metropolitana,Híbrido,Masculino,Branca,0.9640474843365341
CAND_04475,6.3,41.0,Bacharelado,Capitais,Presencial,Feminino,Branca,0.574071736992739
CAND_04476,5.9,78.0,Bacharelado,Região Metropolitana,Remoto,Masculino,Branca,0.9816834775923681
CAND_04477,2.3,70.0,Bacharelado,Interior,Híbrido,Não-binário,Branca,0.20570792018091613
CAND_04478,6.0,26.0,Bacharelado,Interior,Presencial,Masculino,Branca,0.5616050798189692
CAND_04479,7.1,59.0,Mestrado,Capitais,Remoto,Masculino,Branca,1.0
CAND_04480,5.4,51.0,Bacharelado,Região Metropolitana,Híbrido,Masculino,Parda,0.7269839670140068
CAND_04481,3.8,75.0,Ensino Médio,Capitais,Presencial,Feminino,Branca,0.43645276115206044
CAND_04482,0.0,43.0,Mestrado,Capitais,Remoto,Masculino,Parda,0.5874998246823326
CAND_04483,4.9,39.0,Mestrado,Região Metropolitana,Presencial,Masculino,Preta,0.3290482904431603
CAND_04484,5.6,52.0,Mestrado,Capitais,Presencial,Feminino,Preta,0.25127783315781127
CAND_04485,2.7,58.0,Bacharelado,Capitais,Presencial,Feminino,Amarela,0.15037308303615754
CAND_04486,2.7,57.0,Bacharelado,Região Metropolitana,Presencial,Masculino,Branca,0.7240841520718375
CAND_04487,5.7,39.0,Doutorado,Região Metropolitana,Híbrido,Feminino,Branca,0.42577539236829126
CAND_04488,1.1,69.0,Doutorado,Capitais,Remoto,Masculino,Amarela,0.7240952065745716
CAND_04489,1.9,68.0,Doutorado,Região Metropolitana,Presencial,Masculino,Branca,1.0
CAND_04490,8.8,36.0,Bacharelado,Capitais,Remoto,Feminino,Branca,0.7809574751918089
CAND_04491,2.5,23.0,Mestrado,Capitais,Híbrido,Masculino,Indígena,0.475556369222063
CAND_04492,0.5,52.0,Mestrado,Região Metropolitana,Presencial,Não-binário,Branca,0.42184117060784054
CAND_04493,2.0,45.0,Ensino Médio,Capitais,Híbrido,Masculino,Branca,0.7909713834737144
CAND_04494,8.2,48.0,Bacharelado,Região Metropolitana,Presencial,Feminino,Branca,0.44170644592821856
CAND_04495,5.9,35.0,Mestrado,Região Metropolitana,Híbrido,Masculino,Branca,0.8102215768050364
CAND_04496,0.8,50.0,Bacharelado,Capitais,Híbrido,Feminino,Parda,0.3768966064296359
CAND_04497,0.0,39.0,Bacharelado,Interior,Híbrido,Feminino,Branca,0.014953382445616462
CAND_04498,9.8,44.0,Ensino Médio,Capitais,Híbrido,Feminino,Branca,0.2855544732922666
CAND_04499,7.5,60.0,Bacharelado,Capitais,Remoto,Feminino,Branca,0.5237336320502624
CAND_04500,7.0,40.0,Mestrado,Capitais,Presencial,Masculino,Branca,0.9239639866832746
CAND_04501,8.2,54.0,Bacharelado,Região Metropolitana,Híbrido,Feminino,Amarela,0.030320682971645863
CAND_04502,8.3,65.0,Mestrado,Capitais,Híbrido,Masculino,Parda,1.0
CAND_04503,7.4,67.0,Mestrado,Capitais,Remoto,Masculino,Preta,0.5900232028600735
CAND_04504,4.0,67.0,Bacharelado,Capitais,Remoto,Masculino,Branca,0.9535750466589703
CAND_04505,12.1,19.0,Bacharelado,Capitais,Remoto,Masculino,Preta,0.6383272246712451
CAND_04506,9.3,60.0,Bacharelado,Capitais,Remoto,Masculino,Branca,1.0
CAND_04507,7.0,52.0,Mestrado,Capitais,Remoto,Masculino,Parda,1.0
CAND_04508,5.7,41.0,Bacharelado,Região Metropolitana,Remoto,Feminino,Branca,0.3957162050423401
CAND_04509,3.8,30.0,Bacharelado,Capitais,Remoto,Masculino,Branca,0.6908644215389226
CAND_04510,6.9,54.0,Bacharelado,Região Metropolitana,Híbrido,Masculino,Branca,0.7453501465039908
CAND_04511,8.3,45.0,Bacharelado,Capitais,Presencial,Masculino,Preta,0.47945587536545026
CAND_04512,4.0,58.0,Bacharelado,Região Metropolitana,Presencial,Feminino,Parda,0.4700910253035371
CAND_04513,1.2,29.0,Bacharelado,Capitais,Presencial,Feminino,Branca,0.5792062656838073
CAND_04514,1.5,73.0,Bacharelado,Capitais,Remoto,Masculino,Branca,1.0
CAND_04515,6.1,42.0,Bacharelado,Capitais,Presencial,Masculino,Branca,0.996965018651939
CAND_04516,6.6,65.0,Bacharelado,Interior,Presencial,Feminino,Preta,0.0
CAND_04517,0.0,34.0,Mestrado,Capitais,Remoto,Masculino,Branca,0.8763165801913817
CAND_04518,7.2,42.0,Bacharelado,Capitais,Remoto,Feminino,Branca,0.5327284568742077
CAND_04519,3.7,50.0,Mestrado,Capitais,Remoto,Masculino,Branca,1.0
CAND_04520,5.4,72.0,Mestrado,Capitais,Híbrido,Masculino,Branca,1.0
CAND_04521,5.5,65.0,Bacharelado,Capitais,Presencial,Masculino,Branca,1.0
CAND_04522,5.0,30.0,Doutorado,Capitais,Presencial,Masculino,Preta,0.40795314037019953
CAND_04523,7.6,48.0,Bacharelado,Interior,Híbrido,Masculino,Parda,0.44952183700379567
CAND_04524,4.5,53.0,Bacharelado,Capitais,Híbrido,Masculino,Preta,0.42769341811505446
CAND_04525,0.7,100.0,Ensino Médio,Capitais,Presencial,Masculino,Branca,0.8867528401156937
CAND_04526,2.1,50.0,Doutorado,Região Metropolitana,Presencial,Feminino,Branca,0.6390942791236089
CAND_04527,9.9,81.0,Mestrado,Capitais,Remoto,Masculino,Branca,1.0
CAND_04528,0.6,63.0,Bacharelado,Capitais,Híbrido,Masculino,Amarela,0.5218218980710145
CAND_04529,5.9,81.0,Bacharelado,Região Metropolitana,Híbrido,Masculino,Indígena,0.8163472460917109
CAND_04530,0.2,36.0,Bacharelado,Capitais,Presencial,Feminino,Branca,0.399680622529817
CAND_04531,5.7,54.0,Bacharelado,Interior,Remoto,Masculino,Branca,0.8065400691432508
CAND_04532,9.0,51.0,Bacharelado,Capitais,Presencial,Feminino,Branca,0.6906160990745777
CAND_04533,3.4,42.0,Mestrado,Interior,Híbrido,Masculino,Branca,0.6597985968579789
CAND_04534,8.0,26.0,Mestrado,Interior,Presencial,Feminino,Branca,0.21045322116292836
CAND_04535,7.2,54.0,Bacharelado,Capitais,Remoto,Masculino,Amarela,0.5690462667914901
CAND_04536,2.8,64.0,Bacharelado,Interior,Híbrido,Masculino,Parda,0.5323860206769845
CAND_04537,8.4,35.0,Bacharelado,Região Metropolitana,Remoto,Masculino,Preta,0.4968816329914053
CAND_04538,5.4,21.0,Bacharelado,Capitais,Remoto,Feminino,Branca,0.5220000335849493
CAND_04539,7.7,61.0,Mestrado,Capitais,Presencial,Masculino,Branca,1.0
CAND_04540,4.3,54.0,Bacharelado,Capitais,Híbrido,Feminino,Parda,0.4397281197803523
CAND_04541,5.8,50.0,Bacharelado,Capitais,Presencial,Masculino,Branca,1.0
CAND_04542,6.1,68.0,Mestrado,Capitais,Presencial,Não-binário,Parda,0.480452616568706
CAND_04543,2.2,49.0,Bacharelado,Região Metropolitana,Presencial,Masculino,Branca,0.7173256921087072
CAND_04544,7.7,70.0,Bacharelado,Capitais,Presencial,Masculino,Branca,1.0
CAND_04545,10.7,47.0,Bacharelado,Interior,Remoto,Não-binário,Amarela,0.0
CAND_04546,6.4,67.0,Bacharelado,Capitais,Presencial,Masculino,Branca,1.0
CAND_04547,9.0,57.0,Mestrado,Região Metropolitana,Remoto,Masculino,Branca,0.7495386986609324
CAND_04548,4.6,48.0,Bacharelado,Capitais,Híbrido,Masculino,Branca,1.0
CAND_04549,0.0,53.0,Bacharelado,Capitais,Híbrido,Masculino,Preta,0.6707988954355456
CAND_04550,2.7,38.0,Bacharelado,Capitais,Híbrido,Masculino,Branca,0.9009895877931817
CAND_04551,7.2,72.0,Bacharelado,Região Metropolitana,Presencial,Feminino,Branca,0.725990399765451
CAND_04552,6.4,71.0,Mestrado,Capitais,Híbrido,Feminino,Parda,0.7429256686193699
CAND_04553,3.0,38.0,Bacharelado,Capitais,Remoto,Masculino,Branca,0.9423311827165782
CAND_04554,7.4,84.0,Mestrado,Capitais,Remoto,Masculino,Branca,1.0
CAND_04555,3.7,33.0,Bacharelado,Região Metropolitana,Híbrido,Feminino,Branca,0.32594583564597607
CAND_04556,0.0,68.0,Mestrado,Região Metropolitana,Presencial,Feminino,Branca,0.39652573856189793
CAND_04557,2.3,44.0,Ensino Médio,Capitais,Presencial,Feminino,Branca,0.40733133238478225
CAND_04558,6.5,53.0,Bacharelado,Capitais,Presencial,Feminino,Preta,0.0
CAND_04559,9.5,71.0,Bacharelado,Região Metropolitana,Híbrido,Masculino,Parda,1.0
CAND_04560,0.4,50.0,Doutorado,Capitais,Remoto,Masculino,Branca,0.9678730103762185
CAND_04561,7.0,53.0,Bacharelado,Região Metropolitana,Híbrido,Masculino,Branca,0.8327956585064407
CAND_04562,0.3,42.0,Mestrado,Capitais,Presencial,Feminino,Indígena,0.22541228781121717
CAND_04563,7.6,46.0,Ensino Médio,Interior,Híbrido,Não-binário,Indígena,0.0
CAND_04564,2.4,61.0,Bacharelado,Região Metropolitana,Presencial,Masculino,Branca,0.7499634657495524
CAND_04565,7.6,77.0,Doutorado,Interior,Presencial,Feminino,Indígena,0.43481230635947654
CAND_04566,0.7,69.0,Ensino Médio,Região Metropolitana,Híbrido,Feminino,Branca,0.4506618514241708
CAND_04567,5.2,61.0,Bacharelado,Capitais,Remoto,Masculino,Branca,1.0
CAND_04568,2.5,60.0,Bacharelado,Região Metropolitana,Presencial,Masculino,Preta,0.34068751853373913
CAND_04569,7.3,47.0,Bacharelado,Capitais,Híbrido,Masculino,Preta,0.465891054831012
CAND_04570,4.7,33.0,Bacharelado,Capitais,Presencial,Feminino,Branca,0.41161457974382865
CAND_04571,4.2,55.0,Bacharelado,Região Metropolitana,Híbrido,Masculino,Branca,0.8851479020371001
CAND_04572,2.8,35.0,Bacharelado,Capitais,Presencial,Masculino,Indígena,0.4248141001018659
CAND_04573,1.2,57.0,Bacharelado,Interior,Remoto,Masculino,Branca,0.5653261002179273
CAND_04574,9.2,71.0,Ensino Médio,Capitais,Remoto,Masculino,Branca,1.0
CAND_04575,5.1,54.0,Bacharelado,Região Metropolitana,Remoto,Masculino,Branca,0.7594748956948013
CAND_04576,7.9,44.0,Bacharelado,Interior,Remoto,Feminino,Preta,0.0
CAND_04577,4.0,74.0,Bacharelado,Capitais,Remoto,Masculino,Preta,0.5171091226131728
CAND_04578,3.6,66.0,Mestrado,Região Metropolitana,Presencial,Masculino,Preta,0.4564973149348398
CAND_04579,4.6,42.0,Bacharelado,Interior,Presencial,Masculino,Preta,0.050683534873058975
CAND_04580,6.9,67.0,Mestrado,Capitais,Presencial,Masculino,Indígena,0.9572769841129555
CAND_04581,0.0,28.0,Mestrado,Capitais,Presencial,Feminino,Branca,0.411278256187229
CAND_04582,7.9,23.0,Ensino Médio,Capitais,Remoto,Masculino,Amarela,0.5087902699823901
CAND_04583,7.0,54.0,Bacharelado,Capitais,Presencial,Feminino,Branca,0.6919443531433931
CAND_04584,5.0,36.0,Bacharelado,Interior,Híbrido,Masculino,Amarela,0.26884018623007094
CAND_04585,10.3,48.0,Bacharelado,Capitais,Híbrido,Feminino,Branca,0.5771910742491811
CAND_04586,7.5,31.0,Bacharelado,Capitais,Remoto,Masculino,Branca,0.9387941018852051
CAND_04587,6.2,24.0,Mestrado,Capitais,Híbrido,Masculino,Branca,0.7196626155037025
CAND_04588,7.9,26.0,Mestrado,Interior,Presencial,Masculino,Branca,0.5877464377557425
CAND_04589,3.9,65.0,Mestrado,Capitais,Remoto,Masculino,Amarela,0.6253739178249416
CAND_04590,0.1,25.0,Bacharelado,Região Metropolitana,Presencial,Feminino,Branca,0.12231135830429707
CAND_04591,8.4,47.0,Bacharelado,Interior,Presencial,Masculino,Branca,0.8060461339367506
CAND_04592,7.2,51.0,Bacharelado,Região Metropolitana,Híbrido,Masculino,Amarela,0.45487380777064024
CAND_04593,6.8,63.0,Mestrado,Interior,Remoto,Feminino,Branca,0.4376387306493065
CAND_04594,1.8,47.0,Bacharelado,Capitais,Híbrido,Feminino,Branca,0.520060705805799
CAND_04595,6.3,42.0,Ensino Médio,Região Metropolitana,Híbrido,Masculino,Branca,0.7868455315124422
CAND_04596,2.9,38.0,Bacharelado,Capitais,Presencial,Masculino,Branca,0.6736423241320433
CAND_04597,8.4,37.0,Bacharelado,Região Metropolitana,Híbrido,Masculino,Branca,1.0
CAND_04598,2.9,38.0,Bacharelado,Capitais,Híbrido,Feminino,Amarela,0.07228590616249114
CAND_04599,5.6,67.0,Bacharelado,Capitais,Híbrido,Feminino,Branca,0.5723340186940561
CAND_04600,8.6,38.0,Bacharelado,Capitais,Híbrido,Masculino,Branca,1.0
CAND_04601,2.6,38.0,Bacharelado,Capitais,Presencial,Masculino,Branca,0.6629500402266595
CAND_04602,6.8,38.0,Bacharelado,Região Metropolitana,Híbrido,Masculino,Preta,0.44630981838635686
CAND_04603,3.0,54.0,Bacharelado,Interior,Remoto,Feminino,Preta,0.0
CAND_04604,3.1,53.0,Bacharelado,Capitais,Presencial,Masculino,Preta,0.3812276120087595
CAND_04605,9.3,80.0,Bacharelado,Capitais,Remoto,Feminino,Branca,0.7790299314700689
CAND_04606,5.9,53.0,Bacharelado,Capitais,Presencial,Masculino,Branca,0.9747648015400522
CAND_04607,0.6,17.0,Bacharelado,Capitais,Híbrido,Masculino,Indígena,0.5435050106302
CAND_04608,0.9,37.0,Bacharelado,Região Metropolitana,Híbrido,Masculino,Branca,0.8001007420235928
CAND_04609,4.7,57.0,Bacharelado,Capitais,Presencial,Masculino,Branca,1.0
CAND_04610,3.2,66.0,Doutorado,Capitais,Remoto,Masculino,Branca,1.0
CAND_04611,10.5,42.0,Bacharelado,Região Metropolitana,Híbrido,Masculino,Branca,0.940557254706421
CAND_04612,3.0,68.0,Bacharelado,Região Metropolitana,Híbrido,Feminino,Amarela,0.19488971022965876
CAND_04613,4.6,40.0,Bacharelado,Capitais,Remoto,Masculino,Branca,0.911225495345233
CAND_04614,1.8,53.0,Mestrado,Região Metropolitana,Remoto,Feminino,Branca,0.5233519366081665
CAND_04615,6.9,65.0,Mestrado,Capitais,Presencial,Masculino,Branca,1.0
CAND_04616,5.5,52.0,Mestrado,Capitais,Presencial,Masculino,Branca,0.9814460492325422
CAND_04617,3.0,51.0,Mestrado,Capitais,Híbrido,Feminino,Branca,0.5199164328556678
CAND_04618,5.6,18.0,Bacharelado,Capitais,Remoto,Masculino,Branca,0.7837444719795686
CAND_04619,7.5,45.0,Doutorado,Capitais,Remoto,Feminino,Branca,0.6470403077481589
CAND_04620,3.1,42.0,Bacharelado,Capitais,Remoto,Masculino,Branca,0.990471346237249
CAND_04621,6.8,66.0,Bacharelado,Interior,Presencial,Masculino,Preta,0.3004420446739761
CAND_04622,1.5,60.0,Bacharelado,Capitais,Presencial,Masculino,Branca,0.829105506712166
CAND_04623,8.8,2.0,Bacharelado,Capitais,Presencial,Masculino,Preta,0.3015227193811276
CAND_04624,7.6,18.0,Bacharelado,Região Metropolitana,Híbrido,Feminino,Preta,0.0
CAND_04625,5.4,51.0,Bacharelado,Capitais,Remoto,Masculino,Preta,0.43670800144284344
CAND_04626,0.6,46.0,Bacharelado,Capitais,Híbrido,Masculino,Branca,0.704040713313403
CAND_04627,12.1,43.0,Bacharelado,Capitais,Remoto,Masculino,Preta,0.49060527627520983
CAND_04628,3.5,59.0,Bacharelado,Interior,Remoto,Feminino,Branca,0.08289660114941708
CAND_04629,6.7,79.0,Bacharelado,Capitais,Híbrido,Masculino,Amarela,0.671903127984062
CAND_04630,0.0,57.0,Bacharelado,Capitais,Remoto,Masculino,Branca,0.8276825503642642
CAND_04631,2.1,57.0,Bacharelado,Região Metropolitana,Híbrido,Masculino,Preta,0.39805650041292023
CAND_04632,6.9,58.0,Bacharelado,Capitais,Híbrido,Masculino,Preta,0.43336715061045844
CAND_04633,0.3,42.0,Bacharelado,Capitais,Híbrido,Masculino,Amarela,0.5747175963278166
CAND_04634,4.4,59.0,Mestrado,Capitais,Presencial,Feminino,Branca,0.7004509630552636
CAND_04635,0.0,5.0,Mestrado,Capitais,Presencial,Feminino,Branca,0.19639559424658137
CAND_04636,7.0,44.0,Mestrado,Capitais,Remoto,Feminino,Preta,0.05087146965722919
CAND_04637,3.4,43.0,Bacharelado,Capitais,Híbrido,Feminino,Amarela,0.13582446136727283
CAND_04638,8.1,55.0,Bacharelado,Capitais,Híbrido,Feminino,Branca,0.5465182091600347
CAND_04639,6.5,36.0,Bacharelado,Região Metropolitana,Remoto,Não-binário,Branca,0.40845144401924205
CAND_04640,2.9,46.0,Doutorado,Capitais,Remoto,Masculino,Preta,0.42161681689646063
CAND_04641,6.5,45.0,Bacharelado,Capitais,Remoto,Feminino,Indígena,0.3829459579399554
CAND_04642,0.3,32.0,Bacharelado,Capitais,Híbrido,Masculino,Branca,0.7770418196068568
CAND_04643,0.0,30.0,Bacharelado,Capitais,Remoto,Masculino,Branca,0.807888642370197
CAND_04644,1.9,59.0,Bacharelado,Capitais,Remoto,Feminino,Preta,0.0
CAND_04645,7.6,59.0,Mestrado,Capitais,Híbrido,Masculino,Branca,1.0
CAND_04646,6.9,67.0,Bacharelado,Capitais,Remoto,Masculino,Preta,0.6954628538766034
CAND_04647,2.4,77.0,Bacharelado,Capitais,Remoto,Feminino,Amarela,0.19866485150653346
CAND_04648,5.0,59.0,Mestrado,Interior,Presencial,Masculino,Branca,0.7195984656177514
CAND_04649,6.1,52.0,Bacharelado,Região Metropolitana,Híbrido,Masculino,Branca,0.9281595468946501
CAND_04650,4.1,55.0,Bacharelado,Região Metropolitana,Híbrido,Masculino,Branca,0.757792724741169
CAND_04651,3.7,45.0,Ensino Médio,Região Metropolitana,Híbrido,Masculino,Branca,0.7493871576300533
CAND_04652,8.8,51.0,Bacharelado,Região Metropolitana,Presencial,Masculino,Indígena,0.7273446746766705
CAND_04653,0.0,54.0,Bacharelado,Capitais,Híbrido,Masculino,Amarela,0.26904732740504156
CAND_04654,7.7,46.0,Doutorado,Capitais,Remoto,Masculino,Branca,1.0
CAND_04655,8.7,47.0,Bacharelado,Capitais,Híbrido,Feminino,Branca,0.6682981976702512
CAND_04656,4.4,43.0,Bacharelado,Região Metropolitana,Híbrido,Masculino,Branca,0.8042413007749141
CAND_04657,10.1,15.0,Mestrado,Capitais,Híbrido,Não-binário,Branca,0.5774053404995485
CAND_04658,10.0,33.0,Bacharelado,Região Metropolitana,Híbrido,Feminino,Indígena,0.18979559053694148
CAND_04659,6.9,33.0,Bacharelado,Capitais,Presencial,Feminino,Branca,0.5359706835039209
CAND_04660,0.0,51.0,Mestrado,Interior,Híbrido,Feminino,Branca,0.09764886495093908
CAND_04661,9.0,22.0,Mestrado,Região Metropolitana,Remoto,Feminino,Branca,0.4289060853042859
CAND_04662,4.2,38.0,Bacharelado,Capitais,Remoto,Feminino,Parda,0.3465882256149431
CAND_04663,6.6,47.0,Bacharelado,Região Metropolitana,Remoto,Feminino,Branca,0.37017285258846333
CAND_04664,8.3,42.0,Bacharelado,Capitais,Híbrido,Feminino,Branca,0.7240586895715955
CAND_04665,5.9,18.0,Bacharelado,Interior,Híbrido,Masculino,Indígena,0.2140910974561237
CAND_04666,8.1,33.0,Mestrado,Região Metropolitana,Presencial,Feminino,Branca,0.4774115820183896
CAND_04667,7.9,47.0,Ensino Médio,Capitais,Presencial,Feminino,Preta,0.20879909503846972
CAND_04668,6.6,53.0,Doutorado,Capitais,Remoto,Feminino,Parda,0.7415497148508025
CAND_04669,3.4,35.0,Bacharelado,Capitais,Presencial,Masculino,Branca,0.98545960326001
CAND_04670,0.0,45.0,Bacharelado,Capitais,Híbrido,Masculino,Parda,0.6292653954452907
CAND_04671,4.6,41.0,Mestrado,Região Metropolitana,Híbrido,Masculino,Branca,0.9334664067675991
CAND_04672,5.4,54.0,Ensino Médio,Capitais,Remoto,Feminino,Branca,0.6442284888483256
CAND_04673,5.4,40.0,Mestrado,Capitais,Híbrido,Masculino,Parda,0.8874287790580968
CAND_04674,0.0,51.0,Bacharelado,Capitais,Remoto,Feminino,Branca,0.4823755967338386
CAND_04675,4.9,9.0,Doutorado,Interior,Híbrido,Masculino,Amarela,0.32358480394980715
CAND_04676,11.3,39.0,Bacharelado,Interior,Híbrido,Masculino,Preta,0.4072499927009702
CAND_04677,6.3,64.0,Bacharelado,Região Metropolitana,Híbrido,Masculino,Branca,0.9933809439996613
CAND_04678,4.3,49.0,Doutorado,Capitais,Presencial,Não-binário,Preta,0.0
CAND_04679,2.2,49.0,Bacharelado,Capitais,Híbrido,Não-binário,Branca,0.4624903468962096
CAND_04680,6.9,57.0,Bacharelado,Região Metropolitana,Híbrido,Feminino,Branca,0.3944053811441568
CAND_04681,10.4,40.0,Mestrado,Capitais,Remoto,Masculino,Branca,0.8823195593770606
CAND_04682,9.0,63.0,Bacharelado,Região Metropolitana,Presencial,Feminino,Branca,0.6733821140870961
CAND_04683,0.0,48.0,Bacharelado,Capitais,Híbrido,Feminino,Branca,0.448938507272068
CAND_04684,0.0,55.0,Bacharelado,Região Metropolitana,Remoto,Masculino,Branca,0.7263340944935361
CAND_04685,4.4,59.0,Doutorado,Interior,Remoto,Masculino,Branca,0.6404560845927161
CAND_04686,8.5,46.0,Mestrado,Capitais,Presencial,Feminino,Preta,0.0
CAND_04687,7.0,66.0,Mestrado,Capitais,Híbrido,Feminino,Amarela,0.2803720533483562
CAND_04688,4.3,52.0,Ensino Médio,Capitais,Remoto,Masculino,Parda,0.7141421246136531
CAND_04689,5.2,56.0,Ensino Médio,Capitais,Híbrido,Masculino,Branca,0.7102413704869629
CAND_04690,11.6,40.0,Ensino Médio,Interior,Presencial,Masculino,Branca,0.7559347880229881
CAND_04691,3.5,40.0,Bacharelado,Capitais,Híbrido,Masculino,Indígena,0.7078436386921332
CAND_04692,3.5,56.0,Mestrado,Região Metropolitana,Híbrido,Masculino,Amarela,0.438460389621998
CAND_04693,3.3,33.0,Bacharelado,Interior,Híbrido,Masculino,Branca,0.5473379389410141
CAND_04694,2.9,58.0,Mestrado,Capitais,Híbrido,Masculino,Branca,1.0
CAND_04695,8.5,49.0,Bacharelado,Região Metropolitana,Remoto,Masculino,Parda,0.8196040885139729
CAND_04696,9.5,47.0,Ensino Médio,Região Metropolitana,Híbrido,Feminino,Preta,0.03680027476419139
CAND_04697,2.2,44.0,Bacharelado,Capitais,Híbrido,Feminino,Branca,0.37252819132832093
CAND_04698,3.6,44.0,Doutorado,Capitais,Remoto,Feminino,Branca,0.7383757498788415
CAND_04699,9.6,26.0,Ensino Médio,Capitais,Híbrido,Masculino,Preta,0.5746209934495359
CAND_04700,10.1,37.0,Mestrado,Capitais,Remoto,Feminino,Indígena,0.20979396135745557
CAND_04701,6.2,54.0,Bacharelado,Capitais,Híbrido,Masculino,Branca,1.0
CAND_04702,4.0,59.0,Mestrado,Região Metropolitana,Híbrido,Masculino,Branca,0.7765199799810218
CAND_04703,10.3,55.0,Ensino Médio,Capitais,Remoto,Feminino,Branca,0.6565522330026252
CAND_04704,2.1,43.0,Bacharelado,Região Metropolitana,Híbrido,Feminino,Branca,0.3897565653829382
CAND_04705,1.7,53.0,Bacharelado,Região Metropolitana,Presencial,Masculino,Branca,0.9159300485862811
CAND_04706,4.1,57.0,Bacharelado,Capitais,Remoto,Masculino,Preta,0.33119271205857403
CAND_04707,5.8,46.0,Bacharelado,Capitais,Híbrido,Feminino,Branca,0.6303128979011334
CAND_04708,7.5,47.0,Mestrado,Capitais,Remoto,Feminino,Parda,0.609608929746502
CAND_04709,9.2,57.0,Bacharelado,Interior,Presencial,Masculino,Branca,0.7232743599119428
CAND_04710,5.2,55.0,Mestrado,Região Metropolitana,Híbrido,Feminino,Amarela,0.22900599724077889
CAND_04711,3.8,66.0,Bacharelado,Região Metropolitana,Híbrido,Feminino,Amarela,0.0
CAND_04712,5.6,46.0,Mestrado,Capitais,Híbrido,Masculino,Branca,0.8979441065358995
CAND_04713,10.3,65.0,Bacharelado,Capitais,Híbrido,Feminino,Preta,0.15815260856032687
CAND_04714,6.4,70.0,Mestrado,Capitais,Híbrido,Masculino,Amarela,0.4359597396216294
CAND_04715,4.3,79.0,Bacharelado,Capitais,Híbrido,Masculino,Branca,1.0
CAND_04716,2.7,73.0,Mestrado,Região Metropolitana,Híbrido,Masculino,Branca,0.9512422250225074
CAND_04717,5.1,37.0,Ensino Médio,Região Metropolitana,Remoto,Masculino,Amarela,0.30247030989317836
CAND_04718,2.7,60.0,Mestrado,Capitais,Remoto,Masculino,Branca,0.8406069539406674
CAND_04719,6.4,53.0,Doutorado,Região Metropolitana,Remoto,Masculino,Branca,1.0
CAND_04720,6.8,46.0,Mestrado,Interior,Híbrido,Masculino,Preta,0.075033158626965
CAND_04721,1.0,49.0,Bacharelado,Região Metropolitana,Remoto,Masculino,Branca,0.8091755780600246
CAND_04722,7.1,50.0,Bacharelado,Capitais,Presencial,Masculino,Branca,1.0
CAND_04723,8.7,62.0,Bacharelado,Capitais,Híbrido,Masculino,Branca,1.0
CAND_04724,0.0,65.0,Bacharelado,Capitais,Remoto,Masculino,Branca,0.787168395566151
CAND_04725,0.0,70.0,Bacharelado,Capitais,Híbrido,Masculino,Parda,0.9575810644457773
CAND_04726,6.8,64.0,Bacharelado,Capitais,Híbrido,Masculino,Preta,0.5928029704084193
CAND_04727,4.0,45.0,Mestrado,Capitais,Remoto,Masculino,Branca,1.0
CAND_04728,4.4,52.0,Bacharelado,Interior,Presencial,Feminino,Branca,0.28139499767258896
CAND_04729,1.8,51.0,Mestrado,Região Metropolitana,Híbrido,Masculino,Branca,0.7223015000603601
CAND_04730,5.9,57.0,Bacharelado,Capitais,Híbrido,Masculino,Indígena,0.6869483985251428
CAND_04731,0.9,64.0,Bacharelado,Capitais,Remoto,Feminino,Preta,0.03505032297086212
CAND_04732,8.7,77.0,Bacharelado,Capitais,Híbrido,Feminino,Amarela,0.38281285794850867
CAND_04733,4.6,70.0,Bacharelado,Capitais,Presencial,Masculino,Indígena,0.6317000635350392
CAND_04734,5.8,55.0,Mestrado,Capitais,Remoto,Masculino,Branca,1.0
CAND_04735,5.3,42.0,Bacharelado,Capitais,Presencial,Masculino,Branca,0.8507162841117327
CAND_04736,3.4,43.0,Mestrado,Interior,Presencial,Masculino,Amarela,0.28150420896989536
CAND_04737,4.4,72.0,Bacharelado,Capitais,Híbrido,Masculino,Preta,0.4008181995759096
CAND_04738,5.7,53.0,Ensino Médio,Região Metropolitana,Remoto,Masculino,Amarela,0.2984651990049431
CAND_04739,0.0,40.0,Bacharelado,Região Metropolitana,Híbrido,Feminino,Amarela,0.0626532113827637
CAND_04740,9.6,58.0,Mestrado,Capitais,Presencial,Não-binário,Branca,0.6194216464906056
CAND_04741,8.0,52.0,Mestrado,Capitais,Híbrido,Feminino,Branca,0.5988486303714224
CAND_04742,6.3,44.0,Ensino Médio,Capitais,Híbrido,Feminino,Branca,0.6728691591275502
CAND_04743,5.8,32.0,Bacharelado,Região Metropolitana,Remoto,Masculino,Branca,0.7307027902585939
CAND_04744,4.3,68.0,Bacharelado,Capitais,Híbrido,Masculino,Branca,1.0
CAND_04745,4.3,70.0,Bacharelado,Capitais,Remoto,Masculino,Branca,1.0
CAND_04746,8.0,52.0,Mestrado,Capitais,Presencial,Masculino,Parda,0.7906423426396494
CAND_04747,6.4,67.0,Bacharelado,Capitais,Presencial,Masculino,Amarela,0.6301522338586811
CAND_04748,5.2,51.0,Ensino Médio,Região Metropolitana,Híbrido,Masculino,Branca,0.8875197719114383
CAND_04749,3.4,49.0,Bacharelado,Capitais,Presencial,Masculino,Branca,0.900276161585107
CAND_04750,2.3,37.0,Bacharelado,Capitais,Presencial,Masculino,Preta,0.4226849523938067
CAND_04751,3.7,56.0,Bacharelado,Capitais,Presencial,Masculino,Branca,0.7820212332294699
CAND_04752,5.6,40.0,Bacharelado,Capitais,Remoto,Feminino,Branca,0.5098910553674323
CAND_04753,4.2,37.0,Doutorado,Capitais,Presencial,Masculino,Amarela,0.558799526464614
CAND_04754,3.8,58.0,Mestrado,Região Metropolitana,Presencial,Feminino,Parda,0.4235365598916619
CAND_04755,0.0,48.0,Doutorado,Interior,Remoto,Feminino,Indígena,0.0
CAND_04756,11.1,38.0,Bacharelado,Capitais,Híbrido,Masculino,Branca,0.9588428576122904
CAND_04757,4.7,26.0,Bacharelado,Interior,Presencial,Feminino,Branca,0.28844571170646477
CAND_04758,2.0,72.0,Bacharelado,Capitais,Presencial,Masculino,Parda,1.0
CAND_04759,3.4,60.0,Bacharelado,Capitais,Híbrido,Masculino,Indígena,0.561743405411274
CAND_04760,5.6,33.0,Doutorado,Capitais,Híbrido,Masculino,Preta,0.5084616572127671
CAND_04761,1.8,41.0,Bacharelado,Capitais,Presencial,Masculino,Branca,0.8166487703170282
CAND_04762,4.5,54.0,Mestrado,Capitais,Híbrido,Masculino,Preta,0.45666304769588245
CAND_04763,7.1,45.0,Bacharelado,Capitais,Remoto,Masculino,Branca,0.8752712907643815
CAND_04764,2.8,50.0,Bacharelado,Região Metropolitana,Híbrido,Não-binário,Branca,0.17480471332480763
CAND_04765,3.5,78.0,Mestrado,Capitais,Presencial,Masculino,Branca,1.0
CAND_04766,9.0,71.0,Mestrado,Capitais,Presencial,Masculino,Branca,1.0
CAND_04767,1.7,37.0,Mestrado,Capitais,Remoto,Feminino,Branca,0.5891395828333206
CAND_04768,3.4,45.0,Bacharelado,Interior,Híbrido,Masculino,Branca,0.48889023125314124
CAND_04769,3.7,40.0,Ensino Médio,Capitais,Presencial,Feminino,Preta,0.11976259794867197
CAND_04770,2.4,66.0,Bacharelado,Capitais,Remoto,Masculino,Preta,0.44175263464718006
CAND_04771,7.0,38.0,Mestrado,Capitais,Presencial,Masculino,Branca,1.0
CAND_04772,7.6,35.0,Mestrado,Interior,Híbrido,Masculino,Parda,0.6737858588347547
CAND_04773,9.6,55.0,Bacharelado,Interior,Híbrido,Masculino,Branca,0.6903778200213906
CAND_04774,8.8,42.0,Ensino Médio,Interior,Híbrido,Feminino,Branca,0.16133262947641258
CAND_04775,0.0,56.0,Ensino Médio,Capitais,Presencial,Feminino,Branca,0.5093975451538356
CAND_04776,0.0,44.0,Mestrado,Região Metropolitana,Híbrido,Masculino,Branca,0.7622009393090248
CAND_04777,0.3,59.0,Bacharelado,Capitais,Híbrido,Feminino,Branca,0.4437850494071146
CAND_04778,4.2,53.0,Bacharelado,Capitais,Presencial,Feminino,Branca,0.4510503005553912
CAND_04779,9.4,46.0,Bacharelado,Capitais,Híbrido,Masculino,Preta,0.47981115463225193
CAND_04780,5.8,52.0,Bacharelado,Região Metropolitana,Remoto,Masculino,Branca,0.8387412366412332
CAND_04781,0.0,69.0,Mestrado,Região Metropolitana,Presencial,Masculino,Preta,0.33861662334539816
CAND_04782,7.3,48.0,Bacharelado,Capitais,Presencial,Feminino,Branca,0.5960920855850029
CAND_04783,2.6,68.0,Ensino Médio,Capitais,Híbrido,Masculino,Amarela,0.5758575377756284
CAND_04784,5.3,39.0,Bacharelado,Capitais,Híbrido,Masculino,Indígena,0.6512688510119686
CAND_04785,3.5,30.0,Mestrado,Capitais,Presencial,Masculino,Branca,0.8762156920160832
CAND_04786,3.3,36.0,Bacharelado,Região Metropolitana,Híbrido,Masculino,Branca,0.6978161313765024
CAND_04787,9.5,65.0,Bacharelado,Interior,Híbrido,Masculino,Indígena,0.36457948805054496
CAND_04788,6.9,61.0,Bacharelado,Capitais,Remoto,Feminino,Branca,0.6733641409687937
CAND_04789,4.7,30.0,Bacharelado,Capitais,Remoto,Não-binário,Branca,0.2800827219745996
CAND_04790,4.5,59.0,Bacharelado,Capitais,Presencial,Feminino,Branca,0.609160632765012
CAND_04791,3.6,45.0,Mestrado,Capitais,Remoto,Feminino,Parda,0.31891446716475447
CAND_04792,6.8,60.0,Bacharelado,Região Metropolitana,Presencial,Feminino,Branca,0.47578083247964204
CAND_04793,9.6,34.0,Bacharelado,Capitais,Remoto,Feminino,Branca,0.6278622577992252
CAND_04794,4.6,52.0,Ensino Médio,Região Metropolitana,Remoto,Masculino,Amarela,0.4748868789347616
CAND_04795,2.5,40.0,Bacharelado,Região Metropolitana,Remoto,Masculino,Branca,0.7298427503533689
CAND_04796,5.1,63.0,Bacharelado,Capitais,Presencial,Masculino,Branca,1.0
CAND_04797,10.3,31.0,Mestrado,Capitais,Híbrido,Feminino,Branca,0.5051923512988449
CAND_04798,3.3,58.0,Mestrado,Interior,Presencial,Masculino,Branca,0.6956781723836611
CAND_04799,5.6,61.0,Mestrado,Região Metropolitana,Remoto,Masculino,Preta,0.5279525994322767
CAND_04800,3.6,49.0,Bacharelado,Capitais,Híbrido,Masculino,Branca,0.9846895672360715
CAND_04801,3.8,44.0,Bacharelado,Região Metropolitana,Remoto,Feminino,Amarela,0.0
CAND_04802,4.6,31.0,Bacharelado,Capitais,Híbrido,Masculino,Branca,0.734692957255315
CAND_04803,6.4,56.0,Mestrado,Capitais,Presencial,Masculino,Indígena,0.7704535868346032
CAND_04804,5.4,66.0,Bacharelado,Capitais,Híbrido,Masculino,Preta,0.5196289645973174
CAND_04805,0.9,64.0,Mestrado,Região Metropolitana,Remoto,Masculino,Branca,0.9125268582628965
CAND_04806,5.8,35.0,Bacharelado,Interior,Presencial,Feminino,Branca,0.11522575518273026
CAND_04807,9.3,33.0,Ensino Médio,Interior,Presencial,Masculino,Branca,0.5105697940621057
CAND_04808,6.4,51.0,Bacharelado,Capitais,Remoto,Masculino,Branca,1.0
CAND_04809,10.9,8.0,Bacharelado,Região Metropolitana,Híbrido,Feminino,Branca,0.44849548965571107
CAND_04810,6.3,51.0,Bacharelado,Região Metropolitana,Híbrido,Masculino,Branca,0.8659602911317263
CAND_04811,0.0,39.0,Bacharelado,Capitais,Presencial,Não-binário,Preta,0.0
CAND_04812,3.4,51.0,Bacharelado,Interior,Presencial,Feminino,Indígena,0.020784147686656873
CAND_04813,3.2,36.0,Mestrado,Capitais,Presencial,Feminino,Branca,0.42610702646681586
CAND_04814,2.0,42.0,Bacharelado,Região Metropolitana,Presencial,Feminino,Indígena,0.0
CAND_04815,0.7,56.0,Mestrado,Interior,Remoto,Feminino,Amarela,0.0
CAND_04816,6.9,50.0,Bacharelado,Capitais,Remoto,Masculino,Branca,0.6640156917507716
CAND_04817,8.4,52.0,Bacharelado,Capitais,Híbrido,Feminino,Preta,0.16345428069472756
CAND_04818,9.8,42.0,Bacharelado,Região Metropolitana,Híbrido,Masculino,Parda,0.8529764335480045
CAND_04819,0.7,58.0,Bacharelado,Região Metropolitana,Híbrido,Feminino,Branca,0.4337588580011457
CAND_04820,6.4,45.0,Bacharelado,Interior,Híbrido,Masculino,Preta,0.12376405794609421
CAND_04821,5.6,38.0,Bacharelado,Capitais,Presencial,Feminino,Branca,0.6564906339228821
CAND_04822,0.8,43.0,Ensino Médio,Capitais,Híbrido,Masculino,Amarela,0.5331636162535929
CAND_04823,4.5,57.0,Bacharelado,Região Metropolitana,Híbrido,Feminino,Branca,0.4255029652284698
CAND_04824,6.4,67.0,Mestrado,Região Metropolitana,Remoto,Masculino,Amarela,0.7067039847882404
CAND_04825,0.5,43.0,Bacharelado,Capitais,Presencial,Masculino,Amarela,0.38998020965181923
CAND_04826,3.4,72.0,Doutorado,Capitais,Presencial,Masculino,Indígena,0.7684572405995259
CAND_04827,10.3,22.0,Ensino Médio,Interior,Remoto,Feminino,Indígena,0.0
CAND_04828,1.8,78.0,Mestrado,Região Metropolitana,Presencial,Feminino,Branca,0.7103863716098869
CAND_04829,3.7,77.0,Mestrado,Capitais,Híbrido,Feminino,Branca,0.6271854864636065
CAND_04830,4.9,39.0,Bacharelado,Capitais,Híbrido,Feminino,Parda,0.4760806007891705
CAND_04831,3.5,63.0,Bacharelado,Interior,Presencial,Feminino,Preta,0.027840456793787993
CAND_04832,9.7,72.0,Mestrado,Região Metropolitana,Remoto,Feminino,Branca,0.6261871249977903
CAND_04833,15.2,58.0,Mestrado,Capitais,Presencial,Masculino,Preta,0.8183397363920262
CAND_04834,2.1,78.0,Bacharelado,Capitais,Presencial,Masculino,Branca,0.9126775207440008
CAND_04835,6.5,54.0,Bacharelado,Interior,Presencial,Masculino,Branca,0.6708472584099388
CAND_04836,2.4,15.0,Bacharelado,Região Metropolitana,Híbrido,Masculino,Branca,0.5607887434574061
CAND_04837,0.0,39.0,Bacharelado,Região Metropolitana,Híbrido,Masculino,Amarela,0.34411323832042606
CAND_04838,4.7,31.0,Bacharelado,Interior,Híbrido,Feminino,Branca,0.22442299866709092
CAND_04839,4.5,64.0,Bacharelado,Capitais,Híbrido,Masculino,Branca,0.9453747674429578
CAND_04840,2.9,48.0,Mestrado,Capitais,Híbrido,Masculino,Branca,0.9641100548353837
CAND_04841,4.2,44.0,Bacharelado,Capitais,Remoto,Masculino,Branca,0.8588646336800723
CAND_04842,3.5,44.0,Bacharelado,Interior,Remoto,Feminino,Preta,0.0
CAND_04843,6.2,34.0,Bacharelado,Capitais,Presencial,Masculino,Preta,0.4914833836070193
CAND_04844,5.7,36.0,Mestrado,Capitais,Remoto,Masculino,Preta,0.4867250200435978
CAND_04845,4.2,47.0,Mestrado,Capitais,Presencial,Não-binário,Branca,0.5852788492910828
CAND_04846,6.1,75.0,Bacharelado,Capitais,Híbrido,Masculino,Indígena,0.6037007525924372
CAND_04847,4.0,63.0,Bacharelado,Capitais,Remoto,Feminino,Branca,0.4772795439329626
CAND_04848,2.9,47.0,Bacharelado,Região Metropolitana,Presencial,Feminino,Branca,0.3984255625257089
CAND_04849,4.9,49.0,Doutorado,Capitais,Híbrido,Feminino,Branca,0.6674724820893206
CAND_04850,6.3,37.0,Mestrado,Região Metropolitana,Híbrido,Feminino,Branca,0.38447785776391935
CAND_04851,4.4,55.0,Bacharelado,Região Metropolitana,Presencial,Feminino,Preta,0.0
CAND_04852,6.1,16.0,Bacharelado,Região Metropolitana,Presencial,Masculino,Preta,0.13320297341015405
CAND_04853,5.2,65.0,Mestrado,Região Metropolitana,Remoto,Masculino,Preta,0.6599510210481944
CAND_04854,1.4,38.0,Bacharelado,Capitais,Remoto,Feminino,Branca,0.2805387066129557
CAND_04855,5.3,37.0,Mestrado,Capitais,Presencial,Feminino,Branca,0.33266447509252217
CAND_04856,3.4,59.0,Bacharelado,Capitais,Presencial,Não-binário,Amarela,0.12175651932637067
CAND_04857,5.9,29.0,Mestrado,Capitais,Remoto,Masculino,Branca,1.0
CAND_04858,4.5,75.0,Mestrado,Capitais,Híbrido,Feminino,Preta,0.10649297782896987
CAND_04859,3.0,46.0,Bacharelado,Região Metropolitana,Híbrido,Masculino,Parda,0.7171328111647803
CAND_04860,2.2,62.0,Bacharelado,Capitais,Híbrido,Feminino,Branca,0.562198327888927
CAND_04861,8.4,71.0,Bacharelado,Região Metropolitana,Remoto,Feminino,Branca,0.867970704754914
CAND_04862,1.3,48.0,Bacharelado,Região Metropolitana,Presencial,Feminino,Branca,0.3574254572160852
CAND_04863,4.4,38.0,Bacharelado,Capitais,Presencial,Feminino,Branca,0.5951084974336172
CAND_04864,10.7,29.0,Mestrado,Capitais,Presencial,Feminino,Amarela,0.37326895341741356
CAND_04865,6.6,83.0,Doutorado,Capitais,Remoto,Masculino,Branca,1.0
CAND_04866,0.0,33.0,Mestrado,Capitais,Híbrido,Feminino,Branca,0.5544275022483349
CAND_04867,0.0,61.0,Bacharelado,Região Metropolitana,Híbrido,Feminino,Preta,0.0
CAND_04868,5.4,45.0,Bacharelado,Capitais,Presencial,Feminino,Amarela,0.11813633598692999
CAND_04869,6.1,60.0,Bacharelado,Capitais,Presencial,Masculino,Parda,0.8267589747719694
CAND_04870,6.9,47.0,Bacharelado,Capitais,Híbrido,Masculino,Branca,0.8819129238656838
CAND_04871,9.2,65.0,Mestrado,Capitais,Híbrido,Masculino,Branca,1.0
CAND_04872,0.0,62.0,Bacharelado,Interior,Híbrido,Feminino,Indígena,0.0
CAND_04873,6.9,71.0,Ensino Médio,Interior,Híbrido,Masculino,Preta,0.08231587687993144
CAND_04874,8.4,59.0,Mestrado,Capitais,Presencial,Masculino,Branca,1.0
CAND_04875,4.0,51.0,Mestrado,Capitais,Presencial,Feminino,Branca,0.7303722001715481
CAND_04876,3.7,54.0,Bacharelado,Capitais,Presencial,Masculino,Preta,0.41048163450755165
CAND_04877,2.4,57.0,Mestrado,Capitais,Remoto,Não-binário,Branca,0.3543820979166742
CAND_04878,8.2,54.0,Bacharelado,Capitais,Híbrido,Masculino,Preta,0.6275614870336204
CAND_04879,4.2,58.0,Ensino Médio,Capitais,Híbrido,Masculino,Preta,0.24516742290380528
CAND_04880,6.6,33.0,Ensino Médio,Região Metropolitana,Presencial,Feminino,Branca,0.47584240249132226
CAND_04881,5.6,36.0,Bacharelado,Capitais,Remoto,Masculino,Amarela,0.5684895620453073
CAND_04882,6.0,38.0,Mestrado,Capitais,Presencial,Masculino,Branca,0.9721276186500823
CAND_04883,3.2,61.0,Bacharelado,Capitais,Remoto,Feminino,Preta,0.0
CAND_04884,0.0,39.0,Bacharelado,Capitais,Híbrido,Masculino,Branca,0.8750686213504526
CAND_04885,2.6,35.0,Mestrado,Interior,Remoto,Masculino,Branca,0.5745063968242571
CAND_04886,11.5,79.0,Mestrado,Capitais,Híbrido,Feminino,Branca,0.838239250093266
CAND_04887,7.5,59.0,Bacharelado,Capitais,Híbrido,Masculino,Branca,1.0
CAND_04888,8.6,47.0,Doutorado,Capitais,Remoto,Feminino,Branca,0.82409448865128
CAND_04889,5.6,42.0,Mestrado,Capitais,Remoto,Masculino,Branca,0.8283120954353644
CAND_04890,5.5,52.0,Bacharelado,Capitais,Remoto,Feminino,Branca,0.5030162364537071
CAND_04891,3.9,57.0,Bacharelado,Capitais,Híbrido,Feminino,Preta,0.08343335778061638
CAND_04892,5.3,39.0,Doutorado,Região Metropolitana,Remoto,Feminino,Branca,0.5147289461732542
CAND_04893,2.9,50.0,Ensino Médio,Capitais,Presencial,Masculino,Preta,0.33965388053239365
CAND_04894,6.4,37.0,Bacharelado,Capitais,Híbrido,Feminino,Branca,0.6044441015340825
CAND_04895,5.1,37.0,Mestrado,Região Metropolitana,Híbrido,Masculino,Branca,0.8699547617062441
CAND_04896,11.1,38.0,Mestrado,Região Metropolitana,Presencial,Feminino,Preta,0.18596142374389663
CAND_04897,7.6,66.0,Bacharelado,Região Metropolitana,Presencial,Masculino,Amarela,0.6351939248716683
CAND_04898,9.7,26.0,Bacharelado,Capitais,Híbrido,Masculino,Branca,0.8539305483402267
CAND_04899,9.5,92.0,Mestrado,Capitais,Remoto,Feminino,Branca,0.9073656566883491
CAND_04900,4.6,35.0,Bacharelado,Capitais,Híbrido,Masculino,Preta,0.34377134084889927
CAND_04901,5.0,60.0,Bacharelado,Capitais,Híbrido,Masculino,Indígena,0.7225677973670823
CAND_04902,3.9,70.0,Mestrado,Interior,Híbrido,Masculino,Parda,0.6650207893826439
CAND_04903,2.2,49.0,Bacharelado,Capitais,Presencial,Feminino,Branca,0.2987569234898759
CAND_04904,7.8,48.0,Bacharelado,Capitais,Híbrido,Masculino,Amarela,0.48015489201641726
CAND_04905,6.7,64.0,Bacharelado,Região Metropolitana,Remoto,Masculino,Branca,0.7838688777821077
CAND_04906,5.5,55.0,Mestrado,Região Metropolitana,Remoto,Masculino,Branca,0.9716874587837305
CAND_04907,7.5,59.0,Bacharelado,Região Metropolitana,Híbrido,Feminino,Preta,0.0
CAND_04908,8.8,76.0,Ensino Médio,Capitais,Presencial,Masculino,Branca,1.0
CAND_04909,4.6,77.0,Bacharelado,Capitais,Híbrido,Masculino,Branca,1.0
CAND_04910,1.3,67.0,Mestrado,Capitais,Híbrido,Masculino,Branca,0.9643016307318885
CAND_04911,11.1,32.0,Ensino Médio,Capitais,Presencial,Masculino,Branca,0.8905906968662683
CAND_04912,3.5,31.0,Mestrado,Capitais,Remoto,Masculino,Branca,0.974415849859069
CAND_04913,5.5,41.0,Mestrado,Região Metropolitana,Presencial,Feminino,Indígena,0.28198875937313944
CAND_04914,6.9,77.0,Bacharelado,Capitais,Híbrido,Masculino,Amarela,0.6972192901599426
CAND_04915,9.5,50.0,Bacharelado,Região Metropolitana,Híbrido,Feminino,Branca,0.41879475923549087
CAND_04916,3.3,45.0,Doutorado,Interior,Híbrido,Masculino,Parda,0.48077519440306926
CAND_04917,3.8,64.0,Bacharelado,Capitais,Remoto,Masculino,Branca,0.8644629600733813
CAND_04918,8.4,40.0,Mestrado,Região Metropolitana,Presencial,Feminino,Amarela,0.0
CAND_04919,1.9,47.0,Mestrado,Capitais,Presencial,Masculino,Branca,0.734465257824087
CAND_04920,0.0,40.0,Mestrado,Região Metropolitana,Híbrido,Masculino,Branca,0.768503907281465
CAND_04921,6.3,51.0,Ensino Médio,Capitais,Remoto,Masculino,Indígena,0.7117570492907854
CAND_04922,3.2,70.0,Mestrado,Interior,Remoto,Masculino,Branca,0.8971416425927536
CAND_04923,9.7,58.0,Bacharelado,Capitais,Presencial,Masculino,Branca,0.9298851661864965
CAND_04924,7.8,44.0,Bacharelado,Região Metropolitana,Remoto,Não-binário,Branca,0.36725586811995237
CAND_04925,4.9,43.0,Bacharelado,Capitais,Presencial,Masculino,Preta,0.2871108877981131
CAND_04926,6.4,41.0,Bacharelado,Região Metropolitana,Remoto,Masculino,Parda,0.7137181598690643
CAND_04927,3.3,88.0,Bacharelado,Capitais,Presencial,Feminino,Branca,0.739924749531411
CAND_04928,7.1,55.0,Mestrado,Capitais,Híbrido,Feminino,Branca,0.6444384172822046
CAND_04929,1.3,48.0,Mestrado,Capitais,Híbrido,Masculino,Amarela,0.6429350302120097
CAND_04930,7.3,37.0,Bacharelado,Capitais,Híbrido,Masculino,Parda,0.7102055420748161
CAND_04931,5.1,33.0,Bacharelado,Capitais,Presencial,Feminino,Branca,0.43640788813489345
CAND_04932,6.6,47.0,Mestrado,Capitais,Presencial,Masculino,Branca,0.9150963656017757
CAND_04933,4.4,53.0,Mestrado,Região Metropolitana,Híbrido,Masculino,Parda,0.6932223072474706
CAND_04934,4.3,75.0,Mestrado,Capitais,Híbrido,Masculino,Branca,1.0
CAND_04935,0.3,62.0,Mestrado,Região Metropolitana,Presencial,Feminino,Indígena,0.20188408464215607
CAND_04936,9.2,32.0,Ensino Médio,Capitais,Remoto,Feminino,Branca,0.6423461145340483
CAND_04937,14.3,67.0,Bacharelado,Região Metropolitana,Presencial,Masculino,Branca,1.0
CAND_04938,4.6,40.0,Bacharelado,Interior,Híbrido,Masculino,Branca,0.5414894976283375
CAND_04939,7.9,50.0,Mestrado,Capitais,Remoto,Feminino,Branca,0.514711883573769
CAND_04940,8.1,50.0,Bacharelado,Região Metropolitana,Híbrido,Feminino,Parda,0.4927399995241668
CAND_04941,4.9,52.0,Bacharelado,Capitais,Remoto,Masculino,Indígena,0.5626396138660327
CAND_04942,5.0,50.0,Ensino Médio,Região Metropolitana,Híbrido,Masculino,Branca,0.8908091703464276
CAND_04943,8.0,45.0,Bacharelado,Interior,Híbrido,Não-binário,Branca,0.23693605948482432
CAND_04944,0.0,47.0,Mestrado,Capitais,Presencial,Masculino,Parda,0.7457985620909866
CAND_04945,1.8,37.0,Bacharelado,Interior,Presencial,Feminino,Branca,0.08585111096207002
CAND_04946,1.7,23.0,Ensino Médio,Capitais,Remoto,Masculino,Branca,0.8128666831148187
CAND_04947,3.3,59.0,Bacharelado,Capitais,Presencial,Masculino,Branca,0.9295789841017135
CAND_04948,10.5,56.0,Doutorado,Capitais,Remoto,Feminino,Preta,0.3601310270037036
CAND_04949,6.1,40.0,Mestrado,Região Metropolitana,Híbrido,Feminino,Branca,0.44595198803604436
CAND_04950,0.5,51.0,Bacharelado,Capitais,Remoto,Masculino,Branca,0.8041132622407212
CAND_04951,6.5,60.0,Bacharelado,Interior,Presencial,Masculino,Branca,0.6646568875312815
CAND_04952,5.2,43.0,Bacharelado,Capitais,Presencial,Masculino,Branca,1.0
CAND_04953,3.7,57.0,Bacharelado,Capitais,Presencial,Masculino,Branca,0.8670207261204753
CAND_04954,7.9,47.0,Bacharelado,Capitais,Remoto,Masculino,Branca,1.0
CAND_04955,2.5,56.0,Bacharelado,Capitais,Remoto,Masculino,Branca,0.8533467526893672
CAND_04956,4.5,77.0,Doutorado,Capitais,Presencial,Masculino,Branca,0.9476847582996007
CAND_04957,3.8,64.0,Bacharelado,Região Metropolitana,Presencial,Masculino,Branca,0.9318834295298404
CAND_04958,6.5,52.0,Doutorado,Capitais,Presencial,Masculino,Preta,0.45500994948186313
CAND_04959,3.2,56.0,Bacharelado,Capitais,Remoto,Masculino,Indígena,0.588476145225083
CAND_04960,0.9,57.0,Mestrado,Capitais,Presencial,Masculino,Preta,0.4822140868941429
CAND_04961,6.7,29.0,Bacharelado,Capitais,Híbrido,Masculino,Branca,0.7655884807068338
CAND_04962,3.7,78.0,Bacharelado,Capitais,Híbrido,Masculino,Preta,0.5452969990697011
CAND_04963,2.7,47.0,Bacharelado,Região Metropolitana,Híbrido,Masculino,Amarela,0.2915859840501626
CAND_04964,0.0,28.0,Bacharelado,Capitais,Presencial,Feminino,Preta,0.0
CAND_04965,1.2,43.0,Bacharelado,Capitais,Presencial,Masculino,Branca,0.9899745498706907
CAND_04966,4.6,82.0,Mestrado,Região Metropolitana,Presencial,Masculino,Preta,0.42865950760011867
CAND_04967,5.3,54.0,Doutorado,Capitais,Híbrido,Masculino,Branca,1.0
CAND_04968,8.3,54.0,Ensino Médio,Região Metropolitana,Presencial,Feminino,Amarela,0.13459722467315435
CAND_04969,8.4,48.0,Ensino Médio,Região Metropolitana,Híbrido,Masculino,Indígena,0.6290097400051702
CAND_04970,1.3,64.0,Bacharelado,Capitais,Remoto,Masculino,Branca,1.0
CAND_04971,1.5,56.0,Mestrado,Capitais,Híbrido,Masculino,Amarela,0.6250714159316262
CAND_04972,8.7,37.0,Mestrado,Capitais,Remoto,Masculino,Preta,0.5375493047153698
CAND_04973,9.3,40.0,Bacharelado,Região Metropolitana,Remoto,Feminino,Branca,0.5263844470970268
CAND_04974,7.6,59.0,Ensino Médio,Capitais,Presencial,Masculino,Branca,0.8851984647430817
CAND_04975,9.1,40.0,Mestrado,Capitais,Presencial,Feminino,Branca,0.5620357466530004
CAND_04976,4.3,46.0,Ensino Médio,Capitais,Híbrido,Masculino,Amarela,0.5260903213560459
CAND_04977,1.1,51.0,Bacharelado,Região Metropolitana,Híbrido,Masculino,Branca,0.7807387376956766
CAND_04978,7.2,58.0,Bacharelado,Capitais,Presencial,Masculino,Branca,1.0
CAND_04979,1.7,47.0,Bacharelado,Capitais,Remoto,Feminino,Branca,0.6437291497570163
CAND_04980,5.6,65.0,Bacharelado,Região Metropolitana,Híbrido,Feminino,Parda,0.6031083209037464
CAND_04981,9.9,54.0,Doutorado,Capitais,Híbrido,Masculino,Branca,1.0
CAND_04982,5.9,48.0,Ensino Médio,Região Metropolitana,Presencial,Masculino,Branca,0.8280350654853725
CAND_04983,5.7,43.0,Bacharelado,Capitais,Presencial,Feminino,Branca,0.37005644856153347
CAND_04984,6.8,33.0,Ensino Médio,Capitais,Presencial,Masculino,Preta,0.19682634822706024
CAND_04985,8.2,57.0,Bacharelado,Capitais,Remoto,Feminino,Branca,0.5735043494677493
CAND_04986,3.9,48.0,Bacharelado,Região Metropolitana,Híbrido,Feminino,Preta,0.03408544465868105
CAND_04987,0.0,52.0,Bacharelado,Região Metropolitana,Remoto,Feminino,Amarela,0.17538091342318013
CAND_04988,4.0,70.0,Bacharelado,Região Metropolitana,Presencial,Feminino,Amarela,0.02022326509028366
CAND_04989,6.6,32.0,Doutorado,Região Metropolitana,Presencial,Masculino,Branca,0.8974156349071049
CAND_04990,7.9,44.0,Mestrado,Capitais,Remoto,Masculino,Branca,0.9806882933085816
CAND_04991,6.3,49.0,Mestrado,Capitais,Remoto,Masculino,Branca,0.9885653272416332
CAND_04992,4.9,45.0,Bacharelado,Região Metropolitana,Remoto,Masculino,Branca,0.9287633754051561
CAND_04993,6.2,38.0,Bacharelado,Capitais,Presencial,Masculino,Branca,0.8865303777509983
CAND_04994,4.1,65.0,Mestrado,Capitais,Híbrido,Feminino,Branca,0.67170272274476
CAND_04995,6.1,48.0,Ensino Médio,Interior,Híbrido,Masculino,Parda,0.49472302864013323
CAND_04996,8.8,58.0,Mestrado,Capitais,Remoto,Não-binário,Indígena,0.1962963397963857
CAND_04997,6.0,44.0,Ensino Médio,Capitais,Presencial,Feminino,Branca,0.6351783556993813
CAND_04998,2.6,49.0,Mestrado,Interior,Híbrido,Feminino,Preta,0.0
CAND_04999,6.7,31.0,Ensino Médio,Região Metropolitana,Híbrido,Masculino,Branca,0.6416667722940262
CAND_05000,1.3,68.0,Doutorado,Região Metropolitana,Remoto,Feminino,Branca,0.4956360230792366
CAND_05001,6.8,27.0,Mestrado,Região Metropolitana,Presencial,Masculino,Preta,0.4785991506104751
CAND_05002,9.0,51.0,Doutorado,Capitais,Presencial,Feminino,Amarela,0.4337710058617683
CAND_05003,8.9,64.0,Bacharelado,Região Metropolitana,Presencial,Feminino,Branca,0.5784300652628241
CAND_05004,1.3,20.0,Bacharelado,Região Metropolitana,Híbrido,Feminino,Branca,0.354126456144175
CAND_05005,7.4,45.0,Bacharelado,Capitais,Presencial,Masculino,Branca,1.0
CAND_05006,0.7,44.0,Bacharelado,Capitais,Presencial,Feminino,Indígena,0.14602171669384778
CAND_05007,5.6,36.0,Mestrado,Capitais,Presencial,Feminino,Branca,0.38415992103308405
CAND_05008,3.9,53.0,Mestrado,Capitais,Presencial,Masculino,Preta,0.6514227024117404
CAND_05009,2.1,47.0,Bacharelado,Região Metropolitana,Remoto,Feminino,Branca,0.6863353481950304
CAND_05010,5.8,64.0,Mestrado,Região Metropolitana,Remoto,Masculino,Branca,0.8899435518837184
CAND_05011,1.8,66.0,Bacharelado,Capitais,Remoto,Feminino,Amarela,0.24478328035876668
CAND_05012,7.5,79.0,Bacharelado,Região Metropolitana,Presencial,Masculino,Amarela,0.7131056184544594
CAND_05013,8.4,64.0,Mestrado,Região Metropolitana,Híbrido,Masculino,Branca,0.9539881073909472
CAND_05014,9.3,44.0,Bacharelado,Capitais,Presencial,Masculino,Branca,1.0
CAND_05015,10.4,28.0,Bacharelado,Interior,Remoto,Feminino,Branca,0.3469781403672188
CAND_05016,6.3,43.0,Mestrado,Capitais,Presencial,Masculino,Branca,0.8624209258502928
CAND_05017,5.5,57.0,Bacharelado,Região Metropolitana,Híbrido,Masculino,Branca,1.0
CAND_05018,5.5,65.0,Mestrado,Região Metropolitana,Híbrido,Feminino,Branca,0.4215457703020208
CAND_05019,6.4,71.0,Bacharelado,Capitais,Híbrido,Masculino,Amarela,0.585134736481183
CAND_05020,11.1,70.0,Ensino Médio,Capitais,Híbrido,Não-binário,Branca,0.7037569756701957
CAND_05021,2.9,58.0,Ensino Médio,Capitais,Híbrido,Masculino,Branca,0.9191719500743708
CAND_05022,3.4,41.0,Bacharelado,Capitais,Presencial,Masculino,Branca,0.9087566032531472
CAND_05023,8.5,36.0,Bacharelado,Capitais,Presencial,Feminino,Branca,0.4731375330910568
CAND_05024,3.9,64.0,Mestrado,Região Metropolitana,Presencial,Feminino,Branca,0.46421857338968053
CAND_05025,7.6,35.0,Ensino Médio,Capitais,Presencial,Feminino,Preta,0.13370581091010098
CAND_05026,5.2,59.0,Ensino Médio,Região Metropolitana,Presencial,Masculino,Branca,0.9151508227017343
CAND_05027,8.7,56.0,Bacharelado,Capitais,Híbrido,Masculino,Branca,1.0
CAND_05028,5.3,62.0,Bacharelado,Região Metropolitana,Presencial,Masculino,Branca,0.7904676538217236
CAND_05029,7.9,40.0,Bacharelado,Capitais,Híbrido,Masculino,Preta,0.6018129149236119
CAND_05030,3.2,46.0,Ensino Médio,Região Metropolitana,Presencial,Masculino,Branca,0.6042760513820099
CAND_05031,9.4,57.0,Bacharelado,Capitais,Remoto,Masculino,Branca,1.0
CAND_05032,0.2,36.0,Bacharelado,Capitais,Remoto,Masculino,Preta,0.2588379353677735
CAND_05033,8.2,46.0,Bacharelado,Capitais,Presencial,Masculino,Amarela,0.5803597960721082
CAND_05034,1.0,58.0,Ensino Médio,Interior,Híbrido,Feminino,Amarela,0.0
CAND_05035,4.2,51.0,Bacharelado,Região Metropolitana,Híbrido,Masculino,Branca,0.9414399897153757
CAND_05036,2.7,78.0,Bacharelado,Capitais,Presencial,Feminino,Branca,0.6824367052325461
CAND_05037,0.0,69.0,Bacharelado,Capitais,Presencial,Feminino,Parda,0.6127933151259815
CAND_05038,0.0,76.0,Bacharelado,Capitais,Híbrido,Masculino,Branca,0.9691289035126421
CAND_05039,0.0,62.0,Bacharelado,Capitais,Híbrido,Masculino,Amarela,0.5907514341774461
CAND_05040,3.9,91.0,Bacharelado,Capitais,Híbrido,Feminino,Branca,0.5518790717002422
CAND_05041,4.9,58.0,Bacharelado,Região Metropolitana,Remoto,Feminino,Branca,0.5019447970006153
CAND_05042,5.1,34.0,Mestrado,Capitais,Híbrido,Feminino,Preta,0.0
CAND_05043,7.1,28.0,Mestrado,Capitais,Híbrido,Feminino,Branca,0.5843312794016556
CAND_05044,1.9,51.0,Ensino Médio,Capitais,Híbrido,Masculino,Preta,0.20683059109863536
CAND_05045,5.2,46.0,Bacharelado,Capitais,Remoto,Masculino,Parda,0.9713569775894646
CAND_05046,10.0,71.0,Bacharelado,Capitais,Presencial,Não-binário,Branca,0.6906356516872506
CAND_05047,7.9,34.0,Mestrado,Região Metropolitana,Remoto,Masculino,Amarela,0.5385167783510735
CAND_05048,7.7,49.0,Mestrado,Capitais,Remoto,Masculino,Branca,1.0
CAND_05049,0.4,33.0,Bacharelado,Capitais,Híbrido,Masculino,Branca,0.6891663171752738
CAND_05050,5.2,53.0,Bacharelado,Região Metropolitana,Híbrido,Masculino,Branca,0.7188493345740328
CAND_05051,0.9,72.0,Bacharelado,Capitais,Remoto,Masculino,Preta,0.495205419511185
CAND_05052,3.6,56.0,Bacharelado,Região Metropolitana,Híbrido,Masculino,Branca,0.9050527892342989
CAND_05053,2.1,34.0,Mestrado,Capitais,Híbrido,Masculino,Amarela,0.5325827588947978
CAND_05054,7.8,62.0,Mestrado,Capitais,Presencial,Feminino,Branca,0.5966738439824694
CAND_05055,9.6,60.0,Mestrado,Região Metropolitana,Presencial,Feminino,Branca,0.6007575031468595
CAND_05056,5.4,50.0,Bacharelado,Região Metropolitana,Remoto,Feminino,Branca,0.4540066195444848
CAND_05057,5.4,43.0,Bacharelado,Região Metropolitana,Remoto,Masculino,Branca,0.9334977387718427
CAND_05058,7.1,29.0,Bacharelado,Capitais,Remoto,Masculino,Branca,0.7818487541465258
CAND_05059,5.8,73.0,Bacharelado,Região Metropolitana,Remoto,Masculino,Amarela,0.7015271073500382
CAND_05060,7.0,58.0,Mestrado,Região Metropolitana,Híbrido,Masculino,Branca,1.0
CAND_05061,6.7,23.0,Bacharelado,Região Metropolitana,Presencial,Masculino,Branca,0.9594858423617373
CAND_05062,7.4,14.0,Bacharelado,Capitais,Remoto,Masculino,Branca,0.69051392643268
CAND_05063,9.8,57.0,Bacharelado,Região Metropolitana,Remoto,Feminino,Parda,0.434744095131203
CAND_05064,0.0,47.0,Ensino Médio,Região Metropolitana,Remoto,Feminino,Branca,0.40949884618797044
CAND_05065,5.0,62.0,Bacharelado,Interior,Remoto,Masculino,Amarela,0.31702944822078805
CAND_05066,4.4,23.0,Bacharelado,Capitais,Híbrido,Feminino,Parda,0.17431716283898416
CAND_05067,6.4,59.0,Bacharelado,Capitais,Híbrido,Masculino,Amarela,0.6016219165880763
CAND_05068,2.3,24.0,Mestrado,Região Metropolitana,Presencial,Não-binário,Branca,0.1920991812403151
CAND_05069,7.4,61.0,Bacharelado,Capitais,Remoto,Masculino,Amarela,0.5637095168604948
CAND_05070,5.2,77.0,Bacharelado,Região Metropolitana,Híbrido,Masculino,Preta,0.5785449555861724
CAND_05071,3.8,44.0,Bacharelado,Região Metropolitana,Híbrido,Masculino,Branca,0.9168636462258055
CAND_05072,4.6,40.0,Bacharelado,Interior,Híbrido,Masculino,Branca,0.6908651198858069
CAND_05073,5.3,51.0,Ensino Médio,Região Metropolitana,Presencial,Masculino,Branca,0.8371783601835625
CAND_05074,2.1,40.0,Bacharelado,Capitais,Presencial,Masculino,Amarela,0.358270348662624
CAND_05075,0.0,48.0,Bacharelado,Região Metropolitana,Remoto,Masculino,Branca,0.9664349341367017
CAND_05076,6.5,17.0,Bacharelado,Região Metropolitana,Remoto,Feminino,Branca,0.5374950905701563
CAND_05077,5.2,42.0,Mestrado,Capitais,Remoto,Masculino,Preta,0.5415713357034816
CAND_05078,11.4,64.0,Bacharelado,Região Metropolitana,Remoto,Feminino,Amarela,0.3154545928576522
CAND_05079,5.9,36.0,Mestrado,Região Metropolitana,Presencial,Masculino,Preta,0.2955136821232504
CAND_05080,0.5,58.0,Bacharelado,Capitais,Presencial,Feminino,Branca,0.4040758188219592
CAND_05081,10.1,48.0,Bacharelado,Capitais,Remoto,Feminino,Parda,0.46355669107586994
CAND_05082,1.2,63.0,Mestrado,Capitais,Presencial,Feminino,Branca,0.5670764864040262
CAND_05083,3.0,57.0,Bacharelado,Capitais,Híbrido,Masculino,Preta,0.5320458647800751
CAND_05084,0.0,78.0,Ensino Médio,Capitais,Presencial,Não-binário,Preta,0.0
CAND_05085,8.2,69.0,Ensino Médio,Capitais,Híbrido,Feminino,Branca,0.6207443807173418
CAND_05086,6.4,46.0,Ensino Médio,Região Metropolitana,Remoto,Masculino,Parda,0.8586882561716064
CAND_05087,3.6,36.0,Ensino Médio,Capitais,Remoto,Masculino,Parda,0.7467156700637234
CAND_05088,0.0,30.0,Bacharelado,Região Metropolitana,Remoto,Feminino,Preta,0.0
CAND_05089,4.2,37.0,Bacharelado,Região Metropolitana,Remoto,Feminino,Amarela,0.0
CAND_05090,4.0,42.0,Mestrado,Capitais,Híbrido,Masculino,Branca,1.0
CAND_05091,4.7,73.0,Ensino Médio,Capitais,Remoto,Masculino,Parda,0.8230037882890389
CAND_05092,10.9,42.0,Bacharelado,Interior,Híbrido,Masculino,Branca,0.5664840554781208
CAND_05093,3.4,70.0,Bacharelado,Capitais,Remoto,Feminino,Preta,0.06471963768250405
CAND_05094,6.1,48.0,Mestrado,Capitais,Presencial,Feminino,Branca,0.5819838430566765
CAND_05095,3.5,56.0,Mestrado,Capitais,Presencial,Feminino,Parda,0.4975121013461324
CAND_05096,3.7,45.0,Bacharelado,Capitais,Presencial,Masculino,Branca,1.0
CAND_05097,4.4,76.0,Bacharelado,Região Metropolitana,Híbrido,Masculino,Preta,0.5402820170498125
CAND_05098,8.9,76.0,Ensino Médio,Capitais,Presencial,Feminino,Preta,0.16604756740112905
CAND_05099,12.2,40.0,Bacharelado,Capitais,Remoto,Feminino,Preta,0.08722796701399675
CAND_05100,0.0,64.0,Bacharelado,Capitais,Presencial,Feminino,Branca,0.7139254253477355
CAND_05101,6.6,58.0,Bacharelado,Capitais,Remoto,Feminino,Parda,0.4796370629868376
CAND_05102,10.4,51.0,Bacharelado,Capitais,Presencial,Feminino,Branca,0.7205021928136316
CAND_05103,8.7,75.0,Bacharelado,Capitais,Presencial,Masculino,Preta,0.29402729469190164
CAND_05104,10.9,50.0,Bacharelado,Capitais,Híbrido,Masculino,Amarela,0.6917041876404465
CAND_05105,3.4,56.0,Mestrado,Região Metropolitana,Presencial,Masculino,Branca,0.8435562649879846
CAND_05106,4.6,30.0,Mestrado,Capitais,Presencial,Masculino,Branca,1.0
CAND_05107,6.5,30.0,Ensino Médio,Capitais,Presencial,Masculino,Amarela,0.5254468367195835
CAND_05108,0.2,50.0,Mestrado,Capitais,Híbrido,Masculino,Preta,0.40333934405955585
CAND_05109,3.0,53.0,Bacharelado,Região Metropolitana,Híbrido,Masculino,Branca,0.8902023817437192
CAND_05110,2.5,25.0,Bacharelado,Capitais,Remoto,Masculino,Branca,0.7579492761638768
CAND_05111,5.6,42.0,Bacharelado,Região Metropolitana,Presencial,Masculino,Branca,0.802840249669963
CAND_05112,2.1,88.0,Bacharelado,Capitais,Presencial,Masculino,Parda,0.9056980699700764
CAND_05113,5.1,49.0,Bacharelado,Capitais,Presencial,Masculino,Amarela,0.43877310057311764
CAND_05114,5.1,58.0,Bacharelado,Região Metropolitana,Remoto,Feminino,Branca,0.5472293512854971
CAND_05115,3.5,54.0,Ensino Médio,Região Metropolitana,Remoto,Masculino,Branca,0.6873051271339636
CAND_05116,3.4,50.0,Bacharelado,Interior,Híbrido,Não-binário,Preta,0.0
CAND_05117,5.1,43.0,Bacharelado,Capitais,Híbrido,Feminino,Parda,0.5190874645505965
CAND_05118,4.6,35.0,Bacharelado,Região Metropolitana,Remoto,Masculino,Branca,0.6664508709321728
CAND_05119,0.0,48.0,Bacharelado,Capitais,Presencial,Masculino,Preta,0.34948841966818955
CAND_05120,7.7,68.0,Bacharelado,Capitais,Híbrido,Masculino,Indígena,0.8590489176012664
CAND_05121,9.9,28.0,Bacharelado,Capitais,Presencial,Feminino,Parda,0.2632103989597738
CAND_05122,4.2,49.0,Bacharelado,Capitais,Presencial,Masculino,Indígena,0.5988804423314799
CAND_05123,4.5,78.0,Bacharelado,Capitais,Remoto,Masculino,Preta,0.49955845133799726
CAND_05124,7.8,60.0,Bacharelado,Capitais,Remoto,Masculino,Parda,0.9141285198253852
CAND_05125,4.2,48.0,Bacharelado,Capitais,Presencial,Feminino,Parda,0.46981317612308193
CAND_05126,3.3,52.0,Mestrado,Capitais,Presencial,Masculino,Indígena,0.6865940707533994
CAND_05127,4.9,52.0,Bacharelado,Capitais,Remoto,Masculino,Branca,1.0
CAND_05128,3.4,70.0,Mestrado,Capitais,Presencial,Masculino,Preta,0.579657474193792
CAND_05129,2.3,52.0,Bacharelado,Capitais,Remoto,Masculino,Branca,0.9611159335781202
CAND_05130,3.8,26.0,Bacharelado,Capitais,Remoto,Feminino,Branca,0.46605492779390506
CAND_05131,10.3,43.0,Bacharelado,Interior,Remoto,Masculino,Branca,0.8593282461927695
CAND_05132,5.1,53.0,Mestrado,Capitais,Remoto,Masculino,Preta,0.362306811773771
CAND_05133,3.3,46.0,Mestrado,Capitais,Híbrido,Feminino,Branca,0.3670543955821558
CAND_05134,9.6,64.0,Bacharelado,Região Metropolitana,Presencial,Feminino,Branca,0.6840777517427656
CAND_05135,0.0,78.0,Mestrado,Capitais,Presencial,Masculino,Branca,1.0
CAND_05136,12.6,47.0,Bacharelado,Região Metropolitana,Híbrido,Masculino,Amarela,0.5693303816787272
CAND_05137,2.5,55.0,Mestrado,Região Metropolitana,Presencial,Masculino,Amarela,0.41579964395189084
CAND_05138,7.5,88.0,Bacharelado,Capitais,Híbrido,Masculino,Preta,0.9055913439422958
CAND_05139,2.3,70.0,Bacharelado,Capitais,Híbrido,Masculino,Preta,0.35442629062025766
CAND_05140,3.9,63.0,Doutorado,Capitais,Híbrido,Feminino,Parda,0.5424039512366663
CAND_05141,5.6,35.0,Bacharelado,Capitais,Híbrido,Masculino,Branca,0.7886727741363448
CAND_05142,10.3,39.0,Bacharelado,Capitais,Presencial,Feminino,Branca,0.6212934917947166
CAND_05143,1.0,43.0,Bacharelado,Região Metropolitana,Híbrido,Feminino,Preta,0.0
CAND_05144,5.6,63.0,Bacharelado,Região Metropolitana,Remoto,Feminino,Branca,0.6486050644368462
CAND_05145,7.7,66.0,Mestrado,Capitais,Remoto,Masculino,Preta,0.6447093772637431
CAND_05146,4.2,47.0,Mestrado,Capitais,Híbrido,Feminino,Branca,0.4541196718040641
CAND_05147,7.0,19.0,Bacharelado,Capitais,Presencial,Masculino,Branca,0.8987599355891339
CAND_05148,0.7,23.0,Bacharelado,Região Metropolitana,Presencial,Masculino,Parda,0.6539481871089458
CAND_05149,5.5,34.0,Bacharelado,Capitais,Remoto,Masculino,Branca,0.9645664833716212
CAND_05150,9.1,89.0,Bacharelado,Interior,Remoto,Masculino,Amarela,0.58400367140349
CAND_05151,1.2,65.0,Mestrado,Capitais,Híbrido,Feminino,Branca,0.6581875248329216
CAND_05152,3.1,7.0,Mestrado,Capitais,Presencial,Não-binário,Indígena,0.0
CAND_05153,0.0,49.0,Doutorado,Capitais,Remoto,Masculino,Amarela,0.5236073664548807
CAND_05154,3.8,55.0,Bacharelado,Interior,Remoto,Masculino,Branca,0.5266370014546936
CAND_05155,0.0,14.0,Mestrado,Capitais,Híbrido,Masculino,Branca,0.6699167352149991
CAND_05156,1.8,76.0,Bacharelado,Capitais,Remoto,Masculino,Branca,0.9444872568385483
CAND_05157,7.0,45.0,Bacharelado,Capitais,Remoto,Masculino,Preta,0.46643807768098366
CAND_05158,0.1,49.0,Mestrado,Região Metropolitana,Híbrido,Masculino,Parda,0.6475712053019167
CAND_05159,6.4,56.0,Bacharelado,Região Metropolitana,Presencial,Masculino,Parda,0.8522653597840868
CAND_05160,6.9,53.0,Bacharelado,Capitais,Presencial,Não-binário,Branca,0.6405811821872517
CAND_05161,3.0,27.0,Bacharelado,Interior,Remoto,Masculino,Amarela,0.1769566421672918
CAND_05162,2.3,46.0,Mestrado,Capitais,Híbrido,Feminino,Branca,0.4513838916497972
CAND_05163,1.8,88.0,Bacharelado,Interior,Presencial,Feminino,Branca,0.4517970595522598
CAND_05164,1.6,54.0,Bacharelado,Região Metropolitana,Presencial,Masculino,Branca,0.9011095167050047
CAND_05165,6.7,42.0,Mestrado,Capitais,Remoto,Masculino,Preta,0.6747453603285243
CAND_05166,1.2,35.0,Bacharelado,Região Metropolitana,Híbrido,Masculino,Branca,0.5801342622186553
CAND_05167,5.6,33.0,Bacharelado,Capitais,Híbrido,Feminino,Preta,0.0
CAND_05168,0.0,35.0,Mestrado,Região Metropolitana,Híbrido,Feminino,Branca,0.3404552603955326
CAND_05169,4.9,72.0,Bacharelado,Interior,Remoto,Masculino,Branca,0.841890837670161
CAND_05170,9.1,62.0,Ensino Médio,Capitais,Híbrido,Masculino,Preta,0.560061349569136
CAND_05171,6.7,45.0,Bacharelado,Capitais,Presencial,Feminino,Indígena,0.2907680345046998
CAND_05172,3.8,71.0,Bacharelado,Capitais,Presencial,Masculino,Branca,0.7329789499795946
CAND_05173,2.8,57.0,Ensino Médio,Interior,Presencial,Masculino,Branca,0.5572776677057962
CAND_05174,0.3,17.0,Bacharelado,Capitais,Presencial,Masculino,Branca,0.8095804064274646
CAND_05175,7.4,43.0,Bacharelado,Região Metropolitana,Remoto,Feminino,Branca,0.4774476934353847
CAND_05176,8.2,62.0,Bacharelado,Região Metropolitana,Presencial,Masculino,Indígena,0.6726357238210682
CAND_05177,6.1,32.0,Bacharelado,Capitais,Híbrido,Masculino,Preta,0.34283468682955354
CAND_05178,6.1,52.0,Mestrado,Capitais,Presencial,Masculino,Amarela,0.585032817847809
CAND_05179,0.0,34.0,Bacharelado,Capitais,Híbrido,Feminino,Parda,0.23744349560974437
CAND_05180,7.2,56.0,Bacharelado,Região Metropolitana,Remoto,Não-binário,Branca,0.38572380331168055
CAND_05181,3.7,44.0,Bacharelado,Capitais,Remoto,Feminino,Preta,0.0
CAND_05182,4.2,25.0,Mestrado,Capitais,Híbrido,Masculino,Preta,0.37698476170402073
CAND_05183,6.8,62.0,Bacharelado,Interior,Remoto,Feminino,Parda,0.2991137337055173
CAND_05184,0.6,52.0,Mestrado,Capitais,Híbrido,Feminino,Indígena,0.12551589024630425
CAND_05185,3.0,63.0,Bacharelado,Região Metropolitana,Remoto,Masculino,Indígena,0.4915840472752426
CAND_05186,3.6,24.0,Doutorado,Capitais,Híbrido,Masculino,Branca,0.8113697031415822
CAND_05187,1.3,75.0,Bacharelado,Capitais,Híbrido,Feminino,Amarela,0.27717570163958144
CAND_05188,5.4,74.0,Bacharelado,Região Metropolitana,Híbrido,Masculino,Branca,1.0
CAND_05189,1.9,45.0,Mestrado,Capitais,Presencial,Feminino,Amarela,0.11179392201744397
CAND_05190,8.2,63.0,Bacharelado,Região Metropolitana,Híbrido,Feminino,Branca,0.5239675074519297
CAND_05191,2.5,55.0,Bacharelado,Região Metropolitana,Híbrido,Feminino,Branca,0.5197791881265409
CAND_05192,1.2,38.0,Bacharelado,Região Metropolitana,Presencial,Masculino,Preta,0.06315874224590692
CAND_05193,6.2,49.0,Bacharelado,Capitais,Remoto,Masculino,Preta,0.3338587153588839
CAND_05194,2.4,59.0,Bacharelado,Capitais,Remoto,Feminino,Preta,0.0
CAND_05195,4.6,61.0,Bacharelado,Capitais,Presencial,Masculino,Preta,0.39863270459943784
CAND_05196,5.1,50.0,Doutorado,Capitais,Presencial,Masculino,Branca,1.0
CAND_05197,3.2,22.0,Bacharelado,Capitais,Remoto,Masculino,Preta,0.3274956794887107
CAND_05198,1.4,49.0,Bacharelado,Região Metropolitana,Remoto,Masculino,Preta,0.1916528410190172
CAND_05199,5.2,37.0,Doutorado,Interior,Presencial,Feminino,Parda,0.160300073392099
CAND_05200,1.2,68.0,Bacharelado,Região Metropolitana,Presencial,Masculino,Branca,1.0
CAND_05201,5.8,64.0,Bacharelado,Região Metropolitana,Híbrido,Feminino,Preta,0.0
CAND_05202,8.4,34.0,Bacharelado,Capitais,Remoto,Masculino,Branca,0.9494180147164872
CAND_05203,9.8,63.0,Bacharelado,Capitais,Híbrido,Feminino,Branca,0.6694827658310246
CAND_05204,5.6,54.0,Mestrado,Região Metropolitana,Híbrido,Masculino,Branca,0.8435412476826922
CAND_05205,4.0,54.0,Bacharelado,Capitais,Remoto,Masculino,Indígena,0.6926173729017439
CAND_05206,2.7,37.0,Bacharelado,Capitais,Híbrido,Masculino,Branca,0.9789197671805183
CAND_05207,5.9,78.0,Bacharelado,Capitais,Remoto,Masculino,Branca,1.0
CAND_05208,2.7,52.0,Mestrado,Região Metropolitana,Híbrido,Feminino,Parda,0.3107218244042479
CAND_05209,4.9,15.0,Ensino Médio,Capitais,Híbrido,Feminino,Branca,0.2892996030335013
CAND_05210,9.0,70.0,Bacharelado,Região Metropolitana,Híbrido,Feminino,Branca,0.5232882065914001
CAND_05211,7.0,50.0,Bacharelado,Interior,Híbrido,Masculino,Branca,0.5840980913396134
CAND_05212,9.9,85.0,Bacharelado,Capitais,Presencial,Feminino,Branca,0.7726998332533342
CAND_05213,9.8,40.0,Bacharelado,Capitais,Híbrido,Feminino,Branca,0.7354071478488813
CAND_05214,9.5,65.0,Bacharelado,Capitais,Híbrido,Masculino,Preta,0.49284559448968995
CAND_05215,4.4,16.0,Ensino Médio,Capitais,Presencial,Feminino,Indígena,0.0657356601794487
CAND_05216,6.4,48.0,Ensino Médio,Interior,Presencial,Masculino,Parda,0.5056272423246511
CAND_05217,5.9,18.0,Ensino Médio,Capitais,Híbrido,Feminino,Amarela,0.0
CAND_05218,5.2,41.0,Bacharelado,Capitais,Híbrido,Feminino,Branca,0.4532709397774107
CAND_05219,0.0,30.0,Bacharelado,Capitais,Presencial,Masculino,Branca,0.8269658426266758
CAND_05220,9.0,31.0,Bacharelado,Capitais,Presencial,Masculino,Branca,1.0
CAND_05221,0.5,63.0,Ensino Médio,Capitais,Híbrido,Masculino,Branca,0.9834354385416928
CAND_05222,6.6,64.0,Bacharelado,Capitais,Híbrido,Masculino,Branca,1.0
CAND_05223,6.1,38.0,Bacharelado,Capitais,Remoto,Masculino,Parda,0.8521010022493973
CAND_05224,4.4,72.0,Bacharelado,Interior,Híbrido,Masculino,Branca,0.819905424691643
CAND_05225,0.9,75.0,Mestrado,Capitais,Remoto,Feminino,Branca,0.7162398937561226
CAND_05226,6.8,33.0,Bacharelado,Capitais,Híbrido,Masculino,Branca,0.8164934333099453
CAND_05227,5.4,29.0,Bacharelado,Capitais,Presencial,Masculino,Branca,0.8528863853401714
CAND_05228,7.0,71.0,Bacharelado,Capitais,Híbrido,Masculino,Branca,1.0
CAND_05229,7.3,41.0,Mestrado,Região Metropolitana,Híbrido,Masculino,Branca,0.7851407181007765
CAND_05230,2.9,73.0,Mestrado,Região Metropolitana,Híbrido,Feminino,Amarela,0.22365063473900093
CAND_05231,0.0,41.0,Bacharelado,Capitais,Presencial,Masculino,Branca,0.9243220218475234
CAND_05232,8.2,49.0,Doutorado,Capitais,Remoto,Feminino,Branca,0.7350780402617461
CAND_05233,7.5,40.0,Bacharelado,Região Metropolitana,Presencial,Masculino,Branca,0.8412973896151348
CAND_05234,3.5,62.0,Bacharelado,Capitais,Remoto,Feminino,Indígena,0.14544874855193268
CAND_05235,8.5,47.0,Mestrado,Interior,Híbrido,Feminino,Branca,0.29666735078100037
CAND_05236,3.7,71.0,Bacharelado,Interior,Presencial,Masculino,Preta,0.13412357995670027
CAND_05237,4.5,45.0,Bacharelado,Capitais,Remoto,Feminino,Branca,0.44480983073569774
CAND_05238,3.5,35.0,Mestrado,Interior,Híbrido,Feminino,Preta,0.0
CAND_05239,6.0,37.0,Ensino Médio,Capitais,Remoto,Feminino,Parda,0.28524495332178246
CAND_05240,8.6,54.0,Bacharelado,Região Metropolitana,Híbrido,Masculino,Branca,0.9902470204792717
CAND_05241,3.6,57.0,Ensino Médio,Capitais,Remoto,Masculino,Amarela,0.7330094894233714
CAND_05242,5.7,71.0,Bacharelado,Região Metropolitana,Híbrido,Não-binário,Branca,0.24763259276714852
CAND_05243,4.3,73.0,Mestrado,Interior,Híbrido,Masculino,Branca,0.6817544262161725
CAND_05244,4.6,44.0,Bacharelado,Capitais,Híbrido,Masculino,Parda,0.8301432882285951
CAND_05245,10.6,23.0,Bacharelado,Capitais,Híbrido,Feminino,Parda,0.3858350199867519
CAND_05246,0.0,39.0,Ensino Médio,Capitais,Híbrido,Feminino,Parda,0.22671760974669392
CAND_05247,1.2,59.0,Bacharelado,Região Metropolitana,Híbrido,Masculino,Branca,0.9385359000942293
CAND_05248,5.5,48.0,Bacharelado,Capitais,Híbrido,Masculino,Branca,0.9721945872769958
CAND_05249,6.7,49.0,Mestrado,Capitais,Híbrido,Masculino,Branca,1.0
CAND_05250,11.8,65.0,Bacharelado,Capitais,Híbrido,Feminino,Branca,0.6366791360887831
CAND_05251,7.0,48.0,Bacharelado,Capitais,Híbrido,Masculino,Branca,0.9583743826551586
CAND_05252,4.8,54.0,Bacharelado,Região Metropolitana,Remoto,Não-binário,Preta,0.0
CAND_05253,0.0,78.0,Bacharelado,Capitais,Remoto,Feminino,Preta,0.0062824073878619754
CAND_05254,10.3,58.0,Mestrado,Interior,Presencial,Feminino,Branca,0.5646658811738217
CAND_05255,2.5,40.0,Bacharelado,Capitais,Híbrido,Masculino,Branca,0.894783051066905
CAND_05256,7.4,74.0,Mestrado,Região Metropolitana,Híbrido,Masculino,Parda,0.7695561821557916
CAND_05257,4.8,65.0,Bacharelado,Capitais,Remoto,Masculino,Branca,0.9853339032448505
CAND_05258,7.3,25.0,Bacharelado,Capitais,Remoto,Masculino,Branca,0.8084839085133916
CAND_05259,3.1,42.0,Ensino Médio,Região Metropolitana,Presencial,Feminino,Branca,0.3064396141756077
CAND_05260,8.1,71.0,Mestrado,Capitais,Presencial,Masculino,Branca,1.0
CAND_05261,6.6,27.0,Bacharelado,Capitais,Remoto,Feminino,Preta,0.0
CAND_05262,5.8,51.0,Ensino Médio,Região Metropolitana,Híbrido,Masculino,Preta,0.418966615265047
CAND_05263,0.7,33.0,Bacharelado,Capitais,Remoto,Masculino,Branca,0.713765006203767
CAND_05264,2.9,80.0,Bacharelado,Capitais,Remoto,Feminino,Branca,0.5803497191862378
CAND_05265,7.1,22.0,Bacharelado,Capitais,Híbrido,Masculino,Branca,1.0
CAND_05266,7.1,51.0,Ensino Médio,Região Metropolitana,Híbrido,Masculino,Branca,0.957288749250116
CAND_05267,4.5,55.0,Bacharelado,Capitais,Híbrido,Masculino,Branca,1.0
CAND_05268,5.5,69.0,Doutorado,Capitais,Híbrido,Feminino,Branca,0.8549301726745909
CAND_05269,3.5,70.0,Bacharelado,Capitais,Presencial,Não-binário,Branca,0.4671789025302209
CAND_05270,5.5,60.0,Bacharelado,Capitais,Híbrido,Masculino,Parda,0.9963806821425742
CAND_05271,5.9,62.0,Mestrado,Capitais,Remoto,Feminino,Branca,0.7703524760206625
CAND_05272,8.6,53.0,Bacharelado,Região Metropolitana,Híbrido,Masculino,Branca,0.8832559074164914
CAND_05273,9.5,44.0,Ensino Médio,Região Metropolitana,Remoto,Masculino,Amarela,0.3798820331473951
CAND_05274,6.6,58.0,Bacharelado,Região Metropolitana,Remoto,Masculino,Branca,0.8612756676379161
CAND_05275,3.9,72.0,Doutorado,Capitais,Híbrido,Masculino,Preta,0.6913365370556463
CAND_05276,6.6,73.0,Bacharelado,Capitais,Remoto,Masculino,Branca,1.0
CAND_05277,7.9,23.0,Ensino Médio,Capitais,Remoto,Masculino,Branca,0.754437294021125
CAND_05278,12.3,60.0,Mestrado,Capitais,Híbrido,Masculino,Branca,1.0
CAND_05279,9.7,61.0,Ensino Médio,Capitais,Híbrido,Feminino,Parda,0.562403112115431
CAND_05280,7.1,19.0,Ensino Médio,Interior,Híbrido,Feminino,Amarela,0.0
CAND_05281,8.5,82.0,Ensino Médio,Capitais,Híbrido,Masculino,Branca,1.0
CAND_05282,7.6,36.0,Mestrado,Capitais,Remoto,Masculino,Parda,0.7712969316513663
CAND_05283,1.9,75.0,Bacharelado,Capitais,Presencial,Feminino,Branca,0.6411311694305858
CAND_05284,5.4,23.0,Mestrado,Região Metropolitana,Presencial,Masculino,Preta,0.1922956149039667
CAND_05285,6.0,67.0,Bacharelado,Região Metropolitana,Presencial,Masculino,Indígena,0.6654536068644944
CAND_05286,5.6,34.0,Bacharelado,Região Metropolitana,Presencial,Feminino,Amarela,0.011043389542681968
CAND_05287,3.3,32.0,Mestrado,Interior,Híbrido,Masculino,Branca,0.608489915681797
CAND_05288,1.5,48.0,Bacharelado,Capitais,Híbrido,Masculino,Branca,0.9974165764045855
CAND_05289,6.1,45.0,Ensino Médio,Capitais,Remoto,Feminino,Branca,0.5395941551769848
CAND_05290,3.3,18.0,Mestrado,Capitais,Remoto,Masculino,Branca,0.837781395117189
CAND_05291,9.1,45.0,Mestrado,Capitais,Remoto,Masculino,Branca,0.9995384015906841
CAND_05292,0.0,64.0,Doutorado,Capitais,Híbrido,Masculino,Branca,1.0
CAND_05293,6.7,74.0,Mestrado,Capitais,Presencial,Masculino,Branca,1.0
CAND_05294,3.7,58.0,Bacharelado,Capitais,Presencial,Masculino,Branca,0.8133952052491688
CAND_05295,3.8,53.0,Doutorado,Interior,Híbrido,Masculino,Branca,0.7343868362089245
CAND_05296,4.9,18.0,Bacharelado,Capitais,Presencial,Masculino,Branca,0.6962888446786836
CAND_05297,7.3,52.0,Bacharelado,Região Metropolitana,Híbrido,Masculino,Branca,0.8845492986444059
CAND_05298,1.9,46.0,Bacharelado,Região Metropolitana,Remoto,Feminino,Branca,0.4423935313371734
CAND_05299,5.7,32.0,Mestrado,Interior,Remoto,Feminino,Parda,0.15148995891240086
CAND_05300,5.7,41.0,Ensino Médio,Região Metropolitana,Presencial,Masculino,Branca,0.8332549326668401
CAND_05301,4.8,46.0,Bacharelado,Capitais,Remoto,Masculino,Branca,0.8196997780356085
CAND_05302,4.0,42.0,Bacharelado,Capitais,Presencial,Feminino,Branca,0.525953540854523
CAND_05303,9.1,49.0,Mestrado,Capitais,Presencial,Feminino,Branca,0.8143339076396509
CAND_05304,0.5,37.0,Bacharelado,Região Metropolitana,Remoto,Masculino,Branca,0.6398358241574487
CAND_05305,5.0,29.0,Mestrado,Capitais,Remoto,Feminino,Branca,0.5116998866668568
CAND_05306,2.3,44.0,Bacharelado,Capitais,Híbrido,Masculino,Indígena,0.5693661041008603
CAND_05307,11.5,35.0,Bacharelado,Região Metropolitana,Híbrido,Feminino,Amarela,0.0
CAND_05308,1.7,73.0,Ensino Médio,Região Metropolitana,Híbrido,Feminino,Preta,0.0
CAND_05309,6.7,46.0,Bacharelado,Capitais,Presencial,Masculino,Branca,1.0
CAND_05310,5.6,62.0,Bacharelado,Capitais,Híbrido,Masculino,Indígena,0.6314835264575099
CAND_05311,0.8,40.0,Ensino Médio,Capitais,Remoto,Masculino,Parda,0.5776002260334636
CAND_05312,1.2,60.0,Bacharelado,Capitais,Híbrido,Feminino,Branca,0.4649091874502491
CAND_05313,4.1,60.0,Mestrado,Região Metropolitana,Presencial,Feminino,Parda,0.5213390203496019
CAND_05314,6.0,53.0,Bacharelado,Interior,Presencial,Masculino,Branca,0.6540826629433955
CAND_05315,5.5,79.0,Bacharelado,Capitais,Presencial,Masculino,Branca,1.0
CAND_05316,10.9,57.0,Ensino Médio,Capitais,Presencial,Feminino,Preta,0.014424244010618176
CAND_05317,3.6,41.0,Bacharelado,Região Metropolitana,Presencial,Masculino,Branca,0.7856443432149296
CAND_05318,0.0,55.0,Bacharelado,Capitais,Híbrido,Masculino,Branca,0.919183963255952
CAND_05319,5.7,53.0,Bacharelado,Capitais,Remoto,Masculino,Amarela,0.5930016974822678
CAND_05320,3.6,61.0,Bacharelado,Região Metropolitana,Híbrido,Masculino,Amarela,0.5049539538242603
CAND_05321,4.2,42.0,Bacharelado,Interior,Híbrido,Feminino,Branca,0.19131604253136097
CAND_05322,6.2,31.0,Bacharelado,Região Metropolitana,Híbrido,Masculino,Amarela,0.3640538623904777
CAND_05323,2.1,33.0,Ensino Médio,Interior,Híbrido,Masculino,Preta,0.0
CAND_05324,4.1,47.0,Ensino Médio,Região Metropolitana,Híbrido,Masculino,Branca,0.7305225934842471
CAND_05325,4.2,69.0,Ensino Médio,Interior,Híbrido,Masculino,Parda,0.6304415382135329
CAND_05326,10.1,63.0,Bacharelado,Região Metropolitana,Presencial,Feminino,Branca,0.6154119248419112
CAND_05327,8.8,41.0,Mestrado,Capitais,Híbrido,Feminino,Preta,0.24185730570361866
CAND_05328,10.8,41.0,Mestrado,Capitais,Híbrido,Masculino,Branca,1.0
CAND_05329,5.3,39.0,Mestrado,Capitais,Presencial,Masculino,Branca,1.0
CAND_05330,3.4,86.0,Bacharelado,Interior,Remoto,Feminino,Branca,0.209378327274529
CAND_05331,8.6,21.0,Bacharelado,Capitais,Remoto,Masculino,Preta,0.29891308444599196
CAND_05332,6.2,56.0,Bacharelado,Capitais,Remoto,Feminino,Branca,0.5191508264371117
CAND_05333,6.7,41.0,Bacharelado,Capitais,Híbrido,Feminino,Branca,0.567291646582056
CAND_05334,4.9,31.0,Bacharelado,Região Metropolitana,Híbrido,Feminino,Preta,0.0
CAND_05335,3.6,33.0,Bacharelado,Região Metropolitana,Presencial,Masculino,Parda,0.7060430608548165
CAND_05336,0.0,31.0,Bacharelado,Capitais,Presencial,Feminino,Parda,0.370912502150311
CAND_05337,5.0,49.0,Bacharelado,Região Metropolitana,Presencial,Masculino,Branca,0.8473826588102279
CAND_05338,5.6,73.0,Bacharelado,Capitais,Presencial,Feminino,Branca,0.8766823982158869
CAND_05339,9.8,26.0,Bacharelado,Capitais,Híbrido,Masculino,Amarela,0.42771136765212414
CAND_05340,10.2,28.0,Ensino Médio,Capitais,Híbrido,Masculino,Branca,0.9297399920468609
CAND_05341,7.3,41.0,Doutorado,Interior,Presencial,Masculino,Branca,0.654184173748013
CAND_05342,3.5,58.0,Bacharelado,Capitais,Presencial,Masculino,Indígena,0.56210511100655
CAND_05343,5.0,24.0,Bacharelado,Capitais,Remoto,Masculino,Branca,0.9962093646351984
CAND_05344,1.1,68.0,Bacharelado,Capitais,Remoto,Feminino,Preta,0.14273269276654618
CAND_05345,1.3,35.0,Mestrado,Capitais,Presencial,Feminino,Branca,0.5607661833239539
CAND_05346,0.0,38.0,Mestrado,Região Metropolitana,Presencial,Feminino,Amarela,0.07028696451027111
CAND_05347,6.8,37.0,Mestrado,Capitais,Remoto,Masculino,Preta,0.5788502758403807
CAND_05348,8.3,51.0,Mestrado,Região Metropolitana,Híbrido,Feminino,Branca,0.5503955748139844
CAND_05349,7.4,31.0,Bacharelado,Capitais,Híbrido,Feminino,Branca,0.5607758978152594
CAND_05350,7.1,34.0,Mestrado,Capitais,Híbrido,Masculino,Branca,1.0
CAND_05351,5.8,47.0,Bacharelado,Região Metropolitana,Presencial,Feminino,Preta,0.0
CAND_05352,3.2,16.0,Mestrado,Capitais,Presencial,Feminino,Branca,0.5781398108602684
CAND_05353,3.5,34.0,Bacharelado,Capitais,Híbrido,Feminino,Preta,0.0
CAND_05354,9.7,50.0,Bacharelado,Capitais,Híbrido,Feminino,Branca,0.6116765879779444
CAND_05355,6.4,47.0,Mestrado,Interior,Híbrido,Masculino,Branca,0.7145618737470176
CAND_05356,6.5,37.0,Mestrado,Capitais,Híbrido,Masculino,Branca,1.0
CAND_05357,2.7,15.0,Ensino Médio,Capitais,Presencial,Masculino,Branca,0.8361740730857699
CAND_05358,3.8,63.0,Bacharelado,Capitais,Híbrido,Masculino,Branca,0.7189584142903366
CAND_05359,0.0,60.0,Bacharelado,Capitais,Presencial,Masculino,Branca,0.902667926918624
CAND_05360,7.9,18.0,Bacharelado,Região Metropolitana,Remoto,Feminino,Branca,0.2582883037262842
CAND_05361,5.9,62.0,Mestrado,Interior,Híbrido,Masculino,Branca,0.7782136295029002
CAND_05362,8.5,61.0,Bacharelado,Interior,Presencial,Feminino,Branca,0.3255780354624789
CAND_05363,6.5,37.0,Bacharelado,Capitais,Presencial,Masculino,Indígena,0.6956577917500357
CAND_05364,4.9,44.0,Bacharelado,Capitais,Presencial,Masculino,Branca,0.983648920948995
CAND_05365,0.8,35.0,Bacharelado,Capitais,Híbrido,Masculino,Branca,0.8007616135528408
CAND_05366,10.7,38.0,Bacharelado,Capitais,Remoto,Masculino,Branca,0.8752076301786342
CAND_05367,0.0,45.0,Mestrado,Região Metropolitana,Presencial,Masculino,Branca,0.7772290654559427
CAND_05368,11.5,32.0,Bacharelado,Capitais,Remoto,Feminino,Branca,0.49754757728579396
CAND_05369,7.2,31.0,Bacharelado,Capitais,Híbrido,Não-binário,Branca,0.45994791098389176
CAND_05370,0.9,44.0,Doutorado,Capitais,Híbrido,Masculino,Amarela,0.7299254140996078
CAND_05371,2.7,43.0,Doutorado,Região Metropolitana,Remoto,Feminino,Branca,0.5725682784516624
CAND_05372,11.4,35.0,Ensino Médio,Capitais,Presencial,Masculino,Branca,0.8925706282910364
CAND_05373,1.2,47.0,Ensino Médio,Capitais,Híbrido,Não-binário,Parda,0.2964498540090806
CAND_05374,3.6,53.0,Mestrado,Interior,Remoto,Masculino,Branca,0.8646369565604703
CAND_05375,8.7,48.0,Doutorado,Interior,Híbrido,Masculino,Branca,0.5582339180738021
CAND_05376,4.4,41.0,Bacharelado,Região Metropolitana,Híbrido,Masculino,Parda,0.6315455151722484
CAND_05377,0.0,62.0,Bacharelado,Região Metropolitana,Presencial,Masculino,Amarela,0.3080846539894194
CAND_05378,5.2,38.0,Mestrado,Região Metropolitana,Remoto,Feminino,Branca,0.4820029984725646
CAND_05379,1.2,29.0,Mestrado,Interior,Remoto,Feminino,Branca,0.20168262900098838
CAND_05380,0.0,43.0,Bacharelado,Capitais,Híbrido,Masculino,Preta,0.35907267031344403
CAND_05381,4.6,56.0,Ensino Médio,Capitais,Híbrido,Feminino,Preta,0.1878023778508397
CAND_05382,5.5,22.0,Mestrado,Região Metropolitana,Híbrido,Feminino,Branca,0.44769796391820893
CAND_05383,6.1,51.0,Doutorado,Capitais,Remoto,Masculino,Preta,0.65190215638068
CAND_05384,4.3,28.0,Mestrado,Capitais,Presencial,Masculino,Preta,0.37657512756822786
CAND_05385,1.5,54.0,Bacharelado,Interior,Híbrido,Masculino,Amarela,0.06987030591470364
CAND_05386,7.7,52.0,Ensino Médio,Capitais,Remoto,Masculino,Branca,0.8869372547926511
CAND_05387,6.2,77.0,Bacharelado,Capitais,Híbrido,Masculino,Parda,0.9260564225858146
CAND_05388,4.6,35.0,Mestrado,Capitais,Presencial,Masculino,Branca,0.8975241037530066
CAND_05389,1.8,59.0,Bacharelado,Capitais,Presencial,Masculino,Branca,0.93591619777046
CAND_05390,3.4,73.0,Bacharelado,Capitais,Híbrido,Masculino,Branca,1.0
CAND_05391,6.6,67.0,Mestrado,Capitais,Híbrido,Feminino,Preta,0.22898801305280353
CAND_05392,5.9,39.0,Bacharelado,Capitais,Híbrido,Masculino,Preta,0.37700235153537437
CAND_05393,6.3,61.0,Bacharelado,Região Metropolitana,Híbrido,Feminino,Preta,0.0
CAND_05394,10.7,26.0,Bacharelado,Região Metropolitana,Híbrido,Masculino,Branca,1.0
CAND_05395,0.2,50.0,Mestrado,Capitais,Híbrido,Feminino,Branca,0.22431528581462162
CAND_05396,4.4,37.0,Bacharelado,Região Metropolitana,Híbrido,Masculino,Preta,0.30295670894052207
CAND_05397,7.7,46.0,Mestrado,Capitais,Híbrido,Feminino,Preta,0.28295775120373723
CAND_05398,4.7,73.0,Bacharelado,Capitais,Híbrido,Feminino,Branca,0.7311839054700737
CAND_05399,3.3,71.0,Bacharelado,Capitais,Remoto,Não-binário,Branca,0.4200660728077609
CAND_05400,8.6,51.0,Bacharelado,Região Metropolitana,Híbrido,Masculino,Preta,0.4581240231194294
CAND_05401,4.7,55.0,Ensino Médio,Capitais,Presencial,Feminino,Branca,0.6144957259138156
CAND_05402,9.9,38.0,Bacharelado,Capitais,Presencial,Não-binário,Branca,0.42444471511675175
CAND_05403,3.6,65.0,Ensino Médio,Região Metropolitana,Híbrido,Masculino,Branca,0.87603533981011
CAND_05404,0.0,73.0,Doutorado,Capitais,Híbrido,Masculino,Branca,1.0
CAND_05405,7.0,53.0,Bacharelado,Capitais,Presencial,Masculino,Branca,0.9247429865690667
CAND_05406,1.8,60.0,Bacharelado,Região Metropolitana,Remoto,Masculino,Amarela,0.43058938892353343
CAND_05407,4.8,59.0,Bacharelado,Capitais,Presencial,Feminino,Branca,0.6760294774805379
CAND_05408,6.2,32.0,Bacharelado,Região Metropolitana,Híbrido,Masculino,Preta,0.11273368445724866
CAND_05409,7.3,52.0,Mestrado,Região Metropolitana,Híbrido,Masculino,Preta,0.39704438241755924
CAND_05410,8.8,37.0,Bacharelado,Capitais,Presencial,Masculino,Branca,1.0
CAND_05411,1.4,55.0,Bacharelado,Capitais,Remoto,Masculino,Branca,0.8271179698780174
CAND_05412,1.4,58.0,Bacharelado,Capitais,Híbrido,Feminino,Branca,0.39007021098380756
CAND_05413,2.9,39.0,Bacharelado,Região Metropolitana,Híbrido,Masculino,Amarela,0.39418699578219685
CAND_05414,6.0,79.0,Bacharelado,Capitais,Presencial,Masculino,Preta,0.5605156969204684
CAND_05415,3.0,41.0,Bacharelado,Interior,Remoto,Não-binário,Branca,0.10577693735429644
CAND_05416,8.9,59.0,Bacharelado,Região Metropolitana,Presencial,Não-binário,Branca,0.6106590981967278
CAND_05417,12.9,53.0,Bacharelado,Capitais,Híbrido,Masculino,Preta,0.5327785983844889
CAND_05418,6.8,39.0,Bacharelado,Capitais,Presencial,Feminino,Indígena,0.1746593547398495
CAND_05419,7.2,40.0,Mestrado,Capitais,Híbrido,Masculino,Branca,0.9389729486543088
CAND_05420,7.6,36.0,Bacharelado,Capitais,Híbrido,Masculino,Branca,0.9562456931438673
CAND_05421,6.1,58.0,Bacharelado,Região Metropolitana,Presencial,Masculino,Branca,0.9627555570899803
CAND_05422,5.3,64.0,Bacharelado,Capitais,Presencial,Feminino,Branca,0.516931483361665
CAND_05423,4.5,52.0,Mestrado,Região Metropolitana,Híbrido,Feminino,Preta,0.1768718431195737
CAND_05424,4.9,48.0,Bacharelado,Capitais,Presencial,Feminino,Branca,0.5726331364757624
CAND_05425,1.6,35.0,Bacharelado,Capitais,Presencial,Feminino,Branca,0.49107138286172736
CAND_05426,0.0,18.0,Mestrado,Capitais,Presencial,Feminino,Branca,0.5935194675421251
CAND_05427,3.4,56.0,Bacharelado,Capitais,Híbrido,Masculino,Branca,1.0
CAND_05428,13.1,52.0,Bacharelado,Região Metropolitana,Presencial,Masculino,Branca,1.0
CAND_05429,3.8,46.0,Bacharelado,Capitais,Presencial,Masculino,Branca,0.9456798872734374
CAND_05430,6.4,34.0,Bacharelado,Capitais,Híbrido,Feminino,Preta,0.0
CAND_05431,6.2,51.0,Bacharelado,Capitais,Híbrido,Masculino,Amarela,0.5040493662332184
CAND_05432,5.5,39.0,Bacharelado,Capitais,Remoto,Masculino,Amarela,0.493654971063809
CAND_05433,7.7,53.0,Mestrado,Região Metropolitana,Remoto,Feminino,Preta,0.1170023516322814
CAND_05434,3.0,68.0,Bacharelado,Capitais,Híbrido,Masculino,Branca,1.0
CAND_05435,7.0,46.0,Bacharelado,Capitais,Híbrido,Feminino,Branca,0.5937178300345712
CAND_05436,3.7,45.0,Bacharelado,Região Metropolitana,Híbrido,Feminino,Branca,0.4809379807201497
CAND_05437,8.2,62.0,Bacharelado,Capitais,Híbrido,Masculino,Parda,0.9328406119162607
CAND_05438,10.5,51.0,Bacharelado,Capitais,Presencial,Feminino,Branca,0.5702162756586295
CAND_05439,3.5,34.0,Bacharelado,Região Metropolitana,Remoto,Não-binário,Branca,0.24158205873344427
CAND_05440,9.8,58.0,Mestrado,Região Metropolitana,Presencial,Feminino,Branca,0.5971858877147233
CAND_05441,2.3,57.0,Mestrado,Capitais,Híbrido,Masculino,Parda,1.0
CAND_05442,0.0,32.0,Bacharelado,Capitais,Remoto,Masculino,Parda,0.6832393086553267
CAND_05443,6.7,61.0,Mestrado,Região Metropolitana,Remoto,Masculino,Parda,0.8560960239031781
CAND_05444,5.0,26.0,Bacharelado,Interior,Híbrido,Masculino,Preta,0.18357813967730988
CAND_05445,3.9,49.0,Bacharelado,Região Metropolitana,Híbrido,Feminino,Amarela,0.04537861772398495
CAND_05446,5.6,22.0,Bacharelado,Capitais,Presencial,Feminino,Branca,0.5581326430197138
CAND_05447,4.3,39.0,Bacharelado,Capitais,Híbrido,Masculino,Preta,0.47207659741667374
CAND_05448,7.7,48.0,Mestrado,Região Metropolitana,Presencial,Não-binário,Amarela,0.06301117146035096
CAND_05449,2.8,22.0,Mestrado,Capitais,Híbrido,Feminino,Amarela,0.0
CAND_05450,4.0,57.0,Mestrado,Capitais,Presencial,Feminino,Branca,0.7497764099292299
CAND_05451,4.6,45.0,Ensino Médio,Capitais,Remoto,Masculino,Branca,0.9391032688716945
CAND_05452,8.6,37.0,Mestrado,Capitais,Remoto,Feminino,Branca,0.5141040392757278
CAND_05453,1.5,57.0,Bacharelado,Capitais,Remoto,Masculino,Branca,0.9205451132888652
CAND_05454,6.3,48.0,Bacharelado,Capitais,Híbrido,Feminino,Branca,0.5254097809018066
CAND_05455,2.4,55.0,Bacharelado,Região Metropolitana,Presencial,Masculino,Preta,0.46684527330898395
CAND_05456,4.9,39.0,Bacharelado,Interior,Remoto,Masculino,Branca,0.6855209574814314
CAND_05457,6.5,46.0,Mestrado,Capitais,Híbrido,Feminino,Branca,0.6186532756112659
CAND_05458,0.0,40.0,Mestrado,Capitais,Remoto,Masculino,Branca,0.9284939260484346
CAND_05459,0.8,55.0,Mestrado,Capitais,Híbrido,Masculino,Branca,0.9594917328117897
CAND_05460,5.6,74.0,Bacharelado,Interior,Híbrido,Masculino,Amarela,0.1780586536617598
CAND_05461,5.3,43.0,Bacharelado,Capitais,Presencial,Feminino,Indígena,0.3982522942473017
CAND_05462,1.9,69.0,Bacharelado,Região Metropolitana,Presencial,Feminino,Branca,0.3406530566180098
CAND_05463,4.4,43.0,Bacharelado,Capitais,Presencial,Masculino,Amarela,0.4734802935070624
CAND_05464,8.1,30.0,Doutorado,Região Metropolitana,Presencial,Masculino,Branca,0.895724161940077
CAND_05465,8.3,48.0,Ensino Médio,Capitais,Híbrido,Masculino,Branca,0.9977281561084701
CAND_05466,5.2,34.0,Bacharelado,Região Metropolitana,Presencial,Masculino,Branca,0.7241555732970965
CAND_05467,3.6,43.0,Ensino Médio,Interior,Remoto,Masculino,Amarela,0.1493946187694128
CAND_05468,3.2,41.0,Doutorado,Interior,Presencial,Feminino,Preta,0.0
CAND_05469,1.4,45.0,Bacharelado,Capitais,Presencial,Masculino,Branca,0.9699724761587267
CAND_05470,6.2,42.0,Ensino Médio,Interior,Presencial,Masculino,Amarela,0.1900571555208494
CAND_05471,4.9,52.0,Doutorado,Interior,Híbrido,Masculino,Branca,0.8811416150700964
CAND_05472,4.6,52.0,Bacharelado,Região Metropolitana,Presencial,Masculino,Branca,0.7399196228912382
CAND_05473,6.4,52.0,Bacharelado,Interior,Remoto,Masculino,Branca,0.6837528161620181
CAND_05474,3.7,51.0,Bacharelado,Interior,Presencial,Feminino,Branca,0.3164295802449956
CAND_05475,4.1,69.0,Bacharelado,Região Metropolitana,Híbrido,Masculino,Preta,0.5189416412213947
CAND_05476,9.3,64.0,Bacharelado,Região Metropolitana,Remoto,Masculino,Branca,0.9218711009269661
CAND_05477,5.8,40.0,Bacharelado,Capitais,Híbrido,Feminino,Branca,0.30390253214699103
CAND_05478,5.8,65.0,Mestrado,Capitais,Remoto,Masculino,Parda,0.790452559449982
CAND_05479,6.3,54.0,Bacharelado,Região Metropolitana,Híbrido,Masculino,Branca,0.6484271219822801
CAND_05480,5.1,48.0,Bacharelado,Capitais,Presencial,Não-binário,Branca,0.501169858177475
CAND_05481,6.8,34.0,Mestrado,Interior,Híbrido,Masculino,Branca,0.4993930796348096
CAND_05482,4.4,41.0,Ensino Médio,Região Metropolitana,Remoto,Masculino,Preta,0.0029453856314975435
CAND_05483,7.7,55.0,Bacharelado,Capitais,Híbrido,Feminino,Branca,0.616935093873392
CAND_05484,4.8,47.0,Mestrado,Capitais,Presencial,Masculino,Amarela,0.5363534334419419
CAND_05485,8.5,55.0,Bacharelado,Região Metropolitana,Presencial,Masculino,Parda,0.8127360697250466
CAND_05486,4.5,44.0,Mestrado,Capitais,Híbrido,Feminino,Branca,0.6469527729200876
CAND_05487,1.5,45.0,Bacharelado,Capitais,Remoto,Feminino,Branca,0.548385940521024
CAND_05488,4.4,23.0,Bacharelado,Capitais,Híbrido,Masculino,Amarela,0.3597818622166483
CAND_05489,1.9,78.0,Mestrado,Região Metropolitana,Híbrido,Masculino,Branca,0.8949109582817676
CAND_05490,5.4,51.0,Bacharelado,Capitais,Presencial,Não-binário,Branca,0.5267640061330936
CAND_05491,4.8,46.0,Bacharelado,Capitais,Remoto,Masculino,Branca,0.8620365984738786
CAND_05492,2.2,48.0,Ensino Médio,Capitais,Híbrido,Feminino,Branca,0.5806777235265133
CAND_05493,11.1,42.0,Bacharelado,Capitais,Híbrido,Feminino,Amarela,0.18573887216313698
CAND_05494,8.0,72.0,Mestrado,Região Metropolitana,Híbrido,Masculino,Branca,1.0
CAND_05495,8.8,37.0,Mestrado,Capitais,Remoto,Masculino,Amarela,0.7524618284994165
CAND_05496,5.1,50.0,Ensino Médio,Capitais,Remoto,Feminino,Branca,0.4890571394585075
CAND_05497,9.9,38.0,Bacharelado,Região Metropolitana,Híbrido,Masculino,Parda,0.8162081539664936
CAND_05498,5.4,75.0,Doutorado,Capitais,Presencial,Masculino,Branca,1.0
CAND_05499,7.9,28.0,Bacharelado,Região Metropolitana,Presencial,Masculino,Indígena,0.44942899052827867
CAND_05500,6.6,34.0,Ensino Médio,Região Metropolitana,Híbrido,Masculino,Branca,0.8860621248547438
CAND_05501,0.1,25.0,Bacharelado,Capitais,Híbrido,Masculino,Indígena,0.42283064331488396
CAND_05502,5.8,58.0,Bacharelado,Capitais,Presencial,Não-binário,Branca,0.5628125958667012
CAND_05503,1.7,67.0,Bacharelado,Interior,Híbrido,Feminino,Preta,0.0
CAND_05504,7.7,50.0,Bacharelado,Capitais,Remoto,Masculino,Preta,0.4105662166348818
CAND_05505,4.7,61.0,Mestrado,Capitais,Presencial,Feminino,Preta,0.05178423237239306
CAND_05506,6.7,39.0,Bacharelado,Interior,Híbrido,Masculino,Preta,0.06995944393058182
CAND_05507,5.6,61.0,Doutorado,Capitais,Presencial,Feminino,Preta,0.14483002707108522
CAND_05508,5.0,56.0,Bacharelado,Capitais,Remoto,Masculino,Preta,0.5416455868320592
CAND_05509,0.0,42.0,Bacharelado,Capitais,Híbrido,Feminino,Branca,0.3974082395945629
CAND_05510,1.4,49.0,Bacharelado,Capitais,Híbrido,Feminino,Indígena,0.10713192796348625
CAND_05511,10.0,54.0,Mestrado,Capitais,Híbrido,Masculino,Amarela,0.8330726814877419
CAND_05512,4.3,61.0,Bacharelado,Capitais,Híbrido,Masculino,Branca,1.0
CAND_05513,6.5,73.0,Bacharelado,Região Metropolitana,Remoto,Masculino,Preta,0.3483608147839431
CAND_05514,2.3,55.0,Mestrado,Interior,Presencial,Feminino,Parda,0.16284549721539707
CAND_05515,7.6,65.0,Bacharelado,Capitais,Presencial,Feminino,Branca,0.7757626189601858
CAND_05516,4.1,33.0,Bacharelado,Capitais,Presencial,Masculino,Branca,0.7908477023622229
CAND_05517,4.5,56.0,Bacharelado,Capitais,Presencial,Feminino,Branca,0.5619833643622029
CAND_05518,0.3,37.0,Mestrado,Região Metropolitana,Híbrido,Feminino,Branca,0.3567631724908711
CAND_05519,4.2,27.0,Doutorado,Capitais,Híbrido,Masculino,Amarela,0.45817206375604136
CAND_05520,5.2,56.0,Ensino Médio,Interior,Híbrido,Masculino,Branca,0.5788189958091945
CAND_05521,2.6,75.0,Bacharelado,Capitais,Remoto,Masculino,Parda,0.9934444940846655
CAND_05522,8.2,44.0,Mestrado,Capitais,Presencial,Feminino,Branca,0.6313772927083888
CAND_05523,6.2,27.0,Doutorado,Capitais,Híbrido,Masculino,Branca,0.9963156847409367
CAND_05524,6.1,59.0,Bacharelado,Capitais,Presencial,Masculino,Branca,1.0
CAND_05525,8.1,36.0,Bacharelado,Capitais,Híbrido,Masculino,Branca,0.8674722676646005
CAND_05526,3.8,34.0,Bacharelado,Capitais,Remoto,Masculino,Amarela,0.48244915400385163
CAND_05527,8.2,62.0,Bacharelado,Capitais,Remoto,Masculino,Preta,0.34399972397518563
CAND_05528,4.0,50.0,Ensino Médio,Capitais,Presencial,Masculino,Branca,0.9297171727465187
CAND_05529,5.5,58.0,Bacharelado,Região Metropolitana,Híbrido,Masculino,Preta,0.4250535356620257
CAND_05530,9.1,53.0,Mestrado,Região Metropolitana,Presencial,Masculino,Branca,1.0
CAND_05531,4.1,65.0,Ensino Médio,Capitais,Presencial,Masculino,Branca,0.8494315792490912
CAND_05532,2.0,62.0,Bacharelado,Capitais,Presencial,Feminino,Branca,0.3897167041898506
CAND_05533,0.0,82.0,Bacharelado,Interior,Presencial,Masculino,Preta,0.2003262977705646
CAND_05534,10.0,59.0,Bacharelado,Capitais,Híbrido,Masculino,Preta,0.5345109036134477
CAND_05535,2.8,42.0,Bacharelado,Região Metropolitana,Híbrido,Masculino,Preta,0.23172673331999297
CAND_05536,0.0,69.0,Bacharelado,Capitais,Remoto,Feminino,Preta,0.05545543221515485
CAND_05537,5.8,50.0,Bacharelado,Capitais,Híbrido,Masculino,Branca,0.9527113252129229
CAND_05538,5.4,68.0,Ensino Médio,Capitais,Presencial,Masculino,Parda,0.8450045267828071
CAND_05539,6.3,30.0,Bacharelado,Capitais,Híbrido,Masculino,Preta,0.17861604998652325
CAND_05540,4.6,42.0,Mestrado,Capitais,Híbrido,Masculino,Branca,1.0
CAND_05541,4.8,85.0,Mestrado,Capitais,Híbrido,Masculino,Indígena,0.8557908046925663
CAND_05542,0.0,45.0,Mestrado,Capitais,Presencial,Masculino,Branca,0.870712790821199
CAND_05543,7.8,65.0,Ensino Médio,Capitais,Híbrido,Masculino,Amarela,0.7075486305695252
CAND_05544,4.7,81.0,Mestrado,Capitais,Presencial,Feminino,Branca,0.6303157552914704
CAND_05545,7.4,47.0,Mestrado,Capitais,Remoto,Masculino,Parda,0.9031144237725943
CAND_05546,3.9,100.0,Mestrado,Capitais,Presencial,Masculino,Amarela,0.620023494196578
CAND_05547,7.6,35.0,Mestrado,Região Metropolitana,Híbrido,Masculino,Branca,0.5981758113377391
CAND_05548,12.1,42.0,Ensino Médio,Capitais,Híbrido,Masculino,Parda,0.901527219037351
CAND_05549,7.5,47.0,Bacharelado,Capitais,Híbrido,Feminino,Branca,0.5437694348907158
CAND_05550,10.4,50.0,Bacharelado,Capitais,Híbrido,Masculino,Parda,0.8987736621245895
CAND_05551,3.7,70.0,Bacharelado,Região Metropolitana,Presencial,Masculino,Amarela,0.6015710204693006
CAND_05552,4.7,58.0,Bacharelado,Capitais,Híbrido,Masculino,Branca,1.0
CAND_05553,6.1,68.0,Bacharelado,Capitais,Presencial,Masculino,Branca,1.0
CAND_05554,3.8,65.0,Mestrado,Capitais,Remoto,Masculino,Branca,1.0
CAND_05555,3.2,64.0,Bacharelado,Região Metropolitana,Híbrido,Masculino,Indígena,0.5063210262268969
CAND_05556,3.0,50.0,Bacharelado,Capitais,Híbrido,Masculino,Preta,0.26559384192204705
CAND_05557,2.0,63.0,Mestrado,Capitais,Híbrido,Feminino,Branca,0.4960674446217538
CAND_05558,8.1,81.0,Bacharelado,Região Metropolitana,Presencial,Feminino,Indígena,0.45248027250259965
CAND_05559,9.2,60.0,Bacharelado,Capitais,Híbrido,Masculino,Branca,0.9863326080852739
CAND_05560,6.8,43.0,Bacharelado,Capitais,Remoto,Masculino,Amarela,0.6212216099342556
CAND_05561,5.0,60.0,Ensino Médio,Capitais,Híbrido,Masculino,Preta,0.27706675465275765
CAND_05562,5.0,28.0,Ensino Médio,Região Metropolitana,Híbrido,Feminino,Preta,0.0
CAND_05563,4.7,62.0,Bacharelado,Capitais,Remoto,Feminino,Preta,0.0
CAND_05564,0.0,79.0,Mestrado,Região Metropolitana,Presencial,Não-binário,Indígena,0.22578207766075442
CAND_05565,2.2,64.0,Bacharelado,Região Metropolitana,Remoto,Masculino,Branca,0.8448573857172808
CAND_05566,1.1,62.0,Bacharelado,Capitais,Remoto,Masculino,Branca,0.6859958245088904
CAND_05567,1.5,51.0,Bacharelado,Capitais,Presencial,Masculino,Preta,0.2824198679705307
CAND_05568,5.3,48.0,Mestrado,Interior,Híbrido,Masculino,Branca,0.6468981288900282
CAND_05569,2.6,71.0,Bacharelado,Interior,Híbrido,Masculino,Parda,0.6005721681255529
CAND_05570,5.5,21.0,Bacharelado,Capitais,Presencial,Masculino,Branca,0.7210338204233173
CAND_05571,5.1,51.0,Bacharelado,Capitais,Remoto,Masculino,Preta,0.5120841779462818
CAND_05572,4.9,55.0,Mestrado,Interior,Remoto,Masculino,Indígena,0.3971484747119824
CAND_05573,7.3,85.0,Mestrado,Capitais,Híbrido,Masculino,Amarela,0.7300843577816626
CAND_05574,5.6,47.0,Bacharelado,Interior,Presencial,Feminino,Branca,0.3626182309449922
CAND_05575,4.8,35.0,Bacharelado,Capitais,Remoto,Masculino,Branca,0.8068118342499189
CAND_05576,4.9,80.0,Bacharelado,Região Metropolitana,Presencial,Masculino,Branca,0.8331850538693599
CAND_05577,2.0,43.0,Bacharelado,Região Metropolitana,Presencial,Não-binário,Branca,0.16927773532544166
CAND_05578,2.3,33.0,Bacharelado,Região Metropolitana,Presencial,Masculino,Branca,0.9038974291952295
CAND_05579,1.5,58.0,Mestrado,Capitais,Híbrido,Masculino,Amarela,0.580213075860593
CAND_05580,7.4,38.0,Bacharelado,Interior,Híbrido,Feminino,Branca,0.18935624416575791
CAND_05581,5.2,76.0,Bacharelado,Região Metropolitana,Remoto,Masculino,Branca,0.7997559966665574
CAND_05582,3.5,50.0,Doutorado,Capitais,Remoto,Masculino,Preta,0.4866370272179834
CAND_05583,5.6,23.0,Bacharelado,Capitais,Híbrido,Masculino,Branca,0.6216646625261834
CAND_05584,8.4,80.0,Bacharelado,Capitais,Presencial,Masculino,Amarela,0.7523866280383241
CAND_05585,3.4,51.0,Bacharelado,Capitais,Presencial,Masculino,Branca,0.9296111978492332
CAND_05586,8.3,50.0,Bacharelado,Capitais,Remoto,Masculino,Indígena,0.6458253993474299
CAND_05587,5.5,51.0,Doutorado,Região Metropolitana,Remoto,Masculino,Branca,1.0
CAND_05588,9.1,57.0,Bacharelado,Capitais,Presencial,Masculino,Branca,1.0
CAND_05589,7.9,38.0,Mestrado,Capitais,Remoto,Masculino,Branca,0.9983849521699962
CAND_05590,2.8,56.0,Bacharelado,Capitais,Híbrido,Masculino,Parda,0.7744725367597726
CAND_05591,4.2,90.0,Mestrado,Região Metropolitana,Híbrido,Masculino,Preta,0.5973460808602856
CAND_05592,6.2,82.0,Mestrado,Capitais,Remoto,Masculino,Branca,1.0
CAND_05593,7.4,32.0,Bacharelado,Região Metropolitana,Híbrido,Masculino,Amarela,0.3831597599610044
CAND_05594,0.7,71.0,Bacharelado,Capitais,Remoto,Masculino,Branca,1.0
CAND_05595,4.7,52.0,Bacharelado,Capitais,Híbrido,Masculino,Indígena,0.7122167045684855
CAND_05596,3.4,49.0,Doutorado,Região Metropolitana,Remoto,Feminino,Preta,0.0
CAND_05597,8.6,30.0,Mestrado,Capitais,Presencial,Masculino,Parda,0.9288197924838568
CAND_05598,7.2,63.0,Bacharelado,Interior,Remoto,Feminino,Branca,0.196232124856186
CAND_05599,2.4,45.0,Bacharelado,Região Metropolitana,Híbrido,Não-binário,Branca,0.46356946233667573
CAND_05600,7.3,48.0,Doutorado,Região Metropolitana,Híbrido,Feminino,Branca,0.5056636178453894
CAND_05601,5.3,57.0,Bacharelado,Capitais,Híbrido,Masculino,Branca,1.0
CAND_05602,3.7,45.0,Bacharelado,Capitais,Híbrido,Feminino,Branca,0.499950379180914
CAND_05603,1.5,25.0,Bacharelado,Região Metropolitana,Híbrido,Masculino,Parda,0.5965755109226549
CAND_05604,5.0,36.0,Ensino Médio,Interior,Remoto,Masculino,Branca,0.35545807997036283
CAND_05605,3.3,40.0,Mestrado,Capitais,Remoto,Masculino,Amarela,0.5495760866662327
CAND_05606,4.4,67.0,Mestrado,Interior,Remoto,Masculino,Branca,0.7459814960457976
CAND_05607,1.7,49.0,Mestrado,Região Metropolitana,Remoto,Masculino,Branca,1.0
CAND_05608,3.8,56.0,Bacharelado,Região Metropolitana,Remoto,Feminino,Branca,0.7005371847400417
CAND_05609,7.6,65.0,Mestrado,Capitais,Híbrido,Masculino,Branca,1.0
CAND_05610,5.8,40.0,Doutorado,Região Metropolitana,Remoto,Feminino,Branca,0.5343722525485832
CAND_05611,6.8,60.0,Bacharelado,Região Metropolitana,Remoto,Feminino,Amarela,0.19977085075722745
CAND_05612,3.9,50.0,Bacharelado,Capitais,Remoto,Masculino,Branca,0.9593415524227037
CAND_05613,3.3,22.0,Mestrado,Interior,Híbrido,Masculino,Parda,0.33665215753022965
CAND_05614,9.0,51.0,Bacharelado,Capitais,Híbrido,Masculino,Branca,1.0
CAND_05615,2.7,44.0,Mestrado,Região Metropolitana,Híbrido,Masculino,Parda,0.7389733219083248
CAND_05616,2.6,42.0,Mestrado,Capitais,Híbrido,Masculino,Branca,0.8576246592679987
CAND_05617,0.5,47.0,Bacharelado,Região Metropolitana,Presencial,Masculino,Amarela,0.36226533716735515
CAND_05618,0.0,60.0,Bacharelado,Capitais,Híbrido,Feminino,Amarela,0.04208020319493399
CAND_05619,7.6,62.0,Bacharelado,Capitais,Remoto,Não-binário,Branca,0.6094073309859824
CAND_05620,6.5,50.0,Ensino Médio,Capitais,Híbrido,Masculino,Branca,0.9898840387698616
CAND_05621,4.0,28.0,Bacharelado,Capitais,Híbrido,Feminino,Parda,0.25134968704357197
CAND_05622,4.3,63.0,Bacharelado,Região Metropolitana,Remoto,Feminino,Branca,0.49706635390517867
CAND_05623,2.1,52.0,Bacharelado,Capitais,Remoto,Feminino,Branca,0.6912318291288243
CAND_05624,2.5,58.0,Bacharelado,Capitais,Híbrido,Masculino,Amarela,0.32453092743771583
CAND_05625,6.1,58.0,Mestrado,Capitais,Remoto,Masculino,Branca,0.9265778181882387
CAND_05626,4.6,44.0,Mestrado,Região Metropolitana,Remoto,Masculino,Branca,0.8381975184039858
CAND_05627,8.2,65.0,Bacharelado,Interior,Híbrido,Masculino,Branca,0.8126972568451531
CAND_05628,8.1,32.0,Bacharelado,Capitais,Presencial,Masculino,Indígena,0.8581296760088422
CAND_05629,4.7,35.0,Bacharelado,Capitais,Remoto,Masculino,Branca,1.0
CAND_05630,7.4,73.0,Bacharelado,Capitais,Híbrido,Masculino,Parda,0.6810149812680075
CAND_05631,3.7,48.0,Mestrado,Capitais,Híbrido,Masculino,Branca,0.880175866154314
CAND_05632,5.5,32.0,Ensino Médio,Região Metropolitana,Híbrido,Masculino,Branca,0.550443401928195
CAND_05633,8.1,59.0,Bacharelado,Capitais,Remoto,Feminino,Branca,0.7726559611958758
CAND_05634,4.1,43.0,Bacharelado,Capitais,Híbrido,Feminino,Parda,0.392875734089671
CAND_05635,7.5,25.0,Bacharelado,Região Metropolitana,Presencial,Masculino,Branca,0.5210258478805929
CAND_05636,7.7,58.0,Bacharelado,Capitais,Híbrido,Feminino,Branca,0.7395122740055757
CAND_05637,4.9,62.0,Bacharelado,Capitais,Híbrido,Masculino,Amarela,0.7276668336816445
CAND_05638,0.7,69.0,Bacharelado,Região Metropolitana,Remoto,Feminino,Preta,0.0
CAND_05639,11.3,65.0,Bacharelado,Interior,Remoto,Feminino,Parda,0.21767919066053593
CAND_05640,8.7,42.0,Bacharelado,Capitais,Presencial,Masculino,Amarela,0.6549654223739897
CAND_05641,2.9,76.0,Mestrado,Capitais,Remoto,Masculino,Preta,0.5172337252611071
CAND_05642,6.7,73.0,Bacharelado,Capitais,Remoto,Masculino,Branca,1.0
CAND_05643,7.3,34.0,Bacharelado,Capitais,Remoto,Masculino,Branca,0.9064332425169676
CAND_05644,0.0,67.0,Bacharelado,Capitais,Presencial,Feminino,Branca,0.48170477401325024
CAND_05645,10.3,29.0,Bacharelado,Capitais,Híbrido,Masculino,Branca,0.9348752493095016
CAND_05646,6.1,52.0,Ensino Médio,Capitais,Presencial,Feminino,Branca,0.4734093789103091
CAND_05647,5.7,72.0,Bacharelado,Região Metropolitana,Híbrido,Feminino,Branca,0.6136262435178939
CAND_05648,7.2,31.0,Bacharelado,Região Metropolitana,Híbrido,Masculino,Branca,0.8274279639210366
CAND_05649,8.1,43.0,Mestrado,Capitais,Híbrido,Masculino,Preta,0.4575393570314881
CAND_05650,3.2,29.0,Mestrado,Interior,Híbrido,Não-binário,Branca,0.2118036442171977
CAND_05651,3.1,60.0,Bacharelado,Região Metropolitana,Híbrido,Masculino,Branca,1.0
CAND_05652,1.1,48.0,Ensino Médio,Região Metropolitana,Presencial,Masculino,Branca,0.8073092582312714
CAND_05653,1.9,66.0,Mestrado,Região Metropolitana,Híbrido,Feminino,Branca,0.39260945933385083
CAND_05654,2.3,55.0,Bacharelado,Capitais,Híbrido,Feminino,Branca,0.5099896641181811
CAND_05655,2.6,49.0,Mestrado,Região Metropolitana,Presencial,Masculino,Branca,0.7296692017225556
CAND_05656,7.3,65.0,Bacharelado,Região Metropolitana,Híbrido,Masculino,Preta,0.42804523432929875
CAND_05657,5.0,75.0,Mestrado,Capitais,Híbrido,Masculino,Branca,1.0
CAND_05658,7.7,37.0,Bacharelado,Capitais,Presencial,Feminino,Indígena,0.1439022540757126
CAND_05659,5.9,63.0,Bacharelado,Interior,Remoto,Masculino,Amarela,0.3295363625473853
CAND_05660,8.6,62.0,Bacharelado,Capitais,Híbrido,Masculino,Indígena,0.7105572852747075
CAND_05661,9.2,50.0,Bacharelado,Capitais,Híbrido,Não-binário,Parda,0.5002035741242837
CAND_05662,8.5,38.0,Bacharelado,Capitais,Remoto,Feminino,Branca,0.5678807802507134
CAND_05663,9.3,70.0,Ensino Médio,Região Metropolitana,Híbrido,Feminino,Branca,0.6130805688625277
CAND_05664,0.9,47.0,Ensino Médio,Capitais,Híbrido,Masculino,Branca,0.664997672260783
CAND_05665,4.4,63.0,Mestrado,Capitais,Presencial,Masculino,Branca,0.8970895341326078
CAND_05666,4.7,61.0,Bacharelado,Capitais,Híbrido,Masculino,Branca,1.0
CAND_05667,3.8,37.0,Bacharelado,Região Metropolitana,Híbrido,Feminino,Branca,0.39013816909974675
CAND_05668,11.0,31.0,Bacharelado,Capitais,Remoto,Masculino,Parda,0.8314582411247226
CAND_05669,6.2,59.0,Bacharelado,Capitais,Remoto,Masculino,Parda,1.0
CAND_05670,1.6,41.0,Bacharelado,Capitais,Híbrido,Feminino,Branca,0.5032554294559554
CAND_05671,13.3,48.0,Ensino Médio,Região Metropolitana,Híbrido,Masculino,Branca,1.0
CAND_05672,2.4,32.0,Bacharelado,Região Metropolitana,Presencial,Masculino,Branca,0.6378014120132659
CAND_05673,5.9,58.0,Bacharelado,Capitais,Presencial,Feminino,Branca,0.5751582063672571
CAND_05674,4.6,4.0,Bacharelado,Região Metropolitana,Remoto,Masculino,Branca,0.6703616181799223
CAND_05675,6.5,29.0,Bacharelado,Capitais,Remoto,Feminino,Branca,0.46215563194620213
CAND_05676,9.6,46.0,Bacharelado,Capitais,Híbrido,Feminino,Branca,0.7458063868990115
CAND_05677,6.4,49.0,Bacharelado,Região Metropolitana,Híbrido,Masculino,Branca,0.9182212129018582
CAND_05678,6.7,32.0,Doutorado,Capitais,Presencial,Masculino,Branca,0.9799425993442005
CAND_05679,12.1,34.0,Mestrado,Região Metropolitana,Remoto,Masculino,Indígena,0.6025873612071995
CAND_05680,6.8,73.0,Mestrado,Capitais,Híbrido,Masculino,Branca,1.0
CAND_05681,7.1,31.0,Bacharelado,Capitais,Remoto,Masculino,Branca,0.8201911255741131
CAND_05682,2.8,25.0,Bacharelado,Capitais,Presencial,Feminino,Preta,0.0
CAND_05683,0.1,75.0,Mestrado,Capitais,Híbrido,Masculino,Branca,0.995370329721968
CAND_05684,7.1,66.0,Mestrado,Capitais,Remoto,Feminino,Branca,0.8808688692610706
CAND_05685,0.0,27.0,Bacharelado,Região Metropolitana,Híbrido,Masculino,Parda,0.5149855539501271
CAND_05686,0.6,44.0,Doutorado,Capitais,Presencial,Masculino,Branca,0.9916543513679583
CAND_05687,0.0,61.0,Bacharelado,Capitais,Remoto,Masculino,Branca,0.9645847149560652
CAND_05688,2.8,48.0,Ensino Médio,Região Metropolitana,Híbrido,Feminino,Branca,0.5898610052614658
CAND_05689,6.0,36.0,Bacharelado,Capitais,Presencial,Masculino,Preta,0.48616585194453876
CAND_05690,2.2,49.0,Bacharelado,Capitais,Híbrido,Masculino,Branca,0.7216173576110982
CAND_05691,9.3,43.0,Mestrado,Capitais,Híbrido,Masculino,Branca,1.0
CAND_05692,4.2,55.0,Mestrado,Capitais,Presencial,Masculino,Branca,1.0
CAND_05693,6.9,78.0,Bacharelado,Capitais,Híbrido,Masculino,Parda,0.8925716461658483
CAND_05694,0.7,52.0,Bacharelado,Capitais,Presencial,Feminino,Branca,0.26089084201590873
CAND_05695,2.6,61.0,Mestrado,Capitais,Remoto,Masculino,Parda,0.7989894636410261
CAND_05696,2.0,42.0,Bacharelado,Capitais,Híbrido,Feminino,Branca,0.4520389876082826
CAND_05697,4.9,36.0,Bacharelado,Capitais,Remoto,Masculino,Branca,0.8256795075003525
CAND_05698,6.8,55.0,Bacharelado,Capitais,Remoto,Masculino,Indígena,0.8345192584797055
CAND_05699,3.7,46.0,Bacharelado,Região Metropolitana,Remoto,Masculino,Indígena,0.4643018396026971
CAND_05700,0.8,59.0,Mestrado,Capitais,Híbrido,Masculino,Branca,0.7819658407899095
CAND_05701,7.7,54.0,Bacharelado,Região Metropolitana,Remoto,Feminino,Parda,0.38526350548260313
CAND_05702,5.5,70.0,Bacharelado,Capitais,Híbrido,Feminino,Branca,0.46582687258432287
CAND_05703,4.5,55.0,Mestrado,Interior,Híbrido,Masculino,Parda,0.5154067708010434
CAND_05704,5.4,54.0,Ensino Médio,Interior,Presencial,Masculino,Branca,0.6445426637319124
CAND_05705,4.4,54.0,Ensino Médio,Região Metropolitana,Presencial,Feminino,Branca,0.2728245730405358
CAND_05706,4.8,47.0,Mestrado,Interior,Presencial,Feminino,Branca,0.15421587265465275
CAND_05707,0.0,36.0,Mestrado,Capitais,Presencial,Masculino,Preta,0.6195470415405291
CAND_05708,2.7,54.0,Bacharelado,Interior,Presencial,Feminino,Branca,0.01711339409630716
CAND_05709,2.2,68.0,Ensino Médio,Capitais,Híbrido,Feminino,Amarela,0.21128590679318915
CAND_05710,5.4,46.0,Ensino Médio,Capitais,Híbrido,Masculino,Branca,0.9678353819681423
CAND_05711,5.5,49.0,Ensino Médio,Capitais,Presencial,Feminino,Parda,0.287643639874725
CAND_05712,2.7,57.0,Bacharelado,Região Metropolitana,Híbrido,Masculino,Branca,0.8341546938640465
CAND_05713,0.0,55.0,Bacharelado,Capitais,Presencial,Feminino,Branca,0.3980337371193125
CAND_05714,6.0,46.0,Mestrado,Capitais,Presencial,Feminino,Branca,0.748745357163924
CAND_05715,6.3,58.0,Bacharelado,Região Metropolitana,Remoto,Feminino,Branca,0.3363299445835035
CAND_05716,4.0,34.0,Mestrado,Região Metropolitana,Presencial,Feminino,Preta,0.0
CAND_05717,5.0,38.0,Ensino Médio,Capitais,Híbrido,Masculino,Branca,0.7203827763736339
CAND_05718,3.0,29.0,Bacharelado,Capitais,Híbrido,Feminino,Branca,0.39533641788953483
CAND_05719,7.9,74.0,Mestrado,Região Metropolitana,Híbrido,Feminino,Branca,0.4908370459863624
CAND_05720,1.0,49.0,Mestrado,Capitais,Remoto,Feminino,Branca,0.503133733619211
CAND_05721,6.4,47.0,Bacharelado,Capitais,Remoto,Masculino,Branca,0.9816927211350097
CAND_05722,4.3,38.0,Bacharelado,Capitais,Híbrido,Masculino,Preta,0.1554980322096324
CAND_05723,3.7,54.0,Mestrado,Região Metropolitana,Presencial,Masculino,Branca,0.983270152646289
CAND_05724,3.6,54.0,Bacharelado,Capitais,Híbrido,Feminino,Branca,0.6016921305272023
CAND_05725,4.0,51.0,Bacharelado,Capitais,Remoto,Masculino,Amarela,0.5661066946494246
CAND_05726,7.0,57.0,Bacharelado,Capitais,Híbrido,Masculino,Indígena,0.7113262157123338
CAND_05727,8.8,62.0,Mestrado,Região Metropolitana,Híbrido,Masculino,Parda,0.9858227757558424
CAND_05728,0.7,74.0,Mestrado,Capitais,Presencial,Masculino,Branca,1.0
CAND_05729,8.1,39.0,Bacharelado,Capitais,Híbrido,Feminino,Branca,0.4745128569064289
CAND_05730,1.3,53.0,Bacharelado,Capitais,Híbrido,Masculino,Preta,0.34387973872794864
CAND_05731,3.1,31.0,Bacharelado,Região Metropolitana,Híbrido,Masculino,Preta,0.3237822179511205
CAND_05732,6.9,42.0,Ensino Médio,Capitais,Remoto,Masculino,Preta,0.42564603687116825
CAND_05733,8.5,28.0,Bacharelado,Região Metropolitana,Presencial,Feminino,Branca,0.5952128857289151
CAND_05734,4.7,60.0,Mestrado,Capitais,Presencial,Masculino,Indígena,0.8059296225157546
CAND_05735,4.2,46.0,Bacharelado,Capitais,Presencial,Masculino,Parda,0.8480457926864816
CAND_05736,0.0,35.0,Bacharelado,Capitais,Remoto,Masculino,Branca,0.8009115629230859
CAND_05737,1.0,38.0,Bacharelado,Capitais,Presencial,Feminino,Branca,0.3723999424812102
CAND_05738,2.3,53.0,Mestrado,Região Metropolitana,Híbrido,Masculino,Branca,0.8168023858302919
CAND_05739,3.5,57.0,Mestrado,Capitais,Remoto,Feminino,Preta,0.15164725460720832
CAND_05740,3.9,75.0,Bacharelado,Capitais,Remoto,Masculino,Branca,1.0
CAND_05741,7.0,35.0,Bacharelado,Capitais,Remoto,Masculino,Branca,0.9343453410959034
CAND_05742,1.8,58.0,Bacharelado,Região Metropolitana,Presencial,Feminino,Preta,0.0
CAND_05743,6.6,38.0,Ensino Médio,Capitais,Híbrido,Masculino,Preta,0.2909434838977662
CAND_05744,3.7,62.0,Mestrado,Região Metropolitana,Híbrido,Masculino,Preta,0.6154122005987626
CAND_05745,4.2,68.0,Bacharelado,Região Metropolitana,Presencial,Feminino,Branca,0.389025414130688
CAND_05746,2.4,59.0,Bacharelado,Capitais,Presencial,Masculino,Branca,0.8958478692602077
CAND_05747,3.3,29.0,Bacharelado,Capitais,Presencial,Masculino,Branca,0.8144740292958026
CAND_05748,6.0,49.0,Mestrado,Capitais,Presencial,Feminino,Branca,0.4551194582279178
CAND_05749,7.1,63.0,Mestrado,Capitais,Remoto,Feminino,Indígena,0.36410263712427976
CAND_05750,4.2,65.0,Bacharelado,Capitais,Híbrido,Não-binário,Preta,0.0
CAND_05751,10.4,62.0,Bacharelado,Capitais,Remoto,Feminino,Preta,0.4513838006797085
CAND_05752,3.5,24.0,Bacharelado,Região Metropolitana,Híbrido,Masculino,Preta,0.130350350580627
CAND_05753,3.5,25.0,Bacharelado,Capitais,Presencial,Masculino,Parda,0.6897340912384967
CAND_05754,1.4,48.0,Ensino Médio,Região Metropolitana,Híbrido,Masculino,Parda,0.612494873626562
CAND_05755,9.8,64.0,Mestrado,Interior,Remoto,Masculino,Branca,1.0
CAND_05756,5.8,59.0,Bacharelado,Capitais,Híbrido,Masculino,Parda,1.0
CAND_05757,2.3,38.0,Bacharelado,Capitais,Híbrido,Masculino,Preta,0.24191729110739035
CAND_05758,9.4,51.0,Mestrado,Capitais,Remoto,Masculino,Branca,1.0
CAND_05759,5.6,32.0,Mestrado,Capitais,Híbrido,Masculino,Branca,0.90500762661235
CAND_05760,6.8,48.0,Bacharelado,Capitais,Híbrido,Masculino,Preta,0.5763622140691251
CAND_05761,8.2,49.0,Bacharelado,Capitais,Híbrido,Feminino,Parda,0.5745767028188619
CAND_05762,7.7,47.0,Bacharelado,Capitais,Remoto,Masculino,Indígena,0.6368685039442451
CAND_05763,7.0,68.0,Bacharelado,Interior,Híbrido,Não-binário,Preta,0.0
CAND_05764,6.3,35.0,Mestrado,Capitais,Remoto,Feminino,Branca,0.6960309719935819
CAND_05765,6.4,41.0,Doutorado,Região Metropolitana,Híbrido,Feminino,Branca,0.5398721778944315
CAND_05766,8.7,66.0,Bacharelado,Capitais,Presencial,Masculino,Branca,1.0
CAND_05767,5.4,72.0,Bacharelado,Região Metropolitana,Remoto,Feminino,Branca,0.3668889840649038
CAND_05768,3.4,57.0,Bacharelado,Capitais,Híbrido,Feminino,Indígena,0.37949585833554406
CAND_05769,3.5,41.0,Bacharelado,Interior,Remoto,Masculino,Branca,0.618298655291927
CAND_05770,3.1,45.0,Bacharelado,Interior,Presencial,Não-binário,Branca,0.07222549032602028
CAND_05771,5.8,43.0,Bacharelado,Capitais,Híbrido,Masculino,Branca,0.9579226744795389
CAND_05772,9.0,30.0,Bacharelado,Região Metropolitana,Presencial,Feminino,Branca,0.48805469853255834
CAND_05773,4.9,44.0,Mestrado,Capitais,Remoto,Masculino,Preta,0.3213626730746816
CAND_05774,2.4,53.0,Doutorado,Região Metropolitana,Híbrido,Feminino,Branca,0.5368899759854342
CAND_05775,1.6,47.0,Bacharelado,Capitais,Presencial,Feminino,Branca,0.5212054849244439
CAND_05776,3.5,62.0,Bacharelado,Região Metropolitana,Híbrido,Masculino,Branca,0.8346576461077112
CAND_05777,2.5,47.0,Bacharelado,Interior,Remoto,Masculino,Branca,0.7114676408222661
CAND_05778,5.0,50.0,Bacharelado,Capitais,Híbrido,Feminino,Preta,0.08956477543713151
CAND_05779,1.2,24.0,Mestrado,Região Metropolitana,Híbrido,Masculino,Branca,0.6535227410976098
CAND_05780,3.8,32.0,Bacharelado,Região Metropolitana,Híbrido,Masculino,Indígena,0.34882221079382647
CAND_05781,4.5,54.0,Bacharelado,Região Metropolitana,Remoto,Feminino,Indígena,0.0931258834948322
CAND_05782,5.4,44.0,Ensino Médio,Capitais,Presencial,Masculino,Branca,0.8038925164212714
CAND_05783,4.6,71.0,Mestrado,Região Metropolitana,Híbrido,Masculino,Branca,1.0
CAND_05784,5.9,39.0,Ensino Médio,Região Metropolitana,Remoto,Feminino,Preta,0.0
CAND_05785,0.0,100.0,Bacharelado,Interior,Híbrido,Feminino,Branca,0.3143339817842551
CAND_05786,4.1,62.0,Bacharelado,Capitais,Híbrido,Feminino,Branca,0.6423713732517429
CAND_05787,5.6,37.0,Mestrado,Capitais,Híbrido,Feminino,Indígena,0.3191228936496658
CAND_05788,0.6,55.0,Ensino Médio,Região Metropolitana,Presencial,Feminino,Branca,0.31754553739920044
CAND_05789,11.3,73.0,Bacharelado,Capitais,Híbrido,Masculino,Branca,1.0
CAND_05790,2.7,35.0,Bacharelado,Região Metropolitana,Híbrido,Masculino,Branca,0.7591857250441993
CAND_05791,5.3,42.0,Mestrado,Capitais,Híbrido,Masculino,Branca,0.9454109362070405
CAND_05792,5.1,51.0,Bacharelado,Capitais,Híbrido,Feminino,Branca,0.5736135520484188
CAND_05793,3.3,32.0,Mestrado,Região Metropolitana,Remoto,Masculino,Branca,1.0
CAND_05794,9.8,68.0,Bacharelado,Capitais,Remoto,Masculino,Branca,1.0
CAND_05795,4.1,56.0,Bacharelado,Região Metropolitana,Presencial,Masculino,Branca,0.8034966914355627
CAND_05796,4.0,51.0,Bacharelado,Capitais,Híbrido,Masculino,Branca,0.8656773923607218
CAND_05797,2.9,47.0,Mestrado,Capitais,Híbrido,Feminino,Branca,0.6125812692028862
CAND_05798,3.5,24.0,Mestrado,Capitais,Híbrido,Feminino,Preta,0.0
CAND_05799,3.3,54.0,Doutorado,Região Metropolitana,Remoto,Masculino,Branca,0.926827661640382
CAND_05800,3.1,86.0,Bacharelado,Capitais,Presencial,Masculino,Branca,1.0
CAND_05801,3.1,25.0,Bacharelado,Capitais,Presencial,Feminino,Indígena,0.21495007398536586
CAND_05802,0.0,63.0,Bacharelado,Capitais,Remoto,Masculino,Preta,0.4181634220292384
CAND_05803,4.7,45.0,Bacharelado,Capitais,Híbrido,Feminino,Preta,0.10526876875691517
CAND_05804,1.8,49.0,Mestrado,Capitais,Remoto,Masculino,Branca,1.0
CAND_05805,4.4,58.0,Bacharelado,Capitais,Remoto,Masculino,Amarela,0.6413653964589264
CAND_05806,4.8,54.0,Mestrado,Capitais,Remoto,Feminino,Branca,0.6912329693930688
CAND_05807,3.6,46.0,Mestrado,Capitais,Presencial,Feminino,Branca,0.4978109430046192
CAND_05808,4.9,24.0,Bacharelado,Capitais,Remoto,Feminino,Branca,0.4887242326964687
CAND_05809,10.8,36.0,Bacharelado,Capitais,Presencial,Feminino,Branca,0.6284059805381625
CAND_05810,3.4,56.0,Bacharelado,Capitais,Presencial,Feminino,Preta,0.1269973350111565
CAND_05811,5.1,46.0,Bacharelado,Capitais,Presencial,Feminino,Branca,0.3483403692161411
CAND_05812,0.8,64.0,Bacharelado,Interior,Remoto,Masculino,Branca,0.4915531026440785
CAND_05813,4.2,59.0,Bacharelado,Capitais,Presencial,Masculino,Parda,0.9227781929360205
CAND_05814,6.0,69.0,Bacharelado,Capitais,Presencial,Masculino,Branca,1.0
CAND_05815,0.2,51.0,Bacharelado,Capitais,Híbrido,Masculino,Preta,0.5016694240669
CAND_05816,6.3,59.0,Bacharelado,Capitais,Remoto,Masculino,Branca,0.9271261230201562
CAND_05817,0.0,63.0,Bacharelado,Capitais,Remoto,Feminino,Preta,0.0
CAND_05818,5.3,10.0,Bacharelado,Capitais,Híbrido,Masculino,Parda,0.5939903718190347
CAND_05819,2.8,70.0,Mestrado,Região Metropolitana,Híbrido,Masculino,Indígena,0.697275232140536
CAND_05820,3.7,45.0,Mestrado,Região Metropolitana,Híbrido,Masculino,Branca,0.8529573363694863
CAND_05821,5.6,35.0,Bacharelado,Região Metropolitana,Remoto,Feminino,Preta,0.0
CAND_05822,3.9,36.0,Ensino Médio,Capitais,Remoto,Masculino,Preta,0.4087131434007214
CAND_05823,5.7,42.0,Ensino Médio,Interior,Remoto,Masculino,Branca,0.4507629727064014
CAND_05824,2.0,30.0,Bacharelado,Região Metropolitana,Híbrido,Feminino,Preta,0.0
CAND_05825,10.9,38.0,Bacharelado,Região Metropolitana,Presencial,Feminino,Branca,0.6289226096485693
CAND_05826,5.0,45.0,Ensino Médio,Região Metropolitana,Híbrido,Feminino,Amarela,0.0
CAND_05827,5.6,56.0,Bacharelado,Capitais,Remoto,Masculino,Branca,1.0
CAND_05828,6.3,92.0,Mestrado,Capitais,Presencial,Masculino,Branca,1.0
CAND_05829,4.1,44.0,Bacharelado,Capitais,Híbrido,Feminino,Branca,0.5521668093325365
CAND_05830,6.8,45.0,Mestrado,Capitais,Remoto,Feminino,Branca,0.6384330807560243
CAND_05831,6.9,68.0,Mestrado,Capitais,Híbrido,Não-binário,Preta,0.27792448509562606
CAND_05832,3.1,54.0,Ensino Médio,Região Metropolitana,Remoto,Masculino,Amarela,0.5213662521829745
CAND_05833,3.8,69.0,Mestrado,Interior,Híbrido,Feminino,Preta,0.0
CAND_05834,4.2,50.0,Mestrado,Capitais,Híbrido,Feminino,Branca,0.6752253277344376
CAND_05835,1.9,50.0,Bacharelado,Capitais,Remoto,Masculino,Branca,0.9711630133238678
CAND_05836,2.8,54.0,Bacharelado,Capitais,Remoto,Masculino,Branca,0.8739902549612293
CAND_05837,10.7,45.0,Bacharelado,Capitais,Presencial,Masculino,Branca,0.9601237499296768
CAND_05838,15.2,58.0,Bacharelado,Capitais,Remoto,Feminino,Preta,0.38029621150765097
CAND_05839,9.4,73.0,Bacharelado,Interior,Presencial,Masculino,Amarela,0.38494025798117226
CAND_05840,6.2,83.0,Bacharelado,Capitais,Remoto,Feminino,Branca,0.7916486867723
CAND_05841,6.9,30.0,Bacharelado,Capitais,Remoto,Feminino,Amarela,0.10194625586465288
CAND_05842,2.7,25.0,Bacharelado,Região Metropolitana,Presencial,Masculino,Amarela,0.16161907301672965
CAND_05843,6.1,29.0,Mestrado,Região Metropolitana,Híbrido,Não-binário,Parda,0.254462875510892
CAND_05844,4.6,26.0,Mestrado,Capitais,Presencial,Feminino,Preta,0.0
CAND_05845,6.1,35.0,Mestrado,Região Metropolitana,Remoto,Masculino,Branca,0.7889532605736208
CAND_05846,7.0,56.0,Bacharelado,Capitais,Presencial,Masculino,Amarela,0.7369437728305144
CAND_05847,5.3,66.0,Mestrado,Capitais,Remoto,Masculino,Preta,0.38430856355764925
CAND_05848,8.8,53.0,Mestrado,Região Metropolitana,Remoto,Feminino,Preta,0.0
CAND_05849,4.4,53.0,Bacharelado,Interior,Remoto,Feminino,Preta,0.0
CAND_05850,4.5,34.0,Ensino Médio,Capitais,Remoto,Masculino,Amarela,0.3562975181362017
CAND_05851,6.5,25.0,Bacharelado,Região Metropolitana,Híbrido,Não-binário,Indígena,0.05760922189870289
CAND_05852,10.1,52.0,Bacharelado,Capitais,Híbrido,Masculino,Branca,1.0
CAND_05853,7.0,40.0,Bacharelado,Capitais,Híbrido,Masculino,Amarela,0.723748573197529
CAND_05854,5.3,53.0,Bacharelado,Região Metropolitana,Remoto,Masculino,Branca,0.7913322307862741
CAND_05855,5.7,59.0,Mestrado,Região Metropolitana,Remoto,Não-binário,Parda,0.24404840826414959
CAND_05856,3.1,47.0,Bacharelado,Capitais,Presencial,Masculino,Branca,0.8547017509795174
CAND_05857,6.9,62.0,Bacharelado,Capitais,Remoto,Masculino,Branca,1.0
CAND_05858,0.5,68.0,Mestrado,Capitais,Presencial,Masculino,Preta,0.44179087221322394
CAND_05859,4.7,69.0,Doutorado,Capitais,Presencial,Feminino,Branca,0.6878260215182568
CAND_05860,3.1,49.0,Bacharelado,Capitais,Remoto,Feminino,Branca,0.5100853383411694
CAND_05861,6.7,40.0,Bacharelado,Capitais,Presencial,Feminino,Indígena,0.18271742978647815
CAND_05862,1.4,54.0,Bacharelado,Capitais,Remoto,Feminino,Branca,0.564167535219944
CAND_05863,2.4,43.0,Mestrado,Região Metropolitana,Presencial,Feminino,Amarela,0.0
CAND_05864,6.0,30.0,Ensino Médio,Interior,Remoto,Feminino,Parda,0.16084772196870192
CAND_05865,8.0,50.0,Bacharelado,Capitais,Presencial,Feminino,Branca,0.46093107952460965
CAND_05866,0.1,68.0,Bacharelado,Capitais,Presencial,Feminino,Amarela,0.14504471851117584
CAND_05867,0.0,48.0,Mestrado,Capitais,Híbrido,Masculino,Branca,0.8470458299084693
CAND_05868,3.2,68.0,Bacharelado,Região Metropolitana,Presencial,Masculino,Branca,0.6511350684187389
CAND_05869,11.0,66.0,Mestrado,Interior,Remoto,Feminino,Parda,0.4630004806445198
CAND_05870,3.8,57.0,Bacharelado,Região Metropolitana,Remoto,Masculino,Branca,0.8849962768603897
CAND_05871,0.9,35.0,Mestrado,Capitais,Presencial,Masculino,Branca,0.9167389240327024
CAND_05872,7.3,40.0,Doutorado,Região Metropolitana,Híbrido,Feminino,Preta,0.0
CAND_05873,3.0,67.0,Bacharelado,Região Metropolitana,Presencial,Masculino,Branca,0.9626534066313828
CAND_05874,6.9,55.0,Bacharelado,Capitais,Remoto,Masculino,Preta,0.5610731698620719
CAND_05875,5.9,65.0,Bacharelado,Capitais,Presencial,Masculino,Branca,1.0
CAND_05876,2.2,59.0,Bacharelado,Capitais,Híbrido,Feminino,Preta,0.07294741238864876
CAND_05877,4.3,55.0,Bacharelado,Capitais,Presencial,Masculino,Amarela,0.6260483249343513
CAND_05878,8.6,56.0,Bacharelado,Capitais,Híbrido,Masculino,Amarela,0.6881117096738015
CAND_05879,3.9,42.0,Bacharelado,Capitais,Híbrido,Masculino,Branca,0.6925419345927742
CAND_05880,7.1,45.0,Bacharelado,Capitais,Presencial,Masculino,Branca,1.0
CAND_05881,5.0,53.0,Ensino Médio,Capitais,Híbrido,Feminino,Branca,0.5103084476505935
CAND_05882,4.5,60.0,Mestrado,Região Metropolitana,Presencial,Feminino,Branca,0.4923167409898424
CAND_05883,2.3,41.0,Mestrado,Região Metropolitana,Híbrido,Feminino,Branca,0.377542512477162
CAND_05884,8.4,37.0,Doutorado,Região Metropolitana,Presencial,Feminino,Branca,0.46689998870859617
CAND_05885,0.0,49.0,Bacharelado,Capitais,Presencial,Masculino,Branca,0.7608549821288559
CAND_05886,6.6,50.0,Bacharelado,Capitais,Presencial,Feminino,Branca,0.6624494600941796
CAND_05887,5.4,45.0,Bacharelado,Capitais,Presencial,Masculino,Parda,0.8195876992844149
CAND_05888,1.7,34.0,Bacharelado,Capitais,Híbrido,Feminino,Branca,0.3527277042787945
CAND_05889,3.8,66.0,Mestrado,Região Metropolitana,Híbrido,Feminino,Indígena,0.1805815008524611
CAND_05890,6.2,39.0,Bacharelado,Região Metropolitana,Híbrido,Não-binário,Branca,0.2555204890353229
CAND_05891,3.2,49.0,Bacharelado,Região Metropolitana,Presencial,Masculino,Branca,0.9036640787136729
CAND_05892,1.3,59.0,Bacharelado,Capitais,Presencial,Masculino,Branca,0.8547564643482869
CAND_05893,6.3,52.0,Bacharelado,Capitais,Híbrido,Feminino,Preta,0.16166930530567125
CAND_05894,1.7,41.0,Bacharelado,Interior,Presencial,Masculino,Branca,0.6875779170776852
CAND_05895,8.8,19.0,Bacharelado,Capitais,Presencial,Masculino,Branca,1.0
CAND_05896,6.4,67.0,Bacharelado,Capitais,Remoto,Masculino,Amarela,0.6424529078751597
CAND_05897,8.2,60.0,Doutorado,Região Metropolitana,Híbrido,Feminino,Preta,0.15347120504445821
CAND_05898,0.7,48.0,Doutorado,Região Metropolitana,Presencial,Feminino,Parda,0.25543578544318246
CAND_05899,4.6,35.0,Mestrado,Capitais,Remoto,Masculino,Branca,0.9041876325364905
CAND_05900,6.7,55.0,Bacharelado,Capitais,Presencial,Masculino,Branca,0.9526299047171305
CAND_05901,2.6,75.0,Bacharelado,Interior,Remoto,Masculino,Branca,0.7946651360354197
CAND_05902,8.8,45.0,Bacharelado,Capitais,Remoto,Masculino,Branca,1.0
CAND_05903,3.0,48.0,Bacharelado,Região Metropolitana,Híbrido,Masculino,Indígena,0.5107691886893636
CAND_05904,7.9,46.0,Bacharelado,Capitais,Híbrido,Masculino,Preta,0.5084830661831421
CAND_05905,5.7,67.0,Mestrado,Região Metropolitana,Híbrido,Feminino,Amarela,0.31042251138838883
CAND_05906,10.2,45.0,Mestrado,Região Metropolitana,Híbrido,Feminino,Branca,0.6381021274667598
CAND_05907,9.2,47.0,Bacharelado,Interior,Remoto,Masculino,Branca,0.810388814359194
CAND_05908,6.8,67.0,Mestrado,Capitais,Híbrido,Masculino,Branca,1.0
CAND_05909,2.2,44.0,Ensino Médio,Região Metropolitana,Remoto,Masculino,Preta,0.17179903464321863
CAND_05910,6.7,80.0,Ensino Médio,Capitais,Híbrido,Masculino,Branca,0.9739763274035069
CAND_05911,4.3,26.0,Bacharelado,Região Metropolitana,Presencial,Masculino,Branca,0.6679469050461462
CAND_05912,6.4,37.0,Bacharelado,Região Metropolitana,Presencial,Feminino,Branca,0.43533648977136113
CAND_05913,6.6,56.0,Bacharelado,Capitais,Híbrido,Masculino,Parda,0.8868376408170073
CAND_05914,7.3,65.0,Mestrado,Interior,Remoto,Masculino,Preta,0.2827546552722262
CAND_05915,6.9,61.0,Bacharelado,Região Metropolitana,Presencial,Feminino,Preta,0.0318361729494827
CAND_05916,7.7,47.0,Bacharelado,Interior,Remoto,Feminino,Parda,0.0
CAND_05917,3.8,49.0,Mestrado,Interior,Híbrido,Masculino,Branca,0.577029610664549
CAND_05918,1.3,29.0,Mestrado,Capitais,Híbrido,Feminino,Parda,0.431825411028967
CAND_05919,6.4,68.0,Bacharelado,Região Metropolitana,Presencial,Feminino,Branca,0.36532297190497853
CAND_05920,3.2,72.0,Mestrado,Capitais,Híbrido,Feminino,Amarela,0.38358657375940564
CAND_05921,5.5,32.0,Mestrado,Capitais,Presencial,Feminino,Branca,0.5135176503097378
CAND_05922,0.5,46.0,Ensino Médio,Região Metropolitana,Remoto,Masculino,Branca,0.7259860951751403
CAND_05923,6.8,64.0,Bacharelado,Capitais,Híbrido,Não-binário,Indígena,0.2367590605290881
CAND_05924,8.8,43.0,Bacharelado,Capitais,Remoto,Masculino,Branca,0.8627924515152703
CAND_05925,4.5,50.0,Bacharelado,Região Metropolitana,Remoto,Masculino,Branca,0.8648436014109837
CAND_05926,10.2,46.0,Bacharelado,Capitais,Presencial,Masculino,Preta,0.6653615787372955
CAND_05927,8.5,52.0,Bacharelado,Capitais,Remoto,Masculino,Branca,1.0
CAND_05928,7.1,21.0,Mestrado,Região Metropolitana,Remoto,Masculino,Branca,0.7034685072503011
CAND_05929,4.6,42.0,Doutorado,Interior,Híbrido,Masculino,Branca,0.5014180806287194
CAND_05930,6.2,59.0,Bacharelado,Capitais,Presencial,Não-binário,Branca,0.4266984495299325
CAND_05931,5.0,50.0,Mestrado,Região Metropolitana,Híbrido,Feminino,Parda,0.45961332036655045
CAND_05932,0.2,33.0,Doutorado,Capitais,Híbrido,Feminino,Preta,0.0020606329796781335
CAND_05933,7.7,25.0,Ensino Médio,Capitais,Híbrido,Feminino,Branca,0.4398371271266507
CAND_05934,1.7,55.0,Mestrado,Região Metropolitana,Remoto,Feminino,Branca,0.34866682190713216
CAND_05935,4.8,77.0,Bacharelado,Região Metropolitana,Híbrido,Não-binário,Amarela,0.0
CAND_05936,4.3,35.0,Mestrado,Interior,Remoto,Masculino,Branca,0.5987030176479357
CAND_05937,6.9,76.0,Mestrado,Capitais,Remoto,Masculino,Branca,1.0
CAND_05938,7.1,32.0,Mestrado,Capitais,Híbrido,Feminino,Branca,0.6754973009989438
CAND_05939,3.3,70.0,Mestrado,Interior,Híbrido,Feminino,Branca,0.5382554234149175
CAND_05940,4.8,41.0,Ensino Médio,Capitais,Remoto,Masculino,Branca,0.8127280331580353
CAND_05941,10.8,32.0,Bacharelado,Capitais,Remoto,Masculino,Branca,0.9762238936618537
CAND_05942,4.5,51.0,Bacharelado,Capitais,Presencial,Masculino,Parda,0.8895994044563748
CAND_05943,0.6,77.0,Mestrado,Capitais,Presencial,Masculino,Preta,0.2917075169230595
CAND_05944,5.0,53.0,Bacharelado,Região Metropolitana,Híbrido,Masculino,Preta,0.3142853366898665
CAND_05945,0.4,57.0,Bacharelado,Capitais,Híbrido,Masculino,Branca,0.8958734199958601
CAND_05946,0.0,72.0,Mestrado,Região Metropolitana,Presencial,Masculino,Parda,0.6231623685427086
CAND_05947,3.6,35.0,Bacharelado,Capitais,Híbrido,Feminino,Branca,0.44027128671998117
CAND_05948,8.8,52.0,Mestrado,Interior,Presencial,Masculino,Branca,0.9258148675314474
CAND_05949,7.1,70.0,Ensino Médio,Capitais,Presencial,Masculino,Branca,0.8620585683877798
CAND_05950,0.0,84.0,Bacharelado,Região Metropolitana,Presencial,Feminino,Branca,0.46903555617583004
CAND_05951,2.5,47.0,Bacharelado,Região Metropolitana,Híbrido,Feminino,Branca,0.3828595064623415
CAND_05952,3.4,42.0,Bacharelado,Capitais,Remoto,Masculino,Amarela,0.5037994963406384
CAND_05953,5.1,35.0,Bacharelado,Região Metropolitana,Remoto,Masculino,Branca,0.8608862632303667
CAND_05954,5.6,52.0,Mestrado,Região Metropolitana,Presencial,Masculino,Branca,0.8141596781556022
CAND_05955,7.2,52.0,Bacharelado,Região Metropolitana,Remoto,Masculino,Amarela,0.5546462275496593
CAND_05956,5.1,59.0,Bacharelado,Região Metropolitana,Híbrido,Masculino,Parda,0.7033414886564953
CAND_05957,3.6,55.0,Bacharelado,Capitais,Presencial,Masculino,Preta,0.35370441519238904
CAND_05958,6.9,51.0,Doutorado,Capitais,Presencial,Masculino,Branca,1.0
CAND_05959,1.3,57.0,Mestrado,Capitais,Híbrido,Feminino,Branca,0.530750673347992
CAND_05960,0.4,62.0,Bacharelado,Capitais,Híbrido,Feminino,Amarela,0.09593851045494599
CAND_05961,5.5,7.0,Bacharelado,Capitais,Remoto,Masculino,Parda,0.5215532356766363
CAND_05962,6.8,30.0,Mestrado,Região Metropolitana,Híbrido,Masculino,Parda,0.7539464820564711
CAND_05963,5.7,68.0,Mestrado,Capitais,Remoto,Masculino,Branca,0.9095886820623525
CAND_05964,11.8,48.0,Mestrado,Capitais,Híbrido,Masculino,Branca,1.0
CAND_05965,5.6,48.0,Mestrado,Interior,Híbrido,Masculino,Branca,0.7835115415875663
CAND_05966,2.7,30.0,Doutorado,Capitais,Híbrido,Masculino,Branca,0.9808392403939308
CAND_05967,8.6,31.0,Doutorado,Capitais,Híbrido,Masculino,Branca,0.9852614145649541
CAND_05968,5.9,62.0,Bacharelado,Região Metropolitana,Remoto,Masculino,Preta,0.4778117355500062
CAND_05969,5.0,37.0,Bacharelado,Região Metropolitana,Híbrido,Feminino,Branca,0.42599894130639715
CAND_05970,10.7,43.0,Ensino Médio,Região Metropolitana,Híbrido,Feminino,Branca,0.47865904836620743
CAND_05971,2.7,20.0,Mestrado,Região Metropolitana,Híbrido,Masculino,Branca,0.5625239664548214
CAND_05972,4.9,44.0,Mestrado,Região Metropolitana,Presencial,Masculino,Preta,0.40070011703988295
CAND_05973,12.3,24.0,Bacharelado,Região Metropolitana,Presencial,Feminino,Amarela,0.2083253030005912
CAND_05974,3.4,28.0,Bacharelado,Capitais,Presencial,Feminino,Preta,0.0
CAND_05975,5.4,52.0,Bacharelado,Região Metropolitana,Híbrido,Masculino,Branca,0.9540735981722898
CAND_05976,10.6,21.0,Bacharelado,Capitais,Remoto,Masculino,Preta,0.4645958838357249
CAND_05977,7.9,24.0,Bacharelado,Região Metropolitana,Híbrido,Masculino,Branca,0.935920250212387
CAND_05978,6.2,51.0,Bacharelado,Região Metropolitana,Presencial,Masculino,Amarela,0.37495793058264854
CAND_05979,4.1,41.0,Bacharelado,Capitais,Presencial,Feminino,Branca,0.5796797918794749
CAND_05980,6.9,34.0,Bacharelado,Capitais,Presencial,Masculino,Branca,1.0
CAND_05981,0.7,48.0,Bacharelado,Capitais,Remoto,Não-binário,Preta,0.0
CAND_05982,8.9,63.0,Mestrado,Interior,Híbrido,Feminino,Branca,0.33800204117825344
CAND_05983,2.7,64.0,Ensino Médio,Interior,Presencial,Masculino,Branca,0.5918482615492439
CAND_05984,0.0,63.0,Ensino Médio,Interior,Presencial,Masculino,Preta,0.2210471005881299
CAND_05985,0.9,42.0,Ensino Médio,Interior,Remoto,Masculino,Preta,0.0
CAND_05986,4.0,57.0,Ensino Médio,Capitais,Remoto,Masculino,Branca,0.9166662693293472
CAND_05987,7.8,59.0,Mestrado,Capitais,Híbrido,Masculino,Branca,1.0
CAND_05988,0.0,46.0,Bacharelado,Região Metropolitana,Híbrido,Feminino,Branca,0.3737683075166509
CAND_05989,6.2,35.0,Bacharelado,Interior,Presencial,Masculino,Amarela,0.2949383527657873
CAND_05990,3.9,36.0,Bacharelado,Capitais,Remoto,Masculino,Branca,1.0
CAND_05991,4.5,55.0,Bacharelado,Região Metropolitana,Remoto,Masculino,Branca,0.8891363932787878
CAND_05992,5.3,52.0,Bacharelado,Capitais,Remoto,Feminino,Branca,0.6661553160715927
CAND_05993,0.0,39.0,Ensino Médio,Capitais,Híbrido,Não-binário,Branca,0.13557997513777448
CAND_05994,4.0,28.0,Ensino Médio,Capitais,Híbrido,Masculino,Branca,0.633092647178896
CAND_05995,4.8,37.0,Mestrado,Região Metropolitana,Remoto,Feminino,Branca,0.42076176542508753
CAND_05996,3.8,57.0,Bacharelado,Região Metropolitana,Remoto,Feminino,Branca,0.2956992343352304
CAND_05997,3.0,69.0,Bacharelado,Capitais,Presencial,Masculino,Branca,1.0
CAND_05998,6.8,62.0,Bacharelado,Capitais,Remoto,Masculino,Branca,0.8909576441297152
CAND_05999,1.8,71.0,Bacharelado,Capitais,Remoto,Masculino,Branca,1.0
CAND_06000,5.7,59.0,Bacharelado,Região Metropolitana,Híbrido,Masculino,Branca,0.7543406807717318
CAND_06001,7.6,73.0,Bacharelado,Capitais,Remoto,Masculino,Amarela,0.7660573624931737
CAND_06002,6.5,24.0,Bacharelado,Região Metropolitana,Presencial,Feminino,Branca,0.44728830809306247
CAND_06003,2.7,51.0,Bacharelado,Capitais,Presencial,Feminino,Indígena,0.06591166955667443
CAND_06004,0.0,87.0,Bacharelado,Região Metropolitana,Híbrido,Feminino,Amarela,0.14414885749309386
CAND_06005,4.1,50.0,Bacharelado,Capitais,Híbrido,Não-binário,Branca,0.37609720248978196
CAND_06006,6.9,58.0,Bacharelado,Região Metropolitana,Híbrido,Masculino,Parda,0.877797908227395
CAND_06007,4.1,43.0,Ensino Médio,Capitais,Remoto,Masculino,Parda,0.8997538995311276
CAND_06008,5.3,28.0,Ensino Médio,Capitais,Híbrido,Masculino,Parda,0.6188794496702009
CAND_06009,4.3,63.0,Mestrado,Região Metropolitana,Híbrido,Masculino,Branca,1.0
CAND_06010,0.9,62.0,Bacharelado,Capitais,Remoto,Masculino,Preta,0.562306219543708
CAND_06011,4.9,49.0,Mestrado,Capitais,Remoto,Masculino,Branca,1.0
CAND_06012,2.2,48.0,Bacharelado,Região Metropolitana,Remoto,Masculino,Branca,0.9010164021452405
CAND_06013,5.0,44.0,Bacharelado,Capitais,Presencial,Masculino,Branca,0.957351700672393
CAND_06014,2.3,46.0,Mestrado,Capitais,Híbrido,Feminino,Branca,0.5983375442567176
CAND_06015,10.3,42.0,Mestrado,Capitais,Remoto,Feminino,Preta,0.2150340981817186
CAND_06016,7.7,56.0,Mestrado,Capitais,Híbrido,Feminino,Branca,0.6720399509966415
CAND_06017,2.4,49.0,Doutorado,Capitais,Híbrido,Feminino,Branca,0.42973016395182445
CAND_06018,0.8,53.0,Bacharelado,Região Metropolitana,Híbrido,Masculino,Branca,0.6926355091560782
CAND_06019,7.8,76.0,Bacharelado,Capitais,Híbrido,Feminino,Parda,0.7035440298965792
CAND_06020,2.0,53.0,Bacharelado,Capitais,Híbrido,Não-binário,Branca,0.2839708573984994
CAND_06021,7.1,36.0,Bacharelado,Capitais,Híbrido,Feminino,Amarela,0.1339558239252534
CAND_06022,6.5,49.0,Bacharelado,Capitais,Remoto,Masculino,Branca,0.8893612597750694
CAND_06023,7.0,56.0,Bacharelado,Capitais,Presencial,Masculino,Branca,1.0
CAND_06024,1.4,68.0,Bacharelado,Região Metropolitana,Remoto,Feminino,Preta,0.0
CAND_06025,1.6,75.0,Bacharelado,Interior,Presencial,Feminino,Preta,0.0
CAND_06026,0.0,64.0,Bacharelado,Capitais,Híbrido,Masculino,Branca,0.8531410853247224
CAND_06027,0.0,17.0,Ensino Médio,Capitais,Híbrido,Feminino,Branca,0.24545572874267846
CAND_06028,5.4,54.0,Bacharelado,Região Metropolitana,Híbrido,Feminino,Branca,0.46311748951090387
CAND_06029,7.1,63.0,Mestrado,Capitais,Híbrido,Feminino,Branca,0.6983193334697505
CAND_06030,3.8,55.0,Bacharelado,Capitais,Presencial,Masculino,Branca,1.0
CAND_06031,1.8,46.0,Bacharelado,Região Metropolitana,Remoto,Masculino,Amarela,0.4174840227198049
CAND_06032,3.2,59.0,Bacharelado,Interior,Remoto,Masculino,Branca,0.6650274724575699
CAND_06033,9.4,72.0,Ensino Médio,Capitais,Remoto,Masculino,Branca,1.0
CAND_06034,6.5,27.0,Bacharelado,Capitais,Presencial,Masculino,Branca,0.7117831192959625
CAND_06035,6.4,63.0,Bacharelado,Interior,Híbrido,Masculino,Preta,0.3734706441185598
CAND_06036,7.4,61.0,Bacharelado,Capitais,Presencial,Feminino,Branca,0.6226113373630114
CAND_06037,3.2,35.0,Ensino Médio,Região Metropolitana,Híbrido,Feminino,Branca,0.21318540462754543
CAND_06038,0.0,67.0,Bacharelado,Região Metropolitana,Híbrido,Feminino,Branca,0.47416717328807484
CAND_06039,7.2,52.0,Mestrado,Capitais,Híbrido,Masculino,Amarela,0.6145315997557506
CAND_06040,3.3,45.0,Bacharelado,Região Metropolitana,Híbrido,Masculino,Parda,0.9137353194057847
CAND_06041,1.8,46.0,Bacharelado,Capitais,Remoto,Masculino,Branca,0.8810054037979405
CAND_06042,5.0,50.0,Doutorado,Região Metropolitana,Remoto,Masculino,Amarela,0.5914063294094127
CAND_06043,6.5,55.0,Bacharelado,Interior,Presencial,Não-binário,Branca,0.17752551239336736
CAND_06044,9.9,68.0,Ensino Médio,Capitais,Presencial,Masculino,Amarela,0.5754771349169787
CAND_06045,8.1,70.0,Ensino Médio,Capitais,Híbrido,Masculino,Branca,1.0
CAND_06046,4.6,40.0,Bacharelado,Capitais,Híbrido,Feminino,Branca,0.4936825770946987
CAND_06047,3.6,68.0,Bacharelado,Capitais,Híbrido,Feminino,Branca,0.6287224770299205
CAND_06048,3.5,64.0,Mestrado,Região Metropolitana,Presencial,Masculino,Indígena,0.6849365968764989
CAND_06049,8.0,51.0,Mestrado,Região Metropolitana,Híbrido,Feminino,Parda,0.5733872234441304
CAND_06050,3.3,55.0,Ensino Médio,Região Metropolitana,Híbrido,Masculino,Branca,0.4957749022286818
CAND_06051,4.5,77.0,Bacharelado,Região Metropolitana,Remoto,Feminino,Branca,0.537173180296957
CAND_06052,6.7,49.0,Mestrado,Região Metropolitana,Híbrido,Masculino,Amarela,0.7428383468800759
CAND_06053,1.7,29.0,Bacharelado,Capitais,Remoto,Feminino,Branca,0.3209970277445749
CAND_06054,5.4,58.0,Bacharelado,Capitais,Híbrido,Masculino,Branca,1.0
CAND_06055,3.4,46.0,Bacharelado,Região Metropolitana,Presencial,Masculino,Preta,0.12746372735515799
CAND_06056,5.3,42.0,Bacharelado,Capitais,Presencial,Masculino,Parda,0.7869115922158155
CAND_06057,4.2,56.0,Ensino Médio,Capitais,Híbrido,Não-binário,Branca,0.2721630232607213
CAND_06058,5.2,43.0,Bacharelado,Capitais,Presencial,Feminino,Branca,0.5697490406155088
CAND_06059,5.9,45.0,Bacharelado,Região Metropolitana,Híbrido,Feminino,Branca,0.5153824191303178
CAND_06060,7.2,35.0,Bacharelado,Capitais,Remoto,Masculino,Amarela,0.32267850634718653
CAND_06061,10.0,41.0,Bacharelado,Capitais,Híbrido,Masculino,Branca,1.0
CAND_06062,6.0,48.0,Bacharelado,Capitais,Remoto,Masculino,Branca,0.9953309963250239
CAND_06063,7.3,52.0,Bacharelado,Capitais,Presencial,Feminino,Branca,0.6408236514761706
CAND_06064,0.0,48.0,Bacharelado,Região Metropolitana,Híbrido,Masculino,Branca,0.6270035201790206
CAND_06065,7.2,53.0,Bacharelado,Região Metropolitana,Híbrido,Masculino,Branca,0.8736012728094086
CAND_06066,7.8,46.0,Mestrado,Região Metropolitana,Remoto,Feminino,Parda,0.3198825993948141
CAND_06067,6.2,0.0,Bacharelado,Interior,Presencial,Masculino,Branca,0.3667943333719714
CAND_06068,4.8,55.0,Mestrado,Interior,Remoto,Masculino,Branca,0.9278274931618804
CAND_06069,1.0,26.0,Bacharelado,Região Metropolitana,Presencial,Masculino,Branca,0.8182352751624932
CAND_06070,0.0,38.0,Mestrado,Capitais,Presencial,Masculino,Amarela,0.3289961705718788
CAND_06071,10.9,46.0,Doutorado,Capitais,Presencial,Masculino,Preta,0.709046112280505
CAND_06072,7.9,59.0,Mestrado,Interior,Híbrido,Masculino,Branca,0.7261960941240295
CAND_06073,7.6,64.0,Bacharelado,Região Metropolitana,Híbrido,Feminino,Branca,0.5428178765711482
CAND_06074,0.5,44.0,Bacharelado,Capitais,Híbrido,Masculino,Amarela,0.4444168188067559
CAND_06075,7.3,69.0,Mestrado,Capitais,Remoto,Feminino,Parda,0.5675052720240956
CAND_06076,8.2,25.0,Bacharelado,Região Metropolitana,Presencial,Masculino,Branca,0.9807469086423314
CAND_06077,1.5,43.0,Bacharelado,Capitais,Presencial,Feminino,Branca,0.4692851817483603
CAND_06078,4.5,71.0,Ensino Médio,Capitais,Presencial,Feminino,Parda,0.3475310304556132
CAND_06079,2.9,49.0,Mestrado,Capitais,Híbrido,Masculino,Branca,0.8225219221616552
CAND_06080,8.3,42.0,Mestrado,Capitais,Híbrido,Masculino,Amarela,0.8616386701423979
CAND_06081,0.5,69.0,Bacharelado,Capitais,Remoto,Masculino,Branca,0.9349219424058504
CAND_06082,8.0,56.0,Bacharelado,Capitais,Híbrido,Masculino,Amarela,0.5812592293652732
CAND_06083,6.8,55.0,Bacharelado,Capitais,Remoto,Masculino,Branca,1.0
CAND_06084,0.0,32.0,Bacharelado,Capitais,Remoto,Masculino,Branca,0.8109082087773257
CAND_06085,5.7,23.0,Doutorado,Região Metropolitana,Remoto,Masculino,Branca,0.8855486989430674
CAND_06086,5.5,65.0,Mestrado,Capitais,Presencial,Feminino,Branca,0.8427492468152178
CAND_06087,5.6,45.0,Bacharelado,Capitais,Híbrido,Feminino,Branca,0.2502652533559064
CAND_06088,6.2,43.0,Bacharelado,Capitais,Presencial,Masculino,Branca,0.9335858982800442
CAND_06089,10.2,55.0,Bacharelado,Capitais,Híbrido,Masculino,Branca,1.0
CAND_06090,8.1,70.0,Ensino Médio,Capitais,Híbrido,Masculino,Parda,1.0
CAND_06091,0.0,69.0,Bacharelado,Capitais,Remoto,Feminino,Branca,0.5823687032038389
CAND_06092,4.8,72.0,Bacharelado,Região Metropolitana,Remoto,Feminino,Preta,0.0
CAND_06093,6.3,54.0,Bacharelado,Capitais,Presencial,Masculino,Branca,0.7944375226164716
CAND_06094,6.7,33.0,Bacharelado,Região Metropolitana,Híbrido,Feminino,Branca,0.48069232883080987
CAND_06095,5.1,51.0,Mestrado,Interior,Híbrido,Feminino,Branca,0.25086191756979753
CAND_06096,4.2,56.0,Bacharelado,Região Metropolitana,Presencial,Feminino,Branca,0.7498466914740598
CAND_06097,5.7,49.0,Bacharelado,Capitais,Híbrido,Masculino,Branca,1.0
CAND_06098,4.0,19.0,Doutorado,Região Metropolitana,Presencial,Masculino,Preta,0.28649478784444055
CAND_06099,3.2,47.0,Bacharelado,Capitais,Híbrido,Masculino,Branca,0.7496434015460679
CAND_06100,0.8,54.0,Mestrado,Capitais,Presencial,Masculino,Preta,0.6424049722952465
CAND_06101,6.9,41.0,Mestrado,Capitais,Híbrido,Masculino,Branca,0.979910926594593
CAND_06102,5.2,55.0,Bacharelado,Capitais,Híbrido,Feminino,Branca,0.6736533952515701
CAND_06103,5.2,40.0,Bacharelado,Região Metropolitana,Presencial,Masculino,Branca,0.7584286139074888
CAND_06104,7.0,72.0,Bacharelado,Capitais,Remoto,Feminino,Branca,0.5522062569738739
CAND_06105,5.9,46.0,Mestrado,Capitais,Remoto,Masculino,Parda,0.9430402693764037
CAND_06106,4.1,44.0,Bacharelado,Região Metropolitana,Híbrido,Feminino,Branca,0.42063192273373823
CAND_06107,7.4,60.0,Mestrado,Região Metropolitana,Remoto,Não-binário,Branca,0.619403015646198
CAND_06108,7.0,44.0,Mestrado,Interior,Híbrido,Feminino,Branca,0.2013742088276498
CAND_06109,7.7,82.0,Bacharelado,Capitais,Remoto,Feminino,Preta,0.2032541639673783
CAND_06110,5.6,29.0,Bacharelado,Região Metropolitana,Híbrido,Masculino,Branca,0.8402934146322036
CAND_06111,1.6,46.0,Doutorado,Capitais,Remoto,Feminino,Branca,0.41794240303674024
CAND_06112,5.9,62.0,Bacharelado,Capitais,Híbrido,Masculino,Branca,0.9342178789998491
CAND_06113,1.3,75.0,Bacharelado,Capitais,Presencial,Masculino,Branca,0.9549141756426958
CAND_06114,8.3,68.0,Mestrado,Interior,Presencial,Masculino,Branca,0.8715773135007533
CAND_06115,2.5,81.0,Bacharelado,Região Metropolitana,Híbrido,Feminino,Parda,0.46968278090274607
CAND_06116,3.7,51.0,Ensino Médio,Capitais,Remoto,Masculino,Amarela,0.6065180143404224
CAND_06117,0.4,55.0,Bacharelado,Capitais,Híbrido,Masculino,Branca,0.9104358367691014
CAND_06118,4.0,35.0,Mestrado,Capitais,Presencial,Masculino,Branca,0.9542219342078225
CAND_06119,5.9,53.0,Bacharelado,Região Metropolitana,Híbrido,Feminino,Parda,0.39236599035897
CAND_06120,0.0,19.0,Mestrado,Capitais,Presencial,Masculino,Branca,0.7303948585815825
CAND_06121,1.7,52.0,Mestrado,Interior,Presencial,Masculino,Branca,0.7374083918273071
CAND_06122,0.8,85.0,Mestrado,Região Metropolitana,Híbrido,Feminino,Branca,0.706110502090724
CAND_06123,7.5,54.0,Bacharelado,Capitais,Presencial,Masculino,Branca,0.9274270587724991
CAND_06124,2.3,63.0,Bacharelado,Interior,Presencial,Feminino,Branca,0.17810390581990274
CAND_06125,2.2,39.0,Bacharelado,Capitais,Híbrido,Masculino,Branca,0.9079821980084305
CAND_06126,3.2,44.0,Bacharelado,Região Metropolitana,Presencial,Feminino,Branca,0.33706576333406435
CAND_06127,1.3,60.0,Bacharelado,Capitais,Presencial,Feminino,Branca,0.5924849670681225
CAND_06128,3.7,96.0,Bacharelado,Região Metropolitana,Presencial,Masculino,Branca,1.0
CAND_06129,8.7,67.0,Ensino Médio,Região Metropolitana,Híbrido,Masculino,Indígena,0.5822140896757935
CAND_06130,3.5,51.0,Bacharelado,Capitais,Remoto,Masculino,Branca,0.8924221437114166
CAND_06131,4.7,43.0,Bacharelado,Região Metropolitana,Presencial,Masculino,Branca,0.8585155968871352
CAND_06132,5.1,40.0,Mestrado,Interior,Híbrido,Masculino,Branca,0.6825159583781693
CAND_06133,4.1,49.0,Mestrado,Capitais,Presencial,Feminino,Amarela,0.2811260670294678
CAND_06134,1.6,57.0,Bacharelado,Capitais,Híbrido,Masculino,Branca,1.0
CAND_06135,5.3,66.0,Bacharelado,Capitais,Híbrido,Masculino,Preta,0.5202597062820401
CAND_06136,3.8,61.0,Bacharelado,Região Metropolitana,Remoto,Masculino,Branca,0.6728077122668059
CAND_06137,5.1,46.0,Bacharelado,Capitais,Presencial,Masculino,Indígena,0.6970796500141938
CAND_06138,0.0,45.0,Doutorado,Região Metropolitana,Presencial,Não-binário,Branca,0.46551289823192754
CAND_06139,0.0,49.0,Bacharelado,Capitais,Híbrido,Masculino,Preta,0.09615192075459894
CAND_06140,8.0,59.0,Mestrado,Capitais,Remoto,Feminino,Branca,0.6121624297144999
CAND_06141,8.1,44.0,Bacharelado,Capitais,Híbrido,Feminino,Parda,0.3653886904724188
CAND_06142,6.1,48.0,Bacharelado,Região Metropolitana,Híbrido,Não-binário,Branca,0.40775218838478605
CAND_06143,10.0,55.0,Bacharelado,Capitais,Presencial,Masculino,Branca,1.0
CAND_06144,3.4,61.0,Bacharelado,Região Metropolitana,Remoto,Masculino,Parda,0.8177987829820024
CAND_06145,3.0,42.0,Ensino Médio,Região Metropolitana,Remoto,Não-binário,Parda,0.17264007020007005
CAND_06146,3.7,73.0,Bacharelado,Região Metropolitana,Presencial,Não-binário,Branca,0.32646947533274384
CAND_06147,0.1,55.0,Bacharelado,Capitais,Híbrido,Masculino,Amarela,0.43379594842295566
CAND_06148,0.6,38.0,Bacharelado,Região Metropolitana,Híbrido,Masculino,Branca,0.6014959908992515
CAND_06149,7.7,44.0,Bacharelado,Região Metropolitana,Híbrido,Masculino,Amarela,0.40564728711994785
CAND_06150,0.5,33.0,Bacharelado,Região Metropolitana,Remoto,Masculino,Branca,0.7298893710644292
CAND_06151,1.2,76.0,Mestrado,Interior,Híbrido,Masculino,Branca,0.8337857136700062
CAND_06152,12.4,61.0,Bacharelado,Capitais,Remoto,Feminino,Branca,0.6455892218665382
CAND_06153,0.1,38.0,Mestrado,Capitais,Presencial,Masculino,Branca,0.9356976091218319
CAND_06154,9.0,56.0,Mestrado,Região Metropolitana,Presencial,Feminino,Branca,0.642119765265864
CAND_06155,0.5,52.0,Bacharelado,Capitais,Presencial,Não-binário,Preta,0.0
CAND_06156,10.5,0.0,Mestrado,Interior,Híbrido,Masculino,Branca,0.7166176486548697
CAND_06157,4.5,53.0,Ensino Médio,Região Metropolitana,Remoto,Feminino,Branca,0.5977984777302314
CAND_06158,9.8,64.0,Bacharelado,Capitais,Presencial,Feminino,Parda,0.6248440688395115
CAND_06159,4.4,51.0,Bacharelado,Capitais,Remoto,Feminino,Amarela,0.06356996723644122
CAND_06160,3.1,19.0,Mestrado,Capitais,Híbrido,Feminino,Parda,0.5349804229994348
CAND_06161,2.3,58.0,Bacharelado,Região Metropolitana,Híbrido,Masculino,Branca,0.929043830569932
CAND_06162,0.8,53.0,Mestrado,Capitais,Remoto,Feminino,Branca,0.4179775502777546
CAND_06163,6.4,68.0,Ensino Médio,Interior,Híbrido,Feminino,Branca,0.23196926819537284
CAND_06164,8.4,59.0,Bacharelado,Região Metropolitana,Presencial,Masculino,Branca,1.0
CAND_06165,3.6,40.0,Bacharelado,Capitais,Híbrido,Feminino,Amarela,0.03378679345820787
CAND_06166,10.1,44.0,Doutorado,Capitais,Remoto,Masculino,Parda,1.0
CAND_06167,7.7,60.0,Mestrado,Capitais,Remoto,Masculino,Branca,1.0
CAND_06168,11.7,44.0,Bacharelado,Região Metropolitana,Remoto,Masculino,Preta,0.5747910303506508
CAND_06169,3.4,64.0,Mestrado,Região Metropolitana,Presencial,Masculino,Branca,1.0
CAND_06170,8.4,50.0,Bacharelado,Capitais,Remoto,Feminino,Amarela,0.174864875750476
CAND_06171,4.9,34.0,Mestrado,Capitais,Híbrido,Feminino,Branca,0.6537942770962937
CAND_06172,3.3,26.0,Bacharelado,Capitais,Presencial,Feminino,Branca,0.4681154858198533
CAND_06173,5.6,28.0,Bacharelado,Capitais,Híbrido,Masculino,Branca,0.9021371113538019
CAND_06174,7.8,30.0,Mestrado,Capitais,Híbrido,Feminino,Indígena,0.3683775056996952
CAND_06175,4.3,33.0,Bacharelado,Capitais,Remoto,Não-binário,Branca,0.24396538284355462
CAND_06176,2.2,66.0,Mestrado,Capitais,Híbrido,Masculino,Branca,0.9534745867168241
CAND_06177,13.3,39.0,Bacharelado,Capitais,Presencial,Masculino,Branca,0.9689510710030608
CAND_06178,3.8,72.0,Doutorado,Interior,Remoto,Masculino,Preta,0.3162516115210254
CAND_06179,5.5,67.0,Bacharelado,Capitais,Híbrido,Masculino,Parda,1.0
CAND_06180,6.1,36.0,Ensino Médio,Interior,Híbrido,Masculino,Preta,0.035178970554361866
CAND_06181,5.4,54.0,Mestrado,Região Metropolitana,Presencial,Feminino,Preta,0.0559608310706522
CAND_06182,8.3,28.0,Bacharelado,Interior,Remoto,Feminino,Amarela,0.0
CAND_06183,6.2,81.0,Bacharelado,Região Metropolitana,Remoto,Masculino,Preta,0.3157450310436809
CAND_06184,4.5,52.0,Mestrado,Capitais,Presencial,Feminino,Branca,0.6276071637638242
CAND_06185,4.8,80.0,Bacharelado,Capitais,Remoto,Masculino,Amarela,0.570425205938096
CAND_06186,1.7,42.0,Bacharelado,Interior,Presencial,Masculino,Branca,0.4300000286979567
CAND_06187,7.6,44.0,Bacharelado,Região Metropolitana,Remoto,Masculino,Preta,0.19197347264734282
CAND_06188,10.1,50.0,Bacharelado,Região Metropolitana,Híbrido,Masculino,Branca,0.9113995001214765
CAND_06189,7.3,51.0,Bacharelado,Capitais,Remoto,Masculino,Preta,0.527964175388617
CAND_06190,3.7,38.0,Bacharelado,Interior,Híbrido,Masculino,Branca,0.6522722411520425
CAND_06191,1.2,44.0,Mestrado,Capitais,Remoto,Masculino,Branca,0.9948554347535129
CAND_06192,6.2,61.0,Bacharelado,Região Metropolitana,Híbrido,Feminino,Branca,0.6045325343988133
CAND_06193,6.3,65.0,Bacharelado,Capitais,Remoto,Masculino,Branca,0.9494084861615593
CAND_06194,3.7,65.0,Bacharelado,Capitais,Remoto,Feminino,Branca,0.5437363887538673
CAND_06195,2.3,42.0,Bacharelado,Capitais,Remoto,Masculino,Branca,0.8180353779852517
CAND_06196,5.4,45.0,Bacharelado,Região Metropolitana,Presencial,Masculino,Branca,0.8715788221361724
CAND_06197,3.4,55.0,Bacharelado,Capitais,Híbrido,Masculino,Branca,1.0
CAND_06198,3.2,46.0,Bacharelado,Interior,Híbrido,Masculino,Preta,0.001170323645501431
CAND_06199,7.3,77.0,Bacharelado,Capitais,Híbrido,Masculino,Branca,1.0
CAND_06200,5.6,48.0,Bacharelado,Capitais,Presencial,Masculino,Preta,0.32959918228935964
CAND_06201,7.3,63.0,Doutorado,Região Metropolitana,Híbrido,Feminino,Branca,0.5212862747806587
CAND_06202,9.0,63.0,Bacharelado,Capitais,Remoto,Masculino,Branca,1.0
CAND_06203,4.6,43.0,Bacharelado,Capitais,Remoto,Masculino,Indígena,0.6475981737330767
CAND_06204,7.7,57.0,Bacharelado,Capitais,Remoto,Feminino,Amarela,0.21308997961475462
CAND_06205,6.3,37.0,Ensino Médio,Interior,Presencial,Masculino,Branca,0.6026681149303605
CAND_06206,3.1,74.0,Bacharelado,Região Metropolitana,Presencial,Masculino,Branca,0.7436664686711012
CAND_06207,7.1,58.0,Bacharelado,Região Metropolitana,Híbrido,Masculino,Branca,0.9750495189786246
CAND_06208,6.0,61.0,Mestrado,Região Metropolitana,Presencial,Feminino,Indígena,0.30624690340844396
CAND_06209,4.9,49.0,Bacharelado,Capitais,Híbrido,Masculino,Preta,0.45366542622238915
CAND_06210,8.1,72.0,Bacharelado,Região Metropolitana,Híbrido,Masculino,Preta,0.5114441032421921
CAND_06211,7.2,36.0,Mestrado,Capitais,Remoto,Feminino,Branca,0.4418197901422991
CAND_06212,6.9,70.0,Bacharelado,Capitais,Híbrido,Masculino,Parda,1.0
CAND_06213,3.6,64.0,Bacharelado,Interior,Remoto,Masculino,Branca,0.644396006017452
CAND_06214,4.1,39.0,Bacharelado,Capitais,Presencial,Feminino,Branca,0.4151828726618308
CAND_06215,2.5,66.0,Bacharelado,Capitais,Híbrido,Masculino,Branca,0.7787033677482316
CAND_06216,6.3,58.0,Bacharelado,Região Metropolitana,Presencial,Feminino,Branca,0.6953604420440535
CAND_06217,5.3,57.0,Ensino Médio,Região Metropolitana,Híbrido,Feminino,Branca,0.3168630730553155
CAND_06218,7.5,30.0,Bacharelado,Região Metropolitana,Híbrido,Feminino,Parda,0.08539348790133422
CAND_06219,6.7,49.0,Bacharelado,Capitais,Remoto,Masculino,Branca,1.0
CAND_06220,1.8,69.0,Mestrado,Região Metropolitana,Presencial,Masculino,Branca,0.9930463745719408
CAND_06221,0.0,38.0,Bacharelado,Capitais,Presencial,Feminino,Amarela,0.005523008373699996
CAND_06222,3.1,93.0,Bacharelado,Capitais,Presencial,Masculino,Parda,0.9409356028895518
CAND_06223,5.0,48.0,Bacharelado,Capitais,Híbrido,Masculino,Indígena,0.6029031879012574
CAND_06224,7.0,44.0,Bacharelado,Região Metropolitana,Remoto,Feminino,Branca,0.5900712806263027
CAND_06225,10.5,64.0,Mestrado,Capitais,Híbrido,Masculino,Preta,0.7626250798162483
CAND_06226,5.7,19.0,Bacharelado,Capitais,Híbrido,Masculino,Indígena,0.6405443735248838
CAND_06227,3.3,43.0,Mestrado,Capitais,Remoto,Feminino,Branca,0.40547287336789667
CAND_06228,7.7,60.0,Mestrado,Capitais,Híbrido,Masculino,Branca,1.0
CAND_06229,0.1,30.0,Mestrado,Capitais,Presencial,Masculino,Branca,0.8212681656847912
CAND_06230,2.5,59.0,Bacharelado,Região Metropolitana,Presencial,Feminino,Branca,0.4064648117327492
CAND_06231,1.5,49.0,Bacharelado,Capitais,Híbrido,Masculino,Preta,0.2071582327244667
CAND_06232,7.0,24.0,Bacharelado,Região Metropolitana,Remoto,Masculino,Indígena,0.5748321871454669
CAND_06233,1.7,35.0,Bacharelado,Interior,Híbrido,Masculino,Branca,0.30788134390047006
CAND_06234,7.8,61.0,Bacharelado,Região Metropolitana,Presencial,Masculino,Amarela,0.4690037581183073
CAND_06235,7.6,53.0,Bacharelado,Região Metropolitana,Presencial,Masculino,Branca,1.0
CAND_06236,2.2,73.0,Mestrado,Capitais,Presencial,Feminino,Branca,0.5658255333432597
CAND_06237,0.0,67.0,Mestrado,Capitais,Remoto,Masculino,Preta,0.6251057184871046
CAND_06238,2.9,56.0,Bacharelado,Interior,Remoto,Feminino,Preta,0.0
CAND_06239,5.2,55.0,Bacharelado,Capitais,Remoto,Masculino,Branca,1.0
CAND_06240,7.9,41.0,Mestrado,Interior,Híbrido,Feminino,Parda,0.3283824227910378
CAND_06241,4.1,27.0,Mestrado,Região Metropolitana,Remoto,Masculino,Branca,0.8672691914899445
CAND_06242,6.1,47.0,Bacharelado,Capitais,Remoto,Masculino,Amarela,0.33636847178215545
CAND_06243,4.3,52.0,Mestrado,Região Metropolitana,Híbrido,Masculino,Preta,0.30892546869206594
CAND_06244,3.4,33.0,Bacharelado,Região Metropolitana,Remoto,Feminino,Branca,0.22726987225245354
CAND_06245,6.9,73.0,Bacharelado,Capitais,Presencial,Feminino,Branca,0.7966447638456426
CAND_06246,7.7,30.0,Mestrado,Interior,Híbrido,Masculino,Branca,0.7018106989010616
CAND_06247,9.6,32.0,Ensino Médio,Capitais,Híbrido,Masculino,Branca,0.9851335127823996
CAND_06248,7.0,71.0,Mestrado,Capitais,Remoto,Masculino,Branca,1.0
CAND_06249,1.0,57.0,Mestrado,Capitais,Híbrido,Feminino,Branca,0.38261449673906534
CAND_06250,7.3,43.0,Bacharelado,Capitais,Presencial,Masculino,Branca,0.9191110866921743
CAND_06251,1.7,36.0,Bacharelado,Interior,Híbrido,Feminino,Branca,0.2351813085277956
CAND_06252,9.6,76.0,Bacharelado,Região Metropolitana,Híbrido,Feminino,Branca,0.6782447089668487
CAND_06253,8.0,53.0,Bacharelado,Capitais,Híbrido,Masculino,Amarela,0.39184518793182843
CAND_06254,8.2,38.0,Bacharelado,Capitais,Presencial,Masculino,Indígena,0.6208258027098366
CAND_06255,4.9,42.0,Bacharelado,Capitais,Presencial,Masculino,Amarela,0.6649722676271197
CAND_06256,9.1,71.0,Bacharelado,Região Metropolitana,Remoto,Masculino,Branca,0.9208175684754912
CAND_06257,2.8,40.0,Bacharelado,Capitais,Presencial,Masculino,Branca,0.8579644304869816
CAND_06258,11.0,41.0,Bacharelado,Capitais,Presencial,Masculino,Branca,1.0
CAND_06259,2.2,35.0,Doutorado,Interior,Remoto,Masculino,Branca,0.6186299379465529
CAND_06260,3.6,45.0,Bacharelado,Região Metropolitana,Híbrido,Masculino,Preta,0.35202085148647966
CAND_06261,1.3,32.0,Mestrado,Capitais,Remoto,Masculino,Branca,0.854267810225133
CAND_06262,6.8,43.0,Bacharelado,Capitais,Híbrido,Masculino,Parda,0.7700608253528483
CAND_06263,2.4,55.0,Ensino Médio,Capitais,Presencial,Masculino,Branca,0.655952091061629
CAND_06264,2.9,46.0,Bacharelado,Capitais,Híbrido,Masculino,Parda,0.8025881328328416
CAND_06265,7.7,57.0,Mestrado,Capitais,Presencial,Masculino,Branca,1.0
CAND_06266,6.0,49.0,Bacharelado,Capitais,Remoto,Masculino,Indígena,0.7286225889046682
CAND_06267,0.0,59.0,Bacharelado,Capitais,Presencial,Não-binário,Branca,0.4189064935517392
CAND_06268,0.0,47.0,Bacharelado,Capitais,Remoto,Masculino,Branca,0.8058881861425614
CAND_06269,0.1,19.0,Bacharelado,Interior,Presencial,Feminino,Branca,0.1028549787187755
CAND_06270,7.8,53.0,Bacharelado,Capitais,Presencial,Masculino,Branca,1.0
CAND_06271,2.5,43.0,Ensino Médio,Capitais,Remoto,Feminino,Branca,0.23316717411438515
CAND_06272,10.1,66.0,Mestrado,Capitais,Híbrido,Masculino,Branca,1.0
CAND_06273,4.9,49.0,Bacharelado,Capitais,Híbrido,Masculino,Branca,0.9762965615917704
CAND_06274,5.1,62.0,Bacharelado,Capitais,Híbrido,Masculino,Branca,0.9250184628075516
CAND_06275,5.3,40.0,Bacharelado,Capitais,Híbrido,Masculino,Branca,0.9726292514795807
CAND_06276,7.2,63.0,Bacharelado,Capitais,Remoto,Masculino,Branca,1.0
CAND_06277,10.6,51.0,Mestrado,Capitais,Presencial,Feminino,Parda,0.43608607399758487
CAND_06278,4.1,40.0,Bacharelado,Capitais,Remoto,Feminino,Branca,0.4118381829461858
CAND_06279,0.9,17.0,Ensino Médio,Capitais,Remoto,Masculino,Branca,0.7879465532101733
CAND_06280,4.4,50.0,Mestrado,Capitais,Presencial,Feminino,Branca,0.5419196397851294
CAND_06281,4.0,37.0,Mestrado,Capitais,Híbrido,Masculino,Branca,0.8283542894499442
CAND_06282,9.7,39.0,Doutorado,Região Metropolitana,Presencial,Masculino,Branca,1.0
CAND_06283,7.8,59.0,Bacharelado,Capitais,Remoto,Masculino,Branca,1.0
CAND_06284,3.2,21.0,Ensino Médio,Região Metropolitana,Remoto,Masculino,Branca,0.6295288987417783
CAND_06285,4.5,79.0,Bacharelado,Capitais,Remoto,Masculino,Branca,1.0
CAND_06286,9.3,75.0,Mestrado,Capitais,Híbrido,Masculino,Branca,1.0
CAND_06287,5.5,60.0,Bacharelado,Capitais,Remoto,Masculino,Parda,0.7881728085109219
CAND_06288,4.1,44.0,Bacharelado,Capitais,Remoto,Masculino,Branca,1.0
CAND_06289,4.7,63.0,Bacharelado,Região Metropolitana,Remoto,Feminino,Parda,0.5097313953081111
CAND_06290,6.1,49.0,Mestrado,Região Metropolitana,Híbrido,Feminino,Branca,0.7301834400114837
CAND_06291,5.9,52.0,Bacharelado,Região Metropolitana,Híbrido,Feminino,Amarela,0.0
CAND_06292,0.0,78.0,Mestrado,Capitais,Híbrido,Feminino,Branca,0.49855057178853435
CAND_06293,2.6,52.0,Mestrado,Interior,Híbrido,Feminino,Branca,0.5179496537792269
CAND_06294,2.8,79.0,Mestrado,Região Metropolitana,Presencial,Masculino,Parda,0.7054868966782486
CAND_06295,5.4,39.0,Bacharelado,Capitais,Híbrido,Masculino,Branca,0.7499705975806155
CAND_06296,0.0,49.0,Mestrado,Interior,Híbrido,Masculino,Parda,0.41036413324562687
CAND_06297,7.1,41.0,Bacharelado,Capitais,Híbrido,Feminino,Branca,0.5085825970684679
CAND_06298,7.6,30.0,Mestrado,Região Metropolitana,Presencial,Masculino,Branca,1.0
CAND_06299,6.0,55.0,Mestrado,Capitais,Remoto,Masculino,Branca,1.0
CAND_06300,5.5,69.0,Bacharelado,Capitais,Presencial,Masculino,Branca,0.8574087810223592
CAND_06301,6.9,52.0,Ensino Médio,Região Metropolitana,Remoto,Masculino,Branca,0.8604928833974147
CAND_06302,6.4,39.0,Bacharelado,Capitais,Presencial,Masculino,Preta,0.3250529665859519
CAND_06303,3.0,62.0,Bacharelado,Região Metropolitana,Remoto,Masculino,Branca,0.7550275457418476
CAND_06304,3.2,35.0,Bacharelado,Região Metropolitana,Híbrido,Masculino,Amarela,0.5745712530558353
CAND_06305,3.2,59.0,Bacharelado,Capitais,Híbrido,Masculino,Branca,0.9274932581231753
CAND_06306,5.6,37.0,Bacharelado,Região Metropolitana,Remoto,Masculino,Preta,0.19011258440599949
CAND_06307,1.9,61.0,Bacharelado,Interior,Remoto,Feminino,Amarela,0.0
CAND_06308,4.4,38.0,Mestrado,Região Metropolitana,Híbrido,Masculino,Branca,0.6768273161676129
CAND_06309,4.0,38.0,Ensino Médio,Interior,Remoto,Masculino,Parda,0.5733462704709806
CAND_06310,2.7,47.0,Mestrado,Região Metropolitana,Híbrido,Masculino,Branca,0.9866135596758474
CAND_06311,0.4,33.0,Ensino Médio,Capitais,Presencial,Masculino,Amarela,0.524533486135363
CAND_06312,5.6,50.0,Bacharelado,Interior,Presencial,Feminino,Branca,0.19133738040111328
CAND_06313,0.4,57.0,Bacharelado,Capitais,Remoto,Masculino,Branca,0.8583015171532754
CAND_06314,1.7,46.0,Bacharelado,Capitais,Presencial,Masculino,Branca,0.8671166747558656
CAND_06315,6.5,42.0,Bacharelado,Capitais,Presencial,Masculino,Branca,1.0
CAND_06316,2.1,67.0,Bacharelado,Capitais,Híbrido,Masculino,Branca,0.9678665738908014
CAND_06317,3.3,80.0,Bacharelado,Capitais,Presencial,Feminino,Preta,0.0
CAND_06318,9.8,47.0,Bacharelado,Capitais,Presencial,Masculino,Branca,1.0
CAND_06319,8.1,29.0,Ensino Médio,Capitais,Híbrido,Masculino,Parda,0.9093910922642177
CAND_06320,7.8,72.0,Bacharelado,Capitais,Remoto,Masculino,Branca,1.0
CAND_06321,5.9,27.0,Mestrado,Capitais,Presencial,Masculino,Branca,1.0
CAND_06322,4.2,59.0,Bacharelado,Capitais,Remoto,Masculino,Branca,0.8111279920315153
CAND_06323,0.8,56.0,Mestrado,Interior,Híbrido,Masculino,Branca,0.6898981482925456
CAND_06324,3.9,32.0,Bacharelado,Capitais,Presencial,Masculino,Branca,0.888430990581278
CAND_06325,1.8,42.0,Bacharelado,Capitais,Híbrido,Masculino,Branca,0.9357587935224374
CAND_06326,3.9,71.0,Bacharelado,Capitais,Híbrido,Masculino,Branca,0.9268348641180817
CAND_06327,7.5,15.0,Ensino Médio,Capitais,Híbrido,Masculino,Branca,0.8839491565213378
CAND_06328,1.4,25.0,Bacharelado,Capitais,Remoto,Feminino,Indígena,0.08211153895893303
CAND_06329,1.9,43.0,Bacharelado,Capitais,Presencial,Masculino,Preta,0.17340944130284525
CAND_06330,7.8,67.0,Mestrado,Região Metropolitana,Híbrido,Masculino,Branca,0.9984831026636346
CAND_06331,2.2,77.0,Bacharelado,Capitais,Remoto,Masculino,Indígena,0.6760739408518257
CAND_06332,5.4,59.0,Bacharelado,Interior,Presencial,Masculino,Preta,0.2124355069136444
CAND_06333,7.4,41.0,Bacharelado,Interior,Presencial,Masculino,Branca,0.5907653861936997
CAND_06334,0.5,17.0,Bacharelado,Capitais,Híbrido,Masculino,Branca,0.703844645563484
CAND_06335,4.9,61.0,Bacharelado,Região Metropolitana,Híbrido,Masculino,Preta,0.3068844074964431
CAND_06336,6.7,56.0,Bacharelado,Região Metropolitana,Híbrido,Masculino,Parda,0.893192727754468
CAND_06337,6.3,53.0,Bacharelado,Capitais,Presencial,Masculino,Branca,1.0
CAND_06338,3.0,36.0,Bacharelado,Capitais,Remoto,Masculino,Branca,0.7358828794277071
CAND_06339,4.4,76.0,Bacharelado,Capitais,Presencial,Feminino,Branca,0.5798290077174995
CAND_06340,4.0,53.0,Bacharelado,Capitais,Híbrido,Masculino,Branca,1.0
CAND_06341,9.3,49.0,Ensino Médio,Região Metropolitana,Remoto,Masculino,Branca,1.0
CAND_06342,0.5,22.0,Bacharelado,Capitais,Remoto,Masculino,Branca,0.7883535224011089
CAND_06343,2.0,48.0,Bacharelado,Capitais,Remoto,Masculino,Preta,0.4650497817208389
CAND_06344,8.7,25.0,Mestrado,Capitais,Presencial,Masculino,Parda,1.0
CAND_06345,5.4,63.0,Bacharelado,Capitais,Remoto,Masculino,Parda,0.86833070987212
CAND_06346,6.9,66.0,Bacharelado,Região Metropolitana,Remoto,Masculino,Branca,1.0
CAND_06347,5.6,46.0,Mestrado,Região Metropolitana,Presencial,Masculino,Branca,0.7828177624909936
CAND_06348,6.1,70.0,Bacharelado,Região Metropolitana,Remoto,Masculino,Branca,0.8891687220917546
CAND_06349,5.3,53.0,Bacharelado,Capitais,Presencial,Feminino,Parda,0.3527220018254216
CAND_06350,3.8,45.0,Bacharelado,Capitais,Presencial,Feminino,Preta,0.0
CAND_06351,6.9,44.0,Doutorado,Região Metropolitana,Remoto,Feminino,Indígena,0.09571457471232053
CAND_06352,3.2,57.0,Bacharelado,Capitais,Remoto,Não-binário,Parda,0.2331069871349135
CAND_06353,5.6,48.0,Bacharelado,Região Metropolitana,Remoto,Feminino,Amarela,0.25843522464109936
CAND_06354,2.7,62.0,Bacharelado,Região Metropolitana,Remoto,Não-binário,Branca,0.3762761228938089
CAND_06355,3.9,45.0,Bacharelado,Capitais,Híbrido,Feminino,Branca,0.437464391626109
CAND_06356,5.2,37.0,Bacharelado,Capitais,Remoto,Masculino,Branca,0.8760053917373467
CAND_06357,4.6,64.0,Bacharelado,Capitais,Híbrido,Masculino,Branca,1.0
CAND_06358,5.9,52.0,Mestrado,Capitais,Híbrido,Masculino,Branca,1.0
CAND_06359,7.8,45.0,Bacharelado,Capitais,Remoto,Masculino,Branca,1.0
CAND_06360,0.1,54.0,Bacharelado,Capitais,Híbrido,Masculino,Branca,0.8533703571390062
CAND_06361,12.9,43.0,Bacharelado,Região Metropolitana,Híbrido,Masculino,Branca,0.8841739103138482
CAND_06362,0.1,43.0,Bacharelado,Região Metropolitana,Híbrido,Feminino,Parda,0.11156438508449558
CAND_06363,8.4,52.0,Bacharelado,Região Metropolitana,Remoto,Masculino,Branca,1.0
CAND_06364,7.6,26.0,Mestrado,Capitais,Presencial,Masculino,Branca,1.0
CAND_06365,7.7,43.0,Mestrado,Interior,Remoto,Masculino,Branca,0.7785794210173113
CAND_06366,8.0,56.0,Bacharelado,Região Metropolitana,Remoto,Masculino,Parda,0.7656033940565362
CAND_06367,3.5,35.0,Bacharelado,Capitais,Remoto,Feminino,Preta,0.0
CAND_06368,4.8,51.0,Mestrado,Região Metropolitana,Remoto,Feminino,Preta,0.0
CAND_06369,3.9,80.0,Bacharelado,Capitais,Híbrido,Masculino,Indígena,0.7307621242213541
CAND_06370,5.7,43.0,Bacharelado,Região Metropolitana,Remoto,Feminino,Branca,0.44953915482322576
CAND_06371,7.2,83.0,Bacharelado,Capitais,Presencial,Feminino,Parda,0.4721790672658868
CAND_06372,0.0,41.0,Bacharelado,Capitais,Presencial,Feminino,Branca,0.2783956661766499
CAND_06373,4.1,54.0,Bacharelado,Interior,Remoto,Masculino,Branca,0.8265107907669413
CAND_06374,2.9,70.0,Mestrado,Região Metropolitana,Híbrido,Feminino,Branca,0.4164413137774051
CAND_06375,3.4,40.0,Bacharelado,Capitais,Híbrido,Masculino,Parda,0.6040097254339476
CAND_06376,4.4,66.0,Bacharelado,Região Metropolitana,Remoto,Masculino,Branca,0.9319241479685497
CAND_06377,5.9,38.0,Ensino Médio,Região Metropolitana,Presencial,Feminino,Preta,0.0
CAND_06378,7.3,75.0,Bacharelado,Região Metropolitana,Híbrido,Não-binário,Branca,0.6774682470417094
CAND_06379,6.2,24.0,Bacharelado,Região Metropolitana,Remoto,Feminino,Branca,0.31815405716501455
CAND_06380,8.8,21.0,Doutorado,Região Metropolitana,Presencial,Masculino,Branca,0.8054989977930195
CAND_06381,6.2,46.0,Mestrado,Capitais,Presencial,Masculino,Branca,1.0
CAND_06382,6.7,65.0,Bacharelado,Interior,Presencial,Feminino,Amarela,0.0
CAND_06383,10.8,53.0,Bacharelado,Capitais,Remoto,Feminino,Preta,0.11065822236198575
CAND_06384,5.7,79.0,Mestrado,Capitais,Presencial,Feminino,Branca,0.760133710695791
CAND_06385,6.4,34.0,Bacharelado,Capitais,Híbrido,Masculino,Branca,0.9420820277092047
CAND_06386,8.3,40.0,Bacharelado,Capitais,Remoto,Feminino,Branca,0.5187097121524366
CAND_06387,5.2,43.0,Bacharelado,Capitais,Híbrido,Masculino,Branca,0.8506006965938256
CAND_06388,3.8,63.0,Bacharelado,Capitais,Híbrido,Masculino,Branca,1.0
CAND_06389,3.8,24.0,Mestrado,Região Metropolitana,Híbrido,Masculino,Parda,0.6676110784922129
CAND_06390,0.0,35.0,Bacharelado,Região Metropolitana,Remoto,Feminino,Amarela,0.0
CAND_06391,6.0,69.0,Bacharelado,Capitais,Remoto,Masculino,Branca,1.0
CAND_06392,2.2,52.0,Bacharelado,Capitais,Híbrido,Feminino,Amarela,0.14208094942522143
CAND_06393,4.7,60.0,Mestrado,Região Metropolitana,Híbrido,Masculino,Parda,0.7680131726535251
CAND_06394,1.0,63.0,Mestrado,Região Metropolitana,Híbrido,Masculino,Branca,1.0
CAND_06395,2.9,53.0,Bacharelado,Capitais,Híbrido,Masculino,Parda,0.635720213886555
CAND_06396,7.2,63.0,Mestrado,Capitais,Presencial,Feminino,Parda,0.6090458630162354
CAND_06397,6.0,63.0,Bacharelado,Região Metropolitana,Presencial,Feminino,Amarela,0.0
CAND_06398,6.1,67.0,Mestrado,Capitais,Remoto,Masculino,Amarela,0.7223128732880437
CAND_06399,0.3,44.0,Ensino Médio,Região Metropolitana,Presencial,Masculino,Branca,0.8728072517375709
CAND_06400,4.4,47.0,Bacharelado,Capitais,Híbrido,Masculino,Parda,0.9693481433597443
CAND_06401,4.8,49.0,Bacharelado,Região Metropolitana,Remoto,Feminino,Branca,0.719661270247717
CAND_06402,4.2,36.0,Mestrado,Capitais,Híbrido,Masculino,Preta,0.45703353107821193
CAND_06403,3.1,77.0,Bacharelado,Capitais,Presencial,Masculino,Branca,1.0
CAND_06404,2.8,61.0,Mestrado,Capitais,Presencial,Feminino,Branca,0.4638258394278011
CAND_06405,0.7,68.0,Mestrado,Capitais,Remoto,Masculino,Branca,0.8749039750315826
CAND_06406,5.2,74.0,Mestrado,Capitais,Híbrido,Não-binário,Amarela,0.31365586447752464
CAND_06407,5.0,38.0,Bacharelado,Região Metropolitana,Remoto,Masculino,Branca,0.9684196743677964
CAND_06408,0.2,48.0,Mestrado,Capitais,Híbrido,Masculino,Preta,0.2519456504342379
CAND_06409,3.1,32.0,Mestrado,Capitais,Híbrido,Masculino,Branca,0.968166263069661
CAND_06410,5.7,48.0,Bacharelado,Capitais,Híbrido,Feminino,Branca,0.609739796978729
CAND_06411,3.7,63.0,Mestrado,Região Metropolitana,Híbrido,Feminino,Preta,0.013840307083254151
CAND_06412,4.8,83.0,Bacharelado,Região Metropolitana,Remoto,Masculino,Parda,0.9834042644797643
CAND_06413,6.8,50.0,Bacharelado,Capitais,Híbrido,Masculino,Preta,0.5016528758134028
CAND_06414,4.9,51.0,Bacharelado,Capitais,Híbrido,Masculino,Branca,0.9063654998647988
CAND_06415,4.4,30.0,Bacharelado,Capitais,Híbrido,Masculino,Branca,0.9124081681387674
CAND_06416,7.9,46.0,Bacharelado,Capitais,Presencial,Masculino,Branca,0.9577548276197579
CAND_06417,0.0,41.0,Mestrado,Capitais,Remoto,Feminino,Amarela,0.006096334563959159
CAND_06418,9.2,66.0,Bacharelado,Capitais,Híbrido,Masculino,Preta,0.5375506224679177
CAND_06419,8.4,63.0,Bacharelado,Capitais,Presencial,Masculino,Branca,1.0
CAND_06420,4.6,44.0,Bacharelado,Região Metropolitana,Presencial,Masculino,Branca,0.8707265149057053
CAND_06421,6.4,43.0,Ensino Médio,Região Metropolitana,Presencial,Masculino,Amarela,0.25416275017345047
CAND_06422,8.2,52.0,Bacharelado,Região Metropolitana,Híbrido,Feminino,Branca,0.47386270985019735
CAND_06423,6.2,77.0,Ensino Médio,Capitais,Híbrido,Masculino,Branca,1.0
CAND_06424,4.0,59.0,Bacharelado,Capitais,Presencial,Masculino,Branca,0.9472584110286283
CAND_06425,4.8,45.0,Bacharelado,Capitais,Presencial,Feminino,Indígena,0.26743509109716984
CAND_06426,0.8,67.0,Bacharelado,Capitais,Híbrido,Feminino,Amarela,0.24148978670574586
CAND_06427,3.7,34.0,Bacharelado,Região Metropolitana,Híbrido,Feminino,Branca,0.25396835380055505
CAND_06428,1.1,35.0,Ensino Médio,Capitais,Híbrido,Masculino,Indígena,0.5099466466424404
CAND_06429,4.3,57.0,Bacharelado,Região Metropolitana,Presencial,Feminino,Parda,0.5813174564458214
CAND_06430,7.9,88.0,Bacharelado,Região Metropolitana,Híbrido,Masculino,Branca,1.0
CAND_06431,8.1,55.0,Bacharelado,Capitais,Presencial,Masculino,Branca,1.0
CAND_06432,7.2,63.0,Bacharelado,Região Metropolitana,Remoto,Masculino,Branca,0.9278137580478389
CAND_06433,1.9,44.0,Bacharelado,Região Metropolitana,Híbrido,Masculino,Amarela,0.2838338551915252
CAND_06434,8.5,48.0,Bacharelado,Região Metropolitana,Presencial,Masculino,Preta,0.48309878648657506
CAND_06435,7.3,61.0,Bacharelado,Capitais,Remoto,Feminino,Branca,0.829597161922528
CAND_06436,4.9,38.0,Bacharelado,Interior,Presencial,Masculino,Branca,0.5521463808847492
CAND_06437,9.6,41.0,Bacharelado,Capitais,Remoto,Feminino,Parda,0.6004787142415617
CAND_06438,0.7,63.0,Bacharelado,Capitais,Remoto,Feminino,Branca,0.44250157420280134
CAND_06439,9.8,62.0,Bacharelado,Capitais,Híbrido,Masculino,Branca,0.9144148802689598
CAND_06440,7.1,76.0,Mestrado,Capitais,Presencial,Feminino,Branca,0.7849585558474482
CAND_06441,5.6,46.0,Bacharelado,Região Metropolitana,Remoto,Feminino,Branca,0.3954389984959247
CAND_06442,5.2,43.0,Mestrado,Capitais,Híbrido,Masculino,Branca,1.0
CAND_06443,1.9,30.0,Bacharelado,Capitais,Remoto,Masculino,Branca,0.7781737458262719
CAND_06444,4.6,86.0,Bacharelado,Região Metropolitana,Remoto,Masculino,Amarela,0.5191028671624499
CAND_06445,4.1,22.0,Bacharelado,Interior,Remoto,Feminino,Branca,0.21427230715620676
CAND_06446,0.0,62.0,Ensino Médio,Capitais,Presencial,Masculino,Branca,0.8244548744638851
CAND_06447,5.9,39.0,Bacharelado,Interior,Remoto,Masculino,Parda,0.48885831824106163
CAND_06448,0.0,59.0,Mestrado,Região Metropolitana,Remoto,Masculino,Indígena,0.3176007270923488
CAND_06449,0.0,39.0,Bacharelado,Capitais,Remoto,Feminino,Indígena,0.2992059270088218
CAND_06450,10.2,36.0,Bacharelado,Região Metropolitana,Remoto,Não-binário,Amarela,0.0
CAND_06451,2.6,35.0,Bacharelado,Região Metropolitana,Remoto,Feminino,Branca,0.4575914600371822
CAND_06452,2.1,57.0,Mestrado,Capitais,Híbrido,Masculino,Branca,1.0
CAND_06453,3.6,53.0,Mestrado,Interior,Híbrido,Masculino,Parda,0.5604272049654313
CAND_06454,0.0,62.0,Bacharelado,Capitais,Remoto,Masculino,Branca,0.9064515036725936
CAND_06455,6.5,50.0,Bacharelado,Capitais,Presencial,Masculino,Preta,0.33357770502893647
CAND_06456,0.0,61.0,Mestrado,Interior,Híbrido,Não-binário,Branca,0.11677998433096154
CAND_06457,6.8,59.0,Bacharelado,Capitais,Remoto,Masculino,Parda,0.9530070300310229
CAND_06458,1.5,54.0,Bacharelado,Capitais,Remoto,Masculino,Branca,0.9217904813918634
CAND_06459,5.2,64.0,Bacharelado,Região Metropolitana,Remoto,Masculino,Branca,0.8719807517473644
CAND_06460,11.8,39.0,Ensino Médio,Capitais,Híbrido,Feminino,Branca,0.7169219709124393
CAND_06461,7.6,56.0,Bacharelado,Capitais,Presencial,Feminino,Branca,0.6297115733484956
CAND_06462,0.0,61.0,Bacharelado,Região Metropolitana,Presencial,Masculino,Amarela,0.3230100443599599
CAND_06463,9.4,83.0,Bacharelado,Região Metropolitana,Híbrido,Feminino,Branca,0.7957956049463403
CAND_06464,5.1,40.0,Bacharelado,Interior,Híbrido,Feminino,Preta,0.0
CAND_06465,2.5,54.0,Bacharelado,Capitais,Presencial,Masculino,Branca,0.8158473812719008
CAND_06466,0.0,61.0,Mestrado,Capitais,Presencial,Masculino,Branca,0.7042782175269287
CAND_06467,7.1,48.0,Mestrado,Capitais,Híbrido,Masculino,Branca,1.0
CAND_06468,7.5,53.0,Mestrado,Capitais,Remoto,Masculino,Branca,1.0
CAND_06469,8.0,51.0,Bacharelado,Capitais,Híbrido,Masculino,Branca,1.0
CAND_06470,3.1,58.0,Bacharelado,Interior,Híbrido,Não-binário,Branca,0.1620339092935474
CAND_06471,9.1,27.0,Bacharelado,Interior,Presencial,Masculino,Preta,0.07357556249051982
CAND_06472,6.8,40.0,Ensino Médio,Capitais,Híbrido,Feminino,Branca,0.5075800199812756
CAND_06473,8.0,61.0,Bacharelado,Região Metropolitana,Híbrido,Masculino,Branca,0.98238158310696
CAND_06474,3.4,44.0,Bacharelado,Capitais,Remoto,Masculino,Preta,0.4514264137822994
CAND_06475,5.6,81.0,Bacharelado,Interior,Remoto,Masculino,Branca,0.7572187163622789
CAND_06476,3.0,67.0,Bacharelado,Capitais,Presencial,Feminino,Amarela,0.13567439790587738
CAND_06477,0.1,55.0,Bacharelado,Região Metropolitana,Remoto,Masculino,Preta,0.4469863236676143
CAND_06478,5.3,60.0,Bacharelado,Interior,Híbrido,Feminino,Branca,0.3196593575738217
CAND_06479,7.2,40.0,Ensino Médio,Interior,Híbrido,Masculino,Amarela,0.3815713571620373
CAND_06480,1.5,36.0,Bacharelado,Capitais,Remoto,Masculino,Branca,0.8046671370987935
CAND_06481,6.5,56.0,Mestrado,Região Metropolitana,Híbrido,Masculino,Branca,0.8756384864108335
CAND_06482,7.0,39.0,Doutorado,Capitais,Presencial,Feminino,Branca,0.5637349030463944
CAND_06483,3.0,49.0,Bacharelado,Capitais,Remoto,Masculino,Preta,0.3323248674205907
CAND_06484,3.0,44.0,Mestrado,Capitais,Híbrido,Masculino,Indígena,0.5242472948124897
CAND_06485,6.0,41.0,Bacharelado,Capitais,Híbrido,Feminino,Branca,0.5394946165642656
CAND_06486,2.6,27.0,Bacharelado,Capitais,Híbrido,Feminino,Branca,0.5890851591553696
CAND_06487,9.7,34.0,Bacharelado,Capitais,Híbrido,Masculino,Amarela,0.4492613013999187
CAND_06488,9.3,40.0,Bacharelado,Região Metropolitana,Remoto,Não-binário,Branca,0.4359645049385217
CAND_06489,12.2,37.0,Bacharelado,Capitais,Híbrido,Masculino,Preta,0.553440403118066
CAND_06490,9.6,45.0,Mestrado,Capitais,Presencial,Masculino,Branca,1.0
CAND_06491,1.9,39.0,Mestrado,Capitais,Híbrido,Feminino,Preta,0.03543727353385859
CAND_06492,0.0,55.0,Ensino Médio,Capitais,Híbrido,Masculino,Branca,0.8539598061574322
CAND_06493,6.8,46.0,Bacharelado,Capitais,Presencial,Feminino,Branca,0.4955640935806521
CAND_06494,5.6,58.0,Ensino Médio,Capitais,Híbrido,Masculino,Amarela,0.405970238592977
CAND_06495,7.2,37.0,Bacharelado,Capitais,Híbrido,Masculino,Indígena,0.7435669317475369
CAND_06496,5.2,43.0,Mestrado,Interior,Presencial,Masculino,Branca,0.7082278802245476
CAND_06497,8.1,42.0,Bacharelado,Região Metropolitana,Híbrido,Masculino,Branca,0.8417670284594803
CAND_06498,0.2,32.0,Bacharelado,Capitais,Presencial,Masculino,Preta,0.35691865113468063
CAND_06499,2.5,48.0,Bacharelado,Região Metropolitana,Híbrido,Masculino,Branca,0.7641199921583398
CAND_06500,0.0,45.0,Bacharelado,Região Metropolitana,Presencial,Masculino,Branca,0.8579804764047119
CAND_06501,5.4,41.0,Bacharelado,Capitais,Híbrido,Masculino,Preta,0.3066879684667412
CAND_06502,3.8,81.0,Bacharelado,Região Metropolitana,Presencial,Masculino,Branca,0.8367769552908041
CAND_06503,0.1,61.0,Bacharelado,Capitais,Remoto,Masculino,Branca,0.6605200708228245
CAND_06504,1.0,46.0,Bacharelado,Capitais,Híbrido,Masculino,Branca,0.8718981623181244
CAND_06505,6.1,34.0,Bacharelado,Capitais,Híbrido,Masculino,Branca,0.8947194927058952
CAND_06506,7.3,23.0,Bacharelado,Capitais,Presencial,Masculino,Branca,0.8787021833532247
CAND_06507,1.0,79.0,Bacharelado,Capitais,Remoto,Masculino,Amarela,0.6482697179853342
CAND_06508,1.1,35.0,Bacharelado,Capitais,Presencial,Feminino,Branca,0.4998319690720798
CAND_06509,2.3,40.0,Mestrado,Capitais,Híbrido,Feminino,Preta,0.025962093907313574
CAND_06510,4.9,71.0,Mestrado,Capitais,Híbrido,Feminino,Parda,0.6172471392952487
CAND_06511,0.0,60.0,Bacharelado,Capitais,Presencial,Masculino,Parda,0.8347097085877213
CAND_06512,0.8,50.0,Bacharelado,Capitais,Presencial,Masculino,Branca,0.942594733690298
CAND_06513,2.5,41.0,Bacharelado,Capitais,Híbrido,Masculino,Indígena,0.5242440037815748
CAND_06514,6.0,54.0,Bacharelado,Interior,Remoto,Masculino,Branca,0.6672445358156064
CAND_06515,4.7,5.0,Doutorado,Interior,Presencial,Masculino,Preta,0.18701355704113584
CAND_06516,6.2,52.0,Mestrado,Capitais,Presencial,Masculino,Indígena,0.7912245506844205
CAND_06517,8.0,62.0,Bacharelado,Capitais,Remoto,Não-binário,Amarela,0.05628245054571891
CAND_06518,9.3,62.0,Mestrado,Capitais,Remoto,Masculino,Branca,0.9039631564234948
CAND_06519,4.9,17.0,Bacharelado,Capitais,Híbrido,Feminino,Parda,0.4376588183958572
CAND_06520,2.4,47.0,Bacharelado,Região Metropolitana,Presencial,Feminino,Branca,0.38556362616346473
CAND_06521,5.9,44.0,Bacharelado,Região Metropolitana,Híbrido,Masculino,Branca,0.8266714690901842
CAND_06522,5.2,54.0,Bacharelado,Região Metropolitana,Presencial,Masculino,Branca,0.7701435216632966
CAND_06523,0.6,46.0,Bacharelado,Capitais,Remoto,Feminino,Preta,0.0
CAND_06524,4.5,48.0,Ensino Médio,Região Metropolitana,Presencial,Masculino,Branca,0.6657474692580342
CAND_06525,5.9,40.0,Bacharelado,Capitais,Presencial,Masculino,Branca,1.0
CAND_06526,2.2,79.0,Bacharelado,Região Metropolitana,Híbrido,Masculino,Parda,0.682706580446444
CAND_06527,5.7,66.0,Bacharelado,Interior,Remoto,Masculino,Parda,0.5555765963309757
CAND_06528,4.7,29.0,Bacharelado,Capitais,Presencial,Masculino,Preta,0.38052113704388163
CAND_06529,2.2,67.0,Bacharelado,Capitais,Presencial,Masculino,Branca,0.9696149062874808
CAND_06530,3.8,48.0,Bacharelado,Capitais,Presencial,Masculino,Preta,0.29576390935535174
CAND_06531,5.0,53.0,Bacharelado,Capitais,Remoto,Masculino,Branca,0.8913576310855035
CAND_06532,5.0,54.0,Bacharelado,Capitais,Presencial,Masculino,Parda,0.6977231232256444
CAND_06533,4.4,32.0,Mestrado,Região Metropolitana,Remoto,Masculino,Amarela,0.2720798307424527
CAND_06534,4.2,67.0,Bacharelado,Capitais,Presencial,Feminino,Branca,0.435286289934365
CAND_06535,3.3,55.0,Ensino Médio,Capitais,Híbrido,Masculino,Branca,0.8690172798729079
CAND_06536,6.8,36.0,Bacharelado,Capitais,Híbrido,Feminino,Amarela,0.0
CAND_06537,6.4,69.0,Bacharelado,Capitais,Híbrido,Masculino,Amarela,0.6226481338798818
CAND_06538,7.7,39.0,Bacharelado,Capitais,Híbrido,Masculino,Preta,0.28042148025360114
CAND_06539,6.3,56.0,Mestrado,Capitais,Remoto,Não-binário,Branca,0.5561357589709762
CAND_06540,1.8,53.0,Bacharelado,Capitais,Híbrido,Feminino,Branca,0.502815825639522
CAND_06541,10.2,25.0,Ensino Médio,Região Metropolitana,Presencial,Feminino,Parda,0.2898273241229741
CAND_06542,2.3,32.0,Bacharelado,Capitais,Remoto,Masculino,Preta,0.38948716944254635
CAND_06543,8.7,48.0,Bacharelado,Capitais,Híbrido,Masculino,Branca,0.7691572691020925
CAND_06544,4.2,63.0,Bacharelado,Capitais,Remoto,Não-binário,Branca,0.5596964936917229
CAND_06545,0.2,40.0,Bacharelado,Região Metropolitana,Híbrido,Feminino,Branca,0.29263710111320895
CAND_06546,3.2,50.0,Bacharelado,Capitais,Remoto,Masculino,Branca,1.0
CAND_06547,7.2,51.0,Bacharelado,Capitais,Presencial,Não-binário,Preta,0.021356845711535177
CAND_06548,2.3,54.0,Ensino Médio,Região Metropolitana,Híbrido,Masculino,Amarela,0.44718614669975093
CAND_06549,11.1,42.0,Mestrado,Região Metropolitana,Híbrido,Feminino,Preta,0.0
CAND_06550,4.2,25.0,Mestrado,Região Metropolitana,Híbrido,Feminino,Amarela,0.0
CAND_06551,6.3,22.0,Bacharelado,Região Metropolitana,Remoto,Feminino,Preta,0.0
CAND_06552,8.0,44.0,Mestrado,Região Metropolitana,Presencial,Masculino,Branca,0.9484984629997218
CAND_06553,2.5,71.0,Bacharelado,Capitais,Híbrido,Masculino,Branca,0.814265133125457
CAND_06554,7.4,44.0,Bacharelado,Capitais,Presencial,Masculino,Branca,1.0
CAND_06555,3.6,49.0,Bacharelado,Região Metropolitana,Remoto,Masculino,Branca,0.8278765278319071
CAND_06556,4.3,45.0,Bacharelado,Interior,Remoto,Masculino,Branca,0.6391205666313888
CAND_06557,4.1,63.0,Mestrado,Capitais,Presencial,Feminino,Branca,0.5208995515882746
CAND_06558,6.7,55.0,Bacharelado,Região Metropolitana,Remoto,Feminino,Branca,0.6547628479549363
CAND_06559,7.5,89.0,Bacharelado,Capitais,Presencial,Masculino,Preta,0.528908613552215
CAND_06560,3.2,50.0,Bacharelado,Capitais,Híbrido,Masculino,Amarela,0.5034735755982975
CAND_06561,0.3,51.0,Ensino Médio,Capitais,Remoto,Masculino,Preta,0.40165127462259465
CAND_06562,9.9,48.0,Bacharelado,Capitais,Remoto,Masculino,Branca,1.0
CAND_06563,3.1,62.0,Bacharelado,Capitais,Presencial,Masculino,Parda,0.8246965451110997
CAND_06564,4.2,72.0,Mestrado,Capitais,Remoto,Masculino,Branca,0.9988097525016075
CAND_06565,4.2,73.0,Mestrado,Capitais,Presencial,Masculino,Amarela,0.6593591975124636
CAND_06566,9.2,78.0,Ensino Médio,Região Metropolitana,Híbrido,Masculino,Amarela,0.41292034095237584
CAND_06567,11.8,44.0,Bacharelado,Região Metropolitana,Híbrido,Masculino,Branca,0.9510809503474712
CAND_06568,4.0,54.0,Bacharelado,Capitais,Presencial,Masculino,Branca,0.9777884878974695
CAND_06569,6.2,39.0,Bacharelado,Interior,Presencial,Masculino,Amarela,0.2501210218355928
CAND_06570,10.6,39.0,Bacharelado,Região Metropolitana,Presencial,Feminino,Branca,0.6062779218600903
CAND_06571,3.7,48.0,Bacharelado,Capitais,Híbrido,Feminino,Preta,0.24793727978953417
CAND_06572,5.4,28.0,Mestrado,Região Metropolitana,Presencial,Masculino,Branca,0.7601265633791554
CAND_06573,10.6,50.0,Bacharelado,Interior,Híbrido,Masculino,Branca,0.854256980825558
CAND_06574,3.8,52.0,Doutorado,Interior,Híbrido,Masculino,Branca,0.7368137851902429
CAND_06575,1.2,71.0,Bacharelado,Capitais,Híbrido,Masculino,Branca,0.9888797237577139
CAND_06576,10.4,30.0,Bacharelado,Capitais,Presencial,Masculino,Branca,1.0
CAND_06577,10.3,30.0,Ensino Médio,Capitais,Remoto,Masculino,Amarela,0.4334622556740619
CAND_06578,5.2,44.0,Ensino Médio,Capitais,Híbrido,Masculino,Branca,0.8244505331764898
CAND_06579,1.9,29.0,Bacharelado,Região Metropolitana,Remoto,Masculino,Branca,0.5668656681591283
CAND_06580,7.7,31.0,Mestrado,Capitais,Presencial,Masculino,Branca,0.9530349965152255
CAND_06581,5.6,71.0,Bacharelado,Capitais,Presencial,Feminino,Branca,0.6842494912651366
CAND_06582,5.2,51.0,Bacharelado,Região Metropolitana,Híbrido,Masculino,Branca,0.9472718617131278
CAND_06583,2.8,73.0,Doutorado,Capitais,Híbrido,Masculino,Branca,1.0
CAND_06584,0.0,58.0,Mestrado,Capitais,Presencial,Masculino,Branca,0.9426074696164679
CAND_06585,4.9,48.0,Mestrado,Região Metropolitana,Híbrido,Feminino,Branca,0.5645009296078399
CAND_06586,2.6,65.0,Mestrado,Capitais,Híbrido,Masculino,Branca,1.0
CAND_06587,4.9,79.0,Mestrado,Capitais,Remoto,Feminino,Preta,0.2233612830990866
CAND_06588,3.7,54.0,Bacharelado,Capitais,Remoto,Feminino,Preta,0.07786715908406855
CAND_06589,0.0,76.0,Bacharelado,Capitais,Remoto,Masculino,Branca,0.9693764686553455
CAND_06590,7.1,45.0,Bacharelado,Capitais,Híbrido,Masculino,Branca,1.0
CAND_06591,8.8,23.0,Bacharelado,Capitais,Presencial,Não-binário,Parda,0.262318542481849
CAND_06592,5.3,48.0,Doutorado,Região Metropolitana,Híbrido,Feminino,Branca,0.6208565831315919
CAND_06593,4.4,60.0,Mestrado,Capitais,Remoto,Masculino,Parda,1.0
CAND_06594,3.8,50.0,Bacharelado,Capitais,Híbrido,Feminino,Preta,0.016682068743067054
CAND_06595,7.4,32.0,Bacharelado,Interior,Híbrido,Masculino,Parda,0.5562070536630557
CAND_06596,2.8,39.0,Bacharelado,Capitais,Presencial,Masculino,Preta,0.2861446769902379
CAND_06597,14.0,53.0,Bacharelado,Capitais,Remoto,Feminino,Preta,0.24033981012939545
CAND_06598,0.1,61.0,Bacharelado,Capitais,Híbrido,Feminino,Branca,0.43191637918245773
CAND_06599,0.7,40.0,Ensino Médio,Capitais,Híbrido,Feminino,Indígena,0.0
CAND_06600,6.7,70.0,Mestrado,Região Metropolitana,Híbrido,Feminino,Amarela,0.07954702065193636
CAND_06601,2.7,55.0,Bacharelado,Região Metropolitana,Híbrido,Não-binário,Parda,0.17158061335314506
CAND_06602,2.8,34.0,Bacharelado,Região Metropolitana,Remoto,Masculino,Preta,0.26115080878048696
CAND_06603,1.5,34.0,Mestrado,Capitais,Híbrido,Masculino,Parda,0.7132811438765821
CAND_06604,6.0,46.0,Bacharelado,Capitais,Presencial,Masculino,Preta,0.41003986123784025
CAND_06605,4.4,26.0,Bacharelado,Capitais,Presencial,Masculino,Parda,0.809308469849737
CAND_06606,4.1,44.0,Bacharelado,Capitais,Presencial,Masculino,Amarela,0.46787126553417635
CAND_06607,5.6,80.0,Ensino Médio,Interior,Presencial,Masculino,Parda,0.6697794703397317
CAND_06608,2.7,26.0,Mestrado,Interior,Híbrido,Masculino,Parda,0.5346691375426614
CAND_06609,1.8,50.0,Mestrado,Capitais,Presencial,Masculino,Branca,1.0
CAND_06610,6.7,42.0,Doutorado,Capitais,Presencial,Feminino,Branca,0.5791977609982137
CAND_06611,9.8,38.0,Bacharelado,Região Metropolitana,Presencial,Masculino,Parda,0.6938616402291525
CAND_06612,3.3,56.0,Bacharelado,Região Metropolitana,Híbrido,Masculino,Branca,0.9660931230897689
CAND_06613,5.7,46.0,Bacharelado,Capitais,Remoto,Não-binário,Branca,0.48140590161730273
CAND_06614,1.3,62.0,Ensino Médio,Região Metropolitana,Híbrido,Masculino,Branca,0.8415755009000174
CAND_06615,6.1,58.0,Bacharelado,Capitais,Remoto,Masculino,Branca,1.0
CAND_06616,6.5,41.0,Mestrado,Capitais,Híbrido,Feminino,Branca,0.6832097723045637
CAND_06617,5.8,35.0,Bacharelado,Capitais,Híbrido,Feminino,Preta,0.028899735074781645
CAND_06618,4.4,20.0,Bacharelado,Capitais,Híbrido,Feminino,Branca,0.370027113185044
CAND_06619,9.0,78.0,Doutorado,Capitais,Presencial,Não-binário,Branca,0.7963768280729446
CAND_06620,0.9,61.0,Bacharelado,Interior,Presencial,Feminino,Indígena,0.0
CAND_06621,7.2,39.0,Mestrado,Capitais,Híbrido,Feminino,Branca,0.5337244157666282
CAND_06622,7.0,56.0,Mestrado,Capitais,Híbrido,Masculino,Branca,1.0
CAND_06623,5.4,15.0,Bacharelado,Capitais,Híbrido,Feminino,Parda,0.35841796354773103
CAND_06624,2.9,40.0,Doutorado,Capitais,Híbrido,Feminino,Branca,0.5593843639961886
CAND_06625,0.3,52.0,Bacharelado,Região Metropolitana,Híbrido,Feminino,Branca,0.4986252277960187
CAND_06626,6.8,70.0,Mestrado,Capitais,Híbrido,Masculino,Branca,1.0
CAND_06627,0.0,41.0,Bacharelado,Capitais,Remoto,Feminino,Branca,0.3926551186783847
CAND_06628,1.1,46.0,Bacharelado,Capitais,Híbrido,Feminino,Amarela,0.024110347389075117
CAND_06629,5.5,52.0,Bacharelado,Capitais,Híbrido,Não-binário,Branca,0.34792471706043454
CAND_06630,2.9,52.0,Bacharelado,Capitais,Híbrido,Masculino,Branca,1.0
CAND_06631,5.5,38.0,Bacharelado,Região Metropolitana,Remoto,Não-binário,Branca,0.3855062348773356
CAND_06632,1.0,72.0,Bacharelado,Capitais,Remoto,Feminino,Branca,0.5137400107903656
CAND_06633,5.6,47.0,Bacharelado,Interior,Híbrido,Masculino,Branca,0.6946129241787865
CAND_06634,3.7,54.0,Ensino Médio,Capitais,Remoto,Feminino,Branca,0.31484957916563583
CAND_06635,4.7,39.0,Bacharelado,Interior,Remoto,Masculino,Branca,0.48369916688089143
CAND_06636,4.1,80.0,Bacharelado,Região Metropolitana,Híbrido,Masculino,Preta,0.3636189397903925
CAND_06637,2.7,29.0,Ensino Médio,Capitais,Remoto,Masculino,Indígena,0.3868567301194551
CAND_06638,0.6,58.0,Bacharelado,Capitais,Remoto,Feminino,Branca,0.3704215550771456
CAND_06639,3.9,38.0,Bacharelado,Interior,Híbrido,Masculino,Branca,0.4098089927288607
CAND_06640,5.0,26.0,Mestrado,Capitais,Híbrido,Masculino,Branca,0.8293898981211292
CAND_06641,8.7,57.0,Bacharelado,Região Metropolitana,Híbrido,Masculino,Branca,0.7307689790951468
CAND_06642,5.0,44.0,Bacharelado,Capitais,Presencial,Masculino,Amarela,0.6733649910393924
CAND_06643,6.7,53.0,Bacharelado,Região Metropolitana,Híbrido,Feminino,Parda,0.4163401824641308
CAND_06644,3.9,35.0,Ensino Médio,Capitais,Presencial,Feminino,Preta,0.0
CAND_06645,4.7,55.0,Bacharelado,Capitais,Híbrido,Não-binário,Branca,0.33063757737827265
CAND_06646,8.0,78.0,Bacharelado,Capitais,Híbrido,Masculino,Preta,0.6773124474907556
CAND_06647,0.0,52.0,Bacharelado,Capitais,Remoto,Feminino,Branca,0.5417519922675412
CAND_06648,4.9,39.0,Bacharelado,Capitais,Remoto,Feminino,Indígena,0.43996546666933545
CAND_06649,6.7,54.0,Bacharelado,Região Metropolitana,Presencial,Não-binário,Branca,0.5815498478859832
CAND_06650,2.0,21.0,Bacharelado,Região Metropolitana,Presencial,Feminino,Branca,0.2140332614749323
CAND_06651,7.0,55.0,Bacharelado,Capitais,Remoto,Masculino,Parda,0.6984938576821532
CAND_06652,10.3,51.0,Bacharelado,Capitais,Presencial,Masculino,Preta,0.3835142100682889
CAND_06653,0.0,46.0,Bacharelado,Capitais,Remoto,Masculino,Branca,0.8060374779933865
CAND_06654,3.4,19.0,Bacharelado,Capitais,Híbrido,Feminino,Branca,0.5995004771964505
CAND_06655,0.6,43.0,Ensino Médio,Capitais,Remoto,Masculino,Parda,0.716717940544175
CAND_06656,5.3,40.0,Bacharelado,Região Metropolitana,Remoto,Masculino,Amarela,0.28941263840394565
CAND_06657,10.5,69.0,Bacharelado,Capitais,Presencial,Não-binário,Branca,0.6396450488538901
CAND_06658,5.0,55.0,Mestrado,Capitais,Remoto,Masculino,Branca,0.8008833906338305
CAND_06659,10.1,28.0,Bacharelado,Capitais,Híbrido,Masculino,Amarela,0.4612083578575147
CAND_06660,0.0,95.0,Doutorado,Região Metropolitana,Híbrido,Feminino,Branca,0.5527153515352057
CAND_06661,3.3,88.0,Bacharelado,Capitais,Remoto,Masculino,Branca,1.0
CAND_06662,4.1,59.0,Bacharelado,Interior,Híbrido,Masculino,Branca,0.8308823845479612
CAND_06663,3.9,65.0,Mestrado,Interior,Híbrido,Feminino,Branca,0.16821013676680768
CAND_06664,6.7,40.0,Bacharelado,Região Metropolitana,Híbrido,Feminino,Branca,0.5658876520911339
CAND_06665,0.0,57.0,Mestrado,Capitais,Presencial,Masculino,Branca,0.8567798221440817
CAND_06666,0.4,70.0,Bacharelado,Capitais,Remoto,Masculino,Parda,0.8748674509285146
CAND_06667,4.6,60.0,Bacharelado,Capitais,Híbrido,Masculino,Branca,1.0
CAND_06668,5.9,79.0,Bacharelado,Região Metropolitana,Remoto,Feminino,Branca,0.6387557325634995
CAND_06669,6.7,63.0,Bacharelado,Capitais,Remoto,Masculino,Parda,0.8048438418458261
CAND_06670,1.7,56.0,Bacharelado,Capitais,Presencial,Feminino,Indígena,0.2924722491321568
CAND_06671,3.8,23.0,Bacharelado,Capitais,Híbrido,Feminino,Branca,0.30681404617553176
CAND_06672,3.2,46.0,Bacharelado,Capitais,Presencial,Masculino,Amarela,0.6668828697631678
CAND_06673,3.2,51.0,Mestrado,Capitais,Remoto,Masculino,Parda,0.9363464801907548
CAND_06674,8.8,75.0,Mestrado,Capitais,Presencial,Feminino,Indígena,0.4198563265590833
CAND_06675,7.8,43.0,Mestrado,Região Metropolitana,Remoto,Feminino,Branca,0.5475323257104582
CAND_06676,0.5,27.0,Mestrado,Capitais,Presencial,Feminino,Branca,0.28740847840263806
CAND_06677,8.6,50.0,Bacharelado,Região Metropolitana,Remoto,Feminino,Branca,0.7117646934556389
CAND_06678,5.9,53.0,Bacharelado,Região Metropolitana,Híbrido,Feminino,Branca,0.5356968421970737
CAND_06679,3.9,56.0,Bacharelado,Capitais,Presencial,Não-binário,Indígena,0.16744615596529433
CAND_06680,3.3,46.0,Mestrado,Região Metropolitana,Híbrido,Masculino,Parda,0.7299738663643492
CAND_06681,9.6,46.0,Ensino Médio,Capitais,Presencial,Masculino,Parda,0.9251662108965446
CAND_06682,4.1,36.0,Bacharelado,Capitais,Híbrido,Masculino,Indígena,0.6691593122480245
CAND_06683,9.2,62.0,Bacharelado,Região Metropolitana,Remoto,Masculino,Branca,0.9238930215596795
CAND_06684,0.8,39.0,Bacharelado,Capitais,Híbrido,Não-binário,Branca,0.34557293433670044
CAND_06685,5.7,30.0,Bacharelado,Capitais,Híbrido,Masculino,Branca,0.8084021292050615
CAND_06686,7.1,42.0,Ensino Médio,Interior,Híbrido,Masculino,Preta,0.12009014255901018
CAND_06687,4.4,58.0,Mestrado,Região Metropolitana,Híbrido,Masculino,Indígena,0.7739853165604359
CAND_06688,6.5,69.0,Bacharelado,Capitais,Presencial,Feminino,Branca,0.5928820772590431
CAND_06689,3.5,49.0,Bacharelado,Capitais,Híbrido,Feminino,Parda,0.42709627484279034
CAND_06690,1.2,47.0,Doutorado,Interior,Híbrido,Feminino,Branca,0.448420314138694
CAND_06691,9.2,37.0,Bacharelado,Capitais,Remoto,Masculino,Branca,1.0
CAND_06692,4.2,62.0,Bacharelado,Região Metropolitana,Híbrido,Masculino,Preta,0.3769753595176542
CAND_06693,5.7,69.0,Doutorado,Capitais,Presencial,Masculino,Preta,0.6816421303264205
CAND_06694,3.9,51.0,Bacharelado,Capitais,Híbrido,Masculino,Branca,0.8060257776832339
CAND_06695,7.2,43.0,Ensino Médio,Interior,Remoto,Feminino,Branca,0.21541692189926176
CAND_06696,3.6,24.0,Bacharelado,Capitais,Presencial,Feminino,Branca,0.34990252999038285
CAND_06697,7.9,54.0,Mestrado,Região Metropolitana,Remoto,Masculino,Branca,1.0
CAND_06698,4.6,57.0,Mestrado,Capitais,Híbrido,Feminino,Preta,0.1797417312260219
CAND_06699,3.3,49.0,Mestrado,Região Metropolitana,Presencial,Feminino,Branca,0.5185218284266638
CAND_06700,2.2,31.0,Bacharelado,Região Metropolitana,Presencial,Feminino,Branca,0.2799686016663717
CAND_06701,4.4,78.0,Bacharelado,Capitais,Híbrido,Feminino,Branca,0.6190051823713715
CAND_06702,3.3,40.0,Ensino Médio,Capitais,Presencial,Masculino,Branca,0.8883907337874586
CAND_06703,3.5,43.0,Bacharelado,Capitais,Híbrido,Feminino,Branca,0.5874680665482889
CAND_06704,8.3,57.0,Bacharelado,Capitais,Presencial,Masculino,Branca,1.0
CAND_06705,5.5,33.0,Mestrado,Região Metropolitana,Remoto,Masculino,Branca,0.8520917609688834
CAND_06706,7.9,24.0,Bacharelado,Capitais,Híbrido,Feminino,Amarela,0.001375926353060844
CAND_06707,3.3,49.0,Bacharelado,Região Metropolitana,Híbrido,Masculino,Branca,0.7741717964731726
CAND_06708,11.8,32.0,Mestrado,Capitais,Remoto,Masculino,Preta,0.8784527394079129
CAND_06709,7.3,22.0,Bacharelado,Região Metropolitana,Presencial,Masculino,Branca,0.8215750603906636
CAND_06710,0.9,46.0,Bacharelado,Capitais,Híbrido,Feminino,Branca,0.4343472254400922
CAND_06711,2.3,87.0,Ensino Médio,Capitais,Presencial,Masculino,Branca,1.0
CAND_06712,1.9,59.0,Mestrado,Região Metropolitana,Híbrido,Feminino,Branca,0.5492580151446094
CAND_06713,6.6,52.0,Bacharelado,Interior,Híbrido,Feminino,Indígena,0.0
CAND_06714,6.2,27.0,Bacharelado,Capitais,Remoto,Feminino,Branca,0.5909876222915237
CAND_06715,5.0,33.0,Bacharelado,Capitais,Remoto,Masculino,Preta,0.49296975303803964
CAND_06716,7.1,65.0,Mestrado,Capitais,Remoto,Masculino,Branca,1.0
CAND_06717,5.6,45.0,Bacharelado,Capitais,Remoto,Masculino,Branca,1.0
CAND_06718,2.0,44.0,Bacharelado,Capitais,Presencial,Não-binário,Branca,0.45001164471195504
CAND_06719,3.8,56.0,Doutorado,Capitais,Híbrido,Não-binário,Branca,0.6875696204142842
CAND_06720,10.8,23.0,Mestrado,Capitais,Híbrido,Feminino,Branca,0.38602692491662016
CAND_06721,0.2,8.0,Mestrado,Região Metropolitana,Presencial,Feminino,Parda,0.13026809545001725
CAND_06722,4.7,55.0,Mestrado,Capitais,Presencial,Feminino,Amarela,0.07612506235600328
CAND_06723,4.3,46.0,Mestrado,Capitais,Remoto,Masculino,Amarela,0.4588070625778925
CAND_06724,5.6,56.0,Mestrado,Capitais,Híbrido,Masculino,Branca,1.0
CAND_06725,5.6,69.0,Bacharelado,Capitais,Remoto,Masculino,Preta,0.6194809939543992
CAND_06726,6.3,69.0,Bacharelado,Capitais,Híbrido,Masculino,Branca,1.0
CAND_06727,1.4,29.0,Bacharelado,Região Metropolitana,Presencial,Masculino,Amarela,0.39019465593507785
CAND_06728,0.0,45.0,Bacharelado,Região Metropolitana,Híbrido,Masculino,Parda,0.6446280364873878
CAND_06729,5.7,44.0,Mestrado,Região Metropolitana,Híbrido,Não-binário,Branca,0.3974049664767137
CAND_06730,6.3,47.0,Bacharelado,Capitais,Presencial,Masculino,Amarela,0.6353244908008248
CAND_06731,1.7,51.0,Mestrado,Região Metropolitana,Presencial,Feminino,Parda,0.3529356905103008
CAND_06732,5.9,58.0,Mestrado,Capitais,Remoto,Masculino,Branca,1.0
CAND_06733,3.3,34.0,Mestrado,Região Metropolitana,Presencial,Masculino,Branca,0.6772739897220951
CAND_06734,2.3,45.0,Bacharelado,Capitais,Híbrido,Masculino,Branca,1.0
CAND_06735,3.7,70.0,Bacharelado,Região Metropolitana,Híbrido,Masculino,Amarela,0.4981521568747287
CAND_06736,2.4,43.0,Bacharelado,Capitais,Remoto,Feminino,Preta,0.0
CAND_06737,6.5,56.0,Bacharelado,Região Metropolitana,Híbrido,Feminino,Preta,0.0809840287485862
CAND_06738,4.0,49.0,Doutorado,Região Metropolitana,Remoto,Masculino,Preta,0.2335315681078191
CAND_06739,6.2,28.0,Bacharelado,Capitais,Presencial,Feminino,Parda,0.16550625720529807
CAND_06740,7.8,40.0,Bacharelado,Capitais,Remoto,Feminino,Preta,0.14960357603680013
CAND_06741,5.7,57.0,Bacharelado,Região Metropolitana,Híbrido,Masculino,Branca,0.9196254832123942
CAND_06742,6.2,43.0,Bacharelado,Capitais,Remoto,Feminino,Amarela,0.10080243904324312
CAND_06743,7.2,43.0,Bacharelado,Região Metropolitana,Remoto,Masculino,Branca,0.9660857715780057
CAND_06744,3.9,60.0,Ensino Médio,Capitais,Híbrido,Feminino,Branca,0.42743232988471996
CAND_06745,5.7,61.0,Mestrado,Capitais,Híbrido,Masculino,Branca,1.0
CAND_06746,3.0,29.0,Bacharelado,Região Metropolitana,Híbrido,Masculino,Amarela,0.1463163081431693
CAND_06747,2.7,43.0,Bacharelado,Capitais,Presencial,Masculino,Branca,0.7733583329035335
CAND_06748,5.1,24.0,Bacharelado,Capitais,Presencial,Feminino,Branca,0.49804547873722027
CAND_06749,6.0,44.0,Mestrado,Região Metropolitana,Híbrido,Masculino,Indígena,0.6779647193212837
CAND_06750,3.5,36.0,Mestrado,Região Metropolitana,Híbrido,Feminino,Branca,0.3844791500293431
CAND_06751,1.8,42.0,Bacharelado,Região Metropolitana,Presencial,Feminino,Indígena,0.07063922375555538
CAND_06752,0.8,46.0,Bacharelado,Interior,Presencial,Feminino,Branca,0.16108383062142675
CAND_06753,1.4,44.0,Bacharelado,Região Metropolitana,Híbrido,Masculino,Amarela,0.43264033216567643
CAND_06754,1.4,52.0,Mestrado,Região Metropolitana,Híbrido,Masculino,Parda,0.7414131101139336
CAND_06755,8.8,39.0,Mestrado,Capitais,Presencial,Feminino,Branca,0.6206274620618778
CAND_06756,5.3,30.0,Bacharelado,Região Metropolitana,Presencial,Masculino,Branca,0.6898544699036283
CAND_06757,8.1,30.0,Bacharelado,Interior,Remoto,Masculino,Branca,0.6783454529379803
CAND_06758,5.8,58.0,Bacharelado,Região Metropolitana,Remoto,Masculino,Preta,0.36740297135856564
CAND_06759,6.3,18.0,Mestrado,Região Metropolitana,Presencial,Feminino,Branca,0.5417317712520259
CAND_06760,1.3,34.0,Mestrado,Região Metropolitana,Híbrido,Masculino,Branca,0.8425200251050649
CAND_06761,1.1,33.0,Mestrado,Capitais,Presencial,Feminino,Branca,0.48505680518478494
CAND_06762,6.4,62.0,Bacharelado,Região Metropolitana,Presencial,Masculino,Branca,0.9006800625860222
CAND_06763,8.4,56.0,Bacharelado,Interior,Presencial,Masculino,Branca,0.7159817460125204
CAND_06764,7.0,44.0,Bacharelado,Região Metropolitana,Híbrido,Masculino,Branca,0.7875554447794432
CAND_06765,5.2,79.0,Mestrado,Capitais,Presencial,Masculino,Branca,1.0
CAND_06766,4.7,50.0,Doutorado,Região Metropolitana,Híbrido,Masculino,Amarela,0.5740863028421959
CAND_06767,5.1,66.0,Bacharelado,Capitais,Presencial,Feminino,Preta,0.04135732518629476
CAND_06768,2.5,31.0,Bacharelado,Região Metropolitana,Presencial,Feminino,Branca,0.13942721840545316
CAND_06769,3.6,55.0,Bacharelado,Capitais,Remoto,Masculino,Branca,0.87171452183681
CAND_06770,8.7,52.0,Bacharelado,Capitais,Híbrido,Masculino,Branca,1.0
CAND_06771,2.2,66.0,Doutorado,Capitais,Remoto,Feminino,Amarela,0.3667570783839687
CAND_06772,1.9,41.0,Bacharelado,Capitais,Remoto,Masculino,Preta,0.2956490342271066
CAND_06773,5.1,61.0,Bacharelado,Região Metropolitana,Remoto,Masculino,Amarela,0.31739598422928406
CAND_06774,2.7,63.0,Bacharelado,Interior,Híbrido,Feminino,Branca,0.38617384297081964
CAND_06775,2.4,51.0,Bacharelado,Capitais,Presencial,Feminino,Indígena,0.1351341614219016
CAND_06776,11.8,45.0,Bacharelado,Região Metropolitana,Híbrido,Masculino,Parda,0.885217730421863
CAND_06777,5.7,53.0,Bacharelado,Interior,Remoto,Masculino,Amarela,0.3069373792174184
CAND_06778,6.1,51.0,Bacharelado,Região Metropolitana,Híbrido,Feminino,Indígena,0.20468266128359658
CAND_06779,3.6,61.0,Mestrado,Região Metropolitana,Presencial,Masculino,Preta,0.5982214507987259
CAND_06780,4.9,62.0,Bacharelado,Capitais,Remoto,Masculino,Parda,0.8115965506203519
CAND_06781,2.3,51.0,Bacharelado,Capitais,Presencial,Masculino,Preta,0.3670283674835498
CAND_06782,4.4,78.0,Bacharelado,Interior,Remoto,Masculino,Indígena,0.3706416660618758
CAND_06783,5.8,51.0,Mestrado,Capitais,Híbrido,Masculino,Branca,0.9960703218039042
CAND_06784,2.4,46.0,Doutorado,Interior,Presencial,Não-binário,Preta,0.0
CAND_06785,0.0,66.0,Bacharelado,Capitais,Híbrido,Masculino,Branca,0.9026858623634466
CAND_06786,4.9,50.0,Bacharelado,Região Metropolitana,Remoto,Masculino,Branca,0.7830060931402504
CAND_06787,1.2,55.0,Bacharelado,Capitais,Remoto,Não-binário,Branca,0.5258158861302817
CAND_06788,5.5,46.0,Bacharelado,Região Metropolitana,Presencial,Masculino,Amarela,0.3296845866688607
CAND_06789,0.0,39.0,Bacharelado,Capitais,Híbrido,Não-binário,Branca,0.37371489348470643
CAND_06790,6.7,47.0,Bacharelado,Capitais,Híbrido,Masculino,Branca,1.0
CAND_06791,6.0,26.0,Bacharelado,Capitais,Remoto,Feminino,Preta,0.0
CAND_06792,4.7,33.0,Bacharelado,Capitais,Presencial,Masculino,Preta,0.18874325802693126
CAND_06793,7.0,47.0,Bacharelado,Interior,Presencial,Masculino,Branca,0.8388089918008186
CAND_06794,0.0,55.0,Mestrado,Região Metropolitana,Híbrido,Feminino,Branca,0.6722493829997895
CAND_06795,0.0,47.0,Mestrado,Capitais,Presencial,Masculino,Branca,0.9853429391033223
CAND_06796,1.2,63.0,Bacharelado,Capitais,Híbrido,Feminino,Branca,0.5079010428795022
CAND_06797,3.9,22.0,Bacharelado,Capitais,Híbrido,Feminino,Branca,0.5248710943455392
CAND_06798,0.0,64.0,Bacharelado,Região Metropolitana,Híbrido,Feminino,Branca,0.5493817210007113
CAND_06799,4.0,39.0,Bacharelado,Capitais,Híbrido,Feminino,Branca,0.40245314668322657
CAND_06800,6.7,69.0,Bacharelado,Capitais,Híbrido,Masculino,Amarela,0.875280105539214
CAND_06801,0.9,45.0,Ensino Médio,Capitais,Presencial,Masculino,Branca,0.6330458502267089
CAND_06802,6.8,67.0,Ensino Médio,Capitais,Remoto,Feminino,Preta,0.04644461745266548
CAND_06803,11.6,45.0,Bacharelado,Capitais,Híbrido,Masculino,Branca,1.0
CAND_06804,8.3,49.0,Bacharelado,Interior,Híbrido,Masculino,Branca,0.6459102499496538
CAND_06805,0.1,50.0,Bacharelado,Capitais,Presencial,Feminino,Amarela,0.08293848812122179
CAND_06806,6.3,59.0,Bacharelado,Capitais,Híbrido,Feminino,Branca,0.6456699979020916
CAND_06807,6.0,51.0,Bacharelado,Interior,Híbrido,Feminino,Branca,0.34515187374098016
CAND_06808,5.9,39.0,Bacharelado,Interior,Híbrido,Masculino,Preta,0.0
CAND_06809,9.5,63.0,Bacharelado,Capitais,Presencial,Não-binário,Branca,0.7051465959433602
CAND_06810,3.4,72.0,Bacharelado,Região Metropolitana,Híbrido,Masculino,Parda,0.6058217822156549
CAND_06811,2.3,31.0,Mestrado,Interior,Presencial,Não-binário,Branca,0.1274704987327848
CAND_06812,3.8,27.0,Bacharelado,Capitais,Remoto,Masculino,Branca,0.7219309296323982
CAND_06813,4.8,58.0,Bacharelado,Região Metropolitana,Híbrido,Masculino,Amarela,0.501662556039475
CAND_06814,0.4,60.0,Ensino Médio,Capitais,Presencial,Feminino,Branca,0.5479802526129847
CAND_06815,6.6,22.0,Mestrado,Região Metropolitana,Remoto,Feminino,Branca,0.3265790301811157
CAND_06816,4.3,72.0,Bacharelado,Capitais,Remoto,Masculino,Parda,0.9511687198355123
CAND_06817,4.2,36.0,Bacharelado,Capitais,Híbrido,Não-binário,Preta,0.0
CAND_06818,10.2,56.0,Mestrado,Capitais,Híbrido,Masculino,Branca,1.0
CAND_06819,0.0,49.0,Bacharelado,Capitais,Híbrido,Masculino,Branca,0.7747752118812781
CAND_06820,5.5,41.0,Bacharelado,Capitais,Híbrido,Feminino,Branca,0.605553618534808
CAND_06821,1.8,57.0,Mestrado,Interior,Presencial,Feminino,Branca,0.2434943353782071
CAND_06822,5.2,35.0,Bacharelado,Região Metropolitana,Presencial,Masculino,Branca,0.643878737624174
CAND_06823,3.4,55.0,Mestrado,Região Metropolitana,Híbrido,Masculino,Branca,0.9459413701171419
CAND_06824,3.8,38.0,Bacharelado,Capitais,Remoto,Masculino,Branca,0.8901793425644472
CAND_06825,1.8,43.0,Bacharelado,Região Metropolitana,Remoto,Masculino,Branca,0.591464426877343
CAND_06826,4.9,52.0,Bacharelado,Interior,Presencial,Masculino,Preta,0.0525287992645211
CAND_06827,7.2,53.0,Bacharelado,Região Metropolitana,Presencial,Feminino,Preta,0.027990678493570797
CAND_06828,5.5,34.0,Mestrado,Capitais,Remoto,Feminino,Branca,0.5863644794442469
CAND_06829,2.7,44.0,Mestrado,Capitais,Híbrido,Masculino,Amarela,0.6478275814823841
CAND_06830,4.7,62.0,Mestrado,Região Metropolitana,Presencial,Masculino,Amarela,0.579224108879288
CAND_06831,3.8,41.0,Bacharelado,Região Metropolitana,Remoto,Masculino,Preta,0.26224200384888574
CAND_06832,2.8,67.0,Bacharelado,Região Metropolitana,Híbrido,Não-binário,Preta,0.0
CAND_06833,7.3,50.0,Bacharelado,Capitais,Híbrido,Não-binário,Branca,0.47670067206586375
CAND_06834,3.7,56.0,Bacharelado,Capitais,Remoto,Feminino,Branca,0.41177931925308553
CAND_06835,11.7,52.0,Bacharelado,Região Metropolitana,Híbrido,Masculino,Branca,0.9641117086169688
CAND_06836,4.7,71.0,Doutorado,Capitais,Presencial,Masculino,Preta,0.5928918107160069
CAND_06837,4.1,60.0,Mestrado,Região Metropolitana,Híbrido,Masculino,Branca,1.0
CAND_06838,0.4,56.0,Bacharelado,Região Metropolitana,Presencial,Masculino,Branca,0.7505486699140982
CAND_06839,7.4,40.0,Ensino Médio,Capitais,Remoto,Masculino,Branca,0.9095476403371512
CAND_06840,4.5,22.0,Bacharelado,Região Metropolitana,Híbrido,Feminino,Branca,0.4703302805779714
CAND_06841,8.4,47.0,Bacharelado,Região Metropolitana,Remoto,Feminino,Parda,0.5917775697902979
CAND_06842,6.5,31.0,Bacharelado,Capitais,Remoto,Masculino,Preta,0.31583983788514514
CAND_06843,0.0,53.0,Ensino Médio,Capitais,Presencial,Masculino,Branca,0.6610765538561909
CAND_06844,5.1,28.0,Bacharelado,Região Metropolitana,Remoto,Masculino,Branca,0.8366641720198106
CAND_06845,3.5,55.0,Bacharelado,Interior,Híbrido,Masculino,Branca,0.46326922811956517
CAND_06846,6.7,67.0,Bacharelado,Capitais,Remoto,Masculino,Branca,0.993767918447998
CAND_06847,7.9,68.0,Ensino Médio,Capitais,Híbrido,Feminino,Branca,0.8395552602783792
CAND_06848,4.3,61.0,Bacharelado,Região Metropolitana,Remoto,Masculino,Branca,0.8865050372568025
CAND_06849,4.0,55.0,Bacharelado,Capitais,Remoto,Feminino,Branca,0.46186672742262724
CAND_06850,4.1,34.0,Mestrado,Região Metropolitana,Híbrido,Feminino,Branca,0.44486370931377145
CAND_06851,0.7,50.0,Doutorado,Interior,Presencial,Não-binário,Branca,0.13563274262028374
CAND_06852,3.5,73.0,Bacharelado,Capitais,Presencial,Feminino,Preta,0.1067040114379205
CAND_06853,3.5,76.0,Mestrado,Capitais,Remoto,Não-binário,Branca,0.4956259913077267
CAND_06854,8.1,35.0,Bacharelado,Região Metropolitana,Remoto,Feminino,Indígena,0.20425883465057343
CAND_06855,3.4,66.0,Bacharelado,Capitais,Presencial,Masculino,Branca,1.0
CAND_06856,4.2,38.0,Mestrado,Capitais,Híbrido,Feminino,Branca,0.451892840345995
CAND_06857,5.2,38.0,Mestrado,Capitais,Remoto,Masculino,Preta,0.5780648621766619
CAND_06858,5.3,33.0,Bacharelado,Capitais,Presencial,Masculino,Amarela,0.6209537736467912
CAND_06859,4.7,47.0,Ensino Médio,Região Metropolitana,Híbrido,Não-binário,Branca,0.29500843210953487
CAND_06860,3.0,62.0,Bacharelado,Capitais,Remoto,Masculino,Preta,0.3519876496308451
CAND_06861,8.2,52.0,Ensino Médio,Região Metropolitana,Híbrido,Masculino,Branca,1.0
CAND_06862,1.7,41.0,Bacharelado,Capitais,Híbrido,Masculino,Branca,0.8668642894504766
CAND_06863,2.4,83.0,Bacharelado,Região Metropolitana,Remoto,Masculino,Preta,0.5176090827194807
CAND_06864,6.2,55.0,Bacharelado,Região Metropolitana,Presencial,Feminino,Branca,0.4741037655560321
CAND_06865,4.2,63.0,Bacharelado,Região Metropolitana,Híbrido,Masculino,Parda,0.8647150475035905
CAND_06866,7.5,45.0,Doutorado,Capitais,Remoto,Feminino,Branca,0.6420195108258524
CAND_06867,6.7,60.0,Bacharelado,Interior,Remoto,Masculino,Parda,0.6304336056441081
CAND_06868,9.5,44.0,Mestrado,Capitais,Presencial,Feminino,Branca,0.6618503025451997
CAND_06869,6.0,47.0,Bacharelado,Capitais,Remoto,Masculino,Branca,1.0
CAND_06870,0.2,80.0,Ensino Médio,Região Metropolitana,Remoto,Masculino,Preta,0.5349264655369041
CAND_06871,4.3,43.0,Bacharelado,Capitais,Presencial,Masculino,Branca,1.0
CAND_06872,0.0,53.0,Bacharelado,Capitais,Presencial,Masculino,Branca,0.8853098794615097
CAND_06873,7.4,57.0,Mestrado,Região Metropolitana,Híbrido,Feminino,Branca,0.7033003846499816
CAND_06874,8.7,35.0,Ensino Médio,Capitais,Remoto,Feminino,Branca,0.5867626367530638
CAND_06875,5.3,37.0,Mestrado,Interior,Presencial,Masculino,Branca,0.7837375516493021
CAND_06876,6.1,65.0,Bacharelado,Região Metropolitana,Híbrido,Masculino,Parda,0.8713618389842616
CAND_06877,9.6,29.0,Mestrado,Capitais,Híbrido,Não-binário,Branca,0.49545681485948573
CAND_06878,0.7,57.0,Bacharelado,Região Metropolitana,Presencial,Feminino,Amarela,0.0
CAND_06879,1.1,57.0,Mestrado,Região Metropolitana,Híbrido,Masculino,Preta,0.22686578912871302
CAND_06880,6.3,55.0,Doutorado,Capitais,Presencial,Feminino,Branca,0.5724350931728729
CAND_06881,4.8,44.0,Bacharelado,Capitais,Remoto,Feminino,Branca,0.4987351256844891
CAND_06882,5.8,58.0,Mestrado,Capitais,Remoto,Masculino,Branca,1.0
CAND_06883,5.0,65.0,Ensino Médio,Capitais,Remoto,Masculino,Indígena,0.705117271309788
CAND_06884,5.6,36.0,Bacharelado,Interior,Híbrido,Feminino,Indígena,0.02968817508973265
CAND_06885,7.0,64.0,Bacharelado,Região Metropolitana,Presencial,Masculino,Branca,0.9323550793981978
CAND_06886,0.8,53.0,Bacharelado,Região Metropolitana,Presencial,Masculino,Branca,0.8182402100920371
CAND_06887,6.6,49.0,Mestrado,Região Metropolitana,Híbrido,Feminino,Branca,0.4265860838376032
CAND_06888,4.7,55.0,Doutorado,Interior,Remoto,Feminino,Branca,0.34147750204026983
CAND_06889,7.1,59.0,Mestrado,Capitais,Presencial,Feminino,Amarela,0.2734600509380992
CAND_06890,9.2,60.0,Bacharelado,Capitais,Híbrido,Feminino,Branca,0.46965022522150995
CAND_06891,9.3,74.0,Ensino Médio,Capitais,Remoto,Masculino,Branca,1.0
CAND_06892,10.9,40.0,Bacharelado,Capitais,Híbrido,Masculino,Branca,0.9510877600623104
CAND_06893,9.9,64.0,Bacharelado,Região Metropolitana,Híbrido,Masculino,Branca,0.970528990575071
CAND_06894,6.8,54.0,Ensino Médio,Região Metropolitana,Híbrido,Masculino,Parda,0.6774613341221685
CAND_06895,7.4,57.0,Bacharelado,Região Metropolitana,Presencial,Não-binário,Branca,0.5035256531475076
CAND_06896,5.9,59.0,Bacharelado,Região Metropolitana,Remoto,Masculino,Preta,0.4161349062946306
CAND_06897,0.5,65.0,Bacharelado,Capitais,Remoto,Masculino,Preta,0.5005202894180628
CAND_06898,6.8,62.0,Bacharelado,Região Metropolitana,Híbrido,Masculino,Preta,0.4105125606999418
CAND_06899,0.0,75.0,Bacharelado,Região Metropolitana,Presencial,Masculino,Branca,0.9244599863948847
CAND_06900,5.8,66.0,Mestrado,Capitais,Remoto,Feminino,Branca,0.6299082704326623
CAND_06901,6.4,82.0,Ensino Médio,Capitais,Híbrido,Masculino,Amarela,0.6242238001210997
CAND_06902,4.4,62.0,Ensino Médio,Capitais,Remoto,Masculino,Branca,1.0
CAND_06903,6.9,72.0,Mestrado,Capitais,Remoto,Masculino,Preta,0.773140576554608
CAND_06904,5.7,43.0,Bacharelado,Capitais,Presencial,Feminino,Branca,0.5572699495337602
CAND_06905,1.2,63.0,Bacharelado,Capitais,Remoto,Não-binário,Preta,0.0
CAND_06906,3.8,51.0,Mestrado,Região Metropolitana,Remoto,Feminino,Preta,0.0
CAND_06907,1.2,48.0,Bacharelado,Capitais,Híbrido,Masculino,Branca,0.8817915821561974
CAND_06908,5.0,53.0,Mestrado,Capitais,Remoto,Masculino,Parda,0.921305307387344
CAND_06909,8.5,40.0,Bacharelado,Capitais,Remoto,Feminino,Preta,0.06312582765700002
CAND_06910,0.9,64.0,Bacharelado,Interior,Híbrido,Feminino,Branca,0.20553757862019512
CAND_06911,10.0,53.0,Mestrado,Região Metropolitana,Presencial,Masculino,Preta,0.5011181282395911
CAND_06912,8.1,46.0,Mestrado,Capitais,Remoto,Masculino,Branca,1.0
CAND_06913,2.4,43.0,Ensino Médio,Capitais,Remoto,Não-binário,Branca,0.2924910507936234
CAND_06914,1.2,26.0,Bacharelado,Capitais,Presencial,Masculino,Preta,0.30753778974713697
CAND_06915,6.5,49.0,Bacharelado,Capitais,Presencial,Feminino,Branca,0.44714286355805133
CAND_06916,9.2,66.0,Bacharelado,Região Metropolitana,Híbrido,Masculino,Branca,1.0
CAND_06917,2.8,34.0,Mestrado,Capitais,Presencial,Masculino,Branca,0.9011801559207031
CAND_06918,10.8,55.0,Bacharelado,Região Metropolitana,Híbrido,Feminino,Branca,0.5578034698910386
CAND_06919,3.9,56.0,Bacharelado,Região Metropolitana,Híbrido,Masculino,Preta,0.15820620358608273
CAND_06920,6.3,87.0,Bacharelado,Região Metropolitana,Remoto,Feminino,Indígena,0.515018444142479
CAND_06921,1.0,46.0,Bacharelado,Região Metropolitana,Remoto,Masculino,Indígena,0.5185951337580724
CAND_06922,7.3,69.0,Mestrado,Capitais,Remoto,Masculino,Amarela,0.7891275579100483
CAND_06923,8.0,36.0,Bacharelado,Capitais,Remoto,Masculino,Parda,0.738284407807265
CAND_06924,12.9,41.0,Bacharelado,Capitais,Remoto,Feminino,Branca,0.7903059717047141
CAND_06925,5.6,49.0,Bacharelado,Capitais,Híbrido,Não-binário,Preta,0.0
CAND_06926,10.8,54.0,Doutorado,Capitais,Remoto,Masculino,Branca,1.0
CAND_06927,5.3,57.0,Ensino Médio,Capitais,Híbrido,Masculino,Amarela,0.5320385553553679
CAND_06928,1.4,40.0,Ensino Médio,Região Metropolitana,Remoto,Masculino,Preta,0.37971653647615056
CAND_06929,3.0,36.0,Doutorado,Região Metropolitana,Presencial,Não-binário,Preta,0.0
CAND_06930,5.3,45.0,Bacharelado,Região Metropolitana,Remoto,Feminino,Branca,0.5426786975120768
CAND_06931,8.0,32.0,Mestrado,Região Metropolitana,Híbrido,Masculino,Parda,0.6924500031759241
CAND_06932,0.0,23.0,Mestrado,Capitais,Remoto,Masculino,Branca,0.8543197148319857
CAND_06933,5.4,60.0,Bacharelado,Interior,Remoto,Masculino,Indígena,0.4581478218432458
CAND_06934,3.8,59.0,Mestrado,Capitais,Presencial,Masculino,Branca,0.9498595286958457
CAND_06935,5.4,57.0,Bacharelado,Região Metropolitana,Híbrido,Masculino,Branca,0.9083400563958512
CAND_06936,5.4,43.0,Bacharelado,Capitais,Remoto,Masculino,Parda,0.765430638054949
CAND_06937,0.0,59.0,Bacharelado,Região Metropolitana,Remoto,Masculino,Branca,0.8294871218819184
CAND_06938,7.6,36.0,Bacharelado,Capitais,Remoto,Masculino,Branca,0.9684562479552268
CAND_06939,9.8,50.0,Ensino Médio,Capitais,Remoto,Masculino,Preta,0.40483220705978434
CAND_06940,0.4,19.0,Bacharelado,Capitais,Remoto,Não-binário,Branca,0.21303116020190202
CAND_06941,1.1,57.0,Bacharelado,Capitais,Presencial,Masculino,Branca,0.8486750309442771
CAND_06942,2.8,40.0,Mestrado,Capitais,Híbrido,Feminino,Branca,0.3391769268193208
CAND_06943,4.8,35.0,Doutorado,Capitais,Presencial,Masculino,Parda,0.8273613031521957
CAND_06944,1.8,46.0,Bacharelado,Região Metropolitana,Presencial,Masculino,Branca,0.7105545190393208
CAND_06945,1.5,79.0,Bacharelado,Capitais,Remoto,Masculino,Branca,1.0
CAND_06946,5.3,56.0,Mestrado,Capitais,Presencial,Masculino,Amarela,0.6525795124630365
CAND_06947,7.3,59.0,Bacharelado,Capitais,Híbrido,Masculino,Branca,0.8241287353689211
CAND_06948,9.9,43.0,Bacharelado,Capitais,Híbrido,Masculino,Preta,0.6117563402191288
CAND_06949,5.1,29.0,Bacharelado,Capitais,Híbrido,Masculino,Branca,0.7007354210526608
CAND_06950,7.6,54.0,Ensino Médio,Interior,Presencial,Masculino,Branca,0.6919165054473024
CAND_06951,3.6,80.0,Mestrado,Capitais,Híbrido,Feminino,Parda,0.6651665633449655
CAND_06952,5.4,49.0,Bacharelado,Região Metropolitana,Remoto,Masculino,Branca,0.622476339758258
CAND_06953,3.8,56.0,Mestrado,Região Metropolitana,Híbrido,Feminino,Preta,0.0
CAND_06954,7.6,86.0,Ensino Médio,Capitais,Remoto,Masculino,Amarela,0.7219649375752273
CAND_06955,8.0,43.0,Bacharelado,Região Metropolitana,Presencial,Não-binário,Branca,0.5915529528778561
CAND_06956,2.1,28.0,Mestrado,Capitais,Híbrido,Masculino,Indígena,0.6751679271334949
CAND_06957,3.1,54.0,Bacharelado,Região Metropolitana,Remoto,Masculino,Branca,0.6335804398240734
CAND_06958,1.2,49.0,Bacharelado,Região Metropolitana,Híbrido,Não-binário,Branca,0.30427238208172336
CAND_06959,7.5,39.0,Bacharelado,Capitais,Híbrido,Masculino,Parda,0.7565867557596678
CAND_06960,4.6,46.0,Mestrado,Região Metropolitana,Presencial,Feminino,Amarela,0.07914041842937393
CAND_06961,0.0,49.0,Mestrado,Capitais,Híbrido,Feminino,Branca,0.5037236591718304
CAND_06962,6.3,67.0,Ensino Médio,Capitais,Híbrido,Masculino,Branca,0.9387811983308462
CAND_06963,1.9,38.0,Mestrado,Capitais,Presencial,Masculino,Preta,0.2907707924137724
CAND_06964,8.8,37.0,Bacharelado,Capitais,Remoto,Feminino,Indígena,0.2498656364559358
CAND_06965,8.7,68.0,Bacharelado,Capitais,Remoto,Feminino,Branca,0.8452869856738936
CAND_06966,8.0,49.0,Mestrado,Capitais,Presencial,Masculino,Amarela,0.6162959039163037
CAND_06967,4.0,43.0,Bacharelado,Capitais,Presencial,Masculino,Branca,0.8655984710799542
CAND_06968,5.8,70.0,Mestrado,Capitais,Híbrido,Masculino,Indígena,0.5977945935545153
CAND_06969,2.2,59.0,Bacharelado,Capitais,Remoto,Masculino,Parda,0.8859740892067514
CAND_06970,6.1,83.0,Bacharelado,Capitais,Presencial,Masculino,Branca,1.0
CAND_06971,0.0,80.0,Bacharelado,Capitais,Presencial,Masculino,Branca,1.0
CAND_06972,9.9,70.0,Bacharelado,Capitais,Híbrido,Masculino,Branca,1.0
CAND_06973,5.5,40.0,Doutorado,Região Metropolitana,Presencial,Masculino,Branca,0.9261515121864644
CAND_06974,2.4,55.0,Bacharelado,Região Metropolitana,Remoto,Masculino,Branca,0.8163957401253054
CAND_06975,5.5,59.0,Doutorado,Interior,Presencial,Masculino,Branca,0.6137208725644402
CAND_06976,3.4,58.0,Bacharelado,Capitais,Híbrido,Feminino,Branca,0.42096784979509405
CAND_06977,0.0,56.0,Bacharelado,Região Metropolitana,Remoto,Feminino,Branca,0.3851214003584507
CAND_06978,4.1,51.0,Bacharelado,Capitais,Presencial,Não-binário,Branca,0.4233718893945709
CAND_06979,3.9,62.0,Mestrado,Capitais,Híbrido,Masculino,Preta,0.5004073401491815
CAND_06980,5.1,34.0,Mestrado,Capitais,Presencial,Masculino,Indígena,0.5762239605841812
CAND_06981,4.3,22.0,Mestrado,Região Metropolitana,Remoto,Feminino,Preta,0.0
CAND_06982,6.5,34.0,Bacharelado,Capitais,Presencial,Masculino,Preta,0.2594508217496695
CAND_06983,6.5,84.0,Bacharelado,Capitais,Remoto,Não-binário,Branca,0.438487151853598
CAND_06984,4.9,61.0,Bacharelado,Capitais,Presencial,Feminino,Branca,0.5929477664698494
CAND_06985,6.9,67.0,Ensino Médio,Capitais,Híbrido,Masculino,Parda,0.9217024449539883
CAND_06986,2.8,65.0,Mestrado,Capitais,Presencial,Feminino,Branca,0.6902421793463037
CAND_06987,3.8,29.0,Bacharelado,Região Metropolitana,Remoto,Masculino,Parda,0.6269869760502251
CAND_06988,0.7,54.0,Bacharelado,Capitais,Presencial,Feminino,Parda,0.38483402626955704
CAND_06989,3.3,68.0,Bacharelado,Capitais,Híbrido,Masculino,Parda,0.7971157856557732
CAND_06990,0.6,64.0,Mestrado,Capitais,Presencial,Masculino,Parda,0.8723902045488428
CAND_06991,3.1,49.0,Bacharelado,Capitais,Presencial,Feminino,Indígena,0.23206474021961046
CAND_06992,1.6,68.0,Doutorado,Capitais,Híbrido,Masculino,Preta,0.5493826147495311
CAND_06993,9.1,62.0,Bacharelado,Região Metropolitana,Híbrido,Masculino,Branca,0.9874184149865333
CAND_06994,3.0,53.0,Ensino Médio,Interior,Presencial,Masculino,Amarela,0.3336965926059498
CAND_06995,4.3,56.0,Bacharelado,Capitais,Presencial,Masculino,Branca,0.9138124172449711
CAND_06996,7.0,30.0,Bacharelado,Região Metropolitana,Remoto,Masculino,Preta,0.3772373800071222
CAND_06997,4.5,57.0,Doutorado,Capitais,Remoto,Feminino,Branca,0.7910748610139869
CAND_06998,6.6,48.0,Mestrado,Capitais,Híbrido,Masculino,Branca,1.0
CAND_06999,3.4,71.0,Bacharelado,Capitais,Presencial,Feminino,Branca,0.5198742236119485
CAND_07000,5.4,51.0,Bacharelado,Capitais,Híbrido,Masculino,Parda,0.8613176926020831
CAND_07001,6.5,30.0,Ensino Médio,Capitais,Híbrido,Feminino,Parda,0.18633448448248782
CAND_07002,5.5,38.0,Bacharelado,Região Metropolitana,Presencial,Masculino,Branca,0.8117107016658532
CAND_07003,1.1,60.0,Bacharelado,Capitais,Híbrido,Masculino,Parda,0.7887403060513022
CAND_07004,8.0,59.0,Bacharelado,Região Metropolitana,Remoto,Masculino,Branca,0.9591665196611274
CAND_07005,1.0,29.0,Ensino Médio,Região Metropolitana,Híbrido,Masculino,Preta,0.031979316287346266
CAND_07006,6.1,49.0,Bacharelado,Capitais,Híbrido,Masculino,Branca,0.9567671307797079
CAND_07007,3.6,30.0,Bacharelado,Capitais,Remoto,Masculino,Branca,0.8319744435903172
CAND_07008,12.4,49.0,Bacharelado,Capitais,Remoto,Feminino,Preta,0.18496773976737862
CAND_07009,7.7,71.0,Bacharelado,Região Metropolitana,Presencial,Masculino,Branca,0.8503008878509707
CAND_07010,9.1,11.0,Bacharelado,Capitais,Remoto,Masculino,Branca,0.9046871096518875
CAND_07011,5.7,68.0,Mestrado,Capitais,Híbrido,Masculino,Preta,0.4029846216927866
CAND_07012,2.7,78.0,Bacharelado,Interior,Presencial,Feminino,Branca,0.40025748682562656
CAND_07013,4.9,32.0,Mestrado,Capitais,Remoto,Feminino,Branca,0.36623635922618736
CAND_07014,3.6,64.0,Bacharelado,Região Metropolitana,Presencial,Masculino,Amarela,0.43299266407986214
CAND_07015,2.8,37.0,Bacharelado,Capitais,Híbrido,Não-binário,Branca,0.48313466312298536
CAND_07016,5.9,56.0,Bacharelado,Capitais,Presencial,Feminino,Branca,0.578402538770269
CAND_07017,6.7,67.0,Bacharelado,Interior,Híbrido,Masculino,Parda,0.605332973157383
CAND_07018,11.3,57.0,Bacharelado,Capitais,Presencial,Masculino,Branca,1.0
CAND_07019,2.1,75.0,Bacharelado,Região Metropolitana,Presencial,Feminino,Branca,0.5474301135288431
CAND_07020,0.0,48.0,Mestrado,Capitais,Remoto,Masculino,Branca,0.9441092732754125
CAND_07021,4.8,63.0,Bacharelado,Capitais,Híbrido,Masculino,Branca,0.8679911583833657
CAND_07022,9.6,44.0,Mestrado,Região Metropolitana,Remoto,Masculino,Parda,0.804390050443087
CAND_07023,7.4,41.0,Mestrado,Região Metropolitana,Híbrido,Masculino,Branca,0.917634338243162
CAND_07024,4.6,51.0,Bacharelado,Capitais,Híbrido,Feminino,Preta,0.04724057315497062
CAND_07025,3.3,52.0,Ensino Médio,Capitais,Híbrido,Feminino,Branca,0.7058699329478186
CAND_07026,6.6,46.0,Bacharelado,Região Metropolitana,Presencial,Feminino,Branca,0.4493342116911169
CAND_07027,1.3,48.0,Bacharelado,Capitais,Híbrido,Masculino,Preta,0.5061507443225255
CAND_07028,7.1,70.0,Bacharelado,Região Metropolitana,Remoto,Masculino,Branca,1.0
CAND_07029,3.3,60.0,Bacharelado,Interior,Remoto,Masculino,Preta,0.09019743746309243
CAND_07030,2.5,38.0,Bacharelado,Região Metropolitana,Híbrido,Feminino,Parda,0.31359382651783246
CAND_07031,4.4,40.0,Bacharelado,Capitais,Presencial,Feminino,Preta,0.0027909857210864425
CAND_07032,6.3,50.0,Bacharelado,Capitais,Híbrido,Masculino,Branca,0.9547332670206301
CAND_07033,3.2,60.0,Bacharelado,Capitais,Remoto,Feminino,Branca,0.6128737392786325
CAND_07034,1.8,27.0,Mestrado,Capitais,Presencial,Masculino,Branca,0.7638785151520118
CAND_07035,0.0,13.0,Bacharelado,Capitais,Híbrido,Feminino,Amarela,0.0
CAND_07036,5.5,56.0,Bacharelado,Região Metropolitana,Remoto,Masculino,Branca,1.0
CAND_07037,3.7,25.0,Bacharelado,Região Metropolitana,Presencial,Masculino,Branca,0.6933405476063468
CAND_07038,4.0,52.0,Bacharelado,Capitais,Presencial,Masculino,Amarela,0.700685542819213
CAND_07039,4.6,75.0,Mestrado,Capitais,Presencial,Feminino,Preta,0.15878486377843218
CAND_07040,7.4,34.0,Ensino Médio,Capitais,Remoto,Masculino,Parda,0.9270087142249649
CAND_07041,7.5,45.0,Bacharelado,Região Metropolitana,Remoto,Masculino,Branca,0.8343029809115503
CAND_07042,5.7,50.0,Bacharelado,Capitais,Híbrido,Masculino,Branca,1.0
CAND_07043,4.5,50.0,Bacharelado,Capitais,Presencial,Masculino,Branca,1.0
CAND_07044,9.6,37.0,Mestrado,Região Metropolitana,Remoto,Masculino,Preta,0.4790228582722472
CAND_07045,2.9,58.0,Bacharelado,Capitais,Remoto,Masculino,Branca,0.9709472951597717
CAND_07046,5.7,32.0,Bacharelado,Capitais,Remoto,Feminino,Parda,0.42810887105133794
CAND_07047,6.2,53.0,Mestrado,Capitais,Híbrido,Masculino,Preta,0.558422824546003
CAND_07048,2.8,39.0,Bacharelado,Região Metropolitana,Híbrido,Masculino,Parda,0.8112660297519358
CAND_07049,7.4,52.0,Ensino Médio,Capitais,Remoto,Não-binário,Branca,0.47793302423538253
CAND_07050,4.6,57.0,Ensino Médio,Capitais,Remoto,Masculino,Branca,0.9142046767056254
CAND_07051,4.1,67.0,Mestrado,Capitais,Remoto,Feminino,Branca,0.6637719390162347
CAND_07052,8.6,17.0,Bacharelado,Capitais,Remoto,Masculino,Branca,0.8515437053743894
CAND_07053,3.8,59.0,Bacharelado,Capitais,Remoto,Masculino,Amarela,0.6683171541643385
CAND_07054,4.9,31.0,Bacharelado,Capitais,Presencial,Feminino,Branca,0.5659606817221673
CAND_07055,5.7,38.0,Bacharelado,Região Metropolitana,Híbrido,Masculino,Indígena,0.39969734750496727
CAND_07056,9.1,46.0,Bacharelado,Região Metropolitana,Híbrido,Masculino,Parda,0.6347509467104865
CAND_07057,2.6,49.0,Bacharelado,Capitais,Híbrido,Não-binário,Branca,0.3026324560420813
CAND_07058,4.5,40.0,Mestrado,Região Metropolitana,Remoto,Masculino,Parda,0.7662473682799338
CAND_07059,2.2,69.0,Bacharelado,Capitais,Remoto,Masculino,Branca,0.9487358683172404
CAND_07060,8.9,39.0,Ensino Médio,Capitais,Presencial,Masculino,Branca,0.9410600270321215
CAND_07061,7.7,46.0,Bacharelado,Capitais,Presencial,Masculino,Amarela,0.5496807228946985
CAND_07062,0.8,44.0,Bacharelado,Região Metropolitana,Presencial,Masculino,Branca,0.8439385282257839
CAND_07063,2.9,38.0,Ensino Médio,Capitais,Presencial,Feminino,Indígena,0.0
CAND_07064,10.8,42.0,Bacharelado,Interior,Híbrido,Masculino,Preta,0.17702400574363808
CAND_07065,4.6,30.0,Doutorado,Capitais,Híbrido,Feminino,Branca,0.5761360052466825
CAND_07066,0.1,55.0,Bacharelado,Capitais,Híbrido,Masculino,Preta,0.6421317359062535
CAND_07067,4.1,56.0,Bacharelado,Capitais,Remoto,Feminino,Amarela,0.17852131657159923
CAND_07068,5.5,40.0,Bacharelado,Região Metropolitana,Presencial,Feminino,Branca,0.3164586434474395
CAND_07069,4.9,68.0,Bacharelado,Capitais,Híbrido,Masculino,Branca,1.0
CAND_07070,0.2,66.0,Bacharelado,Capitais,Presencial,Feminino,Branca,0.6032753815289169
CAND_07071,2.6,9.0,Doutorado,Região Metropolitana,Presencial,Masculino,Branca,0.6511017611099412
CAND_07072,8.5,71.0,Bacharelado,Capitais,Híbrido,Masculino,Branca,1.0
CAND_07073,6.0,50.0,Bacharelado,Capitais,Presencial,Masculino,Amarela,0.73382311351607
CAND_07074,3.7,48.0,Ensino Médio,Região Metropolitana,Remoto,Masculino,Preta,0.2954187467292392
CAND_07075,3.6,60.0,Bacharelado,Capitais,Remoto,Masculino,Branca,1.0
CAND_07076,8.3,53.0,Bacharelado,Região Metropolitana,Remoto,Masculino,Branca,1.0
CAND_07077,5.6,42.0,Mestrado,Capitais,Remoto,Masculino,Branca,0.7628104125514239
CAND_07078,2.1,90.0,Doutorado,Capitais,Híbrido,Não-binário,Parda,0.5736624036905993
CAND_07079,6.2,56.0,Bacharelado,Capitais,Presencial,Masculino,Amarela,0.4696197229551135
CAND_07080,5.0,51.0,Bacharelado,Capitais,Remoto,Masculino,Preta,0.6069843065810416
CAND_07081,3.9,38.0,Mestrado,Região Metropolitana,Híbrido,Feminino,Preta,0.0
CAND_07082,3.3,50.0,Bacharelado,Interior,Remoto,Masculino,Branca,0.7326878087189487
CAND_07083,5.5,40.0,Doutorado,Capitais,Presencial,Masculino,Branca,1.0
CAND_07084,0.0,54.0,Mestrado,Região Metropolitana,Remoto,Feminino,Branca,0.42191140177509295
CAND_07085,4.0,41.0,Mestrado,Região Metropolitana,Presencial,Masculino,Branca,0.9071879639588267
CAND_07086,7.1,25.0,Bacharelado,Capitais,Híbrido,Feminino,Branca,0.540571562142067
CAND_07087,3.8,31.0,Mestrado,Interior,Híbrido,Masculino,Branca,0.7573282923008535
CAND_07088,5.2,52.0,Bacharelado,Interior,Remoto,Masculino,Branca,0.7462609283982365
CAND_07089,7.4,26.0,Bacharelado,Região Metropolitana,Híbrido,Masculino,Preta,0.3823851058400077
CAND_07090,8.7,53.0,Bacharelado,Capitais,Híbrido,Masculino,Amarela,0.6121956664785717
CAND_07091,0.0,25.0,Bacharelado,Capitais,Presencial,Feminino,Amarela,0.0
CAND_07092,5.8,59.0,Doutorado,Capitais,Híbrido,Feminino,Branca,0.556993915200626
CAND_07093,7.3,46.0,Bacharelado,Capitais,Remoto,Masculino,Preta,0.48954933579087084
CAND_07094,5.2,68.0,Bacharelado,Capitais,Híbrido,Masculino,Branca,1.0
CAND_07095,9.6,57.0,Bacharelado,Região Metropolitana,Presencial,Masculino,Preta,0.506391268587931
CAND_07096,10.2,68.0,Mestrado,Capitais,Presencial,Feminino,Branca,0.8660411797627852
CAND_07097,0.0,55.0,Bacharelado,Capitais,Híbrido,Feminino,Branca,0.6813715292896897
CAND_07098,7.5,60.0,Bacharelado,Região Metropolitana,Presencial,Masculino,Branca,0.9565416061487191
CAND_07099,5.7,44.0,Mestrado,Interior,Remoto,Feminino,Parda,0.3151633238798607
CAND_07100,0.7,77.0,Bacharelado,Região Metropolitana,Híbrido,Feminino,Branca,0.4704149050241172
CAND_07101,3.7,47.0,Bacharelado,Capitais,Remoto,Feminino,Amarela,0.10889699239096506
CAND_07102,6.0,20.0,Ensino Médio,Capitais,Presencial,Masculino,Branca,0.902367529885156
CAND_07103,3.5,67.0,Mestrado,Capitais,Híbrido,Feminino,Branca,0.5702764091283756
CAND_07104,1.0,46.0,Ensino Médio,Capitais,Híbrido,Não-binário,Branca,0.3320217356824752
CAND_07105,8.2,43.0,Bacharelado,Capitais,Híbrido,Masculino,Branca,0.9674813430407403
CAND_07106,4.1,25.0,Mestrado,Capitais,Híbrido,Masculino,Branca,0.9001995238681274
CAND_07107,5.1,48.0,Bacharelado,Capitais,Presencial,Feminino,Branca,0.47945267006148573
CAND_07108,6.6,34.0,Bacharelado,Capitais,Híbrido,Masculino,Branca,0.8439135957717795
CAND_07109,0.0,58.0,Doutorado,Capitais,Remoto,Masculino,Branca,0.8543237015596279
CAND_07110,1.8,51.0,Bacharelado,Capitais,Híbrido,Masculino,Amarela,0.28006499447066957
CAND_07111,7.5,42.0,Bacharelado,Capitais,Híbrido,Masculino,Preta,0.5814165642797665
CAND_07112,4.3,53.0,Mestrado,Região Metropolitana,Híbrido,Masculino,Branca,0.9485334958523246
CAND_07113,2.0,40.0,Mestrado,Capitais,Híbrido,Feminino,Branca,0.4171783873354245
CAND_07114,7.5,47.0,Ensino Médio,Capitais,Presencial,Masculino,Preta,0.5222668737306772
CAND_07115,4.1,60.0,Mestrado,Capitais,Presencial,Feminino,Branca,0.7330002442897197
CAND_07116,2.1,45.0,Mestrado,Região Metropolitana,Remoto,Feminino,Branca,0.5352819160153119
CAND_07117,12.8,20.0,Bacharelado,Capitais,Híbrido,Feminino,Branca,0.707563041870366
CAND_07118,0.1,55.0,Ensino Médio,Capitais,Híbrido,Masculino,Branca,0.8269670553223578
CAND_07119,1.9,42.0,Bacharelado,Capitais,Presencial,Masculino,Branca,0.8510673708410419
CAND_07120,4.2,58.0,Bacharelado,Região Metropolitana,Híbrido,Masculino,Branca,0.818745272839366
CAND_07121,1.7,29.0,Bacharelado,Região Metropolitana,Presencial,Masculino,Preta,0.2953063490900291
CAND_07122,5.6,60.0,Bacharelado,Capitais,Presencial,Masculino,Branca,0.9193062060786504
CAND_07123,3.2,45.0,Bacharelado,Capitais,Remoto,Masculino,Parda,0.821662714493626
CAND_07124,8.8,39.0,Bacharelado,Região Metropolitana,Remoto,Masculino,Parda,0.7475244797685703
CAND_07125,6.0,51.0,Bacharelado,Capitais,Híbrido,Masculino,Branca,0.9283683843754114
CAND_07126,9.7,56.0,Ensino Médio,Capitais,Presencial,Masculino,Branca,1.0
CAND_07127,5.3,57.0,Mestrado,Capitais,Híbrido,Masculino,Preta,0.6344630512724212
CAND_07128,1.9,38.0,Mestrado,Capitais,Presencial,Masculino,Amarela,0.5035770992228547
CAND_07129,0.0,59.0,Bacharelado,Região Metropolitana,Presencial,Masculino,Branca,0.5523408361342109
CAND_07130,0.0,31.0,Bacharelado,Capitais,Remoto,Feminino,Preta,0.0
CAND_07131,15.8,45.0,Doutorado,Capitais,Presencial,Masculino,Branca,1.0
CAND_07132,4.1,37.0,Bacharelado,Interior,Remoto,Masculino,Branca,0.7834211686451928
CAND_07133,0.2,34.0,Ensino Médio,Região Metropolitana,Híbrido,Masculino,Indígena,0.49712805963753826
CAND_07134,5.8,60.0,Bacharelado,Capitais,Presencial,Feminino,Branca,0.6901800424526311
CAND_07135,5.5,62.0,Doutorado,Capitais,Presencial,Masculino,Branca,0.9464700950058373
CAND_07136,4.3,76.0,Mestrado,Capitais,Presencial,Feminino,Branca,0.8836225777525314
CAND_07137,9.6,87.0,Bacharelado,Capitais,Remoto,Masculino,Preta,0.5049815623276988
CAND_07138,5.7,91.0,Mestrado,Região Metropolitana,Presencial,Masculino,Branca,1.0
CAND_07139,5.2,54.0,Bacharelado,Capitais,Presencial,Feminino,Preta,0.0
CAND_07140,2.7,38.0,Bacharelado,Capitais,Remoto,Masculino,Preta,0.453850744284239
CAND_07141,5.2,78.0,Bacharelado,Capitais,Presencial,Masculino,Branca,0.9126111209797476
CAND_07142,1.0,39.0,Ensino Médio,Capitais,Híbrido,Feminino,Branca,0.3998742892360166
CAND_07143,5.8,50.0,Mestrado,Interior,Híbrido,Feminino,Branca,0.2764060799725949
CAND_07144,4.6,38.0,Bacharelado,Capitais,Presencial,Masculino,Branca,0.8243164897339498
CAND_07145,0.0,41.0,Mestrado,Região Metropolitana,Remoto,Masculino,Branca,0.8873664534540496
CAND_07146,3.2,44.0,Bacharelado,Interior,Presencial,Feminino,Branca,0.07356885158054423
CAND_07147,1.9,73.0,Mestrado,Interior,Híbrido,Feminino,Branca,0.346705390158928
CAND_07148,3.0,54.0,Bacharelado,Interior,Presencial,Masculino,Indígena,0.11940004174220797
CAND_07149,6.0,53.0,Bacharelado,Região Metropolitana,Híbrido,Masculino,Branca,0.7050124029614291
CAND_07150,8.7,55.0,Bacharelado,Região Metropolitana,Remoto,Masculino,Branca,0.8100693294375215
CAND_07151,4.3,42.0,Bacharelado,Região Metropolitana,Híbrido,Feminino,Amarela,0.0
CAND_07152,4.6,32.0,Doutorado,Região Metropolitana,Híbrido,Feminino,Branca,0.5842765029013873
CAND_07153,6.8,45.0,Mestrado,Capitais,Híbrido,Feminino,Preta,0.15631531105320592
CAND_07154,6.6,60.0,Mestrado,Capitais,Remoto,Masculino,Branca,1.0
CAND_07155,4.0,41.0,Mestrado,Capitais,Remoto,Masculino,Parda,0.6929406801592944
CAND_07156,5.0,70.0,Bacharelado,Capitais,Híbrido,Masculino,Branca,0.8727052911660498
CAND_07157,8.2,50.0,Bacharelado,Região Metropolitana,Híbrido,Feminino,Branca,0.6300852983952517
CAND_07158,8.5,60.0,Bacharelado,Capitais,Remoto,Masculino,Branca,1.0
CAND_07159,8.0,53.0,Bacharelado,Capitais,Híbrido,Masculino,Branca,1.0
CAND_07160,5.5,37.0,Ensino Médio,Capitais,Remoto,Feminino,Branca,0.40863601004457606
CAND_07161,5.7,74.0,Bacharelado,Capitais,Presencial,Feminino,Branca,0.4127856840291556
CAND_07162,3.3,49.0,Doutorado,Capitais,Remoto,Masculino,Branca,1.0
CAND_07163,8.6,57.0,Bacharelado,Capitais,Híbrido,Masculino,Branca,1.0
CAND_07164,6.7,62.0,Bacharelado,Região Metropolitana,Remoto,Masculino,Branca,0.8817092928037729
CAND_07165,5.6,38.0,Bacharelado,Interior,Híbrido,Feminino,Branca,0.22882439488847459
CAND_07166,6.9,57.0,Ensino Médio,Capitais,Presencial,Masculino,Branca,1.0
CAND_07167,7.8,43.0,Ensino Médio,Capitais,Presencial,Masculino,Preta,0.34131398904444
CAND_07168,7.4,56.0,Bacharelado,Capitais,Híbrido,Masculino,Amarela,0.6675208859129305
CAND_07169,7.2,53.0,Bacharelado,Capitais,Remoto,Masculino,Amarela,0.6355379029056484
CAND_07170,2.2,77.0,Bacharelado,Interior,Remoto,Feminino,Preta,0.0
CAND_07171,6.5,35.0,Bacharelado,Capitais,Híbrido,Feminino,Parda,0.5447331861644835
CAND_07172,8.1,39.0,Bacharelado,Capitais,Híbrido,Masculino,Preta,0.534513286125711
CAND_07173,3.2,30.0,Bacharelado,Capitais,Híbrido,Masculino,Indígena,0.482864943183397
CAND_07174,5.5,41.0,Mestrado,Interior,Presencial,Masculino,Branca,0.6125264213924284
CAND_07175,0.0,67.0,Bacharelado,Capitais,Presencial,Masculino,Branca,0.9948130339250542
CAND_07176,5.7,29.0,Bacharelado,Capitais,Híbrido,Masculino,Branca,0.7752798134433438
CAND_07177,3.8,47.0,Mestrado,Capitais,Remoto,Masculino,Branca,1.0
CAND_07178,2.4,40.0,Bacharelado,Capitais,Híbrido,Feminino,Branca,0.29150936943131756
CAND_07179,1.9,59.0,Mestrado,Capitais,Híbrido,Feminino,Branca,0.771748680483845
CAND_07180,9.7,71.0,Bacharelado,Interior,Presencial,Feminino,Branca,0.4630682831702095
CAND_07181,3.4,33.0,Bacharelado,Capitais,Presencial,Masculino,Branca,0.8477320403889443
CAND_07182,4.0,39.0,Bacharelado,Capitais,Presencial,Feminino,Amarela,0.22797965706722628
CAND_07183,10.4,22.0,Bacharelado,Região Metropolitana,Híbrido,Masculino,Branca,0.8728055278655958
CAND_07184,4.9,49.0,Bacharelado,Interior,Híbrido,Masculino,Branca,0.6756325420383504
CAND_07185,5.8,50.0,Bacharelado,Capitais,Presencial,Feminino,Amarela,0.20933740131783696
CAND_07186,5.5,59.0,Ensino Médio,Região Metropolitana,Remoto,Masculino,Preta,0.3821010690001076
CAND_07187,2.1,45.0,Bacharelado,Região Metropolitana,Presencial,Feminino,Amarela,0.0
CAND_07188,1.1,63.0,Bacharelado,Capitais,Híbrido,Masculino,Branca,0.8552575329459084
CAND_07189,5.4,30.0,Bacharelado,Capitais,Híbrido,Masculino,Branca,0.9329809343895868
CAND_07190,9.1,64.0,Bacharelado,Capitais,Híbrido,Feminino,Branca,0.9412492184193885
CAND_07191,9.1,68.0,Bacharelado,Interior,Presencial,Masculino,Amarela,0.39001296492085186
CAND_07192,5.4,26.0,Bacharelado,Região Metropolitana,Híbrido,Masculino,Branca,0.742342462290608
CAND_07193,4.9,55.0,Bacharelado,Capitais,Híbrido,Masculino,Parda,1.0
CAND_07194,4.0,46.0,Doutorado,Capitais,Remoto,Masculino,Indígena,0.7514369291924475
CAND_07195,5.8,27.0,Bacharelado,Região Metropolitana,Híbrido,Masculino,Amarela,0.4085850078007937
CAND_07196,3.8,65.0,Bacharelado,Capitais,Remoto,Masculino,Branca,1.0
CAND_07197,6.9,66.0,Bacharelado,Interior,Presencial,Feminino,Parda,0.07848466644993482
CAND_07198,0.0,80.0,Bacharelado,Capitais,Presencial,Masculino,Branca,1.0
CAND_07199,0.0,49.0,Mestrado,Capitais,Remoto,Masculino,Branca,0.7170463878803057
CAND_07200,2.5,73.0,Mestrado,Capitais,Híbrido,Masculino,Branca,1.0
CAND_07201,1.3,56.0,Bacharelado,Capitais,Híbrido,Masculino,Branca,0.8758501234623821
CAND_07202,5.3,60.0,Ensino Médio,Região Metropolitana,Remoto,Feminino,Branca,0.37172799027659353
CAND_07203,4.7,55.0,Mestrado,Capitais,Remoto,Masculino,Parda,0.9386553670974145
CAND_07204,8.2,48.0,Mestrado,Região Metropolitana,Presencial,Feminino,Branca,0.6540531130363416
CAND_07205,4.3,61.0,Bacharelado,Capitais,Híbrido,Masculino,Branca,0.8009139430446921
CAND_07206,2.7,43.0,Bacharelado,Interior,Presencial,Masculino,Indígena,0.1834913716235559
CAND_07207,9.6,49.0,Bacharelado,Região Metropolitana,Híbrido,Masculino,Indígena,0.5288950597610194
CAND_07208,11.4,58.0,Mestrado,Capitais,Híbrido,Feminino,Branca,0.7924944018838304
CAND_07209,3.1,40.0,Bacharelado,Capitais,Remoto,Feminino,Branca,0.5033221467492086
CAND_07210,6.4,55.0,Bacharelado,Região Metropolitana,Presencial,Não-binário,Branca,0.27054359187284305
CAND_07211,1.2,54.0,Ensino Médio,Capitais,Remoto,Masculino,Branca,0.9550914726799183
CAND_07212,4.8,62.0,Mestrado,Interior,Híbrido,Masculino,Amarela,0.43156473279723906
CAND_07213,2.2,48.0,Bacharelado,Capitais,Remoto,Masculino,Indígena,0.6313423540945746
CAND_07214,5.3,70.0,Mestrado,Capitais,Remoto,Feminino,Preta,0.17473753183495647
CAND_07215,1.1,48.0,Bacharelado,Capitais,Híbrido,Não-binário,Branca,0.3826073699744641
CAND_07216,6.4,40.0,Bacharelado,Capitais,Remoto,Masculino,Indígena,0.787213435432051
CAND_07217,7.9,61.0,Mestrado,Capitais,Híbrido,Feminino,Preta,0.20511235129091693
CAND_07218,1.3,59.0,Mestrado,Região Metropolitana,Híbrido,Masculino,Branca,0.8384311750722516
CAND_07219,2.6,40.0,Mestrado,Capitais,Presencial,Feminino,Branca,0.40601334579200204
CAND_07220,7.5,42.0,Mestrado,Capitais,Presencial,Feminino,Branca,0.8196148186007044
CAND_07221,5.5,53.0,Mestrado,Capitais,Remoto,Masculino,Preta,0.3998595788873098
CAND_07222,9.2,70.0,Bacharelado,Capitais,Remoto,Masculino,Branca,0.9175773220029142
CAND_07223,7.7,37.0,Mestrado,Região Metropolitana,Presencial,Não-binário,Preta,0.010073038553280927
CAND_07224,2.1,32.0,Bacharelado,Região Metropolitana,Presencial,Feminino,Indígena,0.03498420829097503
CAND_07225,1.4,49.0,Bacharelado,Interior,Remoto,Feminino,Amarela,0.0
CAND_07226,1.4,27.0,Bacharelado,Interior,Híbrido,Masculino,Preta,0.0
CAND_07227,0.0,48.0,Mestrado,Região Metropolitana,Híbrido,Feminino,Branca,0.4038532403958046
CAND_07228,2.3,49.0,Mestrado,Capitais,Presencial,Masculino,Preta,0.46181360263426957
CAND_07229,6.2,28.0,Mestrado,Capitais,Híbrido,Feminino,Preta,0.08415272426271678
CAND_07230,6.9,50.0,Bacharelado,Capitais,Presencial,Masculino,Branca,1.0
CAND_07231,4.7,30.0,Ensino Médio,Capitais,Remoto,Masculino,Preta,0.47335330819694704
CAND_07232,2.3,40.0,Bacharelado,Interior,Presencial,Masculino,Branca,0.5874303549381916
CAND_07233,7.1,43.0,Bacharelado,Capitais,Presencial,Masculino,Branca,0.9681108292426991
CAND_07234,3.8,82.0,Bacharelado,Capitais,Remoto,Feminino,Branca,0.913626031361312
CAND_07235,2.5,77.0,Bacharelado,Interior,Presencial,Masculino,Parda,0.5846141651495
CAND_07236,4.1,51.0,Mestrado,Capitais,Híbrido,Feminino,Branca,0.5546475719245684
CAND_07237,5.1,53.0,Ensino Médio,Capitais,Híbrido,Masculino,Branca,1.0
CAND_07238,8.2,30.0,Mestrado,Região Metropolitana,Híbrido,Masculino,Branca,0.9597560031723541
CAND_07239,5.8,47.0,Bacharelado,Região Metropolitana,Remoto,Feminino,Amarela,0.11046586931086406
CAND_07240,6.8,41.0,Doutorado,Capitais,Presencial,Masculino,Branca,1.0
CAND_07241,10.8,46.0,Bacharelado,Região Metropolitana,Presencial,Feminino,Amarela,0.28344392373467475
CAND_07242,4.5,51.0,Bacharelado,Região Metropolitana,Híbrido,Masculino,Branca,0.8579389800744939
CAND_07243,9.8,72.0,Bacharelado,Capitais,Híbrido,Masculino,Branca,1.0
CAND_07244,0.0,51.0,Mestrado,Capitais,Híbrido,Masculino,Branca,0.8944915536978872
CAND_07245,8.1,21.0,Mestrado,Capitais,Presencial,Feminino,Branca,0.6534713215090115
CAND_07246,1.2,30.0,Bacharelado,Região Metropolitana,Presencial,Masculino,Branca,0.46449303297755934
CAND_07247,4.7,60.0,Ensino Médio,Capitais,Remoto,Masculino,Branca,0.9257923110476384
CAND_07248,0.0,45.0,Bacharelado,Capitais,Presencial,Masculino,Parda,0.6780996804519451
CAND_07249,6.6,67.0,Bacharelado,Região Metropolitana,Presencial,Masculino,Branca,0.8850551278443275
CAND_07250,1.9,31.0,Bacharelado,Interior,Remoto,Masculino,Parda,0.38980215264523177
CAND_07251,1.0,22.0,Ensino Médio,Capitais,Remoto,Masculino,Branca,0.6453855415727464
CAND_07252,4.6,27.0,Bacharelado,Região Metropolitana,Presencial,Masculino,Branca,0.6073088783684055
CAND_07253,7.3,77.0,Bacharelado,Capitais,Híbrido,Feminino,Branca,0.6637610049323635
CAND_07254,1.5,62.0,Mestrado,Região Metropolitana,Remoto,Masculino,Branca,0.8832230844499068
CAND_07255,3.9,71.0,Bacharelado,Região Metropolitana,Híbrido,Masculino,Indígena,0.9050343848276386
CAND_07256,2.8,51.0,Bacharelado,Interior,Presencial,Não-binário,Parda,0.0
CAND_07257,9.8,81.0,Bacharelado,Capitais,Híbrido,Feminino,Branca,0.8284824175754156
CAND_07258,5.0,45.0,Mestrado,Capitais,Presencial,Feminino,Branca,0.628885151031056
CAND_07259,3.7,78.0,Doutorado,Capitais,Presencial,Masculino,Branca,1.0
CAND_07260,1.1,63.0,Ensino Médio,Região Metropolitana,Híbrido,Masculino,Branca,0.8082094844674523
CAND_07261,8.8,29.0,Bacharelado,Capitais,Híbrido,Masculino,Branca,0.8451074423084247
CAND_07262,4.7,40.0,Bacharelado,Capitais,Híbrido,Masculino,Branca,0.912623831261353
CAND_07263,4.9,0.0,Doutorado,Capitais,Remoto,Masculino,Branca,0.7930396453740964
CAND_07264,8.3,63.0,Bacharelado,Região Metropolitana,Presencial,Masculino,Parda,0.7773545278396095
CAND_07265,4.1,28.0,Bacharelado,Capitais,Remoto,Masculino,Branca,0.8025274991314629
CAND_07266,7.6,53.0,Mestrado,Região Metropolitana,Remoto,Masculino,Branca,0.8013086302420399
CAND_07267,9.4,44.0,Bacharelado,Região Metropolitana,Híbrido,Feminino,Branca,0.3809366142981937
CAND_07268,6.2,13.0,Bacharelado,Capitais,Híbrido,Masculino,Indígena,0.38315411996900584
CAND_07269,7.2,30.0,Bacharelado,Região Metropolitana,Híbrido,Masculino,Branca,0.8265195703116021
CAND_07270,7.6,36.0,Bacharelado,Capitais,Presencial,Masculino,Parda,0.8778372966543949
CAND_07271,3.2,21.0,Mestrado,Capitais,Híbrido,Masculino,Branca,0.8063709110791583
CAND_07272,4.3,50.0,Bacharelado,Capitais,Híbrido,Masculino,Branca,0.8983772887873566
CAND_07273,7.7,35.0,Bacharelado,Interior,Híbrido,Masculino,Branca,0.633800192618549
CAND_07274,6.0,34.0,Bacharelado,Capitais,Remoto,Masculino,Branca,0.997106664689823
CAND_07275,5.8,49.0,Bacharelado,Capitais,Híbrido,Feminino,Preta,0.22809842751440473
CAND_07276,0.7,71.0,Mestrado,Região Metropolitana,Híbrido,Feminino,Branca,0.436164796368504
CAND_07277,7.6,53.0,Bacharelado,Interior,Híbrido,Feminino,Branca,0.35383183604899426
CAND_07278,5.5,39.0,Bacharelado,Capitais,Remoto,Feminino,Branca,0.34039296598213087
CAND_07279,7.1,40.0,Bacharelado,Região Metropolitana,Presencial,Feminino,Parda,0.41156735404986683
CAND_07280,9.2,31.0,Bacharelado,Região Metropolitana,Remoto,Masculino,Amarela,0.4420895450822582
CAND_07281,6.5,75.0,Bacharelado,Capitais,Remoto,Masculino,Amarela,0.6625443974020292
CAND_07282,5.0,63.0,Mestrado,Capitais,Remoto,Feminino,Branca,0.7356433058682682
CAND_07283,6.1,32.0,Ensino Médio,Região Metropolitana,Híbrido,Não-binário,Branca,0.1355483821467291
CAND_07284,5.6,55.0,Bacharelado,Capitais,Presencial,Masculino,Branca,1.0
CAND_07285,2.9,53.0,Bacharelado,Capitais,Remoto,Masculino,Branca,1.0
CAND_07286,7.6,76.0,Mestrado,Capitais,Híbrido,Feminino,Amarela,0.3034789492671672
CAND_07287,0.0,63.0,Bacharelado,Capitais,Remoto,Feminino,Preta,0.0
CAND_07288,3.6,49.0,Ensino Médio,Capitais,Presencial,Masculino,Parda,0.5822149787722519
CAND_07289,0.0,51.0,Mestrado,Interior,Remoto,Masculino,Branca,0.4660095181135645
CAND_07290,9.0,33.0,Ensino Médio,Capitais,Híbrido,Masculino,Preta,0.4519016645267471
CAND_07291,5.9,36.0,Bacharelado,Capitais,Híbrido,Feminino,Branca,0.4956576902440722
CAND_07292,4.0,62.0,Bacharelado,Capitais,Híbrido,Masculino,Branca,0.8471903447835692
CAND_07293,2.7,45.0,Bacharelado,Interior,Híbrido,Feminino,Amarela,0.0
CAND_07294,5.5,20.0,Bacharelado,Região Metropolitana,Remoto,Masculino,Branca,0.8269493042433138
CAND_07295,9.2,52.0,Ensino Médio,Capitais,Híbrido,Masculino,Branca,0.9497988443344132
CAND_07296,6.2,56.0,Bacharelado,Capitais,Híbrido,Masculino,Parda,0.8879369674983055
CAND_07297,2.4,48.0,Bacharelado,Região Metropolitana,Híbrido,Feminino,Branca,0.3803056153624387
CAND_07298,2.6,57.0,Bacharelado,Capitais,Híbrido,Masculino,Branca,0.9280973441557453
CAND_07299,5.4,50.0,Bacharelado,Capitais,Presencial,Feminino,Preta,0.13556764942744876
CAND_07300,9.4,48.0,Mestrado,Capitais,Híbrido,Feminino,Branca,0.6990882045404694
CAND_07301,0.7,76.0,Mestrado,Região Metropolitana,Híbrido,Masculino,Branca,1.0
CAND_07302,7.4,50.0,Doutorado,Capitais,Híbrido,Masculino,Branca,0.9650401141851247
CAND_07303,7.6,38.0,Bacharelado,Capitais,Híbrido,Masculino,Preta,0.4972781943827362
CAND_07304,6.3,75.0,Bacharelado,Capitais,Híbrido,Feminino,Branca,0.7277710864392101
CAND_07305,11.6,42.0,Doutorado,Região Metropolitana,Presencial,Feminino,Preta,0.18614950383948808
CAND_07306,3.5,47.0,Ensino Médio,Região Metropolitana,Híbrido,Masculino,Branca,0.7609539771079484
CAND_07307,4.3,50.0,Bacharelado,Região Metropolitana,Híbrido,Masculino,Preta,0.1995375528976935
CAND_07308,3.3,49.0,Mestrado,Capitais,Remoto,Masculino,Branca,1.0
CAND_07309,6.5,58.0,Ensino Médio,Capitais,Presencial,Masculino,Branca,0.883239364387609
CAND_07310,4.6,55.0,Bacharelado,Capitais,Remoto,Feminino,Preta,0.0
CAND_07311,2.1,62.0,Doutorado,Capitais,Presencial,Feminino,Branca,0.4779845266597411
CAND_07312,2.3,42.0,Mestrado,Capitais,Remoto,Masculino,Branca,0.9173228477017985
CAND_07313,6.9,42.0,Ensino Médio,Região Metropolitana,Híbrido,Feminino,Branca,0.44502519421019326
CAND_07314,7.5,47.0,Mestrado,Capitais,Híbrido,Feminino,Preta,0.05561233712508945
CAND_07315,11.2,44.0,Bacharelado,Interior,Presencial,Feminino,Preta,0.0
CAND_07316,4.3,59.0,Doutorado,Capitais,Híbrido,Masculino,Indígena,0.8442803062498003
CAND_07317,9.5,36.0,Bacharelado,Interior,Híbrido,Masculino,Parda,0.5822746329606261
CAND_07318,7.9,71.0,Doutorado,Capitais,Presencial,Masculino,Branca,1.0
CAND_07319,7.2,35.0,Mestrado,Interior,Remoto,Feminino,Parda,0.26073963485419016
CAND_07320,7.1,77.0,Bacharelado,Interior,Presencial,Masculino,Branca,0.7586335664140964
CAND_07321,6.4,55.0,Bacharelado,Capitais,Remoto,Masculino,Amarela,0.5850303526270118
CAND_07322,0.1,70.0,Bacharelado,Região Metropolitana,Híbrido,Feminino,Branca,0.46395961683986436
CAND_07323,3.0,75.0,Bacharelado,Capitais,Híbrido,Masculino,Branca,0.849205384580833
CAND_07324,10.2,41.0,Mestrado,Interior,Híbrido,Feminino,Branca,0.47437489073349703
CAND_07325,7.7,45.0,Bacharelado,Capitais,Híbrido,Feminino,Branca,0.6412574599463956
CAND_07326,1.1,36.0,Mestrado,Capitais,Híbrido,Feminino,Branca,0.49535044619324275
CAND_07327,5.8,59.0,Ensino Médio,Interior,Presencial,Masculino,Amarela,0.39130847327949914
CAND_07328,2.0,57.0,Mestrado,Capitais,Híbrido,Não-binário,Branca,0.5177224451393115
CAND_07329,5.1,47.0,Bacharelado,Capitais,Remoto,Masculino,Parda,0.9818360721255716
CAND_07330,9.1,61.0,Bacharelado,Capitais,Presencial,Masculino,Branca,0.8619294391727081
CAND_07331,1.3,32.0,Mestrado,Capitais,Híbrido,Masculino,Branca,0.831342001294397
CAND_07332,4.4,50.0,Bacharelado,Região Metropolitana,Presencial,Feminino,Preta,0.10913049315603135
CAND_07333,2.8,21.0,Ensino Médio,Capitais,Remoto,Masculino,Amarela,0.4785186612540471
CAND_07334,0.0,75.0,Bacharelado,Capitais,Presencial,Masculino,Branca,0.9796526438079466
CAND_07335,2.5,45.0,Mestrado,Capitais,Híbrido,Masculino,Preta,0.4826990585876575
CAND_07336,5.9,33.0,Bacharelado,Capitais,Híbrido,Feminino,Branca,0.5965089363333745
CAND_07337,5.7,30.0,Bacharelado,Capitais,Presencial,Feminino,Branca,0.6088753121598297
CAND_07338,3.9,72.0,Mestrado,Capitais,Híbrido,Masculino,Parda,1.0
CAND_07339,0.0,52.0,Bacharelado,Região Metropolitana,Remoto,Feminino,Parda,0.2804118505961457
CAND_07340,10.7,51.0,Bacharelado,Capitais,Presencial,Masculino,Preta,0.36224259221077826
CAND_07341,0.9,69.0,Bacharelado,Capitais,Presencial,Feminino,Preta,0.0
CAND_07342,4.0,48.0,Ensino Médio,Interior,Presencial,Feminino,Branca,0.06051158780865343
CAND_07343,3.8,58.0,Mestrado,Capitais,Presencial,Feminino,Parda,0.29557752607634646
CAND_07344,1.2,47.0,Mestrado,Capitais,Híbrido,Masculino,Branca,0.7712830200836007
CAND_07345,5.0,37.0,Doutorado,Capitais,Híbrido,Masculino,Branca,0.9698472288607003
CAND_07346,4.7,41.0,Bacharelado,Região Metropolitana,Presencial,Não-binário,Parda,0.0
CAND_07347,8.0,37.0,Bacharelado,Região Metropolitana,Presencial,Masculino,Branca,0.8996386859148338
CAND_07348,7.3,53.0,Mestrado,Capitais,Híbrido,Masculino,Branca,1.0
CAND_07349,4.9,24.0,Ensino Médio,Capitais,Remoto,Masculino,Branca,0.8090146214679031
CAND_07350,7.1,55.0,Ensino Médio,Capitais,Presencial,Masculino,Branca,0.8697481844133874
CAND_07351,2.9,33.0,Bacharelado,Região Metropolitana,Presencial,Masculino,Branca,0.7460546957816951
CAND_07352,5.5,72.0,Ensino Médio,Região Metropolitana,Híbrido,Masculino,Branca,1.0
CAND_07353,7.6,43.0,Bacharelado,Capitais,Presencial,Masculino,Branca,0.9513657750424164
CAND_07354,0.6,66.0,Mestrado,Capitais,Híbrido,Masculino,Branca,1.0
CAND_07355,8.3,60.0,Bacharelado,Capitais,Remoto,Feminino,Branca,0.6717870216496543
CAND_07356,3.1,73.0,Bacharelado,Região Metropolitana,Remoto,Masculino,Preta,0.3614806071081162
CAND_07357,1.2,51.0,Bacharelado,Região Metropolitana,Presencial,Masculino,Branca,0.8741543936186409
CAND_07358,3.3,49.0,Mestrado,Capitais,Presencial,Feminino,Branca,0.49840562475792666
CAND_07359,9.6,45.0,Bacharelado,Região Metropolitana,Híbrido,Masculino,Branca,0.761706818886744
CAND_07360,2.3,67.0,Bacharelado,Capitais,Híbrido,Feminino,Branca,0.6000862399840596
CAND_07361,3.9,60.0,Bacharelado,Capitais,Híbrido,Masculino,Branca,0.9839357043675422
CAND_07362,2.9,73.0,Bacharelado,Capitais,Híbrido,Feminino,Preta,0.10758648161627585
CAND_07363,3.9,69.0,Bacharelado,Capitais,Híbrido,Masculino,Amarela,0.7424904519277612
CAND_07364,8.9,68.0,Ensino Médio,Capitais,Remoto,Masculino,Parda,0.9233195214351299
CAND_07365,3.0,67.0,Doutorado,Capitais,Híbrido,Não-binário,Branca,0.6714962751336412
CAND_07366,6.0,57.0,Ensino Médio,Capitais,Híbrido,Feminino,Branca,0.5980855770274809
CAND_07367,7.5,45.0,Bacharelado,Interior,Híbrido,Masculino,Parda,0.5493269780534831
CAND_07368,9.0,55.0,Mestrado,Capitais,Presencial,Masculino,Amarela,0.6039365607506672
CAND_07369,6.2,80.0,Bacharelado,Capitais,Híbrido,Masculino,Branca,1.0
CAND_07370,1.7,44.0,Bacharelado,Região Metropolitana,Remoto,Masculino,Branca,0.6900169724055277
CAND_07371,9.1,33.0,Bacharelado,Capitais,Híbrido,Feminino,Parda,0.4248517544560645
CAND_07372,5.4,40.0,Mestrado,Região Metropolitana,Híbrido,Masculino,Amarela,0.48028201998833797
CAND_07373,1.2,52.0,Bacharelado,Capitais,Remoto,Masculino,Branca,0.9021141424285656
CAND_07374,0.0,42.0,Bacharelado,Capitais,Híbrido,Feminino,Branca,0.19386266360290316
CAND_07375,7.2,71.0,Bacharelado,Região Metropolitana,Híbrido,Masculino,Branca,0.9689899897239252
CAND_07376,2.2,52.0,Bacharelado,Região Metropolitana,Presencial,Não-binário,Indígena,0.0804885212001157
CAND_07377,8.1,66.0,Bacharelado,Capitais,Presencial,Masculino,Indígena,0.7721761860259638
CAND_07378,9.6,46.0,Bacharelado,Capitais,Híbrido,Feminino,Parda,0.6272498450015443
CAND_07379,7.9,43.0,Mestrado,Interior,Remoto,Masculino,Amarela,0.28468243939815896
CAND_07380,3.5,57.0,Bacharelado,Capitais,Presencial,Masculino,Branca,0.9034333718917764
CAND_07381,4.8,43.0,Bacharelado,Região Metropolitana,Presencial,Feminino,Branca,0.5037351390247121
CAND_07382,0.0,53.0,Mestrado,Região Metropolitana,Híbrido,Feminino,Preta,0.0
CAND_07383,3.2,41.0,Bacharelado,Capitais,Remoto,Masculino,Indígena,0.6338725179332054
CAND_07384,6.4,50.0,Bacharelado,Capitais,Híbrido,Feminino,Branca,0.5857250730372995
CAND_07385,0.0,70.0,Mestrado,Interior,Híbrido,Não-binário,Branca,0.21540502954468843
CAND_07386,1.7,60.0,Mestrado,Interior,Presencial,Feminino,Branca,0.4076404679968861
CAND_07387,3.2,59.0,Mestrado,Capitais,Híbrido,Feminino,Branca,0.4601149356686721
CAND_07388,8.1,45.0,Bacharelado,Capitais,Remoto,Não-binário,Preta,0.0
CAND_07389,10.2,41.0,Mestrado,Capitais,Remoto,Feminino,Branca,0.696245833939778
CAND_07390,4.9,49.0,Bacharelado,Região Metropolitana,Remoto,Masculino,Amarela,0.5882434519549221
CAND_07391,3.3,42.0,Doutorado,Capitais,Híbrido,Masculino,Amarela,0.39170955656434747
CAND_07392,3.9,38.0,Mestrado,Capitais,Remoto,Feminino,Branca,0.4769114687355907
CAND_07393,0.0,50.0,Mestrado,Região Metropolitana,Híbrido,Masculino,Amarela,0.5574762777363531
CAND_07394,6.3,30.0,Mestrado,Interior,Híbrido,Masculino,Parda,0.549157938299609
CAND_07395,0.0,57.0,Bacharelado,Capitais,Híbrido,Não-binário,Branca,0.4240404147470885
CAND_07396,0.8,33.0,Bacharelado,Capitais,Híbrido,Masculino,Preta,0.17959989753174216
CAND_07397,3.2,41.0,Bacharelado,Capitais,Remoto,Masculino,Branca,0.7812965473982165
CAND_07398,7.3,49.0,Bacharelado,Região Metropolitana,Remoto,Masculino,Branca,1.0
CAND_07399,8.5,42.0,Bacharelado,Capitais,Presencial,Feminino,Branca,0.6765927031736019
CAND_07400,6.2,64.0,Bacharelado,Capitais,Híbrido,Feminino,Branca,0.5518803401144701
CAND_07401,2.9,46.0,Bacharelado,Capitais,Presencial,Masculino,Preta,0.4826951585300939
CAND_07402,6.3,4.0,Bacharelado,Capitais,Híbrido,Masculino,Indígena,0.3869552576031209
CAND_07403,10.9,72.0,Doutorado,Capitais,Híbrido,Feminino,Branca,0.8989233822961304
CAND_07404,7.8,60.0,Ensino Médio,Região Metropolitana,Híbrido,Masculino,Amarela,0.26345540397988215
CAND_07405,1.4,31.0,Doutorado,Região Metropolitana,Híbrido,Masculino,Branca,0.7808818110816809
CAND_07406,5.7,50.0,Bacharelado,Capitais,Híbrido,Masculino,Indígena,0.5799342509679604
CAND_07407,7.1,56.0,Bacharelado,Região Metropolitana,Remoto,Masculino,Branca,0.7998183779905429
CAND_07408,8.0,56.0,Bacharelado,Capitais,Híbrido,Masculino,Branca,1.0
CAND_07409,4.6,57.0,Bacharelado,Capitais,Híbrido,Masculino,Branca,1.0
CAND_07410,6.5,24.0,Bacharelado,Região Metropolitana,Presencial,Masculino,Preta,0.21575375542269737
CAND_07411,1.7,57.0,Doutorado,Capitais,Presencial,Não-binário,Branca,0.7288932384496813
CAND_07412,2.8,51.0,Mestrado,Capitais,Híbrido,Masculino,Branca,0.8960187943848242
CAND_07413,4.1,64.0,Bacharelado,Capitais,Presencial,Feminino,Branca,0.5748413468449273
CAND_07414,2.7,70.0,Mestrado,Região Metropolitana,Presencial,Masculino,Branca,0.9543973414256364
CAND_07415,4.7,81.0,Bacharelado,Interior,Híbrido,Masculino,Branca,0.9528355556671065
CAND_07416,6.0,59.0,Bacharelado,Interior,Remoto,Feminino,Branca,0.5404329856962029
CAND_07417,5.1,48.0,Bacharelado,Capitais,Remoto,Feminino,Branca,0.6056289761715796
CAND_07418,2.0,42.0,Bacharelado,Região Metropolitana,Híbrido,Masculino,Parda,0.5408654566664691
CAND_07419,0.0,53.0,Bacharelado,Capitais,Presencial,Masculino,Branca,0.7463064440056549
CAND_07420,6.6,65.0,Ensino Médio,Capitais,Presencial,Masculino,Parda,0.9684811295355137
CAND_07421,2.2,46.0,Bacharelado,Capitais,Presencial,Feminino,Branca,0.47090170376567353
CAND_07422,5.0,67.0,Mestrado,Interior,Remoto,Feminino,Preta,0.0
CAND_07423,7.4,61.0,Ensino Médio,Capitais,Remoto,Feminino,Indígena,0.15138965871012727
CAND_07424,6.8,40.0,Bacharelado,Capitais,Presencial,Masculino,Indígena,0.6773218272338475
CAND_07425,5.6,74.0,Bacharelado,Capitais,Presencial,Masculino,Branca,1.0
CAND_07426,2.7,53.0,Mestrado,Interior,Remoto,Masculino,Branca,0.35573094443468867
CAND_07427,3.2,52.0,Mestrado,Capitais,Híbrido,Masculino,Branca,1.0
CAND_07428,6.4,47.0,Ensino Médio,Capitais,Remoto,Masculino,Branca,0.7146163516096948
CAND_07429,8.7,62.0,Doutorado,Capitais,Híbrido,Masculino,Branca,1.0
CAND_07430,0.0,48.0,Doutorado,Região Metropolitana,Presencial,Masculino,Branca,0.9312007744888573
CAND_07431,11.9,49.0,Mestrado,Capitais,Remoto,Masculino,Branca,1.0
CAND_07432,2.4,39.0,Bacharelado,Região Metropolitana,Híbrido,Feminino,Preta,0.0
CAND_07433,4.7,36.0,Bacharelado,Região Metropolitana,Remoto,Masculino,Branca,0.7507981308447877
CAND_07434,4.3,66.0,Bacharelado,Capitais,Presencial,Masculino,Amarela,0.6438053070722578
CAND_07435,1.9,41.0,Mestrado,Capitais,Remoto,Masculino,Parda,0.7827931959345659
CAND_07436,6.2,36.0,Bacharelado,Região Metropolitana,Remoto,Feminino,Branca,0.3385223531119299
CAND_07437,9.5,56.0,Doutorado,Capitais,Híbrido,Masculino,Amarela,0.7291859756797864
CAND_07438,4.1,46.0,Mestrado,Região Metropolitana,Remoto,Masculino,Branca,0.8599492294783055
CAND_07439,6.9,59.0,Ensino Médio,Região Metropolitana,Híbrido,Masculino,Preta,0.4513947197954844
CAND_07440,8.3,34.0,Bacharelado,Capitais,Remoto,Masculino,Branca,1.0
CAND_07441,8.2,38.0,Bacharelado,Região Metropolitana,Remoto,Masculino,Amarela,0.640167508987042
CAND_07442,1.8,49.0,Bacharelado,Interior,Remoto,Masculino,Preta,0.20799064004896775
CAND_07443,2.7,47.0,Mestrado,Região Metropolitana,Remoto,Feminino,Indígena,0.2441743701289501
CAND_07444,4.6,44.0,Bacharelado,Região Metropolitana,Remoto,Masculino,Amarela,0.3458664254738607
CAND_07445,1.0,59.0,Mestrado,Região Metropolitana,Presencial,Feminino,Branca,0.5183049663640589
CAND_07446,4.7,38.0,Bacharelado,Capitais,Híbrido,Feminino,Preta,0.13370062819686762
CAND_07447,3.4,18.0,Bacharelado,Interior,Presencial,Masculino,Branca,0.45804020743838136
CAND_07448,5.2,38.0,Bacharelado,Capitais,Remoto,Masculino,Preta,0.39924891274646607
CAND_07449,0.2,82.0,Mestrado,Região Metropolitana,Híbrido,Masculino,Branca,0.9915264851347696
CAND_07450,5.1,60.0,Bacharelado,Capitais,Presencial,Masculino,Preta,0.7234153344573303
CAND_07451,1.7,58.0,Bacharelado,Região Metropolitana,Híbrido,Masculino,Branca,0.9714513744428284
CAND_07452,3.8,72.0,Bacharelado,Capitais,Presencial,Masculino,Branca,0.9309216009458405
CAND_07453,3.9,54.0,Mestrado,Região Metropolitana,Híbrido,Masculino,Branca,0.9245090475572476
CAND_07454,2.4,56.0,Bacharelado,Região Metropolitana,Remoto,Masculino,Branca,0.9126564361334595
CAND_07455,6.0,72.0,Bacharelado,Região Metropolitana,Remoto,Feminino,Branca,0.5266988448532097
CAND_07456,4.5,32.0,Bacharelado,Capitais,Híbrido,Feminino,Parda,0.30301325216992053
CAND_07457,3.3,35.0,Ensino Médio,Região Metropolitana,Presencial,Feminino,Branca,0.33808515164161196
CAND_07458,3.4,53.0,Bacharelado,Capitais,Híbrido,Masculino,Amarela,0.5305181097331505
CAND_07459,8.4,63.0,Bacharelado,Capitais,Híbrido,Masculino,Branca,0.915932361959618
CAND_07460,2.3,49.0,Mestrado,Capitais,Presencial,Masculino,Preta,0.49397485172166555
CAND_07461,0.4,52.0,Doutorado,Capitais,Remoto,Feminino,Branca,0.7053723999475802
CAND_07462,9.5,59.0,Bacharelado,Capitais,Presencial,Masculino,Branca,0.949486933464952
CAND_07463,7.1,46.0,Ensino Médio,Capitais,Híbrido,Masculino,Branca,0.9636580490478687
CAND_07464,0.0,52.0,Bacharelado,Capitais,Híbrido,Masculino,Parda,0.8482808083963931
CAND_07465,0.4,65.0,Mestrado,Capitais,Remoto,Não-binário,Branca,0.5057712341019366
CAND_07466,2.8,56.0,Bacharelado,Região Metropolitana,Remoto,Não-binário,Branca,0.31878857594689963
CAND_07467,6.1,59.0,Bacharelado,Região Metropolitana,Híbrido,Feminino,Branca,0.4905516352657082
CAND_07468,4.0,53.0,Bacharelado,Região Metropolitana,Híbrido,Feminino,Indígena,0.13069214833976503
CAND_07469,1.3,56.0,Bacharelado,Capitais,Híbrido,Feminino,Branca,0.5092824499262397
CAND_07470,3.4,75.0,Bacharelado,Região Metropolitana,Remoto,Masculino,Preta,0.3215812403759665
CAND_07471,4.9,67.0,Doutorado,Capitais,Remoto,Feminino,Preta,0.247765745974807
CAND_07472,10.3,54.0,Bacharelado,Capitais,Remoto,Feminino,Branca,0.609418746535622
CAND_07473,5.1,67.0,Mestrado,Região Metropolitana,Híbrido,Feminino,Preta,0.0
CAND_07474,3.9,54.0,Mestrado,Região Metropolitana,Presencial,Masculino,Branca,0.9525386764884648
CAND_07475,3.6,61.0,Bacharelado,Região Metropolitana,Presencial,Não-binário,Parda,0.18615361824446067
CAND_07476,3.1,70.0,Bacharelado,Capitais,Remoto,Masculino,Parda,0.9636621757896682
CAND_07477,2.3,16.0,Bacharelado,Capitais,Presencial,Feminino,Branca,0.3669796483420981
CAND_07478,1.1,52.0,Bacharelado,Capitais,Remoto,Masculino,Preta,0.4120824819426515
CAND_07479,1.0,65.0,Ensino Médio,Capitais,Presencial,Masculino,Branca,0.8352019784316763
CAND_07480,3.6,70.0,Bacharelado,Região Metropolitana,Remoto,Masculino,Branca,0.731635340429442
CAND_07481,4.8,67.0,Bacharelado,Região Metropolitana,Híbrido,Feminino,Preta,0.010473001573896062
CAND_07482,2.8,62.0,Bacharelado,Região Metropolitana,Remoto,Feminino,Branca,0.537368010806499
CAND_07483,7.4,58.0,Doutorado,Região Metropolitana,Híbrido,Masculino,Preta,0.47110033057503053
CAND_07484,4.9,58.0,Bacharelado,Capitais,Presencial,Masculino,Branca,0.9196399547777813
CAND_07485,5.5,51.0,Bacharelado,Região Metropolitana,Híbrido,Feminino,Branca,0.47112680928733736
CAND_07486,3.2,49.0,Bacharelado,Interior,Híbrido,Masculino,Branca,0.5727638167346153
CAND_07487,5.3,85.0,Ensino Médio,Capitais,Híbrido,Feminino,Branca,0.6458326992865762
CAND_07488,2.2,71.0,Bacharelado,Interior,Híbrido,Feminino,Preta,0.0
CAND_07489,4.2,57.0,Ensino Médio,Capitais,Remoto,Masculino,Amarela,0.5746974821213969
CAND_07490,4.9,61.0,Bacharelado,Região Metropolitana,Híbrido,Masculino,Branca,0.8815729444270844
CAND_07491,4.8,66.0,Ensino Médio,Região Metropolitana,Presencial,Masculino,Branca,1.0
CAND_07492,9.6,62.0,Bacharelado,Capitais,Remoto,Masculino,Branca,1.0
CAND_07493,8.2,57.0,Bacharelado,Capitais,Remoto,Masculino,Branca,1.0
CAND_07494,6.8,44.0,Bacharelado,Capitais,Presencial,Feminino,Branca,0.510630845441785
CAND_07495,5.8,36.0,Mestrado,Interior,Presencial,Masculino,Branca,0.5698431916770633
CAND_07496,0.0,41.0,Mestrado,Região Metropolitana,Híbrido,Feminino,Branca,0.48298722191752774
CAND_07497,0.8,53.0,Mestrado,Capitais,Remoto,Feminino,Amarela,0.2683392867669112
CAND_07498,5.9,63.0,Bacharelado,Interior,Presencial,Feminino,Branca,0.3724364202508053
CAND_07499,5.0,49.0,Bacharelado,Capitais,Híbrido,Masculino,Amarela,0.30912089273047705
CAND_07500,8.8,42.0,Bacharelado,Capitais,Híbrido,Não-binário,Branca,0.46176448570358564
CAND_07501,8.0,25.0,Mestrado,Capitais,Híbrido,Feminino,Branca,0.640882319858724
CAND_07502,5.9,61.0,Ensino Médio,Capitais,Híbrido,Masculino,Branca,0.9390402867533792
CAND_07503,4.8,41.0,Bacharelado,Capitais,Híbrido,Feminino,Parda,0.23681312629197296
CAND_07504,4.6,24.0,Ensino Médio,Capitais,Híbrido,Feminino,Branca,0.3951658200174152
CAND_07505,8.4,55.0,Bacharelado,Capitais,Híbrido,Masculino,Amarela,0.6121409729122992
CAND_07506,4.4,52.0,Bacharelado,Capitais,Remoto,Feminino,Branca,0.5589165087939056
CAND_07507,7.4,47.0,Mestrado,Região Metropolitana,Remoto,Masculino,Branca,1.0
CAND_07508,11.5,57.0,Bacharelado,Região Metropolitana,Remoto,Feminino,Parda,0.6533985132710258
CAND_07509,4.3,46.0,Bacharelado,Capitais,Híbrido,Feminino,Branca,0.5581897878314489
CAND_07510,0.9,49.0,Bacharelado,Capitais,Remoto,Feminino,Branca,0.3877543566370856
CAND_07511,10.0,59.0,Mestrado,Interior,Híbrido,Masculino,Branca,0.7825238599377679
CAND_07512,9.4,52.0,Bacharelado,Capitais,Híbrido,Feminino,Branca,0.6777561454343515
CAND_07513,5.0,82.0,Bacharelado,Capitais,Presencial,Feminino,Parda,0.6795227292935753
CAND_07514,9.7,77.0,Ensino Médio,Capitais,Remoto,Masculino,Branca,0.9684952680449033
CAND_07515,6.1,50.0,Bacharelado,Região Metropolitana,Híbrido,Masculino,Branca,0.9693203475603259
CAND_07516,4.2,42.0,Mestrado,Capitais,Remoto,Masculino,Preta,0.48769831459946406
CAND_07517,0.0,49.0,Bacharelado,Interior,Presencial,Feminino,Indígena,0.0
CAND_07518,1.8,35.0,Bacharelado,Capitais,Remoto,Masculino,Branca,0.9749045072246563
CAND_07519,5.2,43.0,Mestrado,Capitais,Remoto,Masculino,Branca,1.0
CAND_07520,7.6,42.0,Mestrado,Capitais,Híbrido,Feminino,Branca,0.5274225985262796
CAND_07521,3.9,65.0,Bacharelado,Capitais,Presencial,Feminino,Branca,0.6675065578873056
CAND_07522,6.7,52.0,Mestrado,Região Metropolitana,Presencial,Masculino,Preta,0.4492795664645846
CAND_07523,6.4,48.0,Doutorado,Região Metropolitana,Híbrido,Masculino,Branca,1.0
CAND_07524,0.0,38.0,Bacharelado,Capitais,Presencial,Feminino,Preta,0.0
CAND_07525,1.3,38.0,Bacharelado,Interior,Híbrido,Masculino,Branca,0.5158238486907704
CAND_07526,3.8,18.0,Doutorado,Capitais,Híbrido,Feminino,Branca,0.5956429873865339
CAND_07527,6.4,45.0,Mestrado,Capitais,Presencial,Feminino,Preta,0.17375336698041854
CAND_07528,6.1,52.0,Bacharelado,Região Metropolitana,Remoto,Feminino,Branca,0.4316495421990822
CAND_07529,5.6,78.0,Bacharelado,Capitais,Presencial,Não-binário,Branca,0.42349650884658374
CAND_07530,4.4,56.0,Bacharelado,Capitais,Remoto,Feminino,Indígena,0.19719258503460402
CAND_07531,5.4,53.0,Bacharelado,Região Metropolitana,Presencial,Masculino,Branca,0.850046052773737
CAND_07532,4.8,71.0,Bacharelado,Capitais,Presencial,Masculino,Branca,1.0
CAND_07533,8.9,47.0,Bacharelado,Capitais,Híbrido,Feminino,Branca,0.45990424554428144
CAND_07534,1.3,48.0,Bacharelado,Capitais,Presencial,Masculino,Branca,0.7274747051363054
CAND_07535,3.8,44.0,Bacharelado,Região Metropolitana,Presencial,Masculino,Branca,0.9239845914274143
CAND_07536,7.4,63.0,Bacharelado,Capitais,Remoto,Masculino,Amarela,0.6669740746899787
CAND_07537,8.4,69.0,Ensino Médio,Capitais,Presencial,Não-binário,Branca,0.6761570264632292
CAND_07538,5.9,47.0,Mestrado,Região Metropolitana,Híbrido,Feminino,Branca,0.5540578759156702
CAND_07539,9.3,73.0,Ensino Médio,Capitais,Híbrido,Feminino,Branca,0.662252541224572
CAND_07540,8.5,57.0,Doutorado,Capitais,Híbrido,Feminino,Branca,0.8827609461799604
CAND_07541,3.4,48.0,Bacharelado,Interior,Presencial,Masculino,Branca,0.5681264320066848
CAND_07542,2.6,40.0,Mestrado,Capitais,Híbrido,Masculino,Indígena,0.5738104166929147
CAND_07543,1.3,45.0,Bacharelado,Capitais,Presencial,Feminino,Branca,0.498641376014699
CAND_07544,4.7,35.0,Bacharelado,Região Metropolitana,Remoto,Feminino,Preta,0.0
CAND_07545,9.3,38.0,Bacharelado,Capitais,Híbrido,Masculino,Preta,0.47091012644258845
CAND_07546,6.1,50.0,Bacharelado,Região Metropolitana,Híbrido,Feminino,Branca,0.47470166939539665
CAND_07547,5.9,52.0,Bacharelado,Interior,Híbrido,Feminino,Branca,0.4015281603654647
CAND_07548,4.1,52.0,Bacharelado,Região Metropolitana,Híbrido,Masculino,Indígena,0.4108406002963473
CAND_07549,4.5,48.0,Mestrado,Capitais,Híbrido,Masculino,Branca,1.0
CAND_07550,2.5,41.0,Bacharelado,Capitais,Híbrido,Masculino,Branca,0.8609291658085887
CAND_07551,3.6,45.0,Bacharelado,Região Metropolitana,Remoto,Masculino,Branca,0.6957586148969815
CAND_07552,1.3,70.0,Mestrado,Capitais,Remoto,Masculino,Amarela,0.6985888239287286
CAND_07553,3.8,54.0,Ensino Médio,Capitais,Híbrido,Masculino,Branca,0.8233954487953458
CAND_07554,2.7,53.0,Bacharelado,Interior,Presencial,Feminino,Preta,0.0
CAND_07555,3.0,46.0,Bacharelado,Capitais,Híbrido,Feminino,Parda,0.1683213821815539
CAND_07556,2.8,38.0,Mestrado,Capitais,Remoto,Masculino,Parda,0.748750690446685
CAND_07557,2.6,54.0,Mestrado,Interior,Presencial,Masculino,Branca,0.7155711767127144
CAND_07558,7.8,41.0,Bacharelado,Capitais,Presencial,Feminino,Amarela,0.2092567262163631
CAND_07559,7.1,54.0,Mestrado,Região Metropolitana,Híbrido,Masculino,Preta,0.44344062326167577
CAND_07560,7.6,68.0,Ensino Médio,Região Metropolitana,Híbrido,Masculino,Preta,0.5974583923446877
CAND_07561,8.0,23.0,Ensino Médio,Interior,Híbrido,Feminino,Amarela,0.0
CAND_07562,8.4,41.0,Mestrado,Capitais,Híbrido,Feminino,Preta,0.0
CAND_07563,12.2,64.0,Bacharelado,Capitais,Presencial,Masculino,Branca,1.0
CAND_07564,0.0,37.0,Bacharelado,Capitais,Remoto,Feminino,Branca,0.4283230473017289
CAND_07565,3.3,77.0,Bacharelado,Capitais,Remoto,Feminino,Branca,0.7180876650100453
CAND_07566,0.6,68.0,Bacharelado,Região Metropolitana,Híbrido,Não-binário,Branca,0.2297298906001286
CAND_07567,4.9,42.0,Bacharelado,Capitais,Presencial,Feminino,Preta,0.014738756139787043
CAND_07568,2.7,24.0,Mestrado,Capitais,Híbrido,Masculino,Indígena,0.6088087616705892
CAND_07569,3.6,48.0,Ensino Médio,Capitais,Híbrido,Feminino,Branca,0.32235488812159985
CAND_07570,3.6,28.0,Mestrado,Capitais,Presencial,Masculino,Branca,0.9612676092116053
CAND_07571,4.4,39.0,Bacharelado,Região Metropolitana,Remoto,Masculino,Branca,0.798487143849528
CAND_07572,11.8,63.0,Bacharelado,Capitais,Remoto,Masculino,Branca,0.9236062588394741
CAND_07573,7.1,38.0,Bacharelado,Capitais,Remoto,Masculino,Amarela,0.7146494719151457
CAND_07574,5.9,39.0,Bacharelado,Interior,Remoto,Masculino,Preta,0.09934605086466135
CAND_07575,3.5,53.0,Bacharelado,Capitais,Remoto,Feminino,Branca,0.7454226793879576
CAND_07576,2.6,55.0,Bacharelado,Capitais,Presencial,Masculino,Branca,1.0
CAND_07577,3.6,55.0,Bacharelado,Capitais,Híbrido,Feminino,Preta,0.02175877462076819
CAND_07578,6.7,49.0,Bacharelado,Região Metropolitana,Remoto,Masculino,Branca,0.88215696610282
CAND_07579,6.3,51.0,Mestrado,Interior,Híbrido,Masculino,Branca,0.5712987127557982
CAND_07580,7.0,69.0,Bacharelado,Capitais,Híbrido,Masculino,Parda,0.9992239801867157
CAND_07581,13.3,50.0,Doutorado,Capitais,Híbrido,Feminino,Preta,0.4106381098918451
CAND_07582,4.7,52.0,Bacharelado,Região Metropolitana,Híbrido,Masculino,Parda,0.7093493141916192
CAND_07583,4.6,48.0,Bacharelado,Capitais,Presencial,Masculino,Branca,0.8386400713990112
CAND_07584,3.1,23.0,Bacharelado,Capitais,Híbrido,Masculino,Branca,0.8723642031280225
CAND_07585,9.0,78.0,Bacharelado,Capitais,Híbrido,Masculino,Branca,1.0
CAND_07586,10.1,54.0,Mestrado,Capitais,Presencial,Masculino,Branca,1.0
CAND_07587,7.7,77.0,Bacharelado,Capitais,Híbrido,Feminino,Branca,0.8534245934105475
CAND_07588,8.0,32.0,Mestrado,Capitais,Híbrido,Masculino,Branca,0.8814743192674107
CAND_07589,4.4,48.0,Ensino Médio,Capitais,Remoto,Masculino,Parda,0.8550418658259987
CAND_07590,3.7,65.0,Ensino Médio,Capitais,Híbrido,Feminino,Branca,0.5003308911749094
CAND_07591,0.0,49.0,Ensino Médio,Capitais,Híbrido,Masculino,Branca,0.7787278090486959
CAND_07592,8.1,32.0,Mestrado,Capitais,Remoto,Masculino,Branca,0.9490236018736085
CAND_07593,3.5,61.0,Bacharelado,Capitais,Presencial,Feminino,Preta,0.07442544932052286
CAND_07594,10.0,66.0,Mestrado,Região Metropolitana,Híbrido,Masculino,Branca,0.982531607816523
CAND_07595,8.8,29.0,Bacharelado,Capitais,Remoto,Masculino,Parda,0.8867770633537274
CAND_07596,8.1,51.0,Mestrado,Interior,Remoto,Masculino,Parda,0.5879503312012135
CAND_07597,6.4,64.0,Mestrado,Região Metropolitana,Presencial,Masculino,Branca,0.9956634416652612
CAND_07598,7.5,39.0,Ensino Médio,Capitais,Remoto,Masculino,Branca,0.9239773152582005
CAND_07599,7.2,35.0,Bacharelado,Região Metropolitana,Remoto,Feminino,Branca,0.5486804923557765
CAND_07600,5.2,49.0,Bacharelado,Capitais,Presencial,Masculino,Branca,0.9928950850258069
CAND_07601,6.2,50.0,Doutorado,Capitais,Híbrido,Masculino,Parda,1.0
CAND_07602,1.2,28.0,Bacharelado,Capitais,Remoto,Feminino,Preta,0.0
CAND_07603,6.1,25.0,Bacharelado,Capitais,Presencial,Masculino,Branca,0.9575193274490625
CAND_07604,6.0,47.0,Bacharelado,Região Metropolitana,Híbrido,Masculino,Indígena,0.5448417486837435
CAND_07605,3.8,57.0,Mestrado,Capitais,Presencial,Masculino,Branca,0.9102534848839403
CAND_07606,11.6,33.0,Mestrado,Região Metropolitana,Presencial,Feminino,Branca,0.6025990401306164
CAND_07607,5.1,41.0,Bacharelado,Região Metropolitana,Presencial,Feminino,Parda,0.22830361906772456
CAND_07608,2.9,38.0,Bacharelado,Região Metropolitana,Presencial,Masculino,Branca,0.770670610110734
CAND_07609,3.4,39.0,Bacharelado,Capitais,Presencial,Feminino,Branca,0.5739245009291929
CAND_07610,6.5,33.0,Bacharelado,Região Metropolitana,Remoto,Feminino,Parda,0.16571416214061577
CAND_07611,3.1,65.0,Doutorado,Interior,Híbrido,Masculino,Branca,0.655915738059265
CAND_07612,5.4,68.0,Bacharelado,Capitais,Presencial,Masculino,Branca,1.0
CAND_07613,8.0,34.0,Ensino Médio,Capitais,Híbrido,Masculino,Branca,0.853217337257792
CAND_07614,8.2,29.0,Ensino Médio,Capitais,Híbrido,Feminino,Branca,0.5422572387394344
CAND_07615,0.0,60.0,Doutorado,Capitais,Presencial,Masculino,Branca,0.9574186817528296
CAND_07616,4.0,48.0,Bacharelado,Capitais,Remoto,Feminino,Branca,0.5752295688792054
CAND_07617,3.7,38.0,Bacharelado,Capitais,Remoto,Feminino,Preta,0.0
CAND_07618,9.0,63.0,Ensino Médio,Região Metropolitana,Híbrido,Masculino,Branca,0.9464967552876031
CAND_07619,6.9,42.0,Doutorado,Região Metropolitana,Híbrido,Masculino,Amarela,0.7047159157760498
CAND_07620,6.2,54.0,Mestrado,Capitais,Híbrido,Masculino,Branca,1.0
CAND_07621,1.0,67.0,Bacharelado,Capitais,Híbrido,Feminino,Branca,0.566316581279333
CAND_07622,3.9,67.0,Ensino Médio,Capitais,Híbrido,Feminino,Branca,0.4655156888498697
CAND_07623,3.7,52.0,Bacharelado,Capitais,Remoto,Não-binário,Branca,0.5204202742297319
CAND_07624,1.2,73.0,Bacharelado,Região Metropolitana,Remoto,Masculino,Branca,0.8419939842207195
CAND_07625,10.9,69.0,Bacharelado,Interior,Presencial,Masculino,Branca,0.7053204404457516
CAND_07626,5.2,55.0,Bacharelado,Capitais,Remoto,Masculino,Parda,0.7883542969198534
CAND_07627,5.4,35.0,Ensino Médio,Capitais,Híbrido,Feminino,Parda,0.2915722670252826
CAND_07628,5.5,34.0,Bacharelado,Capitais,Presencial,Feminino,Preta,0.06857574511727309
CAND_07629,4.9,65.0,Bacharelado,Capitais,Híbrido,Masculino,Branca,0.8784195969218981
CAND_07630,4.1,36.0,Bacharelado,Capitais,Híbrido,Feminino,Preta,0.0
CAND_07631,4.1,46.0,Bacharelado,Capitais,Híbrido,Feminino,Branca,0.5572685715376765
CAND_07632,11.2,40.0,Bacharelado,Região Metropolitana,Híbrido,Feminino,Branca,0.6235889579972491
CAND_07633,6.3,65.0,Mestrado,Região Metropolitana,Presencial,Masculino,Branca,1.0
CAND_07634,13.3,47.0,Bacharelado,Capitais,Remoto,Não-binário,Branca,0.5580595287163149
CAND_07635,5.0,45.0,Bacharelado,Capitais,Remoto,Masculino,Branca,0.8243507734557939
CAND_07636,13.2,53.0,Bacharelado,Capitais,Híbrido,Masculino,Branca,1.0
CAND_07637,5.7,8.0,Mestrado,Região Metropolitana,Presencial,Masculino,Branca,0.6113113155188852
CAND_07638,7.0,55.0,Bacharelado,Região Metropolitana,Remoto,Masculino,Preta,0.41978228989330507
CAND_07639,6.4,32.0,Bacharelado,Região Metropolitana,Híbrido,Feminino,Branca,0.36558102270591986
CAND_07640,1.1,36.0,Bacharelado,Região Metropolitana,Híbrido,Masculino,Branca,0.5701070766260854
CAND_07641,1.1,62.0,Ensino Médio,Capitais,Híbrido,Masculino,Branca,0.8131724054755679
CAND_07642,9.5,59.0,Mestrado,Região Metropolitana,Híbrido,Masculino,Amarela,0.7530012282808582
CAND_07643,3.5,66.0,Ensino Médio,Capitais,Presencial,Feminino,Parda,0.43452470828456935
CAND_07644,3.8,60.0,Bacharelado,Capitais,Híbrido,Feminino,Amarela,0.2811790719479767
CAND_07645,0.0,72.0,Bacharelado,Capitais,Híbrido,Masculino,Preta,0.37023162309043345
CAND_07646,6.2,27.0,Ensino Médio,Capitais,Presencial,Feminino,Amarela,0.0
CAND_07647,7.6,39.0,Bacharelado,Região Metropolitana,Híbrido,Feminino,Amarela,0.0
CAND_07648,6.6,46.0,Ensino Médio,Interior,Remoto,Masculino,Branca,0.432499432382083
CAND_07649,3.2,52.0,Bacharelado,Capitais,Híbrido,Feminino,Branca,0.43717879823392075
CAND_07650,3.1,41.0,Bacharelado,Capitais,Híbrido,Feminino,Branca,0.17952875945762053
CAND_07651,6.7,55.0,Mestrado,Capitais,Presencial,Feminino,Preta,0.26041302022057855
CAND_07652,3.9,61.0,Mestrado,Capitais,Presencial,Feminino,Branca,0.6226370196070907
CAND_07653,5.6,58.0,Mestrado,Capitais,Híbrido,Masculino,Branca,1.0
CAND_07654,5.9,51.0,Ensino Médio,Capitais,Remoto,Feminino,Preta,0.0
CAND_07655,4.5,36.0,Mestrado,Região Metropolitana,Híbrido,Masculino,Branca,0.7477398385042179
CAND_07656,3.7,66.0,Mestrado,Capitais,Remoto,Masculino,Branca,1.0
CAND_07657,3.2,72.0,Bacharelado,Capitais,Híbrido,Masculino,Branca,1.0
CAND_07658,2.1,69.0,Mestrado,Capitais,Híbrido,Masculino,Branca,1.0
CAND_07659,7.9,57.0,Bacharelado,Capitais,Remoto,Masculino,Parda,1.0
CAND_07660,0.2,67.0,Bacharelado,Região Metropolitana,Híbrido,Feminino,Parda,0.30259280114457465
CAND_07661,0.6,23.0,Ensino Médio,Interior,Presencial,Masculino,Branca,0.4603935123129725
CAND_07662,6.3,74.0,Bacharelado,Capitais,Presencial,Masculino,Branca,1.0
CAND_07663,7.3,54.0,Doutorado,Capitais,Presencial,Feminino,Amarela,0.3483256291989405
CAND_07664,5.2,49.0,Bacharelado,Capitais,Remoto,Masculino,Parda,0.8169966165897693
CAND_07665,5.6,46.0,Bacharelado,Capitais,Presencial,Masculino,Indígena,0.6454824933325645
CAND_07666,8.6,56.0,Doutorado,Capitais,Remoto,Masculino,Branca,1.0
CAND_07667,2.8,36.0,Bacharelado,Região Metropolitana,Híbrido,Masculino,Branca,0.869865478081732
CAND_07668,7.1,42.0,Bacharelado,Capitais,Presencial,Masculino,Preta,0.3516323350236031
CAND_07669,7.4,64.0,Bacharelado,Capitais,Presencial,Feminino,Amarela,0.249742005953533
CAND_07670,9.3,8.0,Bacharelado,Capitais,Remoto,Masculino,Preta,0.5651919510988818
CAND_07671,6.2,44.0,Bacharelado,Capitais,Remoto,Feminino,Amarela,0.07449719123631225
CAND_07672,3.9,66.0,Mestrado,Capitais,Presencial,Masculino,Preta,0.6206864068890577
CAND_07673,0.6,59.0,Ensino Médio,Região Metropolitana,Híbrido,Feminino,Preta,0.0
CAND_07674,1.8,63.0,Mestrado,Capitais,Híbrido,Feminino,Amarela,0.11186855026677606
CAND_07675,8.5,60.0,Bacharelado,Capitais,Presencial,Masculino,Branca,1.0
CAND_07676,3.8,59.0,Mestrado,Capitais,Presencial,Feminino,Preta,0.0
CAND_07677,2.0,55.0,Mestrado,Capitais,Híbrido,Feminino,Branca,0.4021492478570944
CAND_07678,0.6,50.0,Bacharelado,Capitais,Híbrido,Feminino,Branca,0.45460010252029603
CAND_07679,1.4,49.0,Bacharelado,Capitais,Híbrido,Masculino,Branca,0.7076027862862024
CAND_07680,3.6,45.0,Ensino Médio,Capitais,Remoto,Feminino,Branca,0.39137487813877836
CAND_07681,4.1,60.0,Mestrado,Região Metropolitana,Presencial,Feminino,Branca,0.5339745719585507
CAND_07682,6.9,60.0,Mestrado,Capitais,Híbrido,Masculino,Branca,0.9150672569034544
CAND_07683,5.3,61.0,Bacharelado,Região Metropolitana,Remoto,Masculino,Branca,0.8947496152683878
CAND_07684,1.9,36.0,Mestrado,Capitais,Presencial,Masculino,Branca,0.9874360811245458
CAND_07685,8.0,44.0,Bacharelado,Interior,Presencial,Masculino,Branca,0.520673433917696
CAND_07686,6.1,47.0,Ensino Médio,Interior,Híbrido,Feminino,Branca,0.21447506847359618
CAND_07687,4.7,45.0,Bacharelado,Região Metropolitana,Híbrido,Masculino,Parda,0.6507203088220861
CAND_07688,2.8,61.0,Bacharelado,Capitais,Presencial,Não-binário,Parda,0.21457266604836558
CAND_07689,11.0,34.0,Bacharelado,Capitais,Presencial,Masculino,Branca,1.0
CAND_07690,10.0,67.0,Bacharelado,Região Metropolitana,Híbrido,Masculino,Preta,0.42589327023744605
CAND_07691,0.8,51.0,Bacharelado,Capitais,Presencial,Feminino,Branca,0.4394303424764973
CAND_07692,2.2,51.0,Bacharelado,Capitais,Presencial,Masculino,Parda,0.7097618439363808
CAND_07693,7.7,40.0,Ensino Médio,Região Metropolitana,Híbrido,Feminino,Branca,0.561474448814536
CAND_07694,7.1,44.0,Bacharelado,Região Metropolitana,Presencial,Feminino,Branca,0.6206789216979312
CAND_07695,0.0,50.0,Ensino Médio,Capitais,Remoto,Feminino,Branca,0.528524129866255
CAND_07696,5.9,53.0,Bacharelado,Capitais,Presencial,Masculino,Branca,1.0
CAND_07697,2.7,55.0,Bacharelado,Capitais,Presencial,Feminino,Branca,0.5643948712588635
CAND_07698,1.0,43.0,Mestrado,Capitais,Presencial,Masculino,Branca,0.7544402160270406
CAND_07699,5.0,38.0,Mestrado,Capitais,Remoto,Feminino,Amarela,0.048145369806396165
CAND_07700,7.9,56.0,Mestrado,Capitais,Remoto,Feminino,Amarela,0.2750728455833991
CAND_07701,8.2,83.0,Ensino Médio,Capitais,Presencial,Masculino,Branca,1.0
CAND_07702,0.5,37.0,Bacharelado,Capitais,Presencial,Masculino,Preta,0.2716948781552959
CAND_07703,4.6,49.0,Mestrado,Capitais,Híbrido,Feminino,Branca,0.49226539983369744
CAND_07704,4.5,51.0,Bacharelado,Região Metropolitana,Híbrido,Masculino,Branca,0.9610318895098148
CAND_07705,5.0,56.0,Bacharelado,Capitais,Remoto,Feminino,Branca,0.6017440881768695
CAND_07706,2.9,36.0,Mestrado,Região Metropolitana,Presencial,Feminino,Indígena,0.08435496370102805
CAND_07707,8.3,65.0,Bacharelado,Região Metropolitana,Híbrido,Feminino,Branca,0.4885685928622943
CAND_07708,9.3,91.0,Doutorado,Capitais,Remoto,Feminino,Amarela,0.5163588764435265
CAND_07709,7.9,48.0,Bacharelado,Região Metropolitana,Presencial,Feminino,Parda,0.34134183805800844
CAND_07710,2.5,51.0,Doutorado,Capitais,Híbrido,Não-binário,Branca,0.5556221692115889
CAND_07711,2.1,29.0,Bacharelado,Interior,Presencial,Masculino,Parda,0.2574116359726033
CAND_07712,0.0,59.0,Bacharelado,Capitais,Presencial,Feminino,Amarela,0.06554847425197993
CAND_07713,8.2,53.0,Mestrado,Capitais,Híbrido,Masculino,Branca,1.0
CAND_07714,4.6,11.0,Doutorado,Região Metropolitana,Híbrido,Masculino,Branca,0.7754035372991183
CAND_07715,10.1,45.0,Bacharelado,Capitais,Híbrido,Feminino,Branca,0.6537356784107579
CAND_07716,5.7,70.0,Bacharelado,Capitais,Presencial,Masculino,Preta,0.6227828523726475
CAND_07717,4.0,80.0,Doutorado,Capitais,Presencial,Masculino,Preta,0.7668774189220401
CAND_07718,0.0,50.0,Bacharelado,Capitais,Presencial,Masculino,Preta,0.37727663251665555
CAND_07719,10.6,73.0,Bacharelado,Capitais,Presencial,Feminino,Preta,0.2443040572555969
CAND_07720,5.0,60.0,Bacharelado,Capitais,Presencial,Feminino,Branca,0.6393659921407484
CAND_07721,4.9,50.0,Doutorado,Região Metropolitana,Híbrido,Feminino,Branca,0.6363572298262999
CAND_07722,4.4,67.0,Bacharelado,Capitais,Híbrido,Masculino,Branca,1.0
CAND_07723,2.2,52.0,Bacharelado,Capitais,Remoto,Masculino,Branca,0.9688144698330365
CAND_07724,11.3,37.0,Bacharelado,Capitais,Presencial,Masculino,Indígena,0.7074508352148584
CAND_07725,0.0,67.0,Ensino Médio,Região Metropolitana,Remoto,Masculino,Preta,0.3069298801900453
CAND_07726,4.9,49.0,Mestrado,Região Metropolitana,Presencial,Feminino,Branca,0.5483564709050497
CAND_07727,4.5,48.0,Ensino Médio,Capitais,Híbrido,Feminino,Preta,0.0
CAND_07728,8.3,41.0,Mestrado,Região Metropolitana,Híbrido,Masculino,Branca,0.909991011012652
CAND_07729,5.3,72.0,Ensino Médio,Capitais,Híbrido,Feminino,Indígena,0.24173478137502777
CAND_07730,0.0,37.0,Bacharelado,Capitais,Presencial,Masculino,Parda,0.6495697500863902
CAND_07731,6.2,47.0,Ensino Médio,Capitais,Remoto,Feminino,Preta,0.051119947199425086
CAND_07732,8.7,30.0,Mestrado,Região Metropolitana,Híbrido,Masculino,Branca,0.8583404730491382
CAND_07733,0.0,20.0,Mestrado,Região Metropolitana,Presencial,Feminino,Branca,0.2337779782113376
CAND_07734,5.2,29.0,Mestrado,Capitais,Presencial,Masculino,Branca,0.868030805871474
CAND_07735,8.6,62.0,Mestrado,Capitais,Híbrido,Masculino,Branca,1.0
CAND_07736,8.4,73.0,Mestrado,Região Metropolitana,Presencial,Masculino,Amarela,0.6688086945179682
CAND_07737,5.5,50.0,Bacharelado,Capitais,Híbrido,Feminino,Amarela,0.18273078146892527
CAND_07738,1.7,77.0,Ensino Médio,Interior,Híbrido,Masculino,Preta,0.30909138889289944
CAND_07739,2.4,41.0,Bacharelado,Região Metropolitana,Híbrido,Masculino,Branca,0.7717615451484677
CAND_07740,3.1,56.0,Bacharelado,Região Metropolitana,Remoto,Masculino,Branca,0.9341149287887532
CAND_07741,4.8,58.0,Doutorado,Capitais,Remoto,Masculino,Branca,1.0
CAND_07742,2.4,80.0,Bacharelado,Capitais,Híbrido,Feminino,Branca,0.5870079995998724
CAND_07743,7.3,58.0,Ensino Médio,Região Metropolitana,Presencial,Masculino,Branca,1.0
CAND_07744,3.0,74.0,Bacharelado,Capitais,Híbrido,Masculino,Branca,1.0
CAND_07745,3.6,63.0,Ensino Médio,Interior,Remoto,Masculino,Branca,0.7397828828624217
CAND_07746,7.6,59.0,Mestrado,Interior,Híbrido,Masculino,Branca,0.7021198618591304
CAND_07747,9.8,63.0,Bacharelado,Capitais,Híbrido,Feminino,Amarela,0.4211882419135572
CAND_07748,5.6,50.0,Bacharelado,Capitais,Remoto,Feminino,Preta,0.05583578971212364
CAND_07749,4.1,61.0,Bacharelado,Capitais,Híbrido,Masculino,Branca,0.9625871204161454
CAND_07750,7.9,39.0,Doutorado,Região Metropolitana,Remoto,Masculino,Amarela,0.6080965835768741
CAND_07751,0.0,71.0,Ensino Médio,Capitais,Presencial,Masculino,Branca,0.7636666394713321
CAND_07752,7.6,63.0,Ensino Médio,Capitais,Remoto,Masculino,Branca,0.7701817833836856
CAND_07753,7.8,81.0,Bacharelado,Capitais,Remoto,Feminino,Indígena,0.4462562147923219
CAND_07754,4.3,40.0,Bacharelado,Capitais,Híbrido,Masculino,Branca,0.9105049184589763
CAND_07755,10.2,66.0,Bacharelado,Interior,Presencial,Feminino,Indígena,0.16803586393325845
CAND_07756,9.6,66.0,Bacharelado,Interior,Híbrido,Masculino,Branca,0.9367965914404621
CAND_07757,3.6,42.0,Mestrado,Capitais,Remoto,Feminino,Preta,0.12077334511873306
CAND_07758,9.0,59.0,Bacharelado,Região Metropolitana,Híbrido,Não-binário,Branca,0.5456037030409957
CAND_07759,9.6,85.0,Bacharelado,Capitais,Remoto,Masculino,Branca,1.0
CAND_07760,4.3,32.0,Ensino Médio,Capitais,Remoto,Masculino,Parda,0.8844402234106912
CAND_07761,12.0,55.0,Bacharelado,Capitais,Presencial,Masculino,Branca,1.0
CAND_07762,4.8,19.0,Ensino Médio,Capitais,Remoto,Masculino,Amarela,0.39647174681055125
CAND_07763,11.8,46.0,Ensino Médio,Capitais,Remoto,Não-binário,Branca,0.5314064728277906
CAND_07764,3.4,49.0,Doutorado,Interior,Remoto,Feminino,Branca,0.34479470936769824
CAND_07765,5.4,64.0,Mestrado,Capitais,Híbrido,Masculino,Branca,1.0
CAND_07766,0.0,55.0,Bacharelado,Interior,Remoto,Masculino,Preta,0.0
CAND_07767,1.9,29.0,Doutorado,Capitais,Presencial,Masculino,Preta,0.4330801772401589
CAND_07768,5.4,89.0,Bacharelado,Capitais,Híbrido,Masculino,Preta,0.7598696904750285
CAND_07769,7.9,35.0,Bacharelado,Interior,Presencial,Feminino,Branca,0.2307922854881298
CAND_07770,8.2,52.0,Bacharelado,Interior,Híbrido,Masculino,Indígena,0.4002974106220529
CAND_07771,4.5,32.0,Bacharelado,Capitais,Presencial,Masculino,Amarela,0.41471883689476846
CAND_07772,8.6,55.0,Bacharelado,Capitais,Híbrido,Masculino,Branca,1.0
CAND_07773,0.8,41.0,Bacharelado,Capitais,Híbrido,Masculino,Branca,0.7484366342844867
CAND_07774,7.0,42.0,Bacharelado,Capitais,Remoto,Feminino,Preta,0.14584575274541434
CAND_07775,8.6,55.0,Bacharelado,Região Metropolitana,Remoto,Masculino,Parda,0.8400794420317014
CAND_07776,6.3,57.0,Bacharelado,Capitais,Presencial,Feminino,Branca,0.6041742133786291
CAND_07777,7.1,72.0,Bacharelado,Capitais,Remoto,Feminino,Branca,0.7673907483418582
CAND_07778,8.1,44.0,Bacharelado,Interior,Híbrido,Feminino,Preta,0.0
CAND_07779,2.0,79.0,Bacharelado,Capitais,Híbrido,Masculino,Branca,0.9474182830119885
CAND_07780,8.9,31.0,Ensino Médio,Capitais,Presencial,Feminino,Amarela,0.0023289965100142807
CAND_07781,3.6,47.0,Mestrado,Região Metropolitana,Remoto,Feminino,Branca,0.5272399343770763
CAND_07782,2.2,48.0,Bacharelado,Capitais,Híbrido,Feminino,Branca,0.5391282752554055
CAND_07783,1.1,56.0,Ensino Médio,Capitais,Presencial,Feminino,Branca,0.24327127613532995
CAND_07784,5.8,52.0,Bacharelado,Região Metropolitana,Híbrido,Masculino,Branca,1.0
CAND_07785,5.5,53.0,Bacharelado,Capitais,Remoto,Feminino,Preta,0.0
CAND_07786,1.8,52.0,Bacharelado,Capitais,Presencial,Masculino,Branca,0.7744273394831592
CAND_07787,0.0,35.0,Ensino Médio,Capitais,Híbrido,Masculino,Branca,0.7327330156781582
CAND_07788,4.6,41.0,Ensino Médio,Capitais,Remoto,Feminino,Branca,0.4554979250535233
CAND_07789,3.5,17.0,Ensino Médio,Capitais,Presencial,Masculino,Branca,0.7382355999660924
CAND_07790,0.0,30.0,Bacharelado,Região Metropolitana,Híbrido,Masculino,Branca,0.6088942235176679
CAND_07791,4.6,35.0,Bacharelado,Capitais,Presencial,Masculino,Branca,0.7922056062177324
CAND_07792,0.4,48.0,Bacharelado,Capitais,Híbrido,Feminino,Branca,0.44957395941361494
CAND_07793,5.8,35.0,Mestrado,Capitais,Híbrido,Feminino,Preta,0.0
CAND_07794,7.5,42.0,Bacharelado,Capitais,Remoto,Feminino,Preta,0.17655954890142525
CAND_07795,3.4,44.0,Bacharelado,Região Metropolitana,Híbrido,Feminino,Branca,0.28772370810284587
CAND_07796,6.8,58.0,Bacharelado,Interior,Híbrido,Masculino,Amarela,0.22508142824219363
CAND_07797,3.4,62.0,Ensino Médio,Capitais,Híbrido,Masculino,Parda,0.826791084991353
CAND_07798,4.1,71.0,Bacharelado,Capitais,Remoto,Masculino,Branca,1.0
CAND_07799,10.1,23.0,Ensino Médio,Região Metropolitana,Presencial,Masculino,Indígena,0.5377178657849369
CAND_07800,8.0,49.0,Bacharelado,Capitais,Híbrido,Masculino,Branca,0.9294299602488009
CAND_07801,2.3,46.0,Ensino Médio,Região Metropolitana,Presencial,Feminino,Branca,0.24663847029510033
CAND_07802,4.8,69.0,Bacharelado,Capitais,Remoto,Feminino,Preta,0.24027788225862018
CAND_07803,11.2,56.0,Bacharelado,Capitais,Híbrido,Não-binário,Amarela,0.19798433524493436
CAND_07804,4.0,60.0,Mestrado,Região Metropolitana,Híbrido,Masculino,Amarela,0.3853032861696012
CAND_07805,2.8,68.0,Ensino Médio,Região Metropolitana,Híbrido,Não-binário,Preta,0.0
CAND_07806,5.3,45.0,Bacharelado,Capitais,Presencial,Masculino,Preta,0.45206159888124353
CAND_07807,4.5,52.0,Mestrado,Capitais,Presencial,Masculino,Branca,1.0
CAND_07808,0.0,69.0,Bacharelado,Capitais,Híbrido,Feminino,Branca,0.7386508932953657
CAND_07809,3.7,37.0,Bacharelado,Capitais,Híbrido,Masculino,Parda,0.7074321254807205
CAND_07810,4.1,71.0,Bacharelado,Capitais,Híbrido,Masculino,Amarela,0.5936550142440972
CAND_07811,2.0,51.0,Bacharelado,Capitais,Híbrido,Masculino,Branca,0.8749530995147925
CAND_07812,5.7,1.0,Mestrado,Capitais,Híbrido,Masculino,Branca,0.8889482980338311
CAND_07813,7.3,64.0,Mestrado,Capitais,Híbrido,Masculino,Branca,1.0
CAND_07814,0.4,44.0,Bacharelado,Capitais,Remoto,Feminino,Preta,0.02386581898103636
CAND_07815,5.3,37.0,Mestrado,Região Metropolitana,Híbrido,Masculino,Indígena,0.539900517887382
CAND_07816,2.8,55.0,Doutorado,Capitais,Híbrido,Masculino,Branca,1.0
CAND_07817,4.4,45.0,Doutorado,Região Metropolitana,Presencial,Masculino,Branca,0.7624339683189378
CAND_07818,1.8,54.0,Bacharelado,Capitais,Presencial,Masculino,Preta,0.3090243526871519
CAND_07819,1.3,35.0,Mestrado,Região Metropolitana,Híbrido,Feminino,Branca,0.4015426265462285
CAND_07820,7.8,72.0,Mestrado,Região Metropolitana,Híbrido,Masculino,Amarela,0.5116368961830474
CAND_07821,3.9,40.0,Bacharelado,Capitais,Remoto,Feminino,Branca,0.384907735612336
CAND_07822,3.6,62.0,Bacharelado,Região Metropolitana,Híbrido,Masculino,Amarela,0.23402232287241975
CAND_07823,0.0,67.0,Bacharelado,Interior,Presencial,Masculino,Branca,0.6561930105721415
CAND_07824,5.1,58.0,Mestrado,Capitais,Híbrido,Feminino,Parda,0.5564412782100028
CAND_07825,4.5,40.0,Bacharelado,Capitais,Híbrido,Feminino,Parda,0.43632359421240285
CAND_07826,1.6,33.0,Bacharelado,Capitais,Híbrido,Masculino,Amarela,0.3012810966796341
CAND_07827,5.1,44.0,Doutorado,Capitais,Híbrido,Masculino,Branca,0.9952859953005214
CAND_07828,0.1,48.0,Mestrado,Região Metropolitana,Presencial,Feminino,Parda,0.1610419084262318
CAND_07829,5.7,45.0,Ensino Médio,Interior,Híbrido,Masculino,Branca,0.46929460913721993
CAND_07830,8.0,55.0,Bacharelado,Interior,Híbrido,Feminino,Branca,0.1893143260592179
CAND_07831,3.0,28.0,Bacharelado,Capitais,Híbrido,Masculino,Branca,0.7189229234846892
CAND_07832,4.1,45.0,Bacharelado,Interior,Presencial,Masculino,Branca,0.7033514315202654
CAND_07833,1.8,63.0,Bacharelado,Região Metropolitana,Remoto,Masculino,Branca,0.8645117420737072
CAND_07834,0.0,46.0,Mestrado,Capitais,Presencial,Feminino,Preta,0.0
CAND_07835,7.6,69.0,Ensino Médio,Interior,Híbrido,Feminino,Branca,0.3564162808569888
CAND_07836,3.7,28.0,Bacharelado,Capitais,Presencial,Masculino,Parda,0.6497197856816321
CAND_07837,7.8,57.0,Bacharelado,Capitais,Remoto,Feminino,Indígena,0.4665264207041766
CAND_07838,3.0,58.0,Bacharelado,Capitais,Remoto,Masculino,Preta,0.49493720174014877
CAND_07839,2.2,63.0,Bacharelado,Capitais,Híbrido,Feminino,Branca,0.45371078768182016
CAND_07840,0.6,68.0,Ensino Médio,Região Metropolitana,Presencial,Masculino,Branca,0.7632562957316792
CAND_07841,2.8,58.0,Bacharelado,Capitais,Presencial,Masculino,Indígena,0.5840510074036209
CAND_07842,6.5,19.0,Mestrado,Capitais,Híbrido,Masculino,Parda,0.8231954894303389
CAND_07843,9.1,61.0,Mestrado,Interior,Presencial,Feminino,Branca,0.2837658308493599
CAND_07844,3.0,34.0,Bacharelado,Capitais,Presencial,Masculino,Branca,0.854633022494028
CAND_07845,2.9,46.0,Bacharelado,Região Metropolitana,Presencial,Masculino,Parda,0.6776123710835024
CAND_07846,7.4,53.0,Mestrado,Interior,Presencial,Feminino,Branca,0.441117904522887
CAND_07847,2.8,67.0,Bacharelado,Capitais,Remoto,Masculino,Branca,0.9331461793393763
CAND_07848,8.4,56.0,Mestrado,Capitais,Híbrido,Masculino,Preta,0.520735016840357
CAND_07849,8.6,52.0,Bacharelado,Capitais,Híbrido,Masculino,Branca,1.0
CAND_07850,3.2,26.0,Bacharelado,Região Metropolitana,Híbrido,Masculino,Branca,0.6749817527570958
CAND_07851,4.3,54.0,Ensino Médio,Capitais,Híbrido,Masculino,Branca,0.7854986832137507
CAND_07852,4.7,58.0,Mestrado,Capitais,Híbrido,Masculino,Parda,0.9858863043158466
CAND_07853,6.9,8.0,Bacharelado,Capitais,Presencial,Feminino,Branca,0.3971003619528079
CAND_07854,3.3,50.0,Bacharelado,Capitais,Remoto,Masculino,Branca,0.8188657804939774
CAND_07855,8.6,36.0,Bacharelado,Capitais,Remoto,Masculino,Parda,0.7630918869643156
CAND_07856,9.7,27.0,Ensino Médio,Capitais,Presencial,Feminino,Branca,0.5139484900962039
CAND_07857,1.3,57.0,Bacharelado,Capitais,Remoto,Feminino,Branca,0.4816618459380417
CAND_07858,4.9,49.0,Bacharelado,Capitais,Remoto,Feminino,Parda,0.32744594668481686
CAND_07859,8.1,67.0,Mestrado,Capitais,Híbrido,Masculino,Branca,1.0
CAND_07860,0.6,55.0,Doutorado,Capitais,Híbrido,Feminino,Amarela,0.12328669018777991
CAND_07861,7.0,32.0,Bacharelado,Capitais,Presencial,Masculino,Branca,1.0
CAND_07862,9.4,61.0,Mestrado,Capitais,Remoto,Feminino,Branca,0.5748766578269736
CAND_07863,4.2,48.0,Bacharelado,Região Metropolitana,Presencial,Masculino,Parda,0.6328732623311979
CAND_07864,1.9,35.0,Mestrado,Região Metropolitana,Remoto,Masculino,Branca,0.7172106897260195
CAND_07865,0.2,46.0,Bacharelado,Região Metropolitana,Híbrido,Masculino,Indígena,0.6151000807087722
CAND_07866,5.7,45.0,Mestrado,Região Metropolitana,Presencial,Feminino,Preta,0.21723087413550776
CAND_07867,6.3,62.0,Ensino Médio,Capitais,Presencial,Feminino,Branca,0.24282875733057468
CAND_07868,3.3,81.0,Bacharelado,Capitais,Presencial,Masculino,Amarela,0.9419988692564363
CAND_07869,1.5,36.0,Bacharelado,Região Metropolitana,Remoto,Masculino,Branca,0.7300581220533343
CAND_07870,5.1,45.0,Bacharelado,Capitais,Híbrido,Masculino,Branca,1.0
CAND_07871,1.9,39.0,Bacharelado,Capitais,Híbrido,Masculino,Parda,0.714214023798011
CAND_07872,3.9,46.0,Bacharelado,Capitais,Presencial,Feminino,Branca,0.67067247626054
CAND_07873,2.1,56.0,Bacharelado,Região Metropolitana,Remoto,Masculino,Preta,0.1909388602055118
CAND_07874,4.1,52.0,Bacharelado,Capitais,Presencial,Masculino,Preta,0.5436325584497916
CAND_07875,3.2,43.0,Bacharelado,Região Metropolitana,Remoto,Masculino,Branca,0.8135103957012337
CAND_07876,1.2,62.0,Mestrado,Capitais,Remoto,Masculino,Branca,0.9813791733706733
CAND_07877,6.8,71.0,Bacharelado,Capitais,Remoto,Feminino,Branca,0.5468840518811876
CAND_07878,0.0,64.0,Mestrado,Interior,Híbrido,Masculino,Amarela,0.31845251628535864
CAND_07879,14.4,23.0,Bacharelado,Capitais,Remoto,Masculino,Amarela,0.658404435048296
CAND_07880,6.8,44.0,Mestrado,Região Metropolitana,Híbrido,Masculino,Branca,0.9149616541358679
CAND_07881,9.0,45.0,Bacharelado,Capitais,Remoto,Masculino,Parda,0.9454173782166528
CAND_07882,4.5,22.0,Bacharelado,Interior,Presencial,Masculino,Branca,0.3499439879941902
CAND_07883,4.5,43.0,Bacharelado,Região Metropolitana,Presencial,Masculino,Branca,0.8680340996684917
CAND_07884,8.8,59.0,Ensino Médio,Região Metropolitana,Híbrido,Masculino,Parda,0.8028133621785626
CAND_07885,10.5,77.0,Bacharelado,Capitais,Remoto,Feminino,Branca,0.664736208291403
CAND_07886,8.7,39.0,Bacharelado,Região Metropolitana,Remoto,Feminino,Parda,0.35932953976565407
CAND_07887,9.7,36.0,Bacharelado,Região Metropolitana,Híbrido,Masculino,Branca,0.7479744396255673
CAND_07888,7.4,53.0,Bacharelado,Interior,Híbrido,Masculino,Branca,0.5874529060142422
CAND_07889,6.4,25.0,Bacharelado,Capitais,Híbrido,Não-binário,Branca,0.4661467841756185
CAND_07890,5.9,38.0,Bacharelado,Capitais,Híbrido,Masculino,Preta,0.47940206604572105
CAND_07891,2.3,27.0,Bacharelado,Região Metropolitana,Presencial,Masculino,Preta,0.2671009980780104
CAND_07892,6.3,34.0,Ensino Médio,Região Metropolitana,Presencial,Masculino,Preta,0.4173646515720292
CAND_07893,2.5,58.0,Bacharelado,Capitais,Presencial,Masculino,Indígena,0.7620854557255781
CAND_07894,2.3,48.0,Bacharelado,Capitais,Híbrido,Masculino,Preta,0.35369668214083205
CAND_07895,7.3,37.0,Mestrado,Capitais,Remoto,Masculino,Parda,0.704178256158226
CAND_07896,8.2,45.0,Mestrado,Região Metropolitana,Híbrido,Feminino,Amarela,0.18730928554515908
CAND_07897,5.1,61.0,Bacharelado,Região Metropolitana,Híbrido,Masculino,Branca,0.8195471256363136
CAND_07898,2.4,44.0,Bacharelado,Região Metropolitana,Presencial,Masculino,Branca,0.8340419600791915
CAND_07899,4.3,43.0,Mestrado,Interior,Híbrido,Masculino,Branca,0.5985338394093618
CAND_07900,5.8,40.0,Bacharelado,Região Metropolitana,Remoto,Não-binário,Preta,0.0
CAND_07901,9.5,47.0,Bacharelado,Região Metropolitana,Presencial,Feminino,Preta,0.0
CAND_07902,1.5,68.0,Bacharelado,Região Metropolitana,Híbrido,Masculino,Branca,0.7793517620761679
CAND_07903,0.1,45.0,Bacharelado,Capitais,Híbrido,Não-binário,Branca,0.4631090615903579
CAND_07904,8.4,61.0,Ensino Médio,Interior,Remoto,Masculino,Branca,0.7813109379452925
CAND_07905,3.8,50.0,Bacharelado,Capitais,Presencial,Feminino,Branca,0.5633914216473958
CAND_07906,3.0,43.0,Bacharelado,Região Metropolitana,Híbrido,Feminino,Branca,0.48031395697237067
CAND_07907,1.4,35.0,Mestrado,Capitais,Híbrido,Masculino,Preta,0.3905681775649772
CAND_07908,4.5,34.0,Bacharelado,Capitais,Híbrido,Masculino,Parda,0.9111020906254812
CAND_07909,5.1,48.0,Bacharelado,Interior,Remoto,Masculino,Amarela,0.3377647800732577
CAND_07910,0.0,71.0,Bacharelado,Capitais,Presencial,Feminino,Branca,0.634213549854723
CAND_07911,8.2,61.0,Mestrado,Região Metropolitana,Remoto,Feminino,Preta,0.2985238971345381
CAND_07912,4.2,67.0,Doutorado,Região Metropolitana,Presencial,Masculino,Branca,0.946199628889661
CAND_07913,12.5,41.0,Mestrado,Região Metropolitana,Remoto,Feminino,Branca,0.6188436275202699
CAND_07914,2.9,59.0,Mestrado,Interior,Remoto,Feminino,Branca,0.0695788203188705
CAND_07915,4.3,33.0,Bacharelado,Capitais,Remoto,Masculino,Branca,0.8274234885810037
CAND_07916,4.9,60.0,Bacharelado,Capitais,Remoto,Feminino,Preta,0.1417952122995128
CAND_07917,11.5,73.0,Bacharelado,Capitais,Híbrido,Masculino,Branca,1.0
CAND_07918,5.1,72.0,Mestrado,Interior,Presencial,Masculino,Preta,0.2371618469155411
CAND_07919,9.7,44.0,Doutorado,Capitais,Híbrido,Masculino,Branca,1.0
CAND_07920,5.5,37.0,Bacharelado,Região Metropolitana,Híbrido,Masculino,Branca,0.723111696684829
CAND_07921,4.3,35.0,Ensino Médio,Região Metropolitana,Híbrido,Feminino,Indígena,0.1631127555757569
CAND_07922,7.5,42.0,Bacharelado,Interior,Presencial,Masculino,Preta,0.05832796309109052
CAND_07923,5.2,49.0,Bacharelado,Capitais,Híbrido,Feminino,Branca,0.5818990686512142
CAND_07924,8.1,56.0,Mestrado,Capitais,Híbrido,Masculino,Amarela,0.7226826014130963
CAND_07925,8.4,53.0,Mestrado,Capitais,Híbrido,Masculino,Branca,1.0
CAND_07926,8.0,52.0,Bacharelado,Região Metropolitana,Híbrido,Feminino,Preta,0.0
CAND_07927,3.2,48.0,Bacharelado,Capitais,Híbrido,Masculino,Branca,1.0
CAND_07928,4.5,48.0,Mestrado,Capitais,Presencial,Masculino,Branca,0.9125690739046483
CAND_07929,5.5,48.0,Bacharelado,Capitais,Remoto,Feminino,Amarela,0.23553988695604272
CAND_07930,5.9,44.0,Bacharelado,Capitais,Presencial,Feminino,Amarela,0.03751131918393322
CAND_07931,7.8,46.0,Bacharelado,Capitais,Presencial,Masculino,Branca,1.0
CAND_07932,8.9,61.0,Bacharelado,Capitais,Remoto,Masculino,Branca,1.0
CAND_07933,2.0,60.0,Mestrado,Região Metropolitana,Presencial,Masculino,Branca,0.8450058996147447
CAND_07934,11.2,63.0,Mestrado,Região Metropolitana,Presencial,Masculino,Branca,1.0
CAND_07935,3.6,66.0,Mestrado,Região Metropolitana,Híbrido,Feminino,Branca,0.5459650290105802
CAND_07936,8.1,51.0,Ensino Médio,Região Metropolitana,Híbrido,Masculino,Branca,0.9277895995635019
CAND_07937,4.7,26.0,Bacharelado,Região Metropolitana,Remoto,Masculino,Parda,0.7454354431993877
CAND_07938,4.3,73.0,Bacharelado,Capitais,Remoto,Feminino,Indígena,0.34718914213928853
CAND_07939,5.4,47.0,Bacharelado,Capitais,Híbrido,Masculino,Branca,1.0
CAND_07940,1.4,49.0,Bacharelado,Capitais,Híbrido,Feminino,Branca,0.6291240716998989
CAND_07941,2.8,40.0,Mestrado,Interior,Presencial,Masculino,Branca,0.7058980715479606
CAND_07942,4.5,48.0,Ensino Médio,Capitais,Remoto,Feminino,Branca,0.40020334042667793
CAND_07943,6.2,46.0,Bacharelado,Região Metropolitana,Híbrido,Masculino,Branca,0.7028039324718384
CAND_07944,5.0,57.0,Bacharelado,Interior,Remoto,Masculino,Branca,0.7455000451170878
CAND_07945,7.7,30.0,Bacharelado,Interior,Presencial,Feminino,Indígena,0.0
CAND_07946,7.2,50.0,Mestrado,Capitais,Presencial,Masculino,Preta,0.47637268603601013
CAND_07947,10.2,73.0,Mestrado,Capitais,Remoto,Masculino,Parda,1.0
CAND_07948,8.1,37.0,Ensino Médio,Região Metropolitana,Presencial,Feminino,Preta,0.014414260734827752
CAND_07949,4.8,39.0,Bacharelado,Capitais,Híbrido,Masculino,Branca,0.9147353643153964
CAND_07950,5.5,45.0,Bacharelado,Região Metropolitana,Híbrido,Feminino,Branca,0.2902275957992849
CAND_07951,4.4,97.0,Bacharelado,Capitais,Híbrido,Masculino,Branca,1.0
CAND_07952,10.2,38.0,Mestrado,Capitais,Híbrido,Masculino,Branca,1.0
CAND_07953,0.3,77.0,Bacharelado,Região Metropolitana,Presencial,Masculino,Branca,0.8354619528795398
CAND_07954,1.6,43.0,Mestrado,Capitais,Híbrido,Masculino,Preta,0.25765586256733525
CAND_07955,3.7,40.0,Bacharelado,Capitais,Remoto,Feminino,Parda,0.4472065054941774
CAND_07956,4.5,78.0,Mestrado,Capitais,Remoto,Masculino,Branca,1.0
CAND_07957,2.3,12.0,Doutorado,Região Metropolitana,Híbrido,Feminino,Branca,0.3838311419981322
CAND_07958,2.6,30.0,Mestrado,Região Metropolitana,Remoto,Feminino,Branca,0.4066863164806731
CAND_07959,5.8,46.0,Mestrado,Capitais,Híbrido,Feminino,Amarela,0.18635170302607426
CAND_07960,5.2,64.0,Bacharelado,Capitais,Remoto,Masculino,Branca,1.0
CAND_07961,5.0,28.0,Bacharelado,Região Metropolitana,Híbrido,Masculino,Branca,0.730247070728934
CAND_07962,6.3,47.0,Bacharelado,Capitais,Presencial,Masculino,Amarela,0.4271615605647504
CAND_07963,3.9,44.0,Doutorado,Capitais,Híbrido,Masculino,Branca,0.8853411027645838
CAND_07964,8.3,64.0,Bacharelado,Região Metropolitana,Híbrido,Feminino,Branca,0.5777225825880153
CAND_07965,10.1,51.0,Bacharelado,Capitais,Presencial,Masculino,Parda,0.9402670511028903
CAND_07966,2.2,55.0,Bacharelado,Capitais,Híbrido,Feminino,Branca,0.3501573916820603
CAND_07967,7.8,39.0,Bacharelado,Região Metropolitana,Presencial,Masculino,Preta,0.4538540593357059
CAND_07968,1.4,11.0,Mestrado,Região Metropolitana,Híbrido,Feminino,Preta,0.0
CAND_07969,4.2,49.0,Ensino Médio,Região Metropolitana,Híbrido,Feminino,Preta,0.0
CAND_07970,5.0,58.0,Bacharelado,Região Metropolitana,Remoto,Masculino,Indígena,0.4936046012891421
CAND_07971,0.9,68.0,Mestrado,Capitais,Remoto,Masculino,Indígena,0.6331896324947508
CAND_07972,3.5,31.0,Bacharelado,Capitais,Híbrido,Masculino,Branca,0.9827716042779564
CAND_07973,2.0,60.0,Mestrado,Região Metropolitana,Híbrido,Masculino,Branca,0.8889173681699887
CAND_07974,2.3,29.0,Bacharelado,Capitais,Híbrido,Masculino,Amarela,0.42056465816577443
CAND_07975,8.7,49.0,Bacharelado,Capitais,Presencial,Feminino,Indígena,0.2905632619482005
CAND_07976,0.6,29.0,Mestrado,Região Metropolitana,Híbrido,Masculino,Branca,0.6045701046889549
CAND_07977,5.1,38.0,Bacharelado,Região Metropolitana,Híbrido,Feminino,Branca,0.5568532937295865
CAND_07978,0.1,62.0,Bacharelado,Capitais,Remoto,Não-binário,Branca,0.4513457906181604
CAND_07979,5.0,56.0,Doutorado,Capitais,Híbrido,Masculino,Branca,0.9694900217635385
CAND_07980,1.5,48.0,Bacharelado,Capitais,Presencial,Masculino,Amarela,0.5430776013130543
CAND_07981,9.1,48.0,Bacharelado,Capitais,Presencial,Masculino,Branca,0.9546343024128495
CAND_07982,0.0,40.0,Bacharelado,Região Metropolitana,Presencial,Feminino,Parda,0.2808724779017352
CAND_07983,5.7,89.0,Ensino Médio,Capitais,Híbrido,Feminino,Branca,0.7152084815671904
CAND_07984,4.2,57.0,Bacharelado,Região Metropolitana,Remoto,Masculino,Preta,0.3317057626797034
CAND_07985,0.0,18.0,Doutorado,Capitais,Presencial,Masculino,Branca,0.7903504489717436
CAND_07986,4.2,46.0,Ensino Médio,Capitais,Híbrido,Masculino,Branca,0.6648998836617541
CAND_07987,7.7,40.0,Bacharelado,Capitais,Remoto,Feminino,Preta,0.0
CAND_07988,1.6,97.0,Mestrado,Capitais,Presencial,Masculino,Branca,1.0
CAND_07989,0.3,41.0,Bacharelado,Capitais,Remoto,Feminino,Amarela,0.0
CAND_07990,0.5,49.0,Bacharelado,Interior,Híbrido,Masculino,Amarela,0.22830181084273488
CAND_07991,6.5,62.0,Mestrado,Interior,Híbrido,Masculino,Parda,0.6181854010227571
CAND_07992,6.3,47.0,Mestrado,Capitais,Híbrido,Masculino,Branca,1.0
CAND_07993,6.7,22.0,Mestrado,Capitais,Presencial,Masculino,Branca,0.8872161267608724
CAND_07994,0.3,58.0,Bacharelado,Capitais,Presencial,Masculino,Preta,0.5201594299985188
CAND_07995,9.2,37.0,Bacharelado,Capitais,Híbrido,Masculino,Indígena,0.8043531105704612
CAND_07996,0.0,38.0,Mestrado,Capitais,Remoto,Masculino,Branca,0.8412025337084852
CAND_07997,0.7,40.0,Mestrado,Região Metropolitana,Presencial,Feminino,Branca,0.3143343751244468
CAND_07998,2.1,30.0,Bacharelado,Capitais,Presencial,Masculino,Branca,0.8285873458855755
CAND_07999,7.5,45.0,Bacharelado,Capitais,Remoto,Não-binário,Branca,0.6572561103614174
CAND_08000,6.9,59.0,Bacharelado,Capitais,Híbrido,Masculino,Branca,0.9948855298474593
CAND_08001,5.7,20.0,Bacharelado,Capitais,Remoto,Feminino,Preta,0.0
CAND_08002,0.8,46.0,Bacharelado,Região Metropolitana,Híbrido,Masculino,Parda,0.7979476682020956
CAND_08003,10.5,35.0,Bacharelado,Capitais,Híbrido,Masculino,Branca,1.0
CAND_08004,2.6,46.0,Bacharelado,Capitais,Híbrido,Masculino,Branca,0.6927300235429817
CAND_08005,6.4,48.0,Bacharelado,Região Metropolitana,Presencial,Feminino,Branca,0.4899527650965724
CAND_08006,4.2,40.0,Mestrado,Capitais,Presencial,Não-binário,Branca,0.42396869811216564
CAND_08007,0.0,19.0,Bacharelado,Capitais,Remoto,Masculino,Preta,0.09673570221790637
CAND_08008,1.5,63.0,Bacharelado,Interior,Remoto,Masculino,Amarela,0.2790883993509924
CAND_08009,4.8,56.0,Doutorado,Capitais,Presencial,Feminino,Preta,0.013424988328924192
CAND_08010,6.6,64.0,Bacharelado,Região Metropolitana,Presencial,Masculino,Parda,0.7761725095835575
CAND_08011,5.4,65.0,Bacharelado,Região Metropolitana,Remoto,Feminino,Branca,0.5723365506962258
CAND_08012,4.4,62.0,Bacharelado,Interior,Híbrido,Feminino,Parda,0.204005896443812
CAND_08013,3.6,48.0,Bacharelado,Região Metropolitana,Híbrido,Masculino,Branca,0.659076117855295
CAND_08014,6.2,56.0,Ensino Médio,Capitais,Híbrido,Masculino,Branca,0.9910364027660267
CAND_08015,3.9,30.0,Bacharelado,Capitais,Presencial,Masculino,Parda,0.6350880797885201
CAND_08016,0.0,45.0,Bacharelado,Capitais,Presencial,Masculino,Branca,0.787292283931609
CAND_08017,7.1,36.0,Bacharelado,Capitais,Presencial,Feminino,Branca,0.3700725063874123
CAND_08018,0.0,48.0,Bacharelado,Interior,Presencial,Não-binário,Branca,0.061998340502431935
CAND_08019,2.1,42.0,Bacharelado,Capitais,Híbrido,Masculino,Indígena,0.6110976206332639
CAND_08020,3.7,36.0,Bacharelado,Capitais,Remoto,Feminino,Branca,0.507761474864435
CAND_08021,4.4,75.0,Mestrado,Capitais,Remoto,Feminino,Branca,0.9938889228197026
CAND_08022,4.0,51.0,Bacharelado,Capitais,Presencial,Feminino,Preta,0.21376226916838947
CAND_08023,7.5,58.0,Bacharelado,Interior,Remoto,Feminino,Amarela,0.0
CAND_08024,0.0,52.0,Bacharelado,Capitais,Presencial,Feminino,Parda,0.35115084082489795
CAND_08025,0.0,57.0,Bacharelado,Capitais,Híbrido,Masculino,Branca,0.9150259699463648
CAND_08026,4.8,68.0,Doutorado,Região Metropolitana,Remoto,Masculino,Branca,1.0
CAND_08027,3.3,41.0,Bacharelado,Capitais,Híbrido,Feminino,Amarela,0.04842189559929779
CAND_08028,0.0,77.0,Bacharelado,Capitais,Híbrido,Masculino,Branca,0.9787641783885291
CAND_08029,4.4,55.0,Bacharelado,Capitais,Remoto,Não-binário,Branca,0.3817352649923643
CAND_08030,7.0,69.0,Ensino Médio,Interior,Presencial,Masculino,Branca,0.704455671681874
CAND_08031,5.9,50.0,Bacharelado,Capitais,Híbrido,Masculino,Branca,0.9006261855371929
CAND_08032,3.6,76.0,Bacharelado,Capitais,Remoto,Masculino,Amarela,0.5184074752135363
CAND_08033,4.7,65.0,Bacharelado,Região Metropolitana,Remoto,Masculino,Branca,0.8896133047443064
CAND_08034,1.3,43.0,Bacharelado,Região Metropolitana,Presencial,Feminino,Branca,0.20922253603599902
CAND_08035,14.5,43.0,Mestrado,Capitais,Presencial,Masculino,Parda,1.0
CAND_08036,4.4,27.0,Mestrado,Capitais,Remoto,Feminino,Branca,0.5130015713276135
CAND_08037,6.9,52.0,Mestrado,Capitais,Híbrido,Masculino,Indígena,0.7579394349438011
CAND_08038,8.3,56.0,Bacharelado,Região Metropolitana,Remoto,Feminino,Branca,0.3466307458792224
CAND_08039,2.1,37.0,Mestrado,Interior,Híbrido,Masculino,Branca,0.5926249659745301
CAND_08040,7.2,47.0,Mestrado,Capitais,Presencial,Masculino,Preta,0.5577180440374253
CAND_08041,4.5,45.0,Bacharelado,Capitais,Remoto,Feminino,Branca,0.48483678153657545
CAND_08042,6.8,58.0,Bacharelado,Região Metropolitana,Remoto,Feminino,Branca,0.4919165507136042
CAND_08043,12.2,59.0,Mestrado,Região Metropolitana,Híbrido,Masculino,Branca,1.0
CAND_08044,3.3,67.0,Mestrado,Capitais,Remoto,Feminino,Branca,0.7099017278334814
CAND_08045,1.6,68.0,Mestrado,Capitais,Híbrido,Feminino,Parda,0.6503734797434937
CAND_08046,8.1,65.0,Mestrado,Capitais,Híbrido,Feminino,Branca,0.652324976171969
CAND_08047,4.9,41.0,Bacharelado,Capitais,Remoto,Masculino,Preta,0.24775117715191416
CAND_08048,0.2,79.0,Bacharelado,Capitais,Híbrido,Masculino,Preta,0.4620662465134288
CAND_08049,5.0,64.0,Bacharelado,Região Metropolitana,Remoto,Feminino,Branca,0.592615696433622
CAND_08050,6.8,49.0,Bacharelado,Capitais,Remoto,Masculino,Preta,0.4536907503211041
CAND_08051,6.7,53.0,Bacharelado,Região Metropolitana,Híbrido,Masculino,Branca,0.9582695332762696
CAND_08052,2.0,28.0,Ensino Médio,Região Metropolitana,Híbrido,Masculino,Branca,0.8024813775119098
CAND_08053,8.0,83.0,Mestrado,Interior,Remoto,Masculino,Branca,0.8443715565408191
CAND_08054,0.5,36.0,Bacharelado,Capitais,Remoto,Masculino,Branca,0.7828420669497154
CAND_08055,5.4,21.0,Mestrado,Capitais,Presencial,Masculino,Preta,0.48340467510897756
CAND_08056,2.7,56.0,Mestrado,Região Metropolitana,Híbrido,Masculino,Amarela,0.486967072581587
CAND_08057,1.4,50.0,Bacharelado,Capitais,Presencial,Masculino,Indígena,0.3848780887243881
CAND_08058,7.4,10.0,Bacharelado,Interior,Híbrido,Feminino,Branca,0.24250258089811977
CAND_08059,9.2,55.0,Bacharelado,Capitais,Remoto,Masculino,Branca,1.0
CAND_08060,2.5,44.0,Mestrado,Capitais,Presencial,Masculino,Preta,0.3338427458436506
CAND_08061,2.9,49.0,Bacharelado,Interior,Presencial,Feminino,Branca,0.19930719285800585
CAND_08062,2.4,51.0,Mestrado,Capitais,Presencial,Masculino,Branca,1.0
CAND_08063,4.2,59.0,Ensino Médio,Capitais,Híbrido,Masculino,Branca,0.993184288304615
CAND_08064,8.9,53.0,Bacharelado,Capitais,Híbrido,Feminino,Branca,0.8836474511077298
CAND_08065,9.1,50.0,Bacharelado,Capitais,Remoto,Masculino,Amarela,0.5124441935208851
CAND_08066,4.3,46.0,Bacharelado,Capitais,Presencial,Masculino,Amarela,0.3321789496988252
CAND_08067,3.4,80.0,Mestrado,Capitais,Híbrido,Masculino,Indígena,0.5632740780010722
CAND_08068,0.8,35.0,Bacharelado,Capitais,Presencial,Feminino,Branca,0.49419958704546996
CAND_08069,3.5,60.0,Bacharelado,Capitais,Híbrido,Masculino,Branca,0.8903942265322151
CAND_08070,7.9,46.0,Bacharelado,Capitais,Remoto,Masculino,Preta,0.5457821193836364
CAND_08071,9.2,38.0,Bacharelado,Capitais,Remoto,Masculino,Branca,0.8308093133971473
CAND_08072,6.4,41.0,Bacharelado,Interior,Híbrido,Masculino,Indígena,0.3343479481130188
CAND_08073,8.0,13.0,Bacharelado,Região Metropolitana,Híbrido,Não-binário,Branca,0.43315632597547216
CAND_08074,4.1,57.0,Bacharelado,Capitais,Remoto,Masculino,Preta,0.5570087969464942
CAND_08075,6.6,50.0,Bacharelado,Capitais,Remoto,Feminino,Amarela,0.22521819632606094
CAND_08076,7.9,64.0,Mestrado,Capitais,Híbrido,Masculino,Branca,1.0
CAND_08077,2.6,42.0,Mestrado,Interior,Remoto,Feminino,Amarela,0.0
CAND_08078,3.2,38.0,Bacharelado,Região Metropolitana,Híbrido,Masculino,Parda,0.7523501973651779
CAND_08079,7.6,53.0,Mestrado,Região Metropolitana,Híbrido,Feminino,Branca,0.5714240743479204
CAND_08080,1.4,64.0,Bacharelado,Interior,Híbrido,Masculino,Preta,0.12826033370679918
CAND_08081,6.4,26.0,Mestrado,Região Metropolitana,Remoto,Masculino,Parda,0.8100276425834273
CAND_08082,6.6,19.0,Bacharelado,Capitais,Híbrido,Feminino,Branca,0.4766588313313821
CAND_08083,7.7,65.0,Mestrado,Capitais,Remoto,Masculino,Branca,1.0
CAND_08084,1.8,38.0,Mestrado,Capitais,Remoto,Masculino,Preta,0.37949975418953136
CAND_08085,4.6,55.0,Doutorado,Capitais,Presencial,Masculino,Branca,1.0
CAND_08086,1.4,60.0,Bacharelado,Capitais,Híbrido,Feminino,Branca,0.40217515871419135
CAND_08087,9.0,56.0,Mestrado,Região Metropolitana,Híbrido,Masculino,Branca,1.0
CAND_08088,0.0,25.0,Bacharelado,Capitais,Presencial,Masculino,Branca,0.7225461877600189
CAND_08089,3.8,45.0,Ensino Médio,Região Metropolitana,Híbrido,Feminino,Amarela,0.0
CAND_08090,5.9,44.0,Bacharelado,Interior,Remoto,Feminino,Indígena,0.0
CAND_08091,1.9,69.0,Bacharelado,Região Metropolitana,Remoto,Feminino,Preta,0.0
CAND_08092,0.0,20.0,Bacharelado,Capitais,Remoto,Masculino,Preta,0.2453894715937397
CAND_08093,4.4,52.0,Ensino Médio,Capitais,Presencial,Feminino,Preta,0.032655908535795544
CAND_08094,3.8,46.0,Bacharelado,Capitais,Presencial,Não-binário,Branca,0.27479755648980325
CAND_08095,4.8,42.0,Bacharelado,Interior,Remoto,Feminino,Branca,0.010004582068570661
CAND_08096,5.7,55.0,Mestrado,Região Metropolitana,Híbrido,Masculino,Branca,0.900247922583039
CAND_08097,6.0,36.0,Mestrado,Capitais,Híbrido,Feminino,Branca,0.6593978155967828
CAND_08098,4.6,51.0,Bacharelado,Região Metropolitana,Híbrido,Masculino,Amarela,0.46896168695544643
CAND_08099,8.2,72.0,Bacharelado,Interior,Presencial,Masculino,Branca,0.7793042162765431
CAND_08100,8.4,31.0,Bacharelado,Capitais,Híbrido,Masculino,Branca,0.9497922649220394
CAND_08101,2.9,51.0,Bacharelado,Capitais,Híbrido,Feminino,Branca,0.5291326095274109
CAND_08102,4.7,53.0,Bacharelado,Região Metropolitana,Híbrido,Feminino,Parda,0.34097131492463306
CAND_08103,5.7,35.0,Bacharelado,Capitais,Presencial,Masculino,Branca,0.7912553405406504
CAND_08104,0.8,54.0,Ensino Médio,Capitais,Híbrido,Feminino,Preta,0.0
CAND_08105,4.4,39.0,Bacharelado,Capitais,Híbrido,Masculino,Branca,0.8586663740008205
CAND_08106,2.7,39.0,Bacharelado,Região Metropolitana,Híbrido,Masculino,Preta,0.14877684157503634
CAND_08107,0.0,80.0,Bacharelado,Região Metropolitana,Remoto,Masculino,Amarela,0.5326820592342647
CAND_08108,5.3,53.0,Mestrado,Capitais,Presencial,Feminino,Amarela,0.19289230958806022
CAND_08109,8.7,36.0,Bacharelado,Capitais,Híbrido,Feminino,Branca,0.48614244446271965
CAND_08110,7.0,58.0,Bacharelado,Região Metropolitana,Híbrido,Masculino,Indígena,0.6940925007299975
CAND_08111,5.3,43.0,Bacharelado,Capitais,Remoto,Feminino,Branca,0.5644059994405083
CAND_08112,3.9,73.0,Bacharelado,Capitais,Presencial,Feminino,Branca,0.5689887974194572
CAND_08113,3.3,72.0,Mestrado,Capitais,Híbrido,Masculino,Branca,1.0
CAND_08114,9.5,56.0,Mestrado,Capitais,Híbrido,Masculino,Amarela,0.9170098947805709
CAND_08115,6.4,67.0,Mestrado,Região Metropolitana,Híbrido,Masculino,Parda,0.8954606700618927
CAND_08116,8.0,52.0,Bacharelado,Região Metropolitana,Presencial,Feminino,Branca,0.4565416571329757
CAND_08117,5.3,47.0,Mestrado,Capitais,Remoto,Feminino,Parda,0.5224374665873098
CAND_08118,1.4,48.0,Bacharelado,Região Metropolitana,Remoto,Feminino,Parda,0.35747327050805655
CAND_08119,6.4,48.0,Bacharelado,Capitais,Remoto,Não-binário,Preta,0.0
CAND_08120,4.1,63.0,Bacharelado,Capitais,Presencial,Feminino,Preta,0.03752977301574927
CAND_08121,4.2,64.0,Bacharelado,Capitais,Remoto,Masculino,Branca,1.0
CAND_08122,11.3,54.0,Doutorado,Capitais,Presencial,Masculino,Parda,0.9752820745608634
CAND_08123,2.3,41.0,Ensino Médio,Capitais,Presencial,Masculino,Branca,0.9384628476497153
CAND_08124,7.1,46.0,Doutorado,Capitais,Híbrido,Feminino,Branca,0.5019226489086831
CAND_08125,0.8,29.0,Mestrado,Capitais,Híbrido,Masculino,Branca,0.9843717195359758
CAND_08126,6.6,52.0,Bacharelado,Capitais,Híbrido,Masculino,Branca,1.0
CAND_08127,7.0,58.0,Bacharelado,Interior,Remoto,Masculino,Branca,0.79295902388014
CAND_08128,3.0,51.0,Ensino Médio,Capitais,Presencial,Feminino,Branca,0.5409022763283573
CAND_08129,7.5,36.0,Bacharelado,Capitais,Presencial,Feminino,Indígena,0.04989560163896928
CAND_08130,0.0,38.0,Mestrado,Região Metropolitana,Remoto,Masculino,Branca,0.5747220617433204
CAND_08131,6.3,50.0,Bacharelado,Capitais,Híbrido,Feminino,Branca,0.6321771955831594
CAND_08132,5.3,78.0,Bacharelado,Região Metropolitana,Presencial,Feminino,Branca,0.5899861123008469
CAND_08133,9.5,51.0,Doutorado,Capitais,Híbrido,Feminino,Parda,0.7049210565228547
CAND_08134,8.4,50.0,Bacharelado,Região Metropolitana,Remoto,Masculino,Parda,0.673502351747716
CAND_08135,6.9,22.0,Bacharelado,Capitais,Remoto,Feminino,Preta,0.05685253181826616
CAND_08136,2.2,36.0,Bacharelado,Região Metropolitana,Presencial,Masculino,Branca,0.7525929980778824
CAND_08137,4.5,47.0,Bacharelado,Capitais,Presencial,Masculino,Amarela,0.5338202855216757
CAND_08138,6.4,28.0,Bacharelado,Capitais,Híbrido,Feminino,Indígena,0.3416745710892049
CAND_08139,3.0,56.0,Mestrado,Capitais,Presencial,Masculino,Branca,0.919349714957442
CAND_08140,1.2,62.0,Bacharelado,Capitais,Híbrido,Feminino,Branca,0.6069837784267264
CAND_08141,6.3,39.0,Bacharelado,Capitais,Remoto,Masculino,Parda,0.8272185247531959
CAND_08142,6.3,43.0,Bacharelado,Capitais,Híbrido,Feminino,Parda,0.3517578129680592
CAND_08143,11.4,36.0,Doutorado,Região Metropolitana,Remoto,Masculino,Branca,0.9792959785049922
CAND_08144,4.9,67.0,Bacharelado,Interior,Híbrido,Masculino,Branca,0.5874909336735744
CAND_08145,7.5,46.0,Mestrado,Capitais,Presencial,Não-binário,Branca,0.6499153797998384
CAND_08146,2.8,63.0,Mestrado,Região Metropolitana,Presencial,Feminino,Amarela,0.0
CAND_08147,3.7,38.0,Mestrado,Capitais,Remoto,Masculino,Branca,0.9163530522979159
CAND_08148,6.1,46.0,Ensino Médio,Região Metropolitana,Remoto,Não-binário,Branca,0.1993176759873972
CAND_08149,9.6,47.0,Bacharelado,Interior,Presencial,Feminino,Branca,0.28731389267832264
CAND_08150,5.0,63.0,Mestrado,Região Metropolitana,Híbrido,Masculino,Amarela,0.6588798700215488
CAND_08151,2.9,87.0,Bacharelado,Região Metropolitana,Híbrido,Feminino,Branca,0.6739494323213076
CAND_08152,8.8,21.0,Bacharelado,Capitais,Presencial,Masculino,Preta,0.4032625977647062
CAND_08153,8.0,29.0,Bacharelado,Capitais,Remoto,Feminino,Branca,0.6411107876733102
CAND_08154,6.2,45.0,Bacharelado,Capitais,Remoto,Masculino,Amarela,0.3381235178950731
CAND_08155,1.8,43.0,Mestrado,Capitais,Híbrido,Masculino,Preta,0.4230040377990691
CAND_08156,3.4,64.0,Bacharelado,Região Metropolitana,Híbrido,Masculino,Amarela,0.3611614376155149
CAND_08157,3.6,22.0,Bacharelado,Capitais,Presencial,Feminino,Branca,0.3741698968339468
CAND_08158,4.3,50.0,Bacharelado,Capitais,Remoto,Masculino,Amarela,0.44917833111786887
CAND_08159,4.6,40.0,Bacharelado,Capitais,Presencial,Feminino,Branca,0.37002865641484034
CAND_08160,3.2,41.0,Bacharelado,Região Metropolitana,Remoto,Masculino,Preta,0.23285186610317826
CAND_08161,3.7,72.0,Bacharelado,Região Metropolitana,Remoto,Feminino,Preta,0.02657097656332919
CAND_08162,3.0,30.0,Bacharelado,Capitais,Presencial,Masculino,Branca,0.7873943034527797
CAND_08163,7.2,57.0,Bacharelado,Interior,Remoto,Masculino,Indígena,0.34816460000561755
CAND_08164,0.0,62.0,Bacharelado,Interior,Presencial,Masculino,Branca,0.37866050292352305
CAND_08165,7.0,41.0,Mestrado,Capitais,Híbrido,Masculino,Branca,1.0
CAND_08166,11.9,76.0,Bacharelado,Capitais,Remoto,Masculino,Branca,1.0
CAND_08167,6.0,58.0,Mestrado,Capitais,Presencial,Masculino,Branca,1.0
CAND_08168,3.8,52.0,Ensino Médio,Capitais,Remoto,Masculino,Preta,0.4500448910728568
CAND_08169,7.3,67.0,Bacharelado,Capitais,Presencial,Masculino,Amarela,0.6652366984304396
CAND_08170,4.3,46.0,Mestrado,Capitais,Híbrido,Feminino,Preta,0.06630509849654752
CAND_08171,11.5,55.0,Bacharelado,Capitais,Presencial,Feminino,Branca,0.6820120447410774
CAND_08172,7.2,51.0,Bacharelado,Região Metropolitana,Remoto,Masculino,Indígena,0.5676689182957128
CAND_08173,7.9,66.0,Bacharelado,Capitais,Híbrido,Masculino,Parda,0.9367491684017452
CAND_08174,10.9,59.0,Bacharelado,Região Metropolitana,Presencial,Masculino,Branca,0.9219140623160331
CAND_08175,3.4,27.0,Bacharelado,Capitais,Presencial,Masculino,Branca,0.7704642945928311
CAND_08176,4.7,40.0,Bacharelado,Capitais,Híbrido,Feminino,Indígena,0.15290652964437326
CAND_08177,4.1,28.0,Mestrado,Capitais,Presencial,Feminino,Parda,0.5423486696501294
CAND_08178,5.1,52.0,Bacharelado,Capitais,Híbrido,Masculino,Preta,0.6105515581838983
CAND_08179,1.8,48.0,Bacharelado,Região Metropolitana,Presencial,Masculino,Branca,0.8064949371011617
CAND_08180,7.2,39.0,Bacharelado,Capitais,Híbrido,Não-binário,Indígena,0.04211406831207132
CAND_08181,6.8,46.0,Mestrado,Região Metropolitana,Híbrido,Masculino,Parda,1.0
CAND_08182,5.8,27.0,Bacharelado,Região Metropolitana,Presencial,Masculino,Branca,0.9075547799317705
CAND_08183,9.6,70.0,Mestrado,Capitais,Híbrido,Masculino,Branca,1.0
CAND_08184,6.4,57.0,Bacharelado,Interior,Remoto,Masculino,Branca,0.7470863977926223
CAND_08185,3.5,26.0,Bacharelado,Capitais,Remoto,Masculino,Branca,0.8385838666363895
CAND_08186,1.8,39.0,Bacharelado,Capitais,Presencial,Masculino,Branca,0.7577533452069051
CAND_08187,8.0,42.0,Mestrado,Região Metropolitana,Remoto,Masculino,Branca,0.8495149878290734
CAND_08188,6.3,50.0,Bacharelado,Região Metropolitana,Híbrido,Masculino,Branca,0.8612307475709133
CAND_08189,4.7,48.0,Ensino Médio,Capitais,Remoto,Feminino,Branca,0.45621128809682154
CAND_08190,3.5,51.0,Mestrado,Capitais,Híbrido,Masculino,Preta,0.46767544926574955
CAND_08191,4.6,56.0,Ensino Médio,Capitais,Híbrido,Masculino,Preta,0.5360841701099437
CAND_08192,5.5,47.0,Bacharelado,Região Metropolitana,Presencial,Masculino,Branca,0.795926560762956
CAND_08193,7.6,67.0,Bacharelado,Capitais,Híbrido,Masculino,Amarela,0.722385160055679
CAND_08194,9.7,43.0,Bacharelado,Capitais,Híbrido,Masculino,Branca,1.0
CAND_08195,5.7,56.0,Bacharelado,Capitais,Presencial,Masculino,Parda,1.0
CAND_08196,6.4,47.0,Bacharelado,Capitais,Remoto,Masculino,Preta,0.3967407385220019
CAND_08197,4.4,47.0,Bacharelado,Capitais,Remoto,Masculino,Branca,1.0
CAND_08198,4.4,52.0,Mestrado,Região Metropolitana,Presencial,Masculino,Branca,0.8231098393944868
CAND_08199,1.3,36.0,Mestrado,Capitais,Remoto,Feminino,Branca,0.5051473412995253
CAND_08200,4.2,51.0,Bacharelado,Região Metropolitana,Híbrido,Masculino,Preta,0.33982717138893276
CAND_08201,4.0,33.0,Bacharelado,Interior,Remoto,Feminino,Preta,0.0
CAND_08202,2.7,53.0,Bacharelado,Capitais,Híbrido,Masculino,Preta,0.5157542938937302
CAND_08203,7.5,39.0,Bacharelado,Região Metropolitana,Híbrido,Não-binário,Indígena,0.0
CAND_08204,12.2,40.0,Ensino Médio,Capitais,Híbrido,Masculino,Parda,0.7684880144765718
CAND_08205,4.2,42.0,Bacharelado,Interior,Remoto,Masculino,Parda,0.32668248180901244
CAND_08206,8.2,59.0,Bacharelado,Capitais,Híbrido,Feminino,Preta,0.0
CAND_08207,3.7,59.0,Bacharelado,Capitais,Remoto,Feminino,Branca,0.6506923829300377
CAND_08208,8.3,39.0,Doutorado,Capitais,Remoto,Não-binário,Preta,0.0
CAND_08209,3.2,40.0,Mestrado,Capitais,Presencial,Feminino,Branca,0.4897877274091529
CAND_08210,7.2,66.0,Bacharelado,Capitais,Remoto,Masculino,Branca,1.0
CAND_08211,4.2,43.0,Mestrado,Capitais,Remoto,Feminino,Preta,0.0
CAND_08212,5.3,70.0,Bacharelado,Capitais,Remoto,Feminino,Amarela,0.2686386347502224
CAND_08213,4.1,51.0,Bacharelado,Capitais,Remoto,Feminino,Branca,0.5282092483618315
CAND_08214,6.0,42.0,Bacharelado,Capitais,Presencial,Feminino,Branca,0.5356930595663384
CAND_08215,6.4,41.0,Bacharelado,Capitais,Presencial,Masculino,Branca,0.7989502890840225
CAND_08216,4.2,20.0,Bacharelado,Interior,Híbrido,Não-binário,Branca,0.059998927219707315
CAND_08217,5.6,26.0,Bacharelado,Região Metropolitana,Remoto,Masculino,Branca,0.6425997997093831
CAND_08218,1.5,56.0,Bacharelado,Região Metropolitana,Presencial,Feminino,Indígena,0.16355047829368086
CAND_08219,9.6,60.0,Bacharelado,Região Metropolitana,Híbrido,Masculino,Parda,0.9686907399438653
CAND_08220,4.8,64.0,Bacharelado,Região Metropolitana,Presencial,Masculino,Branca,0.8121486902105723
CAND_08221,1.2,89.0,Ensino Médio,Capitais,Remoto,Masculino,Amarela,0.5986615049865829
CAND_08222,7.0,57.0,Bacharelado,Região Metropolitana,Presencial,Masculino,Parda,0.7452874590145027
CAND_08223,3.3,68.0,Ensino Médio,Capitais,Remoto,Feminino,Branca,0.6762742481883486
CAND_08224,4.3,69.0,Bacharelado,Região Metropolitana,Presencial,Feminino,Branca,0.4002056715218377
CAND_08225,7.8,57.0,Bacharelado,Capitais,Híbrido,Masculino,Preta,0.6103889181204724
CAND_08226,12.1,35.0,Mestrado,Capitais,Híbrido,Feminino,Preta,0.14836317019799128
CAND_08227,8.3,26.0,Bacharelado,Região Metropolitana,Híbrido,Não-binário,Branca,0.30043758862327585
CAND_08228,11.1,46.0,Bacharelado,Capitais,Híbrido,Masculino,Branca,1.0
CAND_08229,2.9,50.0,Bacharelado,Região Metropolitana,Híbrido,Masculino,Amarela,0.5299304420180229
CAND_08230,5.7,18.0,Mestrado,Capitais,Híbrido,Feminino,Branca,0.29809405032486547
CAND_08231,3.4,60.0,Bacharelado,Interior,Presencial,Feminino,Branca,0.2975463645438767
CAND_08232,9.4,40.0,Bacharelado,Capitais,Remoto,Feminino,Parda,0.5412187822514432
CAND_08233,8.8,44.0,Bacharelado,Interior,Remoto,Masculino,Parda,0.5378823637184471
CAND_08234,2.0,32.0,Bacharelado,Interior,Híbrido,Masculino,Branca,0.6881892719175546
CAND_08235,3.9,41.0,Bacharelado,Capitais,Híbrido,Feminino,Branca,0.4297700755854459
CAND_08236,4.1,41.0,Bacharelado,Região Metropolitana,Remoto,Masculino,Parda,0.7139640259420675
CAND_08237,6.2,65.0,Mestrado,Capitais,Presencial,Feminino,Preta,0.3220657937717256
CAND_08238,7.9,44.0,Bacharelado,Capitais,Presencial,Masculino,Branca,0.8942715858046512
CAND_08239,7.0,35.0,Ensino Médio,Capitais,Presencial,Masculino,Branca,0.9767940700679947
CAND_08240,5.3,33.0,Bacharelado,Capitais,Remoto,Masculino,Branca,0.8552209629026708
CAND_08241,13.1,38.0,Ensino Médio,Região Metropolitana,Presencial,Masculino,Branca,0.9940788644105722
CAND_08242,3.9,49.0,Bacharelado,Região Metropolitana,Híbrido,Feminino,Branca,0.31706781969916764
CAND_08243,3.0,49.0,Mestrado,Capitais,Remoto,Masculino,Amarela,0.5090559630828446
CAND_08244,9.9,62.0,Mestrado,Capitais,Presencial,Masculino,Branca,1.0
CAND_08245,4.8,54.0,Bacharelado,Capitais,Remoto,Masculino,Branca,0.9175001775098849
CAND_08246,8.5,60.0,Mestrado,Região Metropolitana,Híbrido,Feminino,Branca,0.47865560246507216
CAND_08247,3.3,46.0,Mestrado,Capitais,Remoto,Masculino,Parda,1.0
CAND_08248,4.3,48.0,Bacharelado,Interior,Presencial,Masculino,Branca,0.4743968785198258
CAND_08249,6.3,52.0,Mestrado,Capitais,Remoto,Masculino,Indígena,0.7198404235303653
CAND_08250,1.4,57.0,Mestrado,Capitais,Remoto,Masculino,Amarela,0.5946279954257944
CAND_08251,6.8,54.0,Bacharelado,Região Metropolitana,Presencial,Masculino,Branca,0.8444743446541167
CAND_08252,6.1,48.0,Mestrado,Região Metropolitana,Híbrido,Masculino,Branca,0.8787300965487175
CAND_08253,1.8,61.0,Bacharelado,Interior,Híbrido,Feminino,Branca,0.31469478860246
CAND_08254,0.0,61.0,Mestrado,Interior,Remoto,Feminino,Branca,0.36738985882061276
CAND_08255,0.0,36.0,Bacharelado,Capitais,Presencial,Não-binário,Branca,0.4000999986892614
CAND_08256,5.7,42.0,Mestrado,Capitais,Remoto,Feminino,Amarela,0.0
CAND_08257,4.8,49.0,Mestrado,Capitais,Híbrido,Não-binário,Branca,0.4899254256768782
CAND_08258,6.9,46.0,Bacharelado,Capitais,Presencial,Masculino,Parda,0.7678454750237826
CAND_08259,4.4,58.0,Bacharelado,Capitais,Híbrido,Feminino,Branca,0.4662652594659755
CAND_08260,3.7,61.0,Mestrado,Região Metropolitana,Presencial,Não-binário,Branca,0.307109941726445
CAND_08261,2.4,44.0,Doutorado,Capitais,Híbrido,Feminino,Preta,0.0
CAND_08262,2.2,40.0,Bacharelado,Região Metropolitana,Remoto,Feminino,Amarela,0.0
CAND_08263,6.3,77.0,Bacharelado,Região Metropolitana,Presencial,Masculino,Branca,1.0
CAND_08264,2.6,66.0,Ensino Médio,Capitais,Híbrido,Masculino,Branca,0.8641553415309412
CAND_08265,3.6,18.0,Bacharelado,Capitais,Remoto,Masculino,Amarela,0.33084725210087995
CAND_08266,5.8,42.0,Bacharelado,Capitais,Presencial,Masculino,Branca,0.8887447673492059
CAND_08267,1.2,79.0,Bacharelado,Capitais,Híbrido,Masculino,Indígena,0.6744134989059806
CAND_08268,8.8,50.0,Ensino Médio,Capitais,Híbrido,Feminino,Branca,0.5577604937231145
CAND_08269,1.5,56.0,Bacharelado,Capitais,Híbrido,Não-binário,Amarela,0.0
CAND_08270,6.9,61.0,Doutorado,Interior,Presencial,Feminino,Branca,0.39892332804116376
CAND_08271,3.7,57.0,Bacharelado,Capitais,Remoto,Masculino,Branca,1.0
CAND_08272,10.1,19.0,Doutorado,Capitais,Presencial,Feminino,Parda,0.5895238373820496
CAND_08273,3.6,42.0,Mestrado,Interior,Híbrido,Masculino,Branca,0.6212631893006375
CAND_08274,3.5,53.0,Bacharelado,Capitais,Híbrido,Masculino,Preta,0.540421046380704
CAND_08275,8.7,46.0,Bacharelado,Interior,Híbrido,Feminino,Branca,0.2301571277385783
CAND_08276,3.9,68.0,Mestrado,Capitais,Presencial,Masculino,Branca,1.0
CAND_08277,0.0,66.0,Mestrado,Capitais,Presencial,Feminino,Branca,0.5705705277471916
CAND_08278,9.9,56.0,Bacharelado,Região Metropolitana,Híbrido,Masculino,Parda,0.930971857473682
CAND_08279,11.8,85.0,Mestrado,Capitais,Presencial,Masculino,Preta,0.6643233061961894
CAND_08280,9.4,51.0,Mestrado,Região Metropolitana,Remoto,Feminino,Branca,0.4967312833131706
CAND_08281,7.3,57.0,Mestrado,Região Metropolitana,Remoto,Masculino,Amarela,0.5110995110054348
CAND_08282,8.5,30.0,Bacharelado,Região Metropolitana,Híbrido,Masculino,Branca,0.8412714271664736
CAND_08283,8.6,74.0,Bacharelado,Capitais,Presencial,Feminino,Indígena,0.25973333793772097
CAND_08284,8.1,81.0,Mestrado,Capitais,Híbrido,Feminino,Branca,0.8513435834312244
CAND_08285,5.0,54.0,Mestrado,Interior,Híbrido,Masculino,Branca,0.5772951095008394
CAND_08286,6.4,38.0,Bacharelado,Capitais,Híbrido,Masculino,Branca,1.0
CAND_08287,2.4,49.0,Bacharelado,Capitais,Híbrido,Feminino,Branca,0.570984034481172
CAND_08288,7.2,56.0,Bacharelado,Interior,Híbrido,Masculino,Preta,0.09553524372135543
CAND_08289,10.6,50.0,Mestrado,Capitais,Remoto,Feminino,Branca,0.6782442601107966
CAND_08290,0.0,52.0,Bacharelado,Capitais,Híbrido,Masculino,Branca,0.684692710087859
CAND_08291,0.0,57.0,Bacharelado,Capitais,Presencial,Feminino,Branca,0.4224213298873231
CAND_08292,2.7,66.0,Bacharelado,Região Metropolitana,Remoto,Masculino,Branca,0.9380870387718515
CAND_08293,3.8,64.0,Mestrado,Capitais,Híbrido,Feminino,Indígena,0.2926776506096342
CAND_08294,1.8,69.0,Bacharelado,Capitais,Remoto,Masculino,Branca,0.9644620726587907
CAND_08295,1.3,64.0,Bacharelado,Capitais,Presencial,Feminino,Branca,0.5382717209728523
CAND_08296,7.0,37.0,Bacharelado,Capitais,Presencial,Masculino,Branca,0.8987758073887235
CAND_08297,5.7,36.0,Bacharelado,Capitais,Híbrido,Masculino,Branca,0.8532320265520552
CAND_08298,1.8,42.0,Bacharelado,Interior,Remoto,Masculino,Preta,0.16087765395991727
CAND_08299,2.8,70.0,Ensino Médio,Capitais,Remoto,Feminino,Branca,0.30625368598674163
CAND_08300,6.3,58.0,Bacharelado,Capitais,Remoto,Masculino,Branca,1.0
CAND_08301,5.4,40.0,Bacharelado,Região Metropolitana,Remoto,Masculino,Indígena,0.47552267916022284
CAND_08302,3.2,49.0,Mestrado,Capitais,Presencial,Masculino,Parda,0.7370966787015859
CAND_08303,6.7,46.0,Bacharelado,Região Metropolitana,Remoto,Masculino,Branca,1.0
CAND_08304,1.0,30.0,Bacharelado,Capitais,Remoto,Masculino,Branca,0.8677529401756667
CAND_08305,3.4,59.0,Bacharelado,Capitais,Híbrido,Masculino,Branca,1.0
CAND_08306,0.2,57.0,Bacharelado,Região Metropolitana,Presencial,Feminino,Branca,0.4930704688750872
CAND_08307,4.8,68.0,Mestrado,Capitais,Presencial,Feminino,Branca,0.7850460154796037
CAND_08308,3.4,41.0,Bacharelado,Capitais,Híbrido,Masculino,Branca,1.0
CAND_08309,3.4,74.0,Bacharelado,Capitais,Híbrido,Feminino,Branca,0.5163399224462906
CAND_08310,4.1,36.0,Bacharelado,Interior,Presencial,Masculino,Indígena,0.26542301853877254
CAND_08311,6.4,45.0,Bacharelado,Interior,Presencial,Masculino,Branca,0.47298326798487556
CAND_08312,6.2,85.0,Mestrado,Região Metropolitana,Híbrido,Masculino,Parda,0.983826668883496
CAND_08313,0.0,24.0,Mestrado,Interior,Remoto,Feminino,Amarela,0.0
CAND_08314,9.9,46.0,Mestrado,Região Metropolitana,Híbrido,Masculino,Preta,0.35096944809774344
CAND_08315,0.0,71.0,Bacharelado,Região Metropolitana,Remoto,Feminino,Branca,0.4881043958023842
CAND_08316,5.1,42.0,Bacharelado,Região Metropolitana,Remoto,Masculino,Branca,0.849047301795271
CAND_08317,3.1,72.0,Mestrado,Capitais,Híbrido,Masculino,Preta,0.6929853620841764
CAND_08318,4.9,87.0,Mestrado,Região Metropolitana,Remoto,Masculino,Branca,1.0
CAND_08319,2.6,81.0,Mestrado,Capitais,Híbrido,Masculino,Branca,0.964768535098397
CAND_08320,7.3,60.0,Bacharelado,Região Metropolitana,Presencial,Masculino,Branca,0.982503119705784
CAND_08321,2.1,35.0,Mestrado,Capitais,Presencial,Masculino,Amarela,0.3838919996853582
CAND_08322,10.3,63.0,Bacharelado,Região Metropolitana,Presencial,Masculino,Preta,0.3437120185240312
CAND_08323,2.8,81.0,Bacharelado,Capitais,Híbrido,Masculino,Preta,0.40654117468174894
CAND_08324,4.4,36.0,Mestrado,Capitais,Híbrido,Feminino,Indígena,0.30058502237749696
CAND_08325,8.1,54.0,Mestrado,Região Metropolitana,Híbrido,Masculino,Branca,0.9854502991881714
CAND_08326,7.5,46.0,Bacharelado,Região Metropolitana,Híbrido,Masculino,Amarela,0.4910649503991241
CAND_08327,1.3,52.0,Bacharelado,Capitais,Híbrido,Masculino,Branca,0.9618270731358203
CAND_08328,9.6,54.0,Doutorado,Capitais,Híbrido,Masculino,Preta,0.7982212895325493
CAND_08329,0.2,62.0,Mestrado,Interior,Presencial,Não-binário,Branca,0.1711469793441769
CAND_08330,12.4,30.0,Bacharelado,Interior,Híbrido,Feminino,Branca,0.15081565191050386
CAND_08331,2.7,19.0,Ensino Médio,Capitais,Remoto,Masculino,Branca,0.7582819677208663
CAND_08332,7.4,72.0,Bacharelado,Capitais,Híbrido,Masculino,Branca,1.0
CAND_08333,0.3,37.0,Bacharelado,Região Metropolitana,Remoto,Feminino,Branca,0.4903015460102993
CAND_08334,1.2,66.0,Bacharelado,Capitais,Híbrido,Feminino,Branca,0.5812777895248048
CAND_08335,2.1,60.0,Bacharelado,Capitais,Presencial,Feminino,Branca,0.6639449512328202
CAND_08336,9.7,62.0,Bacharelado,Capitais,Híbrido,Feminino,Branca,0.8351594810219691
CAND_08337,7.8,35.0,Bacharelado,Capitais,Remoto,Masculino,Branca,0.918844966210599
CAND_08338,10.0,60.0,Bacharelado,Região Metropolitana,Remoto,Não-binário,Parda,0.30080214361723523
CAND_08339,9.5,55.0,Mestrado,Capitais,Presencial,Masculino,Parda,0.9219890433448008
CAND_08340,5.0,53.0,Mestrado,Região Metropolitana,Híbrido,Masculino,Preta,0.6068306536314915
CAND_08341,14.2,61.0,Mestrado,Região Metropolitana,Híbrido,Não-binário,Preta,0.182803617425438
CAND_08342,4.6,54.0,Bacharelado,Interior,Remoto,Masculino,Branca,0.537866937891243
CAND_08343,7.3,51.0,Bacharelado,Capitais,Remoto,Masculino,Amarela,0.5724436399369068
CAND_08344,3.1,91.0,Bacharelado,Capitais,Híbrido,Feminino,Branca,0.7231326018770644
CAND_08345,5.5,33.0,Bacharelado,Capitais,Híbrido,Masculino,Branca,0.7283809006233389
CAND_08346,2.2,71.0,Bacharelado,Capitais,Híbrido,Masculino,Branca,0.9474546309337978
CAND_08347,2.0,52.0,Bacharelado,Região Metropolitana,Presencial,Feminino,Branca,0.5559321064000972
CAND_08348,5.4,25.0,Bacharelado,Região Metropolitana,Híbrido,Masculino,Amarela,0.33556340381347144
CAND_08349,3.4,58.0,Doutorado,Capitais,Remoto,Masculino,Branca,1.0
CAND_08350,4.6,69.0,Mestrado,Região Metropolitana,Remoto,Masculino,Branca,0.9680952783821266
CAND_08351,5.5,55.0,Mestrado,Capitais,Presencial,Masculino,Branca,1.0
CAND_08352,5.0,40.0,Bacharelado,Capitais,Presencial,Feminino,Branca,0.4953937024497252
CAND_08353,4.2,63.0,Bacharelado,Região Metropolitana,Remoto,Masculino,Branca,0.7231075116622487
CAND_08354,6.2,56.0,Ensino Médio,Capitais,Híbrido,Masculino,Preta,0.49375359248285583
CAND_08355,0.2,37.0,Doutorado,Capitais,Híbrido,Feminino,Parda,0.3286352637511572
CAND_08356,4.6,54.0,Mestrado,Capitais,Híbrido,Masculino,Indígena,0.9058072637824816
CAND_08357,7.1,60.0,Bacharelado,Capitais,Presencial,Masculino,Branca,1.0
CAND_08358,0.0,45.0,Bacharelado,Região Metropolitana,Híbrido,Feminino,Amarela,0.0
CAND_08359,6.4,63.0,Bacharelado,Capitais,Presencial,Masculino,Branca,1.0
CAND_08360,2.7,55.0,Bacharelado,Capitais,Híbrido,Não-binário,Branca,0.6333909840430049
CAND_08361,6.8,39.0,Bacharelado,Região Metropolitana,Remoto,Não-binário,Branca,0.45216998007507253
CAND_08362,3.7,50.0,Mestrado,Capitais,Híbrido,Feminino,Amarela,0.13019035038568103
CAND_08363,2.2,52.0,Ensino Médio,Capitais,Híbrido,Feminino,Branca,0.4005222799632743
CAND_08364,1.4,40.0,Doutorado,Região Metropolitana,Presencial,Masculino,Preta,0.25588949989923715
CAND_08365,0.9,69.0,Bacharelado,Capitais,Remoto,Não-binário,Branca,0.44240318192066974
CAND_08366,2.5,60.0,Bacharelado,Região Metropolitana,Presencial,Feminino,Amarela,0.0
CAND_08367,2.9,53.0,Bacharelado,Capitais,Híbrido,Masculino,Parda,0.9326796637303489
CAND_08368,6.2,53.0,Bacharelado,Capitais,Remoto,Masculino,Branca,1.0
CAND_08369,4.6,46.0,Mestrado,Capitais,Híbrido,Masculino,Indígena,0.7447506129336454
CAND_08370,6.1,32.0,Bacharelado,Capitais,Presencial,Masculino,Branca,0.8560026507252999
CAND_08371,1.3,48.0,Bacharelado,Região Metropolitana,Presencial,Masculino,Branca,0.6023753481508967
CAND_08372,2.4,66.0,Bacharelado,Capitais,Híbrido,Feminino,Preta,0.08600783546483246
CAND_08373,0.2,43.0,Bacharelado,Região Metropolitana,Presencial,Feminino,Branca,0.51068917629036
CAND_08374,8.0,27.0,Bacharelado,Capitais,Híbrido,Feminino,Branca,0.7036006520428613
CAND_08375,1.1,61.0,Bacharelado,Região Metropolitana,Remoto,Masculino,Branca,0.8472914775858895
CAND_08376,6.7,39.0,Bacharelado,Capitais,Remoto,Masculino,Branca,0.9785806315307544
CAND_08377,6.3,38.0,Bacharelado,Capitais,Remoto,Feminino,Branca,0.4518713721262783
CAND_08378,3.7,46.0,Bacharelado,Região Metropolitana,Presencial,Masculino,Preta,0.3479241985198764
CAND_08379,9.5,43.0,Bacharelado,Interior,Híbrido,Masculino,Indígena,0.3308013933959498
CAND_08380,2.8,33.0,Bacharelado,Capitais,Híbrido,Feminino,Branca,0.3483673773246478
CAND_08381,12.2,42.0,Ensino Médio,Capitais,Híbrido,Masculino,Amarela,0.527650042680233
CAND_08382,4.6,41.0,Bacharelado,Região Metropolitana,Remoto,Masculino,Branca,0.6072534615220184
CAND_08383,4.7,28.0,Bacharelado,Região Metropolitana,Presencial,Masculino,Parda,0.6787571745041824
CAND_08384,1.4,61.0,Bacharelado,Capitais,Remoto,Masculino,Parda,0.6859145746976083
CAND_08385,0.0,61.0,Mestrado,Capitais,Remoto,Masculino,Indígena,0.6091174772607404
CAND_08386,11.1,54.0,Bacharelado,Capitais,Remoto,Masculino,Branca,1.0
CAND_08387,6.2,48.0,Bacharelado,Capitais,Híbrido,Feminino,Parda,0.3667767560765324
CAND_08388,10.3,51.0,Ensino Médio,Capitais,Híbrido,Não-binário,Branca,0.532657924634066
CAND_08389,0.0,60.0,Mestrado,Região Metropolitana,Remoto,Feminino,Branca,0.553859639848431
CAND_08390,4.4,51.0,Bacharelado,Região Metropolitana,Híbrido,Masculino,Preta,0.3043933816470364
CAND_08391,1.3,41.0,Ensino Médio,Capitais,Presencial,Não-binário,Preta,0.0
CAND_08392,2.1,37.0,Mestrado,Região Metropolitana,Remoto,Masculino,Branca,0.9062514523092402
CAND_08393,5.6,68.0,Bacharelado,Capitais,Remoto,Feminino,Branca,0.6904962404228584
CAND_08394,4.1,19.0,Mestrado,Capitais,Presencial,Masculino,Branca,0.9051910347866301
CAND_08395,5.6,55.0,Mestrado,Capitais,Remoto,Masculino,Amarela,0.748139591763598
CAND_08396,2.7,52.0,Bacharelado,Região Metropolitana,Híbrido,Feminino,Branca,0.5444481238074509
CAND_08397,3.7,31.0,Mestrado,Capitais,Remoto,Feminino,Branca,0.2397311984474329
CAND_08398,7.1,74.0,Bacharelado,Capitais,Presencial,Masculino,Branca,0.8816932962252177
CAND_08399,7.5,36.0,Bacharelado,Interior,Remoto,Feminino,Preta,0.0
CAND_08400,7.2,49.0,Mestrado,Capitais,Híbrido,Masculino,Preta,0.6462735869576783
CAND_08401,4.0,58.0,Bacharelado,Capitais,Híbrido,Feminino,Amarela,0.026591060493053154
CAND_08402,6.8,60.0,Bacharelado,Capitais,Híbrido,Feminino,Branca,0.5154628699808506
CAND_08403,8.4,69.0,Bacharelado,Interior,Híbrido,Masculino,Branca,0.6606066059413088
CAND_08404,3.9,46.0,Bacharelado,Região Metropolitana,Híbrido,Feminino,Indígena,0.0
CAND_08405,4.0,46.0,Bacharelado,Capitais,Presencial,Masculino,Branca,0.9320342811128323
CAND_08406,8.2,56.0,Bacharelado,Capitais,Remoto,Não-binário,Indígena,0.14423373275101264
CAND_08407,1.7,69.0,Bacharelado,Capitais,Híbrido,Feminino,Preta,0.18997875469804307
CAND_08408,2.3,39.0,Ensino Médio,Região Metropolitana,Híbrido,Feminino,Branca,0.27881094134301493
CAND_08409,0.0,43.0,Bacharelado,Capitais,Remoto,Não-binário,Branca,0.5010076280473141
CAND_08410,2.3,33.0,Bacharelado,Região Metropolitana,Híbrido,Feminino,Branca,0.2662630979088257
CAND_08411,3.7,53.0,Bacharelado,Capitais,Híbrido,Masculino,Branca,1.0
CAND_08412,5.7,47.0,Bacharelado,Capitais,Remoto,Masculino,Parda,0.9220902286553206
CAND_08413,1.8,39.0,Bacharelado,Capitais,Remoto,Masculino,Parda,0.7368331025095418
CAND_08414,2.7,41.0,Bacharelado,Capitais,Presencial,Feminino,Branca,0.5466933533119857
CAND_08415,2.3,36.0,Mestrado,Região Metropolitana,Híbrido,Feminino,Branca,0.40725166117956296
CAND_08416,7.6,57.0,Mestrado,Capitais,Presencial,Masculino,Branca,1.0
CAND_08417,0.7,59.0,Ensino Médio,Capitais,Presencial,Masculino,Branca,0.8501647442990274
CAND_08418,0.0,53.0,Bacharelado,Capitais,Híbrido,Feminino,Preta,0.0
CAND_08419,1.9,41.0,Bacharelado,Capitais,Híbrido,Masculino,Branca,0.8052845597357657
CAND_08420,2.7,51.0,Mestrado,Interior,Remoto,Feminino,Branca,0.33793178997407836
CAND_08421,2.8,70.0,Mestrado,Capitais,Híbrido,Masculino,Branca,1.0
CAND_08422,1.5,49.0,Bacharelado,Região Metropolitana,Presencial,Masculino,Parda,0.8003244736457632
CAND_08423,5.1,43.0,Ensino Médio,Interior,Híbrido,Masculino,Branca,0.607846046559144
CAND_08424,4.5,42.0,Mestrado,Região Metropolitana,Remoto,Feminino,Branca,0.6200695762648896
CAND_08425,2.4,48.0,Mestrado,Capitais,Presencial,Masculino,Amarela,0.4813503470096754
CAND_08426,8.5,26.0,Bacharelado,Capitais,Híbrido,Masculino,Preta,0.4433179502044843
CAND_08427,0.0,27.0,Bacharelado,Capitais,Remoto,Feminino,Preta,0.0
CAND_08428,5.0,56.0,Bacharelado,Região Metropolitana,Híbrido,Masculino,Branca,0.8800679071711636
CAND_08429,6.6,27.0,Bacharelado,Interior,Híbrido,Masculino,Preta,0.43977156463492173
CAND_08430,1.2,51.0,Bacharelado,Capitais,Híbrido,Masculino,Branca,0.9926200194812425
CAND_08431,6.3,23.0,Mestrado,Capitais,Remoto,Masculino,Branca,0.7886078755960977
CAND_08432,0.6,56.0,Bacharelado,Interior,Remoto,Masculino,Branca,0.6278977505665907
CAND_08433,9.4,79.0,Bacharelado,Capitais,Presencial,Feminino,Preta,0.26892794797628894
CAND_08434,6.0,43.0,Bacharelado,Capitais,Remoto,Masculino,Parda,0.6775065627100374
CAND_08435,7.3,53.0,Bacharelado,Capitais,Remoto,Masculino,Branca,0.9359315422715422
CAND_08436,2.4,63.0,Ensino Médio,Região Metropolitana,Híbrido,Feminino,Branca,0.4563561057012891
CAND_08437,9.7,55.0,Bacharelado,Capitais,Híbrido,Masculino,Branca,1.0
CAND_08438,5.8,22.0,Bacharelado,Capitais,Híbrido,Masculino,Branca,0.8234864839441413
CAND_08439,1.2,47.0,Mestrado,Região Metropolitana,Remoto,Masculino,Branca,0.7024303615623679
CAND_08440,1.4,54.0,Bacharelado,Capitais,Híbrido,Masculino,Parda,0.8220665496608163
CAND_08441,6.2,49.0,Bacharelado,Capitais,Híbrido,Não-binário,Branca,0.4129630887539605
CAND_08442,5.3,86.0,Bacharelado,Região Metropolitana,Híbrido,Feminino,Amarela,0.2056297428554494
CAND_08443,7.8,40.0,Bacharelado,Capitais,Híbrido,Masculino,Branca,1.0
CAND_08444,6.2,57.0,Mestrado,Capitais,Presencial,Feminino,Parda,0.6680600290582571
CAND_08445,6.5,45.0,Bacharelado,Capitais,Híbrido,Masculino,Branca,0.9154129553936514
CAND_08446,7.5,3.0,Bacharelado,Capitais,Híbrido,Masculino,Branca,0.6735959407290996
CAND_08447,7.6,34.0,Bacharelado,Região Metropolitana,Híbrido,Masculino,Branca,0.8647781224803778
CAND_08448,0.1,54.0,Bacharelado,Capitais,Presencial,Masculino,Amarela,0.47179758060417354
CAND_08449,4.7,54.0,Bacharelado,Interior,Híbrido,Masculino,Branca,0.7618803187104092
CAND_08450,7.1,36.0,Mestrado,Capitais,Presencial,Masculino,Branca,0.8585023240835186
CAND_08451,8.1,60.0,Bacharelado,Interior,Híbrido,Feminino,Preta,0.0
CAND_08452,5.5,50.0,Mestrado,Região Metropolitana,Presencial,Não-binário,Branca,0.4316191071084409
CAND_08453,6.8,36.0,Bacharelado,Interior,Híbrido,Masculino,Indígena,0.2081362806377749
CAND_08454,7.2,55.0,Bacharelado,Capitais,Remoto,Masculino,Branca,0.8679123887671113
CAND_08455,3.2,43.0,Bacharelado,Capitais,Híbrido,Masculino,Amarela,0.4399863420516887
CAND_08456,8.3,56.0,Bacharelado,Capitais,Presencial,Masculino,Branca,1.0
CAND_08457,0.4,77.0,Bacharelado,Capitais,Presencial,Masculino,Branca,0.9122261920416247
CAND_08458,6.2,54.0,Ensino Médio,Capitais,Híbrido,Feminino,Indígena,0.2953523406444267
CAND_08459,7.2,28.0,Mestrado,Capitais,Remoto,Feminino,Parda,0.5148709815877315
CAND_08460,7.3,61.0,Bacharelado,Capitais,Remoto,Masculino,Branca,0.930822527582447
CAND_08461,0.0,48.0,Bacharelado,Interior,Presencial,Não-binário,Branca,0.0
CAND_08462,6.0,55.0,Ensino Médio,Capitais,Híbrido,Masculino,Branca,0.9675172438299822
CAND_08463,10.6,37.0,Mestrado,Interior,Remoto,Masculino,Preta,0.1482574268285172
CAND_08464,0.0,59.0,Bacharelado,Capitais,Híbrido,Masculino,Preta,0.5346493928101124
CAND_08465,0.0,44.0,Ensino Médio,Região Metropolitana,Híbrido,Masculino,Branca,0.6522619038461678
CAND_08466,4.4,41.0,Bacharelado,Capitais,Híbrido,Feminino,Preta,0.0
CAND_08467,5.6,19.0,Ensino Médio,Capitais,Remoto,Masculino,Branca,0.8468416011720271
CAND_08468,6.9,60.0,Bacharelado,Capitais,Híbrido,Masculino,Indígena,0.8162990586069861
CAND_08469,7.7,64.0,Bacharelado,Capitais,Híbrido,Masculino,Branca,1.0
CAND_08470,0.0,57.0,Bacharelado,Capitais,Presencial,Masculino,Branca,1.0
CAND_08471,4.0,51.0,Bacharelado,Capitais,Presencial,Masculino,Amarela,0.5591922127152739
CAND_08472,3.5,33.0,Bacharelado,Capitais,Híbrido,Masculino,Amarela,0.5069171170884327
CAND_08473,4.4,50.0,Mestrado,Capitais,Híbrido,Masculino,Parda,0.8072187965596178
CAND_08474,0.9,29.0,Bacharelado,Capitais,Híbrido,Masculino,Parda,0.5507728194118793
CAND_08475,4.4,48.0,Bacharelado,Região Metropolitana,Híbrido,Feminino,Branca,0.39492005489896015
CAND_08476,1.8,56.0,Mestrado,Capitais,Presencial,Masculino,Parda,1.0
CAND_08477,3.6,72.0,Bacharelado,Capitais,Híbrido,Masculino,Branca,1.0
CAND_08478,5.5,17.0,Ensino Médio,Capitais,Remoto,Feminino,Branca,0.2056335555289157
CAND_08479,0.0,42.0,Bacharelado,Interior,Remoto,Masculino,Preta,0.07827091924766949
CAND_08480,6.4,45.0,Ensino Médio,Capitais,Presencial,Não-binário,Parda,0.31912354253192954
CAND_08481,5.8,19.0,Ensino Médio,Interior,Presencial,Feminino,Branca,0.0
CAND_08482,6.7,61.0,Bacharelado,Região Metropolitana,Presencial,Masculino,Branca,0.8472363715478612
CAND_08483,5.1,67.0,Bacharelado,Capitais,Híbrido,Feminino,Branca,0.7065747402424103
CAND_08484,4.3,73.0,Mestrado,Região Metropolitana,Remoto,Não-binário,Branca,0.6685823491461205
CAND_08485,9.4,39.0,Mestrado,Interior,Remoto,Feminino,Preta,0.0
CAND_08486,8.5,9.0,Bacharelado,Capitais,Híbrido,Masculino,Branca,1.0
CAND_08487,3.3,56.0,Mestrado,Região Metropolitana,Presencial,Masculino,Branca,0.9111456663083946
CAND_08488,5.9,37.0,Bacharelado,Capitais,Presencial,Masculino,Preta,0.1888161010446713
CAND_08489,5.6,49.0,Mestrado,Região Metropolitana,Híbrido,Masculino,Preta,0.3729364512211222
CAND_08490,2.2,82.0,Bacharelado,Região Metropolitana,Presencial,Masculino,Amarela,0.48501992578736497
CAND_08491,1.3,57.0,Bacharelado,Capitais,Híbrido,Masculino,Branca,0.6697302848882442
CAND_08492,6.3,63.0,Bacharelado,Capitais,Híbrido,Masculino,Preta,0.4878403679778228
CAND_08493,6.5,69.0,Ensino Médio,Região Metropolitana,Remoto,Feminino,Branca,0.38472420863100243
CAND_08494,4.0,36.0,Bacharelado,Capitais,Remoto,Masculino,Branca,0.9609166634231938
CAND_08495,6.1,42.0,Ensino Médio,Interior,Remoto,Masculino,Preta,0.044516465321701476
CAND_08496,3.7,57.0,Doutorado,Capitais,Remoto,Masculino,Parda,0.8993861305283265
CAND_08497,4.7,52.0,Bacharelado,Capitais,Presencial,Não-binário,Preta,0.0
CAND_08498,3.2,44.0,Mestrado,Capitais,Presencial,Feminino,Preta,0.2242280449075364
CAND_08499,7.6,51.0,Bacharelado,Região Metropolitana,Presencial,Feminino,Branca,0.5418488781387572
CAND_08500,6.2,51.0,Bacharelado,Capitais,Presencial,Masculino,Branca,0.9554184236186372
CAND_08501,6.2,54.0,Ensino Médio,Região Metropolitana,Híbrido,Masculino,Amarela,0.32237415643104583
CAND_08502,6.6,50.0,Mestrado,Capitais,Remoto,Masculino,Indígena,0.7230340325313523
CAND_08503,4.3,62.0,Doutorado,Capitais,Presencial,Masculino,Branca,1.0
CAND_08504,3.6,63.0,Bacharelado,Capitais,Remoto,Masculino,Branca,1.0
CAND_08505,8.7,30.0,Bacharelado,Região Metropolitana,Remoto,Masculino,Indígena,0.8142507148977491
CAND_08506,6.0,68.0,Bacharelado,Região Metropolitana,Híbrido,Feminino,Branca,0.6498664009153468
CAND_08507,6.8,41.0,Bacharelado,Capitais,Presencial,Masculino,Parda,0.8989620331626178
CAND_08508,1.0,58.0,Bacharelado,Região Metropolitana,Híbrido,Masculino,Branca,0.8771984491232503
CAND_08509,3.3,36.0,Mestrado,Capitais,Presencial,Feminino,Branca,0.4808219277905427
CAND_08510,9.1,69.0,Bacharelado,Capitais,Híbrido,Masculino,Parda,1.0
CAND_08511,6.4,57.0,Mestrado,Região Metropolitana,Híbrido,Feminino,Branca,0.40980254167861
CAND_08512,7.1,55.0,Bacharelado,Capitais,Presencial,Masculino,Amarela,0.4542478349556572
CAND_08513,2.0,74.0,Mestrado,Região Metropolitana,Presencial,Feminino,Preta,0.0
CAND_08514,3.1,36.0,Bacharelado,Capitais,Remoto,Não-binário,Preta,0.0
CAND_08515,2.6,55.0,Bacharelado,Capitais,Híbrido,Masculino,Branca,0.9058496747902066
CAND_08516,6.0,94.0,Bacharelado,Interior,Híbrido,Feminino,Branca,0.22707811395374655
CAND_08517,6.4,58.0,Ensino Médio,Capitais,Remoto,Masculino,Branca,0.894723933839196
CAND_08518,2.1,68.0,Ensino Médio,Região Metropolitana,Presencial,Masculino,Branca,0.8286020862942869
CAND_08519,5.5,36.0,Bacharelado,Capitais,Híbrido,Masculino,Parda,0.7775205446461203
CAND_08520,2.7,76.0,Bacharelado,Capitais,Híbrido,Não-binário,Branca,0.6744615362979873
CAND_08521,11.2,39.0,Bacharelado,Capitais,Presencial,Feminino,Branca,0.5323765377280115
CAND_08522,5.1,45.0,Bacharelado,Região Metropolitana,Híbrido,Feminino,Branca,0.24475835473770088
CAND_08523,3.7,59.0,Bacharelado,Capitais,Híbrido,Feminino,Preta,0.10745956152147898
CAND_08524,4.2,30.0,Bacharelado,Capitais,Presencial,Masculino,Preta,0.3958416428242876
CAND_08525,6.0,55.0,Mestrado,Região Metropolitana,Remoto,Masculino,Branca,1.0
CAND_08526,3.9,23.0,Bacharelado,Interior,Remoto,Feminino,Preta,0.0
CAND_08527,6.7,42.0,Mestrado,Capitais,Remoto,Feminino,Preta,0.18256889173422425
CAND_08528,5.5,55.0,Bacharelado,Região Metropolitana,Híbrido,Masculino,Branca,0.7164314730519732
CAND_08529,7.5,49.0,Bacharelado,Capitais,Remoto,Masculino,Parda,1.0
CAND_08530,7.9,77.0,Bacharelado,Região Metropolitana,Presencial,Masculino,Amarela,0.7262861996958614
CAND_08531,7.7,39.0,Mestrado,Capitais,Presencial,Feminino,Branca,0.42699465825025074
CAND_08532,3.5,56.0,Bacharelado,Região Metropolitana,Remoto,Feminino,Branca,0.3351768825832956
CAND_08533,3.8,51.0,Bacharelado,Capitais,Presencial,Masculino,Branca,1.0
CAND_08534,8.9,46.0,Bacharelado,Capitais,Remoto,Masculino,Preta,0.4232792847800846
CAND_08535,6.5,59.0,Bacharelado,Capitais,Presencial,Masculino,Branca,0.9759642588375387
CAND_08536,7.8,23.0,Bacharelado,Região Metropolitana,Presencial,Masculino,Preta,0.24053415016530572
CAND_08537,9.5,38.0,Mestrado,Região Metropolitana,Presencial,Masculino,Branca,0.8843422620444448
CAND_08538,3.7,49.0,Ensino Médio,Região Metropolitana,Híbrido,Masculino,Branca,0.7651543687625896
CAND_08539,7.2,43.0,Bacharelado,Capitais,Remoto,Masculino,Amarela,0.5592660052087791
CAND_08540,9.3,68.0,Bacharelado,Capitais,Presencial,Masculino,Branca,1.0
CAND_08541,5.9,60.0,Bacharelado,Capitais,Remoto,Masculino,Branca,1.0
CAND_08542,10.2,61.0,Bacharelado,Região Metropolitana,Híbrido,Não-binário,Amarela,0.05110359638717047
CAND_08543,7.0,51.0,Bacharelado,Capitais,Remoto,Não-binário,Branca,0.510841155320804
CAND_08544,1.3,37.0,Bacharelado,Capitais,Remoto,Masculino,Indígena,0.4189114775175432
CAND_08545,5.5,50.0,Bacharelado,Região Metropolitana,Híbrido,Masculino,Parda,0.8337998414017832
CAND_08546,3.1,70.0,Mestrado,Interior,Presencial,Masculino,Branca,0.9222127146012017
CAND_08547,3.9,73.0,Ensino Médio,Capitais,Remoto,Feminino,Preta,0.04623605452151494
CAND_08548,5.2,70.0,Bacharelado,Região Metropolitana,Híbrido,Masculino,Branca,0.9910196652357588
CAND_08549,4.9,50.0,Bacharelado,Interior,Híbrido,Masculino,Preta,0.0
CAND_08550,8.3,58.0,Bacharelado,Capitais,Remoto,Masculino,Parda,0.8170761495812862
CAND_08551,1.6,51.0,Mestrado,Interior,Remoto,Masculino,Branca,0.5615751043626841
CAND_08552,6.3,41.0,Bacharelado,Capitais,Híbrido,Masculino,Branca,0.8929131025831892
CAND_08553,6.3,40.0,Bacharelado,Capitais,Híbrido,Masculino,Branca,1.0
CAND_08554,1.0,55.0,Ensino Médio,Interior,Remoto,Masculino,Parda,0.5092505982032958
CAND_08555,6.4,46.0,Bacharelado,Região Metropolitana,Remoto,Feminino,Amarela,0.06491200401769238
CAND_08556,6.3,49.0,Bacharelado,Capitais,Presencial,Feminino,Amarela,0.013116978860597706
CAND_08557,8.0,24.0,Mestrado,Capitais,Presencial,Masculino,Branca,0.9818195426891487
CAND_08558,0.0,53.0,Bacharelado,Capitais,Remoto,Feminino,Amarela,0.040015655934381125
CAND_08559,0.7,51.0,Bacharelado,Interior,Remoto,Masculino,Amarela,0.10863794692358689
CAND_08560,6.3,80.0,Bacharelado,Região Metropolitana,Presencial,Feminino,Branca,0.5758806513004482
CAND_08561,6.4,19.0,Mestrado,Interior,Híbrido,Feminino,Parda,0.1252782448948945
CAND_08562,5.7,61.0,Ensino Médio,Capitais,Presencial,Feminino,Branca,0.49303994818024854
CAND_08563,5.9,53.0,Ensino Médio,Capitais,Remoto,Feminino,Preta,0.0
CAND_08564,0.0,58.0,Bacharelado,Capitais,Presencial,Feminino,Branca,0.5652535172629676
CAND_08565,2.8,66.0,Doutorado,Região Metropolitana,Híbrido,Feminino,Branca,0.6811121270143137
CAND_08566,9.7,57.0,Bacharelado,Interior,Remoto,Masculino,Parda,0.7275938491731047
CAND_08567,6.4,28.0,Doutorado,Capitais,Remoto,Masculino,Amarela,0.7178724770865292
CAND_08568,2.0,86.0,Ensino Médio,Capitais,Híbrido,Masculino,Preta,0.523224158085689
CAND_08569,3.7,37.0,Bacharelado,Interior,Remoto,Feminino,Branca,0.2550196914226103
CAND_08570,6.4,50.0,Bacharelado,Região Metropolitana,Híbrido,Masculino,Indígena,0.598997517205747
CAND_08571,5.4,23.0,Bacharelado,Capitais,Presencial,Masculino,Branca,0.8080534748722764
CAND_08572,5.7,56.0,Bacharelado,Região Metropolitana,Remoto,Feminino,Branca,0.402889793236469
CAND_08573,11.8,62.0,Bacharelado,Região Metropolitana,Presencial,Masculino,Branca,1.0
CAND_08574,3.9,38.0,Bacharelado,Região Metropolitana,Presencial,Masculino,Branca,0.7524242300795612
CAND_08575,5.1,37.0,Bacharelado,Interior,Presencial,Feminino,Branca,0.271706570508787
CAND_08576,5.9,23.0,Mestrado,Região Metropolitana,Híbrido,Masculino,Branca,0.5283942674635507
CAND_08577,4.5,64.0,Bacharelado,Capitais,Remoto,Feminino,Branca,0.6491119598743912
CAND_08578,6.9,55.0,Bacharelado,Capitais,Remoto,Masculino,Amarela,0.610156358546633
CAND_08579,4.7,42.0,Bacharelado,Capitais,Híbrido,Feminino,Branca,0.5585565729864528
CAND_08580,4.3,76.0,Doutorado,Região Metropolitana,Remoto,Masculino,Branca,0.964989204331533
CAND_08581,8.1,70.0,Mestrado,Capitais,Presencial,Não-binário,Branca,0.5797619912632419
CAND_08582,2.8,61.0,Bacharelado,Capitais,Presencial,Feminino,Branca,0.6196856602168597
CAND_08583,9.3,59.0,Mestrado,Região Metropolitana,Híbrido,Feminino,Branca,0.7034275177305369
CAND_08584,2.1,63.0,Bacharelado,Interior,Presencial,Masculino,Branca,0.6472640899663052
CAND_08585,7.9,51.0,Bacharelado,Região Metropolitana,Híbrido,Feminino,Branca,0.46060626585017245
CAND_08586,0.0,42.0,Bacharelado,Capitais,Híbrido,Masculino,Branca,0.9712577284115874
CAND_08587,4.1,29.0,Bacharelado,Capitais,Presencial,Masculino,Branca,0.8677331737776217
CAND_08588,2.2,58.0,Ensino Médio,Capitais,Remoto,Feminino,Amarela,0.23317338511949995
CAND_08589,2.9,33.0,Bacharelado,Capitais,Presencial,Masculino,Branca,0.7500217750544278
CAND_08590,4.8,5.0,Ensino Médio,Capitais,Híbrido,Masculino,Branca,0.8458707277984654
CAND_08591,4.5,66.0,Bacharelado,Capitais,Híbrido,Masculino,Branca,0.9149650691596585
CAND_08592,4.1,53.0,Mestrado,Região Metropolitana,Presencial,Não-binário,Branca,0.3677049740947624
CAND_08593,0.0,35.0,Bacharelado,Capitais,Presencial,Masculino,Amarela,0.5429137430176889
CAND_08594,1.1,55.0,Bacharelado,Capitais,Remoto,Masculino,Branca,0.8645663880490397
CAND_08595,12.2,48.0,Mestrado,Capitais,Remoto,Masculino,Branca,1.0
CAND_08596,5.9,68.0,Mestrado,Região Metropolitana,Remoto,Masculino,Branca,0.891614904392414
CAND_08597,5.9,77.0,Bacharelado,Capitais,Remoto,Não-binário,Branca,0.6889567518785549
CAND_08598,2.6,41.0,Bacharelado,Capitais,Presencial,Não-binário,Parda,0.48373241106037784
CAND_08599,5.8,71.0,Mestrado,Capitais,Presencial,Masculino,Preta,0.6351469966792744
CAND_08600,3.1,41.0,Bacharelado,Região Metropolitana,Híbrido,Masculino,Branca,0.8807473188801161
CAND_08601,1.5,33.0,Mestrado,Região Metropolitana,Híbrido,Masculino,Branca,0.7147295502137242
CAND_08602,6.0,47.0,Bacharelado,Capitais,Híbrido,Masculino,Branca,0.9111653151508776
CAND_08603,4.5,33.0,Bacharelado,Capitais,Remoto,Feminino,Branca,0.38425089571773247
CAND_08604,2.1,64.0,Ensino Médio,Capitais,Híbrido,Feminino,Branca,0.34072458684414075
CAND_08605,5.5,48.0,Bacharelado,Capitais,Remoto,Masculino,Branca,1.0
CAND_08606,7.6,59.0,Mestrado,Região Metropolitana,Híbrido,Feminino,Branca,0.5909287127724769
CAND_08607,5.6,60.0,Bacharelado,Região Metropolitana,Híbrido,Feminino,Branca,0.5798983320062655
CAND_08608,6.3,72.0,Bacharelado,Região Metropolitana,Remoto,Masculino,Branca,0.9744720729680273
CAND_08609,5.8,55.0,Bacharelado,Interior,Híbrido,Masculino,Amarela,0.39755078422624235
CAND_08610,9.2,70.0,Mestrado,Capitais,Remoto,Feminino,Branca,0.9916746455456485
CAND_08611,8.9,59.0,Bacharelado,Capitais,Presencial,Masculino,Branca,1.0
CAND_08612,4.6,57.0,Mestrado,Capitais,Híbrido,Masculino,Amarela,0.5706206947134437
CAND_08613,0.5,38.0,Bacharelado,Região Metropolitana,Híbrido,Feminino,Preta,0.0
CAND_08614,7.5,72.0,Bacharelado,Região Metropolitana,Remoto,Masculino,Branca,0.9054860389753628
CAND_08615,2.3,29.0,Bacharelado,Capitais,Híbrido,Masculino,Preta,0.44021971337096644
CAND_08616,0.0,58.0,Bacharelado,Capitais,Híbrido,Masculino,Branca,0.9151839329204823
CAND_08617,4.5,11.0,Bacharelado,Capitais,Híbrido,Masculino,Branca,0.8711974145523893
CAND_08618,8.8,61.0,Bacharelado,Capitais,Híbrido,Masculino,Branca,1.0
CAND_08619,2.9,62.0,Mestrado,Capitais,Híbrido,Masculino,Branca,1.0
CAND_08620,5.7,71.0,Doutorado,Capitais,Híbrido,Masculino,Branca,1.0
CAND_08621,4.7,50.0,Bacharelado,Capitais,Híbrido,Masculino,Parda,0.6764375297925811
CAND_08622,0.0,61.0,Bacharelado,Região Metropolitana,Remoto,Masculino,Branca,0.8753600071466583
CAND_08623,5.1,55.0,Bacharelado,Região Metropolitana,Híbrido,Masculino,Branca,0.8271009001833319
CAND_08624,9.4,52.0,Bacharelado,Capitais,Remoto,Masculino,Branca,1.0
CAND_08625,6.7,41.0,Mestrado,Capitais,Híbrido,Não-binário,Preta,0.0481110707045134
CAND_08626,2.9,42.0,Mestrado,Interior,Presencial,Masculino,Preta,0.20201574014274393
CAND_08627,3.7,62.0,Bacharelado,Região Metropolitana,Presencial,Masculino,Branca,0.8966883024305736
CAND_08628,3.8,63.0,Mestrado,Capitais,Híbrido,Masculino,Branca,1.0
CAND_08629,7.7,47.0,Doutorado,Capitais,Híbrido,Feminino,Branca,0.44257990511924583
CAND_08630,2.1,66.0,Bacharelado,Região Metropolitana,Híbrido,Feminino,Branca,0.34114373882778704
CAND_08631,0.0,70.0,Bacharelado,Região Metropolitana,Híbrido,Masculino,Preta,0.31170590162311745
CAND_08632,6.8,60.0,Bacharelado,Capitais,Presencial,Masculino,Branca,1.0
CAND_08633,1.5,46.0,Doutorado,Capitais,Presencial,Não-binário,Branca,0.343507238783957
CAND_08634,1.9,34.0,Bacharelado,Capitais,Híbrido,Feminino,Branca,0.5024103865024119
CAND_08635,4.8,19.0,Mestrado,Capitais,Híbrido,Não-binário,Branca,0.3254048200453858
CAND_08636,1.6,75.0,Doutorado,Capitais,Remoto,Masculino,Preta,0.5047323781264079
CAND_08637,3.5,47.0,Bacharelado,Capitais,Remoto,Masculino,Branca,1.0
CAND_08638,4.1,17.0,Bacharelado,Capitais,Presencial,Masculino,Branca,0.8143362754510255
CAND_08639,1.9,68.0,Bacharelado,Capitais,Remoto,Masculino,Branca,0.9306626384282763
CAND_08640,4.7,71.0,Mestrado,Capitais,Remoto,Masculino,Branca,1.0
CAND_08641,3.1,55.0,Mestrado,Capitais,Presencial,Masculino,Preta,0.4507352373868637
CAND_08642,3.6,51.0,Doutorado,Região Metropolitana,Remoto,Feminino,Amarela,0.1243751019564618
CAND_08643,2.1,56.0,Bacharelado,Interior,Remoto,Feminino,Branca,0.1786711331345901
CAND_08644,2.0,58.0,Mestrado,Região Metropolitana,Remoto,Masculino,Branca,1.0
CAND_08645,9.0,58.0,Ensino Médio,Região Metropolitana,Híbrido,Feminino,Branca,0.6362637389491783
CAND_08646,4.9,47.0,Bacharelado,Capitais,Remoto,Masculino,Branca,0.9169038240945031
CAND_08647,4.5,58.0,Bacharelado,Capitais,Remoto,Masculino,Branca,0.8395664781280749
CAND_08648,6.6,39.0,Mestrado,Região Metropolitana,Remoto,Masculino,Branca,0.9973187574610806
CAND_08649,3.5,45.0,Mestrado,Capitais,Presencial,Feminino,Branca,0.37620689051070255
CAND_08650,4.3,47.0,Bacharelado,Capitais,Presencial,Masculino,Branca,0.8178523441901256
CAND_08651,7.4,30.0,Ensino Médio,Região Metropolitana,Híbrido,Masculino,Branca,0.8245067732526496
CAND_08652,3.0,61.0,Bacharelado,Capitais,Remoto,Masculino,Preta,0.4824208289620823
CAND_08653,5.9,36.0,Bacharelado,Interior,Híbrido,Masculino,Parda,0.5383488308061413
CAND_08654,2.6,44.0,Bacharelado,Capitais,Presencial,Não-binário,Preta,0.0
CAND_08655,7.9,48.0,Bacharelado,Capitais,Híbrido,Não-binário,Branca,0.7140901308600851
CAND_08656,4.4,43.0,Bacharelado,Capitais,Remoto,Masculino,Branca,0.8944614285242515
CAND_08657,0.0,70.0,Mestrado,Capitais,Híbrido,Masculino,Preta,0.5202660301285628
CAND_08658,7.7,72.0,Bacharelado,Região Metropolitana,Híbrido,Masculino,Branca,1.0
CAND_08659,5.5,33.0,Mestrado,Interior,Híbrido,Masculino,Amarela,0.2241820750426715
CAND_08660,12.9,41.0,Bacharelado,Capitais,Remoto,Feminino,Branca,0.872706602657895
CAND_08661,1.3,47.0,Bacharelado,Capitais,Remoto,Feminino,Branca,0.3494928216405799
CAND_08662,5.3,34.0,Mestrado,Capitais,Remoto,Masculino,Branca,0.8848034806763955
CAND_08663,1.2,57.0,Bacharelado,Capitais,Remoto,Masculino,Branca,0.799042601448739
CAND_08664,2.2,65.0,Mestrado,Região Metropolitana,Presencial,Masculino,Branca,0.8310758908697651
CAND_08665,5.1,39.0,Mestrado,Região Metropolitana,Remoto,Feminino,Amarela,0.0
CAND_08666,7.9,38.0,Bacharelado,Capitais,Presencial,Não-binário,Preta,0.0
CAND_08667,1.5,50.0,Bacharelado,Capitais,Presencial,Feminino,Branca,0.41864585874142257
CAND_08668,5.8,44.0,Bacharelado,Capitais,Híbrido,Feminino,Branca,0.5107163951650144
CAND_08669,5.3,44.0,Bacharelado,Capitais,Presencial,Feminino,Branca,0.7023378841427621
CAND_08670,0.8,40.0,Bacharelado,Região Metropolitana,Presencial,Masculino,Preta,0.33079420376281443
CAND_08671,5.1,90.0,Bacharelado,Região Metropolitana,Remoto,Não-binário,Branca,0.6331627874783357
CAND_08672,12.8,47.0,Mestrado,Região Metropolitana,Híbrido,Masculino,Branca,1.0
CAND_08673,3.8,24.0,Bacharelado,Capitais,Híbrido,Masculino,Branca,0.7486527106460154
CAND_08674,2.5,36.0,Mestrado,Capitais,Remoto,Masculino,Branca,0.8392568271425062
CAND_08675,3.0,28.0,Bacharelado,Região Metropolitana,Presencial,Feminino,Preta,0.0
CAND_08676,6.0,39.0,Doutorado,Capitais,Remoto,Masculino,Indígena,0.8107076065458773
CAND_08677,3.2,44.0,Bacharelado,Capitais,Híbrido,Masculino,Preta,0.3728854831616933
CAND_08678,6.9,21.0,Bacharelado,Capitais,Híbrido,Feminino,Branca,0.6180818768949868
CAND_08679,3.2,8.0,Doutorado,Interior,Presencial,Masculino,Parda,0.5186662478218932
CAND_08680,2.8,54.0,Mestrado,Capitais,Híbrido,Masculino,Branca,0.9441629509294934
CAND_08681,9.3,36.0,Bacharelado,Capitais,Remoto,Feminino,Amarela,0.026479946137138
CAND_08682,0.3,44.0,Mestrado,Capitais,Remoto,Feminino,Branca,0.5948523182208204
CAND_08683,5.3,41.0,Bacharelado,Região Metropolitana,Remoto,Masculino,Branca,0.800160541155846
CAND_08684,7.3,57.0,Bacharelado,Capitais,Híbrido,Feminino,Preta,0.20136492860956579
CAND_08685,3.9,36.0,Bacharelado,Capitais,Remoto,Masculino,Amarela,0.5558485497783936
CAND_08686,3.8,69.0,Bacharelado,Capitais,Remoto,Masculino,Branca,1.0
CAND_08687,7.3,70.0,Ensino Médio,Interior,Presencial,Masculino,Amarela,0.27091588767383507
CAND_08688,6.0,35.0,Doutorado,Interior,Híbrido,Masculino,Branca,0.783075768219248
CAND_08689,11.6,41.0,Bacharelado,Capitais,Presencial,Masculino,Preta,0.6573381184483522
CAND_08690,0.6,44.0,Mestrado,Região Metropolitana,Remoto,Masculino,Amarela,0.30775717866632113
CAND_08691,3.8,60.0,Bacharelado,Região Metropolitana,Presencial,Masculino,Preta,0.259545443234833
CAND_08692,3.0,15.0,Bacharelado,Capitais,Remoto,Feminino,Branca,0.5923234293843416
CAND_08693,5.2,58.0,Mestrado,Capitais,Presencial,Masculino,Indígena,0.6867703339772654
CAND_08694,9.7,67.0,Mestrado,Região Metropolitana,Híbrido,Masculino,Branca,1.0
CAND_08695,3.7,48.0,Bacharelado,Capitais,Remoto,Feminino,Branca,0.5222833954891756
CAND_08696,4.6,59.0,Bacharelado,Capitais,Híbrido,Masculino,Preta,0.39607913574253584
CAND_08697,0.3,76.0,Bacharelado,Região Metropolitana,Remoto,Masculino,Amarela,0.49709943428796904
CAND_08698,8.1,51.0,Bacharelado,Capitais,Remoto,Masculino,Branca,1.0
CAND_08699,0.1,39.0,Bacharelado,Região Metropolitana,Remoto,Masculino,Indígena,0.4873139119085903
CAND_08700,3.6,43.0,Bacharelado,Capitais,Híbrido,Masculino,Branca,0.8115888592646943
CAND_08701,0.0,36.0,Mestrado,Região Metropolitana,Presencial,Masculino,Parda,0.49124552054716664
CAND_08702,1.4,81.0,Bacharelado,Região Metropolitana,Remoto,Masculino,Branca,1.0
CAND_08703,7.9,40.0,Mestrado,Capitais,Híbrido,Masculino,Branca,1.0
CAND_08704,0.4,50.0,Bacharelado,Capitais,Híbrido,Masculino,Branca,0.9441240543218976
CAND_08705,5.4,43.0,Bacharelado,Capitais,Presencial,Feminino,Indígena,0.08345671351610823
CAND_08706,5.6,67.0,Bacharelado,Capitais,Híbrido,Masculino,Branca,1.0
CAND_08707,4.9,69.0,Bacharelado,Capitais,Híbrido,Masculino,Branca,1.0
CAND_08708,6.0,55.0,Mestrado,Região Metropolitana,Híbrido,Masculino,Preta,0.6144429341843893
CAND_08709,3.3,86.0,Bacharelado,Região Metropolitana,Remoto,Feminino,Preta,0.02591479986602605
CAND_08710,4.4,48.0,Bacharelado,Capitais,Presencial,Masculino,Preta,0.49550080284785236
CAND_08711,2.0,32.0,Mestrado,Capitais,Híbrido,Masculino,Parda,0.8103539811442607
CAND_08712,6.6,26.0,Bacharelado,Capitais,Híbrido,Masculino,Amarela,0.44454938825220014
CAND_08713,7.3,52.0,Bacharelado,Região Metropolitana,Híbrido,Masculino,Indígena,0.8343632202423744
CAND_08714,6.9,59.0,Bacharelado,Interior,Remoto,Masculino,Branca,0.7282252373418332
CAND_08715,4.3,73.0,Bacharelado,Região Metropolitana,Remoto,Masculino,Branca,0.9461900449612964
CAND_08716,5.3,55.0,Bacharelado,Capitais,Remoto,Masculino,Branca,0.9590004923806408
CAND_08717,5.3,42.0,Mestrado,Capitais,Presencial,Feminino,Amarela,0.03839580031826598
CAND_08718,3.2,51.0,Bacharelado,Região Metropolitana,Presencial,Masculino,Branca,0.702782464960384
CAND_08719,3.9,26.0,Ensino Médio,Capitais,Híbrido,Masculino,Branca,0.9110042613600232
CAND_08720,4.2,33.0,Mestrado,Região Metropolitana,Presencial,Masculino,Branca,0.8047890949076721
CAND_08721,2.6,25.0,Mestrado,Capitais,Presencial,Feminino,Branca,0.2351441277207662
CAND_08722,8.0,18.0,Bacharelado,Interior,Híbrido,Feminino,Branca,0.21438540668877995
CAND_08723,6.8,60.0,Bacharelado,Capitais,Presencial,Masculino,Preta,0.537608006977159
CAND_08724,4.1,52.0,Bacharelado,Região Metropolitana,Híbrido,Feminino,Branca,0.6296668471262926
CAND_08725,5.0,83.0,Bacharelado,Capitais,Híbrido,Masculino,Branca,0.9482656031559764
CAND_08726,3.7,2.0,Bacharelado,Região Metropolitana,Presencial,Feminino,Branca,0.1956453482562736
CAND_08727,6.7,64.0,Bacharelado,Capitais,Remoto,Feminino,Parda,0.4232773107860278
CAND_08728,5.7,40.0,Mestrado,Região Metropolitana,Remoto,Masculino,Branca,0.8577673080387319
CAND_08729,4.5,45.0,Bacharelado,Região Metropolitana,Híbrido,Masculino,Branca,0.7537123459661753
CAND_08730,3.0,53.0,Mestrado,Capitais,Híbrido,Masculino,Branca,0.9776916596884455
CAND_08731,7.5,66.0,Mestrado,Região Metropolitana,Presencial,Masculino,Parda,1.0
CAND_08732,3.2,33.0,Bacharelado,Capitais,Remoto,Masculino,Amarela,0.44363251011481397
CAND_08733,3.7,44.0,Mestrado,Capitais,Remoto,Masculino,Branca,1.0
CAND_08734,7.8,48.0,Bacharelado,Capitais,Remoto,Masculino,Branca,1.0
CAND_08735,7.6,85.0,Bacharelado,Capitais,Remoto,Feminino,Branca,0.9451189045963477
CAND_08736,5.8,52.0,Bacharelado,Região Metropolitana,Presencial,Masculino,Indígena,0.7892299322376788
CAND_08737,11.1,46.0,Mestrado,Capitais,Híbrido,Feminino,Branca,0.7129739181655769
CAND_08738,9.1,38.0,Bacharelado,Região Metropolitana,Presencial,Não-binário,Indígena,0.09170821418833583
CAND_08739,10.0,42.0,Mestrado,Capitais,Híbrido,Feminino,Parda,0.6751703806433744
CAND_08740,1.8,39.0,Bacharelado,Região Metropolitana,Presencial,Feminino,Branca,0.29957920210172906
CAND_08741,1.1,40.0,Bacharelado,Capitais,Remoto,Masculino,Indígena,0.526114128018679
CAND_08742,8.2,59.0,Ensino Médio,Capitais,Presencial,Masculino,Branca,0.9426115313633194
CAND_08743,0.7,46.0,Bacharelado,Região Metropolitana,Híbrido,Masculino,Branca,0.5521928073438198
CAND_08744,0.5,39.0,Bacharelado,Capitais,Remoto,Masculino,Branca,0.7383993470459792
CAND_08745,6.6,25.0,Ensino Médio,Região Metropolitana,Híbrido,Masculino,Branca,0.787652441262199
CAND_08746,6.0,61.0,Bacharelado,Capitais,Presencial,Feminino,Preta,0.27021695324262274
CAND_08747,7.1,40.0,Mestrado,Capitais,Remoto,Feminino,Branca,0.5312070205591429
CAND_08748,5.7,40.0,Ensino Médio,Região Metropolitana,Híbrido,Masculino,Indígena,0.4223413921185037
CAND_08749,0.5,54.0,Bacharelado,Região Metropolitana,Híbrido,Masculino,Preta,0.267776294143845
CAND_08750,5.5,37.0,Mestrado,Interior,Remoto,Masculino,Branca,0.7582946871351811
CAND_08751,9.7,61.0,Bacharelado,Capitais,Presencial,Masculino,Indígena,0.6503197472829307
CAND_08752,9.4,46.0,Bacharelado,Região Metropolitana,Presencial,Feminino,Branca,0.6024214917534584
CAND_08753,8.2,69.0,Bacharelado,Região Metropolitana,Híbrido,Masculino,Branca,1.0
CAND_08754,6.5,54.0,Bacharelado,Região Metropolitana,Presencial,Feminino,Branca,0.40352086033714846
CAND_08755,6.7,54.0,Bacharelado,Região Metropolitana,Remoto,Masculino,Branca,0.9560122120589951
CAND_08756,4.5,59.0,Bacharelado,Capitais,Híbrido,Não-binário,Branca,0.3665257595328898
CAND_08757,8.9,41.0,Mestrado,Região Metropolitana,Híbrido,Masculino,Branca,1.0
CAND_08758,4.1,31.0,Mestrado,Região Metropolitana,Remoto,Feminino,Amarela,0.0
CAND_08759,5.6,42.0,Doutorado,Interior,Híbrido,Feminino,Amarela,0.0
CAND_08760,6.6,44.0,Mestrado,Capitais,Híbrido,Masculino,Branca,0.977050577071649
CAND_08761,9.2,39.0,Bacharelado,Capitais,Presencial,Masculino,Indígena,0.5322505578364142
CAND_08762,6.9,63.0,Bacharelado,Interior,Remoto,Masculino,Branca,0.6868428581779047
CAND_08763,2.0,75.0,Bacharelado,Região Metropolitana,Presencial,Masculino,Parda,0.9062508211106544
CAND_08764,2.1,28.0,Bacharelado,Capitais,Remoto,Masculino,Branca,0.8985683692003446
CAND_08765,6.3,45.0,Bacharelado,Região Metropolitana,Presencial,Masculino,Branca,0.9381118698737532
CAND_08766,7.1,69.0,Bacharelado,Capitais,Híbrido,Masculino,Parda,0.9057407243006095
CAND_08767,6.4,53.0,Mestrado,Interior,Remoto,Feminino,Branca,0.22504098634455333
CAND_08768,7.5,45.0,Bacharelado,Região Metropolitana,Híbrido,Masculino,Branca,0.927204838290632
CAND_08769,6.8,32.0,Bacharelado,Região Metropolitana,Híbrido,Masculino,Amarela,0.4399005520633414
CAND_08770,3.4,62.0,Bacharelado,Capitais,Híbrido,Masculino,Branca,1.0
CAND_08771,4.5,46.0,Bacharelado,Capitais,Híbrido,Masculino,Branca,0.9919659680315658
CAND_08772,5.6,65.0,Mestrado,Capitais,Remoto,Masculino,Branca,1.0
CAND_08773,0.6,47.0,Doutorado,Capitais,Híbrido,Feminino,Branca,0.4305027393138413
CAND_08774,7.9,48.0,Bacharelado,Capitais,Híbrido,Masculino,Branca,1.0
CAND_08775,0.0,44.0,Mestrado,Capitais,Híbrido,Masculino,Indígena,0.7952667737187579
CAND_08776,2.3,61.0,Ensino Médio,Capitais,Remoto,Feminino,Branca,0.4557983856023793
CAND_08777,7.6,66.0,Bacharelado,Interior,Híbrido,Masculino,Parda,0.7046077441024694
CAND_08778,4.3,53.0,Bacharelado,Capitais,Presencial,Feminino,Branca,0.6089915164059874
CAND_08779,9.6,77.0,Mestrado,Capitais,Presencial,Masculino,Preta,0.7775892509372186
CAND_08780,2.5,65.0,Mestrado,Região Metropolitana,Híbrido,Masculino,Branca,1.0
CAND_08781,7.7,65.0,Bacharelado,Região Metropolitana,Remoto,Masculino,Amarela,0.9037101892259221
CAND_08782,5.7,66.0,Mestrado,Capitais,Remoto,Masculino,Branca,1.0
CAND_08783,7.5,63.0,Bacharelado,Região Metropolitana,Presencial,Masculino,Branca,0.9167906269069458
CAND_08784,5.2,67.0,Bacharelado,Capitais,Híbrido,Feminino,Amarela,0.12661855798742944
CAND_08785,13.7,76.0,Mestrado,Capitais,Híbrido,Masculino,Branca,1.0
CAND_08786,4.1,45.0,Bacharelado,Região Metropolitana,Remoto,Masculino,Branca,0.8294880795044105
CAND_08787,6.5,33.0,Mestrado,Capitais,Presencial,Feminino,Preta,0.0
CAND_08788,6.8,50.0,Bacharelado,Região Metropolitana,Remoto,Masculino,Indígena,0.6576120037645021
CAND_08789,5.9,55.0,Bacharelado,Região Metropolitana,Híbrido,Masculino,Indígena,0.5897288952453225
CAND_08790,7.1,45.0,Bacharelado,Capitais,Presencial,Feminino,Amarela,0.12357708301075859
CAND_08791,3.5,42.0,Bacharelado,Capitais,Presencial,Feminino,Branca,0.563503035178975
CAND_08792,6.4,33.0,Bacharelado,Região Metropolitana,Remoto,Masculino,Parda,0.6509523376130362
CAND_08793,8.3,61.0,Mestrado,Capitais,Híbrido,Masculino,Branca,1.0
CAND_08794,8.4,42.0,Bacharelado,Interior,Híbrido,Feminino,Amarela,0.036629756679816494
CAND_08795,5.8,50.0,Bacharelado,Região Metropolitana,Remoto,Masculino,Branca,0.891613680638789
CAND_08796,8.4,50.0,Ensino Médio,Capitais,Híbrido,Feminino,Branca,0.5949374307872995
CAND_08797,3.1,33.0,Bacharelado,Capitais,Presencial,Masculino,Parda,0.666761846177
CAND_08798,9.6,93.0,Bacharelado,Capitais,Presencial,Feminino,Branca,0.7519723802036586
CAND_08799,8.6,42.0,Bacharelado,Capitais,Remoto,Feminino,Branca,0.6187790668899152
CAND_08800,4.8,37.0,Mestrado,Interior,Presencial,Masculino,Branca,0.7758287797195267
CAND_08801,5.3,75.0,Ensino Médio,Região Metropolitana,Remoto,Masculino,Branca,0.917522429173137
CAND_08802,4.7,68.0,Mestrado,Interior,Presencial,Masculino,Branca,0.8648427424921293
CAND_08803,6.1,55.0,Mestrado,Capitais,Híbrido,Masculino,Branca,1.0
CAND_08804,6.0,65.0,Bacharelado,Capitais,Remoto,Masculino,Branca,0.8470255213614837
CAND_08805,2.0,55.0,Mestrado,Região Metropolitana,Híbrido,Masculino,Branca,0.8031807631093109
CAND_08806,2.8,52.0,Bacharelado,Capitais,Presencial,Masculino,Preta,0.5554575188535966
CAND_08807,3.8,59.0,Bacharelado,Região Metropolitana,Remoto,Masculino,Branca,0.7686131727357832
CAND_08808,3.3,54.0,Bacharelado,Capitais,Presencial,Masculino,Branca,0.9568499762672795
CAND_08809,6.1,32.0,Bacharelado,Capitais,Híbrido,Masculino,Branca,0.8690353744277907
CAND_08810,3.5,72.0,Bacharelado,Capitais,Presencial,Não-binário,Branca,0.3869224960813884
CAND_08811,6.2,50.0,Mestrado,Capitais,Remoto,Masculino,Amarela,0.4208077095678019
CAND_08812,9.2,49.0,Bacharelado,Capitais,Híbrido,Feminino,Branca,0.6615320232416476
CAND_08813,7.2,30.0,Mestrado,Interior,Presencial,Masculino,Branca,0.7199284469905305
CAND_08814,6.8,49.0,Bacharelado,Capitais,Híbrido,Masculino,Branca,0.7188673792314071
CAND_08815,9.3,70.0,Bacharelado,Interior,Presencial,Masculino,Branca,0.7935072754332154
CAND_08816,6.1,60.0,Mestrado,Região Metropolitana,Remoto,Masculino,Parda,0.9163420931443265
CAND_08817,2.6,34.0,Bacharelado,Região Metropolitana,Híbrido,Feminino,Branca,0.3351123186390492
CAND_08818,8.0,63.0,Doutorado,Interior,Presencial,Masculino,Indígena,0.6563340472664831
CAND_08819,3.6,64.0,Bacharelado,Região Metropolitana,Remoto,Masculino,Preta,0.345654335616164
CAND_08820,9.0,71.0,Mestrado,Capitais,Presencial,Masculino,Branca,1.0
CAND_08821,9.6,29.0,Doutorado,Região Metropolitana,Presencial,Masculino,Branca,1.0
CAND_08822,6.8,56.0,Mestrado,Capitais,Remoto,Masculino,Branca,0.9592680927298545
CAND_08823,4.3,22.0,Mestrado,Região Metropolitana,Híbrido,Masculino,Branca,0.5806386246475618
CAND_08824,8.9,33.0,Bacharelado,Capitais,Presencial,Masculino,Amarela,0.7435092344503698
CAND_08825,12.0,70.0,Bacharelado,Capitais,Presencial,Masculino,Amarela,0.9321969097749305
CAND_08826,1.7,64.0,Bacharelado,Capitais,Híbrido,Masculino,Branca,0.7738211640085412
CAND_08827,5.3,48.0,Ensino Médio,Capitais,Híbrido,Masculino,Indígena,0.5391848749305406
CAND_08828,4.5,58.0,Ensino Médio,Interior,Remoto,Masculino,Branca,0.4216557831179848
CAND_08829,3.0,30.0,Bacharelado,Região Metropolitana,Híbrido,Feminino,Branca,0.19501967506064266
CAND_08830,6.7,37.0,Bacharelado,Capitais,Híbrido,Feminino,Branca,0.44369324653315134
CAND_08831,9.2,16.0,Ensino Médio,Capitais,Híbrido,Feminino,Branca,0.36505826353186277
CAND_08832,4.3,41.0,Bacharelado,Interior,Híbrido,Masculino,Branca,0.590678864004015
CAND_08833,6.2,36.0,Bacharelado,Capitais,Remoto,Feminino,Branca,0.3133039799914442
CAND_08834,5.5,36.0,Mestrado,Interior,Remoto,Masculino,Preta,0.11444391673233198
CAND_08835,4.8,66.0,Ensino Médio,Capitais,Remoto,Masculino,Preta,0.37312664278082913
CAND_08836,2.4,64.0,Ensino Médio,Capitais,Híbrido,Masculino,Indígena,0.5651451173737253
CAND_08837,2.2,61.0,Bacharelado,Região Metropolitana,Presencial,Masculino,Branca,0.7591616666766915
CAND_08838,5.6,47.0,Bacharelado,Capitais,Remoto,Feminino,Preta,0.12261673888869405
CAND_08839,0.8,52.0,Mestrado,Capitais,Presencial,Masculino,Branca,0.9935713950030517
CAND_08840,2.5,40.0,Bacharelado,Capitais,Presencial,Feminino,Preta,0.0
CAND_08841,8.5,55.0,Doutorado,Capitais,Remoto,Masculino,Branca,1.0
CAND_08842,8.6,51.0,Bacharelado,Região Metropolitana,Remoto,Masculino,Indígena,0.6564734981445592
CAND_08843,8.1,23.0,Bacharelado,Capitais,Presencial,Masculino,Branca,0.9867332729209226
CAND_08844,9.4,46.0,Bacharelado,Capitais,Remoto,Masculino,Branca,1.0
CAND_08845,5.5,77.0,Mestrado,Interior,Remoto,Masculino,Preta,0.4586582300685581
CAND_08846,8.5,94.0,Bacharelado,Capitais,Híbrido,Masculino,Branca,1.0
CAND_08847,1.9,63.0,Bacharelado,Capitais,Híbrido,Feminino,Parda,0.4737792062919187
CAND_08848,4.0,58.0,Mestrado,Região Metropolitana,Remoto,Masculino,Branca,0.7671875162876344
CAND_08849,5.5,58.0,Bacharelado,Capitais,Remoto,Masculino,Parda,0.8233927833745478
CAND_08850,4.9,52.0,Mestrado,Capitais,Híbrido,Feminino,Branca,0.6364884353881844
CAND_08851,5.6,53.0,Ensino Médio,Capitais,Híbrido,Masculino,Preta,0.5757215860405207
CAND_08852,0.6,46.0,Mestrado,Capitais,Híbrido,Masculino,Preta,0.46877664112152356
CAND_08853,3.3,70.0,Bacharelado,Capitais,Presencial,Não-binário,Preta,0.0
CAND_08854,8.8,40.0,Bacharelado,Região Metropolitana,Presencial,Não-binário,Branca,0.2341447220830617
CAND_08855,12.6,58.0,Bacharelado,Capitais,Remoto,Masculino,Branca,1.0
CAND_08856,4.4,58.0,Bacharelado,Capitais,Híbrido,Feminino,Branca,0.6316248266714488
CAND_08857,5.6,43.0,Mestrado,Interior,Presencial,Feminino,Branca,0.2809861519334186
CAND_08858,8.8,77.0,Bacharelado,Interior,Híbrido,Não-binário,Branca,0.3878745990823823
CAND_08859,1.4,38.0,Bacharelado,Capitais,Remoto,Masculino,Branca,0.7777881320922632
CAND_08860,9.5,53.0,Doutorado,Capitais,Híbrido,Feminino,Branca,0.5955274115513716
CAND_08861,3.4,61.0,Mestrado,Capitais,Presencial,Masculino,Preta,0.5294680155666356
CAND_08862,3.6,73.0,Bacharelado,Capitais,Presencial,Masculino,Amarela,0.5909950579778034
CAND_08863,0.0,48.0,Mestrado,Capitais,Híbrido,Masculino,Parda,0.8236643379841866
CAND_08864,8.1,59.0,Bacharelado,Capitais,Híbrido,Masculino,Branca,1.0
CAND_08865,6.3,59.0,Mestrado,Região Metropolitana,Presencial,Masculino,Branca,0.8693941428228221
CAND_08866,8.4,49.0,Bacharelado,Capitais,Híbrido,Masculino,Parda,0.9820678767229865
CAND_08867,1.4,44.0,Bacharelado,Capitais,Híbrido,Masculino,Branca,0.8957727795927147
CAND_08868,4.1,65.0,Bacharelado,Capitais,Remoto,Masculino,Branca,0.9841819357025836
CAND_08869,1.9,43.0,Mestrado,Capitais,Presencial,Masculino,Branca,0.8062972310879746
CAND_08870,2.3,72.0,Ensino Médio,Capitais,Híbrido,Masculino,Parda,0.8300890008961075
CAND_08871,7.5,60.0,Bacharelado,Interior,Híbrido,Feminino,Branca,0.32680077280299347
CAND_08872,2.6,36.0,Mestrado,Capitais,Presencial,Masculino,Amarela,0.5951992573677017
CAND_08873,4.5,85.0,Bacharelado,Capitais,Híbrido,Feminino,Branca,0.6773501250030856
CAND_08874,5.8,51.0,Mestrado,Capitais,Presencial,Masculino,Branca,1.0
CAND_08875,3.5,51.0,Bacharelado,Capitais,Presencial,Feminino,Branca,0.5725024862120071
CAND_08876,6.7,37.0,Bacharelado,Capitais,Remoto,Feminino,Branca,0.6358287722767574
CAND_08877,6.0,42.0,Bacharelado,Capitais,Híbrido,Masculino,Parda,0.8462440319555166
CAND_08878,9.3,9.0,Mestrado,Região Metropolitana,Híbrido,Feminino,Indígena,0.2742233457953136
CAND_08879,0.0,54.0,Bacharelado,Capitais,Presencial,Feminino,Parda,0.47317629614169854
CAND_08880,7.0,18.0,Bacharelado,Capitais,Remoto,Masculino,Indígena,0.5058727342816317
CAND_08881,3.1,56.0,Bacharelado,Capitais,Híbrido,Feminino,Branca,0.6157549933105392
CAND_08882,3.7,52.0,Bacharelado,Região Metropolitana,Híbrido,Masculino,Parda,0.7806576464129495
CAND_08883,6.5,54.0,Bacharelado,Região Metropolitana,Híbrido,Feminino,Branca,0.5684486689568398
CAND_08884,4.1,56.0,Bacharelado,Região Metropolitana,Presencial,Masculino,Preta,0.3750294811798769
CAND_08885,7.5,57.0,Mestrado,Região Metropolitana,Remoto,Feminino,Branca,0.5395343575964331
CAND_08886,7.3,44.0,Bacharelado,Interior,Presencial,Masculino,Branca,0.7099958088035507
CAND_08887,6.7,38.0,Bacharelado,Capitais,Remoto,Masculino,Branca,0.739815143196435
CAND_08888,1.9,32.0,Bacharelado,Capitais,Híbrido,Feminino,Parda,0.05152480657242475
CAND_08889,3.1,72.0,Mestrado,Capitais,Híbrido,Masculino,Preta,0.6497269336790705
CAND_08890,2.7,48.0,Bacharelado,Interior,Híbrido,Masculino,Branca,0.7653285971713533
CAND_08891,10.4,35.0,Bacharelado,Capitais,Presencial,Masculino,Amarela,0.44102511323224336
CAND_08892,2.3,83.0,Bacharelado,Capitais,Presencial,Masculino,Branca,1.0
CAND_08893,3.6,29.0,Bacharelado,Região Metropolitana,Híbrido,Masculino,Branca,0.7633302599631354
CAND_08894,2.8,52.0,Bacharelado,Região Metropolitana,Remoto,Masculino,Indígena,0.45792269607085484
CAND_08895,13.1,57.0,Mestrado,Capitais,Presencial,Masculino,Parda,0.9960646555443187
CAND_08896,9.5,76.0,Bacharelado,Capitais,Presencial,Masculino,Preta,0.7693789453365627
CAND_08897,3.1,76.0,Bacharelado,Interior,Híbrido,Masculino,Branca,0.7329200216183863
CAND_08898,4.6,46.0,Bacharelado,Região Metropolitana,Híbrido,Masculino,Indígena,0.6568406447800068
CAND_08899,2.9,81.0,Bacharelado,Capitais,Presencial,Masculino,Parda,0.8431231235122305
CAND_08900,7.0,49.0,Doutorado,Região Metropolitana,Remoto,Feminino,Branca,0.4939632225867857
CAND_08901,1.3,50.0,Bacharelado,Região Metropolitana,Híbrido,Masculino,Branca,0.6902507865487985
CAND_08902,5.4,36.0,Doutorado,Capitais,Presencial,Masculino,Parda,0.9459951813707066
CAND_08903,5.4,55.0,Ensino Médio,Capitais,Presencial,Feminino,Branca,0.745504504006412
CAND_08904,4.9,31.0,Bacharelado,Interior,Remoto,Feminino,Branca,0.1810133577830654
CAND_08905,3.1,34.0,Bacharelado,Região Metropolitana,Híbrido,Masculino,Branca,0.9855709500143797
CAND_08906,0.5,51.0,Bacharelado,Interior,Híbrido,Masculino,Branca,0.4439877532559505
CAND_08907,4.2,50.0,Bacharelado,Região Metropolitana,Presencial,Feminino,Preta,0.0
CAND_08908,0.0,54.0,Bacharelado,Capitais,Híbrido,Feminino,Branca,0.5260600656684403
CAND_08909,8.8,75.0,Mestrado,Capitais,Híbrido,Feminino,Preta,0.2127770915608132
CAND_08910,3.5,54.0,Bacharelado,Capitais,Híbrido,Masculino,Branca,0.9495903439600016
CAND_08911,2.3,71.0,Bacharelado,Capitais,Híbrido,Masculino,Branca,0.9394065320343313
CAND_08912,5.5,38.0,Bacharelado,Capitais,Presencial,Masculino,Branca,0.7395634637857058
CAND_08913,10.0,42.0,Bacharelado,Capitais,Híbrido,Masculino,Indígena,0.598500190874961
CAND_08914,12.2,62.0,Bacharelado,Região Metropolitana,Presencial,Masculino,Branca,1.0
CAND_08915,6.1,42.0,Bacharelado,Região Metropolitana,Presencial,Masculino,Branca,0.7795067072008911
CAND_08916,7.2,79.0,Bacharelado,Região Metropolitana,Presencial,Não-binário,Branca,0.5289282207344733
CAND_08917,8.6,59.0,Bacharelado,Capitais,Híbrido,Masculino,Amarela,0.3029852073402917
CAND_08918,3.5,52.0,Bacharelado,Capitais,Remoto,Masculino,Branca,0.9707409829674833
CAND_08919,7.8,49.0,Mestrado,Capitais,Híbrido,Masculino,Branca,0.9702376041105929
CAND_08920,9.7,30.0,Mestrado,Região Metropolitana,Remoto,Feminino,Parda,0.4120355574325421
CAND_08921,2.4,64.0,Bacharelado,Capitais,Híbrido,Masculino,Preta,0.4210110444241996
CAND_08922,2.3,40.0,Bacharelado,Região Metropolitana,Remoto,Feminino,Preta,0.0
CAND_08923,4.6,59.0,Mestrado,Região Metropolitana,Remoto,Masculino,Preta,0.3907254866965896
CAND_08924,2.7,38.0,Bacharelado,Região Metropolitana,Presencial,Feminino,Branca,0.37448763849372163
CAND_08925,3.7,40.0,Doutorado,Região Metropolitana,Híbrido,Feminino,Branca,0.3177413359788316
CAND_08926,2.5,60.0,Mestrado,Região Metropolitana,Presencial,Masculino,Branca,0.9048901401032436
CAND_08927,3.3,44.0,Bacharelado,Interior,Híbrido,Masculino,Branca,0.7311378074471941
CAND_08928,10.7,50.0,Bacharelado,Capitais,Presencial,Masculino,Branca,1.0
CAND_08929,6.5,64.0,Bacharelado,Capitais,Remoto,Masculino,Branca,0.9964245009893731
CAND_08930,8.2,56.0,Mestrado,Região Metropolitana,Híbrido,Masculino,Branca,0.9660753639392635
CAND_08931,10.9,60.0,Mestrado,Capitais,Presencial,Masculino,Branca,1.0
CAND_08932,3.6,58.0,Bacharelado,Capitais,Híbrido,Masculino,Branca,0.8901598215965629
CAND_08933,8.1,58.0,Doutorado,Interior,Remoto,Masculino,Branca,0.9646825724001387
CAND_08934,3.3,45.0,Ensino Médio,Região Metropolitana,Remoto,Feminino,Parda,0.2683301911115741
CAND_08935,8.3,68.0,Bacharelado,Capitais,Híbrido,Masculino,Branca,1.0
CAND_08936,5.1,88.0,Mestrado,Capitais,Híbrido,Masculino,Branca,0.7746361577162335
CAND_08937,8.3,54.0,Bacharelado,Região Metropolitana,Híbrido,Masculino,Preta,0.40894000167245975
CAND_08938,4.6,57.0,Mestrado,Capitais,Híbrido,Masculino,Indígena,0.6860618998799763
CAND_08939,14.6,55.0,Mestrado,Capitais,Presencial,Masculino,Parda,1.0
CAND_08940,6.5,55.0,Doutorado,Capitais,Presencial,Masculino,Branca,1.0
CAND_08941,4.6,47.0,Mestrado,Capitais,Híbrido,Masculino,Branca,1.0
CAND_08942,4.1,76.0,Bacharelado,Região Metropolitana,Presencial,Feminino,Preta,0.155957873400438
CAND_08943,5.2,13.0,Bacharelado,Interior,Remoto,Masculino,Amarela,0.10408808955247624
CAND_08944,0.0,42.0,Bacharelado,Interior,Presencial,Masculino,Preta,0.03691576164525037
CAND_08945,0.3,73.0,Bacharelado,Capitais,Híbrido,Feminino,Preta,0.009063514587747373
CAND_08946,7.8,38.0,Mestrado,Capitais,Híbrido,Masculino,Branca,1.0
CAND_08947,5.8,67.0,Bacharelado,Capitais,Híbrido,Feminino,Preta,0.14606097421732597
CAND_08948,0.0,35.0,Mestrado,Região Metropolitana,Remoto,Masculino,Branca,0.7218019138040755
CAND_08949,3.7,57.0,Bacharelado,Região Metropolitana,Presencial,Feminino,Branca,0.4201510611937899
CAND_08950,2.6,26.0,Bacharelado,Capitais,Remoto,Masculino,Branca,0.9512502724039286
CAND_08951,5.4,46.0,Ensino Médio,Interior,Híbrido,Masculino,Branca,0.691396373294831
CAND_08952,9.0,21.0,Bacharelado,Região Metropolitana,Remoto,Masculino,Branca,0.8651776457106838
CAND_08953,0.0,29.0,Ensino Médio,Capitais,Presencial,Feminino,Branca,0.2674112680672661
CAND_08954,13.9,32.0,Bacharelado,Interior,Presencial,Masculino,Branca,0.7592579887760595
CAND_08955,4.3,40.0,Bacharelado,Região Metropolitana,Híbrido,Masculino,Branca,0.8297342312458251
CAND_08956,6.0,48.0,Bacharelado,Região Metropolitana,Híbrido,Feminino,Preta,0.10622902856003022
CAND_08957,4.0,51.0,Mestrado,Capitais,Remoto,Masculino,Branca,1.0
CAND_08958,1.6,32.0,Bacharelado,Região Metropolitana,Presencial,Feminino,Branca,0.2837005829495615
CAND_08959,5.6,57.0,Ensino Médio,Capitais,Presencial,Masculino,Branca,1.0
CAND_08960,3.0,18.0,Bacharelado,Capitais,Híbrido,Masculino,Branca,0.7723964018926107
CAND_08961,9.8,53.0,Bacharelado,Capitais,Híbrido,Masculino,Branca,1.0
CAND_08962,2.7,42.0,Mestrado,Capitais,Remoto,Masculino,Parda,0.8573367437338886
CAND_08963,6.2,63.0,Mestrado,Região Metropolitana,Híbrido,Feminino,Branca,0.4636681965743033
CAND_08964,1.0,47.0,Mestrado,Interior,Remoto,Masculino,Preta,0.07727329519730297
CAND_08965,2.8,39.0,Mestrado,Capitais,Remoto,Masculino,Amarela,0.6156587687807231
CAND_08966,4.7,77.0,Mestrado,Capitais,Presencial,Masculino,Preta,0.6451235902626722
CAND_08967,9.6,66.0,Bacharelado,Capitais,Presencial,Feminino,Amarela,0.272500743799947
CAND_08968,5.6,78.0,Mestrado,Capitais,Presencial,Feminino,Indígena,0.5025804604277212
CAND_08969,8.3,60.0,Mestrado,Capitais,Híbrido,Masculino,Branca,1.0
CAND_08970,2.1,38.0,Bacharelado,Região Metropolitana,Remoto,Masculino,Branca,0.6238985119167035
CAND_08971,8.4,26.0,Bacharelado,Capitais,Híbrido,Feminino,Branca,0.42692679997359334
CAND_08972,0.5,39.0,Bacharelado,Região Metropolitana,Híbrido,Feminino,Branca,0.4209223451374615
CAND_08973,4.4,38.0,Mestrado,Capitais,Presencial,Não-binário,Preta,0.0
CAND_08974,8.0,51.0,Ensino Médio,Região Metropolitana,Presencial,Masculino,Branca,0.5811127776892138
CAND_08975,2.6,60.0,Mestrado,Capitais,Híbrido,Feminino,Branca,0.5882609107691981
CAND_08976,4.2,56.0,Bacharelado,Capitais,Híbrido,Masculino,Branca,0.8694540056542431
CAND_08977,8.3,49.0,Bacharelado,Região Metropolitana,Remoto,Masculino,Preta,0.35080964403549875
CAND_08978,0.4,62.0,Bacharelado,Região Metropolitana,Híbrido,Masculino,Branca,0.8977065421436232
CAND_08979,0.3,54.0,Bacharelado,Capitais,Presencial,Masculino,Parda,0.6925260104432297
CAND_08980,7.5,72.0,Bacharelado,Região Metropolitana,Híbrido,Feminino,Parda,0.35718896496306984
CAND_08981,1.9,31.0,Bacharelado,Capitais,Híbrido,Masculino,Preta,0.4126726519293772
CAND_08982,4.3,38.0,Bacharelado,Capitais,Híbrido,Masculino,Amarela,0.5468700085059346
CAND_08983,0.1,30.0,Bacharelado,Região Metropolitana,Híbrido,Masculino,Branca,0.5408513306223683
CAND_08984,2.3,53.0,Bacharelado,Capitais,Híbrido,Feminino,Preta,0.08571454032656435
CAND_08985,6.2,39.0,Mestrado,Região Metropolitana,Presencial,Masculino,Branca,0.8899407572016349
CAND_08986,7.6,53.0,Bacharelado,Capitais,Híbrido,Feminino,Branca,0.41519776697762756
CAND_08987,8.4,35.0,Bacharelado,Capitais,Híbrido,Masculino,Branca,0.8492451213209856
CAND_08988,2.1,50.0,Mestrado,Capitais,Remoto,Não-binário,Indígena,0.0
CAND_08989,10.9,48.0,Mestrado,Capitais,Presencial,Masculino,Branca,1.0
CAND_08990,6.2,62.0,Mestrado,Região Metropolitana,Presencial,Masculino,Branca,0.9397466377202094
CAND_08991,2.4,27.0,Bacharelado,Região Metropolitana,Híbrido,Masculino,Branca,0.7469139260679787
CAND_08992,3.9,44.0,Bacharelado,Capitais,Presencial,Masculino,Branca,1.0
CAND_08993,5.1,67.0,Bacharelado,Capitais,Presencial,Masculino,Preta,0.6749721942255237
CAND_08994,0.0,54.0,Mestrado,Região Metropolitana,Híbrido,Masculino,Branca,0.8262057352326618
CAND_08995,3.7,46.0,Mestrado,Interior,Presencial,Masculino,Preta,0.21977241350232313
CAND_08996,2.3,81.0,Bacharelado,Região Metropolitana,Presencial,Feminino,Branca,0.5457363903352199
CAND_08997,6.7,68.0,Ensino Médio,Capitais,Presencial,Masculino,Branca,0.9225741996841035
CAND_08998,3.3,75.0,Ensino Médio,Região Metropolitana,Remoto,Masculino,Branca,0.952871155877856
CAND_08999,6.2,35.0,Bacharelado,Capitais,Presencial,Masculino,Preta,0.4639216261832084
CAND_09000,6.4,100.0,Doutorado,Capitais,Híbrido,Feminino,Branca,0.8065702433185401
CAND_09001,6.6,49.0,Bacharelado,Interior,Remoto,Masculino,Parda,0.5869739534360928
CAND_09002,0.7,39.0,Doutorado,Região Metropolitana,Remoto,Feminino,Indígena,0.017639903310221222
CAND_09003,9.2,49.0,Bacharelado,Região Metropolitana,Presencial,Masculino,Parda,0.7710395432055904
CAND_09004,6.0,50.0,Bacharelado,Capitais,Híbrido,Feminino,Parda,0.47721926410637816
CAND_09005,4.5,66.0,Ensino Médio,Capitais,Híbrido,Masculino,Indígena,0.6442346313330651
CAND_09006,7.2,39.0,Bacharelado,Capitais,Híbrido,Feminino,Branca,0.4253481081246082
CAND_09007,0.0,38.0,Bacharelado,Região Metropolitana,Híbrido,Masculino,Branca,0.8146532093440396
CAND_09008,4.9,43.0,Mestrado,Interior,Remoto,Masculino,Preta,0.11047650746887064
CAND_09009,0.0,30.0,Doutorado,Região Metropolitana,Remoto,Feminino,Parda,0.2350655171484556
CAND_09010,5.3,42.0,Bacharelado,Região Metropolitana,Remoto,Masculino,Amarela,0.39440377747587824
CAND_09011,5.7,60.0,Bacharelado,Região Metropolitana,Remoto,Feminino,Parda,0.4042348690600454
CAND_09012,8.2,66.0,Ensino Médio,Interior,Híbrido,Não-binário,Branca,0.14121663594560618
CAND_09013,8.4,39.0,Mestrado,Capitais,Híbrido,Masculino,Indígena,0.7854519611158335
CAND_09014,2.9,32.0,Bacharelado,Capitais,Remoto,Masculino,Parda,0.6960870380553005
CAND_09015,5.9,44.0,Ensino Médio,Região Metropolitana,Presencial,Masculino,Preta,0.4326381510427778
CAND_09016,3.7,31.0,Bacharelado,Capitais,Presencial,Feminino,Branca,0.3304561488021469
CAND_09017,6.0,47.0,Bacharelado,Região Metropolitana,Híbrido,Masculino,Amarela,0.23822168986358763
CAND_09018,3.9,39.0,Mestrado,Capitais,Híbrido,Masculino,Branca,0.8216209795450763
CAND_09019,5.5,59.0,Doutorado,Capitais,Híbrido,Não-binário,Parda,0.46380211867471144
CAND_09020,1.9,30.0,Mestrado,Capitais,Híbrido,Masculino,Branca,0.6887943981553986
CAND_09021,6.4,55.0,Doutorado,Interior,Remoto,Feminino,Preta,0.0
CAND_09022,0.0,40.0,Doutorado,Capitais,Remoto,Masculino,Branca,0.9512778397273287
CAND_09023,3.0,49.0,Bacharelado,Região Metropolitana,Híbrido,Masculino,Branca,0.8605938771498425
CAND_09024,3.3,26.0,Bacharelado,Região Metropolitana,Remoto,Feminino,Branca,0.41146920495009603
CAND_09025,7.4,56.0,Mestrado,Capitais,Híbrido,Masculino,Indígena,0.7139750082550709
CAND_09026,6.7,40.0,Bacharelado,Interior,Híbrido,Masculino,Parda,0.48209355107696106
CAND_09027,0.0,9.0,Bacharelado,Capitais,Híbrido,Masculino,Branca,0.7201752155686043
CAND_09028,4.4,27.0,Mestrado,Região Metropolitana,Remoto,Feminino,Branca,0.35440779866824057
CAND_09029,1.5,49.0,Bacharelado,Capitais,Híbrido,Masculino,Parda,0.7792281771426139
CAND_09030,0.1,47.0,Mestrado,Região Metropolitana,Presencial,Masculino,Amarela,0.38277471049228634
CAND_09031,4.6,48.0,Bacharelado,Interior,Presencial,Feminino,Branca,0.3124577746016206
CAND_09032,4.7,69.0,Bacharelado,Interior,Remoto,Masculino,Parda,0.56344172365827
CAND_09033,7.8,69.0,Bacharelado,Capitais,Remoto,Masculino,Branca,1.0
CAND_09034,7.5,34.0,Bacharelado,Capitais,Presencial,Feminino,Branca,0.61486586557205
CAND_09035,9.5,42.0,Doutorado,Capitais,Remoto,Masculino,Branca,1.0
CAND_09036,4.4,50.0,Ensino Médio,Capitais,Híbrido,Feminino,Branca,0.4411902485341955
CAND_09037,4.9,71.0,Bacharelado,Capitais,Remoto,Masculino,Preta,0.6013639239831191
CAND_09038,5.1,34.0,Bacharelado,Região Metropolitana,Híbrido,Masculino,Indígena,0.5782318614345231
CAND_09039,5.5,36.0,Bacharelado,Capitais,Presencial,Feminino,Branca,0.43311721780048984
CAND_09040,2.4,49.0,Bacharelado,Capitais,Híbrido,Masculino,Preta,0.44356266914558895
CAND_09041,5.9,52.0,Bacharelado,Capitais,Remoto,Masculino,Preta,0.40850782924609225
CAND_09042,2.7,51.0,Bacharelado,Capitais,Presencial,Masculino,Branca,0.9064740115949739
CAND_09043,2.8,52.0,Bacharelado,Região Metropolitana,Presencial,Masculino,Amarela,0.226235478825476
CAND_09044,5.6,45.0,Doutorado,Capitais,Remoto,Feminino,Branca,0.7605044271063042
CAND_09045,3.4,31.0,Bacharelado,Região Metropolitana,Híbrido,Feminino,Indígena,0.07734831980434778
CAND_09046,9.6,42.0,Mestrado,Capitais,Híbrido,Feminino,Parda,0.7038507860468709
CAND_09047,3.7,49.0,Bacharelado,Capitais,Híbrido,Feminino,Preta,0.0
CAND_09048,6.6,63.0,Bacharelado,Interior,Híbrido,Masculino,Branca,0.7517919697065731
CAND_09049,3.1,44.0,Bacharelado,Região Metropolitana,Presencial,Masculino,Preta,0.19228453891856942
CAND_09050,0.0,58.0,Mestrado,Interior,Presencial,Não-binário,Preta,0.0
CAND_09051,7.5,41.0,Bacharelado,Capitais,Presencial,Feminino,Branca,0.5750774882261762
CAND_09052,5.6,31.0,Bacharelado,Região Metropolitana,Híbrido,Masculino,Branca,0.7579141772536261
CAND_09053,9.6,72.0,Bacharelado,Capitais,Remoto,Feminino,Branca,0.6650002436265627
CAND_09054,3.9,41.0,Doutorado,Capitais,Presencial,Feminino,Branca,0.6893599551553748
CAND_09055,4.0,62.0,Bacharelado,Capitais,Híbrido,Masculino,Branca,1.0
CAND_09056,5.7,54.0,Mestrado,Capitais,Híbrido,Feminino,Branca,0.5007437129792305
CAND_09057,8.2,65.0,Bacharelado,Região Metropolitana,Presencial,Masculino,Branca,0.9304377560853776
CAND_09058,7.1,41.0,Mestrado,Região Metropolitana,Híbrido,Masculino,Preta,0.2109284150161875
CAND_09059,5.4,34.0,Bacharelado,Capitais,Presencial,Masculino,Branca,0.8673161477645805
CAND_09060,3.3,62.0,Bacharelado,Interior,Remoto,Feminino,Parda,0.09352736030565907
CAND_09061,9.0,46.0,Mestrado,Capitais,Presencial,Feminino,Branca,0.7054645065680447
CAND_09062,2.6,67.0,Ensino Médio,Capitais,Presencial,Feminino,Branca,0.48097261767208666
CAND_09063,1.3,49.0,Bacharelado,Capitais,Híbrido,Feminino,Branca,0.4881309481808569
CAND_09064,4.7,28.0,Mestrado,Capitais,Remoto,Masculino,Branca,0.8139077693020265
CAND_09065,4.3,51.0,Bacharelado,Capitais,Híbrido,Masculino,Branca,0.9022624505370154
CAND_09066,1.8,53.0,Bacharelado,Interior,Híbrido,Feminino,Branca,0.13895135482777474
CAND_09067,4.3,53.0,Mestrado,Região Metropolitana,Híbrido,Feminino,Indígena,0.1107070188759099
CAND_09068,0.9,46.0,Bacharelado,Interior,Remoto,Feminino,Branca,0.20679227102373976
CAND_09069,1.0,54.0,Bacharelado,Capitais,Híbrido,Masculino,Amarela,0.408739200732198
CAND_09070,6.9,45.0,Bacharelado,Capitais,Híbrido,Feminino,Branca,0.5429185459113898
CAND_09071,11.0,63.0,Mestrado,Capitais,Presencial,Masculino,Amarela,0.8856487351223934
CAND_09072,1.9,43.0,Mestrado,Capitais,Híbrido,Masculino,Branca,0.9509867670824343
CAND_09073,2.4,32.0,Ensino Médio,Interior,Híbrido,Feminino,Indígena,0.0
CAND_09074,8.5,77.0,Bacharelado,Capitais,Híbrido,Feminino,Parda,0.5700975025014441
CAND_09075,2.1,52.0,Ensino Médio,Capitais,Presencial,Feminino,Parda,0.26673177267589687
CAND_09076,6.0,57.0,Bacharelado,Região Metropolitana,Remoto,Feminino,Branca,0.41599342747259144
CAND_09077,5.5,67.0,Bacharelado,Região Metropolitana,Híbrido,Masculino,Branca,1.0
CAND_09078,3.2,43.0,Mestrado,Capitais,Híbrido,Feminino,Branca,0.566061919696516
CAND_09079,4.9,69.0,Mestrado,Capitais,Híbrido,Masculino,Branca,0.9797714673293164
CAND_09080,5.2,52.0,Ensino Médio,Capitais,Híbrido,Feminino,Branca,0.6199175482075487
CAND_09081,7.3,75.0,Mestrado,Capitais,Híbrido,Feminino,Branca,0.6968494642869789
CAND_09082,7.7,40.0,Bacharelado,Capitais,Híbrido,Masculino,Branca,0.9799525352869828
CAND_09083,2.5,37.0,Mestrado,Região Metropolitana,Presencial,Masculino,Branca,0.8028345705267046
CAND_09084,2.5,49.0,Bacharelado,Capitais,Presencial,Masculino,Indígena,0.5528831547519616
CAND_09085,1.8,21.0,Bacharelado,Capitais,Híbrido,Feminino,Preta,0.0
CAND_09086,8.1,48.0,Bacharelado,Região Metropolitana,Híbrido,Masculino,Branca,0.8627495873972261
CAND_09087,5.5,51.0,Mestrado,Região Metropolitana,Presencial,Masculino,Preta,0.34661891457814215
CAND_09088,3.1,68.0,Ensino Médio,Capitais,Híbrido,Feminino,Branca,0.5281018415035432
CAND_09089,6.9,40.0,Bacharelado,Interior,Remoto,Feminino,Preta,0.0
CAND_09090,7.5,57.0,Bacharelado,Capitais,Presencial,Masculino,Amarela,0.6796162009255737
CAND_09091,9.6,50.0,Bacharelado,Região Metropolitana,Remoto,Masculino,Branca,0.9358967257192014
CAND_09092,7.4,61.0,Bacharelado,Capitais,Presencial,Masculino,Branca,1.0
CAND_09093,0.0,28.0,Bacharelado,Capitais,Presencial,Masculino,Branca,0.5754063843632045
CAND_09094,3.8,59.0,Bacharelado,Capitais,Híbrido,Feminino,Indígena,0.21417681229681249
CAND_09095,3.1,57.0,Mestrado,Região Metropolitana,Híbrido,Masculino,Branca,0.8710636891033999
CAND_09096,9.2,25.0,Doutorado,Capitais,Remoto,Masculino,Amarela,0.5837524465697181
CAND_09097,8.8,41.0,Bacharelado,Capitais,Remoto,Feminino,Branca,0.6144567989707368
CAND_09098,2.8,47.0,Doutorado,Capitais,Híbrido,Masculino,Branca,0.7903519850956183
CAND_09099,5.6,33.0,Bacharelado,Região Metropolitana,Híbrido,Feminino,Branca,0.4608718459346356
CAND_09100,7.3,42.0,Bacharelado,Capitais,Híbrido,Feminino,Branca,0.6101368680730023
CAND_09101,6.4,59.0,Doutorado,Capitais,Remoto,Feminino,Branca,0.7018252307983569
CAND_09102,8.7,60.0,Bacharelado,Capitais,Híbrido,Masculino,Parda,0.9927092478840236
CAND_09103,5.2,54.0,Bacharelado,Capitais,Presencial,Feminino,Branca,0.4723491924800642
CAND_09104,5.4,68.0,Bacharelado,Região Metropolitana,Híbrido,Masculino,Preta,0.33349524962306126
CAND_09105,8.2,52.0,Bacharelado,Região Metropolitana,Presencial,Não-binário,Preta,0.0
CAND_09106,7.1,69.0,Bacharelado,Região Metropolitana,Híbrido,Não-binário,Branca,0.4724245218629979
CAND_09107,4.8,51.0,Bacharelado,Capitais,Presencial,Feminino,Branca,0.5333133163380485
CAND_09108,6.0,54.0,Bacharelado,Interior,Híbrido,Masculino,Branca,0.847241498127745
CAND_09109,3.3,34.0,Bacharelado,Capitais,Remoto,Masculino,Indígena,0.8292810974023745
CAND_09110,3.8,39.0,Bacharelado,Região Metropolitana,Híbrido,Masculino,Preta,0.35221516251444557
CAND_09111,4.6,37.0,Mestrado,Capitais,Presencial,Masculino,Branca,1.0
CAND_09112,0.0,54.0,Ensino Médio,Capitais,Presencial,Masculino,Branca,0.9087747819910663
CAND_09113,4.6,51.0,Bacharelado,Região Metropolitana,Remoto,Masculino,Branca,0.9054465310379229
CAND_09114,0.0,56.0,Mestrado,Interior,Híbrido,Masculino,Branca,0.6005468673109866
CAND_09115,10.9,65.0,Mestrado,Capitais,Presencial,Masculino,Branca,1.0
CAND_09116,7.3,37.0,Bacharelado,Região Metropolitana,Presencial,Feminino,Branca,0.5817624290312466
CAND_09117,2.5,61.0,Doutorado,Capitais,Remoto,Feminino,Branca,0.664035572176048
CAND_09118,0.8,52.0,Bacharelado,Região Metropolitana,Remoto,Feminino,Branca,0.40279386484711216
CAND_09119,5.6,62.0,Bacharelado,Região Metropolitana,Presencial,Não-binário,Branca,0.3743259416867355
CAND_09120,10.3,30.0,Bacharelado,Capitais,Híbrido,Masculino,Branca,1.0
CAND_09121,6.8,33.0,Bacharelado,Região Metropolitana,Híbrido,Feminino,Parda,0.4640312313542224
CAND_09122,9.5,62.0,Bacharelado,Interior,Remoto,Não-binário,Parda,0.0
CAND_09123,3.2,38.0,Bacharelado,Região Metropolitana,Remoto,Feminino,Branca,0.28852114473575896
CAND_09124,1.0,48.0,Mestrado,Capitais,Presencial,Masculino,Branca,1.0
CAND_09125,8.6,53.0,Mestrado,Capitais,Presencial,Masculino,Indígena,0.5953738072665937
CAND_09126,6.6,39.0,Mestrado,Região Metropolitana,Remoto,Feminino,Branca,0.41285999730701795
CAND_09127,9.6,29.0,Ensino Médio,Capitais,Híbrido,Masculino,Branca,0.7682944165977967
CAND_09128,7.3,64.0,Bacharelado,Capitais,Presencial,Masculino,Branca,1.0
CAND_09129,9.5,39.0,Bacharelado,Capitais,Híbrido,Masculino,Amarela,0.5771143911735193
CAND_09130,6.4,57.0,Mestrado,Capitais,Remoto,Masculino,Branca,0.9871368626315794
CAND_09131,5.2,57.0,Bacharelado,Capitais,Híbrido,Masculino,Preta,0.554884466754304
CAND_09132,3.4,51.0,Mestrado,Região Metropolitana,Híbrido,Feminino,Branca,0.5299610138403442
CAND_09133,7.9,41.0,Doutorado,Capitais,Remoto,Feminino,Branca,0.4838823858822927
CAND_09134,6.2,52.0,Bacharelado,Região Metropolitana,Remoto,Feminino,Preta,0.0
CAND_09135,8.4,39.0,Mestrado,Capitais,Remoto,Feminino,Branca,0.6880652187566153
CAND_09136,5.8,44.0,Bacharelado,Região Metropolitana,Remoto,Feminino,Preta,0.0
CAND_09137,7.8,46.0,Bacharelado,Capitais,Remoto,Masculino,Branca,1.0
CAND_09138,0.0,44.0,Mestrado,Região Metropolitana,Híbrido,Masculino,Amarela,0.5009107723985169
CAND_09139,4.2,48.0,Bacharelado,Região Metropolitana,Presencial,Masculino,Preta,0.3457252677741758
CAND_09140,7.7,67.0,Mestrado,Capitais,Remoto,Masculino,Parda,0.8693565446249288
CAND_09141,5.4,59.0,Bacharelado,Capitais,Híbrido,Feminino,Parda,0.5078595654368919
CAND_09142,0.0,40.0,Bacharelado,Região Metropolitana,Presencial,Feminino,Branca,0.36735011145014884
CAND_09143,6.0,38.0,Bacharelado,Capitais,Presencial,Masculino,Branca,0.7962754158896522
CAND_09144,10.3,61.0,Doutorado,Interior,Presencial,Masculino,Amarela,0.41855708732441044
CAND_09145,11.1,49.0,Ensino Médio,Capitais,Presencial,Feminino,Preta,0.11991492249759607
CAND_09146,4.1,63.0,Bacharelado,Região Metropolitana,Híbrido,Masculino,Branca,0.8305484648134783
CAND_09147,4.5,47.0,Bacharelado,Região Metropolitana,Presencial,Masculino,Branca,0.7681942903219392
CAND_09148,4.6,52.0,Mestrado,Região Metropolitana,Presencial,Masculino,Branca,0.8541876664380588
CAND_09149,6.4,35.0,Ensino Médio,Capitais,Remoto,Masculino,Indígena,0.5324387856045223
CAND_09150,0.0,26.0,Bacharelado,Capitais,Remoto,Não-binário,Branca,0.28715393702272385
CAND_09151,2.6,43.0,Mestrado,Região Metropolitana,Remoto,Feminino,Preta,0.0
CAND_09152,2.0,50.0,Bacharelado,Capitais,Remoto,Masculino,Branca,0.8162526865160822
CAND_09153,3.7,41.0,Bacharelado,Capitais,Híbrido,Feminino,Branca,0.4093084249811825
CAND_09154,5.8,46.0,Bacharelado,Capitais,Híbrido,Feminino,Preta,0.0015742958777660368
CAND_09155,7.5,35.0,Mestrado,Região Metropolitana,Híbrido,Masculino,Branca,0.8733171062329016
CAND_09156,7.4,32.0,Bacharelado,Capitais,Híbrido,Feminino,Branca,0.7193334197145597
CAND_09157,3.1,55.0,Ensino Médio,Capitais,Presencial,Feminino,Branca,0.5195410041968992
CAND_09158,5.8,28.0,Mestrado,Região Metropolitana,Remoto,Masculino,Branca,0.8246008104792002
CAND_09159,7.7,91.0,Mestrado,Região Metropolitana,Remoto,Masculino,Branca,1.0
CAND_09160,7.8,40.0,Ensino Médio,Interior,Híbrido,Masculino,Preta,0.07380261989673115
CAND_09161,6.4,37.0,Bacharelado,Capitais,Híbrido,Feminino,Preta,0.0
CAND_09162,4.9,64.0,Mestrado,Região Metropolitana,Remoto,Masculino,Preta,0.5353629270953806
CAND_09163,3.2,63.0,Doutorado,Capitais,Híbrido,Masculino,Parda,0.9096551839976385
CAND_09164,6.9,47.0,Bacharelado,Capitais,Presencial,Masculino,Branca,0.8660837945526343
CAND_09165,5.2,71.0,Mestrado,Capitais,Presencial,Masculino,Branca,1.0
CAND_09166,8.2,64.0,Bacharelado,Região Metropolitana,Remoto,Masculino,Branca,1.0
CAND_09167,10.2,67.0,Bacharelado,Capitais,Híbrido,Feminino,Branca,0.7480419717968407
CAND_09168,4.9,32.0,Bacharelado,Região Metropolitana,Híbrido,Feminino,Branca,0.430304842668517
CAND_09169,2.5,39.0,Mestrado,Capitais,Presencial,Feminino,Preta,0.0
CAND_09170,4.1,35.0,Bacharelado,Capitais,Híbrido,Masculino,Indígena,0.5631666084878981
CAND_09171,0.0,44.0,Mestrado,Capitais,Presencial,Masculino,Branca,0.837200569932105
CAND_09172,6.7,61.0,Ensino Médio,Região Metropolitana,Híbrido,Feminino,Preta,0.0
CAND_09173,5.2,74.0,Mestrado,Região Metropolitana,Presencial,Feminino,Branca,0.5931629009504052
CAND_09174,6.5,60.0,Bacharelado,Capitais,Híbrido,Feminino,Branca,0.8162352016692591
CAND_09175,5.1,33.0,Mestrado,Capitais,Híbrido,Feminino,Branca,0.3825696562572685
CAND_09176,7.0,45.0,Bacharelado,Capitais,Remoto,Masculino,Amarela,0.4142300191813202
CAND_09177,8.4,41.0,Bacharelado,Região Metropolitana,Híbrido,Não-binário,Amarela,0.0
CAND_09178,5.4,29.0,Mestrado,Interior,Presencial,Masculino,Branca,0.6849572434006058
CAND_09179,5.2,60.0,Mestrado,Capitais,Híbrido,Masculino,Branca,0.9019585633941578
CAND_09180,5.6,54.0,Bacharelado,Região Metropolitana,Híbrido,Feminino,Branca,0.38452778987911007
CAND_09181,7.4,47.0,Bacharelado,Capitais,Presencial,Feminino,Branca,0.5534620448639944
CAND_09182,2.6,63.0,Bacharelado,Região Metropolitana,Híbrido,Masculino,Parda,0.6332380739958761
CAND_09183,6.0,52.0,Mestrado,Capitais,Presencial,Masculino,Parda,0.927874296992184
CAND_09184,4.5,82.0,Mestrado,Capitais,Presencial,Feminino,Preta,0.17627550276899123
CAND_09185,0.9,44.0,Bacharelado,Capitais,Híbrido,Masculino,Branca,0.8186430915642087
CAND_09186,6.4,40.0,Mestrado,Interior,Híbrido,Não-binário,Parda,0.0048994077653462115
CAND_09187,8.2,43.0,Mestrado,Capitais,Híbrido,Feminino,Branca,0.5476848183663691
CAND_09188,9.2,19.0,Bacharelado,Interior,Remoto,Feminino,Branca,0.24297849371800112
CAND_09189,2.7,24.0,Bacharelado,Capitais,Híbrido,Masculino,Branca,0.8565620899496061
CAND_09190,1.9,40.0,Bacharelado,Capitais,Remoto,Não-binário,Branca,0.4352243928582017
CAND_09191,1.1,38.0,Bacharelado,Região Metropolitana,Híbrido,Feminino,Branca,0.27247243991051695
CAND_09192,4.7,59.0,Bacharelado,Capitais,Remoto,Masculino,Branca,0.9053625122218989
CAND_09193,6.8,60.0,Mestrado,Região Metropolitana,Presencial,Masculino,Branca,0.8060462290787723
CAND_09194,10.9,27.0,Bacharelado,Capitais,Remoto,Masculino,Branca,0.7775377635547869
CAND_09195,1.1,48.0,Ensino Médio,Capitais,Híbrido,Feminino,Branca,0.4238733365974385
CAND_09196,3.7,52.0,Ensino Médio,Região Metropolitana,Remoto,Masculino,Branca,0.7983379082877444
CAND_09197,2.8,88.0,Bacharelado,Capitais,Híbrido,Masculino,Branca,1.0
CAND_09198,5.8,64.0,Mestrado,Capitais,Remoto,Masculino,Amarela,0.4166301535751841
CAND_09199,2.8,75.0,Bacharelado,Capitais,Remoto,Masculino,Branca,0.9172166516197557
CAND_09200,7.7,76.0,Mestrado,Capitais,Remoto,Masculino,Indígena,0.8499058359055915
CAND_09201,5.2,67.0,Bacharelado,Região Metropolitana,Remoto,Feminino,Branca,0.5088445841029873
CAND_09202,10.2,35.0,Bacharelado,Região Metropolitana,Híbrido,Feminino,Preta,0.017127694614490513
CAND_09203,10.6,44.0,Bacharelado,Região Metropolitana,Híbrido,Não-binário,Indígena,0.22073751579389556
CAND_09204,12.9,63.0,Mestrado,Capitais,Presencial,Masculino,Branca,1.0
CAND_09205,3.3,30.0,Ensino Médio,Capitais,Remoto,Feminino,Branca,0.3628691683803527
CAND_09206,5.7,54.0,Bacharelado,Capitais,Remoto,Masculino,Parda,0.9473523223392126
CAND_09207,3.4,47.0,Bacharelado,Capitais,Presencial,Feminino,Parda,0.24923464818045837
CAND_09208,4.4,51.0,Mestrado,Capitais,Híbrido,Masculino,Amarela,0.49136007321713193
CAND_09209,5.7,65.0,Bacharelado,Capitais,Remoto,Masculino,Branca,0.8918112603675387
CAND_09210,3.9,45.0,Ensino Médio,Região Metropolitana,Híbrido,Masculino,Branca,0.7999834500758425
CAND_09211,7.7,31.0,Mestrado,Capitais,Híbrido,Masculino,Amarela,0.7270986163207975
CAND_09212,4.4,50.0,Bacharelado,Capitais,Remoto,Masculino,Branca,0.9558984857561555
CAND_09213,4.4,40.0,Ensino Médio,Capitais,Presencial,Masculino,Branca,0.7942441256406589
CAND_09214,7.5,65.0,Bacharelado,Capitais,Híbrido,Feminino,Branca,0.7129661612974154
CAND_09215,2.6,60.0,Bacharelado,Capitais,Híbrido,Não-binário,Branca,0.5266575453440161
CAND_09216,8.2,42.0,Mestrado,Região Metropolitana,Remoto,Masculino,Branca,0.9968581150458984
CAND_09217,6.0,40.0,Bacharelado,Região Metropolitana,Remoto,Feminino,Branca,0.521999070534599
CAND_09218,4.6,40.0,Bacharelado,Capitais,Híbrido,Feminino,Indígena,0.3374905271564126
CAND_09219,0.0,52.0,Doutorado,Região Metropolitana,Híbrido,Feminino,Parda,0.43966289464885694
CAND_09220,6.0,29.0,Bacharelado,Capitais,Presencial,Masculino,Preta,0.30494572735705033
CAND_09221,9.1,55.0,Mestrado,Região Metropolitana,Híbrido,Feminino,Branca,0.5727356913178041
CAND_09222,3.3,72.0,Doutorado,Região Metropolitana,Híbrido,Feminino,Branca,0.5956826261540273
CAND_09223,5.7,64.0,Mestrado,Capitais,Híbrido,Feminino,Branca,0.5029243598424732
CAND_09224,2.9,71.0,Mestrado,Região Metropolitana,Presencial,Feminino,Parda,0.6398048945462018
CAND_09225,3.4,32.0,Mestrado,Capitais,Híbrido,Masculino,Branca,1.0
CAND_09226,7.5,70.0,Mestrado,Capitais,Remoto,Masculino,Amarela,0.6414005381550766
CAND_09227,5.7,34.0,Bacharelado,Capitais,Híbrido,Feminino,Branca,0.6178737971764189
CAND_09228,4.6,48.0,Bacharelado,Capitais,Presencial,Masculino,Preta,0.18366844931405024
CAND_09229,8.9,55.0,Mestrado,Capitais,Presencial,Masculino,Branca,0.927518475116418
CAND_09230,7.8,38.0,Bacharelado,Capitais,Remoto,Feminino,Parda,0.6286796971761952
CAND_09231,0.0,75.0,Mestrado,Capitais,Híbrido,Feminino,Preta,0.0
CAND_09232,5.7,44.0,Bacharelado,Capitais,Híbrido,Feminino,Branca,0.5195402651534012
CAND_09233,7.6,78.0,Mestrado,Capitais,Híbrido,Masculino,Amarela,0.7962023819209536
CAND_09234,6.9,50.0,Bacharelado,Capitais,Remoto,Feminino,Indígena,0.3034963455004862
CAND_09235,4.0,67.0,Ensino Médio,Capitais,Presencial,Masculino,Branca,0.8996737477630794
CAND_09236,1.0,66.0,Bacharelado,Capitais,Remoto,Feminino,Branca,0.5667644708515132
CAND_09237,5.3,83.0,Bacharelado,Interior,Remoto,Masculino,Branca,0.6959463553944062
CAND_09238,4.0,52.0,Bacharelado,Capitais,Híbrido,Feminino,Branca,0.4894761061134712
CAND_09239,0.0,68.0,Bacharelado,Capitais,Presencial,Masculino,Branca,1.0
CAND_09240,4.4,65.0,Bacharelado,Capitais,Híbrido,Masculino,Branca,0.8826071263397588
CAND_09241,5.7,65.0,Bacharelado,Capitais,Híbrido,Masculino,Branca,0.9704699486787184
CAND_09242,5.6,33.0,Mestrado,Capitais,Híbrido,Masculino,Parda,0.8297438200210916
CAND_09243,1.6,61.0,Bacharelado,Interior,Presencial,Feminino,Branca,0.21293547154545736
CAND_09244,3.0,58.0,Bacharelado,Capitais,Híbrido,Masculino,Branca,0.9979648588030046
CAND_09245,2.9,50.0,Mestrado,Região Metropolitana,Híbrido,Feminino,Branca,0.43653453142258997
CAND_09246,4.7,59.0,Bacharelado,Interior,Híbrido,Não-binário,Branca,0.1394711950448607
CAND_09247,4.3,45.0,Mestrado,Interior,Presencial,Masculino,Preta,0.2899178583640711
CAND_09248,6.4,49.0,Bacharelado,Região Metropolitana,Híbrido,Masculino,Branca,0.8463716088414898
CAND_09249,4.0,79.0,Bacharelado,Região Metropolitana,Remoto,Feminino,Amarela,0.08388830905137343
CAND_09250,5.6,27.0,Mestrado,Interior,Híbrido,Feminino,Branca,0.30391901547187716
CAND_09251,5.7,60.0,Bacharelado,Capitais,Híbrido,Masculino,Branca,1.0
CAND_09252,6.3,44.0,Bacharelado,Capitais,Remoto,Masculino,Branca,0.847647341541974
CAND_09253,0.0,45.0,Bacharelado,Região Metropolitana,Híbrido,Masculino,Branca,0.570533470895823
CAND_09254,4.6,69.0,Bacharelado,Capitais,Híbrido,Masculino,Branca,0.9165671757289275
CAND_09255,12.6,42.0,Ensino Médio,Região Metropolitana,Presencial,Feminino,Preta,0.1810564591909998
CAND_09256,1.6,43.0,Bacharelado,Região Metropolitana,Remoto,Masculino,Parda,0.6672012971718265
CAND_09257,4.7,49.0,Bacharelado,Região Metropolitana,Remoto,Masculino,Preta,0.23356085810586302
CAND_09258,7.6,68.0,Bacharelado,Capitais,Remoto,Feminino,Branca,0.4823227401827059
CAND_09259,11.4,27.0,Bacharelado,Interior,Híbrido,Masculino,Parda,0.6091601695131414
CAND_09260,10.2,86.0,Mestrado,Região Metropolitana,Remoto,Masculino,Amarela,0.7365694039914228
CAND_09261,5.9,76.0,Mestrado,Região Metropolitana,Híbrido,Masculino,Branca,0.9960624002097089
CAND_09262,0.6,43.0,Mestrado,Capitais,Remoto,Feminino,Branca,0.49620493397531557
CAND_09263,2.0,63.0,Bacharelado,Região Metropolitana,Híbrido,Feminino,Branca,0.42391138871553685
CAND_09264,14.0,36.0,Bacharelado,Capitais,Presencial,Masculino,Branca,0.9555322703407951
CAND_09265,4.9,39.0,Bacharelado,Interior,Híbrido,Masculino,Preta,0.26567681979062174
CAND_09266,7.1,29.0,Bacharelado,Região Metropolitana,Remoto,Masculino,Branca,0.7723299970190616
CAND_09267,0.3,17.0,Mestrado,Interior,Híbrido,Feminino,Branca,0.17517783358714634
CAND_09268,5.4,23.0,Bacharelado,Região Metropolitana,Presencial,Masculino,Amarela,0.3411560956420757
CAND_09269,7.1,67.0,Bacharelado,Capitais,Presencial,Masculino,Branca,0.8377761568984989
CAND_09270,8.4,35.0,Bacharelado,Região Metropolitana,Híbrido,Feminino,Branca,0.47416778470314336
CAND_09271,6.5,57.0,Doutorado,Interior,Híbrido,Masculino,Branca,0.8266252436074646
CAND_09272,5.0,43.0,Mestrado,Capitais,Híbrido,Masculino,Branca,0.95343683416816
CAND_09273,7.8,86.0,Mestrado,Capitais,Híbrido,Masculino,Branca,1.0
CAND_09274,2.9,47.0,Mestrado,Capitais,Híbrido,Masculino,Branca,0.9801653709998186
CAND_09275,7.0,48.0,Bacharelado,Capitais,Remoto,Feminino,Branca,0.4922206724739526
CAND_09276,9.2,35.0,Mestrado,Capitais,Presencial,Masculino,Branca,0.9549035688489292
CAND_09277,7.1,57.0,Bacharelado,Capitais,Híbrido,Masculino,Branca,1.0
CAND_09278,4.6,26.0,Bacharelado,Interior,Híbrido,Masculino,Amarela,0.30733312201713886
CAND_09279,1.8,48.0,Bacharelado,Capitais,Remoto,Feminino,Branca,0.45700292079929566
CAND_09280,7.5,49.0,Mestrado,Capitais,Presencial,Masculino,Preta,0.6132071419478148
CAND_09281,10.1,43.0,Bacharelado,Interior,Remoto,Feminino,Branca,0.30189923638605654
CAND_09282,6.3,71.0,Bacharelado,Capitais,Híbrido,Feminino,Branca,0.6343789402024966
CAND_09283,6.2,62.0,Bacharelado,Região Metropolitana,Híbrido,Masculino,Branca,0.8644790554145916
CAND_09284,4.6,52.0,Doutorado,Região Metropolitana,Remoto,Feminino,Branca,0.4579707144889909
CAND_09285,4.2,51.0,Bacharelado,Região Metropolitana,Remoto,Feminino,Preta,0.0
CAND_09286,2.9,37.0,Bacharelado,Interior,Remoto,Feminino,Branca,0.09762146846445513
CAND_09287,1.5,49.0,Bacharelado,Capitais,Remoto,Feminino,Amarela,0.13449055832712084
CAND_09288,3.1,61.0,Bacharelado,Capitais,Remoto,Feminino,Branca,0.4920122299631695
CAND_09289,4.1,45.0,Bacharelado,Capitais,Híbrido,Masculino,Amarela,0.42950573010630466
CAND_09290,6.6,74.0,Bacharelado,Região Metropolitana,Remoto,Masculino,Preta,0.3557096352099076
CAND_09291,5.6,62.0,Mestrado,Capitais,Presencial,Masculino,Preta,0.6762983105502229
CAND_09292,1.8,71.0,Mestrado,Interior,Remoto,Masculino,Indígena,0.4485134379284478
CAND_09293,7.3,31.0,Bacharelado,Interior,Presencial,Masculino,Branca,0.6759469559211415
CAND_09294,10.5,30.0,Mestrado,Região Metropolitana,Remoto,Masculino,Preta,0.6145210481603496
CAND_09295,9.1,20.0,Doutorado,Capitais,Remoto,Masculino,Branca,1.0
CAND_09296,0.1,81.0,Mestrado,Capitais,Híbrido,Masculino,Preta,0.5311400206845125
CAND_09297,3.9,62.0,Ensino Médio,Capitais,Presencial,Masculino,Preta,0.4081584345441286
CAND_09298,3.8,34.0,Bacharelado,Capitais,Presencial,Masculino,Branca,1.0
CAND_09299,5.8,34.0,Bacharelado,Capitais,Híbrido,Masculino,Indígena,0.580138034614355
CAND_09300,11.2,58.0,Bacharelado,Região Metropolitana,Remoto,Feminino,Preta,0.1584174624874576
CAND_09301,8.1,19.0,Bacharelado,Capitais,Híbrido,Feminino,Branca,0.5565932761647628
CAND_09302,5.3,31.0,Bacharelado,Região Metropolitana,Híbrido,Masculino,Indígena,0.554886193599935
CAND_09303,2.4,56.0,Mestrado,Capitais,Híbrido,Feminino,Branca,0.5666455001153443
CAND_09304,6.8,37.0,Bacharelado,Região Metropolitana,Presencial,Masculino,Indígena,0.6627693016482213
CAND_09305,0.2,51.0,Bacharelado,Região Metropolitana,Remoto,Feminino,Branca,0.268191345277566
CAND_09306,6.5,66.0,Mestrado,Capitais,Remoto,Feminino,Branca,0.7754559921734221
CAND_09307,5.3,74.0,Bacharelado,Capitais,Presencial,Feminino,Branca,0.6536714680364093
CAND_09308,9.6,48.0,Bacharelado,Interior,Remoto,Feminino,Indígena,0.0
CAND_09309,1.6,58.0,Bacharelado,Região Metropolitana,Remoto,Feminino,Branca,0.3907256132715279
CAND_09310,6.0,36.0,Ensino Médio,Capitais,Presencial,Feminino,Branca,0.47314195522747726
CAND_09311,2.9,81.0,Bacharelado,Capitais,Remoto,Masculino,Preta,0.5581970978302803
CAND_09312,7.2,37.0,Mestrado,Capitais,Presencial,Masculino,Amarela,0.7821962812833806
CAND_09313,4.9,51.0,Bacharelado,Região Metropolitana,Híbrido,Masculino,Parda,0.7773318718321978
CAND_09314,3.8,77.0,Mestrado,Interior,Híbrido,Masculino,Branca,0.5273240197263974
CAND_09315,0.7,49.0,Bacharelado,Interior,Presencial,Masculino,Branca,0.5446399921857101
CAND_09316,6.2,29.0,Ensino Médio,Capitais,Remoto,Não-binário,Parda,0.3390912861807501
CAND_09317,1.3,22.0,Bacharelado,Capitais,Remoto,Masculino,Branca,0.833785689093279
CAND_09318,3.9,56.0,Bacharelado,Região Metropolitana,Híbrido,Masculino,Branca,0.7532144361866058
CAND_09319,5.4,45.0,Bacharelado,Capitais,Presencial,Feminino,Preta,0.0
CAND_09320,9.4,36.0,Bacharelado,Capitais,Híbrido,Masculino,Amarela,0.586733731739162
CAND_09321,4.0,47.0,Bacharelado,Região Metropolitana,Presencial,Feminino,Branca,0.45423440703676266
CAND_09322,5.7,7.0,Bacharelado,Capitais,Híbrido,Masculino,Preta,0.25816158551025353
CAND_09323,6.6,63.0,Bacharelado,Região Metropolitana,Híbrido,Feminino,Preta,0.07609186077555113
CAND_09324,10.4,35.0,Bacharelado,Capitais,Híbrido,Masculino,Preta,0.46067616275810835
CAND_09325,3.9,34.0,Ensino Médio,Capitais,Híbrido,Masculino,Branca,0.9573780636071619
CAND_09326,5.3,75.0,Mestrado,Região Metropolitana,Remoto,Masculino,Branca,1.0
CAND_09327,1.4,51.0,Doutorado,Capitais,Remoto,Masculino,Parda,1.0
CAND_09328,3.2,48.0,Ensino Médio,Região Metropolitana,Híbrido,Masculino,Branca,0.616928624073205
CAND_09329,7.3,67.0,Bacharelado,Região Metropolitana,Híbrido,Masculino,Preta,0.530764149322902
CAND_09330,9.2,54.0,Bacharelado,Capitais,Híbrido,Masculino,Amarela,0.6626305491613637
CAND_09331,6.1,55.0,Bacharelado,Capitais,Híbrido,Masculino,Amarela,0.5076032827240704
CAND_09332,6.0,72.0,Bacharelado,Capitais,Presencial,Não-binário,Preta,0.009870411191063848
CAND_09333,8.3,71.0,Mestrado,Capitais,Remoto,Masculino,Preta,0.46123034636183324
CAND_09334,11.1,56.0,Mestrado,Capitais,Remoto,Masculino,Branca,1.0
CAND_09335,0.0,76.0,Mestrado,Capitais,Remoto,Masculino,Parda,0.8497201520873408
CAND_09336,3.2,59.0,Bacharelado,Capitais,Híbrido,Masculino,Preta,0.5013300413475389
CAND_09337,4.1,33.0,Bacharelado,Região Metropolitana,Presencial,Não-binário,Branca,0.3154174047851607
CAND_09338,6.4,50.0,Bacharelado,Região Metropolitana,Híbrido,Masculino,Branca,0.7025183125961728
CAND_09339,3.3,50.0,Bacharelado,Capitais,Presencial,Masculino,Parda,0.8915104024205033
CAND_09340,5.3,64.0,Bacharelado,Região Metropolitana,Remoto,Masculino,Amarela,0.5179717436426864
CAND_09341,2.9,36.0,Bacharelado,Capitais,Remoto,Masculino,Branca,0.9241426737117976
CAND_09342,1.6,32.0,Bacharelado,Região Metropolitana,Presencial,Feminino,Branca,0.3346998980264184
CAND_09343,14.2,41.0,Bacharelado,Região Metropolitana,Presencial,Feminino,Parda,0.6225981832058585
CAND_09344,7.3,56.0,Bacharelado,Região Metropolitana,Híbrido,Masculino,Branca,1.0
CAND_09345,8.4,31.0,Mestrado,Interior,Híbrido,Masculino,Branca,0.6830014656324203
CAND_09346,4.9,49.0,Ensino Médio,Capitais,Presencial,Masculino,Branca,0.777435229429662
CAND_09347,2.0,54.0,Mestrado,Capitais,Remoto,Masculino,Branca,0.9828374395657802
CAND_09348,6.7,37.0,Mestrado,Capitais,Híbrido,Feminino,Preta,0.16050158755204202
CAND_09349,3.1,57.0,Bacharelado,Região Metropolitana,Remoto,Feminino,Branca,0.4433602603507627
CAND_09350,9.7,35.0,Mestrado,Região Metropolitana,Presencial,Masculino,Branca,1.0
CAND_09351,4.8,47.0,Mestrado,Região Metropolitana,Remoto,Masculino,Parda,0.946125445957935
CAND_09352,1.2,61.0,Bacharelado,Interior,Híbrido,Masculino,Branca,0.6948347082100118
CAND_09353,6.6,42.0,Bacharelado,Capitais,Presencial,Feminino,Amarela,0.1496981047922678
CAND_09354,3.4,51.0,Bacharelado,Região Metropolitana,Presencial,Masculino,Branca,0.8652360515687877
CAND_09355,5.6,55.0,Bacharelado,Capitais,Híbrido,Masculino,Branca,0.8587630590402888
CAND_09356,7.4,51.0,Bacharelado,Região Metropolitana,Híbrido,Masculino,Parda,0.8789705086453564
CAND_09357,8.5,51.0,Bacharelado,Capitais,Presencial,Masculino,Branca,0.9655587656026479
CAND_09358,6.3,48.0,Bacharelado,Capitais,Híbrido,Masculino,Preta,0.5101966280309647
CAND_09359,12.0,87.0,Bacharelado,Capitais,Remoto,Masculino,Indígena,0.8089857392376348
CAND_09360,0.4,44.0,Bacharelado,Capitais,Presencial,Masculino,Amarela,0.41079487331760567
CAND_09361,4.7,49.0,Bacharelado,Capitais,Híbrido,Masculino,Parda,0.895664743971698
CAND_09362,9.9,56.0,Mestrado,Capitais,Remoto,Masculino,Branca,1.0
CAND_09363,1.7,44.0,Bacharelado,Capitais,Remoto,Feminino,Preta,0.0
CAND_09364,6.5,50.0,Mestrado,Região Metropolitana,Remoto,Feminino,Preta,0.116911172539683
CAND_09365,3.9,15.0,Mestrado,Capitais,Remoto,Masculino,Preta,0.4719769543585983
CAND_09366,4.7,40.0,Mestrado,Capitais,Remoto,Masculino,Branca,0.8121283335949109
CAND_09367,5.0,56.0,Mestrado,Capitais,Presencial,Masculino,Branca,1.0
CAND_09368,8.5,63.0,Mestrado,Capitais,Remoto,Masculino,Parda,1.0
CAND_09369,5.1,76.0,Bacharelado,Capitais,Remoto,Masculino,Indígena,0.7670439843244891
CAND_09370,0.4,26.0,Mestrado,Capitais,Remoto,Feminino,Branca,0.4996110460979798
CAND_09371,4.9,44.0,Bacharelado,Interior,Presencial,Masculino,Indígena,0.21684105520926533
CAND_09372,2.7,27.0,Ensino Médio,Região Metropolitana,Remoto,Feminino,Branca,0.3065915541416445
CAND_09373,5.5,59.0,Mestrado,Capitais,Híbrido,Feminino,Indígena,0.38124905360928873
CAND_09374,6.9,70.0,Bacharelado,Capitais,Remoto,Masculino,Branca,0.9658934645857324
CAND_09375,1.1,40.0,Bacharelado,Capitais,Presencial,Feminino,Indígena,0.09022177433169809
CAND_09376,7.9,51.0,Mestrado,Região Metropolitana,Híbrido,Masculino,Branca,0.9401899619010924
CAND_09377,4.6,77.0,Mestrado,Capitais,Remoto,Masculino,Branca,1.0
CAND_09378,1.2,43.0,Bacharelado,Região Metropolitana,Remoto,Masculino,Branca,0.8182561193218572
CAND_09379,5.3,64.0,Mestrado,Região Metropolitana,Híbrido,Masculino,Branca,0.8717196094153773
CAND_09380,7.0,56.0,Bacharelado,Capitais,Híbrido,Masculino,Branca,1.0
CAND_09381,1.6,48.0,Mestrado,Capitais,Presencial,Feminino,Branca,0.5369224925886645
CAND_09382,5.9,63.0,Bacharelado,Região Metropolitana,Presencial,Feminino,Branca,0.4919317899594887
CAND_09383,0.5,68.0,Bacharelado,Capitais,Remoto,Masculino,Preta,0.5003540141195612
CAND_09384,4.6,51.0,Bacharelado,Região Metropolitana,Remoto,Feminino,Branca,0.3751011670773668
CAND_09385,8.4,64.0,Bacharelado,Interior,Híbrido,Masculino,Branca,0.6053673159795554
CAND_09386,3.3,29.0,Mestrado,Interior,Remoto,Masculino,Amarela,0.01619220494572554
CAND_09387,11.0,50.0,Bacharelado,Região Metropolitana,Presencial,Feminino,Preta,0.13539043657267963
CAND_09388,10.3,17.0,Mestrado,Capitais,Híbrido,Masculino,Branca,0.9541251196570913
CAND_09389,2.1,64.0,Bacharelado,Região Metropolitana,Remoto,Feminino,Parda,0.4198997482787922
CAND_09390,6.6,48.0,Bacharelado,Capitais,Presencial,Feminino,Branca,0.5643185416178623
CAND_09391,3.9,65.0,Ensino Médio,Capitais,Híbrido,Feminino,Branca,0.49302441327308105
CAND_09392,4.6,58.0,Bacharelado,Interior,Híbrido,Não-binário,Amarela,0.0
CAND_09393,0.0,53.0,Mestrado,Região Metropolitana,Híbrido,Feminino,Parda,0.5543215768710051
CAND_09394,6.6,71.0,Mestrado,Capitais,Presencial,Masculino,Indígena,0.7687415085649534
CAND_09395,7.3,15.0,Bacharelado,Região Metropolitana,Presencial,Masculino,Parda,0.5114320320283988
CAND_09396,6.4,59.0,Mestrado,Região Metropolitana,Remoto,Não-binário,Branca,0.4835746477210573
CAND_09397,10.9,51.0,Bacharelado,Capitais,Híbrido,Feminino,Branca,0.6474675169908126
CAND_09398,2.0,31.0,Mestrado,Região Metropolitana,Remoto,Masculino,Branca,0.6534303423066035
CAND_09399,5.0,53.0,Mestrado,Capitais,Híbrido,Feminino,Parda,0.48256387035646303
CAND_09400,2.5,51.0,Bacharelado,Capitais,Híbrido,Feminino,Branca,0.37682813845872626
CAND_09401,2.7,50.0,Bacharelado,Região Metropolitana,Híbrido,Masculino,Amarela,0.48029479762721616
CAND_09402,6.7,40.0,Mestrado,Região Metropolitana,Presencial,Masculino,Preta,0.5082182168981435
CAND_09403,7.0,51.0,Mestrado,Capitais,Híbrido,Masculino,Preta,0.6429951784943436
CAND_09404,0.6,30.0,Mestrado,Região Metropolitana,Presencial,Masculino,Branca,0.8109938776683642
CAND_09405,7.4,25.0,Doutorado,Região Metropolitana,Remoto,Masculino,Amarela,0.4967465426668239
CAND_09406,4.3,78.0,Ensino Médio,Capitais,Híbrido,Feminino,Branca,0.4781582419523558
CAND_09407,1.5,37.0,Bacharelado,Capitais,Presencial,Feminino,Branca,0.46908980632791347
CAND_09408,6.0,56.0,Doutorado,Capitais,Híbrido,Feminino,Parda,0.5038961924445915
CAND_09409,5.8,47.0,Mestrado,Região Metropolitana,Híbrido,Masculino,Branca,0.800161395286472
CAND_09410,3.0,83.0,Bacharelado,Região Metropolitana,Híbrido,Feminino,Branca,0.6088248063049769
CAND_09411,3.5,57.0,Bacharelado,Capitais,Remoto,Masculino,Branca,0.9760961144347575
CAND_09412,4.8,42.0,Mestrado,Região Metropolitana,Remoto,Masculino,Branca,0.8574001034630588
CAND_09413,2.5,48.0,Ensino Médio,Capitais,Remoto,Masculino,Branca,0.8786580136938092
CAND_09414,3.4,70.0,Bacharelado,Capitais,Híbrido,Feminino,Indígena,0.35483841506138103
CAND_09415,7.4,47.0,Bacharelado,Capitais,Remoto,Masculino,Branca,0.9766937297941393
CAND_09416,2.2,35.0,Bacharelado,Capitais,Híbrido,Feminino,Branca,0.3881553596718871
CAND_09417,3.3,42.0,Bacharelado,Capitais,Híbrido,Masculino,Branca,0.8882866949378345
CAND_09418,6.7,58.0,Bacharelado,Capitais,Remoto,Feminino,Branca,0.6953047493937567
CAND_09419,5.2,58.0,Mestrado,Interior,Remoto,Feminino,Branca,0.5152814228935763
CAND_09420,0.0,35.0,Mestrado,Capitais,Híbrido,Feminino,Branca,0.5799522020006743
CAND_09421,3.9,56.0,Bacharelado,Capitais,Híbrido,Masculino,Branca,0.8856574455619757
CAND_09422,6.2,60.0,Bacharelado,Capitais,Presencial,Masculino,Branca,1.0
CAND_09423,8.4,58.0,Mestrado,Capitais,Presencial,Masculino,Branca,0.9897199080311351
CAND_09424,0.0,54.0,Bacharelado,Região Metropolitana,Presencial,Masculino,Branca,0.7866946764238206
CAND_09425,3.0,54.0,Ensino Médio,Capitais,Presencial,Masculino,Branca,0.8986615576016063
CAND_09426,0.9,58.0,Bacharelado,Capitais,Remoto,Masculino,Amarela,0.40169531753022064
CAND_09427,8.3,27.0,Ensino Médio,Região Metropolitana,Remoto,Masculino,Branca,0.6551328813880055
CAND_09428,0.6,56.0,Mestrado,Capitais,Remoto,Masculino,Preta,0.6218062557236272
CAND_09429,0.0,53.0,Doutorado,Região Metropolitana,Presencial,Masculino,Preta,0.20377324792328355
CAND_09430,4.9,32.0,Bacharelado,Interior,Híbrido,Feminino,Preta,0.0
CAND_09431,9.6,49.0,Doutorado,Interior,Presencial,Masculino,Preta,0.2908049183097199
CAND_09432,0.9,69.0,Mestrado,Capitais,Presencial,Masculino,Branca,0.8860438524193703
CAND_09433,0.3,37.0,Bacharelado,Capitais,Remoto,Feminino,Indígena,0.16317393739668895
CAND_09434,8.9,70.0,Bacharelado,Capitais,Híbrido,Masculino,Parda,1.0
CAND_09435,2.2,61.0,Mestrado,Capitais,Híbrido,Masculino,Amarela,0.6046986514009102
CAND_09436,3.4,68.0,Doutorado,Capitais,Presencial,Masculino,Branca,1.0
CAND_09437,5.7,41.0,Bacharelado,Interior,Híbrido,Masculino,Branca,0.4983075203755971
CAND_09438,3.5,72.0,Ensino Médio,Região Metropolitana,Híbrido,Feminino,Branca,0.399400602771951
CAND_09439,4.6,58.0,Bacharelado,Interior,Presencial,Feminino,Branca,0.46009865433892094
CAND_09440,10.8,38.0,Bacharelado,Interior,Remoto,Não-binário,Branca,0.1751363982595644
CAND_09441,7.4,64.0,Bacharelado,Capitais,Remoto,Feminino,Branca,0.6856040758577694
CAND_09442,7.6,62.0,Bacharelado,Capitais,Remoto,Feminino,Amarela,0.33584787928289717
CAND_09443,4.1,35.0,Bacharelado,Capitais,Remoto,Masculino,Branca,1.0
CAND_09444,7.9,14.0,Bacharelado,Capitais,Híbrido,Masculino,Branca,0.7061824607395336
CAND_09445,9.9,53.0,Mestrado,Capitais,Presencial,Masculino,Branca,1.0
CAND_09446,13.1,51.0,Bacharelado,Capitais,Remoto,Feminino,Branca,0.6068736041720577
CAND_09447,6.7,61.0,Bacharelado,Capitais,Híbrido,Masculino,Branca,1.0
CAND_09448,2.3,65.0,Bacharelado,Região Metropolitana,Presencial,Masculino,Branca,1.0
CAND_09449,1.7,42.0,Mestrado,Região Metropolitana,Híbrido,Feminino,Parda,0.3720205141984338
CAND_09450,8.3,60.0,Bacharelado,Capitais,Híbrido,Masculino,Amarela,0.7702951935087357
CAND_09451,9.5,59.0,Bacharelado,Capitais,Remoto,Masculino,Branca,1.0
CAND_09452,4.0,69.0,Bacharelado,Capitais,Híbrido,Não-binário,Parda,0.29902582260174393
CAND_09453,3.2,57.0,Bacharelado,Capitais,Presencial,Masculino,Amarela,0.595677491161993
CAND_09454,2.8,29.0,Bacharelado,Capitais,Presencial,Feminino,Branca,0.37840659093022405
CAND_09455,2.5,52.0,Ensino Médio,Capitais,Híbrido,Masculino,Amarela,0.4501705580077484
CAND_09456,5.5,60.0,Bacharelado,Interior,Remoto,Masculino,Parda,0.7475045224639105
CAND_09457,6.2,67.0,Bacharelado,Capitais,Remoto,Feminino,Preta,0.10634305883556702
CAND_09458,2.7,62.0,Bacharelado,Região Metropolitana,Híbrido,Masculino,Branca,0.8572976830763653
CAND_09459,4.4,47.0,Bacharelado,Capitais,Híbrido,Feminino,Branca,0.3822399597816485
CAND_09460,8.9,42.0,Mestrado,Capitais,Remoto,Feminino,Preta,0.01191305380277971
CAND_09461,1.4,53.0,Bacharelado,Capitais,Híbrido,Masculino,Preta,0.39109636530297176
CAND_09462,8.4,37.0,Mestrado,Região Metropolitana,Presencial,Masculino,Branca,0.8916208367913251
CAND_09463,7.1,44.0,Ensino Médio,Interior,Remoto,Feminino,Branca,0.11704109112790731
CAND_09464,3.4,49.0,Bacharelado,Capitais,Híbrido,Feminino,Preta,0.03599268445878637
CAND_09465,5.9,34.0,Bacharelado,Região Metropolitana,Remoto,Feminino,Branca,0.3800097986365333
CAND_09466,1.9,41.0,Mestrado,Capitais,Presencial,Masculino,Branca,0.8254010571951859
CAND_09467,1.7,51.0,Ensino Médio,Região Metropolitana,Híbrido,Masculino,Amarela,0.4552603899545066
CAND_09468,3.4,43.0,Bacharelado,Interior,Presencial,Feminino,Amarela,0.018204560741560127
CAND_09469,2.0,38.0,Mestrado,Capitais,Híbrido,Masculino,Branca,1.0
CAND_09470,1.6,48.0,Mestrado,Capitais,Remoto,Masculino,Indígena,0.44501280003996235
CAND_09471,5.3,61.0,Bacharelado,Interior,Remoto,Masculino,Preta,0.16934483690759067
CAND_09472,6.0,80.0,Bacharelado,Capitais,Remoto,Masculino,Branca,0.7785981701082527
CAND_09473,1.6,40.0,Bacharelado,Interior,Híbrido,Masculino,Branca,0.5289129699765492
CAND_09474,6.7,37.0,Bacharelado,Interior,Híbrido,Masculino,Branca,0.7145594267022797
CAND_09475,3.3,16.0,Bacharelado,Região Metropolitana,Remoto,Masculino,Preta,0.28240913493609815
CAND_09476,2.8,36.0,Mestrado,Capitais,Presencial,Masculino,Branca,1.0
CAND_09477,4.6,35.0,Mestrado,Capitais,Híbrido,Masculino,Branca,1.0
CAND_09478,0.0,57.0,Mestrado,Região Metropolitana,Remoto,Feminino,Indígena,0.1280936974723706
CAND_09479,7.1,38.0,Bacharelado,Capitais,Presencial,Feminino,Indígena,0.19332319641105572
CAND_09480,3.0,33.0,Mestrado,Capitais,Híbrido,Masculino,Branca,0.9065840794710807
CAND_09481,0.0,77.0,Ensino Médio,Capitais,Híbrido,Não-binário,Branca,0.1817358098880762
CAND_09482,9.8,56.0,Ensino Médio,Capitais,Híbrido,Masculino,Branca,0.9127013213186361
CAND_09483,7.9,47.0,Mestrado,Região Metropolitana,Presencial,Masculino,Parda,0.7858662576159434
CAND_09484,2.0,63.0,Bacharelado,Capitais,Híbrido,Feminino,Preta,0.09013780215020104
CAND_09485,5.6,76.0,Bacharelado,Capitais,Presencial,Feminino,Branca,0.5184450282502033
CAND_09486,3.4,56.0,Bacharelado,Capitais,Remoto,Masculino,Branca,0.6635264346824137
CAND_09487,0.0,11.0,Mestrado,Região Metropolitana,Presencial,Masculino,Amarela,0.13987925196726889
CAND_09488,6.1,35.0,Bacharelado,Capitais,Presencial,Masculino,Branca,1.0
CAND_09489,2.0,94.0,Bacharelado,Capitais,Presencial,Masculino,Parda,1.0
CAND_09490,5.2,20.0,Mestrado,Capitais,Remoto,Feminino,Indígena,0.19361636490541936
CAND_09491,1.1,34.0,Bacharelado,Região Metropolitana,Presencial,Feminino,Indígena,0.0
CAND_09492,7.7,58.0,Bacharelado,Região Metropolitana,Presencial,Masculino,Amarela,0.5154101542872014
CAND_09493,2.4,55.0,Bacharelado,Região Metropolitana,Híbrido,Masculino,Branca,0.59025645909568
CAND_09494,3.6,46.0,Bacharelado,Capitais,Presencial,Masculino,Branca,1.0
CAND_09495,6.3,35.0,Bacharelado,Capitais,Remoto,Masculino,Branca,0.7728030964912604
CAND_09496,6.8,29.0,Bacharelado,Região Metropolitana,Remoto,Masculino,Branca,0.7809525960491687
CAND_09497,7.7,55.0,Bacharelado,Região Metropolitana,Híbrido,Feminino,Branca,0.48118975550935644
CAND_09498,5.9,40.0,Ensino Médio,Capitais,Remoto,Feminino,Branca,0.5578469511057815
CAND_09499,3.1,54.0,Ensino Médio,Capitais,Híbrido,Feminino,Amarela,0.2756365913886003
CAND_09500,7.1,57.0,Ensino Médio,Capitais,Híbrido,Não-binário,Preta,0.0
CAND_09501,5.0,53.0,Doutorado,Capitais,Remoto,Masculino,Parda,1.0
CAND_09502,6.7,35.0,Bacharelado,Capitais,Híbrido,Masculino,Branca,0.9633859723225296
CAND_09503,5.3,39.0,Mestrado,Capitais,Presencial,Masculino,Preta,0.3431255547580916
CAND_09504,0.0,48.0,Mestrado,Região Metropolitana,Híbrido,Masculino,Amarela,0.24355116707766958
CAND_09505,3.8,48.0,Bacharelado,Capitais,Presencial,Masculino,Amarela,0.5007236443096906
CAND_09506,10.1,48.0,Bacharelado,Capitais,Remoto,Feminino,Branca,0.5325527562835451
CAND_09507,5.7,49.0,Bacharelado,Capitais,Presencial,Não-binário,Branca,0.4146391355016653
CAND_09508,3.8,21.0,Ensino Médio,Capitais,Presencial,Feminino,Branca,0.340201815183298
CAND_09509,6.6,37.0,Ensino Médio,Capitais,Presencial,Masculino,Branca,0.9039150064080035
CAND_09510,7.9,56.0,Bacharelado,Capitais,Remoto,Masculino,Branca,0.8931215923778697
CAND_09511,7.9,42.0,Bacharelado,Capitais,Híbrido,Masculino,Preta,0.37922768416714636
CAND_09512,6.2,48.0,Mestrado,Região Metropolitana,Remoto,Feminino,Branca,0.5713855058501995
CAND_09513,6.5,66.0,Ensino Médio,Capitais,Presencial,Masculino,Branca,1.0
CAND_09514,7.7,58.0,Bacharelado,Interior,Remoto,Masculino,Branca,0.6594916704033043
CAND_09515,1.5,49.0,Bacharelado,Capitais,Híbrido,Masculino,Branca,0.9058803078110512
CAND_09516,8.4,31.0,Bacharelado,Capitais,Híbrido,Masculino,Parda,0.8575527887500574
CAND_09517,8.9,75.0,Bacharelado,Região Metropolitana,Remoto,Masculino,Amarela,0.7623870974926672
CAND_09518,6.2,31.0,Bacharelado,Capitais,Presencial,Masculino,Preta,0.4228939233242539
CAND_09519,6.9,55.0,Bacharelado,Região Metropolitana,Presencial,Feminino,Branca,0.5391193131126906
CAND_09520,6.5,69.0,Doutorado,Capitais,Híbrido,Masculino,Parda,1.0
CAND_09521,5.5,65.0,Bacharelado,Capitais,Presencial,Masculino,Indígena,0.8146201525792113
CAND_09522,2.2,44.0,Mestrado,Capitais,Híbrido,Masculino,Branca,1.0
CAND_09523,7.2,50.0,Bacharelado,Região Metropolitana,Presencial,Masculino,Branca,0.9401778855752176
CAND_09524,0.0,61.0,Mestrado,Capitais,Híbrido,Masculino,Branca,0.8774603664747463
CAND_09525,4.2,42.0,Bacharelado,Região Metropolitana,Remoto,Masculino,Preta,0.14046620627988043
CAND_09526,4.2,60.0,Mestrado,Região Metropolitana,Remoto,Masculino,Branca,0.9514845544206607
CAND_09527,7.1,15.0,Mestrado,Interior,Remoto,Masculino,Branca,0.6940783473157316
CAND_09528,7.3,47.0,Bacharelado,Capitais,Presencial,Masculino,Preta,0.49745862972819777
CAND_09529,6.1,50.0,Bacharelado,Capitais,Presencial,Masculino,Indígena,0.7866905824782662
CAND_09530,6.7,43.0,Bacharelado,Capitais,Híbrido,Feminino,Amarela,0.13956531663404778
CAND_09531,2.4,62.0,Bacharelado,Região Metropolitana,Híbrido,Masculino,Amarela,0.45746315572079493
CAND_09532,5.6,42.0,Ensino Médio,Região Metropolitana,Presencial,Feminino,Branca,0.3731525197942492
CAND_09533,5.9,38.0,Bacharelado,Região Metropolitana,Presencial,Masculino,Preta,0.4952572850574892
CAND_09534,5.3,29.0,Bacharelado,Capitais,Presencial,Masculino,Branca,0.72074992737409
CAND_09535,1.3,71.0,Bacharelado,Capitais,Híbrido,Não-binário,Parda,0.2785755709824167
CAND_09536,1.6,43.0,Bacharelado,Capitais,Híbrido,Feminino,Parda,0.2760545563290924
CAND_09537,8.1,22.0,Ensino Médio,Capitais,Híbrido,Feminino,Branca,0.5061449310940047
CAND_09538,5.1,71.0,Bacharelado,Capitais,Remoto,Masculino,Branca,1.0
CAND_09539,11.5,54.0,Ensino Médio,Capitais,Híbrido,Masculino,Parda,1.0
CAND_09540,7.7,65.0,Bacharelado,Região Metropolitana,Remoto,Masculino,Parda,0.7371463182188003
CAND_09541,0.0,54.0,Bacharelado,Região Metropolitana,Híbrido,Feminino,Branca,0.38981525873970285
CAND_09542,8.2,68.0,Mestrado,Região Metropolitana,Remoto,Masculino,Preta,0.7288015809607177
CAND_09543,7.9,60.0,Ensino Médio,Capitais,Remoto,Masculino,Branca,1.0
CAND_09544,5.7,54.0,Mestrado,Região Metropolitana,Presencial,Feminino,Indígena,0.21839805809581136
CAND_09545,7.7,90.0,Mestrado,Capitais,Híbrido,Não-binário,Preta,0.004701848077510451
CAND_09546,2.6,56.0,Bacharelado,Capitais,Híbrido,Feminino,Branca,0.5726828963568572
CAND_09547,6.3,57.0,Bacharelado,Interior,Híbrido,Masculino,Amarela,0.42132488139429103
CAND_09548,5.4,38.0,Bacharelado,Capitais,Híbrido,Feminino,Branca,0.6118563165818394
CAND_09549,4.5,63.0,Mestrado,Interior,Híbrido,Masculino,Preta,0.17567528330872173
CAND_09550,6.2,40.0,Mestrado,Capitais,Híbrido,Masculino,Preta,0.3303033907190748
CAND_09551,11.8,45.0,Ensino Médio,Capitais,Presencial,Masculino,Branca,1.0
CAND_09552,4.5,61.0,Mestrado,Capitais,Remoto,Masculino,Branca,0.8576162316679914
CAND_09553,4.2,42.0,Doutorado,Região Metropolitana,Presencial,Masculino,Branca,1.0
CAND_09554,0.1,64.0,Doutorado,Capitais,Híbrido,Feminino,Branca,0.5707898939655666
CAND_09555,4.2,35.0,Bacharelado,Interior,Híbrido,Masculino,Parda,0.5331242414825594
CAND_09556,5.4,33.0,Ensino Médio,Capitais,Presencial,Não-binário,Branca,0.5474099325925386
CAND_09557,5.0,49.0,Bacharelado,Capitais,Híbrido,Masculino,Parda,0.9701551934942468
CAND_09558,9.1,34.0,Mestrado,Capitais,Remoto,Masculino,Parda,0.8808790546677634
CAND_09559,7.2,50.0,Bacharelado,Capitais,Híbrido,Feminino,Branca,0.5710329855733682
CAND_09560,7.4,71.0,Bacharelado,Região Metropolitana,Presencial,Não-binário,Amarela,0.22074543507177793
CAND_09561,4.5,40.0,Bacharelado,Capitais,Presencial,Masculino,Branca,0.9561637296901389
CAND_09562,3.0,41.0,Bacharelado,Região Metropolitana,Remoto,Masculino,Preta,0.4180197256962568
CAND_09563,2.0,30.0,Bacharelado,Região Metropolitana,Híbrido,Masculino,Branca,0.680973245608464
CAND_09564,4.2,45.0,Bacharelado,Capitais,Presencial,Feminino,Branca,0.5786763763698779
CAND_09565,5.4,61.0,Bacharelado,Capitais,Presencial,Masculino,Branca,0.9084455310129049
CAND_09566,6.7,58.0,Mestrado,Região Metropolitana,Presencial,Masculino,Branca,1.0
CAND_09567,5.4,64.0,Bacharelado,Região Metropolitana,Presencial,Masculino,Branca,1.0
CAND_09568,4.0,41.0,Bacharelado,Capitais,Híbrido,Masculino,Branca,0.8327723024341473
CAND_09569,0.0,53.0,Mestrado,Capitais,Híbrido,Masculino,Parda,0.6798251885076959
CAND_09570,1.4,76.0,Bacharelado,Região Metropolitana,Híbrido,Masculino,Branca,0.8869500802431185
CAND_09571,7.4,24.0,Bacharelado,Região Metropolitana,Presencial,Masculino,Branca,0.8675837486440078
CAND_09572,3.0,41.0,Bacharelado,Região Metropolitana,Híbrido,Masculino,Branca,0.6484768635458534
CAND_09573,1.7,28.0,Mestrado,Região Metropolitana,Híbrido,Masculino,Branca,0.7211032462378397
CAND_09574,0.0,61.0,Bacharelado,Capitais,Híbrido,Feminino,Branca,0.4665625018404066
CAND_09575,6.4,67.0,Bacharelado,Capitais,Híbrido,Masculino,Branca,1.0
CAND_09576,9.5,58.0,Bacharelado,Capitais,Remoto,Feminino,Indígena,0.41743178112179025
CAND_09577,7.0,49.0,Bacharelado,Interior,Presencial,Masculino,Branca,0.8155630639839594
CAND_09578,10.2,54.0,Bacharelado,Região Metropolitana,Remoto,Masculino,Branca,0.9899717513900256
CAND_09579,2.1,32.0,Bacharelado,Capitais,Remoto,Feminino,Branca,0.18110265717228372
CAND_09580,4.0,35.0,Mestrado,Capitais,Presencial,Feminino,Amarela,0.02515722672009349
CAND_09581,2.4,33.0,Mestrado,Região Metropolitana,Presencial,Masculino,Preta,0.36638143530871464
CAND_09582,6.5,61.0,Mestrado,Capitais,Híbrido,Feminino,Branca,0.7192021276244672
CAND_09583,10.1,40.0,Bacharelado,Região Metropolitana,Híbrido,Não-binário,Branca,0.3906702795492031
CAND_09584,5.0,52.0,Bacharelado,Região Metropolitana,Híbrido,Feminino,Branca,0.24041127953914831
CAND_09585,7.1,40.0,Doutorado,Região Metropolitana,Híbrido,Masculino,Branca,0.9612778599006186
CAND_09586,4.4,54.0,Mestrado,Capitais,Remoto,Masculino,Branca,0.8902580274538414
CAND_09587,5.0,41.0,Mestrado,Interior,Presencial,Feminino,Preta,0.0
CAND_09588,0.2,35.0,Bacharelado,Capitais,Remoto,Masculino,Branca,0.840794539998982
CAND_09589,3.7,44.0,Mestrado,Capitais,Presencial,Masculino,Parda,0.8768242906103924
CAND_09590,9.3,72.0,Bacharelado,Região Metropolitana,Presencial,Masculino,Indígena,0.7407101086718153
CAND_09591,5.8,56.0,Bacharelado,Interior,Presencial,Masculino,Preta,0.31062892589726676
CAND_09592,6.8,59.0,Doutorado,Região Metropolitana,Remoto,Feminino,Branca,0.6661500969713267
CAND_09593,6.4,49.0,Bacharelado,Capitais,Híbrido,Masculino,Branca,0.9608335538605713
CAND_09594,8.8,62.0,Bacharelado,Capitais,Remoto,Feminino,Branca,0.6065868013024497
CAND_09595,3.3,29.0,Bacharelado,Região Metropolitana,Presencial,Masculino,Preta,0.23927688359803562
CAND_09596,5.2,61.0,Mestrado,Capitais,Híbrido,Feminino,Preta,0.2289545673103271
CAND_09597,8.0,23.0,Bacharelado,Capitais,Remoto,Feminino,Branca,0.47699584780065946
CAND_09598,10.4,19.0,Bacharelado,Interior,Híbrido,Feminino,Branca,0.2880072246535998
CAND_09599,2.5,58.0,Mestrado,Capitais,Presencial,Feminino,Preta,0.2749945266367978
CAND_09600,7.0,53.0,Doutorado,Capitais,Híbrido,Feminino,Preta,0.18224457631841004
CAND_09601,5.0,67.0,Bacharelado,Capitais,Híbrido,Masculino,Branca,1.0
CAND_09602,4.7,54.0,Bacharelado,Capitais,Híbrido,Masculino,Parda,0.7485973621254683
CAND_09603,7.5,49.0,Ensino Médio,Capitais,Híbrido,Masculino,Branca,0.8058649402669626
CAND_09604,1.5,39.0,Doutorado,Capitais,Híbrido,Masculino,Preta,0.3617608836998011
CAND_09605,4.8,47.0,Bacharelado,Capitais,Presencial,Masculino,Branca,0.8958749262297829
CAND_09606,6.0,62.0,Bacharelado,Interior,Híbrido,Masculino,Preta,0.32140379550146797
CAND_09607,5.7,44.0,Ensino Médio,Capitais,Híbrido,Masculino,Preta,0.2395357861012757
CAND_09608,5.0,46.0,Ensino Médio,Região Metropolitana,Híbrido,Masculino,Branca,0.7788095244312491
CAND_09609,1.1,64.0,Mestrado,Capitais,Híbrido,Masculino,Indígena,0.8121766753400245
CAND_09610,4.4,33.0,Bacharelado,Capitais,Presencial,Masculino,Amarela,0.4010913761464452
CAND_09611,11.7,59.0,Ensino Médio,Capitais,Presencial,Masculino,Branca,1.0
CAND_09612,4.7,71.0,Bacharelado,Capitais,Híbrido,Feminino,Preta,0.1449456155813429
CAND_09613,4.6,53.0,Bacharelado,Região Metropolitana,Híbrido,Masculino,Preta,0.366422204256612
CAND_09614,3.4,53.0,Mestrado,Capitais,Remoto,Feminino,Indígena,0.3312284463779046
CAND_09615,10.6,60.0,Bacharelado,Capitais,Híbrido,Feminino,Branca,0.8330331989546739
CAND_09616,9.1,61.0,Mestrado,Capitais,Presencial,Masculino,Branca,1.0
CAND_09617,4.3,55.0,Mestrado,Capitais,Presencial,Não-binário,Branca,0.5597956050185291
CAND_09618,7.8,72.0,Mestrado,Capitais,Presencial,Não-binário,Branca,0.44017995483534006
CAND_09619,6.5,67.0,Ensino Médio,Capitais,Remoto,Masculino,Branca,1.0
CAND_09620,3.5,38.0,Bacharelado,Interior,Presencial,Feminino,Branca,0.27790301796494454
CAND_09621,1.6,46.0,Mestrado,Região Metropolitana,Híbrido,Masculino,Preta,0.27329048557839275
CAND_09622,7.4,40.0,Mestrado,Região Metropolitana,Remoto,Feminino,Branca,0.43490890501150214
CAND_09623,6.7,53.0,Bacharelado,Capitais,Híbrido,Masculino,Branca,1.0
CAND_09624,7.6,60.0,Mestrado,Capitais,Remoto,Masculino,Parda,0.9010061710265473
CAND_09625,9.8,39.0,Bacharelado,Região Metropolitana,Híbrido,Feminino,Branca,0.41706132034699855
CAND_09626,10.0,22.0,Bacharelado,Capitais,Remoto,Feminino,Branca,0.712963319876034
CAND_09627,2.3,38.0,Bacharelado,Capitais,Híbrido,Masculino,Branca,0.8006154284063678
CAND_09628,11.2,68.0,Mestrado,Capitais,Híbrido,Masculino,Preta,0.766769536662287
CAND_09629,6.2,45.0,Bacharelado,Capitais,Presencial,Masculino,Preta,0.46322566784104474
CAND_09630,8.6,47.0,Ensino Médio,Capitais,Remoto,Masculino,Branca,1.0
CAND_09631,0.0,54.0,Ensino Médio,Capitais,Híbrido,Masculino,Preta,0.2604074906510705
CAND_09632,3.0,73.0,Bacharelado,Capitais,Híbrido,Masculino,Branca,0.9711178388788878
CAND_09633,7.2,49.0,Bacharelado,Região Metropolitana,Remoto,Masculino,Parda,0.8775563757482298
CAND_09634,5.7,59.0,Bacharelado,Interior,Presencial,Feminino,Amarela,0.0
CAND_09635,5.7,17.0,Bacharelado,Região Metropolitana,Remoto,Feminino,Branca,0.3805350129326106
CAND_09636,2.2,64.0,Bacharelado,Capitais,Presencial,Masculino,Branca,1.0
CAND_09637,4.6,58.0,Mestrado,Capitais,Híbrido,Masculino,Preta,0.7044608708915333
CAND_09638,3.6,46.0,Doutorado,Capitais,Remoto,Masculino,Branca,1.0
CAND_09639,4.5,34.0,Ensino Médio,Capitais,Híbrido,Masculino,Branca,0.827282444520702
CAND_09640,8.3,71.0,Mestrado,Capitais,Presencial,Masculino,Branca,1.0
CAND_09641,0.0,51.0,Ensino Médio,Região Metropolitana,Híbrido,Masculino,Branca,0.8242875820867746
CAND_09642,8.1,40.0,Bacharelado,Capitais,Remoto,Feminino,Branca,0.5576015752506694
CAND_09643,2.9,25.0,Mestrado,Região Metropolitana,Presencial,Feminino,Preta,0.0
CAND_09644,1.6,37.0,Bacharelado,Capitais,Presencial,Não-binário,Branca,0.5533989557970229
CAND_09645,10.5,27.0,Doutorado,Capitais,Remoto,Masculino,Preta,0.4793988651090712
CAND_09646,8.9,36.0,Bacharelado,Capitais,Híbrido,Masculino,Parda,0.8661076563289907
CAND_09647,7.4,51.0,Mestrado,Interior,Híbrido,Feminino,Branca,0.35577161436606114
CAND_09648,7.8,69.0,Bacharelado,Região Metropolitana,Híbrido,Masculino,Preta,0.5462688254365696
CAND_09649,4.5,58.0,Bacharelado,Capitais,Presencial,Masculino,Indígena,0.551815983557233
CAND_09650,3.9,42.0,Mestrado,Capitais,Remoto,Masculino,Branca,0.9728883190200645
CAND_09651,4.7,46.0,Bacharelado,Capitais,Presencial,Feminino,Branca,0.4973821225436248
CAND_09652,4.6,39.0,Mestrado,Capitais,Presencial,Feminino,Amarela,0.0461138977665187
CAND_09653,8.1,67.0,Bacharelado,Capitais,Híbrido,Feminino,Branca,0.7836151364585394
CAND_09654,9.1,43.0,Ensino Médio,Capitais,Presencial,Feminino,Amarela,0.17767499739385012
CAND_09655,7.7,35.0,Bacharelado,Capitais,Híbrido,Masculino,Branca,1.0
CAND_09656,12.2,41.0,Bacharelado,Capitais,Remoto,Masculino,Preta,0.446937979531028
CAND_09657,4.3,31.0,Doutorado,Capitais,Remoto,Feminino,Amarela,0.2904721012960273
CAND_09658,5.5,35.0,Bacharelado,Capitais,Híbrido,Masculino,Branca,0.8664335089469105
CAND_09659,2.3,43.0,Doutorado,Região Metropolitana,Remoto,Masculino,Branca,0.917389453906992
CAND_09660,3.6,39.0,Bacharelado,Capitais,Remoto,Masculino,Parda,0.8213608439670602
CAND_09661,3.9,50.0,Doutorado,Capitais,Presencial,Masculino,Amarela,0.4629141194979151
CAND_09662,8.3,60.0,Mestrado,Região Metropolitana,Presencial,Masculino,Branca,1.0
CAND_09663,4.3,59.0,Bacharelado,Interior,Remoto,Masculino,Branca,0.6595149772249803
CAND_09664,5.3,50.0,Mestrado,Interior,Presencial,Masculino,Branca,0.6211674344522199
CAND_09665,5.2,59.0,Ensino Médio,Capitais,Presencial,Masculino,Branca,0.9835972196389398
CAND_09666,3.0,52.0,Bacharelado,Região Metropolitana,Híbrido,Masculino,Preta,0.2980627008979254
CAND_09667,1.6,59.0,Ensino Médio,Região Metropolitana,Híbrido,Masculino,Branca,0.892400661242537
CAND_09668,3.0,69.0,Bacharelado,Capitais,Presencial,Feminino,Parda,0.4040016614457696
CAND_09669,4.4,61.0,Mestrado,Região Metropolitana,Híbrido,Masculino,Branca,0.7813776382692459
CAND_09670,5.2,54.0,Mestrado,Região Metropolitana,Híbrido,Masculino,Parda,0.7678718512420686
CAND_09671,6.9,35.0,Mestrado,Capitais,Remoto,Feminino,Branca,0.545828534279236
CAND_09672,9.0,74.0,Bacharelado,Capitais,Presencial,Feminino,Parda,0.6708304724350412
CAND_09673,7.5,35.0,Mestrado,Capitais,Remoto,Masculino,Parda,0.7653968809596954
CAND_09674,5.1,47.0,Ensino Médio,Capitais,Híbrido,Feminino,Branca,0.4953789758128917
CAND_09675,2.1,57.0,Bacharelado,Capitais,Híbrido,Feminino,Parda,0.4730615078730534
CAND_09676,2.8,18.0,Bacharelado,Capitais,Presencial,Feminino,Preta,0.0
CAND_09677,0.0,80.0,Bacharelado,Capitais,Híbrido,Não-binário,Indígena,0.1446232335662539
CAND_09678,4.0,64.0,Bacharelado,Interior,Híbrido,Masculino,Branca,0.707145852330285
CAND_09679,2.7,26.0,Bacharelado,Capitais,Remoto,Feminino,Branca,0.30932348512023405
CAND_09680,3.8,70.0,Mestrado,Capitais,Remoto,Masculino,Amarela,0.653179747371512
CAND_09681,4.9,57.0,Bacharelado,Capitais,Presencial,Masculino,Branca,1.0
CAND_09682,1.6,59.0,Bacharelado,Capitais,Remoto,Masculino,Amarela,0.5614757508173294
CAND_09683,2.6,50.0,Bacharelado,Capitais,Híbrido,Feminino,Amarela,0.02904610449221652
CAND_09684,4.0,56.0,Bacharelado,Região Metropolitana,Presencial,Masculino,Branca,0.8092678954641299
CAND_09685,8.3,54.0,Mestrado,Capitais,Híbrido,Masculino,Preta,0.5861697759007313
CAND_09686,0.6,54.0,Bacharelado,Capitais,Remoto,Feminino,Amarela,0.013096946433637985
CAND_09687,7.5,54.0,Mestrado,Capitais,Presencial,Masculino,Branca,1.0
CAND_09688,8.1,32.0,Bacharelado,Capitais,Presencial,Masculino,Amarela,0.6197654083442158
CAND_09689,7.1,41.0,Bacharelado,Capitais,Híbrido,Masculino,Branca,0.8092192369553924
CAND_09690,5.3,48.0,Bacharelado,Capitais,Presencial,Masculino,Branca,0.8210297553715211
CAND_09691,7.1,53.0,Bacharelado,Interior,Presencial,Masculino,Preta,0.1432074635329946
CAND_09692,3.6,50.0,Bacharelado,Região Metropolitana,Híbrido,Feminino,Branca,0.6288350849880189
CAND_09693,1.5,55.0,Bacharelado,Região Metropolitana,Presencial,Masculino,Branca,0.7919915093906574
CAND_09694,4.3,43.0,Ensino Médio,Capitais,Presencial,Masculino,Branca,0.9709096219409041
CAND_09695,6.9,63.0,Mestrado,Capitais,Remoto,Feminino,Branca,0.5461609222276076
CAND_09696,1.7,55.0,Doutorado,Capitais,Remoto,Masculino,Branca,1.0
CAND_09697,5.1,39.0,Mestrado,Região Metropolitana,Presencial,Feminino,Branca,0.5353439630604746
CAND_09698,4.2,46.0,Mestrado,Capitais,Híbrido,Masculino,Preta,0.5450507792594927
CAND_09699,5.1,35.0,Mestrado,Região Metropolitana,Híbrido,Masculino,Branca,0.7481812463387173
CAND_09700,3.1,39.0,Bacharelado,Capitais,Híbrido,Feminino,Preta,0.11161224592361782
CAND_09701,8.2,63.0,Bacharelado,Região Metropolitana,Remoto,Masculino,Branca,1.0
CAND_09702,6.3,37.0,Bacharelado,Capitais,Presencial,Masculino,Branca,1.0
CAND_09703,5.3,69.0,Bacharelado,Região Metropolitana,Remoto,Feminino,Branca,0.7004084653978131
CAND_09704,2.3,55.0,Doutorado,Interior,Remoto,Masculino,Parda,0.5076749688847285
CAND_09705,4.5,55.0,Mestrado,Capitais,Presencial,Masculino,Branca,0.9840073037199089
CAND_09706,2.0,50.0,Bacharelado,Capitais,Remoto,Feminino,Branca,0.47541858452090824
CAND_09707,2.9,46.0,Ensino Médio,Interior,Híbrido,Masculino,Parda,0.5221929686414241
CAND_09708,1.7,44.0,Bacharelado,Capitais,Híbrido,Feminino,Branca,0.41795851522342986
CAND_09709,6.9,16.0,Mestrado,Capitais,Presencial,Masculino,Branca,0.6874877201753202
CAND_09710,5.1,31.0,Doutorado,Região Metropolitana,Presencial,Feminino,Parda,0.3619743372752667
CAND_09711,9.1,38.0,Ensino Médio,Região Metropolitana,Híbrido,Masculino,Branca,0.8816251200562548
CAND_09712,2.7,55.0,Bacharelado,Região Metropolitana,Híbrido,Masculino,Branca,0.8504055109521358
CAND_09713,5.9,54.0,Ensino Médio,Capitais,Híbrido,Não-binário,Preta,0.0
CAND_09714,10.2,72.0,Bacharelado,Região Metropolitana,Presencial,Masculino,Branca,1.0
CAND_09715,10.4,57.0,Bacharelado,Região Metropolitana,Presencial,Masculino,Branca,1.0
CAND_09716,4.2,57.0,Mestrado,Região Metropolitana,Presencial,Feminino,Branca,0.46971552127771266
CAND_09717,1.8,46.0,Bacharelado,Capitais,Presencial,Feminino,Branca,0.5425352740607181
CAND_09718,5.0,29.0,Bacharelado,Capitais,Híbrido,Feminino,Branca,0.44346485085791004
CAND_09719,6.7,70.0,Bacharelado,Capitais,Remoto,Não-binário,Branca,0.5735507287145907
CAND_09720,3.0,25.0,Bacharelado,Capitais,Híbrido,Masculino,Preta,0.2533062959840517
CAND_09721,4.4,56.0,Ensino Médio,Capitais,Híbrido,Feminino,Branca,0.6241663356741229
CAND_09722,6.2,58.0,Doutorado,Região Metropolitana,Híbrido,Feminino,Branca,0.6398080746838272
CAND_09723,6.5,27.0,Bacharelado,Capitais,Presencial,Feminino,Branca,0.6327055534424485
CAND_09724,9.0,56.0,Bacharelado,Capitais,Remoto,Feminino,Preta,0.3611495388015874
CAND_09725,9.9,52.0,Bacharelado,Capitais,Remoto,Masculino,Branca,1.0
CAND_09726,3.0,27.0,Mestrado,Capitais,Remoto,Feminino,Amarela,0.0
CAND_09727,5.5,35.0,Bacharelado,Região Metropolitana,Remoto,Feminino,Branca,0.49172378604553013
CAND_09728,3.3,47.0,Ensino Médio,Capitais,Híbrido,Masculino,Preta,0.31431710350316333
CAND_09729,6.2,41.0,Bacharelado,Capitais,Presencial,Masculino,Branca,0.7771911106421896
CAND_09730,2.2,43.0,Bacharelado,Capitais,Híbrido,Feminino,Amarela,0.026868604376281302
CAND_09731,5.3,88.0,Bacharelado,Capitais,Híbrido,Feminino,Preta,0.2609745015841512
CAND_09732,0.7,40.0,Bacharelado,Região Metropolitana,Híbrido,Masculino,Branca,0.7582076730195677
CAND_09733,1.7,62.0,Ensino Médio,Capitais,Híbrido,Masculino,Parda,0.7556254061781714
CAND_09734,4.4,70.0,Bacharelado,Capitais,Presencial,Feminino,Branca,0.5910557995420728
CAND_09735,6.2,55.0,Mestrado,Região Metropolitana,Híbrido,Feminino,Branca,0.43392847230217385
CAND_09736,0.0,70.0,Mestrado,Interior,Híbrido,Masculino,Branca,0.6465263752467142
CAND_09737,3.5,50.0,Bacharelado,Capitais,Híbrido,Feminino,Branca,0.6253057020408204
CAND_09738,5.5,63.0,Mestrado,Capitais,Remoto,Feminino,Branca,0.8802982764867138
CAND_09739,10.9,56.0,Bacharelado,Região Metropolitana,Remoto,Feminino,Parda,0.29415526073435183
CAND_09740,5.1,36.0,Ensino Médio,Região Metropolitana,Presencial,Masculino,Branca,0.7320809569411046
CAND_09741,5.0,61.0,Bacharelado,Região Metropolitana,Remoto,Masculino,Preta,0.31108227099346153
CAND_09742,0.7,59.0,Bacharelado,Região Metropolitana,Remoto,Masculino,Amarela,0.5802645153522219
CAND_09743,3.2,59.0,Mestrado,Região Metropolitana,Híbrido,Masculino,Branca,0.828909342448928
CAND_09744,11.2,47.0,Mestrado,Capitais,Remoto,Masculino,Preta,0.6543817895975377
CAND_09745,3.6,31.0,Bacharelado,Interior,Híbrido,Não-binário,Branca,0.048128752481536245
CAND_09746,3.8,54.0,Mestrado,Capitais,Remoto,Masculino,Branca,0.964118835459268
CAND_09747,2.1,75.0,Mestrado,Região Metropolitana,Híbrido,Masculino,Preta,0.6216710105817596
CAND_09748,7.5,43.0,Bacharelado,Região Metropolitana,Remoto,Masculino,Amarela,0.44470693338387635
CAND_09749,1.6,30.0,Mestrado,Região Metropolitana,Presencial,Feminino,Branca,0.41194179804065983
CAND_09750,5.8,64.0,Bacharelado,Interior,Remoto,Masculino,Parda,0.7830360325388277
CAND_09751,3.2,36.0,Mestrado,Região Metropolitana,Presencial,Feminino,Branca,0.4814738196643257
CAND_09752,3.0,68.0,Bacharelado,Capitais,Híbrido,Feminino,Preta,0.23858096221317393
CAND_09753,4.6,50.0,Bacharelado,Capitais,Híbrido,Masculino,Preta,0.42120257796211574
CAND_09754,0.0,53.0,Bacharelado,Capitais,Híbrido,Masculino,Parda,0.7687731296829159
CAND_09755,3.7,46.0,Mestrado,Capitais,Presencial,Masculino,Branca,0.9583667755506506
CAND_09756,6.4,34.0,Bacharelado,Interior,Presencial,Masculino,Branca,0.6063266950381575
CAND_09757,6.1,33.0,Bacharelado,Capitais,Híbrido,Masculino,Parda,0.7635170369884031
CAND_09758,3.3,67.0,Bacharelado,Capitais,Remoto,Masculino,Preta,0.3475819245100893
CAND_09759,2.0,59.0,Ensino Médio,Interior,Presencial,Masculino,Indígena,0.2908086376722193
CAND_09760,6.7,45.0,Ensino Médio,Capitais,Híbrido,Masculino,Amarela,0.5603149268609148
CAND_09761,5.5,29.0,Bacharelado,Região Metropolitana,Híbrido,Feminino,Preta,0.0
CAND_09762,5.9,54.0,Bacharelado,Capitais,Remoto,Masculino,Parda,0.6678666710902935
CAND_09763,4.6,63.0,Bacharelado,Interior,Híbrido,Masculino,Branca,0.5673716261934323
CAND_09764,10.6,66.0,Bacharelado,Região Metropolitana,Remoto,Masculino,Branca,1.0
CAND_09765,6.4,30.0,Mestrado,Região Metropolitana,Remoto,Masculino,Parda,0.6763031257200397
CAND_09766,0.0,40.0,Bacharelado,Capitais,Presencial,Feminino,Branca,0.45126495630904234
CAND_09767,4.7,47.0,Ensino Médio,Região Metropolitana,Híbrido,Masculino,Branca,0.978260930933813
CAND_09768,2.6,28.0,Mestrado,Interior,Remoto,Feminino,Amarela,0.0
CAND_09769,1.8,27.0,Bacharelado,Capitais,Remoto,Masculino,Branca,0.7701049474235199
CAND_09770,2.2,75.0,Bacharelado,Capitais,Presencial,Feminino,Branca,0.5417076814718497
CAND_09771,2.3,56.0,Bacharelado,Capitais,Presencial,Feminino,Amarela,0.02263361751504485
CAND_09772,5.1,26.0,Doutorado,Capitais,Presencial,Masculino,Branca,0.8618230363669162
CAND_09773,5.1,45.0,Bacharelado,Capitais,Híbrido,Masculino,Branca,0.966948709192771
CAND_09774,2.6,53.0,Bacharelado,Interior,Remoto,Masculino,Branca,0.6766257410849117
CAND_09775,3.9,56.0,Bacharelado,Região Metropolitana,Híbrido,Feminino,Branca,0.33614907693202745
CAND_09776,6.5,58.0,Bacharelado,Região Metropolitana,Presencial,Feminino,Branca,0.3766977935212952
CAND_09777,2.8,46.0,Mestrado,Capitais,Presencial,Masculino,Branca,0.9987635101087243
CAND_09778,3.2,50.0,Bacharelado,Capitais,Remoto,Masculino,Preta,0.37827893000337515
CAND_09779,5.5,42.0,Bacharelado,Capitais,Híbrido,Masculino,Branca,0.9831094476852462
CAND_09780,6.2,66.0,Bacharelado,Região Metropolitana,Remoto,Masculino,Parda,0.9015713815648174
CAND_09781,4.6,54.0,Bacharelado,Capitais,Híbrido,Não-binário,Branca,0.6159985518971203
CAND_09782,3.0,48.0,Mestrado,Capitais,Híbrido,Masculino,Branca,1.0
CAND_09783,8.4,32.0,Bacharelado,Capitais,Híbrido,Feminino,Preta,0.2797610377217432
CAND_09784,5.9,42.0,Ensino Médio,Interior,Remoto,Feminino,Branca,0.04849464460115524
CAND_09785,1.1,31.0,Bacharelado,Capitais,Híbrido,Masculino,Branca,0.8811702726824615
CAND_09786,2.0,48.0,Bacharelado,Capitais,Híbrido,Feminino,Amarela,0.0
CAND_09787,3.3,47.0,Bacharelado,Região Metropolitana,Presencial,Masculino,Branca,0.8982010846461812
CAND_09788,0.7,51.0,Bacharelado,Capitais,Presencial,Feminino,Branca,0.40342436226109735
CAND_09789,8.2,61.0,Mestrado,Capitais,Híbrido,Feminino,Branca,0.7153383052941567
CAND_09790,5.8,37.0,Ensino Médio,Interior,Híbrido,Masculino,Branca,0.6488239325486319
CAND_09791,10.5,47.0,Mestrado,Capitais,Presencial,Masculino,Preta,0.6445328339726873
CAND_09792,6.2,38.0,Bacharelado,Capitais,Presencial,Feminino,Amarela,0.22391592689798606
CAND_09793,5.1,58.0,Bacharelado,Capitais,Híbrido,Masculino,Preta,0.2975316677951798
CAND_09794,8.3,42.0,Ensino Médio,Interior,Remoto,Feminino,Branca,0.2986211600107863
CAND_09795,6.2,60.0,Bacharelado,Interior,Presencial,Masculino,Branca,0.65927313678573
CAND_09796,6.0,46.0,Bacharelado,Capitais,Remoto,Masculino,Indígena,0.8100247732663642
CAND_09797,7.6,50.0,Bacharelado,Região Metropolitana,Híbrido,Feminino,Branca,0.2936666973570592
CAND_09798,5.7,78.0,Doutorado,Capitais,Híbrido,Masculino,Amarela,0.7506249512074649
CAND_09799,3.3,44.0,Mestrado,Capitais,Híbrido,Masculino,Branca,0.9893328182055006
CAND_09800,0.0,67.0,Bacharelado,Capitais,Presencial,Masculino,Branca,0.8421486982159265
CAND_09801,3.3,24.0,Mestrado,Capitais,Presencial,Feminino,Branca,0.21617877952004347
CAND_09802,10.0,30.0,Bacharelado,Região Metropolitana,Híbrido,Masculino,Branca,0.785149209808611
CAND_09803,4.3,62.0,Mestrado,Interior,Presencial,Feminino,Branca,0.2711522647126248
CAND_09804,6.1,64.0,Mestrado,Região Metropolitana,Presencial,Não-binário,Branca,0.5766201133574559
CAND_09805,8.9,40.0,Bacharelado,Capitais,Remoto,Masculino,Amarela,0.43613384349858564
CAND_09806,4.9,33.0,Doutorado,Região Metropolitana,Híbrido,Feminino,Branca,0.6477937331423334
CAND_09807,6.2,28.0,Ensino Médio,Capitais,Híbrido,Não-binário,Branca,0.36285980575889754
CAND_09808,4.7,49.0,Bacharelado,Capitais,Presencial,Masculino,Branca,1.0
CAND_09809,3.8,41.0,Bacharelado,Capitais,Presencial,Feminino,Branca,0.3823583422728885
CAND_09810,4.0,49.0,Doutorado,Capitais,Híbrido,Masculino,Branca,0.9054086426743382
CAND_09811,5.6,46.0,Bacharelado,Capitais,Híbrido,Masculino,Branca,0.9686532773353341
CAND_09812,5.0,61.0,Bacharelado,Região Metropolitana,Presencial,Feminino,Branca,0.48404945472639266
CAND_09813,1.5,44.0,Bacharelado,Região Metropolitana,Híbrido,Masculino,Branca,0.8641075917692584
CAND_09814,1.5,26.0,Bacharelado,Capitais,Remoto,Masculino,Branca,0.6952587301964739
CAND_09815,0.3,59.0,Bacharelado,Região Metropolitana,Híbrido,Masculino,Branca,0.7773754672516032
CAND_09816,9.4,41.0,Bacharelado,Capitais,Híbrido,Masculino,Preta,0.6052663935663273
CAND_09817,5.3,41.0,Bacharelado,Região Metropolitana,Presencial,Masculino,Branca,0.9064423527488812
CAND_09818,1.6,36.0,Bacharelado,Capitais,Presencial,Feminino,Branca,0.23321084474647272
CAND_09819,6.5,24.0,Bacharelado,Capitais,Remoto,Feminino,Branca,0.4026527424167228
CAND_09820,3.1,71.0,Bacharelado,Capitais,Remoto,Feminino,Branca,0.7044706521606946
CAND_09821,2.9,47.0,Bacharelado,Interior,Híbrido,Feminino,Branca,0.3314432094242346
CAND_09822,0.0,57.0,Bacharelado,Capitais,Remoto,Masculino,Branca,0.9664649167483084
CAND_09823,3.4,22.0,Mestrado,Capitais,Presencial,Não-binário,Branca,0.5489906260975542
CAND_09824,1.7,54.0,Bacharelado,Região Metropolitana,Remoto,Masculino,Branca,0.9546094937089873
CAND_09825,5.2,30.0,Mestrado,Capitais,Remoto,Masculino,Branca,0.8686362510969873
CAND_09826,6.1,41.0,Bacharelado,Região Metropolitana,Remoto,Feminino,Branca,0.5246441341113356
CAND_09827,4.3,23.0,Mestrado,Capitais,Híbrido,Feminino,Preta,0.04083403277011409
CAND_09828,9.0,40.0,Mestrado,Capitais,Híbrido,Não-binário,Amarela,0.1622113327445471
CAND_09829,5.1,59.0,Bacharelado,Capitais,Presencial,Masculino,Branca,1.0
CAND_09830,7.2,43.0,Bacharelado,Capitais,Híbrido,Não-binário,Branca,0.4763737875553964
CAND_09831,8.3,50.0,Mestrado,Região Metropolitana,Híbrido,Feminino,Branca,0.7074179392092457
CAND_09832,6.2,38.0,Bacharelado,Capitais,Híbrido,Feminino,Branca,0.5053025604790278
CAND_09833,3.2,41.0,Bacharelado,Região Metropolitana,Presencial,Masculino,Branca,0.7998909133359601
CAND_09834,6.5,44.0,Bacharelado,Capitais,Presencial,Feminino,Branca,0.6693681923784429
CAND_09835,4.1,80.0,Doutorado,Capitais,Presencial,Feminino,Parda,0.5916105607135775
CAND_09836,7.9,35.0,Bacharelado,Capitais,Híbrido,Masculino,Parda,0.856576509197417
CAND_09837,3.7,16.0,Bacharelado,Capitais,Remoto,Feminino,Amarela,0.0
CAND_09838,7.6,30.0,Bacharelado,Capitais,Presencial,Masculino,Branca,1.0
CAND_09839,8.7,40.0,Bacharelado,Capitais,Remoto,Feminino,Preta,0.16121540932475492
CAND_09840,2.1,47.0,Ensino Médio,Região Metropolitana,Híbrido,Masculino,Branca,0.6399057176426329
CAND_09841,5.1,59.0,Bacharelado,Capitais,Híbrido,Feminino,Branca,0.750883870615445
CAND_09842,10.1,37.0,Bacharelado,Região Metropolitana,Presencial,Masculino,Amarela,0.5778467017198166
CAND_09843,7.3,47.0,Bacharelado,Região Metropolitana,Híbrido,Feminino,Amarela,0.10639531142761904
CAND_09844,3.2,66.0,Mestrado,Capitais,Presencial,Masculino,Preta,0.539906908003661
CAND_09845,6.5,58.0,Mestrado,Região Metropolitana,Remoto,Masculino,Branca,0.8824414624825292
CAND_09846,0.2,71.0,Bacharelado,Capitais,Híbrido,Feminino,Branca,0.6271056084082781
CAND_09847,3.7,57.0,Doutorado,Região Metropolitana,Presencial,Feminino,Branca,0.6287837383963515
CAND_09848,5.9,84.0,Mestrado,Capitais,Híbrido,Masculino,Preta,0.6032638602398753
CAND_09849,5.6,40.0,Bacharelado,Capitais,Presencial,Masculino,Indígena,0.6656020995470334
CAND_09850,4.1,72.0,Mestrado,Região Metropolitana,Híbrido,Feminino,Branca,0.612563698940328
CAND_09851,5.2,49.0,Bacharelado,Região Metropolitana,Híbrido,Masculino,Branca,0.9004598911177653
CAND_09852,9.9,37.0,Mestrado,Interior,Remoto,Masculino,Branca,0.7867333066215619
CAND_09853,6.7,52.0,Bacharelado,Interior,Remoto,Masculino,Branca,0.7353204914666693
CAND_09854,3.1,58.0,Doutorado,Região Metropolitana,Remoto,Masculino,Branca,0.7836493944320444
CAND_09855,2.5,57.0,Mestrado,Região Metropolitana,Presencial,Masculino,Branca,1.0
CAND_09856,1.2,67.0,Mestrado,Região Metropolitana,Remoto,Masculino,Branca,0.7316156593258543
CAND_09857,8.9,36.0,Bacharelado,Capitais,Presencial,Masculino,Parda,0.7973905257578582
CAND_09858,9.7,49.0,Mestrado,Interior,Híbrido,Masculino,Branca,0.8149513926627787
CAND_09859,4.7,51.0,Bacharelado,Interior,Presencial,Masculino,Branca,0.6628104033360687
CAND_09860,1.3,47.0,Bacharelado,Capitais,Híbrido,Não-binário,Branca,0.35485569803509515
CAND_09861,5.4,38.0,Bacharelado,Capitais,Híbrido,Feminino,Preta,0.0830113007858727
CAND_09862,5.2,40.0,Bacharelado,Região Metropolitana,Presencial,Feminino,Branca,0.24737352009012528
CAND_09863,5.8,68.0,Bacharelado,Capitais,Presencial,Masculino,Amarela,0.7188294913441803
CAND_09864,1.2,59.0,Bacharelado,Capitais,Remoto,Feminino,Branca,0.4272833893178185
CAND_09865,5.6,47.0,Bacharelado,Capitais,Presencial,Não-binário,Branca,0.5139184973080148
CAND_09866,5.9,45.0,Bacharelado,Região Metropolitana,Presencial,Feminino,Amarela,0.04919162744828658
CAND_09867,5.0,47.0,Mestrado,Capitais,Híbrido,Masculino,Preta,0.35180743018118316
CAND_09868,2.3,53.0,Mestrado,Região Metropolitana,Presencial,Masculino,Branca,0.8379036892872866
CAND_09869,3.3,49.0,Bacharelado,Capitais,Presencial,Masculino,Branca,0.7315742932669498
CAND_09870,3.9,58.0,Bacharelado,Capitais,Remoto,Masculino,Preta,0.40779782728729586
CAND_09871,8.5,30.0,Mestrado,Capitais,Híbrido,Masculino,Branca,1.0
CAND_09872,2.9,66.0,Mestrado,Região Metropolitana,Presencial,Masculino,Amarela,0.4491299054112525
CAND_09873,3.1,37.0,Bacharelado,Capitais,Remoto,Masculino,Preta,0.34299073753394926
CAND_09874,5.2,48.0,Mestrado,Região Metropolitana,Presencial,Feminino,Branca,0.48553684468372305
CAND_09875,4.4,86.0,Bacharelado,Capitais,Híbrido,Feminino,Amarela,0.30047855193827677
CAND_09876,0.0,64.0,Ensino Médio,Região Metropolitana,Híbrido,Masculino,Preta,0.37780804811099605
CAND_09877,3.7,46.0,Mestrado,Capitais,Híbrido,Masculino,Branca,1.0
CAND_09878,3.8,36.0,Bacharelado,Interior,Híbrido,Feminino,Branca,0.25918043402429897
CAND_09879,5.4,58.0,Mestrado,Região Metropolitana,Remoto,Masculino,Branca,1.0
CAND_09880,2.6,29.0,Bacharelado,Capitais,Presencial,Masculino,Amarela,0.4675675163648082
CAND_09881,5.8,31.0,Bacharelado,Interior,Remoto,Masculino,Branca,0.6860901588995478
CAND_09882,7.3,44.0,Bacharelado,Região Metropolitana,Híbrido,Feminino,Branca,0.5153880642697146
CAND_09883,4.5,43.0,Bacharelado,Capitais,Híbrido,Feminino,Amarela,0.13292377104592457
CAND_09884,6.5,100.0,Bacharelado,Capitais,Presencial,Masculino,Branca,1.0
CAND_09885,5.5,73.0,Bacharelado,Capitais,Híbrido,Feminino,Preta,0.20345840375007543
CAND_09886,0.9,61.0,Bacharelado,Interior,Remoto,Masculino,Preta,0.025628237753510308
CAND_09887,1.2,48.0,Mestrado,Capitais,Remoto,Feminino,Parda,0.4102148569988973
CAND_09888,8.5,45.0,Bacharelado,Capitais,Híbrido,Masculino,Branca,1.0
CAND_09889,4.0,28.0,Bacharelado,Capitais,Presencial,Feminino,Branca,0.4979760671524556
CAND_09890,8.1,50.0,Bacharelado,Região Metropolitana,Remoto,Masculino,Branca,0.9137641940664923
CAND_09891,7.5,31.0,Mestrado,Interior,Presencial,Masculino,Branca,0.6066875168614195
CAND_09892,11.5,75.0,Bacharelado,Região Metropolitana,Remoto,Feminino,Parda,0.5397272906258741
CAND_09893,1.8,47.0,Bacharelado,Capitais,Híbrido,Feminino,Branca,0.36358784538180544
CAND_09894,7.8,64.0,Mestrado,Região Metropolitana,Híbrido,Feminino,Branca,0.5254125640196855
CAND_09895,1.1,37.0,Mestrado,Capitais,Remoto,Masculino,Branca,0.7692871553932673
CAND_09896,8.5,51.0,Bacharelado,Região Metropolitana,Híbrido,Feminino,Parda,0.503225914920786
CAND_09897,5.5,52.0,Bacharelado,Capitais,Presencial,Masculino,Branca,0.9322864399095621
CAND_09898,12.7,55.0,Mestrado,Interior,Presencial,Não-binário,Branca,0.24783236279916093
CAND_09899,3.1,70.0,Bacharelado,Região Metropolitana,Remoto,Feminino,Indígena,0.12940932608319256
CAND_09900,6.2,46.0,Bacharelado,Região Metropolitana,Híbrido,Masculino,Amarela,0.3917525462192305
CAND_09901,9.4,60.0,Bacharelado,Região Metropolitana,Presencial,Masculino,Branca,0.9166022559220559
CAND_09902,6.3,49.0,Bacharelado,Capitais,Remoto,Feminino,Branca,0.6750932478741534
CAND_09903,7.1,53.0,Bacharelado,Região Metropolitana,Presencial,Feminino,Preta,0.0
CAND_09904,2.2,50.0,Mestrado,Região Metropolitana,Híbrido,Feminino,Preta,0.0
CAND_09905,1.3,47.0,Mestrado,Capitais,Híbrido,Masculino,Branca,0.8779036500801436
CAND_09906,2.4,29.0,Bacharelado,Região Metropolitana,Presencial,Masculino,Branca,0.8653482914538506
CAND_09907,5.5,17.0,Doutorado,Interior,Presencial,Feminino,Preta,0.0
CAND_09908,8.6,35.0,Bacharelado,Região Metropolitana,Presencial,Feminino,Branca,0.46559076561201435
CAND_09909,3.6,48.0,Bacharelado,Região Metropolitana,Remoto,Feminino,Branca,0.26665678430768625
CAND_09910,2.0,29.0,Ensino Médio,Capitais,Híbrido,Masculino,Branca,0.7405453271855785
CAND_09911,5.4,44.0,Mestrado,Capitais,Remoto,Masculino,Branca,0.808805074721507
CAND_09912,4.5,46.0,Mestrado,Capitais,Híbrido,Masculino,Preta,0.37220701261381395
CAND_09913,8.6,59.0,Bacharelado,Capitais,Remoto,Feminino,Preta,0.2121540388362641
CAND_09914,5.1,37.0,Bacharelado,Interior,Remoto,Masculino,Branca,0.49125329563790365
CAND_09915,5.6,55.0,Bacharelado,Capitais,Híbrido,Masculino,Branca,0.9520730305104101
CAND_09916,9.3,41.0,Doutorado,Região Metropolitana,Híbrido,Masculino,Branca,1.0
CAND_09917,2.9,65.0,Mestrado,Capitais,Remoto,Feminino,Branca,0.5305884068050821
CAND_09918,6.1,34.0,Bacharelado,Capitais,Híbrido,Masculino,Branca,0.9273798679714386
CAND_09919,3.6,39.0,Bacharelado,Capitais,Remoto,Masculino,Branca,1.0
CAND_09920,2.0,59.0,Mestrado,Região Metropolitana,Remoto,Masculino,Branca,0.8280938873934043
CAND_09921,2.4,50.0,Bacharelado,Capitais,Presencial,Masculino,Preta,0.21988350352152264
CAND_09922,0.0,63.0,Mestrado,Capitais,Remoto,Masculino,Branca,0.9490230395038305
CAND_09923,5.0,39.0,Bacharelado,Interior,Remoto,Masculino,Amarela,0.0
CAND_09924,6.7,27.0,Mestrado,Região Metropolitana,Presencial,Masculino,Branca,0.7403686128089975
CAND_09925,2.9,26.0,Mestrado,Região Metropolitana,Remoto,Masculino,Branca,0.7368356512344368
CAND_09926,2.4,42.0,Bacharelado,Região Metropolitana,Remoto,Feminino,Branca,0.35725895216725045
CAND_09927,7.3,86.0,Bacharelado,Região Metropolitana,Híbrido,Masculino,Branca,1.0
CAND_09928,5.3,37.0,Mestrado,Interior,Híbrido,Não-binário,Branca,0.07202555194734989
CAND_09929,4.6,44.0,Mestrado,Capitais,Híbrido,Masculino,Branca,0.9849830695168938
CAND_09930,2.2,38.0,Bacharelado,Região Metropolitana,Híbrido,Masculino,Branca,0.6643772771044812
CAND_09931,2.7,43.0,Mestrado,Capitais,Remoto,Masculino,Branca,0.9945885975725697
CAND_09932,4.2,60.0,Bacharelado,Região Metropolitana,Remoto,Não-binário,Branca,0.3374411007535708
CAND_09933,2.1,61.0,Bacharelado,Interior,Presencial,Feminino,Preta,0.0
CAND_09934,4.6,96.0,Mestrado,Região Metropolitana,Híbrido,Feminino,Branca,0.7065129906251872
CAND_09935,3.9,85.0,Bacharelado,Região Metropolitana,Híbrido,Masculino,Branca,1.0
CAND_09936,3.7,48.0,Bacharelado,Região Metropolitana,Híbrido,Feminino,Branca,0.5162931095610291
CAND_09937,4.1,22.0,Bacharelado,Região Metropolitana,Remoto,Feminino,Amarela,0.0
CAND_09938,3.2,44.0,Bacharelado,Região Metropolitana,Presencial,Feminino,Parda,0.281968437727419
CAND_09939,2.2,56.0,Mestrado,Capitais,Híbrido,Masculino,Preta,0.6313340475804184
CAND_09940,2.1,68.0,Ensino Médio,Região Metropolitana,Híbrido,Masculino,Branca,0.7681814775861096
CAND_09941,4.5,57.0,Mestrado,Região Metropolitana,Remoto,Masculino,Indígena,0.6566003765074153
CAND_09942,6.1,52.0,Bacharelado,Capitais,Presencial,Masculino,Branca,0.7950937647409465
CAND_09943,3.2,32.0,Bacharelado,Capitais,Remoto,Masculino,Parda,0.7915787544586117
CAND_09944,5.5,66.0,Bacharelado,Capitais,Presencial,Feminino,Branca,0.5566621591262169
CAND_09945,6.4,56.0,Mestrado,Capitais,Presencial,Masculino,Branca,1.0
CAND_09946,3.1,54.0,Ensino Médio,Capitais,Híbrido,Masculino,Indígena,0.6011786819977855
CAND_09947,8.0,58.0,Bacharelado,Interior,Presencial,Feminino,Parda,0.3367858830302387
CAND_09948,4.8,78.0,Mestrado,Capitais,Híbrido,Feminino,Amarela,0.2938085352792404
CAND_09949,5.0,48.0,Ensino Médio,Região Metropolitana,Remoto,Masculino,Parda,0.7066784075195717
CAND_09950,4.4,28.0,Doutorado,Região Metropolitana,Remoto,Feminino,Preta,0.0
CAND_09951,5.7,51.0,Bacharelado,Capitais,Presencial,Masculino,Indígena,0.6161811220862091
CAND_09952,7.7,65.0,Mestrado,Região Metropolitana,Híbrido,Feminino,Amarela,0.17731479167119407
CAND_09953,6.9,36.0,Bacharelado,Capitais,Híbrido,Masculino,Parda,0.8237363395743948
CAND_09954,2.7,31.0,Mestrado,Capitais,Presencial,Masculino,Indígena,0.5299192105048554
CAND_09955,3.6,64.0,Mestrado,Região Metropolitana,Presencial,Masculino,Branca,1.0
CAND_09956,0.0,43.0,Mestrado,Região Metropolitana,Presencial,Feminino,Branca,0.3353067178317251
CAND_09957,8.7,76.0,Mestrado,Capitais,Híbrido,Masculino,Branca,1.0
CAND_09958,6.8,58.0,Bacharelado,Capitais,Presencial,Feminino,Branca,0.6783800374336288
CAND_09959,0.0,49.0,Mestrado,Interior,Remoto,Masculino,Branca,0.5139679701269196
CAND_09960,3.5,44.0,Ensino Médio,Capitais,Presencial,Masculino,Branca,0.7197010375397058
CAND_09961,0.8,41.0,Bacharelado,Capitais,Híbrido,Masculino,Branca,0.7083658006814553
CAND_09962,1.9,52.0,Bacharelado,Capitais,Presencial,Feminino,Branca,0.46648661257531476
CAND_09963,0.8,73.0,Bacharelado,Região Metropolitana,Remoto,Feminino,Preta,0.0
CAND_09964,4.7,56.0,Bacharelado,Região Metropolitana,Presencial,Feminino,Branca,0.5419040858218388
CAND_09965,1.6,39.0,Bacharelado,Região Metropolitana,Remoto,Feminino,Branca,0.31124837517771053
CAND_09966,7.8,43.0,Mestrado,Capitais,Híbrido,Feminino,Indígena,0.3451501931526195
CAND_09967,4.3,27.0,Ensino Médio,Capitais,Híbrido,Masculino,Branca,0.7023025496468897
CAND_09968,7.3,68.0,Ensino Médio,Capitais,Remoto,Feminino,Branca,0.5857374437660231
CAND_09969,8.4,51.0,Bacharelado,Capitais,Remoto,Feminino,Branca,0.652496873310331
CAND_09970,4.4,58.0,Bacharelado,Capitais,Remoto,Feminino,Preta,0.1086011966563091
CAND_09971,2.5,21.0,Bacharelado,Região Metropolitana,Presencial,Não-binário,Indígena,0.0
CAND_09972,4.1,39.0,Bacharelado,Região Metropolitana,Híbrido,Masculino,Branca,0.8028539304025929
CAND_09973,2.7,54.0,Mestrado,Capitais,Presencial,Masculino,Branca,1.0
CAND_09974,6.5,74.0,Bacharelado,Região Metropolitana,Híbrido,Masculino,Amarela,0.49148850281459283
CAND_09975,0.0,60.0,Bacharelado,Região Metropolitana,Híbrido,Masculino,Parda,0.7859228482678715
CAND_09976,4.3,46.0,Mestrado,Capitais,Presencial,Masculino,Branca,0.951414079271516
CAND_09977,4.5,69.0,Bacharelado,Capitais,Remoto,Masculino,Branca,1.0
CAND_09978,2.9,34.0,Bacharelado,Capitais,Híbrido,Masculino,Branca,0.6454831462312731
CAND_09979,7.2,57.0,Mestrado,Capitais,Presencial,Feminino,Branca,0.6269493793752897
CAND_09980,11.7,49.0,Bacharelado,Região Metropolitana,Híbrido,Feminino,Branca,0.331923791251253
CAND_09981,7.5,56.0,Bacharelado,Capitais,Presencial,Masculino,Preta,0.47963210248275695
CAND_09982,0.0,40.0,Mestrado,Região Metropolitana,Remoto,Masculino,Preta,0.2768845939371686
CAND_09983,5.9,49.0,Ensino Médio,Capitais,Presencial,Masculino,Branca,0.9677838601724593
CAND_09984,4.9,43.0,Bacharelado,Capitais,Presencial,Masculino,Branca,0.910772246461623
CAND_09985,4.0,53.0,Bacharelado,Capitais,Presencial,Masculino,Preta,0.6360805131984195
CAND_09986,2.6,53.0,Bacharelado,Região Metropolitana,Remoto,Masculino,Branca,0.6937458015029778
CAND_09987,9.6,64.0,Bacharelado,Região Metropolitana,Presencial,Não-binário,Branca,0.7723802147714993
CAND_09988,12.5,35.0,Ensino Médio,Região Metropolitana,Híbrido,Feminino,Branca,0.444475144173208
CAND_09989,2.2,61.0,Bacharelado,Capitais,Híbrido,Não-binário,Preta,0.0
CAND_09990,4.6,56.0,Bacharelado,Capitais,Presencial,Feminino,Amarela,0.18266284714353254
CAND_09991,5.6,22.0,Bacharelado,Capitais,Presencial,Feminino,Amarela,0.22207176757533276
CAND_09992,4.1,40.0,Mestrado,Capitais,Remoto,Masculino,Branca,0.7976837250017063
CAND_09993,3.1,59.0,Bacharelado,Região Metropolitana,Presencial,Feminino,Branca,0.27260284005247637
CAND_09994,8.3,49.0,Mestrado,Capitais,Remoto,Masculino,Preta,0.712221180594881
CAND_09995,6.6,29.0,Doutorado,Região Metropolitana,Híbrido,Feminino,Branca,0.47147208567913507
CAND_09996,5.5,56.0,Bacharelado,Região Metropolitana,Presencial,Masculino,Branca,0.7997069608157087
CAND_09997,2.8,50.0,Bacharelado,Capitais,Híbrido,Masculino,Amarela,0.3816541634430834
CAND_09998,6.9,38.0,Ensino Médio,Interior,Presencial,Masculino,Branca,0.4025514550444222
CAND_09999,6.6,66.0,Doutorado,Interior,Híbrido,Feminino,Indígena,0.10331768347212072
